nbreheures1904	date utc	heure utc	date locale	heure locale	tsl	t	err t	td	err td	hr	err hr	vv	err vv	vd	err vd	psta	err psta	rf1e	err rf1e
h utc	date utc	heure loc	date loc	heure	HAE/HNE	C	Err	C	Err	0-100	Err	km/h	Err	0-360	Err	hPa	Err	kJ/m2/h	Err
1060710	01/01/2025	06	01/01/2025	01	HNE	-1,1	0	-1,2	0	99,0	0	8,0	0	160,0	0	962,0	0	0,0	ERA5
1060711	01/01/2025	07	01/01/2025	02	HNE	-1,1	0	-1,4	0	98,0	0	0,0	0	0,0	0	962,0	0	0,0	ERA5
1060712	01/01/2025	08	01/01/2025	03	HNE	-1,2	0	-1,5	0	98,0	0	0,0	0	0,0	0	962,0	0	0,0	ERA5
1060713	01/01/2025	09	01/01/2025	04	HNE	-1,1	0	-1,2	0	99,0	0	4,0	0	70,0	0	962,0	0	0,0	ERA5
1060714	01/01/2025	10	01/01/2025	05	HNE	-1,0	0	-1,0	0	100,0	0	5,0	0	70,0	0	962,0	0	0,0	ERA5
1060715	01/01/2025	11	01/01/2025	06	HNE	-0,9	0	-0,9	0	100,0	0	8,0	0	70,0	0	962,0	0	0,0	ERA5
1060716	01/01/2025	12	01/01/2025	07	HNE	-0,8	0	-0,8	0	100,0	0	8,0	0	70,0	0	962,0	0	0,0	ERA5
1060717	01/01/2025	13	01/01/2025	08	HNE	-0,8	0	-0,8	0	100,0	0	11,0	0	50,0	0	961,0	0	0,0	ERA5
1060718	01/01/2025	14	01/01/2025	09	HNE	-0,7	0	-0,7	0	100,0	0	11,0	0	50,0	0	960,0	0	74,2	ERA5
1060719	01/01/2025	15	01/01/2025	10	HNE	-0,6	0	-0,7	0	99,0	0	8,0	0	70,0	0	960,0	0	274,5	ERA5
1060720	01/01/2025	16	01/01/2025	11	HNE	-0,6	0	-0,9	0	98,0	0	13,0	0	80,0	0	960,0	0	408,5	ERA5
1060721	01/01/2025	17	01/01/2025	12	HNE	-0,4	0	-0,7	0	98,0	0	9,0	0	60,0	0	959,0	0	425,9	ERA5
1060722	01/01/2025	18	01/01/2025	13	HNE	-0,5	0	-0,9	0	97,0	0	9,0	0	50,0	0	958,0	0	384,1	ERA5
1060723	01/01/2025	19	01/01/2025	14	HNE	-0,4	0	-0,7	0	98,0	0	13,0	0	40,0	0	957,0	0	271,9	ERA5
1060724	01/01/2025	20	01/01/2025	15	HNE	-0,3	0	-0,6	0	98,0	0	13,0	0	30,0	0	957,0	0	166,5	ERA5
1060725	01/01/2025	21	01/01/2025	16	HNE	-0,3	0	-0,6	0	98,0	0	13,0	0	10,0	0	956,0	0	53,2	ERA5
1060726	01/01/2025	22	01/01/2025	17	HNE	-0,3	0	-0,6	0	98,0	0	13,0	0	20,0	0	955,0	0	0,0	ERA5
1060727	01/01/2025	23	01/01/2025	18	HNE	-0,3	0	-0,6	0	98,0	0	17,0	0	40,0	0	955,0	0	0,0	ERA5
1060728	02/01/2025	00	01/01/2025	19	HNE	-0,4	0	-0,8	0	97,0	0	13,0	0	30,0	0	954,0	0	0,0	ERA5
1060729	02/01/2025	01	01/01/2025	20	HNE	-0,5	0	-0,8	0	98,0	0	13,0	0	30,0	0	954,0	0	0,0	ERA5
1060730	02/01/2025	02	01/01/2025	21	HNE	-0,6	0	-0,9	0	98,0	0	11,0	0	10,0	0	953,0	0	0,0	ERA5
1060731	02/01/2025	03	01/01/2025	22	HNE	-0,6	0	-0,9	0	98,0	0	11,0	0	360,0	0	952,0	0	0,0	ERA5
1060732	02/01/2025	04	01/01/2025	23	HNE	-0,8	0	-1,1	0	98,0	0	13,0	0	360,0	0	952,0	0	0,0	ERA5
1060733	02/01/2025	05	02/01/2025	00	HNE	-0,9	0	-1,2	0	98,0	0	13,0	0	350,0	0	951,0	0	0,0	ERA5
1060734	02/01/2025	06	02/01/2025	01	HNE	-1,0	0	-1,3	0	98,0	0	11,0	0	350,0	0	951,0	0	0,0	ERA5
1060735	02/01/2025	07	02/01/2025	02	HNE	-1,1	0	-1,4	0	98,0	0	15,0	0	350,0	0	950,0	0	0,0	ERA5
1060736	02/01/2025	08	02/01/2025	03	HNE	-1,2	0	-1,5	0	98,0	0	13,0	0	350,0	0	950,0	0	0,0	ERA5
1060737	02/01/2025	09	02/01/2025	04	HNE	-1,2	0	-1,6	0	97,0	0	13,0	0	340,0	0	950,0	0	0,0	ERA5
1060738	02/01/2025	10	02/01/2025	05	HNE	-1,2	0	-1,5	0	98,0	0	11,0	0	320,0	0	949,0	0	0,0	ERA5
1060739	02/01/2025	11	02/01/2025	06	HNE	-3,2	0	-3,8	0	96,0	0	21,0	0	300,0	0	949,0	0	0,0	ERA5
1060740	02/01/2025	12	02/01/2025	07	HNE	-4,5	0	-5,3	0	94,0	0	21,0	0	310,0	0	949,0	0	0,0	ERA5
1060741	02/01/2025	13	02/01/2025	08	HNE	-5,3	0	-6,3	0	93,0	0	24,0	0	300,0	0	949,0	0	0,0	ERA5
1060742	02/01/2025	14	02/01/2025	09	HNE	-5,9	0	-7,0	0	92,0	0	24,0	0	300,0	0	949,0	0	34,5	ERA5
1060743	02/01/2025	15	02/01/2025	10	HNE	-6,1	0	-7,5	0	90,0	0	22,0	0	300,0	0	949,0	0	112,4	ERA5
1060744	02/01/2025	16	02/01/2025	11	HNE	-6,2	0	-7,4	0	91,0	0	24,0	0	300,0	0	949,0	0	228,7	ERA5
1060745	02/01/2025	17	02/01/2025	12	HNE	-6,2	0	-7,6	0	90,0	0	22,0	0	300,0	0	949,0	0	294,2	ERA5
1060746	02/01/2025	18	02/01/2025	13	HNE	-6,4	0	-7,8	0	90,0	0	28,0	0	290,0	0	948,0	0	255,3	ERA5
1060747	02/01/2025	19	02/01/2025	14	HNE	-6,5	0	-7,7	0	91,0	0	32,0	0	290,0	0	948,0	0	277,4	ERA5
1060748	02/01/2025	20	02/01/2025	15	HNE	-6,4	0	-7,6	0	91,0	0	30,0	0	290,0	0	948,0	0	152,5	ERA5
1060749	02/01/2025	21	02/01/2025	16	HNE	-6,5	0	-7,7	0	91,0	0	21,0	0	290,0	0	949,0	0	46,2	ERA5
1060750	02/01/2025	22	02/01/2025	17	HNE	-6,7	0	-7,9	0	91,0	0	22,0	0	300,0	0	950,0	0	0,1	ERA5
1060751	02/01/2025	23	02/01/2025	18	HNE	-6,9	0	-8,1	0	91,0	0	26,0	0	300,0	0	950,0	0	0,0	ERA5
1060752	03/01/2025	00	02/01/2025	19	HNE	-7,4	0	-8,8	0	90,0	0	24,0	0	300,0	0	950,0	0	0,0	ERA5
1060753	03/01/2025	01	02/01/2025	20	HNE	-8,0	0	-9,5	0	89,0	0	28,0	0	280,0	0	950,0	0	0,0	ERA5
1060754	03/01/2025	02	02/01/2025	21	HNE	-9,8	0	-11,4	0	88,0	0	32,0	0	280,0	0	950,0	0	0,0	ERA5
1060755	03/01/2025	03	02/01/2025	22	HNE	-10,9	0	-12,8	0	86,0	0	24,0	0	280,0	0	950,0	0	0,0	ERA5
1060756	03/01/2025	04	02/01/2025	23	HNE	-11,6	0	-13,6	0	85,0	0	32,0	0	280,0	0	950,0	0	0,0	ERA5
1060757	03/01/2025	05	03/01/2025	00	HNE	-12,6	0	-14,6	0	85,0	0	26,0	0	280,0	0	950,0	0	0,0	ERA5
1060758	03/01/2025	06	03/01/2025	01	HNE	-13,6	0	-15,6	0	85,0	0	28,0	0	270,0	0	950,0	0	0,0	ERA5
1060759	03/01/2025	07	03/01/2025	02	HNE	-13,9	0	-15,9	0	85,0	0	30,0	0	280,0	0	950,0	0	0,0	ERA5
1060760	03/01/2025	08	03/01/2025	03	HNE	-14,4	0	-16,5	0	84,0	0	24,0	0	270,0	0	951,0	0	0,0	ERA5
1060761	03/01/2025	09	03/01/2025	04	HNE	-14,8	0	-16,8	0	85,0	0	24,0	0	270,0	0	951,0	0	0,0	ERA5
1060762	03/01/2025	10	03/01/2025	05	HNE	-15,2	0	-17,3	0	84,0	0	26,0	0	280,0	0	950,0	0	0,0	ERA5
1060763	03/01/2025	11	03/01/2025	06	HNE	-15,6	0	-17,9	0	83,0	0	18,0	0	270,0	0	950,0	0	0,0	ERA5
1060764	03/01/2025	12	03/01/2025	07	HNE	-15,9	0	-18,2	0	83,0	0	28,0	0	260,0	0	950,0	0	0,0	ERA5
1060765	03/01/2025	13	03/01/2025	08	HNE	-15,9	0	-18,3	0	82,0	0	18,0	0	270,0	0	950,0	0	0,0	ERA5
1060766	03/01/2025	14	03/01/2025	09	HNE	-15,8	0	-18,5	0	80,0	0	21,0	0	260,0	0	950,0	0	67,7	ERA5
1060767	03/01/2025	15	03/01/2025	10	HNE	-15,4	0	-18,3	0	79,0	0	28,0	0	270,0	0	950,0	0	251,1	ERA5
1060768	03/01/2025	16	03/01/2025	11	HNE	-15,1	0	-18,0	0	79,0	0	24,0	0	270,0	0	950,0	0	443,4	ERA5
1060769	03/01/2025	17	03/01/2025	12	HNE	-15,0	0	-18,0	0	78,0	0	22,0	0	270,0	0	949,0	0	547,1	ERA5
1060770	03/01/2025	18	03/01/2025	13	HNE	-14,9	0	-17,8	0	79,0	0	30,0	0	260,0	0	949,0	0	526,6	ERA5
1060771	03/01/2025	19	03/01/2025	14	HNE	-15,1	0	-17,8	0	80,0	0	26,0	0	260,0	0	949,0	0	394,3	ERA5
1060772	03/01/2025	20	03/01/2025	15	HNE	-15,7	0	-18,6	0	79,0	0	26,0	0	270,0	0	950,0	0	261,9	ERA5
1060773	03/01/2025	21	03/01/2025	16	HNE	-16,3	0	-18,8	0	81,0	0	21,0	0	260,0	0	951,0	0	97,4	ERA5
1060774	03/01/2025	22	03/01/2025	17	HNE	-16,9	0	-19,6	0	80,0	0	24,0	0	280,0	0	951,0	0	0,3	ERA5
1060775	03/01/2025	23	03/01/2025	18	HNE	-17,4	0	-20,1	0	80,0	0	18,0	0	260,0	0	951,0	0	0,0	ERA5
1060776	04/01/2025	00	03/01/2025	19	HNE	-17,6	0	-20,4	0	79,0	0	22,0	0	270,0	0	951,0	0	0,0	ERA5
1060777	04/01/2025	01	03/01/2025	20	HNE	-18,0	0	-21,1	0	77,0	0	24,0	0	260,0	0	951,0	0	0,0	ERA5
1060778	04/01/2025	02	03/01/2025	21	HNE	-18,2	0	-21,0	0	79,0	0	21,0	0	260,0	0	951,0	0	0,0	ERA5
1060779	04/01/2025	03	03/01/2025	22	HNE	-18,3	0	-21,1	0	79,0	0	22,0	0	250,0	0	951,0	0	0,0	ERA5
1060780	04/01/2025	04	03/01/2025	23	HNE	-18,5	0	-21,2	0	80,0	0	21,0	0	260,0	0	951,0	0	0,0	ERA5
1060781	04/01/2025	05	04/01/2025	00	HNE	-18,7	0	-21,5	0	79,0	0	18,0	0	260,0	0	951,0	0	0,0	ERA5
1060782	04/01/2025	06	04/01/2025	01	HNE	-19,1	0	-22,3	0	76,0	0	24,0	0	260,0	0	951,0	0	0,0	ERA5
1060783	04/01/2025	07	04/01/2025	02	HNE	-19,1	0	-21,9	0	79,0	0	18,0	0	250,0	0	951,0	0	0,0	ERA5
1060784	04/01/2025	08	04/01/2025	03	HNE	-19,4	0	-22,3	0	78,0	0	21,0	0	250,0	0	952,0	0	0,0	ERA5
1060785	04/01/2025	09	04/01/2025	04	HNE	-19,6	0	-22,4	0	79,0	0	17,0	0	260,0	0	952,0	0	0,0	ERA5
1060786	04/01/2025	10	04/01/2025	05	HNE	-19,9	0	-22,7	0	79,0	0	13,0	0	260,0	0	952,0	0	0,0	ERA5
1060787	04/01/2025	11	04/01/2025	06	HNE	-20,0	0	-22,9	0	78,0	0	15,0	0	270,0	0	953,0	0	0,0	ERA5
1060788	04/01/2025	12	04/01/2025	07	HNE	-19,9	0	-23,1	0	76,0	0	15,0	0	270,0	0	953,0	0	0,0	ERA5
1060789	04/01/2025	13	04/01/2025	08	HNE	-20,1	0	-23,2	0	77,0	0	22,0	0	260,0	0	953,0	0	0,0	ERA5
1060790	04/01/2025	14	04/01/2025	09	HNE	-20,3	0	-23,4	0	77,0	0	17,0	0	270,0	0	953,0	0	100,9	ERA5
1060791	04/01/2025	15	04/01/2025	10	HNE	-20,1	0	-23,3	0	76,0	0	17,0	0	270,0	0	954,0	0	368,8	ERA5
1060792	04/01/2025	16	04/01/2025	11	HNE	-19,9	0	-23,3	0	75,0	0	13,0	0	270,0	0	954,0	0	646,9	ERA5
1060793	04/01/2025	17	04/01/2025	12	HNE	-19,9	0	-23,3	0	75,0	0	15,0	0	270,0	0	954,0	0	796,7	ERA5
1060794	04/01/2025	18	04/01/2025	13	HNE	-19,7	0	-23,2	0	74,0	0	18,0	0	260,0	0	954,0	0	745,9	ERA5
1060795	04/01/2025	19	04/01/2025	14	HNE	-19,7	0	-23,1	0	75,0	0	15,0	0	270,0	0	954,0	0	630,0	ERA5
1060796	04/01/2025	20	04/01/2025	15	HNE	-19,8	0	-23,2	0	75,0	0	15,0	0	260,0	0	955,0	0	385,7	ERA5
1060797	04/01/2025	21	04/01/2025	16	HNE	-20,2	0	-23,1	0	78,0	0	9,0	0	260,0	0	956,0	0	132,6	ERA5
1060798	04/01/2025	22	04/01/2025	17	HNE	-20,2	0	-23,1	0	78,0	0	11,0	0	270,0	0	956,0	0	0,7	ERA5
1060799	04/01/2025	23	04/01/2025	18	HNE	-20,8	0	-23,8	0	77,0	0	11,0	0	260,0	0	957,0	0	0,0	ERA5
1060800	05/01/2025	00	04/01/2025	19	HNE	-21,2	0	-23,9	0	79,0	0	8,0	0	240,0	0	957,0	0	0,0	ERA5
1060801	05/01/2025	01	04/01/2025	20	HNE	-21,1	0	-23,7	0	80,0	0	8,0	0	260,0	0	957,0	0	0,0	ERA5
1060802	05/01/2025	02	04/01/2025	21	HNE	-21,5	0	-23,8	0	82,0	0	5,0	0	250,0	0	958,0	0	0,0	ERA5
1060803	05/01/2025	03	04/01/2025	22	HNE	-22,1	0	-24,5	0	81,0	0	8,0	0	250,0	0	958,0	0	0,0	ERA5
1060804	05/01/2025	04	04/01/2025	23	HNE	-22,7	0	-25,1	0	81,0	0	8,0	0	250,0	0	958,0	0	0,0	ERA5
1060805	05/01/2025	05	05/01/2025	00	HNE	-23,4	0	-25,7	0	82,0	0	4,0	0	250,0	0	958,0	0	0,0	ERA5
1060806	05/01/2025	06	05/01/2025	01	HNE	-23,3	0	-25,7	0	81,0	0	5,0	0	240,0	0	959,0	0	0,0	ERA5
1060807	05/01/2025	07	05/01/2025	02	HNE	-23,2	0	-25,5	0	82,0	0	5,0	0	250,0	0	960,0	0	0,0	ERA5
1060808	05/01/2025	08	05/01/2025	03	HNE	-23,3	0	-25,6	0	82,0	0	8,0	0	250,0	0	960,0	0	0,0	ERA5
1060809	05/01/2025	09	05/01/2025	04	HNE	-23,9	0	-26,2	0	82,0	0	5,0	0	250,0	0	960,0	0	0,0	ERA5
1060810	05/01/2025	10	05/01/2025	05	HNE	-24,3	0	-26,6	0	82,0	0	5,0	0	240,0	0	961,0	0	0,0	ERA5
1060811	05/01/2025	11	05/01/2025	06	HNE	-24,6	0	-26,9	0	82,0	0	9,0	0	240,0	0	961,0	0	0,0	ERA5
1060812	05/01/2025	12	05/01/2025	07	HNE	-25,4	0	-27,8	0	81,0	0	5,0	0	230,0	0	962,0	0	0,0	ERA5
1060813	05/01/2025	13	05/01/2025	08	HNE	-25,2	0	-27,6	0	81,0	0	4,0	0	220,0	0	962,0	0	0,0	ERA5
1060814	05/01/2025	14	05/01/2025	09	HNE	-23,7	0	-26,1	0	81,0	0	4,0	0	180,0	0	963,0	0	156,2	ERA5
1060815	05/01/2025	15	05/01/2025	10	HNE	-22,6	0	-24,9	0	82,0	0	5,0	0	200,0	0	964,0	0	531,2	ERA5
1060816	05/01/2025	16	05/01/2025	11	HNE	-21,8	0	-24,4	0	80,0	0	8,0	0	260,0	0	964,0	0	766,1	ERA5
1060817	05/01/2025	17	05/01/2025	12	HNE	-20,7	0	-23,7	0	77,0	0	9,0	0	240,0	0	964,0	0	919,3	ERA5
1060818	05/01/2025	18	05/01/2025	13	HNE	-19,6	0	-23,0	0	75,0	0	11,0	0	270,0	0	964,0	0	943,4	ERA5
1060819	05/01/2025	19	05/01/2025	14	HNE	-18,7	0	-21,9	0	76,0	0	9,0	0	240,0	0	965,0	0	772,7	ERA5
1060820	05/01/2025	20	05/01/2025	15	HNE	-18,5	0	-21,8	0	76,0	0	9,0	0	240,0	0	966,0	0	520,0	ERA5
1060821	05/01/2025	21	05/01/2025	16	HNE	-18,2	0	-21,2	0	78,0	0	8,0	0	270,0	0	966,0	0	188,5	ERA5
1060822	05/01/2025	22	05/01/2025	17	HNE	-18,0	0	-20,5	0	81,0	0	8,0	0	270,0	0	967,0	0	1,2	ERA5
1060823	05/01/2025	23	05/01/2025	18	HNE	-18,0	0	-20,4	0	82,0	0	8,0	0	250,0	0	967,0	0	0,0	ERA5
1060824	06/01/2025	00	05/01/2025	19	HNE	-17,9	0	-20,1	0	83,0	0	5,0	0	270,0	0	968,0	0	0,0	ERA5
1060825	06/01/2025	01	05/01/2025	20	HNE	-17,6	0	-19,7	0	84,0	0	11,0	0	260,0	0	968,0	0	0,0	ERA5
1060826	06/01/2025	02	05/01/2025	21	HNE	-17,4	0	-20,1	0	80,0	0	15,0	0	290,0	0	968,0	0	0,0	ERA5
1060827	06/01/2025	03	05/01/2025	22	HNE	-17,4	0	-19,9	0	81,0	0	9,0	0	290,0	0	968,0	0	0,0	ERA5
1060828	06/01/2025	04	05/01/2025	23	HNE	-17,3	0	-19,5	0	83,0	0	5,0	0	320,0	0	969,0	0	0,0	ERA5
1060829	06/01/2025	05	06/01/2025	00	HNE	-17,4	0	-19,5	0	84,0	0	5,0	0	260,0	0	969,0	0	0,0	ERA5
1060830	06/01/2025	06	06/01/2025	01	HNE	-17,4	0	-19,5	0	84,0	0	8,0	0	260,0	0	969,0	0	0,0	ERA5
1060831	06/01/2025	07	06/01/2025	02	HNE	-17,2	0	-19,3	0	84,0	0	5,0	0	290,0	0	969,0	0	0,0	ERA5
1060832	06/01/2025	08	06/01/2025	03	HNE	-17,0	0	-19,0	0	85,0	0	9,0	0	290,0	0	969,0	0	0,0	ERA5
1060833	06/01/2025	09	06/01/2025	04	HNE	-16,9	0	-18,7	0	86,0	0	8,0	0	290,0	0	969,0	0	0,0	ERA5
1060834	06/01/2025	10	06/01/2025	05	HNE	-16,4	0	-18,4	0	85,0	0	9,0	0	330,0	0	969,0	0	0,0	ERA5
1060835	06/01/2025	11	06/01/2025	06	HNE	-16,5	0	-18,3	0	86,0	0	9,0	0	280,0	0	968,0	0	0,0	ERA5
1060836	06/01/2025	12	06/01/2025	07	HNE	-16,4	0	-18,2	0	86,0	0	11,0	0	310,0	0	968,0	0	0,0	ERA5
1060837	06/01/2025	13	06/01/2025	08	HNE	-16,1	0	-17,8	0	87,0	0	11,0	0	330,0	0	968,0	0	0,0	ERA5
1060838	06/01/2025	14	06/01/2025	09	HNE	-15,8	0	-17,6	0	86,0	0	13,0	0	290,0	0	967,0	0	116,8	ERA5
1060839	06/01/2025	15	06/01/2025	10	HNE	-15,3	0	-17,3	0	85,0	0	13,0	0	300,0	0	966,0	0	324,9	ERA5
1060840	06/01/2025	16	06/01/2025	11	HNE	-14,7	0	-16,8	0	84,0	0	13,0	0	320,0	0	967,0	0	504,2	ERA5
1060841	06/01/2025	17	06/01/2025	12	HNE	-14,2	0	-16,3	0	84,0	0	15,0	0	320,0	0	966,0	0	537,7	ERA5
1060842	06/01/2025	18	06/01/2025	13	HNE	-14,0	0	-16,3	0	83,0	0	17,0	0	320,0	0	965,0	0	485,5	ERA5
1060843	06/01/2025	19	06/01/2025	14	HNE	-13,8	0	-16,0	0	84,0	0	15,0	0	300,0	0	964,0	0	310,1	ERA5
1060844	06/01/2025	20	06/01/2025	15	HNE	-13,6	0	-15,6	0	85,0	0	13,0	0	310,0	0	964,0	0	214,7	ERA5
1060845	06/01/2025	21	06/01/2025	16	HNE	-13,5	0	-15,4	0	86,0	0	15,0	0	300,0	0	963,0	0	86,1	ERA5
1060846	06/01/2025	22	06/01/2025	17	HNE	-13,4	0	-15,4	0	85,0	0	22,0	0	310,0	0	963,0	0	0,9	ERA5
1060847	06/01/2025	23	06/01/2025	18	HNE	-13,2	0	-15,1	0	86,0	0	18,0	0	310,0	0	963,0	0	0,0	ERA5
1060848	07/01/2025	00	06/01/2025	19	HNE	-13,1	0	-15,3	0	84,0	0	22,0	0	310,0	0	961,0	0	0,0	ERA5
1060849	07/01/2025	01	06/01/2025	20	HNE	-13,1	0	-15,1	0	85,0	0	22,0	0	320,0	0	961,0	0	0,0	ERA5
1060850	07/01/2025	02	06/01/2025	21	HNE	-13,0	0	-14,7	0	87,0	0	22,0	0	320,0	0	961,0	0	0,0	ERA5
1060851	07/01/2025	03	06/01/2025	22	HNE	-12,9	0	-14,5	0	88,0	0	18,0	0	320,0	0	960,0	0	0,0	ERA5
1060852	07/01/2025	04	06/01/2025	23	HNE	-12,9	0	-14,8	0	86,0	0	17,0	0	320,0	0	960,0	0	0,0	ERA5
1060853	07/01/2025	05	07/01/2025	00	HNE	-13,0	0	-14,7	0	87,0	0	22,0	0	320,0	0	959,0	0	0,0	ERA5
1060854	07/01/2025	06	07/01/2025	01	HNE	-12,8	0	-14,5	0	87,0	0	21,0	0	320,0	0	959,0	0	0,0	ERA5
1060855	07/01/2025	07	07/01/2025	02	HNE	-12,9	0	-14,4	0	89,0	0	17,0	0	310,0	0	959,0	0	0,0	ERA5
1060856	07/01/2025	08	07/01/2025	03	HNE	-12,7	0	-14,2	0	89,0	0	15,0	0	310,0	0	959,0	0	0,0	ERA5
1060857	07/01/2025	09	07/01/2025	04	HNE	-12,2	0	-13,5	0	90,0	0	17,0	0	320,0	0	959,0	0	0,0	ERA5
1060858	07/01/2025	10	07/01/2025	05	HNE	-11,9	0	-13,4	0	89,0	0	18,0	0	310,0	0	958,0	0	0,0	ERA5
1060859	07/01/2025	11	07/01/2025	06	HNE	-11,6	0	-13,4	0	87,0	0	24,0	0	310,0	0	958,0	0	0,0	ERA5
1060860	07/01/2025	12	07/01/2025	07	HNE	-11,4	0	-13,2	0	87,0	0	22,0	0	320,0	0	959,0	0	0,0	ERA5
1060861	07/01/2025	13	07/01/2025	08	HNE	-11,0	0	-12,8	0	87,0	0	24,0	0	310,0	0	959,0	0	0,0	ERA5
1060862	07/01/2025	14	07/01/2025	09	HNE	-10,6	0	-12,3	0	88,0	0	24,0	0	310,0	0	959,0	0	71,0	ERA5
1060863	07/01/2025	15	07/01/2025	10	HNE	-9,7	0	-11,6	0	86,0	0	26,0	0	310,0	0	959,0	0	241,5	ERA5
1060864	07/01/2025	16	07/01/2025	11	HNE	-9,3	0	-11,4	0	85,0	0	28,0	0	320,0	0	959,0	0	415,5	ERA5
1060865	07/01/2025	17	07/01/2025	12	HNE	-9,1	0	-11,2	0	85,0	0	26,0	0	320,0	0	959,0	0	509,9	ERA5
1060866	07/01/2025	18	07/01/2025	13	HNE	-8,7	0	-10,6	0	86,0	0	22,0	0	310,0	0	959,0	0	486,3	ERA5
1060867	07/01/2025	19	07/01/2025	14	HNE	-8,6	0	-10,7	0	85,0	0	26,0	0	320,0	0	959,0	0	486,3	ERA5
1060868	07/01/2025	20	07/01/2025	15	HNE	-8,8	0	-10,9	0	85,0	0	24,0	0	290,0	0	960,0	0	305,3	ERA5
1060869	07/01/2025	21	07/01/2025	16	HNE	-10,0	0	-12,1	0	85,0	0	24,0	0	310,0	0	961,0	0	100,9	ERA5
1060870	07/01/2025	22	07/01/2025	17	HNE	-11,2	0	-13,3	0	85,0	0	28,0	0	300,0	0	961,0	0	1,6	ERA5
1060871	07/01/2025	23	07/01/2025	18	HNE	-12,3	0	-14,8	0	82,0	0	26,0	0	300,0	0	962,0	0	0,0	ERA5
1060872	08/01/2025	00	07/01/2025	19	HNE	-13,6	0	-15,8	0	84,0	0	22,0	0	290,0	0	962,0	0	0,0	ERA5
1060873	08/01/2025	01	07/01/2025	20	HNE	-14,6	0	-16,9	0	83,0	0	21,0	0	290,0	0	962,0	0	0,0	ERA5
1060874	08/01/2025	02	07/01/2025	21	HNE	-15,7	0	-18,1	0	82,0	0	26,0	0	290,0	0	962,0	0	0,0	ERA5
1060875	08/01/2025	03	07/01/2025	22	HNE	-16,2	0	-18,6	0	82,0	0	21,0	0	290,0	0	962,0	0	0,0	ERA5
1060876	08/01/2025	04	07/01/2025	23	HNE	-16,8	0	-19,2	0	82,0	0	17,0	0	280,0	0	962,0	0	0,0	ERA5
1060877	08/01/2025	05	08/01/2025	00	HNE	-17,2	0	-19,7	0	81,0	0	21,0	0	280,0	0	962,0	0	0,0	ERA5
1060878	08/01/2025	06	08/01/2025	01	HNE	-17,5	0	-19,8	0	83,0	0	26,0	0	290,0	0	961,0	0	0,0	ERA5
1060879	08/01/2025	07	08/01/2025	02	HNE	-17,4	0	-19,8	0	82,0	0	22,0	0	280,0	0	961,0	0	0,0	ERA5
1060880	08/01/2025	08	08/01/2025	03	HNE	-17,0	0	-19,2	0	83,0	0	18,0	0	280,0	0	961,0	0	0,0	ERA5
1060881	08/01/2025	09	08/01/2025	04	HNE	-17,0	0	-19,1	0	84,0	0	22,0	0	280,0	0	961,0	0	0,0	ERA5
1060882	08/01/2025	10	08/01/2025	05	HNE	-16,3	0	-18,4	0	84,0	0	18,0	0	300,0	0	960,0	0	0,0	ERA5
1060883	08/01/2025	11	08/01/2025	06	HNE	-15,6	0	-17,7	0	84,0	0	21,0	0	280,0	0	960,0	0	0,0	ERA5
1060884	08/01/2025	12	08/01/2025	07	HNE	-14,9	0	-16,9	0	85,0	0	21,0	0	290,0	0	960,0	0	0,0	ERA5
1060885	08/01/2025	13	08/01/2025	08	HNE	-14,0	0	-16,0	0	85,0	0	21,0	0	300,0	0	960,0	0	0,0	ERA5
1060886	08/01/2025	14	08/01/2025	09	HNE	-13,6	0	-15,8	0	84,0	0	21,0	0	300,0	0	960,0	0	64,9	ERA5
1060887	08/01/2025	15	08/01/2025	10	HNE	-13,5	0	-15,8	0	83,0	0	21,0	0	290,0	0	960,0	0	202,8	ERA5
1060888	08/01/2025	16	08/01/2025	11	HNE	-13,0	0	-15,3	0	83,0	0	21,0	0	290,0	0	959,0	0	385,9	ERA5
1060889	08/01/2025	17	08/01/2025	12	HNE	-12,5	0	-14,7	0	84,0	0	17,0	0	300,0	0	959,0	0	614,7	ERA5
1060890	08/01/2025	18	08/01/2025	13	HNE	-12,3	0	-14,5	0	84,0	0	21,0	0	300,0	0	958,0	0	511,0	ERA5
1060891	08/01/2025	19	08/01/2025	14	HNE	-11,5	0	-13,5	0	85,0	0	18,0	0	290,0	0	958,0	0	380,3	ERA5
1060892	08/01/2025	20	08/01/2025	15	HNE	-12,3	0	-14,5	0	84,0	0	24,0	0	290,0	0	958,0	0	223,4	ERA5
1060893	08/01/2025	21	08/01/2025	16	HNE	-13,3	0	-15,4	0	84,0	0	18,0	0	300,0	0	958,0	0	81,3	ERA5
1060894	08/01/2025	22	08/01/2025	17	HNE	-13,8	0	-15,8	0	85,0	0	18,0	0	290,0	0	959,0	0	1,3	ERA5
1060895	08/01/2025	23	08/01/2025	18	HNE	-13,8	0	-15,8	0	85,0	0	21,0	0	290,0	0	959,0	0	0,0	ERA5
1060896	09/01/2025	00	08/01/2025	19	HNE	-13,7	0	-15,6	0	86,0	0	18,0	0	300,0	0	959,0	0	0,0	ERA5
1060897	09/01/2025	01	08/01/2025	20	HNE	-13,6	0	-15,4	0	87,0	0	17,0	0	300,0	0	959,0	0	0,0	ERA5
1060898	09/01/2025	02	08/01/2025	21	HNE	-12,6	0	-14,2	0	88,0	0	21,0	0	300,0	0	959,0	0	0,0	ERA5
1060899	09/01/2025	03	08/01/2025	22	HNE	-12,3	0	-13,8	0	89,0	0	21,0	0	310,0	0	959,0	0	0,0	ERA5
1060900	09/01/2025	04	08/01/2025	23	HNE	-12,1	0	-13,6	0	89,0	0	21,0	0	310,0	0	958,0	0	0,0	ERA5
1060901	09/01/2025	05	09/01/2025	00	HNE	-11,9	0	-13,4	0	89,0	0	13,0	0	310,0	0	958,0	0	0,0	ERA5
1060902	09/01/2025	06	09/01/2025	01	HNE	-11,5	0	-13,0	0	89,0	0	24,0	0	320,0	0	958,0	0	0,0	ERA5
1060903	09/01/2025	07	09/01/2025	02	HNE	-11,8	0	-13,4	0	88,0	0	18,0	0	310,0	0	959,0	0	0,0	ERA5
1060904	09/01/2025	08	09/01/2025	03	HNE	-11,5	0	-13,0	0	89,0	0	22,0	0	320,0	0	959,0	0	0,0	ERA5
1060905	09/01/2025	09	09/01/2025	04	HNE	-11,0	0	-12,2	0	91,0	0	21,0	0	310,0	0	959,0	0	0,0	ERA5
1060906	09/01/2025	10	09/01/2025	05	HNE	-10,1	0	-11,3	0	91,0	0	24,0	0	320,0	0	959,0	0	0,0	ERA5
1060907	09/01/2025	11	09/01/2025	06	HNE	-9,6	0	-10,7	0	92,0	0	22,0	0	320,0	0	960,0	0	0,0	ERA5
1060908	09/01/2025	12	09/01/2025	07	HNE	-8,9	0	-9,8	0	93,0	0	21,5	4.lineaire	320,0	4.lineaire	960,0	0	0,0	ERA5
1060909	09/01/2025	13	09/01/2025	08	HNE	-8,6	0	-9,7	0	92,0	0	21,0	0	320,0	0	961,0	0	0,0	ERA5
1060910	09/01/2025	14	09/01/2025	09	HNE	-8,5	0	-9,7	0	91,0	0	24,0	0	320,0	0	962,0	0	70,9	ERA5
1060911	09/01/2025	15	09/01/2025	10	HNE	-8,3	0	-9,5	0	91,0	0	32,0	0	340,0	0	962,0	0	264,7	ERA5
1060912	09/01/2025	16	09/01/2025	11	HNE	-8,0	0	-9,4	0	90,0	0	21,0	0	320,0	0	962,0	0	439,6	ERA5
1060913	09/01/2025	17	09/01/2025	12	HNE	-7,7	0	-8,9	0	91,0	0	24,0	0	330,0	0	962,0	0	513,9	ERA5
1060914	09/01/2025	18	09/01/2025	13	HNE	-7,6	0	-8,8	0	91,0	0	18,0	0	330,0	0	962,0	0	518,6	ERA5
1060915	09/01/2025	19	09/01/2025	14	HNE	-7,5	0	-8,7	0	91,0	0	28,0	0	320,0	0	962,0	0	384,6	ERA5
1060916	09/01/2025	20	09/01/2025	15	HNE	-7,8	0	-8,9	0	92,0	0	18,0	0	320,0	0	963,0	0	265,6	ERA5
1060917	09/01/2025	21	09/01/2025	16	HNE	-8,0	0	-8,9	0	93,0	0	18,0	0	320,0	0	964,0	0	94,0	ERA5
1060918	09/01/2025	22	09/01/2025	17	HNE	-8,3	0	-9,1	0	94,0	0	22,0	0	320,0	0	965,0	0	1,8	ERA5
1060919	09/01/2025	23	09/01/2025	18	HNE	-8,7	0	-9,5	0	94,0	0	18,0	0	320,0	0	965,0	0	0,0	ERA5
1060920	10/01/2025	00	09/01/2025	19	HNE	-9,1	0	-9,9	0	94,0	0	15,0	0	310,0	0	966,0	0	0,0	ERA5
1060921	10/01/2025	01	09/01/2025	20	HNE	-9,9	0	-10,6	0	95,0	0	21,0	0	300,0	0	966,0	0	0,0	ERA5
1060922	10/01/2025	02	09/01/2025	21	HNE	-10,4	0	-11,2	0	94,0	0	13,0	0	300,0	0	966,0	0	0,0	ERA5
1060923	10/01/2025	03	09/01/2025	22	HNE	-10,6	0	-11,5	0	93,0	0	13,0	0	310,0	0	966,0	0	0,0	ERA5
1060924	10/01/2025	04	09/01/2025	23	HNE	-11,0	0	-12,1	0	92,0	0	11,0	0	310,0	0	966,0	0	0,0	ERA5
1060925	10/01/2025	05	10/01/2025	00	HNE	-11,6	0	-12,8	0	91,0	0	17,0	0	310,0	0	966,0	0	0,0	ERA5
1060926	10/01/2025	06	10/01/2025	01	HNE	-11,7	0	-12,8	0	92,0	0	15,0	0	310,0	0	967,0	0	0,0	ERA5
1060927	10/01/2025	07	10/01/2025	02	HNE	-12,2	0	-13,3	0	92,0	0	11,0	0	300,0	0	967,0	0	0,0	ERA5
1060928	10/01/2025	08	10/01/2025	03	HNE	-12,7	0	-13,9	0	91,0	0	13,0	0	290,0	0	967,0	0	0,0	ERA5
1060929	10/01/2025	09	10/01/2025	04	HNE	-13,2	0	-14,5	0	90,0	0	13,0	0	300,0	0	967,0	0	0,0	ERA5
1060930	10/01/2025	10	10/01/2025	05	HNE	-13,7	0	-15,0	0	90,0	0	11,0	0	280,0	0	968,0	0	0,0	ERA5
1060931	10/01/2025	11	10/01/2025	06	HNE	-13,8	0	-15,1	0	90,0	0	5,0	0	330,0	0	967,0	0	0,0	ERA5
1060932	10/01/2025	12	10/01/2025	07	HNE	-14,0	0	-15,3	0	90,0	0	9,0	0	310,0	0	968,0	0	0,0	ERA5
1060933	10/01/2025	13	10/01/2025	08	HNE	-14,3	0	-15,7	0	89,0	0	5,0	0	310,0	0	968,0	0	0,0	ERA5
1060934	10/01/2025	14	10/01/2025	09	HNE	-14,3	0	-15,7	0	89,0	0	9,0	0	270,0	0	968,0	0	77,6	ERA5
1060935	10/01/2025	15	10/01/2025	10	HNE	-14,9	0	-16,3	0	89,0	0	11,0	0	290,0	0	968,0	0	265,0	ERA5
1060936	10/01/2025	16	10/01/2025	11	HNE	-14,8	0	-16,2	0	89,0	0	9,0	0	280,0	0	967,0	0	487,2	ERA5
1060937	10/01/2025	17	10/01/2025	12	HNE	-14,2	0	-15,6	0	89,0	0	9,0	0	310,0	0	967,0	0	658,2	ERA5
1060938	10/01/2025	18	10/01/2025	13	HNE	-13,3	0	-14,8	0	89,0	0	9,0	0	290,0	0	966,0	0	660,2	ERA5
1060939	10/01/2025	19	10/01/2025	14	HNE	-12,6	0	-13,9	0	90,0	0	9,0	0	310,0	0	965,0	0	615,0	ERA5
1060940	10/01/2025	20	10/01/2025	15	HNE	-12,3	0	-13,6	0	90,0	0	8,0	0	280,0	0	965,0	0	361,4	ERA5
1060941	10/01/2025	21	10/01/2025	16	HNE	-13,4	0	-14,8	0	89,0	0	4,0	0	320,0	0	964,0	0	112,9	ERA5
1060942	10/01/2025	22	10/01/2025	17	HNE	-13,4	0	-14,7	0	90,0	0	8,0	0	270,0	0	964,0	0	3,3	ERA5
1060943	10/01/2025	23	10/01/2025	18	HNE	-13,9	0	-15,2	0	90,0	0	5,0	0	280,0	0	963,0	0	0,0	ERA5
1060944	11/01/2025	00	10/01/2025	19	HNE	-13,9	0	-15,3	0	89,0	0	4,0	0	0,0	0	963,0	0	0,0	ERA5
1060945	11/01/2025	01	10/01/2025	20	HNE	-13,8	0	-15,2	0	89,0	0	5,0	0	270,0	0	963,0	0	0,0	ERA5
1060946	11/01/2025	02	10/01/2025	21	HNE	-13,8	0	-15,1	0	90,0	0	4,0	0	0,0	0	962,0	0	0,0	ERA5
1060947	11/01/2025	03	10/01/2025	22	HNE	-14,1	0	-15,5	0	89,0	0	4,0	0	0,0	0	961,0	0	0,0	ERA5
1060948	11/01/2025	04	10/01/2025	23	HNE	-14,6	0	-16,0	0	89,0	0	5,0	0	50,0	0	960,0	0	0,0	ERA5
1060949	11/01/2025	05	11/01/2025	00	HNE	-15,0	0	-16,5	0	88,0	0	4,0	0	90,0	0	959,0	0	0,0	ERA5
1060950	11/01/2025	06	11/01/2025	01	HNE	-15,3	0	-16,9	0	88,0	0	0,0	0	0,0	0	959,0	0	0,0	ERA5
1060951	11/01/2025	07	11/01/2025	02	HNE	-15,6	0	-17,2	0	88,0	0	4,0	0	270,0	0	959,0	0	0,0	ERA5
1060952	11/01/2025	08	11/01/2025	03	HNE	-15,9	0	-17,5	0	88,0	0	4,0	0	0,0	0	958,0	0	0,0	ERA5
1060953	11/01/2025	09	11/01/2025	04	HNE	-16,5	0	-18,2	0	87,0	0	4,0	0	250,0	0	957,0	0	0,0	ERA5
1060954	11/01/2025	10	11/01/2025	05	HNE	-15,9	0	-17,5	0	88,0	0	4,0	0	280,0	0	957,0	0	0,0	ERA5
1060955	11/01/2025	11	11/01/2025	06	HNE	-16,3	0	-17,9	0	88,0	0	0,0	0	0,0	0	957,0	0	0,0	ERA5
1060956	11/01/2025	12	11/01/2025	07	HNE	-17,2	0	-18,9	0	87,0	0	0,0	0	0,0	0	957,0	0	0,0	ERA5
1060957	11/01/2025	13	11/01/2025	08	HNE	-17,9	0	-19,7	0	86,0	0	5,0	0	330,0	0	956,0	0	0,0	ERA5
1060958	11/01/2025	14	11/01/2025	09	HNE	-16,8	0	-18,5	0	87,0	0	0,0	0	0,0	0	957,0	0	77,5	ERA5
1060959	11/01/2025	15	11/01/2025	10	HNE	-15,2	0	-16,8	0	88,0	0	4,0	0	290,0	0	956,0	0	264,1	ERA5
1060960	11/01/2025	16	11/01/2025	11	HNE	-13,6	0	-15,0	0	89,0	0	5,0	0	320,0	0	956,0	0	435,6	ERA5
1060961	11/01/2025	17	11/01/2025	12	HNE	-12,8	0	-14,1	0	90,0	0	5,0	0	340,0	0	956,0	0	574,9	ERA5
1060962	11/01/2025	18	11/01/2025	13	HNE	-11,6	0	-12,8	0	91,0	0	5,0	0	310,0	0	956,0	0	666,9	ERA5
1060963	11/01/2025	19	11/01/2025	14	HNE	-11,0	0	-12,2	0	91,0	0	5,0	0	300,0	0	956,0	0	578,8	ERA5
1060964	11/01/2025	20	11/01/2025	15	HNE	-11,2	0	-12,4	0	91,0	0	4,0	0	0,0	0	956,0	0	354,4	ERA5
1060965	11/01/2025	21	11/01/2025	16	HNE	-10,6	0	-11,7	0	92,0	0	4,0	0	320,0	0	957,0	0	145,6	ERA5
1060966	11/01/2025	22	11/01/2025	17	HNE	-11,0	0	-12,1	0	92,0	0	5,0	0	280,0	0	958,0	0	5,1	ERA5
1060967	11/01/2025	23	11/01/2025	18	HNE	-11,6	0	-12,8	0	91,0	0	4,0	0	300,0	0	958,0	0	0,0	ERA5
1060968	12/01/2025	00	11/01/2025	19	HNE	-11,6	0	-12,8	0	91,0	0	5,0	0	300,0	0	959,0	0	0,0	ERA5
1060969	12/01/2025	01	11/01/2025	20	HNE	-11,4	0	-12,6	0	91,0	0	8,0	0	290,0	0	959,0	0	0,0	ERA5
1060970	12/01/2025	02	11/01/2025	21	HNE	-11,3	0	-12,5	0	91,0	0	8,0	0	290,0	0	959,0	0	0,0	ERA5
1060971	12/01/2025	03	11/01/2025	22	HNE	-11,6	0	-12,8	0	91,0	0	8,0	0	300,0	0	960,0	0	0,0	ERA5
1060972	12/01/2025	04	11/01/2025	23	HNE	-12,0	0	-13,2	0	91,0	0	5,0	0	290,0	0	960,0	0	0,0	ERA5
1060973	12/01/2025	05	12/01/2025	00	HNE	-12,6	0	-13,9	0	90,0	0	5,0	0	300,0	0	960,0	0	0,0	ERA5
1060974	12/01/2025	06	12/01/2025	01	HNE	-12,8	0	-14,1	0	90,0	0	8,0	0	290,0	0	961,0	0	0,0	ERA5
1060975	12/01/2025	07	12/01/2025	02	HNE	-12,6	0	-13,9	0	90,0	0	8,0	0	300,0	0	962,0	0	0,0	ERA5
1060976	12/01/2025	08	12/01/2025	03	HNE	-12,5	0	-13,8	0	90,0	0	5,0	0	300,0	0	962,0	0	0,0	ERA5
1060977	12/01/2025	09	12/01/2025	04	HNE	-12,5	0	-13,8	0	90,0	0	5,0	0	280,0	0	963,0	0	0,0	ERA5
1060978	12/01/2025	10	12/01/2025	05	HNE	-12,6	0	-13,9	0	90,0	0	4,0	0	300,0	0	963,0	0	0,0	ERA5
1060979	12/01/2025	11	12/01/2025	06	HNE	-13,0	0	-14,3	0	90,0	0	11,0	0	280,0	0	964,0	0	0,0	ERA5
1060980	12/01/2025	12	12/01/2025	07	HNE	-13,1	0	-14,4	0	90,0	0	8,0	0	300,0	0	964,0	0	0,0	ERA5
1060981	12/01/2025	13	12/01/2025	08	HNE	-13,3	0	-14,6	0	90,0	0	0,0	0	0,0	0	965,0	0	0,2	ERA5
1060982	12/01/2025	14	12/01/2025	09	HNE	-13,0	0	-14,3	0	90,0	0	4,0	0	0,0	0	965,0	0	88,4	ERA5
1060983	12/01/2025	15	12/01/2025	10	HNE	-12,0	0	-13,2	0	91,0	0	9,0	0	330,0	0	966,0	0	294,5	ERA5
1060984	12/01/2025	16	12/01/2025	11	HNE	-11,7	0	-12,9	0	91,0	0	9,0	0	350,0	0	965,0	0	523,1	ERA5
1060985	12/01/2025	17	12/01/2025	12	HNE	-10,8	0	-11,9	0	92,0	0	9,0	0	280,0	0	966,0	0	676,9	ERA5
1060986	12/01/2025	18	12/01/2025	13	HNE	-10,3	0	-11,4	0	92,0	0	11,0	0	290,0	0	966,0	0	619,9	ERA5
1060987	12/01/2025	19	12/01/2025	14	HNE	-10,1	0	-11,2	0	92,0	0	5,0	0	350,0	0	966,0	0	528,3	ERA5
1060988	12/01/2025	20	12/01/2025	15	HNE	-10,1	0	-11,2	0	92,0	0	5,0	0	330,0	0	966,0	0	342,4	ERA5
1060989	12/01/2025	21	12/01/2025	16	HNE	-10,7	0	-11,8	0	92,0	0	4,0	0	300,0	0	966,0	0	132,6	ERA5
1060990	12/01/2025	22	12/01/2025	17	HNE	-13,9	0	-15,2	0	90,0	0	0,0	0	0,0	0	967,0	0	5,0	ERA5
1060991	12/01/2025	23	12/01/2025	18	HNE	-16,8	0	-18,6	0	86,0	0	4,0	0	260,0	0	967,0	0	0,0	ERA5
1060992	13/01/2025	00	12/01/2025	19	HNE	-14,7	0	-16,1	0	89,0	0	0,0	0	0,0	0	967,0	0	0,0	ERA5
1060993	13/01/2025	01	12/01/2025	20	HNE	-14,6	0	-16,0	0	89,0	0	4,0	0	60,0	0	967,0	0	0,0	ERA5
1060994	13/01/2025	02	12/01/2025	21	HNE	-14,6	0	-16,0	0	89,0	0	0,0	0	0,0	0	966,0	0	0,0	ERA5
1060995	13/01/2025	03	12/01/2025	22	HNE	-13,5	0	-14,9	0	89,0	0	0,0	0	0,0	0	966,0	0	0,0	ERA5
1060996	13/01/2025	04	12/01/2025	23	HNE	-13,3	0	-14,6	0	90,0	0	0,0	0	0,0	0	966,0	0	0,0	ERA5
1060997	13/01/2025	05	13/01/2025	00	HNE	-13,6	0	-14,9	0	90,0	0	4,0	0	170,0	0	966,0	0	0,0	ERA5
1060998	13/01/2025	06	13/01/2025	01	HNE	-13,5	0	-14,9	0	89,0	0	0,0	0	0,0	0	966,0	0	0,0	ERA5
1060999	13/01/2025	07	13/01/2025	02	HNE	-13,6	0	-14,9	0	90,0	0	4,0	0	60,0	0	965,0	0	0,0	ERA5
1061000	13/01/2025	08	13/01/2025	03	HNE	-13,9	0	-15,3	0	89,0	0	4,0	0	80,0	0	965,0	0	0,0	ERA5
1061001	13/01/2025	09	13/01/2025	04	HNE	-13,4	0	-14,7	0	90,0	0	4,0	0	100,0	0	965,0	0	0,0	ERA5
1061002	13/01/2025	10	13/01/2025	05	HNE	-13,2	0	-14,5	0	90,0	0	4,0	0	80,0	0	964,0	0	0,0	ERA5
1061003	13/01/2025	11	13/01/2025	06	HNE	-13,2	0	-14,5	0	90,0	0	4,0	0	60,0	0	964,0	0	0,0	ERA5
1061004	13/01/2025	12	13/01/2025	07	HNE	-13,3	0	-14,6	0	90,0	0	4,0	0	100,0	0	964,0	0	0,0	ERA5
1061005	13/01/2025	13	13/01/2025	08	HNE	-13,3	0	-14,6	0	90,0	0	5,0	0	70,0	0	964,0	0	0,2	ERA5
1061006	13/01/2025	14	13/01/2025	09	HNE	-12,8	0	-14,1	0	90,0	0	8,0	0	80,0	0	963,0	0	114,1	ERA5
1061007	13/01/2025	15	13/01/2025	10	HNE	-12,2	0	-13,5	0	90,0	0	5,0	0	100,0	0	963,0	0	324,1	ERA5
1061008	13/01/2025	16	13/01/2025	11	HNE	-11,4	0	-12,6	0	91,0	0	4,0	0	100,0	0	963,0	0	531,3	ERA5
1061009	13/01/2025	17	13/01/2025	12	HNE	-10,6	0	-11,9	0	90,0	0	0,0	0	0,0	0	962,0	0	719,7	ERA5
1061010	13/01/2025	18	13/01/2025	13	HNE	-10,1	0	-11,5	0	90,0	0	4,0	0	190,0	0	961,0	0	702,5	ERA5
1061011	13/01/2025	19	13/01/2025	14	HNE	-9,7	0	-11,3	0	88,0	0	0,0	0	0,0	0	961,0	0	632,7	ERA5
1061012	13/01/2025	20	13/01/2025	15	HNE	-9,9	0	-11,4	0	89,0	0	8,0	0	60,0	0	961,0	0	414,6	ERA5
1061013	13/01/2025	21	13/01/2025	16	HNE	-10,2	0	-11,6	0	90,0	0	5,0	0	60,0	0	960,0	0	150,3	ERA5
1061014	13/01/2025	22	13/01/2025	17	HNE	-10,6	0	-11,9	0	90,0	0	5,0	0	50,0	0	960,0	0	7,2	ERA5
1061015	13/01/2025	23	13/01/2025	18	HNE	-11,3	0	-12,5	0	91,0	0	5,0	0	60,0	0	960,0	0	0,0	ERA5
1061016	14/01/2025	00	13/01/2025	19	HNE	-11,2	0	-12,4	0	91,0	0	5,0	0	50,0	0	960,0	0	0,0	ERA5
1061017	14/01/2025	01	13/01/2025	20	HNE	-11,2	0	-12,5	0	90,0	0	8,0	0	50,0	0	960,0	0	0,0	ERA5
1061018	14/01/2025	02	13/01/2025	21	HNE	-11,4	0	-12,7	0	90,0	0	8,0	0	60,0	0	960,0	0	0,0	ERA5
1061019	14/01/2025	03	13/01/2025	22	HNE	-11,9	0	-13,2	0	90,0	0	8,0	0	40,0	0	959,0	0	0,0	ERA5
1061020	14/01/2025	04	13/01/2025	23	HNE	-12,2	0	-13,5	0	90,0	0	5,0	0	30,0	0	959,0	0	0,0	ERA5
1061021	14/01/2025	05	14/01/2025	00	HNE	-13,5	0	-14,8	0	90,0	0	4,0	0	360,0	0	959,0	0	0,0	ERA5
1061022	14/01/2025	06	14/01/2025	01	HNE	-15,0	0	-16,3	0	90,0	0	5,0	0	350,0	0	959,0	0	0,0	ERA5
1061023	14/01/2025	07	14/01/2025	02	HNE	-16,6	0	-18,0	0	89,0	0	8,0	0	360,0	0	959,0	0	0,0	ERA5
1061024	14/01/2025	08	14/01/2025	03	HNE	-15,5	0	-16,9	0	89,0	0	9,0	0	350,0	0	959,0	0	0,0	ERA5
1061025	14/01/2025	09	14/01/2025	04	HNE	-15,1	0	-16,5	0	89,0	0	8,0	0	340,0	0	959,0	0	0,0	ERA5
1061026	14/01/2025	10	14/01/2025	05	HNE	-14,6	0	-16,2	0	88,0	0	8,0	0	330,0	0	959,0	0	0,0	ERA5
1061027	14/01/2025	11	14/01/2025	06	HNE	-14,3	0	-15,9	0	88,0	0	5,0	0	330,0	0	959,0	0	0,0	ERA5
1061028	14/01/2025	12	14/01/2025	07	HNE	-14,6	0	-16,2	0	88,0	0	5,0	0	340,0	0	959,0	0	0,0	ERA5
1061029	14/01/2025	13	14/01/2025	08	HNE	-14,6	0	-16,2	0	88,0	0	8,0	0	320,0	0	960,0	0	0,4	ERA5
1061030	14/01/2025	14	14/01/2025	09	HNE	-14,8	0	-16,7	0	86,0	0	15,0	0	340,0	0	960,0	0	115,6	ERA5
1061031	14/01/2025	15	14/01/2025	10	HNE	-14,7	0	-16,8	0	84,0	0	17,0	0	330,0	0	961,0	0	392,6	ERA5
1061032	14/01/2025	16	14/01/2025	11	HNE	-13,8	0	-16,3	0	82,0	0	15,0	0	340,0	0	961,0	0	607,5	ERA5
1061033	14/01/2025	17	14/01/2025	12	HNE	-13,5	0	-16,1	0	81,0	0	18,0	0	330,0	0	961,0	0	800,5	ERA5
1061034	14/01/2025	18	14/01/2025	13	HNE	-12,5	0	-15,4	0	79,0	0	17,0	0	320,0	0	961,0	0	819,0	ERA5
1061035	14/01/2025	19	14/01/2025	14	HNE	-12,0	0	-14,6	0	81,0	0	18,0	0	320,0	0	961,0	0	726,1	ERA5
1061036	14/01/2025	20	14/01/2025	15	HNE	-11,5	0	-13,8	0	83,0	0	18,0	0	340,0	0	962,0	0	527,7	ERA5
1061037	14/01/2025	21	14/01/2025	16	HNE	-11,6	0	-14,1	0	82,0	0	17,0	0	330,0	0	962,0	0	208,6	ERA5
1061038	14/01/2025	22	14/01/2025	17	HNE	-12,2	0	-14,1	0	86,0	0	11,0	0	310,0	0	963,0	0	8,8	ERA5
1061039	14/01/2025	23	14/01/2025	18	HNE	-12,1	0	-13,8	0	87,0	0	13,0	0	300,0	0	963,0	0	0,0	ERA5
1061040	15/01/2025	00	14/01/2025	19	HNE	-12,2	0	-13,8	0	88,0	0	8,0	0	300,0	0	964,0	0	0,0	ERA5
1061041	15/01/2025	01	14/01/2025	20	HNE	-12,0	0	-13,7	0	87,0	0	9,0	0	310,0	0	964,0	0	0,0	ERA5
1061042	15/01/2025	02	14/01/2025	21	HNE	-12,1	0	-13,8	0	87,0	0	9,0	0	310,0	0	964,0	0	0,0	ERA5
1061043	15/01/2025	03	14/01/2025	22	HNE	-12,4	0	-14,0	0	88,0	0	8,0	0	300,0	0	965,0	0	0,0	ERA5
1061044	15/01/2025	04	14/01/2025	23	HNE	-12,1	0	-13,7	0	88,0	0	11,0	0	290,0	0	965,0	0	0,0	ERA5
1061045	15/01/2025	05	15/01/2025	00	HNE	-12,0	0	-13,9	0	86,0	0	15,0	0	300,0	0	965,0	0	0,0	ERA5
1061046	15/01/2025	06	15/01/2025	01	HNE	-12,3	0	-14,0	0	87,0	0	15,0	0	290,0	0	965,0	0	0,0	ERA5
1061047	15/01/2025	07	15/01/2025	02	HNE	-12,5	0	-14,1	0	88,0	0	15,0	0	290,0	0	966,0	0	0,0	ERA5
1061048	15/01/2025	08	15/01/2025	03	HNE	-12,4	0	-13,9	0	89,0	0	13,0	0	290,0	0	966,0	0	0,0	ERA5
1061049	15/01/2025	09	15/01/2025	04	HNE	-12,2	0	-13,7	0	89,0	0	13,0	0	290,0	0	966,0	0	0,0	ERA5
1061050	15/01/2025	10	15/01/2025	05	HNE	-12,0	0	-13,6	0	88,0	0	9,0	0	290,0	0	966,0	0	0,0	ERA5
1061051	15/01/2025	11	15/01/2025	06	HNE	-11,9	0	-13,5	0	88,0	0	15,0	0	290,0	0	967,0	0	0,0	ERA5
1061052	15/01/2025	12	15/01/2025	07	HNE	-12,0	0	-13,6	0	88,0	0	11,0	0	300,0	0	967,0	0	0,0	ERA5
1061053	15/01/2025	13	15/01/2025	08	HNE	-12,4	0	-14,1	0	87,0	0	13,0	0	290,0	0	967,0	0	0,5	ERA5
1061054	15/01/2025	14	15/01/2025	09	HNE	-12,6	0	-14,5	0	86,0	0	8,0	0	280,0	0	968,0	0	145,1	ERA5
1061055	15/01/2025	15	15/01/2025	10	HNE	-12,5	0	-14,5	0	85,0	0	17,0	0	280,0	0	968,0	0	423,7	ERA5
1061056	15/01/2025	16	15/01/2025	11	HNE	-12,2	0	-14,2	0	85,0	0	18,0	0	300,0	0	968,0	0	561,2	ERA5
1061057	15/01/2025	17	15/01/2025	12	HNE	-11,9	0	-14,1	0	84,0	0	15,0	0	280,0	0	968,0	0	663,2	ERA5
1061058	15/01/2025	18	15/01/2025	13	HNE	-11,5	0	-13,8	0	83,0	0	13,0	0	270,0	0	967,0	0	607,3	ERA5
1061059	15/01/2025	19	15/01/2025	14	HNE	-11,5	0	-14,0	0	82,0	0	13,0	0	290,0	0	967,0	0	559,7	ERA5
1061060	15/01/2025	20	15/01/2025	15	HNE	-11,8	0	-14,6	0	80,0	0	13,0	0	300,0	0	967,0	0	395,0	ERA5
1061061	15/01/2025	21	15/01/2025	16	HNE	-11,9	0	-14,5	0	81,0	0	11,0	0	290,0	0	967,0	0	157,7	ERA5
1061062	15/01/2025	22	15/01/2025	17	HNE	-12,4	0	-15,2	0	80,0	0	9,0	0	270,0	0	967,0	0	8,9	ERA5
1061063	15/01/2025	23	15/01/2025	18	HNE	-12,8	0	-15,0	0	84,0	0	9,0	0	250,0	0	966,0	0	0,0	ERA5
1061064	16/01/2025	00	15/01/2025	19	HNE	-13,1	0	-15,0	0	86,0	0	9,0	0	230,0	0	966,0	0	0,0	ERA5
1061065	16/01/2025	01	15/01/2025	20	HNE	-13,3	0	-15,3	0	85,0	0	13,0	0	230,0	0	966,0	0	0,0	ERA5
1061066	16/01/2025	02	15/01/2025	21	HNE	-13,8	0	-16,0	0	84,0	0	9,0	0	200,0	0	965,0	0	0,0	ERA5
1061067	16/01/2025	03	15/01/2025	22	HNE	-15,8	0	-17,1	0	90,0	0	8,0	0	170,0	0	965,0	0	0,0	ERA5
1061068	16/01/2025	04	15/01/2025	23	HNE	-18,0	0	-19,4	0	89,0	0	9,0	0	180,0	0	964,0	0	0,0	ERA5
1061069	16/01/2025	05	16/01/2025	00	HNE	-18,1	0	-19,4	0	90,0	0	8,0	0	170,0	0	963,0	0	0,0	ERA5
1061070	16/01/2025	06	16/01/2025	01	HNE	-19,2	0	-20,7	0	88,0	0	9,0	0	170,0	0	963,0	0	0,0	ERA5
1061071	16/01/2025	07	16/01/2025	02	HNE	-19,8	0	-21,4	0	87,0	0	11,0	0	170,0	0	962,0	0	0,0	ERA5
1061072	16/01/2025	08	16/01/2025	03	HNE	-17,8	0	-19,5	0	87,0	0	11,0	0	160,0	0	962,0	0	0,0	ERA5
1061073	16/01/2025	09	16/01/2025	04	HNE	-18,8	0	-20,5	0	87,0	0	11,0	0	160,0	0	961,0	0	0,0	ERA5
1061074	16/01/2025	10	16/01/2025	05	HNE	-19,0	0	-20,8	0	86,0	0	9,0	0	150,0	0	960,0	0	0,0	ERA5
1061075	16/01/2025	11	16/01/2025	06	HNE	-17,7	0	-19,5	0	86,0	0	8,0	0	150,0	0	959,0	0	0,0	ERA5
1061076	16/01/2025	12	16/01/2025	07	HNE	-16,5	0	-18,3	0	86,0	0	13,0	0	160,0	0	958,0	0	0,0	ERA5
1061077	16/01/2025	13	16/01/2025	08	HNE	-15,1	0	-16,8	0	87,0	0	17,0	0	170,0	0	958,0	0	0,6	ERA5
1061078	16/01/2025	14	16/01/2025	09	HNE	-14,3	0	-16,0	0	87,0	0	17,0	0	160,0	0	958,0	0	111,4	ERA5
1061079	16/01/2025	15	16/01/2025	10	HNE	-13,2	0	-14,8	0	88,0	0	17,0	0	170,0	0	957,0	0	379,8	ERA5
1061080	16/01/2025	16	16/01/2025	11	HNE	-12,3	0	-14,0	0	87,0	0	18,0	0	160,0	0	956,0	0	636,9	ERA5
1061081	16/01/2025	17	16/01/2025	12	HNE	-11,1	0	-13,2	0	85,0	0	17,0	0	160,0	0	955,0	0	825,7	ERA5
1061082	16/01/2025	18	16/01/2025	13	HNE	-10,1	0	-12,2	0	85,0	0	18,0	0	160,0	0	955,0	0	817,0	ERA5
1061083	16/01/2025	19	16/01/2025	14	HNE	-9,2	0	-11,3	0	85,0	0	18,0	0	160,0	0	955,0	0	607,5	ERA5
1061084	16/01/2025	20	16/01/2025	15	HNE	-9,0	0	-11,1	0	85,0	0	17,0	0	160,0	0	955,0	0	387,8	ERA5
1061085	16/01/2025	21	16/01/2025	16	HNE	-9,1	0	-10,6	0	89,0	0	11,0	0	160,0	0	955,0	0	155,6	ERA5
1061086	16/01/2025	22	16/01/2025	17	HNE	-9,4	0	-10,8	0	90,0	0	9,0	0	150,0	0	955,0	0	10,7	ERA5
1061087	16/01/2025	23	16/01/2025	18	HNE	-9,2	0	-10,4	0	91,0	0	11,0	0	160,0	0	955,0	0	0,0	ERA5
1061088	17/01/2025	00	16/01/2025	19	HNE	-9,4	0	-10,6	0	91,0	0	15,0	0	160,0	0	956,0	0	0,0	ERA5
1061089	17/01/2025	01	16/01/2025	20	HNE	-9,3	0	-10,8	0	89,0	0	17,0	0	180,0	0	956,0	0	0,0	ERA5
1061090	17/01/2025	02	16/01/2025	21	HNE	-9,8	0	-11,1	0	90,0	0	15,0	0	170,0	0	956,0	0	0,0	ERA5
1061091	17/01/2025	03	16/01/2025	22	HNE	-10,0	0	-11,5	0	89,0	0	15,0	0	170,0	0	956,0	0	0,0	ERA5
1061092	17/01/2025	04	16/01/2025	23	HNE	-10,4	0	-11,7	0	90,0	0	13,0	0	170,0	0	956,0	0	0,0	ERA5
1061093	17/01/2025	05	17/01/2025	00	HNE	-9,9	0	-11,2	0	90,0	0	13,0	0	170,0	0	956,0	0	0,0	ERA5
1061094	17/01/2025	06	17/01/2025	01	HNE	-9,9	0	-11,2	0	90,0	0	11,0	0	180,0	0	956,0	0	0,0	ERA5
1061095	17/01/2025	07	17/01/2025	02	HNE	-9,4	0	-10,8	0	90,0	0	13,0	0	170,0	0	957,0	0	0,0	ERA5
1061096	17/01/2025	08	17/01/2025	03	HNE	-9,2	0	-10,4	0	91,0	0	11,0	0	190,0	0	957,0	0	0,0	ERA5
1061097	17/01/2025	09	17/01/2025	04	HNE	-9,1	0	-10,3	0	91,0	0	8,0	0	200,0	0	957,0	0	0,0	ERA5
1061098	17/01/2025	10	17/01/2025	05	HNE	-9,3	0	-10,9	0	88,0	0	18,0	0	290,0	0	958,0	0	0,0	ERA5
1061099	17/01/2025	11	17/01/2025	06	HNE	-10,1	0	-11,9	0	87,0	0	11,0	0	290,0	0	959,0	0	0,0	ERA5
1061100	17/01/2025	12	17/01/2025	07	HNE	-10,5	0	-12,2	0	87,0	0	15,0	0	280,0	0	960,0	0	0,0	ERA5
1061101	17/01/2025	13	17/01/2025	08	HNE	-11,4	0	-13,3	0	86,0	0	8,0	0	280,0	0	961,0	0	1,1	ERA5
1061102	17/01/2025	14	17/01/2025	09	HNE	-12,1	0	-13,7	0	88,0	0	8,0	0	260,0	0	961,0	0	187,5	ERA5
1061103	17/01/2025	15	17/01/2025	10	HNE	-12,4	0	-14,8	0	82,0	0	17,0	0	270,0	0	962,0	0	517,5	ERA5
1061104	17/01/2025	16	17/01/2025	11	HNE	-12,7	0	-15,4	0	81,0	0	11,0	0	270,0	0	962,0	0	677,7	ERA5
1061105	17/01/2025	17	17/01/2025	12	HNE	-13,2	0	-16,0	0	80,0	0	13,0	0	220,0	0	962,0	0	841,4	ERA5
1061106	17/01/2025	18	17/01/2025	13	HNE	-11,9	0	-15,5	0	75,0	0	18,0	0	190,0	0	962,0	0	828,6	ERA5
1061107	17/01/2025	19	17/01/2025	14	HNE	-12,6	0	-16,0	0	76,0	0	13,0	0	200,0	0	962,0	0	609,1	ERA5
1061108	17/01/2025	20	17/01/2025	15	HNE	-13,0	0	-16,1	0	78,0	0	13,0	0	190,0	0	961,0	0	454,5	ERA5
1061109	17/01/2025	21	17/01/2025	16	HNE	-13,3	0	-15,9	0	81,0	0	9,0	0	170,0	0	961,0	0	190,1	ERA5
1061110	17/01/2025	22	17/01/2025	17	HNE	-12,8	0	-15,1	0	83,0	0	15,0	0	160,0	0	960,0	0	13,9	ERA5
1061111	17/01/2025	23	17/01/2025	18	HNE	-12,3	0	-14,6	0	83,0	0	18,0	0	160,0	0	960,0	0	0,0	ERA5
1061112	18/01/2025	00	17/01/2025	19	HNE	-11,8	0	-13,7	0	86,0	0	17,0	0	150,0	0	959,0	0	0,0	ERA5
1061113	18/01/2025	01	17/01/2025	20	HNE	-10,8	0	-12,6	0	87,0	0	21,0	0	160,0	0	958,0	0	0,0	ERA5
1061114	18/01/2025	02	17/01/2025	21	HNE	-9,8	0	-11,3	0	89,0	0	18,0	0	150,0	0	957,0	0	0,0	ERA5
1061115	18/01/2025	03	17/01/2025	22	HNE	-8,9	0	-10,3	0	90,0	0	22,0	0	150,0	0	956,0	0	0,0	ERA5
1061116	18/01/2025	04	17/01/2025	23	HNE	-7,9	0	-9,4	0	89,0	0	26,0	0	150,0	0	954,0	0	0,0	ERA5
1061117	18/01/2025	05	18/01/2025	00	HNE	-7,4	0	-8,6	0	91,0	0	28,0	0	150,0	0	952,0	0	0,0	ERA5
1061118	18/01/2025	06	18/01/2025	01	HNE	-6,5	0	-7,7	0	91,0	0	30,0	0	160,0	0	951,0	0	0,0	ERA5
1061119	18/01/2025	07	18/01/2025	02	HNE	-5,6	0	-6,8	0	91,0	0	28,0	0	160,0	0	951,0	0	0,0	ERA5
1061120	18/01/2025	08	18/01/2025	03	HNE	-4,9	0	-6,0	0	92,0	0	26,0	0	170,0	0	950,0	0	0,0	ERA5
1061121	18/01/2025	09	18/01/2025	04	HNE	-4,3	0	-5,1	0	94,0	0	24,0	0	170,0	0	950,0	0	0,0	ERA5
1061122	18/01/2025	10	18/01/2025	05	HNE	-3,6	0	-4,6	0	93,0	0	22,0	0	180,0	0	949,0	0	0,0	ERA5
1061123	18/01/2025	11	18/01/2025	06	HNE	-3,1	0	-4,1	0	93,0	0	26,0	0	180,0	0	949,0	0	0,0	ERA5
1061124	18/01/2025	12	18/01/2025	07	HNE	-2,9	0	-3,7	0	94,0	0	26,0	0	170,0	0	949,0	0	0,0	ERA5
1061125	18/01/2025	13	18/01/2025	08	HNE	-2,7	0	-3,7	0	93,0	0	24,0	0	180,0	0	949,0	0	0,6	ERA5
1061126	18/01/2025	14	18/01/2025	09	HNE	-2,6	0	-3,4	0	94,0	0	28,0	0	180,0	0	949,0	0	60,5	ERA5
1061127	18/01/2025	15	18/01/2025	10	HNE	-2,3	0	-3,1	0	94,0	0	28,0	0	180,0	0	949,0	0	184,5	ERA5
1061128	18/01/2025	16	18/01/2025	11	HNE	-2,0	0	-2,8	0	94,0	0	26,0	0	180,0	0	948,0	0	252,1	ERA5
1061129	18/01/2025	17	18/01/2025	12	HNE	-1,6	0	-2,7	0	92,0	0	22,0	0	200,0	0	948,0	0	342,3	ERA5
1061130	18/01/2025	18	18/01/2025	13	HNE	-1,3	0	-2,4	0	92,0	0	26,0	0	200,0	0	948,0	0	366,9	ERA5
1061131	18/01/2025	19	18/01/2025	14	HNE	-5,9	0	-7,6	0	88,0	0	21,0	0	270,0	0	949,0	0	362,4	ERA5
1061132	18/01/2025	20	18/01/2025	15	HNE	-8,4	0	-10,6	0	84,0	0	22,0	0	270,0	0	951,0	0	323,2	ERA5
1061133	18/01/2025	21	18/01/2025	16	HNE	-9,3	0	-12,5	0	78,0	0	26,0	0	280,0	0	953,0	0	141,1	ERA5
1061134	18/01/2025	22	18/01/2025	17	HNE	-10,7	0	-13,5	0	80,0	0	18,0	0	290,0	0	955,0	0	15,0	ERA5
1061135	18/01/2025	23	18/01/2025	18	HNE	-12,0	0	-14,3	0	83,0	0	15,0	0	300,0	0	956,0	0	0,0	ERA5
1061136	19/01/2025	00	18/01/2025	19	HNE	-14,2	0	-16,3	0	84,0	0	17,0	0	270,0	0	958,0	0	0,0	ERA5
1061137	19/01/2025	01	18/01/2025	20	HNE	-15,6	0	-18,0	0	82,0	0	21,0	0	280,0	0	959,0	0	0,0	ERA5
1061138	19/01/2025	02	18/01/2025	21	HNE	-16,8	0	-19,2	0	82,0	0	21,0	0	270,0	0	960,0	0	0,0	ERA5
1061139	19/01/2025	03	18/01/2025	22	HNE	-17,6	0	-19,8	0	83,0	0	11,0	0	290,0	0	961,0	0	0,0	ERA5
1061140	19/01/2025	04	18/01/2025	23	HNE	-18,3	0	-20,4	0	84,0	0	15,0	0	290,0	0	962,0	0	0,0	ERA5
1061141	19/01/2025	05	19/01/2025	00	HNE	-19,4	0	-21,6	0	83,0	0	13,0	0	300,0	0	962,0	0	0,0	ERA5
1061142	19/01/2025	06	19/01/2025	01	HNE	-19,6	0	-22,1	0	81,0	0	17,0	0	250,0	0	963,0	0	0,0	ERA5
1061143	19/01/2025	07	19/01/2025	02	HNE	-20,7	0	-23,6	0	78,0	0	15,0	0	270,0	0	964,0	0	0,0	ERA5
1061144	19/01/2025	08	19/01/2025	03	HNE	-21,8	0	-24,5	0	79,0	0	17,0	0	270,0	0	964,0	0	0,0	ERA5
1061145	19/01/2025	09	19/01/2025	04	HNE	-22,9	0	-25,6	0	79,0	0	11,0	0	270,0	0	965,0	0	0,0	ERA5
1061146	19/01/2025	10	19/01/2025	05	HNE	-23,1	0	-25,8	0	79,0	0	11,0	0	260,0	0	965,0	0	0,0	ERA5
1061147	19/01/2025	11	19/01/2025	06	HNE	-24,5	0	-27,3	0	78,0	0	17,0	0	260,0	0	966,0	0	0,0	ERA5
1061148	19/01/2025	12	19/01/2025	07	HNE	-26,4	0	-29,0	0	79,0	0	8,0	0	250,0	0	967,0	0	0,0	ERA5
1061149	19/01/2025	13	19/01/2025	08	HNE	-27,4	0	-29,8	0	81,0	0	8,0	0	240,0	0	967,0	0	2,1	ERA5
1061150	19/01/2025	14	19/01/2025	09	HNE	-27,4	0	-29,9	0	80,0	0	5,0	0	220,0	0	967,0	0	221,8	ERA5
1061151	19/01/2025	15	19/01/2025	10	HNE	-25,3	0	-28,2	0	77,0	0	8,0	0	240,0	0	967,0	0	636,2	ERA5
1061152	19/01/2025	16	19/01/2025	11	HNE	-23,9	0	-27,5	0	73,0	0	13,0	0	270,0	0	967,0	0	999,3	ERA5
1061153	19/01/2025	17	19/01/2025	12	HNE	-23,8	0	-27,7	0	71,0	0	17,0	0	260,0	0	967,0	0	1240,4	ERA5
1061154	19/01/2025	18	19/01/2025	13	HNE	-22,9	0	-27,0	0	70,0	0	13,0	0	270,0	0	967,0	0	1274,0	ERA5
1061155	19/01/2025	19	19/01/2025	14	HNE	-22,9	0	-27,0	0	70,0	0	13,0	0	240,0	0	967,0	0	1133,8	ERA5
1061156	19/01/2025	20	19/01/2025	15	HNE	-22,6	0	-27,0	0	68,0	0	15,0	0	240,0	0	968,0	0	784,5	ERA5
1061157	19/01/2025	21	19/01/2025	16	HNE	-23,1	0	-27,0	0	71,0	0	8,0	0	270,0	0	968,0	0	363,6	ERA5
1061158	19/01/2025	22	19/01/2025	17	HNE	-24,4	0	-27,4	0	77,0	0	5,0	0	260,0	0	968,0	0	30,4	ERA5
1061159	19/01/2025	23	19/01/2025	18	HNE	-27,4	0	-29,3	0	84,0	0	4,0	0	180,0	0	969,0	0	0,0	ERA5
1061160	20/01/2025	00	19/01/2025	19	HNE	-29,1	0	-31,3	0	82,0	0	0,0	0	0,0	0	969,0	0	0,0	ERA5
1061161	20/01/2025	01	19/01/2025	20	HNE	-31,0	0	-33,5	0	79,0	0	0,0	0	0,0	0	969,0	0	0,0	ERA5
1061162	20/01/2025	02	19/01/2025	21	HNE	-31,8	0	-34,3	0	79,0	0	0,0	0	0,0	0	969,0	0	0,0	ERA5
1061163	20/01/2025	03	19/01/2025	22	HNE	-32,4	0	-35,0	0	78,0	0	8,0	0	310,0	0	969,0	0	0,0	ERA5
1061164	20/01/2025	04	19/01/2025	23	HNE	-33,7	0	-36,4	0	77,0	0	0,0	0	0,0	0	969,0	0	0,0	ERA5
1061165	20/01/2025	05	20/01/2025	00	HNE	-33,5	0	-36,2	0	77,0	0	5,0	0	320,0	0	969,0	0	0,0	ERA5
1061166	20/01/2025	06	20/01/2025	01	HNE	-33,3	0	-36,1	0	77,0	0	5,0	0	310,0	0	969,0	0	0,0	ERA5
1061167	20/01/2025	07	20/01/2025	02	HNE	-35,1	0	-37,9	0	76,0	0	4,0	0	310,0	0	969,0	0	0,0	ERA5
1061168	20/01/2025	08	20/01/2025	03	HNE	-36,5	0	-39,6	0	74,0	0	4,0	0	0,0	0	969,0	0	0,0	ERA5
1061169	20/01/2025	09	20/01/2025	04	HNE	-38,6	0	-41,6	0	74,0	0	0,0	0	0,0	0	969,0	0	0,0	ERA5
1061170	20/01/2025	10	20/01/2025	05	HNE	-38,6	0	-41,8	0	73,0	0	5,0	0	300,0	0	969,0	0	0,0	ERA5
1061171	20/01/2025	11	20/01/2025	06	HNE	-37,2	0	-40,3	0	74,0	0	0,0	0	0,0	0	969,0	0	0,0	ERA5
1061172	20/01/2025	12	20/01/2025	07	HNE	-37,4	0	-40,5	0	74,0	0	8,0	0	290,0	0	969,0	0	0,0	ERA5
1061173	20/01/2025	13	20/01/2025	08	HNE	-37,0	0	-40,2	0	73,0	0	4,0	0	0,0	0	970,0	0	2,7	ERA5
1061174	20/01/2025	14	20/01/2025	09	HNE	-33,3	0	-36,2	0	76,0	0	8,0	0	290,0	0	970,0	0	231,6	ERA5
1061175	20/01/2025	15	20/01/2025	10	HNE	-30,7	0	-33,7	0	76,0	0	8,0	0	280,0	0	970,0	0	682,8	ERA5
1061176	20/01/2025	16	20/01/2025	11	HNE	-28,5	0	-31,4	0	77,0	0	11,0	0	250,0	0	971,0	0	943,4	ERA5
1061177	20/01/2025	17	20/01/2025	12	HNE	-27,7	0	-30,6	0	77,0	0	13,0	0	290,0	0	971,0	0	1276,5	ERA5
1061178	20/01/2025	18	20/01/2025	13	HNE	-27,5	0	-30,5	0	76,0	0	15,0	0	260,0	0	970,0	0	1308,8	ERA5
1061179	20/01/2025	19	20/01/2025	14	HNE	-27,1	0	-30,4	0	74,0	0	11,0	0	270,0	0	971,0	0	1169,5	ERA5
1061180	20/01/2025	20	20/01/2025	15	HNE	-27,2	0	-30,8	0	72,0	0	11,0	0	230,0	0	971,0	0	828,7	ERA5
1061181	20/01/2025	21	20/01/2025	16	HNE	-27,5	0	-31,4	0	70,0	0	11,0	0	250,0	0	972,0	0	375,2	ERA5
1061182	20/01/2025	22	20/01/2025	17	HNE	-28,6	0	-31,9	0	74,0	0	5,0	0	240,0	0	972,0	0	32,4	ERA5
1061183	20/01/2025	23	20/01/2025	18	HNE	-29,7	0	-32,7	0	76,0	0	5,0	0	220,0	0	972,0	0	0,0	ERA5
1061184	21/01/2025	00	20/01/2025	19	HNE	-30,3	0	-33,0	0	78,0	0	5,0	0	240,0	0	973,0	0	0,0	ERA5
1061185	21/01/2025	01	20/01/2025	20	HNE	-33,5	0	-36,2	0	77,0	0	4,0	0	250,0	0	973,0	0	0,0	ERA5
1061186	21/01/2025	02	20/01/2025	21	HNE	-34,1	0	-36,8	0	77,0	0	4,0	0	200,0	0	973,0	0	0,0	ERA5
1061187	21/01/2025	03	20/01/2025	22	HNE	-35,6	0	-38,4	0	76,0	0	0,0	0	0,0	0	973,0	0	0,0	ERA5
1061188	21/01/2025	04	20/01/2025	23	HNE	-37,2	0	-40,1	0	75,0	0	4,0	0	200,0	0	973,0	0	0,0	ERA5
1061189	21/01/2025	05	21/01/2025	00	HNE	-37,5	0	-40,4	0	75,0	0	0,0	0	0,0	0	973,0	0	0,0	ERA5
1061190	21/01/2025	06	21/01/2025	01	HNE	-38,3	0	-41,3	0	74,0	0	0,0	0	0,0	0	973,0	0	0,0	ERA5
1061191	21/01/2025	07	21/01/2025	02	HNE	-39,2	0	-42,3	0	73,0	0	0,0	0	0,0	0	973,0	0	0,0	ERA5
1061192	21/01/2025	08	21/01/2025	03	HNE	-39,9	0	-43,0	0	73,0	0	4,0	0	190,0	0	973,0	0	0,0	ERA5
1061193	21/01/2025	09	21/01/2025	04	HNE	-40,6	0	-43,8	0	72,0	0	4,0	0	150,0	0	973,0	0	0,0	ERA5
1061194	21/01/2025	10	21/01/2025	05	HNE	-41,3	0	-44,4	0	73,0	0	5,0	0	140,0	0	973,0	0	0,0	ERA5
1061195	21/01/2025	11	21/01/2025	06	HNE	-42,7	0	-46,0	0	71,0	0	5,0	0	180,0	0	973,0	0	0,0	ERA5
1061196	21/01/2025	12	21/01/2025	07	HNE	-39,8	0	-43,1	0	72,0	0	5,0	0	150,0	0	973,0	0	0,0	ERA5
1061197	21/01/2025	13	21/01/2025	08	HNE	-39,9	0	-43,2	0	72,0	0	5,0	0	170,0	0	973,0	0	3,7	ERA5
1061198	21/01/2025	14	21/01/2025	09	HNE	-37,2	0	-40,4	0	73,0	0	8,0	0	190,0	0	974,0	0	243,1	ERA5
1061199	21/01/2025	15	21/01/2025	10	HNE	-32,8	0	-35,7	0	76,0	0	8,0	0	180,0	0	974,0	0	697,5	ERA5
1061200	21/01/2025	16	21/01/2025	11	HNE	-28,7	0	-31,8	0	75,0	0	17,0	0	230,0	0	973,0	0	1047,2	ERA5
1061201	21/01/2025	17	21/01/2025	12	HNE	-27,3	0	-30,9	0	72,0	0	24,0	0	220,0	0	973,0	0	1243,5	ERA5
1061202	21/01/2025	18	21/01/2025	13	HNE	-26,4	0	-30,8	0	67,0	0	18,0	0	240,0	0	973,0	0	1272,9	ERA5
1061203	21/01/2025	19	21/01/2025	14	HNE	-26,0	0	-30,4	0	67,0	0	13,0	0	220,0	0	972,0	0	1157,5	ERA5
1061204	21/01/2025	20	21/01/2025	15	HNE	-25,4	0	-30,0	0	66,0	0	22,0	0	200,0	0	972,0	0	848,4	ERA5
1061205	21/01/2025	21	21/01/2025	16	HNE	-25,8	0	-29,5	0	72,0	0	9,0	0	210,0	0	972,0	0	406,5	ERA5
1061206	21/01/2025	22	21/01/2025	17	HNE	-27,5	0	-30,5	0	76,0	0	8,0	0	200,0	0	973,0	0	37,5	ERA5
1061207	21/01/2025	23	21/01/2025	18	HNE	-29,6	0	-32,0	0	80,0	0	5,0	0	190,0	0	973,0	0	0,0	ERA5
1061208	22/01/2025	00	21/01/2025	19	HNE	-31,1	0	-33,8	0	78,0	0	4,0	0	200,0	0	974,0	0	0,0	ERA5
1061209	22/01/2025	01	21/01/2025	20	HNE	-31,1	0	-33,8	0	78,0	0	5,0	0	210,0	0	974,0	0	0,0	ERA5
1061210	22/01/2025	02	21/01/2025	21	HNE	-33,3	0	-36,1	0	77,0	0	5,0	0	210,0	0	974,0	0	0,0	ERA5
1061211	22/01/2025	03	21/01/2025	22	HNE	-31,5	0	-34,0	0	79,0	0	4,0	0	170,0	0	974,0	0	0,0	ERA5
1061212	22/01/2025	04	21/01/2025	23	HNE	-35,0	0	-38,0	0	75,0	0	5,0	0	210,0	0	974,0	0	0,0	ERA5
1061213	22/01/2025	05	22/01/2025	00	HNE	-34,9	0	-37,9	0	75,0	0	5,0	0	210,0	0	974,0	0	0,0	ERA5
1061214	22/01/2025	06	22/01/2025	01	HNE	-33,3	0	-36,2	0	76,0	0	4,0	0	170,0	0	974,0	0	0,0	ERA5
1061215	22/01/2025	07	22/01/2025	02	HNE	-36,8	0	-40,0	0	73,0	0	0,0	0	0,0	0	974,0	0	0,0	ERA5
1061216	22/01/2025	08	22/01/2025	03	HNE	-36,9	0	-40,1	0	73,0	0	0,0	0	0,0	0	974,0	0	0,0	ERA5
1061217	22/01/2025	09	22/01/2025	04	HNE	-38,0	0	-41,3	0	72,0	0	4,0	0	0,0	0	974,0	0	0,0	ERA5
1061218	22/01/2025	10	22/01/2025	05	HNE	-35,2	0	-38,3	0	74,0	0	4,0	0	0,0	0	974,0	0	0,0	ERA5
1061219	22/01/2025	11	22/01/2025	06	HNE	-35,4	0	-38,4	0	75,0	0	4,0	0	0,0	0	974,0	0	0,0	ERA5
1061220	22/01/2025	12	22/01/2025	07	HNE	-32,3	0	-35,1	0	77,0	0	4,0	0	160,0	0	974,0	0	0,0	ERA5
1061221	22/01/2025	13	22/01/2025	08	HNE	-31,6	0	-34,4	0	77,0	0	5,0	0	160,0	0	974,0	0	4,4	ERA5
1061222	22/01/2025	14	22/01/2025	09	HNE	-29,9	0	-32,7	0	77,0	0	11,0	0	180,0	0	974,0	0	232,1	ERA5
1061223	22/01/2025	15	22/01/2025	10	HNE	-24,5	0	-27,0	0	80,0	0	18,0	0	180,0	0	974,0	0	600,6	ERA5
1061224	22/01/2025	16	22/01/2025	11	HNE	-20,7	0	-23,5	0	79,0	0	21,0	0	190,0	0	974,0	0	1015,0	ERA5
1061225	22/01/2025	17	22/01/2025	12	HNE	-19,1	0	-24,3	0	64,0	0	30,0	0	190,0	0	973,0	0	1223,6	ERA5
1061226	22/01/2025	18	22/01/2025	13	HNE	-17,8	0	-22,9	0	65,0	0	21,0	0	200,0	0	973,0	0	1290,4	ERA5
1061227	22/01/2025	19	22/01/2025	14	HNE	-16,8	0	-22,0	0	65,0	0	22,0	0	200,0	0	973,0	0	1172,1	ERA5
1061228	22/01/2025	20	22/01/2025	15	HNE	-17,1	0	-21,9	0	67,0	0	18,0	0	190,0	0	973,0	0	876,2	ERA5
1061229	22/01/2025	21	22/01/2025	16	HNE	-18,1	0	-22,1	0	72,0	0	17,0	0	200,0	0	973,0	0	392,7	ERA5
1061230	22/01/2025	22	22/01/2025	17	HNE	-20,3	0	-23,0	0	80,0	0	13,0	0	180,0	0	973,0	0	41,5	ERA5
1061231	22/01/2025	23	22/01/2025	18	HNE	-20,1	0	-23,0	0	78,0	0	13,0	0	190,0	0	973,0	0	0,0	ERA5
1061232	23/01/2025	00	22/01/2025	19	HNE	-18,7	0	-21,6	0	78,0	0	13,0	0	170,0	0	973,0	0	0,0	ERA5
1061233	23/01/2025	01	22/01/2025	20	HNE	-18,7	0	-21,6	0	78,0	0	11,0	0	160,0	0	972,0	0	0,0	ERA5
1061234	23/01/2025	02	22/01/2025	21	HNE	-18,4	0	-21,2	0	79,0	0	13,0	0	160,0	0	972,0	0	0,0	ERA5
1061235	23/01/2025	03	22/01/2025	22	HNE	-18,1	0	-20,3	0	83,0	0	15,0	0	160,0	0	971,0	0	0,0	ERA5
1061236	23/01/2025	04	22/01/2025	23	HNE	-17,8	0	-19,9	0	84,0	0	13,0	0	160,0	0	971,0	0	0,0	ERA5
1061237	23/01/2025	05	23/01/2025	00	HNE	-17,6	0	-19,7	0	84,0	0	11,0	0	160,0	0	970,0	0	0,0	ERA5
1061238	23/01/2025	06	23/01/2025	01	HNE	-16,8	0	-18,9	0	84,0	0	13,0	0	150,0	0	970,0	0	0,0	ERA5
1061239	23/01/2025	07	23/01/2025	02	HNE	-16,7	0	-18,8	0	84,0	0	13,0	0	160,0	0	969,0	0	0,0	ERA5
1061240	23/01/2025	08	23/01/2025	03	HNE	-16,7	0	-19,0	0	83,0	0	11,0	0	160,0	0	969,0	0	0,0	ERA5
1061241	23/01/2025	09	23/01/2025	04	HNE	-16,7	0	-19,0	0	83,0	0	11,0	0	150,0	0	968,0	0	0,0	ERA5
1061242	23/01/2025	10	23/01/2025	05	HNE	-16,8	0	-18,9	0	84,0	0	11,0	0	160,0	0	968,0	0	0,0	ERA5
1061243	23/01/2025	11	23/01/2025	06	HNE	-17,2	0	-19,3	0	84,0	0	11,0	0	140,0	0	968,0	0	0,0	ERA5
1061244	23/01/2025	12	23/01/2025	07	HNE	-17,7	0	-19,7	0	85,0	0	5,0	0	150,0	0	968,0	0	0,0	ERA5
1061245	23/01/2025	13	23/01/2025	08	HNE	-16,7	0	-18,7	0	85,0	0	9,0	0	150,0	0	967,0	0	3,8	ERA5
1061246	23/01/2025	14	23/01/2025	09	HNE	-16,2	0	-18,3	0	84,0	0	11,0	0	160,0	0	967,0	0	161,0	ERA5
1061247	23/01/2025	15	23/01/2025	10	HNE	-15,4	0	-18,0	0	81,0	0	13,0	0	160,0	0	967,0	0	472,5	ERA5
1061248	23/01/2025	16	23/01/2025	11	HNE	-14,8	0	-17,4	0	81,0	0	11,0	0	170,0	0	966,0	0	746,0	ERA5
1061249	23/01/2025	17	23/01/2025	12	HNE	-13,9	0	-16,8	0	79,0	0	13,0	0	190,0	0	965,0	0	981,2	ERA5
1061250	23/01/2025	18	23/01/2025	13	HNE	-13,4	0	-16,8	0	76,0	0	11,0	0	180,0	0	965,0	0	939,0	ERA5
1061251	23/01/2025	19	23/01/2025	14	HNE	-13,1	0	-16,8	0	74,0	0	9,0	0	200,0	0	964,0	0	737,7	ERA5
1061252	23/01/2025	20	23/01/2025	15	HNE	-13,0	0	-15,9	0	79,0	0	5,0	0	280,0	0	964,0	0	502,1	ERA5
1061253	23/01/2025	21	23/01/2025	16	HNE	-13,6	0	-15,9	0	83,0	0	5,0	0	310,0	0	965,0	0	226,1	ERA5
1061254	23/01/2025	22	23/01/2025	17	HNE	-14,6	0	-16,2	0	88,0	0	4,0	0	280,0	0	965,0	0	31,4	ERA5
1061255	23/01/2025	23	23/01/2025	18	HNE	-15,3	0	-16,9	0	88,0	0	4,0	0	290,0	0	965,0	0	0,0	ERA5
1061256	24/01/2025	00	23/01/2025	19	HNE	-16,9	0	-18,6	0	87,0	0	5,0	0	280,0	0	966,0	0	0,0	ERA5
1061257	24/01/2025	01	23/01/2025	20	HNE	-19,3	0	-20,8	0	88,0	0	9,0	0	290,0	0	966,0	0	0,0	ERA5
1061258	24/01/2025	02	23/01/2025	21	HNE	-19,0	0	-20,7	0	87,0	0	9,0	0	300,0	0	966,0	0	0,0	ERA5
1061259	24/01/2025	03	23/01/2025	22	HNE	-22,1	0	-24,3	0	83,0	0	8,0	0	280,0	0	966,0	0	0,0	ERA5
1061260	24/01/2025	04	23/01/2025	23	HNE	-20,2	0	-22,0	0	86,0	0	9,0	0	290,0	0	966,0	0	0,0	ERA5
1061261	24/01/2025	05	24/01/2025	00	HNE	-21,2	0	-23,1	0	85,0	0	9,0	0	270,0	0	966,0	0	0,0	ERA5
1061262	24/01/2025	06	24/01/2025	01	HNE	-22,4	0	-24,4	0	84,0	0	9,0	0	280,0	0	967,0	0	0,0	ERA5
1061263	24/01/2025	07	24/01/2025	02	HNE	-23,1	0	-25,2	0	83,0	0	5,0	0	260,0	0	967,0	0	0,0	ERA5
1061264	24/01/2025	08	24/01/2025	03	HNE	-24,5	0	-26,6	0	83,0	0	8,0	0	240,0	0	967,0	0	0,0	ERA5
1061265	24/01/2025	09	24/01/2025	04	HNE	-25,2	0	-27,4	0	82,0	0	0,0	0	0,0	0	967,0	0	0,0	ERA5
1061266	24/01/2025	10	24/01/2025	05	HNE	-25,5	0	-27,7	0	82,0	0	8,0	0	240,0	0	968,0	0	0,0	ERA5
1061267	24/01/2025	11	24/01/2025	06	HNE	-25,5	0	-27,9	0	81,0	0	8,0	0	240,0	0	968,0	0	0,0	ERA5
1061268	24/01/2025	12	24/01/2025	07	HNE	-26,8	0	-29,1	0	81,0	0	9,0	0	230,0	0	968,0	0	0,0	ERA5
1061269	24/01/2025	13	24/01/2025	08	HNE	-26,2	0	-28,7	0	80,0	0	11,0	0	240,0	0	969,0	0	6,1	ERA5
1061270	24/01/2025	14	24/01/2025	09	HNE	-24,9	0	-27,3	0	81,0	0	13,0	0	240,0	0	969,0	0	255,3	ERA5
1061271	24/01/2025	15	24/01/2025	10	HNE	-23,2	0	-25,5	0	82,0	0	13,0	0	250,0	0	969,0	0	675,4	ERA5
1061272	24/01/2025	16	24/01/2025	11	HNE	-21,4	0	-23,6	0	83,0	0	13,0	0	230,0	0	970,0	0	1036,2	ERA5
1061273	24/01/2025	17	24/01/2025	12	HNE	-19,9	0	-22,1	0	83,0	0	17,0	0	270,0	0	969,0	0	1191,5	ERA5
1061274	24/01/2025	18	24/01/2025	13	HNE	-19,0	0	-21,2	0	83,0	0	18,0	0	250,0	0	969,0	0	1251,0	ERA5
1061275	24/01/2025	19	24/01/2025	14	HNE	-18,6	0	-21,0	0	82,0	0	17,0	0	230,0	0	969,0	0	1018,8	ERA5
1061276	24/01/2025	20	24/01/2025	15	HNE	-18,3	0	-20,7	0	82,0	0	15,0	0	230,0	0	969,0	0	775,5	ERA5
1061277	24/01/2025	21	24/01/2025	16	HNE	-18,4	0	-21,1	0	80,0	0	13,0	0	240,0	0	969,0	0	400,4	ERA5
1061278	24/01/2025	22	24/01/2025	17	HNE	-18,8	0	-21,3	0	81,0	0	18,0	0	230,0	0	970,0	0	52,4	ERA5
1061279	24/01/2025	23	24/01/2025	18	HNE	-19,6	0	-21,8	0	83,0	0	8,0	0	230,0	0	970,0	0	0,0	ERA5
1061280	25/01/2025	00	24/01/2025	19	HNE	-21,8	0	-23,8	0	84,0	0	8,0	0	210,0	0	971,0	0	0,0	ERA5
1061281	25/01/2025	01	24/01/2025	20	HNE	-22,6	0	-24,7	0	83,0	0	9,0	0	210,0	0	970,0	0	0,0	ERA5
1061282	25/01/2025	02	24/01/2025	21	HNE	-24,9	0	-27,1	0	83,0	0	8,0	0	200,0	0	970,0	0	0,0	ERA5
1061283	25/01/2025	03	24/01/2025	22	HNE	-25,4	0	-27,5	0	83,0	0	9,0	0	210,0	0	970,0	0	0,0	ERA5
1061284	25/01/2025	04	24/01/2025	23	HNE	-24,9	0	-27,0	0	83,0	0	11,0	0	210,0	0	970,0	0	0,0	ERA5
1061285	25/01/2025	05	25/01/2025	00	HNE	-25,0	0	-27,0	0	84,0	0	11,0	0	210,0	0	970,0	0	0,0	ERA5
1061286	25/01/2025	06	25/01/2025	01	HNE	-25,9	0	-28,0	0	83,0	0	8,0	0	210,0	0	970,0	0	0,0	ERA5
1061287	25/01/2025	07	25/01/2025	02	HNE	-24,6	0	-26,7	0	83,0	0	11,0	0	210,0	0	970,0	0	0,0	ERA5
1061288	25/01/2025	08	25/01/2025	03	HNE	-24,6	0	-26,9	0	82,0	0	11,0	0	210,0	0	970,0	0	0,0	ERA5
1061289	25/01/2025	09	25/01/2025	04	HNE	-23,9	0	-26,3	0	81,0	0	13,0	0	210,0	0	969,0	0	0,0	ERA5
1061290	25/01/2025	10	25/01/2025	05	HNE	-21,9	0	-24,1	0	83,0	0	11,0	0	200,0	0	969,0	0	0,0	ERA5
1061291	25/01/2025	11	25/01/2025	06	HNE	-22,2	0	-24,4	0	83,0	0	9,0	0	160,0	0	969,0	0	0,0	ERA5
1061292	25/01/2025	12	25/01/2025	07	HNE	-21,4	0	-23,6	0	83,0	0	9,0	0	160,0	0	968,0	0	0,0	ERA5
1061293	25/01/2025	13	25/01/2025	08	HNE	-20,8	0	-23,0	0	83,0	0	13,0	0	200,0	0	968,0	0	8,4	ERA5
1061294	25/01/2025	14	25/01/2025	09	HNE	-20,5	0	-22,6	0	84,0	0	9,0	0	160,0	0	968,0	0	292,6	ERA5
1061295	25/01/2025	15	25/01/2025	10	HNE	-19,3	0	-21,4	0	84,0	0	11,0	0	150,0	0	967,0	0	739,7	ERA5
1061296	25/01/2025	16	25/01/2025	11	HNE	-17,1	0	-19,2	0	84,0	0	15,0	0	160,0	0	967,0	0	1109,8	ERA5
1061297	25/01/2025	17	25/01/2025	12	HNE	-15,9	0	-18,2	0	83,0	0	13,0	0	170,0	0	966,0	0	1331,2	ERA5
1061298	25/01/2025	18	25/01/2025	13	HNE	-15,0	0	-17,6	0	81,0	0	22,0	0	160,0	0	965,0	0	1145,5	ERA5
1061299	25/01/2025	19	25/01/2025	14	HNE	-13,8	0	-16,4	0	81,0	0	21,0	0	150,0	0	963,0	0	806,8	ERA5
1061300	25/01/2025	20	25/01/2025	15	HNE	-13,1	0	-15,9	0	80,0	0	22,0	0	170,0	0	963,0	0	673,3	ERA5
1061301	25/01/2025	21	25/01/2025	16	HNE	-12,8	0	-15,7	0	79,0	0	21,0	0	170,0	0	962,0	0	375,5	ERA5
1061302	25/01/2025	22	25/01/2025	17	HNE	-12,9	0	-15,6	0	80,0	0	22,0	0	170,0	0	962,0	0	51,8	ERA5
1061303	25/01/2025	23	25/01/2025	18	HNE	-13,0	0	-15,6	0	81,0	0	22,0	0	170,0	0	961,0	0	0,0	ERA5
1061304	26/01/2025	00	25/01/2025	19	HNE	-12,9	0	-15,4	0	82,0	0	24,0	0	170,0	0	961,0	0	0,0	ERA5
1061305	26/01/2025	01	25/01/2025	20	HNE	-12,9	0	-14,9	0	85,0	0	18,0	0	170,0	0	960,0	0	0,0	ERA5
1061306	26/01/2025	02	25/01/2025	21	HNE	-12,7	0	-14,6	0	86,0	0	21,0	0	170,0	0	959,0	0	0,0	ERA5
1061307	26/01/2025	03	25/01/2025	22	HNE	-12,8	0	-14,7	0	86,0	0	18,0	0	180,0	0	958,0	0	0,0	ERA5
1061308	26/01/2025	04	25/01/2025	23	HNE	-12,3	0	-14,2	0	86,0	0	17,0	0	170,0	0	957,0	0	0,0	ERA5
1061309	26/01/2025	05	26/01/2025	00	HNE	-11,9	0	-13,5	0	88,0	0	17,0	0	170,0	0	957,0	0	0,0	ERA5
1061310	26/01/2025	06	26/01/2025	01	HNE	-11,5	0	-13,0	0	89,0	0	15,0	0	180,0	0	956,0	0	0,0	ERA5
1061311	26/01/2025	07	26/01/2025	02	HNE	-11,3	0	-12,6	0	90,0	0	11,0	0	170,0	0	956,0	0	0,0	ERA5
1061312	26/01/2025	08	26/01/2025	03	HNE	-11,3	0	-12,4	0	92,0	0	9,0	0	170,0	0	955,0	0	0,0	ERA5
1061313	26/01/2025	09	26/01/2025	04	HNE	-11,4	0	-12,6	0	91,0	0	5,0	0	200,0	0	955,0	0	0,0	ERA5
1061314	26/01/2025	10	26/01/2025	05	HNE	-10,5	0	-11,6	0	92,0	0	0,0	0	0,0	0	955,0	0	0,0	ERA5
1061315	26/01/2025	11	26/01/2025	06	HNE	-10,7	0	-11,8	0	92,0	0	5,0	0	320,0	0	955,0	0	0,0	ERA5
1061316	26/01/2025	12	26/01/2025	07	HNE	-10,6	0	-11,9	0	90,0	0	8,0	0	300,0	0	955,0	0	0,0	ERA5
1061317	26/01/2025	13	26/01/2025	08	HNE	-11,2	0	-13,1	0	86,0	0	18,0	0	310,0	0	956,0	0	4,4	ERA5
1061318	26/01/2025	14	26/01/2025	09	HNE	-12,4	0	-14,7	0	83,0	0	24,0	0	290,0	0	957,0	0	165,1	ERA5
1061319	26/01/2025	15	26/01/2025	10	HNE	-14,4	0	-17,1	0	80,0	0	18,0	0	320,0	0	959,0	0	477,4	ERA5
1061320	26/01/2025	16	26/01/2025	11	HNE	-14,7	0	-18,1	0	76,0	0	30,0	0	280,0	0	959,0	0	752,9	ERA5
1061321	26/01/2025	17	26/01/2025	12	HNE	-14,6	0	-18,3	0	74,0	0	30,0	0	270,0	0	959,0	0	929,4	ERA5
1061322	26/01/2025	18	26/01/2025	13	HNE	-16,3	0	-20,6	0	70,0	0	15,0	0	260,0	0	960,0	0	1136,2	ERA5
1061323	26/01/2025	19	26/01/2025	14	HNE	-17,4	0	-21,8	0	69,0	0	22,0	0	260,0	0	961,0	0	1134,6	ERA5
1061324	26/01/2025	20	26/01/2025	15	HNE	-18,6	0	-22,4	0	72,0	0	21,0	0	260,0	0	961,0	0	857,9	ERA5
1061325	26/01/2025	21	26/01/2025	16	HNE	-19,0	0	-22,6	0	74,0	0	13,0	0	250,0	0	962,0	0	432,9	ERA5
1061326	26/01/2025	22	26/01/2025	17	HNE	-18,8	0	-22,0	0	76,0	0	15,0	0	240,0	0	962,0	0	57,5	ERA5
1061327	26/01/2025	23	26/01/2025	18	HNE	-18,5	0	-21,3	0	79,0	0	11,0	0	210,0	0	962,0	0	0,0	ERA5
1061328	27/01/2025	00	26/01/2025	19	HNE	-17,7	0	-20,5	0	79,0	0	15,0	0	210,0	0	961,0	0	0,0	ERA5
1061329	27/01/2025	01	26/01/2025	20	HNE	-17,6	0	-20,4	0	79,0	0	15,0	0	210,0	0	960,0	0	0,0	ERA5
1061330	27/01/2025	02	26/01/2025	21	HNE	-17,9	0	-20,1	0	83,0	0	21,0	0	180,0	0	958,0	0	0,0	ERA5
1061331	27/01/2025	03	26/01/2025	22	HNE	-17,6	0	-19,8	0	83,0	0	15,0	0	170,0	0	956,0	0	0,0	ERA5
1061332	27/01/2025	04	26/01/2025	23	HNE	-17,3	0	-19,4	0	84,0	0	15,0	0	170,0	0	954,0	0	0,0	ERA5
1061333	27/01/2025	05	27/01/2025	00	HNE	-17,0	0	-19,0	0	85,0	0	17,0	0	150,0	0	952,0	0	0,0	ERA5
1061334	27/01/2025	06	27/01/2025	01	HNE	-15,2	0	-17,0	0	86,0	0	21,0	0	160,0	0	950,0	0	0,0	ERA5
1061335	27/01/2025	07	27/01/2025	02	HNE	-12,7	0	-14,9	0	84,0	0	30,0	0	200,0	0	949,0	0	0,0	ERA5
1061336	27/01/2025	08	27/01/2025	03	HNE	-12,1	0	-14,0	0	86,0	0	30,0	0	190,0	0	948,0	0	0,0	ERA5
1061337	27/01/2025	09	27/01/2025	04	HNE	-10,9	0	-12,8	0	86,0	0	37,0	0	190,0	0	945,0	0	0,0	ERA5
1061338	27/01/2025	10	27/01/2025	05	HNE	-10,3	0	-12,1	0	87,0	0	37,0	0	190,0	0	943,0	0	0,0	ERA5
1061339	27/01/2025	11	27/01/2025	06	HNE	-9,7	0	-11,6	0	86,0	0	37,0	0	200,0	0	941,0	0	0,0	ERA5
1061340	27/01/2025	12	27/01/2025	07	HNE	-8,8	0	-10,4	0	88,0	0	34,0	0	200,0	0	939,0	0	0,0	ERA5
1061341	27/01/2025	13	27/01/2025	08	HNE	-7,8	0	-9,3	0	89,0	0	41,0	0	190,0	0	937,0	0	4,8	ERA5
1061342	27/01/2025	14	27/01/2025	09	HNE	-7,3	0	-8,8	0	89,0	0	45,0	0	190,0	0	934,0	0	93,1	ERA5
1061343	27/01/2025	15	27/01/2025	10	HNE	-6,7	0	-8,2	0	89,0	0	43,0	0	190,0	0	932,0	0	216,2	ERA5
1061344	27/01/2025	16	27/01/2025	11	HNE	-6,1	0	-7,5	0	90,0	0	43,0	0	200,0	0	931,0	0	338,6	ERA5
1061345	27/01/2025	17	27/01/2025	12	HNE	-5,5	0	-6,9	0	90,0	0	35,0	0	200,0	0	929,0	0	405,1	ERA5
1061346	27/01/2025	18	27/01/2025	13	HNE	-4,9	0	-6,2	0	91,0	0	35,0	0	210,0	0	928,0	0	447,7	ERA5
1061347	27/01/2025	19	27/01/2025	14	HNE	-4,3	0	-5,8	0	90,0	0	32,0	0	210,0	0	928,0	0	429,6	ERA5
1061348	27/01/2025	20	27/01/2025	15	HNE	-7,2	0	-8,7	0	89,0	0	28,0	0	290,0	0	929,0	0	350,4	ERA5
1061349	27/01/2025	21	27/01/2025	16	HNE	-9,4	0	-12,2	0	80,0	0	18,0	0	280,0	0	931,0	0	180,1	ERA5
1061350	27/01/2025	22	27/01/2025	17	HNE	-11,8	0	-14,0	0	84,0	0	17,0	0	290,0	0	932,0	0	33,6	ERA5
1061351	27/01/2025	23	27/01/2025	18	HNE	-12,4	0	-15,2	0	80,0	0	24,0	0	280,0	0	934,0	0	0,0	ERA5
1061352	28/01/2025	00	27/01/2025	19	HNE	-14,1	0	-17,5	0	76,0	0	28,0	0	280,0	0	935,0	0	0,0	ERA5
1061353	28/01/2025	01	27/01/2025	20	HNE	-17,1	0	-20,4	0	76,0	0	26,0	0	290,0	0	937,0	0	0,0	ERA5
1061354	28/01/2025	02	27/01/2025	21	HNE	-19,2	0	-23,7	0	68,0	0	24,0	0	280,0	0	939,0	0	0,0	ERA5
1061355	28/01/2025	03	27/01/2025	22	HNE	-20,0	0	-23,8	0	72,0	0	24,0	0	260,0	0	940,0	0	0,0	ERA5
1061356	28/01/2025	04	27/01/2025	23	HNE	-20,5	0	-24,0	0	74,0	0	26,0	0	250,0	0	940,0	0	0,0	ERA5
1061357	28/01/2025	05	28/01/2025	00	HNE	-20,8	0	-24,6	0	72,0	0	21,0	0	260,0	0	941,0	0	0,0	ERA5
1061358	28/01/2025	06	28/01/2025	01	HNE	-21,3	0	-24,8	0	74,0	0	26,0	0	260,0	0	942,0	0	0,0	ERA5
1061359	28/01/2025	07	28/01/2025	02	HNE	-21,8	0	-25,3	0	74,0	0	21,0	0	250,0	0	943,0	0	0,0	ERA5
1061360	28/01/2025	08	28/01/2025	03	HNE	-22,5	0	-25,5	0	77,0	0	22,0	0	260,0	0	944,0	0	0,0	ERA5
1061361	28/01/2025	09	28/01/2025	04	HNE	-23,0	0	-26,3	0	75,0	0	17,0	0	260,0	0	944,0	0	0,0	ERA5
1061362	28/01/2025	10	28/01/2025	05	HNE	-23,4	0	-27,5	0	70,0	0	26,0	0	280,0	0	946,0	0	0,0	ERA5
1061363	28/01/2025	11	28/01/2025	06	HNE	-24,0	0	-28,0	0	70,0	0	22,0	0	280,0	0	947,0	0	0,0	ERA5
1061364	28/01/2025	12	28/01/2025	07	HNE	-24,9	0	-27,8	0	77,0	0	13,0	0	270,0	0	948,0	0	0,0	ERA5
1061365	28/01/2025	13	28/01/2025	08	HNE	-25,7	0	-28,6	0	77,0	0	21,0	0	270,0	0	948,0	0	11,5	ERA5
1061366	28/01/2025	14	28/01/2025	09	HNE	-25,1	0	-28,6	0	73,0	0	21,0	0	260,0	0	949,0	0	282,0	ERA5
1061367	28/01/2025	15	28/01/2025	10	HNE	-24,5	0	-28,5	0	70,0	0	18,0	0	280,0	0	950,0	0	676,7	ERA5
1061368	28/01/2025	16	28/01/2025	11	HNE	-24,0	0	-28,5	0	67,0	0	24,0	0	250,0	0	950,0	0	1042,3	ERA5
1061369	28/01/2025	17	28/01/2025	12	HNE	-23,3	0	-28,0	0	66,0	0	21,0	0	250,0	0	950,0	0	1264,6	ERA5
1061370	28/01/2025	18	28/01/2025	13	HNE	-22,4	0	-27,3	0	65,0	0	17,0	0	270,0	0	950,0	0	1336,3	ERA5
1061371	28/01/2025	19	28/01/2025	14	HNE	-22,1	0	-26,5	0	68,0	0	15,0	0	240,0	0	950,0	0	1201,2	ERA5
1061372	28/01/2025	20	28/01/2025	15	HNE	-22,2	0	-26,6	0	68,0	0	17,0	0	240,0	0	950,0	0	899,2	ERA5
1061373	28/01/2025	21	28/01/2025	16	HNE	-22,1	0	-26,2	0	70,0	0	17,0	0	230,0	0	950,0	0	482,9	ERA5
1061374	28/01/2025	22	28/01/2025	17	HNE	-23,4	0	-26,3	0	78,0	0	5,0	0	230,0	0	950,0	0	79,4	ERA5
1061375	28/01/2025	23	28/01/2025	18	HNE	-24,7	0	-27,3	0	79,0	0	8,0	0	230,0	0	951,0	0	0,0	ERA5
1061376	29/01/2025	00	28/01/2025	19	HNE	-29,3	0	-32,0	0	78,0	0	5,0	0	220,0	0	951,0	0	0,0	ERA5
1061377	29/01/2025	01	28/01/2025	20	HNE	-30,4	0	-32,9	0	79,0	0	8,0	0	200,0	0	951,0	0	0,0	ERA5
1061378	29/01/2025	02	28/01/2025	21	HNE	-29,7	0	-32,1	0	80,0	0	4,0	0	170,0	0	950,0	0	0,0	ERA5
1061379	29/01/2025	03	28/01/2025	22	HNE	-32,1	0	-34,5	0	80,0	0	4,0	0	200,0	0	950,0	0	0,0	ERA5
1061380	29/01/2025	04	28/01/2025	23	HNE	-31,6	0	-34,1	0	79,0	0	4,0	0	0,0	0	949,0	0	0,0	ERA5
1061381	29/01/2025	05	29/01/2025	00	HNE	-33,0	0	-35,6	0	78,0	0	4,0	0	90,0	0	949,0	0	0,0	ERA5
1061382	29/01/2025	06	29/01/2025	01	HNE	-33,7	0	-36,6	0	76,0	0	4,0	0	150,0	0	949,0	0	0,0	ERA5
1061383	29/01/2025	07	29/01/2025	02	HNE	-33,3	0	-35,6	0	80,0	0	5,0	0	70,0	0	949,0	0	0,0	ERA5
1061384	29/01/2025	08	29/01/2025	03	HNE	-33,7	0	-36,4	0	77,0	0	5,0	0	70,0	0	949,0	0	0,0	ERA5
1061385	29/01/2025	09	29/01/2025	04	HNE	-32,9	0	-35,8	0	76,0	0	8,0	0	70,0	0	949,0	0	0,0	ERA5
1061386	29/01/2025	10	29/01/2025	05	HNE	-30,7	0	-33,5	0	77,0	0	9,0	0	60,0	0	949,0	0	0,0	ERA5
1061387	29/01/2025	11	29/01/2025	06	HNE	-30,5	0	-33,3	0	77,0	0	5,0	0	70,0	0	948,0	0	0,0	ERA5
1061388	29/01/2025	12	29/01/2025	07	HNE	-29,4	0	-32,1	0	78,0	0	8,0	0	60,0	0	949,0	0	0,0	ERA5
1061389	29/01/2025	13	29/01/2025	08	HNE	-28,9	0	-31,6	0	78,0	0	8,0	0	50,0	0	949,0	0	12,1	ERA5
1061390	29/01/2025	14	29/01/2025	09	HNE	-28,4	0	-31,1	0	78,0	0	4,0	0	80,0	0	949,0	0	264,3	ERA5
1061391	29/01/2025	15	29/01/2025	10	HNE	-25,6	0	-28,1	0	80,0	0	5,0	0	50,0	0	949,0	0	655,8	ERA5
1061392	29/01/2025	16	29/01/2025	11	HNE	-23,0	0	-25,4	0	81,0	0	0,0	0	0,0	0	949,0	0	962,1	ERA5
1061393	29/01/2025	17	29/01/2025	12	HNE	-20,3	0	-22,8	0	81,0	0	11,0	0	310,0	0	949,0	0	1185,6	ERA5
1061394	29/01/2025	18	29/01/2025	13	HNE	-20,2	0	-23,6	0	75,0	0	15,0	0	310,0	0	950,0	0	1038,7	ERA5
1061395	29/01/2025	19	29/01/2025	14	HNE	-20,0	0	-24,2	0	70,0	0	13,0	0	310,0	0	951,0	0	1257,9	ERA5
1061396	29/01/2025	20	29/01/2025	15	HNE	-20,1	0	-25,1	0	65,0	0	17,0	0	310,0	0	952,0	0	959,7	ERA5
1061397	29/01/2025	21	29/01/2025	16	HNE	-21,3	0	-25,4	0	70,0	0	18,0	0	290,0	0	953,0	0	512,6	ERA5
1061398	29/01/2025	22	29/01/2025	17	HNE	-22,4	0	-26,5	0	70,0	0	18,0	0	310,0	0	955,0	0	84,8	ERA5
1061399	29/01/2025	23	29/01/2025	18	HNE	-23,6	0	-27,5	0	71,0	0	9,0	0	290,0	0	956,0	0	0,0	ERA5
1061400	30/01/2025	00	29/01/2025	19	HNE	-24,5	0	-27,8	0	75,0	0	5,0	0	270,0	0	957,0	0	0,0	ERA5
1061401	30/01/2025	01	29/01/2025	20	HNE	-25,5	0	-28,3	0	78,0	0	8,0	0	270,0	0	958,0	0	0,0	ERA5
1061402	30/01/2025	02	29/01/2025	21	HNE	-25,6	0	-28,2	0	79,0	0	8,0	0	290,0	0	958,0	0	0,0	ERA5
1061403	30/01/2025	03	29/01/2025	22	HNE	-26,2	0	-28,8	0	79,0	0	15,0	0	280,0	0	959,0	0	0,0	ERA5
1061404	30/01/2025	04	29/01/2025	23	HNE	-26,7	0	-29,5	0	78,0	0	15,0	0	290,0	0	960,0	0	0,0	ERA5
1061405	30/01/2025	05	30/01/2025	00	HNE	-27,9	0	-30,5	0	79,0	0	5,0	0	270,0	0	961,0	0	0,0	ERA5
1061406	30/01/2025	06	30/01/2025	01	HNE	-28,5	0	-31,2	0	78,0	0	8,0	0	250,0	0	962,0	0	0,0	ERA5
1061407	30/01/2025	07	30/01/2025	02	HNE	-28,4	0	-31,1	0	78,0	0	9,0	0	220,0	0	962,0	0	0,0	ERA5
1061408	30/01/2025	08	30/01/2025	03	HNE	-28,3	0	-31,0	0	78,0	0	11,0	0	230,0	0	962,0	0	0,0	ERA5
1061409	30/01/2025	09	30/01/2025	04	HNE	-29,6	0	-32,3	0	78,0	0	13,0	0	230,0	0	962,0	0	0,0	ERA5
1061410	30/01/2025	10	30/01/2025	05	HNE	-30,1	0	-32,8	0	78,0	0	11,0	0	240,0	0	963,0	0	0,0	ERA5
1061411	30/01/2025	11	30/01/2025	06	HNE	-30,3	0	-33,0	0	78,0	0	11,0	0	230,0	0	963,0	0	0,0	ERA5
1061412	30/01/2025	12	30/01/2025	07	HNE	-30,1	0	-32,9	0	77,0	0	11,0	0	230,0	0	964,0	0	0,0	ERA5
1061413	30/01/2025	13	30/01/2025	08	HNE	-30,6	0	-33,3	0	78,0	0	13,0	0	220,0	0	964,0	0	15,5	ERA5
1061414	30/01/2025	14	30/01/2025	09	HNE	-29,4	0	-32,2	0	77,0	0	13,0	0	200,0	0	965,0	0	271,8	ERA5
1061415	30/01/2025	15	30/01/2025	10	HNE	-26,5	0	-29,3	0	78,0	0	15,0	0	240,0	0	965,0	0	705,1	ERA5
1061416	30/01/2025	16	30/01/2025	11	HNE	-24,3	0	-27,3	0	77,0	0	17,0	0	250,0	0	965,0	0	1092,3	ERA5
1061417	30/01/2025	17	30/01/2025	12	HNE	-22,3	0	-25,8	0	74,0	0	15,0	0	240,0	0	965,0	0	1372,0	ERA5
1061418	30/01/2025	18	30/01/2025	13	HNE	-20,4	0	-23,8	0	75,0	0	15,0	0	270,0	0	965,0	0	1468,7	ERA5
1061419	30/01/2025	19	30/01/2025	14	HNE	-19,3	0	-23,2	0	72,0	0	9,0	0	260,0	0	964,0	0	1253,2	ERA5
1061420	30/01/2025	20	30/01/2025	15	HNE	-19,2	0	-22,9	0	73,0	0	17,0	0	230,0	0	964,0	0	875,2	ERA5
1061421	30/01/2025	21	30/01/2025	16	HNE	-19,0	0	-22,1	0	77,0	0	11,0	0	200,0	0	964,0	0	435,4	ERA5
1061422	30/01/2025	22	30/01/2025	17	HNE	-18,9	0	-21,4	0	81,0	0	13,0	0	180,0	0	964,0	0	72,3	ERA5
1061423	30/01/2025	23	30/01/2025	18	HNE	-18,7	0	-21,2	0	81,0	0	13,0	0	200,0	0	964,0	0	0,0	ERA5
1061424	31/01/2025	00	30/01/2025	19	HNE	-19,0	0	-21,2	0	83,0	0	11,0	0	180,0	0	963,0	0	0,0	ERA5
1061425	31/01/2025	01	30/01/2025	20	HNE	-19,2	0	-21,4	0	83,0	0	9,0	0	170,0	0	963,0	0	0,0	ERA5
1061426	31/01/2025	02	30/01/2025	21	HNE	-19,1	0	-21,3	0	83,0	0	9,0	0	140,0	0	963,0	0	0,0	ERA5
1061427	31/01/2025	03	30/01/2025	22	HNE	-18,8	0	-21,0	0	83,0	0	5,0	0	130,0	0	962,0	0	0,0	ERA5
1061428	31/01/2025	04	30/01/2025	23	HNE	-18,6	0	-20,7	0	84,0	0	5,0	0	120,0	0	962,0	0	0,0	ERA5
1061429	31/01/2025	05	31/01/2025	00	HNE	-18,3	0	-20,4	0	84,0	0	5,0	0	120,0	0	962,0	0	0,0	ERA5
1061430	31/01/2025	06	31/01/2025	01	HNE	-18,3	0	-20,2	0	85,0	0	5,0	0	70,0	0	961,0	0	0,0	ERA5
1061431	31/01/2025	07	31/01/2025	02	HNE	-19,1	0	-21,2	0	84,0	0	4,0	0	70,0	0	962,0	0	0,0	ERA5
1061432	31/01/2025	08	31/01/2025	03	HNE	-20,6	0	-22,5	0	85,0	0	5,0	0	330,0	0	962,0	0	0,0	ERA5
1061433	31/01/2025	09	31/01/2025	04	HNE	-23,5	0	-25,6	0	83,0	0	8,0	0	330,0	0	962,0	0	0,0	ERA5
1061434	31/01/2025	10	31/01/2025	05	HNE	-25,3	0	-27,3	0	84,0	0	0,0	0	0,0	0	963,0	0	0,0	ERA5
1061435	31/01/2025	11	31/01/2025	06	HNE	-27,7	0	-30,2	0	80,0	0	8,0	0	310,0	0	963,0	0	0,0	ERA5
1061436	31/01/2025	12	31/01/2025	07	HNE	-25,6	0	-27,8	0	82,0	0	8,0	0	310,0	0	964,0	0	0,0	ERA5
1061437	31/01/2025	13	31/01/2025	08	HNE	-26,3	0	-28,8	0	80,0	0	5,0	0	280,0	0	965,0	0	21,4	ERA5
1061438	31/01/2025	14	31/01/2025	09	HNE	-22,9	0	-25,2	0	82,0	0	11,0	0	300,0	0	966,0	0	365,0	ERA5
1061439	31/01/2025	15	31/01/2025	10	HNE	-21,9	0	-24,2	0	82,0	0	13,0	0	290,0	0	966,0	0	768,2	ERA5
1061440	31/01/2025	16	31/01/2025	11	HNE	-21,1	0	-23,4	0	82,0	0	11,0	0	270,0	0	966,0	0	1184,0	ERA5
1061441	31/01/2025	17	31/01/2025	12	HNE	-20,1	0	-23,2	0	77,0	0	9,0	0	250,0	0	966,0	0	1361,5	ERA5
1061442	31/01/2025	18	31/01/2025	13	HNE	-19,0	0	-23,4	0	69,0	0	11,0	0	300,0	0	966,0	0	1466,6	ERA5
1061443	31/01/2025	19	31/01/2025	14	HNE	-19,2	0	-23,4	0	70,0	0	11,0	0	300,0	0	966,0	0	1263,9	ERA5
1061444	31/01/2025	20	31/01/2025	15	HNE	-19,5	0	-24,1	0	67,0	0	11,0	0	290,0	0	966,0	0	996,0	ERA5
1061445	31/01/2025	21	31/01/2025	16	HNE	-19,5	0	-23,7	0	70,0	0	9,0	0	300,0	0	965,0	0	567,3	ERA5
1061446	31/01/2025	22	31/01/2025	17	HNE	-21,6	0	-25,1	0	74,0	0	5,0	0	320,0	0	966,0	0	112,9	ERA5
1061447	31/01/2025	23	31/01/2025	18	HNE	-25,1	0	-27,6	0	80,0	0	5,0	0	320,0	0	966,0	0	0,0	ERA5
1061448	01/02/2025	00	31/01/2025	19	HNE	-26,2	0	-28,4	0	82,0	0	9,0	0	340,0	0	967,0	0	0,0	ERA5
1061449	01/02/2025	01	31/01/2025	20	HNE	-26,7	0	-29,3	0	79,0	0	9,0	0	340,0	0	968,0	0	0,0	ERA5
1061450	01/02/2025	02	31/01/2025	21	HNE	-26,4	0	-29,0	0	79,0	0	8,0	0	330,0	0	968,0	0	0,0	ERA5
1061451	01/02/2025	03	31/01/2025	22	HNE	-26,0	0	-28,8	0	78,0	0	11,0	0	330,0	0	969,0	0	0,0	ERA5
1061452	01/02/2025	04	31/01/2025	23	HNE	-26,4	0	-29,2	0	78,0	0	8,0	0	330,0	0	969,0	0	0,0	ERA5
1061453	01/02/2025	05	01/02/2025	00	HNE	-26,0	0	-28,8	0	78,0	0	8,0	0	330,0	0	969,0	0	0,0	ERA5
1061454	01/02/2025	06	01/02/2025	01	HNE	-25,3	0	-28,1	0	78,0	0	8,0	0	320,0	0	970,0	0	0,0	ERA5
1061455	01/02/2025	07	01/02/2025	02	HNE	-24,8	0	-27,7	0	77,0	0	15,0	0	330,0	0	970,0	0	0,0	ERA5
1061456	01/02/2025	08	01/02/2025	03	HNE	-24,8	0	-27,9	0	76,0	0	15,0	0	310,0	0	971,0	0	0,0	ERA5
1061457	01/02/2025	09	01/02/2025	04	HNE	-24,6	0	-27,6	0	77,0	0	9,0	0	310,0	0	971,0	0	0,0	ERA5
1061458	01/02/2025	10	01/02/2025	05	HNE	-24,6	0	-27,6	0	77,0	0	8,0	0	300,0	0	972,0	0	0,0	ERA5
1061459	01/02/2025	11	01/02/2025	06	HNE	-25,1	0	-28,0	0	77,0	0	11,0	0	300,0	0	973,0	0	0,0	ERA5
1061460	01/02/2025	12	01/02/2025	07	HNE	-25,8	0	-28,6	0	78,0	0	11,0	0	300,0	0	974,0	0	0,0	ERA5
1061461	01/02/2025	13	01/02/2025	08	HNE	-26,0	0	-28,6	0	79,0	0	17,0	0	310,0	0	975,0	0	25,2	ERA5
1061462	01/02/2025	14	01/02/2025	09	HNE	-25,0	0	-27,9	0	77,0	0	11,0	0	290,0	0	976,0	0	369,8	ERA5
1061463	01/02/2025	15	01/02/2025	10	HNE	-23,8	0	-27,1	0	75,0	0	13,0	0	260,0	0	976,0	0	813,0	ERA5
1061464	01/02/2025	16	01/02/2025	11	HNE	-22,7	0	-26,3	0	73,0	0	18,0	0	290,0	0	977,0	0	1131,2	ERA5
1061465	01/02/2025	17	01/02/2025	12	HNE	-21,9	0	-25,3	0	75,0	0	22,0	0	270,0	0	977,0	0	1404,0	ERA5
1061466	01/02/2025	18	01/02/2025	13	HNE	-21,4	0	-25,5	0	70,0	0	13,0	0	270,0	0	978,0	0	1481,8	ERA5
1061467	01/02/2025	19	01/02/2025	14	HNE	-20,5	0	-25,0	0	68,0	0	15,0	0	280,0	0	978,0	0	1339,3	ERA5
1061468	01/02/2025	20	01/02/2025	15	HNE	-19,9	0	-24,6	0	67,0	0	15,0	0	250,0	0	978,0	0	1018,5	ERA5
1061469	01/02/2025	21	01/02/2025	16	HNE	-19,6	0	-24,1	0	68,0	0	15,0	0	260,0	0	979,0	0	536,9	ERA5
1061470	01/02/2025	22	01/02/2025	17	HNE	-20,8	0	-24,3	0	74,0	0	8,0	0	250,0	0	980,0	0	115,6	ERA5
1061471	01/02/2025	23	01/02/2025	18	HNE	-22,2	0	-24,9	0	79,0	0	9,0	0	240,0	0	980,0	0	0,0	ERA5
1061472	02/02/2025	00	01/02/2025	19	HNE	-23,0	0	-25,4	0	81,0	0	11,0	0	230,0	0	981,0	0	0,0	ERA5
1061473	02/02/2025	01	01/02/2025	20	HNE	-24,2	0	-26,5	0	82,0	0	9,0	0	220,0	0	981,0	0	0,0	ERA5
1061474	02/02/2025	02	01/02/2025	21	HNE	-25,9	0	-28,0	0	83,0	0	9,0	0	200,0	0	981,0	0	0,0	ERA5
1061475	02/02/2025	03	01/02/2025	22	HNE	-27,3	0	-29,5	0	82,0	0	13,0	0	200,0	0	981,0	0	0,0	ERA5
1061476	02/02/2025	04	01/02/2025	23	HNE	-28,4	0	-30,8	0	81,0	0	13,0	0	200,0	0	981,0	0	0,0	ERA5
1061477	02/02/2025	05	02/02/2025	00	HNE	-27,8	0	-30,0	0	82,0	0	9,0	0	190,0	0	981,0	0	0,0	ERA5
1061478	02/02/2025	06	02/02/2025	01	HNE	-30,5	0	-33,1	0	79,0	0	11,0	0	210,0	0	981,0	0	0,0	ERA5
1061479	02/02/2025	07	02/02/2025	02	HNE	-27,9	0	-30,2	0	81,0	0	11,0	0	210,0	0	982,0	0	0,0	ERA5
1061480	02/02/2025	08	02/02/2025	03	HNE	-28,9	0	-31,3	0	80,0	0	8,0	0	200,0	0	982,0	0	0,0	ERA5
1061481	02/02/2025	09	02/02/2025	04	HNE	-31,9	0	-34,7	0	77,0	0	8,0	0	200,0	0	982,0	0	0,0	ERA5
1061482	02/02/2025	10	02/02/2025	05	HNE	-29,7	0	-32,1	0	80,0	0	5,0	0	200,0	0	982,0	0	0,0	ERA5
1061483	02/02/2025	11	02/02/2025	06	HNE	-30,8	0	-33,5	0	78,0	0	5,0	0	170,0	0	982,0	0	0,0	ERA5
1061484	02/02/2025	12	02/02/2025	07	HNE	-29,7	0	-32,1	0	80,0	0	5,0	0	200,0	0	982,0	0	0,0	ERA5
1061485	02/02/2025	13	02/02/2025	08	HNE	-30,6	0	-33,1	0	79,0	0	4,0	0	170,0	0	982,0	0	27,6	ERA5
1061486	02/02/2025	14	02/02/2025	09	HNE	-27,6	0	-30,1	0	80,0	0	4,0	0	170,0	0	981,0	0	327,4	ERA5
1061487	02/02/2025	15	02/02/2025	10	HNE	-24,8	0	-27,3	0	80,0	0	5,0	0	130,0	0	981,0	0	671,9	ERA5
1061488	02/02/2025	16	02/02/2025	11	HNE	-22,3	0	-24,7	0	81,0	0	8,0	0	140,0	0	980,0	0	993,8	ERA5
1061489	02/02/2025	17	02/02/2025	12	HNE	-19,8	0	-22,3	0	81,0	0	11,0	0	200,0	0	979,0	0	1069,3	ERA5
1061490	02/02/2025	18	02/02/2025	13	HNE	-17,8	0	-21,1	0	76,0	0	11,0	0	140,0	0	978,0	0	1132,7	ERA5
1061491	02/02/2025	19	02/02/2025	14	HNE	-17,2	0	-21,5	0	70,0	0	13,0	0	150,0	0	978,0	0	1353,2	ERA5
1061492	02/02/2025	20	02/02/2025	15	HNE	-16,9	0	-21,5	0	68,0	0	13,0	0	150,0	0	977,0	0	926,4	ERA5
1061493	02/02/2025	21	02/02/2025	16	HNE	-16,7	0	-21,0	0	70,0	0	13,0	0	130,0	0	976,0	0	445,8	ERA5
1061494	02/02/2025	22	02/02/2025	17	HNE	-17,4	0	-21,1	0	74,0	0	9,0	0	120,0	0	975,0	0	93,2	ERA5
1061495	02/02/2025	23	02/02/2025	18	HNE	-17,7	0	-21,0	0	76,0	0	9,0	0	120,0	0	974,0	0	0,0	ERA5
1061496	03/02/2025	00	02/02/2025	19	HNE	-17,4	0	-20,4	0	78,0	0	9,0	0	130,0	0	973,0	0	0,0	ERA5
1061497	03/02/2025	01	02/02/2025	20	HNE	-16,1	0	-19,4	0	76,0	0	9,0	0	120,0	0	972,0	0	0,0	ERA5
1061498	03/02/2025	02	02/02/2025	21	HNE	-15,6	0	-18,8	0	77,0	0	17,0	0	140,0	0	972,0	0	0,0	ERA5
1061499	03/02/2025	03	02/02/2025	22	HNE	-15,6	0	-18,6	0	78,0	0	13,0	0	130,0	0	971,0	0	0,0	ERA5
1061500	03/02/2025	04	02/02/2025	23	HNE	-15,5	0	-18,1	0	81,0	0	13,0	0	140,0	0	969,0	0	0,0	ERA5
1061501	03/02/2025	05	03/02/2025	00	HNE	-15,5	0	-17,9	0	82,0	0	13,0	0	140,0	0	969,0	0	0,0	ERA5
1061502	03/02/2025	06	03/02/2025	01	HNE	-15,5	0	-17,6	0	84,0	0	18,0	0	140,0	0	967,0	0	0,0	ERA5
1061503	03/02/2025	07	03/02/2025	02	HNE	-15,4	0	-17,5	0	84,0	0	17,0	0	140,0	0	966,0	0	0,0	ERA5
1061504	03/02/2025	08	03/02/2025	03	HNE	-15,5	0	-17,6	0	84,0	0	17,0	0	140,0	0	965,0	0	0,0	ERA5
1061505	03/02/2025	09	03/02/2025	04	HNE	-15,3	0	-17,4	0	84,0	0	15,0	0	150,0	0	964,0	0	0,0	ERA5
1061506	03/02/2025	10	03/02/2025	05	HNE	-14,4	0	-16,5	0	84,0	0	24,0	0	150,0	0	962,0	0	0,0	ERA5
1061507	03/02/2025	11	03/02/2025	06	HNE	-14,0	0	-16,2	0	84,0	0	22,0	0	160,0	0	961,0	0	0,0	ERA5
1061508	03/02/2025	12	03/02/2025	07	HNE	-13,7	0	-15,7	0	85,0	0	21,0	0	160,0	0	959,0	0	0,0	ERA5
1061509	03/02/2025	13	03/02/2025	08	HNE	-13,2	0	-15,1	0	86,0	0	21,0	0	170,0	0	959,0	0	10,8	ERA5
1061510	03/02/2025	14	03/02/2025	09	HNE	-12,7	0	-14,6	0	86,0	0	17,0	0	170,0	0	957,0	0	156,8	ERA5
1061511	03/02/2025	15	03/02/2025	10	HNE	-11,6	0	-13,5	0	86,0	0	18,0	0	170,0	0	956,0	0	284,9	ERA5
1061512	03/02/2025	16	03/02/2025	11	HNE	-10,6	0	-12,5	0	86,0	0	18,0	0	190,0	0	956,0	0	579,0	ERA5
1061513	03/02/2025	17	03/02/2025	12	HNE	-9,0	0	-11,1	0	85,0	0	21,0	0	200,0	0	955,0	0	729,3	ERA5
1061514	03/02/2025	18	03/02/2025	13	HNE	-7,9	0	-10,1	0	84,0	0	24,0	0	220,0	0	954,0	0	915,6	ERA5
1061515	03/02/2025	19	03/02/2025	14	HNE	-7,3	0	-9,2	0	86,0	0	15,0	0	230,0	0	954,0	0	853,3	ERA5
1061516	03/02/2025	20	03/02/2025	15	HNE	-6,7	0	-8,5	0	87,0	0	11,0	0	260,0	0	955,0	0	605,3	ERA5
1061517	03/02/2025	21	03/02/2025	16	HNE	-7,1	0	-8,8	0	88,0	0	15,0	0	260,0	0	955,0	0	335,3	ERA5
1061518	03/02/2025	22	03/02/2025	17	HNE	-7,1	0	-9,8	0	81,0	0	18,0	0	270,0	0	955,0	0	91,1	ERA5
1061519	03/02/2025	23	03/02/2025	18	HNE	-7,5	0	-9,0	0	89,0	0	17,0	0	260,0	0	956,0	0	0,0	ERA5
1061520	04/02/2025	00	03/02/2025	19	HNE	-8,8	0	-11,3	0	82,0	0	21,0	0	280,0	0	956,0	0	0,0	ERA5
1061521	04/02/2025	01	03/02/2025	20	HNE	-10,3	0	-12,7	0	83,0	0	15,0	0	270,0	0	957,0	0	0,0	ERA5
1061522	04/02/2025	02	03/02/2025	21	HNE	-10,6	0	-13,2	0	82,0	0	18,0	0	270,0	0	957,0	0	0,0	ERA5
1061523	04/02/2025	03	03/02/2025	22	HNE	-11,0	0	-13,2	0	84,0	0	17,0	0	270,0	0	958,0	0	0,0	ERA5
1061524	04/02/2025	04	03/02/2025	23	HNE	-11,4	0	-13,7	0	83,0	0	17,0	0	270,0	0	958,0	0	0,0	ERA5
1061525	04/02/2025	05	04/02/2025	00	HNE	-11,8	0	-14,1	0	83,0	0	24,0	0	270,0	0	958,0	0	0,0	ERA5
1061526	04/02/2025	06	04/02/2025	01	HNE	-12,5	0	-15,0	0	82,0	0	24,0	0	270,0	0	958,0	0	0,0	ERA5
1061527	04/02/2025	07	04/02/2025	02	HNE	-13,5	0	-15,8	0	83,0	0	15,0	0	280,0	0	959,0	0	0,0	ERA5
1061528	04/02/2025	08	04/02/2025	03	HNE	-14,1	0	-16,3	0	84,0	0	15,0	0	260,0	0	959,0	0	0,0	ERA5
1061529	04/02/2025	09	04/02/2025	04	HNE	-14,9	0	-17,0	0	84,0	0	15,0	0	270,0	0	959,0	0	0,0	ERA5
1061530	04/02/2025	10	04/02/2025	05	HNE	-15,4	0	-17,7	0	83,0	0	15,0	0	270,0	0	960,0	0	0,0	ERA5
1061531	04/02/2025	11	04/02/2025	06	HNE	-15,7	0	-18,1	0	82,0	0	17,0	0	270,0	0	961,0	0	0,0	ERA5
1061532	04/02/2025	12	04/02/2025	07	HNE	-16,2	0	-18,9	0	80,0	0	18,0	0	290,0	0	961,0	0	0,0	ERA5
1061533	04/02/2025	13	04/02/2025	08	HNE	-16,8	0	-19,3	0	81,0	0	21,0	0	290,0	0	963,0	0	25,0	ERA5
1061534	04/02/2025	14	04/02/2025	09	HNE	-16,9	0	-20,0	0	77,0	0	21,0	0	290,0	0	964,0	0	283,2	ERA5
1061535	04/02/2025	15	04/02/2025	10	HNE	-16,7	0	-20,3	0	74,0	0	21,0	0	310,0	0	965,0	0	638,0	ERA5
1061536	04/02/2025	16	04/02/2025	11	HNE	-16,6	0	-20,6	0	72,0	0	18,0	0	310,0	0	966,0	0	1002,7	ERA5
1061537	04/02/2025	17	04/02/2025	12	HNE	-16,8	0	-21,1	0	70,0	0	21,0	0	280,0	0	967,0	0	1308,1	ERA5
1061538	04/02/2025	18	04/02/2025	13	HNE	-17,6	0	-21,9	0	69,0	0	26,0	0	300,0	0	968,0	0	1442,8	ERA5
1061539	04/02/2025	19	04/02/2025	14	HNE	-17,6	0	-22,0	0	69,0	0	24,0	0	290,0	0	969,0	0	1314,1	ERA5
1061540	04/02/2025	20	04/02/2025	15	HNE	-18,6	0	-22,8	0	70,0	0	24,0	0	290,0	0	970,0	0	980,7	ERA5
1061541	04/02/2025	21	04/02/2025	16	HNE	-19,5	0	-23,9	0	69,0	0	22,0	0	280,0	0	971,0	0	560,8	ERA5
1061542	04/02/2025	22	04/02/2025	17	HNE	-20,2	0	-24,4	0	70,0	0	18,0	0	290,0	0	972,0	0	129,9	ERA5
1061543	04/02/2025	23	04/02/2025	18	HNE	-21,1	0	-24,7	0	73,0	0	18,0	0	290,0	0	973,0	0	0,0	ERA5
1061544	05/02/2025	00	04/02/2025	19	HNE	-22,0	0	-25,8	0	72,0	0	15,0	0	280,0	0	973,0	0	0,0	ERA5
1061545	05/02/2025	01	04/02/2025	20	HNE	-22,8	0	-26,9	0	70,0	0	15,0	0	280,0	0	974,0	0	0,0	ERA5
1061546	05/02/2025	02	04/02/2025	21	HNE	-23,7	0	-26,8	0	76,0	0	13,0	0	270,0	0	975,0	0	0,0	ERA5
1061547	05/02/2025	03	04/02/2025	22	HNE	-24,8	0	-27,3	0	80,0	0	9,0	0	260,0	0	975,0	0	0,0	ERA5
1061548	05/02/2025	04	04/02/2025	23	HNE	-25,9	0	-28,1	0	82,0	0	9,0	0	250,0	0	975,0	0	0,0	ERA5
1061549	05/02/2025	05	05/02/2025	00	HNE	-26,1	0	-28,5	0	81,0	0	11,0	0	230,0	0	975,0	0	0,0	ERA5
1061550	05/02/2025	06	05/02/2025	01	HNE	-25,9	0	-28,3	0	81,0	0	9,0	0	240,0	0	974,0	0	0,0	ERA5
1061551	05/02/2025	07	05/02/2025	02	HNE	-25,0	0	-27,5	0	80,0	0	9,0	0	240,0	0	974,0	0	0,0	ERA5
1061552	05/02/2025	08	05/02/2025	03	HNE	-23,9	0	-26,4	0	80,0	0	13,0	0	240,0	0	974,0	0	0,0	ERA5
1061553	05/02/2025	09	05/02/2025	04	HNE	-23,5	0	-26,0	0	80,0	0	11,0	0	240,0	0	974,0	0	0,0	ERA5
1061554	05/02/2025	10	05/02/2025	05	HNE	-22,8	0	-25,4	0	80,0	0	8,0	0	220,0	0	973,0	0	0,0	ERA5
1061555	05/02/2025	11	05/02/2025	06	HNE	-23,0	0	-25,4	0	81,0	0	13,0	0	210,0	0	973,0	0	0,0	ERA5
1061556	05/02/2025	12	05/02/2025	07	HNE	-22,2	0	-24,6	0	81,0	0	11,0	0	210,0	0	973,0	0	0,0	ERA5
1061557	05/02/2025	13	05/02/2025	08	HNE	-21,1	0	-23,4	0	82,0	0	11,0	0	210,0	0	973,0	0	35,1	ERA5
1061558	05/02/2025	14	05/02/2025	09	HNE	-19,4	0	-22,0	0	80,0	0	18,0	0	220,0	0	972,0	0	352,2	ERA5
1061559	05/02/2025	15	05/02/2025	10	HNE	-18,0	0	-21,1	0	77,0	0	18,0	0	240,0	0	972,0	0	748,9	ERA5
1061560	05/02/2025	16	05/02/2025	11	HNE	-17,1	0	-20,4	0	76,0	0	24,0	0	240,0	0	972,0	0	1096,8	ERA5
1061561	05/02/2025	17	05/02/2025	12	HNE	-17,0	0	-20,4	0	75,0	0	22,0	0	270,0	0	971,0	0	1305,9	ERA5
1061562	05/02/2025	18	05/02/2025	13	HNE	-16,8	0	-21,4	0	68,0	0	30,0	0	250,0	0	971,0	0	1363,6	ERA5
1061563	05/02/2025	19	05/02/2025	14	HNE	-16,3	0	-21,3	0	66,0	0	21,0	0	240,0	0	970,0	0	1218,4	ERA5
1061564	05/02/2025	20	05/02/2025	15	HNE	-15,9	0	-21,1	0	65,0	0	21,0	0	240,0	0	970,0	0	1001,2	ERA5
1061565	05/02/2025	21	05/02/2025	16	HNE	-15,0	0	-20,4	0	64,0	0	30,0	0	220,0	0	970,0	0	532,9	ERA5
1061566	05/02/2025	22	05/02/2025	17	HNE	-15,8	0	-20,6	0	67,0	0	21,0	0	220,0	0	970,0	0	115,5	ERA5
1061567	05/02/2025	23	05/02/2025	18	HNE	-15,6	0	-20,8	0	65,0	0	24,0	0	220,0	0	970,0	0	0,0	ERA5
1061568	06/02/2025	00	05/02/2025	19	HNE	-15,9	0	-20,9	0	66,0	0	22,0	0	220,0	0	971,0	0	0,0	ERA5
1061569	06/02/2025	01	05/02/2025	20	HNE	-16,1	0	-20,7	0	68,0	0	17,0	0	210,0	0	970,0	0	0,0	ERA5
1061570	06/02/2025	02	05/02/2025	21	HNE	-16,0	0	-20,5	0	69,0	0	21,0	0	230,0	0	971,0	0	0,0	ERA5
1061571	06/02/2025	03	05/02/2025	22	HNE	-16,3	0	-20,6	0	70,0	0	17,0	0	230,0	0	971,0	0	0,0	ERA5
1061572	06/02/2025	04	05/02/2025	23	HNE	-17,1	0	-20,7	0	74,0	0	17,0	0	220,0	0	970,0	0	0,0	ERA5
1061573	06/02/2025	05	06/02/2025	00	HNE	-18,3	0	-21,3	0	78,0	0	13,0	0	210,0	0	969,0	0	0,0	ERA5
1061574	06/02/2025	06	06/02/2025	01	HNE	-19,3	0	-21,9	0	80,0	0	11,0	0	210,0	0	969,0	0	0,0	ERA5
1061575	06/02/2025	07	06/02/2025	02	HNE	-19,5	0	-21,8	0	82,0	0	13,0	0	200,0	0	969,0	0	0,0	ERA5
1061576	06/02/2025	08	06/02/2025	03	HNE	-19,4	0	-21,9	0	81,0	0	9,0	0	200,0	0	969,0	0	0,0	ERA5
1061577	06/02/2025	09	06/02/2025	04	HNE	-18,9	0	-21,4	0	81,0	0	11,0	0	210,0	0	969,0	0	0,0	ERA5
1061578	06/02/2025	10	06/02/2025	05	HNE	-18,6	0	-21,0	0	82,0	0	8,0	0	160,0	0	968,0	0	0,0	ERA5
1061579	06/02/2025	11	06/02/2025	06	HNE	-17,6	0	-19,8	0	83,0	0	15,0	0	170,0	0	968,0	0	0,0	ERA5
1061580	06/02/2025	12	06/02/2025	07	HNE	-17,4	0	-20,0	0	80,0	0	11,0	0	170,0	0	967,0	0	0,0	ERA5
1061581	06/02/2025	13	06/02/2025	08	HNE	-18,3	0	-20,5	0	83,0	0	9,0	0	150,0	0	966,0	0	24,2	ERA5
1061582	06/02/2025	14	06/02/2025	09	HNE	-16,7	0	-19,2	0	81,0	0	15,0	0	160,0	0	966,0	0	220,0	ERA5
1061583	06/02/2025	15	06/02/2025	10	HNE	-14,5	0	-17,7	0	77,0	0	17,0	0	150,0	0	965,0	0	490,4	ERA5
1061584	06/02/2025	16	06/02/2025	11	HNE	-13,3	0	-16,8	0	75,0	0	18,0	0	150,0	0	963,0	0	738,7	ERA5
1061585	06/02/2025	17	06/02/2025	12	HNE	-11,8	0	-15,6	0	74,0	0	21,0	0	170,0	0	961,0	0	831,2	ERA5
1061586	06/02/2025	18	06/02/2025	13	HNE	-11,5	0	-15,7	0	71,0	0	21,0	0	150,0	0	960,0	0	822,1	ERA5
1061587	06/02/2025	19	06/02/2025	14	HNE	-11,5	0	-16,5	0	67,0	0	18,0	0	160,0	0	958,0	0	442,2	ERA5
1061588	06/02/2025	20	06/02/2025	15	HNE	-11,6	0	-15,9	0	71,0	0	15,0	0	140,0	0	956,0	0	453,6	ERA5
1061589	06/02/2025	21	06/02/2025	16	HNE	-12,1	0	-14,4	0	83,0	0	18,0	0	130,0	0	955,0	0	272,2	ERA5
1061590	06/02/2025	22	06/02/2025	17	HNE	-12,1	0	-14,0	0	86,0	0	13,0	0	120,0	0	953,0	0	64,8	ERA5
1061591	06/02/2025	23	06/02/2025	18	HNE	-13,0	0	-15,3	0	83,0	0	26,0	0	110,0	0	951,0	0	0,0	ERA5
1061592	07/02/2025	00	06/02/2025	19	HNE	-13,4	0	-15,6	0	84,0	0	17,0	0	110,0	0	950,0	0	0,0	ERA5
1061593	07/02/2025	01	06/02/2025	20	HNE	-13,9	0	-16,0	0	85,0	0	17,0	0	110,0	0	949,0	0	0,0	ERA5
1061594	07/02/2025	02	06/02/2025	21	HNE	-14,1	0	-16,1	0	85,0	0	11,0	0	110,0	0	948,0	0	0,0	ERA5
1061595	07/02/2025	03	06/02/2025	22	HNE	-14,2	0	-16,2	0	85,0	0	9,0	0	120,0	0	947,0	0	0,0	ERA5
1061596	07/02/2025	04	06/02/2025	23	HNE	-14,3	0	-16,2	0	86,0	0	5,0	0	130,0	0	946,0	0	0,0	ERA5
1061597	07/02/2025	05	07/02/2025	00	HNE	-14,4	0	-16,1	0	87,0	0	5,0	0	130,0	0	945,0	0	0,0	ERA5
1061598	07/02/2025	06	07/02/2025	01	HNE	-14,4	0	-16,0	0	88,0	0	5,0	0	170,0	0	945,0	0	0,0	ERA5
1061599	07/02/2025	07	07/02/2025	02	HNE	-14,8	0	-16,4	0	88,0	0	5,0	0	180,0	0	945,0	0	0,0	ERA5
1061600	07/02/2025	08	07/02/2025	03	HNE	-15,3	0	-16,7	0	89,0	0	5,0	0	210,0	0	945,0	0	0,0	ERA5
1061601	07/02/2025	09	07/02/2025	04	HNE	-14,4	0	-16,1	0	87,0	0	9,0	0	240,0	0	946,0	0	0,0	ERA5
1061602	07/02/2025	10	07/02/2025	05	HNE	-14,0	0	-15,7	0	87,0	0	8,0	0	250,0	0	947,0	0	0,0	ERA5
1061603	07/02/2025	11	07/02/2025	06	HNE	-13,6	0	-15,3	0	87,0	0	9,0	0	250,0	0	948,0	0	0,0	ERA5
1061604	07/02/2025	12	07/02/2025	07	HNE	-14,3	0	-15,9	0	88,0	0	9,0	0	250,0	0	949,0	0	0,0	ERA5
1061605	07/02/2025	13	07/02/2025	08	HNE	-13,7	0	-15,6	0	86,0	0	13,0	0	280,0	0	950,0	0	31,2	ERA5
1061606	07/02/2025	14	07/02/2025	09	HNE	-13,4	0	-15,6	0	84,0	0	15,0	0	300,0	0	952,0	0	230,2	ERA5
1061607	07/02/2025	15	07/02/2025	10	HNE	-12,5	0	-15,1	0	81,0	0	18,0	0	290,0	0	953,0	0	668,6	ERA5
1061608	07/02/2025	16	07/02/2025	11	HNE	-11,7	0	-15,0	0	77,0	0	18,0	0	280,0	0	954,0	0	1127,8	ERA5
1061609	07/02/2025	17	07/02/2025	12	HNE	-10,2	0	-14,3	0	72,0	0	17,0	0	300,0	0	955,0	0	1296,9	ERA5
1061610	07/02/2025	18	07/02/2025	13	HNE	-10,1	0	-13,4	0	77,0	0	22,0	0	270,0	0	956,0	0	1441,9	ERA5
1061611	07/02/2025	19	07/02/2025	14	HNE	-9,7	0	-13,0	0	77,0	0	17,0	0	280,0	0	957,0	0	933,7	ERA5
1061612	07/02/2025	20	07/02/2025	15	HNE	-9,5	0	-12,5	0	79,0	0	18,0	0	260,0	0	958,0	0	677,6	ERA5
1061613	07/02/2025	21	07/02/2025	16	HNE	-9,7	0	-12,2	0	82,0	0	22,0	0	270,0	0	960,0	0	384,7	ERA5
1061614	07/02/2025	22	07/02/2025	17	HNE	-10,0	0	-12,5	0	82,0	0	13,0	0	280,0	0	961,0	0	125,2	ERA5
1061615	07/02/2025	23	07/02/2025	18	HNE	-12,1	0	-15,5	0	76,0	0	21,0	0	280,0	0	963,0	0	0,0	ERA5
1061616	08/02/2025	00	07/02/2025	19	HNE	-12,8	0	-15,7	0	79,0	0	18,0	0	260,0	0	964,0	0	0,0	ERA5
1061617	08/02/2025	01	07/02/2025	20	HNE	-13,0	0	-15,8	0	80,0	0	18,0	0	280,0	0	964,0	0	0,0	ERA5
1061618	08/02/2025	02	07/02/2025	21	HNE	-13,9	0	-17,3	0	76,0	0	18,0	0	290,0	0	965,0	0	0,0	ERA5
1061619	08/02/2025	03	07/02/2025	22	HNE	-14,8	0	-18,8	0	72,0	0	17,0	0	280,0	0	966,0	0	0,0	ERA5
1061620	08/02/2025	04	07/02/2025	23	HNE	-15,6	0	-18,6	0	78,0	0	11,0	0	270,0	0	966,0	0	0,0	ERA5
1061621	08/02/2025	05	08/02/2025	00	HNE	-17,4	0	-19,5	0	84,0	0	8,0	0	220,0	0	967,0	0	0,0	ERA5
1061622	08/02/2025	06	08/02/2025	01	HNE	-17,1	0	-19,2	0	84,0	0	8,0	0	230,0	0	967,0	0	0,0	ERA5
1061623	08/02/2025	07	08/02/2025	02	HNE	-16,4	0	-18,4	0	85,0	0	8,0	0	230,0	0	967,0	0	0,0	ERA5
1061624	08/02/2025	08	08/02/2025	03	HNE	-15,9	0	-17,9	0	85,0	0	13,0	0	250,0	0	967,0	0	0,0	ERA5
1061625	08/02/2025	09	08/02/2025	04	HNE	-15,3	0	-17,4	0	84,0	0	11,0	0	260,0	0	968,0	0	0,0	ERA5
1061626	08/02/2025	10	08/02/2025	05	HNE	-14,9	0	-18,7	0	73,0	0	15,0	0	280,0	0	968,0	0	0,0	ERA5
1061627	08/02/2025	11	08/02/2025	06	HNE	-15,9	0	-19,1	0	77,0	0	17,0	0	290,0	0	969,0	0	0,0	ERA5
1061628	08/02/2025	12	08/02/2025	07	HNE	-17,5	0	-21,4	0	72,0	0	15,0	0	290,0	0	969,0	0	0,0	ERA5
1061629	08/02/2025	13	08/02/2025	08	HNE	-17,8	0	-22,2	0	69,0	0	15,0	0	280,0	0	970,0	0	47,1	ERA5
1061630	08/02/2025	14	08/02/2025	09	HNE	-17,5	0	-21,7	0	70,0	0	18,0	0	260,0	0	971,0	0	393,8	ERA5
1061631	08/02/2025	15	08/02/2025	10	HNE	-17,0	0	-21,3	0	70,0	0	15,0	0	260,0	0	971,0	0	794,0	ERA5
1061632	08/02/2025	16	08/02/2025	11	HNE	-16,2	0	-21,0	0	67,0	0	18,0	0	260,0	0	970,0	0	973,6	ERA5
1061633	08/02/2025	17	08/02/2025	12	HNE	-15,5	0	-20,2	0	68,0	0	13,0	0	290,0	0	970,0	0	1540,9	ERA5
1061634	08/02/2025	18	08/02/2025	13	HNE	-15,0	0	-19,1	0	71,0	0	17,0	0	260,0	0	970,0	0	1587,3	ERA5
1061635	08/02/2025	19	08/02/2025	14	HNE	-14,5	0	-18,6	0	72,0	0	11,0	0	230,0	0	969,0	0	1478,3	ERA5
1061636	08/02/2025	20	08/02/2025	15	HNE	-13,9	0	-17,4	0	75,0	0	11,0	0	250,0	0	969,0	0	1058,3	ERA5
1061637	08/02/2025	21	08/02/2025	16	HNE	-14,0	0	-16,6	0	81,0	0	5,0	0	220,0	0	969,0	0	438,0	ERA5
1061638	08/02/2025	22	08/02/2025	17	HNE	-14,1	0	-16,4	0	83,0	0	4,0	0	300,0	0	969,0	0	147,4	ERA5
1061639	08/02/2025	23	08/02/2025	18	HNE	-14,5	0	-17,5	0	78,0	0	9,0	0	290,0	0	969,0	0	0,0	ERA5
1061640	09/02/2025	00	08/02/2025	19	HNE	-15,3	0	-18,8	0	75,0	0	15,0	0	300,0	0	969,0	0	0,0	ERA5
1061641	09/02/2025	01	08/02/2025	20	HNE	-16,2	0	-19,5	0	76,0	0	11,0	0	320,0	0	969,0	0	0,0	ERA5
1061642	09/02/2025	02	08/02/2025	21	HNE	-16,8	0	-20,4	0	74,0	0	8,0	0	310,0	0	969,0	0	0,0	ERA5
1061643	09/02/2025	03	08/02/2025	22	HNE	-18,1	0	-21,8	0	73,0	0	8,0	0	310,0	0	969,0	0	0,0	ERA5
1061644	09/02/2025	04	08/02/2025	23	HNE	-22,0	0	-24,0	0	84,0	0	5,0	0	340,0	0	969,0	0	0,0	ERA5
1061645	09/02/2025	05	09/02/2025	00	HNE	-21,7	0	-23,7	0	84,0	0	8,0	0	10,0	0	970,0	0	0,0	ERA5
1061646	09/02/2025	06	09/02/2025	01	HNE	-23,1	0	-25,4	0	82,0	0	8,0	0	20,0	0	969,0	0	0,0	ERA5
1061647	09/02/2025	07	09/02/2025	02	HNE	-24,7	0	-26,5	0	85,0	0	0,0	0	0,0	0	969,0	0	0,0	ERA5
1061648	09/02/2025	08	09/02/2025	03	HNE	-27,7	0	-29,9	0	82,0	0	9,0	0	30,0	0	969,0	0	0,0	ERA5
1061649	09/02/2025	09	09/02/2025	04	HNE	-24,9	0	-27,2	0	81,0	0	0,0	0	0,0	0	969,0	0	0,0	ERA5
1061650	09/02/2025	10	09/02/2025	05	HNE	-23,7	0	-26,0	0	82,0	0	8,0	0	50,0	0	969,0	0	0,0	ERA5
1061651	09/02/2025	11	09/02/2025	06	HNE	-22,9	0	-25,2	0	82,0	0	5,0	0	40,0	0	969,0	0	0,0	ERA5
1061652	09/02/2025	12	09/02/2025	07	HNE	-22,5	0	-24,8	0	82,0	0	4,0	0	0,0	0	970,0	0	0,0	ERA5
1061653	09/02/2025	13	09/02/2025	08	HNE	-22,2	0	-24,5	0	82,0	0	0,0	0	0,0	0	971,0	0	61,9	ERA5
1061654	09/02/2025	14	09/02/2025	09	HNE	-21,2	0	-23,5	0	82,0	0	0,0	0	0,0	0	971,0	0	487,1	ERA5
1061655	09/02/2025	15	09/02/2025	10	HNE	-20,1	0	-22,7	0	80,0	0	4,0	0	60,0	0	971,0	0	927,9	ERA5
1061656	09/02/2025	16	09/02/2025	11	HNE	-18,8	0	-22,8	0	71,0	0	4,0	0	0,0	0	971,0	0	1348,4	ERA5
1061657	09/02/2025	17	09/02/2025	12	HNE	-17,4	0	-22,5	0	65,0	0	8,0	0	340,0	0	971,0	0	1618,9	ERA5
1061658	09/02/2025	18	09/02/2025	13	HNE	-16,6	0	-22,3	0	62,0	0	8,0	0	360,0	0	971,0	0	1461,0	ERA5
1061659	09/02/2025	19	09/02/2025	14	HNE	-16,5	0	-22,7	0	59,0	0	9,0	0	10,0	0	971,0	0	1491,1	ERA5
1061660	09/02/2025	20	09/02/2025	15	HNE	-16,3	0	-22,9	0	57,0	0	9,0	0	10,0	0	971,0	0	1102,0	ERA5
1061661	09/02/2025	21	09/02/2025	16	HNE	-16,5	0	-22,8	0	59,0	0	9,0	0	360,0	0	971,0	0	624,6	ERA5
1061662	09/02/2025	22	09/02/2025	17	HNE	-16,8	0	-22,3	0	63,0	0	5,0	0	360,0	0	971,0	0	175,2	ERA5
1061663	09/02/2025	23	09/02/2025	18	HNE	-17,5	0	-20,5	0	78,0	0	0,0	0	0,0	0	972,0	0	0,1	ERA5
1061664	10/02/2025	00	09/02/2025	19	HNE	-20,3	0	-22,7	0	81,0	0	4,0	0	310,0	0	973,0	0	0,0	ERA5
1061665	10/02/2025	01	09/02/2025	20	HNE	-22,7	0	-25,0	0	82,0	0	4,0	0	310,0	0	973,0	0	0,0	ERA5
1061666	10/02/2025	02	09/02/2025	21	HNE	-25,7	0	-28,1	0	81,0	0	0,0	0	0,0	0	973,0	0	0,0	ERA5
1061667	10/02/2025	03	09/02/2025	22	HNE	-25,7	0	-27,7	0	84,0	0	0,0	0	0,0	0	973,0	0	0,0	ERA5
1061668	10/02/2025	04	09/02/2025	23	HNE	-26,9	0	-28,8	0	84,0	0	0,0	0	0,0	0	973,0	0	0,0	ERA5
1061669	10/02/2025	05	10/02/2025	00	HNE	-28,0	0	-30,6	0	79,0	0	0,0	0	0,0	0	974,0	0	0,0	ERA5
1061670	10/02/2025	06	10/02/2025	01	HNE	-29,4	0	-32,2	0	77,0	0	0,0	0	0,0	0	974,0	0	0,0	ERA5
1061671	10/02/2025	07	10/02/2025	02	HNE	-29,3	0	-31,9	0	79,0	0	4,0	0	0,0	0	974,0	0	0,0	ERA5
1061672	10/02/2025	08	10/02/2025	03	HNE	-28,4	0	-31,1	0	78,0	0	0,0	0	0,0	0	974,0	0	0,0	ERA5
1061673	10/02/2025	09	10/02/2025	04	HNE	-26,5	0	-29,1	0	79,0	0	0,0	0	0,0	0	974,0	0	0,0	ERA5
1061674	10/02/2025	10	10/02/2025	05	HNE	-26,3	0	-28,8	0	80,0	0	0,0	0	0,0	0	974,0	0	0,0	ERA5
1061675	10/02/2025	11	10/02/2025	06	HNE	-26,0	0	-28,5	0	80,0	0	0,0	0	0,0	0	975,0	0	0,0	ERA5
1061676	10/02/2025	12	10/02/2025	07	HNE	-25,6	0	-28,1	0	80,0	0	4,0	0	190,0	0	975,0	0	0,0	ERA5
1061677	10/02/2025	13	10/02/2025	08	HNE	-25,2	0	-27,7	0	80,0	0	4,0	0	170,0	0	976,0	0	59,6	ERA5
1061678	10/02/2025	14	10/02/2025	09	HNE	-23,4	0	-25,8	0	81,0	0	4,0	0	150,0	0	976,0	0	456,5	ERA5
1061679	10/02/2025	15	10/02/2025	10	HNE	-20,7	0	-23,2	0	81,0	0	0,0	0	0,0	0	976,0	0	1004,5	ERA5
1061680	10/02/2025	16	10/02/2025	11	HNE	-16,0	0	-21,0	0	66,0	0	15,0	0	220,0	0	975,0	0	1401,4	ERA5
1061681	10/02/2025	17	10/02/2025	12	HNE	-14,9	0	-20,7	0	62,0	0	18,0	0	200,0	0	975,0	0	1567,6	ERA5
1061682	10/02/2025	18	10/02/2025	13	HNE	-14,1	0	-18,6	0	69,0	0	18,0	0	210,0	0	974,0	0	1631,2	ERA5
1061683	10/02/2025	19	10/02/2025	14	HNE	-13,6	0	-18,5	0	67,0	0	18,0	0	210,0	0	974,0	0	1358,6	ERA5
1061684	10/02/2025	20	10/02/2025	15	HNE	-13,8	0	-17,2	0	76,0	0	13,0	0	250,0	0	974,0	0	1135,4	ERA5
1061685	10/02/2025	21	10/02/2025	16	HNE	-13,8	0	-17,7	0	73,0	0	11,0	0	210,0	0	974,0	0	623,3	ERA5
1061686	10/02/2025	22	10/02/2025	17	HNE	-14,2	0	-17,1	0	79,0	0	8,0	0	220,0	0	974,0	0	198,3	ERA5
1061687	10/02/2025	23	10/02/2025	18	HNE	-15,6	0	-17,9	0	83,0	0	8,0	0	190,0	0	974,0	0	0,3	ERA5
1061688	11/02/2025	00	10/02/2025	19	HNE	-15,5	0	-17,8	0	83,0	0	13,0	0	180,0	0	973,0	0	0,0	ERA5
1061689	11/02/2025	01	10/02/2025	20	HNE	-16,2	0	-18,2	0	85,0	0	9,0	0	190,0	0	973,0	0	0,0	ERA5
1061690	11/02/2025	02	10/02/2025	21	HNE	-17,5	0	-19,2	0	87,0	0	8,0	0	190,0	0	973,0	0	0,0	ERA5
1061691	11/02/2025	03	10/02/2025	22	HNE	-17,8	0	-19,7	0	85,0	0	13,0	0	180,0	0	972,0	0	0,0	ERA5
1061692	11/02/2025	04	10/02/2025	23	HNE	-16,5	0	-18,6	0	84,0	0	13,0	0	190,0	0	971,0	0	0,0	ERA5
1061693	11/02/2025	05	11/02/2025	00	HNE	-17,0	0	-19,0	0	85,0	0	9,0	0	210,0	0	971,0	0	0,0	ERA5
1061694	11/02/2025	06	11/02/2025	01	HNE	-18,3	0	-20,0	0	87,0	0	5,0	0	180,0	0	971,0	0	0,0	ERA5
1061695	11/02/2025	07	11/02/2025	02	HNE	-18,6	0	-20,3	0	87,0	0	4,0	0	0,0	0	970,0	0	0,0	ERA5
1061696	11/02/2025	08	11/02/2025	03	HNE	-18,4	0	-20,2	0	86,0	0	0,0	0	0,0	0	969,0	0	0,0	ERA5
1061697	11/02/2025	09	11/02/2025	04	HNE	-18,2	0	-20,1	0	85,0	0	8,0	0	40,0	0	969,0	0	0,0	ERA5
1061698	11/02/2025	10	11/02/2025	05	HNE	-17,9	0	-19,8	0	85,0	0	4,0	0	0,0	0	968,0	0	0,0	ERA5
1061699	11/02/2025	11	11/02/2025	06	HNE	-17,9	0	-19,8	0	85,0	0	4,0	0	360,0	0	968,0	0	0,0	ERA5
1061700	11/02/2025	12	11/02/2025	07	HNE	-18,0	0	-19,9	0	85,0	0	8,0	0	310,0	0	968,0	0	0,0	ERA5
1061701	11/02/2025	13	11/02/2025	08	HNE	-17,7	0	-19,7	0	85,0	0	8,0	0	330,0	0	969,0	0	53,7	ERA5
1061702	11/02/2025	14	11/02/2025	09	HNE	-17,2	0	-19,3	0	84,0	0	11,0	0	300,0	0	970,0	0	413,9	ERA5
1061703	11/02/2025	15	11/02/2025	10	HNE	-16,1	0	-19,1	0	78,0	0	18,0	0	330,0	0	970,0	0	841,8	ERA5
1061704	11/02/2025	16	11/02/2025	11	HNE	-15,4	0	-19,1	0	74,0	0	13,0	0	290,0	0	971,0	0	1326,9	ERA5
1061705	11/02/2025	17	11/02/2025	12	HNE	-15,9	0	-19,6	0	73,0	0	15,0	0	290,0	0	971,0	0	1489,0	ERA5
1061706	11/02/2025	18	11/02/2025	13	HNE	-15,8	0	-20,3	0	69,0	0	18,0	0	290,0	0	972,0	0	1674,2	ERA5
1061707	11/02/2025	19	11/02/2025	14	HNE	-15,6	0	-21,5	0	61,0	0	17,0	0	310,0	0	972,0	0	1503,0	ERA5
1061708	11/02/2025	20	11/02/2025	15	HNE	-16,4	0	-20,8	0	69,0	0	15,0	0	320,0	0	973,0	0	1165,4	ERA5
1061709	11/02/2025	21	11/02/2025	16	HNE	-17,9	0	-22,6	0	67,0	0	15,0	0	290,0	0	974,0	0	690,4	ERA5
1061710	11/02/2025	22	11/02/2025	17	HNE	-18,5	0	-22,3	0	72,0	0	11,0	0	310,0	0	975,0	0	192,2	ERA5
1061711	11/02/2025	23	11/02/2025	18	HNE	-20,0	0	-23,5	0	74,0	0	9,0	0	280,0	0	975,0	0	1,0	ERA5
1061712	12/02/2025	00	11/02/2025	19	HNE	-21,8	0	-24,1	0	82,0	0	8,0	0	250,0	0	976,0	0	0,0	ERA5
1061713	12/02/2025	01	11/02/2025	20	HNE	-23,7	0	-25,9	0	83,0	0	4,0	0	290,0	0	976,0	0	0,0	ERA5
1061714	12/02/2025	02	11/02/2025	21	HNE	-25,7	0	-28,0	0	81,0	0	8,0	0	280,0	0	977,0	0	0,0	ERA5
1061715	12/02/2025	03	11/02/2025	22	HNE	-28,9	0	-31,4	0	79,0	0	0,0	0	0,0	0	977,0	0	0,0	ERA5
1061716	12/02/2025	04	11/02/2025	23	HNE	-30,6	0	-33,4	0	77,0	0	4,0	0	220,0	0	977,0	0	0,0	ERA5
1061717	12/02/2025	05	12/02/2025	00	HNE	-30,5	0	-33,2	0	78,0	0	0,0	0	0,0	0	978,0	0	0,0	ERA5
1061718	12/02/2025	06	12/02/2025	01	HNE	-31,5	0	-34,3	0	77,0	0	5,0	0	190,0	0	978,0	0	0,0	ERA5
1061719	12/02/2025	07	12/02/2025	02	HNE	-30,6	0	-33,4	0	77,0	0	0,0	0	0,0	0	978,0	0	0,0	ERA5
1061720	12/02/2025	08	12/02/2025	03	HNE	-32,9	0	-35,8	0	76,0	0	8,0	0	160,0	0	978,0	0	0,0	ERA5
1061721	12/02/2025	09	12/02/2025	04	HNE	-32,7	0	-35,6	0	76,0	0	4,0	0	0,0	0	979,0	0	0,0	ERA5
1061722	12/02/2025	10	12/02/2025	05	HNE	-34,0	0	-37,0	0	75,0	0	0,0	0	0,0	0	979,0	0	0,0	ERA5
1061723	12/02/2025	11	12/02/2025	06	HNE	-33,8	0	-36,8	0	75,0	0	0,0	0	0,0	0	980,0	0	0,0	ERA5
1061724	12/02/2025	12	12/02/2025	07	HNE	-34,1	0	-37,0	0	76,0	0	0,0	0	0,0	0	981,0	0	0,0	ERA5
1061725	12/02/2025	13	12/02/2025	08	HNE	-34,8	0	-37,8	0	75,0	0	0,0	0	0,0	0	981,0	0	98,0	ERA5
1061726	12/02/2025	14	12/02/2025	09	HNE	-31,1	0	-33,9	0	77,0	0	0,0	0	0,0	0	981,0	0	587,2	ERA5
1061727	12/02/2025	15	12/02/2025	10	HNE	-26,7	0	-29,3	0	79,0	0	4,0	0	80,0	0	981,0	0	1066,2	ERA5
1061728	12/02/2025	16	12/02/2025	11	HNE	-22,6	0	-25,2	0	80,0	0	5,0	0	160,0	0	981,0	0	1525,6	ERA5
1061729	12/02/2025	17	12/02/2025	12	HNE	-19,9	0	-24,5	0	67,0	0	11,0	0	270,0	0	981,0	0	1761,9	ERA5
1061730	12/02/2025	18	12/02/2025	13	HNE	-19,2	0	-24,8	0	62,0	0	11,0	0	240,0	0	981,0	0	1802,4	ERA5
1061731	12/02/2025	19	12/02/2025	14	HNE	-18,0	0	-25,0	0	55,0	0	13,0	0	230,0	0	981,0	0	1628,7	ERA5
1061732	12/02/2025	20	12/02/2025	15	HNE	-17,4	0	-24,9	0	53,0	0	5,0	0	0,0	0	981,0	0	1299,2	ERA5
1061733	12/02/2025	21	12/02/2025	16	HNE	-17,5	0	-25,2	0	52,0	0	5,0	0	360,0	0	982,0	0	817,2	ERA5
1061734	12/02/2025	22	12/02/2025	17	HNE	-19,6	0	-25,5	0	60,0	0	4,0	0	30,0	0	981,0	0	274,6	ERA5
1061735	12/02/2025	23	12/02/2025	18	HNE	-23,0	0	-26,0	0	77,0	0	5,0	0	0,0	0	981,0	0	2,0	ERA5
1061736	13/02/2025	00	12/02/2025	19	HNE	-23,7	0	-25,8	0	83,0	0	5,0	0	60,0	0	981,0	0	0,0	ERA5
1061737	13/02/2025	01	12/02/2025	20	HNE	-22,1	0	-24,5	0	81,0	0	8,0	0	60,0	0	981,0	0	0,0	ERA5
1061738	13/02/2025	02	12/02/2025	21	HNE	-22,8	0	-26,2	0	74,0	0	8,0	0	70,0	0	980,0	0	0,0	ERA5
1061739	13/02/2025	03	12/02/2025	22	HNE	-22,2	0	-25,8	0	73,0	0	4,0	0	70,0	0	980,0	0	0,0	ERA5
1061740	13/02/2025	04	12/02/2025	23	HNE	-21,6	0	-25,4	0	72,0	0	11,0	0	80,0	0	979,0	0	0,0	ERA5
1061741	13/02/2025	05	13/02/2025	00	HNE	-21,5	0	-25,0	0	74,0	0	9,0	0	80,0	0	979,0	0	0,0	ERA5
1061742	13/02/2025	06	13/02/2025	01	HNE	-20,4	0	-23,9	0	74,0	0	9,0	0	90,0	0	978,0	0	0,0	ERA5
1061743	13/02/2025	07	13/02/2025	02	HNE	-18,9	0	-23,3	0	69,0	0	15,0	0	100,0	0	976,0	0	0,0	ERA5
1061744	13/02/2025	08	13/02/2025	03	HNE	-18,9	0	-22,6	0	73,0	0	18,0	0	90,0	0	975,0	0	0,0	ERA5
1061745	13/02/2025	09	13/02/2025	04	HNE	-19,1	0	-21,7	0	80,0	0	15,0	0	80,0	0	974,0	0	0,0	ERA5
1061746	13/02/2025	10	13/02/2025	05	HNE	-19,2	0	-21,8	0	80,0	0	21,0	0	80,0	0	973,0	0	0,0	ERA5
1061747	13/02/2025	11	13/02/2025	06	HNE	-19,0	0	-21,5	0	81,0	0	17,0	0	90,0	0	971,0	0	0,0	ERA5
1061748	13/02/2025	12	13/02/2025	07	HNE	-18,7	0	-21,3	0	80,0	0	18,0	0	80,0	0	969,0	0	0,0	ERA5
1061749	13/02/2025	13	13/02/2025	08	HNE	-18,4	0	-20,9	0	81,0	0	24,0	0	90,0	0	968,0	0	25,2	ERA5
1061750	13/02/2025	14	13/02/2025	09	HNE	-17,7	0	-20,2	0	81,0	0	22,0	0	80,0	0	966,0	0	121,5	ERA5
1061751	13/02/2025	15	13/02/2025	10	HNE	-17,0	0	-19,7	0	80,0	0	21,0	0	80,0	0	964,0	0	233,2	ERA5
1061752	13/02/2025	16	13/02/2025	11	HNE	-16,3	0	-18,8	0	81,0	0	22,0	0	90,0	0	963,0	0	397,8	ERA5
1061753	13/02/2025	17	13/02/2025	12	HNE	-15,4	0	-18,3	0	79,0	0	30,0	0	90,0	0	961,0	0	512,0	ERA5
1061754	13/02/2025	18	13/02/2025	13	HNE	-14,9	0	-17,8	0	79,0	0	28,0	0	100,0	0	959,0	0	593,0	ERA5
1061755	13/02/2025	19	13/02/2025	14	HNE	-14,3	0	-17,2	0	79,0	0	18,0	0	100,0	0	958,0	0	681,8	ERA5
1061756	13/02/2025	20	13/02/2025	15	HNE	-14,1	0	-16,7	0	81,0	0	13,0	0	80,0	0	958,0	0	574,4	ERA5
1061757	13/02/2025	21	13/02/2025	16	HNE	-14,0	0	-16,3	0	83,0	0	11,0	0	80,0	0	957,0	0	339,1	ERA5
1061758	13/02/2025	22	13/02/2025	17	HNE	-14,3	0	-16,6	0	83,0	0	11,0	0	60,0	0	957,0	0	119,1	ERA5
1061759	13/02/2025	23	13/02/2025	18	HNE	-14,7	0	-16,6	0	86,0	0	8,0	0	340,0	0	958,0	0	1,6	ERA5
1061760	14/02/2025	00	13/02/2025	19	HNE	-15,2	0	-16,9	0	87,0	0	8,0	0	310,0	0	959,0	0	0,0	ERA5
1061761	14/02/2025	01	13/02/2025	20	HNE	-15,3	0	-17,2	0	86,0	0	9,0	0	310,0	0	959,0	0	0,0	ERA5
1061762	14/02/2025	02	13/02/2025	21	HNE	-16,1	0	-17,9	0	86,0	0	9,0	0	280,0	0	960,0	0	0,0	ERA5
1061763	14/02/2025	03	13/02/2025	22	HNE	-16,8	0	-18,8	0	85,0	0	13,0	0	270,0	0	961,0	0	0,0	ERA5
1061764	14/02/2025	04	13/02/2025	23	HNE	-17,5	0	-19,6	0	84,0	0	11,0	0	270,0	0	962,0	0	0,0	ERA5
1061765	14/02/2025	05	14/02/2025	00	HNE	-17,4	0	-20,0	0	80,0	0	17,0	0	280,0	0	962,0	0	0,0	ERA5
1061766	14/02/2025	06	14/02/2025	01	HNE	-18,0	0	-21,0	0	78,0	0	24,0	0	280,0	0	963,0	0	0,0	ERA5
1061767	14/02/2025	07	14/02/2025	02	HNE	-18,5	0	-21,3	0	79,0	0	22,0	0	270,0	0	965,0	0	0,0	ERA5
1061768	14/02/2025	08	14/02/2025	03	HNE	-19,5	0	-22,4	0	78,0	0	17,0	0	280,0	0	966,0	0	0,0	ERA5
1061769	14/02/2025	09	14/02/2025	04	HNE	-19,7	0	-22,5	0	79,0	0	15,0	0	270,0	0	967,0	0	0,0	ERA5
1061770	14/02/2025	10	14/02/2025	05	HNE	-19,7	0	-22,5	0	79,0	0	24,0	0	280,0	0	969,0	0	0,0	ERA5
1061771	14/02/2025	11	14/02/2025	06	HNE	-19,9	0	-23,0	0	77,0	0	21,0	0	280,0	0	970,0	0	0,0	ERA5
1061772	14/02/2025	12	14/02/2025	07	HNE	-19,8	0	-23,0	0	76,0	0	21,0	0	280,0	0	971,0	0	0,0	ERA5
1061773	14/02/2025	13	14/02/2025	08	HNE	-19,5	0	-22,7	0	76,0	0	15,0	0	280,0	0	972,0	0	74,4	ERA5
1061774	14/02/2025	14	14/02/2025	09	HNE	-19,0	0	-22,6	0	74,0	0	24,0	0	280,0	0	973,0	0	434,4	ERA5
1061775	14/02/2025	15	14/02/2025	10	HNE	-18,2	0	-21,6	0	75,0	0	22,0	0	280,0	0	974,0	0	924,0	ERA5
1061776	14/02/2025	16	14/02/2025	11	HNE	-17,6	0	-21,8	0	70,0	0	22,0	0	280,0	0	974,0	0	1391,7	ERA5
1061777	14/02/2025	17	14/02/2025	12	HNE	-16,9	0	-21,5	0	68,0	0	18,0	0	270,0	0	975,0	0	1640,1	ERA5
1061778	14/02/2025	18	14/02/2025	13	HNE	-17,1	0	-22,0	0	66,0	0	26,0	0	270,0	0	976,0	0	1725,9	ERA5
1061779	14/02/2025	19	14/02/2025	14	HNE	-17,0	0	-21,6	0	68,0	0	21,0	0	270,0	0	977,0	0	1618,9	ERA5
1061780	14/02/2025	20	14/02/2025	15	HNE	-16,9	0	-21,8	0	66,0	0	22,0	0	270,0	0	978,0	0	1267,4	ERA5
1061781	14/02/2025	21	14/02/2025	16	HNE	-17,3	0	-22,8	0	63,0	0	18,0	0	260,0	0	979,0	0	785,0	ERA5
1061782	14/02/2025	22	14/02/2025	17	HNE	-18,4	0	-23,4	0	65,0	0	15,0	0	280,0	0	979,0	0	271,3	ERA5
1061783	14/02/2025	23	14/02/2025	18	HNE	-19,6	0	-23,9	0	69,0	0	17,0	0	260,0	0	980,0	0	4,4	ERA5
1061784	15/02/2025	00	14/02/2025	19	HNE	-20,8	0	-24,3	0	74,0	0	11,0	0	260,0	0	981,0	0	0,0	ERA5
1061785	15/02/2025	01	14/02/2025	20	HNE	-21,8	0	-24,7	0	78,0	0	9,0	0	260,0	0	982,0	0	0,0	ERA5
1061786	15/02/2025	02	14/02/2025	21	HNE	-22,4	0	-25,1	0	79,0	0	9,0	0	290,0	0	982,0	0	0,0	ERA5
1061787	15/02/2025	03	14/02/2025	22	HNE	-23,7	0	-26,2	0	80,0	0	9,0	0	300,0	0	981,0	0	0,0	ERA5
1061788	15/02/2025	04	14/02/2025	23	HNE	-24,8	0	-27,0	0	82,0	0	5,0	0	310,0	0	981,0	0	0,0	ERA5
1061789	15/02/2025	05	15/02/2025	00	HNE	-29,3	0	-31,9	0	79,0	0	4,0	0	0,0	0	981,0	0	0,0	ERA5
1061790	15/02/2025	06	15/02/2025	01	HNE	-29,8	0	-32,2	0	80,0	0	5,0	0	290,0	0	982,0	0	0,0	ERA5
1061791	15/02/2025	07	15/02/2025	02	HNE	-29,3	0	-31,6	0	81,0	0	0,0	0	0,0	0	983,0	0	0,0	ERA5
1061792	15/02/2025	08	15/02/2025	03	HNE	-29,4	0	-32,2	0	77,0	0	0,0	0	0,0	0	983,0	0	0,0	ERA5
1061793	15/02/2025	09	15/02/2025	04	HNE	-29,3	0	-32,1	0	77,0	0	4,0	0	160,0	0	982,0	0	0,0	ERA5
1061794	15/02/2025	10	15/02/2025	05	HNE	-29,9	0	-32,7	0	77,0	0	4,0	0	70,0	0	982,0	0	0,0	ERA5
1061795	15/02/2025	11	15/02/2025	06	HNE	-29,5	0	-32,2	0	78,0	0	0,0	0	0,0	0	982,0	0	0,0	ERA5
1061796	15/02/2025	12	15/02/2025	07	HNE	-30,7	0	-33,7	0	76,0	0	0,0	0	0,0	0	982,0	0	0,0	ERA5
1061797	15/02/2025	13	15/02/2025	08	HNE	-29,8	0	-32,6	0	77,0	0	0,0	0	0,0	0	982,0	0	97,7	ERA5
1061798	15/02/2025	14	15/02/2025	09	HNE	-26,4	0	-29,0	0	80,0	0	0,0	0	0,0	0	982,0	0	480,6	ERA5
1061799	15/02/2025	15	15/02/2025	10	HNE	-22,7	0	-26,2	0	74,0	0	5,0	0	150,0	0	981,0	0	1000,1	ERA5
1061800	15/02/2025	16	15/02/2025	11	HNE	-21,0	0	-25,8	0	66,0	0	0,0	0	0,0	0	981,0	0	1462,7	ERA5
1061801	15/02/2025	17	15/02/2025	12	HNE	-18,3	0	-25,0	0	57,0	0	0,0	0	0,0	0	980,0	0	1686,5	ERA5
1061802	15/02/2025	18	15/02/2025	13	HNE	-17,5	0	-23,3	0	61,0	0	8,0	0	90,0	0	979,0	0	1745,1	ERA5
1061803	15/02/2025	19	15/02/2025	14	HNE	-17,5	0	-23,0	0	63,0	0	9,0	0	90,0	0	979,0	0	1553,6	ERA5
1061804	15/02/2025	20	15/02/2025	15	HNE	-17,0	0	-23,1	0	60,0	0	5,0	0	100,0	0	978,0	0	1275,8	ERA5
1061805	15/02/2025	21	15/02/2025	16	HNE	-16,8	0	-22,5	0	62,0	0	9,0	0	60,0	0	978,0	0	802,4	ERA5
1061806	15/02/2025	22	15/02/2025	17	HNE	-17,6	0	-22,9	0	64,0	0	5,0	0	40,0	0	978,0	0	294,8	ERA5
1061807	15/02/2025	23	15/02/2025	18	HNE	-20,4	0	-24,9	0	68,0	0	8,0	0	40,0	0	978,0	0	6,0	ERA5
1061808	16/02/2025	00	15/02/2025	19	HNE	-22,2	0	-25,4	0	76,0	0	9,0	0	30,0	0	978,0	0	0,0	ERA5
1061809	16/02/2025	01	15/02/2025	20	HNE	-22,3	0	-25,8	0	74,0	0	5,0	0	20,0	0	977,0	0	0,0	ERA5
1061810	16/02/2025	02	15/02/2025	21	HNE	-24,8	0	-27,3	0	80,0	0	5,0	0	20,0	0	978,0	0	0,0	ERA5
1061811	16/02/2025	03	15/02/2025	22	HNE	-25,2	0	-26,9	0	86,0	0	0,0	0	0,0	0	977,0	0	0,0	ERA5
1061812	16/02/2025	04	15/02/2025	23	HNE	-27,1	0	-28,9	0	85,0	0	8,0	0	40,0	0	977,0	0	0,0	ERA5
1061813	16/02/2025	05	16/02/2025	00	HNE	-25,1	0	-27,9	0	78,0	0	9,0	0	30,0	0	976,0	0	0,0	ERA5
1061814	16/02/2025	06	16/02/2025	01	HNE	-28,3	0	-30,7	0	80,0	0	4,0	0	0,0	0	976,0	0	0,0	ERA5
1061815	16/02/2025	07	16/02/2025	02	HNE	-29,6	0	-32,2	0	79,0	0	8,0	0	20,0	0	976,0	0	0,0	ERA5
1061816	16/02/2025	08	16/02/2025	03	HNE	-29,2	0	-31,6	0	80,0	0	8,0	0	30,0	0	975,0	0	0,0	ERA5
1061817	16/02/2025	09	16/02/2025	04	HNE	-28,4	0	-31,1	0	78,0	0	4,0	0	0,0	0	974,0	0	0,0	ERA5
1061818	16/02/2025	10	16/02/2025	05	HNE	-28,3	0	-30,9	0	79,0	0	4,0	0	0,0	0	974,0	0	0,0	ERA5
1061819	16/02/2025	11	16/02/2025	06	HNE	-27,3	0	-29,9	0	79,0	0	9,0	0	40,0	0	973,0	0	0,0	ERA5
1061820	16/02/2025	12	16/02/2025	07	HNE	-27,8	0	-30,4	0	79,0	0	9,0	0	30,0	0	973,0	0	0,0	ERA5
1061821	16/02/2025	13	16/02/2025	08	HNE	-27,0	0	-29,6	0	79,0	0	8,0	0	20,0	0	972,0	0	99,9	ERA5
1061822	16/02/2025	14	16/02/2025	09	HNE	-25,1	0	-27,6	0	80,0	0	5,0	0	20,0	0	971,0	0	453,8	ERA5
1061823	16/02/2025	15	16/02/2025	10	HNE	-21,2	0	-23,5	0	82,0	0	24,0	0	40,0	0	969,0	0	773,7	ERA5
1061824	16/02/2025	16	16/02/2025	11	HNE	-19,8	0	-24,5	0	67,0	0	21,0	0	40,0	0	968,0	0	970,4	ERA5
1061825	16/02/2025	17	16/02/2025	12	HNE	-18,8	0	-23,7	0	66,0	0	18,0	0	50,0	0	966,0	0	1094,7	ERA5
1061826	16/02/2025	18	16/02/2025	13	HNE	-17,8	0	-22,7	0	66,0	0	15,0	0	50,0	0	965,0	0	1102,3	ERA5
1061827	16/02/2025	19	16/02/2025	14	HNE	-17,3	0	-22,1	0	67,0	0	15,0	0	10,0	0	963,0	0	751,1	ERA5
1061828	16/02/2025	20	16/02/2025	15	HNE	-16,8	0	-21,3	0	69,0	0	17,0	0	20,0	0	961,0	0	630,6	ERA5
1061829	16/02/2025	21	16/02/2025	16	HNE	-17,6	0	-21,8	0	70,0	0	21,0	0	360,0	0	960,0	0	320,0	ERA5
1061830	16/02/2025	22	16/02/2025	17	HNE	-19,0	0	-22,7	0	73,0	0	18,0	0	360,0	0	958,0	0	129,4	ERA5
1061831	16/02/2025	23	16/02/2025	18	HNE	-19,2	0	-22,7	0	74,0	0	24,0	0	360,0	0	956,0	0	2,8	ERA5
1061832	17/02/2025	00	16/02/2025	19	HNE	-18,3	0	-21,9	0	74,0	0	15,0	0	360,0	0	955,0	0	0,0	ERA5
1061833	17/02/2025	01	16/02/2025	20	HNE	-18,5	0	-21,9	0	75,0	0	24,0	0	350,0	0	954,0	0	0,0	ERA5
1061834	17/02/2025	02	16/02/2025	21	HNE	-18,8	0	-21,4	0	80,0	0	24,0	0	350,0	0	952,0	0	0,0	ERA5
1061835	17/02/2025	03	16/02/2025	22	HNE	-18,7	0	-21,3	0	80,0	0	24,0	0	350,0	0	951,0	0	0,0	ERA5
1061836	17/02/2025	04	16/02/2025	23	HNE	-18,5	0	-21,0	0	81,0	0	21,0	0	350,0	0	949,0	0	0,0	ERA5
1061837	17/02/2025	05	17/02/2025	00	HNE	-18,4	0	-20,9	0	81,0	0	15,0	0	340,0	0	948,0	0	0,0	ERA5
1061838	17/02/2025	06	17/02/2025	01	HNE	-18,3	0	-20,8	0	81,0	0	24,0	0	350,0	0	947,0	0	0,0	ERA5
1061839	17/02/2025	07	17/02/2025	02	HNE	-18,2	0	-20,7	0	81,0	0	21,0	0	340,0	0	947,0	0	0,0	ERA5
1061840	17/02/2025	08	17/02/2025	03	HNE	-18,2	0	-20,7	0	81,0	0	18,0	0	340,0	0	945,0	0	0,0	ERA5
1061841	17/02/2025	09	17/02/2025	04	HNE	-18,1	0	-20,5	0	82,0	0	17,0	0	320,0	0	945,0	0	0,0	ERA5
1061842	17/02/2025	10	17/02/2025	05	HNE	-18,0	0	-20,4	0	82,0	0	17,0	0	310,0	0	945,0	0	0,0	ERA5
1061843	17/02/2025	11	17/02/2025	06	HNE	-18,6	0	-21,1	0	81,0	0	15,0	0	290,0	0	945,0	0	0,0	ERA5
1061844	17/02/2025	12	17/02/2025	07	HNE	-18,9	0	-21,4	0	81,0	0	17,0	0	300,0	0	945,0	0	0,0	ERA5
1061845	17/02/2025	13	17/02/2025	08	HNE	-18,8	0	-21,4	0	80,0	0	17,0	0	290,0	0	945,0	0	44,3	ERA5
1061846	17/02/2025	14	17/02/2025	09	HNE	-18,7	0	-21,6	0	78,0	0	24,0	0	290,0	0	945,0	0	233,1	ERA5
1061847	17/02/2025	15	17/02/2025	10	HNE	-18,1	0	-21,2	0	77,0	0	24,0	0	290,0	0	945,0	0	508,5	ERA5
1061848	17/02/2025	16	17/02/2025	11	HNE	-18,2	0	-21,6	0	75,0	0	24,0	0	290,0	0	945,0	0	837,3	ERA5
1061849	17/02/2025	17	17/02/2025	12	HNE	-18,2	0	-21,5	0	76,0	0	22,0	0	280,0	0	945,0	0	966,3	ERA5
1061850	17/02/2025	18	17/02/2025	13	HNE	-18,7	0	-22,1	0	75,0	0	24,0	0	290,0	0	945,0	0	1098,6	ERA5
1061851	17/02/2025	19	17/02/2025	14	HNE	-19,1	0	-22,3	0	76,0	0	24,0	0	270,0	0	946,0	0	971,8	ERA5
1061852	17/02/2025	20	17/02/2025	15	HNE	-19,7	0	-23,1	0	75,0	0	24,0	0	270,0	0	946,0	0	628,0	ERA5
1061853	17/02/2025	21	17/02/2025	16	HNE	-19,8	0	-23,0	0	76,0	0	18,0	0	270,0	0	948,0	0	382,4	ERA5
1061854	17/02/2025	22	17/02/2025	17	HNE	-19,9	0	-23,0	0	77,0	0	22,0	0	270,0	0	948,0	0	144,5	ERA5
1061855	17/02/2025	23	17/02/2025	18	HNE	-19,9	0	-23,1	0	76,0	0	26,0	0	270,0	0	949,0	0	4,6	ERA5
1061856	18/02/2025	00	17/02/2025	19	HNE	-19,7	0	-22,8	0	77,0	0	21,0	0	280,0	0	949,0	0	0,0	ERA5
1061857	18/02/2025	01	17/02/2025	20	HNE	-19,5	0	-22,4	0	78,0	0	21,0	0	270,0	0	949,0	0	0,0	ERA5
1061858	18/02/2025	02	17/02/2025	21	HNE	-19,5	0	-22,4	0	78,0	0	21,0	0	270,0	0	949,0	0	0,0	ERA5
1061859	18/02/2025	03	17/02/2025	22	HNE	-20,6	0	-23,4	0	79,0	0	26,0	0	260,0	0	950,0	0	0,0	ERA5
1061860	18/02/2025	04	17/02/2025	23	HNE	-21,1	0	-24,3	0	76,0	0	17,0	0	260,0	0	950,0	0	0,0	ERA5
1061861	18/02/2025	05	18/02/2025	00	HNE	-21,0	0	-24,2	0	76,0	0	28,0	0	270,0	0	950,0	0	0,0	ERA5
1061862	18/02/2025	06	18/02/2025	01	HNE	-20,6	0	-23,8	0	76,0	0	24,0	0	270,0	0	951,0	0	0,0	ERA5
1061863	18/02/2025	07	18/02/2025	02	HNE	-20,5	0	-23,4	0	78,0	0	22,0	0	270,0	0	952,0	0	0,0	ERA5
1061864	18/02/2025	08	18/02/2025	03	HNE	-20,6	0	-23,4	0	79,0	0	18,0	0	260,0	0	952,0	0	0,0	ERA5
1061865	18/02/2025	09	18/02/2025	04	HNE	-20,7	0	-23,5	0	79,0	0	21,0	0	260,0	0	953,0	0	0,0	ERA5
1061866	18/02/2025	10	18/02/2025	05	HNE	-20,5	0	-23,3	0	79,0	0	17,0	0	260,0	0	954,0	0	0,0	ERA5
1061867	18/02/2025	11	18/02/2025	06	HNE	-20,2	0	-22,8	0	80,0	0	17,0	0	260,0	0	955,0	0	0,0	ERA5
1061868	18/02/2025	12	18/02/2025	07	HNE	-20,0	0	-22,6	0	80,0	0	15,0	0	260,0	0	956,0	0	0,0	ERA5
1061869	18/02/2025	13	18/02/2025	08	HNE	-19,6	0	-22,2	0	80,0	0	15,0	0	260,0	0	957,0	0	60,5	ERA5
1061870	18/02/2025	14	18/02/2025	09	HNE	-18,8	0	-21,6	0	79,0	0	18,0	0	260,0	0	957,0	0	209,4	ERA5
1061871	18/02/2025	15	18/02/2025	10	HNE	-17,8	0	-20,9	0	77,0	0	24,0	0	270,0	0	958,0	0	405,1	ERA5
1061872	18/02/2025	16	18/02/2025	11	HNE	-16,7	0	-20,0	0	76,0	0	17,0	0	270,0	0	959,0	0	729,2	ERA5
1061873	18/02/2025	17	18/02/2025	12	HNE	-15,4	0	-18,6	0	77,0	0	21,0	0	280,0	0	960,0	0	802,9	ERA5
1061874	18/02/2025	18	18/02/2025	13	HNE	-15,1	0	-18,0	0	79,0	0	22,0	0	280,0	0	960,0	0	1079,1	ERA5
1061875	18/02/2025	19	18/02/2025	14	HNE	-14,9	0	-16,8	0	86,0	0	21,0	0	270,0	0	962,0	0	850,8	ERA5
1061876	18/02/2025	20	18/02/2025	15	HNE	-14,6	0	-16,7	0	84,0	0	17,0	0	260,0	0	962,0	0	612,2	ERA5
1061877	18/02/2025	21	18/02/2025	16	HNE	-14,4	0	-16,4	0	85,0	0	17,0	0	270,0	0	964,0	0	409,1	ERA5
1061878	18/02/2025	22	18/02/2025	17	HNE	-14,2	0	-16,1	0	86,0	0	17,0	0	280,0	0	964,0	0	149,6	ERA5
1061879	18/02/2025	23	18/02/2025	18	HNE	-14,7	0	-16,6	0	86,0	0	17,0	0	260,0	0	965,0	0	5,7	ERA5
1061880	19/02/2025	00	18/02/2025	19	HNE	-15,3	0	-16,7	0	89,0	0	21,0	0	270,0	0	966,0	0	0,0	ERA5
1061881	19/02/2025	01	18/02/2025	20	HNE	-15,7	0	-17,4	0	87,0	0	18,0	0	270,0	0	967,0	0	0,0	ERA5
1061882	19/02/2025	02	18/02/2025	21	HNE	-16,1	0	-18,2	0	84,0	0	17,0	0	270,0	0	967,0	0	0,0	ERA5
1061883	19/02/2025	03	18/02/2025	22	HNE	-16,3	0	-18,6	0	83,0	0	15,0	0	260,0	0	968,0	0	0,0	ERA5
1061884	19/02/2025	04	18/02/2025	23	HNE	-16,5	0	-18,8	0	83,0	0	17,0	0	270,0	0	968,0	0	0,0	ERA5
1061885	19/02/2025	05	19/02/2025	00	HNE	-16,6	0	-19,0	0	82,0	0	15,0	0	280,0	0	968,0	0	0,0	ERA5
1061886	19/02/2025	06	19/02/2025	01	HNE	-16,5	0	-18,8	0	83,0	0	13,0	0	270,0	0	969,0	0	0,0	ERA5
1061887	19/02/2025	07	19/02/2025	02	HNE	-16,3	0	-18,4	0	84,0	0	13,0	0	270,0	0	969,0	0	0,0	ERA5
1061888	19/02/2025	08	19/02/2025	03	HNE	-15,9	0	-17,9	0	85,0	0	13,0	0	270,0	0	969,0	0	0,0	ERA5
1061889	19/02/2025	09	19/02/2025	04	HNE	-15,5	0	-17,6	0	84,0	0	11,0	0	270,0	0	969,0	0	0,0	ERA5
1061890	19/02/2025	10	19/02/2025	05	HNE	-15,4	0	-17,4	0	85,0	0	9,0	0	270,0	0	970,0	0	0,0	ERA5
1061891	19/02/2025	11	19/02/2025	06	HNE	-15,1	0	-17,1	0	85,0	0	11,0	0	270,0	0	970,0	0	0,0	ERA5
1061892	19/02/2025	12	19/02/2025	07	HNE	-14,8	0	-16,8	0	85,0	0	9,0	0	280,0	0	971,0	0	0,0	ERA5
1061893	19/02/2025	13	19/02/2025	08	HNE	-14,1	0	-16,1	0	85,0	0	15,0	0	280,0	0	971,0	0	73,1	ERA5
1061894	19/02/2025	14	19/02/2025	09	HNE	-13,1	0	-15,6	0	82,0	0	15,0	0	270,0	0	971,0	0	268,0	ERA5
1061895	19/02/2025	15	19/02/2025	10	HNE	-12,5	0	-14,2	0	87,0	0	17,0	0	290,0	0	971,0	0	499,9	ERA5
1061896	19/02/2025	16	19/02/2025	11	HNE	-11,6	0	-13,1	0	89,0	0	15,0	0	260,0	0	972,0	0	670,9	ERA5
1061897	19/02/2025	17	19/02/2025	12	HNE	-10,4	0	-12,2	0	87,0	0	17,0	0	290,0	0	972,0	0	864,3	ERA5
1061898	19/02/2025	18	19/02/2025	13	HNE	-9,8	0	-12,0	0	84,0	0	17,0	0	290,0	0	971,0	0	798,7	ERA5
1061899	19/02/2025	19	19/02/2025	14	HNE	-9,2	0	-11,9	0	81,0	0	17,0	0	280,0	0	971,0	0	816,6	ERA5
1061900	19/02/2025	20	19/02/2025	15	HNE	-9,3	0	-12,1	0	80,0	0	21,0	0	280,0	0	971,0	0	654,0	ERA5
1061901	19/02/2025	21	19/02/2025	16	HNE	-9,9	0	-12,7	0	80,0	0	17,0	0	280,0	0	972,0	0	410,7	ERA5
1061902	19/02/2025	22	19/02/2025	17	HNE	-10,6	0	-12,5	0	86,0	0	15,0	0	280,0	0	972,0	0	180,4	ERA5
1061903	19/02/2025	23	19/02/2025	18	HNE	-11,2	0	-13,1	0	86,0	0	11,0	0	280,0	0	972,0	0	9,5	ERA5
1061904	20/02/2025	00	19/02/2025	19	HNE	-11,7	0	-13,3	0	88,0	0	8,0	0	280,0	0	972,0	0	0,0	ERA5
1061905	20/02/2025	01	19/02/2025	20	HNE	-11,6	0	-13,5	0	86,0	0	13,0	0	310,0	0	972,0	0	0,0	ERA5
1061906	20/02/2025	02	19/02/2025	21	HNE	-12,1	0	-13,8	0	87,0	0	15,0	0	320,0	0	972,0	0	0,0	ERA5
1061907	20/02/2025	03	19/02/2025	22	HNE	-12,6	0	-14,2	0	88,0	0	15,0	0	300,0	0	972,0	0	0,0	ERA5
1061908	20/02/2025	04	19/02/2025	23	HNE	-13,3	0	-14,8	0	89,0	0	13,0	0	310,0	0	972,0	0	0,0	ERA5
1061909	20/02/2025	05	20/02/2025	00	HNE	-13,6	0	-15,0	0	89,0	0	13,0	0	310,0	0	972,0	0	0,0	ERA5
1061910	20/02/2025	06	20/02/2025	01	HNE	-14,0	0	-15,3	0	90,0	0	13,0	0	310,0	0	972,0	0	0,0	ERA5
1061911	20/02/2025	07	20/02/2025	02	HNE	-14,3	0	-15,5	0	91,0	0	11,0	0	320,0	0	972,0	0	0,0	ERA5
1061912	20/02/2025	08	20/02/2025	03	HNE	-14,7	0	-15,9	0	91,0	0	13,0	0	310,0	0	971,0	0	0,0	ERA5
1061913	20/02/2025	09	20/02/2025	04	HNE	-14,8	0	-16,1	0	90,0	0	15,0	0	310,0	0	971,0	0	0,0	ERA5
1061914	20/02/2025	10	20/02/2025	05	HNE	-15,1	0	-16,5	0	89,0	0	13,0	0	320,0	0	971,0	0	0,0	ERA5
1061915	20/02/2025	11	20/02/2025	06	HNE	-15,2	0	-16,6	0	89,0	0	15,0	0	320,0	0	971,0	0	0,0	ERA5
1061916	20/02/2025	12	20/02/2025	07	HNE	-15,4	0	-17,0	0	88,0	0	15,0	0	320,0	0	971,0	0	0,0	ERA5
1061917	20/02/2025	13	20/02/2025	08	HNE	-15,6	0	-17,2	0	88,0	0	15,0	0	320,0	0	971,0	0	102,6	ERA5
1061918	20/02/2025	14	20/02/2025	09	HNE	-15,9	0	-17,5	0	88,0	0	13,0	0	310,0	0	971,0	0	415,0	ERA5
1061919	20/02/2025	15	20/02/2025	10	HNE	-15,7	0	-17,4	0	87,0	0	17,0	0	300,0	0	971,0	0	696,4	ERA5
1061920	20/02/2025	16	20/02/2025	11	HNE	-15,2	0	-16,8	0	88,0	0	21,0	0	300,0	0	971,0	0	1050,0	ERA5
1061921	20/02/2025	17	20/02/2025	12	HNE	-14,2	0	-15,9	0	87,0	0	17,0	0	310,0	0	970,0	0	1313,8	ERA5
1061922	20/02/2025	18	20/02/2025	13	HNE	-13,6	0	-15,6	0	85,0	0	17,0	0	330,0	0	970,0	0	1378,6	ERA5
1061923	20/02/2025	19	20/02/2025	14	HNE	-12,4	0	-15,5	0	78,0	0	18,0	0	330,0	0	970,0	0	1205,9	ERA5
1061924	20/02/2025	20	20/02/2025	15	HNE	-12,3	0	-15,3	0	78,0	0	15,0	0	310,0	0	970,0	0	1104,7	ERA5
1061925	20/02/2025	21	20/02/2025	16	HNE	-12,9	0	-15,5	0	81,0	0	15,0	0	320,0	0	970,0	0	718,8	ERA5
1061926	20/02/2025	22	20/02/2025	17	HNE	-13,4	0	-15,9	0	82,0	0	17,0	0	320,0	0	970,0	0	270,7	ERA5
1061927	20/02/2025	23	20/02/2025	18	HNE	-14,1	0	-16,3	0	84,0	0	13,0	0	310,0	0	971,0	0	14,5	ERA5
1061928	21/02/2025	00	20/02/2025	19	HNE	-14,4	0	-16,4	0	85,0	0	15,0	0	310,0	0	971,0	0	0,0	ERA5
1061929	21/02/2025	01	20/02/2025	20	HNE	-14,6	0	-16,4	0	87,0	0	18,0	0	310,0	0	971,0	0	0,0	ERA5
1061930	21/02/2025	02	20/02/2025	21	HNE	-14,6	0	-16,5	0	86,0	0	18,0	0	320,0	0	971,0	0	0,0	ERA5
1061931	21/02/2025	03	20/02/2025	22	HNE	-14,8	0	-16,7	0	86,0	0	15,0	0	320,0	0	971,0	0	0,0	ERA5
1061932	21/02/2025	04	20/02/2025	23	HNE	-15,1	0	-17,1	0	85,0	0	11,0	0	320,0	0	971,0	0	0,0	ERA5
1061933	21/02/2025	05	21/02/2025	00	HNE	-15,7	0	-17,8	0	84,0	0	15,0	0	320,0	0	971,0	0	0,0	ERA5
1061934	21/02/2025	06	21/02/2025	01	HNE	-16,4	0	-18,5	0	84,0	0	17,0	0	310,0	0	971,0	0	0,0	ERA5
1061935	21/02/2025	07	21/02/2025	02	HNE	-16,5	0	-18,8	0	83,0	0	13,0	0	310,0	0	972,0	0	0,0	ERA5
1061936	21/02/2025	08	21/02/2025	03	HNE	-16,8	0	-19,2	0	82,0	0	18,0	0	310,0	0	972,0	0	0,0	ERA5
1061937	21/02/2025	09	21/02/2025	04	HNE	-17,0	0	-19,4	0	82,0	0	13,0	0	320,0	0	972,0	0	0,0	ERA5
1061938	21/02/2025	10	21/02/2025	05	HNE	-17,5	0	-19,6	0	84,0	0	13,0	0	300,0	0	973,0	0	0,0	ERA5
1061939	21/02/2025	11	21/02/2025	06	HNE	-18,3	0	-20,1	0	86,0	0	17,0	0	300,0	0	973,0	0	0,0	ERA5
1061940	21/02/2025	12	21/02/2025	07	HNE	-18,8	0	-20,5	0	87,0	0	15,0	0	300,0	0	974,0	0	0,0	ERA5
1061941	21/02/2025	13	21/02/2025	08	HNE	-18,2	0	-19,9	0	87,0	0	11,0	0	300,0	0	974,0	0	131,8	ERA5
1061942	21/02/2025	14	21/02/2025	09	HNE	-17,4	0	-19,4	0	85,0	0	21,0	0	290,0	0	974,0	0	522,9	ERA5
1061943	21/02/2025	15	21/02/2025	10	HNE	-16,3	0	-18,7	0	82,0	0	17,0	0	300,0	0	974,0	0	887,6	ERA5
1061944	21/02/2025	16	21/02/2025	11	HNE	-15,0	0	-17,8	0	79,0	0	15,0	0	290,0	0	974,0	0	1110,3	ERA5
1061945	21/02/2025	17	21/02/2025	12	HNE	-14,3	0	-17,2	0	79,0	0	22,0	0	280,0	0	974,0	0	1404,3	ERA5
1061946	21/02/2025	18	21/02/2025	13	HNE	-13,3	0	-16,5	0	77,0	0	21,0	0	280,0	0	973,0	0	1517,1	ERA5
1061947	21/02/2025	19	21/02/2025	14	HNE	-12,7	0	-15,8	0	78,0	0	18,0	0	280,0	0	973,0	0	1360,6	ERA5
1061948	21/02/2025	20	21/02/2025	15	HNE	-12,0	0	-15,6	0	75,0	0	17,0	0	300,0	0	973,0	0	1048,6	ERA5
1061949	21/02/2025	21	21/02/2025	16	HNE	-11,9	0	-15,3	0	76,0	0	15,0	0	290,0	0	973,0	0	737,1	ERA5
1061950	21/02/2025	22	21/02/2025	17	HNE	-12,0	0	-15,1	0	78,0	0	15,0	0	280,0	0	973,0	0	297,9	ERA5
1061951	21/02/2025	23	21/02/2025	18	HNE	-12,1	0	-14,7	0	81,0	0	8,0	0	290,0	0	973,0	0	16,9	ERA5
1061952	22/02/2025	00	21/02/2025	19	HNE	-12,2	0	-14,7	0	82,0	0	8,0	0	290,0	0	974,0	0	0,0	ERA5
1061953	22/02/2025	01	21/02/2025	20	HNE	-12,3	0	-14,5	0	84,0	0	9,0	0	260,0	0	974,0	0	0,0	ERA5
1061954	22/02/2025	02	21/02/2025	21	HNE	-12,4	0	-14,4	0	85,0	0	9,0	0	260,0	0	973,0	0	0,0	ERA5
1061955	22/02/2025	03	21/02/2025	22	HNE	-12,6	0	-14,3	0	87,0	0	8,0	0	260,0	0	973,0	0	0,0	ERA5
1061956	22/02/2025	04	21/02/2025	23	HNE	-12,9	0	-14,5	0	88,0	0	8,0	0	230,0	0	973,0	0	0,0	ERA5
1061957	22/02/2025	05	22/02/2025	00	HNE	-13,0	0	-14,6	0	88,0	0	8,0	0	240,0	0	973,0	0	0,0	ERA5
1061958	22/02/2025	06	22/02/2025	01	HNE	-14,2	0	-15,5	0	90,0	0	8,0	0	200,0	0	972,0	0	0,0	ERA5
1061959	22/02/2025	07	22/02/2025	02	HNE	-15,4	0	-16,6	0	91,0	0	9,0	0	210,0	0	972,0	0	0,0	ERA5
1061960	22/02/2025	08	22/02/2025	03	HNE	-17,3	0	-19,0	0	87,0	0	9,0	0	170,0	0	971,0	0	0,0	ERA5
1061961	22/02/2025	09	22/02/2025	04	HNE	-15,3	0	-16,9	0	88,0	0	11,0	0	180,0	0	971,0	0	0,0	ERA5
1061962	22/02/2025	10	22/02/2025	05	HNE	-14,8	0	-16,4	0	88,0	0	13,0	0	180,0	0	970,0	0	0,0	ERA5
1061963	22/02/2025	11	22/02/2025	06	HNE	-13,9	0	-15,5	0	88,0	0	15,0	0	180,0	0	969,0	0	0,0	ERA5
1061964	22/02/2025	12	22/02/2025	07	HNE	-13,3	0	-15,0	0	87,0	0	13,0	0	160,0	0	968,0	0	0,0	ERA5
1061965	22/02/2025	13	22/02/2025	08	HNE	-13,7	0	-15,6	0	86,0	0	11,0	0	170,0	0	968,0	0	218,0	ERA5
1061966	22/02/2025	14	22/02/2025	09	HNE	-11,6	0	-14,6	0	79,0	0	21,0	0	200,0	0	967,0	0	766,7	ERA5
1061967	22/02/2025	15	22/02/2025	10	HNE	-10,4	0	-14,0	0	75,0	0	18,0	0	200,0	0	967,0	0	1303,3	ERA5
1061968	22/02/2025	16	22/02/2025	11	HNE	-9,7	0	-12,5	0	80,0	0	17,0	0	190,0	0	966,0	0	1670,3	ERA5
1061969	22/02/2025	17	22/02/2025	12	HNE	-8,1	0	-11,5	0	77,0	0	26,0	0	190,0	0	964,0	0	1519,9	ERA5
1061970	22/02/2025	18	22/02/2025	13	HNE	-7,4	0	-10,9	0	76,0	0	21,0	0	200,0	0	964,0	0	1068,7	ERA5
1061971	22/02/2025	19	22/02/2025	14	HNE	-7,0	0	-9,8	0	80,0	0	18,0	0	200,0	0	963,0	0	885,4	ERA5
1061972	22/02/2025	20	22/02/2025	15	HNE	-6,7	0	-9,8	0	79,0	0	18,0	0	200,0	0	962,0	0	695,3	ERA5
1061973	22/02/2025	21	22/02/2025	16	HNE	-6,8	0	-9,6	0	81,0	0	26,0	0	180,0	0	962,0	0	435,1	ERA5
1061974	22/02/2025	22	22/02/2025	17	HNE	-7,0	0	-9,4	0	83,0	0	21,0	0	170,0	0	962,0	0	181,8	ERA5
1061975	22/02/2025	23	22/02/2025	18	HNE	-7,9	0	-9,4	0	89,0	0	17,0	0	180,0	0	962,0	0	13,7	ERA5
1061976	23/02/2025	00	22/02/2025	19	HNE	-8,1	0	-9,5	0	90,0	0	17,0	0	180,0	0	962,0	0	0,0	ERA5
1061977	23/02/2025	01	22/02/2025	20	HNE	-8,4	0	-9,6	0	91,0	0	15,0	0	180,0	0	961,0	0	0,0	ERA5
1061978	23/02/2025	02	22/02/2025	21	HNE	-8,5	0	-9,9	0	90,0	0	17,0	0	200,0	0	961,0	0	0,0	ERA5
1061979	23/02/2025	03	22/02/2025	22	HNE	-8,7	0	-10,1	0	90,0	0	13,0	0	200,0	0	960,0	0	0,0	ERA5
1061980	23/02/2025	04	22/02/2025	23	HNE	-8,4	0	-9,6	0	91,0	0	15,0	0	210,0	0	960,0	0	0,0	ERA5
1061981	23/02/2025	05	23/02/2025	00	HNE	-8,1	0	-9,3	0	91,0	0	13,0	0	220,0	0	960,0	0	0,0	ERA5
1061982	23/02/2025	06	23/02/2025	01	HNE	-8,1	0	-9,3	0	91,0	0	11,0	0	230,0	0	960,0	0	0,0	ERA5
1061983	23/02/2025	07	23/02/2025	02	HNE	-8,5	0	-9,6	0	92,0	0	11,0	0	240,0	0	961,0	0	0,0	ERA5
1061984	23/02/2025	08	23/02/2025	03	HNE	-9,8	0	-11,4	0	89,0	0	13,0	0	290,0	0	961,0	0	0,0	ERA5
1061985	23/02/2025	09	23/02/2025	04	HNE	-11,3	0	-13,3	0	85,0	0	15,0	0	300,0	0	962,0	0	0,0	ERA5
1061986	23/02/2025	10	23/02/2025	05	HNE	-11,9	0	-13,7	0	87,0	0	13,0	0	300,0	0	963,0	0	0,0	ERA5
1061987	23/02/2025	11	23/02/2025	06	HNE	-13,3	0	-15,6	0	83,0	0	15,0	0	300,0	0	964,0	0	0,0	ERA5
1061988	23/02/2025	12	23/02/2025	07	HNE	-14,4	0	-16,7	0	83,0	0	9,0	0	300,0	0	965,0	0	0,1	ERA5
1061989	23/02/2025	13	23/02/2025	08	HNE	-14,1	0	-16,4	0	83,0	0	13,0	0	300,0	0	966,0	0	146,2	ERA5
1061990	23/02/2025	14	23/02/2025	09	HNE	-13,7	0	-16,5	0	80,0	0	15,0	0	300,0	0	966,0	0	446,7	ERA5
1061991	23/02/2025	15	23/02/2025	10	HNE	-14,0	0	-17,1	0	78,0	0	18,0	0	280,0	0	967,0	0	691,7	ERA5
1061992	23/02/2025	16	23/02/2025	11	HNE	-14,1	0	-18,0	0	73,0	0	21,0	0	310,0	0	968,0	0	999,9	ERA5
1061993	23/02/2025	17	23/02/2025	12	HNE	-14,1	0	-18,4	0	70,0	0	11,0	0	280,0	0	968,0	0	1319,0	ERA5
1061994	23/02/2025	18	23/02/2025	13	HNE	-13,9	0	-18,2	0	70,0	0	18,0	0	260,0	0	968,0	0	1477,5	ERA5
1061995	23/02/2025	19	23/02/2025	14	HNE	-13,2	0	-17,7	0	70,0	0	11,0	0	340,0	0	968,0	0	1642,1	ERA5
1061996	23/02/2025	20	23/02/2025	15	HNE	-13,7	0	-18,4	0	68,0	0	11,0	0	240,0	0	968,0	0	1395,9	ERA5
1061997	23/02/2025	21	23/02/2025	16	HNE	-13,8	0	-18,3	0	69,0	0	8,0	0	300,0	0	968,0	0	984,9	ERA5
1061998	23/02/2025	22	23/02/2025	17	HNE	-14,7	0	-18,5	0	73,0	0	8,0	0	320,0	0	969,0	0	444,5	ERA5
1061999	23/02/2025	23	23/02/2025	18	HNE	-17,8	0	-20,0	0	83,0	0	0,0	0	0,0	0	969,0	0	34,1	ERA5
1062000	24/02/2025	00	23/02/2025	19	HNE	-17,2	0	-19,6	0	82,0	0	4,0	0	0,0	0	969,0	0	0,0	ERA5
1062001	24/02/2025	01	23/02/2025	20	HNE	-17,4	0	-19,5	0	84,0	0	4,0	0	250,0	0	969,0	0	0,0	ERA5
1062002	24/02/2025	02	23/02/2025	21	HNE	-17,6	0	-19,6	0	85,0	0	8,0	0	210,0	0	969,0	0	0,0	ERA5
1062003	24/02/2025	03	23/02/2025	22	HNE	-17,7	0	-19,8	0	84,0	0	5,0	0	160,0	0	968,0	0	0,0	ERA5
1062004	24/02/2025	04	23/02/2025	23	HNE	-20,0	0	-21,2	0	91,0	0	0,0	0	0,0	0	968,0	0	0,0	ERA5
1062005	24/02/2025	05	24/02/2025	00	HNE	-23,9	0	-26,0	0	83,0	0	8,0	0	150,0	0	967,0	0	0,0	ERA5
1062006	24/02/2025	06	24/02/2025	01	HNE	-21,2	0	-22,8	0	87,0	0	8,0	0	160,0	0	966,0	0	0,0	ERA5
1062007	24/02/2025	07	24/02/2025	02	HNE	-21,3	0	-22,9	0	87,0	0	8,0	0	150,0	0	966,0	0	0,0	ERA5
1062008	24/02/2025	08	24/02/2025	03	HNE	-21,5	0	-23,3	0	86,0	0	9,0	0	160,0	0	965,0	0	0,0	ERA5
1062009	24/02/2025	09	24/02/2025	04	HNE	-20,9	0	-22,7	0	86,0	0	9,0	0	150,0	0	964,0	0	0,0	ERA5
1062010	24/02/2025	10	24/02/2025	05	HNE	-20,1	0	-22,0	0	85,0	0	11,0	0	140,0	0	963,0	0	0,0	ERA5
1062011	24/02/2025	11	24/02/2025	06	HNE	-18,2	0	-20,1	0	85,0	0	9,0	0	140,0	0	962,0	0	0,0	ERA5
1062012	24/02/2025	12	24/02/2025	07	HNE	-16,1	0	-17,9	0	86,0	0	13,0	0	140,0	0	961,0	0	0,6	ERA5
1062013	24/02/2025	13	24/02/2025	08	HNE	-14,8	0	-16,5	0	87,0	0	22,0	0	140,0	0	959,0	0	138,9	ERA5
1062014	24/02/2025	14	24/02/2025	09	HNE	-13,1	0	-14,7	0	88,0	0	22,0	0	140,0	0	957,0	0	378,6	ERA5
1062015	24/02/2025	15	24/02/2025	10	HNE	-10,6	0	-11,9	0	90,0	0	28,0	0	150,0	0	956,0	0	613,1	ERA5
1062016	24/02/2025	16	24/02/2025	11	HNE	-9,0	0	-10,4	0	90,0	0	26,0	0	150,0	0	953,0	0	615,5	ERA5
1062017	24/02/2025	17	24/02/2025	12	HNE	-6,7	0	-8,2	0	89,0	0	26,0	0	150,0	0	951,0	0	713,2	ERA5
1062018	24/02/2025	18	24/02/2025	13	HNE	-5,7	0	-7,5	0	87,0	0	34,0	0	150,0	0	949,0	0	1007,7	ERA5
1062019	24/02/2025	19	24/02/2025	14	HNE	-5,3	0	-7,0	0	88,0	0	32,0	0	140,0	0	947,0	0	559,6	ERA5
1062020	24/02/2025	20	24/02/2025	15	HNE	-4,8	0	-6,2	0	90,0	0	32,0	0	150,0	0	945,0	0	259,0	ERA5
1062021	24/02/2025	21	24/02/2025	16	HNE	-4,3	0	-5,3	0	93,0	0	30,0	0	150,0	0	944,0	0	169,2	ERA5
1062022	24/02/2025	22	24/02/2025	17	HNE	-4,0	0	-5,0	0	93,0	0	24,0	0	160,0	0	944,0	0	107,3	ERA5
1062023	24/02/2025	23	24/02/2025	18	HNE	-3,2	0	-4,0	0	94,0	0	32,0	0	160,0	0	943,0	0	9,7	ERA5
1062024	25/02/2025	00	24/02/2025	19	HNE	-3,1	0	-3,9	0	94,0	0	30,0	0	160,0	0	942,0	0	0,0	ERA5
1062025	25/02/2025	01	24/02/2025	20	HNE	-2,9	0	-3,6	0	95,0	0	26,0	0	160,0	0	942,0	0	0,0	ERA5
1062026	25/02/2025	02	24/02/2025	21	HNE	-2,5	0	-3,1	0	96,0	0	21,0	0	170,0	0	942,0	0	0,0	ERA5
1062027	25/02/2025	03	24/02/2025	22	HNE	-1,5	0	-1,9	0	97,0	0	13,0	0	240,0	0	942,0	0	0,0	ERA5
1062028	25/02/2025	04	24/02/2025	23	HNE	-0,6	0	-1,3	0	95,0	0	18,0	0	230,0	0	942,0	0	0,0	ERA5
1062029	25/02/2025	05	25/02/2025	00	HNE	-0,5	0	-1,2	0	95,0	0	26,0	0	250,0	0	944,0	0	0,0	ERA5
1062030	25/02/2025	06	25/02/2025	01	HNE	-0,9	0	-2,3	0	90,0	0	22,0	0	270,0	0	945,0	0	0,0	ERA5
1062031	25/02/2025	07	25/02/2025	02	HNE	-2,4	0	-4,1	0	88,0	0	26,0	0	280,0	0	948,0	0	0,0	ERA5
1062032	25/02/2025	08	25/02/2025	03	HNE	-4,4	0	-6,6	0	85,0	0	21,0	0	270,0	0	950,0	0	0,0	ERA5
1062033	25/02/2025	09	25/02/2025	04	HNE	-6,4	0	-8,1	0	88,0	0	18,0	0	290,0	0	952,0	0	0,0	ERA5
1062034	25/02/2025	10	25/02/2025	05	HNE	-7,9	0	-9,7	0	87,0	0	15,0	0	270,0	0	953,0	0	0,0	ERA5
1062035	25/02/2025	11	25/02/2025	06	HNE	-9,2	0	-11,4	0	84,0	0	22,0	0	280,0	0	955,0	0	0,0	ERA5
1062036	25/02/2025	12	25/02/2025	07	HNE	-10,9	0	-12,8	0	86,0	0	17,0	0	300,0	0	957,0	0	1,1	ERA5
1062037	25/02/2025	13	25/02/2025	08	HNE	-11,8	0	-13,9	0	85,0	0	13,0	0	290,0	0	958,0	0	116,8	ERA5
1062038	25/02/2025	14	25/02/2025	09	HNE	-12,5	0	-14,7	0	84,0	0	18,0	0	320,0	0	959,0	0	403,9	ERA5
1062039	25/02/2025	15	25/02/2025	10	HNE	-13,5	0	-15,8	0	83,0	0	13,0	0	320,0	0	960,0	0	709,0	ERA5
1062040	25/02/2025	16	25/02/2025	11	HNE	-13,5	0	-16,3	0	80,0	0	13,0	0	270,0	0	960,0	0	951,1	ERA5
1062041	25/02/2025	17	25/02/2025	12	HNE	-12,8	0	-16,0	0	77,0	0	5,0	0	250,0	0	960,0	0	1118,3	ERA5
1062042	25/02/2025	18	25/02/2025	13	HNE	-12,3	0	-15,4	0	78,0	0	4,0	0	0,0	0	960,0	0	1212,0	ERA5
1062043	25/02/2025	19	25/02/2025	14	HNE	-11,8	0	-14,9	0	78,0	0	9,0	0	270,0	0	960,0	0	1135,0	ERA5
1062044	25/02/2025	20	25/02/2025	15	HNE	-11,3	0	-14,6	0	77,0	0	5,0	0	0,0	0	960,0	0	947,8	ERA5
1062045	25/02/2025	21	25/02/2025	16	HNE	-11,3	0	-14,6	0	77,0	0	8,0	0	290,0	0	960,0	0	628,3	ERA5
1062046	25/02/2025	22	25/02/2025	17	HNE	-12,2	0	-15,1	0	79,0	0	8,0	0	350,0	0	960,0	0	284,1	ERA5
1062047	25/02/2025	23	25/02/2025	18	HNE	-12,1	0	-14,6	0	82,0	0	5,0	0	290,0	0	961,0	0	25,4	ERA5
1062048	26/02/2025	00	25/02/2025	19	HNE	-12,8	0	-15,0	0	84,0	0	4,0	0	0,0	0	962,0	0	0,0	ERA5
1062049	26/02/2025	01	25/02/2025	20	HNE	-14,9	0	-16,6	0	87,0	0	5,0	0	340,0	0	962,0	0	0,0	ERA5
1062050	26/02/2025	02	25/02/2025	21	HNE	-16,2	0	-18,0	0	86,0	0	9,0	0	350,0	0	962,0	0	0,0	ERA5
1062051	26/02/2025	03	25/02/2025	22	HNE	-18,9	0	-20,7	0	86,0	0	4,0	0	20,0	0	962,0	0	0,0	ERA5
1062052	26/02/2025	04	25/02/2025	23	HNE	-21,5	0	-23,4	0	85,0	0	8,0	0	340,0	0	962,0	0	0,0	ERA5
1062053	26/02/2025	05	26/02/2025	00	HNE	-22,9	0	-25,0	0	84,0	0	8,0	0	310,0	0	962,0	0	0,0	ERA5
1062054	26/02/2025	06	26/02/2025	01	HNE	-22,5	0	-24,2	0	87,0	0	8,0	0	290,0	0	963,0	0	0,0	ERA5
1062055	26/02/2025	07	26/02/2025	02	HNE	-22,6	0	-24,5	0	85,0	0	4,0	0	300,0	0	963,0	0	0,0	ERA5
1062056	26/02/2025	08	26/02/2025	03	HNE	-23,9	0	-26,2	0	82,0	0	5,0	0	310,0	0	963,0	0	0,0	ERA5
1062057	26/02/2025	09	26/02/2025	04	HNE	-24,6	0	-27,0	0	81,0	0	4,0	0	0,0	0	964,0	0	0,0	ERA5
1062058	26/02/2025	10	26/02/2025	05	HNE	-25,5	0	-27,9	0	81,0	0	4,0	0	220,0	0	964,0	0	0,0	ERA5
1062059	26/02/2025	11	26/02/2025	06	HNE	-27,4	0	-29,9	0	80,0	0	4,0	0	0,0	0	965,0	0	0,0	ERA5
1062060	26/02/2025	12	26/02/2025	07	HNE	-24,6	0	-26,9	0	82,0	0	4,0	0	270,0	0	965,0	0	2,5	ERA5
1062061	26/02/2025	13	26/02/2025	08	HNE	-22,3	0	-24,5	0	83,0	0	5,0	0	290,0	0	965,0	0	255,9	ERA5
1062062	26/02/2025	14	26/02/2025	09	HNE	-19,4	0	-21,4	0	85,0	0	5,0	0	310,0	0	965,0	0	842,7	ERA5
1062063	26/02/2025	15	26/02/2025	10	HNE	-16,8	0	-18,8	0	85,0	0	4,0	0	0,0	0	965,0	0	1386,5	ERA5
1062064	26/02/2025	16	26/02/2025	11	HNE	-14,1	0	-16,3	0	84,0	0	4,0	0	0,0	0	964,0	0	1797,9	ERA5
1062065	26/02/2025	17	26/02/2025	12	HNE	-11,8	0	-17,5	0	63,0	0	5,0	0	0,0	0	964,0	0	2009,9	ERA5
1062066	26/02/2025	18	26/02/2025	13	HNE	-10,5	0	-16,2	0	63,0	0	11,0	0	250,0	0	964,0	0	2063,2	ERA5
1062067	26/02/2025	19	26/02/2025	14	HNE	-9,5	0	-15,6	0	61,0	0	13,0	0	270,0	0	963,0	0	1909,2	ERA5
1062068	26/02/2025	20	26/02/2025	15	HNE	-8,5	0	-14,6	0	62,0	0	15,0	0	210,0	0	963,0	0	1541,5	ERA5
1062069	26/02/2025	21	26/02/2025	16	HNE	-8,9	0	-15,1	0	61,0	0	18,0	0	200,0	0	963,0	0	1012,6	ERA5
1062070	26/02/2025	22	26/02/2025	17	HNE	-9,0	0	-15,2	0	61,0	0	13,0	0	220,0	0	963,0	0	456,4	ERA5
1062071	26/02/2025	23	26/02/2025	18	HNE	-9,5	0	-14,4	0	68,0	0	11,0	0	210,0	0	963,0	0	43,7	ERA5
1062072	27/02/2025	00	26/02/2025	19	HNE	-11,1	0	-14,7	0	75,0	0	8,0	0	180,0	0	962,0	0	0,0	ERA5
1062073	27/02/2025	01	26/02/2025	20	HNE	-10,8	0	-13,6	0	80,0	0	11,0	0	220,0	0	963,0	0	0,0	ERA5
1062074	27/02/2025	02	26/02/2025	21	HNE	-10,4	0	-13,1	0	81,0	0	8,0	0	220,0	0	963,0	0	0,0	ERA5
1062075	27/02/2025	03	26/02/2025	22	HNE	-11,1	0	-12,7	0	88,0	0	8,0	0	200,0	0	962,0	0	0,0	ERA5
1062076	27/02/2025	04	26/02/2025	23	HNE	-10,5	0	-12,4	0	86,0	0	8,0	0	210,0	0	962,0	0	0,0	ERA5
1062077	27/02/2025	05	27/02/2025	00	HNE	-12,6	0	-14,1	0	89,0	0	5,0	0	210,0	0	962,0	0	0,0	ERA5
1062078	27/02/2025	06	27/02/2025	01	HNE	-11,8	0	-13,3	0	89,0	0	5,0	0	200,0	0	962,0	0	0,0	ERA5
1062079	27/02/2025	07	27/02/2025	02	HNE	-12,4	0	-13,7	0	90,0	0	5,0	0	160,0	0	961,0	0	0,0	ERA5
1062080	27/02/2025	08	27/02/2025	03	HNE	-10,9	0	-12,4	0	89,0	0	15,0	0	180,0	0	960,0	0	0,0	ERA5
1062081	27/02/2025	09	27/02/2025	04	HNE	-10,3	0	-11,9	0	88,0	0	11,0	0	170,0	0	960,0	0	0,0	ERA5
1062082	27/02/2025	10	27/02/2025	05	HNE	-9,6	0	-11,2	0	88,0	0	8,0	0	170,0	0	959,0	0	0,0	ERA5
1062083	27/02/2025	11	27/02/2025	06	HNE	-9,0	0	-10,5	0	89,0	0	9,0	0	170,0	0	959,0	0	0,0	ERA5
1062084	27/02/2025	12	27/02/2025	07	HNE	-8,5	0	-10,0	0	89,0	0	5,0	0	120,0	0	958,0	0	1,6	ERA5
1062085	27/02/2025	13	27/02/2025	08	HNE	-7,9	0	-9,3	0	90,0	0	8,0	0	140,0	0	957,0	0	79,3	ERA5
1062086	27/02/2025	14	27/02/2025	09	HNE	-7,2	0	-8,4	0	91,0	0	8,0	0	130,0	0	956,0	0	227,4	ERA5
1062087	27/02/2025	15	27/02/2025	10	HNE	-6,3	0	-7,5	0	91,0	0	13,0	0	150,0	0	955,0	0	401,5	ERA5
1062088	27/02/2025	16	27/02/2025	11	HNE	-5,5	0	-6,9	0	90,0	0	17,0	0	150,0	0	954,0	0	495,7	ERA5
1062089	27/02/2025	17	27/02/2025	12	HNE	-4,8	0	-6,1	0	91,0	0	17,0	0	150,0	0	952,0	0	776,6	ERA5
1062090	27/02/2025	18	27/02/2025	13	HNE	-3,8	0	-5,2	0	90,0	0	22,0	0	150,0	0	950,0	0	743,2	ERA5
1062091	27/02/2025	19	27/02/2025	14	HNE	-2,5	0	-3,5	0	93,0	0	9,0	0	170,0	0	948,0	0	710,2	ERA5
1062092	27/02/2025	20	27/02/2025	15	HNE	-2,3	0	-3,1	0	94,0	0	13,0	0	320,0	0	948,0	0	613,7	ERA5
1062093	27/02/2025	21	27/02/2025	16	HNE	-3,5	0	-4,5	0	93,0	0	18,0	0	330,0	0	948,0	0	327,9	ERA5
1062094	27/02/2025	22	27/02/2025	17	HNE	-4,3	0	-5,3	0	93,0	0	22,0	0	340,0	0	948,0	0	119,3	ERA5
1062095	27/02/2025	23	27/02/2025	18	HNE	-6,8	0	-8,3	0	89,0	0	24,0	0	330,0	0	948,0	0	13,1	ERA5
1062096	28/02/2025	00	27/02/2025	19	HNE	-9,3	0	-10,8	0	89,0	0	17,0	0	340,0	0	950,0	0	0,0	ERA5
1062097	28/02/2025	01	27/02/2025	20	HNE	-11,4	0	-13,4	0	85,0	0	30,0	0	330,0	0	950,0	0	0,0	ERA5
1062098	28/02/2025	02	27/02/2025	21	HNE	-12,7	0	-15,0	0	83,0	0	24,0	0	330,0	0	950,0	0	0,0	ERA5
1062099	28/02/2025	03	27/02/2025	22	HNE	-13,9	0	-16,6	0	80,0	0	22,0	0	330,0	0	951,0	0	0,0	ERA5
1062100	28/02/2025	04	27/02/2025	23	HNE	-15,6	0	-18,3	0	80,0	0	24,0	0	310,0	0	952,0	0	0,0	ERA5
1062101	28/02/2025	05	28/02/2025	00	HNE	-17,3	0	-20,1	0	79,0	0	21,0	0	310,0	0	952,0	0	0,0	ERA5
1062102	28/02/2025	06	28/02/2025	01	HNE	-19,1	0	-22,0	0	78,0	0	28,0	0	310,0	0	953,0	0	0,0	ERA5
1062103	28/02/2025	07	28/02/2025	02	HNE	-22,1	0	-24,7	0	80,0	0	22,0	0	300,0	0	954,0	0	0,0	ERA5
1062104	28/02/2025	08	28/02/2025	03	HNE	-23,7	0	-26,2	0	80,0	0	13,0	0	310,0	0	955,0	0	0,0	ERA5
1062105	28/02/2025	09	28/02/2025	04	HNE	-25,2	0	-27,7	0	80,0	0	13,0	0	310,0	0	956,0	0	0,0	ERA5
1062106	28/02/2025	10	28/02/2025	05	HNE	-26,5	0	-29,0	0	80,0	0	9,0	0	290,0	0	957,0	0	0,0	ERA5
1062107	28/02/2025	11	28/02/2025	06	HNE	-27,6	0	-30,1	0	80,0	0	11,0	0	290,0	0	958,0	0	0,0	ERA5
1062108	28/02/2025	12	28/02/2025	07	HNE	-28,4	0	-30,9	0	80,0	0	9,0	0	290,0	0	958,0	0	6,2	ERA5
1062109	28/02/2025	13	28/02/2025	08	HNE	-28,1	0	-30,7	0	79,0	0	13,0	0	300,0	0	958,0	0	318,5	ERA5
1062110	28/02/2025	14	28/02/2025	09	HNE	-26,6	0	-29,5	0	77,0	0	9,0	0	300,0	0	958,0	0	892,3	ERA5
1062111	28/02/2025	15	28/02/2025	10	HNE	-24,9	0	-28,4	0	73,0	0	9,0	0	280,0	0	959,0	0	1432,9	ERA5
1062112	28/02/2025	16	28/02/2025	11	HNE	-23,0	0	-28,2	0	63,0	0	11,0	0	320,0	0	959,0	0	1898,3	ERA5
1062113	28/02/2025	17	28/02/2025	12	HNE	-21,7	0	-28,3	0	56,0	0	15,0	0	320,0	0	959,0	0	2158,5	ERA5
1062114	28/02/2025	18	28/02/2025	13	HNE	-20,5	0	-27,6	0	54,0	0	8,0	0	320,0	0	958,0	0	2200,0	ERA5
1062115	28/02/2025	19	28/02/2025	14	HNE	-19,3	0	-25,9	0	57,0	0	9,0	0	280,0	0	958,0	0	2034,9	ERA5
1062116	28/02/2025	20	28/02/2025	15	HNE	-18,8	0	-26,4	0	52,0	0	0,0	0	0,0	0	958,0	0	1641,6	ERA5
1062117	28/02/2025	21	28/02/2025	16	HNE	-18,4	0	-25,0	0	57,0	0	0,0	0	0,0	0	958,0	0	1078,4	ERA5
1062118	28/02/2025	22	28/02/2025	17	HNE	-18,8	0	-24,2	0	63,0	0	5,0	0	250,0	0	958,0	0	470,6	ERA5
1062119	28/02/2025	23	28/02/2025	18	HNE	-19,7	0	-24,2	0	68,0	0	4,0	0	150,0	0	958,0	0	45,6	ERA5
1062120	01/03/2025	00	28/02/2025	19	HNE	-20,6	0	-24,1	0	74,0	0	4,0	0	0,0	0	958,0	0	0,0	ERA5
1062121	01/03/2025	01	28/02/2025	20	HNE	-20,7	0	-24,0	0	75,0	0	5,0	0	70,0	0	957,0	0	0,0	ERA5
1062122	01/03/2025	02	28/02/2025	21	HNE	-20,8	0	-24,3	0	74,0	0	8,0	0	70,0	0	957,0	0	0,0	ERA5
1062123	01/03/2025	03	28/02/2025	22	HNE	-21,0	0	-24,4	0	74,0	0	9,0	0	80,0	0	957,0	0	0,0	ERA5
1062124	01/03/2025	04	28/02/2025	23	HNE	-20,8	0	-24,1	0	75,0	0	11,0	0	60,0	0	956,0	0	0,0	ERA5
1062125	01/03/2025	05	01/03/2025	00	HNE	-20,3	0	-23,8	0	74,0	0	13,0	0	60,0	0	956,0	0	0,0	ERA5
1062126	01/03/2025	06	01/03/2025	01	HNE	-20,3	0	-23,5	0	76,0	0	13,0	0	60,0	0	955,0	0	0,0	ERA5
1062127	01/03/2025	07	01/03/2025	02	HNE	-20,1	0	-23,3	0	76,0	0	18,0	0	60,0	0	954,0	0	0,0	ERA5
1062128	01/03/2025	08	01/03/2025	03	HNE	-19,9	0	-22,7	0	79,0	0	15,0	0	60,0	0	954,0	0	0,0	ERA5
1062129	01/03/2025	09	01/03/2025	04	HNE	-19,8	0	-22,4	0	80,0	0	17,0	0	60,0	0	954,0	0	0,0	ERA5
1062130	01/03/2025	10	01/03/2025	05	HNE	-19,8	0	-22,4	0	80,0	0	17,0	0	50,0	0	953,0	0	0,0	ERA5
1062131	01/03/2025	11	01/03/2025	06	HNE	-19,4	0	-21,9	0	81,0	0	15,0	0	40,0	0	953,0	0	0,0	ERA5
1062132	01/03/2025	12	01/03/2025	07	HNE	-19,4	0	-22,2	0	79,0	0	9,0	0	30,0	0	953,0	0	4,0	ERA5
1062133	01/03/2025	13	01/03/2025	08	HNE	-19,5	0	-22,3	0	79,0	0	13,0	0	20,0	0	953,0	0	127,1	ERA5
1062134	01/03/2025	14	01/03/2025	09	HNE	-18,6	0	-21,7	0	77,0	0	15,0	0	10,0	0	954,0	0	354,1	ERA5
1062135	01/03/2025	15	01/03/2025	10	HNE	-17,6	0	-20,9	0	76,0	0	17,0	0	360,0	0	954,0	0	645,4	ERA5
1062136	01/03/2025	16	01/03/2025	11	HNE	-17,8	0	-21,2	0	75,0	0	21,0	0	340,0	0	954,0	0	960,4	ERA5
1062137	01/03/2025	17	01/03/2025	12	HNE	-16,7	0	-20,3	0	74,0	0	24,0	0	350,0	0	954,0	0	1290,8	ERA5
1062138	01/03/2025	18	01/03/2025	13	HNE	-16,5	0	-20,0	0	75,0	0	24,0	0	360,0	0	954,0	0	1388,6	ERA5
1062139	01/03/2025	19	01/03/2025	14	HNE	-15,9	0	-19,7	0	73,0	0	26,0	0	340,0	0	955,0	0	1361,3	ERA5
1062140	01/03/2025	20	01/03/2025	15	HNE	-15,6	0	-19,7	0	71,0	0	28,0	0	350,0	0	955,0	0	1136,9	ERA5
1062141	01/03/2025	21	01/03/2025	16	HNE	-16,2	0	-20,3	0	71,0	0	28,0	0	330,0	0	957,0	0	754,2	ERA5
1062142	01/03/2025	22	01/03/2025	17	HNE	-16,8	0	-21,1	0	70,0	0	18,0	0	330,0	0	958,0	0	378,1	ERA5
1062143	01/03/2025	23	01/03/2025	18	HNE	-18,0	0	-23,8	0	61,0	0	18,0	0	330,0	0	960,0	0	52,1	ERA5
1062144	02/03/2025	00	01/03/2025	19	HNE	-19,3	0	-24,3	0	65,0	0	15,0	0	330,0	0	961,0	0	0,0	ERA5
1062145	02/03/2025	01	01/03/2025	20	HNE	-21,0	0	-25,3	0	69,0	0	13,0	0	320,0	0	962,0	0	0,0	ERA5
1062146	02/03/2025	02	01/03/2025	21	HNE	-22,0	0	-25,9	0	71,0	0	22,0	0	320,0	0	963,0	0	0,0	ERA5
1062147	02/03/2025	03	01/03/2025	22	HNE	-23,5	0	-26,6	0	76,0	0	15,0	0	310,0	0	963,0	0	0,0	ERA5
1062148	02/03/2025	04	01/03/2025	23	HNE	-24,6	0	-27,6	0	77,0	0	15,0	0	300,0	0	963,0	0	0,0	ERA5
1062149	02/03/2025	05	02/03/2025	00	HNE	-25,9	0	-28,7	0	78,0	0	11,0	0	300,0	0	964,0	0	0,0	ERA5
1062150	02/03/2025	06	02/03/2025	01	HNE	-27,1	0	-29,7	0	79,0	0	15,0	0	310,0	0	964,0	0	0,0	ERA5
1062151	02/03/2025	07	02/03/2025	02	HNE	-27,9	0	-30,4	0	80,0	0	9,0	0	300,0	0	964,0	0	0,0	ERA5
1062152	02/03/2025	08	02/03/2025	03	HNE	-28,8	0	-31,2	0	80,0	0	8,0	0	260,0	0	964,0	0	0,0	ERA5
1062153	02/03/2025	09	02/03/2025	04	HNE	-29,7	0	-32,4	0	78,0	0	9,0	0	280,0	0	965,0	0	0,0	ERA5
1062154	02/03/2025	10	02/03/2025	05	HNE	-30,4	0	-33,2	0	77,0	0	9,0	0	280,0	0	965,0	0	0,0	ERA5
1062155	02/03/2025	11	02/03/2025	06	HNE	-30,9	0	-33,7	0	77,0	0	9,0	0	280,0	0	965,0	0	0,0	ERA5
1062156	02/03/2025	12	02/03/2025	07	HNE	-31,1	0	-33,9	0	77,0	0	8,0	0	270,0	0	966,0	0	12,1	ERA5
1062157	02/03/2025	13	02/03/2025	08	HNE	-28,2	0	-30,9	0	78,0	0	11,0	0	290,0	0	966,0	0	369,4	ERA5
1062158	02/03/2025	14	02/03/2025	09	HNE	-26,8	0	-29,4	0	79,0	0	13,0	0	300,0	0	967,0	0	911,2	ERA5
1062159	02/03/2025	15	02/03/2025	10	HNE	-25,2	0	-27,9	0	79,0	0	11,0	0	300,0	0	967,0	0	1488,1	ERA5
1062160	02/03/2025	16	02/03/2025	11	HNE	-22,9	0	-26,8	0	71,0	0	15,0	0	280,0	0	967,0	0	1855,7	ERA5
1062161	02/03/2025	17	02/03/2025	12	HNE	-21,4	0	-26,0	0	67,0	0	9,0	0	290,0	0	967,0	0	2048,3	ERA5
1062162	02/03/2025	18	02/03/2025	13	HNE	-20,1	0	-25,6	0	62,0	0	18,0	0	290,0	0	966,0	0	2053,3	ERA5
1062163	02/03/2025	19	02/03/2025	14	HNE	-19,0	0	-24,6	0	62,0	0	21,0	0	290,0	0	966,0	0	1959,4	ERA5
1062164	02/03/2025	20	02/03/2025	15	HNE	-18,4	0	-24,4	0	60,0	0	21,0	0	270,0	0	967,0	0	1565,6	ERA5
1062165	02/03/2025	21	02/03/2025	16	HNE	-18,5	0	-24,6	0	60,0	0	13,0	0	300,0	0	967,0	0	1147,4	ERA5
1062166	02/03/2025	22	02/03/2025	17	HNE	-18,4	0	-23,5	0	65,0	0	13,0	0	280,0	0	967,0	0	561,2	ERA5
1062167	02/03/2025	23	02/03/2025	18	HNE	-19,6	0	-23,8	0	70,0	0	5,0	0	250,0	0	968,0	0	77,2	ERA5
1062168	03/03/2025	00	02/03/2025	19	HNE	-23,0	0	-26,0	0	77,0	0	8,0	0	240,0	0	968,0	0	0,0	ERA5
1062169	03/03/2025	01	02/03/2025	20	HNE	-22,4	0	-25,0	0	80,0	0	9,0	0	230,0	0	968,0	0	0,0	ERA5
1062170	03/03/2025	02	02/03/2025	21	HNE	-21,7	0	-24,1	0	81,0	0	13,0	0	240,0	0	968,0	0	0,0	ERA5
1062171	03/03/2025	03	02/03/2025	22	HNE	-22,8	0	-25,2	0	81,0	0	11,0	0	240,0	0	968,0	0	0,0	ERA5
1062172	03/03/2025	04	02/03/2025	23	HNE	-25,1	0	-27,5	0	81,0	0	9,0	0	230,0	0	968,0	0	0,0	ERA5
1062173	03/03/2025	05	03/03/2025	00	HNE	-25,0	0	-27,3	0	82,0	0	9,0	0	230,0	0	968,0	0	0,0	ERA5
1062174	03/03/2025	06	03/03/2025	01	HNE	-25,9	0	-28,4	0	80,0	0	4,0	0	0,0	0	968,0	0	0,0	ERA5
1062175	03/03/2025	07	03/03/2025	02	HNE	-27,8	0	-30,3	0	80,0	0	5,0	0	180,0	0	968,0	0	0,0	ERA5
1062176	03/03/2025	08	03/03/2025	03	HNE	-28,5	0	-31,1	0	79,0	0	5,0	0	170,0	0	968,0	0	0,0	ERA5
1062177	03/03/2025	09	03/03/2025	04	HNE	-28,3	0	-30,9	0	79,0	0	4,0	0	140,0	0	969,0	0	0,0	ERA5
1062178	03/03/2025	10	03/03/2025	05	HNE	-31,8	0	-34,7	0	76,0	0	4,0	0	150,0	0	969,0	0	0,0	ERA5
1062179	03/03/2025	11	03/03/2025	06	HNE	-31,5	0	-34,4	0	76,0	0	0,0	0	0,0	0	969,0	0	0,0	ERA5
1062180	03/03/2025	12	03/03/2025	07	HNE	-32,6	0	-35,4	0	77,0	0	5,0	0	60,0	0	969,0	0	16,7	ERA5
1062181	03/03/2025	13	03/03/2025	08	HNE	-27,6	0	-30,2	0	79,0	0	0,0	0	0,0	0	969,0	0	401,7	ERA5
1062182	03/03/2025	14	03/03/2025	09	HNE	-23,2	0	-25,7	0	81,0	0	4,0	0	160,0	0	969,0	0	1013,6	ERA5
1062183	03/03/2025	15	03/03/2025	10	HNE	-16,9	0	-19,0	0	84,0	0	11,0	0	180,0	0	968,0	0	1569,5	ERA5
1062184	03/03/2025	16	03/03/2025	11	HNE	-13,0	0	-17,9	0	67,0	0	13,0	0	190,0	0	968,0	0	1986,6	ERA5
1062185	03/03/2025	17	03/03/2025	12	HNE	-10,4	0	-16,5	0	61,0	0	24,0	0	240,0	0	967,0	0	2219,5	ERA5
1062186	03/03/2025	18	03/03/2025	13	HNE	-10,0	0	-17,0	0	57,0	0	11,0	0	220,0	0	966,0	0	2248,5	ERA5
1062187	03/03/2025	19	03/03/2025	14	HNE	-9,0	0	-16,5	0	55,0	0	18,0	0	210,0	0	966,0	0	2067,9	ERA5
1062188	03/03/2025	20	03/03/2025	15	HNE	-8,6	0	-15,3	0	59,0	0	17,0	0	190,0	0	965,0	0	1660,8	ERA5
1062189	03/03/2025	21	03/03/2025	16	HNE	-8,9	0	-13,5	0	70,0	0	22,0	0	190,0	0	965,0	0	929,0	ERA5
1062190	03/03/2025	22	03/03/2025	17	HNE	-9,4	0	-13,0	0	75,0	0	15,0	0	190,0	0	965,0	0	423,8	ERA5
1062191	03/03/2025	23	03/03/2025	18	HNE	-9,7	0	-12,2	0	82,0	0	13,0	0	170,0	0	965,0	0	51,2	ERA5
1062192	04/03/2025	00	03/03/2025	19	HNE	-10,0	0	-11,8	0	87,0	0	13,0	0	160,0	0	965,0	0	0,0	ERA5
1062193	04/03/2025	01	03/03/2025	20	HNE	-10,1	0	-11,6	0	89,0	0	11,0	0	160,0	0	965,0	0	0,0	ERA5
1062194	04/03/2025	02	03/03/2025	21	HNE	-10,7	0	-12,0	0	90,0	0	9,0	0	170,0	0	964,0	0	0,0	ERA5
1062195	04/03/2025	03	03/03/2025	22	HNE	-10,1	0	-11,4	0	90,0	0	13,0	0	170,0	0	964,0	0	0,0	ERA5
1062196	04/03/2025	04	03/03/2025	23	HNE	-9,8	0	-11,1	0	90,0	0	15,0	0	170,0	0	963,0	0	0,0	ERA5
1062197	04/03/2025	05	04/03/2025	00	HNE	-9,4	0	-10,6	0	91,0	0	11,0	0	180,0	0	962,0	0	0,0	ERA5
1062198	04/03/2025	06	04/03/2025	01	HNE	-8,9	0	-10,1	0	91,0	0	11,0	0	180,0	0	962,0	0	0,0	ERA5
1062199	04/03/2025	07	04/03/2025	02	HNE	-8,5	0	-9,6	0	92,0	0	8,0	0	170,0	0	962,0	0	0,0	ERA5
1062200	04/03/2025	08	04/03/2025	03	HNE	-7,9	0	-8,8	0	93,0	0	11,0	0	180,0	0	961,0	0	0,0	ERA5
1062201	04/03/2025	09	04/03/2025	04	HNE	-7,5	0	-8,4	0	93,0	0	9,0	0	160,0	0	961,0	0	0,0	ERA5
1062202	04/03/2025	10	04/03/2025	05	HNE	-6,6	0	-7,6	0	93,0	0	15,0	0	200,0	0	961,0	0	0,0	ERA5
1062203	04/03/2025	11	04/03/2025	06	HNE	-6,3	0	-7,4	0	92,0	0	13,0	0	200,0	0	961,0	0	0,0	ERA5
1062204	04/03/2025	12	04/03/2025	07	HNE	-6,2	0	-7,2	0	93,0	0	13,0	0	190,0	0	960,0	0	10,1	ERA5
1062205	04/03/2025	13	04/03/2025	08	HNE	-5,7	0	-6,7	0	93,0	0	15,0	0	200,0	0	961,0	0	158,0	ERA5
1062206	04/03/2025	14	04/03/2025	09	HNE	-4,8	0	-5,9	0	92,0	0	15,0	0	210,0	0	960,0	0	446,7	ERA5
1062207	04/03/2025	15	04/03/2025	10	HNE	-3,7	0	-5,2	0	89,0	0	15,0	0	200,0	0	960,0	0	678,8	ERA5
1062208	04/03/2025	16	04/03/2025	11	HNE	-2,9	0	-4,5	0	89,0	0	15,0	0	220,0	0	960,0	0	1078,7	ERA5
1062209	04/03/2025	17	04/03/2025	12	HNE	-2,8	0	-4,4	0	89,0	0	18,0	0	230,0	0	960,0	0	1299,2	ERA5
1062210	04/03/2025	18	04/03/2025	13	HNE	-2,1	0	-3,9	0	88,0	0	15,0	0	240,0	0	960,0	0	1340,2	ERA5
1062211	04/03/2025	19	04/03/2025	14	HNE	-2,0	0	-3,7	0	88,0	0	15,0	0	240,0	0	960,0	0	1163,2	ERA5
1062212	04/03/2025	20	04/03/2025	15	HNE	-1,8	0	-3,5	0	88,0	0	13,0	0	240,0	0	960,0	0	784,4	ERA5
1062213	04/03/2025	21	04/03/2025	16	HNE	-1,9	0	-3,6	0	88,0	0	11,0	0	260,0	0	960,0	0	455,5	ERA5
1062214	04/03/2025	22	04/03/2025	17	HNE	-2,1	0	-3,5	0	90,0	0	13,0	0	270,0	0	962,0	0	168,6	ERA5
1062215	04/03/2025	23	04/03/2025	18	HNE	-2,5	0	-3,5	0	93,0	0	8,0	0	290,0	0	962,0	0	25,5	ERA5
1062216	05/03/2025	00	04/03/2025	19	HNE	-2,8	0	-3,8	0	93,0	0	11,0	0	290,0	0	963,0	0	0,0	ERA5
1062217	05/03/2025	01	04/03/2025	20	HNE	-3,2	0	-4,3	0	92,0	0	8,0	0	300,0	0	964,0	0	0,0	ERA5
1062218	05/03/2025	02	04/03/2025	21	HNE	-4,2	0	-6,2	0	86,0	0	13,0	0	330,0	0	964,0	0	0,0	ERA5
1062219	05/03/2025	03	04/03/2025	22	HNE	-4,9	0	-8,0	0	79,0	0	9,0	0	330,0	0	964,0	0	0,0	ERA5
1062220	05/03/2025	04	04/03/2025	23	HNE	-7,4	0	-9,5	0	85,0	0	11,0	0	340,0	0	964,0	0	0,0	ERA5
1062221	05/03/2025	05	05/03/2025	00	HNE	-8,8	0	-10,9	0	85,0	0	9,0	0	10,0	0	964,0	0	0,0	ERA5
1062222	05/03/2025	06	05/03/2025	01	HNE	-10,9	0	-12,9	0	85,0	0	9,0	0	360,0	0	965,0	0	0,0	ERA5
1062223	05/03/2025	07	05/03/2025	02	HNE	-12,3	0	-14,1	0	87,0	0	9,0	0	20,0	0	966,0	0	0,0	ERA5
1062224	05/03/2025	08	05/03/2025	03	HNE	-13,3	0	-14,9	0	88,0	0	8,0	0	20,0	0	966,0	0	0,0	ERA5
1062225	05/03/2025	09	05/03/2025	04	HNE	-14,0	0	-15,7	0	87,0	0	8,0	0	30,0	0	966,0	0	0,0	ERA5
1062226	05/03/2025	10	05/03/2025	05	HNE	-13,9	0	-15,3	0	89,0	0	4,0	0	40,0	0	966,0	0	0,0	ERA5
1062227	05/03/2025	11	05/03/2025	06	HNE	-14,9	0	-16,2	0	90,0	0	11,0	0	40,0	0	965,0	0	0,0	ERA5
1062228	05/03/2025	12	05/03/2025	07	HNE	-14,2	0	-15,6	0	89,0	0	9,0	0	60,0	0	965,0	0	16,7	ERA5
1062229	05/03/2025	13	05/03/2025	08	HNE	-12,0	0	-13,6	0	88,0	0	13,0	0	60,0	0	964,0	0	240,6	ERA5
1062230	05/03/2025	14	05/03/2025	09	HNE	-11,1	0	-13,7	0	82,0	0	13,0	0	80,0	0	964,0	0	532,5	ERA5
1062231	05/03/2025	15	05/03/2025	10	HNE	-9,5	0	-12,7	0	78,0	0	17,0	0	90,0	0	963,0	0	798,3	ERA5
1062232	05/03/2025	16	05/03/2025	11	HNE	-8,1	0	-11,8	0	75,0	0	15,0	0	60,0	0	962,0	0	1007,5	ERA5
1062233	05/03/2025	17	05/03/2025	12	HNE	-6,8	0	-10,7	0	74,0	0	18,0	0	70,0	0	961,0	0	851,7	ERA5
1062234	05/03/2025	18	05/03/2025	13	HNE	-6,5	0	-8,5	0	86,0	0	17,0	0	60,0	0	960,0	0	891,9	ERA5
1062235	05/03/2025	19	05/03/2025	14	HNE	-6,2	0	-7,6	0	90,0	0	24,0	0	60,0	0	959,0	0	659,8	ERA5
1062236	05/03/2025	20	05/03/2025	15	HNE	-5,6	0	-7,0	0	90,0	0	21,0	0	70,0	0	957,0	0	440,0	ERA5
1062237	05/03/2025	21	05/03/2025	16	HNE	-5,2	0	-6,6	0	90,0	0	21,0	0	70,0	0	956,0	0	292,2	ERA5
1062238	05/03/2025	22	05/03/2025	17	HNE	-4,8	0	-5,9	0	92,0	0	22,0	0	70,0	0	955,0	0	114,8	ERA5
1062239	05/03/2025	23	05/03/2025	18	HNE	-4,6	0	-5,6	0	93,0	0	18,0	0	70,0	0	954,0	0	27,5	ERA5
1062240	06/03/2025	00	05/03/2025	19	HNE	-4,2	0	-5,2	0	93,0	0	22,0	0	70,0	0	952,0	0	0,0	ERA5
1062241	06/03/2025	01	05/03/2025	20	HNE	-3,8	0	-4,6	0	94,0	0	18,0	0	70,0	0	951,0	0	0,0	ERA5
1062242	06/03/2025	02	05/03/2025	21	HNE	-3,6	0	-4,3	0	95,0	0	21,0	0	80,0	0	949,0	0	0,0	ERA5
1062243	06/03/2025	03	05/03/2025	22	HNE	-3,0	0	-3,6	0	96,0	0	22,0	0	80,0	0	947,0	0	0,0	ERA5
1062244	06/03/2025	04	05/03/2025	23	HNE	-1,9	0	-2,7	0	94,0	0	17,0	0	100,0	0	946,0	0	0,0	ERA5
1062245	06/03/2025	05	06/03/2025	00	HNE	-1,8	0	-2,5	0	95,0	0	21,0	0	100,0	0	944,0	0	0,0	ERA5
1062246	06/03/2025	06	06/03/2025	01	HNE	-1,4	0	-2,0	0	96,0	0	17,0	0	100,0	0	943,0	0	0,0	ERA5
1062247	06/03/2025	07	06/03/2025	02	HNE	-0,9	0	-1,5	0	96,0	0	21,0	0	110,0	0	942,0	0	0,0	ERA5
1062248	06/03/2025	08	06/03/2025	03	HNE	-0,6	0	-1,0	0	97,0	0	13,0	0	110,0	0	941,0	0	0,0	ERA5
1062249	06/03/2025	09	06/03/2025	04	HNE	-0,3	0	-0,7	0	97,0	0	13,0	0	120,0	0	940,0	0	0,0	ERA5
1062250	06/03/2025	10	06/03/2025	05	HNE	-0,1	0	-0,4	0	98,0	0	11,0	0	110,0	0	939,0	0	0,0	ERA5
1062251	06/03/2025	11	06/03/2025	06	HNE	-0,1	0	-0,2	0	99,0	0	8,0	0	90,0	0	939,0	0	0,0	ERA5
1062252	06/03/2025	12	06/03/2025	07	HNE	0,05	4.lineaire	-0,1	0	99,0	0	8,0	0	100,0	0	939,0	0	4,6	ERA5
1062253	06/03/2025	13	06/03/2025	08	HNE	0,2	0	0,1	0	99,0	0	5,0	0	110,0	0	938,0	0	48,5	ERA5
1062254	06/03/2025	14	06/03/2025	09	HNE	0,6	0	0,5	0	99,0	0	9,0	0	110,0	0	938,0	0	191,8	ERA5
1062255	06/03/2025	15	06/03/2025	10	HNE	1,0	0	0,7	0	98,0	0	9,0	0	140,0	0	938,0	0	369,7	ERA5
1062256	06/03/2025	16	06/03/2025	11	HNE	1,3	0	1,2	0	99,0	0	8,0	0	160,0	0	937,0	0	638,8	ERA5
1062257	06/03/2025	17	06/03/2025	12	HNE	1,5	0	1,4	0	99,0	0	5,0	0	160,0	0	937,0	0	585,6	ERA5
1062258	06/03/2025	18	06/03/2025	13	HNE	2,0	0	2,0	0	100,0	0	5,0	0	130,0	0	937,0	0	558,7	ERA5
1062259	06/03/2025	19	06/03/2025	14	HNE	2,0	0	2,0	0	100,0	0	5,0	0	190,0	0	937,0	0	573,3	ERA5
1062260	06/03/2025	20	06/03/2025	15	HNE	2,3	0	2,2	0	99,0	0	5,0	0	260,0	0	937,0	0	371,8	ERA5
1062261	06/03/2025	21	06/03/2025	16	HNE	0,3	0	1,05	4.lineaire	98,0	0	9,0	0	260,0	0	937,0	0	250,9	ERA5
1062262	06/03/2025	22	06/03/2025	17	HNE	-0,5	4.lineaire	-0,1	0	99,0	0	11,0	0	270,0	0	938,0	0	83,3	ERA5
1062263	06/03/2025	23	06/03/2025	18	HNE	-1,3	0	-1,7	0	97,0	0	17,0	0	290,0	0	939,0	0	15,2	ERA5
1062264	07/03/2025	00	06/03/2025	19	HNE	-3,9	0	-4,9	0	93,0	0	21,0	0	260,0	0	940,0	0	0,0	ERA5
1062265	07/03/2025	01	06/03/2025	20	HNE	-6,4	0	-7,8	0	90,0	0	21,0	0	270,0	0	941,0	0	0,0	ERA5
1062266	07/03/2025	02	06/03/2025	21	HNE	-8,9	0	-10,7	0	87,0	0	24,0	0	270,0	0	942,0	0	0,0	ERA5
1062267	07/03/2025	03	06/03/2025	22	HNE	-10,4	0	-12,3	0	86,0	0	17,0	0	270,0	0	943,0	0	0,0	ERA5
1062268	07/03/2025	04	06/03/2025	23	HNE	-11,3	0	-13,1	0	87,0	0	18,0	0	260,0	0	943,0	0	0,0	ERA5
1062269	07/03/2025	05	07/03/2025	00	HNE	-12,6	0	-14,6	0	85,0	0	22,0	0	260,0	0	944,0	0	0,0	ERA5
1062270	07/03/2025	06	07/03/2025	01	HNE	-13,4	0	-15,4	0	85,0	0	18,0	0	260,0	0	944,0	0	0,0	ERA5
1062271	07/03/2025	07	07/03/2025	02	HNE	-13,9	0	-16,0	0	84,0	0	17,0	0	260,0	0	945,0	0	0,0	ERA5
1062272	07/03/2025	08	07/03/2025	03	HNE	-14,4	0	-16,7	0	83,0	0	17,0	0	280,0	0	945,0	0	0,0	ERA5
1062273	07/03/2025	09	07/03/2025	04	HNE	-14,7	0	-16,8	0	84,0	0	15,0	0	280,0	0	945,0	0	0,0	ERA5
1062274	07/03/2025	10	07/03/2025	05	HNE	-14,9	0	-17,2	0	83,0	0	15,0	0	270,0	0	945,0	0	0,0	ERA5
1062275	07/03/2025	11	07/03/2025	06	HNE	-15,3	0	-17,6	0	83,0	0	13,0	0	270,0	0	945,0	0	0,0	ERA5
1062276	07/03/2025	12	07/03/2025	07	HNE	-15,5	0	-17,8	0	83,0	0	17,0	0	260,0	0	946,0	0	20,3	ERA5
1062277	07/03/2025	13	07/03/2025	08	HNE	-15,1	0	-17,7	0	81,0	0	17,0	0	270,0	0	946,0	0	233,7	ERA5
1062278	07/03/2025	14	07/03/2025	09	HNE	-14,8	0	-17,2	0	82,0	0	18,0	0	270,0	0	946,0	0	424,0	ERA5
1062279	07/03/2025	15	07/03/2025	10	HNE	-14,7	0	-17,4	0	80,0	0	21,0	0	260,0	0	946,0	0	715,3	ERA5
1062280	07/03/2025	16	07/03/2025	11	HNE	-14,4	0	-17,3	0	79,0	0	24,0	0	270,0	0	945,0	0	1096,0	ERA5
1062281	07/03/2025	17	07/03/2025	12	HNE	-13,6	0	-16,3	0	80,0	0	18,0	0	260,0	0	945,0	0	1236,5	ERA5
1062282	07/03/2025	18	07/03/2025	13	HNE	-13,2	0	-16,0	0	80,0	0	18,0	0	280,0	0	945,0	0	1508,8	ERA5
1062283	07/03/2025	19	07/03/2025	14	HNE	-13,6	0	-16,8	0	77,0	0	26,0	0	280,0	0	945,0	0	1330,8	ERA5
1062284	07/03/2025	20	07/03/2025	15	HNE	-13,5	0	-16,7	0	77,0	0	24,0	0	270,0	0	945,0	0	1171,4	ERA5
1062285	07/03/2025	21	07/03/2025	16	HNE	-13,7	0	-16,6	0	79,0	0	18,0	0	290,0	0	946,0	0	776,0	ERA5
1062286	07/03/2025	22	07/03/2025	17	HNE	-14,1	0	-17,2	0	78,0	0	24,0	0	280,0	0	946,0	0	415,0	ERA5
1062287	07/03/2025	23	07/03/2025	18	HNE	-14,6	0	-17,4	0	79,0	0	30,0	0	270,0	0	946,0	0	67,2	ERA5
1062288	08/03/2025	00	07/03/2025	19	HNE	-15,1	0	-17,8	0	80,0	0	18,0	0	270,0	0	946,0	0	0,0	ERA5
1062289	08/03/2025	01	07/03/2025	20	HNE	-15,6	0	-18,3	0	80,0	0	22,0	0	260,0	0	946,0	0	0,0	ERA5
1062290	08/03/2025	02	07/03/2025	21	HNE	-15,9	0	-18,3	0	82,0	0	15,0	0	270,0	0	946,0	0	0,0	ERA5
1062291	08/03/2025	03	07/03/2025	22	HNE	-16,0	0	-19,0	0	78,0	0	28,0	0	290,0	0	946,0	0	0,0	ERA5
1062292	08/03/2025	04	07/03/2025	23	HNE	-16,7	0	-19,5	0	79,0	0	18,0	0	270,0	0	945,0	0	0,0	ERA5
1062293	08/03/2025	05	08/03/2025	00	HNE	-16,9	0	-19,7	0	79,0	0	21,0	0	280,0	0	945,0	0	0,0	ERA5
1062294	08/03/2025	06	08/03/2025	01	HNE	-17,1	0	-19,8	0	80,0	0	18,0	0	270,0	0	945,0	0	0,0	ERA5
1062295	08/03/2025	07	08/03/2025	02	HNE	-17,3	0	-20,0	0	80,0	0	22,0	0	270,0	0	944,0	0	0,0	ERA5
1062296	08/03/2025	08	08/03/2025	03	HNE	-17,4	0	-20,1	0	80,0	0	18,0	0	270,0	0	944,0	0	0,0	ERA5
1062297	08/03/2025	09	08/03/2025	04	HNE	-17,6	0	-20,4	0	79,0	0	17,0	0	270,0	0	944,0	0	0,0	ERA5
1062298	08/03/2025	10	08/03/2025	05	HNE	-17,6	0	-20,4	0	79,0	0	21,0	0	280,0	0	944,0	0	0,0	ERA5
1062299	08/03/2025	11	08/03/2025	06	HNE	-17,6	0	-20,4	0	79,0	0	18,0	0	270,0	0	945,0	0	0,0	ERA5
1062300	08/03/2025	12	08/03/2025	07	HNE	-17,7	0	-20,5	0	79,0	0	26,0	0	280,0	0	945,0	0	19,6	ERA5
1062301	08/03/2025	13	08/03/2025	08	HNE	-17,3	0	-20,3	0	78,0	0	21,0	0	280,0	0	946,0	0	184,4	ERA5
1062302	08/03/2025	14	08/03/2025	09	HNE	-16,4	0	-19,4	0	78,0	0	24,0	0	280,0	0	946,0	0	484,3	ERA5
1062303	08/03/2025	15	08/03/2025	10	HNE	-15,8	0	-19,1	0	76,0	0	32,0	0	280,0	0	946,0	0	806,6	ERA5
1062304	08/03/2025	16	08/03/2025	11	HNE	-14,8	0	-18,0	0	77,0	0	32,0	0	290,0	0	946,0	0	1195,5	ERA5
1062305	08/03/2025	17	08/03/2025	12	HNE	-14,1	0	-17,6	0	75,0	0	32,0	0	290,0	0	947,0	0	1286,5	ERA5
1062306	08/03/2025	18	08/03/2025	13	HNE	-13,1	0	-16,5	0	76,0	0	26,0	0	270,0	0	947,0	0	1223,1	ERA5
1062307	08/03/2025	19	08/03/2025	14	HNE	-12,8	0	-16,0	0	77,0	0	24,0	0	280,0	0	948,0	0	1274,3	ERA5
1062308	08/03/2025	20	08/03/2025	15	HNE	-11,4	0	-15,7	0	71,0	0	30,0	0	280,0	0	948,0	0	1108,3	ERA5
1062309	08/03/2025	21	08/03/2025	16	HNE	-11,1	0	-15,6	0	70,0	0	28,0	0	280,0	0	949,0	0	956,5	ERA5
1062310	08/03/2025	22	08/03/2025	17	HNE	-11,4	0	-15,5	0	72,0	0	26,0	0	280,0	0	950,0	0	555,3	ERA5
1062311	08/03/2025	23	08/03/2025	18	HNE	-13,3	0	-17,5	0	71,0	0	21,0	0	290,0	0	952,0	0	111,3	ERA5
1062312	09/03/2025	00	08/03/2025	19	HNE	-14,3	0	-17,8	0	75,0	0	18,0	0	280,0	0	953,0	0	0,0	ERA5
1062313	09/03/2025	01	08/03/2025	20	HNE	-14,8	0	-18,2	0	75,0	0	17,0	0	270,0	0	953,0	0	0,0	ERA5
1062314	09/03/2025	02	08/03/2025	21	HNE	-15,5	0	-19,1	0	74,0	0	22,0	0	280,0	0	954,0	0	0,0	ERA5
1062315	09/03/2025	03	08/03/2025	22	HNE	-16,4	0	-20,3	0	72,0	0	17,0	0	290,0	0	955,0	0	0,0	ERA5
1062316	09/03/2025	04	08/03/2025	23	HNE	-17,5	0	-21,1	0	74,0	0	15,0	0	280,0	0	955,0	0	0,0	ERA5
1062317	09/03/2025	05	09/03/2025	00	HNE	-18,2	0	-21,3	0	77,0	0	11,0	0	270,0	0	955,0	0	0,0	ERA5
1062318	09/03/2025	06	09/03/2025	01	HNE	-18,8	0	-21,7	0	78,0	0	9,0	0	270,0	0	955,0	0	0,0	ERA5
1062319	09/03/2025	07	09/03/2025	03	HAE	-19,8	0	-22,2	0	82,0	0	8,0	0	260,0	0	954,0	0	0,0	ERA5
1062320	09/03/2025	08	09/03/2025	04	HAE	-23,4	0	-25,5	0	83,0	0	8,0	0	240,0	0	954,0	0	0,0	ERA5
1062321	09/03/2025	09	09/03/2025	05	HAE	-19,9	0	-22,5	0	80,0	0	11,0	0	240,0	0	955,0	0	0,0	ERA5
1062322	09/03/2025	10	09/03/2025	06	HAE	-20,0	0	-22,6	0	80,0	0	11,0	0	250,0	0	955,0	0	0,0	ERA5
1062323	09/03/2025	11	09/03/2025	07	HAE	-20,0	0	-22,6	0	80,0	0	5,0	0	250,0	0	955,0	0	0,0	ERA5
1062324	09/03/2025	12	09/03/2025	08	HAE	-20,1	0	-22,4	0	82,0	0	8,0	0	250,0	0	955,0	0	40,7	ERA5
1062325	09/03/2025	13	09/03/2025	09	HAE	-17,6	0	-20,7	0	77,0	0	5,0	0	270,0	0	956,0	0	452,3	ERA5
1062326	09/03/2025	14	09/03/2025	10	HAE	-15,7	0	-19,0	0	76,0	0	8,0	0	280,0	0	956,0	0	1060,8	ERA5
1062327	09/03/2025	15	09/03/2025	11	HAE	-14,1	0	-18,6	0	69,0	0	11,0	0	300,0	0	956,0	0	1589,6	ERA5
1062328	09/03/2025	16	09/03/2025	12	HAE	-12,9	0	-18,0	0	66,0	0	9,0	0	290,0	0	956,0	0	1998,8	ERA5
1062329	09/03/2025	17	09/03/2025	13	HAE	-11,3	0	-16,8	0	64,0	0	15,0	0	320,0	0	956,0	0	2268,4	ERA5
1062330	09/03/2025	18	09/03/2025	14	HAE	-11,0	0	-16,4	0	65,0	0	13,0	0	270,0	0	956,0	0	2287,1	ERA5
1062331	09/03/2025	19	09/03/2025	15	HAE	-10,6	0	-15,6	0	67,0	0	13,0	0	310,0	0	956,0	0	2075,5	ERA5
1062332	09/03/2025	20	09/03/2025	16	HAE	-10,2	0	-15,2	0	67,0	0	11,0	0	260,0	0	956,0	0	1591,7	ERA5
1062333	09/03/2025	21	09/03/2025	17	HAE	-10,0	0	-14,7	0	69,0	0	13,0	0	280,0	0	957,0	0	1048,1	ERA5
1062334	09/03/2025	22	09/03/2025	18	HAE	-10,2	0	-14,7	0	70,0	0	13,0	0	290,0	0	957,0	0	451,9	ERA5
1062335	09/03/2025	23	09/03/2025	19	HAE	-10,6	0	-14,6	0	73,0	0	9,0	0	280,0	0	958,0	0	122,7	ERA5
1062336	10/03/2025	00	09/03/2025	20	HAE	-11,3	0	-14,9	0	75,0	0	5,0	0	210,0	0	958,0	0	0,0	ERA5
1062337	10/03/2025	01	09/03/2025	21	HAE	-12,0	0	-14,7	0	81,0	0	5,0	0	240,0	0	958,0	0	0,0	ERA5
1062338	10/03/2025	02	09/03/2025	22	HAE	-15,5	0	-16,8	0	90,0	0	4,0	0	0,0	0	958,0	0	0,0	ERA5
1062339	10/03/2025	03	09/03/2025	23	HAE	-16,0	0	-17,0	0	92,0	0	4,0	0	160,0	0	957,0	0	0,0	ERA5
1062340	10/03/2025	04	10/03/2025	00	HAE	-19,0	0	-20,8	0	86,0	0	8,0	0	210,0	0	957,0	0	0,0	ERA5
1062341	10/03/2025	05	10/03/2025	01	HAE	-17,8	0	-19,1	0	90,0	0	5,0	0	200,0	0	957,0	0	0,0	ERA5
1062342	10/03/2025	06	10/03/2025	02	HAE	-17,6	0	-18,6	0	92,0	0	5,0	0	110,0	0	956,0	0	0,0	ERA5
1062343	10/03/2025	07	10/03/2025	03	HAE	-17,8	0	-19,5	0	87,0	0	0,0	0	0,0	0	957,0	0	0,0	ERA5
1062344	10/03/2025	08	10/03/2025	04	HAE	-16,8	0	-18,5	0	87,0	0	4,0	0	70,0	0	957,0	0	0,0	ERA5
1062345	10/03/2025	09	10/03/2025	05	HAE	-16,5	0	-18,3	0	86,0	0	5,0	0	80,0	0	957,0	0	0,0	ERA5
1062346	10/03/2025	10	10/03/2025	06	HAE	-16,0	0	-17,7	0	87,0	0	4,0	0	80,0	0	957,0	0	0,0	ERA5
1062347	10/03/2025	11	10/03/2025	07	HAE	-16,0	0	-17,8	0	86,0	0	5,0	0	80,0	0	957,0	0	0,0	ERA5
1062348	10/03/2025	12	10/03/2025	08	HAE	-15,6	0	-17,3	0	87,0	0	4,0	0	80,0	0	958,0	0	39,7	ERA5
1062349	10/03/2025	13	10/03/2025	09	HAE	-14,3	0	-15,9	0	88,0	0	4,0	0	100,0	0	958,0	0	379,1	ERA5
1062350	10/03/2025	14	10/03/2025	10	HAE	-11,7	0	-13,5	0	87,0	0	8,0	0	150,0	0	958,0	0	897,3	ERA5
1062351	10/03/2025	15	10/03/2025	11	HAE	-9,7	0	-11,9	0	84,0	0	11,0	0	160,0	0	958,0	0	1402,8	ERA5
1062352	10/03/2025	16	10/03/2025	12	HAE	-8,2	0	-10,5	0	84,0	0	9,0	0	140,0	0	958,0	0	1686,3	ERA5
1062353	10/03/2025	17	10/03/2025	13	HAE	-7,2	0	-9,8	0	82,0	0	9,0	0	180,0	0	958,0	0	1837,2	ERA5
1062354	10/03/2025	18	10/03/2025	14	HAE	-5,9	0	-9,8	0	74,0	0	17,0	0	240,0	0	958,0	0	2009,4	ERA5
1062355	10/03/2025	19	10/03/2025	15	HAE	-5,2	0	-9,6	0	71,0	0	15,0	0	270,0	0	958,0	0	1551,5	ERA5
1062356	10/03/2025	20	10/03/2025	16	HAE	-5,0	0	-10,5	0	66,0	0	17,0	0	290,0	0	959,0	0	1318,9	ERA5
1062357	10/03/2025	21	10/03/2025	17	HAE	-5,2	0	-10,9	0	64,0	0	9,0	0	280,0	0	959,0	0	1045,8	ERA5
1062358	10/03/2025	22	10/03/2025	18	HAE	-5,8	0	-11,0	0	67,0	0	9,0	0	260,0	0	960,0	0	646,4	ERA5
1062359	10/03/2025	23	10/03/2025	19	HAE	-7,1	0	-11,2	0	73,0	0	8,0	0	240,0	0	960,0	0	144,7	ERA5
1062360	11/03/2025	00	10/03/2025	20	HAE	-9,7	0	-11,8	0	85,0	0	4,0	0	0,0	0	960,0	0	0,0	ERA5
1062361	11/03/2025	01	10/03/2025	21	HAE	-12,5	0	-13,1	0	95,0	0	0,0	0	0,0	0	959,0	0	0,0	ERA5
1062362	11/03/2025	02	10/03/2025	22	HAE	-12,7	0	-14,1	0	90,0	0	11,0	0	140,0	0	958,0	0	0,0	ERA5
1062363	11/03/2025	03	10/03/2025	23	HAE	-12,1	0	-14,0	0	86,0	0	8,0	0	140,0	0	958,0	0	0,0	ERA5
1062364	11/03/2025	04	11/03/2025	00	HAE	-10,1	0	-13,0	0	80,0	0	11,0	0	140,0	0	957,0	0	0,0	ERA5
1062365	11/03/2025	05	11/03/2025	01	HAE	-8,6	0	-12,1	0	76,0	0	11,0	0	120,0	0	956,0	0	0,0	ERA5
1062366	11/03/2025	06	11/03/2025	02	HAE	-8,2	0	-10,1	0	86,0	0	22,0	0	110,0	0	954,0	0	0,0	ERA5
1062367	11/03/2025	07	11/03/2025	03	HAE	-7,1	0	-8,5	0	90,0	0	32,0	0	120,0	0	952,0	0	0,0	ERA5
1062368	11/03/2025	08	11/03/2025	04	HAE	-6,6	0	-7,9	0	91,0	0	28,0	0	120,0	0	949,0	0	0,0	ERA5
1062369	11/03/2025	09	11/03/2025	05	HAE	-4,9	0	-6,2	0	91,0	0	37,0	0	140,0	0	946,0	0	0,0	ERA5
1062370	11/03/2025	10	11/03/2025	06	HAE	-4,3	0	-5,3	0	93,0	0	34,0	0	150,0	0	943,0	0	0,0	ERA5
1062371	11/03/2025	11	11/03/2025	07	HAE	-2,8	0	-3,8	0	93,0	0	26,0	0	160,0	0	943,0	0	0,0	ERA5
1062372	11/03/2025	12	11/03/2025	08	HAE	-0,8	0	-2,4	0	89,0	0	28,0	0	160,0	0	942,0	0	22,8	ERA5
1062373	11/03/2025	13	11/03/2025	09	HAE	-0,2	0	-2,3	0	86,0	0	26,0	0	170,0	0	941,0	0	167,5	ERA5
1062374	11/03/2025	14	11/03/2025	10	HAE	0,1	0	-0,6	0	95,0	0	30,0	0	180,0	0	941,0	0	389,1	ERA5
1062375	11/03/2025	15	11/03/2025	11	HAE	0,8	0	0,1	0	95,0	0	26,0	0	210,0	0	941,0	0	401,3	ERA5
1062376	11/03/2025	16	11/03/2025	12	HAE	-1,2	0	-2,9	0	88,0	0	28,0	0	270,0	0	943,0	0	511,2	ERA5
1062377	11/03/2025	17	11/03/2025	13	HAE	-5,3	0	-7,7	0	83,0	0	26,0	0	290,0	0	946,0	0	1155,8	ERA5
1062378	11/03/2025	18	11/03/2025	14	HAE	-8,2	0	-11,6	0	77,0	0	30,0	0	290,0	0	949,0	0	1670,1	ERA5
1062379	11/03/2025	19	11/03/2025	15	HAE	-9,6	0	-13,2	0	75,0	0	26,0	0	290,0	0	951,0	0	1550,3	ERA5
1062380	11/03/2025	20	11/03/2025	16	HAE	-10,4	0	-14,4	0	73,0	0	24,0	0	290,0	0	953,0	0	1157,0	ERA5
1062381	11/03/2025	21	11/03/2025	17	HAE	-11,4	0	-15,7	0	71,0	0	21,0	0	290,0	0	956,0	0	966,2	ERA5
1062382	11/03/2025	22	11/03/2025	18	HAE	-13,3	0	-17,8	0	69,0	0	30,0	0	280,0	0	958,0	0	563,9	ERA5
1062383	11/03/2025	23	11/03/2025	19	HAE	-15,7	0	-20,4	0	68,0	0	24,0	0	300,0	0	960,0	0	127,2	ERA5
1062384	12/03/2025	00	11/03/2025	20	HAE	-16,6	0	-21,3	0	67,0	0	30,0	0	290,0	0	962,0	0	0,0	ERA5
1062385	12/03/2025	01	11/03/2025	21	HAE	-18,1	0	-22,6	0	68,0	0	22,0	0	300,0	0	964,0	0	0,0	ERA5
1062386	12/03/2025	02	11/03/2025	22	HAE	-19,2	0	-23,9	0	67,0	0	21,0	0	290,0	0	965,0	0	0,0	ERA5
1062387	12/03/2025	03	11/03/2025	23	HAE	-19,6	0	-23,5	0	72,0	0	11,0	0	290,0	0	966,0	0	0,0	ERA5
1062388	12/03/2025	04	12/03/2025	00	HAE	-19,6	0	-23,6	0	71,0	0	17,0	0	280,0	0	966,0	0	0,0	ERA5
1062389	12/03/2025	05	12/03/2025	01	HAE	-20,1	0	-24,1	0	71,0	0	13,0	0	290,0	0	967,0	0	0,0	ERA5
1062390	12/03/2025	06	12/03/2025	02	HAE	-21,4	0	-24,5	0	76,0	0	8,0	0	270,0	0	968,0	0	0,0	ERA5
1062391	12/03/2025	07	12/03/2025	03	HAE	-22,3	0	-24,7	0	81,0	0	8,0	0	260,0	0	968,0	0	0,0	ERA5
1062392	12/03/2025	08	12/03/2025	04	HAE	-22,8	0	-25,1	0	82,0	0	8,0	0	250,0	0	969,0	0	0,0	ERA5
1062393	12/03/2025	09	12/03/2025	05	HAE	-27,2	0	-29,4	0	82,0	0	0,0	0	0,0	0	969,0	0	0,0	ERA5
1062394	12/03/2025	10	12/03/2025	06	HAE	-30,1	0	-32,8	0	78,0	0	5,0	0	190,0	0	970,0	0	0,0	ERA5
1062395	12/03/2025	11	12/03/2025	07	HAE	-28,7	0	-31,3	0	79,0	0	5,0	0	190,0	0	970,0	0	0,0	ERA5
1062396	12/03/2025	12	12/03/2025	08	HAE	-27,8	0	-29,9	0	83,0	0	4,0	0	180,0	0	970,0	0	80,1	ERA5
1062397	12/03/2025	13	12/03/2025	09	HAE	-24,5	0	-26,9	0	81,0	0	4,0	0	180,0	0	971,0	0	600,1	ERA5
1062398	12/03/2025	14	12/03/2025	10	HAE	-18,2	0	-22,6	0	69,0	0	15,0	0	240,0	0	971,0	0	1236,4	ERA5
1062399	12/03/2025	15	12/03/2025	11	HAE	-16,6	0	-22,7	0	60,0	0	15,0	0	250,0	0	971,0	0	1715,9	ERA5
1062400	12/03/2025	16	12/03/2025	12	HAE	-15,1	0	-21,5	0	59,0	0	9,0	0	270,0	0	971,0	0	2093,6	ERA5
1062401	12/03/2025	17	12/03/2025	13	HAE	-13,5	0	-20,9	0	54,0	0	8,0	0	320,0	0	971,0	0	2433,2	ERA5
1062402	12/03/2025	18	12/03/2025	14	HAE	-13,3	0	-21,0	0	53,0	0	17,0	0	240,0	0	970,0	0	2466,7	ERA5
1062403	12/03/2025	19	12/03/2025	15	HAE	-12,1	0	-20,4	0	51,0	0	17,0	0	200,0	0	970,0	0	2288,8	ERA5
1062404	12/03/2025	20	12/03/2025	16	HAE	-11,7	0	-20,6	0	48,0	0	11,0	0	270,0	0	970,0	0	1925,5	ERA5
1062405	12/03/2025	21	12/03/2025	17	HAE	-11,5	0	-20,0	0	50,0	0	8,0	0	230,0	0	970,0	0	1399,9	ERA5
1062406	12/03/2025	22	12/03/2025	18	HAE	-12,0	0	-20,9	0	48,0	0	15,0	0	210,0	0	969,0	0	774,8	ERA5
1062407	12/03/2025	23	12/03/2025	19	HAE	-13,7	0	-20,7	0	56,0	0	8,0	0	190,0	0	969,0	0	181,3	ERA5
1062408	13/03/2025	00	12/03/2025	20	HAE	-16,8	0	-20,0	0	76,0	0	4,0	0	170,0	0	969,0	0	0,0	ERA5
1062409	13/03/2025	01	12/03/2025	21	HAE	-20,6	0	-23,4	0	79,0	0	4,0	0	0,0	0	969,0	0	0,0	ERA5
1062410	13/03/2025	02	12/03/2025	22	HAE	-22,9	0	-25,7	0	79,0	0	8,0	0	160,0	0	969,0	0	0,0	ERA5
1062411	13/03/2025	03	12/03/2025	23	HAE	-19,4	0	-22,8	0	75,0	0	8,0	0	160,0	0	969,0	0	0,0	ERA5
1062412	13/03/2025	04	13/03/2025	00	HAE	-18,4	0	-22,7	0	70,0	0	11,0	0	170,0	0	969,0	0	0,0	ERA5
1062413	13/03/2025	05	13/03/2025	01	HAE	-20,4	0	-23,9	0	74,0	0	8,0	0	170,0	0	968,0	0	0,0	ERA5
1062414	13/03/2025	06	13/03/2025	02	HAE	-20,4	0	-23,9	0	74,0	0	9,0	0	170,0	0	968,0	0	0,0	ERA5
1062415	13/03/2025	07	13/03/2025	03	HAE	-19,1	0	-22,8	0	73,0	0	4,0	0	160,0	0	968,0	0	0,0	ERA5
1062416	13/03/2025	08	13/03/2025	04	HAE	-20,8	0	-24,0	0	76,0	0	8,0	0	160,0	0	968,0	0	0,0	ERA5
1062417	13/03/2025	09	13/03/2025	05	HAE	-16,7	0	-21,0	0	70,0	0	13,0	0	150,0	0	967,0	0	0,0	ERA5
1062418	13/03/2025	10	13/03/2025	06	HAE	-15,4	0	-20,2	0	67,0	0	13,0	0	150,0	0	967,0	0	0,0	ERA5
1062419	13/03/2025	11	13/03/2025	07	HAE	-15,2	0	-19,7	0	69,0	0	18,0	0	150,0	0	967,0	0	0,0	ERA5
1062420	13/03/2025	12	13/03/2025	08	HAE	-13,5	0	-18,2	0	68,0	0	15,0	0	150,0	0	966,0	0	62,4	ERA5
1062421	13/03/2025	13	13/03/2025	09	HAE	-11,8	0	-14,5	0	81,0	0	18,0	0	160,0	0	966,0	0	482,5	ERA5
1062422	13/03/2025	14	13/03/2025	10	HAE	-9,7	0	-12,1	0	83,0	0	17,0	0	160,0	0	965,0	0	1070,0	ERA5
1062423	13/03/2025	15	13/03/2025	11	HAE	-6,9	0	-8,9	0	86,0	0	22,0	0	170,0	0	964,0	0	1494,7	ERA5
1062424	13/03/2025	16	13/03/2025	12	HAE	-4,3	0	-6,2	0	87,0	0	28,0	0	170,0	0	964,0	0	1574,7	ERA5
1062425	13/03/2025	17	13/03/2025	13	HAE	-2,7	0	-5,7	0	80,0	0	34,0	0	180,0	0	962,0	0	1538,9	ERA5
1062426	13/03/2025	18	13/03/2025	14	HAE	-1,5	0	-6,3	0	70,0	0	39,0	0	200,0	0	962,0	0	1296,2	ERA5
1062427	13/03/2025	19	13/03/2025	15	HAE	-0,8	0	-6,0	0	68,0	0	32,0	0	210,0	0	961,0	0	937,6	ERA5
1062428	13/03/2025	20	13/03/2025	16	HAE	0,5	0	-6,0	0	62,0	0	26,0	0	220,0	0	962,0	0	1424,3	ERA5
1062429	13/03/2025	21	13/03/2025	17	HAE	1,0	0	-6,3	0	58,0	0	22,0	0	260,0	0	962,0	0	769,2	ERA5
1062430	13/03/2025	22	13/03/2025	18	HAE	0,1	0	-5,7	0	65,0	0	24,0	0	220,0	0	963,0	0	461,4	ERA5
1062431	13/03/2025	23	13/03/2025	19	HAE	-1,3	0	-2,6	0	91,0	0	17,0	0	270,0	0	964,0	0	139,2	ERA5
1062432	14/03/2025	00	13/03/2025	20	HAE	-1,6	0	-2,8	0	92,0	0	8,0	0	240,0	0	964,0	0	0,0	ERA5
1062433	14/03/2025	01	13/03/2025	21	HAE	-2,0	0	-3,9	0	87,0	0	9,0	0	300,0	0	965,0	0	0,0	ERA5
1062434	14/03/2025	02	13/03/2025	22	HAE	-3,3	0	-4,7	0	90,0	0	9,0	0	340,0	0	965,0	0	0,0	ERA5
1062435	14/03/2025	03	13/03/2025	23	HAE	-4,5	0	-5,5	0	93,0	0	15,0	0	340,0	0	966,0	0	0,0	ERA5
1062436	14/03/2025	04	14/03/2025	00	HAE	-6,2	0	-8,0	0	87,0	0	15,0	0	320,0	0	967,0	0	0,0	ERA5
1062437	14/03/2025	05	14/03/2025	01	HAE	-7,1	0	-8,5	0	90,0	0	5,0	0	310,0	0	967,0	0	0,0	ERA5
1062438	14/03/2025	06	14/03/2025	02	HAE	-7,3	0	-8,7	0	90,0	0	4,0	0	0,0	0	968,0	0	0,0	ERA5
1062439	14/03/2025	07	14/03/2025	03	HAE	-7,6	0	-9,1	0	89,0	0	5,0	0	280,0	0	968,0	0	0,0	ERA5
1062440	14/03/2025	08	14/03/2025	04	HAE	-9,4	0	-11,2	0	87,0	0	8,0	0	350,0	0	968,0	0	0,0	ERA5
1062441	14/03/2025	09	14/03/2025	05	HAE	-10,0	0	-12,3	0	83,0	0	5,0	0	330,0	0	969,0	0	0,0	ERA5
1062442	14/03/2025	10	14/03/2025	06	HAE	-10,3	0	-13,0	0	81,0	0	4,0	0	320,0	0	969,0	0	0,0	ERA5
1062443	14/03/2025	11	14/03/2025	07	HAE	-10,9	0	-13,3	0	83,0	0	4,0	0	0,0	0	970,0	0	0,0	ERA5
1062444	14/03/2025	12	14/03/2025	08	HAE	-11,0	0	-13,4	0	83,0	0	5,0	0	300,0	0	971,0	0	62,9	ERA5
1062445	14/03/2025	13	14/03/2025	09	HAE	-10,8	0	-13,3	0	82,0	0	0,0	0	0,0	0	971,0	0	396,1	ERA5
1062446	14/03/2025	14	14/03/2025	10	HAE	-9,7	0	-13,0	0	77,0	0	0,0	0	0,0	0	971,0	0	751,6	ERA5
1062447	14/03/2025	15	14/03/2025	11	HAE	-8,9	0	-14,1	0	66,0	0	0,0	0	0,0	0	971,0	0	1162,1	ERA5
1062448	14/03/2025	16	14/03/2025	12	HAE	-8,7	0	-12,1	0	76,0	0	0,0	0	0,0	0	971,0	0	1280,3	ERA5
1062449	14/03/2025	17	14/03/2025	13	HAE	-8,3	0	-11,3	0	79,0	0	0,0	0	0,0	0	971,0	0	1191,1	ERA5
1062450	14/03/2025	18	14/03/2025	14	HAE	-7,7	0	-10,6	0	80,0	0	4,0	0	0,0	0	971,0	0	1201,1	ERA5
1062451	14/03/2025	19	14/03/2025	15	HAE	-7,3	0	-10,4	0	79,0	0	8,0	0	50,0	0	971,0	0	1175,1	ERA5
1062452	14/03/2025	20	14/03/2025	16	HAE	-6,3	0	-9,7	0	77,0	0	5,0	0	70,0	0	971,0	0	714,8	ERA5
1062453	14/03/2025	21	14/03/2025	17	HAE	-6,0	0	-9,7	0	75,0	0	13,0	0	70,0	0	970,0	0	428,9	ERA5
1062454	14/03/2025	22	14/03/2025	18	HAE	-6,5	0	-10,2	0	75,0	0	11,0	0	70,0	0	970,0	0	245,8	ERA5
1062455	14/03/2025	23	14/03/2025	19	HAE	-6,7	0	-10,2	0	76,0	0	15,0	0	70,0	0	970,0	0	70,2	ERA5
1062456	15/03/2025	00	14/03/2025	20	HAE	-6,2	0	-9,6	0	77,0	0	13,0	0	90,0	0	969,0	0	0,0	ERA5
1062457	15/03/2025	01	14/03/2025	21	HAE	-6,1	0	-7,9	0	87,0	0	9,0	0	90,0	0	969,0	0	0,0	ERA5
1062458	15/03/2025	02	14/03/2025	22	HAE	-6,1	0	-7,8	0	88,0	0	11,0	0	90,0	0	968,0	0	0,0	ERA5
1062459	15/03/2025	03	14/03/2025	23	HAE	-6,3	0	-8,0	0	88,0	0	11,0	0	90,0	0	968,0	0	0,0	ERA5
1062460	15/03/2025	04	15/03/2025	00	HAE	-6,3	0	-7,8	0	89,0	0	11,0	0	90,0	0	967,0	0	0,0	ERA5
1062461	15/03/2025	05	15/03/2025	01	HAE	-5,9	0	-7,4	0	89,0	0	9,0	0	80,0	0	966,0	0	0,0	ERA5
1062462	15/03/2025	06	15/03/2025	02	HAE	-4,7	0	-6,5	0	87,0	0	15,0	0	100,0	0	965,0	0	0,0	ERA5
1062463	15/03/2025	07	15/03/2025	03	HAE	-4,0	0	-6,3	0	84,0	0	13,0	0	130,0	0	965,0	0	0,0	ERA5
1062464	15/03/2025	08	15/03/2025	04	HAE	-3,6	0	-6,1	0	83,0	0	15,0	0	100,0	0	964,0	0	0,0	ERA5
1062465	15/03/2025	09	15/03/2025	05	HAE	-3,5	0	-6,1	0	83,0	0	13,0	0	90,0	0	964,0	0	0,0	ERA5
1062466	15/03/2025	10	15/03/2025	06	HAE	-3,6	0	-6,6	0	80,0	0	15,0	0	110,0	0	963,0	0	0,0	ERA5
1062467	15/03/2025	11	15/03/2025	07	HAE	-3,7	0	-6,3	0	82,0	0	15,0	0	360,0	0	963,0	0	0,0	ERA5
1062468	15/03/2025	12	15/03/2025	08	HAE	-3,2	0	-6,3	0	79,0	0	15,0	0	70,0	0	962,0	0	74,5	ERA5
1062469	15/03/2025	13	15/03/2025	09	HAE	-2,7	0	-6,0	0	78,0	0	18,0	0	70,0	0	962,0	0	492,5	ERA5
1062470	15/03/2025	14	15/03/2025	10	HAE	-1,3	0	-5,4	0	74,0	0	22,0	0	90,0	0	961,0	0	968,4	ERA5
1062471	15/03/2025	15	15/03/2025	11	HAE	1,0	0	-4,1	0	69,0	0	22,0	0	100,0	0	960,0	0	1252,0	ERA5
1062472	15/03/2025	16	15/03/2025	12	HAE	3,1	0	-2,9	0	65,0	0	18,0	0	110,0	0	959,0	0	1735,2	ERA5
1062473	15/03/2025	17	15/03/2025	13	HAE	5,6	0	-1,6	0	60,0	0	15,0	0	130,0	0	958,0	0	1906,3	ERA5
1062474	15/03/2025	18	15/03/2025	14	HAE	7,7	0	-0,8	0	55,0	0	22,0	0	140,0	0	957,0	0	1485,6	ERA5
1062475	15/03/2025	19	15/03/2025	15	HAE	9,8	0	-0,1	0	50,0	0	21,0	0	130,0	0	956,0	0	1782,5	ERA5
1062476	15/03/2025	20	15/03/2025	16	HAE	10,5	0	0,1	0	48,0	0	17,0	0	120,0	0	956,0	0	1480,3	ERA5
1062477	15/03/2025	21	15/03/2025	17	HAE	10,2	0	-0,3	0	48,0	0	17,0	0	120,0	0	955,0	0	911,1	ERA5
1062478	15/03/2025	22	15/03/2025	18	HAE	9,8	0	-0,1	0	50,0	0	17,0	0	140,0	0	955,0	0	328,8	ERA5
1062479	15/03/2025	23	15/03/2025	19	HAE	6,9	0	2,0	0	71,0	0	11,0	0	120,0	0	955,0	0	62,3	ERA5
1062480	16/03/2025	00	15/03/2025	20	HAE	5,4	0	2,9	0	84,0	0	13,0	0	120,0	0	955,0	0	-0,0	ERA5
1062481	16/03/2025	01	15/03/2025	21	HAE	4,9	0	2,9	0	87,0	0	17,0	0	140,0	0	955,0	0	0,0	ERA5
1062482	16/03/2025	02	15/03/2025	22	HAE	5,5	0	3,4	0	86,0	0	17,0	0	160,0	0	956,0	0	0,0	ERA5
1062483	16/03/2025	03	15/03/2025	23	HAE	5,4	0	3,9	0	90,0	0	17,0	0	160,0	0	956,0	0	0,0	ERA5
1062484	16/03/2025	04	16/03/2025	00	HAE	4,6	0	3,4	0	92,0	0	13,0	0	150,0	0	956,0	0	0,0	ERA5
1062485	16/03/2025	05	16/03/2025	01	HAE	4,6	0	3,7	0	94,0	0	13,0	0	150,0	0	955,0	0	0,0	ERA5
1062486	16/03/2025	06	16/03/2025	02	HAE	5,3	0	3,9	0	90,0	0	17,0	0	150,0	0	955,0	0	0,0	ERA5
1062487	16/03/2025	07	16/03/2025	03	HAE	5,4	0	4,0	0	91,0	0	17,0	0	160,0	0	955,0	0	0,0	ERA5
1062488	16/03/2025	08	16/03/2025	04	HAE	5,5	0	4,1	0	91,0	0	13,0	0	170,0	0	955,0	0	0,0	ERA5
1062489	16/03/2025	09	16/03/2025	05	HAE	5,9	0	4,6	0	91,0	0	15,0	0	160,0	0	955,0	0	0,0	ERA5
1062490	16/03/2025	10	16/03/2025	06	HAE	6,2	0	4,8	0	91,0	0	18,0	0	170,0	0	955,0	0	0,0	ERA5
1062491	16/03/2025	11	16/03/2025	07	HAE	5,3	0	4,6	0	95,0	0	15,0	0	170,0	0	955,0	0	0,0	ERA5
1062492	16/03/2025	12	16/03/2025	08	HAE	5,2	0	4,9	0	98,0	0	17,0	0	160,0	0	955,0	0	9,3	ERA5
1062493	16/03/2025	13	16/03/2025	09	HAE	5,5	0	5,4	0	99,0	0	21,0	0	160,0	0	955,0	0	74,9	ERA5
1062494	16/03/2025	14	16/03/2025	10	HAE	5,8	0	5,8	0	100,0	0	18,0	0	170,0	0	955,0	0	177,7	ERA5
1062495	16/03/2025	15	16/03/2025	11	HAE	5,5	0	5,4	0	99,0	0	21,0	0	160,0	0	954,0	0	259,3	ERA5
1062496	16/03/2025	16	16/03/2025	12	HAE	5,6	0	5,5	0	99,0	0	22,0	0	160,0	0	953,0	0	376,7	ERA5
1062497	16/03/2025	17	16/03/2025	13	HAE	5,8	0	5,7	0	99,0	0	18,0	0	150,0	0	953,0	0	298,4	ERA5
1062498	16/03/2025	18	16/03/2025	14	HAE	6,3	0	6,2	0	99,0	0	17,0	0	150,0	0	951,0	0	206,7	ERA5
1062499	16/03/2025	19	16/03/2025	15	HAE	6,6	0	6,5	0	99,0	0	22,0	0	150,0	0	950,0	0	232,4	ERA5
1062500	16/03/2025	20	16/03/2025	16	HAE	6,8	0	6,6	0	99,0	0	22,0	0	160,0	0	950,0	0	157,2	ERA5
1062501	16/03/2025	21	16/03/2025	17	HAE	6,6	0	6,5	0	99,0	0	21,0	0	150,0	0	950,0	0	130,5	ERA5
1062502	16/03/2025	22	16/03/2025	18	HAE	6,7	0	6,7	0	100,0	0	21,0	0	160,0	0	949,0	0	68,4	ERA5
1062503	16/03/2025	23	16/03/2025	19	HAE	7,0	0	7,0	0	100,0	0	21,0	0	150,0	0	949,0	0	29,5	ERA5
1062504	17/03/2025	00	16/03/2025	20	HAE	7,1	0	7,1	0	100,0	0	21,0	0	150,0	0	948,0	0	0,0	ERA5
1062505	17/03/2025	01	16/03/2025	21	HAE	7,4	0	7,4	0	100,0	0	24,0	0	150,0	0	947,0	0	0,0	ERA5
1062506	17/03/2025	02	16/03/2025	22	HAE	7,2	0	7,1	0	99,0	0	24,0	0	150,0	0	946,0	0	0,0	ERA5
1062507	17/03/2025	03	16/03/2025	23	HAE	7,0	0	6,9	0	99,0	0	26,0	0	160,0	0	946,0	0	0,0	ERA5
1062508	17/03/2025	04	17/03/2025	00	HAE	7,4	0	7,1	0	98,0	0	34,0	0	170,0	0	946,0	0	0,0	ERA5
1062509	17/03/2025	05	17/03/2025	01	HAE	-1,2	0	-2,0	0	94,0	0	32,0	0	250,0	0	950,0	0	0,0	ERA5
1062510	17/03/2025	06	17/03/2025	02	HAE	-7,6	0	-5,63333	4.lineaire	89,0	0	37,0	0	250,0	0	955,0	0	0,0	ERA5
1062511	17/03/2025	07	17/03/2025	03	HAE	-10,0	0	-9,26667	4.lineaire	85,0	0	28,0	0	270,0	0	958,0	0	0,0	ERA5
1062512	17/03/2025	08	17/03/2025	04	HAE	-10,7	0	-12,9	0	84,0	0	24,0	0	280,0	0	961,0	0	0,0	ERA5
1062513	17/03/2025	09	17/03/2025	05	HAE	-11,5	0	-14,5	0	79,0	0	30,0	0	280,0	0	962,0	0	0,0	ERA5
1062514	17/03/2025	10	17/03/2025	06	HAE	-11,9	0	-14,8	0	79,0	0	24,0	0	290,0	0	964,0	0	0,0	ERA5
1062515	17/03/2025	11	17/03/2025	07	HAE	-11,9	0	-14,2	0	83,0	0	17,0	0	280,0	0	966,0	0	0,0	ERA5
1062516	17/03/2025	12	17/03/2025	08	HAE	-11,9	0	-14,5	0	81,0	0	15,0	0	290,0	0	967,0	0	111,4	ERA5
1062517	17/03/2025	13	17/03/2025	09	HAE	-11,8	0	-15,1	0	77,0	0	17,0	0	320,0	0	968,0	0	524,9	ERA5
1062518	17/03/2025	14	17/03/2025	10	HAE	-11,1	0	-14,5	0	76,0	0	15,0	0	300,0	0	970,0	0	990,9	ERA5
1062519	17/03/2025	15	17/03/2025	11	HAE	-10,7	0	-14,5	0	74,0	0	17,0	0	300,0	0	970,0	0	1544,6	ERA5
1062520	17/03/2025	16	17/03/2025	12	HAE	-10,1	0	-14,4	0	71,0	0	11,0	0	290,0	0	970,0	0	2012,3	ERA5
1062521	17/03/2025	17	17/03/2025	13	HAE	-8,4	0	-13,5	0	67,0	0	11,0	0	300,0	0	971,0	0	2449,9	ERA5
1062522	17/03/2025	18	17/03/2025	14	HAE	-7,2	0	-12,8	0	64,0	0	17,0	0	310,0	0	971,0	0	2544,1	ERA5
1062523	17/03/2025	19	17/03/2025	15	HAE	-6,3	0	-12,7	0	61,0	0	11,0	0	310,0	0	970,0	0	2334,2	ERA5
1062524	17/03/2025	20	17/03/2025	16	HAE	-5,8	0	-12,8	0	58,0	0	13,0	0	280,0	0	970,0	0	1970,9	ERA5
1062525	17/03/2025	21	17/03/2025	17	HAE	-5,5	0	-12,8	0	57,0	0	11,0	0	260,0	0	970,0	0	1478,2	ERA5
1062526	17/03/2025	22	17/03/2025	18	HAE	-5,6	0	-12,3	0	59,0	0	8,0	0	340,0	0	970,0	0	851,3	ERA5
1062527	17/03/2025	23	17/03/2025	19	HAE	-6,4	0	-12,3	0	63,0	0	5,0	0	330,0	0	970,0	0	239,1	ERA5
1062528	18/03/2025	00	17/03/2025	20	HAE	-8,6	0	-12,4	0	74,0	0	0,0	0	0,0	0	971,0	0	0,2	ERA5
1062529	18/03/2025	01	17/03/2025	21	HAE	-9,3	0	-11,4	0	85,0	0	0,0	0	0,0	0	971,0	0	0,0	ERA5
1062530	18/03/2025	02	17/03/2025	22	HAE	-8,2	0	-12,2	0	73,0	0	5,0	0	300,0	0	971,0	0	0,0	ERA5
1062531	18/03/2025	03	17/03/2025	23	HAE	-11,4	0	-13,5	0	84,0	0	5,0	0	10,0	0	972,0	0	0,0	ERA5
1062532	18/03/2025	04	18/03/2025	00	HAE	-12,9	0	-14,5	0	88,0	0	4,0	0	50,0	0	972,0	0	0,0	ERA5
1062533	18/03/2025	05	18/03/2025	01	HAE	-12,5	0	-13,5	0	92,0	0	4,0	0	50,0	0	972,0	0	0,0	ERA5
1062534	18/03/2025	06	18/03/2025	02	HAE	-12,8	0	-14,1	0	90,0	0	5,0	0	50,0	0	972,0	0	0,0	ERA5
1062535	18/03/2025	07	18/03/2025	03	HAE	-11,2	0	-12,7	0	89,0	0	8,0	0	80,0	0	972,0	0	0,0	ERA5
1062536	18/03/2025	08	18/03/2025	04	HAE	-10,4	0	-11,7	0	90,0	0	4,0	0	0,0	0	972,0	0	0,0	ERA5
1062537	18/03/2025	09	18/03/2025	05	HAE	-9,9	0	-11,8	0	86,0	0	5,0	0	140,0	0	972,0	0	0,0	ERA5
1062538	18/03/2025	10	18/03/2025	06	HAE	-9,8	0	-11,4	0	88,0	0	8,0	0	130,0	0	972,0	0	0,0	ERA5
1062539	18/03/2025	11	18/03/2025	07	HAE	-9,8	0	-11,3	0	89,0	0	5,0	0	130,0	0	972,0	0	0,0	ERA5
1062540	18/03/2025	12	18/03/2025	08	HAE	-9,4	0	-10,9	0	89,0	0	9,0	0	130,0	0	972,0	0	102,5	ERA5
1062541	18/03/2025	13	18/03/2025	09	HAE	-8,8	0	-10,4	0	88,0	0	13,0	0	130,0	0	972,0	0	428,7	ERA5
1062542	18/03/2025	14	18/03/2025	10	HAE	-8,0	0	-10,0	0	86,0	0	15,0	0	140,0	0	972,0	0	732,9	ERA5
1062543	18/03/2025	15	18/03/2025	11	HAE	-6,7	0	-9,1	0	83,0	0	13,0	0	0,0	0	972,0	0	991,7	ERA5
1062544	18/03/2025	16	18/03/2025	12	HAE	-5,5	0	-7,8	0	84,0	0	13,0	0	130,0	0	971,0	0	1459,1	ERA5
1062545	18/03/2025	17	18/03/2025	13	HAE	-4,7	0	-7,2	0	83,0	0	15,0	0	130,0	0	971,0	0	1721,8	ERA5
1062546	18/03/2025	18	18/03/2025	14	HAE	-3,3	0	-6,4	0	79,0	0	13,0	0	140,0	0	970,0	0	1548,3	ERA5
1062547	18/03/2025	19	18/03/2025	15	HAE	-2,3	0	-6,6	0	73,0	0	17,0	0	130,0	0	970,0	0	1870,1	ERA5
1062548	18/03/2025	20	18/03/2025	16	HAE	-2,1	0	-6,5	0	72,0	0	15,0	0	120,0	0	969,0	0	1479,7	ERA5
1062549	18/03/2025	21	18/03/2025	17	HAE	-1,9	0	-6,5	0	71,0	0	15,0	0	120,0	0	969,0	0	718,6	ERA5
1062550	18/03/2025	22	18/03/2025	18	HAE	-2,3	0	-6,2	0	75,0	0	13,0	0	130,0	0	970,0	0	506,5	ERA5
1062551	18/03/2025	23	18/03/2025	19	HAE	-2,8	0	-6,3	0	77,0	0	9,0	0	120,0	0	970,0	0	131,9	ERA5
1062552	19/03/2025	00	18/03/2025	20	HAE	-3,5	0	-6,1	0	82,0	0	8,0	0	130,0	0	971,0	0	0,3	ERA5
1062553	19/03/2025	01	18/03/2025	21	HAE	-5,0	0	-6,7	0	88,0	0	9,0	0	100,0	0	971,0	0	0,0	ERA5
1062554	19/03/2025	02	18/03/2025	22	HAE	-5,8	0	-7,2	0	90,0	0	5,0	0	100,0	0	971,0	0	0,0	ERA5
1062555	19/03/2025	03	18/03/2025	23	HAE	-7,2	0	-8,2	0	93,0	0	5,0	0	70,0	0	971,0	0	0,0	ERA5
1062556	19/03/2025	04	19/03/2025	00	HAE	-8,4	0	-9,3	0	93,0	0	8,0	0	60,0	0	971,0	0	0,0	ERA5
1062557	19/03/2025	05	19/03/2025	01	HAE	-8,2	0	-9,1	0	93,0	0	5,0	0	80,0	0	971,0	0	0,0	ERA5
1062558	19/03/2025	06	19/03/2025	02	HAE	-9,7	0	-10,4	0	95,0	0	8,0	0	40,0	0	971,0	0	0,0	ERA5
1062559	19/03/2025	07	19/03/2025	03	HAE	-10,0	0	-10,7	0	95,0	0	9,0	0	80,0	0	971,0	0	0,0	ERA5
1062560	19/03/2025	08	19/03/2025	04	HAE	-9,0	0	-9,8	0	94,0	0	5,0	0	60,0	0	971,0	0	0,0	ERA5
1062561	19/03/2025	09	19/03/2025	05	HAE	-8,0	0	-8,9	0	93,0	0	9,0	0	60,0	0	971,0	0	0,0	ERA5
1062562	19/03/2025	10	19/03/2025	06	HAE	-7,4	0	-8,3	0	93,0	0	13,0	0	70,0	0	971,0	0	0,0	ERA5
1062563	19/03/2025	11	19/03/2025	07	HAE	-7,1	0	-7,9	0	94,0	0	13,0	0	80,0	0	970,0	0	0,0	ERA5
1062564	19/03/2025	12	19/03/2025	08	HAE	-5,9	0	-6,9	0	93,0	0	13,0	0	90,0	0	971,0	0	147,1	ERA5
1062565	19/03/2025	13	19/03/2025	09	HAE	-4,8	0	-5,9	0	92,0	0	13,0	0	90,0	0	970,0	0	580,9	ERA5
1062566	19/03/2025	14	19/03/2025	10	HAE	-3,0	0	-5,7	0	82,0	0	18,0	0	110,0	0	969,0	0	1061,4	ERA5
1062567	19/03/2025	15	19/03/2025	11	HAE	-2,3	0	-4,8	0	83,0	0	15,0	0	120,0	0	969,0	0	1304,4	ERA5
1062568	19/03/2025	16	19/03/2025	12	HAE	-2,1	0	-3,8	0	88,0	0	17,0	0	130,0	0	968,0	0	1236,2	ERA5
1062569	19/03/2025	17	19/03/2025	13	HAE	-1,5	0	-2,6	0	92,0	0	15,0	0	120,0	0	967,0	0	1248,3	ERA5
1062570	19/03/2025	18	19/03/2025	14	HAE	-1,3	0	-2,1	0	95,0	0	15,0	0	120,0	0	966,0	0	1013,3	ERA5
1062571	19/03/2025	19	19/03/2025	15	HAE	-1,3	0	-2,3	0	93,0	0	17,0	0	120,0	0	965,0	0	746,0	ERA5
1062572	19/03/2025	20	19/03/2025	16	HAE	-1,2	0	-1,9	0	95,0	0	13,0	0	100,0	0	964,0	0	305,3	ERA5
1062573	19/03/2025	21	19/03/2025	17	HAE	-1,2	0	-1,8	0	96,0	0	13,0	0	90,0	0	963,0	0	392,0	ERA5
1062574	19/03/2025	22	19/03/2025	18	HAE	-1,0	0	-1,6	0	96,0	0	13,0	0	100,0	0	963,0	0	248,8	ERA5
1062575	19/03/2025	23	19/03/2025	19	HAE	-1,4	0	-2,0	0	96,0	0	9,0	0	100,0	0	962,0	0	78,9	ERA5
1062576	20/03/2025	00	19/03/2025	20	HAE	-1,5	0	-2,0	0	97,0	0	9,0	0	70,0	0	962,0	0	0,4	ERA5
1062577	20/03/2025	01	19/03/2025	21	HAE	-1,6	0	-2,3	0	95,0	0	9,0	0	70,0	0	961,0	0	0,0	ERA5
1062578	20/03/2025	02	19/03/2025	22	HAE	-1,5	0	-2,2	0	95,0	0	9,0	0	70,0	0	960,0	0	0,0	ERA5
1062579	20/03/2025	03	19/03/2025	23	HAE	-1,4	0	-2,1	0	95,0	0	11,0	0	80,0	0	958,0	0	0,0	ERA5
1062580	20/03/2025	04	20/03/2025	00	HAE	-1,1	0	-1,9	0	94,0	0	9,0	0	60,0	0	957,0	0	0,0	ERA5
1062581	20/03/2025	05	20/03/2025	01	HAE	-1,0	0	-1,6	0	96,0	0	9,0	0	50,0	0	956,0	0	0,0	ERA5
1062582	20/03/2025	06	20/03/2025	02	HAE	-0,9	0	-1,5	0	96,0	0	5,0	0	20,0	0	955,0	0	0,0	ERA5
1062583	20/03/2025	07	20/03/2025	03	HAE	-0,6	0	-1,2	0	96,0	0	9,0	0	50,0	0	954,0	0	0,0	ERA5
1062584	20/03/2025	08	20/03/2025	04	HAE	-0,6	0	-1,3	0	95,0	0	13,0	0	70,0	0	952,0	0	0,0	ERA5
1062585	20/03/2025	09	20/03/2025	05	HAE	-0,4	0	-1,3	0	94,0	0	8,0	0	70,0	0	953,0	0	0,0	ERA5
1062586	20/03/2025	10	20/03/2025	06	HAE	-0,2	0	-0,8	0	96,0	0	13,0	0	90,0	0	951,0	0	0,0	ERA5
1062587	20/03/2025	11	20/03/2025	07	HAE	0,7	0	-0,3	0	93,0	0	9,0	0	110,0	0	950,0	0	0,0	ERA5
1062588	20/03/2025	12	20/03/2025	08	HAE	1,0	0	0,1	0	94,0	0	5,0	0	130,0	0	949,0	0	45,0	ERA5
1062589	20/03/2025	13	20/03/2025	09	HAE	1,3	0	0,6	0	95,0	0	9,0	0	130,0	0	948,0	0	204,4	ERA5
1062590	20/03/2025	14	20/03/2025	10	HAE	1,6	0	1,0	0	96,0	0	9,0	0	160,0	0	948,0	0	256,7	ERA5
1062591	20/03/2025	15	20/03/2025	11	HAE	2,4	0	1,8	0	96,0	0	18,0	0	160,0	0	947,0	0	305,1	ERA5
1062592	20/03/2025	16	20/03/2025	12	HAE	3,1	0	2,2	0	94,0	0	22,0	0	170,0	0	946,0	0	358,1	ERA5
1062593	20/03/2025	17	20/03/2025	13	HAE	3,8	0	3,1	0	95,0	0	17,0	0	180,0	0	946,0	0	472,1	ERA5
1062594	20/03/2025	18	20/03/2025	14	HAE	4,4	0	3,8	0	96,0	0	17,0	0	260,0	0	947,0	0	370,5	ERA5
1062595	20/03/2025	19	20/03/2025	15	HAE	1,2	0	0,8	0	97,0	0	13,0	0	260,0	0	948,0	0	470,7	ERA5
1062596	20/03/2025	20	20/03/2025	16	HAE	0,2	0	-0,2	0	97,0	0	15,0	0	290,0	0	949,0	0	395,8	ERA5
1062597	20/03/2025	21	20/03/2025	17	HAE	-0,6	0	-1,2	0	96,0	0	13,0	0	300,0	0	949,0	0	417,8	ERA5
1062598	20/03/2025	22	20/03/2025	18	HAE	-1,3	0	-1,8	0	96,0	0	13,0	0	290,0	0	951,0	0	279,2	ERA5
1062599	20/03/2025	23	20/03/2025	19	HAE	-2,8	0	-3,6	0	95,0	0	15,0	0	310,0	0	951,0	0	85,0	ERA5
1062600	21/03/2025	00	20/03/2025	20	HAE	-3,6	0	-4,3	0	95,0	0	17,0	0	320,0	0	952,0	0	0,5	ERA5
1062601	21/03/2025	01	20/03/2025	21	HAE	-3,8	0	-4,8	0	93,0	0	15,0	0	320,0	0	953,0	0	0,0	ERA5
1062602	21/03/2025	02	20/03/2025	22	HAE	-4,8	0	-5,9	0	92,0	0	22,0	0	300,0	0	953,0	0	0,0	ERA5
1062603	21/03/2025	03	20/03/2025	23	HAE	-6,3	0	-7,7	0	90,0	0	24,0	0	300,0	0	953,0	0	0,0	ERA5
1062604	21/03/2025	04	21/03/2025	00	HAE	-7,1	0	-8,5	0	90,0	0	18,0	0	310,0	0	954,0	0	0,0	ERA5
1062605	21/03/2025	05	21/03/2025	01	HAE	-8,1	0	-9,8	0	88,0	0	21,0	0	320,0	0	954,0	0	0,0	ERA5
1062606	21/03/2025	06	21/03/2025	02	HAE	-9,5	0	-11,3	0	87,0	0	17,0	0	310,0	0	955,0	0	0,0	ERA5
1062607	21/03/2025	07	21/03/2025	03	HAE	-10,2	0	-11,8	0	88,0	0	15,0	0	300,0	0	957,0	0	0,0	ERA5
1062608	21/03/2025	08	21/03/2025	04	HAE	-10,6	0	-12,4	0	87,0	0	13,0	0	310,0	0	957,0	0	0,0	ERA5
1062609	21/03/2025	09	21/03/2025	05	HAE	-12,1	0	-14,1	0	85,0	0	13,0	0	300,0	0	958,0	0	0,0	ERA5
1062610	21/03/2025	10	21/03/2025	06	HAE	-13,7	0	-15,6	0	86,0	0	11,0	0	280,0	0	958,0	0	0,0	ERA5
1062611	21/03/2025	11	21/03/2025	07	HAE	-14,8	0	-16,7	0	86,0	0	5,0	0	280,0	0	958,0	0	0,0	ERA5
1062612	21/03/2025	12	21/03/2025	08	HAE	-14,9	0	-16,8	0	86,0	0	8,0	0	280,0	0	958,0	0	166,9	ERA5
1062613	21/03/2025	13	21/03/2025	09	HAE	-13,3	0	-16,1	0	80,0	0	8,0	0	280,0	0	959,0	0	752,3	ERA5
1062614	21/03/2025	14	21/03/2025	10	HAE	-11,4	0	-15,8	0	70,0	0	5,0	0	160,0	0	960,0	0	1446,9	ERA5
1062615	21/03/2025	15	21/03/2025	11	HAE	-9,4	0	-14,8	0	65,0	0	5,0	0	190,0	0	959,0	0	1995,3	ERA5
1062616	21/03/2025	16	21/03/2025	12	HAE	-6,7	0	-12,8	0	62,0	0	8,0	0	260,0	0	959,0	0	2402,6	ERA5
1062617	21/03/2025	17	21/03/2025	13	HAE	-5,6	0	-14,5	0	50,0	0	13,0	0	170,0	0	959,0	0	2605,5	ERA5
1062618	21/03/2025	18	21/03/2025	14	HAE	-3,9	0	-10,1	0	63,0	0	13,0	0	180,0	0	958,0	0	2609,1	ERA5
1062619	21/03/2025	19	21/03/2025	15	HAE	-2,6	0	-11,8	0	50,0	0	13,0	0	180,0	0	958,0	0	2406,8	ERA5
1062620	21/03/2025	20	21/03/2025	16	HAE	-1,5	0	-11,2	0	48,0	0	17,0	0	180,0	0	957,0	0	2037,4	ERA5
1062621	21/03/2025	21	21/03/2025	17	HAE	-0,7	0	-12,2	0	42,0	0	21,0	0	180,0	0	956,0	0	1504,4	ERA5
1062622	21/03/2025	22	21/03/2025	18	HAE	-0,3	0	-10,6	0	46,0	0	17,0	0	160,0	0	955,0	0	891,9	ERA5
1062623	21/03/2025	23	21/03/2025	19	HAE	-1,3	0	-10,5	0	50,0	0	9,0	0	160,0	0	955,0	0	286,2	ERA5
1062624	22/03/2025	00	21/03/2025	20	HAE	-2,6	0	-9,8	0	58,0	0	13,0	0	170,0	0	955,0	0	2,5	ERA5
1062625	22/03/2025	01	21/03/2025	21	HAE	-3,9	0	-10,0	0	63,0	0	11,0	0	150,0	0	955,0	0	0,0	ERA5
1062626	22/03/2025	02	21/03/2025	22	HAE	-4,2	0	-10,7	0	61,0	0	13,0	0	150,0	0	955,0	0	0,0	ERA5
1062627	22/03/2025	03	21/03/2025	23	HAE	-3,5	0	-9,8	0	62,0	0	15,0	0	160,0	0	955,0	0	0,0	ERA5
1062628	22/03/2025	04	22/03/2025	00	HAE	-4,0	0	-9,5	0	66,0	0	11,0	0	170,0	0	954,0	0	0,0	ERA5
1062629	22/03/2025	05	22/03/2025	01	HAE	-4,4	0	-8,0	0	76,0	0	13,0	0	190,0	0	954,0	0	0,0	ERA5
1062630	22/03/2025	06	22/03/2025	02	HAE	-4,4	0	-6,4	0	86,0	0	9,0	0	170,0	0	953,0	0	0,0	ERA5
1062631	22/03/2025	07	22/03/2025	03	HAE	-4,8	0	-6,2	0	90,0	0	8,0	0	160,0	0	952,0	0	0,0	ERA5
1062632	22/03/2025	08	22/03/2025	04	HAE	-3,3	0	-5,0	0	88,0	0	15,0	0	150,0	0	952,0	0	0,0	ERA5
1062633	22/03/2025	09	22/03/2025	05	HAE	-3,3	0	-5,0	0	88,0	0	11,0	0	150,0	0	951,0	0	0,0	ERA5
1062634	22/03/2025	10	22/03/2025	06	HAE	-3,2	0	-4,6	0	90,0	0	9,0	0	160,0	0	951,0	0	0,0	ERA5
1062635	22/03/2025	11	22/03/2025	07	HAE	-3,1	0	-4,2	0	92,0	0	8,0	0	150,0	0	950,0	0	0,0	ERA5
1062636	22/03/2025	12	22/03/2025	08	HAE	-8,3	0	-10,0	0	88,0	0	18,0	0	310,0	0	951,0	0	66,5	ERA5
1062637	22/03/2025	13	22/03/2025	09	HAE	-10,1	0	-12,0	0	86,0	0	18,0	0	310,0	0	952,0	0	148,7	ERA5
1062638	22/03/2025	14	22/03/2025	10	HAE	-11,4	0	-14,0	0	81,0	0	24,0	0	310,0	0	953,0	0	360,0	ERA5
1062639	22/03/2025	15	22/03/2025	11	HAE	-11,3	0	-14,3	0	79,0	0	28,0	0	320,0	0	954,0	0	616,5	ERA5
1062640	22/03/2025	16	22/03/2025	12	HAE	-11,6	0	-14,6	0	79,0	0	21,0	0	310,0	0	955,0	0	998,5	ERA5
1062641	22/03/2025	17	22/03/2025	13	HAE	-11,8	0	-14,8	0	79,0	0	21,0	0	340,0	0	955,0	0	1117,7	ERA5
1062642	22/03/2025	18	22/03/2025	14	HAE	-10,8	0	-14,4	0	75,0	0	18,0	0	330,0	0	956,0	0	1208,5	ERA5
1062643	22/03/2025	19	22/03/2025	15	HAE	-11,3	0	-15,1	0	74,0	0	22,0	0	320,0	0	957,0	0	1529,9	ERA5
1062644	22/03/2025	20	22/03/2025	16	HAE	-10,0	0	-16,4	0	60,0	0	21,0	0	290,0	0	957,0	0	1519,9	ERA5
1062645	22/03/2025	21	22/03/2025	17	HAE	-10,3	0	-17,3	0	57,0	0	21,0	0	310,0	0	958,0	0	1341,7	ERA5
1062646	22/03/2025	22	22/03/2025	18	HAE	-11,3	0	-18,4	0	56,0	0	18,0	0	310,0	0	960,0	0	846,7	ERA5
1062647	22/03/2025	23	22/03/2025	19	HAE	-12,9	0	-19,0	0	61,0	0	17,0	0	310,0	0	961,0	0	281,6	ERA5
1062648	23/03/2025	00	22/03/2025	20	HAE	-14,4	0	-19,1	0	68,0	0	17,0	0	310,0	0	962,0	0	3,6	ERA5
1062649	23/03/2025	01	22/03/2025	21	HAE	-15,7	0	-19,9	0	71,0	0	24,0	0	310,0	0	964,0	0	0,0	ERA5
1062650	23/03/2025	02	22/03/2025	22	HAE	-16,0	0	-20,0	0	72,0	0	17,0	0	310,0	0	965,0	0	0,0	ERA5
1062651	23/03/2025	03	22/03/2025	23	HAE	-16,3	0	-20,3	0	72,0	0	18,0	0	320,0	0	966,0	0	0,0	ERA5
1062652	23/03/2025	04	23/03/2025	00	HAE	-16,3	0	-19,9	0	74,0	0	15,0	0	310,0	0	966,0	0	0,0	ERA5
1062653	23/03/2025	05	23/03/2025	01	HAE	-16,4	0	-19,9	0	75,0	0	15,0	0	300,0	0	967,0	0	0,0	ERA5
1062654	23/03/2025	06	23/03/2025	02	HAE	-16,9	0	-20,0	0	77,0	0	21,0	0	310,0	0	967,0	0	0,0	ERA5
1062655	23/03/2025	07	23/03/2025	03	HAE	-17,6	0	-20,2	0	81,0	0	11,0	0	280,0	0	968,0	0	0,0	ERA5
1062656	23/03/2025	08	23/03/2025	04	HAE	-19,0	0	-21,0	0	85,0	0	9,0	0	270,0	0	969,0	0	0,0	ERA5
1062657	23/03/2025	09	23/03/2025	05	HAE	-19,9	0	-21,8	0	85,0	0	8,0	0	260,0	0	969,0	0	0,0	ERA5
1062658	23/03/2025	10	23/03/2025	06	HAE	-21,2	0	-23,2	0	84,0	0	8,0	0	250,0	0	970,0	0	0,0	ERA5
1062659	23/03/2025	11	23/03/2025	07	HAE	-21,9	0	-24,1	0	83,0	0	5,0	0	240,0	0	970,0	0	0,0	ERA5
1062660	23/03/2025	12	23/03/2025	08	HAE	-20,8	0	-23,0	0	83,0	0	8,0	0	240,0	0	971,0	0	202,3	ERA5
1062661	23/03/2025	13	23/03/2025	09	HAE	-18,3	0	-20,2	0	85,0	0	9,0	0	250,0	0	971,0	0	763,6	ERA5
1062662	23/03/2025	14	23/03/2025	10	HAE	-15,5	0	-20,3	0	67,0	0	18,0	0	290,0	0	971,0	0	1345,2	ERA5
1062663	23/03/2025	15	23/03/2025	11	HAE	-15,1	0	-21,4	0	59,0	0	18,0	0	290,0	0	971,0	0	1947,1	ERA5
1062664	23/03/2025	16	23/03/2025	12	HAE	-13,8	0	-20,4	0	58,0	0	15,0	0	340,0	0	971,0	0	2400,2	ERA5
1062665	23/03/2025	17	23/03/2025	13	HAE	-12,9	0	-20,1	0	55,0	0	9,0	0	300,0	0	971,0	0	2663,2	ERA5
1062666	23/03/2025	18	23/03/2025	14	HAE	-11,3	0	-18,3	0	57,0	0	15,0	0	320,0	0	971,0	0	2701,7	ERA5
1062667	23/03/2025	19	23/03/2025	15	HAE	-11,3	0	-19,8	0	50,0	0	8,0	0	250,0	0	970,0	0	2513,4	ERA5
1062668	23/03/2025	20	23/03/2025	16	HAE	-10,4	0	-19,5	0	48,0	0	11,0	0	260,0	0	971,0	0	2138,8	ERA5
1062669	23/03/2025	21	23/03/2025	17	HAE	-9,9	0	-19,2	0	47,0	0	8,0	0	320,0	0	971,0	0	1606,1	ERA5
1062670	23/03/2025	22	23/03/2025	18	HAE	-9,5	0	-18,8	0	47,0	0	15,0	0	260,0	0	971,0	0	971,9	ERA5
1062671	23/03/2025	23	23/03/2025	19	HAE	-11,2	0	-19,2	0	52,0	0	8,0	0	340,0	0	971,0	0	333,3	ERA5
1062672	24/03/2025	00	23/03/2025	20	HAE	-16,0	0	-20,8	0	67,0	0	0,0	0	0,0	0	971,0	0	5,4	ERA5
1062673	24/03/2025	01	23/03/2025	21	HAE	-16,1	0	-20,0	0	73,0	0	0,0	0	0,0	0	971,0	0	0,0	ERA5
1062674	24/03/2025	02	23/03/2025	22	HAE	-18,4	0	-21,7	0	76,0	0	4,0	0	0,0	0	971,0	0	0,0	ERA5
1062675	24/03/2025	03	23/03/2025	23	HAE	-21,3	0	-23,9	0	80,0	0	0,0	0	0,0	0	970,0	0	0,0	ERA5
1062676	24/03/2025	04	24/03/2025	00	HAE	-20,6	0	-23,4	0	79,0	0	5,0	0	50,0	0	969,0	0	0,0	ERA5
1062677	24/03/2025	05	24/03/2025	01	HAE	-20,7	0	-23,2	0	81,0	0	4,0	0	70,0	0	969,0	0	0,0	ERA5
1062678	24/03/2025	06	24/03/2025	02	HAE	-20,6	0	-23,2	0	80,0	0	8,0	0	100,0	0	969,0	0	0,0	ERA5
1062679	24/03/2025	07	24/03/2025	03	HAE	-20,2	0	-22,5	0	82,0	0	8,0	0	80,0	0	968,0	0	0,0	ERA5
1062680	24/03/2025	08	24/03/2025	04	HAE	-20,1	0	-22,6	0	81,0	0	8,0	0	70,0	0	968,0	0	0,0	ERA5
1062681	24/03/2025	09	24/03/2025	05	HAE	-19,7	0	-22,2	0	81,0	0	8,0	0	70,0	0	967,0	0	0,0	ERA5
1062682	24/03/2025	10	24/03/2025	06	HAE	-18,4	0	-21,2	0	79,0	0	9,0	0	80,0	0	967,0	0	0,0	ERA5
1062683	24/03/2025	11	24/03/2025	07	HAE	-15,9	0	-19,1	0	77,0	0	8,0	0	90,0	0	966,0	0	0,4	ERA5
1062684	24/03/2025	12	24/03/2025	08	HAE	-14,3	0	-18,1	0	73,0	0	5,0	0	90,0	0	966,0	0	216,7	ERA5
1062685	24/03/2025	13	24/03/2025	09	HAE	-10,5	0	-17,5	0	57,0	0	17,0	0	110,0	0	965,0	0	775,5	ERA5
1062686	24/03/2025	14	24/03/2025	10	HAE	-9,0	0	-16,5	0	55,0	0	11,0	0	110,0	0	964,0	0	1277,5	ERA5
1062687	24/03/2025	15	24/03/2025	11	HAE	-7,3	0	-15,1	0	54,0	0	17,0	0	80,0	0	963,0	0	1471,7	ERA5
1062688	24/03/2025	16	24/03/2025	12	HAE	-6,1	0	-15,2	0	49,0	0	22,0	0	120,0	0	962,0	0	1583,0	ERA5
1062689	24/03/2025	17	24/03/2025	13	HAE	-5,3	0	-15,3	0	46,0	0	24,0	0	110,0	0	961,0	0	1585,7	ERA5
1062690	24/03/2025	18	24/03/2025	14	HAE	-5,8	0	-15,4	0	47,0	0	26,0	0	100,0	0	961,0	0	1702,7	ERA5
1062691	24/03/2025	19	24/03/2025	15	HAE	-5,5	0	-15,1	0	47,0	0	26,0	0	80,0	0	959,0	0	1197,0	ERA5
1062692	24/03/2025	20	24/03/2025	16	HAE	-5,1	0	-13,4	0	53,0	0	24,0	0	110,0	0	959,0	0	1075,9	ERA5
1062693	24/03/2025	21	24/03/2025	17	HAE	-7,0	0	-8,5	0	89,0	0	18,0	0	100,0	0	959,0	0	683,0	ERA5
1062694	24/03/2025	22	24/03/2025	18	HAE	-6,9	0	-8,6	0	88,0	0	18,0	0	80,0	0	959,0	0	522,0	ERA5
1062695	24/03/2025	23	24/03/2025	19	HAE	-7,0	0	-8,8	0	87,0	0	18,0	0	80,0	0	958,0	0	180,6	ERA5
1062696	25/03/2025	00	24/03/2025	20	HAE	-7,0	0	-8,8	0	87,0	0	17,0	0	90,0	0	958,0	0	3,3	ERA5
1062697	25/03/2025	01	24/03/2025	21	HAE	-6,9	0	-8,7	0	87,0	0	13,0	0	80,0	0	958,0	0	0,0	ERA5
1062698	25/03/2025	02	24/03/2025	22	HAE	-6,7	0	-8,4	0	88,0	0	11,0	0	80,0	0	958,0	0	0,0	ERA5
1062699	25/03/2025	03	24/03/2025	23	HAE	-6,9	0	-8,4	0	89,0	0	11,0	0	60,0	0	957,0	0	0,0	ERA5
1062700	25/03/2025	04	25/03/2025	00	HAE	-6,9	0	-8,4	0	89,0	0	15,0	0	80,0	0	957,0	0	0,0	ERA5
1062701	25/03/2025	05	25/03/2025	01	HAE	-7,0	0	-8,4	0	90,0	0	11,0	0	40,0	0	957,0	0	0,0	ERA5
1062702	25/03/2025	06	25/03/2025	02	HAE	-7,0	0	-8,5	0	89,0	0	11,0	0	50,0	0	957,0	0	0,0	ERA5
1062703	25/03/2025	07	25/03/2025	03	HAE	-7,0	0	-8,4	0	90,0	0	9,0	0	50,0	0	956,0	0	0,0	ERA5
1062704	25/03/2025	08	25/03/2025	04	HAE	-7,0	0	-8,4	0	90,0	0	8,0	0	30,0	0	956,0	0	0,0	ERA5
1062705	25/03/2025	09	25/03/2025	05	HAE	-7,1	0	-8,5	0	90,0	0	9,0	0	40,0	0	956,0	0	0,0	ERA5
1062706	25/03/2025	10	25/03/2025	06	HAE	-7,5	0	-8,7	0	91,0	0	8,0	0	350,0	0	957,0	0	0,0	ERA5
1062707	25/03/2025	11	25/03/2025	07	HAE	-7,5	0	-8,9	0	90,0	0	8,0	0	20,0	0	957,0	0	0,8	ERA5
1062708	25/03/2025	12	25/03/2025	08	HAE	-7,4	0	-8,9	0	89,0	0	9,0	0	360,0	0	958,0	0	160,9	ERA5
1062709	25/03/2025	13	25/03/2025	09	HAE	-6,9	0	-8,7	0	87,0	0	9,0	0	360,0	0	958,0	0	463,1	ERA5
1062710	25/03/2025	14	25/03/2025	10	HAE	-5,9	0	-8,2	0	84,0	0	4,0	0	0,0	0	959,0	0	802,4	ERA5
1062711	25/03/2025	15	25/03/2025	11	HAE	-5,4	0	-8,1	0	81,0	0	9,0	0	350,0	0	959,0	0	1313,0	ERA5
1062712	25/03/2025	16	25/03/2025	12	HAE	-4,7	0	-8,1	0	77,0	0	8,0	0	340,0	0	960,0	0	1725,9	ERA5
1062713	25/03/2025	17	25/03/2025	13	HAE	-3,3	0	-7,7	0	72,0	0	11,0	0	330,0	0	960,0	0	1867,3	ERA5
1062714	25/03/2025	18	25/03/2025	14	HAE	-2,6	0	-7,5	0	69,0	0	4,0	0	0,0	0	960,0	0	1893,9	ERA5
1062715	25/03/2025	19	25/03/2025	15	HAE	-1,7	0	-7,4	0	65,0	0	11,0	0	0,0	0	960,0	0	1757,2	ERA5
1062716	25/03/2025	20	25/03/2025	16	HAE	-1,2	0	-7,5	0	62,0	0	9,0	0	10,0	0	960,0	0	1625,6	ERA5
1062717	25/03/2025	21	25/03/2025	17	HAE	-1,0	0	-8,5	0	57,0	0	11,0	0	310,0	0	961,0	0	1166,5	ERA5
1062718	25/03/2025	22	25/03/2025	18	HAE	-1,4	0	-8,5	0	59,0	0	11,0	0	350,0	0	962,0	0	724,0	ERA5
1062719	25/03/2025	23	25/03/2025	19	HAE	-2,1	0	-8,9	0	60,0	0	15,0	0	340,0	0	963,0	0	269,6	ERA5
1062720	26/03/2025	00	25/03/2025	20	HAE	-2,6	0	-8,8	0	63,0	0	9,0	0	340,0	0	964,0	0	7,2	ERA5
1062721	26/03/2025	01	25/03/2025	21	HAE	-3,0	0	-9,3	0	62,0	0	9,0	0	330,0	0	964,0	0	0,0	ERA5
1062722	26/03/2025	02	25/03/2025	22	HAE	-4,0	0	-10,3	0	62,0	0	13,0	0	330,0	0	965,0	0	0,0	ERA5
1062723	26/03/2025	03	25/03/2025	23	HAE	-5,0	0	-11,6	0	60,0	0	15,0	0	350,0	0	965,0	0	0,0	ERA5
1062724	26/03/2025	04	26/03/2025	00	HAE	-7,5	0	-13,0	0	65,0	0	9,0	0	350,0	0	965,0	0	0,0	ERA5
1062725	26/03/2025	05	26/03/2025	01	HAE	-9,1	0	-13,3	0	72,0	0	5,0	0	320,0	0	966,0	0	0,0	ERA5
1062726	26/03/2025	06	26/03/2025	02	HAE	-11,8	0	-15,2	0	76,0	0	11,0	0	330,0	0	966,0	0	0,0	ERA5
1062727	26/03/2025	07	26/03/2025	03	HAE	-12,7	0	-15,6	0	79,0	0	9,0	0	320,0	0	966,0	0	0,0	ERA5
1062728	26/03/2025	08	26/03/2025	04	HAE	-15,2	0	-17,5	0	83,0	0	11,0	0	320,0	0	966,0	0	0,0	ERA5
1062729	26/03/2025	09	26/03/2025	05	HAE	-15,7	0	-18,4	0	80,0	0	8,0	0	340,0	0	966,0	0	0,0	ERA5
1062730	26/03/2025	10	26/03/2025	06	HAE	-15,7	0	-18,2	0	81,0	0	9,0	0	310,0	0	967,0	0	0,0	ERA5
1062731	26/03/2025	11	26/03/2025	07	HAE	-18,4	0	-20,2	0	86,0	0	0,0	0	0,0	0	967,0	0	2,2	ERA5
1062732	26/03/2025	12	26/03/2025	08	HAE	-16,2	0	-18,9	0	80,0	0	8,0	0	320,0	0	968,0	0	233,6	ERA5
1062733	26/03/2025	13	26/03/2025	09	HAE	-11,7	0	-18,2	0	59,0	0	4,0	0	0,0	0	968,0	0	806,6	ERA5
1062734	26/03/2025	14	26/03/2025	10	HAE	-7,8	0	-17,5	0	46,0	0	8,0	0	330,0	0	968,0	0	1251,5	ERA5
1062735	26/03/2025	15	26/03/2025	11	HAE	-5,8	0	-17,7	0	39,0	0	13,0	0	350,0	0	968,0	0	1728,5	ERA5
1062736	26/03/2025	16	26/03/2025	12	HAE	-4,3	0	-20,2	0	28,0	0	11,0	0	300,0	0	968,0	0	1872,2	ERA5
1062737	26/03/2025	17	26/03/2025	13	HAE	-3,1	0	-21,1	0	24,0	0	13,0	0	300,0	0	968,0	0	1959,3	ERA5
1062738	26/03/2025	18	26/03/2025	14	HAE	-2,3	0	-21,6	0	22,0	0	13,0	0	330,0	0	968,0	0	2276,5	ERA5
1062739	26/03/2025	19	26/03/2025	15	HAE	-2,3	0	-20,9	0	23,0	0	5,0	0	20,0	0	968,0	0	2347,2	ERA5
1062740	26/03/2025	20	26/03/2025	16	HAE	-1,6	0	-20,6	0	22,0	0	15,0	0	330,0	0	968,0	0	1975,5	ERA5
1062741	26/03/2025	21	26/03/2025	17	HAE	-1,5	0	-20,8	0	22,0	0	8,0	0	330,0	0	968,0	0	1470,8	ERA5
1062742	26/03/2025	22	26/03/2025	18	HAE	-2,0	0	-19,8	0	25,0	0	15,0	0	360,0	0	968,0	0	846,2	ERA5
1062743	26/03/2025	23	26/03/2025	19	HAE	-3,6	0	-19,1	0	30,0	0	8,0	0	20,0	0	969,0	0	310,9	ERA5
1062744	27/03/2025	00	26/03/2025	20	HAE	-4,5	0	-17,8	0	35,0	0	5,0	0	320,0	0	969,0	0	10,9	ERA5
1062745	27/03/2025	01	26/03/2025	21	HAE	-8,8	0	-17,1	0	51,0	0	5,0	0	320,0	0	969,0	0	0,0	ERA5
1062746	27/03/2025	02	26/03/2025	22	HAE	-10,2	0	-17,2	0	57,0	0	0,0	0	0,0	0	969,0	0	0,0	ERA5
1062747	27/03/2025	03	26/03/2025	23	HAE	-11,6	0	-18,2	0	58,0	0	0,0	0	0,0	0	969,0	0	0,0	ERA5
1062748	27/03/2025	04	27/03/2025	00	HAE	-14,9	0	-19,4	0	69,0	0	0,0	0	0,0	0	969,0	0	0,0	ERA5
1062749	27/03/2025	05	27/03/2025	01	HAE	-15,5	0	-19,5	0	72,0	0	0,0	0	0,0	0	969,0	0	0,0	ERA5
1062750	27/03/2025	06	27/03/2025	02	HAE	-16,3	0	-20,1	0	73,0	0	0,0	0	0,0	0	969,0	0	0,0	ERA5
1062751	27/03/2025	07	27/03/2025	03	HAE	-18,1	0	-21,4	0	76,0	0	4,0	0	50,0	0	969,0	0	0,0	ERA5
1062752	27/03/2025	08	27/03/2025	04	HAE	-20,2	0	-22,7	0	81,0	0	4,0	0	180,0	0	969,0	0	0,0	ERA5
1062753	27/03/2025	09	27/03/2025	05	HAE	-19,4	0	-22,8	0	75,0	0	0,0	0	0,0	0	969,0	0	0,0	ERA5
1062754	27/03/2025	10	27/03/2025	06	HAE	-19,9	0	-23,1	0	76,0	0	0,0	0	0,0	0	968,0	0	0,0	ERA5
1062755	27/03/2025	11	27/03/2025	07	HAE	-20,5	0	-23,6	0	77,0	0	0,0	0	0,0	0	968,0	0	3,8	ERA5
1062756	27/03/2025	12	27/03/2025	08	HAE	-17,6	0	-21,5	0	72,0	0	0,0	0	0,0	0	968,0	0	310,2	ERA5
1062757	27/03/2025	13	27/03/2025	09	HAE	-9,6	0	-19,0	0	47,0	0	9,0	0	140,0	0	968,0	0	937,0	ERA5
1062758	27/03/2025	14	27/03/2025	10	HAE	-4,6	0	-15,9	0	41,0	0	15,0	0	150,0	0	967,0	0	1548,3	ERA5
1062759	27/03/2025	15	27/03/2025	11	HAE	-1,0	0	-13,0	0	40,0	0	18,0	0	160,0	0	966,0	0	2068,6	ERA5
1062760	27/03/2025	16	27/03/2025	12	HAE	1,3	0	-9,6	0	44,0	0	30,0	0	170,0	0	965,0	0	2422,9	ERA5
1062761	27/03/2025	17	27/03/2025	13	HAE	1,8	0	-8,8	0	45,0	0	32,0	0	200,0	0	964,0	0	2636,1	ERA5
1062762	27/03/2025	18	27/03/2025	14	HAE	2,8	0	-8,7	0	43,0	0	30,0	0	210,0	0	963,0	0	2431,1	ERA5
1062763	27/03/2025	19	27/03/2025	15	HAE	2,8	0	-7,7	0	46,0	0	30,0	0	210,0	0	963,0	0	1903,6	ERA5
1062764	27/03/2025	20	27/03/2025	16	HAE	1,6	0	-5,2	0	61,0	0	37,0	0	220,0	0	963,0	0	1289,5	ERA5
1062765	27/03/2025	21	27/03/2025	17	HAE	-1,3	0	-2,3	0	93,0	0	21,0	0	260,0	0	963,0	0	649,1	ERA5
1062766	27/03/2025	22	27/03/2025	18	HAE	-2,5	0	-3,6	0	92,0	0	11,0	0	270,0	0	963,0	0	283,1	ERA5
1062767	27/03/2025	23	27/03/2025	19	HAE	-5,2	0	-6,6	0	90,0	0	22,0	0	320,0	0	964,0	0	134,6	ERA5
1062768	28/03/2025	00	27/03/2025	20	HAE	-8,5	0	-10,3	0	87,0	0	21,0	0	310,0	0	965,0	0	7,6	ERA5
1062769	28/03/2025	01	27/03/2025	21	HAE	-10,1	0	-12,1	0	85,0	0	21,0	0	310,0	0	966,0	0	0,0	ERA5
1062770	28/03/2025	02	27/03/2025	22	HAE	-12,1	0	-14,4	0	83,0	0	22,0	0	310,0	0	967,0	0	0,0	ERA5
1062771	28/03/2025	03	27/03/2025	23	HAE	-13,2	0	-15,2	0	85,0	0	15,0	0	290,0	0	968,0	0	0,0	ERA5
1062772	28/03/2025	04	28/03/2025	00	HAE	-14,7	0	-17,5	0	79,0	0	21,0	0	300,0	0	969,0	0	0,0	ERA5
1062773	28/03/2025	05	28/03/2025	01	HAE	-16,3	0	-18,8	0	81,0	0	26,0	0	330,0	0	969,0	0	0,0	ERA5
1062774	28/03/2025	06	28/03/2025	02	HAE	-16,7	0	-19,0	0	83,0	0	15,0	0	320,0	0	970,0	0	0,0	ERA5
1062775	28/03/2025	07	28/03/2025	03	HAE	-18,0	0	-20,4	0	82,0	0	21,0	0	310,0	0	971,0	0	0,0	ERA5
1062776	28/03/2025	08	28/03/2025	04	HAE	-18,4	0	-20,8	0	82,0	0	17,0	0	300,0	0	971,0	0	0,0	ERA5
1062777	28/03/2025	09	28/03/2025	05	HAE	-18,3	0	-20,7	0	82,0	0	21,0	0	310,0	0	972,0	0	0,0	ERA5
1062778	28/03/2025	10	28/03/2025	06	HAE	-18,4	0	-20,9	0	81,0	0	15,0	0	310,0	0	972,0	0	0,0	ERA5
1062779	28/03/2025	11	28/03/2025	07	HAE	-18,6	0	-21,5	0	78,0	0	9,0	0	300,0	0	973,0	0	4,1	ERA5
1062780	28/03/2025	12	28/03/2025	08	HAE	-18,3	0	-21,3	0	78,0	0	9,0	0	300,0	0	973,0	0	223,1	ERA5
1062781	28/03/2025	13	28/03/2025	09	HAE	-17,2	0	-20,6	0	75,0	0	13,0	0	320,0	0	973,0	0	705,7	ERA5
1062782	28/03/2025	14	28/03/2025	10	HAE	-16,1	0	-20,2	0	71,0	0	15,0	0	290,0	0	974,0	0	1288,5	ERA5
1062783	28/03/2025	15	28/03/2025	11	HAE	-15,3	0	-20,0	0	68,0	0	15,0	0	310,0	0	974,0	0	1832,9	ERA5
1062784	28/03/2025	16	28/03/2025	12	HAE	-14,8	0	-19,9	0	66,0	0	11,0	0	240,0	0	973,0	0	2122,1	ERA5
1062785	28/03/2025	17	28/03/2025	13	HAE	-13,9	0	-19,5	0	63,0	0	13,0	0	250,0	0	973,0	0	2407,2	ERA5
1062786	28/03/2025	18	28/03/2025	14	HAE	-12,7	0	-18,6	0	62,0	0	15,0	0	310,0	0	973,0	0	2535,4	ERA5
1062787	28/03/2025	19	28/03/2025	15	HAE	-11,9	0	-18,8	0	57,0	0	17,0	0	260,0	0	973,0	0	2363,6	ERA5
1062788	28/03/2025	20	28/03/2025	16	HAE	-11,3	0	-18,9	0	54,0	0	15,0	0	300,0	0	973,0	0	2116,0	ERA5
1062789	28/03/2025	21	28/03/2025	17	HAE	-10,7	0	-18,8	0	52,0	0	13,0	0	300,0	0	973,0	0	1474,0	ERA5
1062790	28/03/2025	22	28/03/2025	18	HAE	-10,5	0	-19,0	0	50,0	0	9,0	0	310,0	0	973,0	0	933,6	ERA5
1062791	28/03/2025	23	28/03/2025	19	HAE	-10,9	0	-19,2	0	51,0	0	5,0	0	270,0	0	974,0	0	342,2	ERA5
1062792	29/03/2025	00	28/03/2025	20	HAE	-14,1	0	-18,8	0	68,0	0	4,0	0	290,0	0	974,0	0	16,7	ERA5
1062793	29/03/2025	01	28/03/2025	21	HAE	-20,4	0	-24,1	0	73,0	0	5,0	0	200,0	0	974,0	0	0,0	ERA5
1062794	29/03/2025	02	28/03/2025	22	HAE	-18,6	0	-21,4	0	79,0	0	0,0	0	0,0	0	974,0	0	0,0	ERA5
1062795	29/03/2025	03	28/03/2025	23	HAE	-19,5	0	-23,0	0	74,0	0	8,0	0	320,0	0	974,0	0	0,0	ERA5
1062796	29/03/2025	04	29/03/2025	00	HAE	-21,4	0	-24,6	0	76,0	0	8,0	0	340,0	0	974,0	0	0,0	ERA5
1062797	29/03/2025	05	29/03/2025	01	HAE	-24,9	0	-27,7	0	78,0	0	0,0	0	0,0	0	974,0	0	0,0	ERA5
1062798	29/03/2025	06	29/03/2025	02	HAE	-27,4	0	-30,6	0	75,0	0	5,0	0	190,0	0	974,0	0	0,0	ERA5
1062799	29/03/2025	07	29/03/2025	03	HAE	-25,7	0	-28,6	0	78,0	0	0,0	0	0,0	0	974,0	0	0,0	ERA5
1062800	29/03/2025	08	29/03/2025	04	HAE	-26,7	0	-29,6	0	77,0	0	4,0	0	360,0	0	975,0	0	0,0	ERA5
1062801	29/03/2025	09	29/03/2025	05	HAE	-28,1	0	-31,0	0	77,0	0	4,0	0	360,0	0	975,0	0	0,0	ERA5
1062802	29/03/2025	10	29/03/2025	06	HAE	-27,2	0	-30,0	0	78,0	0	0,0	0	0,0	0	976,0	0	0,0	ERA5
1062803	29/03/2025	11	29/03/2025	07	HAE	-26,8	0	-28,7	0	84,0	0	0,0	0	0,0	0	976,0	0	9,1	ERA5
1062804	29/03/2025	12	29/03/2025	08	HAE	-24,4	0	-27,0	0	79,0	0	0,0	0	0,0	0	977,0	0	365,4	ERA5
1062805	29/03/2025	13	29/03/2025	09	HAE	-17,4	0	-21,0	0	74,0	0	5,0	0	60,0	0	977,0	0	1009,2	ERA5
1062806	29/03/2025	14	29/03/2025	10	HAE	-14,2	0	-20,2	0	61,0	0	11,0	0	100,0	0	977,0	0	1682,6	ERA5
1062807	29/03/2025	15	29/03/2025	11	HAE	-12,6	0	-19,9	0	55,0	0	0,0	0	0,0	0	978,0	0	2228,9	ERA5
1062808	29/03/2025	16	29/03/2025	12	HAE	-10,5	0	-19,7	0	47,0	0	9,0	0	10,0	0	978,0	0	2606,5	ERA5
1062809	29/03/2025	17	29/03/2025	13	HAE	-9,1	0	-19,6	0	43,0	0	13,0	0	340,0	0	977,0	0	2797,1	ERA5
1062810	29/03/2025	18	29/03/2025	14	HAE	-7,8	0	-19,3	0	40,0	0	9,0	0	360,0	0	977,0	0	2843,9	ERA5
1062811	29/03/2025	19	29/03/2025	15	HAE	-7,1	0	-21,3	0	32,0	0	9,0	0	10,0	0	977,0	0	2646,9	ERA5
1062812	29/03/2025	20	29/03/2025	16	HAE	-6,2	0	-20,7	0	31,0	0	5,0	0	330,0	0	977,0	0	2263,6	ERA5
1062813	29/03/2025	21	29/03/2025	17	HAE	-6,3	0	-19,5	0	35,0	0	5,0	0	350,0	0	977,0	0	1725,0	ERA5
1062814	29/03/2025	22	29/03/2025	18	HAE	-6,9	0	-22,6	0	28,0	0	13,0	0	40,0	0	977,0	0	1082,4	ERA5
1062815	29/03/2025	23	29/03/2025	19	HAE	-7,6	0	-22,0	0	31,0	0	11,0	0	20,0	0	977,0	0	424,6	ERA5
1062816	30/03/2025	00	29/03/2025	20	HAE	-10,3	0	-21,5	0	40,0	0	8,0	0	10,0	0	978,0	0	20,4	ERA5
1062817	30/03/2025	01	29/03/2025	21	HAE	-15,4	0	-23,2	0	52,0	0	9,0	0	10,0	0	978,0	0	0,0	ERA5
1062818	30/03/2025	02	29/03/2025	22	HAE	-13,5	0	-21,1	0	53,0	0	11,0	0	30,0	0	978,0	0	0,0	ERA5
1062819	30/03/2025	03	29/03/2025	23	HAE	-13,4	0	-21,7	0	50,0	0	8,0	0	30,0	0	978,0	0	0,0	ERA5
1062820	30/03/2025	04	30/03/2025	00	HAE	-17,9	0	-23,6	0	62,0	0	5,0	0	60,0	0	978,0	0	0,0	ERA5
1062821	30/03/2025	05	30/03/2025	01	HAE	-15,7	0	-22,2	0	58,0	0	4,0	0	70,0	0	978,0	0	0,0	ERA5
1062822	30/03/2025	06	30/03/2025	02	HAE	-19,2	0	-23,6	0	69,0	0	4,0	0	60,0	0	978,0	0	0,0	ERA5
1062823	30/03/2025	07	30/03/2025	03	HAE	-20,5	0	-23,1	0	80,0	0	4,0	0	50,0	0	978,0	0	0,0	ERA5
1062824	30/03/2025	08	30/03/2025	04	HAE	-22,3	0	-26,4	0	70,0	0	8,0	0	360,0	0	978,0	0	0,0	ERA5
1062825	30/03/2025	09	30/03/2025	05	HAE	-21,5	0	-25,1	0	73,0	0	9,0	0	40,0	0	978,0	0	0,0	ERA5
1062826	30/03/2025	10	30/03/2025	06	HAE	-22,6	0	-25,9	0	75,0	0	0,0	0	0,0	0	978,0	0	0,0	ERA5
1062827	30/03/2025	11	30/03/2025	07	HAE	-23,1	0	-25,9	0	78,0	0	5,0	0	60,0	0	978,0	0	10,2	ERA5
1062828	30/03/2025	12	30/03/2025	08	HAE	-18,1	0	-22,2	0	71,0	0	5,0	0	70,0	0	979,0	0	284,6	ERA5
1062829	30/03/2025	13	30/03/2025	09	HAE	-13,4	0	-21,3	0	52,0	0	9,0	0	70,0	0	978,0	0	778,6	ERA5
1062830	30/03/2025	14	30/03/2025	10	HAE	-10,5	0	-20,3	0	45,0	0	13,0	0	50,0	0	978,0	0	1444,9	ERA5
1062831	30/03/2025	15	30/03/2025	11	HAE	-8,0	0	-19,6	0	39,0	0	11,0	0	60,0	0	977,0	0	2011,4	ERA5
1062832	30/03/2025	16	30/03/2025	12	HAE	-6,2	0	-19,9	0	33,0	0	15,0	0	50,0	0	976,0	0	2448,5	ERA5
1062833	30/03/2025	17	30/03/2025	13	HAE	-5,2	0	-21,0	0	28,0	0	15,0	0	50,0	0	975,0	0	2389,1	ERA5
1062834	30/03/2025	18	30/03/2025	14	HAE	-4,3	0	-20,6	0	27,0	0	18,0	0	60,0	0	974,0	0	2151,8	ERA5
1062835	30/03/2025	19	30/03/2025	15	HAE	-3,7	0	-19,9	0	28,0	0	17,0	0	80,0	0	974,0	0	1538,4	ERA5
1062836	30/03/2025	20	30/03/2025	16	HAE	-3,3	0	-20,0	0	27,0	0	13,0	0	70,0	0	974,0	0	1366,3	ERA5
1062837	30/03/2025	21	30/03/2025	17	HAE	-3,4	0	-19,0	0	29,0	0	18,0	0	50,0	0	972,0	0	1059,7	ERA5
1062838	30/03/2025	22	30/03/2025	18	HAE	-3,2	0	-18,1	0	31,0	0	15,0	0	60,0	0	972,0	0	588,1	ERA5
1062839	30/03/2025	23	30/03/2025	19	HAE	-3,4	0	-17,2	0	34,0	0	15,0	0	60,0	0	971,0	0	189,7	ERA5
1062840	31/03/2025	00	30/03/2025	20	HAE	-3,9	0	-16,8	0	37,0	0	15,0	0	60,0	0	971,0	0	8,9	ERA5
1062841	31/03/2025	01	30/03/2025	21	HAE	-4,0	0	-13,9	0	47,0	0	17,0	0	120,0	0	970,0	0	0,0	ERA5
1062842	31/03/2025	02	30/03/2025	22	HAE	-5,9	0	-8,5	0	82,0	0	15,0	0	110,0	0	969,0	0	0,0	ERA5
1062843	31/03/2025	03	30/03/2025	23	HAE	-6,2	0	-7,9	0	88,0	0	15,0	0	80,0	0	968,0	0	0,0	ERA5
1062844	31/03/2025	04	31/03/2025	00	HAE	-6,4	0	-7,6	0	91,0	0	11,0	0	50,0	0	967,0	0	0,0	ERA5
1062845	31/03/2025	05	31/03/2025	01	HAE	-6,2	0	-7,7	0	89,0	0	17,0	0	60,0	0	965,0	0	0,0	ERA5
1062846	31/03/2025	06	31/03/2025	02	HAE	-6,2	0	-7,7	0	89,0	0	18,0	0	50,0	0	964,0	0	0,0	ERA5
1062847	31/03/2025	07	31/03/2025	03	HAE	-6,1	0	-7,2	0	92,0	0	21,0	0	50,0	0	961,0	0	0,0	ERA5
1062848	31/03/2025	08	31/03/2025	04	HAE	-6,0	0	-7,1	0	92,0	0	21,0	0	60,0	0	960,0	0	0,0	ERA5
1062849	31/03/2025	09	31/03/2025	05	HAE	-5,9	0	-6,9	0	93,0	0	18,0	0	60,0	0	958,0	0	0,0	ERA5
1062850	31/03/2025	10	31/03/2025	06	HAE	-5,8	0	-6,8	0	93,0	0	21,0	0	50,0	0	957,0	0	0,0	ERA5
1062851	31/03/2025	11	31/03/2025	07	HAE	-5,7	0	-6,7	0	93,0	0	26,0	0	50,0	0	956,0	0	1,3	ERA5
1062852	31/03/2025	12	31/03/2025	08	HAE	-5,8	0	-6,9	0	92,0	0	26,0	0	50,0	0	955,0	0	30,8	ERA5
1062853	31/03/2025	13	31/03/2025	09	HAE	-5,7	0	-7,1	0	90,0	0	24,0	0	60,0	0	954,0	0	164,8	ERA5
1062854	31/03/2025	14	31/03/2025	10	HAE	-5,5	0	-6,9	0	90,0	0	21,0	0	50,0	0	952,0	0	442,6	ERA5
1062855	31/03/2025	15	31/03/2025	11	HAE	-5,2	0	-6,6	0	90,0	0	22,0	0	50,0	0	952,0	0	411,0	ERA5
1062856	31/03/2025	16	31/03/2025	12	HAE	-5,1	0	-6,4	0	91,0	0	22,0	0	50,0	0	950,0	0	512,3	ERA5
1062857	31/03/2025	17	31/03/2025	13	HAE	-4,3	0	-5,9	0	89,0	0	18,0	0	40,0	0	950,0	0	1021,3	ERA5
1062858	31/03/2025	18	31/03/2025	14	HAE	-3,5	0	-5,4	0	87,0	0	15,0	0	10,0	0	950,0	0	763,4	ERA5
1062859	31/03/2025	19	31/03/2025	15	HAE	-3,4	0	-5,8	0	83,0	0	13,0	0	360,0	0	949,0	0	910,1	ERA5
1062860	31/03/2025	20	31/03/2025	16	HAE	-3,3	0	-6,1	0	81,0	0	17,0	0	350,0	0	950,0	0	759,4	ERA5
1062861	31/03/2025	21	31/03/2025	17	HAE	-3,4	0	-6,4	0	80,0	0	18,0	0	340,0	0	951,0	0	724,6	ERA5
1062862	31/03/2025	22	31/03/2025	18	HAE	-3,7	0	-6,5	0	81,0	0	15,0	0	310,0	0	952,0	0	456,6	ERA5
1062863	31/03/2025	23	31/03/2025	19	HAE	-4,4	0	-6,9	0	83,0	0	13,0	0	310,0	0	953,0	0	241,5	ERA5
1062864	01/04/2025	00	31/03/2025	20	HAE	-5,1	0	-7,6	0	83,0	0	13,0	0	320,0	0	954,0	0	16,3	ERA5
1062865	01/04/2025	01	31/03/2025	21	HAE	-5,5	0	-7,3	0	87,0	0	13,0	0	290,0	0	955,0	0	0,0	ERA5
1062866	01/04/2025	02	31/03/2025	22	HAE	-6,1	0	-7,8	0	88,0	0	13,0	0	290,0	0	956,0	0	0,0	ERA5
1062867	01/04/2025	03	31/03/2025	23	HAE	-6,3	0	-7,8	0	89,0	0	15,0	0	300,0	0	956,0	0	0,0	ERA5
1062868	01/04/2025	04	01/04/2025	00	HAE	-6,8	0	-8,2	0	90,0	0	15,0	0	290,0	0	956,0	0	0,0	ERA5
1062869	01/04/2025	05	01/04/2025	01	HAE	-7,4	0	-8,9	0	89,0	0	18,0	0	300,0	0	957,0	0	0,0	ERA5
1062870	01/04/2025	06	01/04/2025	02	HAE	-8,7	0	-10,7	0	85,0	0	17,0	0	290,0	0	958,0	0	0,0	ERA5
1062871	01/04/2025	07	01/04/2025	03	HAE	-9,1	0	-10,7	0	88,0	0	13,0	0	280,0	0	959,0	0	0,0	ERA5
1062872	01/04/2025	08	01/04/2025	04	HAE	-10,0	0	-11,8	0	87,0	0	18,0	0	280,0	0	960,0	0	0,0	ERA5
1062873	01/04/2025	09	01/04/2025	05	HAE	-10,9	0	-13,1	0	84,0	0	21,0	0	290,0	0	960,0	0	0,0	ERA5
1062874	01/04/2025	10	01/04/2025	06	HAE	-11,5	0	-13,5	0	85,0	0	17,0	0	270,0	0	961,0	0	0,0	ERA5
1062875	01/04/2025	11	01/04/2025	07	HAE	-13,0	0	-15,0	0	85,0	0	18,0	0	270,0	0	962,0	0	14,9	ERA5
1062876	01/04/2025	12	01/04/2025	08	HAE	-12,9	0	-15,7	0	80,0	0	15,0	0	280,0	0	963,0	0	309,4	ERA5
1062877	01/04/2025	13	01/04/2025	09	HAE	-13,1	0	-16,6	0	76,0	0	24,0	0	300,0	0	964,0	0	898,3	ERA5
1062878	01/04/2025	14	01/04/2025	10	HAE	-12,3	0	-16,4	0	72,0	0	22,0	0	280,0	0	965,0	0	1378,5	ERA5
1062879	01/04/2025	15	01/04/2025	11	HAE	-11,5	0	-15,9	0	70,0	0	26,0	0	290,0	0	967,0	0	1868,1	ERA5
1062880	01/04/2025	16	01/04/2025	12	HAE	-10,9	0	-15,8	0	68,0	0	28,0	0	290,0	0	967,0	0	2366,9	ERA5
1062881	01/04/2025	17	01/04/2025	13	HAE	-10,2	0	-15,4	0	66,0	0	32,0	0	280,0	0	968,0	0	2360,6	ERA5
1062882	01/04/2025	18	01/04/2025	14	HAE	-9,2	0	-15,4	0	61,0	0	28,0	0	310,0	0	970,0	0	2521,3	ERA5
1062883	01/04/2025	19	01/04/2025	15	HAE	-9,2	0	-17,8	0	50,0	0	22,0	0	290,0	0	971,0	0	2477,4	ERA5
1062884	01/04/2025	20	01/04/2025	16	HAE	-9,3	0	-19,1	0	45,0	0	32,0	0	300,0	0	972,0	0	2116,8	ERA5
1062885	01/04/2025	21	01/04/2025	17	HAE	-9,4	0	-19,8	0	43,0	0	28,0	0	300,0	0	973,0	0	1648,2	ERA5
1062886	01/04/2025	22	01/04/2025	18	HAE	-9,9	0	-19,8	0	45,0	0	30,0	0	310,0	0	974,0	0	1092,7	ERA5
1062887	01/04/2025	23	01/04/2025	19	HAE	-10,7	0	-19,2	0	50,0	0	15,0	0	300,0	0	975,0	0	468,7	ERA5
1062888	02/04/2025	00	01/04/2025	20	HAE	-12,1	0	-19,6	0	54,0	0	11,0	0	300,0	0	976,0	0	30,7	ERA5
1062889	02/04/2025	01	01/04/2025	21	HAE	-13,1	0	-19,3	0	60,0	0	11,0	0	300,0	0	977,0	0	0,0	ERA5
1062890	02/04/2025	02	01/04/2025	22	HAE	-14,0	0	-19,8	0	62,0	0	15,0	0	290,0	0	978,0	0	0,0	ERA5
1062891	02/04/2025	03	01/04/2025	23	HAE	-15,0	0	-20,0	0	66,0	0	8,0	0	280,0	0	979,0	0	0,0	ERA5
1062892	02/04/2025	04	02/04/2025	00	HAE	-16,6	0	-21,0	0	69,0	0	9,0	0	260,0	0	980,0	0	0,0	ERA5
1062893	02/04/2025	05	02/04/2025	01	HAE	-21,3	0	-24,2	0	78,0	0	8,0	0	230,0	0	981,0	0	0,0	ERA5
1062894	02/04/2025	06	02/04/2025	02	HAE	-22,7	0	-25,6	0	78,0	0	5,0	0	230,0	0	982,0	0	0,0	ERA5
1062895	02/04/2025	07	02/04/2025	03	HAE	-22,6	0	-25,0	0	81,0	0	4,0	0	250,0	0	982,0	0	0,0	ERA5
1062896	02/04/2025	08	02/04/2025	04	HAE	-23,6	0	-26,1	0	80,0	0	0,0	0	0,0	0	982,0	0	0,0	ERA5
1062897	02/04/2025	09	02/04/2025	05	HAE	-24,5	0	-26,8	0	82,0	0	4,0	0	200,0	0	983,0	0	0,0	ERA5
1062898	02/04/2025	10	02/04/2025	06	HAE	-25,8	0	-28,3	0	80,0	0	0,0	0	0,0	0	983,0	0	0,0	ERA5
1062899	02/04/2025	11	02/04/2025	07	HAE	-27,2	0	-29,8	0	79,0	0	5,0	0	180,0	0	984,0	0	25,2	ERA5
1062900	02/04/2025	12	02/04/2025	08	HAE	-22,0	0	-24,0	0	84,0	0	0,0	0	0,0	0	985,0	0	443,4	ERA5
1062901	02/04/2025	13	02/04/2025	09	HAE	-17,9	0	-20,4	0	81,0	0	4,0	0	190,0	0	985,0	0	1102,9	ERA5
1062902	02/04/2025	14	02/04/2025	10	HAE	-13,1	0	-18,2	0	66,0	0	5,0	0	160,0	0	986,0	0	1752,4	ERA5
1062903	02/04/2025	15	02/04/2025	11	HAE	-10,3	0	-17,1	0	58,0	0	8,0	0	140,0	0	984,0	0	2294,8	ERA5
1062904	02/04/2025	16	02/04/2025	12	HAE	-8,7	0	-17,6	0	49,0	0	0,0	0	0,0	0	984,0	0	2687,8	ERA5
1062905	02/04/2025	17	02/04/2025	13	HAE	-7,1	0	-16,7	0	47,0	0	13,0	0	130,0	0	983,0	0	2894,6	ERA5
1062906	02/04/2025	18	02/04/2025	14	HAE	-5,7	0	-16,8	0	42,0	0	13,0	0	200,0	0	983,0	0	2898,5	ERA5
1062907	02/04/2025	19	02/04/2025	15	HAE	-4,7	0	-16,0	0	41,0	0	13,0	0	130,0	0	982,0	0	2688,7	ERA5
1062908	02/04/2025	20	02/04/2025	16	HAE	-4,2	0	-16,2	0	39,0	0	17,0	0	170,0	0	982,0	0	2308,4	ERA5
1062909	02/04/2025	21	02/04/2025	17	HAE	-4,3	0	-16,2	0	39,0	0	13,0	0	140,0	0	981,0	0	1752,2	ERA5
1062910	02/04/2025	22	02/04/2025	18	HAE	-4,5	0	-16,2	0	40,0	0	15,0	0	140,0	0	980,0	0	1004,0	ERA5
1062911	02/04/2025	23	02/04/2025	19	HAE	-4,8	0	-15,4	0	44,0	0	11,0	0	100,0	0	980,0	0	362,3	ERA5
1062912	03/04/2025	00	02/04/2025	20	HAE	-5,6	0	-15,0	0	48,0	0	9,0	0	100,0	0	979,0	0	25,2	ERA5
1062913	03/04/2025	01	02/04/2025	21	HAE	-6,0	0	-14,8	0	50,0	0	13,0	0	100,0	0	978,0	0	0,0	ERA5
1062914	03/04/2025	02	02/04/2025	22	HAE	-5,8	0	-14,5	0	51,0	0	18,0	0	110,0	0	976,0	0	0,0	ERA5
1062915	03/04/2025	03	02/04/2025	23	HAE	-5,9	0	-14,3	0	52,0	0	21,0	0	100,0	0	975,0	0	0,0	ERA5
1062916	03/04/2025	04	03/04/2025	00	HAE	-6,5	0	-13,9	0	56,0	0	22,0	0	110,0	0	975,0	0	0,0	ERA5
1062917	03/04/2025	05	03/04/2025	01	HAE	-6,8	0	-14,4	0	55,0	0	18,0	0	120,0	0	973,0	0	0,0	ERA5
1062918	03/04/2025	06	03/04/2025	02	HAE	-6,9	0	-15,1	0	53,0	0	21,0	0	120,0	0	972,0	0	0,0	ERA5
1062919	03/04/2025	07	03/04/2025	03	HAE	-8,1	0	-11,8	0	75,0	0	32,0	0	130,0	0	970,0	0	0,0	ERA5
1062920	03/04/2025	08	03/04/2025	04	HAE	-8,1	0	-9,9	0	87,0	0	24,0	0	100,0	0	968,0	0	0,0	ERA5
1062921	03/04/2025	09	03/04/2025	05	HAE	-7,2	0	-8,6	0	90,0	0	24,0	0	100,0	0	966,0	0	0,0	ERA5
1062922	03/04/2025	10	03/04/2025	06	HAE	-7,0	0	-8,5	0	89,0	0	30,0	0	110,0	0	965,0	0	0,0	ERA5
1062923	03/04/2025	11	03/04/2025	07	HAE	-6,8	0	-8,5	0	88,0	0	28,0	0	110,0	0	963,0	0	7,1	ERA5
1062924	03/04/2025	12	03/04/2025	08	HAE	-6,5	0	-8,0	0	89,0	0	32,0	0	110,0	0	961,0	0	53,1	ERA5
1062925	03/04/2025	13	03/04/2025	09	HAE	-5,9	0	-7,7	0	87,0	0	28,0	0	110,0	0	959,0	0	205,3	ERA5
1062926	03/04/2025	14	03/04/2025	10	HAE	-5,3	0	-7,1	0	87,0	0	28,0	0	120,0	0	958,0	0	239,2	ERA5
1062927	03/04/2025	15	03/04/2025	11	HAE	-4,8	0	-7,0	0	85,0	0	30,0	0	120,0	0	955,0	0	571,6	ERA5
1062928	03/04/2025	16	03/04/2025	12	HAE	-4,8	0	-6,3	0	89,0	0	30,0	0	130,0	0	954,0	0	654,1	ERA5
1062929	03/04/2025	17	03/04/2025	13	HAE	-3,8	0	-5,5	0	88,0	0	28,0	0	130,0	0	952,0	0	375,2	ERA5
1062930	03/04/2025	18	03/04/2025	14	HAE	-2,9	0	-3,9	0	93,0	0	18,0	0	130,0	0	951,0	0	616,4	ERA5
1062931	03/04/2025	19	03/04/2025	15	HAE	-1,7	0	-2,3	0	96,0	0	24,0	0	140,0	0	950,0	0	673,9	ERA5
1062932	03/04/2025	20	03/04/2025	16	HAE	-0,3	0	-0,7	0	97,0	0	17,0	0	160,0	0	950,0	0	524,7	ERA5
1062933	03/04/2025	21	03/04/2025	17	HAE	0,8	0	0,7	0	99,0	0	11,0	0	170,0	0	950,0	0	331,7	ERA5
1062934	03/04/2025	22	03/04/2025	18	HAE	3,2	0	2,0	0	92,0	0	32,0	0	230,0	0	951,0	0	198,3	ERA5
1062935	03/04/2025	23	03/04/2025	19	HAE	2,7	0	2,1	0	96,0	0	15,0	0	260,0	0	953,0	0	94,9	ERA5
1062936	04/04/2025	00	03/04/2025	20	HAE	2,0	0	1,1	0	94,0	0	21,0	0	260,0	0	954,0	0	21,8	ERA5
1062937	04/04/2025	01	03/04/2025	21	HAE	1,6	0	0,4	0	92,0	0	18,0	0	250,0	0	956,0	0	0,0	ERA5
1062938	04/04/2025	02	03/04/2025	22	HAE	1,4	0	-0,2	0	89,0	0	22,0	0	260,0	0	957,0	0	0,0	ERA5
1062939	04/04/2025	03	03/04/2025	23	HAE	0,3	0	-1,9	0	85,0	0	26,0	0	260,0	0	959,0	0	0,0	ERA5
1062940	04/04/2025	04	04/04/2025	00	HAE	-0,5	0	-3,8	0	79,0	0	26,0	0	270,0	0	960,0	0	0,0	ERA5
1062941	04/04/2025	05	04/04/2025	01	HAE	-1,3	0	-4,0	0	82,0	0	22,0	0	260,0	0	961,0	0	0,0	ERA5
1062942	04/04/2025	06	04/04/2025	02	HAE	-2,5	0	-5,3	0	81,0	0	28,0	0	270,0	0	962,0	0	0,0	ERA5
1062943	04/04/2025	07	04/04/2025	03	HAE	-3,3	0	-5,5	0	85,0	0	22,0	0	270,0	0	963,0	0	0,0	ERA5
1062944	04/04/2025	08	04/04/2025	04	HAE	-3,9	0	-6,2	0	84,0	0	18,0	0	270,0	0	965,0	0	0,0	ERA5
1062945	04/04/2025	09	04/04/2025	05	HAE	-4,2	0	-7,2	0	80,0	0	17,0	0	280,0	0	966,0	0	0,0	ERA5
1062946	04/04/2025	10	04/04/2025	06	HAE	-4,8	0	-6,9	0	85,0	0	18,0	0	280,0	0	967,0	0	0,0	ERA5
1062947	04/04/2025	11	04/04/2025	07	HAE	-5,2	0	-7,2	0	86,0	0	28,0	0	280,0	0	969,0	0	14,9	ERA5
1062948	04/04/2025	12	04/04/2025	08	HAE	-5,5	0	-7,2	0	88,0	0	17,0	0	270,0	0	970,0	0	190,2	ERA5
1062949	04/04/2025	13	04/04/2025	09	HAE	-5,6	0	-7,3	0	88,0	0	18,0	0	280,0	0	971,0	0	607,7	ERA5
1062950	04/04/2025	14	04/04/2025	10	HAE	-5,0	0	-7,8	0	81,0	0	21,0	0	270,0	0	972,0	0	853,9	ERA5
1062951	04/04/2025	15	04/04/2025	11	HAE	-4,6	0	-7,7	0	79,0	0	26,0	0	290,0	0	974,0	0	1176,2	ERA5
1062952	04/04/2025	16	04/04/2025	12	HAE	-3,8	0	-8,0	0	73,0	0	21,0	0	300,0	0	975,0	0	1363,1	ERA5
1062953	04/04/2025	17	04/04/2025	13	HAE	-3,3	0	-7,9	0	71,0	0	28,0	0	300,0	0	976,0	0	1409,1	ERA5
1062954	04/04/2025	18	04/04/2025	14	HAE	-2,6	0	-7,9	0	67,0	0	24,0	0	300,0	0	977,0	0	1601,0	ERA5
1062955	04/04/2025	19	04/04/2025	15	HAE	-2,1	0	-7,6	0	66,0	0	18,0	0	300,0	0	977,0	0	1653,4	ERA5
1062956	04/04/2025	20	04/04/2025	16	HAE	-0,7	0	-7,2	0	62,0	0	21,0	0	310,0	0	977,0	0	1628,7	ERA5
1062957	04/04/2025	21	04/04/2025	17	HAE	-0,1	0	-7,2	0	59,0	0	18,0	0	270,0	0	978,0	0	1523,5	ERA5
1062958	04/04/2025	22	04/04/2025	18	HAE	0,2	0	-7,5	0	56,0	0	17,0	0	290,0	0	979,0	0	1013,6	ERA5
1062959	04/04/2025	23	04/04/2025	19	HAE	-1,35	4.lineaire	-7,3	0	58,0	0	9,0	0	290,0	0	980,0	0	439,8	ERA5
1062960	05/04/2025	00	04/04/2025	20	HAE	-2,9	0	-7,2	0	73,0	0	0,0	0	0,0	0	980,0	0	43,1	ERA5
1062961	05/04/2025	01	04/04/2025	21	HAE	-4,7	0	-8,0	0	78,0	0	4,0	0	0,0	0	981,0	0	0,0	ERA5
1062962	05/04/2025	02	04/04/2025	22	HAE	-6,6	0	-8,6	0	86,0	0	5,0	0	190,0	0	982,0	0	0,0	ERA5
1062963	05/04/2025	03	04/04/2025	23	HAE	-7,5	0	-8,9	0	90,0	0	4,0	0	190,0	0	981,0	0	0,0	ERA5
1062964	05/04/2025	04	05/04/2025	00	HAE	-10,2	0	-10,7	0	96,0	0	4,0	0	90,0	0	980,0	0	0,0	ERA5
1062965	05/04/2025	05	05/04/2025	01	HAE	-11,2	0	-12,2	0	92,0	0	5,0	0	90,0	0	980,0	0	0,0	ERA5
1062966	05/04/2025	06	05/04/2025	02	HAE	-10,7	0	-11,6	0	93,0	0	8,0	0	70,0	0	979,0	0	0,0	ERA5
1062967	05/04/2025	07	05/04/2025	03	HAE	-12,2	0	-13,2	0	93,0	0	0,0	0	0,0	0	980,0	0	0,0	ERA5
1062968	05/04/2025	08	05/04/2025	04	HAE	-12,5	0	-13,7	0	91,0	0	4,0	0	130,0	0	979,0	0	0,0	ERA5
1062969	05/04/2025	09	05/04/2025	05	HAE	-10,5	0	-11,6	0	92,0	0	9,0	0	130,0	0	979,0	0	0,0	ERA5
1062970	05/04/2025	10	05/04/2025	06	HAE	-10,2	0	-11,1	0	93,0	0	5,0	0	90,0	0	979,0	0	0,0	ERA5
1062971	05/04/2025	11	05/04/2025	07	HAE	-10,6	0	-11,7	0	92,0	0	4,0	0	100,0	0	978,0	0	27,8	ERA5
1062972	05/04/2025	12	05/04/2025	08	HAE	-7,7	0	-8,8	0	92,0	0	9,0	0	130,0	0	977,0	0	304,9	ERA5
1062973	05/04/2025	13	05/04/2025	09	HAE	-5,1	0	-7,7	0	82,0	0	17,0	0	130,0	0	976,0	0	751,2	ERA5
1062974	05/04/2025	14	05/04/2025	10	HAE	-2,5	0	-7,3	0	70,0	0	22,0	0	150,0	0	974,0	0	1068,2	ERA5
1062975	05/04/2025	15	05/04/2025	11	HAE	-1,4	0	-6,8	0	67,0	0	17,0	0	160,0	0	973,0	0	1367,3	ERA5
1062976	05/04/2025	16	05/04/2025	12	HAE	0,4	0	-6,3	0	61,0	0	21,0	0	160,0	0	972,0	0	1652,2	ERA5
1062977	05/04/2025	17	05/04/2025	13	HAE	1,3	0	-6,1	0	58,0	0	21,0	0	150,0	0	970,0	0	1722,7	ERA5
1062978	05/04/2025	18	05/04/2025	14	HAE	2,5	0	-5,7	0	55,0	0	22,0	0	140,0	0	967,0	0	1571,8	ERA5
1062979	05/04/2025	19	05/04/2025	15	HAE	2,8	0	-6,0	0	52,0	0	21,0	0	170,0	0	967,0	0	948,7	ERA5
1062980	05/04/2025	20	05/04/2025	16	HAE	0,1	0	-1,1	0	92,0	0	21,0	0	150,0	0	966,0	0	735,9	ERA5
1062981	05/04/2025	21	05/04/2025	17	HAE	-0,1	0	-0,5	0	97,0	0	11,0	0	140,0	0	964,0	0	265,0	ERA5
1062982	05/04/2025	22	05/04/2025	18	HAE	-0,6	0	-1,5	0	94,0	0	22,0	0	150,0	0	964,0	0	234,3	ERA5
1062983	05/04/2025	23	05/04/2025	19	HAE	-0,7	0	-1,3	0	96,0	0	17,0	0	140,0	0	962,0	0	91,9	ERA5
1062984	06/04/2025	00	05/04/2025	20	HAE	-1,4	0	-1,8	0	97,0	0	11,0	0	120,0	0	962,0	0	13,4	ERA5
1062985	06/04/2025	01	05/04/2025	21	HAE	-2,1	0	-2,7	0	96,0	0	11,0	0	130,0	0	961,0	0	0,0	ERA5
1062986	06/04/2025	02	05/04/2025	22	HAE	-2,1	0	-2,5	0	97,0	0	11,0	0	150,0	0	960,0	0	0,0	ERA5
1062987	06/04/2025	03	05/04/2025	23	HAE	-1,8	0	-2,2	0	97,0	0	13,0	0	160,0	0	959,0	0	0,0	ERA5
1062988	06/04/2025	04	06/04/2025	00	HAE	-1,2	0	-1,5	0	98,0	0	11,0	0	190,0	0	958,0	0	0,0	ERA5
1062989	06/04/2025	05	06/04/2025	01	HAE	-0,6	0	-0,9	0	98,0	0	11,0	0	210,0	0	957,0	0	0,0	ERA5
1062990	06/04/2025	06	06/04/2025	02	HAE	-0,2	0	-0,6	0	97,0	0	13,0	0	230,0	0	957,0	0	0,0	ERA5
1062991	06/04/2025	07	06/04/2025	03	HAE	-0,1	0	-0,4	0	98,0	0	15,0	0	230,0	0	956,0	0	0,0	ERA5
1062992	06/04/2025	08	06/04/2025	04	HAE	-0,5	0	-1,2	0	95,0	0	15,0	0	270,0	0	956,0	0	0,0	ERA5
1062993	06/04/2025	09	06/04/2025	05	HAE	-2,2	0	-3,5	0	91,0	0	22,0	0	290,0	0	957,0	0	0,0	ERA5
1062994	06/04/2025	10	06/04/2025	06	HAE	-3,3	0	-4,5	0	91,0	0	21,0	0	280,0	0	958,0	0	0,0	ERA5
1062995	06/04/2025	11	06/04/2025	07	HAE	-3,9	0	-5,8	0	87,0	0	17,0	0	280,0	0	959,0	0	23,8	ERA5
1062996	06/04/2025	12	06/04/2025	08	HAE	-4,3	0	-5,6	0	91,0	0	15,0	0	270,0	0	960,0	0	215,7	ERA5
1062997	06/04/2025	13	06/04/2025	09	HAE	-4,4	0	-5,8	0	90,0	0	17,0	0	290,0	0	960,0	0	637,7	ERA5
1062998	06/04/2025	14	06/04/2025	10	HAE	-4,6	0	-6,5	0	87,0	0	18,0	0	300,0	0	961,0	0	999,5	ERA5
1062999	06/04/2025	15	06/04/2025	11	HAE	-4,3	0	-7,7	0	77,0	0	18,0	0	300,0	0	962,0	0	1858,0	ERA5
1063000	06/04/2025	16	06/04/2025	12	HAE	-4,1	0	-6,3	0	85,0	0	15,0	0	280,0	0	961,0	0	2454,3	ERA5
1063001	06/04/2025	17	06/04/2025	13	HAE	-4,2	0	-6,5	0	84,0	0	18,0	0	280,0	0	962,0	0	2618,2	ERA5
1063002	06/04/2025	18	06/04/2025	14	HAE	-3,9	0	-8,2	0	72,0	0	30,0	0	290,0	0	962,0	0	2698,0	ERA5
1063003	06/04/2025	19	06/04/2025	15	HAE	-4,2	0	-9,8	0	65,0	0	24,0	0	290,0	0	963,0	0	2638,4	ERA5
1063004	06/04/2025	20	06/04/2025	16	HAE	-4,5	0	-10,0	0	66,0	0	18,0	0	280,0	0	963,0	0	2178,8	ERA5
1063005	06/04/2025	21	06/04/2025	17	HAE	-4,6	0	-9,3	0	70,0	0	21,0	0	260,0	0	963,0	0	1717,5	ERA5
1063006	06/04/2025	22	06/04/2025	18	HAE	-5,3	0	-8,3	0	80,0	0	18,0	0	310,0	0	964,0	0	1154,3	ERA5
1063007	06/04/2025	23	06/04/2025	19	HAE	-5,9	0	-9,9	0	73,0	0	15,0	0	280,0	0	965,0	0	507,9	ERA5
1063008	07/04/2025	00	06/04/2025	20	HAE	-7,2	0	-11,1	0	74,0	0	11,0	0	290,0	0	965,0	0	53,0	ERA5
1063009	07/04/2025	01	06/04/2025	21	HAE	-8,5	0	-11,2	0	81,0	0	5,0	0	300,0	0	966,0	0	0,0	ERA5
1063010	07/04/2025	02	06/04/2025	22	HAE	-13,2	0	-14,4	0	91,0	0	0,0	0	0,0	0	966,0	0	0,0	ERA5
1063011	07/04/2025	03	06/04/2025	23	HAE	-11,5	0	-13,0	0	89,0	0	4,0	0	290,0	0	965,0	0	0,0	ERA5
1063012	07/04/2025	04	07/04/2025	00	HAE	-10,8	0	-12,9	0	85,0	0	5,0	0	300,0	0	965,0	0	0,0	ERA5
1063013	07/04/2025	05	07/04/2025	01	HAE	-12,3	0	-14,0	0	87,0	0	4,0	0	250,0	0	965,0	0	0,0	ERA5
1063014	07/04/2025	06	07/04/2025	02	HAE	-13,8	0	-15,0	0	91,0	0	0,0	0	0,0	0	964,0	0	0,0	ERA5
1063015	07/04/2025	07	07/04/2025	03	HAE	-15,6	0	-16,8	0	91,0	0	0,0	0	0,0	0	964,0	0	0,0	ERA5
1063016	07/04/2025	08	07/04/2025	04	HAE	-15,2	0	-16,6	0	89,0	0	8,0	0	260,0	0	964,0	0	0,0	ERA5
1063017	07/04/2025	09	07/04/2025	05	HAE	-11,9	0	-13,8	0	86,0	0	8,0	0	260,0	0	964,0	0	0,0	ERA5
1063018	07/04/2025	10	07/04/2025	06	HAE	-12,2	0	-13,9	0	87,0	0	4,0	0	290,0	0	964,0	0	0,0	ERA5
1063019	07/04/2025	11	07/04/2025	07	HAE	-12,4	0	-14,0	0	88,0	0	4,0	0	300,0	0	964,0	0	43,5	ERA5
1063020	07/04/2025	12	07/04/2025	08	HAE	-11,5	0	-13,3	0	87,0	0	8,0	0	310,0	0	965,0	0	404,5	ERA5
1063021	07/04/2025	13	07/04/2025	09	HAE	-10,8	0	-13,3	0	82,0	0	4,0	0	0,0	0	965,0	0	962,3	ERA5
1063022	07/04/2025	14	07/04/2025	10	HAE	-9,2	0	-13,4	0	72,0	0	8,0	0	340,0	0	965,0	0	1593,7	ERA5
1063023	07/04/2025	15	07/04/2025	11	HAE	-8,0	0	-13,0	0	67,0	0	11,0	0	0,0	0	964,0	0	2044,9	ERA5
1063024	07/04/2025	16	07/04/2025	12	HAE	-7,3	0	-12,5	0	66,0	0	9,0	0	310,0	0	964,0	0	2182,4	ERA5
1063025	07/04/2025	17	07/04/2025	13	HAE	-7,3	0	-13,1	0	64,0	0	9,0	0	210,0	0	963,0	0	2213,8	ERA5
1063026	07/04/2025	18	07/04/2025	14	HAE	-6,4	0	-12,8	0	61,0	0	11,0	0	300,0	0	963,0	0	2304,4	ERA5
1063027	07/04/2025	19	07/04/2025	15	HAE	-5,5	0	-13,4	0	54,0	0	17,0	0	280,0	0	963,0	0	2288,8	ERA5
1063028	07/04/2025	20	07/04/2025	16	HAE	-5,7	0	-14,6	0	50,0	0	13,0	0	290,0	0	962,0	0	1952,2	ERA5
1063029	07/04/2025	21	07/04/2025	17	HAE	-5,1	0	-14,5	0	48,0	0	15,0	0	270,0	0	962,0	0	1599,0	ERA5
1063030	07/04/2025	22	07/04/2025	18	HAE	-6,3	0	-15,0	0	51,0	0	13,0	0	290,0	0	962,0	0	1167,2	ERA5
1063031	07/04/2025	23	07/04/2025	19	HAE	-8,1	0	-14,6	0	60,0	0	11,0	0	320,0	0	963,0	0	560,4	ERA5
1063032	08/04/2025	00	07/04/2025	20	HAE	-10,5	0	-16,5	0	62,0	0	11,0	0	310,0	0	963,0	0	61,7	ERA5
1063033	08/04/2025	01	07/04/2025	21	HAE	-13,0	0	-18,9	0	62,0	0	15,0	0	330,0	0	964,0	0	0,0	ERA5
1063034	08/04/2025	02	07/04/2025	22	HAE	-14,2	0	-19,4	0	65,0	0	13,0	0	320,0	0	964,0	0	0,0	ERA5
1063035	08/04/2025	03	07/04/2025	23	HAE	-15,2	0	-19,7	0	69,0	0	11,0	0	320,0	0	964,0	0	0,0	ERA5
1063036	08/04/2025	04	08/04/2025	00	HAE	-16,7	0	-20,3	0	74,0	0	5,0	0	320,0	0	964,0	0	0,0	ERA5
1063037	08/04/2025	05	08/04/2025	01	HAE	-17,9	0	-20,5	0	80,0	0	4,0	0	0,0	0	964,0	0	0,0	ERA5
1063038	08/04/2025	06	08/04/2025	02	HAE	-20,0	0	-22,3	0	82,0	0	0,0	0	0,0	0	963,0	0	0,0	ERA5
1063039	08/04/2025	07	08/04/2025	03	HAE	-16,0	0	-19,5	0	75,0	0	4,0	0	330,0	0	963,0	0	0,0	ERA5
1063040	08/04/2025	08	08/04/2025	04	HAE	-15,4	0	-18,7	0	76,0	0	4,0	0	340,0	0	963,0	0	0,0	ERA5
1063041	08/04/2025	09	08/04/2025	05	HAE	-14,8	0	-18,5	0	74,0	0	11,0	0	330,0	0	963,0	0	0,0	ERA5
1063042	08/04/2025	10	08/04/2025	06	HAE	-15,1	0	-18,8	0	74,0	0	11,0	0	350,0	0	963,0	0	0,0	ERA5
1063043	08/04/2025	11	08/04/2025	07	HAE	-15,1	0	-18,3	0	77,0	0	11,0	0	350,0	0	963,0	0	51,8	ERA5
1063044	08/04/2025	12	08/04/2025	08	HAE	-14,9	0	-18,1	0	77,0	0	11,0	0	320,0	0	963,0	0	408,7	ERA5
1063045	08/04/2025	13	08/04/2025	09	HAE	-14,8	0	-17,9	0	77,0	0	15,0	0	330,0	0	963,0	0	971,5	ERA5
1063046	08/04/2025	14	08/04/2025	10	HAE	-13,9	0	-17,6	0	74,0	0	15,0	0	360,0	0	963,0	0	1501,5	ERA5
1063047	08/04/2025	15	08/04/2025	11	HAE	-12,8	0	-17,4	0	69,0	0	21,0	0	350,0	0	963,0	0	2024,3	ERA5
1063048	08/04/2025	16	08/04/2025	12	HAE	-11,1	0	-16,4	0	65,0	0	17,0	0	350,0	0	963,0	0	2472,4	ERA5
1063049	08/04/2025	17	08/04/2025	13	HAE	-9,8	0	-15,9	0	61,0	0	18,0	0	340,0	0	962,0	0	2753,7	ERA5
1063050	08/04/2025	18	08/04/2025	14	HAE	-8,7	0	-15,7	0	57,0	0	22,0	0	340,0	0	962,0	0	2766,0	ERA5
1063051	08/04/2025	19	08/04/2025	15	HAE	-7,7	0	-15,6	0	54,0	0	17,0	0	340,0	0	962,0	0	2567,7	ERA5
1063052	08/04/2025	20	08/04/2025	16	HAE	-6,8	0	-15,2	0	52,0	0	17,0	0	310,0	0	962,0	0	2199,6	ERA5
1063053	08/04/2025	21	08/04/2025	17	HAE	-6,2	0	-15,3	0	49,0	0	17,0	0	330,0	0	962,0	0	1605,1	ERA5
1063054	08/04/2025	22	08/04/2025	18	HAE	-5,6	0	-14,2	0	51,0	0	26,0	0	330,0	0	962,0	0	1114,6	ERA5
1063055	08/04/2025	23	08/04/2025	19	HAE	-7,0	0	-14,4	0	56,0	0	17,0	0	320,0	0	963,0	0	445,9	ERA5
1063056	09/04/2025	00	08/04/2025	20	HAE	-7,9	0	-14,0	0	62,0	0	13,0	0	320,0	0	963,0	0	55,6	ERA5
1063057	09/04/2025	01	08/04/2025	21	HAE	-8,5	0	-13,6	0	67,0	0	18,0	0	310,0	0	964,0	0	0,0	ERA5
1063058	09/04/2025	02	08/04/2025	22	HAE	-9,3	0	-13,8	0	70,0	0	21,0	0	300,0	0	964,0	0	0,0	ERA5
1063059	09/04/2025	03	08/04/2025	23	HAE	-10,6	0	-14,9	0	71,0	0	21,0	0	290,0	0	965,0	0	0,0	ERA5
1063060	09/04/2025	04	09/04/2025	00	HAE	-11,8	0	-16,2	0	70,0	0	15,0	0	280,0	0	965,0	0	0,0	ERA5
1063061	09/04/2025	05	09/04/2025	01	HAE	-14,1	0	-17,5	0	76,0	0	15,0	0	280,0	0	965,0	0	0,0	ERA5
1063062	09/04/2025	06	09/04/2025	02	HAE	-15,0	0	-17,6	0	81,0	0	15,0	0	290,0	0	966,0	0	0,0	ERA5
1063063	09/04/2025	07	09/04/2025	03	HAE	-15,9	0	-18,3	0	82,0	0	15,0	0	290,0	0	966,0	0	0,0	ERA5
1063064	09/04/2025	08	09/04/2025	04	HAE	-16,4	0	-18,5	0	84,0	0	11,0	0	290,0	0	966,0	0	0,0	ERA5
1063065	09/04/2025	09	09/04/2025	05	HAE	-16,7	0	-18,8	0	84,0	0	13,0	0	280,0	0	967,0	0	0,0	ERA5
1063066	09/04/2025	10	09/04/2025	06	HAE	-17,3	0	-19,3	0	85,0	0	13,0	0	270,0	0	967,0	0	0,0	ERA5
1063067	09/04/2025	11	09/04/2025	07	HAE	-17,8	0	-19,6	0	86,0	0	13,0	0	280,0	0	968,0	0	48,8	ERA5
1063068	09/04/2025	12	09/04/2025	08	HAE	-17,5	0	-19,7	0	83,0	0	9,0	0	270,0	0	969,0	0	419,3	ERA5
1063069	09/04/2025	13	09/04/2025	09	HAE	-15,9	0	-19,2	0	76,0	0	13,0	0	240,0	0	969,0	0	885,9	ERA5
1063070	09/04/2025	14	09/04/2025	10	HAE	-13,9	0	-18,1	0	71,0	0	15,0	0	270,0	0	969,0	0	1573,2	ERA5
1063071	09/04/2025	15	09/04/2025	11	HAE	-11,0	0	-17,3	0	60,0	0	21,0	0	250,0	0	969,0	0	2221,8	ERA5
1063072	09/04/2025	16	09/04/2025	12	HAE	-8,9	0	-17,0	0	52,0	0	18,0	0	250,0	0	968,0	0	2683,0	ERA5
1063073	09/04/2025	17	09/04/2025	13	HAE	-6,8	0	-16,1	0	48,0	0	22,0	0	260,0	0	968,0	0	2861,1	ERA5
1063074	09/04/2025	18	09/04/2025	14	HAE	-5,5	0	-16,2	0	43,0	0	34,0	0	240,0	0	968,0	0	2606,3	ERA5
1063075	09/04/2025	19	09/04/2025	15	HAE	-4,8	0	-17,4	0	37,0	0	28,0	0	260,0	0	968,0	0	2445,2	ERA5
1063076	09/04/2025	20	09/04/2025	16	HAE	-4,0	0	-18,0	0	33,0	0	32,0	0	260,0	0	968,0	0	2079,5	ERA5
1063077	09/04/2025	21	09/04/2025	17	HAE	-3,6	0	-18,5	0	31,0	0	21,0	0	260,0	0	968,0	0	1640,7	ERA5
1063078	09/04/2025	22	09/04/2025	18	HAE	-4,0	0	-18,8	0	31,0	0	28,0	0	260,0	0	968,0	0	1011,5	ERA5
1063079	09/04/2025	23	09/04/2025	19	HAE	-4,5	0	-18,5	0	33,0	0	28,0	0	270,0	0	969,0	0	486,9	ERA5
1063080	10/04/2025	00	09/04/2025	20	HAE	-5,6	0	-17,8	0	38,0	0	13,0	0	270,0	0	969,0	0	67,9	ERA5
1063081	10/04/2025	01	09/04/2025	21	HAE	-6,5	0	-17,7	0	41,0	0	9,0	0	250,0	0	969,0	0	0,0	ERA5
1063082	10/04/2025	02	09/04/2025	22	HAE	-8,4	0	-18,1	0	46,0	0	9,0	0	230,0	0	970,0	0	0,0	ERA5
1063083	10/04/2025	03	09/04/2025	23	HAE	-7,7	0	-17,5	0	46,0	0	11,0	0	240,0	0	969,0	0	0,0	ERA5
1063084	10/04/2025	04	10/04/2025	00	HAE	-8,5	0	-17,7	0	48,0	0	11,0	0	240,0	0	970,0	0	0,0	ERA5
1063085	10/04/2025	05	10/04/2025	01	HAE	-8,8	0	-17,7	0	49,0	0	11,0	0	230,0	0	970,0	0	0,0	ERA5
1063086	10/04/2025	06	10/04/2025	02	HAE	-10,0	0	-17,9	0	53,0	0	13,0	0	230,0	0	970,0	0	0,0	ERA5
1063087	10/04/2025	07	10/04/2025	03	HAE	-10,0	0	-17,9	0	53,0	0	13,0	0	240,0	0	971,0	0	0,0	ERA5
1063088	10/04/2025	08	10/04/2025	04	HAE	-10,1	0	-17,8	0	54,0	0	13,0	0	250,0	0	971,0	0	0,0	ERA5
1063089	10/04/2025	09	10/04/2025	05	HAE	-9,9	0	-17,6	0	54,0	0	13,0	0	250,0	0	972,0	0	0,0	ERA5
1063090	10/04/2025	10	10/04/2025	06	HAE	-11,2	0	-17,9	0	58,0	0	11,0	0	230,0	0	972,0	0	0,0	ERA5
1063091	10/04/2025	11	10/04/2025	07	HAE	-9,7	0	-16,9	0	56,0	0	11,0	0	240,0	0	972,0	0	68,5	ERA5
1063092	10/04/2025	12	10/04/2025	08	HAE	-7,1	0	-15,9	0	50,0	0	22,0	0	250,0	0	973,0	0	589,8	ERA5
1063093	10/04/2025	13	10/04/2025	09	HAE	-5,8	0	-15,7	0	46,0	0	22,0	0	250,0	0	974,0	0	1233,8	ERA5
1063094	10/04/2025	14	10/04/2025	10	HAE	-4,3	0	-16,6	0	38,0	0	26,0	0	260,0	0	974,0	0	1899,3	ERA5
1063095	10/04/2025	15	10/04/2025	11	HAE	-3,0	0	-15,4	0	38,0	0	18,0	0	270,0	0	974,0	0	2440,0	ERA5
1063096	10/04/2025	16	10/04/2025	12	HAE	-1,3	0	-16,8	0	30,0	0	18,0	0	260,0	0	974,0	0	2836,3	ERA5
1063097	10/04/2025	17	10/04/2025	13	HAE	0,7	0	-16,6	0	26,0	0	21,0	0	270,0	0	974,0	0	3035,1	ERA5
1063098	10/04/2025	18	10/04/2025	14	HAE	1,5	0	-17,5	0	23,0	0	24,0	0	270,0	0	975,0	0	3029,8	ERA5
1063099	10/04/2025	19	10/04/2025	15	HAE	2,1	0	-16,4	0	24,0	0	18,0	0	250,0	0	975,0	0	2826,8	ERA5
1063100	10/04/2025	20	10/04/2025	16	HAE	2,8	0	-16,2	0	23,0	0	18,0	0	280,0	0	974,0	0	2441,3	ERA5
1063101	10/04/2025	21	10/04/2025	17	HAE	2,9	0	-15,9	0	24,0	0	17,0	0	270,0	0	974,0	0	1903,8	ERA5
1063102	10/04/2025	22	10/04/2025	18	HAE	2,9	0	-15,0	0	26,0	0	17,0	0	280,0	0	974,0	0	1264,5	ERA5
1063103	10/04/2025	23	10/04/2025	19	HAE	2,2	0	-15,5	0	26,0	0	8,0	0	290,0	0	974,0	0	596,2	ERA5
1063104	11/04/2025	00	10/04/2025	20	HAE	-1,0	0	-15,7	0	32,0	0	5,0	0	260,0	0	975,0	0	82,1	ERA5
1063105	11/04/2025	01	10/04/2025	21	HAE	-4,5	0	-13,2	0	51,0	0	0,0	0	0,0	0	975,0	0	0,0	ERA5
1063106	11/04/2025	02	10/04/2025	22	HAE	-6,1	0	-13,3	0	57,0	0	5,0	0	280,0	0	976,0	0	0,0	ERA5
1063107	11/04/2025	03	10/04/2025	23	HAE	-9,5	0	-15,4	0	63,0	0	4,0	0	190,0	0	976,0	0	0,0	ERA5
1063108	11/04/2025	04	11/04/2025	00	HAE	-9,1	0	-15,1	0	62,0	0	4,0	0	0,0	0	976,0	0	0,0	ERA5
1063109	11/04/2025	05	11/04/2025	01	HAE	-12,1	0	-16,6	0	70,0	0	0,0	0	0,0	0	976,0	0	0,0	ERA5
1063110	11/04/2025	06	11/04/2025	02	HAE	-13,0	0	-17,7	0	68,0	0	5,0	0	320,0	0	976,0	0	0,0	ERA5
1063111	11/04/2025	07	11/04/2025	03	HAE	-14,0	0	-18,5	0	69,0	0	5,0	0	330,0	0	976,0	0	0,0	ERA5
1063112	11/04/2025	08	11/04/2025	04	HAE	-16,7	0	-20,7	0	71,0	0	4,0	0	0,0	0	976,0	0	0,0	ERA5
1063113	11/04/2025	09	11/04/2025	05	HAE	-15,6	0	-18,0	0	82,0	0	0,0	0	0,0	0	976,0	0	0,0	ERA5
1063114	11/04/2025	10	11/04/2025	06	HAE	-16,5	0	-19,4	0	79,0	0	0,0	0	0,0	0	976,0	0	0,0	ERA5
1063115	11/04/2025	11	11/04/2025	07	HAE	-16,9	0	-19,9	0	78,0	0	4,0	0	160,0	0	977,0	0	95,9	ERA5
1063116	11/04/2025	12	11/04/2025	08	HAE	-10,6	0	-17,4	0	58,0	0	4,0	0	40,0	0	977,0	0	630,1	ERA5
1063117	11/04/2025	13	11/04/2025	09	HAE	-5,7	0	-16,1	0	44,0	0	0,0	0	0,0	0	977,0	0	1292,0	ERA5
1063118	11/04/2025	14	11/04/2025	10	HAE	-1,5	0	-16,6	0	31,0	0	4,0	0	0,0	0	977,0	0	1900,3	ERA5
1063119	11/04/2025	15	11/04/2025	11	HAE	1,9	0	-15,4	0	27,0	0	0,0	0	0,0	0	977,0	0	2463,0	ERA5
1063120	11/04/2025	16	11/04/2025	12	HAE	3,4	0	-15,4	0	24,0	0	5,0	0	0,0	0	977,0	0	2840,3	ERA5
1063121	11/04/2025	17	11/04/2025	13	HAE	3,7	0	-14,0	0	26,0	0	9,0	0	360,0	0	977,0	0	3034,3	ERA5
1063122	11/04/2025	18	11/04/2025	14	HAE	4,5	0	-13,0	0	27,0	0	9,0	0	270,0	0	976,0	0	3030,1	ERA5
1063123	11/04/2025	19	11/04/2025	15	HAE	5,0	0	-12,9	0	26,0	0	13,0	0	340,0	0	976,0	0	2831,0	ERA5
1063124	11/04/2025	20	11/04/2025	16	HAE	5,2	0	-12,3	0	27,0	0	8,0	0	350,0	0	975,0	0	2446,3	ERA5
1063125	11/04/2025	21	11/04/2025	17	HAE	5,1	0	-11,0	0	30,0	0	11,0	0	350,0	0	975,0	0	1911,5	ERA5
1063126	11/04/2025	22	11/04/2025	18	HAE	5,3	0	-12,2	0	27,0	0	8,0	0	320,0	0	975,0	0	1274,8	ERA5
1063127	11/04/2025	23	11/04/2025	19	HAE	4,9	0	-12,0	0	29,0	0	5,0	0	330,0	0	975,0	0	610,7	ERA5
1063128	12/04/2025	00	11/04/2025	20	HAE	0,5	0	-8,8	0	50,0	0	0,0	0	0,0	0	975,0	0	89,3	ERA5
1063129	12/04/2025	01	11/04/2025	21	HAE	-3,1	0	-10,0	0	59,0	0	8,0	0	40,0	0	975,0	0	0,0	ERA5
1063130	12/04/2025	02	11/04/2025	22	HAE	-4,6	0	-13,0	0	52,0	0	5,0	0	10,0	0	975,0	0	0,0	ERA5
1063131	12/04/2025	03	11/04/2025	23	HAE	-4,1	0	-10,7	0	60,0	0	4,0	0	60,0	0	975,0	0	0,0	ERA5
1063132	12/04/2025	04	12/04/2025	00	HAE	-6,2	0	-12,9	0	59,0	0	4,0	0	90,0	0	975,0	0	0,0	ERA5
1063133	12/04/2025	05	12/04/2025	01	HAE	-5,7	0	-13,6	0	54,0	0	4,0	0	130,0	0	975,0	0	0,0	ERA5
1063134	12/04/2025	06	12/04/2025	02	HAE	-8,4	0	-13,0	0	70,0	0	5,0	0	80,0	0	975,0	0	0,0	ERA5
1063135	12/04/2025	07	12/04/2025	03	HAE	-9,1	0	-13,6	0	70,0	0	5,0	0	80,0	0	975,0	0	0,0	ERA5
1063136	12/04/2025	08	12/04/2025	04	HAE	-9,9	0	-13,9	0	73,0	0	5,0	0	80,0	0	975,0	0	0,0	ERA5
1063137	12/04/2025	09	12/04/2025	05	HAE	-11,3	0	-14,7	0	76,0	0	8,0	0	60,0	0	975,0	0	0,0	ERA5
1063138	12/04/2025	10	12/04/2025	06	HAE	-12,5	0	-15,1	0	81,0	0	5,0	0	40,0	0	975,0	0	0,0	ERA5
1063139	12/04/2025	11	12/04/2025	07	HAE	-11,3	0	-15,0	0	74,0	0	5,0	0	70,0	0	975,0	0	105,9	ERA5
1063140	12/04/2025	12	12/04/2025	08	HAE	-6,6	0	-14,5	0	54,0	0	5,0	0	60,0	0	975,0	0	647,3	ERA5
1063141	12/04/2025	13	12/04/2025	09	HAE	-1,6	0	-11,9	0	46,0	0	0,0	0	0,0	0	975,0	0	1314,2	ERA5
1063142	12/04/2025	14	12/04/2025	10	HAE	3,3	0	-13,2	0	29,0	0	0,0	0	0,0	0	975,0	0	1945,9	ERA5
1063143	12/04/2025	15	12/04/2025	11	HAE	5,8	0	-13,9	0	23,0	0	4,0	0	0,0	0	975,0	0	2474,0	ERA5
1063144	12/04/2025	16	12/04/2025	12	HAE	6,5	0	-13,2	0	23,0	0	0,0	0	0,0	0	975,0	0	2850,5	ERA5
1063145	12/04/2025	17	12/04/2025	13	HAE	7,4	0	-13,5	0	21,0	0	0,0	0	0,0	0	975,0	0	3042,5	ERA5
1063146	12/04/2025	18	12/04/2025	14	HAE	7,5	0	-11,3	0	25,0	0	5,0	0	120,0	0	974,0	0	3038,5	ERA5
1063147	12/04/2025	19	12/04/2025	15	HAE	8,6	0	-13,8	0	19,0	0	0,0	0	0,0	0	973,0	0	2827,5	ERA5
1063148	12/04/2025	20	12/04/2025	16	HAE	8,9	0	-11,7	0	22,0	0	8,0	0	0,0	0	973,0	0	2447,0	ERA5
1063149	12/04/2025	21	12/04/2025	17	HAE	8,4	0	-11,7	0	23,0	0	4,0	0	0,0	0	972,0	0	1913,2	ERA5
1063150	12/04/2025	22	12/04/2025	18	HAE	9,1	0	-14,2	0	18,0	0	5,0	0	140,0	0	972,0	0	1283,5	ERA5
1063151	12/04/2025	23	12/04/2025	19	HAE	8,3	0	-13,5	0	20,0	0	4,0	0	0,0	0	972,0	0	620,6	ERA5
1063152	13/04/2025	00	12/04/2025	20	HAE	3,7	0	-10,3	0	35,0	0	5,0	0	60,0	0	971,0	0	95,6	ERA5
1063153	13/04/2025	01	12/04/2025	21	HAE	-0,6	0	-10,1	0	49,0	0	0,0	0	0,0	0	972,0	0	0,0	ERA5
1063154	13/04/2025	02	12/04/2025	22	HAE	-1,9	0	-7,9	0	64,0	0	0,0	0	0,0	0	972,0	0	0,0	ERA5
1063155	13/04/2025	03	12/04/2025	23	HAE	-3,2	0	-8,9	0	65,0	0	0,0	0	0,0	0	972,0	0	0,0	ERA5
1063156	13/04/2025	04	13/04/2025	00	HAE	-4,9	0	-9,8	0	69,0	0	5,0	0	60,0	0	972,0	0	0,0	ERA5
1063157	13/04/2025	05	13/04/2025	01	HAE	-5,1	0	-9,9	0	69,0	0	4,0	0	70,0	0	972,0	0	0,0	ERA5
1063158	13/04/2025	06	13/04/2025	02	HAE	-6,2	0	-9,3	0	79,0	0	5,0	0	60,0	0	972,0	0	0,0	ERA5
1063159	13/04/2025	07	13/04/2025	03	HAE	-7,7	0	-10,7	0	79,0	0	5,0	0	60,0	0	971,0	0	0,0	ERA5
1063160	13/04/2025	08	13/04/2025	04	HAE	-7,6	0	-12,2	0	70,0	0	0,0	0	0,0	0	971,0	0	0,0	ERA5
1063161	13/04/2025	09	13/04/2025	05	HAE	-7,5	0	-11,0	0	76,0	0	5,0	0	60,0	0	971,0	0	0,0	ERA5
1063162	13/04/2025	10	13/04/2025	06	HAE	-8,5	0	-10,7	0	84,0	0	5,0	0	40,0	0	971,0	0	0,0	ERA5
1063163	13/04/2025	11	13/04/2025	07	HAE	-6,8	0	-11,0	0	72,0	0	5,0	0	60,0	0	972,0	0	114,0	ERA5
1063164	13/04/2025	12	13/04/2025	08	HAE	-2,9	0	-10,8	0	55,0	0	4,0	0	60,0	0	972,0	0	652,4	ERA5
1063165	13/04/2025	13	13/04/2025	09	HAE	1,5	0	-11,7	0	37,0	0	0,0	0	0,0	0	971,0	0	1310,7	ERA5
1063166	13/04/2025	14	13/04/2025	10	HAE	5,8	0	-10,3	0	31,0	0	0,0	0	0,0	0	971,0	0	1933,3	ERA5
1063167	13/04/2025	15	13/04/2025	11	HAE	7,4	0	-10,9	0	26,0	0	0,0	0	0,0	0	971,0	0	2451,8	ERA5
1063168	13/04/2025	16	13/04/2025	12	HAE	8,8	0	-12,7	0	21,0	0	0,0	0	0,0	0	970,0	0	2818,9	ERA5
1063169	13/04/2025	17	13/04/2025	13	HAE	9,8	0	-12,3	0	20,0	0	0,0	0	0,0	0	970,0	0	3004,1	ERA5
1063170	13/04/2025	18	13/04/2025	14	HAE	10,8	0	-11,2	0	20,0	0	4,0	0	320,0	0	969,0	0	2993,0	ERA5
1063171	13/04/2025	19	13/04/2025	15	HAE	9,2	0	-9,4	0	26,0	0	9,0	0	80,0	0	968,0	0	2803,6	ERA5
1063172	13/04/2025	20	13/04/2025	16	HAE	10,9	0	-11,7	0	19,0	0	5,0	0	140,0	0	968,0	0	2425,4	ERA5
1063173	13/04/2025	21	13/04/2025	17	HAE	10,7	0	-9,1	0	24,0	0	5,0	0	140,0	0	968,0	0	1900,5	ERA5
1063174	13/04/2025	22	13/04/2025	18	HAE	10,7	0	-11,0	0	21,0	0	9,0	0	140,0	0	967,0	0	1276,9	ERA5
1063175	13/04/2025	23	13/04/2025	19	HAE	10,4	0	-11,1	0	21,0	0	8,0	0	150,0	0	967,0	0	624,8	ERA5
1063176	14/04/2025	00	13/04/2025	20	HAE	5,9	0	-6,7	0	40,0	0	0,0	0	0,0	0	967,0	0	101,6	ERA5
1063177	14/04/2025	01	13/04/2025	21	HAE	1,0	0	-6,6	0	57,0	0	0,0	0	0,0	0	967,0	0	0,0	ERA5
1063178	14/04/2025	02	13/04/2025	22	HAE	-0,6	0	-7,4	0	60,0	0	0,0	0	0,0	0	967,0	0	0,0	ERA5
1063179	14/04/2025	03	13/04/2025	23	HAE	-0,7	0	-7,6	0	60,0	0	5,0	0	50,0	0	967,0	0	0,0	ERA5
1063180	14/04/2025	04	14/04/2025	00	HAE	-2,8	0	-8,5	0	65,0	0	4,0	0	100,0	0	967,0	0	0,0	ERA5
1063181	14/04/2025	05	14/04/2025	01	HAE	-3,0	0	-8,3	0	67,0	0	0,0	0	0,0	0	966,0	0	0,0	ERA5
1063182	14/04/2025	06	14/04/2025	02	HAE	-2,3	0	-8,0	0	65,0	0	4,0	0	80,0	0	966,0	0	0,0	ERA5
1063183	14/04/2025	07	14/04/2025	03	HAE	-2,8	0	-9,3	0	61,0	0	4,0	0	60,0	0	965,0	0	0,0	ERA5
1063184	14/04/2025	08	14/04/2025	04	HAE	-4,3	0	-8,9	0	71,0	0	5,0	0	70,0	0	965,0	0	0,0	ERA5
1063185	14/04/2025	09	14/04/2025	05	HAE	-5,5	0	-9,3	0	75,0	0	4,0	0	100,0	0	965,0	0	0,0	ERA5
1063186	14/04/2025	10	14/04/2025	06	HAE	-5,4	0	-8,8	0	77,0	0	4,0	0	80,0	0	964,0	0	0,0	ERA5
1063187	14/04/2025	11	14/04/2025	07	HAE	-4,3	0	-9,3	0	68,0	0	8,0	0	70,0	0	964,0	0	120,6	ERA5
1063188	14/04/2025	12	14/04/2025	08	HAE	-1,6	0	-8,4	0	60,0	0	5,0	0	100,0	0	964,0	0	596,7	ERA5
1063189	14/04/2025	13	14/04/2025	09	HAE	3,9	0	-8,0	0	42,0	0	4,0	0	130,0	0	963,0	0	1177,4	ERA5
1063190	14/04/2025	14	14/04/2025	10	HAE	7,6	0	-6,5	0	36,0	0	11,0	0	150,0	0	962,0	0	1712,2	ERA5
1063191	14/04/2025	15	14/04/2025	11	HAE	9,1	0	-7,0	0	32,0	0	17,0	0	160,0	0	961,0	0	2308,0	ERA5
1063192	14/04/2025	16	14/04/2025	12	HAE	9,5	0	-7,5	0	29,0	0	18,0	0	170,0	0	961,0	0	2728,1	ERA5
1063193	14/04/2025	17	14/04/2025	13	HAE	10,5	0	-7,9	0	27,0	0	17,0	0	160,0	0	960,0	0	2866,6	ERA5
1063194	14/04/2025	18	14/04/2025	14	HAE	10,6	0	-7,5	0	27,0	0	13,0	0	130,0	0	959,0	0	2859,3	ERA5
1063195	14/04/2025	19	14/04/2025	15	HAE	10,3	0	-7,0	0	29,0	0	15,0	0	160,0	0	958,0	0	2213,8	ERA5
1063196	14/04/2025	20	14/04/2025	16	HAE	10,3	0	-7,6	0	28,0	0	13,0	0	160,0	0	958,0	0	1533,2	ERA5
1063197	14/04/2025	21	14/04/2025	17	HAE	8,9	0	-6,1	0	34,0	0	11,0	0	200,0	0	958,0	0	927,1	ERA5
1063198	14/04/2025	22	14/04/2025	18	HAE	8,8	0	-5,0	0	37,0	0	18,0	0	180,0	0	957,0	0	542,6	ERA5
1063199	14/04/2025	23	14/04/2025	19	HAE	7,6	0	-3,1	0	47,0	0	15,0	0	220,0	0	957,0	0	225,8	ERA5
1063200	15/04/2025	00	14/04/2025	20	HAE	6,1	0	-0,4	0	63,0	0	28,0	0	190,0	0	957,0	0	36,8	ERA5
1063201	15/04/2025	01	14/04/2025	21	HAE	4,2	0	1,7	0	84,0	0	13,0	0	120,0	0	956,0	0	0,0	ERA5
1063202	15/04/2025	02	14/04/2025	22	HAE	3,2	0	2,2	0	93,0	0	18,0	0	80,0	0	955,0	0	0,0	ERA5
1063203	15/04/2025	03	14/04/2025	23	HAE	2,7	0	1,7	0	93,0	0	13,0	0	130,0	0	955,0	0	0,0	ERA5
1063204	15/04/2025	04	15/04/2025	00	HAE	2,7	0	1,7	0	93,0	0	15,0	0	90,0	0	954,0	0	0,0	ERA5
1063205	15/04/2025	05	15/04/2025	01	HAE	2,5	0	1,5	0	93,0	0	15,0	0	90,0	0	953,0	0	0,0	ERA5
1063206	15/04/2025	06	15/04/2025	02	HAE	2,7	0	1,2	0	90,0	0	15,0	0	110,0	0	952,0	0	0,0	ERA5
1063207	15/04/2025	07	15/04/2025	03	HAE	3,0	0	1,2	0	88,0	0	15,0	0	100,0	0	951,0	0	0,0	ERA5
1063208	15/04/2025	08	15/04/2025	04	HAE	2,9	0	1,0	0	87,0	0	11,0	0	100,0	0	950,0	0	0,0	ERA5
1063209	15/04/2025	09	15/04/2025	05	HAE	3,0	0	0,4	0	83,0	0	11,0	0	110,0	0	949,0	0	0,0	ERA5
1063210	15/04/2025	10	15/04/2025	06	HAE	3,2	0	0,1	0	80,0	0	13,0	0	100,0	0	949,0	0	0,0	ERA5
1063211	15/04/2025	11	15/04/2025	07	HAE	3,5	0	-0,2	0	77,0	0	15,0	0	110,0	0	948,0	0	114,9	ERA5
1063212	15/04/2025	12	15/04/2025	08	HAE	4,3	0	-0,5	0	71,0	0	17,0	0	120,0	0	948,0	0	512,1	ERA5
1063213	15/04/2025	13	15/04/2025	09	HAE	5,0	0	-0,7	0	67,0	0	18,0	0	120,0	0	947,0	0	969,3	ERA5
1063214	15/04/2025	14	15/04/2025	10	HAE	2,5	0	1,2	0	91,0	0	8,0	0	160,0	0	948,0	0	1381,9	ERA5
1063215	15/04/2025	15	15/04/2025	11	HAE	3,8	0	2,2	0	89,0	0	4,0	0	70,0	0	947,0	0	1648,5	ERA5
1063216	15/04/2025	16	15/04/2025	12	HAE	3,8	0	1,7	0	86,0	0	13,0	0	110,0	0	947,0	0	1865,7	ERA5
1063217	15/04/2025	17	15/04/2025	13	HAE	3,6	0	2,0	0	89,0	0	11,0	0	100,0	0	946,0	0	1674,8	ERA5
1063218	15/04/2025	18	15/04/2025	14	HAE	3,5	0	2,1	0	90,0	0	11,0	0	110,0	0	946,0	0	1269,1	ERA5
1063219	15/04/2025	19	15/04/2025	15	HAE	2,8	0	1,9	0	94,0	0	9,0	0	140,0	0	946,0	0	892,5	ERA5
1063220	15/04/2025	20	15/04/2025	16	HAE	2,0	0	1,3	0	95,0	0	9,0	0	130,0	0	946,0	0	331,0	ERA5
1063221	15/04/2025	21	15/04/2025	17	HAE	2,1	0	1,7	0	97,0	0	4,0	0	110,0	0	946,0	0	210,2	ERA5
1063222	15/04/2025	22	15/04/2025	18	HAE	2,3	0	2,2	0	99,0	0	4,0	0	0,0	0	946,0	0	178,5	ERA5
1063223	15/04/2025	23	15/04/2025	19	HAE	2,0	0	1,9	0	99,0	0	5,0	0	340,0	0	946,0	0	66,3	ERA5
1063224	16/04/2025	00	15/04/2025	20	HAE	1,7	0	1,4	0	98,0	0	8,0	0	10,0	0	946,0	0	17,0	ERA5
1063225	16/04/2025	01	15/04/2025	21	HAE	1,1	0	1,0	0	99,0	0	8,0	0	360,0	0	946,0	0	0,0	ERA5
1063226	16/04/2025	02	15/04/2025	22	HAE	0,8	0	0,7	0	99,0	0	8,0	0	350,0	0	946,0	0	0,0	ERA5
1063227	16/04/2025	03	15/04/2025	23	HAE	0,6	0	0,5	0	99,0	0	13,0	0	20,0	0	946,0	0	0,0	ERA5
1063228	16/04/2025	04	16/04/2025	00	HAE	0,3	0	0,2	0	99,0	0	9,0	0	360,0	0	946,0	0	0,0	ERA5
1063229	16/04/2025	05	16/04/2025	01	HAE	0,3	0	0,2	0	99,0	0	13,0	0	350,0	0	946,0	0	0,0	ERA5
1063230	16/04/2025	06	16/04/2025	02	HAE	0,5	0	0,4	0	99,0	0	13,0	0	360,0	0	946,0	0	0,0	ERA5
1063231	16/04/2025	07	16/04/2025	03	HAE	0,9	0	0,6	0	98,0	0	11,0	0	360,0	0	946,0	0	0,0	ERA5
1063232	16/04/2025	08	16/04/2025	04	HAE	1,0	0	0,7	0	98,0	0	15,0	0	360,0	0	947,0	0	0,0	ERA5
1063233	16/04/2025	09	16/04/2025	05	HAE	0,6	0	0,3	0	98,0	0	11,0	0	360,0	0	948,0	0	0,0	ERA5
1063234	16/04/2025	10	16/04/2025	06	HAE	0,7	0	0,4	0	98,0	0	15,0	0	360,0	0	948,0	0	0,0	ERA5
1063235	16/04/2025	11	16/04/2025	07	HAE	1,0	0	0,6	0	97,0	0	8,0	0	360,0	0	949,0	0	74,7	ERA5
1063236	16/04/2025	12	16/04/2025	08	HAE	1,2	0	0,8	0	97,0	0	15,0	0	340,0	0	950,0	0	354,0	ERA5
1063237	16/04/2025	13	16/04/2025	09	HAE	2,0	0	1,4	0	96,0	0	11,0	0	330,0	0	950,0	0	745,5	ERA5
1063238	16/04/2025	14	16/04/2025	10	HAE	1,6	0	1,2	0	97,0	0	15,0	0	300,0	0	951,0	0	1160,9	ERA5
1063239	16/04/2025	15	16/04/2025	11	HAE	1,6	0	0,7	0	94,0	0	13,0	0	300,0	0	952,0	0	1496,3	ERA5
1063240	16/04/2025	16	16/04/2025	12	HAE	2,6	0	1,0	0	89,0	0	17,0	0	310,0	0	953,0	0	1442,6	ERA5
1063241	16/04/2025	17	16/04/2025	13	HAE	3,2	0	0,1	0	80,0	0	24,0	0	300,0	0	953,0	0	1650,2	ERA5
1063242	16/04/2025	18	16/04/2025	14	HAE	3,7	0	-0,7	0	73,0	0	24,0	0	310,0	0	953,0	0	1698,8	ERA5
1063243	16/04/2025	19	16/04/2025	15	HAE	2,6	0	-1,3	0	75,0	0	32,0	0	290,0	0	954,0	0	1672,0	ERA5
1063244	16/04/2025	20	16/04/2025	16	HAE	1,0	0	-2,2	0	79,0	0	34,0	0	300,0	0	955,0	0	1380,2	ERA5
1063245	16/04/2025	21	16/04/2025	17	HAE	-0,6	0	-2,7	0	86,0	0	24,0	0	290,0	0	956,0	0	776,8	ERA5
1063246	16/04/2025	22	16/04/2025	18	HAE	-1,6	0	-3,9	0	84,0	0	22,0	0	300,0	0	958,0	0	464,1	ERA5
1063247	16/04/2025	23	16/04/2025	19	HAE	-2,8	0	-4,8	0	86,0	0	26,0	0	300,0	0	959,0	0	208,3	ERA5
1063248	17/04/2025	00	16/04/2025	20	HAE	-4,2	0	-6,1	0	87,0	0	26,0	0	300,0	0	960,0	0	29,6	ERA5
1063249	17/04/2025	01	16/04/2025	21	HAE	-5,3	0	-6,8	0	89,0	0	30,0	0	300,0	0	961,0	0	0,0	ERA5
1063250	17/04/2025	02	16/04/2025	22	HAE	-6,2	0	-7,7	0	89,0	0	24,0	0	290,0	0	962,0	0	0,0	ERA5
1063251	17/04/2025	03	16/04/2025	23	HAE	-6,4	0	-8,7	0	84,0	0	18,0	0	300,0	0	962,0	0	0,0	ERA5
1063252	17/04/2025	04	17/04/2025	00	HAE	-7,3	0	-9,3	0	86,0	0	21,0	0	290,0	0	963,0	0	0,0	ERA5
1063253	17/04/2025	05	17/04/2025	01	HAE	-8,2	0	-10,3	0	85,0	0	24,0	0	290,0	0	963,0	0	0,0	ERA5
1063254	17/04/2025	06	17/04/2025	02	HAE	-8,7	0	-11,2	0	82,0	0	22,0	0	290,0	0	964,0	0	0,0	ERA5
1063255	17/04/2025	07	17/04/2025	03	HAE	-9,3	0	-11,5	0	84,0	0	17,0	0	290,0	0	964,0	0	0,0	ERA5
1063256	17/04/2025	08	17/04/2025	04	HAE	-9,7	0	-11,9	0	84,0	0	15,0	0	290,0	0	964,0	0	0,0	ERA5
1063257	17/04/2025	09	17/04/2025	05	HAE	-10,3	0	-13,0	0	81,0	0	18,0	0	280,0	0	965,0	0	0,0	ERA5
1063258	17/04/2025	10	17/04/2025	06	HAE	-11,0	0	-13,4	0	83,0	0	13,0	0	280,0	0	966,0	0	0,0	ERA5
1063259	17/04/2025	11	17/04/2025	07	HAE	-11,2	0	-13,5	0	84,0	0	18,0	0	290,0	0	967,0	0	71,7	ERA5
1063260	17/04/2025	12	17/04/2025	08	HAE	-11,2	0	-13,7	0	82,0	0	18,0	0	270,0	0	967,0	0	307,5	ERA5
1063261	17/04/2025	13	17/04/2025	09	HAE	-11,2	0	-13,9	0	81,0	0	21,0	0	300,0	0	968,0	0	660,8	ERA5
1063262	17/04/2025	14	17/04/2025	10	HAE	-10,2	0	-14,0	0	74,0	0	22,0	0	280,0	0	968,0	0	1133,1	ERA5
1063263	17/04/2025	15	17/04/2025	11	HAE	-8,1	0	-12,7	0	70,0	0	17,0	0	290,0	0	968,0	0	1453,4	ERA5
1063264	17/04/2025	16	17/04/2025	12	HAE	-6,8	0	-12,6	0	64,0	0	15,0	0	260,0	0	968,0	0	2131,3	ERA5
1063265	17/04/2025	17	17/04/2025	13	HAE	-4,9	0	-11,5	0	60,0	0	22,0	0	290,0	0	969,0	0	2631,9	ERA5
1063266	17/04/2025	18	17/04/2025	14	HAE	-3,2	0	-11,4	0	53,0	0	21,0	0	270,0	0	969,0	0	2875,4	ERA5
1063267	17/04/2025	19	17/04/2025	15	HAE	-1,7	0	-10,8	0	50,0	0	22,0	0	260,0	0	969,0	0	2831,5	ERA5
1063268	17/04/2025	20	17/04/2025	16	HAE	-0,3	0	-10,4	0	47,0	0	26,0	0	300,0	0	969,0	0	2516,8	ERA5
1063269	17/04/2025	21	17/04/2025	17	HAE	0,0	4.lineaire	-10,5	0	45,0	0	17,0	0	280,0	0	969,0	0	1979,6	ERA5
1063270	17/04/2025	22	17/04/2025	18	HAE	0,3	0	-10,3	0	45,0	0	24,0	0	290,0	0	970,0	0	1366,6	ERA5
1063271	17/04/2025	23	17/04/2025	19	HAE	-0,1	0	-10,4	0	46,0	0	15,0	0	290,0	0	970,0	0	716,6	ERA5
1063272	18/04/2025	00	17/04/2025	20	HAE	-1,5	0	-10,7	0	50,0	0	8,0	0	280,0	0	970,0	0	134,9	ERA5
1063273	18/04/2025	01	17/04/2025	21	HAE	-2,6	0	-10,9	0	53,0	0	9,0	0	250,0	0	971,0	0	0,0	ERA5
1063274	18/04/2025	02	17/04/2025	22	HAE	-3,6	0	-11,4	0	55,0	0	8,0	0	260,0	0	970,0	0	0,0	ERA5
1063275	18/04/2025	03	17/04/2025	23	HAE	-4,6	0	-11,9	0	57,0	0	5,0	0	240,0	0	971,0	0	0,0	ERA5
1063276	18/04/2025	04	18/04/2025	00	HAE	-4,9	0	-12,0	0	58,0	0	5,0	0	230,0	0	972,0	0	0,0	ERA5
1063277	18/04/2025	05	18/04/2025	01	HAE	-6,7	0	-11,7	0	68,0	0	0,0	0	0,0	0	971,0	0	0,0	ERA5
1063278	18/04/2025	06	18/04/2025	02	HAE	-8,4	0	-10,9	0	82,0	0	0,0	0	0,0	0	971,0	0	0,0	ERA5
1063279	18/04/2025	07	18/04/2025	03	HAE	-8,8	0	-11,3	0	82,0	0	0,0	0	0,0	0	971,0	0	0,0	ERA5
1063280	18/04/2025	08	18/04/2025	04	HAE	-8,0	0	-10,7	0	81,0	0	5,0	0	180,0	0	971,0	0	0,0	ERA5
1063281	18/04/2025	09	18/04/2025	05	HAE	-7,4	0	-9,7	0	84,0	0	5,0	0	70,0	0	971,0	0	0,0	ERA5
1063282	18/04/2025	10	18/04/2025	06	HAE	-6,0	0	-9,7	0	75,0	0	4,0	0	130,0	0	970,0	0	0,0	ERA5
1063283	18/04/2025	11	18/04/2025	07	HAE	-5,1	0	-9,8	0	70,0	0	5,0	0	140,0	0	970,0	0	71,1	ERA5
1063284	18/04/2025	12	18/04/2025	08	HAE	-3,8	0	-9,9	0	63,0	0	8,0	0	130,0	0	970,0	0	257,5	ERA5
1063285	18/04/2025	13	18/04/2025	09	HAE	-2,3	0	-9,7	0	57,0	0	9,0	0	120,0	0	970,0	0	479,2	ERA5
1063286	18/04/2025	14	18/04/2025	10	HAE	-0,6	0	-9,3	0	52,0	0	11,0	0	110,0	0	969,0	0	660,6	ERA5
1063287	18/04/2025	15	18/04/2025	11	HAE	1,4	0	-9,5	0	44,0	0	15,0	0	100,0	0	967,0	0	871,4	ERA5
1063288	18/04/2025	16	18/04/2025	12	HAE	2,6	0	-8,6	0	44,0	0	15,0	0	110,0	0	967,0	0	885,2	ERA5
1063289	18/04/2025	17	18/04/2025	13	HAE	3,7	0	-8,4	0	41,0	0	18,0	0	140,0	0	966,0	0	721,3	ERA5
1063290	18/04/2025	18	18/04/2025	14	HAE	4,2	0	-8,3	0	40,0	0	21,0	0	130,0	0	964,0	0	727,4	ERA5
1063291	18/04/2025	19	18/04/2025	15	HAE	4,2	0	-2,6	0	61,0	0	21,0	0	180,0	0	964,0	0	635,4	ERA5
1063292	18/04/2025	20	18/04/2025	16	HAE	2,2	0	0,3	0	87,0	0	24,0	0	160,0	0	963,0	0	472,9	ERA5
1063293	18/04/2025	21	18/04/2025	17	HAE	0,8	0	0,4	0	97,0	0	17,0	0	150,0	0	963,0	0	280,6	ERA5
1063294	18/04/2025	22	18/04/2025	18	HAE	0,9	0	0,5	0	97,0	0	17,0	0	150,0	0	962,0	0	194,4	ERA5
1063295	18/04/2025	23	18/04/2025	19	HAE	0,6	0	0,3	0	98,0	0	15,0	0	150,0	0	962,0	0	139,4	ERA5
1063296	19/04/2025	00	18/04/2025	20	HAE	1,0	0	0,7	0	98,0	0	15,0	0	150,0	0	962,0	0	40,6	ERA5
1063297	19/04/2025	01	18/04/2025	21	HAE	1,1	0	1,0	0	99,0	0	11,0	0	150,0	0	962,0	0	0,0	ERA5
1063298	19/04/2025	02	18/04/2025	22	HAE	1,2	0	1,1	0	99,0	0	13,0	0	160,0	0	962,0	0	0,0	ERA5
1063299	19/04/2025	03	18/04/2025	23	HAE	1,2	0	1,1	0	99,0	0	13,0	0	160,0	0	961,0	0	0,0	ERA5
1063300	19/04/2025	04	19/04/2025	00	HAE	1,2	0	1,1	0	99,0	0	11,0	0	170,0	0	961,0	0	0,0	ERA5
1063301	19/04/2025	05	19/04/2025	01	HAE	1,3	0	1,2	0	99,0	0	9,0	0	180,0	0	960,0	0	0,0	ERA5
1063302	19/04/2025	06	19/04/2025	02	HAE	1,1	0	1,0	0	99,0	0	9,0	0	170,0	0	959,0	0	0,0	ERA5
1063303	19/04/2025	07	19/04/2025	03	HAE	1,4	0	1,4	0	100,0	0	9,0	0	210,0	0	960,0	0	0,0	ERA5
1063304	19/04/2025	08	19/04/2025	04	HAE	1,0	0	1,0	0	100,0	0	9,0	0	190,0	0	959,0	0	0,0	ERA5
1063305	19/04/2025	09	19/04/2025	05	HAE	1,2	0	1,2	0	100,0	0	8,0	0	200,0	0	959,0	0	0,0	ERA5
1063306	19/04/2025	10	19/04/2025	06	HAE	1,2	0	1,2	0	100,0	0	9,0	0	200,0	0	959,0	0	0,0	ERA5
1063307	19/04/2025	11	19/04/2025	07	HAE	1,3	0	1,3	0	100,0	0	4,0	0	220,0	0	959,0	0	17,7	ERA5
1063308	19/04/2025	12	19/04/2025	08	HAE	1,4	0	1,4	0	100,0	0	5,0	0	200,0	0	959,0	0	88,5	ERA5
1063309	19/04/2025	13	19/04/2025	09	HAE	1,5	0	1,5	0	100,0	0	8,0	0	150,0	0	958,0	0	208,0	ERA5
1063310	19/04/2025	14	19/04/2025	10	HAE	2,0	0	2,0	0	100,0	0	8,0	0	240,0	0	958,0	0	331,4	ERA5
1063311	19/04/2025	15	19/04/2025	11	HAE	1,5	0	1,5	0	100,0	0	5,0	0	260,0	0	958,0	0	404,8	ERA5
1063312	19/04/2025	16	19/04/2025	12	HAE	1,1	0	1,1	0	100,0	0	8,0	0	250,0	0	958,0	0	863,9	ERA5
1063313	19/04/2025	17	19/04/2025	13	HAE	1,9	0	1,6	0	98,0	0	11,0	0	300,0	0	957,0	0	742,4	ERA5
1063314	19/04/2025	18	19/04/2025	14	HAE	2,1	0	1,5	0	96,0	0	13,0	0	290,0	0	958,0	0	444,9	ERA5
1063315	19/04/2025	19	19/04/2025	15	HAE	2,3	0	1,3	0	93,0	0	15,0	0	300,0	0	958,0	0	811,9	ERA5
1063316	19/04/2025	20	19/04/2025	16	HAE	1,3	0	0,3	0	93,0	0	17,0	0	280,0	0	959,0	0	785,6	ERA5
1063317	19/04/2025	21	19/04/2025	17	HAE	0,4	0	-0,5	0	94,0	0	15,0	0	290,0	0	960,0	0	758,3	ERA5
1063318	19/04/2025	22	19/04/2025	18	HAE	-0,1	4.lineaire	-0,7	0	95,0	0	9,0	0	280,0	0	960,0	0	301,8	ERA5
1063319	19/04/2025	23	19/04/2025	19	HAE	-0,6	0	-1,3	0	95,0	0	18,0	0	290,0	0	961,0	0	215,0	ERA5
1063320	20/04/2025	00	19/04/2025	20	HAE	-0,9	0	-2,3	0	90,0	0	15,0	0	290,0	0	962,0	0	65,4	ERA5
1063321	20/04/2025	01	19/04/2025	21	HAE	-1,3	0	-2,0	0	95,0	0	15,0	0	280,0	0	963,0	0	0,0	ERA5
1063322	20/04/2025	02	19/04/2025	22	HAE	-2,1	0	-3,1	0	93,0	0	22,0	0	290,0	0	963,0	0	0,0	ERA5
1063323	20/04/2025	03	19/04/2025	23	HAE	-3,1	0	-4,5	0	90,0	0	18,0	0	290,0	0	964,0	0	0,0	ERA5
1063324	20/04/2025	04	20/04/2025	00	HAE	-3,7	0	-5,1	0	90,0	0	22,0	0	270,0	0	965,0	0	0,0	ERA5
1063325	20/04/2025	05	20/04/2025	01	HAE	-4,8	0	-6,3	0	89,0	0	28,0	0	280,0	0	966,0	0	0,0	ERA5
1063326	20/04/2025	06	20/04/2025	02	HAE	-5,7	0	-7,4	0	88,0	0	26,0	0	290,0	0	968,0	0	0,0	ERA5
1063327	20/04/2025	07	20/04/2025	03	HAE	-6,6	0	-8,8	0	85,0	0	24,0	0	290,0	0	969,0	0	0,0	ERA5
1063328	20/04/2025	08	20/04/2025	04	HAE	-6,8	0	-8,9	0	85,0	0	18,0	0	290,0	0	970,0	0	0,0	ERA5
1063329	20/04/2025	09	20/04/2025	05	HAE	-6,7	0	-9,4	0	81,0	0	24,0	0	280,0	0	970,0	0	0,0	ERA5
1063330	20/04/2025	10	20/04/2025	06	HAE	-6,6	0	-8,7	0	85,0	0	21,0	0	290,0	0	972,0	0	0,0	ERA5
1063331	20/04/2025	11	20/04/2025	07	HAE	-6,3	0	-8,1	0	87,0	0	21,0	0	290,0	0	973,0	0	85,8	ERA5
1063332	20/04/2025	12	20/04/2025	08	HAE	-5,5	0	-8,0	0	83,0	0	26,0	0	290,0	0	975,0	0	340,4	ERA5
1063333	20/04/2025	13	20/04/2025	09	HAE	-4,7	0	-8,0	0	78,0	0	17,0	0	290,0	0	976,0	0	615,6	ERA5
1063334	20/04/2025	14	20/04/2025	10	HAE	-3,5	0	-8,5	0	69,0	0	26,0	0	290,0	0	977,0	0	1110,8	ERA5
1063335	20/04/2025	15	20/04/2025	11	HAE	-2,1	0	-11,0	0	51,0	0	26,0	0	290,0	0	977,0	0	1654,9	ERA5
1063336	20/04/2025	16	20/04/2025	12	HAE	-1,0	0	-13,1	0	40,0	0	24,0	0	270,0	0	978,0	0	1962,2	ERA5
1063337	20/04/2025	17	20/04/2025	13	HAE	0,3	0	-13,5	0	35,0	0	24,0	0	270,0	0	978,0	0	2398,9	ERA5
1063338	20/04/2025	18	20/04/2025	14	HAE	1,3	0	-14,6	0	30,0	0	21,0	0	300,0	0	979,0	0	2773,2	ERA5
1063339	20/04/2025	19	20/04/2025	15	HAE	2,3	0	-15,8	0	25,0	0	22,0	0	310,0	0	979,0	0	2992,4	ERA5
1063340	20/04/2025	20	20/04/2025	16	HAE	2,2	0	-15,1	0	27,0	0	18,0	0	280,0	0	980,0	0	2607,7	ERA5
1063341	20/04/2025	21	20/04/2025	17	HAE	2,7	0	-14,9	0	26,0	0	22,0	0	290,0	0	980,0	0	2064,4	ERA5
1063342	20/04/2025	22	20/04/2025	18	HAE	2,5	0	-15,8	0	25,0	0	24,0	0	280,0	0	981,0	0	1427,9	ERA5
1063343	20/04/2025	23	20/04/2025	19	HAE	2,3	0	-14,8	0	27,0	0	15,0	0	290,0	0	981,0	0	751,1	ERA5
1063344	21/04/2025	00	20/04/2025	20	HAE	0,7	0	-15,0	0	30,0	0	0,0	0	0,0	0	982,0	0	167,8	ERA5
1063345	21/04/2025	01	20/04/2025	21	HAE	-2,2	0	-12,6	0	45,0	0	8,0	0	310,0	0	982,0	0	0,0	ERA5
1063346	21/04/2025	02	20/04/2025	22	HAE	-3,9	0	-11,5	0	56,0	0	8,0	0	360,0	0	982,0	0	0,0	ERA5
1063347	21/04/2025	03	20/04/2025	23	HAE	-4,3	0	-11,2	0	59,0	0	0,0	0	0,0	0	981,0	0	0,0	ERA5
1063348	21/04/2025	04	21/04/2025	00	HAE	-7,4	0	-11,8	0	71,0	0	0,0	0	0,0	0	981,0	0	0,0	ERA5
1063349	21/04/2025	05	21/04/2025	01	HAE	-7,7	0	-11,4	0	75,0	0	0,0	0	0,0	0	981,0	0	0,0	ERA5
1063350	21/04/2025	06	21/04/2025	02	HAE	-7,4	0	-11,2	0	75,0	0	4,0	0	0,0	0	981,0	0	0,0	ERA5
1063351	21/04/2025	07	21/04/2025	03	HAE	-7,9	0	-10,5	0	82,0	0	0,0	0	0,0	0	981,0	0	0,0	ERA5
1063352	21/04/2025	08	21/04/2025	04	HAE	-8,8	0	-11,3	0	82,0	0	9,0	0	60,0	0	980,0	0	0,0	ERA5
1063353	21/04/2025	09	21/04/2025	05	HAE	-8,3	0	-11,3	0	79,0	0	4,0	0	0,0	0	980,0	0	0,0	ERA5
1063354	21/04/2025	10	21/04/2025	06	HAE	-7,8	0	-10,4	0	82,0	0	0,0	0	0,0	0	980,0	0	0,1	ERA5
1063355	21/04/2025	11	21/04/2025	07	HAE	-7,1	0	-10,1	0	79,0	0	0,0	0	0,0	0	980,0	0	169,5	ERA5
1063356	21/04/2025	12	21/04/2025	08	HAE	-3,3	0	-11,5	0	53,0	0	8,0	0	140,0	0	980,0	0	817,4	ERA5
1063357	21/04/2025	13	21/04/2025	09	HAE	-0,3	0	-12,1	0	41,0	0	17,0	0	150,0	0	979,0	0	1385,6	ERA5
1063358	21/04/2025	14	21/04/2025	10	HAE	1,4	0	-12,1	0	36,0	0	9,0	0	130,0	0	978,0	0	1807,7	ERA5
1063359	21/04/2025	15	21/04/2025	11	HAE	2,6	0	-12,7	0	32,0	0	9,0	0	170,0	0	978,0	0	2304,5	ERA5
1063360	21/04/2025	16	21/04/2025	12	HAE	4,0	0	-12,5	0	29,0	0	15,0	0	110,0	0	976,0	0	2611,3	ERA5
1063361	21/04/2025	17	21/04/2025	13	HAE	4,9	0	-11,6	0	29,0	0	15,0	0	120,0	0	975,0	0	2717,7	ERA5
1063362	21/04/2025	18	21/04/2025	14	HAE	5,3	0	-11,0	0	30,0	0	11,0	0	120,0	0	974,0	0	2632,7	ERA5
1063363	21/04/2025	19	21/04/2025	15	HAE	6,4	0	-10,9	0	28,0	0	18,0	0	130,0	0	972,0	0	2415,0	ERA5
1063364	21/04/2025	20	21/04/2025	16	HAE	6,7	0	-10,5	0	28,0	0	21,0	0	110,0	0	971,0	0	1342,4	ERA5
1063365	21/04/2025	21	21/04/2025	17	HAE	6,5	0	-10,2	0	29,0	0	13,0	0	130,0	0	971,0	0	680,0	ERA5
1063366	21/04/2025	22	21/04/2025	18	HAE	5,9	0	-10,2	0	31,0	0	15,0	0	90,0	0	970,0	0	418,5	ERA5
1063367	21/04/2025	23	21/04/2025	19	HAE	5,3	0	-10,1	0	32,0	0	18,0	0	100,0	0	968,0	0	193,8	ERA5
1063368	22/04/2025	00	21/04/2025	20	HAE	4,8	0	-10,0	0	34,0	0	21,0	0	100,0	0	967,0	0	30,5	ERA5
1063369	22/04/2025	01	21/04/2025	21	HAE	4,1	0	-10,2	0	35,0	0	17,0	0	130,0	0	968,0	0	0,0	ERA5
1063370	22/04/2025	02	21/04/2025	22	HAE	3,8	0	-9,5	0	37,0	0	30,0	0	130,0	0	967,0	0	0,0	ERA5
1063371	22/04/2025	03	21/04/2025	23	HAE	1,4	0	-2,3	0	76,0	0	21,0	0	90,0	0	966,0	0	0,0	ERA5
1063372	22/04/2025	04	22/04/2025	00	HAE	2,2	0	-3,5	0	66,0	0	13,0	0	140,0	0	965,0	0	0,0	ERA5
1063373	22/04/2025	05	22/04/2025	01	HAE	2,4	0	-3,1	0	67,0	0	28,0	0	120,0	0	965,0	0	0,0	ERA5
1063374	22/04/2025	06	22/04/2025	02	HAE	2,0	0	-1,3	0	79,0	0	28,0	0	100,0	0	963,0	0	0,0	ERA5
1063375	22/04/2025	07	22/04/2025	03	HAE	1,3	0	0,3	0	93,0	0	21,0	0	100,0	0	962,0	0	0,0	ERA5
1063376	22/04/2025	08	22/04/2025	04	HAE	1,5	0	0,5	0	93,0	0	21,0	0	110,0	0	961,0	0	0,0	ERA5
1063377	22/04/2025	09	22/04/2025	05	HAE	1,1	0	0,4	0	95,0	0	22,0	0	120,0	0	960,0	0	0,0	ERA5
1063378	22/04/2025	10	22/04/2025	06	HAE	1,1	0	0,5	0	96,0	0	22,0	0	110,0	0	960,0	0	0,1	ERA5
1063379	22/04/2025	11	22/04/2025	07	HAE	1,1	0	0,5	0	96,0	0	21,0	0	120,0	0	959,0	0	35,3	ERA5
1063380	22/04/2025	12	22/04/2025	08	HAE	1,0	0	0,6	0	97,0	0	17,0	0	120,0	0	959,0	0	178,2	ERA5
1063381	22/04/2025	13	22/04/2025	09	HAE	1,2	0	0,8	0	97,0	0	18,0	0	120,0	0	959,0	0	353,1	ERA5
1063382	22/04/2025	14	22/04/2025	10	HAE	1,4	0	0,8	0	96,0	0	21,0	0	140,0	0	959,0	0	433,4	ERA5
1063383	22/04/2025	15	22/04/2025	11	HAE	1,7	0	1,1	0	96,0	0	15,0	0	140,0	0	959,0	0	594,9	ERA5
1063384	22/04/2025	16	22/04/2025	12	HAE	2,0	0	1,4	0	96,0	0	11,0	0	130,0	0	959,0	0	610,3	ERA5
1063385	22/04/2025	17	22/04/2025	13	HAE	2,7	0	2,1	0	96,0	0	13,0	0	130,0	0	959,0	0	944,8	ERA5
1063386	22/04/2025	18	22/04/2025	14	HAE	3,4	0	3,0	0	97,0	0	11,0	0	160,0	0	960,0	0	945,2	ERA5
1063387	22/04/2025	19	22/04/2025	15	HAE	3,7	0	3,0	0	95,0	0	17,0	0	200,0	0	960,0	0	755,2	ERA5
1063388	22/04/2025	20	22/04/2025	16	HAE	3,7	0	2,8	0	94,0	0	17,0	0	200,0	0	960,0	0	683,4	ERA5
1063389	22/04/2025	21	22/04/2025	17	HAE	3,4	0	2,7	0	95,0	0	15,0	0	210,0	0	961,0	0	698,1	ERA5
1063390	22/04/2025	22	22/04/2025	18	HAE	2,9	0	2,3	0	96,0	0	15,0	0	200,0	0	962,0	0	450,4	ERA5
1063391	22/04/2025	23	22/04/2025	19	HAE	2,8	0	2,2	0	96,0	0	15,0	0	220,0	0	962,0	0	249,7	ERA5
1063392	23/04/2025	00	22/04/2025	20	HAE	2,1	0	1,7	0	97,0	0	13,0	0	220,0	0	963,0	0	50,9	ERA5
1063393	23/04/2025	01	22/04/2025	21	HAE	1,3	0	0,9	0	97,0	0	13,0	0	230,0	0	964,0	0	0,0	ERA5
1063394	23/04/2025	02	22/04/2025	22	HAE	0,8	0	0,4	0	97,0	0	15,0	0	240,0	0	964,0	0	0,0	ERA5
1063395	23/04/2025	03	22/04/2025	23	HAE	0,4	0	0,1	0	98,0	0	11,0	0	230,0	0	964,0	0	0,0	ERA5
1063396	23/04/2025	04	23/04/2025	00	HAE	0,2	0	-0,1	0	98,0	0	11,0	0	240,0	0	965,0	0	0,0	ERA5
1063397	23/04/2025	05	23/04/2025	01	HAE	0,1	0	-0,1	4.constant	99,0	0	9,0	0	240,0	0	965,0	0	0,0	ERA5
1063398	23/04/2025	06	23/04/2025	02	HAE	0,1	0	-0,1	4.lineaire	99,0	0	15,0	0	240,0	0	965,0	0	0,0	ERA5
1063399	23/04/2025	07	23/04/2025	03	HAE	0,1	4.lineaire	-0,1	0	99,0	0	13,0	0	250,0	0	966,0	0	0,0	ERA5
1063400	23/04/2025	08	23/04/2025	04	HAE	0,1	0	-0,1	4.lineaire	99,0	0	9,0	0	270,0	0	966,0	0	0,0	ERA5
1063401	23/04/2025	09	23/04/2025	05	HAE	0,1	0	-0,1	4.lineaire	99,0	0	11,0	0	260,0	0	967,0	0	0,0	ERA5
1063402	23/04/2025	10	23/04/2025	06	HAE	0,1	0	-0,1	4.lineaire	99,0	0	11,0	0	280,0	0	968,0	0	0,4	ERA5
1063403	23/04/2025	11	23/04/2025	07	HAE	0,2	0	-0,1	0	98,0	0	11,0	0	280,0	0	969,0	0	64,4	ERA5
1063404	23/04/2025	12	23/04/2025	08	HAE	0,6	0	0,2	0	97,0	0	15,0	0	290,0	0	970,0	0	270,8	ERA5
1063405	23/04/2025	13	23/04/2025	09	HAE	1,1	0	0,4	0	95,0	0	15,0	0	290,0	0	970,0	0	462,1	ERA5
1063406	23/04/2025	14	23/04/2025	10	HAE	1,5	0	0,8	0	95,0	0	13,0	0	300,0	0	971,0	0	739,7	ERA5
1063407	23/04/2025	15	23/04/2025	11	HAE	2,2	0	1,0	0	92,0	0	13,0	0	300,0	0	972,0	0	767,3	ERA5
1063408	23/04/2025	16	23/04/2025	12	HAE	2,0	0	1,0	0	93,0	0	15,0	0	300,0	0	972,0	0	959,7	ERA5
1063409	23/04/2025	17	23/04/2025	13	HAE	2,5	0	1,2	0	91,0	0	15,0	0	300,0	0	973,0	0	1165,2	ERA5
1063410	23/04/2025	18	23/04/2025	14	HAE	3,8	0	1,1	0	83,0	0	17,0	0	300,0	0	974,0	0	1020,4	ERA5
1063411	23/04/2025	19	23/04/2025	15	HAE	3,1	0	1,5	0	89,0	0	18,0	0	280,0	0	974,0	0	1056,0	ERA5
1063412	23/04/2025	20	23/04/2025	16	HAE	3,2	0	1,2	0	87,0	0	15,0	0	300,0	0	975,0	0	777,3	ERA5
1063413	23/04/2025	21	23/04/2025	17	HAE	3,5	0	1,2	0	85,0	0	11,0	0	300,0	0	975,0	0	635,3	ERA5
1063414	23/04/2025	22	23/04/2025	18	HAE	3,4	0	-0,1	0	78,0	0	15,0	0	300,0	0	976,0	0	397,3	ERA5
1063415	23/04/2025	23	23/04/2025	19	HAE	2,9	0	-0,4	0	79,0	0	15,0	0	300,0	0	977,0	0	204,5	ERA5
1063416	24/04/2025	00	23/04/2025	20	HAE	2,3	0	-0,4	0	82,0	0	11,0	0	290,0	0	977,0	0	56,7	ERA5
1063417	24/04/2025	01	23/04/2025	21	HAE	1,4	0	-0,7	0	86,0	0	8,0	0	290,0	0	978,0	0	0,0	ERA5
1063418	24/04/2025	02	23/04/2025	22	HAE	0,8	0	-0,7	0	90,0	0	5,0	0	260,0	0	978,0	0	0,0	ERA5
1063419	24/04/2025	03	23/04/2025	23	HAE	0,2	0	-1,1	0	91,0	0	11,0	0	270,0	0	978,0	0	0,0	ERA5
1063420	24/04/2025	04	24/04/2025	00	HAE	0,2	4.constant	-1,1	0	92,0	0	8,0	0	280,0	0	978,0	0	0,0	ERA5
1063421	24/04/2025	05	24/04/2025	01	HAE	0,2	4.constant	-1,0	0	93,0	0	0,0	0	0,0	0	978,0	0	0,0	ERA5
1063422	24/04/2025	06	24/04/2025	02	HAE	-0,8	0	-1,4	0	96,0	0	5,0	0	220,0	0	978,0	0	0,0	ERA5
1063423	24/04/2025	07	24/04/2025	03	HAE	-0,8	0	-1,4	0	96,0	0	5,0	0	240,0	0	978,0	0	0,0	ERA5
1063424	24/04/2025	08	24/04/2025	04	HAE	-0,9	0	-1,5	0	96,0	0	0,0	0	0,0	0	978,0	0	0,0	ERA5
1063425	24/04/2025	09	24/04/2025	05	HAE	-1,1	0	-1,5	0	97,0	0	5,0	0	250,0	0	978,0	0	0,0	ERA5
1063426	24/04/2025	10	24/04/2025	06	HAE	-1,2	0	-1,5	0	98,0	0	5,0	0	230,0	0	979,0	0	1,3	ERA5
1063427	24/04/2025	11	24/04/2025	07	HAE	-0,9	0	-1,3	0	97,0	0	4,0	0	0,0	0	979,0	0	124,2	ERA5
1063428	24/04/2025	12	24/04/2025	08	HAE	1,1	0	-0,5	0	89,0	0	5,0	0	190,0	0	979,0	0	416,8	ERA5
1063429	24/04/2025	13	24/04/2025	09	HAE	2,1	0	-0,4	0	83,0	0	4,0	0	0,0	0	978,0	0	730,0	ERA5
1063430	24/04/2025	14	24/04/2025	10	HAE	3,2	0	-0,3	0	78,0	0	8,0	0	50,0	0	978,0	0	989,5	ERA5
1063431	24/04/2025	15	24/04/2025	11	HAE	4,0	0	-0,8	0	71,0	0	0,0	0	0,0	0	978,0	0	1145,1	ERA5
1063432	24/04/2025	16	24/04/2025	12	HAE	4,3	0	-1,4	0	67,0	0	4,0	0	0,0	0	978,0	0	1110,9	ERA5
1063433	24/04/2025	17	24/04/2025	13	HAE	4,3	0	-1,8	0	65,0	0	17,0	0	190,0	0	977,0	0	1219,0	ERA5
1063434	24/04/2025	18	24/04/2025	14	HAE	4,0	0	-1,3	0	68,0	0	15,0	0	180,0	0	977,0	0	1201,7	ERA5
1063435	24/04/2025	19	24/04/2025	15	HAE	4,0	0	-1,0	0	70,0	0	5,0	0	170,0	0	977,0	0	1074,2	ERA5
1063436	24/04/2025	20	24/04/2025	16	HAE	3,5	0	-0,1	4.lineaire	78,0	0	5,0	0	310,0	0	977,0	0	973,3	ERA5
1063437	24/04/2025	21	24/04/2025	17	HAE	2,6	0	0,8	0	88,0	0	5,0	0	340,0	0	977,0	0	880,7	ERA5
1063438	24/04/2025	22	24/04/2025	18	HAE	3,0	0	1,2	0	88,0	0	5,0	0	290,0	0	977,0	0	722,2	ERA5
1063439	24/04/2025	23	24/04/2025	19	HAE	2,8	0	1,5	0	91,0	0	5,0	0	320,0	0	978,0	0	361,1	ERA5
1063440	25/04/2025	00	24/04/2025	20	HAE	2,7	0	1,5	0	92,0	0	4,0	0	310,0	0	978,0	0	54,7	ERA5
1063441	25/04/2025	01	24/04/2025	21	HAE	2,0	0	1,6	0	97,0	0	4,0	0	330,0	0	978,0	0	0,0	ERA5
1063442	25/04/2025	02	24/04/2025	22	HAE	1,6	0	0,9	0	95,0	0	8,0	0	350,0	0	978,0	0	0,0	ERA5
1063443	25/04/2025	03	24/04/2025	23	HAE	1,5	0	0,7	0	94,0	0	5,0	0	350,0	0	978,0	0	0,0	ERA5
1063444	25/04/2025	04	25/04/2025	00	HAE	1,4	0	0,7	0	95,0	0	8,0	0	320,0	0	978,0	0	0,0	ERA5
1063445	25/04/2025	05	25/04/2025	01	HAE	0,7	0	0,7	4.constant	95,0	0	5,0	0	320,0	0	978,0	0	0,0	ERA5
1063446	25/04/2025	06	25/04/2025	02	HAE	-0,8	0	-1,1	0	98,0	0	5,0	0	330,0	0	978,0	0	0,0	ERA5
1063447	25/04/2025	07	25/04/2025	03	HAE	-1,3	0	-1,4	0	99,0	0	8,0	0	320,0	0	979,0	0	0,0	ERA5
1063448	25/04/2025	08	25/04/2025	04	HAE	-1,7	0	-1,8	0	99,0	0	8,0	0	320,0	0	979,0	0	0,0	ERA5
1063449	25/04/2025	09	25/04/2025	05	HAE	-0,9	0	-1,0	0	99,0	0	8,0	0	300,0	0	979,0	0	0,0	ERA5
1063450	25/04/2025	10	25/04/2025	06	HAE	-1,8	0	-2,1	0	98,0	0	5,0	0	230,0	0	980,0	0	3,0	ERA5
1063451	25/04/2025	11	25/04/2025	07	HAE	-0,8	0	-1,1	0	98,0	0	8,0	0	280,0	0	980,0	0	269,2	ERA5
1063452	25/04/2025	12	25/04/2025	08	HAE	1,4	0	-0,4	0	88,0	0	5,0	0	340,0	0	980,0	0	861,8	ERA5
1063453	25/04/2025	13	25/04/2025	09	HAE	3,0	0	-1,0	0	75,0	0	11,0	0	20,0	0	980,0	0	1512,2	ERA5
1063454	25/04/2025	14	25/04/2025	10	HAE	4,8	0	-1,7	0	63,0	0	9,0	0	350,0	0	980,0	0	2121,0	ERA5
1063455	25/04/2025	15	25/04/2025	11	HAE	6,5	0	-3,2	0	50,0	0	13,0	0	10,0	0	980,0	0	2636,5	ERA5
1063456	25/04/2025	16	25/04/2025	12	HAE	6,9	0	-2,8	0	50,0	0	9,0	0	50,0	0	980,0	0	2927,6	ERA5
1063457	25/04/2025	17	25/04/2025	13	HAE	7,5	0	-3,8	0	45,0	0	11,0	0	80,0	0	979,0	0	3028,0	ERA5
1063458	25/04/2025	18	25/04/2025	14	HAE	7,8	0	-4,4	0	42,0	0	11,0	0	60,0	0	979,0	0	2889,5	ERA5
1063459	25/04/2025	19	25/04/2025	15	HAE	8,0	0	-4,0	0	42,0	0	15,0	0	50,0	0	978,0	0	2367,1	ERA5
1063460	25/04/2025	20	25/04/2025	16	HAE	8,7	0	-4,1	0	40,0	0	13,0	0	40,0	0	978,0	0	2212,3	ERA5
1063461	25/04/2025	21	25/04/2025	17	HAE	8,4	0	-4,7	0	39,0	0	5,0	0	40,0	0	977,0	0	1578,8	ERA5
1063462	25/04/2025	22	25/04/2025	18	HAE	8,3	0	-4,7	0	40,0	0	11,0	0	70,0	0	977,0	0	835,0	ERA5
1063463	25/04/2025	23	25/04/2025	19	HAE	8,1	0	-4,1	0	42,0	0	5,0	0	70,0	0	976,0	0	438,1	ERA5
1063464	26/04/2025	00	25/04/2025	20	HAE	6,1	0	-4,1	0	48,0	0	9,0	0	10,0	0	976,0	0	106,5	ERA5
1063465	26/04/2025	01	25/04/2025	21	HAE	4,9	0	-4,4	0	51,0	0	11,0	0	30,0	0	976,0	0	0,1	ERA5
1063466	26/04/2025	02	25/04/2025	22	HAE	3,7	0	-4,3	0	56,0	0	9,0	0	30,0	0	976,0	0	0,0	ERA5
1063467	26/04/2025	03	25/04/2025	23	HAE	3,2	0	-5,0	0	55,0	0	9,0	0	40,0	0	975,0	0	0,0	ERA5
1063468	26/04/2025	04	26/04/2025	00	HAE	2,9	0	-5,3	0	55,0	0	9,0	0	30,0	0	975,0	0	0,0	ERA5
1063469	26/04/2025	05	26/04/2025	01	HAE	2,7	0	-5,9	0	53,0	0	8,0	0	40,0	0	974,0	0	-0,0	ERA5
1063470	26/04/2025	06	26/04/2025	02	HAE	2,7	0	-5,6	0	55,0	0	4,0	0	0,0	0	974,0	0	0,0	ERA5
1063471	26/04/2025	07	26/04/2025	03	HAE	2,1	0	-6,0	0	55,0	0	5,0	0	60,0	0	973,0	0	0,0	ERA5
1063472	26/04/2025	08	26/04/2025	04	HAE	2,2	0	-5,9	0	55,0	0	5,0	0	30,0	0	972,0	0	0,0	ERA5
1063473	26/04/2025	09	26/04/2025	05	HAE	1,6	0	-4,3	0	65,0	0	5,0	0	60,0	0	972,0	0	0,0	ERA5
1063474	26/04/2025	10	26/04/2025	06	HAE	1,1	0	-2,3	0	78,0	0	8,0	0	60,0	0	972,0	0	1,9	ERA5
1063475	26/04/2025	11	26/04/2025	07	HAE	1,5	0	-0,1	0	89,0	0	8,0	0	70,0	0	972,0	0	104,4	ERA5
1063476	26/04/2025	12	26/04/2025	08	HAE	2,3	0	0,5	0	88,0	0	9,0	0	70,0	0	972,0	0	315,4	ERA5
1063477	26/04/2025	13	26/04/2025	09	HAE	3,7	0	1,1	0	83,0	0	13,0	0	60,0	0	972,0	0	690,2	ERA5
1063478	26/04/2025	14	26/04/2025	10	HAE	4,7	0	0,9	0	77,0	0	15,0	0	30,0	0	971,0	0	1176,8	ERA5
1063479	26/04/2025	15	26/04/2025	11	HAE	6,1	0	0,1	0	66,0	0	22,0	0	50,0	0	971,0	0	1620,0	ERA5
1063480	26/04/2025	16	26/04/2025	12	HAE	6,8	0	-0,2	0	61,0	0	17,0	0	40,0	0	971,0	0	2123,1	ERA5
1063481	26/04/2025	17	26/04/2025	13	HAE	7,2	0	-0,5	0	58,0	0	22,0	0	50,0	0	971,0	0	2067,8	ERA5
1063482	26/04/2025	18	26/04/2025	14	HAE	8,0	0	-0,7	0	54,0	0	22,0	0	60,0	0	970,0	0	1787,3	ERA5
1063483	26/04/2025	19	26/04/2025	15	HAE	8,1	0	-1,1	0	52,0	0	22,0	0	70,0	0	970,0	0	1457,0	ERA5
1063484	26/04/2025	20	26/04/2025	16	HAE	7,9	0	-0,8	0	54,0	0	17,0	0	60,0	0	969,0	0	1197,1	ERA5
1063485	26/04/2025	21	26/04/2025	17	HAE	8,0	0	-1,3	0	52,0	0	17,0	0	50,0	0	969,0	0	1248,5	ERA5
1063486	26/04/2025	22	26/04/2025	18	HAE	7,5	0	-1,2	0	54,0	0	13,0	0	60,0	0	969,0	0	727,4	ERA5
1063487	26/04/2025	23	26/04/2025	19	HAE	7,2	0	-1,3	0	55,0	0	11,0	0	40,0	0	969,0	0	351,1	ERA5
1063488	27/04/2025	00	26/04/2025	20	HAE	6,7	0	-2,0	0	54,0	0	8,0	0	10,0	0	970,0	0	124,4	ERA5
1063489	27/04/2025	01	26/04/2025	21	HAE	3,7	0	-2,3	0	65,0	0	11,0	0	340,0	0	970,0	0	0,3	ERA5
1063490	27/04/2025	02	26/04/2025	22	HAE	4,4	0	-3,5	0	57,0	0	9,0	0	10,0	0	970,0	0	0,0	ERA5
1063491	27/04/2025	03	26/04/2025	23	HAE	2,9	0	-3,7	0	62,0	0	13,0	0	360,0	0	971,0	0	0,0	ERA5
1063492	27/04/2025	04	27/04/2025	00	HAE	2,5	0	-4,5	0	60,0	0	11,0	0	340,0	0	971,0	0	0,0	ERA5
1063493	27/04/2025	05	27/04/2025	01	HAE	1,5	0	-5,0	0	62,0	0	13,0	0	340,0	0	971,0	0	0,0	ERA5
1063494	27/04/2025	06	27/04/2025	02	HAE	1,0	0	-5,3	0	63,0	0	13,0	0	350,0	0	971,0	0	0,0	ERA5
1063495	27/04/2025	07	27/04/2025	03	HAE	1,0	0	-5,9	0	60,0	0	17,0	0	350,0	0	971,0	0	0,0	ERA5
1063496	27/04/2025	08	27/04/2025	04	HAE	0,1	0	-5,9	0	64,0	0	13,0	0	350,0	0	971,0	0	0,0	ERA5
1063497	27/04/2025	09	27/04/2025	05	HAE	-0,6	0	-6,4	0	65,0	0	11,0	0	330,0	0	971,0	0	0,0	ERA5
1063498	27/04/2025	10	27/04/2025	06	HAE	-0,4	0	-6,0	0	66,0	0	11,0	0	330,0	0	972,0	0	6,1	ERA5
1063499	27/04/2025	11	27/04/2025	07	HAE	0,8	0	-5,3	0	64,0	0	9,0	0	330,0	0	973,0	0	302,2	ERA5
1063500	27/04/2025	12	27/04/2025	08	HAE	3,2	0	-5,2	0	54,0	0	13,0	0	350,0	0	973,0	0	909,5	ERA5
1063501	27/04/2025	13	27/04/2025	09	HAE	5,6	0	-4,6	0	48,0	0	15,0	0	350,0	0	973,0	0	1563,6	ERA5
1063502	27/04/2025	14	27/04/2025	10	HAE	7,3	0	-4,7	0	42,0	0	18,0	0	340,0	0	973,0	0	2167,0	ERA5
1063503	27/04/2025	15	27/04/2025	11	HAE	9,7	0	-4,7	0	36,0	0	24,0	0	330,0	0	973,0	0	2658,3	ERA5
1063504	27/04/2025	16	27/04/2025	12	HAE	11,6	0	-3,7	0	34,0	0	15,0	0	300,0	0	972,0	0	3002,7	ERA5
1063505	27/04/2025	17	27/04/2025	13	HAE	12,4	0	-2,6	0	35,0	0	17,0	0	320,0	0	972,0	0	3175,1	ERA5
1063506	27/04/2025	18	27/04/2025	14	HAE	13,7	0	-2,6	0	32,0	0	17,0	0	310,0	0	972,0	0	3163,0	ERA5
1063507	27/04/2025	19	27/04/2025	15	HAE	14,5	0	-2,3	0	31,0	0	17,0	0	300,0	0	972,0	0	2965,3	ERA5
1063508	27/04/2025	20	27/04/2025	16	HAE	14,9	0	-2,9	0	29,0	0	17,0	0	330,0	0	972,0	0	2594,2	ERA5
1063509	27/04/2025	21	27/04/2025	17	HAE	15,1	0	-4,4	0	26,0	0	18,0	0	310,0	0	972,0	0	2078,5	ERA5
1063510	27/04/2025	22	27/04/2025	18	HAE	15,1	0	-4,0	0	27,0	0	18,0	0	330,0	0	972,0	0	1462,6	ERA5
1063511	27/04/2025	23	27/04/2025	19	HAE	14,7	0	-4,1	0	27,0	0	9,0	0	300,0	0	972,0	0	811,4	ERA5
1063512	28/04/2025	00	27/04/2025	20	HAE	10,9	0	-2,8	0	38,0	0	4,0	0	300,0	0	972,0	0	232,9	ERA5
1063513	28/04/2025	01	27/04/2025	21	HAE	5,4	0	-2,7	0	56,0	0	0,0	0	0,0	0	973,0	0	1,0	ERA5
1063514	28/04/2025	02	27/04/2025	22	HAE	3,9	0	-4,3	0	55,0	0	0,0	0	0,0	0	973,0	0	0,0	ERA5
1063515	28/04/2025	03	27/04/2025	23	HAE	0,5	0	-3,1	0	77,0	0	0,0	0	0,0	0	973,0	0	0,0	ERA5
1063516	28/04/2025	04	28/04/2025	00	HAE	-0,5	0	-3,6	0	80,0	0	4,0	0	0,0	0	974,0	0	0,0	ERA5
1063517	28/04/2025	05	28/04/2025	01	HAE	-0,1	0	-3,7	0	77,0	0	5,0	0	180,0	0	974,0	0	0,0	ERA5
1063518	28/04/2025	06	28/04/2025	02	HAE	0,1	0	-4,0	0	74,0	0	4,0	0	160,0	0	974,0	0	0,0	ERA5
1063519	28/04/2025	07	28/04/2025	03	HAE	-0,1	0	-3,7	0	77,0	0	4,0	0	130,0	0	974,0	0	0,0	ERA5
1063520	28/04/2025	08	28/04/2025	04	HAE	-1,7	0	-3,3	0	89,0	0	4,0	0	0,0	0	974,0	0	0,0	ERA5
1063521	28/04/2025	09	28/04/2025	05	HAE	-1,7	0	-4,1	0	84,0	0	0,0	0	0,0	0	974,0	0	0,0	ERA5
1063522	28/04/2025	10	28/04/2025	06	HAE	-2,6	0	-4,0	0	90,0	0	4,0	0	140,0	0	974,0	0	8,1	ERA5
1063523	28/04/2025	11	28/04/2025	07	HAE	0,1	0	-2,3	0	84,0	0	4,0	0	190,0	0	974,0	0	316,9	ERA5
1063524	28/04/2025	12	28/04/2025	08	HAE	5,7	0	-2,0	0	58,0	0	8,0	0	170,0	0	974,0	0	887,8	ERA5
1063525	28/04/2025	13	28/04/2025	09	HAE	10,8	0	-2,9	0	38,0	0	13,0	0	210,0	0	974,0	0	1406,3	ERA5
1063526	28/04/2025	14	28/04/2025	10	HAE	12,6	0	-2,5	0	35,0	0	17,0	0	200,0	0	973,0	0	1878,0	ERA5
1063527	28/04/2025	15	28/04/2025	11	HAE	13,3	0	-4,6	0	29,0	0	21,0	0	230,0	0	973,0	0	2406,3	ERA5
1063528	28/04/2025	16	28/04/2025	12	HAE	14,5	0	-5,4	0	25,0	0	18,0	0	250,0	0	973,0	0	2275,9	ERA5
1063529	28/04/2025	17	28/04/2025	13	HAE	14,6	0	-4,7	0	26,0	0	13,0	0	200,0	0	972,0	0	2179,7	ERA5
1063530	28/04/2025	18	28/04/2025	14	HAE	16,1	0	-3,2	0	26,0	0	24,0	0	200,0	0	971,0	0	1666,0	ERA5
1063531	28/04/2025	19	28/04/2025	15	HAE	14,7	0	-5,1	0	25,0	0	30,0	0	210,0	0	971,0	0	1740,8	ERA5
1063532	28/04/2025	20	28/04/2025	16	HAE	12,8	0	-1,7	0	37,0	0	37,0	0	230,0	0	971,0	0	1596,6	ERA5
1063533	28/04/2025	21	28/04/2025	17	HAE	8,4	0	4,6	0	77,0	0	21,0	0	180,0	0	971,0	0	1345,7	ERA5
1063534	28/04/2025	22	28/04/2025	18	HAE	8,0	0	4,0	0	76,0	0	21,0	0	160,0	0	970,0	0	588,2	ERA5
1063535	28/04/2025	23	28/04/2025	19	HAE	7,7	0	3,2	0	73,0	0	21,0	0	160,0	0	970,0	0	272,3	ERA5
1063536	29/04/2025	00	28/04/2025	20	HAE	7,2	0	2,9	0	74,0	0	17,0	0	160,0	0	969,0	0	93,6	ERA5
1063537	29/04/2025	01	28/04/2025	21	HAE	7,6	0	1,5	0	65,0	0	11,0	0	170,0	0	968,0	0	0,8	ERA5
1063538	29/04/2025	02	28/04/2025	22	HAE	7,5	0	0,4	0	61,0	0	13,0	0	170,0	0	967,0	0	-0,0	ERA5
1063539	29/04/2025	03	28/04/2025	23	HAE	7,4	0	-0,3	0	58,0	0	13,0	0	170,0	0	966,0	0	0,0	ERA5
1063540	29/04/2025	04	29/04/2025	00	HAE	7,5	0	-0,9	0	55,0	0	17,0	0	170,0	0	965,0	0	0,0	ERA5
1063541	29/04/2025	05	29/04/2025	01	HAE	7,2	0	-1,3	0	55,0	0	17,0	0	160,0	0	964,0	0	0,0	ERA5
1063542	29/04/2025	06	29/04/2025	02	HAE	7,7	0	-1,5	0	52,0	0	17,0	0	170,0	0	962,0	0	0,0	ERA5
1063543	29/04/2025	07	29/04/2025	03	HAE	7,5	0	-0,9	0	55,0	0	21,0	0	190,0	0	963,0	0	0,0	ERA5
1063544	29/04/2025	08	29/04/2025	04	HAE	5,5	0	4,6	0	94,0	0	22,0	0	180,0	0	962,0	0	0,0	ERA5
1063545	29/04/2025	09	29/04/2025	05	HAE	5,0	0	4,4	0	96,0	0	22,0	0	170,0	0	961,0	0	0,0	ERA5
1063546	29/04/2025	10	29/04/2025	06	HAE	5,2	0	4,8	0	97,0	0	24,0	0	170,0	0	958,0	0	1,6	ERA5
1063547	29/04/2025	11	29/04/2025	07	HAE	5,2	0	4,6	0	96,0	0	18,0	0	170,0	0	957,0	0	38,2	ERA5
1063548	29/04/2025	12	29/04/2025	08	HAE	5,8	0	4,5	0	91,0	0	28,0	0	170,0	0	956,0	0	248,8	ERA5
1063549	29/04/2025	13	29/04/2025	09	HAE	6,6	0	5,2	0	91,0	0	21,0	0	180,0	0	955,0	0	507,1	ERA5
1063550	29/04/2025	14	29/04/2025	10	HAE	7,6	0	5,6	0	87,0	0	18,0	0	180,0	0	954,0	0	304,6	ERA5
1063551	29/04/2025	15	29/04/2025	11	HAE	9,5	0	6,5	0	81,0	0	17,0	0	190,0	0	953,0	0	651,7	ERA5
1063552	29/04/2025	16	29/04/2025	12	HAE	11,9	0	6,9	0	71,0	0	22,0	0	210,0	0	952,0	0	668,2	ERA5
1063553	29/04/2025	17	29/04/2025	13	HAE	13,2	0	7,7	0	69,0	0	24,0	0	220,0	0	952,0	0	722,7	ERA5
1063554	29/04/2025	18	29/04/2025	14	HAE	13,6	0	7,6	0	67,0	0	26,0	0	240,0	0	952,0	0	864,3	ERA5
1063555	29/04/2025	19	29/04/2025	15	HAE	11,4	0	8,1	0	80,0	0	15,0	0	300,0	0	952,0	0	552,1	ERA5
1063556	29/04/2025	20	29/04/2025	16	HAE	10,0	0	8,1	0	88,0	0	13,0	0	280,0	0	952,0	0	358,0	ERA5
1063557	29/04/2025	21	29/04/2025	17	HAE	7,6	0	7,3	0	98,0	0	13,0	0	300,0	0	952,0	0	218,2	ERA5
1063558	29/04/2025	22	29/04/2025	18	HAE	7,0	0	6,9	0	99,0	0	9,0	0	330,0	0	951,0	0	107,1	ERA5
1063559	29/04/2025	23	29/04/2025	19	HAE	4,8	0	4,4	0	97,0	0	15,0	0	330,0	0	952,0	0	61,2	ERA5
1063560	30/04/2025	00	29/04/2025	20	HAE	2,0	0	1,4	0	96,0	0	21,0	0	330,0	0	952,0	0	21,5	ERA5
1063561	30/04/2025	01	29/04/2025	21	HAE	1,1	0	0,7	0	97,0	0	17,0	0	320,0	0	952,0	0	0,2	ERA5
1063562	30/04/2025	02	29/04/2025	22	HAE	-0,2	0	-0,5	0	98,0	0	22,0	0	310,0	0	954,0	0	0,0	ERA5
1063563	30/04/2025	03	29/04/2025	23	HAE	-1,5	0	-2,2	0	95,0	0	26,0	0	320,0	0	955,0	0	0,0	ERA5
1063564	30/04/2025	04	30/04/2025	00	HAE	-3,0	0	-3,8	0	94,0	0	26,0	0	300,0	0	958,0	0	0,0	ERA5
1063565	30/04/2025	05	30/04/2025	01	HAE	-3,9	0	-4,9	0	93,0	0	28,0	0	300,0	0	959,0	0	0,0	ERA5
1063566	30/04/2025	06	30/04/2025	02	HAE	-4,7	0	-6,1	0	90,0	0	22,0	0	300,0	0	961,0	0	0,0	ERA5
1063567	30/04/2025	07	30/04/2025	03	HAE	-5,3	0	-6,5	0	91,0	0	21,0	0	300,0	0	963,0	0	0,0	ERA5
1063568	30/04/2025	08	30/04/2025	04	HAE	-5,9	0	-7,1	0	91,0	0	30,0	0	300,0	0	964,0	0	0,0	ERA5
1063569	30/04/2025	09	30/04/2025	05	HAE	-6,6	0	-7,7	0	92,0	0	18,0	0	300,0	0	966,0	0	0,0	ERA5
1063570	30/04/2025	10	30/04/2025	06	HAE	-7,1	0	-8,6	0	89,0	0	17,0	0	300,0	0	968,0	0	4,8	ERA5
1063571	30/04/2025	11	30/04/2025	07	HAE	-6,8	0	-8,6	0	87,0	0	24,0	0	310,0	0	969,0	0	114,1	ERA5
1063572	30/04/2025	12	30/04/2025	08	HAE	-6,8	0	-9,1	0	84,0	0	32,0	0	320,0	0	970,0	0	343,9	ERA5
1063573	30/04/2025	13	30/04/2025	09	HAE	-6,6	0	-8,7	0	85,0	0	22,0	0	310,0	0	971,0	0	671,8	ERA5
1063574	30/04/2025	14	30/04/2025	10	HAE	-6,4	0	-8,7	0	84,0	0	22,0	0	300,0	0	972,0	0	871,3	ERA5
1063575	30/04/2025	15	30/04/2025	11	HAE	-5,8	0	-8,7	0	80,0	0	26,0	0	310,0	0	973,0	0	1216,1	ERA5
1063576	30/04/2025	16	30/04/2025	12	HAE	-5,5	0	-7,8	0	84,0	0	11,0	0	300,0	0	974,0	0	1540,0	ERA5
1063577	30/04/2025	17	30/04/2025	13	HAE	-5,3	0	-7,9	0	82,0	0	18,0	0	300,0	0	974,0	0	2054,3	ERA5
1063578	30/04/2025	18	30/04/2025	14	HAE	-4,3	0	-7,2	0	81,0	0	17,0	0	300,0	0	974,0	0	2430,4	ERA5
1063579	30/04/2025	19	30/04/2025	15	HAE	-4,2	0	-6,9	0	82,0	0	18,0	0	290,0	0	974,0	0	2381,3	ERA5
1063580	30/04/2025	20	30/04/2025	16	HAE	-3,5	0	-6,3	0	81,0	0	11,0	0	330,0	0	975,0	0	2248,3	ERA5
1063581	30/04/2025	21	30/04/2025	17	HAE	-3,2	0	-6,2	0	80,0	0	11,0	0	300,0	0	975,0	0	1962,9	ERA5
1063582	30/04/2025	22	30/04/2025	18	HAE	-3,2	0	-6,5	0	78,0	0	5,0	0	320,0	0	975,0	0	1414,4	ERA5
1063583	30/04/2025	23	30/04/2025	19	HAE	-3,3	0	-6,8	0	77,0	0	9,0	0	340,0	0	975,0	0	859,4	ERA5
1063584	01/05/2025	00	30/04/2025	20	HAE	-3,4	0	-6,9	0	77,0	0	0,0	0	0,0	0	975,0	0	269,4	ERA5
1063585	01/05/2025	01	30/04/2025	21	HAE	-3,8	0	-6,6	0	81,0	0	5,0	0	200,0	0	975,0	0	3,2	ERA5
1063586	01/05/2025	02	30/04/2025	22	HAE	-4,0	0	-6,8	0	81,0	0	8,0	0	190,0	0	975,0	0	0,0	ERA5
1063587	01/05/2025	03	30/04/2025	23	HAE	-4,2	0	-6,8	0	82,0	0	0,0	0	0,0	0	975,0	0	0,0	ERA5
1063588	01/05/2025	04	01/05/2025	00	HAE	-4,7	0	-6,7	0	86,0	0	5,0	0	200,0	0	975,0	0	0,0	ERA5
1063589	01/05/2025	05	01/05/2025	01	HAE	-4,8	0	-6,8	0	86,0	0	11,0	0	140,0	0	975,0	0	0,0	ERA5
1063590	01/05/2025	06	01/05/2025	02	HAE	-6,3	0	-7,8	0	89,0	0	8,0	0	120,0	0	975,0	0	0,0	ERA5
1063591	01/05/2025	07	01/05/2025	03	HAE	-6,4	0	-7,5	0	92,0	0	9,0	0	140,0	0	975,0	0	0,0	ERA5
1063592	01/05/2025	08	01/05/2025	04	HAE	-8,1	0	-9,0	0	93,0	0	8,0	0	100,0	0	975,0	0	0,0	ERA5
1063593	01/05/2025	09	01/05/2025	05	HAE	-7,6	0	-8,4	0	94,0	0	9,0	0	120,0	0	974,0	0	0,0	ERA5
1063594	01/05/2025	10	01/05/2025	06	HAE	-7,8	0	-8,6	0	94,0	0	4,0	0	130,0	0	975,0	0	14,8	ERA5
1063595	01/05/2025	11	01/05/2025	07	HAE	-6,7	0	-7,4	0	95,0	0	9,0	0	130,0	0	975,0	0	346,4	ERA5
1063596	01/05/2025	12	01/05/2025	08	HAE	-5,6	0	-6,6	0	93,0	0	11,0	0	130,0	0	975,0	0	886,5	ERA5
1063597	01/05/2025	13	01/05/2025	09	HAE	-3,3	0	-5,3	0	86,0	0	13,0	0	150,0	0	974,0	0	1423,0	ERA5
1063598	01/05/2025	14	01/05/2025	10	HAE	-1,3	0	-5,0	0	76,0	0	5,0	0	180,0	0	974,0	0	2084,6	ERA5
1063599	01/05/2025	15	01/05/2025	11	HAE	0,8	0	-4,1	0	70,0	0	9,0	0	160,0	0	973,0	0	2574,0	ERA5
1063600	01/05/2025	16	01/05/2025	12	HAE	2,4	0	-3,0	0	68,0	0	11,0	0	140,0	0	973,0	0	2835,8	ERA5
1063601	01/05/2025	17	01/05/2025	13	HAE	2,5	0	-3,3	0	66,0	0	9,0	0	140,0	0	972,0	0	3017,9	ERA5
1063602	01/05/2025	18	01/05/2025	14	HAE	3,7	0	-2,8	0	63,0	0	13,0	0	140,0	0	972,0	0	2767,8	ERA5
1063603	01/05/2025	19	01/05/2025	15	HAE	4,8	0	-2,2	0	60,0	0	9,0	0	140,0	0	972,0	0	1902,2	ERA5
1063604	01/05/2025	20	01/05/2025	16	HAE	5,9	0	-2,0	0	57,0	0	9,0	0	160,0	0	971,0	0	1550,8	ERA5
1063605	01/05/2025	21	01/05/2025	17	HAE	6,9	0	-2,4	0	52,0	0	5,0	0	0,0	0	971,0	0	1048,7	ERA5
1063606	01/05/2025	22	01/05/2025	18	HAE	7,2	0	-2,8	0	49,0	0	5,0	0	50,0	0	970,0	0	832,8	ERA5
1063607	01/05/2025	23	01/05/2025	19	HAE	5,8	0	-1,6	0	59,0	0	8,0	0	60,0	0	970,0	0	404,7	ERA5
1063608	02/05/2025	00	01/05/2025	20	HAE	4,5	0	-1,9	0	63,0	0	9,0	0	50,0	0	970,0	0	125,7	ERA5
1063609	02/05/2025	01	01/05/2025	21	HAE	3,9	0	-1,9	0	66,0	0	11,0	0	60,0	0	969,0	0	2,2	ERA5
1063610	02/05/2025	02	01/05/2025	22	HAE	3,7	0	-2,2	0	65,0	0	15,0	0	60,0	0	969,0	0	0,0	ERA5
1063611	02/05/2025	03	01/05/2025	23	HAE	3,2	0	-2,3	0	67,0	0	11,0	0	60,0	0	969,0	0	0,0	ERA5
1063612	02/05/2025	04	02/05/2025	00	HAE	2,4	0	-2,1	0	72,0	0	13,0	0	60,0	0	968,0	0	0,0	ERA5
1063613	02/05/2025	05	02/05/2025	01	HAE	2,3	0	-2,3	0	72,0	0	11,0	0	60,0	0	968,0	0	0,0	ERA5
1063614	02/05/2025	06	02/05/2025	02	HAE	2,1	0	-2,6	0	71,0	0	15,0	0	60,0	0	967,0	0	0,0	ERA5
1063615	02/05/2025	07	02/05/2025	03	HAE	2,5	0	-3,2	0	66,0	0	18,0	0	60,0	0	965,0	0	0,0	ERA5
1063616	02/05/2025	08	02/05/2025	04	HAE	2,4	0	-3,1	0	67,0	0	15,0	0	70,0	0	965,0	0	0,0	ERA5
1063617	02/05/2025	09	02/05/2025	05	HAE	1,5	0	-1,7	0	79,0	0	11,0	0	70,0	0	964,0	0	0,0	ERA5
1063618	02/05/2025	10	02/05/2025	06	HAE	0,9	0	-0,9	0	88,0	0	13,0	0	60,0	0	964,0	0	3,9	ERA5
1063619	02/05/2025	11	02/05/2025	07	HAE	0,2	0	-0,2	0	97,0	0	15,0	0	60,0	0	963,0	0	62,7	ERA5
1063620	02/05/2025	12	02/05/2025	08	HAE	0,1	0	-0,2	0	98,0	0	18,0	0	50,0	0	962,0	0	132,3	ERA5
1063621	02/05/2025	13	02/05/2025	09	HAE	0,2	0	-0,1	0	98,0	0	22,0	0	50,0	0	961,0	0	193,4	ERA5
1063622	02/05/2025	14	02/05/2025	10	HAE	0,5	0	0,2	0	98,0	0	24,0	0	60,0	0	960,0	0	209,3	ERA5
1063623	02/05/2025	15	02/05/2025	11	HAE	0,8	0	0,4	0	97,0	0	18,0	0	50,0	0	958,0	0	515,9	ERA5
1063624	02/05/2025	16	02/05/2025	12	HAE	1,4	0	1,0	0	97,0	0	21,0	0	50,0	0	958,0	0	571,8	ERA5
1063625	02/05/2025	17	02/05/2025	13	HAE	1,9	0	1,5	0	97,0	0	15,0	0	70,0	0	957,0	0	613,0	ERA5
1063626	02/05/2025	18	02/05/2025	14	HAE	2,3	0	2,0	0	98,0	0	15,0	0	70,0	0	957,0	0	588,7	ERA5
1063627	02/05/2025	19	02/05/2025	15	HAE	2,6	0	2,3	0	98,0	0	11,0	0	60,0	0	956,0	0	360,7	ERA5
1063628	02/05/2025	20	02/05/2025	16	HAE	2,9	0	2,6	0	98,0	0	13,0	0	60,0	0	956,0	0	353,0	ERA5
1063629	02/05/2025	21	02/05/2025	17	HAE	3,2	0	2,9	0	98,0	0	9,0	0	30,0	0	956,0	0	215,6	ERA5
1063630	02/05/2025	22	02/05/2025	18	HAE	3,2	0	2,9	0	98,0	0	8,0	0	10,0	0	956,0	0	147,5	ERA5
1063631	02/05/2025	23	02/05/2025	19	HAE	3,0	0	2,9	0	99,0	0	9,0	0	320,0	0	956,0	0	91,2	ERA5
1063632	03/05/2025	00	02/05/2025	20	HAE	2,0	0	1,9	0	99,0	0	13,0	0	320,0	0	957,0	0	38,7	ERA5
1063633	03/05/2025	01	02/05/2025	21	HAE	1,1	0	1,0	0	99,0	0	11,0	0	300,0	0	958,0	0	0,7	ERA5
1063634	03/05/2025	02	02/05/2025	22	HAE	0,3	0	0,2	0	99,0	0	11,0	0	280,0	0	959,0	0	0,0	ERA5
1063635	03/05/2025	03	02/05/2025	23	HAE	0,2	0	0,1	0	99,0	0	15,0	0	280,0	0	960,0	0	0,0	ERA5
1063636	03/05/2025	04	03/05/2025	00	HAE	0,2	0	0,1	0	99,0	0	15,0	0	280,0	0	960,0	0	0,0	ERA5
1063637	03/05/2025	05	03/05/2025	01	HAE	0,2	0	-0,1	0	98,0	0	17,0	0	290,0	0	961,0	0	0,0	ERA5
1063638	03/05/2025	06	03/05/2025	02	HAE	0,3	0	0,2	0	99,0	0	17,0	0	280,0	0	962,0	0	0,0	ERA5
1063639	03/05/2025	07	03/05/2025	03	HAE	0,4	0	0,1	0	98,0	0	15,0	0	270,0	0	963,0	0	0,0	ERA5
1063640	03/05/2025	08	03/05/2025	04	HAE	0,5	0	0,2	0	98,0	0	15,0	0	280,0	0	964,0	0	0,0	ERA5
1063641	03/05/2025	09	03/05/2025	05	HAE	0,2	0	-0,5	0	95,0	0	11,0	0	300,0	0	965,0	0	0,0	ERA5
1063642	03/05/2025	10	03/05/2025	06	HAE	-0,3	0	-0,9	0	96,0	0	15,0	0	270,0	0	966,0	0	6,2	ERA5
1063643	03/05/2025	11	03/05/2025	07	HAE	-0,3	0	-1,2	0	94,0	0	11,0	0	280,0	0	966,0	0	109,5	ERA5
1063644	03/05/2025	12	03/05/2025	08	HAE	-0,2	0	-1,2	0	93,0	0	15,0	0	260,0	0	968,0	0	455,4	ERA5
1063645	03/05/2025	13	03/05/2025	09	HAE	-0,1	0	-1,1	0	93,0	0	17,0	0	240,0	0	968,0	0	762,1	ERA5
1063646	03/05/2025	14	03/05/2025	10	HAE	0,7	0	-1,1	0	88,0	0	11,0	0	270,0	0	968,0	0	1255,4	ERA5
1063647	03/05/2025	15	03/05/2025	11	HAE	1,7	0	-1,0	0	82,0	0	17,0	0	250,0	0	968,0	0	1666,9	ERA5
1063648	03/05/2025	16	03/05/2025	12	HAE	2,8	0	-0,6	0	78,0	0	21,0	0	250,0	0	969,0	0	2300,0	ERA5
1063649	03/05/2025	17	03/05/2025	13	HAE	4,3	0	-2,2	0	63,0	0	13,0	0	250,0	0	968,0	0	2649,2	ERA5
1063650	03/05/2025	18	03/05/2025	14	HAE	5,2	0	-3,7	0	53,0	0	8,0	0	230,0	0	968,0	0	2849,6	ERA5
1063651	03/05/2025	19	03/05/2025	15	HAE	6,5	0	-4,5	0	45,0	0	13,0	0	210,0	0	968,0	0	2852,6	ERA5
1063652	03/05/2025	20	03/05/2025	16	HAE	7,4	0	-5,3	0	40,0	0	18,0	0	200,0	0	968,0	0	2720,6	ERA5
1063653	03/05/2025	21	03/05/2025	17	HAE	7,5	0	-7,1	0	35,0	0	15,0	0	210,0	0	968,0	0	2148,4	ERA5
1063654	03/05/2025	22	03/05/2025	18	HAE	7,4	0	-8,0	0	33,0	0	17,0	0	250,0	0	967,0	0	1565,3	ERA5
1063655	03/05/2025	23	03/05/2025	19	HAE	6,8	0	-9,6	0	30,0	0	17,0	0	230,0	0	967,0	0	898,2	ERA5
1063656	04/05/2025	00	03/05/2025	20	HAE	5,0	0	-9,7	0	34,0	0	8,0	0	240,0	0	967,0	0	300,9	ERA5
1063657	04/05/2025	01	03/05/2025	21	HAE	2,6	0	-6,8	0	50,0	0	5,0	0	230,0	0	967,0	0	7,3	ERA5
1063658	04/05/2025	02	03/05/2025	22	HAE	0,8	0	-5,9	0	61,0	0	4,0	0	190,0	0	967,0	0	-0,0	ERA5
1063659	04/05/2025	03	03/05/2025	23	HAE	-0,9	0	-5,1	0	73,0	0	4,0	0	190,0	0	967,0	0	0,0	ERA5
1063660	04/05/2025	04	04/05/2025	00	HAE	-0,1	0	-3,5	0	78,0	0	4,0	0	180,0	0	967,0	0	0,0	ERA5
1063661	04/05/2025	05	04/05/2025	01	HAE	-0,4	0	-4,1	0	76,0	0	5,0	0	180,0	0	967,0	0	0,0	ERA5
1063662	04/05/2025	06	04/05/2025	02	HAE	0,2	0	-4,5	0	71,0	0	9,0	0	190,0	0	966,0	0	0,0	ERA5
1063663	04/05/2025	07	04/05/2025	03	HAE	2,2	0	-4,3	0	62,0	0	11,0	0	220,0	0	966,0	0	0,0	ERA5
1063664	04/05/2025	08	04/05/2025	04	HAE	1,2	0	-3,9	0	69,0	0	8,0	0	200,0	0	966,0	0	0,0	ERA5
1063665	04/05/2025	09	04/05/2025	05	HAE	1,3	0	-3,5	0	71,0	0	8,0	0	220,0	0	966,0	0	0,0	ERA5
1063666	04/05/2025	10	04/05/2025	06	HAE	2,6	0	-1,9	0	72,0	0	9,0	0	250,0	0	966,0	0	10,7	ERA5
1063667	04/05/2025	11	04/05/2025	07	HAE	3,9	0	-0,7	0	72,0	0	18,0	0	280,0	0	967,0	0	109,8	ERA5
1063668	04/05/2025	12	04/05/2025	08	HAE	4,2	0	-0,8	0	70,0	0	22,0	0	290,0	0	968,0	0	401,6	ERA5
1063669	04/05/2025	13	04/05/2025	09	HAE	3,9	0	-3,4	0	59,0	0	21,0	0	300,0	0	970,0	0	938,5	ERA5
1063670	04/05/2025	14	04/05/2025	10	HAE	4,6	0	-3,1	0	58,0	0	24,0	0	270,0	0	970,0	0	1797,7	ERA5
1063671	04/05/2025	15	04/05/2025	11	HAE	5,7	0	-5,2	0	45,0	0	21,0	0	300,0	0	971,0	0	2534,9	ERA5
1063672	04/05/2025	16	04/05/2025	12	HAE	6,1	0	-9,8	0	31,0	0	21,0	0	290,0	0	972,0	0	2931,7	ERA5
1063673	04/05/2025	17	04/05/2025	13	HAE	6,3	0	-9,7	0	31,0	0	26,0	0	290,0	0	973,0	0	3195,2	ERA5
1063674	04/05/2025	18	04/05/2025	14	HAE	6,6	0	-12,1	0	25,0	0	21,0	0	320,0	0	973,0	0	3291,4	ERA5
1063675	04/05/2025	19	04/05/2025	15	HAE	6,9	0	-10,2	0	29,0	0	17,0	0	310,0	0	974,0	0	3141,7	ERA5
1063676	04/05/2025	20	04/05/2025	16	HAE	7,1	0	-10,2	0	28,0	0	18,0	0	300,0	0	974,0	0	2677,9	ERA5
1063677	04/05/2025	21	04/05/2025	17	HAE	6,9	0	-13,6	0	22,0	0	15,0	0	330,0	0	975,0	0	2198,9	ERA5
1063678	04/05/2025	22	04/05/2025	18	HAE	6,6	0	-11,1	0	27,0	0	21,0	0	300,0	0	976,0	0	1582,5	ERA5
1063679	04/05/2025	23	04/05/2025	19	HAE	5,8	0	-11,4	0	28,0	0	15,0	0	320,0	0	976,0	0	919,4	ERA5
1063680	05/05/2025	00	04/05/2025	20	HAE	3,6	0	-9,2	0	39,0	0	9,0	0	340,0	0	977,0	0	316,2	ERA5
1063681	05/05/2025	01	04/05/2025	21	HAE	1,5	0	-10,1	0	42,0	0	5,0	0	350,0	0	977,0	0	8,9	ERA5
1063682	05/05/2025	02	04/05/2025	22	HAE	-0,3	0	-8,6	0	54,0	0	4,0	0	340,0	0	978,0	0	0,0	ERA5
1063683	05/05/2025	03	04/05/2025	23	HAE	-1,8	0	-8,4	0	61,0	0	9,0	0	350,0	0	978,0	0	0,0	ERA5
1063684	05/05/2025	04	05/05/2025	00	HAE	-2,2	0	-7,3	0	68,0	0	0,0	0	0,0	0	978,0	0	0,0	ERA5
1063685	05/05/2025	05	05/05/2025	01	HAE	-4,2	0	-7,3	0	79,0	0	0,0	0	0,0	0	978,0	0	-0,0	ERA5
1063686	05/05/2025	06	05/05/2025	02	HAE	-3,5	0	-6,5	0	80,0	0	0,0	0	0,0	0	979,0	0	0,0	ERA5
1063687	05/05/2025	07	05/05/2025	03	HAE	-4,4	0	-6,4	0	86,0	0	4,0	0	0,0	0	979,0	0	0,0	ERA5
1063688	05/05/2025	08	05/05/2025	04	HAE	-4,8	0	-7,7	0	80,0	0	9,0	0	40,0	0	979,0	0	0,0	ERA5
1063689	05/05/2025	09	05/05/2025	05	HAE	-5,1	0	-6,8	0	88,0	0	5,0	0	40,0	0	980,0	0	0,0	ERA5
1063690	05/05/2025	10	05/05/2025	06	HAE	-4,7	0	-6,4	0	88,0	0	5,0	0	150,0	0	981,0	0	28,8	ERA5
1063691	05/05/2025	11	05/05/2025	07	HAE	-2,2	0	-6,2	0	74,0	0	8,0	0	120,0	0	982,0	0	402,7	ERA5
1063692	05/05/2025	12	05/05/2025	08	HAE	0,8	0	-6,3	0	59,0	0	9,0	0	140,0	0	982,0	0	1005,3	ERA5
1063693	05/05/2025	13	05/05/2025	09	HAE	3,7	0	-6,7	0	47,0	0	9,0	0	150,0	0	982,0	0	1636,4	ERA5
1063694	05/05/2025	14	05/05/2025	10	HAE	6,5	0	-6,8	0	38,0	0	11,0	0	140,0	0	982,0	0	2214,5	ERA5
1063695	05/05/2025	15	05/05/2025	11	HAE	8,6	0	-8,1	0	30,0	0	11,0	0	150,0	0	981,0	0	2685,4	ERA5
1063696	05/05/2025	16	05/05/2025	12	HAE	10,1	0	-8,4	0	26,0	0	15,0	0	180,0	0	981,0	0	3017,3	ERA5
1063697	05/05/2025	17	05/05/2025	13	HAE	12,1	0	-7,4	0	25,0	0	18,0	0	150,0	0	980,0	0	3182,5	ERA5
1063698	05/05/2025	18	05/05/2025	14	HAE	13,4	0	-6,7	0	24,0	0	18,0	0	150,0	0	980,0	0	3166,3	ERA5
1063699	05/05/2025	19	05/05/2025	15	HAE	14,8	0	-6,8	0	22,0	0	17,0	0	150,0	0	979,0	0	2969,8	ERA5
1063700	05/05/2025	20	05/05/2025	16	HAE	15,8	0	-7,3	0	20,0	0	15,0	0	160,0	0	979,0	0	2607,2	ERA5
1063701	05/05/2025	21	05/05/2025	17	HAE	16,8	0	-5,8	0	21,0	0	17,0	0	150,0	0	978,0	0	2108,2	ERA5
1063702	05/05/2025	22	05/05/2025	18	HAE	17,4	0	-4,1	0	23,0	0	11,0	0	150,0	0	978,0	0	1516,7	ERA5
1063703	05/05/2025	23	05/05/2025	19	HAE	17,0	0	-3,9	0	24,0	0	13,0	0	150,0	0	977,0	0	887,5	ERA5
1063704	06/05/2025	00	05/05/2025	20	HAE	14,8	0	-5,0	0	25,0	0	5,0	0	200,0	0	978,0	0	311,0	ERA5
1063705	06/05/2025	01	05/05/2025	21	HAE	8,1	0	-2,4	0	47,0	0	4,0	0	160,0	0	978,0	0	10,3	ERA5
1063706	06/05/2025	02	05/05/2025	22	HAE	5,1	0	-2,1	0	60,0	0	0,0	0	0,0	0	978,0	0	0,0	ERA5
1063707	06/05/2025	03	05/05/2025	23	HAE	5,4	0	-3,2	0	54,0	0	5,0	0	120,0	0	977,0	0	0,0	ERA5
1063708	06/05/2025	04	06/05/2025	00	HAE	6,9	0	-3,8	0	47,0	0	8,0	0	140,0	0	977,0	0	0,0	ERA5
1063709	06/05/2025	05	06/05/2025	01	HAE	6,8	0	-4,0	0	46,0	0	9,0	0	130,0	0	977,0	0	0,0	ERA5
1063710	06/05/2025	06	06/05/2025	02	HAE	6,0	0	-4,2	0	48,0	0	9,0	0	150,0	0	977,0	0	-0,0	ERA5
1063711	06/05/2025	07	06/05/2025	03	HAE	4,8	0	-4,4	0	51,0	0	9,0	0	170,0	0	976,0	0	0,0	ERA5
1063712	06/05/2025	08	06/05/2025	04	HAE	4,7	0	-4,3	0	52,0	0	8,0	0	160,0	0	976,0	0	0,0	ERA5
1063713	06/05/2025	09	06/05/2025	05	HAE	5,4	0	-4,5	0	49,0	0	8,0	0	150,0	0	975,0	0	0,0	ERA5
1063714	06/05/2025	10	06/05/2025	06	HAE	6,3	0	-3,6	0	49,0	0	8,0	0	170,0	0	975,0	0	27,3	ERA5
1063715	06/05/2025	11	06/05/2025	07	HAE	7,9	0	-2,5	0	48,0	0	5,0	0	150,0	0	974,0	0	261,6	ERA5
1063716	06/05/2025	12	06/05/2025	08	HAE	9,9	0	-0,5	0	48,0	0	9,0	0	160,0	0	974,0	0	582,9	ERA5
1063717	06/05/2025	13	06/05/2025	09	HAE	11,6	0	1,4	0	49,0	0	11,0	0	150,0	0	973,0	0	650,2	ERA5
1063718	06/05/2025	14	06/05/2025	10	HAE	14,9	0	6,0	0	55,0	0	21,0	0	160,0	0	973,0	0	555,0	ERA5
1063719	06/05/2025	15	06/05/2025	11	HAE	11,9	0	7,5	0	74,0	0	15,0	0	160,0	0	972,0	0	419,7	ERA5
1063720	06/05/2025	16	06/05/2025	12	HAE	11,9	0	9,3	0	84,0	0	18,0	0	160,0	0	971,0	0	205,0	ERA5
1063721	06/05/2025	17	06/05/2025	13	HAE	12,5	0	9,5	0	82,0	0	15,0	0	160,0	0	970,0	0	265,3	ERA5
1063722	06/05/2025	18	06/05/2025	14	HAE	13,2	0	11,1	0	87,0	0	18,0	0	180,0	0	970,0	0	212,4	ERA5
1063723	06/05/2025	19	06/05/2025	15	HAE	14,8	0	10,5	0	75,0	0	9,0	0	170,0	0	969,0	0	311,0	ERA5
1063724	06/05/2025	20	06/05/2025	16	HAE	15,7	0	10,7	0	72,0	0	15,0	0	190,0	0	968,0	0	226,9	ERA5
1063725	06/05/2025	21	06/05/2025	17	HAE	15,9	0	10,9	0	72,0	0	18,0	0	190,0	0	967,0	0	253,5	ERA5
1063726	06/05/2025	22	06/05/2025	18	HAE	15,1	0	10,8	0	75,0	0	17,0	0	190,0	0	967,0	0	233,8	ERA5
1063727	06/05/2025	23	06/05/2025	19	HAE	14,1	0	10,7	0	80,0	0	15,0	0	170,0	0	966,0	0	115,1	ERA5
1063728	07/05/2025	00	06/05/2025	20	HAE	13,1	0	10,5	0	84,0	0	9,0	0	180,0	0	966,0	0	36,4	ERA5
1063729	07/05/2025	01	06/05/2025	21	HAE	12,3	0	10,4	0	88,0	0	9,0	0	290,0	0	966,0	0	1,6	ERA5
1063730	07/05/2025	02	06/05/2025	22	HAE	11,9	0	11,8	0	99,0	0	5,0	0	270,0	0	966,0	0	0,0	ERA5
1063731	07/05/2025	03	06/05/2025	23	HAE	11,7	0	11,7	0	100,0	0	4,0	0	250,0	0	966,0	0	0,0	ERA5
1063732	07/05/2025	04	07/05/2025	00	HAE	11,5	0	11,5	0	100,0	0	11,0	0	280,0	0	966,0	0	0,0	ERA5
1063733	07/05/2025	05	07/05/2025	01	HAE	10,3	0	10,2	0	99,0	0	5,0	0	290,0	0	967,0	0	0,0	ERA5
1063734	07/05/2025	06	07/05/2025	02	HAE	9,5	0	9,4	0	99,0	0	9,0	0	300,0	0	966,0	0	0,0	ERA5
1063735	07/05/2025	07	07/05/2025	03	HAE	8,6	0	8,3	0	98,0	0	17,0	0	300,0	0	967,0	0	0,0	ERA5
1063736	07/05/2025	08	07/05/2025	04	HAE	4,4	0	4,3	0	99,0	0	17,0	0	320,0	0	967,0	0	0,0	ERA5
1063737	07/05/2025	09	07/05/2025	05	HAE	3,2	0	3,0	0	99,0	0	17,0	0	320,0	0	968,0	0	0,0	ERA5
1063738	07/05/2025	10	07/05/2025	06	HAE	2,8	0	2,4	0	97,0	0	15,0	0	350,0	0	969,0	0	5,8	ERA5
1063739	07/05/2025	11	07/05/2025	07	HAE	2,4	0	1,7	0	95,0	0	18,0	0	340,0	0	970,0	0	92,6	ERA5
1063740	07/05/2025	12	07/05/2025	08	HAE	2,3	0	1,6	0	95,0	0	17,0	0	350,0	0	971,0	0	338,0	ERA5
1063741	07/05/2025	13	07/05/2025	09	HAE	2,8	0	1,8	0	93,0	0	18,0	0	360,0	0	971,0	0	469,2	ERA5
1063742	07/05/2025	14	07/05/2025	10	HAE	2,8	0	1,6	0	92,0	0	21,0	0	350,0	0	972,0	0	694,5	ERA5
1063743	07/05/2025	15	07/05/2025	11	HAE	3,9	0	1,6	0	85,0	0	17,0	0	360,0	0	972,0	0	995,9	ERA5
1063744	07/05/2025	16	07/05/2025	12	HAE	4,8	0	1,7	0	80,0	0	18,0	0	350,0	0	973,0	0	1261,5	ERA5
1063745	07/05/2025	17	07/05/2025	13	HAE	5,5	0	1,5	0	76,0	0	22,0	0	350,0	0	973,0	0	1488,4	ERA5
1063746	07/05/2025	18	07/05/2025	14	HAE	5,0	0	1,1	0	76,0	0	17,0	0	350,0	0	973,0	0	1532,9	ERA5
1063747	07/05/2025	19	07/05/2025	15	HAE	4,9	0	0,2	0	72,0	0	26,0	0	360,0	0	973,0	0	2114,0	ERA5
1063748	07/05/2025	20	07/05/2025	16	HAE	5,1	0	-0,3	0	68,0	0	24,0	0	340,0	0	973,0	0	1605,6	ERA5
1063749	07/05/2025	21	07/05/2025	17	HAE	4,9	0	-0,5	0	68,0	0	22,0	0	340,0	0	974,0	0	1128,6	ERA5
1063750	07/05/2025	22	07/05/2025	18	HAE	4,7	0	-1,1	0	66,0	0	22,0	0	350,0	0	974,0	0	860,1	ERA5
1063751	07/05/2025	23	07/05/2025	19	HAE	4,2	0	-1,6	0	66,0	0	21,0	0	350,0	0	975,0	0	445,8	ERA5
1063752	08/05/2025	00	07/05/2025	20	HAE	3,3	0	-2,5	0	66,0	0	17,0	0	340,0	0	975,0	0	134,4	ERA5
1063753	08/05/2025	01	07/05/2025	21	HAE	2,7	0	-3,0	0	66,0	0	15,0	0	350,0	0	976,0	0	7,8	ERA5
1063754	08/05/2025	02	07/05/2025	22	HAE	2,0	0	-4,1	0	64,0	0	18,0	0	350,0	0	976,0	0	0,0	ERA5
1063755	08/05/2025	03	07/05/2025	23	HAE	0,5	0	-4,4	0	70,0	0	9,0	0	350,0	0	976,0	0	0,0	ERA5
1063756	08/05/2025	04	08/05/2025	00	HAE	-0,2	0	-4,8	0	71,0	0	11,0	0	340,0	0	976,0	0	0,0	ERA5
1063757	08/05/2025	05	08/05/2025	01	HAE	-1,2	0	-5,1	0	75,0	0	11,0	0	330,0	0	976,0	0	0,0	ERA5
1063758	08/05/2025	06	08/05/2025	02	HAE	-2,0	0	-5,2	0	79,0	0	11,0	0	330,0	0	976,0	0	0,0	ERA5
1063759	08/05/2025	07	08/05/2025	03	HAE	-2,6	0	-5,6	0	80,0	0	9,0	0	330,0	0	977,0	0	0,0	ERA5
1063760	08/05/2025	08	08/05/2025	04	HAE	-2,8	0	-6,0	0	79,0	0	13,0	0	340,0	0	976,0	0	0,0	ERA5
1063761	08/05/2025	09	08/05/2025	05	HAE	-3,0	0	-6,5	0	77,0	0	15,0	0	340,0	0	977,0	0	0,0	ERA5
1063762	08/05/2025	10	08/05/2025	06	HAE	-3,0	0	-6,7	0	76,0	0	17,0	0	340,0	0	977,0	0	31,3	ERA5
1063763	08/05/2025	11	08/05/2025	07	HAE	-1,7	0	-6,9	0	68,0	0	18,0	0	350,0	0	978,0	0	344,4	ERA5
1063764	08/05/2025	12	08/05/2025	08	HAE	-0,4	0	-7,0	0	61,0	0	17,0	0	350,0	0	978,0	0	839,7	ERA5
1063765	08/05/2025	13	08/05/2025	09	HAE	1,6	0	-7,0	0	53,0	0	18,0	0	330,0	0	979,0	0	1377,5	ERA5
1063766	08/05/2025	14	08/05/2025	10	HAE	4,0	0	-7,6	0	43,0	0	22,0	0	360,0	0	979,0	0	2043,3	ERA5
1063767	08/05/2025	15	08/05/2025	11	HAE	5,9	0	-10,0	0	31,0	0	21,0	0	360,0	0	979,0	0	2731,7	ERA5
1063768	08/05/2025	16	08/05/2025	12	HAE	7,1	0	-11,6	0	25,0	0	22,0	0	10,0	0	979,0	0	3143,1	ERA5
1063769	08/05/2025	17	08/05/2025	13	HAE	8,1	0	-9,1	0	29,0	0	18,0	0	350,0	0	979,0	0	3312,0	ERA5
1063770	08/05/2025	18	08/05/2025	14	HAE	8,9	0	-9,8	0	26,0	0	26,0	0	20,0	0	979,0	0	3295,3	ERA5
1063771	08/05/2025	19	08/05/2025	15	HAE	9,5	0	-7,7	0	29,0	0	18,0	0	10,0	0	979,0	0	3094,2	ERA5
1063772	08/05/2025	20	08/05/2025	16	HAE	8,8	0	-8,2	0	29,0	0	21,0	0	350,0	0	979,0	0	2724,3	ERA5
1063773	08/05/2025	21	08/05/2025	17	HAE	9,4	0	-8,3	0	28,0	0	17,0	0	20,0	0	979,0	0	2221,5	ERA5
1063774	08/05/2025	22	08/05/2025	18	HAE	9,2	0	-8,9	0	27,0	0	18,0	0	30,0	0	979,0	0	1618,0	ERA5
1063775	08/05/2025	23	08/05/2025	19	HAE	8,3	0	-7,7	0	32,0	0	15,0	0	10,0	0	979,0	0	958,7	ERA5
1063776	09/05/2025	00	08/05/2025	20	HAE	6,3	0	-7,0	0	38,0	0	11,0	0	350,0	0	979,0	0	355,9	ERA5
1063777	09/05/2025	01	08/05/2025	21	HAE	3,1	0	-6,4	0	50,0	0	13,0	0	350,0	0	979,0	0	17,5	ERA5
1063778	09/05/2025	02	08/05/2025	22	HAE	2,5	0	-6,9	0	50,0	0	13,0	0	360,0	0	979,0	0	0,0	ERA5
1063779	09/05/2025	03	08/05/2025	23	HAE	1,0	0	-6,4	0	58,0	0	11,0	0	350,0	0	979,0	0	0,0	ERA5
1063780	09/05/2025	04	09/05/2025	00	HAE	0,6	0	-7,7	0	54,0	0	8,0	0	20,0	0	979,0	0	0,0	ERA5
1063781	09/05/2025	05	09/05/2025	01	HAE	-1,0	0	-6,3	0	67,0	0	5,0	0	80,0	0	979,0	0	0,0	ERA5
1063782	09/05/2025	06	09/05/2025	02	HAE	-1,1	0	-6,5	0	67,0	0	4,0	0	70,0	0	979,0	0	0,0	ERA5
1063783	09/05/2025	07	09/05/2025	03	HAE	-1,6	0	-6,2	0	71,0	0	4,0	0	80,0	0	979,0	0	0,0	ERA5
1063784	09/05/2025	08	09/05/2025	04	HAE	-2,9	0	-6,0	0	80,0	0	5,0	0	60,0	0	979,0	0	0,0	ERA5
1063785	09/05/2025	09	09/05/2025	05	HAE	-3,1	0	-5,1	0	86,0	0	5,0	0	80,0	0	979,0	0	0,0	ERA5
1063786	09/05/2025	10	09/05/2025	06	HAE	-3,1	0	-4,8	0	88,0	0	5,0	0	30,0	0	979,0	0	46,2	ERA5
1063787	09/05/2025	11	09/05/2025	07	HAE	1,0	0	-3,0	0	75,0	0	9,0	0	70,0	0	979,0	0	455,5	ERA5
1063788	09/05/2025	12	09/05/2025	08	HAE	3,8	0	-2,0	0	66,0	0	15,0	0	100,0	0	979,0	0	1069,3	ERA5
1063789	09/05/2025	13	09/05/2025	09	HAE	5,4	0	-1,8	0	60,0	0	11,0	0	70,0	0	978,0	0	1704,5	ERA5
1063790	09/05/2025	14	09/05/2025	10	HAE	7,4	0	-1,6	0	53,0	0	9,0	0	70,0	0	977,0	0	2286,1	ERA5
1063791	09/05/2025	15	09/05/2025	11	HAE	8,3	0	-1,6	0	50,0	0	9,0	0	110,0	0	977,0	0	2765,2	ERA5
1063792	09/05/2025	16	09/05/2025	12	HAE	10,3	0	-0,7	0	46,0	0	9,0	0	0,0	0	976,0	0	3093,6	ERA5
1063793	09/05/2025	17	09/05/2025	13	HAE	11,7	0	0,7	0	47,0	0	11,0	0	140,0	0	975,0	0	3260,5	ERA5
1063794	09/05/2025	18	09/05/2025	14	HAE	13,2	0	1,3	0	44,0	0	15,0	0	180,0	0	974,0	0	3232,3	ERA5
1063795	09/05/2025	19	09/05/2025	15	HAE	13,0	0	1,1	0	44,0	0	11,0	0	160,0	0	974,0	0	2577,3	ERA5
1063796	09/05/2025	20	09/05/2025	16	HAE	13,6	0	1,8	0	44,0	0	11,0	0	170,0	0	973,0	0	2289,1	ERA5
1063797	09/05/2025	21	09/05/2025	17	HAE	14,1	0	2,3	0	45,0	0	22,0	0	160,0	0	972,0	0	1754,5	ERA5
1063798	09/05/2025	22	09/05/2025	18	HAE	13,4	0	2,4	0	47,0	0	17,0	0	150,0	0	971,0	0	1143,2	ERA5
1063799	09/05/2025	23	09/05/2025	19	HAE	14,1	0	2,5	0	45,0	0	17,0	0	160,0	0	971,0	0	496,6	ERA5
1063800	10/05/2025	00	09/05/2025	20	HAE	11,3	0	2,5	0	55,0	0	13,0	0	150,0	0	971,0	0	180,2	ERA5
1063801	10/05/2025	01	09/05/2025	21	HAE	9,7	0	2,6	0	61,0	0	11,0	0	140,0	0	971,0	0	11,5	ERA5
1063802	10/05/2025	02	09/05/2025	22	HAE	7,8	0	2,3	0	68,0	0	11,0	0	150,0	0	971,0	0	0,0	ERA5
1063803	10/05/2025	03	09/05/2025	23	HAE	6,8	0	2,3	0	73,0	0	8,0	0	140,0	0	971,0	0	0,0	ERA5
1063804	10/05/2025	04	10/05/2025	00	HAE	5,1	0	2,3	0	82,0	0	11,0	0	150,0	0	970,0	0	0,0	ERA5
1063805	10/05/2025	05	10/05/2025	01	HAE	3,7	0	1,9	0	88,0	0	8,0	0	170,0	0	970,0	0	0,0	ERA5
1063806	10/05/2025	06	10/05/2025	02	HAE	2,6	0	1,3	0	91,0	0	5,0	0	140,0	0	969,0	0	0,0	ERA5
1063807	10/05/2025	07	10/05/2025	03	HAE	2,2	0	1,6	0	96,0	0	0,0	0	0,0	0	969,0	0	0,0	ERA5
1063808	10/05/2025	08	10/05/2025	04	HAE	1,4	0	0,7	0	95,0	0	4,0	0	160,0	0	969,0	0	0,0	ERA5
1063809	10/05/2025	09	10/05/2025	05	HAE	1,2	0	0,9	0	98,0	0	4,0	0	140,0	0	968,0	0	0,0	ERA5
1063810	10/05/2025	10	10/05/2025	06	HAE	0,1	0	1,8	4.lineaire	99,0	0	4,0	0	150,0	0	968,0	0	46,7	ERA5
1063811	10/05/2025	11	10/05/2025	07	HAE	3,0	0	2,7	0	98,0	0	8,0	0	170,0	0	968,0	0	409,1	ERA5
1063812	10/05/2025	12	10/05/2025	08	HAE	7,2	0	3,7	0	78,0	0	11,0	0	270,0	0	968,0	0	1013,9	ERA5
1063813	10/05/2025	13	10/05/2025	09	HAE	9,1	0	3,0	0	66,0	0	15,0	0	310,0	0	968,0	0	1624,1	ERA5
1063814	10/05/2025	14	10/05/2025	10	HAE	10,4	0	2,8	0	59,0	0	18,0	0	310,0	0	968,0	0	2070,8	ERA5
1063815	10/05/2025	15	10/05/2025	11	HAE	5,3	0	1,9	0	78,0	0	26,0	0	310,0	0	969,0	0	1931,8	ERA5
1063816	10/05/2025	16	10/05/2025	12	HAE	3,0	0	0,3	0	83,0	0	22,0	0	300,0	0	970,0	0	1668,9	ERA5
1063817	10/05/2025	17	10/05/2025	13	HAE	2,4	0	-0,5	0	81,0	0	21,0	0	300,0	0	971,0	0	1686,8	ERA5
1063818	10/05/2025	18	10/05/2025	14	HAE	2,8	0	-1,5	0	74,0	0	22,0	0	310,0	0	971,0	0	1287,9	ERA5
1063819	10/05/2025	19	10/05/2025	15	HAE	2,7	0	-2,2	0	70,0	0	24,0	0	320,0	0	971,0	0	1073,4	ERA5
1063820	10/05/2025	20	10/05/2025	16	HAE	5,2	0	-0,5	0	67,0	0	22,0	0	330,0	0	971,0	0	723,9	ERA5
1063821	10/05/2025	21	10/05/2025	17	HAE	3,4	0	-2,2	0	67,0	0	32,0	0	320,0	0	972,0	0	646,6	ERA5
1063822	10/05/2025	22	10/05/2025	18	HAE	1,5	0	-3,4	0	70,0	0	28,0	0	310,0	0	973,0	0	651,3	ERA5
1063823	10/05/2025	23	10/05/2025	19	HAE	2,2	0	-5,2	0	58,0	0	24,0	0	320,0	0	974,0	0	410,0	ERA5
1063824	11/05/2025	00	10/05/2025	20	HAE	2,2	0	-5,2	0	58,0	0	11,0	0	300,0	0	974,0	0	256,3	ERA5
1063825	11/05/2025	01	10/05/2025	21	HAE	1,1	0	-5,6	0	61,0	0	8,0	0	310,0	0	975,0	0	17,8	ERA5
1063826	11/05/2025	02	10/05/2025	22	HAE	0,8	0	-7,0	0	56,0	0	15,0	0	310,0	0	975,0	0	0,0	ERA5
1063827	11/05/2025	03	10/05/2025	23	HAE	-0,3	0	-7,1	0	60,0	0	11,0	0	320,0	0	975,0	0	0,0	ERA5
1063828	11/05/2025	04	11/05/2025	00	HAE	-0,9	0	-8,6	0	56,0	0	13,0	0	330,0	0	976,0	0	0,0	ERA5
1063829	11/05/2025	05	11/05/2025	01	HAE	-1,8	0	-8,9	0	59,0	0	8,0	0	300,0	0	977,0	0	0,0	ERA5
1063830	11/05/2025	06	11/05/2025	02	HAE	-2,9	0	-6,4	0	77,0	0	9,0	0	300,0	0	977,0	0	-0,0	ERA5
1063831	11/05/2025	07	11/05/2025	03	HAE	-3,4	0	-6,4	0	80,0	0	15,0	0	310,0	0	978,0	0	0,0	ERA5
1063832	11/05/2025	08	11/05/2025	04	HAE	-4,4	0	-6,8	0	83,0	0	13,0	0	300,0	0	978,0	0	0,0	ERA5
1063833	11/05/2025	09	11/05/2025	05	HAE	-5,2	0	-7,2	0	86,0	0	13,0	0	300,0	0	978,0	0	0,0	ERA5
1063834	11/05/2025	10	11/05/2025	06	HAE	-5,4	0	-7,2	0	87,0	0	15,0	0	290,0	0	979,0	0	57,2	ERA5
1063835	11/05/2025	11	11/05/2025	07	HAE	-4,4	0	-7,6	0	79,0	0	17,0	0	300,0	0	980,0	0	480,1	ERA5
1063836	11/05/2025	12	11/05/2025	08	HAE	-2,8	0	-8,3	0	66,0	0	15,0	0	300,0	0	980,0	0	1113,7	ERA5
1063837	11/05/2025	13	11/05/2025	09	HAE	-1,3	0	-8,9	0	56,0	0	17,0	0	340,0	0	980,0	0	1718,0	ERA5
1063838	11/05/2025	14	11/05/2025	10	HAE	1,0	0	-9,7	0	45,0	0	21,0	0	290,0	0	980,0	0	2339,0	ERA5
1063839	11/05/2025	15	11/05/2025	11	HAE	3,2	0	-9,7	0	39,0	0	9,0	0	310,0	0	980,0	0	2837,0	ERA5
1063840	11/05/2025	16	11/05/2025	12	HAE	4,6	0	-10,4	0	33,0	0	17,0	0	300,0	0	980,0	0	3173,2	ERA5
1063841	11/05/2025	17	11/05/2025	13	HAE	7,1	0	-8,0	0	33,0	0	18,0	0	300,0	0	980,0	0	3324,2	ERA5
1063842	11/05/2025	18	11/05/2025	14	HAE	8,6	0	-7,1	0	32,0	0	21,0	0	280,0	0	980,0	0	3300,7	ERA5
1063843	11/05/2025	19	11/05/2025	15	HAE	9,4	0	-6,3	0	32,0	0	18,0	0	280,0	0	980,0	0	3087,0	ERA5
1063844	11/05/2025	20	11/05/2025	16	HAE	9,5	0	-5,9	0	33,0	0	15,0	0	280,0	0	979,0	0	2535,8	ERA5
1063845	11/05/2025	21	11/05/2025	17	HAE	10,3	0	-4,4	0	35,0	0	13,0	0	0,0	0	979,0	0	1838,8	ERA5
1063846	11/05/2025	22	11/05/2025	18	HAE	9,8	0	-5,2	0	34,0	0	5,0	0	0,0	0	978,0	0	1422,5	ERA5
1063847	11/05/2025	23	11/05/2025	19	HAE	9,6	0	-4,5	0	37,0	0	0,0	0	0,0	0	978,0	0	841,1	ERA5
1063848	12/05/2025	00	11/05/2025	20	HAE	8,0	0	-3,2	0	45,0	0	4,0	0	130,0	0	977,0	0	259,6	ERA5
1063849	12/05/2025	01	11/05/2025	21	HAE	5,3	0	-0,9	0	64,0	0	5,0	0	180,0	0	977,0	0	15,4	ERA5
1063850	12/05/2025	02	11/05/2025	22	HAE	4,9	0	-1,3	0	64,0	0	4,0	0	160,0	0	977,0	0	0,0	ERA5
1063851	12/05/2025	03	11/05/2025	23	HAE	4,5	0	-1,6	0	65,0	0	13,0	0	170,0	0	977,0	0	0,0	ERA5
1063852	12/05/2025	04	12/05/2025	00	HAE	6,9	0	-3,1	0	49,0	0	17,0	0	220,0	0	977,0	0	0,0	ERA5
1063853	12/05/2025	05	12/05/2025	01	HAE	6,3	0	0,3	0	66,0	0	13,0	0	230,0	0	977,0	0	0,0	ERA5
1063854	12/05/2025	06	12/05/2025	02	HAE	4,8	0	2,0	0	82,0	0	13,0	0	170,0	0	975,0	0	-0,0	ERA5
1063855	12/05/2025	07	12/05/2025	03	HAE	4,7	0	1,9	0	82,0	0	17,0	0	160,0	0	973,0	0	0,0	ERA5
1063856	12/05/2025	08	12/05/2025	04	HAE	4,6	0	1,6	0	81,0	0	17,0	0	150,0	0	972,0	0	0,0	ERA5
1063857	12/05/2025	09	12/05/2025	05	HAE	4,5	0	1,5	0	81,0	0	13,0	0	150,0	0	971,0	0	0,0	ERA5
1063858	12/05/2025	10	12/05/2025	06	HAE	4,7	0	1,4	0	79,0	0	8,0	0	180,0	0	971,0	0	20,9	ERA5
1063859	12/05/2025	11	12/05/2025	07	HAE	5,7	0	1,0	0	72,0	0	4,0	0	0,0	0	970,0	0	172,5	ERA5
1063860	12/05/2025	12	12/05/2025	08	HAE	7,4	0	-0,3	0	58,0	0	13,0	0	270,0	0	971,0	0	472,6	ERA5
1063861	12/05/2025	13	12/05/2025	09	HAE	8,1	0	-0,3	0	55,0	0	13,0	0	300,0	0	971,0	0	1137,1	ERA5
1063862	12/05/2025	14	12/05/2025	10	HAE	9,9	0	1,4	0	55,0	0	17,0	0	320,0	0	971,0	0	1822,4	ERA5
1063863	12/05/2025	15	12/05/2025	11	HAE	12,0	0	1,4	0	48,0	0	15,0	0	330,0	0	972,0	0	2511,7	ERA5
1063864	12/05/2025	16	12/05/2025	12	HAE	13,2	0	2,0	0	46,0	0	21,0	0	310,0	0	973,0	0	2649,1	ERA5
1063865	12/05/2025	17	12/05/2025	13	HAE	12,6	0	1,4	0	46,0	0	18,0	0	310,0	0	973,0	0	2907,1	ERA5
1063866	12/05/2025	18	12/05/2025	14	HAE	12,9	0	1,6	0	46,0	0	21,0	0	330,0	0	973,0	0	2651,9	ERA5
1063867	12/05/2025	19	12/05/2025	15	HAE	13,0	0	0,4	0	42,0	0	17,0	0	310,0	0	973,0	0	2728,6	ERA5
1063868	12/05/2025	20	12/05/2025	16	HAE	13,3	0	-0,3	0	39,0	0	15,0	0	290,0	0	974,0	0	2349,6	ERA5
1063869	12/05/2025	21	12/05/2025	17	HAE	13,7	0	-0,4	0	38,0	0	17,0	0	330,0	0	974,0	0	1747,6	ERA5
1063870	12/05/2025	22	12/05/2025	18	HAE	13,1	0	-0,8	0	38,0	0	15,0	0	320,0	0	975,0	0	1190,1	ERA5
1063871	12/05/2025	23	12/05/2025	19	HAE	12,9	0	-0,3	0	40,0	0	11,0	0	320,0	0	975,0	0	651,3	ERA5
1063872	13/05/2025	00	12/05/2025	20	HAE	10,9	0	-0,5	0	45,0	0	5,0	0	340,0	0	975,0	0	240,7	ERA5
1063873	13/05/2025	01	12/05/2025	21	HAE	8,2	0	0,5	0	58,0	0	4,0	0	340,0	0	976,0	0	17,9	ERA5
1063874	13/05/2025	02	12/05/2025	22	HAE	5,1	0	0,5	0	72,0	0	0,0	0	0,0	0	976,0	0	-0,0	ERA5
1063875	13/05/2025	03	12/05/2025	23	HAE	2,1	0	-0,1	0	86,0	0	5,0	0	90,0	0	976,0	0	0,0	ERA5
1063876	13/05/2025	04	13/05/2025	00	HAE	2,2	0	0,1	0	86,0	0	8,0	0	60,0	0	977,0	0	0,0	ERA5
1063877	13/05/2025	05	13/05/2025	01	HAE	4,0	0	-0,2	0	74,0	0	4,0	0	60,0	0	977,0	0	-0,0	ERA5
1063878	13/05/2025	06	13/05/2025	02	HAE	2,3	0	-0,2	0	84,0	0	4,0	0	0,0	0	977,0	0	0,0	ERA5
1063879	13/05/2025	07	13/05/2025	03	HAE	2,3	0	-0,1	0	84,0	0	5,0	0	60,0	0	977,0	0	0,0	ERA5
1063880	13/05/2025	08	13/05/2025	04	HAE	2,2	0	0,4	0	88,0	0	0,0	0	0,0	0	977,0	0	0,0	ERA5
1063881	13/05/2025	09	13/05/2025	05	HAE	2,9	0	0,1	4.lineaire	81,0	0	4,0	0	0,0	0	977,0	0	0,0	ERA5
1063882	13/05/2025	10	13/05/2025	06	HAE	4,8	0	-0,2	0	70,0	0	11,0	0	150,0	0	977,0	0	21,5	ERA5
1063883	13/05/2025	11	13/05/2025	07	HAE	5,4	0	-0,2	4.lineaire	68,0	0	9,0	0	140,0	0	977,0	0	108,6	ERA5
1063884	13/05/2025	12	13/05/2025	08	HAE	7,0	0	-0,2	0	60,0	0	18,0	0	150,0	0	977,0	0	218,9	ERA5
1063885	13/05/2025	13	13/05/2025	09	HAE	8,4	0	-0,1	0	55,0	0	11,0	0	140,0	0	977,0	0	249,4	ERA5
1063886	13/05/2025	14	13/05/2025	10	HAE	8,7	0	0,9	0	58,0	0	13,0	0	150,0	0	977,0	0	488,6	ERA5
1063887	13/05/2025	15	13/05/2025	11	HAE	8,5	0	2,3	0	65,0	0	21,0	0	130,0	0	975,0	0	854,8	ERA5
1063888	13/05/2025	16	13/05/2025	12	HAE	9,5	0	2,8	0	63,0	0	22,0	0	150,0	0	974,0	0	1298,8	ERA5
1063889	13/05/2025	17	13/05/2025	13	HAE	12,2	0	2,1	0	50,0	0	26,0	0	160,0	0	973,0	0	1281,0	ERA5
1063890	13/05/2025	18	13/05/2025	14	HAE	13,3	0	1,7	0	45,0	0	21,0	0	150,0	0	973,0	0	1727,1	ERA5
1063891	13/05/2025	19	13/05/2025	15	HAE	14,2	0	2,2	0	44,0	0	21,0	0	150,0	0	972,0	0	2723,8	ERA5
1063892	13/05/2025	20	13/05/2025	16	HAE	15,9	0	2,3	0	40,0	0	17,0	0	150,0	0	971,0	0	2234,2	ERA5
1063893	13/05/2025	21	13/05/2025	17	HAE	19,4	0	2,8	0	33,0	0	21,0	0	150,0	0	969,0	0	1875,0	ERA5
1063894	13/05/2025	22	13/05/2025	18	HAE	18,9	0	4,3	0	38,0	0	15,0	0	130,0	0	969,0	0	1306,2	ERA5
1063895	13/05/2025	23	13/05/2025	19	HAE	18,0	0	4,4	0	40,0	0	17,0	0	130,0	0	968,0	0	845,5	ERA5
1063896	14/05/2025	00	13/05/2025	20	HAE	16,3	0	4,4	0	45,0	0	13,0	0	140,0	0	968,0	0	361,2	ERA5
1063897	14/05/2025	01	13/05/2025	21	HAE	14,3	0	4,4	0	51,0	0	9,0	0	140,0	0	968,0	0	28,1	ERA5
1063898	14/05/2025	02	13/05/2025	22	HAE	12,5	0	4,3	0	57,0	0	9,0	0	150,0	0	968,0	0	0,0	ERA5
1063899	14/05/2025	03	13/05/2025	23	HAE	11,2	0	4,6	0	64,0	0	8,0	0	130,0	0	969,0	0	0,0	ERA5
1063900	14/05/2025	04	14/05/2025	00	HAE	10,3	0	4,3	0	66,0	0	9,0	0	160,0	0	968,0	0	0,0	ERA5
1063901	14/05/2025	05	14/05/2025	01	HAE	9,3	0	4,3	0	71,0	0	9,0	0	180,0	0	968,0	0	0,0	ERA5
1063902	14/05/2025	06	14/05/2025	02	HAE	9,3	0	4,3	0	71,0	0	13,0	0	180,0	0	968,0	0	-0,0	ERA5
1063903	14/05/2025	07	14/05/2025	03	HAE	7,1	0	3,9	0	80,0	0	5,0	0	160,0	0	968,0	0	0,0	ERA5
1063904	14/05/2025	08	14/05/2025	04	HAE	7,4	0	4,1	0	80,0	0	9,0	0	170,0	0	968,0	0	0,0	ERA5
1063905	14/05/2025	09	14/05/2025	05	HAE	13,2	0	6,8	0	65,0	0	15,0	0	200,0	0	968,0	0	0,0	ERA5
1063906	14/05/2025	10	14/05/2025	06	HAE	13,4	0	7,7	0	68,0	0	15,0	0	200,0	0	969,0	0	64,7	ERA5
1063907	14/05/2025	11	14/05/2025	07	HAE	16,1	0	9,6	0	65,0	0	21,0	0	210,0	0	969,0	0	475,3	ERA5
1063908	14/05/2025	12	14/05/2025	08	HAE	18,8	0	11,0	0	60,0	0	17,0	0	230,0	0	969,0	0	1054,1	ERA5
1063909	14/05/2025	13	14/05/2025	09	HAE	21,0	0	11,9	0	56,0	0	26,0	0	230,0	0	969,0	0	1657,1	ERA5
1063910	14/05/2025	14	14/05/2025	10	HAE	22,9	0	12,1	0	50,0	0	21,0	0	240,0	0	969,0	0	2212,7	ERA5
1063911	14/05/2025	15	14/05/2025	11	HAE	24,6	0	13,0	0	48,0	0	18,0	0	240,0	0	969,0	0	2668,0	ERA5
1063912	14/05/2025	16	14/05/2025	12	HAE	25,2	0	13,5	0	48,0	0	13,0	0	210,0	0	969,0	0	2982,3	ERA5
1063913	14/05/2025	17	14/05/2025	13	HAE	26,2	0	12,5	0	42,0	0	24,0	0	210,0	0	968,0	0	3134,0	ERA5
1063914	14/05/2025	18	14/05/2025	14	HAE	27,8	0	11,6	0	36,0	0	32,0	0	220,0	0	967,0	0	3118,4	ERA5
1063915	14/05/2025	19	14/05/2025	15	HAE	27,6	0	12,2	0	38,0	0	30,0	0	200,0	0	967,0	0	2927,8	ERA5
1063916	14/05/2025	20	14/05/2025	16	HAE	27,8	0	12,1	0	37,0	0	24,0	0	230,0	0	966,0	0	2450,7	ERA5
1063917	14/05/2025	21	14/05/2025	17	HAE	27,9	0	12,1	0	37,0	0	18,0	0	230,0	0	966,0	0	1878,3	ERA5
1063918	14/05/2025	22	14/05/2025	18	HAE	27,3	0	12,3	0	39,0	0	21,0	0	210,0	0	966,0	0	1112,8	ERA5
1063919	14/05/2025	23	14/05/2025	19	HAE	26,4	0	11,9	0	40,0	0	15,0	0	210,0	0	966,0	0	716,3	ERA5
1063920	15/05/2025	00	14/05/2025	20	HAE	24,1	0	12,3	0	47,0	0	9,0	0	220,0	0	966,0	0	268,8	ERA5
1063921	15/05/2025	01	14/05/2025	21	HAE	21,2	0	12,1	0	56,0	0	8,0	0	220,0	0	966,0	0	21,0	ERA5
1063922	15/05/2025	02	14/05/2025	22	HAE	18,9	0	12,3	0	65,0	0	9,0	0	210,0	0	966,0	0	0,0	ERA5
1063923	15/05/2025	03	14/05/2025	23	HAE	19,6	0	12,0	0	61,0	0	8,0	0	220,0	0	966,0	0	0,0	ERA5
1063924	15/05/2025	04	15/05/2025	00	HAE	19,4	0	12,0	0	62,0	0	13,0	0	210,0	0	966,0	0	0,0	ERA5
1063925	15/05/2025	05	15/05/2025	01	HAE	19,3	0	12,2	0	63,0	0	9,0	0	240,0	0	967,0	0	0,0	ERA5
1063926	15/05/2025	06	15/05/2025	02	HAE	18,0	0	12,1	0	68,0	0	13,0	0	220,0	0	966,0	0	-0,0	ERA5
1063927	15/05/2025	07	15/05/2025	03	HAE	17,1	0	11,9	0	71,0	0	11,0	0	210,0	0	966,0	0	0,0	ERA5
1063928	15/05/2025	08	15/05/2025	04	HAE	16,6	0	12,0	0	74,0	0	11,0	0	220,0	0	966,0	0	0,0	ERA5
1063929	15/05/2025	09	15/05/2025	05	HAE	15,3	0	11,6	0	79,0	0	9,0	0	210,0	0	966,0	0	0,0	ERA5
1063930	15/05/2025	10	15/05/2025	06	HAE	13,1	0	11,2	0	88,0	0	11,0	0	200,0	0	966,0	0	59,7	ERA5
1063931	15/05/2025	11	15/05/2025	07	HAE	16,0	0	12,1	0	77,0	0	8,0	0	230,0	0	966,0	0	414,5	ERA5
1063932	15/05/2025	12	15/05/2025	08	HAE	17,6	0	12,9	0	73,0	0	15,0	0	240,0	0	966,0	0	880,1	ERA5
1063933	15/05/2025	13	15/05/2025	09	HAE	17,6	0	13,8	0	78,0	0	9,0	0	230,0	0	966,0	0	1583,4	ERA5
1063934	15/05/2025	14	15/05/2025	10	HAE	19,4	0	14,0	0	71,0	0	5,0	0	280,0	0	966,0	0	2007,9	ERA5
1063935	15/05/2025	15	15/05/2025	11	HAE	21,3	0	13,5	0	61,0	0	4,0	0	0,0	0	966,0	0	2604,8	ERA5
1063936	15/05/2025	16	15/05/2025	12	HAE	23,4	0	13,9	0	55,0	0	4,0	0	0,0	0	965,0	0	2579,0	ERA5
1063937	15/05/2025	17	15/05/2025	13	HAE	23,5	0	13,3	0	52,0	0	0,0	0	0,0	0	964,0	0	2729,4	ERA5
1063938	15/05/2025	18	15/05/2025	14	HAE	22,0	0	14,3	0	61,0	0	13,0	0	170,0	0	964,0	0	2137,6	ERA5
1063939	15/05/2025	19	15/05/2025	15	HAE	19,2	0	16,4	0	84,0	0	8,0	0	40,0	0	964,0	0	1940,8	ERA5
1063940	15/05/2025	20	15/05/2025	16	HAE	20,0	0	16,1	0	78,0	0	8,0	0	30,0	0	964,0	0	1525,1	ERA5
1063941	15/05/2025	21	15/05/2025	17	HAE	19,7	0	15,5	0	77,0	0	9,0	0	10,0	0	964,0	0	826,7	ERA5
1063942	15/05/2025	22	15/05/2025	18	HAE	17,1	0	16,3	0	95,0	0	8,0	0	50,0	0	964,0	0	816,0	ERA5
1063943	15/05/2025	23	15/05/2025	19	HAE	16,6	0	15,8	0	95,0	0	5,0	0	250,0	0	964,0	0	333,2	ERA5
1063944	16/05/2025	00	15/05/2025	20	HAE	16,0	0	15,9	0	99,0	0	8,0	0	40,0	0	963,0	0	144,0	ERA5
1063945	16/05/2025	01	15/05/2025	21	HAE	14,8	0	14,7	0	99,0	0	4,0	0	0,0	0	963,0	0	19,4	ERA5
1063946	16/05/2025	02	15/05/2025	22	HAE	13,6	0	13,6	0	100,0	0	0,0	0	0,0	0	963,0	0	0,0	ERA5
1063947	16/05/2025	03	15/05/2025	23	HAE	13,5	0	13,5	0	100,0	0	8,0	0	80,0	0	963,0	0	0,0	ERA5
1063948	16/05/2025	04	16/05/2025	00	HAE	13,1	0	13,1	0	100,0	0	4,0	0	40,0	0	962,0	0	0,0	ERA5
1063949	16/05/2025	05	16/05/2025	01	HAE	11,9	0	11,9	0	100,0	0	5,0	0	70,0	0	962,0	0	0,0	ERA5
1063950	16/05/2025	06	16/05/2025	02	HAE	11,3	0	11,3	0	100,0	0	4,0	0	40,0	0	962,0	0	-0,0	ERA5
1063951	16/05/2025	07	16/05/2025	03	HAE	11,3	0	11,3	0	100,0	0	5,0	0	70,0	0	961,0	0	0,0	ERA5
1063952	16/05/2025	08	16/05/2025	04	HAE	11,8	0	11,8	0	100,0	0	8,0	0	30,0	0	961,0	0	0,0	ERA5
1063953	16/05/2025	09	16/05/2025	05	HAE	12,1	0	12,1	0	100,0	0	9,0	0	80,0	0	961,0	0	0,0	ERA5
1063954	16/05/2025	10	16/05/2025	06	HAE	12,4	0	12,4	0	100,0	0	5,0	0	90,0	0	961,0	0	28,5	ERA5
1063955	16/05/2025	11	16/05/2025	07	HAE	13,5	0	13,5	0	100,0	0	9,0	0	110,0	0	961,0	0	255,6	ERA5
1063956	16/05/2025	12	16/05/2025	08	HAE	14,2	0	14,2	0	100,0	0	11,0	0	110,0	0	961,0	0	391,0	ERA5
1063957	16/05/2025	13	16/05/2025	09	HAE	15,2	0	15,2	0	100,0	0	11,0	0	130,0	0	960,0	0	609,8	ERA5
1063958	16/05/2025	14	16/05/2025	10	HAE	15,5	0	15,3	0	98,0	0	11,0	0	120,0	0	960,0	0	1111,9	ERA5
1063959	16/05/2025	15	16/05/2025	11	HAE	15,6	0	14,9	0	96,0	0	13,0	0	120,0	0	959,0	0	1815,9	ERA5
1063960	16/05/2025	16	16/05/2025	12	HAE	16,4	0	15,1	0	92,0	0	17,0	0	120,0	0	959,0	0	2191,1	ERA5
1063961	16/05/2025	17	16/05/2025	13	HAE	17,9	0	15,2	0	84,0	0	24,0	0	130,0	0	958,0	0	2037,9	ERA5
1063962	16/05/2025	18	16/05/2025	14	HAE	18,6	0	14,9	0	79,0	0	15,0	0	110,0	0	957,0	0	2203,1	ERA5
1063963	16/05/2025	19	16/05/2025	15	HAE	20,5	0	15,5	0	73,0	0	18,0	0	90,0	0	956,0	0	1579,7	ERA5
1063964	16/05/2025	20	16/05/2025	16	HAE	21,9	0	15,2	0	65,0	0	15,0	0	150,0	0	956,0	0	848,5	ERA5
1063965	16/05/2025	21	16/05/2025	17	HAE	20,7	0	15,1	0	70,0	0	15,0	0	120,0	0	956,0	0	751,1	ERA5
1063966	16/05/2025	22	16/05/2025	18	HAE	19,8	0	14,9	0	73,0	0	15,0	0	110,0	0	955,0	0	915,0	ERA5
1063967	16/05/2025	23	16/05/2025	19	HAE	18,3	0	14,5	0	78,0	0	15,0	0	110,0	0	955,0	0	598,3	ERA5
1063968	17/05/2025	00	16/05/2025	20	HAE	17,6	0	14,5	0	82,0	0	17,0	0	100,0	0	955,0	0	189,6	ERA5
1063969	17/05/2025	01	16/05/2025	21	HAE	15,9	0	14,4	0	91,0	0	4,0	0	120,0	0	955,0	0	11,4	ERA5
1063970	17/05/2025	02	16/05/2025	22	HAE	15,2	0	14,6	0	96,0	0	11,0	0	200,0	0	956,0	0	0,0	ERA5
1063971	17/05/2025	03	16/05/2025	23	HAE	14,3	0	13,7	0	96,0	0	11,0	0	140,0	0	955,0	0	0,0	ERA5
1063972	17/05/2025	04	17/05/2025	00	HAE	13,5	0	13,2	0	98,0	0	9,0	0	160,0	0	955,0	0	0,0	ERA5
1063973	17/05/2025	05	17/05/2025	01	HAE	13,1	0	13,0	0	99,0	0	13,0	0	150,0	0	955,0	0	0,0	ERA5
1063974	17/05/2025	06	17/05/2025	02	HAE	13,0	0	13,0	0	100,0	0	8,0	0	160,0	0	955,0	0	0,0	ERA5
1063975	17/05/2025	07	17/05/2025	03	HAE	12,8	0	12,8	0	100,0	0	9,0	0	160,0	0	954,0	0	0,0	ERA5
1063976	17/05/2025	08	17/05/2025	04	HAE	12,5	0	12,5	0	100,0	0	11,0	0	160,0	0	955,0	0	0,0	ERA5
1063977	17/05/2025	09	17/05/2025	05	HAE	12,6	0	12,6	0	100,0	0	11,0	0	140,0	0	954,0	0	0,0	ERA5
1063978	17/05/2025	10	17/05/2025	06	HAE	12,9	0	12,9	0	100,0	0	5,0	0	140,0	0	954,0	0	30,4	ERA5
1063979	17/05/2025	11	17/05/2025	07	HAE	13,2	0	13,2	0	100,0	0	4,0	0	0,0	0	954,0	0	199,3	ERA5
1063980	17/05/2025	12	17/05/2025	08	HAE	14,7	0	14,7	0	100,0	0	0,0	0	0,0	0	954,0	0	491,9	ERA5
1063981	17/05/2025	13	17/05/2025	09	HAE	16,9	0	15,3	0	90,0	0	4,0	0	0,0	0	954,0	0	840,5	ERA5
1063982	17/05/2025	14	17/05/2025	10	HAE	15,7	0	14,4	0	92,0	0	17,0	0	80,0	0	954,0	0	1257,0	ERA5
1063983	17/05/2025	15	17/05/2025	11	HAE	19,0	0	15,5	0	80,0	0	11,0	0	100,0	0	953,0	0	1852,8	ERA5
1063984	17/05/2025	16	17/05/2025	12	HAE	20,8	0	14,6	0	67,0	0	15,0	0	80,0	0	953,0	0	2331,3	ERA5
1063985	17/05/2025	17	17/05/2025	13	HAE	22,6	0	13,9	0	57,0	0	17,0	0	100,0	0	952,0	0	2655,4	ERA5
1063986	17/05/2025	18	17/05/2025	14	HAE	22,5	0	10,8	0	47,0	0	11,0	0	90,0	0	952,0	0	2517,8	ERA5
1063987	17/05/2025	19	17/05/2025	15	HAE	23,1	0	12,3	0	50,0	0	17,0	0	50,0	0	951,0	0	2372,3	ERA5
1063988	17/05/2025	20	17/05/2025	16	HAE	22,3	0	12,7	0	54,0	0	18,0	0	60,0	0	950,0	0	1587,1	ERA5
1063989	17/05/2025	21	17/05/2025	17	HAE	20,5	0	13,6	0	64,0	0	18,0	0	120,0	0	950,0	0	849,0	ERA5
1063990	17/05/2025	22	17/05/2025	18	HAE	18,4	0	14,3	0	77,0	0	13,0	0	100,0	0	951,0	0	708,7	ERA5
1063991	17/05/2025	23	17/05/2025	19	HAE	16,5	0	13,6	0	83,0	0	18,0	0	80,0	0	951,0	0	440,5	ERA5
1063992	18/05/2025	00	17/05/2025	20	HAE	15,7	0	13,7	0	88,0	0	13,0	0	80,0	0	951,0	0	162,4	ERA5
1063993	18/05/2025	01	17/05/2025	21	HAE	15,2	0	13,6	0	90,0	0	15,0	0	80,0	0	951,0	0	15,2	ERA5
1063994	18/05/2025	02	17/05/2025	22	HAE	14,7	0	13,3	0	91,0	0	11,0	0	60,0	0	952,0	0	0,0	ERA5
1063995	18/05/2025	03	17/05/2025	23	HAE	13,9	0	13,1	0	95,0	0	13,0	0	70,0	0	951,0	0	0,0	ERA5
1063996	18/05/2025	04	18/05/2025	00	HAE	12,9	0	12,6	0	98,0	0	15,0	0	80,0	0	952,0	0	0,0	ERA5
1063997	18/05/2025	05	18/05/2025	01	HAE	12,1	0	12,0	0	99,0	0	15,0	0	50,0	0	952,0	0	0,0	ERA5
1063998	18/05/2025	06	18/05/2025	02	HAE	11,3	0	11,2	0	99,0	0	15,0	0	90,0	0	952,0	0	0,0	ERA5
1063999	18/05/2025	07	18/05/2025	03	HAE	10,7	0	10,6	0	99,0	0	9,0	0	40,0	0	952,0	0	0,0	ERA5
1064000	18/05/2025	08	18/05/2025	04	HAE	10,4	0	10,1	0	98,0	0	9,0	0	30,0	0	953,0	0	0,0	ERA5
1064001	18/05/2025	09	18/05/2025	05	HAE	10,7	0	10,6	0	99,0	0	9,0	0	330,0	0	953,0	0	0,0	ERA5
1064002	18/05/2025	10	18/05/2025	06	HAE	10,0	0	9,9	0	99,0	0	22,0	0	340,0	0	954,0	0	7,2	ERA5
1064003	18/05/2025	11	18/05/2025	07	HAE	7,3	0	7,0	0	98,0	0	21,0	0	330,0	0	955,0	0	41,2	ERA5
1064004	18/05/2025	12	18/05/2025	08	HAE	5,9	0	5,6	0	98,0	0	21,0	0	320,0	0	956,0	0	113,2	ERA5
1064005	18/05/2025	13	18/05/2025	09	HAE	4,5	0	4,4	0	99,0	0	24,0	0	340,0	0	956,0	0	211,2	ERA5
1064006	18/05/2025	14	18/05/2025	10	HAE	3,7	0	3,4	0	98,0	0	26,0	0	330,0	0	957,0	0	255,7	ERA5
1064007	18/05/2025	15	18/05/2025	11	HAE	3,0	0	2,7	0	98,0	0	30,0	0	330,0	0	958,0	0	424,0	ERA5
1064008	18/05/2025	16	18/05/2025	12	HAE	3,1	0	2,1	0	93,0	0	35,0	0	340,0	0	959,0	0	582,3	ERA5
1064009	18/05/2025	17	18/05/2025	13	HAE	4,0	0	2,0	0	87,0	0	21,0	0	340,0	0	959,0	0	596,0	ERA5
1064010	18/05/2025	18	18/05/2025	14	HAE	5,3	0	2,1	0	80,0	0	22,0	0	340,0	0	959,0	0	529,4	ERA5
1064011	18/05/2025	19	18/05/2025	15	HAE	6,5	0	1,6	0	71,0	0	22,0	0	330,0	0	960,0	0	704,1	ERA5
1064012	18/05/2025	20	18/05/2025	16	HAE	7,4	0	1,7	0	67,0	0	22,0	0	330,0	0	960,0	0	555,3	ERA5
1064013	18/05/2025	21	18/05/2025	17	HAE	7,3	0	1,0	0	64,0	0	30,0	0	330,0	0	961,0	0	451,8	ERA5
1064014	18/05/2025	22	18/05/2025	18	HAE	6,7	0	0,9	0	66,0	0	28,0	0	340,0	0	962,0	0	312,5	ERA5
1064015	18/05/2025	23	18/05/2025	19	HAE	6,2	0	0,5	0	67,0	0	26,0	0	340,0	0	962,0	0	171,5	ERA5
1064016	19/05/2025	00	18/05/2025	20	HAE	5,6	0	0,15	4.lineaire	67,0	0	24,0	0	330,0	0	963,0	0	78,3	ERA5
1064017	19/05/2025	01	18/05/2025	21	HAE	5,2	0	-0,2	0	68,0	0	21,0	0	340,0	0	964,0	0	9,1	ERA5
1064018	19/05/2025	02	18/05/2025	22	HAE	4,5	0	-0,9	0	68,0	0	22,0	0	330,0	0	964,0	0	0,0	ERA5
1064019	19/05/2025	03	18/05/2025	23	HAE	4,1	0	-0,9	0	70,0	0	26,0	0	330,0	0	965,0	0	0,0	ERA5
1064020	19/05/2025	04	19/05/2025	00	HAE	3,6	0	-1,0	0	72,0	0	21,0	0	330,0	0	965,0	0	0,0	ERA5
1064021	19/05/2025	05	19/05/2025	01	HAE	3,7	0	-1,1	0	71,0	0	26,0	0	340,0	0	965,0	0	0,0	ERA5
1064022	19/05/2025	06	19/05/2025	02	HAE	3,5	0	-1,3	0	71,0	0	24,0	0	340,0	0	965,0	0	-0,0	ERA5
1064023	19/05/2025	07	19/05/2025	03	HAE	3,0	0	-2,3	0	68,0	0	26,0	0	350,0	0	966,0	0	0,0	ERA5
1064024	19/05/2025	08	19/05/2025	04	HAE	2,5	0	-2,2	0	71,0	0	24,0	0	340,0	0	966,0	0	0,0	ERA5
1064025	19/05/2025	09	19/05/2025	05	HAE	1,9	0	-2,4	0	73,0	0	22,0	0	340,0	0	967,0	0	0,0	ERA5
1064026	19/05/2025	10	19/05/2025	06	HAE	1,7	0	-2,6	0	73,0	0	24,0	0	340,0	0	967,0	0	12,6	ERA5
1064027	19/05/2025	11	19/05/2025	07	HAE	1,5	0	-2,8	0	73,0	0	28,0	0	350,0	0	968,0	0	98,5	ERA5
1064028	19/05/2025	12	19/05/2025	08	HAE	1,8	0	-2,7	0	72,0	0	21,0	0	340,0	0	969,0	0	470,4	ERA5
1064029	19/05/2025	13	19/05/2025	09	HAE	2,1	0	-2,6	0	71,0	0	24,0	0	340,0	0	969,0	0	584,9	ERA5
1064030	19/05/2025	14	19/05/2025	10	HAE	1,9	0	-3,0	0	70,0	0	30,0	0	330,0	0	970,0	0	792,6	ERA5
1064031	19/05/2025	15	19/05/2025	11	HAE	2,5	0	-2,6	0	69,0	0	30,0	0	340,0	0	970,0	0	970,7	ERA5
1064032	19/05/2025	16	19/05/2025	12	HAE	2,8	0	-2,7	0	67,0	0	26,0	0	330,0	0	970,0	0	1153,9	ERA5
1064033	19/05/2025	17	19/05/2025	13	HAE	3,6	0	-1,8	0	68,0	0	24,0	0	350,0	0	970,0	0	1307,2	ERA5
1064034	19/05/2025	18	19/05/2025	14	HAE	4,1	0	-1,8	0	66,0	0	28,0	0	340,0	0	971,0	0	1297,2	ERA5
1064035	19/05/2025	19	19/05/2025	15	HAE	5,2	0	-1,9	0	60,0	0	30,0	0	330,0	0	971,0	0	1146,1	ERA5
1064036	19/05/2025	20	19/05/2025	16	HAE	6,0	0	-1,2	0	60,0	0	24,0	0	350,0	0	971,0	0	1117,1	ERA5
1064037	19/05/2025	21	19/05/2025	17	HAE	6,5	0	-0,9	0	59,0	0	22,0	0	360,0	0	971,0	0	646,9	ERA5
1064038	19/05/2025	22	19/05/2025	18	HAE	6,1	0	-1,2	0	59,0	0	22,0	0	360,0	0	972,0	0	597,0	ERA5
1064039	19/05/2025	23	19/05/2025	19	HAE	7,0	0	-0,7	0	58,0	0	18,0	0	10,0	0	972,0	0	399,9	ERA5
1064040	20/05/2025	00	19/05/2025	20	HAE	6,6	0	-1,2	0	58,0	0	28,0	0	360,0	0	972,0	0	186,7	ERA5
1064041	20/05/2025	01	19/05/2025	21	HAE	5,6	0	-0,9	0	63,0	0	17,0	0	10,0	0	973,0	0	28,3	ERA5
1064042	20/05/2025	02	19/05/2025	22	HAE	4,7	0	-1,3	0	65,0	0	18,0	0	10,0	0	973,0	0	0,0	ERA5
1064043	20/05/2025	03	19/05/2025	23	HAE	3,5	0	-0,3	0	76,0	0	15,0	0	20,0	0	974,0	0	0,0	ERA5
1064044	20/05/2025	04	20/05/2025	00	HAE	3,1	0	-1,0	0	74,0	0	22,0	0	10,0	0	974,0	0	0,0	ERA5
1064045	20/05/2025	05	20/05/2025	01	HAE	2,5	0	-1,3	0	76,0	0	28,0	0	10,0	0	974,0	0	0,0	ERA5
1064046	20/05/2025	06	20/05/2025	02	HAE	1,8	0	-1,1	0	81,0	0	24,0	0	10,0	0	974,0	0	-0,0	ERA5
1064047	20/05/2025	07	20/05/2025	03	HAE	1,5	0	-1,1	0	83,0	0	21,0	0	360,0	0	974,0	0	0,0	ERA5
1064048	20/05/2025	08	20/05/2025	04	HAE	1,3	0	-1,4	0	82,0	0	15,0	0	10,0	0	974,0	0	0,0	ERA5
1064049	20/05/2025	09	20/05/2025	05	HAE	1,4	0	-1,5	0	81,0	0	18,0	0	10,0	0	974,0	0	0,0	ERA5
1064050	20/05/2025	10	20/05/2025	06	HAE	1,5	0	-1,2	0	82,0	0	15,0	0	360,0	0	975,0	0	54,9	ERA5
1064051	20/05/2025	11	20/05/2025	07	HAE	0,6	0	-0,6	0	92,0	0	15,0	0	20,0	0	975,0	0	251,4	ERA5
1064052	20/05/2025	12	20/05/2025	08	HAE	1,3	0	0,3	0	93,0	0	15,0	0	360,0	0	975,0	0	445,6	ERA5
1064053	20/05/2025	13	20/05/2025	09	HAE	1,9	0	0,7	0	92,0	0	17,0	0	350,0	0	975,0	0	719,3	ERA5
1064054	20/05/2025	14	20/05/2025	10	HAE	2,6	0	0,8	0	88,0	0	17,0	0	360,0	0	975,0	0	825,7	ERA5
1064055	20/05/2025	15	20/05/2025	11	HAE	2,8	0	1,7	0	92,0	0	11,0	0	10,0	0	976,0	0	1054,7	ERA5
1064056	20/05/2025	16	20/05/2025	12	HAE	3,0	0	1,8	0	92,0	0	11,0	0	10,0	0	976,0	0	915,9	ERA5
1064057	20/05/2025	17	20/05/2025	13	HAE	3,5	0	2,4	0	93,0	0	11,0	0	10,0	0	976,0	0	905,2	ERA5
1064058	20/05/2025	18	20/05/2025	14	HAE	3,7	0	2,5	0	92,0	0	13,0	0	10,0	0	976,0	0	838,2	ERA5
1064059	20/05/2025	19	20/05/2025	15	HAE	4,1	0	2,9	0	92,0	0	11,0	0	20,0	0	976,0	0	524,4	ERA5
1064060	20/05/2025	20	20/05/2025	16	HAE	3,9	0	3,0	0	94,0	0	15,0	0	30,0	0	976,0	0	616,7	ERA5
1064061	20/05/2025	21	20/05/2025	17	HAE	3,2	0	2,3	0	94,0	0	15,0	0	10,0	0	976,0	0	463,3	ERA5
1064062	20/05/2025	22	20/05/2025	18	HAE	3,0	0	2,3	0	95,0	0	11,0	0	360,0	0	976,0	0	282,9	ERA5
1064063	20/05/2025	23	20/05/2025	19	HAE	3,2	0	2,5	0	95,0	0	8,0	0	20,0	0	976,0	0	197,9	ERA5
1064064	21/05/2025	00	20/05/2025	20	HAE	3,2	0	2,6	0	96,0	0	5,0	0	360,0	0	976,0	0	63,8	ERA5
1064065	21/05/2025	01	20/05/2025	21	HAE	3,2	0	2,9	0	98,0	0	5,0	0	350,0	0	976,0	0	6,3	ERA5
1064066	21/05/2025	02	20/05/2025	22	HAE	3,2	0	2,9	0	98,0	0	5,0	0	330,0	0	976,0	0	0,0	ERA5
1064067	21/05/2025	03	20/05/2025	23	HAE	3,2	0	3,1	0	99,0	0	5,0	0	330,0	0	975,0	0	0,0	ERA5
1064068	21/05/2025	04	21/05/2025	00	HAE	3,4	0	3,3	0	99,0	0	8,0	0	340,0	0	975,0	0	0,0	ERA5
1064069	21/05/2025	05	21/05/2025	01	HAE	3,7	0	3,6	0	99,0	0	5,0	0	350,0	0	975,0	0	0,0	ERA5
1064070	21/05/2025	06	21/05/2025	02	HAE	3,8	0	3,7	0	99,0	0	5,0	0	10,0	0	975,0	0	-0,0	ERA5
1064071	21/05/2025	07	21/05/2025	03	HAE	3,9	0	3,8	0	99,0	0	4,0	0	20,0	0	974,0	0	0,0	ERA5
1064072	21/05/2025	08	21/05/2025	04	HAE	4,1	0	4,0	0	99,0	0	5,0	0	360,0	0	974,0	0	0,0	ERA5
1064073	21/05/2025	09	21/05/2025	05	HAE	4,1	0	4,0	0	99,0	0	5,0	0	40,0	0	974,0	0	0,0	ERA5
1064074	21/05/2025	10	21/05/2025	06	HAE	4,5	0	4,4	0	99,0	0	5,0	0	20,0	0	974,0	0	22,4	ERA5
1064075	21/05/2025	11	21/05/2025	07	HAE	5,6	0	5,3	0	98,0	0	8,0	0	50,0	0	974,0	0	146,9	ERA5
1064076	21/05/2025	12	21/05/2025	08	HAE	6,2	0	5,6	0	96,0	0	11,0	0	80,0	0	974,0	0	279,0	ERA5
1064077	21/05/2025	13	21/05/2025	09	HAE	7,7	0	6,6	0	93,0	0	13,0	0	110,0	0	974,0	0	574,7	ERA5
1064078	21/05/2025	14	21/05/2025	10	HAE	8,9	0	6,9	0	87,0	0	15,0	0	130,0	0	974,0	0	897,3	ERA5
1064079	21/05/2025	15	21/05/2025	11	HAE	9,9	0	6,6	0	80,0	0	15,0	0	130,0	0	974,0	0	1153,9	ERA5
1064080	21/05/2025	16	21/05/2025	12	HAE	10,4	0	6,1	0	75,0	0	13,0	0	120,0	0	973,0	0	1617,6	ERA5
1064081	21/05/2025	17	21/05/2025	13	HAE	11,6	0	5,1	0	64,0	0	22,0	0	120,0	0	973,0	0	1415,0	ERA5
1064082	21/05/2025	18	21/05/2025	14	HAE	11,0	0	5,5	0	69,0	0	22,0	0	100,0	0	973,0	0	1586,3	ERA5
1064083	21/05/2025	19	21/05/2025	15	HAE	11,8	0	5,8	0	66,0	0	28,0	0	100,0	0	972,0	0	1053,8	ERA5
1064084	21/05/2025	20	21/05/2025	16	HAE	12,1	0	4,3	0	59,0	0	26,0	0	140,0	0	972,0	0	1117,7	ERA5
1064085	21/05/2025	21	21/05/2025	17	HAE	10,0	0	6,4	0	78,0	0	22,0	0	130,0	0	972,0	0	763,0	ERA5
1064086	21/05/2025	22	21/05/2025	18	HAE	10,6	0	6,0	0	73,0	0	9,0	0	120,0	0	972,0	0	751,5	ERA5
1064087	21/05/2025	23	21/05/2025	19	HAE	9,1	0	7,0	0	86,0	0	13,0	0	110,0	0	972,0	0	388,7	ERA5
1064088	22/05/2025	00	21/05/2025	20	HAE	9,3	0	6,4	0	82,0	0	8,0	0	100,0	0	972,0	0	147,3	ERA5
1064089	22/05/2025	01	21/05/2025	21	HAE	9,6	0	5,6	0	76,0	0	15,0	0	110,0	0	972,0	0	21,9	ERA5
1064090	22/05/2025	02	21/05/2025	22	HAE	9,2	0	5,0	0	75,0	0	13,0	0	110,0	0	972,0	0	0,0	ERA5
1064091	22/05/2025	03	21/05/2025	23	HAE	9,0	0	5,0	0	76,0	0	15,0	0	110,0	0	972,0	0	0,0	ERA5
1064092	22/05/2025	04	22/05/2025	00	HAE	8,7	0	4,9	0	77,0	0	17,0	0	110,0	0	972,0	0	0,0	ERA5
1064093	22/05/2025	05	22/05/2025	01	HAE	8,0	0	4,6	0	79,0	0	17,0	0	110,0	0	972,0	0	0,0	ERA5
1064094	22/05/2025	06	22/05/2025	02	HAE	7,7	0	4,8	0	82,0	0	17,0	0	110,0	0	972,0	0	-0,0	ERA5
1064095	22/05/2025	07	22/05/2025	03	HAE	7,0	0	5,3	0	89,0	0	11,0	0	120,0	0	972,0	0	0,0	ERA5
1064096	22/05/2025	08	22/05/2025	04	HAE	7,1	0	4,6	0	84,0	0	11,0	0	100,0	0	971,0	0	0,0	ERA5
1064097	22/05/2025	09	22/05/2025	05	HAE	6,8	0	4,3	0	84,0	0	13,0	0	120,0	0	971,0	0	0,0	ERA5
1064098	22/05/2025	10	22/05/2025	06	HAE	6,9	0	4,1	0	82,0	0	13,0	0	100,0	0	972,0	0	57,2	ERA5
1064099	22/05/2025	11	22/05/2025	07	HAE	7,5	0	4,2	0	79,0	0	18,0	0	110,0	0	972,0	0	325,3	ERA5
1064100	22/05/2025	12	22/05/2025	08	HAE	8,4	0	4,2	0	75,0	0	17,0	0	110,0	0	972,0	0	803,4	ERA5
1064101	22/05/2025	13	22/05/2025	09	HAE	9,2	0	4,0	0	70,0	0	26,0	0	130,0	0	971,0	0	1528,6	ERA5
1064102	22/05/2025	14	22/05/2025	10	HAE	9,8	0	3,2	0	63,0	0	24,0	0	100,0	0	971,0	0	1535,7	ERA5
1064103	22/05/2025	15	22/05/2025	11	HAE	10,6	0	2,8	0	58,0	0	22,0	0	120,0	0	971,0	0	1516,9	ERA5
1064104	22/05/2025	16	22/05/2025	12	HAE	10,1	0	2,1	0	57,0	0	22,0	0	130,0	0	971,0	0	1470,1	ERA5
1064105	22/05/2025	17	22/05/2025	13	HAE	11,2	0	2,4	0	54,0	0	21,0	0	110,0	0	971,0	0	1250,4	ERA5
1064106	22/05/2025	18	22/05/2025	14	HAE	12,1	0	1,4	0	48,0	0	18,0	0	130,0	0	970,0	0	1591,9	ERA5
1064107	22/05/2025	19	22/05/2025	15	HAE	13,0	0	1,5	0	45,0	0	21,0	0	120,0	0	970,0	0	1295,5	ERA5
1064108	22/05/2025	20	22/05/2025	16	HAE	12,4	0	1,9	0	49,0	0	24,0	0	110,0	0	970,0	0	1118,9	ERA5
1064109	22/05/2025	21	22/05/2025	17	HAE	11,4	0	3,6	0	59,0	0	13,0	0	110,0	0	970,0	0	858,1	ERA5
1064110	22/05/2025	22	22/05/2025	18	HAE	10,4	0	4,0	0	64,0	0	11,0	0	140,0	0	970,0	0	686,3	ERA5
1064111	22/05/2025	23	22/05/2025	19	HAE	11,3	0	2,8	0	56,0	0	15,0	0	100,0	0	970,0	0	435,6	ERA5
1064112	23/05/2025	00	22/05/2025	20	HAE	10,9	0	2,8	0	57,0	0	11,0	0	90,0	0	970,0	0	206,8	ERA5
1064113	23/05/2025	01	22/05/2025	21	HAE	9,8	0	3,3	0	64,0	0	8,0	0	90,0	0	970,0	0	26,5	ERA5
1064114	23/05/2025	02	22/05/2025	22	HAE	9,0	0	3,3	0	67,0	0	9,0	0	70,0	0	970,0	0	0,0	ERA5
1064115	23/05/2025	03	22/05/2025	23	HAE	8,5	0	3,6	0	71,0	0	9,0	0	70,0	0	970,0	0	-0,0	ERA5
1064116	23/05/2025	04	23/05/2025	00	HAE	8,3	0	3,4	0	71,0	0	9,0	0	80,0	0	970,0	0	0,0	ERA5
1064117	23/05/2025	05	23/05/2025	01	HAE	8,4	0	3,3	0	70,0	0	13,0	0	90,0	0	969,0	0	0,0	ERA5
1064118	23/05/2025	06	23/05/2025	02	HAE	8,1	0	3,2	0	71,0	0	11,0	0	90,0	0	969,0	0	0,0	ERA5
1064119	23/05/2025	07	23/05/2025	03	HAE	7,4	0	3,3	0	75,0	0	11,0	0	70,0	0	969,0	0	0,0	ERA5
1064120	23/05/2025	08	23/05/2025	04	HAE	7,1	0	3,2	0	76,0	0	13,0	0	80,0	0	969,0	0	0,0	ERA5
1064121	23/05/2025	09	23/05/2025	05	HAE	7,2	0	3,1	0	75,0	0	13,0	0	90,0	0	969,0	0	0,0	ERA5
1064122	23/05/2025	10	23/05/2025	06	HAE	7,2	0	3,2	0	76,0	0	11,0	0	90,0	0	969,0	0	57,4	ERA5
1064123	23/05/2025	11	23/05/2025	07	HAE	7,6	0	3,3	0	74,0	0	13,0	0	90,0	0	969,0	0	303,3	ERA5
1064124	23/05/2025	12	23/05/2025	08	HAE	8,2	0	3,5	0	72,0	0	17,0	0	80,0	0	969,0	0	695,2	ERA5
1064125	23/05/2025	13	23/05/2025	09	HAE	9,1	0	3,6	0	68,0	0	15,0	0	90,0	0	969,0	0	1317,1	ERA5
1064126	23/05/2025	14	23/05/2025	10	HAE	10,7	0	3,6	0	62,0	0	15,0	0	70,0	0	968,0	0	1789,6	ERA5
1064127	23/05/2025	15	23/05/2025	11	HAE	10,9	0	3,6	0	61,0	0	15,0	0	60,0	0	968,0	0	1671,9	ERA5
1064128	23/05/2025	16	23/05/2025	12	HAE	11,9	0	3,2	0	55,0	0	21,0	0	70,0	0	968,0	0	1728,7	ERA5
1064129	23/05/2025	17	23/05/2025	13	HAE	11,6	0	1,9	0	51,0	0	17,0	0	60,0	0	968,0	0	1847,4	ERA5
1064130	23/05/2025	18	23/05/2025	14	HAE	12,3	0	1,9	0	49,0	0	21,0	0	70,0	0	967,0	0	1269,4	ERA5
1064131	23/05/2025	19	23/05/2025	15	HAE	12,4	0	1,8	0	48,0	0	15,0	0	80,0	0	967,0	0	956,3	ERA5
1064132	23/05/2025	20	23/05/2025	16	HAE	11,9	0	1,9	0	50,0	0	17,0	0	80,0	0	967,0	0	741,8	ERA5
1064133	23/05/2025	21	23/05/2025	17	HAE	11,0	0	1,9	0	53,0	0	18,0	0	90,0	0	967,0	0	919,2	ERA5
1064134	23/05/2025	22	23/05/2025	18	HAE	11,0	0	2,2	0	54,0	0	13,0	0	60,0	0	967,0	0	719,8	ERA5
1064135	23/05/2025	23	23/05/2025	19	HAE	10,4	0	2,5	0	58,0	0	5,0	0	80,0	0	967,0	0	477,4	ERA5
1064136	24/05/2025	00	23/05/2025	20	HAE	10,5	0	3,5	0	62,0	0	0,0	0	0,0	0	967,0	0	287,7	ERA5
1064137	24/05/2025	01	23/05/2025	21	HAE	8,7	0	4,8	0	77,0	0	5,0	0	340,0	0	967,0	0	35,0	ERA5
1064138	24/05/2025	02	23/05/2025	22	HAE	8,0	0	3,5	0	73,0	0	0,0	0	0,0	0	968,0	0	0,0	ERA5
1064139	24/05/2025	03	23/05/2025	23	HAE	7,4	0	4,4	0	81,0	0	0,0	0	0,0	0	967,0	0	-0,0	ERA5
1064140	24/05/2025	04	24/05/2025	00	HAE	7,3	0	3,6	0	77,0	0	5,0	0	220,0	0	967,0	0	0,0	ERA5
1064141	24/05/2025	05	24/05/2025	01	HAE	6,4	0	3,7	0	83,0	0	4,0	0	0,0	0	967,0	0	0,0	ERA5
1064142	24/05/2025	06	24/05/2025	02	HAE	6,9	0	3,5	0	79,0	0	4,0	0	300,0	0	967,0	0	0,0	ERA5
1064143	24/05/2025	07	24/05/2025	03	HAE	5,9	0	3,8	0	86,0	0	4,0	0	220,0	0	967,0	0	0,0	ERA5
1064144	24/05/2025	08	24/05/2025	04	HAE	6,2	0	3,9	0	85,0	0	5,0	0	340,0	0	967,0	0	0,0	ERA5
1064145	24/05/2025	09	24/05/2025	05	HAE	5,8	0	3,7	0	86,0	0	15,0	0	70,0	0	967,0	0	0,0	ERA5
1064146	24/05/2025	10	24/05/2025	06	HAE	5,9	0	3,3	0	84,0	0	9,0	0	70,0	0	968,0	0	76,1	ERA5
1064147	24/05/2025	11	24/05/2025	07	HAE	6,5	0	3,3	0	80,0	0	11,0	0	70,0	0	969,0	0	453,6	ERA5
1064148	24/05/2025	12	24/05/2025	08	HAE	6,6	0	2,7	0	76,0	0	18,0	0	50,0	0	969,0	0	1110,4	ERA5
1064149	24/05/2025	13	24/05/2025	09	HAE	8,1	0	2,4	0	67,0	0	22,0	0	60,0	0	969,0	0	1673,7	ERA5
1064150	24/05/2025	14	24/05/2025	10	HAE	10,1	0	2,4	0	59,0	0	11,0	0	50,0	0	969,0	0	1937,6	ERA5
1064151	24/05/2025	15	24/05/2025	11	HAE	10,5	0	2,9	0	59,0	0	21,0	0	90,0	0	969,0	0	2130,0	ERA5
1064152	24/05/2025	16	24/05/2025	12	HAE	12,0	0	3,0	0	54,0	0	15,0	0	90,0	0	969,0	0	2270,6	ERA5
1064153	24/05/2025	17	24/05/2025	13	HAE	13,1	0	2,6	0	49,0	0	22,0	0	80,0	0	969,0	0	2293,8	ERA5
1064154	24/05/2025	18	24/05/2025	14	HAE	14,7	0	2,3	0	43,0	0	26,0	0	70,0	0	968,0	0	2067,8	ERA5
1064155	24/05/2025	19	24/05/2025	15	HAE	15,6	0	2,6	0	41,0	0	17,0	0	60,0	0	968,0	0	1811,5	ERA5
1064156	24/05/2025	20	24/05/2025	16	HAE	15,8	0	1,6	0	38,0	0	11,0	0	70,0	0	968,0	0	1575,1	ERA5
1064157	24/05/2025	21	24/05/2025	17	HAE	16,2	0	1,3	0	36,0	0	13,0	0	80,0	0	968,0	0	1107,8	ERA5
1064158	24/05/2025	22	24/05/2025	18	HAE	15,5	0	1,8	0	39,0	0	9,0	0	120,0	0	969,0	0	912,6	ERA5
1064159	24/05/2025	23	24/05/2025	19	HAE	14,5	0	2,3	0	44,0	0	9,0	0	190,0	0	969,0	0	490,1	ERA5
1064160	25/05/2025	00	24/05/2025	20	HAE	13,6	0	3,4	0	50,0	0	8,0	0	190,0	0	970,0	0	242,1	ERA5
1064161	25/05/2025	01	24/05/2025	21	HAE	12,5	0	3,2	0	53,0	0	4,0	0	0,0	0	970,0	0	36,8	ERA5
1064162	25/05/2025	02	24/05/2025	22	HAE	9,8	0	4,8	0	71,0	0	4,0	0	0,0	0	970,0	0	0,0	ERA5
1064163	25/05/2025	03	24/05/2025	23	HAE	8,7	0	5,8	0	82,0	0	4,0	0	0,0	0	970,0	0	0,0	ERA5
1064164	25/05/2025	04	25/05/2025	00	HAE	8,0	0	4,7	0	80,0	0	11,0	0	240,0	0	970,0	0	0,0	ERA5
1064165	25/05/2025	05	25/05/2025	01	HAE	8,3	0	5,3	0	81,0	0	4,0	0	0,0	0	970,0	0	0,0	ERA5
1064166	25/05/2025	06	25/05/2025	02	HAE	7,2	0	3,6	0	78,0	0	5,0	0	260,0	0	970,0	0	0,0	ERA5
1064167	25/05/2025	07	25/05/2025	03	HAE	7,7	0	3,6	0	75,0	0	9,0	0	270,0	0	970,0	0	0,0	ERA5
1064168	25/05/2025	08	25/05/2025	04	HAE	6,2	0	2,8	0	79,0	0	8,0	0	310,0	0	971,0	0	0,0	ERA5
1064169	25/05/2025	09	25/05/2025	05	HAE	4,6	0	3,0	0	90,0	0	5,0	0	310,0	0	971,0	0	0,0	ERA5
1064170	25/05/2025	10	25/05/2025	06	HAE	5,2	0	3,4	0	88,0	0	4,0	0	0,0	0	971,0	0	119,0	ERA5
1064171	25/05/2025	11	25/05/2025	07	HAE	8,0	0	4,2	0	77,0	0	8,0	0	300,0	0	971,0	0	576,2	ERA5
1064172	25/05/2025	12	25/05/2025	08	HAE	11,1	0	4,7	0	65,0	0	9,0	0	330,0	0	971,0	0	1158,9	ERA5
1064173	25/05/2025	13	25/05/2025	09	HAE	14,4	0	4,9	0	52,0	0	4,0	0	0,0	0	971,0	0	1767,3	ERA5
1064174	25/05/2025	14	25/05/2025	10	HAE	16,6	0	3,5	0	41,0	0	11,0	0	350,0	0	971,0	0	2345,6	ERA5
1064175	25/05/2025	15	25/05/2025	11	HAE	18,4	0	0,3	0	29,0	0	21,0	0	20,0	0	971,0	0	2847,8	ERA5
1064176	25/05/2025	16	25/05/2025	12	HAE	18,8	0	-0,6	0	27,0	0	15,0	0	60,0	0	971,0	0	3165,0	ERA5
1064177	25/05/2025	17	25/05/2025	13	HAE	20,1	0	-0,7	0	25,0	0	13,0	0	340,0	0	971,0	0	3348,1	ERA5
1064178	25/05/2025	18	25/05/2025	14	HAE	18,9	0	-0,8	0	26,0	0	9,0	0	30,0	0	970,0	0	3296,6	ERA5
1064179	25/05/2025	19	25/05/2025	15	HAE	20,6	0	-2,4	0	21,0	0	15,0	0	20,0	0	970,0	0	3048,5	ERA5
1064180	25/05/2025	20	25/05/2025	16	HAE	20,5	0	-3,4	0	20,0	0	13,0	0	350,0	0	970,0	0	2741,0	ERA5
1064181	25/05/2025	21	25/05/2025	17	HAE	20,0	0	-2,2	0	22,0	0	13,0	0	40,0	0	970,0	0	2256,5	ERA5
1064182	25/05/2025	22	25/05/2025	18	HAE	20,4	0	-3,4	0	20,0	0	13,0	0	40,0	0	970,0	0	1717,6	ERA5
1064183	25/05/2025	23	25/05/2025	19	HAE	18,6	0	-6,1	0	18,0	0	21,0	0	60,0	0	971,0	0	1094,4	ERA5
1064184	26/05/2025	00	25/05/2025	20	HAE	15,8	0	-3,1	0	27,0	0	8,0	0	60,0	0	971,0	0	508,9	ERA5
1064185	26/05/2025	01	25/05/2025	21	HAE	14,9	0	-2,0	0	31,0	0	8,0	0	20,0	0	972,0	0	78,7	ERA5
1064186	26/05/2025	02	25/05/2025	22	HAE	10,5	0	2,2	0	56,0	0	9,0	0	350,0	0	972,0	0	-0,0	ERA5
1064187	26/05/2025	03	25/05/2025	23	HAE	8,6	0	1,8	0	62,0	0	8,0	0	320,0	0	972,0	0	0,0	ERA5
1064188	26/05/2025	04	26/05/2025	00	HAE	6,4	0	0,8	0	67,0	0	4,0	0	0,0	0	972,0	0	0,0	ERA5
1064189	26/05/2025	05	26/05/2025	01	HAE	6,4	0	2,1	0	74,0	0	8,0	0	310,0	0	972,0	0	0,0	ERA5
1064190	26/05/2025	06	26/05/2025	02	HAE	4,4	0	0,4	0	75,0	0	0,0	0	0,0	0	972,0	0	0,0	ERA5
1064191	26/05/2025	07	26/05/2025	03	HAE	5,1	0	1,4	0	77,0	0	8,0	0	320,0	0	973,0	0	0,0	ERA5
1064192	26/05/2025	08	26/05/2025	04	HAE	4,7	0	0,9	0	76,0	0	5,0	0	300,0	0	973,0	0	0,0	ERA5
1064193	26/05/2025	09	26/05/2025	05	HAE	5,2	0	1,4	0	77,0	0	9,0	0	310,0	0	973,0	0	0,0	ERA5
1064194	26/05/2025	10	26/05/2025	06	HAE	7,0	0	2,7	0	74,0	0	5,0	0	340,0	0	974,0	0	127,5	ERA5
1064195	26/05/2025	11	26/05/2025	07	HAE	10,2	0	1,6	0	55,0	0	5,0	0	340,0	0	975,0	0	598,3	ERA5
1064196	26/05/2025	12	26/05/2025	08	HAE	13,1	0	1,2	0	44,0	0	0,0	0	0,0	0	975,0	0	1196,1	ERA5
1064197	26/05/2025	13	26/05/2025	09	HAE	16,6	0	-1,8	0	28,0	0	5,0	0	360,0	0	975,0	0	1807,2	ERA5
1064198	26/05/2025	14	26/05/2025	10	HAE	18,6	0	-1,3	0	26,0	0	9,0	0	300,0	0	975,0	0	2366,6	ERA5
1064199	26/05/2025	15	26/05/2025	11	HAE	20,1	0	-2,2	0	22,0	0	11,0	0	0,0	0	975,0	0	2832,1	ERA5
1064200	26/05/2025	16	26/05/2025	12	HAE	20,7	0	-1,8	0	22,0	0	8,0	0	260,0	0	975,0	0	2895,9	ERA5
1064201	26/05/2025	17	26/05/2025	13	HAE	21,2	0	-0,4	0	23,0	0	21,0	0	350,0	0	975,0	0	3165,7	ERA5
1064202	26/05/2025	18	26/05/2025	14	HAE	21,2	0	-2,0	0	21,0	0	9,0	0	210,0	0	975,0	0	3315,0	ERA5
1064203	26/05/2025	19	26/05/2025	15	HAE	22,1	0	-1,8	0	20,0	0	21,0	0	320,0	0	975,0	0	3128,0	ERA5
1064204	26/05/2025	20	26/05/2025	16	HAE	21,6	0	-2,4	0	20,0	0	11,0	0	320,0	0	975,0	0	2777,7	ERA5
1064205	26/05/2025	21	26/05/2025	17	HAE	22,5	0	-1,8	0	20,0	0	15,0	0	320,0	0	975,0	0	2311,0	ERA5
1064206	26/05/2025	22	26/05/2025	18	HAE	21,7	0	-3,2	0	18,0	0	17,0	0	310,0	0	975,0	0	1686,8	ERA5
1064207	26/05/2025	23	26/05/2025	19	HAE	21,1	0	-3,6	0	19,0	0	13,0	0	290,0	0	976,0	0	1059,0	ERA5
1064208	27/05/2025	00	26/05/2025	20	HAE	20,0	0	-2,9	0	21,0	0	9,0	0	290,0	0	976,0	0	502,8	ERA5
1064209	27/05/2025	01	26/05/2025	21	HAE	17,3	0	-0,4	0	30,0	0	5,0	0	290,0	0	976,0	0	81,4	ERA5
1064210	27/05/2025	02	26/05/2025	22	HAE	13,0	0	3,7	0	53,0	0	8,0	0	310,0	0	977,0	0	0,0	ERA5
1064211	27/05/2025	03	26/05/2025	23	HAE	11,2	0	1,8	0	52,0	0	8,0	0	320,0	0	977,0	0	0,0	ERA5
1064212	27/05/2025	04	27/05/2025	00	HAE	9,2	0	2,3	0	62,0	0	8,0	0	300,0	0	977,0	0	0,0	ERA5
1064213	27/05/2025	05	27/05/2025	01	HAE	9,2	0	1,9	0	60,0	0	11,0	0	290,0	0	978,0	0	0,0	ERA5
1064214	27/05/2025	06	27/05/2025	02	HAE	7,9	0	2,4	0	68,0	0	9,0	0	300,0	0	978,0	0	-0,0	ERA5
1064215	27/05/2025	07	27/05/2025	03	HAE	7,7	0	1,9	0	66,0	0	8,0	0	310,0	0	978,0	0	0,0	ERA5
1064216	27/05/2025	08	27/05/2025	04	HAE	5,2	0	1,4	0	76,0	0	8,0	0	310,0	0	979,0	0	0,0	ERA5
1064217	27/05/2025	09	27/05/2025	05	HAE	4,6	0	1,3	0	79,0	0	0,0	0	0,0	0	979,0	0	0,0	ERA5
1064218	27/05/2025	10	27/05/2025	06	HAE	5,4	0	2,9	0	84,0	0	0,0	0	0,0	0	979,0	0	133,0	ERA5
1064219	27/05/2025	11	27/05/2025	07	HAE	10,7	0	3,3	0	60,0	0	4,0	0	0,0	0	979,0	0	609,0	ERA5
1064220	27/05/2025	12	27/05/2025	08	HAE	13,9	0	3,7	0	50,0	0	4,0	0	0,0	0	980,0	0	1210,0	ERA5
1064221	27/05/2025	13	27/05/2025	09	HAE	17,8	0	2,1	0	35,0	0	4,0	0	0,0	0	980,0	0	1823,5	ERA5
1064222	27/05/2025	14	27/05/2025	10	HAE	19,6	0	0,6	0	28,0	0	15,0	0	230,0	0	980,0	0	2384,4	ERA5
1064223	27/05/2025	15	27/05/2025	11	HAE	20,3	0	-0,8	0	24,0	0	15,0	0	0,0	0	980,0	0	2843,6	ERA5
1064224	27/05/2025	16	27/05/2025	12	HAE	20,6	0	-0,9	0	23,0	0	15,0	0	320,0	0	979,0	0	3164,3	ERA5
1064225	27/05/2025	17	27/05/2025	13	HAE	21,0	0	-1,2	0	22,0	0	13,0	0	330,0	0	979,0	0	3325,1	ERA5
1064226	27/05/2025	18	27/05/2025	14	HAE	21,8	0	-1,3	0	21,0	0	17,0	0	310,0	0	979,0	0	3323,4	ERA5
1064227	27/05/2025	19	27/05/2025	15	HAE	22,1	0	-2,2	0	19,0	0	5,0	0	300,0	0	978,0	0	3131,0	ERA5
1064228	27/05/2025	20	27/05/2025	16	HAE	22,3	0	-1,6	0	20,0	0	11,0	0	320,0	0	978,0	0	2655,6	ERA5
1064229	27/05/2025	21	27/05/2025	17	HAE	22,8	0	-0,85	4.lineaire	22,0	0	17,0	0	330,0	0	977,0	0	2021,9	ERA5
1064230	27/05/2025	22	27/05/2025	18	HAE	22,4	0	-0,1	0	22,0	0	9,0	0	260,0	0	977,0	0	1558,8	ERA5
1064231	27/05/2025	23	27/05/2025	19	HAE	22,0	0	-0,7	0	22,0	0	13,0	0	310,0	0	977,0	0	1006,7	ERA5
1064232	28/05/2025	00	27/05/2025	20	HAE	20,9	0	-0,3	0	24,0	0	8,0	0	290,0	0	977,0	0	516,1	ERA5
1064233	28/05/2025	01	27/05/2025	21	HAE	18,1	0	1,4	0	32,0	0	8,0	0	310,0	0	977,0	0	86,7	ERA5
1064234	28/05/2025	02	27/05/2025	22	HAE	12,6	0	5,0	0	60,0	0	5,0	0	290,0	0	977,0	0	-0,0	ERA5
1064235	28/05/2025	03	27/05/2025	23	HAE	11,8	0	3,4	0	56,0	0	5,0	0	280,0	0	977,0	0	0,0	ERA5
1064236	28/05/2025	04	28/05/2025	00	HAE	11,1	0	5,0	0	66,0	0	4,0	0	300,0	0	977,0	0	0,0	ERA5
1064237	28/05/2025	05	28/05/2025	01	HAE	9,6	0	4,0	0	68,0	0	5,0	0	260,0	0	978,0	0	0,0	ERA5
1064238	28/05/2025	06	28/05/2025	02	HAE	8,1	0	5,5	0	84,0	0	4,0	0	290,0	0	978,0	0	0,0	ERA5
1064239	28/05/2025	07	28/05/2025	03	HAE	7,3	0	5,1	0	86,0	0	5,0	0	300,0	0	978,0	0	0,0	ERA5
1064240	28/05/2025	08	28/05/2025	04	HAE	7,3	0	4,0	0	80,0	0	0,0	0	0,0	0	978,0	0	0,0	ERA5
1064241	28/05/2025	09	28/05/2025	05	HAE	6,2	0	3,7	0	84,0	0	0,0	0	0,0	0	978,0	0	0,0	ERA5
1064242	28/05/2025	10	28/05/2025	06	HAE	7,0	0	5,3	0	89,0	0	0,0	0	0,0	0	978,0	0	137,1	ERA5
1064243	28/05/2025	11	28/05/2025	07	HAE	11,3	0	6,1	0	70,0	0	0,0	0	0,0	0	979,0	0	614,3	ERA5
1064244	28/05/2025	12	28/05/2025	08	HAE	15,0	0	4,9	0	51,0	0	5,0	0	170,0	0	979,0	0	1215,2	ERA5
1064245	28/05/2025	13	28/05/2025	09	HAE	18,5	0	3,2	0	36,0	0	8,0	0	150,0	0	979,0	0	1828,7	ERA5
1064246	28/05/2025	14	28/05/2025	10	HAE	20,3	0	0,1	0	26,0	0	0,0	0	0,0	0	978,0	0	2390,6	ERA5
1064247	28/05/2025	15	28/05/2025	11	HAE	21,0	0	0,8	0	26,0	0	15,0	0	290,0	0	978,0	0	2853,0	ERA5
1064248	28/05/2025	16	28/05/2025	12	HAE	21,9	0	0,7	0	24,0	0	8,0	0	260,0	0	977,0	0	3177,8	ERA5
1064249	28/05/2025	17	28/05/2025	13	HAE	22,8	0	0,4	0	22,0	0	15,0	0	310,0	0	977,0	0	3338,6	ERA5
1064250	28/05/2025	18	28/05/2025	14	HAE	23,7	0	0,1	0	21,0	0	17,0	0	360,0	0	976,0	0	3323,3	ERA5
1064251	28/05/2025	19	28/05/2025	15	HAE	23,9	0	-2,3	0	17,0	0	5,0	0	340,0	0	975,0	0	3140,5	ERA5
1064252	28/05/2025	20	28/05/2025	16	HAE	25,2	0	-1,5	0	17,0	0	17,0	0	260,0	0	975,0	0	2790,3	ERA5
1064253	28/05/2025	21	28/05/2025	17	HAE	25,0	0	-3,8	0	14,0	0	13,0	0	270,0	0	974,0	0	2308,4	ERA5
1064254	28/05/2025	22	28/05/2025	18	HAE	24,7	0	-3,5	0	15,0	0	9,0	0	290,0	0	973,0	0	1735,3	ERA5
1064255	28/05/2025	23	28/05/2025	19	HAE	24,4	0	-3,0	0	16,0	0	11,0	0	300,0	0	973,0	0	1121,0	ERA5
1064256	29/05/2025	00	28/05/2025	20	HAE	23,5	0	-2,9	0	17,0	0	8,0	0	270,0	0	973,0	0	532,3	ERA5
1064257	29/05/2025	01	28/05/2025	21	HAE	15,6	0	4,3	0	47,0	0	4,0	0	230,0	0	972,0	0	92,7	ERA5
1064258	29/05/2025	02	28/05/2025	22	HAE	14,5	0	4,3	0	50,0	0	4,0	0	190,0	0	972,0	0	-0,0	ERA5
1064259	29/05/2025	03	28/05/2025	23	HAE	12,5	0	5,8	0	64,0	0	4,0	0	170,0	0	972,0	0	0,0	ERA5
1064260	29/05/2025	04	29/05/2025	00	HAE	10,3	0	7,3	0	82,0	0	4,0	0	0,0	0	971,0	0	0,0	ERA5
1064261	29/05/2025	05	29/05/2025	01	HAE	10,3	0	6,9	0	79,0	0	0,0	0	0,0	0	971,0	0	0,0	ERA5
1064262	29/05/2025	06	29/05/2025	02	HAE	8,3	0	6,8	0	90,0	0	0,0	0	0,0	0	970,0	0	0,0	ERA5
1064263	29/05/2025	07	29/05/2025	03	HAE	8,9	0	6,1	0	83,0	0	0,0	0	0,0	0	970,0	0	0,0	ERA5
1064264	29/05/2025	08	29/05/2025	04	HAE	7,6	0	6,6	0	93,0	0	0,0	0	0,0	0	969,0	0	0,0	ERA5
1064265	29/05/2025	09	29/05/2025	05	HAE	7,7	0	7,1	0	96,0	0	0,0	0	0,0	0	969,0	0	0,0	ERA5
1064266	29/05/2025	10	29/05/2025	06	HAE	7,7	0	7,1	0	96,0	0	0,0	0	0,0	0	969,0	0	142,8	ERA5
1064267	29/05/2025	11	29/05/2025	07	HAE	12,4	0	8,6	0	77,0	0	5,0	0	140,0	0	968,0	0	623,3	ERA5
1064268	29/05/2025	12	29/05/2025	08	HAE	17,8	0	5,6	0	44,0	0	9,0	0	190,0	0	968,0	0	1222,5	ERA5
1064269	29/05/2025	13	29/05/2025	09	HAE	21,7	0	3,7	0	30,0	0	9,0	0	220,0	0	967,0	0	1831,1	ERA5
1064270	29/05/2025	14	29/05/2025	10	HAE	24,2	0	2,0	0	23,0	0	15,0	0	230,0	0	966,0	0	2386,7	ERA5
1064271	29/05/2025	15	29/05/2025	11	HAE	25,0	0	-0,3	0	19,0	0	17,0	0	240,0	0	965,0	0	2842,6	ERA5
1064272	29/05/2025	16	29/05/2025	12	HAE	24,9	0	-0,6	0	18,0	0	21,0	0	250,0	0	964,0	0	3158,6	ERA5
1064273	29/05/2025	17	29/05/2025	13	HAE	25,4	0	-1,0	0	17,0	0	24,0	0	260,0	0	963,0	0	2920,8	ERA5
1064274	29/05/2025	18	29/05/2025	14	HAE	25,5	0	-1,1	0	17,0	0	15,0	0	250,0	0	962,0	0	2626,9	ERA5
1064275	29/05/2025	19	29/05/2025	15	HAE	24,9	0	-0,7	0	18,0	0	17,0	0	240,0	0	961,0	0	1916,2	ERA5
1064276	29/05/2025	20	29/05/2025	16	HAE	25,2	0	0,5	0	20,0	0	17,0	0	240,0	0	960,0	0	1754,7	ERA5
1064277	29/05/2025	21	29/05/2025	17	HAE	24,6	0	0,8	0	21,0	0	21,0	0	230,0	0	959,0	0	1477,2	ERA5
1064278	29/05/2025	22	29/05/2025	18	HAE	24,7	0	1,1	0	21,0	0	18,0	0	240,0	0	958,0	0	1161,5	ERA5
1064279	29/05/2025	23	29/05/2025	19	HAE	23,2	0	1,7	0	24,0	0	11,0	0	230,0	0	958,0	0	861,3	ERA5
1064280	30/05/2025	00	29/05/2025	20	HAE	20,9	0	4,6	0	34,0	0	8,0	0	210,0	0	957,0	0	416,6	ERA5
1064281	30/05/2025	01	29/05/2025	21	HAE	20,3	0	4,4	0	35,0	0	17,0	0	190,0	0	957,0	0	78,1	ERA5
1064282	30/05/2025	02	29/05/2025	22	HAE	19,0	0	9,0	0	52,0	0	13,0	0	210,0	0	957,0	0	0,0	ERA5
1064283	30/05/2025	03	29/05/2025	23	HAE	19,0	0	8,5	0	50,0	0	17,0	0	220,0	0	956,0	0	0,0	ERA5
1064284	30/05/2025	04	30/05/2025	00	HAE	18,1	0	8,8	0	54,0	0	11,0	0	220,0	0	956,0	0	0,0	ERA5
1064285	30/05/2025	05	30/05/2025	01	HAE	17,4	0	8,6	0	56,0	0	15,0	0	210,0	0	955,0	0	0,0	ERA5
1064286	30/05/2025	06	30/05/2025	02	HAE	16,1	0	9,1	0	63,0	0	8,0	0	190,0	0	954,0	0	0,0	ERA5
1064287	30/05/2025	07	30/05/2025	03	HAE	15,9	0	9,0	0	63,0	0	11,0	0	220,0	0	954,0	0	0,0	ERA5
1064288	30/05/2025	08	30/05/2025	04	HAE	15,6	0	9,4	0	66,0	0	17,0	0	240,0	0	954,0	0	0,0	ERA5
1064289	30/05/2025	09	30/05/2025	05	HAE	12,5	0	10,9	0	90,0	0	13,0	0	190,0	0	953,0	0	0,0	ERA5
1064290	30/05/2025	10	30/05/2025	06	HAE	12,7	0	10,8	0	88,0	0	5,0	0	220,0	0	953,0	0	59,7	ERA5
1064291	30/05/2025	11	30/05/2025	07	HAE	14,0	0	11,0	0	82,0	0	8,0	0	310,0	0	953,0	0	285,5	ERA5
1064292	30/05/2025	12	30/05/2025	08	HAE	15,6	0	10,6	0	72,0	0	11,0	0	260,0	0	953,0	0	677,2	ERA5
1064293	30/05/2025	13	30/05/2025	09	HAE	16,7	0	8,2	0	57,0	0	11,0	0	310,0	0	953,0	0	1072,7	ERA5
1064294	30/05/2025	14	30/05/2025	10	HAE	17,7	0	7,9	0	52,0	0	11,0	0	330,0	0	953,0	0	1445,0	ERA5
1064295	30/05/2025	15	30/05/2025	11	HAE	18,0	0	6,5	0	47,0	0	17,0	0	300,0	0	952,0	0	1739,1	ERA5
1064296	30/05/2025	16	30/05/2025	12	HAE	17,4	0	7,3	0	51,0	0	15,0	0	300,0	0	952,0	0	2382,2	ERA5
1064297	30/05/2025	17	30/05/2025	13	HAE	16,1	0	7,1	0	55,0	0	21,0	0	290,0	0	952,0	0	2286,3	ERA5
1064298	30/05/2025	18	30/05/2025	14	HAE	14,7	0	6,9	0	59,0	0	22,0	0	280,0	0	952,0	0	2429,8	ERA5
1064299	30/05/2025	19	30/05/2025	15	HAE	10,2	0	7,2	0	82,0	0	22,0	0	290,0	0	953,0	0	1858,8	ERA5
1064300	30/05/2025	20	30/05/2025	16	HAE	7,5	0	6,6	0	94,0	0	17,0	0	320,0	0	954,0	0	833,6	ERA5
1064301	30/05/2025	21	30/05/2025	17	HAE	7,4	0	5,9	0	90,0	0	17,0	0	320,0	0	954,0	0	656,5	ERA5
1064302	30/05/2025	22	30/05/2025	18	HAE	7,0	0	5,3	0	89,0	0	18,0	0	320,0	0	954,0	0	492,2	ERA5
1064303	30/05/2025	23	30/05/2025	19	HAE	7,4	0	4,6	0	82,0	0	13,0	0	340,0	0	954,0	0	277,2	ERA5
1064304	31/05/2025	00	30/05/2025	20	HAE	7,3	0	3,2	0	75,0	0	13,0	0	320,0	0	954,0	0	115,9	ERA5
1064305	31/05/2025	01	30/05/2025	21	HAE	5,8	0	2,8	0	81,0	0	17,0	0	320,0	0	955,0	0	27,8	ERA5
1064306	31/05/2025	02	30/05/2025	22	HAE	4,9	0	2,5	0	84,0	0	15,0	0	300,0	0	955,0	0	-0,0	ERA5
1064307	31/05/2025	03	30/05/2025	23	HAE	4,1	0	2,1	0	87,0	0	13,0	0	320,0	0	955,0	0	0,0	ERA5
1064308	31/05/2025	04	31/05/2025	00	HAE	3,5	0	1,9	0	89,0	0	13,0	0	310,0	0	955,0	0	0,0	ERA5
1064309	31/05/2025	05	31/05/2025	01	HAE	3,0	0	1,3	0	89,0	0	9,0	0	320,0	0	955,0	0	0,0	ERA5
1064310	31/05/2025	06	31/05/2025	02	HAE	2,8	0	1,3	0	90,0	0	13,0	0	320,0	0	955,0	0	0,0	ERA5
1064311	31/05/2025	07	31/05/2025	03	HAE	2,5	0	1,3	0	92,0	0	15,0	0	320,0	0	955,0	0	0,0	ERA5
1064312	31/05/2025	08	31/05/2025	04	HAE	2,2	0	1,2	0	93,0	0	11,0	0	340,0	0	954,0	0	0,0	ERA5
1064313	31/05/2025	09	31/05/2025	05	HAE	2,3	0	0,7	0	89,0	0	9,0	0	310,0	0	954,0	0	0,0	ERA5
1064314	31/05/2025	10	31/05/2025	06	HAE	2,1	0	0,3	0	88,0	0	11,0	0	320,0	0	954,0	0	55,9	ERA5
1064315	31/05/2025	11	31/05/2025	07	HAE	2,2	0	0,6	0	89,0	0	11,0	0	340,0	0	954,0	0	238,6	ERA5
1064316	31/05/2025	12	31/05/2025	08	HAE	2,7	0	0,3	0	84,0	0	11,0	0	300,0	0	955,0	0	478,9	ERA5
1064317	31/05/2025	13	31/05/2025	09	HAE	3,8	0	0,6	0	80,0	0	9,0	0	290,0	0	955,0	0	771,9	ERA5
1064318	31/05/2025	14	31/05/2025	10	HAE	5,3	0	0,7	0	72,0	0	9,0	0	300,0	0	954,0	0	963,6	ERA5
1064319	31/05/2025	15	31/05/2025	11	HAE	7,1	0	0,9	0	65,0	0	13,0	0	330,0	0	954,0	0	1477,0	ERA5
1064320	31/05/2025	16	31/05/2025	12	HAE	7,1	0	1,1	0	66,0	0	15,0	0	270,0	0	954,0	0	1488,9	ERA5
1064321	31/05/2025	17	31/05/2025	13	HAE	8,2	0	1,4	0	62,0	0	15,0	0	310,0	0	953,0	0	2300,6	ERA5
1064322	31/05/2025	18	31/05/2025	14	HAE	9,3	0	1,8	0	59,0	0	18,0	0	320,0	0	953,0	0	2309,4	ERA5
1064323	31/05/2025	19	31/05/2025	15	HAE	10,2	0	2,3	0	58,0	0	17,0	0	320,0	0	952,0	0	1628,5	ERA5
1064324	31/05/2025	20	31/05/2025	16	HAE	10,3	0	2,3	0	57,0	0	18,0	0	340,0	0	952,0	0	1101,2	ERA5
1064325	31/05/2025	21	31/05/2025	17	HAE	9,8	0	3,3	0	64,0	0	24,0	0	360,0	0	952,0	0	869,0	ERA5
1064326	31/05/2025	22	31/05/2025	18	HAE	10,2	0	3,3	0	62,0	0	18,0	0	340,0	0	951,0	0	503,5	ERA5
1064327	31/05/2025	23	31/05/2025	19	HAE	9,2	0	3,4	0	67,0	0	21,0	0	320,0	0	951,0	0	293,7	ERA5
1064328	01/06/2025	00	31/05/2025	20	HAE	7,7	0	4,8	0	82,0	0	18,0	0	310,0	0	951,0	0	147,7	ERA5
1064329	01/06/2025	01	31/05/2025	21	HAE	6,9	0	5,7	0	92,0	0	15,0	0	310,0	0	950,0	0	20,4	ERA5
1064330	01/06/2025	02	31/05/2025	22	HAE	6,7	0	6,0	0	95,0	0	21,0	0	310,0	0	949,0	0	-0,0	ERA5
1064331	01/06/2025	03	31/05/2025	23	HAE	7,2	0	6,6	0	96,0	0	24,0	0	310,0	0	948,0	0	0,0	ERA5
1064332	01/06/2025	04	01/06/2025	00	HAE	7,9	0	7,3	0	96,0	0	21,0	0	320,0	0	947,0	0	0,0	ERA5
1064333	01/06/2025	05	01/06/2025	01	HAE	8,1	0	7,7	0	97,0	0	22,0	0	330,0	0	947,0	0	0,0	ERA5
1064334	01/06/2025	06	01/06/2025	02	HAE	7,8	0	7,4	0	97,0	0	28,0	0	330,0	0	946,0	0	-0,0	ERA5
1064335	01/06/2025	07	01/06/2025	03	HAE	7,6	0	7,2	0	97,0	0	21,0	0	330,0	0	946,0	0	0,0	ERA5
1064336	01/06/2025	08	01/06/2025	04	HAE	7,2	0	6,8	0	97,0	0	22,0	0	330,0	0	946,0	0	0,0	ERA5
1064337	01/06/2025	09	01/06/2025	05	HAE	6,5	0	5,6	0	94,0	0	32,0	0	340,0	0	946,0	0	0,0	ERA5
1064338	01/06/2025	10	01/06/2025	06	HAE	5,5	0	4,5	0	93,0	0	26,0	0	330,0	0	946,0	0	14,7	ERA5
1064339	01/06/2025	11	01/06/2025	07	HAE	5,0	0	4,4	0	96,0	0	24,0	0	330,0	0	947,0	0	45,1	ERA5
1064340	01/06/2025	12	01/06/2025	08	HAE	5,4	0	4,4	0	93,0	0	22,0	0	330,0	0	947,0	0	107,7	ERA5
1064341	01/06/2025	13	01/06/2025	09	HAE	5,6	0	4,9	0	95,0	0	26,0	0	320,0	0	947,0	0	137,3	ERA5
1064342	01/06/2025	14	01/06/2025	10	HAE	6,0	0	4,8	0	92,0	0	24,0	0	320,0	0	948,0	0	286,1	ERA5
1064343	01/06/2025	15	01/06/2025	11	HAE	6,8	0	5,7	0	93,0	0	21,0	0	310,0	0	948,0	0	282,0	ERA5
1064344	01/06/2025	16	01/06/2025	12	HAE	7,2	0	5,8	0	91,0	0	22,0	0	320,0	0	949,0	0	363,1	ERA5
1064345	01/06/2025	17	01/06/2025	13	HAE	7,6	0	5,0	0	83,0	0	26,0	0	330,0	0	949,0	0	373,3	ERA5
1064346	01/06/2025	18	01/06/2025	14	HAE	7,3	0	5,0	0	85,0	0	15,0	0	320,0	0	950,0	0	335,2	ERA5
1064347	01/06/2025	19	01/06/2025	15	HAE	7,4	0	5,5	0	88,0	0	24,0	0	320,0	0	951,0	0	255,8	ERA5
1064348	01/06/2025	20	01/06/2025	16	HAE	7,2	0	4,2	0	81,0	0	28,0	0	310,0	0	951,0	0	247,5	ERA5
1064349	01/06/2025	21	01/06/2025	17	HAE	6,7	0	5,4	0	92,0	0	18,0	0	310,0	0	953,0	0	172,7	ERA5
1064350	01/06/2025	22	01/06/2025	18	HAE	6,7	0	5,4	0	91,0	0	21,0	0	300,0	0	953,0	0	185,8	ERA5
1064351	01/06/2025	23	01/06/2025	19	HAE	6,2	0	4,7	0	90,0	0	21,0	0	300,0	0	954,0	0	150,4	ERA5
1064352	02/06/2025	00	01/06/2025	20	HAE	5,5	0	4,5	0	93,0	0	15,0	0	290,0	0	955,0	0	81,9	ERA5
1064353	02/06/2025	01	01/06/2025	21	HAE	5,3	0	4,4	0	94,0	0	17,0	0	290,0	0	956,0	0	22,1	ERA5
1064354	02/06/2025	02	01/06/2025	22	HAE	5,4	0	4,5	0	94,0	0	15,0	0	300,0	0	956,0	0	-0,0	ERA5
1064355	02/06/2025	03	01/06/2025	23	HAE	5,8	0	4,6	0	92,0	0	13,0	0	300,0	0	957,0	0	0,0	ERA5
1064356	02/06/2025	04	02/06/2025	00	HAE	6,2	0	4,7	0	90,0	0	13,0	0	280,0	0	957,0	0	0,0	ERA5
1064357	02/06/2025	05	02/06/2025	01	HAE	6,3	0	5,1	0	92,0	0	15,0	0	290,0	0	957,0	0	0,0	ERA5
1064358	02/06/2025	06	02/06/2025	02	HAE	6,0	0	4,8	0	92,0	0	18,0	0	270,0	0	957,0	0	0,0	ERA5
1064359	02/06/2025	07	02/06/2025	03	HAE	5,8	0	4,5	0	91,0	0	17,0	0	280,0	0	958,0	0	0,0	ERA5
1064360	02/06/2025	08	02/06/2025	04	HAE	5,2	0	3,7	0	90,0	0	13,0	0	280,0	0	958,0	0	0,0	ERA5
1064361	02/06/2025	09	02/06/2025	05	HAE	4,0	0	3,0	0	93,0	0	11,0	0	260,0	0	959,0	0	0,0	ERA5
1064362	02/06/2025	10	02/06/2025	06	HAE	3,4	0	2,4	0	93,0	0	11,0	0	280,0	0	960,0	0	59,0	ERA5
1064363	02/06/2025	11	02/06/2025	07	HAE	3,4	0	2,4	0	93,0	0	11,0	0	270,0	0	960,0	0	299,1	ERA5
1064364	02/06/2025	12	02/06/2025	08	HAE	3,9	0	2,7	0	92,0	0	11,0	0	270,0	0	961,0	0	616,3	ERA5
1064365	02/06/2025	13	02/06/2025	09	HAE	5,3	0	2,2	0	80,0	0	17,0	0	260,0	0	961,0	0	971,0	ERA5
1064366	02/06/2025	14	02/06/2025	10	HAE	7,4	0	2,2	0	70,0	0	17,0	0	280,0	0	961,0	0	1101,7	ERA5
1064367	02/06/2025	15	02/06/2025	11	HAE	9,4	0	2,5	0	62,0	0	15,0	0	270,0	0	961,0	0	1375,6	ERA5
1064368	02/06/2025	16	02/06/2025	12	HAE	11,0	0	1,7	0	52,0	0	18,0	0	310,0	0	962,0	0	1330,9	ERA5
1064369	02/06/2025	17	02/06/2025	13	HAE	12,7	0	1,0	0	45,0	0	28,0	0	280,0	0	962,0	0	1276,3	ERA5
1064370	02/06/2025	18	02/06/2025	14	HAE	14,0	0	0,7	0	40,0	0	21,0	0	280,0	0	962,0	0	1457,3	ERA5
1064371	02/06/2025	19	02/06/2025	15	HAE	14,1	0	1,1	0	41,0	0	21,0	0	310,0	0	962,0	0	1590,5	ERA5
1064372	02/06/2025	20	02/06/2025	16	HAE	15,0	0	1,7	0	40,0	0	13,0	0	290,0	0	962,0	0	1917,2	ERA5
1064373	02/06/2025	21	02/06/2025	17	HAE	15,4	0	1,6	0	39,0	0	17,0	0	310,0	0	962,0	0	1193,5	ERA5
1064374	02/06/2025	22	02/06/2025	18	HAE	15,7	0	1,9	0	39,0	0	11,0	0	330,0	0	963,0	0	1229,6	ERA5
1064375	02/06/2025	23	02/06/2025	19	HAE	14,8	0	2,1	0	42,0	0	11,0	0	350,0	0	963,0	0	897,4	ERA5
1064376	03/06/2025	00	02/06/2025	20	HAE	12,6	0	4,3	0	57,0	0	9,0	0	60,0	0	964,0	0	532,9	ERA5
1064377	03/06/2025	01	02/06/2025	21	HAE	10,4	0	4,4	0	66,0	0	5,0	0	40,0	0	965,0	0	109,2	ERA5
1064378	03/06/2025	02	02/06/2025	22	HAE	8,2	0	4,3	0	76,0	0	8,0	0	60,0	0	965,0	0	0,0	ERA5
1064379	03/06/2025	03	02/06/2025	23	HAE	7,1	0	4,4	0	83,0	0	9,0	0	60,0	0	965,0	0	0,0	ERA5
1064380	03/06/2025	04	03/06/2025	00	HAE	6,7	0	4,0	0	83,0	0	5,0	0	100,0	0	965,0	0	0,0	ERA5
1064381	03/06/2025	05	03/06/2025	01	HAE	6,4	0	3,5	0	82,0	0	4,0	0	120,0	0	966,0	0	0,0	ERA5
1064382	03/06/2025	06	03/06/2025	02	HAE	6,1	0	2,9	0	80,0	0	5,0	0	140,0	0	966,0	0	-0,0	ERA5
1064383	03/06/2025	07	03/06/2025	03	HAE	5,2	0	3,1	0	86,0	0	9,0	0	140,0	0	966,0	0	0,0	ERA5
1064384	03/06/2025	08	03/06/2025	04	HAE	5,1	0	3,1	0	87,0	0	8,0	0	130,0	0	966,0	0	0,0	ERA5
1064385	03/06/2025	09	03/06/2025	05	HAE	6,0	0	4,0	0	87,0	0	5,0	0	130,0	0	966,0	0	0,0	ERA5
1064386	03/06/2025	10	03/06/2025	06	HAE	6,8	0	3,7	0	81,0	0	13,0	0	140,0	0	965,0	0	54,8	ERA5
1064387	03/06/2025	11	03/06/2025	07	HAE	8,5	0	4,5	0	76,0	0	9,0	0	150,0	0	965,0	0	315,2	ERA5
1064388	03/06/2025	12	03/06/2025	08	HAE	10,8	0	4,9	0	67,0	0	9,0	0	140,0	0	966,0	0	663,7	ERA5
1064389	03/06/2025	13	03/06/2025	09	HAE	12,7	0	4,9	0	59,0	0	15,0	0	150,0	0	966,0	0	1227,6	ERA5
1064390	03/06/2025	14	03/06/2025	10	HAE	14,9	0	5,0	0	51,0	0	17,0	0	170,0	0	965,0	0	1951,9	ERA5
1064391	03/06/2025	15	03/06/2025	11	HAE	16,9	0	5,7	0	47,0	0	24,0	0	180,0	0	965,0	0	2653,2	ERA5
1064392	03/06/2025	16	03/06/2025	12	HAE	19,7	0	7,3	0	44,0	0	28,0	0	180,0	0	964,0	0	2854,0	ERA5
1064393	03/06/2025	17	03/06/2025	13	HAE	22,8	0	8,8	0	40,0	0	22,0	0	190,0	0	964,0	0	3066,7	ERA5
1064394	03/06/2025	18	03/06/2025	14	HAE	22,9	0	8,9	0	40,0	0	26,0	0	180,0	0	963,0	0	2859,5	ERA5
1064395	03/06/2025	19	03/06/2025	15	HAE	25,3	0	10,5	0	39,0	0	22,0	0	200,0	0	963,0	0	2231,2	ERA5
1064396	03/06/2025	20	03/06/2025	16	HAE	25,5	0	10,4	0	38,0	0	32,0	0	190,0	0	963,0	0	2177,8	ERA5
1064397	03/06/2025	21	03/06/2025	17	HAE	25,6	0	11,1	0	40,0	0	18,0	0	200,0	0	963,0	0	1751,7	ERA5
1064398	03/06/2025	22	03/06/2025	18	HAE	25,6	0	10,8	0	39,0	0	22,0	0	200,0	0	963,0	0	1164,4	ERA5
1064399	03/06/2025	23	03/06/2025	19	HAE	25,0	0	10,8	0	40,0	0	15,0	0	180,0	0	963,0	0	887,9	ERA5
1064400	04/06/2025	00	03/06/2025	20	HAE	23,8	0	10,7	0	43,0	0	18,0	0	170,0	0	963,0	0	353,6	ERA5
1064401	04/06/2025	01	03/06/2025	21	HAE	22,0	0	10,6	0	48,0	0	17,0	0	180,0	0	963,0	0	68,4	ERA5
1064402	04/06/2025	02	03/06/2025	22	HAE	21,5	0	9,9	0	47,0	0	21,0	0	170,0	0	964,0	0	0,0	ERA5
1064403	04/06/2025	03	03/06/2025	23	HAE	19,7	0	9,6	0	52,0	0	17,0	0	180,0	0	964,0	0	0,0	ERA5
1064404	04/06/2025	04	04/06/2025	00	HAE	19,2	0	9,5	0	53,0	0	18,0	0	180,0	0	964,0	0	0,0	ERA5
1064405	04/06/2025	05	04/06/2025	01	HAE	18,7	0	9,9	0	56,0	0	22,0	0	180,0	0	964,0	0	-0,0	ERA5
1064406	04/06/2025	06	04/06/2025	02	HAE	17,6	0	10,1	0	61,0	0	17,0	0	180,0	0	963,0	0	0,0	ERA5
1064407	04/06/2025	07	04/06/2025	03	HAE	17,5	0	10,1	0	61,0	0	21,0	0	170,0	0	963,0	0	0,0	ERA5
1064408	04/06/2025	08	04/06/2025	04	HAE	17,7	0	9,9	0	60,0	0	22,0	0	170,0	0	963,0	0	0,0	ERA5
1064409	04/06/2025	09	04/06/2025	05	HAE	17,6	0	10,1	0	61,0	0	26,0	0	180,0	0	962,0	0	0,0	ERA5
1064410	04/06/2025	10	04/06/2025	06	HAE	17,8	0	10,5	0	62,0	0	24,0	0	180,0	0	962,0	0	41,4	ERA5
1064411	04/06/2025	11	04/06/2025	07	HAE	15,5	0	12,8	0	84,0	0	17,0	0	180,0	0	962,0	0	113,9	ERA5
1064412	04/06/2025	12	04/06/2025	08	HAE	16,1	0	13,0	0	82,0	0	15,0	0	160,0	0	962,0	0	484,7	ERA5
1064413	04/06/2025	13	04/06/2025	09	HAE	19,9	0	13,0	0	64,0	0	24,0	0	180,0	0	961,0	0	982,3	ERA5
1064414	04/06/2025	14	04/06/2025	10	HAE	24,0	0	13,8	0	52,0	0	34,0	0	210,0	0	961,0	0	1504,4	ERA5
1064415	04/06/2025	15	04/06/2025	11	HAE	23,1	0	13,7	0	55,0	0	28,0	0	220,0	0	962,0	0	1632,3	ERA5
1064416	04/06/2025	16	04/06/2025	12	HAE	21,6	0	15,1	0	66,0	0	22,0	0	260,0	0	962,0	0	1311,1	ERA5
1064417	04/06/2025	17	04/06/2025	13	HAE	20,8	0	14,8	0	68,0	0	24,0	0	250,0	0	963,0	0	759,4	ERA5
1064418	04/06/2025	18	04/06/2025	14	HAE	16,5	0	15,2	0	92,0	0	15,0	0	280,0	0	964,0	0	408,8	ERA5
1064419	04/06/2025	19	04/06/2025	15	HAE	16,5	0	15,4	0	93,0	0	13,0	0	270,0	0	965,0	0	906,8	ERA5
1064420	04/06/2025	20	04/06/2025	16	HAE	16,0	0	15,1	0	94,0	0	13,0	0	280,0	0	965,0	0	441,3	ERA5
1064421	04/06/2025	21	04/06/2025	17	HAE	14,7	0	13,9	0	95,0	0	15,0	0	300,0	0	966,0	0	337,7	ERA5
1064422	04/06/2025	22	04/06/2025	18	HAE	15,1	0	14,5	0	96,0	0	8,0	0	250,0	0	966,0	0	247,8	ERA5
1064423	04/06/2025	23	04/06/2025	19	HAE	15,1	0	14,3	0	95,0	0	11,0	0	270,0	0	967,0	0	181,7	ERA5
1064424	05/06/2025	00	04/06/2025	20	HAE	14,9	0	14,2	0	95,0	0	8,0	0	280,0	0	967,0	0	150,9	ERA5
1064425	05/06/2025	01	04/06/2025	21	HAE	14,3	0	13,8	0	97,0	0	8,0	0	260,0	0	968,0	0	57,5	ERA5
1064426	05/06/2025	02	04/06/2025	22	HAE	13,0	0	12,7	0	98,0	0	8,0	0	230,0	0	969,0	0	0,0	ERA5
1064427	05/06/2025	03	04/06/2025	23	HAE	12,7	0	12,6	0	99,0	0	5,0	0	260,0	0	969,0	0	0,0	ERA5
1064428	05/06/2025	04	05/06/2025	00	HAE	11,9	0	11,9	0	100,0	0	8,0	0	250,0	0	969,0	0	0,0	ERA5
1064429	05/06/2025	05	05/06/2025	01	HAE	10,8	0	10,7	0	99,0	0	5,0	0	260,0	0	970,0	0	0,0	ERA5
1064430	05/06/2025	06	05/06/2025	02	HAE	9,7	0	9,7	0	100,0	0	5,0	0	320,0	0	970,0	0	0,0	ERA5
1064431	05/06/2025	07	05/06/2025	03	HAE	8,0	0	8,0	0	100,0	0	4,0	0	130,0	0	970,0	0	0,0	ERA5
1064432	05/06/2025	08	05/06/2025	04	HAE	7,6	0	7,6	0	100,0	0	4,0	0	180,0	0	970,0	0	0,0	ERA5
1064433	05/06/2025	09	05/06/2025	05	HAE	7,7	0	7,7	0	100,0	0	5,0	0	190,0	0	970,0	0	0,1	ERA5
1064434	05/06/2025	10	05/06/2025	06	HAE	8,6	0	8,6	0	100,0	0	8,0	0	180,0	0	970,0	0	156,1	ERA5
1064435	05/06/2025	11	05/06/2025	07	HAE	9,4	0	9,4	0	100,0	0	9,0	0	190,0	0	971,0	0	605,9	ERA5
1064436	05/06/2025	12	05/06/2025	08	HAE	10,3	0	10,3	0	100,0	0	8,0	0	170,0	0	971,0	0	1134,2	ERA5
1064437	05/06/2025	13	05/06/2025	09	HAE	11,7	0	11,7	0	100,0	0	5,0	0	160,0	0	971,0	0	1693,7	ERA5
1064438	05/06/2025	14	05/06/2025	10	HAE	13,2	0	13,2	0	100,0	0	11,0	0	210,0	0	971,0	0	1709,4	ERA5
1064439	05/06/2025	15	05/06/2025	11	HAE	15,1	0	13,7	0	91,0	0	15,0	0	200,0	0	971,0	0	2214,9	ERA5
1064440	05/06/2025	16	05/06/2025	12	HAE	17,3	0	14,3	0	82,0	0	13,0	0	150,0	0	971,0	0	2733,1	ERA5
1064441	05/06/2025	17	05/06/2025	13	HAE	18,6	0	13,3	0	71,0	0	13,0	0	200,0	0	970,0	0	2895,2	ERA5
1064442	05/06/2025	18	05/06/2025	14	HAE	20,7	0	11,9	0	57,0	0	5,0	0	300,0	0	970,0	0	2343,2	ERA5
1064443	05/06/2025	19	05/06/2025	15	HAE	21,8	0	4,5	0	32,0	0	15,0	0	270,0	0	970,0	0	2299,6	ERA5
1064444	05/06/2025	20	05/06/2025	16	HAE	22,8	0	4,9	0	31,0	0	22,0	0	300,0	0	969,0	0	2317,2	ERA5
1064445	05/06/2025	21	05/06/2025	17	HAE	22,1	0	2,4	0	27,0	0	9,0	0	280,0	0	970,0	0	1994,9	ERA5
1064446	05/06/2025	22	05/06/2025	18	HAE	22,0	0	3,2	0	29,0	0	15,0	0	310,0	0	970,0	0	1551,8	ERA5
1064447	05/06/2025	23	05/06/2025	19	HAE	21,3	0	2,8	0	29,0	0	17,0	0	310,0	0	970,0	0	1151,9	ERA5
1064448	06/06/2025	00	05/06/2025	20	HAE	19,9	0	3,9	0	34,0	0	9,0	0	310,0	0	970,0	0	571,0	ERA5
1064449	06/06/2025	01	05/06/2025	21	HAE	17,5	0	4,2	0	41,0	0	5,0	0	320,0	0	971,0	0	118,2	ERA5
1064450	06/06/2025	02	05/06/2025	22	HAE	14,5	0	6,0	0	56,0	0	5,0	0	340,0	0	971,0	0	0,0	ERA5
1064451	06/06/2025	03	05/06/2025	23	HAE	11,2	0	6,0	0	70,0	0	0,0	0	0,0	0	971,0	0	0,0	ERA5
1064452	06/06/2025	04	06/06/2025	00	HAE	9,6	0	6,0	0	78,0	0	4,0	0	140,0	0	971,0	0	0,0	ERA5
1064453	06/06/2025	05	06/06/2025	01	HAE	7,8	0	5,7	0	87,0	0	8,0	0	170,0	0	971,0	0	0,0	ERA5
1064454	06/06/2025	06	06/06/2025	02	HAE	9,5	0	5,8	0	77,0	0	5,0	0	160,0	0	970,0	0	0,0	ERA5
1064455	06/06/2025	07	06/06/2025	03	HAE	9,3	0	5,4	0	77,0	0	8,0	0	170,0	0	970,0	0	0,0	ERA5
1064456	06/06/2025	08	06/06/2025	04	HAE	10,0	0	6,0	0	76,0	0	9,0	0	140,0	0	969,0	0	0,0	ERA5
1064457	06/06/2025	09	06/06/2025	05	HAE	10,9	0	6,0	0	71,0	0	13,0	0	150,0	0	969,0	0	0,1	ERA5
1064458	06/06/2025	10	06/06/2025	06	HAE	11,8	0	6,0	0	67,0	0	13,0	0	150,0	0	969,0	0	106,5	ERA5
1064459	06/06/2025	11	06/06/2025	07	HAE	12,6	0	6,4	0	66,0	0	13,0	0	170,0	0	970,0	0	399,0	ERA5
1064460	06/06/2025	12	06/06/2025	08	HAE	13,9	0	6,8	0	62,0	0	0,0	0	0,0	0	969,0	0	810,8	ERA5
1064461	06/06/2025	13	06/06/2025	09	HAE	15,6	0	7,8	0	59,0	0	9,0	0	130,0	0	969,0	0	1594,7	ERA5
1064462	06/06/2025	14	06/06/2025	10	HAE	17,0	0	8,0	0	55,0	0	5,0	0	50,0	0	968,0	0	2030,3	ERA5
1064463	06/06/2025	15	06/06/2025	11	HAE	19,4	0	9,4	0	52,0	0	9,0	0	360,0	0	968,0	0	2498,9	ERA5
1064464	06/06/2025	16	06/06/2025	12	HAE	22,7	0	8,3	0	39,0	0	11,0	0	280,0	0	967,0	0	2619,0	ERA5
1064465	06/06/2025	17	06/06/2025	13	HAE	22,9	0	6,7	0	35,0	0	17,0	0	290,0	0	966,0	0	2686,6	ERA5
1064466	06/06/2025	18	06/06/2025	14	HAE	22,3	0	7,4	0	38,0	0	17,0	0	300,0	0	966,0	0	1686,2	ERA5
1064467	06/06/2025	19	06/06/2025	15	HAE	21,5	0	6,8	0	38,0	0	22,0	0	310,0	0	966,0	0	2206,5	ERA5
1064468	06/06/2025	20	06/06/2025	16	HAE	21,4	0	5,8	0	36,0	0	18,0	0	290,0	0	966,0	0	1973,6	ERA5
1064469	06/06/2025	21	06/06/2025	17	HAE	21,3	0	6,8	0	39,0	0	17,0	0	310,0	0	966,0	0	1777,5	ERA5
1064470	06/06/2025	22	06/06/2025	18	HAE	20,3	0	6,3	0	40,0	0	13,0	0	310,0	0	966,0	0	1283,8	ERA5
1064471	06/06/2025	23	06/06/2025	19	HAE	18,2	0	6,6	0	46,0	0	24,0	0	330,0	0	967,0	0	855,0	ERA5
1064472	07/06/2025	00	06/06/2025	20	HAE	15,9	0	6,0	0	52,0	0	17,0	0	340,0	0	968,0	0	407,6	ERA5
1064473	07/06/2025	01	06/06/2025	21	HAE	14,6	0	5,8	0	55,0	0	13,0	0	350,0	0	968,0	0	99,3	ERA5
1064474	07/06/2025	02	06/06/2025	22	HAE	13,7	0	4,9	0	55,0	0	11,0	0	360,0	0	969,0	0	-0,0	ERA5
1064475	07/06/2025	03	06/06/2025	23	HAE	13,0	0	5,0	0	58,0	0	5,0	0	360,0	0	969,0	0	0,0	ERA5
1064476	07/06/2025	04	07/06/2025	00	HAE	11,8	0	5,0	0	63,0	0	4,0	0	0,0	0	969,0	0	0,0	ERA5
1064477	07/06/2025	05	07/06/2025	01	HAE	10,8	0	4,7	0	66,0	0	5,0	0	330,0	0	969,0	0	0,0	ERA5
1064478	07/06/2025	06	07/06/2025	02	HAE	9,8	0	4,0	0	67,0	0	11,0	0	320,0	0	969,0	0	0,0	ERA5
1064479	07/06/2025	07	07/06/2025	03	HAE	8,4	0	3,9	0	73,0	0	5,0	0	330,0	0	969,0	0	0,0	ERA5
1064480	07/06/2025	08	07/06/2025	04	HAE	7,0	0	3,6	0	79,0	0	9,0	0	330,0	0	969,0	0	0,0	ERA5
1064481	07/06/2025	09	07/06/2025	05	HAE	6,3	0	3,6	0	83,0	0	11,0	0	330,0	0	969,0	0	0,2	ERA5
1064482	07/06/2025	10	07/06/2025	06	HAE	6,7	0	3,9	0	82,0	0	9,0	0	320,0	0	969,0	0	169,9	ERA5
1064483	07/06/2025	11	07/06/2025	07	HAE	7,5	0	4,6	0	82,0	0	13,0	0	320,0	0	970,0	0	651,9	ERA5
1064484	07/06/2025	12	07/06/2025	08	HAE	9,5	0	4,6	0	71,0	0	8,0	0	350,0	0	970,0	0	1247,0	ERA5
1064485	07/06/2025	13	07/06/2025	09	HAE	11,9	0	3,5	0	56,0	0	11,0	0	350,0	0	970,0	0	1851,6	ERA5
1064486	07/06/2025	14	07/06/2025	10	HAE	13,3	0	2,1	0	46,0	0	13,0	0	40,0	0	970,0	0	2409,1	ERA5
1064487	07/06/2025	15	07/06/2025	11	HAE	14,5	0	1,4	0	41,0	0	13,0	0	320,0	0	970,0	0	2874,0	ERA5
1064488	07/06/2025	16	07/06/2025	12	HAE	15,8	0	1,1	0	37,0	0	11,0	0	270,0	0	969,0	0	3177,9	ERA5
1064489	07/06/2025	17	07/06/2025	13	HAE	16,9	0	1,7	0	36,0	0	11,0	0	310,0	0	969,0	0	3073,7	ERA5
1064490	07/06/2025	18	07/06/2025	14	HAE	16,5	0	0,8	0	34,0	0	17,0	0	330,0	0	969,0	0	2584,7	ERA5
1064491	07/06/2025	19	07/06/2025	15	HAE	17,5	0	1,0	0	33,0	0	15,0	0	310,0	0	968,0	0	2073,4	ERA5
1064492	07/06/2025	20	07/06/2025	16	HAE	17,3	0	0,65	4.lineaire	31,0	0	11,0	0	310,0	0	968,0	0	2032,3	ERA5
1064493	07/06/2025	21	07/06/2025	17	HAE	17,3	0	0,3	0	32,0	0	15,0	0	280,0	0	968,0	0	1654,4	ERA5
1064494	07/06/2025	22	07/06/2025	18	HAE	17,0	0	0,7	0	33,0	0	15,0	0	320,0	0	968,0	0	1056,3	ERA5
1064495	07/06/2025	23	07/06/2025	19	HAE	17,5	0	-0,2	0	30,0	0	15,0	0	310,0	0	968,0	0	803,9	ERA5
1064496	08/06/2025	00	07/06/2025	20	HAE	16,5	0	1,1	0	35,0	0	9,0	0	320,0	0	968,0	0	474,1	ERA5
1064497	08/06/2025	01	07/06/2025	21	HAE	13,7	0	2,5	0	46,0	0	4,0	0	340,0	0	968,0	0	134,8	ERA5
1064498	08/06/2025	02	07/06/2025	22	HAE	9,0	0	4,2	0	72,0	0	4,0	0	340,0	0	968,0	0	0,0	ERA5
1064499	08/06/2025	03	07/06/2025	23	HAE	7,8	0	4,6	0	80,0	0	0,0	0	0,0	0	968,0	0	0,0	ERA5
1064500	08/06/2025	04	08/06/2025	00	HAE	6,3	0	4,5	0	88,0	0	0,0	0	0,0	0	968,0	0	0,0	ERA5
1064501	08/06/2025	05	08/06/2025	01	HAE	7,0	0	5,6	0	91,0	0	4,0	0	60,0	0	969,0	0	0,0	ERA5
1064502	08/06/2025	06	08/06/2025	02	HAE	6,6	0	5,7	0	94,0	0	0,0	0	0,0	0	969,0	0	0,0	ERA5
1064503	08/06/2025	07	08/06/2025	03	HAE	5,3	0	4,1	0	92,0	0	0,0	0	0,0	0	969,0	0	0,0	ERA5
1064504	08/06/2025	08	08/06/2025	04	HAE	4,4	0	4,1	0	98,0	0	4,0	0	80,0	0	968,0	0	0,0	ERA5
1064505	08/06/2025	09	08/06/2025	05	HAE	4,5	0	4,4	0	99,0	0	0,0	0	0,0	0	968,0	0	0,2	ERA5
1064506	08/06/2025	10	08/06/2025	06	HAE	5,4	0	5,3	0	99,0	0	5,0	0	40,0	0	969,0	0	167,3	ERA5
1064507	08/06/2025	11	08/06/2025	07	HAE	6,9	0	5,9	0	93,0	0	0,0	0	0,0	0	969,0	0	629,3	ERA5
1064508	08/06/2025	12	08/06/2025	08	HAE	9,4	0	7,0	0	85,0	0	4,0	0	0,0	0	969,0	0	1155,3	ERA5
1064509	08/06/2025	13	08/06/2025	09	HAE	12,2	0	6,4	0	67,0	0	8,0	0	150,0	0	969,0	0	1713,2	ERA5
1064510	08/06/2025	14	08/06/2025	10	HAE	15,3	0	3,7	0	46,0	0	8,0	0	180,0	0	969,0	0	2322,6	ERA5
1064511	08/06/2025	15	08/06/2025	11	HAE	16,8	0	2,8	0	39,0	0	5,0	0	180,0	0	968,0	0	2760,4	ERA5
1064512	08/06/2025	16	08/06/2025	12	HAE	18,3	0	2,5	0	35,0	0	5,0	0	0,0	0	968,0	0	3094,3	ERA5
1064513	08/06/2025	17	08/06/2025	13	HAE	18,5	0	2,4	0	34,0	0	4,0	0	0,0	0	968,0	0	3293,7	ERA5
1064514	08/06/2025	18	08/06/2025	14	HAE	19,9	0	4,2	0	35,0	0	8,0	0	120,0	0	968,0	0	3298,6	ERA5
1064515	08/06/2025	19	08/06/2025	15	HAE	20,2	0	3,0	0	32,0	0	11,0	0	140,0	0	967,0	0	3103,6	ERA5
1064516	08/06/2025	20	08/06/2025	16	HAE	20,5	0	3,2	0	32,0	0	13,0	0	170,0	0	967,0	0	2747,9	ERA5
1064517	08/06/2025	21	08/06/2025	17	HAE	20,4	0	3,4	0	32,0	0	17,0	0	170,0	0	966,0	0	2321,3	ERA5
1064518	08/06/2025	22	08/06/2025	18	HAE	20,3	0	3,8	0	33,0	0	15,0	0	150,0	0	966,0	0	1767,8	ERA5
1064519	08/06/2025	23	08/06/2025	19	HAE	20,0	0	4,3	0	35,0	0	11,0	0	150,0	0	965,0	0	1170,2	ERA5
1064520	09/06/2025	00	08/06/2025	20	HAE	18,9	0	4,1	0	37,0	0	8,0	0	110,0	0	965,0	0	591,7	ERA5
1064521	09/06/2025	01	08/06/2025	21	HAE	17,0	0	5,1	0	45,0	0	8,0	0	100,0	0	965,0	0	135,8	ERA5
1064522	09/06/2025	02	08/06/2025	22	HAE	15,5	0	4,0	0	46,0	0	13,0	0	130,0	0	966,0	0	0,0	ERA5
1064523	09/06/2025	03	08/06/2025	23	HAE	13,8	0	4,2	0	52,0	0	11,0	0	130,0	0	966,0	0	-0,0	ERA5
1064524	09/06/2025	04	09/06/2025	00	HAE	13,1	0	3,5	0	52,0	0	11,0	0	140,0	0	966,0	0	0,0	ERA5
1064525	09/06/2025	05	09/06/2025	01	HAE	12,0	0	2,8	0	53,0	0	9,0	0	130,0	0	966,0	0	0,0	ERA5
1064526	09/06/2025	06	09/06/2025	02	HAE	11,4	0	1,9	0	52,0	0	11,0	0	130,0	0	966,0	0	0,0	ERA5
1064527	09/06/2025	07	09/06/2025	03	HAE	10,8	0	2,0	0	55,0	0	11,0	0	140,0	0	966,0	0	0,0	ERA5
1064528	09/06/2025	08	09/06/2025	04	HAE	10,6	0	3,9	0	63,0	0	5,0	0	160,0	0	965,0	0	0,0	ERA5
1064529	09/06/2025	09	09/06/2025	05	HAE	10,3	0	4,6	0	68,0	0	8,0	0	130,0	0	965,0	0	0,2	ERA5
1064530	09/06/2025	10	09/06/2025	06	HAE	10,8	0	4,5	0	65,0	0	9,0	0	130,0	0	965,0	0	142,2	ERA5
1064531	09/06/2025	11	09/06/2025	07	HAE	12,4	0	5,3	0	62,0	0	11,0	0	130,0	0	965,0	0	465,2	ERA5
1064532	09/06/2025	12	09/06/2025	08	HAE	14,8	0	5,5	0	54,0	0	13,0	0	130,0	0	965,0	0	966,2	ERA5
1064533	09/06/2025	13	09/06/2025	09	HAE	17,3	0	6,0	0	47,0	0	21,0	0	150,0	0	965,0	0	1500,6	ERA5
1064534	09/06/2025	14	09/06/2025	10	HAE	18,5	0	7,8	0	49,0	0	15,0	0	140,0	0	965,0	0	1825,1	ERA5
1064535	09/06/2025	15	09/06/2025	11	HAE	19,6	0	8,9	0	50,0	0	18,0	0	150,0	0	964,0	0	1838,2	ERA5
1064536	09/06/2025	16	09/06/2025	12	HAE	22,1	0	10,5	0	47,0	0	17,0	0	150,0	0	963,0	0	2030,1	ERA5
1064537	09/06/2025	17	09/06/2025	13	HAE	21,9	0	11,7	0	52,0	0	21,0	0	170,0	0	963,0	0	2183,2	ERA5
1064538	09/06/2025	18	09/06/2025	14	HAE	19,1	0	12,9	0	67,0	0	21,0	0	160,0	0	962,0	0	1696,1	ERA5
1064539	09/06/2025	19	09/06/2025	15	HAE	20,4	0	13,2	0	63,0	0	13,0	0	180,0	0	962,0	0	903,6	ERA5
1064540	09/06/2025	20	09/06/2025	16	HAE	21,0	0	11,7	0	55,0	0	24,0	0	170,0	0	961,0	0	821,6	ERA5
1064541	09/06/2025	21	09/06/2025	17	HAE	21,1	0	11,0	0	52,0	0	21,0	0	140,0	0	960,0	0	682,2	ERA5
1064542	09/06/2025	22	09/06/2025	18	HAE	20,2	0	11,0	0	55,0	0	30,0	0	160,0	0	960,0	0	490,1	ERA5
1064543	09/06/2025	23	09/06/2025	19	HAE	18,9	0	11,9	0	63,0	0	24,0	0	140,0	0	960,0	0	147,7	ERA5
1064544	10/06/2025	00	09/06/2025	20	HAE	18,4	0	11,7	0	65,0	0	22,0	0	150,0	0	960,0	0	58,1	ERA5
1064545	10/06/2025	01	09/06/2025	21	HAE	15,7	0	12,9	0	83,0	0	21,0	0	170,0	0	961,0	0	15,2	ERA5
1064546	10/06/2025	02	09/06/2025	22	HAE	15,9	0	11,8	0	77,0	0	24,0	0	160,0	0	961,0	0	0,0	ERA5
1064547	10/06/2025	03	09/06/2025	23	HAE	15,1	0	12,1	0	82,0	0	18,0	0	160,0	0	961,0	0	-0,0	ERA5
1064548	10/06/2025	04	10/06/2025	00	HAE	14,9	0	12,1	0	83,0	0	26,0	0	160,0	0	961,0	0	0,0	ERA5
1064549	10/06/2025	05	10/06/2025	01	HAE	14,8	0	12,2	0	84,0	0	24,0	0	160,0	0	961,0	0	0,0	ERA5
1064550	10/06/2025	06	10/06/2025	02	HAE	14,2	0	12,6	0	90,0	0	18,0	0	160,0	0	961,0	0	0,0	ERA5
1064551	10/06/2025	07	10/06/2025	03	HAE	14,0	0	12,4	0	90,0	0	17,0	0	160,0	0	960,0	0	0,0	ERA5
1064552	10/06/2025	08	10/06/2025	04	HAE	13,8	0	12,5	0	92,0	0	17,0	0	150,0	0	960,0	0	0,0	ERA5
1064553	10/06/2025	09	10/06/2025	05	HAE	13,7	0	12,7	0	94,0	0	15,0	0	140,0	0	959,0	0	0,1	ERA5
1064554	10/06/2025	10	10/06/2025	06	HAE	13,6	0	13,0	0	96,0	0	17,0	0	140,0	0	959,0	0	25,5	ERA5
1064555	10/06/2025	11	10/06/2025	07	HAE	13,6	0	13,2	0	97,0	0	13,0	0	130,0	0	959,0	0	87,3	ERA5
1064556	10/06/2025	12	10/06/2025	08	HAE	13,9	0	13,4	0	97,0	0	17,0	0	140,0	0	958,0	0	114,5	ERA5
1064557	10/06/2025	13	10/06/2025	09	HAE	14,3	0	13,9	0	97,0	0	17,0	0	150,0	0	958,0	0	258,8	ERA5
1064558	10/06/2025	14	10/06/2025	10	HAE	15,8	0	14,5	0	92,0	0	21,0	0	150,0	0	957,0	0	336,2	ERA5
1064559	10/06/2025	15	10/06/2025	11	HAE	17,1	0	14,7	0	86,0	0	26,0	0	160,0	0	957,0	0	338,0	ERA5
1064560	10/06/2025	16	10/06/2025	12	HAE	15,2	0	12,3	0	83,0	0	24,0	0	170,0	0	957,0	0	693,2	ERA5
1064561	10/06/2025	17	10/06/2025	13	HAE	17,2	0	14,7	0	85,0	0	22,0	0	170,0	0	957,0	0	940,2	ERA5
1064562	10/06/2025	18	10/06/2025	14	HAE	18,2	0	14,3	0	78,0	0	22,0	0	180,0	0	957,0	0	1522,5	ERA5
1064563	10/06/2025	19	10/06/2025	15	HAE	17,0	0	12,8	0	76,0	0	8,0	0	230,0	0	956,0	0	2444,0	ERA5
1064564	10/06/2025	20	10/06/2025	16	HAE	16,7	0	13,4	0	81,0	0	9,0	0	140,0	0	956,0	0	2132,9	ERA5
1064565	10/06/2025	21	10/06/2025	17	HAE	18,7	0	13,2	0	70,0	0	22,0	0	260,0	0	956,0	0	1642,1	ERA5
1064566	10/06/2025	22	10/06/2025	18	HAE	18,0	0	10,9	0	63,0	0	15,0	0	240,0	0	957,0	0	1362,4	ERA5
1064567	10/06/2025	23	10/06/2025	19	HAE	16,6	0	10,1	0	65,0	0	18,0	0	270,0	0	957,0	0	658,8	ERA5
1064568	11/06/2025	00	10/06/2025	20	HAE	15,1	0	8,0	0	62,0	0	9,0	0	270,0	0	957,0	0	339,6	ERA5
1064569	11/06/2025	01	10/06/2025	21	HAE	12,6	0	8,5	0	76,0	0	5,0	0	220,0	0	957,0	0	98,0	ERA5
1064570	11/06/2025	02	10/06/2025	22	HAE	10,6	0	9,0	0	90,0	0	0,0	0	0,0	0	958,0	0	0,0	ERA5
1064571	11/06/2025	03	10/06/2025	23	HAE	10,6	0	9,0	0	90,0	0	9,0	0	200,0	0	958,0	0	0,0	ERA5
1064572	11/06/2025	04	11/06/2025	00	HAE	12,3	0	10,1	0	86,0	0	13,0	0	210,0	0	958,0	0	0,0	ERA5
1064573	11/06/2025	05	11/06/2025	01	HAE	12,1	0	10,2	0	88,0	0	13,0	0	210,0	0	958,0	0	0,0	ERA5
1064574	11/06/2025	06	11/06/2025	02	HAE	12,2	0	10,6	0	90,0	0	13,0	0	210,0	0	957,0	0	-0,0	ERA5
1064575	11/06/2025	07	11/06/2025	03	HAE	11,9	0	11,3	0	96,0	0	13,0	0	210,0	0	957,0	0	0,0	ERA5
1064576	11/06/2025	08	11/06/2025	04	HAE	12,1	0	11,6	0	97,0	0	11,0	0	220,0	0	957,0	0	0,0	ERA5
1064577	11/06/2025	09	11/06/2025	05	HAE	12,2	0	11,6	0	96,0	0	15,0	0	210,0	0	958,0	0	0,1	ERA5
1064578	11/06/2025	10	11/06/2025	06	HAE	12,3	0	11,5	0	95,0	0	18,0	0	230,0	0	958,0	0	38,4	ERA5
1064579	11/06/2025	11	11/06/2025	07	HAE	12,1	0	11,5	0	96,0	0	15,0	0	220,0	0	958,0	0	236,1	ERA5
1064580	11/06/2025	12	11/06/2025	08	HAE	12,9	0	12,0	0	94,0	0	17,0	0	220,0	0	958,0	0	584,7	ERA5
1064581	11/06/2025	13	11/06/2025	09	HAE	12,7	0	11,5	0	92,0	0	22,0	0	250,0	0	959,0	0	923,9	ERA5
1064582	11/06/2025	14	11/06/2025	10	HAE	14,4	0	12,2	0	86,0	0	21,0	0	260,0	0	959,0	0	936,4	ERA5
1064583	11/06/2025	15	11/06/2025	11	HAE	14,8	0	11,8	0	82,0	0	18,0	0	260,0	0	959,0	0	1296,4	ERA5
1064584	11/06/2025	16	11/06/2025	12	HAE	16,1	0	10,5	0	69,0	0	30,0	0	270,0	0	959,0	0	1261,2	ERA5
1064585	11/06/2025	17	11/06/2025	13	HAE	15,2	0	11,0	0	76,0	0	26,0	0	250,0	0	960,0	0	1541,8	ERA5
1064586	11/06/2025	18	11/06/2025	14	HAE	16,0	0	11,1	0	73,0	0	28,0	0	260,0	0	960,0	0	1585,9	ERA5
1064587	11/06/2025	19	11/06/2025	15	HAE	13,3	0	11,8	0	91,0	0	17,0	0	280,0	0	960,0	0	1845,6	ERA5
1064588	11/06/2025	20	11/06/2025	16	HAE	13,1	0	11,8	0	92,0	0	17,0	0	260,0	0	961,0	0	786,4	ERA5
1064589	11/06/2025	21	11/06/2025	17	HAE	13,1	0	12,0	0	93,0	0	11,0	0	270,0	0	960,0	0	757,8	ERA5
1064590	11/06/2025	22	11/06/2025	18	HAE	13,4	0	11,9	0	91,0	0	15,0	0	260,0	0	960,0	0	812,0	ERA5
1064591	11/06/2025	23	11/06/2025	19	HAE	13,0	0	11,4	0	90,0	0	21,0	0	270,0	0	961,0	0	767,7	ERA5
1064592	12/06/2025	00	11/06/2025	20	HAE	12,1	0	11,1	0	94,0	0	11,0	0	260,0	0	961,0	0	415,7	ERA5
1064593	12/06/2025	01	11/06/2025	21	HAE	11,2	0	10,1	0	93,0	0	13,0	0	300,0	0	961,0	0	96,8	ERA5
1064594	12/06/2025	02	11/06/2025	22	HAE	10,8	0	9,7	0	93,0	0	13,0	0	290,0	0	962,0	0	0,0	ERA5
1064595	12/06/2025	03	11/06/2025	23	HAE	9,8	0	8,7	0	93,0	0	9,0	0	300,0	0	962,0	0	0,0	ERA5
1064596	12/06/2025	04	12/06/2025	00	HAE	9,3	0	7,9	0	91,0	0	9,0	0	280,0	0	962,0	0	0,0	ERA5
1064597	12/06/2025	05	12/06/2025	01	HAE	8,4	0	7,0	0	91,0	0	9,0	0	300,0	0	962,0	0	0,0	ERA5
1064598	12/06/2025	06	12/06/2025	02	HAE	8,1	0	7,4	0	95,0	0	8,0	0	260,0	0	962,0	0	-0,0	ERA5
1064599	12/06/2025	07	12/06/2025	03	HAE	7,8	0	7,2	0	96,0	0	11,0	0	260,0	0	962,0	0	0,0	ERA5
1064600	12/06/2025	08	12/06/2025	04	HAE	7,8	0	7,4	0	97,0	0	8,0	0	240,0	0	962,0	0	0,0	ERA5
1064601	12/06/2025	09	12/06/2025	05	HAE	7,9	0	7,1	0	95,0	0	13,0	0	290,0	0	963,0	0	0,2	ERA5
1064602	12/06/2025	10	12/06/2025	06	HAE	7,3	0	6,1	0	92,0	0	13,0	0	290,0	0	963,0	0	52,2	ERA5
1064603	12/06/2025	11	12/06/2025	07	HAE	7,3	0	6,0	0	91,0	0	18,0	0	270,0	0	964,0	0	199,1	ERA5
1064604	12/06/2025	12	12/06/2025	08	HAE	6,5	0	5,3	0	92,0	0	17,0	0	270,0	0	964,0	0	414,5	ERA5
1064605	12/06/2025	13	12/06/2025	09	HAE	5,0	0	2,2	0	82,0	0	22,0	0	280,0	0	965,0	0	497,9	ERA5
1064606	12/06/2025	14	12/06/2025	10	HAE	4,6	0	2,4	0	86,0	0	24,0	0	280,0	0	966,0	0	299,8	ERA5
1064607	12/06/2025	15	12/06/2025	11	HAE	3,9	0	3,1	0	95,0	0	15,0	0	280,0	0	967,0	0	375,6	ERA5
1064608	12/06/2025	16	12/06/2025	12	HAE	3,7	0	2,7	0	93,0	0	18,0	0	270,0	0	968,0	0	554,4	ERA5
1064609	12/06/2025	17	12/06/2025	13	HAE	5,3	0	3,9	0	90,0	0	17,0	0	280,0	0	968,0	0	722,7	ERA5
1064610	12/06/2025	18	12/06/2025	14	HAE	6,9	0	3,9	0	81,0	0	22,0	0	300,0	0	968,0	0	628,6	ERA5
1064611	12/06/2025	19	12/06/2025	15	HAE	6,4	0	2,7	0	77,0	0	17,0	0	290,0	0	969,0	0	843,0	ERA5
1064612	12/06/2025	20	12/06/2025	16	HAE	7,0	0	2,0	0	70,0	0	22,0	0	300,0	0	970,0	0	672,1	ERA5
1064613	12/06/2025	21	12/06/2025	17	HAE	6,1	0	2,2	0	76,0	0	18,0	0	290,0	0	970,0	0	835,8	ERA5
1064614	12/06/2025	22	12/06/2025	18	HAE	6,1	0	1,2	0	71,0	0	30,0	0	300,0	0	971,0	0	545,9	ERA5
1064615	12/06/2025	23	12/06/2025	19	HAE	5,9	0	0,5	0	68,0	0	17,0	0	320,0	0	971,0	0	340,6	ERA5
1064616	13/06/2025	00	12/06/2025	20	HAE	5,4	0	0,6	0	71,0	0	18,0	0	290,0	0	972,0	0	126,5	ERA5
1064617	13/06/2025	01	12/06/2025	21	HAE	4,5	0	1,5	0	81,0	0	18,0	0	300,0	0	973,0	0	36,4	ERA5
1064618	13/06/2025	02	12/06/2025	22	HAE	3,7	0	1,5	0	85,0	0	21,0	0	300,0	0	973,0	0	-0,0	ERA5
1064619	13/06/2025	03	12/06/2025	23	HAE	2,7	0	0,9	0	88,0	0	17,0	0	300,0	0	974,0	0	0,0	ERA5
1064620	13/06/2025	04	13/06/2025	00	HAE	1,9	0	0,3	0	89,0	0	13,0	0	290,0	0	974,0	0	0,0	ERA5
1064621	13/06/2025	05	13/06/2025	01	HAE	2,0	0	-0,4	0	84,0	0	17,0	0	290,0	0	974,0	0	0,0	ERA5
1064622	13/06/2025	06	13/06/2025	02	HAE	1,8	0	-0,8	0	83,0	0	11,0	0	300,0	0	974,0	0	0,0	ERA5
1064623	13/06/2025	07	13/06/2025	03	HAE	1,3	0	-0,8	0	86,0	0	17,0	0	290,0	0	975,0	0	0,0	ERA5
1064624	13/06/2025	08	13/06/2025	04	HAE	1,2	0	-0,7	0	87,0	0	13,0	0	320,0	0	975,0	0	0,0	ERA5
1064625	13/06/2025	09	13/06/2025	05	HAE	0,9	0	-1,0	0	87,0	0	9,0	0	270,0	0	975,0	0	0,1	ERA5
1064626	13/06/2025	10	13/06/2025	06	HAE	1,2	0	-0,7	0	87,0	0	11,0	0	270,0	0	976,0	0	38,0	ERA5
1064627	13/06/2025	11	13/06/2025	07	HAE	1,6	0	-0,5	0	86,0	0	13,0	0	290,0	0	977,0	0	172,7	ERA5
1064628	13/06/2025	12	13/06/2025	08	HAE	2,9	0	0,5	0	84,0	0	11,0	0	290,0	0	977,0	0	364,9	ERA5
1064629	13/06/2025	13	13/06/2025	09	HAE	3,5	0	-0,3	0	76,0	0	5,0	0	250,0	0	977,0	0	689,0	ERA5
1064630	13/06/2025	14	13/06/2025	10	HAE	4,9	0	0,2	0	72,0	0	13,0	0	320,0	0	978,0	0	943,2	ERA5
1064631	13/06/2025	15	13/06/2025	11	HAE	6,2	0	-0,6	0	62,0	0	9,0	0	20,0	0	978,0	0	1301,1	ERA5
1064632	13/06/2025	16	13/06/2025	12	HAE	7,4	0	-0,3	0	58,0	0	13,0	0	260,0	0	977,0	0	1840,1	ERA5
1064633	13/06/2025	17	13/06/2025	13	HAE	9,6	0	1,0	0	55,0	0	13,0	0	0,0	0	977,0	0	1968,6	ERA5
1064634	13/06/2025	18	13/06/2025	14	HAE	10,2	0	-0,1	0	49,0	0	9,0	0	260,0	0	977,0	0	2883,8	ERA5
1064635	13/06/2025	19	13/06/2025	15	HAE	11,2	0	0,1	0	46,0	0	17,0	0	0,0	0	976,0	0	2830,3	ERA5
1064636	13/06/2025	20	13/06/2025	16	HAE	12,3	0	-0,2	0	42,0	0	8,0	0	0,0	0	976,0	0	2482,0	ERA5
1064637	13/06/2025	21	13/06/2025	17	HAE	13,4	0	-1,9	0	35,0	0	15,0	0	320,0	0	976,0	0	1945,8	ERA5
1064638	13/06/2025	22	13/06/2025	18	HAE	12,9	0	-2,5	0	34,0	0	13,0	0	350,0	0	976,0	0	1347,2	ERA5
1064639	13/06/2025	23	13/06/2025	19	HAE	11,9	0	-2,4	0	37,0	0	15,0	0	340,0	0	977,0	0	931,0	ERA5
1064640	14/06/2025	00	13/06/2025	20	HAE	10,8	0	-0,9	0	44,0	0	11,0	0	340,0	0	977,0	0	404,2	ERA5
1064641	14/06/2025	01	13/06/2025	21	HAE	9,6	0	-1,1	0	47,0	0	9,0	0	340,0	0	977,0	0	113,4	ERA5
1064642	14/06/2025	02	13/06/2025	22	HAE	8,6	0	-0,4	0	53,0	0	8,0	0	340,0	0	977,0	0	0,0	ERA5
1064643	14/06/2025	03	13/06/2025	23	HAE	7,6	0	1,2	0	64,0	0	8,0	0	330,0	0	977,0	0	0,0	ERA5
1064644	14/06/2025	04	14/06/2025	00	HAE	6,9	0	0,6	0	64,0	0	8,0	0	320,0	0	978,0	0	0,0	ERA5
1064645	14/06/2025	05	14/06/2025	01	HAE	5,8	0	0,3	0	68,0	0	8,0	0	330,0	0	978,0	0	0,0	ERA5
1064646	14/06/2025	06	14/06/2025	02	HAE	4,4	0	0,6	0	76,0	0	8,0	0	330,0	0	978,0	0	-0,0	ERA5
1064647	14/06/2025	07	14/06/2025	03	HAE	3,1	0	0,5	0	83,0	0	9,0	0	330,0	0	978,0	0	0,0	ERA5
1064648	14/06/2025	08	14/06/2025	04	HAE	2,2	0	0,5	0	88,0	0	9,0	0	340,0	0	978,0	0	0,0	ERA5
1064649	14/06/2025	09	14/06/2025	05	HAE	1,8	0	0,2	0	89,0	0	5,0	0	340,0	0	978,0	0	0,5	ERA5
1064650	14/06/2025	10	14/06/2025	06	HAE	2,5	0	0,8	0	88,0	0	4,0	0	340,0	0	979,0	0	178,2	ERA5
1064651	14/06/2025	11	14/06/2025	07	HAE	6,2	0	2,8	0	79,0	0	0,0	0	0,0	0	979,0	0	664,0	ERA5
1064652	14/06/2025	12	14/06/2025	08	HAE	8,4	0	0,8	0	59,0	0	9,0	0	30,0	0	979,0	0	1259,7	ERA5
1064653	14/06/2025	13	14/06/2025	09	HAE	10,2	0	0,6	0	51,0	0	5,0	0	0,0	0	979,0	0	1868,0	ERA5
1064654	14/06/2025	14	14/06/2025	10	HAE	11,5	0	-0,4	0	44,0	0	8,0	0	0,0	0	979,0	0	2428,2	ERA5
1064655	14/06/2025	15	14/06/2025	11	HAE	12,5	0	-2,4	0	35,0	0	8,0	0	350,0	0	978,0	0	2894,2	ERA5
1064656	14/06/2025	16	14/06/2025	12	HAE	13,1	0	-3,9	0	30,0	0	4,0	0	0,0	0	978,0	0	3247,8	ERA5
1064657	14/06/2025	17	14/06/2025	13	HAE	15,0	0	-1,0	0	33,0	0	13,0	0	130,0	0	977,0	0	3391,7	ERA5
1064658	14/06/2025	18	14/06/2025	14	HAE	16,4	0	-2,9	0	26,0	0	11,0	0	100,0	0	977,0	0	3399,9	ERA5
1064659	14/06/2025	19	14/06/2025	15	HAE	16,6	0	-2,2	0	27,0	0	8,0	0	90,0	0	976,0	0	3212,3	ERA5
1064660	14/06/2025	20	14/06/2025	16	HAE	17,3	0	-3,3	0	24,0	0	11,0	0	140,0	0	976,0	0	2873,1	ERA5
1064661	14/06/2025	21	14/06/2025	17	HAE	17,1	0	-3,1	0	25,0	0	8,0	0	250,0	0	975,0	0	2400,9	ERA5
1064662	14/06/2025	22	14/06/2025	18	HAE	17,0	0	-3,4	0	25,0	0	9,0	0	200,0	0	975,0	0	1823,4	ERA5
1064663	14/06/2025	23	14/06/2025	19	HAE	16,4	0	-1,9	0	28,0	0	15,0	0	210,0	0	975,0	0	1200,7	ERA5
1064664	15/06/2025	00	14/06/2025	20	HAE	15,1	0	-2,2	0	30,0	0	11,0	0	210,0	0	975,0	0	549,5	ERA5
1064665	15/06/2025	01	14/06/2025	21	HAE	14,0	0	-2,8	0	31,0	0	5,0	0	220,0	0	974,0	0	105,8	ERA5
1064666	15/06/2025	02	14/06/2025	22	HAE	10,6	0	3,5	0	61,0	0	4,0	0	220,0	0	974,0	0	0,1	ERA5
1064667	15/06/2025	03	14/06/2025	23	HAE	8,6	0	1,5	0	61,0	0	4,0	0	0,0	0	974,0	0	0,0	ERA5
1064668	15/06/2025	04	15/06/2025	00	HAE	10,1	0	0,5	0	51,0	0	9,0	0	250,0	0	974,0	0	0,0	ERA5
1064669	15/06/2025	05	15/06/2025	01	HAE	7,0	0	2,4	0	72,0	0	0,0	0	0,0	0	974,0	0	0,0	ERA5
1064670	15/06/2025	06	15/06/2025	02	HAE	5,7	0	3,1	0	84,0	0	4,0	0	170,0	0	974,0	0	-0,0	ERA5
1064671	15/06/2025	07	15/06/2025	03	HAE	5,7	0	3,4	0	85,0	0	0,0	0	0,0	0	974,0	0	0,0	ERA5
1064672	15/06/2025	08	15/06/2025	04	HAE	5,4	0	4,7	0	95,0	0	4,0	0	190,0	0	975,0	0	0,0	ERA5
1064673	15/06/2025	09	15/06/2025	05	HAE	4,5	0	4,2	0	98,0	0	4,0	0	200,0	0	974,0	0	0,6	ERA5
1064674	15/06/2025	10	15/06/2025	06	HAE	5,6	0	3,9	0	89,0	0	0,0	0	0,0	0	975,0	0	181,8	ERA5
1064675	15/06/2025	11	15/06/2025	07	HAE	10,1	0	3,4	0	63,0	0	5,0	0	0,0	0	975,0	0	673,8	ERA5
1064676	15/06/2025	12	15/06/2025	08	HAE	13,5	0	3,7	0	51,0	0	8,0	0	250,0	0	975,0	0	1273,5	ERA5
1064677	15/06/2025	13	15/06/2025	09	HAE	16,3	0	0,9	0	35,0	0	15,0	0	260,0	0	975,0	0	1889,3	ERA5
1064678	15/06/2025	14	15/06/2025	10	HAE	17,6	0	1,3	4.lineaire	30,0	0	21,0	0	300,0	0	975,0	0	2376,8	ERA5
1064679	15/06/2025	15	15/06/2025	11	HAE	18,8	0	1,7	0	32,0	0	13,0	0	280,0	0	975,0	0	2809,6	ERA5
1064680	15/06/2025	16	15/06/2025	12	HAE	18,7	0	1,4	0	31,0	0	18,0	0	270,0	0	974,0	0	2882,7	ERA5
1064681	15/06/2025	17	15/06/2025	13	HAE	20,6	0	2,2	0	29,0	0	24,0	0	250,0	0	974,0	0	3083,5	ERA5
1064682	15/06/2025	18	15/06/2025	14	HAE	20,7	0	2,6	0	30,0	0	18,0	0	300,0	0	974,0	0	2063,4	ERA5
1064683	15/06/2025	19	15/06/2025	15	HAE	20,9	0	1,8	0	28,0	0	15,0	0	270,0	0	974,0	0	2038,7	ERA5
1064684	15/06/2025	20	15/06/2025	16	HAE	21,5	0	2,0	0	27,0	0	18,0	0	290,0	0	974,0	0	2273,2	ERA5
1064685	15/06/2025	21	15/06/2025	17	HAE	21,4	0	2,4	0	28,0	0	15,0	0	290,0	0	973,0	0	1569,1	ERA5
1064686	15/06/2025	22	15/06/2025	18	HAE	21,4	0	2,3	0	28,0	0	21,0	0	320,0	0	973,0	0	1401,5	ERA5
1064687	15/06/2025	23	15/06/2025	19	HAE	20,7	0	2,2	0	29,0	0	13,0	0	300,0	0	973,0	0	1100,8	ERA5
1064688	16/06/2025	00	15/06/2025	20	HAE	19,7	0	2,2	0	31,0	0	15,0	0	300,0	0	973,0	0	612,5	ERA5
1064689	16/06/2025	01	15/06/2025	21	HAE	17,4	0	3,2	0	38,0	0	5,0	0	310,0	0	974,0	0	160,7	ERA5
1064690	16/06/2025	02	15/06/2025	22	HAE	13,0	0	5,4	0	60,0	0	0,0	0	0,0	0	974,0	0	0,1	ERA5
1064691	16/06/2025	03	15/06/2025	23	HAE	9,9	0	3,9	0	66,0	0	4,0	0	320,0	0	974,0	0	0,0	ERA5
1064692	16/06/2025	04	16/06/2025	00	HAE	9,1	0	4,2	0	71,0	0	4,0	0	200,0	0	974,0	0	0,0	ERA5
1064693	16/06/2025	05	16/06/2025	01	HAE	7,3	0	4,9	0	85,0	0	4,0	0	190,0	0	974,0	0	0,0	ERA5
1064694	16/06/2025	06	16/06/2025	02	HAE	8,0	0	5,1	0	82,0	0	5,0	0	170,0	0	973,0	0	0,0	ERA5
1064695	16/06/2025	07	16/06/2025	03	HAE	7,8	0	5,5	0	85,0	0	4,0	0	180,0	0	973,0	0	0,0	ERA5
1064696	16/06/2025	08	16/06/2025	04	HAE	7,3	0	5,6	0	89,0	0	5,0	0	170,0	0	973,0	0	0,0	ERA5
1064697	16/06/2025	09	16/06/2025	05	HAE	6,8	0	5,6	0	92,0	0	8,0	0	170,0	0	973,0	0	0,6	ERA5
1064698	16/06/2025	10	16/06/2025	06	HAE	8,9	0	6,5	0	85,0	0	9,0	0	170,0	0	972,0	0	168,5	ERA5
1064699	16/06/2025	11	16/06/2025	07	HAE	10,7	0	6,3	0	74,0	0	13,0	0	170,0	0	972,0	0	603,0	ERA5
1064700	16/06/2025	12	16/06/2025	08	HAE	15,6	0	6,9	0	56,0	0	13,0	0	200,0	0	972,0	0	1209,2	ERA5
1064701	16/06/2025	13	16/06/2025	09	HAE	18,7	0	5,9	0	43,0	0	21,0	0	200,0	0	971,0	0	1847,0	ERA5
1064702	16/06/2025	14	16/06/2025	10	HAE	21,5	0	4,6	0	33,0	0	30,0	0	220,0	0	970,0	0	2380,0	ERA5
1064703	16/06/2025	15	16/06/2025	11	HAE	22,6	0	4,5	0	30,0	0	26,0	0	220,0	0	969,0	0	2813,2	ERA5
1064704	16/06/2025	16	16/06/2025	12	HAE	22,6	0	3,3	0	28,0	0	28,0	0	230,0	0	969,0	0	3174,0	ERA5
1064705	16/06/2025	17	16/06/2025	13	HAE	23,5	0	2,8	0	25,0	0	28,0	0	240,0	0	968,0	0	3344,0	ERA5
1064706	16/06/2025	18	16/06/2025	14	HAE	23,2	0	2,8	0	26,0	0	22,0	0	230,0	0	968,0	0	2949,1	ERA5
1064707	16/06/2025	19	16/06/2025	15	HAE	23,2	0	3,0	0	26,0	0	21,0	0	230,0	0	967,0	0	1906,2	ERA5
1064708	16/06/2025	20	16/06/2025	16	HAE	24,3	0	3,3	0	25,0	0	26,0	0	220,0	0	967,0	0	1308,8	ERA5
1064709	16/06/2025	21	16/06/2025	17	HAE	23,1	0	3,7	0	28,0	0	17,0	0	250,0	0	967,0	0	893,9	ERA5
1064710	16/06/2025	22	16/06/2025	18	HAE	22,2	0	4,1	0	30,0	0	17,0	0	240,0	0	966,0	0	1004,7	ERA5
1064711	16/06/2025	23	16/06/2025	19	HAE	21,8	0	4,9	0	33,0	0	5,0	0	240,0	0	966,0	0	879,2	ERA5
1064712	17/06/2025	00	16/06/2025	20	HAE	20,5	0	6,4	0	40,0	0	4,0	0	200,0	0	966,0	0	440,3	ERA5
1064713	17/06/2025	01	16/06/2025	21	HAE	17,9	0	9,0	0	56,0	0	5,0	0	220,0	0	966,0	0	116,7	ERA5
1064714	17/06/2025	02	16/06/2025	22	HAE	16,5	0	10,9	0	69,0	0	4,0	0	220,0	0	966,0	0	0,1	ERA5
1064715	17/06/2025	03	16/06/2025	23	HAE	16,9	0	7,5	0	53,0	0	8,0	0	220,0	0	966,0	0	0,0	ERA5
1064716	17/06/2025	04	17/06/2025	00	HAE	14,3	0	9,3	0	72,0	0	8,0	0	240,0	0	966,0	0	0,0	ERA5
1064717	17/06/2025	05	17/06/2025	01	HAE	14,2	0	8,4	0	68,0	0	5,0	0	230,0	0	966,0	0	0,0	ERA5
1064718	17/06/2025	06	17/06/2025	02	HAE	13,5	0	8,9	0	73,0	0	9,0	0	350,0	0	966,0	0	-0,0	ERA5
1064719	17/06/2025	07	17/06/2025	03	HAE	11,6	0	7,9	0	78,0	0	8,0	0	20,0	0	967,0	0	0,0	ERA5
1064720	17/06/2025	08	17/06/2025	04	HAE	11,9	0	9,0	0	82,0	0	9,0	0	20,0	0	967,0	0	0,0	ERA5
1064721	17/06/2025	09	17/06/2025	05	HAE	11,8	0	8,5	0	80,0	0	8,0	0	70,0	0	966,0	0	0,5	ERA5
1064722	17/06/2025	10	17/06/2025	06	HAE	11,8	0	9,2	0	84,0	0	5,0	0	60,0	0	967,0	0	145,8	ERA5
1064723	17/06/2025	11	17/06/2025	07	HAE	14,5	0	9,6	0	72,0	0	9,0	0	70,0	0	967,0	0	559,8	ERA5
1064724	17/06/2025	12	17/06/2025	08	HAE	16,0	0	9,7	0	66,0	0	9,0	0	50,0	0	967,0	0	1151,1	ERA5
1064725	17/06/2025	13	17/06/2025	09	HAE	17,6	0	10,2	0	62,0	0	9,0	0	80,0	0	967,0	0	1745,2	ERA5
1064726	17/06/2025	14	17/06/2025	10	HAE	19,0	0	10,2	0	56,0	0	9,0	0	140,0	0	966,0	0	2158,0	ERA5
1064727	17/06/2025	15	17/06/2025	11	HAE	20,5	0	10,9	0	54,0	0	11,0	0	160,0	0	965,0	0	2458,7	ERA5
1064728	17/06/2025	16	17/06/2025	12	HAE	21,8	0	12,1	0	54,0	0	11,0	0	130,0	0	965,0	0	2492,4	ERA5
1064729	17/06/2025	17	17/06/2025	13	HAE	22,8	0	13,9	0	57,0	0	18,0	0	130,0	0	964,0	0	2550,7	ERA5
1064730	17/06/2025	18	17/06/2025	14	HAE	22,8	0	14,2	0	58,0	0	21,0	0	130,0	0	962,0	0	1013,9	ERA5
1064731	17/06/2025	19	17/06/2025	15	HAE	20,8	0	14,9	0	69,0	0	26,0	0	200,0	0	962,0	0	545,3	ERA5
1064732	17/06/2025	20	17/06/2025	16	HAE	20,5	0	16,6	0	78,0	0	13,0	0	190,0	0	961,0	0	374,0	ERA5
1064733	17/06/2025	21	17/06/2025	17	HAE	21,4	0	14,7	0	65,0	0	11,0	0	160,0	0	960,0	0	461,1	ERA5
1064734	17/06/2025	22	17/06/2025	18	HAE	22,7	0	14,4	0	59,0	0	18,0	0	170,0	0	959,0	0	698,8	ERA5
1064735	17/06/2025	23	17/06/2025	19	HAE	23,1	0	13,5	0	54,0	0	35,0	0	180,0	0	957,0	0	500,7	ERA5
1064736	18/06/2025	00	17/06/2025	20	HAE	21,9	0	14,9	0	64,0	0	30,0	0	180,0	0	957,0	0	306,2	ERA5
1064737	18/06/2025	01	17/06/2025	21	HAE	21,8	0	14,1	0	61,0	0	37,0	0	180,0	0	956,0	0	69,1	ERA5
1064738	18/06/2025	02	17/06/2025	22	HAE	21,2	0	13,7	0	62,0	0	43,0	0	170,0	0	955,0	0	0,1	ERA5
1064739	18/06/2025	03	17/06/2025	23	HAE	20,6	0	14,6	0	68,0	0	32,0	0	180,0	0	954,0	0	0,0	ERA5
1064740	18/06/2025	04	18/06/2025	00	HAE	20,2	0	15,1	0	72,0	0	41,0	0	190,0	0	954,0	0	0,0	ERA5
1064741	18/06/2025	05	18/06/2025	01	HAE	18,0	0	16,7	0	92,0	0	17,0	0	250,0	0	955,0	0	0,0	ERA5
1064742	18/06/2025	06	18/06/2025	02	HAE	17,2	0	14,9	0	86,0	0	21,0	0	240,0	0	956,0	0	0,0	ERA5
1064743	18/06/2025	07	18/06/2025	03	HAE	16,2	0	12,8	0	80,0	0	17,0	0	250,0	0	957,0	0	0,0	ERA5
1064744	18/06/2025	08	18/06/2025	04	HAE	14,0	0	12,1	0	88,0	0	24,0	0	260,0	0	958,0	0	0,0	ERA5
1064745	18/06/2025	09	18/06/2025	05	HAE	13,4	0	11,6	0	89,0	0	21,0	0	250,0	0	959,0	0	0,1	ERA5
1064746	18/06/2025	10	18/06/2025	06	HAE	13,2	0	11,6	0	90,0	0	13,0	0	260,0	0	960,0	0	31,8	ERA5
1064747	18/06/2025	11	18/06/2025	07	HAE	13,8	0	11,5	0	86,0	0	9,0	0	270,0	0	961,0	0	116,2	ERA5
1064748	18/06/2025	12	18/06/2025	08	HAE	14,1	0	11,8	0	86,0	0	5,0	0	270,0	0	962,0	0	292,4	ERA5
1064749	18/06/2025	13	18/06/2025	09	HAE	14,9	0	11,1	0	78,0	0	15,0	0	280,0	0	962,0	0	722,3	ERA5
1064750	18/06/2025	14	18/06/2025	10	HAE	16,0	0	10,9	0	71,0	0	15,0	0	310,0	0	963,0	0	1289,2	ERA5
1064751	18/06/2025	15	18/06/2025	11	HAE	16,6	0	10,7	0	68,0	0	15,0	0	290,0	0	963,0	0	2330,3	ERA5
1064752	18/06/2025	16	18/06/2025	12	HAE	18,2	0	10,9	0	62,0	0	11,0	0	230,0	0	963,0	0	2619,5	ERA5
1064753	18/06/2025	17	18/06/2025	13	HAE	18,9	0	10,4	0	57,0	0	15,0	0	270,0	0	964,0	0	2686,5	ERA5
1064754	18/06/2025	18	18/06/2025	14	HAE	20,2	0	10,7	0	54,0	0	17,0	0	250,0	0	963,0	0	2278,8	ERA5
1064755	18/06/2025	19	18/06/2025	15	HAE	21,2	0	11,3	0	53,0	0	13,0	0	210,0	0	963,0	0	1249,3	ERA5
1064756	18/06/2025	20	18/06/2025	16	HAE	21,6	0	11,9	0	54,0	0	5,0	0	220,0	0	963,0	0	1033,0	ERA5
1064757	18/06/2025	21	18/06/2025	17	HAE	21,5	0	11,1	0	51,0	0	9,0	0	250,0	0	963,0	0	972,4	ERA5
1064758	18/06/2025	22	18/06/2025	18	HAE	21,6	0	11,1	0	51,0	0	13,0	0	260,0	0	963,0	0	629,3	ERA5
1064759	18/06/2025	23	18/06/2025	19	HAE	21,4	0	11,3	0	52,0	0	9,0	0	260,0	0	963,0	0	367,5	ERA5
1064760	19/06/2025	00	18/06/2025	20	HAE	20,5	0	11,8	0	57,0	0	4,0	0	210,0	0	963,0	0	285,1	ERA5
1064761	19/06/2025	01	18/06/2025	21	HAE	17,8	0	12,2	0	70,0	0	0,0	0	0,0	0	963,0	0	116,7	ERA5
1064762	19/06/2025	02	18/06/2025	22	HAE	16,7	0	13,2	0	80,0	0	0,0	0	0,0	0	964,0	0	0,1	ERA5
1064763	19/06/2025	03	18/06/2025	23	HAE	13,5	0	11,6	0	88,0	0	0,0	0	0,0	0	964,0	0	0,0	ERA5
1064764	19/06/2025	04	19/06/2025	00	HAE	13,2	0	11,8	0	91,0	0	0,0	0	0,0	0	964,0	0	0,0	ERA5
1064765	19/06/2025	05	19/06/2025	01	HAE	13,2	0	12,4	0	95,0	0	4,0	0	150,0	0	963,0	0	0,0	ERA5
1064766	19/06/2025	06	19/06/2025	02	HAE	13,4	0	11,9	0	91,0	0	5,0	0	80,0	0	963,0	0	-0,0	ERA5
1064767	19/06/2025	07	19/06/2025	03	HAE	13,1	0	11,7	0	91,0	0	5,0	0	120,0	0	962,0	0	0,0	ERA5
1064768	19/06/2025	08	19/06/2025	04	HAE	13,9	0	12,4	0	91,0	0	9,0	0	80,0	0	962,0	0	0,0	ERA5
1064769	19/06/2025	09	19/06/2025	05	HAE	13,5	0	12,4	0	93,0	0	4,0	0	170,0	0	962,0	0	0,2	ERA5
1064770	19/06/2025	10	19/06/2025	06	HAE	13,6	0	12,5	0	93,0	0	5,0	0	170,0	0	962,0	0	79,7	ERA5
1064771	19/06/2025	11	19/06/2025	07	HAE	14,7	0	12,9	0	89,0	0	4,0	0	0,0	0	963,0	0	219,7	ERA5
1064772	19/06/2025	12	19/06/2025	08	HAE	15,3	0	13,8	0	90,0	0	0,0	0	0,0	0	963,0	0	474,9	ERA5
1064773	19/06/2025	13	19/06/2025	09	HAE	16,3	0	13,3	0	82,0	0	5,0	0	270,0	0	962,0	0	863,7	ERA5
1064774	19/06/2025	14	19/06/2025	10	HAE	16,0	0	13,5	0	85,0	0	11,0	0	350,0	0	962,0	0	1082,1	ERA5
1064775	19/06/2025	15	19/06/2025	11	HAE	15,8	0	14,3	0	91,0	0	9,0	0	40,0	0	962,0	0	900,2	ERA5
1064776	19/06/2025	16	19/06/2025	12	HAE	17,4	0	14,6	0	83,0	0	8,0	0	40,0	0	962,0	0	1303,5	ERA5
1064777	19/06/2025	17	19/06/2025	13	HAE	18,0	0	14,4	0	79,0	0	13,0	0	70,0	0	961,0	0	1288,4	ERA5
1064778	19/06/2025	18	19/06/2025	14	HAE	18,9	0	13,9	0	72,0	0	15,0	0	50,0	0	961,0	0	1136,6	ERA5
1064779	19/06/2025	19	19/06/2025	15	HAE	18,6	0	14,1	0	75,0	0	11,0	0	60,0	0	961,0	0	632,1	ERA5
1064780	19/06/2025	20	19/06/2025	16	HAE	15,4	0	14,1	0	92,0	0	21,0	0	360,0	0	961,0	0	786,9	ERA5
1064781	19/06/2025	21	19/06/2025	17	HAE	15,7	0	13,8	0	88,0	0	9,0	0	360,0	0	961,0	0	705,2	ERA5
1064782	19/06/2025	22	19/06/2025	18	HAE	13,6	0	10,9	0	84,0	0	18,0	0	350,0	0	961,0	0	546,8	ERA5
1064783	19/06/2025	23	19/06/2025	19	HAE	13,1	0	9,8	0	80,0	0	17,0	0	350,0	0	961,0	0	372,8	ERA5
1064784	20/06/2025	00	19/06/2025	20	HAE	12,6	0	8,8	0	78,0	0	18,0	0	360,0	0	962,0	0	173,7	ERA5
1064785	20/06/2025	01	19/06/2025	21	HAE	12,1	0	8,5	0	79,0	0	22,0	0	340,0	0	962,0	0	42,1	ERA5
1064786	20/06/2025	02	19/06/2025	22	HAE	11,4	0	8,4	0	82,0	0	15,0	0	340,0	0	962,0	0	0,1	ERA5
1064787	20/06/2025	03	19/06/2025	23	HAE	11,2	0	7,5	0	78,0	0	15,0	0	350,0	0	962,0	0	0,0	ERA5
1064788	20/06/2025	04	20/06/2025	00	HAE	11,2	0	7,0	0	75,0	0	18,0	0	340,0	0	961,0	0	0,0	ERA5
1064789	20/06/2025	05	20/06/2025	01	HAE	11,6	0	6,9	0	73,0	0	15,0	0	330,0	0	961,0	0	0,0	ERA5
1064790	20/06/2025	06	20/06/2025	02	HAE	11,3	0	5,9	0	69,0	0	15,0	0	340,0	0	961,0	0	0,0	ERA5
1064791	20/06/2025	07	20/06/2025	03	HAE	10,6	0	4,8	0	67,0	0	13,0	0	340,0	0	961,0	0	0,0	ERA5
1064792	20/06/2025	08	20/06/2025	04	HAE	9,9	0	4,0	0	67,0	0	11,0	0	330,0	0	960,0	0	0,0	ERA5
1064793	20/06/2025	09	20/06/2025	05	HAE	9,4	0	3,4	0	66,0	0	13,0	0	330,0	0	961,0	0	0,1	ERA5
1064794	20/06/2025	10	20/06/2025	06	HAE	8,9	0	3,0	0	66,0	0	13,0	0	330,0	0	961,0	0	40,4	ERA5
1064795	20/06/2025	11	20/06/2025	07	HAE	9,1	0	3,4	0	67,0	0	15,0	0	340,0	0	961,0	0	192,9	ERA5
1064796	20/06/2025	12	20/06/2025	08	HAE	9,9	0	3,7	0	65,0	0	15,0	0	330,0	0	962,0	0	438,4	ERA5
1064797	20/06/2025	13	20/06/2025	09	HAE	11,4	0	4,4	0	62,0	0	15,0	0	330,0	0	962,0	0	882,8	ERA5
1064798	20/06/2025	14	20/06/2025	10	HAE	13,1	0	5,2	0	59,0	0	21,0	0	340,0	0	962,0	0	1433,7	ERA5
1064799	20/06/2025	15	20/06/2025	11	HAE	16,2	0	7,1	0	55,0	0	21,0	0	320,0	0	962,0	0	2095,9	ERA5
1064800	20/06/2025	16	20/06/2025	12	HAE	17,0	0	7,4	0	53,0	0	26,0	0	340,0	0	962,0	0	2672,2	ERA5
1064801	20/06/2025	17	20/06/2025	13	HAE	18,2	0	7,0	0	48,0	0	17,0	0	310,0	0	962,0	0	2914,8	ERA5
1064802	20/06/2025	18	20/06/2025	14	HAE	19,7	0	6,7	0	42,0	0	17,0	0	300,0	0	962,0	0	3102,2	ERA5
1064803	20/06/2025	19	20/06/2025	15	HAE	19,6	0	5,0	0	38,0	0	18,0	0	330,0	0	962,0	0	3014,1	ERA5
1064804	20/06/2025	20	20/06/2025	16	HAE	20,3	0	2,5	0	31,0	0	18,0	0	320,0	0	963,0	0	2691,3	ERA5
1064805	20/06/2025	21	20/06/2025	17	HAE	20,4	0	-0,1	0	25,0	0	22,0	0	320,0	0	963,0	0	2359,9	ERA5
1064806	20/06/2025	22	20/06/2025	18	HAE	20,0	0	-0,3	0	25,0	0	18,0	0	330,0	0	963,0	0	1836,8	ERA5
1064807	20/06/2025	23	20/06/2025	19	HAE	19,6	0	-1,9	0	23,0	0	18,0	0	300,0	0	964,0	0	1251,4	ERA5
1064808	21/06/2025	00	20/06/2025	20	HAE	18,5	0	-1,3	0	26,0	0	8,0	0	310,0	0	965,0	0	658,2	ERA5
1064809	21/06/2025	01	20/06/2025	21	HAE	16,6	0	0,7	0	34,0	0	9,0	0	310,0	0	965,0	0	173,5	ERA5
1064810	21/06/2025	02	20/06/2025	22	HAE	13,1	0	2,4	0	48,0	0	8,0	0	280,0	0	966,0	0	0,3	ERA5
1064811	21/06/2025	03	20/06/2025	23	HAE	10,5	0	3,6	0	62,0	0	8,0	0	280,0	0	967,0	0	0,0	ERA5
1064812	21/06/2025	04	21/06/2025	00	HAE	10,9	0	2,2	0	55,0	0	8,0	0	290,0	0	967,0	0	0,0	ERA5
1064813	21/06/2025	05	21/06/2025	01	HAE	10,9	0	2,8	0	57,0	0	9,0	0	280,0	0	968,0	0	0,0	ERA5
1064814	21/06/2025	06	21/06/2025	02	HAE	10,3	0	2,2	0	57,0	0	11,0	0	280,0	0	968,0	0	0,0	ERA5
1064815	21/06/2025	07	21/06/2025	03	HAE	8,2	0	2,5	0	67,0	0	5,0	0	300,0	0	968,0	0	0,0	ERA5
1064816	21/06/2025	08	21/06/2025	04	HAE	6,5	0	3,3	0	80,0	0	5,0	0	300,0	0	969,0	0	0,0	ERA5
1064817	21/06/2025	09	21/06/2025	05	HAE	5,8	0	2,3	0	78,0	0	0,0	0	0,0	0	969,0	0	0,4	ERA5
1064818	21/06/2025	10	21/06/2025	06	HAE	5,1	0	2,8	0	85,0	0	4,0	0	0,0	0	969,0	0	180,5	ERA5
1064819	21/06/2025	11	21/06/2025	07	HAE	10,1	0	5,6	0	73,0	0	5,0	0	180,0	0	969,0	0	673,0	ERA5
1064820	21/06/2025	12	21/06/2025	08	HAE	13,2	0	6,3	0	63,0	0	5,0	0	160,0	0	970,0	0	1270,3	ERA5
1064821	21/06/2025	13	21/06/2025	09	HAE	17,1	0	5,0	0	44,0	0	13,0	0	200,0	0	970,0	0	1875,8	ERA5
1064822	21/06/2025	14	21/06/2025	10	HAE	19,0	0	4,1	0	37,0	0	17,0	0	200,0	0	970,0	0	2428,5	ERA5
1064823	21/06/2025	15	21/06/2025	11	HAE	20,3	0	2,8	0	31,0	0	11,0	0	250,0	0	969,0	0	2884,7	ERA5
1064824	21/06/2025	16	21/06/2025	12	HAE	21,5	0	3,2	0	30,0	0	21,0	0	200,0	0	969,0	0	3210,0	ERA5
1064825	21/06/2025	17	21/06/2025	13	HAE	22,6	0	3,2	0	28,0	0	22,0	0	240,0	0	968,0	0	3376,0	ERA5
1064826	21/06/2025	18	21/06/2025	14	HAE	23,3	0	4,7	0	30,0	0	22,0	0	200,0	0	967,0	0	3366,9	ERA5
1064827	21/06/2025	19	21/06/2025	15	HAE	24,4	0	5,6	0	29,0	0	22,0	0	200,0	0	966,0	0	3048,1	ERA5
1064828	21/06/2025	20	21/06/2025	16	HAE	24,9	0	5,8	0	29,0	0	22,0	0	210,0	0	966,0	0	2180,9	ERA5
1064829	21/06/2025	21	21/06/2025	17	HAE	23,9	0	7,7	0	35,0	0	21,0	0	200,0	0	965,0	0	1899,3	ERA5
1064830	21/06/2025	22	21/06/2025	18	HAE	23,6	0	9,1	0	39,0	0	17,0	0	200,0	0	964,0	0	1389,2	ERA5
1064831	21/06/2025	23	21/06/2025	19	HAE	23,3	0	9,5	0	41,0	0	21,0	0	180,0	0	964,0	0	932,1	ERA5
1064832	22/06/2025	00	21/06/2025	20	HAE	21,8	0	9,8	0	46,0	0	17,0	0	170,0	0	963,0	0	359,1	ERA5
1064833	22/06/2025	01	21/06/2025	21	HAE	20,8	0	10,1	0	50,0	0	17,0	0	160,0	0	963,0	0	71,8	ERA5
1064834	22/06/2025	02	21/06/2025	22	HAE	19,9	0	10,7	0	55,0	0	15,0	0	150,0	0	962,0	0	0,1	ERA5
1064835	22/06/2025	03	21/06/2025	23	HAE	17,2	0	13,2	0	77,0	0	15,0	0	180,0	0	962,0	0	0,0	ERA5
1064836	22/06/2025	04	22/06/2025	00	HAE	15,4	0	14,3	0	93,0	0	13,0	0	150,0	0	961,0	0	0,0	ERA5
1064837	22/06/2025	05	22/06/2025	01	HAE	14,9	0	14,4	0	97,0	0	11,0	0	130,0	0	960,0	0	0,0	ERA5
1064838	22/06/2025	06	22/06/2025	02	HAE	14,8	0	14,2	0	96,0	0	11,0	0	100,0	0	959,0	0	0,0	ERA5
1064839	22/06/2025	07	22/06/2025	03	HAE	14,6	0	14,1	0	97,0	0	11,0	0	70,0	0	959,0	0	0,0	ERA5
1064840	22/06/2025	08	22/06/2025	04	HAE	14,5	0	14,2	0	98,0	0	8,0	0	60,0	0	959,0	0	0,0	ERA5
1064841	22/06/2025	09	22/06/2025	05	HAE	14,4	0	14,1	0	98,0	0	9,0	0	80,0	0	960,0	0	0,1	ERA5
1064842	22/06/2025	10	22/06/2025	06	HAE	14,6	0	14,3	0	98,0	0	8,0	0	80,0	0	960,0	0	44,4	ERA5
1064843	22/06/2025	11	22/06/2025	07	HAE	14,9	0	14,3	0	96,0	0	0,0	0	0,0	0	962,0	0	325,5	ERA5
1064844	22/06/2025	12	22/06/2025	08	HAE	15,2	0	14,9	0	98,0	0	4,0	0	0,0	0	963,0	0	684,5	ERA5
1064845	22/06/2025	13	22/06/2025	09	HAE	16,2	0	15,9	0	98,0	0	11,0	0	290,0	0	963,0	0	1191,9	ERA5
1064846	22/06/2025	14	22/06/2025	10	HAE	17,3	0	16,5	0	95,0	0	11,0	0	320,0	0	964,0	0	1806,0	ERA5
1064847	22/06/2025	15	22/06/2025	11	HAE	18,5	0	16,3	0	87,0	0	15,0	0	300,0	0	965,0	0	2359,2	ERA5
1064848	22/06/2025	16	22/06/2025	12	HAE	20,4	0	15,7	0	74,0	0	17,0	0	320,0	0	966,0	0	2675,9	ERA5
1064849	22/06/2025	17	22/06/2025	13	HAE	21,5	0	15,6	0	69,0	0	13,0	0	330,0	0	967,0	0	2921,6	ERA5
1064850	22/06/2025	18	22/06/2025	14	HAE	23,1	0	15,0	0	60,0	0	17,0	0	280,0	0	967,0	0	2324,7	ERA5
1064851	22/06/2025	19	22/06/2025	15	HAE	22,9	0	15,2	0	61,0	0	9,0	0	280,0	0	967,0	0	1084,4	ERA5
1064852	22/06/2025	20	22/06/2025	16	HAE	24,0	0	15,7	0	59,0	0	13,0	0	300,0	0	968,0	0	1139,1	ERA5
1064853	22/06/2025	21	22/06/2025	17	HAE	24,2	0	15,9	0	59,0	0	18,0	0	310,0	0	969,0	0	1111,8	ERA5
1064854	22/06/2025	22	22/06/2025	18	HAE	22,6	0	15,4	0	63,0	0	18,0	0	320,0	0	969,0	0	612,7	ERA5
1064855	22/06/2025	23	22/06/2025	19	HAE	21,2	0	14,6	0	65,0	0	18,0	0	320,0	0	970,0	0	322,2	ERA5
1064856	23/06/2025	00	22/06/2025	20	HAE	19,9	0	13,7	0	67,0	0	11,0	0	310,0	0	970,0	0	243,1	ERA5
1064857	23/06/2025	01	22/06/2025	21	HAE	18,5	0	13,2	0	71,0	0	4,0	0	280,0	0	971,0	0	52,4	ERA5
1064858	23/06/2025	02	22/06/2025	22	HAE	15,7	0	13,9	0	89,0	0	5,0	0	310,0	0	970,0	0	0,1	ERA5
1064859	23/06/2025	03	22/06/2025	23	HAE	16,0	0	13,2	0	83,0	0	8,0	0	270,0	0	970,0	0	0,0	ERA5
1064860	23/06/2025	04	23/06/2025	00	HAE	15,0	0	13,2	0	89,0	0	11,0	0	270,0	0	971,0	0	0,0	ERA5
1064861	23/06/2025	05	23/06/2025	01	HAE	15,0	0	13,6	0	91,0	0	8,0	0	300,0	0	972,0	0	0,0	ERA5
1064862	23/06/2025	06	23/06/2025	02	HAE	14,8	0	13,5	0	92,0	0	8,0	0	260,0	0	972,0	0	-0,0	ERA5
1064863	23/06/2025	07	23/06/2025	03	HAE	14,1	0	13,5	0	96,0	0	8,0	0	260,0	0	971,0	0	0,0	ERA5
1064864	23/06/2025	08	23/06/2025	04	HAE	14,0	0	13,4	0	96,0	0	15,0	0	80,0	0	968,0	0	0,0	ERA5
1064865	23/06/2025	09	23/06/2025	05	HAE	14,0	0	13,4	0	96,0	0	9,0	0	100,0	0	969,0	0	0,0	ERA5
1064866	23/06/2025	10	23/06/2025	06	HAE	14,3	0	13,8	0	97,0	0	5,0	0	120,0	0	969,0	0	15,3	ERA5
1064867	23/06/2025	11	23/06/2025	07	HAE	14,4	0	14,1	0	98,0	0	9,0	0	100,0	0	969,0	0	60,4	ERA5
1064868	23/06/2025	12	23/06/2025	08	HAE	14,5	0	14,2	0	98,0	0	9,0	0	80,0	0	969,0	0	57,1	ERA5
1064869	23/06/2025	13	23/06/2025	09	HAE	15,6	0	15,1	0	97,0	0	22,0	0	80,0	0	968,0	0	152,1	ERA5
1064870	23/06/2025	14	23/06/2025	10	HAE	15,8	0	15,3	0	97,0	0	15,0	0	110,0	0	967,0	0	296,2	ERA5
1064871	23/06/2025	15	23/06/2025	11	HAE	16,0	0	15,7	0	98,0	0	11,0	0	120,0	0	967,0	0	549,4	ERA5
1064872	23/06/2025	16	23/06/2025	12	HAE	16,9	0	16,1	0	95,0	0	15,0	0	120,0	0	967,0	0	754,4	ERA5
1064873	23/06/2025	17	23/06/2025	13	HAE	16,7	0	16,1	0	96,0	0	11,0	0	120,0	0	966,0	0	666,0	ERA5
1064874	23/06/2025	18	23/06/2025	14	HAE	17,5	0	17,0	0	97,0	0	11,0	0	140,0	0	965,0	0	914,7	ERA5
1064875	23/06/2025	19	23/06/2025	15	HAE	19,1	0	18,2	0	94,0	0	13,0	0	140,0	0	965,0	0	430,3	ERA5
1064876	23/06/2025	20	23/06/2025	16	HAE	20,1	0	18,5	0	90,0	0	5,0	0	140,0	0	965,0	0	196,3	ERA5
1064877	23/06/2025	21	23/06/2025	17	HAE	21,8	0	19,3	0	86,0	0	5,0	0	0,0	0	964,0	0	223,6	ERA5
1064878	23/06/2025	22	23/06/2025	18	HAE	22,0	0	20,0	0	88,0	0	11,0	0	160,0	0	963,0	0	176,5	ERA5
1064879	23/06/2025	23	23/06/2025	19	HAE	21,6	0	20,0	0	90,0	0	5,0	0	160,0	0	963,0	0	117,9	ERA5
1064880	24/06/2025	00	23/06/2025	20	HAE	21,8	0	20,4	0	92,0	0	5,0	0	150,0	0	963,0	0	81,2	ERA5
1064881	24/06/2025	01	23/06/2025	21	HAE	21,3	0	20,5	0	95,0	0	0,0	0	0,0	0	963,0	0	14,6	ERA5
1064882	24/06/2025	02	23/06/2025	22	HAE	20,3	0	20,0	0	98,0	0	9,0	0	180,0	0	963,0	0	0,1	ERA5
1064883	24/06/2025	03	23/06/2025	23	HAE	21,2	0	20,6	0	96,0	0	9,0	0	200,0	0	963,0	0	0,0	ERA5
1064884	24/06/2025	04	24/06/2025	00	HAE	21,2	0	20,4	0	95,0	0	11,0	0	220,0	0	963,0	0	0,0	ERA5
1064885	24/06/2025	05	24/06/2025	01	HAE	21,5	0	20,5	0	94,0	0	9,0	0	220,0	0	964,0	0	0,0	ERA5
1064886	24/06/2025	06	24/06/2025	02	HAE	21,7	0	20,4	0	92,0	0	17,0	0	230,0	0	964,0	0	0,0	ERA5
1064887	24/06/2025	07	24/06/2025	03	HAE	21,7	0	20,4	0	92,0	0	15,0	0	250,0	0	964,0	0	0,0	ERA5
1064888	24/06/2025	08	24/06/2025	04	HAE	21,8	0	20,5	0	92,0	0	15,0	0	240,0	0	964,0	0	0,0	ERA5
1064889	24/06/2025	09	24/06/2025	05	HAE	21,6	0	20,3	0	92,0	0	17,0	0	240,0	0	965,0	0	0,1	ERA5
1064890	24/06/2025	10	24/06/2025	06	HAE	21,9	0	20,2	0	90,0	0	15,0	0	270,0	0	965,0	0	29,1	ERA5
1064891	24/06/2025	11	24/06/2025	07	HAE	20,9	0	16,6	0	76,0	0	24,0	0	280,0	0	966,0	0	103,7	ERA5
1064892	24/06/2025	12	24/06/2025	08	HAE	21,3	0	16,1	0	72,0	0	15,0	0	270,0	0	967,0	0	373,7	ERA5
1064893	24/06/2025	13	24/06/2025	09	HAE	21,5	0	14,0	0	62,0	0	17,0	0	260,0	0	967,0	0	1157,8	ERA5
1064894	24/06/2025	14	24/06/2025	10	HAE	22,6	0	13,6	0	56,0	0	22,0	0	260,0	0	967,0	0	1662,4	ERA5
1064895	24/06/2025	15	24/06/2025	11	HAE	22,6	0	13,0	0	54,0	0	26,0	0	270,0	0	968,0	0	2285,7	ERA5
1064896	24/06/2025	16	24/06/2025	12	HAE	24,2	0	12,8	0	48,0	0	26,0	0	250,0	0	968,0	0	2579,0	ERA5
1064897	24/06/2025	17	24/06/2025	13	HAE	24,6	0	11,5	0	43,0	0	32,0	0	240,0	0	968,0	0	2187,5	ERA5
1064898	24/06/2025	18	24/06/2025	14	HAE	25,2	0	11,7	0	42,0	0	34,0	0	250,0	0	968,0	0	2413,0	ERA5
1064899	24/06/2025	19	24/06/2025	15	HAE	25,4	0	10,3	0	38,0	0	35,0	0	250,0	0	968,0	0	2356,2	ERA5
1064900	24/06/2025	20	24/06/2025	16	HAE	25,7	0	8,9	0	34,0	0	35,0	0	270,0	0	968,0	0	2057,7	ERA5
1064901	24/06/2025	21	24/06/2025	17	HAE	24,8	0	9,9	0	39,0	0	26,0	0	280,0	0	968,0	0	1890,7	ERA5
1064902	24/06/2025	22	24/06/2025	18	HAE	24,1	0	9,2	0	38,0	0	28,0	0	290,0	0	969,0	0	1608,3	ERA5
1064903	24/06/2025	23	24/06/2025	19	HAE	22,2	0	9,1	0	43,0	0	24,0	0	300,0	0	969,0	0	1146,5	ERA5
1064904	25/06/2025	00	24/06/2025	20	HAE	20,7	0	8,5	0	45,0	0	18,0	0	300,0	0	970,0	0	575,0	ERA5
1064905	25/06/2025	01	24/06/2025	21	HAE	18,3	0	9,5	0	56,0	0	15,0	0	320,0	0	971,0	0	139,3	ERA5
1064906	25/06/2025	02	24/06/2025	22	HAE	15,3	0	7,7	0	60,0	0	18,0	0	320,0	0	972,0	0	0,3	ERA5
1064907	25/06/2025	03	24/06/2025	23	HAE	12,8	0	5,3	0	60,0	0	24,0	0	310,0	0	973,0	0	0,0	ERA5
1064908	25/06/2025	04	25/06/2025	00	HAE	10,9	0	4,7	0	65,0	0	15,0	0	310,0	0	973,0	0	0,0	ERA5
1064909	25/06/2025	05	25/06/2025	01	HAE	9,4	0	4,2	0	70,0	0	18,0	0	310,0	0	974,0	0	0,0	ERA5
1064910	25/06/2025	06	25/06/2025	02	HAE	8,2	0	3,9	0	74,0	0	17,0	0	320,0	0	974,0	0	0,0	ERA5
1064911	25/06/2025	07	25/06/2025	03	HAE	7,1	0	3,5	0	78,0	0	15,0	0	310,0	0	974,0	0	0,0	ERA5
1064912	25/06/2025	08	25/06/2025	04	HAE	5,9	0	3,6	0	85,0	0	15,0	0	300,0	0	974,0	0	0,0	ERA5
1064913	25/06/2025	09	25/06/2025	05	HAE	5,8	0	3,3	0	84,0	0	11,0	0	310,0	0	975,0	0	0,1	ERA5
1064914	25/06/2025	10	25/06/2025	06	HAE	5,6	0	2,6	0	81,0	0	11,0	0	300,0	0	975,0	0	71,6	ERA5
1064915	25/06/2025	11	25/06/2025	07	HAE	6,4	0	3,0	0	79,0	0	15,0	0	340,0	0	976,0	0	256,2	ERA5
1064916	25/06/2025	12	25/06/2025	08	HAE	6,2	0	2,5	0	77,0	0	11,0	0	340,0	0	976,0	0	583,4	ERA5
1064917	25/06/2025	13	25/06/2025	09	HAE	6,2	0	1,9	0	74,0	0	11,0	0	310,0	0	976,0	0	868,8	ERA5
1064918	25/06/2025	14	25/06/2025	10	HAE	7,3	0	2,4	0	71,0	0	15,0	0	300,0	0	977,0	0	1365,8	ERA5
1064919	25/06/2025	15	25/06/2025	11	HAE	7,4	0	2,1	0	69,0	0	15,0	0	290,0	0	977,0	0	1590,9	ERA5
1064920	25/06/2025	16	25/06/2025	12	HAE	8,8	0	2,5	0	64,0	0	11,0	0	0,0	0	977,0	0	1793,2	ERA5
1064921	25/06/2025	17	25/06/2025	13	HAE	10,2	0	3,4	0	62,0	0	17,0	0	330,0	0	977,0	0	1949,8	ERA5
1064922	25/06/2025	18	25/06/2025	14	HAE	11,8	0	3,2	0	55,0	0	17,0	0	300,0	0	977,0	0	1902,0	ERA5
1064923	25/06/2025	19	25/06/2025	15	HAE	12,3	0	2,7	0	52,0	0	17,0	0	270,0	0	977,0	0	1718,0	ERA5
1064924	25/06/2025	20	25/06/2025	16	HAE	13,2	0	2,8	0	49,0	0	22,0	0	290,0	0	977,0	0	1586,7	ERA5
1064925	25/06/2025	21	25/06/2025	17	HAE	13,5	0	2,5	0	47,0	0	11,0	0	300,0	0	977,0	0	1422,6	ERA5
1064926	25/06/2025	22	25/06/2025	18	HAE	13,2	0	2,3	0	48,0	0	9,0	0	300,0	0	977,0	0	1030,2	ERA5
1064927	25/06/2025	23	25/06/2025	19	HAE	13,6	0	2,2	0	46,0	0	15,0	0	310,0	0	977,0	0	653,0	ERA5
1064928	26/06/2025	00	25/06/2025	20	HAE	12,6	0	2,5	0	50,0	0	13,0	0	320,0	0	977,0	0	444,8	ERA5
1064929	26/06/2025	01	25/06/2025	21	HAE	11,3	0	2,6	0	55,0	0	9,0	0	320,0	0	977,0	0	115,8	ERA5
1064930	26/06/2025	02	25/06/2025	22	HAE	9,4	0	3,6	0	67,0	0	8,0	0	330,0	0	978,0	0	0,4	ERA5
1064931	26/06/2025	03	25/06/2025	23	HAE	8,1	0	3,6	0	73,0	0	4,0	0	0,0	0	978,0	0	-0,0	ERA5
1064932	26/06/2025	04	26/06/2025	00	HAE	7,8	0	3,4	0	73,0	0	11,0	0	350,0	0	978,0	0	0,0	ERA5
1064933	26/06/2025	05	26/06/2025	01	HAE	7,4	0	3,5	0	76,0	0	5,0	0	340,0	0	978,0	0	0,0	ERA5
1064934	26/06/2025	06	26/06/2025	02	HAE	5,3	0	3,2	0	86,0	0	0,0	0	0,0	0	978,0	0	0,0	ERA5
1064935	26/06/2025	07	26/06/2025	03	HAE	6,6	0	4,3	0	85,0	0	0,0	0	0,0	0	977,0	0	0,0	ERA5
1064936	26/06/2025	08	26/06/2025	04	HAE	4,9	0	3,7	0	92,0	0	5,0	0	220,0	0	977,0	0	0,0	ERA5
1064937	26/06/2025	09	26/06/2025	05	HAE	5,6	0	4,4	0	92,0	0	0,0	0	0,0	0	977,0	0	0,1	ERA5
1064938	26/06/2025	10	26/06/2025	06	HAE	6,0	0	4,3	0	89,0	0	0,0	0	0,0	0	978,0	0	124,7	ERA5
1064939	26/06/2025	11	26/06/2025	07	HAE	9,1	0	5,5	0	78,0	0	5,0	0	180,0	0	978,0	0	508,3	ERA5
1064940	26/06/2025	12	26/06/2025	08	HAE	11,2	0	3,4	0	59,0	0	5,0	0	170,0	0	978,0	0	1105,5	ERA5
1064941	26/06/2025	13	26/06/2025	09	HAE	12,7	0	3,4	0	53,0	0	8,0	0	160,0	0	978,0	0	1803,7	ERA5
1064942	26/06/2025	14	26/06/2025	10	HAE	14,3	0	4,1	0	50,0	0	8,0	0	160,0	0	978,0	0	2432,6	ERA5
1064943	26/06/2025	15	26/06/2025	11	HAE	15,6	0	2,1	0	40,0	0	5,0	0	190,0	0	978,0	0	2898,4	ERA5
1064944	26/06/2025	16	26/06/2025	12	HAE	16,7	0	3,4	0	41,0	0	8,0	0	240,0	0	977,0	0	3133,8	ERA5
1064945	26/06/2025	17	26/06/2025	13	HAE	18,0	0	3,3	0	37,0	0	11,0	0	350,0	0	977,0	0	2805,1	ERA5
1064946	26/06/2025	18	26/06/2025	14	HAE	19,3	0	1,8	0	31,0	0	11,0	0	300,0	0	977,0	0	2093,3	ERA5
1064947	26/06/2025	19	26/06/2025	15	HAE	19,5	0	3,0	0	33,0	0	13,0	0	300,0	0	976,0	0	1782,8	ERA5
1064948	26/06/2025	20	26/06/2025	16	HAE	19,7	0	3,3	0	34,0	0	8,0	0	360,0	0	976,0	0	1864,4	ERA5
1064949	26/06/2025	21	26/06/2025	17	HAE	20,2	0	2,8	0	31,0	0	11,0	0	300,0	0	976,0	0	1507,4	ERA5
1064950	26/06/2025	22	26/06/2025	18	HAE	20,3	0	2,5	0	30,0	0	13,0	0	270,0	0	976,0	0	1130,8	ERA5
1064951	26/06/2025	23	26/06/2025	19	HAE	19,8	0	3,0	0	33,0	0	9,0	0	350,0	0	976,0	0	930,5	ERA5
1064952	27/06/2025	00	26/06/2025	20	HAE	18,1	0	5,5	0	43,0	0	8,0	0	20,0	0	976,0	0	623,9	ERA5
1064953	27/06/2025	01	26/06/2025	21	HAE	16,4	0	5,5	0	48,0	0	4,0	0	310,0	0	976,0	0	166,7	ERA5
1064954	27/06/2025	02	26/06/2025	22	HAE	12,2	0	6,4	0	67,0	0	0,0	0	0,0	0	977,0	0	0,4	ERA5
1064955	27/06/2025	03	26/06/2025	23	HAE	12,0	0	8,2	0	78,0	0	0,0	0	0,0	0	977,0	0	0,0	ERA5
1064956	27/06/2025	04	27/06/2025	00	HAE	11,5	0	8,3	0	81,0	0	0,0	0	0,0	0	978,0	0	0,0	ERA5
1064957	27/06/2025	05	27/06/2025	01	HAE	10,5	0	9,9	0	96,0	0	4,0	0	60,0	0	978,0	0	0,0	ERA5
1064958	27/06/2025	06	27/06/2025	02	HAE	8,3	0	7,7	0	96,0	0	5,0	0	50,0	0	978,0	0	-0,0	ERA5
1064959	27/06/2025	07	27/06/2025	03	HAE	9,0	0	8,6	0	97,0	0	4,0	0	120,0	0	978,0	0	0,0	ERA5
1064960	27/06/2025	08	27/06/2025	04	HAE	8,3	0	8,2	0	99,0	0	4,0	0	90,0	0	978,0	0	0,0	ERA5
1064961	27/06/2025	09	27/06/2025	05	HAE	10,0	0	8,1	0	88,0	0	4,0	0	100,0	0	978,0	0	0,1	ERA5
1064962	27/06/2025	10	27/06/2025	06	HAE	10,6	0	7,0	0	78,0	0	0,0	0	0,0	0	979,0	0	113,3	ERA5
1064963	27/06/2025	11	27/06/2025	07	HAE	12,8	0	8,6	0	75,0	0	4,0	0	0,0	0	979,0	0	405,7	ERA5
1064964	27/06/2025	12	27/06/2025	08	HAE	15,5	0	7,0	0	57,0	0	11,0	0	140,0	0	979,0	0	818,1	ERA5
1064965	27/06/2025	13	27/06/2025	09	HAE	17,6	0	7,4	0	51,0	0	13,0	0	150,0	0	979,0	0	1235,7	ERA5
1064966	27/06/2025	14	27/06/2025	10	HAE	19,1	0	7,2	0	46,0	0	15,0	0	150,0	0	978,0	0	1709,8	ERA5
1064967	27/06/2025	15	27/06/2025	11	HAE	20,6	0	6,8	0	40,0	0	13,0	0	130,0	0	978,0	0	2072,7	ERA5
1064968	27/06/2025	16	27/06/2025	12	HAE	20,8	0	4,7	0	35,0	0	17,0	0	150,0	0	977,0	0	2353,0	ERA5
1064969	27/06/2025	17	27/06/2025	13	HAE	20,9	0	6,1	0	38,0	0	15,0	0	160,0	0	977,0	0	2292,9	ERA5
1064970	27/06/2025	18	27/06/2025	14	HAE	20,9	0	5,7	0	37,0	0	15,0	0	160,0	0	976,0	0	2204,0	ERA5
1064971	27/06/2025	19	27/06/2025	15	HAE	20,5	0	6,0	0	39,0	0	22,0	0	180,0	0	975,0	0	1347,2	ERA5
1064972	27/06/2025	20	27/06/2025	16	HAE	19,9	0	6,5	0	41,0	0	17,0	0	170,0	0	975,0	0	987,6	ERA5
1064973	27/06/2025	21	27/06/2025	17	HAE	19,2	0	6,3	0	43,0	0	15,0	0	180,0	0	974,0	0	748,0	ERA5
1064974	27/06/2025	22	27/06/2025	18	HAE	18,3	0	7,8	0	50,0	0	11,0	0	190,0	0	974,0	0	412,9	ERA5
1064975	27/06/2025	23	27/06/2025	19	HAE	17,0	0	8,6	0	58,0	0	17,0	0	200,0	0	974,0	0	261,5	ERA5
1064976	28/06/2025	00	27/06/2025	20	HAE	15,4	0	10,0	0	70,0	0	13,0	0	150,0	0	974,0	0	183,1	ERA5
1064977	28/06/2025	01	27/06/2025	21	HAE	14,1	0	10,0	0	76,0	0	11,0	0	150,0	0	974,0	0	45,2	ERA5
1064978	28/06/2025	02	27/06/2025	22	HAE	13,2	0	10,6	0	84,0	0	11,0	0	120,0	0	974,0	0	0,1	ERA5
1064979	28/06/2025	03	27/06/2025	23	HAE	12,8	0	10,5	0	86,0	0	13,0	0	120,0	0	973,0	0	-0,0	ERA5
1064980	28/06/2025	04	28/06/2025	00	HAE	11,7	0	10,3	0	91,0	0	18,0	0	110,0	0	972,0	0	0,0	ERA5
1064981	28/06/2025	05	28/06/2025	01	HAE	11,6	0	10,4	0	92,0	0	18,0	0	120,0	0	971,0	0	0,0	ERA5
1064982	28/06/2025	06	28/06/2025	02	HAE	11,6	0	10,5	0	93,0	0	17,0	0	110,0	0	971,0	0	0,0	ERA5
1064983	28/06/2025	07	28/06/2025	03	HAE	11,8	0	10,4	0	91,0	0	18,0	0	100,0	0	970,0	0	0,0	ERA5
1064984	28/06/2025	08	28/06/2025	04	HAE	11,8	0	10,6	0	92,0	0	24,0	0	110,0	0	969,0	0	0,0	ERA5
1064985	28/06/2025	09	28/06/2025	05	HAE	12,0	0	10,9	0	93,0	0	22,0	0	100,0	0	969,0	0	0,0	ERA5
1064986	28/06/2025	10	28/06/2025	06	HAE	12,0	0	11,2	0	95,0	0	24,0	0	100,0	0	968,0	0	20,4	ERA5
1064987	28/06/2025	11	28/06/2025	07	HAE	12,2	0	11,4	0	95,0	0	26,0	0	100,0	0	968,0	0	75,4	ERA5
1064988	28/06/2025	12	28/06/2025	08	HAE	12,1	0	11,5	0	96,0	0	22,0	0	110,0	0	967,0	0	196,1	ERA5
1064989	28/06/2025	13	28/06/2025	09	HAE	12,3	0	11,4	0	94,0	0	21,0	0	110,0	0	967,0	0	266,5	ERA5
1064990	28/06/2025	14	28/06/2025	10	HAE	12,6	0	11,5	0	93,0	0	24,0	0	110,0	0	966,0	0	200,3	ERA5
1064991	28/06/2025	15	28/06/2025	11	HAE	13,6	0	11,8	0	89,0	0	28,0	0	110,0	0	966,0	0	357,0	ERA5
1064992	28/06/2025	16	28/06/2025	12	HAE	13,7	0	11,9	0	89,0	0	18,0	0	110,0	0	966,0	0	484,5	ERA5
1064993	28/06/2025	17	28/06/2025	13	HAE	13,3	0	12,7	0	96,0	0	15,0	0	110,0	0	966,0	0	516,7	ERA5
1064994	28/06/2025	18	28/06/2025	14	HAE	13,4	0	12,5	0	94,0	0	24,0	0	110,0	0	965,0	0	541,7	ERA5
1064995	28/06/2025	19	28/06/2025	15	HAE	13,1	0	12,6	0	97,0	0	22,0	0	100,0	0	965,0	0	293,8	ERA5
1064996	28/06/2025	20	28/06/2025	16	HAE	13,7	0	12,9	0	95,0	0	22,0	0	120,0	0	965,0	0	343,7	ERA5
1064997	28/06/2025	21	28/06/2025	17	HAE	13,6	0	12,8	0	95,0	0	18,0	0	110,0	0	965,0	0	305,5	ERA5
1064998	28/06/2025	22	28/06/2025	18	HAE	13,6	0	13,0	0	96,0	0	17,0	0	110,0	0	965,0	0	254,9	ERA5
1064999	28/06/2025	23	28/06/2025	19	HAE	13,6	0	12,8	0	95,0	0	21,0	0	120,0	0	965,0	0	107,1	ERA5
1065000	29/06/2025	00	28/06/2025	20	HAE	13,4	0	12,6	0	95,0	0	17,0	0	120,0	0	965,0	0	50,1	ERA5
1065001	29/06/2025	01	28/06/2025	21	HAE	12,8	0	12,2	0	96,0	0	21,0	0	120,0	0	965,0	0	11,0	ERA5
1065002	29/06/2025	02	28/06/2025	22	HAE	12,5	0	12,0	0	97,0	0	13,0	0	120,0	0	965,0	0	0,1	ERA5
1065003	29/06/2025	03	28/06/2025	23	HAE	12,4	0	12,1	0	98,0	0	17,0	0	120,0	0	965,0	0	0,0	ERA5
1065004	29/06/2025	04	29/06/2025	00	HAE	12,2	0	11,7	0	97,0	0	21,0	0	120,0	0	965,0	0	0,0	ERA5
1065005	29/06/2025	05	29/06/2025	01	HAE	12,1	0	12,0	0	99,0	0	13,0	0	120,0	0	965,0	0	0,0	ERA5
1065006	29/06/2025	06	29/06/2025	02	HAE	12,1	0	12,0	0	99,0	0	9,0	0	120,0	0	965,0	0	-0,0	ERA5
1065007	29/06/2025	07	29/06/2025	03	HAE	12,0	0	11,9	0	99,0	0	9,0	0	110,0	0	964,0	0	0,0	ERA5
1065008	29/06/2025	08	29/06/2025	04	HAE	12,1	0	12,0	0	99,0	0	8,0	0	120,0	0	964,0	0	0,0	ERA5
1065009	29/06/2025	09	29/06/2025	05	HAE	12,4	0	12,3	0	99,0	0	4,0	0	100,0	0	965,0	0	0,0	ERA5
1065010	29/06/2025	10	29/06/2025	06	HAE	12,7	0	12,7	0	100,0	0	4,0	0	0,0	0	965,0	0	14,9	ERA5
1065011	29/06/2025	11	29/06/2025	07	HAE	13,3	0	13,3	0	100,0	0	5,0	0	230,0	0	965,0	0	73,8	ERA5
1065012	29/06/2025	12	29/06/2025	08	HAE	14,4	0	14,4	0	100,0	0	8,0	0	260,0	0	966,0	0	138,1	ERA5
1065013	29/06/2025	13	29/06/2025	09	HAE	15,0	0	14,7	0	98,0	0	13,0	0	260,0	0	966,0	0	250,1	ERA5
1065014	29/06/2025	14	29/06/2025	10	HAE	15,4	0	14,6	0	95,0	0	15,0	0	260,0	0	966,0	0	228,3	ERA5
1065015	29/06/2025	15	29/06/2025	11	HAE	15,3	0	14,7	0	96,0	0	17,0	0	240,0	0	966,0	0	267,0	ERA5
1065016	29/06/2025	16	29/06/2025	12	HAE	15,4	0	14,7	0	96,0	0	11,0	0	240,0	0	967,0	0	538,8	ERA5
1065017	29/06/2025	17	29/06/2025	13	HAE	15,5	0	13,8	0	90,0	0	11,0	0	240,0	0	966,0	0	565,3	ERA5
1065018	29/06/2025	18	29/06/2025	14	HAE	16,5	0	13,6	0	83,0	0	18,0	0	240,0	0	967,0	0	921,4	ERA5
1065019	29/06/2025	19	29/06/2025	15	HAE	18,9	0	14,4	0	75,0	0	13,0	0	220,0	0	967,0	0	1452,9	ERA5
1065020	29/06/2025	20	29/06/2025	16	HAE	21,1	0	14,4	0	65,0	0	15,0	0	230,0	0	966,0	0	1760,8	ERA5
1065021	29/06/2025	21	29/06/2025	17	HAE	22,6	0	14,6	0	60,0	0	15,0	0	210,0	0	965,0	0	1981,3	ERA5
1065022	29/06/2025	22	29/06/2025	18	HAE	23,1	0	14,5	0	58,0	0	8,0	0	220,0	0	965,0	0	1225,6	ERA5
1065023	29/06/2025	23	29/06/2025	19	HAE	23,4	0	14,7	0	58,0	0	9,0	0	240,0	0	965,0	0	978,3	ERA5
1065024	30/06/2025	00	29/06/2025	20	HAE	22,3	0	16,2	0	68,0	0	5,0	0	200,0	0	965,0	0	512,9	ERA5
1065025	30/06/2025	01	29/06/2025	21	HAE	19,8	0	16,5	0	81,0	0	4,0	0	170,0	0	965,0	0	130,7	ERA5
1065026	30/06/2025	02	29/06/2025	22	HAE	19,0	0	16,1	0	83,0	0	5,0	0	170,0	0	965,0	0	0,3	ERA5
1065027	30/06/2025	03	29/06/2025	23	HAE	17,2	0	15,4	0	89,0	0	8,0	0	170,0	0	965,0	0	0,0	ERA5
1065028	30/06/2025	04	30/06/2025	00	HAE	16,4	0	15,1	0	92,0	0	9,0	0	200,0	0	965,0	0	0,0	ERA5
1065029	30/06/2025	05	30/06/2025	01	HAE	15,8	0	14,7	0	93,0	0	11,0	0	180,0	0	965,0	0	0,0	ERA5
1065030	30/06/2025	06	30/06/2025	02	HAE	15,4	0	14,3	0	93,0	0	8,0	0	180,0	0	965,0	0	-0,0	ERA5
1065031	30/06/2025	07	30/06/2025	03	HAE	15,5	0	13,9	0	90,0	0	5,0	0	160,0	0	964,0	0	0,0	ERA5
1065032	30/06/2025	08	30/06/2025	04	HAE	15,3	0	13,9	0	91,0	0	5,0	0	180,0	0	964,0	0	0,0	ERA5
1065033	30/06/2025	09	30/06/2025	05	HAE	16,3	0	14,2	0	87,0	0	4,0	0	160,0	0	965,0	0	0,0	ERA5
1065034	30/06/2025	10	30/06/2025	06	HAE	16,6	0	14,6	0	88,0	0	4,0	0	180,0	0	965,0	0	101,4	ERA5
1065035	30/06/2025	11	30/06/2025	07	HAE	17,8	0	15,6	0	87,0	0	13,0	0	180,0	0	964,0	0	334,6	ERA5
1065036	30/06/2025	12	30/06/2025	08	HAE	18,1	0	16,3	0	89,0	0	13,0	0	210,0	0	964,0	0	418,3	ERA5
1065037	30/06/2025	13	30/06/2025	09	HAE	17,0	0	16,5	0	97,0	0	11,0	0	210,0	0	965,0	0	406,6	ERA5
1065038	30/06/2025	14	30/06/2025	10	HAE	17,1	0	16,9	0	99,0	0	8,0	0	190,0	0	964,0	0	741,8	ERA5
1065039	30/06/2025	15	30/06/2025	11	HAE	17,5	0	17,0	0	97,0	0	8,0	0	200,0	0	964,0	0	763,0	ERA5
1065040	30/06/2025	16	30/06/2025	12	HAE	19,9	0	17,9	0	88,0	0	17,0	0	200,0	0	964,0	0	1447,5	ERA5
1065041	30/06/2025	17	30/06/2025	13	HAE	21,0	0	18,2	0	84,0	0	17,0	0	210,0	0	963,0	0	1570,3	ERA5
1065042	30/06/2025	18	30/06/2025	14	HAE	21,6	0	18,1	0	80,0	0	17,0	0	210,0	0	963,0	0	1638,4	ERA5
1065043	30/06/2025	19	30/06/2025	15	HAE	22,4	0	18,0	0	76,0	0	18,0	0	220,0	0	963,0	0	1284,9	ERA5
1065044	30/06/2025	20	30/06/2025	16	HAE	22,8	0	18,6	0	77,0	0	18,0	0	220,0	0	963,0	0	958,5	ERA5
1065045	30/06/2025	21	30/06/2025	17	HAE	22,0	0	18,5	0	80,0	0	15,0	0	230,0	0	963,0	0	760,2	ERA5
1065046	30/06/2025	22	30/06/2025	18	HAE	20,5	0	19,5	0	94,0	0	5,0	0	160,0	0	962,0	0	716,5	ERA5
1065047	30/06/2025	23	30/06/2025	19	HAE	20,3	0	19,2	0	93,0	0	15,0	0	160,0	0	961,0	0	386,1	ERA5
1065048	01/07/2025	00	30/06/2025	20	HAE	18,8	0	18,2	0	96,0	0	22,0	0	170,0	0	961,0	0	217,0	ERA5
1065049	01/07/2025	01	30/06/2025	21	HAE	17,8	0	17,3	0	97,0	0	15,0	0	160,0	0	960,0	0	81,0	ERA5
1065050	01/07/2025	02	30/06/2025	22	HAE	17,8	0	17,6	0	99,0	0	15,0	0	180,0	0	960,0	0	0,2	ERA5
1065051	01/07/2025	03	30/06/2025	23	HAE	17,7	0	17,5	0	99,0	0	11,0	0	170,0	0	960,0	0	0,0	ERA5
1065052	01/07/2025	04	01/07/2025	00	HAE	18,1	0	17,7	0	97,0	0	15,0	0	180,0	0	959,0	0	0,0	ERA5
1065053	01/07/2025	05	01/07/2025	01	HAE	17,8	0	17,2	0	96,0	0	13,0	0	200,0	0	959,0	0	0,0	ERA5
1065054	01/07/2025	06	01/07/2025	02	HAE	17,4	0	16,8	0	96,0	0	13,0	0	200,0	0	959,0	0	0,0	ERA5
1065055	01/07/2025	07	01/07/2025	03	HAE	17,2	0	16,6	0	96,0	0	11,0	0	190,0	0	958,0	0	0,0	ERA5
1065056	01/07/2025	08	01/07/2025	04	HAE	17,3	0	16,8	0	97,0	0	9,0	0	210,0	0	958,0	0	0,0	ERA5
1065057	01/07/2025	09	01/07/2025	05	HAE	16,6	0	16,4	0	99,0	0	9,0	0	200,0	0	958,0	0	0,0	ERA5
1065058	01/07/2025	10	01/07/2025	06	HAE	17,4	0	17,1	0	98,0	0	13,0	0	220,0	0	959,0	0	38,7	ERA5
1065059	01/07/2025	11	01/07/2025	07	HAE	17,9	0	17,4	0	97,0	0	9,0	0	250,0	0	958,0	0	169,4	ERA5
1065060	01/07/2025	12	01/07/2025	08	HAE	19,0	0	18,0	0	94,0	0	13,0	0	230,0	0	958,0	0	352,8	ERA5
1065061	01/07/2025	13	01/07/2025	09	HAE	19,4	0	17,6	0	89,0	0	9,0	0	200,0	0	958,0	0	595,5	ERA5
1065062	01/07/2025	14	01/07/2025	10	HAE	19,9	0	17,6	0	86,0	0	18,0	0	200,0	0	958,0	0	1043,2	ERA5
1065063	01/07/2025	15	01/07/2025	11	HAE	20,7	0	17,8	0	83,0	0	13,0	0	230,0	0	958,0	0	1371,5	ERA5
1065064	01/07/2025	16	01/07/2025	12	HAE	22,2	0	16,2	0	68,0	0	22,0	0	230,0	0	957,0	0	2141,6	ERA5
1065065	01/07/2025	17	01/07/2025	13	HAE	23,5	0	16,5	0	64,0	0	17,0	0	280,0	0	957,0	0	1682,6	ERA5
1065066	01/07/2025	18	01/07/2025	14	HAE	22,9	0	16,4	0	66,0	0	13,0	0	230,0	0	957,0	0	1691,2	ERA5
1065067	01/07/2025	19	01/07/2025	15	HAE	24,7	0	13,4	0	49,0	0	32,0	0	230,0	0	956,0	0	2098,9	ERA5
1065068	01/07/2025	20	01/07/2025	16	HAE	23,6	0	13,3	0	52,0	0	18,0	0	260,0	0	956,0	0	1907,6	ERA5
1065069	01/07/2025	21	01/07/2025	17	HAE	17,4	0	16,3	0	93,0	0	9,0	0	280,0	0	958,0	0	1393,9	ERA5
1065070	01/07/2025	22	01/07/2025	18	HAE	18,4	0	17,1	0	92,0	0	13,0	0	240,0	0	957,0	0	1391,6	ERA5
1065071	01/07/2025	23	01/07/2025	19	HAE	19,4	0	15,5	0	78,0	0	13,0	0	280,0	0	957,0	0	873,1	ERA5
1065072	02/07/2025	00	01/07/2025	20	HAE	19,1	0	15,2	0	78,0	0	11,0	0	270,0	0	958,0	0	504,2	ERA5
1065073	02/07/2025	01	01/07/2025	21	HAE	17,1	0	15,1	0	88,0	0	8,0	0	220,0	0	958,0	0	134,4	ERA5
1065074	02/07/2025	02	01/07/2025	22	HAE	15,2	0	14,7	0	97,0	0	8,0	0	230,0	0	958,0	0	0,2	ERA5
1065075	02/07/2025	03	01/07/2025	23	HAE	15,4	0	14,5	0	94,0	0	9,0	0	230,0	0	958,0	0	0,0	ERA5
1065076	02/07/2025	04	02/07/2025	00	HAE	15,1	0	14,5	0	96,0	0	9,0	0	240,0	0	958,0	0	0,0	ERA5
1065077	02/07/2025	05	02/07/2025	01	HAE	13,6	0	13,5	0	99,0	0	8,0	0	200,0	0	958,0	0	0,0	ERA5
1065078	02/07/2025	06	02/07/2025	02	HAE	14,0	0	13,9	0	99,0	0	9,0	0	180,0	0	958,0	0	0,0	ERA5
1065079	02/07/2025	07	02/07/2025	03	HAE	14,4	0	13,3	0	93,0	0	13,0	0	270,0	0	958,0	0	0,0	ERA5
1065080	02/07/2025	08	02/07/2025	04	HAE	13,3	0	13,0	0	98,0	0	8,0	0	210,0	0	958,0	0	0,0	ERA5
1065081	02/07/2025	09	02/07/2025	05	HAE	13,7	0	13,4	0	98,0	0	9,0	0	180,0	0	958,0	0	0,0	ERA5
1065082	02/07/2025	10	02/07/2025	06	HAE	14,5	0	14,2	0	98,0	0	11,0	0	220,0	0	958,0	0	75,3	ERA5
1065083	02/07/2025	11	02/07/2025	07	HAE	15,0	0	14,4	0	96,0	0	17,0	0	250,0	0	958,0	0	209,4	ERA5
1065084	02/07/2025	12	02/07/2025	08	HAE	14,9	0	14,1	0	95,0	0	17,0	0	250,0	0	959,0	0	391,6	ERA5
1065085	02/07/2025	13	02/07/2025	09	HAE	15,1	0	13,8	0	92,0	0	13,0	0	250,0	0	959,0	0	1147,6	ERA5
1065086	02/07/2025	14	02/07/2025	10	HAE	16,5	0	13,6	0	83,0	0	22,0	0	260,0	0	959,0	0	1117,1	ERA5
1065087	02/07/2025	15	02/07/2025	11	HAE	16,1	0	13,8	0	86,0	0	24,0	0	250,0	0	959,0	0	1574,9	ERA5
1065088	02/07/2025	16	02/07/2025	12	HAE	17,2	0	13,3	0	78,0	0	26,0	0	240,0	0	959,0	0	1937,1	ERA5
1065089	02/07/2025	17	02/07/2025	13	HAE	17,3	0	12,9	0	75,0	0	24,0	0	240,0	0	960,0	0	2363,0	ERA5
1065090	02/07/2025	18	02/07/2025	14	HAE	19,1	0	13,4	0	69,0	0	18,0	0	240,0	0	960,0	0	2162,1	ERA5
1065091	02/07/2025	19	02/07/2025	15	HAE	20,9	0	13,9	0	64,0	0	21,0	0	210,0	0	959,0	0	2370,9	ERA5
1065092	02/07/2025	20	02/07/2025	16	HAE	21,1	0	12,4	0	57,0	0	21,0	0	240,0	0	959,0	0	2371,0	ERA5
1065093	02/07/2025	21	02/07/2025	17	HAE	19,8	0	12,3	0	62,0	0	11,0	0	270,0	0	960,0	0	1373,4	ERA5
1065094	02/07/2025	22	02/07/2025	18	HAE	14,8	0	13,2	0	90,0	0	4,0	0	0,0	0	960,0	0	803,0	ERA5
1065095	02/07/2025	23	02/07/2025	19	HAE	14,5	0	14,0	0	97,0	0	9,0	0	250,0	0	961,0	0	654,1	ERA5
1065096	03/07/2025	00	02/07/2025	20	HAE	14,2	0	13,4	0	95,0	0	9,0	0	210,0	0	961,0	0	484,1	ERA5
1065097	03/07/2025	01	02/07/2025	21	HAE	14,1	0	13,2	0	94,0	0	11,0	0	240,0	0	961,0	0	112,4	ERA5
1065098	03/07/2025	02	02/07/2025	22	HAE	13,8	0	13,0	0	95,0	0	9,0	0	270,0	0	962,0	0	0,1	ERA5
1065099	03/07/2025	03	02/07/2025	23	HAE	13,5	0	12,6	0	94,0	0	5,0	0	260,0	0	962,0	0	-0,0	ERA5
1065100	03/07/2025	04	03/07/2025	00	HAE	12,5	0	11,6	0	94,0	0	5,0	0	260,0	0	962,0	0	0,0	ERA5
1065101	03/07/2025	05	03/07/2025	01	HAE	12,2	0	11,3	0	94,0	0	5,0	0	250,0	0	962,0	0	0,0	ERA5
1065102	03/07/2025	06	03/07/2025	02	HAE	11,6	0	11,0	0	96,0	0	8,0	0	250,0	0	962,0	0	0,0	ERA5
1065103	03/07/2025	07	03/07/2025	03	HAE	10,8	0	10,4	0	97,0	0	8,0	0	240,0	0	962,0	0	0,0	ERA5
1065104	03/07/2025	08	03/07/2025	04	HAE	9,8	0	9,4	0	97,0	0	9,0	0	250,0	0	962,0	0	0,0	ERA5
1065105	03/07/2025	09	03/07/2025	05	HAE	9,0	0	8,9	0	99,0	0	8,0	0	250,0	0	963,0	0	0,0	ERA5
1065106	03/07/2025	10	03/07/2025	06	HAE	9,6	0	9,3	0	98,0	0	13,0	0	280,0	0	963,0	0	100,0	ERA5
1065107	03/07/2025	11	03/07/2025	07	HAE	10,1	0	9,1	0	94,0	0	8,0	0	280,0	0	964,0	0	451,2	ERA5
1065108	03/07/2025	12	03/07/2025	08	HAE	10,8	0	8,9	0	88,0	0	9,0	0	270,0	0	964,0	0	851,4	ERA5
1065109	03/07/2025	13	03/07/2025	09	HAE	10,7	0	8,5	0	86,0	0	13,0	0	290,0	0	964,0	0	1154,2	ERA5
1065110	03/07/2025	14	03/07/2025	10	HAE	10,3	0	7,9	0	85,0	0	17,0	0	240,0	0	965,0	0	1562,0	ERA5
1065111	03/07/2025	15	03/07/2025	11	HAE	9,8	0	8,1	0	89,0	0	11,0	0	270,0	0	965,0	0	1593,8	ERA5
1065112	03/07/2025	16	03/07/2025	12	HAE	9,9	0	8,8	0	93,0	0	9,0	0	270,0	0	965,0	0	1455,0	ERA5
1065113	03/07/2025	17	03/07/2025	13	HAE	10,4	0	8,6	0	89,0	0	9,0	0	310,0	0	965,0	0	1348,8	ERA5
1065114	03/07/2025	18	03/07/2025	14	HAE	12,8	0	9,6	0	81,0	0	9,0	0	320,0	0	965,0	0	638,8	ERA5
1065115	03/07/2025	19	03/07/2025	15	HAE	13,1	0	8,0	0	71,0	0	11,0	0	300,0	0	965,0	0	1202,7	ERA5
1065116	03/07/2025	20	03/07/2025	16	HAE	13,9	0	8,1	0	68,0	0	9,0	0	270,0	0	965,0	0	1348,1	ERA5
1065117	03/07/2025	21	03/07/2025	17	HAE	14,9	0	7,9	0	63,0	0	13,0	0	280,0	0	965,0	0	1138,3	ERA5
1065118	03/07/2025	22	03/07/2025	18	HAE	14,9	0	8,5	0	65,0	0	11,0	0	310,0	0	965,0	0	961,0	ERA5
1065119	03/07/2025	23	03/07/2025	19	HAE	13,9	0	9,4	0	74,0	0	8,0	0	310,0	0	966,0	0	526,2	ERA5
1065120	04/07/2025	00	03/07/2025	20	HAE	13,4	0	9,4	0	77,0	0	5,0	0	280,0	0	967,0	0	276,4	ERA5
1065121	04/07/2025	01	03/07/2025	21	HAE	12,6	0	10,2	0	85,0	0	5,0	0	290,0	0	967,0	0	95,1	ERA5
1065122	04/07/2025	02	03/07/2025	22	HAE	11,5	0	10,1	0	91,0	0	8,0	0	280,0	0	968,0	0	0,1	ERA5
1065123	04/07/2025	03	03/07/2025	23	HAE	11,5	0	10,6	0	94,0	0	5,0	0	290,0	0	968,0	0	0,0	ERA5
1065124	04/07/2025	04	04/07/2025	00	HAE	11,7	0	10,3	0	91,0	0	13,0	0	330,0	0	968,0	0	0,0	ERA5
1065125	04/07/2025	05	04/07/2025	01	HAE	11,6	0	10,7	0	94,0	0	9,0	0	280,0	0	968,0	0	0,0	ERA5
1065126	04/07/2025	06	04/07/2025	02	HAE	11,2	0	10,4	0	95,0	0	9,0	0	310,0	0	969,0	0	-0,0	ERA5
1065127	04/07/2025	07	04/07/2025	03	HAE	11,3	0	10,5	0	95,0	0	9,0	0	290,0	0	969,0	0	0,0	ERA5
1065128	04/07/2025	08	04/07/2025	04	HAE	11,1	0	10,3	0	95,0	0	8,0	0	300,0	0	970,0	0	0,0	ERA5
1065129	04/07/2025	09	04/07/2025	05	HAE	10,9	0	10,3	0	96,0	0	11,0	0	300,0	0	970,0	0	0,0	ERA5
1065130	04/07/2025	10	04/07/2025	06	HAE	11,2	0	10,5	0	96,0	0	9,0	0	300,0	0	970,0	0	106,2	ERA5
1065131	04/07/2025	11	04/07/2025	07	HAE	11,9	0	10,9	0	94,0	0	13,0	0	300,0	0	971,0	0	541,4	ERA5
1065132	04/07/2025	12	04/07/2025	08	HAE	12,0	0	10,4	0	90,0	0	17,0	0	280,0	0	971,0	0	1151,4	ERA5
1065133	04/07/2025	13	04/07/2025	09	HAE	14,2	0	10,9	0	81,0	0	8,0	0	320,0	0	972,0	0	1711,5	ERA5
1065134	04/07/2025	14	04/07/2025	10	HAE	16,3	0	11,8	0	74,0	0	8,0	0	0,0	0	972,0	0	2327,4	ERA5
1065135	04/07/2025	15	04/07/2025	11	HAE	18,5	0	11,2	0	62,0	0	13,0	0	320,0	0	972,0	0	2786,3	ERA5
1065136	04/07/2025	16	04/07/2025	12	HAE	20,3	0	9,9	0	51,0	0	11,0	0	300,0	0	972,0	0	2922,7	ERA5
1065137	04/07/2025	17	04/07/2025	13	HAE	21,9	0	9,1	0	44,0	0	11,0	0	350,0	0	972,0	0	3192,3	ERA5
1065138	04/07/2025	18	04/07/2025	14	HAE	22,3	0	7,5	0	38,0	0	11,0	0	280,0	0	971,0	0	3243,5	ERA5
1065139	04/07/2025	19	04/07/2025	15	HAE	23,2	0	6,7	0	34,0	0	17,0	0	300,0	0	971,0	0	2866,1	ERA5
1065140	04/07/2025	20	04/07/2025	16	HAE	23,9	0	5,8	0	31,0	0	18,0	0	300,0	0	971,0	0	2537,9	ERA5
1065141	04/07/2025	21	04/07/2025	17	HAE	23,6	0	5,5	0	31,0	0	15,0	0	300,0	0	971,0	0	2072,2	ERA5
1065142	04/07/2025	22	04/07/2025	18	HAE	23,9	0	6,1	0	31,0	0	11,0	0	310,0	0	970,0	0	1631,6	ERA5
1065143	04/07/2025	23	04/07/2025	19	HAE	23,3	0	6,0	0	32,0	0	13,0	0	250,0	0	970,0	0	1156,9	ERA5
1065144	05/07/2025	00	04/07/2025	20	HAE	22,4	0	6,5	0	35,0	0	8,0	0	270,0	0	970,0	0	553,3	ERA5
1065145	05/07/2025	01	04/07/2025	21	HAE	17,6	0	11,5	0	67,0	0	4,0	0	250,0	0	970,0	0	135,2	ERA5
1065146	05/07/2025	02	04/07/2025	22	HAE	15,3	0	10,3	0	72,0	0	4,0	0	0,0	0	971,0	0	0,1	ERA5
1065147	05/07/2025	03	04/07/2025	23	HAE	16,9	0	9,2	0	60,0	0	9,0	0	240,0	0	971,0	0	0,0	ERA5
1065148	05/07/2025	04	05/07/2025	00	HAE	18,1	0	8,8	0	54,0	0	9,0	0	230,0	0	971,0	0	0,0	ERA5
1065149	05/07/2025	05	05/07/2025	01	HAE	15,6	0	10,5	0	72,0	0	8,0	0	210,0	0	971,0	0	0,0	ERA5
1065150	05/07/2025	06	05/07/2025	02	HAE	15,7	0	10,5	0	71,0	0	8,0	0	200,0	0	971,0	0	0,0	ERA5
1065151	05/07/2025	07	05/07/2025	03	HAE	14,5	0	10,9	0	79,0	0	9,0	0	180,0	0	970,0	0	0,0	ERA5
1065152	05/07/2025	08	05/07/2025	04	HAE	14,0	0	10,7	0	80,0	0	8,0	0	170,0	0	970,0	0	0,0	ERA5
1065153	05/07/2025	09	05/07/2025	05	HAE	12,8	0	10,2	0	84,0	0	11,0	0	180,0	0	970,0	0	0,0	ERA5
1065154	05/07/2025	10	05/07/2025	06	HAE	14,0	0	11,0	0	82,0	0	11,0	0	170,0	0	970,0	0	119,2	ERA5
1065155	05/07/2025	11	05/07/2025	07	HAE	15,9	0	11,6	0	76,0	0	15,0	0	180,0	0	969,0	0	544,8	ERA5
1065156	05/07/2025	12	05/07/2025	08	HAE	18,1	0	11,8	0	66,0	0	17,0	0	180,0	0	969,0	0	1067,9	ERA5
1065157	05/07/2025	13	05/07/2025	09	HAE	20,1	0	11,4	0	57,0	0	22,0	0	190,0	0	968,0	0	1562,2	ERA5
1065158	05/07/2025	14	05/07/2025	10	HAE	21,0	0	11,8	0	55,0	0	22,0	0	190,0	0	968,0	0	1973,1	ERA5
1065159	05/07/2025	15	05/07/2025	11	HAE	19,4	0	11,3	0	59,0	0	21,0	0	190,0	0	968,0	0	2441,0	ERA5
1065160	05/07/2025	16	05/07/2025	12	HAE	19,3	0	11,0	0	58,0	0	26,0	0	190,0	0	967,0	0	2787,6	ERA5
1065161	05/07/2025	17	05/07/2025	13	HAE	17,0	0	12,6	0	75,0	0	21,0	0	190,0	0	967,0	0	2809,8	ERA5
1065162	05/07/2025	18	05/07/2025	14	HAE	15,2	0	14,3	0	94,0	0	18,0	0	160,0	0	966,0	0	2063,4	ERA5
1065163	05/07/2025	19	05/07/2025	15	HAE	15,7	0	14,8	0	94,0	0	22,0	0	170,0	0	965,0	0	576,7	ERA5
1065164	05/07/2025	20	05/07/2025	16	HAE	16,3	0	15,4	0	94,0	0	18,0	0	170,0	0	965,0	0	275,6	ERA5
1065165	05/07/2025	21	05/07/2025	17	HAE	17,3	0	16,2	0	93,0	0	21,0	0	170,0	0	963,0	0	170,3	ERA5
1065166	05/07/2025	22	05/07/2025	18	HAE	17,9	0	16,6	0	92,0	0	18,0	0	190,0	0	964,0	0	361,7	ERA5
1065167	05/07/2025	23	05/07/2025	19	HAE	18,0	0	17,0	0	94,0	0	17,0	0	170,0	0	963,0	0	284,5	ERA5
1065168	06/07/2025	00	05/07/2025	20	HAE	17,8	0	17,5	0	98,0	0	15,0	0	190,0	0	963,0	0	123,6	ERA5
1065169	06/07/2025	01	05/07/2025	21	HAE	18,3	0	18,0	0	98,0	0	17,0	0	180,0	0	962,0	0	13,4	ERA5
1065170	06/07/2025	02	05/07/2025	22	HAE	18,2	0	17,9	0	98,0	0	17,0	0	170,0	0	962,0	0	0,0	ERA5
1065171	06/07/2025	03	05/07/2025	23	HAE	18,2	0	17,9	0	98,0	0	13,0	0	180,0	0	962,0	0	0,0	ERA5
1065172	06/07/2025	04	06/07/2025	00	HAE	18,5	0	18,2	0	98,0	0	13,0	0	210,0	0	961,0	0	0,0	ERA5
1065173	06/07/2025	05	06/07/2025	01	HAE	18,7	0	18,4	0	98,0	0	15,0	0	230,0	0	961,0	0	0,0	ERA5
1065174	06/07/2025	06	06/07/2025	02	HAE	18,9	0	18,6	0	98,0	0	15,0	0	250,0	0	961,0	0	-0,0	ERA5
1065175	06/07/2025	07	06/07/2025	03	HAE	18,6	0	18,3	0	98,0	0	9,0	0	280,0	0	962,0	0	0,0	ERA5
1065176	06/07/2025	08	06/07/2025	04	HAE	18,2	0	17,9	0	98,0	0	8,0	0	280,0	0	962,0	0	0,0	ERA5
1065177	06/07/2025	09	06/07/2025	05	HAE	17,4	0	17,2	0	99,0	0	5,0	0	270,0	0	962,0	0	0,0	ERA5
1065178	06/07/2025	10	06/07/2025	06	HAE	17,3	0	17,1	0	99,0	0	8,0	0	260,0	0	963,0	0	21,2	ERA5
1065179	06/07/2025	11	06/07/2025	07	HAE	17,3	0	16,7	0	96,0	0	13,0	0	300,0	0	964,0	0	88,5	ERA5
1065180	06/07/2025	12	06/07/2025	08	HAE	16,7	0	15,4	0	92,0	0	17,0	0	310,0	0	964,0	0	192,5	ERA5
1065181	06/07/2025	13	06/07/2025	09	HAE	15,6	0	13,4	0	87,0	0	17,0	0	320,0	0	965,0	0	523,9	ERA5
1065182	06/07/2025	14	06/07/2025	10	HAE	13,9	0	11,5	0	85,0	0	22,0	0	320,0	0	966,0	0	590,2	ERA5
1065183	06/07/2025	15	06/07/2025	11	HAE	14,9	0	9,6	0	70,0	0	17,0	0	310,0	0	967,0	0	857,0	ERA5
1065184	06/07/2025	16	06/07/2025	12	HAE	16,2	0	11,2	0	72,0	0	18,0	0	330,0	0	967,0	0	1055,4	ERA5
1065185	06/07/2025	17	06/07/2025	13	HAE	17,2	0	9,2	0	59,0	0	21,0	0	300,0	0	967,0	0	1299,1	ERA5
1065186	06/07/2025	18	06/07/2025	14	HAE	17,7	0	8,7	0	55,0	0	17,0	0	340,0	0	967,0	0	1887,2	ERA5
1065187	06/07/2025	19	06/07/2025	15	HAE	17,8	0	8,3	0	53,0	0	15,0	0	350,0	0	968,0	0	1841,8	ERA5
1065188	06/07/2025	20	06/07/2025	16	HAE	18,2	0	6,8	0	47,0	0	24,0	0	340,0	0	968,0	0	2156,6	ERA5
1065189	06/07/2025	21	06/07/2025	17	HAE	18,0	0	7,4	0	50,0	0	13,0	0	340,0	0	969,0	0	1847,5	ERA5
1065190	06/07/2025	22	06/07/2025	18	HAE	18,3	0	5,4	0	42,0	0	13,0	0	340,0	0	969,0	0	1468,9	ERA5
1065191	06/07/2025	23	06/07/2025	19	HAE	18,1	0	3,8	0	38,0	0	21,0	0	340,0	0	969,0	0	909,5	ERA5
1065192	07/07/2025	00	06/07/2025	20	HAE	17,3	0	4,9	0	44,0	0	15,0	0	350,0	0	970,0	0	500,8	ERA5
1065193	07/07/2025	01	06/07/2025	21	HAE	15,3	0	5,3	0	51,0	0	9,0	0	350,0	0	970,0	0	117,1	ERA5
1065194	07/07/2025	02	06/07/2025	22	HAE	13,0	0	5,7	0	61,0	0	8,0	0	20,0	0	971,0	0	0,1	ERA5
1065195	07/07/2025	03	06/07/2025	23	HAE	11,8	0	5,7	0	66,0	0	8,0	0	20,0	0	971,0	0	-0,0	ERA5
1065196	07/07/2025	04	07/07/2025	00	HAE	11,7	0	5,8	0	67,0	0	11,0	0	10,0	0	971,0	0	0,0	ERA5
1065197	07/07/2025	05	07/07/2025	01	HAE	11,5	0	5,4	0	66,0	0	9,0	0	10,0	0	971,0	0	0,0	ERA5
1065198	07/07/2025	06	07/07/2025	02	HAE	10,6	0	5,2	0	69,0	0	9,0	0	10,0	0	971,0	0	0,0	ERA5
1065199	07/07/2025	07	07/07/2025	03	HAE	9,4	0	6,3	0	81,0	0	0,0	0	0,0	0	971,0	0	0,0	ERA5
1065200	07/07/2025	08	07/07/2025	04	HAE	8,9	0	6,4	0	84,0	0	9,0	0	310,0	0	971,0	0	0,0	ERA5
1065201	07/07/2025	09	07/07/2025	05	HAE	8,4	0	7,0	0	91,0	0	5,0	0	340,0	0	971,0	0	0,0	ERA5
1065202	07/07/2025	10	07/07/2025	06	HAE	8,9	0	6,5	0	85,0	0	5,0	0	20,0	0	972,0	0	78,9	ERA5
1065203	07/07/2025	11	07/07/2025	07	HAE	11,2	0	7,3	0	77,0	0	9,0	0	10,0	0	972,0	0	350,7	ERA5
1065204	07/07/2025	12	07/07/2025	08	HAE	13,4	0	7,9	0	69,0	0	11,0	0	50,0	0	972,0	0	725,9	ERA5
1065205	07/07/2025	13	07/07/2025	09	HAE	15,7	0	7,5	0	58,0	0	11,0	0	70,0	0	972,0	0	1293,7	ERA5
1065206	07/07/2025	14	07/07/2025	10	HAE	16,7	0	6,1	0	49,0	0	11,0	0	80,0	0	972,0	0	1853,7	ERA5
1065207	07/07/2025	15	07/07/2025	11	HAE	17,3	0	4,4	0	42,0	0	8,0	0	170,0	0	971,0	0	2467,4	ERA5
1065208	07/07/2025	16	07/07/2025	12	HAE	18,2	0	3,1	0	36,0	0	5,0	0	0,0	0	971,0	0	3010,9	ERA5
1065209	07/07/2025	17	07/07/2025	13	HAE	19,4	0	5,3	0	39,0	0	8,0	0	0,0	0	971,0	0	3272,3	ERA5
1065210	07/07/2025	18	07/07/2025	14	HAE	20,2	0	5,9	0	39,0	0	11,0	0	350,0	0	971,0	0	3206,7	ERA5
1065211	07/07/2025	19	07/07/2025	15	HAE	21,0	0	5,8	0	37,0	0	8,0	0	0,0	0	970,0	0	3111,6	ERA5
1065212	07/07/2025	20	07/07/2025	16	HAE	21,7	0	6,5	0	37,0	0	5,0	0	0,0	0	970,0	0	2782,7	ERA5
1065213	07/07/2025	21	07/07/2025	17	HAE	22,4	0	5,1	0	32,0	0	5,0	0	340,0	0	969,0	0	2315,0	ERA5
1065214	07/07/2025	22	07/07/2025	18	HAE	21,8	0	6,6	0	37,0	0	13,0	0	30,0	0	969,0	0	1708,9	ERA5
1065215	07/07/2025	23	07/07/2025	19	HAE	20,5	0	7,3	0	42,0	0	8,0	0	360,0	0	970,0	0	1139,4	ERA5
1065216	08/07/2025	00	07/07/2025	20	HAE	20,3	0	7,1	0	42,0	0	11,0	0	20,0	0	970,0	0	623,3	ERA5
1065217	08/07/2025	01	07/07/2025	21	HAE	18,3	0	6,2	0	45,0	0	11,0	0	360,0	0	970,0	0	154,7	ERA5
1065218	08/07/2025	02	07/07/2025	22	HAE	16,5	0	6,2	0	50,0	0	9,0	0	350,0	0	971,0	0	0,0	ERA5
1065219	08/07/2025	03	07/07/2025	23	HAE	15,9	0	5,9	0	51,0	0	15,0	0	10,0	0	972,0	0	0,0	ERA5
1065220	08/07/2025	04	08/07/2025	00	HAE	14,6	0	6,2	0	57,0	0	13,0	0	360,0	0	972,0	0	0,0	ERA5
1065221	08/07/2025	05	08/07/2025	01	HAE	13,3	0	6,2	0	62,0	0	11,0	0	10,0	0	972,0	0	0,0	ERA5
1065222	08/07/2025	06	08/07/2025	02	HAE	12,4	0	6,2	0	66,0	0	11,0	0	10,0	0	972,0	0	0,0	ERA5
1065223	08/07/2025	07	08/07/2025	03	HAE	10,9	0	7,5	0	79,0	0	8,0	0	350,0	0	973,0	0	0,0	ERA5
1065224	08/07/2025	08	08/07/2025	04	HAE	9,6	0	6,7	0	82,0	0	4,0	0	0,0	0	973,0	0	0,0	ERA5
1065225	08/07/2025	09	08/07/2025	05	HAE	8,9	0	6,5	0	85,0	0	5,0	0	10,0	0	973,0	0	0,0	ERA5
1065226	08/07/2025	10	08/07/2025	06	HAE	8,1	0	6,2	0	88,0	0	0,0	0	0,0	0	974,0	0	119,3	ERA5
1065227	08/07/2025	11	08/07/2025	07	HAE	13,9	0	9,0	0	72,0	0	5,0	0	30,0	0	974,0	0	567,8	ERA5
1065228	08/07/2025	12	08/07/2025	08	HAE	16,2	0	8,7	0	61,0	0	5,0	0	60,0	0	974,0	0	1148,1	ERA5
1065229	08/07/2025	13	08/07/2025	09	HAE	18,0	0	8,2	0	52,0	0	13,0	0	40,0	0	974,0	0	1754,3	ERA5
1065230	08/07/2025	14	08/07/2025	10	HAE	19,2	0	7,7	0	47,0	0	15,0	0	80,0	0	975,0	0	2311,3	ERA5
1065231	08/07/2025	15	08/07/2025	11	HAE	20,0	0	7,7	0	45,0	0	11,0	0	90,0	0	975,0	0	2774,7	ERA5
1065232	08/07/2025	16	08/07/2025	12	HAE	21,3	0	8,2	0	43,0	0	13,0	0	340,0	0	974,0	0	3102,1	ERA5
1065233	08/07/2025	17	08/07/2025	13	HAE	20,8	0	7,9	0	43,0	0	4,0	0	0,0	0	974,0	0	2888,7	ERA5
1065234	08/07/2025	18	08/07/2025	14	HAE	22,6	0	6,9	0	36,0	0	5,0	0	0,0	0	974,0	0	2952,9	ERA5
1065235	08/07/2025	19	08/07/2025	15	HAE	22,9	0	5,8	0	33,0	0	8,0	0	50,0	0	973,0	0	2723,2	ERA5
1065236	08/07/2025	20	08/07/2025	16	HAE	23,0	0	6,3	0	34,0	0	9,0	0	70,0	0	973,0	0	2285,7	ERA5
1065237	08/07/2025	21	08/07/2025	17	HAE	22,1	0	6,2	0	35,0	0	5,0	0	100,0	0	973,0	0	1720,1	ERA5
1065238	08/07/2025	22	08/07/2025	18	HAE	22,6	0	5,9	0	34,0	0	5,0	0	0,0	0	972,0	0	1454,0	ERA5
1065239	08/07/2025	23	08/07/2025	19	HAE	22,9	0	5,6	0	32,0	0	4,0	0	0,0	0	972,0	0	960,2	ERA5
1065240	09/07/2025	00	08/07/2025	20	HAE	21,8	0	7,5	0	39,0	0	4,0	0	320,0	0	972,0	0	523,3	ERA5
1065241	09/07/2025	01	08/07/2025	21	HAE	17,4	0	10,7	0	64,0	0	0,0	0	0,0	0	972,0	0	127,9	ERA5
1065242	09/07/2025	02	08/07/2025	22	HAE	16,6	0	9,5	0	63,0	0	4,0	0	20,0	0	972,0	0	-0,0	ERA5
1065243	09/07/2025	03	08/07/2025	23	HAE	12,6	0	9,0	0	79,0	0	0,0	0	0,0	0	972,0	0	0,0	ERA5
1065244	09/07/2025	04	09/07/2025	00	HAE	12,5	0	9,9	0	84,0	0	0,0	0	0,0	0	972,0	0	0,0	ERA5
1065245	09/07/2025	05	09/07/2025	01	HAE	14,1	0	11,0	0	81,0	0	0,0	0	0,0	0	972,0	0	0,0	ERA5
1065246	09/07/2025	06	09/07/2025	02	HAE	12,5	0	9,9	0	84,0	0	5,0	0	340,0	0	972,0	0	0,0	ERA5
1065247	09/07/2025	07	09/07/2025	03	HAE	13,0	0	10,0	0	82,0	0	4,0	0	310,0	0	972,0	0	0,0	ERA5
1065248	09/07/2025	08	09/07/2025	04	HAE	13,1	0	11,5	0	90,0	0	4,0	0	50,0	0	972,0	0	0,0	ERA5
1065249	09/07/2025	09	09/07/2025	05	HAE	12,4	0	10,7	0	89,0	0	5,0	0	340,0	0	972,0	0	0,0	ERA5
1065250	09/07/2025	10	09/07/2025	06	HAE	13,6	0	11,2	0	85,0	0	4,0	0	0,0	0	972,0	0	69,2	ERA5
1065251	09/07/2025	11	09/07/2025	07	HAE	15,1	0	11,1	0	77,0	0	5,0	0	320,0	0	972,0	0	275,4	ERA5
1065252	09/07/2025	12	09/07/2025	08	HAE	17,7	0	11,2	0	66,0	0	5,0	0	340,0	0	972,0	0	793,8	ERA5
1065253	09/07/2025	13	09/07/2025	09	HAE	18,9	0	10,4	0	58,0	0	5,0	0	340,0	0	973,0	0	1333,6	ERA5
1065254	09/07/2025	14	09/07/2025	10	HAE	19,5	0	11,0	0	58,0	0	5,0	0	330,0	0	973,0	0	1693,0	ERA5
1065255	09/07/2025	15	09/07/2025	11	HAE	20,7	0	9,5	0	48,0	0	5,0	0	70,0	0	972,0	0	1735,5	ERA5
1065256	09/07/2025	16	09/07/2025	12	HAE	22,4	0	10,4	0	46,0	0	8,0	0	60,0	0	972,0	0	2479,2	ERA5
1065257	09/07/2025	17	09/07/2025	13	HAE	23,8	0	8,9	0	38,0	0	13,0	0	20,0	0	972,0	0	2315,0	ERA5
1065258	09/07/2025	18	09/07/2025	14	HAE	23,3	0	8,6	0	39,0	0	11,0	0	350,0	0	971,0	0	1989,1	ERA5
1065259	09/07/2025	19	09/07/2025	15	HAE	24,0	0	8,9	0	38,0	0	5,0	0	0,0	0	971,0	0	1661,5	ERA5
1065260	09/07/2025	20	09/07/2025	16	HAE	23,6	0	8,6	0	38,0	0	5,0	0	350,0	0	971,0	0	1424,6	ERA5
1065261	09/07/2025	21	09/07/2025	17	HAE	23,6	0	8,0	0	36,0	0	8,0	0	70,0	0	971,0	0	978,9	ERA5
1065262	09/07/2025	22	09/07/2025	18	HAE	23,4	0	8,8	0	39,0	0	0,0	0	0,0	0	971,0	0	1074,2	ERA5
1065263	09/07/2025	23	09/07/2025	19	HAE	23,9	0	9,7	0	40,0	0	11,0	0	70,0	0	971,0	0	478,2	ERA5
1065264	10/07/2025	00	09/07/2025	20	HAE	21,4	0	10,8	0	51,0	0	17,0	0	40,0	0	971,0	0	378,1	ERA5
1065265	10/07/2025	01	09/07/2025	21	HAE	18,2	0	11,6	0	65,0	0	9,0	0	60,0	0	971,0	0	106,3	ERA5
1065266	10/07/2025	02	09/07/2025	22	HAE	17,2	0	12,0	0	71,0	0	9,0	0	50,0	0	971,0	0	0,0	ERA5
1065267	10/07/2025	03	09/07/2025	23	HAE	16,9	0	11,9	0	72,0	0	8,0	0	50,0	0	971,0	0	-0,0	ERA5
1065268	10/07/2025	04	10/07/2025	00	HAE	16,4	0	11,6	0	73,0	0	8,0	0	40,0	0	971,0	0	0,0	ERA5
1065269	10/07/2025	05	10/07/2025	01	HAE	16,5	0	11,3	0	71,0	0	11,0	0	40,0	0	971,0	0	0,0	ERA5
1065270	10/07/2025	06	10/07/2025	02	HAE	16,6	0	11,4	0	71,0	0	8,0	0	30,0	0	971,0	0	0,0	ERA5
1065271	10/07/2025	07	10/07/2025	03	HAE	16,6	0	11,7	0	72,0	0	8,0	0	50,0	0	971,0	0	0,0	ERA5
1065272	10/07/2025	08	10/07/2025	04	HAE	16,8	0	12,1	0	74,0	0	5,0	0	50,0	0	971,0	0	0,0	ERA5
1065273	10/07/2025	09	10/07/2025	05	HAE	16,3	0	11,9	0	75,0	0	13,0	0	180,0	0	971,0	0	0,0	ERA5
1065274	10/07/2025	10	10/07/2025	06	HAE	15,8	0	12,8	0	82,0	0	8,0	0	120,0	0	971,0	0	89,0	ERA5
1065275	10/07/2025	11	10/07/2025	07	HAE	15,3	0	13,8	0	90,0	0	9,0	0	210,0	0	972,0	0	454,5	ERA5
1065276	10/07/2025	12	10/07/2025	08	HAE	15,3	0	14,2	0	93,0	0	5,0	0	310,0	0	972,0	0	894,0	ERA5
1065277	10/07/2025	13	10/07/2025	09	HAE	15,8	0	14,3	0	91,0	0	11,0	0	320,0	0	971,0	0	1382,2	ERA5
1065278	10/07/2025	14	10/07/2025	10	HAE	17,2	0	14,6	0	85,0	0	9,0	0	350,0	0	971,0	0	1972,0	ERA5
1065279	10/07/2025	15	10/07/2025	11	HAE	17,9	0	14,4	0	80,0	0	8,0	0	10,0	0	971,0	0	2466,2	ERA5
1065280	10/07/2025	16	10/07/2025	12	HAE	18,7	0	14,0	0	74,0	0	9,0	0	340,0	0	971,0	0	2535,8	ERA5
1065281	10/07/2025	17	10/07/2025	13	HAE	19,1	0	15,4	0	79,0	0	4,0	0	0,0	0	971,0	0	2620,9	ERA5
1065282	10/07/2025	18	10/07/2025	14	HAE	17,8	0	16,2	0	90,0	0	8,0	0	220,0	0	971,0	0	2883,1	ERA5
1065283	10/07/2025	19	10/07/2025	15	HAE	17,9	0	16,0	0	89,0	0	5,0	0	250,0	0	971,0	0	1735,4	ERA5
1065284	10/07/2025	20	10/07/2025	16	HAE	18,2	0	16,6	0	90,0	0	8,0	0	120,0	0	970,0	0	1103,8	ERA5
1065285	10/07/2025	21	10/07/2025	17	HAE	19,0	0	14,7	0	76,0	0	15,0	0	120,0	0	970,0	0	1257,8	ERA5
1065286	10/07/2025	22	10/07/2025	18	HAE	16,7	0	15,0	0	90,0	0	13,0	0	70,0	0	970,0	0	1071,8	ERA5
1065287	10/07/2025	23	10/07/2025	19	HAE	17,1	0	14,9	0	87,0	0	11,0	0	60,0	0	970,0	0	937,0	ERA5
1065288	11/07/2025	00	10/07/2025	20	HAE	16,7	0	15,1	0	90,0	0	9,0	0	70,0	0	970,0	0	430,4	ERA5
1065289	11/07/2025	01	10/07/2025	21	HAE	16,1	0	15,1	0	94,0	0	9,0	0	30,0	0	969,0	0	100,4	ERA5
1065290	11/07/2025	02	10/07/2025	22	HAE	16,6	0	15,8	0	95,0	0	13,0	0	80,0	0	969,0	0	0,0	ERA5
1065291	11/07/2025	03	10/07/2025	23	HAE	16,8	0	14,7	0	87,0	0	11,0	0	90,0	0	969,0	0	0,0	ERA5
1065292	11/07/2025	04	11/07/2025	00	HAE	16,4	0	14,8	0	90,0	0	11,0	0	90,0	0	969,0	0	0,0	ERA5
1065293	11/07/2025	05	11/07/2025	01	HAE	15,9	0	14,6	0	92,0	0	11,0	0	100,0	0	969,0	0	0,0	ERA5
1065294	11/07/2025	06	11/07/2025	02	HAE	15,6	0	14,8	0	95,0	0	13,0	0	80,0	0	969,0	0	-0,0	ERA5
1065295	11/07/2025	07	11/07/2025	03	HAE	15,7	0	14,9	0	95,0	0	5,0	0	120,0	0	969,0	0	0,0	ERA5
1065296	11/07/2025	08	11/07/2025	04	HAE	15,7	0	14,8	0	94,0	0	8,0	0	100,0	0	969,0	0	0,0	ERA5
1065297	11/07/2025	09	11/07/2025	05	HAE	15,6	0	15,0	0	96,0	0	8,0	0	90,0	0	969,0	0	0,0	ERA5
1065298	11/07/2025	10	11/07/2025	06	HAE	16,0	0	15,2	0	95,0	0	9,0	0	100,0	0	969,0	0	41,2	ERA5
1065299	11/07/2025	11	11/07/2025	07	HAE	16,2	0	15,3	0	94,0	0	8,0	0	140,0	0	969,0	0	176,7	ERA5
1065300	11/07/2025	12	11/07/2025	08	HAE	16,5	0	15,4	0	93,0	0	5,0	0	140,0	0	969,0	0	523,3	ERA5
1065301	11/07/2025	13	11/07/2025	09	HAE	16,8	0	15,7	0	93,0	0	8,0	0	110,0	0	969,0	0	777,1	ERA5
1065302	11/07/2025	14	11/07/2025	10	HAE	17,3	0	16,2	0	93,0	0	5,0	0	90,0	0	970,0	0	1219,4	ERA5
1065303	11/07/2025	15	11/07/2025	11	HAE	19,1	0	16,0	0	82,0	0	5,0	0	80,0	0	970,0	0	1835,2	ERA5
1065304	11/07/2025	16	11/07/2025	12	HAE	21,0	0	16,6	0	76,0	0	15,0	0	80,0	0	970,0	0	2562,5	ERA5
1065305	11/07/2025	17	11/07/2025	13	HAE	21,1	0	15,8	0	72,0	0	11,0	0	60,0	0	969,0	0	2852,5	ERA5
1065306	11/07/2025	18	11/07/2025	14	HAE	22,5	0	15,2	0	63,0	0	8,0	0	130,0	0	969,0	0	2716,4	ERA5
1065307	11/07/2025	19	11/07/2025	15	HAE	23,9	0	14,9	0	57,0	0	4,0	0	0,0	0	969,0	0	1186,1	ERA5
1065308	11/07/2025	20	11/07/2025	16	HAE	24,8	0	14,3	0	52,0	0	11,0	0	0,0	0	969,0	0	1358,4	ERA5
1065309	11/07/2025	21	11/07/2025	17	HAE	24,8	0	13,8	0	50,0	0	9,0	0	270,0	0	969,0	0	1304,4	ERA5
1065310	11/07/2025	22	11/07/2025	18	HAE	25,1	0	13,2	0	47,0	0	0,0	0	0,0	0	969,0	0	1224,9	ERA5
1065311	11/07/2025	23	11/07/2025	19	HAE	25,4	0	12,8	0	45,0	0	5,0	0	260,0	0	969,0	0	1075,2	ERA5
1065312	12/07/2025	00	11/07/2025	20	HAE	23,1	0	14,6	0	58,0	0	4,0	0	340,0	0	970,0	0	562,6	ERA5
1065313	12/07/2025	01	11/07/2025	21	HAE	20,5	0	15,1	0	71,0	0	4,0	0	90,0	0	970,0	0	121,6	ERA5
1065314	12/07/2025	02	11/07/2025	22	HAE	18,8	0	15,1	0	79,0	0	0,0	0	0,0	0	970,0	0	-0,0	ERA5
1065315	12/07/2025	03	11/07/2025	23	HAE	16,4	0	15,0	0	91,0	0	4,0	0	0,0	0	971,0	0	0,0	ERA5
1065316	12/07/2025	04	12/07/2025	00	HAE	16,2	0	14,7	0	91,0	0	5,0	0	70,0	0	971,0	0	0,0	ERA5
1065317	12/07/2025	05	12/07/2025	01	HAE	17,1	0	14,4	0	84,0	0	5,0	0	160,0	0	971,0	0	0,0	ERA5
1065318	12/07/2025	06	12/07/2025	02	HAE	17,1	0	14,5	0	84,0	0	11,0	0	150,0	0	971,0	0	-0,0	ERA5
1065319	12/07/2025	07	12/07/2025	03	HAE	16,2	0	14,6	0	90,0	0	4,0	0	0,0	0	971,0	0	0,0	ERA5
1065320	12/07/2025	08	12/07/2025	04	HAE	15,3	0	14,5	0	95,0	0	4,0	0	120,0	0	971,0	0	0,0	ERA5
1065321	12/07/2025	09	12/07/2025	05	HAE	14,9	0	14,5	0	97,0	0	4,0	0	110,0	0	971,0	0	0,0	ERA5
1065322	12/07/2025	10	12/07/2025	06	HAE	15,7	0	15,2	0	97,0	0	4,0	0	100,0	0	971,0	0	94,9	ERA5
1065323	12/07/2025	11	12/07/2025	07	HAE	18,5	0	16,3	0	87,0	0	5,0	0	150,0	0	972,0	0	473,8	ERA5
1065324	12/07/2025	12	12/07/2025	08	HAE	20,6	0	16,0	0	75,0	0	4,0	0	140,0	0	972,0	0	950,0	ERA5
1065325	12/07/2025	13	12/07/2025	09	HAE	23,2	0	16,5	0	66,0	0	5,0	0	120,0	0	972,0	0	1465,4	ERA5
1065326	12/07/2025	14	12/07/2025	10	HAE	25,9	0	15,8	0	53,0	0	11,0	0	160,0	0	972,0	0	2041,2	ERA5
1065327	12/07/2025	15	12/07/2025	11	HAE	26,7	0	14,9	0	48,0	0	11,0	0	170,0	0	971,0	0	2558,9	ERA5
1065328	12/07/2025	16	12/07/2025	12	HAE	26,7	0	14,3	0	46,0	0	11,0	0	180,0	0	971,0	0	2507,7	ERA5
1065329	12/07/2025	17	12/07/2025	13	HAE	27,7	0	14,6	0	44,0	0	21,0	0	170,0	0	970,0	0	2544,5	ERA5
1065330	12/07/2025	18	12/07/2025	14	HAE	28,0	0	14,7	0	44,0	0	17,0	0	160,0	0	970,0	0	2144,6	ERA5
1065331	12/07/2025	19	12/07/2025	15	HAE	27,9	0	14,2	0	42,0	0	18,0	0	150,0	0	970,0	0	1464,6	ERA5
1065332	12/07/2025	20	12/07/2025	16	HAE	28,0	0	14,6	0	43,0	0	22,0	0	160,0	0	969,0	0	1779,4	ERA5
1065333	12/07/2025	21	12/07/2025	17	HAE	27,8	0	13,6	0	41,0	0	18,0	0	150,0	0	969,0	0	1399,5	ERA5
1065334	12/07/2025	22	12/07/2025	18	HAE	27,8	0	13,3	0	40,0	0	15,0	0	170,0	0	969,0	0	855,5	ERA5
1065335	12/07/2025	23	12/07/2025	19	HAE	26,7	0	14,4	0	46,0	0	13,0	0	160,0	0	968,0	0	656,0	ERA5
1065336	13/07/2025	00	12/07/2025	20	HAE	25,6	0	15,6	0	54,0	0	11,0	0	150,0	0	968,0	0	263,0	ERA5
1065337	13/07/2025	01	12/07/2025	21	HAE	24,1	0	15,7	0	59,0	0	11,0	0	160,0	0	968,0	0	51,7	ERA5
1065338	13/07/2025	02	12/07/2025	22	HAE	23,4	0	15,8	0	62,0	0	13,0	0	140,0	0	968,0	0	0,0	ERA5
1065339	13/07/2025	03	12/07/2025	23	HAE	23,4	0	15,9	0	62,0	0	13,0	0	140,0	0	967,0	0	0,0	ERA5
1065340	13/07/2025	04	13/07/2025	00	HAE	23,1	0	16,3	0	65,0	0	24,0	0	140,0	0	967,0	0	0,0	ERA5
1065341	13/07/2025	05	13/07/2025	01	HAE	23,0	0	17,2	0	70,0	0	21,0	0	140,0	0	966,0	0	0,0	ERA5
1065342	13/07/2025	06	13/07/2025	02	HAE	22,6	0	17,6	0	73,0	0	18,0	0	150,0	0	965,0	0	-0,0	ERA5
1065343	13/07/2025	07	13/07/2025	03	HAE	22,7	0	17,7	0	73,0	0	21,0	0	140,0	0	964,0	0	0,0	ERA5
1065344	13/07/2025	08	13/07/2025	04	HAE	21,7	0	18,4	0	81,0	0	24,0	0	160,0	0	964,0	0	0,0	ERA5
1065345	13/07/2025	09	13/07/2025	05	HAE	21,4	0	19,0	0	86,0	0	21,0	0	170,0	0	964,0	0	0,0	ERA5
1065346	13/07/2025	10	13/07/2025	06	HAE	22,0	0	19,1	0	83,0	0	21,0	0	170,0	0	963,0	0	43,6	ERA5
1065347	13/07/2025	11	13/07/2025	07	HAE	22,5	0	19,8	0	85,0	0	18,0	0	180,0	0	963,0	0	188,9	ERA5
1065348	13/07/2025	12	13/07/2025	08	HAE	22,8	0	19,8	0	83,0	0	32,0	0	190,0	0	963,0	0	395,9	ERA5
1065349	13/07/2025	13	13/07/2025	09	HAE	23,9	0	19,9	0	78,0	0	22,0	0	200,0	0	963,0	0	575,1	ERA5
1065350	13/07/2025	14	13/07/2025	10	HAE	24,8	0	19,6	0	72,0	0	30,0	0	180,0	0	963,0	0	768,4	ERA5
1065351	13/07/2025	15	13/07/2025	11	HAE	25,5	0	19,6	0	69,0	0	22,0	0	210,0	0	963,0	0	1439,5	ERA5
1065352	13/07/2025	16	13/07/2025	12	HAE	27,2	0	17,7	0	56,0	0	28,0	0	210,0	0	963,0	0	2099,1	ERA5
1065353	13/07/2025	17	13/07/2025	13	HAE	26,9	0	17,5	0	56,0	0	22,0	0	220,0	0	963,0	0	2487,9	ERA5
1065354	13/07/2025	18	13/07/2025	14	HAE	26,0	0	16,9	0	57,0	0	26,0	0	240,0	0	963,0	0	2362,8	ERA5
1065355	13/07/2025	19	13/07/2025	15	HAE	28,2	0	15,6	0	46,0	0	28,0	0	220,0	0	962,0	0	2377,5	ERA5
1065356	13/07/2025	20	13/07/2025	16	HAE	28,4	0	12,5	0	37,0	0	34,0	0	230,0	0	962,0	0	2221,1	ERA5
1065357	13/07/2025	21	13/07/2025	17	HAE	27,7	0	12,7	0	39,0	0	30,0	0	240,0	0	963,0	0	2072,7	ERA5
1065358	13/07/2025	22	13/07/2025	18	HAE	26,4	0	12,7	0	42,0	0	22,0	0	230,0	0	963,0	0	1388,2	ERA5
1065359	13/07/2025	23	13/07/2025	19	HAE	25,7	0	13,4	0	46,0	0	18,0	0	230,0	0	963,0	0	842,7	ERA5
1065360	14/07/2025	00	13/07/2025	20	HAE	24,3	0	14,3	0	53,0	0	9,0	0	240,0	0	964,0	0	410,8	ERA5
1065361	14/07/2025	01	13/07/2025	21	HAE	21,9	0	13,9	0	60,0	0	8,0	0	220,0	0	965,0	0	94,1	ERA5
1065362	14/07/2025	02	13/07/2025	22	HAE	20,6	0	13,9	0	65,0	0	11,0	0	220,0	0	965,0	0	0,0	ERA5
1065363	14/07/2025	03	13/07/2025	23	HAE	19,1	0	14,4	0	74,0	0	9,0	0	210,0	0	965,0	0	0,0	ERA5
1065364	14/07/2025	04	14/07/2025	00	HAE	18,5	0	14,6	0	78,0	0	8,0	0	210,0	0	965,0	0	0,0	ERA5
1065365	14/07/2025	05	14/07/2025	01	HAE	18,1	0	14,6	0	80,0	0	9,0	0	190,0	0	965,0	0	0,0	ERA5
1065366	14/07/2025	06	14/07/2025	02	HAE	18,1	0	14,9	0	81,0	0	11,0	0	210,0	0	965,0	0	-0,0	ERA5
1065367	14/07/2025	07	14/07/2025	03	HAE	18,2	0	15,0	0	81,0	0	11,0	0	210,0	0	965,0	0	0,0	ERA5
1065368	14/07/2025	08	14/07/2025	04	HAE	17,7	0	14,9	0	84,0	0	11,0	0	210,0	0	965,0	0	0,0	ERA5
1065369	14/07/2025	09	14/07/2025	05	HAE	17,0	0	14,9	0	87,0	0	9,0	0	220,0	0	965,0	0	0,0	ERA5
1065370	14/07/2025	10	14/07/2025	06	HAE	16,0	0	14,6	0	91,0	0	9,0	0	200,0	0	965,0	0	84,7	ERA5
1065371	14/07/2025	11	14/07/2025	07	HAE	17,7	0	15,5	0	87,0	0	11,0	0	190,0	0	966,0	0	493,2	ERA5
1065372	14/07/2025	12	14/07/2025	08	HAE	19,9	0	15,7	0	76,0	0	18,0	0	210,0	0	966,0	0	1048,9	ERA5
1065373	14/07/2025	13	14/07/2025	09	HAE	21,5	0	15,2	0	67,0	0	18,0	0	210,0	0	966,0	0	1655,1	ERA5
1065374	14/07/2025	14	14/07/2025	10	HAE	23,0	0	14,3	0	58,0	0	24,0	0	220,0	0	966,0	0	2226,4	ERA5
1065375	14/07/2025	15	14/07/2025	11	HAE	24,9	0	13,9	0	50,0	0	26,0	0	220,0	0	965,0	0	2678,2	ERA5
1065376	14/07/2025	16	14/07/2025	12	HAE	26,1	0	13,3	0	45,0	0	32,0	0	200,0	0	965,0	0	2967,1	ERA5
1065377	14/07/2025	17	14/07/2025	13	HAE	25,3	0	12,6	0	45,0	0	26,0	0	220,0	0	965,0	0	2865,8	ERA5
1065378	14/07/2025	18	14/07/2025	14	HAE	26,9	0	12,6	0	41,0	0	26,0	0	210,0	0	965,0	0	2587,6	ERA5
1065379	14/07/2025	19	14/07/2025	15	HAE	25,6	0	13,7	0	47,0	0	28,0	0	290,0	0	965,0	0	2168,7	ERA5
1065380	14/07/2025	20	14/07/2025	16	HAE	21,9	0	18,2	0	79,0	0	4,0	0	0,0	0	965,0	0	1704,0	ERA5
1065381	14/07/2025	21	14/07/2025	17	HAE	22,4	0	18,2	0	77,0	0	4,0	0	0,0	0	964,0	0	1523,6	ERA5
1065382	14/07/2025	22	14/07/2025	18	HAE	24,1	0	17,7	0	67,0	0	11,0	0	230,0	0	964,0	0	1237,0	ERA5
1065383	14/07/2025	23	14/07/2025	19	HAE	20,0	0	17,2	0	84,0	0	13,0	0	240,0	0	964,0	0	842,9	ERA5
1065384	15/07/2025	00	14/07/2025	20	HAE	19,0	0	17,2	0	89,0	0	11,0	0	260,0	0	966,0	0	313,4	ERA5
1065385	15/07/2025	01	14/07/2025	21	HAE	17,7	0	16,8	0	95,0	0	4,0	0	0,0	0	966,0	0	73,2	ERA5
1065386	15/07/2025	02	14/07/2025	22	HAE	17,5	0	16,5	0	94,0	0	8,0	0	270,0	0	967,0	0	0,0	ERA5
1065387	15/07/2025	03	14/07/2025	23	HAE	16,9	0	16,4	0	97,0	0	9,0	0	220,0	0	967,0	0	0,0	ERA5
1065388	15/07/2025	04	15/07/2025	00	HAE	17,1	0	15,5	0	90,0	0	9,0	0	260,0	0	967,0	0	0,0	ERA5
1065389	15/07/2025	05	15/07/2025	01	HAE	16,2	0	15,3	0	94,0	0	9,0	0	240,0	0	968,0	0	0,0	ERA5
1065390	15/07/2025	06	15/07/2025	02	HAE	15,6	0	15,1	0	97,0	0	9,0	0	260,0	0	968,0	0	-0,0	ERA5
1065391	15/07/2025	07	15/07/2025	03	HAE	14,5	0	13,7	0	95,0	0	11,0	0	270,0	0	969,0	0	0,0	ERA5
1065392	15/07/2025	08	15/07/2025	04	HAE	14,0	0	13,2	0	95,0	0	9,0	0	270,0	0	970,0	0	0,0	ERA5
1065393	15/07/2025	09	15/07/2025	05	HAE	14,0	0	13,4	0	96,0	0	9,0	0	240,0	0	970,0	0	0,0	ERA5
1065394	15/07/2025	10	15/07/2025	06	HAE	13,6	0	13,0	0	96,0	0	11,0	0	270,0	0	971,0	0	34,2	ERA5
1065395	15/07/2025	11	15/07/2025	07	HAE	14,8	0	12,8	0	88,0	0	13,0	0	300,0	0	971,0	0	167,9	ERA5
1065396	15/07/2025	12	15/07/2025	08	HAE	14,1	0	11,9	0	86,0	0	11,0	0	310,0	0	972,0	0	352,2	ERA5
1065397	15/07/2025	13	15/07/2025	09	HAE	13,7	0	10,7	0	82,0	0	18,0	0	300,0	0	972,0	0	525,6	ERA5
1065398	15/07/2025	14	15/07/2025	10	HAE	13,1	0	9,9	0	81,0	0	15,0	0	290,0	0	973,0	0	687,2	ERA5
1065399	15/07/2025	15	15/07/2025	11	HAE	14,8	0	9,6	0	71,0	0	8,0	0	270,0	0	973,0	0	1230,6	ERA5
1065400	15/07/2025	16	15/07/2025	12	HAE	14,7	0	9,6	0	71,0	0	17,0	0	340,0	0	973,0	0	1452,4	ERA5
1065401	15/07/2025	17	15/07/2025	13	HAE	15,8	0	9,0	0	64,0	0	9,0	0	320,0	0	973,0	0	1308,8	ERA5
1065402	15/07/2025	18	15/07/2025	14	HAE	17,4	0	10,9	0	65,0	0	11,0	0	0,0	0	973,0	0	1588,6	ERA5
1065403	15/07/2025	19	15/07/2025	15	HAE	17,4	0	9,9	0	61,0	0	9,0	0	0,0	0	973,0	0	1871,3	ERA5
1065404	15/07/2025	20	15/07/2025	16	HAE	17,5	0	10,5	0	63,0	0	8,0	0	220,0	0	972,0	0	1607,0	ERA5
1065405	15/07/2025	21	15/07/2025	17	HAE	17,8	0	9,6	0	58,0	0	9,0	0	250,0	0	972,0	0	1202,6	ERA5
1065406	15/07/2025	22	15/07/2025	18	HAE	17,7	0	9,9	0	60,0	0	8,0	0	310,0	0	972,0	0	746,0	ERA5
1065407	15/07/2025	23	15/07/2025	19	HAE	17,3	0	10,7	0	65,0	0	0,0	0	0,0	0	971,0	0	262,4	ERA5
1065408	16/07/2025	00	15/07/2025	20	HAE	15,8	0	11,1	0	73,0	0	5,0	0	10,0	0	970,0	0	195,4	ERA5
1065409	16/07/2025	01	15/07/2025	21	HAE	15,5	0	11,1	0	75,0	0	5,0	0	20,0	0	970,0	0	71,8	ERA5
1065410	16/07/2025	02	15/07/2025	22	HAE	15,3	0	11,4	0	77,0	0	5,0	0	70,0	0	970,0	0	0,0	ERA5
1065411	16/07/2025	03	15/07/2025	23	HAE	15,5	0	11,3	0	76,0	0	9,0	0	110,0	0	969,0	0	0,0	ERA5
1065412	16/07/2025	04	16/07/2025	00	HAE	14,9	0	12,1	0	83,0	0	13,0	0	90,0	0	968,0	0	0,0	ERA5
1065413	16/07/2025	05	16/07/2025	01	HAE	13,6	0	12,7	0	94,0	0	11,0	0	110,0	0	967,0	0	0,0	ERA5
1065414	16/07/2025	06	16/07/2025	02	HAE	14,8	0	14,0	0	95,0	0	13,0	0	150,0	0	966,0	0	0,0	ERA5
1065415	16/07/2025	07	16/07/2025	03	HAE	15,7	0	15,2	0	97,0	0	11,0	0	180,0	0	965,0	0	0,0	ERA5
1065416	16/07/2025	08	16/07/2025	04	HAE	17,2	0	16,7	0	97,0	0	15,0	0	190,0	0	964,0	0	0,0	ERA5
1065417	16/07/2025	09	16/07/2025	05	HAE	17,9	0	17,3	0	96,0	0	22,0	0	230,0	0	964,0	0	0,0	ERA5
1065418	16/07/2025	10	16/07/2025	06	HAE	17,1	0	16,5	0	96,0	0	21,0	0	270,0	0	965,0	0	8,2	ERA5
1065419	16/07/2025	11	16/07/2025	07	HAE	13,6	0	13,3	0	98,0	0	15,0	0	320,0	0	966,0	0	36,6	ERA5
1065420	16/07/2025	12	16/07/2025	08	HAE	12,1	0	11,6	0	97,0	0	13,0	0	330,0	0	967,0	0	144,0	ERA5
1065421	16/07/2025	13	16/07/2025	09	HAE	12,2	0	11,9	0	98,0	0	9,0	0	320,0	0	967,0	0	258,4	ERA5
1065422	16/07/2025	14	16/07/2025	10	HAE	12,4	0	11,9	0	97,0	0	11,0	0	360,0	0	968,0	0	396,0	ERA5
1065423	16/07/2025	15	16/07/2025	11	HAE	13,4	0	12,2	0	92,0	0	9,0	0	20,0	0	968,0	0	979,3	ERA5
1065424	16/07/2025	16	16/07/2025	12	HAE	13,3	0	12,2	0	93,0	0	11,0	0	330,0	0	969,0	0	1179,0	ERA5
1065425	16/07/2025	17	16/07/2025	13	HAE	13,1	0	11,9	0	92,0	0	11,0	0	300,0	0	969,0	0	623,6	ERA5
1065426	16/07/2025	18	16/07/2025	14	HAE	13,5	0	12,3	0	92,0	0	8,0	0	320,0	0	969,0	0	547,4	ERA5
1065427	16/07/2025	19	16/07/2025	15	HAE	13,6	0	12,2	0	91,0	0	8,0	0	290,0	0	969,0	0	230,1	ERA5
1065428	16/07/2025	20	16/07/2025	16	HAE	13,6	0	12,7	0	94,0	0	8,0	0	340,0	0	969,0	0	365,3	ERA5
1065429	16/07/2025	21	16/07/2025	17	HAE	13,4	0	12,8	0	96,0	0	11,0	0	350,0	0	968,0	0	242,6	ERA5
1065430	16/07/2025	22	16/07/2025	18	HAE	13,3	0	12,8	0	97,0	0	13,0	0	340,0	0	969,0	0	198,6	ERA5
1065431	16/07/2025	23	16/07/2025	19	HAE	12,9	0	12,3	0	96,0	0	9,0	0	360,0	0	968,0	0	148,4	ERA5
1065432	17/07/2025	00	16/07/2025	20	HAE	12,9	0	12,1	0	95,0	0	8,0	0	360,0	0	968,0	0	57,4	ERA5
1065433	17/07/2025	01	16/07/2025	21	HAE	12,6	0	11,6	0	94,0	0	9,0	0	360,0	0	968,0	0	10,6	ERA5
1065434	17/07/2025	02	16/07/2025	22	HAE	12,5	0	11,9	0	96,0	0	9,0	0	330,0	0	969,0	0	0,0	ERA5
1065435	17/07/2025	03	16/07/2025	23	HAE	12,4	0	12,1	0	98,0	0	5,0	0	340,0	0	969,0	0	0,0	ERA5
1065436	17/07/2025	04	17/07/2025	00	HAE	12,4	0	11,9	0	97,0	0	4,0	0	0,0	0	968,0	0	0,0	ERA5
1065437	17/07/2025	05	17/07/2025	01	HAE	12,5	0	12,2	0	98,0	0	4,0	0	270,0	0	968,0	0	0,0	ERA5
1065438	17/07/2025	06	17/07/2025	02	HAE	12,1	0	12,0	0	99,0	0	8,0	0	270,0	0	968,0	0	-0,0	ERA5
1065439	17/07/2025	07	17/07/2025	03	HAE	12,0	0	11,9	0	99,0	0	5,0	0	20,0	0	967,0	0	0,0	ERA5
1065440	17/07/2025	08	17/07/2025	04	HAE	11,5	0	10,9	0	96,0	0	5,0	0	50,0	0	967,0	0	0,0	ERA5
1065441	17/07/2025	09	17/07/2025	05	HAE	11,6	0	10,8	0	95,0	0	5,0	0	360,0	0	967,0	0	0,0	ERA5
1065442	17/07/2025	10	17/07/2025	06	HAE	11,7	0	10,8	0	94,0	0	9,0	0	360,0	0	967,0	0	15,6	ERA5
1065443	17/07/2025	11	17/07/2025	07	HAE	11,8	0	10,9	0	94,0	0	9,0	0	360,0	0	967,0	0	111,9	ERA5
1065444	17/07/2025	12	17/07/2025	08	HAE	11,8	0	10,7	0	93,0	0	8,0	0	20,0	0	967,0	0	170,1	ERA5
1065445	17/07/2025	13	17/07/2025	09	HAE	12,0	0	11,2	0	95,0	0	8,0	0	10,0	0	966,0	0	185,1	ERA5
1065446	17/07/2025	14	17/07/2025	10	HAE	12,1	0	11,2	0	94,0	0	9,0	0	20,0	0	965,0	0	275,9	ERA5
1065447	17/07/2025	15	17/07/2025	11	HAE	12,1	0	11,3	0	95,0	0	9,0	0	20,0	0	965,0	0	273,3	ERA5
1065448	17/07/2025	16	17/07/2025	12	HAE	12,4	0	11,8	0	96,0	0	11,0	0	20,0	0	964,0	0	213,0	ERA5
1065449	17/07/2025	17	17/07/2025	13	HAE	12,5	0	11,7	0	95,0	0	13,0	0	360,0	0	964,0	0	274,7	ERA5
1065450	17/07/2025	18	17/07/2025	14	HAE	12,5	0	11,9	0	96,0	0	11,0	0	350,0	0	963,0	0	209,3	ERA5
1065451	17/07/2025	19	17/07/2025	15	HAE	11,7	0	10,7	0	93,0	0	17,0	0	360,0	0	963,0	0	236,0	ERA5
1065452	17/07/2025	20	17/07/2025	16	HAE	11,3	0	10,7	0	96,0	0	17,0	0	360,0	0	963,0	0	145,2	ERA5
1065453	17/07/2025	21	17/07/2025	17	HAE	11,7	0	10,6	0	93,0	0	17,0	0	340,0	0	963,0	0	87,9	ERA5
1065454	17/07/2025	22	17/07/2025	18	HAE	11,8	0	10,8	0	93,0	0	15,0	0	350,0	0	963,0	0	47,9	ERA5
1065455	17/07/2025	23	17/07/2025	19	HAE	12,1	0	10,9	0	92,0	0	17,0	0	350,0	0	963,0	0	162,0	ERA5
1065456	18/07/2025	00	17/07/2025	20	HAE	12,1	0	10,9	0	92,0	0	15,0	0	340,0	0	964,0	0	60,9	ERA5
1065457	18/07/2025	01	17/07/2025	21	HAE	11,5	0	10,1	0	91,0	0	11,0	0	350,0	0	964,0	0	11,4	ERA5
1065458	18/07/2025	02	17/07/2025	22	HAE	11,2	0	10,1	0	93,0	0	9,0	0	290,0	0	965,0	0	0,0	ERA5
1065459	18/07/2025	03	17/07/2025	23	HAE	11,5	0	10,1	0	91,0	0	9,0	0	290,0	0	965,0	0	0,0	ERA5
1065460	18/07/2025	04	18/07/2025	00	HAE	11,2	0	10,0	0	92,0	0	9,0	0	280,0	0	966,0	0	0,0	ERA5
1065461	18/07/2025	05	18/07/2025	01	HAE	10,1	0	9,2	0	94,0	0	9,0	0	270,0	0	966,0	0	0,0	ERA5
1065462	18/07/2025	06	18/07/2025	02	HAE	9,4	0	8,2	0	92,0	0	9,0	0	270,0	0	966,0	0	0,0	ERA5
1065463	18/07/2025	07	18/07/2025	03	HAE	8,7	0	8,0	0	95,0	0	8,0	0	250,0	0	967,0	0	0,0	ERA5
1065464	18/07/2025	08	18/07/2025	04	HAE	7,8	0	7,2	0	96,0	0	9,0	0	240,0	0	967,0	0	0,0	ERA5
1065465	18/07/2025	09	18/07/2025	05	HAE	7,3	0	7,0	0	98,0	0	9,0	0	240,0	0	967,0	0	0,0	ERA5
1065466	18/07/2025	10	18/07/2025	06	HAE	8,6	0	8,0	0	96,0	0	9,0	0	230,0	0	967,0	0	74,8	ERA5
1065467	18/07/2025	11	18/07/2025	07	HAE	9,5	0	8,4	0	93,0	0	9,0	0	230,0	0	968,0	0	454,9	ERA5
1065468	18/07/2025	12	18/07/2025	08	HAE	11,8	0	9,6	0	86,0	0	17,0	0	240,0	0	968,0	0	937,0	ERA5
1065469	18/07/2025	13	18/07/2025	09	HAE	13,9	0	9,9	0	77,0	0	11,0	0	280,0	0	968,0	0	1523,1	ERA5
1065470	18/07/2025	14	18/07/2025	10	HAE	16,3	0	10,6	0	69,0	0	15,0	0	250,0	0	968,0	0	2150,4	ERA5
1065471	18/07/2025	15	18/07/2025	11	HAE	18,1	0	10,8	0	62,0	0	18,0	0	260,0	0	968,0	0	2649,0	ERA5
1065472	18/07/2025	16	18/07/2025	12	HAE	19,1	0	9,9	0	55,0	0	18,0	0	240,0	0	968,0	0	2669,7	ERA5
1065473	18/07/2025	17	18/07/2025	13	HAE	19,7	0	9,8	0	53,0	0	21,0	0	260,0	0	968,0	0	2465,5	ERA5
1065474	18/07/2025	18	18/07/2025	14	HAE	20,8	0	10,1	0	50,0	0	15,0	0	260,0	0	968,0	0	2349,9	ERA5
1065475	18/07/2025	19	18/07/2025	15	HAE	20,4	0	9,4	0	49,0	0	26,0	0	250,0	0	968,0	0	2584,7	ERA5
1065476	18/07/2025	20	18/07/2025	16	HAE	21,2	0	9,3	0	46,0	0	21,0	0	260,0	0	968,0	0	2341,3	ERA5
1065477	18/07/2025	21	18/07/2025	17	HAE	21,1	0	9,0	0	45,0	0	22,0	0	260,0	0	968,0	0	1678,1	ERA5
1065478	18/07/2025	22	18/07/2025	18	HAE	21,4	0	9,9	0	47,0	0	21,0	0	250,0	0	967,0	0	1612,5	ERA5
1065479	18/07/2025	23	18/07/2025	19	HAE	20,4	0	9,5	0	49,0	0	21,0	0	260,0	0	968,0	0	1040,2	ERA5
1065480	19/07/2025	00	18/07/2025	20	HAE	18,4	0	8,1	0	51,0	0	18,0	0	240,0	0	968,0	0	420,7	ERA5
1065481	19/07/2025	01	18/07/2025	21	HAE	15,3	0	9,3	0	67,0	0	17,0	0	220,0	0	968,0	0	62,3	ERA5
1065482	19/07/2025	02	18/07/2025	22	HAE	14,4	0	10,5	0	77,0	0	13,0	0	210,0	0	968,0	0	0,0	ERA5
1065483	19/07/2025	03	18/07/2025	23	HAE	12,8	0	10,7	0	87,0	0	13,0	0	190,0	0	968,0	0	0,0	ERA5
1065484	19/07/2025	04	19/07/2025	00	HAE	13,2	0	11,1	0	87,0	0	15,0	0	190,0	0	968,0	0	0,0	ERA5
1065485	19/07/2025	05	19/07/2025	01	HAE	13,0	0	11,3	0	89,0	0	11,0	0	200,0	0	968,0	0	0,0	ERA5
1065486	19/07/2025	06	19/07/2025	02	HAE	13,3	0	11,2	0	87,0	0	11,0	0	210,0	0	967,0	0	0,0	ERA5
1065487	19/07/2025	07	19/07/2025	03	HAE	13,8	0	11,2	0	84,0	0	15,0	0	210,0	0	967,0	0	0,0	ERA5
1065488	19/07/2025	08	19/07/2025	04	HAE	13,9	0	11,0	0	82,0	0	13,0	0	220,0	0	967,0	0	0,0	ERA5
1065489	19/07/2025	09	19/07/2025	05	HAE	13,6	0	10,8	0	83,0	0	11,0	0	230,0	0	967,0	0	0,0	ERA5
1065490	19/07/2025	10	19/07/2025	06	HAE	14,2	0	11,0	0	81,0	0	17,0	0	230,0	0	967,0	0	36,7	ERA5
1065491	19/07/2025	11	19/07/2025	07	HAE	14,7	0	10,2	0	74,0	0	11,0	0	230,0	0	967,0	0	203,2	ERA5
1065492	19/07/2025	12	19/07/2025	08	HAE	14,7	0	11,3	0	80,0	0	17,0	0	230,0	0	967,0	0	622,6	ERA5
1065493	19/07/2025	13	19/07/2025	09	HAE	16,1	0	12,3	0	78,0	0	18,0	0	230,0	0	967,0	0	1026,6	ERA5
1065494	19/07/2025	14	19/07/2025	10	HAE	17,7	0	12,1	0	69,0	0	17,0	0	250,0	0	966,0	0	1619,8	ERA5
1065495	19/07/2025	15	19/07/2025	11	HAE	19,6	0	12,4	0	63,0	0	17,0	0	240,0	0	966,0	0	1840,1	ERA5
1065496	19/07/2025	16	19/07/2025	12	HAE	20,1	0	11,7	0	58,0	0	18,0	0	250,0	0	965,0	0	1353,0	ERA5
1065497	19/07/2025	17	19/07/2025	13	HAE	21,1	0	10,9	0	52,0	0	28,0	0	240,0	0	965,0	0	2425,2	ERA5
1065498	19/07/2025	18	19/07/2025	14	HAE	20,7	0	10,9	0	53,0	0	22,0	0	250,0	0	965,0	0	2162,2	ERA5
1065499	19/07/2025	19	19/07/2025	15	HAE	14,9	0	13,5	0	91,0	0	17,0	0	310,0	0	966,0	0	2019,9	ERA5
1065500	19/07/2025	20	19/07/2025	16	HAE	15,2	0	13,7	0	91,0	0	9,0	0	290,0	0	966,0	0	1390,7	ERA5
1065501	19/07/2025	21	19/07/2025	17	HAE	16,1	0	13,5	0	84,0	0	13,0	0	250,0	0	966,0	0	1241,1	ERA5
1065502	19/07/2025	22	19/07/2025	18	HAE	16,1	0	13,3	0	84,0	0	8,0	0	280,0	0	966,0	0	822,3	ERA5
1065503	19/07/2025	23	19/07/2025	19	HAE	15,9	0	13,2	0	84,0	0	5,0	0	260,0	0	965,0	0	504,2	ERA5
1065504	20/07/2025	00	19/07/2025	20	HAE	14,8	0	13,6	0	93,0	0	5,0	0	220,0	0	966,0	0	300,0	ERA5
1065505	20/07/2025	01	19/07/2025	21	HAE	14,2	0	13,6	0	96,0	0	0,0	0	0,0	0	965,0	0	72,1	ERA5
1065506	20/07/2025	02	19/07/2025	22	HAE	13,9	0	13,4	0	97,0	0	11,0	0	200,0	0	965,0	0	0,0	ERA5
1065507	20/07/2025	03	19/07/2025	23	HAE	13,3	0	12,8	0	97,0	0	13,0	0	190,0	0	965,0	0	0,0	ERA5
1065508	20/07/2025	04	20/07/2025	00	HAE	12,8	0	12,3	0	97,0	0	8,0	0	230,0	0	965,0	0	0,0	ERA5
1065509	20/07/2025	05	20/07/2025	01	HAE	12,8	0	12,3	0	97,0	0	9,0	0	240,0	0	964,0	0	0,0	ERA5
1065510	20/07/2025	06	20/07/2025	02	HAE	12,7	0	11,9	0	95,0	0	9,0	0	270,0	0	964,0	0	-0,0	ERA5
1065511	20/07/2025	07	20/07/2025	03	HAE	12,0	0	11,5	0	97,0	0	5,0	0	270,0	0	963,0	0	0,0	ERA5
1065512	20/07/2025	08	20/07/2025	04	HAE	12,0	0	11,7	0	98,0	0	9,0	0	250,0	0	963,0	0	0,0	ERA5
1065513	20/07/2025	09	20/07/2025	05	HAE	12,1	0	11,8	0	98,0	0	8,0	0	340,0	0	963,0	0	0,0	ERA5
1065514	20/07/2025	10	20/07/2025	06	HAE	11,3	0	10,5	0	95,0	0	9,0	0	330,0	0	964,0	0	11,5	ERA5
1065515	20/07/2025	11	20/07/2025	07	HAE	10,9	0	10,1	0	95,0	0	8,0	0	330,0	0	964,0	0	106,5	ERA5
1065516	20/07/2025	12	20/07/2025	08	HAE	10,4	0	9,3	0	93,0	0	15,0	0	330,0	0	965,0	0	424,6	ERA5
1065517	20/07/2025	13	20/07/2025	09	HAE	9,7	0	8,2	0	90,0	0	11,0	0	330,0	0	965,0	0	1135,9	ERA5
1065518	20/07/2025	14	20/07/2025	10	HAE	11,4	0	5,6	0	67,0	0	15,0	0	330,0	0	965,0	0	1936,9	ERA5
1065519	20/07/2025	15	20/07/2025	11	HAE	11,2	0	6,3	0	72,0	0	11,0	0	320,0	0	965,0	0	1904,9	ERA5
1065520	20/07/2025	16	20/07/2025	12	HAE	11,4	0	6,6	0	72,0	0	15,0	0	310,0	0	966,0	0	1709,1	ERA5
1065521	20/07/2025	17	20/07/2025	13	HAE	13,5	0	5,1	0	56,0	0	17,0	0	300,0	0	965,0	0	1456,5	ERA5
1065522	20/07/2025	18	20/07/2025	14	HAE	13,2	0	4,9	0	57,0	0	17,0	0	300,0	0	965,0	0	1760,6	ERA5
1065523	20/07/2025	19	20/07/2025	15	HAE	13,3	0	5,0	0	57,0	0	18,0	0	310,0	0	966,0	0	1283,4	ERA5
1065524	20/07/2025	20	20/07/2025	16	HAE	14,4	0	4,8	0	52,0	0	11,0	0	320,0	0	965,0	0	1841,6	ERA5
1065525	20/07/2025	21	20/07/2025	17	HAE	13,8	0	4,9	0	55,0	0	11,0	0	330,0	0	965,0	0	1176,3	ERA5
1065526	20/07/2025	22	20/07/2025	18	HAE	12,8	0	7,0	0	68,0	0	9,0	0	10,0	0	965,0	0	868,9	ERA5
1065527	20/07/2025	23	20/07/2025	19	HAE	13,4	0	7,4	0	67,0	0	9,0	0	320,0	0	966,0	0	648,0	ERA5
1065528	21/07/2025	00	20/07/2025	20	HAE	12,7	0	6,6	0	66,0	0	9,0	0	310,0	0	966,0	0	320,1	ERA5
1065529	21/07/2025	01	20/07/2025	21	HAE	12,2	0	6,5	0	68,0	0	13,0	0	310,0	0	967,0	0	49,6	ERA5
1065530	21/07/2025	02	20/07/2025	22	HAE	11,6	0	7,0	0	73,0	0	9,0	0	320,0	0	967,0	0	0,0	ERA5
1065531	21/07/2025	03	20/07/2025	23	HAE	11,2	0	7,4	0	77,0	0	13,0	0	320,0	0	967,0	0	0,0	ERA5
1065532	21/07/2025	04	21/07/2025	00	HAE	10,8	0	7,2	0	79,0	0	11,0	0	330,0	0	967,0	0	0,0	ERA5
1065533	21/07/2025	05	21/07/2025	01	HAE	10,5	0	7,2	0	80,0	0	13,0	0	310,0	0	968,0	0	0,0	ERA5
1065534	21/07/2025	06	21/07/2025	02	HAE	10,1	0	7,2	0	82,0	0	11,0	0	320,0	0	968,0	0	0,0	ERA5
1065535	21/07/2025	07	21/07/2025	03	HAE	9,9	0	7,2	0	83,0	0	15,0	0	320,0	0	968,0	0	0,0	ERA5
1065536	21/07/2025	08	21/07/2025	04	HAE	9,8	0	7,4	0	85,0	0	9,0	0	320,0	0	968,0	0	0,0	ERA5
1065537	21/07/2025	09	21/07/2025	05	HAE	9,4	0	7,5	0	88,0	0	13,0	0	300,0	0	969,0	0	0,0	ERA5
1065538	21/07/2025	10	21/07/2025	06	HAE	9,7	0	7,7	0	87,0	0	11,0	0	310,0	0	969,0	0	30,1	ERA5
1065539	21/07/2025	11	21/07/2025	07	HAE	9,8	0	7,9	0	88,0	0	15,0	0	320,0	0	970,0	0	244,7	ERA5
1065540	21/07/2025	12	21/07/2025	08	HAE	10,5	0	7,6	0	82,0	0	11,0	0	320,0	0	970,0	0	904,0	ERA5
1065541	21/07/2025	13	21/07/2025	09	HAE	11,4	0	7,6	0	77,0	0	15,0	0	300,0	0	971,0	0	989,4	ERA5
1065542	21/07/2025	14	21/07/2025	10	HAE	11,1	0	7,6	0	79,0	0	18,0	0	310,0	0	971,0	0	1322,5	ERA5
1065543	21/07/2025	15	21/07/2025	11	HAE	12,1	0	6,8	0	70,0	0	21,0	0	320,0	0	971,0	0	1517,1	ERA5
1065544	21/07/2025	16	21/07/2025	12	HAE	12,8	0	7,4	0	70,0	0	18,0	0	270,0	0	971,0	0	1930,1	ERA5
1065545	21/07/2025	17	21/07/2025	13	HAE	13,1	0	6,8	0	65,0	0	22,0	0	280,0	0	972,0	0	2283,1	ERA5
1065546	21/07/2025	18	21/07/2025	14	HAE	14,1	0	6,5	0	60,0	0	17,0	0	300,0	0	971,0	0	1564,5	ERA5
1065547	21/07/2025	19	21/07/2025	15	HAE	15,2	0	7,1	0	58,0	0	22,0	0	310,0	0	972,0	0	1209,8	ERA5
1065548	21/07/2025	20	21/07/2025	16	HAE	15,4	0	6,4	0	55,0	0	15,0	0	330,0	0	972,0	0	1356,6	ERA5
1065549	21/07/2025	21	21/07/2025	17	HAE	16,1	0	6,4	0	52,0	0	15,0	0	320,0	0	972,0	0	821,8	ERA5
1065550	21/07/2025	22	21/07/2025	18	HAE	15,1	0	6,4	0	56,0	0	17,0	0	310,0	0	972,0	0	847,1	ERA5
1065551	21/07/2025	23	21/07/2025	19	HAE	15,3	0	6,7	0	56,0	0	13,0	0	330,0	0	972,0	0	670,8	ERA5
1065552	22/07/2025	00	21/07/2025	20	HAE	14,6	0	7,1	0	60,0	0	13,0	0	300,0	0	973,0	0	318,1	ERA5
1065553	22/07/2025	01	21/07/2025	21	HAE	13,1	0	6,6	0	64,0	0	9,0	0	300,0	0	973,0	0	93,0	ERA5
1065554	22/07/2025	02	21/07/2025	22	HAE	11,4	0	6,8	0	73,0	0	9,0	0	300,0	0	974,0	0	0,0	ERA5
1065555	22/07/2025	03	21/07/2025	23	HAE	10,6	0	6,6	0	76,0	0	8,0	0	300,0	0	974,0	0	0,0	ERA5
1065556	22/07/2025	04	22/07/2025	00	HAE	9,9	0	6,5	0	79,0	0	8,0	0	280,0	0	974,0	0	0,0	ERA5
1065557	22/07/2025	05	22/07/2025	01	HAE	9,1	0	6,7	0	85,0	0	8,0	0	280,0	0	974,0	0	0,0	ERA5
1065558	22/07/2025	06	22/07/2025	02	HAE	9,1	0	6,4	0	83,0	0	11,0	0	310,0	0	975,0	0	0,0	ERA5
1065559	22/07/2025	07	22/07/2025	03	HAE	8,6	0	6,4	0	86,0	0	8,0	0	310,0	0	975,0	0	0,0	ERA5
1065560	22/07/2025	08	22/07/2025	04	HAE	7,8	0	6,3	0	90,0	0	4,0	0	310,0	0	975,0	0	0,0	ERA5
1065561	22/07/2025	09	22/07/2025	05	HAE	5,3	0	4,9	0	97,0	0	0,0	0	0,0	0	975,0	0	0,0	ERA5
1065562	22/07/2025	10	22/07/2025	06	HAE	6,0	0	5,1	0	94,0	0	0,0	0	0,0	0	976,0	0	58,3	ERA5
1065563	22/07/2025	11	22/07/2025	07	HAE	9,0	0	7,5	0	90,0	0	5,0	0	250,0	0	976,0	0	450,0	ERA5
1065564	22/07/2025	12	22/07/2025	08	HAE	11,1	0	7,6	0	79,0	0	9,0	0	240,0	0	976,0	0	1031,9	ERA5
1065565	22/07/2025	13	22/07/2025	09	HAE	13,9	0	7,6	0	66,0	0	8,0	0	280,0	0	977,0	0	1627,7	ERA5
1065566	22/07/2025	14	22/07/2025	10	HAE	15,0	0	7,6	0	61,0	0	11,0	0	260,0	0	976,0	0	2207,0	ERA5
1065567	22/07/2025	15	22/07/2025	11	HAE	16,6	0	7,4	0	54,0	0	15,0	0	190,0	0	976,0	0	2424,4	ERA5
1065568	22/07/2025	16	22/07/2025	12	HAE	16,8	0	5,8	0	48,0	0	13,0	0	230,0	0	976,0	0	1959,5	ERA5
1065569	22/07/2025	17	22/07/2025	13	HAE	16,9	0	6,2	0	49,0	0	15,0	0	270,0	0	976,0	0	2149,2	ERA5
1065570	22/07/2025	18	22/07/2025	14	HAE	17,7	0	7,3	0	50,0	0	15,0	0	190,0	0	975,0	0	2210,6	ERA5
1065571	22/07/2025	19	22/07/2025	15	HAE	17,9	0	7,2	0	49,0	0	9,0	0	260,0	0	975,0	0	1897,4	ERA5
1065572	22/07/2025	20	22/07/2025	16	HAE	17,7	0	6,6	0	48,0	0	15,0	0	250,0	0	975,0	0	1957,7	ERA5
1065573	22/07/2025	21	22/07/2025	17	HAE	17,6	0	7,1	0	50,0	0	15,0	0	230,0	0	975,0	0	1979,1	ERA5
1065574	22/07/2025	22	22/07/2025	18	HAE	18,4	0	6,3	0	45,0	0	13,0	0	230,0	0	974,0	0	1584,8	ERA5
1065575	22/07/2025	23	22/07/2025	19	HAE	18,4	0	6,1	0	44,0	0	11,0	0	240,0	0	974,0	0	1107,6	ERA5
1065576	23/07/2025	00	22/07/2025	20	HAE	17,8	0	6,6	0	48,0	0	4,0	0	200,0	0	974,0	0	530,2	ERA5
1065577	23/07/2025	01	22/07/2025	21	HAE	13,8	0	9,1	0	73,0	0	0,0	0	0,0	0	974,0	0	90,7	ERA5
1065578	23/07/2025	02	22/07/2025	22	HAE	12,4	0	9,0	0	80,0	0	0,0	0	0,0	0	974,0	0	-0,0	ERA5
1065579	23/07/2025	03	22/07/2025	23	HAE	9,6	0	7,5	0	87,0	0	4,0	0	170,0	0	974,0	0	0,0	ERA5
1065580	23/07/2025	04	23/07/2025	00	HAE	10,9	0	8,7	0	86,0	0	4,0	0	160,0	0	975,0	0	0,0	ERA5
1065581	23/07/2025	05	23/07/2025	01	HAE	9,1	0	7,9	0	92,0	0	4,0	0	150,0	0	974,0	0	0,0	ERA5
1065582	23/07/2025	06	23/07/2025	02	HAE	9,3	0	7,6	0	89,0	0	9,0	0	180,0	0	974,0	0	0,0	ERA5
1065583	23/07/2025	07	23/07/2025	03	HAE	9,3	0	7,1	0	86,0	0	9,0	0	170,0	0	974,0	0	0,0	ERA5
1065584	23/07/2025	08	23/07/2025	04	HAE	11,3	0	9,1	0	86,0	0	13,0	0	160,0	0	974,0	0	0,0	ERA5
1065585	23/07/2025	09	23/07/2025	05	HAE	11,6	0	9,2	0	85,0	0	15,0	0	160,0	0	974,0	0	0,0	ERA5
1065586	23/07/2025	10	23/07/2025	06	HAE	11,8	0	9,6	0	86,0	0	11,0	0	170,0	0	973,0	0	35,0	ERA5
1065587	23/07/2025	11	23/07/2025	07	HAE	13,7	0	10,3	0	80,0	0	13,0	0	170,0	0	973,0	0	294,6	ERA5
1065588	23/07/2025	12	23/07/2025	08	HAE	15,3	0	11,3	0	77,0	0	15,0	0	180,0	0	973,0	0	660,9	ERA5
1065589	23/07/2025	13	23/07/2025	09	HAE	16,6	0	12,2	0	75,0	0	15,0	0	180,0	0	972,0	0	1326,4	ERA5
1065590	23/07/2025	14	23/07/2025	10	HAE	17,7	0	12,8	0	73,0	0	17,0	0	180,0	0	972,0	0	1300,8	ERA5
1065591	23/07/2025	15	23/07/2025	11	HAE	17,8	0	12,3	0	70,0	0	21,0	0	180,0	0	972,0	0	1214,6	ERA5
1065592	23/07/2025	16	23/07/2025	12	HAE	17,3	0	13,4	0	78,0	0	21,0	0	180,0	0	972,0	0	871,4	ERA5
1065593	23/07/2025	17	23/07/2025	13	HAE	16,8	0	13,7	0	82,0	0	13,0	0	160,0	0	971,0	0	659,6	ERA5
1065594	23/07/2025	18	23/07/2025	14	HAE	18,3	0	13,4	0	73,0	0	26,0	0	170,0	0	970,0	0	1091,2	ERA5
1065595	23/07/2025	19	23/07/2025	15	HAE	15,3	0	14,0	0	92,0	0	26,0	0	190,0	0	970,0	0	1750,9	ERA5
1065596	23/07/2025	20	23/07/2025	16	HAE	15,2	0	14,7	0	97,0	0	28,0	0	180,0	0	969,0	0	1052,4	ERA5
1065597	23/07/2025	21	23/07/2025	17	HAE	15,6	0	14,8	0	95,0	0	28,0	0	190,0	0	968,0	0	430,2	ERA5
1065598	23/07/2025	22	23/07/2025	18	HAE	15,9	0	15,1	0	95,0	0	21,0	0	200,0	0	968,0	0	246,3	ERA5
1065599	23/07/2025	23	23/07/2025	19	HAE	16,3	0	15,4	0	94,0	0	15,0	0	190,0	0	968,0	0	196,7	ERA5
1065600	24/07/2025	00	23/07/2025	20	HAE	16,9	0	15,8	0	93,0	0	18,0	0	190,0	0	968,0	0	78,0	ERA5
1065601	24/07/2025	01	23/07/2025	21	HAE	18,0	0	16,7	0	92,0	0	17,0	0	210,0	0	967,0	0	10,2	ERA5
1065602	24/07/2025	02	23/07/2025	22	HAE	18,1	0	17,1	0	94,0	0	17,0	0	200,0	0	968,0	0	0,0	ERA5
1065603	24/07/2025	03	23/07/2025	23	HAE	17,8	0	17,3	0	97,0	0	15,0	0	190,0	0	967,0	0	-0,0	ERA5
1065604	24/07/2025	04	24/07/2025	00	HAE	17,7	0	17,4	0	98,0	0	13,0	0	200,0	0	967,0	0	0,0	ERA5
1065605	24/07/2025	05	24/07/2025	01	HAE	18,0	0	17,4	0	96,0	0	18,0	0	200,0	0	966,0	0	0,0	ERA5
1065606	24/07/2025	06	24/07/2025	02	HAE	18,1	0	17,5	0	96,0	0	15,0	0	210,0	0	965,0	0	0,0	ERA5
1065607	24/07/2025	07	24/07/2025	03	HAE	17,8	0	17,2	0	96,0	0	17,0	0	200,0	0	965,0	0	0,0	ERA5
1065608	24/07/2025	08	24/07/2025	04	HAE	17,7	0	16,4	0	92,0	0	18,0	0	200,0	0	964,0	0	0,0	ERA5
1065609	24/07/2025	09	24/07/2025	05	HAE	17,0	0	15,7	0	92,0	0	15,0	0	220,0	0	963,0	0	0,0	ERA5
1065610	24/07/2025	10	24/07/2025	06	HAE	16,6	0	15,8	0	95,0	0	17,0	0	210,0	0	963,0	0	3,6	ERA5
1065611	24/07/2025	11	24/07/2025	07	HAE	16,4	0	16,1	0	98,0	0	11,0	0	200,0	0	963,0	0	20,9	ERA5
1065612	24/07/2025	12	24/07/2025	08	HAE	16,5	0	16,0	0	97,0	0	11,0	0	210,0	0	962,0	0	42,7	ERA5
1065613	24/07/2025	13	24/07/2025	09	HAE	16,7	0	16,4	0	98,0	0	11,0	0	220,0	0	962,0	0	132,7	ERA5
1065614	24/07/2025	14	24/07/2025	10	HAE	16,9	0	16,6	0	98,0	0	11,0	0	210,0	0	961,0	0	268,9	ERA5
1065615	24/07/2025	15	24/07/2025	11	HAE	17,3	0	16,8	0	97,0	0	15,0	0	220,0	0	961,0	0	258,7	ERA5
1065616	24/07/2025	16	24/07/2025	12	HAE	17,5	0	16,9	0	96,0	0	17,0	0	260,0	0	962,0	0	244,6	ERA5
1065617	24/07/2025	17	24/07/2025	13	HAE	17,6	0	17,1	0	97,0	0	11,0	0	260,0	0	962,0	0	184,9	ERA5
1065618	24/07/2025	18	24/07/2025	14	HAE	18,2	0	17,3	0	94,0	0	11,0	0	260,0	0	962,0	0	225,0	ERA5
1065619	24/07/2025	19	24/07/2025	15	HAE	18,4	0	17,6	0	95,0	0	13,0	0	240,0	0	962,0	0	194,1	ERA5
1065620	24/07/2025	20	24/07/2025	16	HAE	18,5	0	17,9	0	96,0	0	11,0	0	260,0	0	963,0	0	198,6	ERA5
1065621	24/07/2025	21	24/07/2025	17	HAE	18,5	0	18,0	0	97,0	0	9,0	0	260,0	0	963,0	0	319,6	ERA5
1065622	24/07/2025	22	24/07/2025	18	HAE	18,3	0	18,0	0	98,0	0	11,0	0	280,0	0	963,0	0	398,9	ERA5
1065623	24/07/2025	23	24/07/2025	19	HAE	17,8	0	17,5	0	98,0	0	5,0	0	280,0	0	964,0	0	289,3	ERA5
1065624	25/07/2025	00	24/07/2025	20	HAE	17,6	0	17,3	0	98,0	0	9,0	0	250,0	0	964,0	0	98,9	ERA5
1065625	25/07/2025	01	24/07/2025	21	HAE	17,3	0	17,0	0	98,0	0	5,0	0	260,0	0	964,0	0	19,8	ERA5
1065626	25/07/2025	02	24/07/2025	22	HAE	17,0	0	16,8	0	99,0	0	8,0	0	280,0	0	965,0	0	0,0	ERA5
1065627	25/07/2025	03	24/07/2025	23	HAE	17,2	0	17,2	0	100,0	0	8,0	0	280,0	0	965,0	0	0,0	ERA5
1065628	25/07/2025	04	25/07/2025	00	HAE	17,0	0	16,8	0	99,0	0	8,0	0	290,0	0	965,0	0	0,0	ERA5
1065629	25/07/2025	05	25/07/2025	01	HAE	16,3	0	16,1	0	99,0	0	9,0	0	290,0	0	966,0	0	0,0	ERA5
1065630	25/07/2025	06	25/07/2025	02	HAE	15,3	0	14,9	0	97,0	0	8,0	0	310,0	0	966,0	0	0,0	ERA5
1065631	25/07/2025	07	25/07/2025	03	HAE	13,4	0	12,8	0	96,0	0	5,0	0	320,0	0	966,0	0	0,0	ERA5
1065632	25/07/2025	08	25/07/2025	04	HAE	12,6	0	11,8	0	95,0	0	4,0	0	0,0	0	967,0	0	0,0	ERA5
1065633	25/07/2025	09	25/07/2025	05	HAE	10,6	0	10,5	0	99,0	0	0,0	0	0,0	0	967,0	0	0,0	ERA5
1065634	25/07/2025	10	25/07/2025	06	HAE	10,0	0	9,7	0	98,0	0	5,0	0	310,0	0	968,0	0	45,8	ERA5
1065635	25/07/2025	11	25/07/2025	07	HAE	11,3	0	10,9	0	97,0	0	4,0	0	0,0	0	968,0	0	430,6	ERA5
1065636	25/07/2025	12	25/07/2025	08	HAE	13,1	0	11,8	0	92,0	0	4,0	0	0,0	0	968,0	0	997,4	ERA5
1065637	25/07/2025	13	25/07/2025	09	HAE	14,8	0	11,6	0	81,0	0	8,0	0	320,0	0	969,0	0	1606,1	ERA5
1065638	25/07/2025	14	25/07/2025	10	HAE	16,0	0	11,9	0	76,0	0	9,0	0	320,0	0	969,0	0	2076,8	ERA5
1065639	25/07/2025	15	25/07/2025	11	HAE	18,0	0	10,4	0	61,0	0	13,0	0	300,0	0	970,0	0	2299,9	ERA5
1065640	25/07/2025	16	25/07/2025	12	HAE	19,4	0	10,2	0	55,0	0	13,0	0	310,0	0	970,0	0	1765,6	ERA5
1065641	25/07/2025	17	25/07/2025	13	HAE	20,3	0	7,7	0	44,0	0	21,0	0	290,0	0	970,0	0	2407,6	ERA5
1065642	25/07/2025	18	25/07/2025	14	HAE	20,5	0	8,4	0	45,0	0	18,0	0	300,0	0	970,0	0	1988,5	ERA5
1065643	25/07/2025	19	25/07/2025	15	HAE	20,2	0	7,7	0	44,0	0	15,0	0	310,0	0	970,0	0	1970,2	ERA5
1065644	25/07/2025	20	25/07/2025	16	HAE	21,4	0	8,7	0	44,0	0	18,0	0	300,0	0	970,0	0	1910,0	ERA5
1065645	25/07/2025	21	25/07/2025	17	HAE	21,6	0	8,2	0	42,0	0	15,0	0	300,0	0	970,0	0	1671,0	ERA5
1065646	25/07/2025	22	25/07/2025	18	HAE	21,6	0	7,9	0	41,0	0	18,0	0	270,0	0	969,0	0	1272,7	ERA5
1065647	25/07/2025	23	25/07/2025	19	HAE	20,8	0	8,4	0	44,0	0	13,0	0	290,0	0	970,0	0	990,9	ERA5
1065648	26/07/2025	00	25/07/2025	20	HAE	20,0	0	8,5	0	47,0	0	8,0	0	290,0	0	970,0	0	436,7	ERA5
1065649	26/07/2025	01	25/07/2025	21	HAE	17,7	0	9,2	0	57,0	0	5,0	0	290,0	0	971,0	0	68,0	ERA5
1065650	26/07/2025	02	25/07/2025	22	HAE	14,4	0	10,0	0	75,0	0	5,0	0	290,0	0	971,0	0	0,0	ERA5
1065651	26/07/2025	03	25/07/2025	23	HAE	13,0	0	9,9	0	81,0	0	4,0	0	280,0	0	972,0	0	0,0	ERA5
1065652	26/07/2025	04	26/07/2025	00	HAE	11,6	0	9,3	0	86,0	0	5,0	0	300,0	0	972,0	0	0,0	ERA5
1065653	26/07/2025	05	26/07/2025	01	HAE	10,4	0	8,6	0	88,0	0	8,0	0	320,0	0	972,0	0	0,0	ERA5
1065654	26/07/2025	06	26/07/2025	02	HAE	8,7	0	7,8	0	94,0	0	4,0	0	200,0	0	972,0	0	-0,0	ERA5
1065655	26/07/2025	07	26/07/2025	03	HAE	8,7	0	7,6	0	93,0	0	5,0	0	160,0	0	972,0	0	0,0	ERA5
1065656	26/07/2025	08	26/07/2025	04	HAE	7,2	0	6,4	0	95,0	0	8,0	0	180,0	0	972,0	0	0,0	ERA5
1065657	26/07/2025	09	26/07/2025	05	HAE	9,6	0	8,7	0	94,0	0	5,0	0	180,0	0	973,0	0	0,0	ERA5
1065658	26/07/2025	10	26/07/2025	06	HAE	9,0	0	8,3	0	95,0	0	9,0	0	180,0	0	973,0	0	43,7	ERA5
1065659	26/07/2025	11	26/07/2025	07	HAE	12,2	0	10,2	0	87,0	0	11,0	0	170,0	0	972,0	0	422,8	ERA5
1065660	26/07/2025	12	26/07/2025	08	HAE	14,9	0	10,3	0	74,0	0	15,0	0	170,0	0	972,0	0	996,1	ERA5
1065661	26/07/2025	13	26/07/2025	09	HAE	19,0	0	9,1	0	52,0	0	21,0	0	190,0	0	972,0	0	1601,7	ERA5
1065662	26/07/2025	14	26/07/2025	10	HAE	21,0	0	12,0	0	56,0	0	18,0	0	200,0	0	971,0	0	2167,9	ERA5
1065663	26/07/2025	15	26/07/2025	11	HAE	22,5	0	12,6	0	53,0	0	22,0	0	200,0	0	971,0	0	2634,8	ERA5
1065664	26/07/2025	16	26/07/2025	12	HAE	23,1	0	13,2	0	53,0	0	21,0	0	220,0	0	970,0	0	2938,4	ERA5
1065665	26/07/2025	17	26/07/2025	13	HAE	24,8	0	12,6	0	46,0	0	28,0	0	240,0	0	969,0	0	2635,1	ERA5
1065666	26/07/2025	18	26/07/2025	14	HAE	24,6	0	11,6	0	44,0	0	34,0	0	200,0	0	968,0	0	2237,2	ERA5
1065667	26/07/2025	19	26/07/2025	15	HAE	25,1	0	12,3	0	44,0	0	28,0	0	190,0	0	968,0	0	2493,2	ERA5
1065668	26/07/2025	20	26/07/2025	16	HAE	26,4	0	12,1	0	40,0	0	22,0	0	210,0	0	967,0	0	1512,1	ERA5
1065669	26/07/2025	21	26/07/2025	17	HAE	26,2	0	11,7	0	40,0	0	22,0	0	210,0	0	966,0	0	1094,9	ERA5
1065670	26/07/2025	22	26/07/2025	18	HAE	25,5	0	11,1	0	40,0	0	24,0	0	210,0	0	965,0	0	1263,4	ERA5
1065671	26/07/2025	23	26/07/2025	19	HAE	25,9	0	12,0	0	41,0	0	17,0	0	220,0	0	965,0	0	908,6	ERA5
1065672	27/07/2025	00	26/07/2025	20	HAE	24,2	0	12,4	0	47,0	0	11,0	0	220,0	0	964,0	0	397,3	ERA5
1065673	27/07/2025	01	26/07/2025	21	HAE	21,0	0	13,8	0	63,0	0	13,0	0	200,0	0	964,0	0	58,4	ERA5
1065674	27/07/2025	02	26/07/2025	22	HAE	19,8	0	13,8	0	68,0	0	9,0	0	210,0	0	964,0	0	0,0	ERA5
1065675	27/07/2025	03	26/07/2025	23	HAE	19,8	0	13,8	0	68,0	0	13,0	0	210,0	0	964,0	0	0,0	ERA5
1065676	27/07/2025	04	27/07/2025	00	HAE	19,4	0	13,9	0	70,0	0	15,0	0	210,0	0	964,0	0	0,0	ERA5
1065677	27/07/2025	05	27/07/2025	01	HAE	18,8	0	13,3	0	70,0	0	13,0	0	200,0	0	963,0	0	0,0	ERA5
1065678	27/07/2025	06	27/07/2025	02	HAE	19,4	0	13,5	0	68,0	0	18,0	0	210,0	0	963,0	0	0,0	ERA5
1065679	27/07/2025	07	27/07/2025	03	HAE	19,7	0	14,2	0	70,0	0	21,0	0	210,0	0	962,0	0	0,0	ERA5
1065680	27/07/2025	08	27/07/2025	04	HAE	19,0	0	14,1	0	73,0	0	17,0	0	210,0	0	962,0	0	0,0	ERA5
1065681	27/07/2025	09	27/07/2025	05	HAE	19,0	0	14,1	0	73,0	0	17,0	0	220,0	0	962,0	0	0,0	ERA5
1065682	27/07/2025	10	27/07/2025	06	HAE	18,5	0	14,3	0	76,0	0	13,0	0	230,0	0	962,0	0	30,5	ERA5
1065683	27/07/2025	11	27/07/2025	07	HAE	18,8	0	14,4	0	75,0	0	15,0	0	240,0	0	962,0	0	293,6	ERA5
1065684	27/07/2025	12	27/07/2025	08	HAE	19,3	0	15,0	0	76,0	0	18,0	0	230,0	0	962,0	0	708,0	ERA5
1065685	27/07/2025	13	27/07/2025	09	HAE	18,8	0	16,1	0	84,0	0	9,0	0	250,0	0	963,0	0	1157,2	ERA5
1065686	27/07/2025	14	27/07/2025	10	HAE	19,3	0	16,4	0	83,0	0	11,0	0	240,0	0	963,0	0	1173,2	ERA5
1065687	27/07/2025	15	27/07/2025	11	HAE	20,0	0	16,4	0	79,0	0	18,0	0	250,0	0	963,0	0	940,5	ERA5
1065688	27/07/2025	16	27/07/2025	12	HAE	22,1	0	17,1	0	73,0	0	15,0	0	230,0	0	963,0	0	327,6	ERA5
1065689	27/07/2025	17	27/07/2025	13	HAE	21,9	0	17,3	0	75,0	0	15,0	0	240,0	0	963,0	0	785,9	ERA5
1065690	27/07/2025	18	27/07/2025	14	HAE	23,6	0	16,9	0	66,0	0	21,0	0	250,0	0	963,0	0	855,0	ERA5
1065691	27/07/2025	19	27/07/2025	15	HAE	24,2	0	16,4	0	61,0	0	17,0	0	270,0	0	963,0	0	1386,2	ERA5
1065692	27/07/2025	20	27/07/2025	16	HAE	19,3	0	18,5	0	95,0	0	9,0	0	260,0	0	965,0	0	1026,7	ERA5
1065693	27/07/2025	21	27/07/2025	17	HAE	21,2	0	19,0	0	87,0	0	15,0	0	290,0	0	965,0	0	1044,1	ERA5
1065694	27/07/2025	22	27/07/2025	18	HAE	22,5	0	17,8	0	75,0	0	15,0	0	300,0	0	965,0	0	1130,8	ERA5
1065695	27/07/2025	23	27/07/2025	19	HAE	20,7	0	18,1	0	85,0	0	17,0	0	290,0	0	966,0	0	924,2	ERA5
1065696	28/07/2025	00	27/07/2025	20	HAE	20,2	0	16,3	0	78,0	0	13,0	0	300,0	0	966,0	0	415,7	ERA5
1065697	28/07/2025	01	27/07/2025	21	HAE	19,1	0	16,0	0	82,0	0	9,0	0	290,0	0	968,0	0	59,8	ERA5
1065698	28/07/2025	02	27/07/2025	22	HAE	17,5	0	13,5	0	77,0	0	11,0	0	310,0	0	968,0	0	0,0	ERA5
1065699	28/07/2025	03	27/07/2025	23	HAE	15,9	0	10,3	0	69,0	0	13,0	0	320,0	0	968,0	0	0,0	ERA5
1065700	28/07/2025	04	28/07/2025	00	HAE	14,2	0	9,9	0	75,0	0	9,0	0	290,0	0	969,0	0	0,0	ERA5
1065701	28/07/2025	05	28/07/2025	01	HAE	13,0	0	9,6	0	80,0	0	4,0	0	0,0	0	970,0	0	0,0	ERA5
1065702	28/07/2025	06	28/07/2025	02	HAE	12,4	0	9,8	0	84,0	0	8,0	0	300,0	0	970,0	0	-0,0	ERA5
1065703	28/07/2025	07	28/07/2025	03	HAE	10,4	0	9,3	0	93,0	0	0,0	0	0,0	0	970,0	0	0,0	ERA5
1065704	28/07/2025	08	28/07/2025	04	HAE	10,1	0	9,0	0	93,0	0	4,0	0	0,0	0	970,0	0	0,0	ERA5
1065705	28/07/2025	09	28/07/2025	05	HAE	8,5	0	7,6	0	94,0	0	0,0	0	0,0	0	971,0	0	0,0	ERA5
1065706	28/07/2025	10	28/07/2025	06	HAE	9,5	0	8,7	0	95,0	0	0,0	0	0,0	0	971,0	0	35,5	ERA5
1065707	28/07/2025	11	28/07/2025	07	HAE	9,7	0	9,6	0	99,0	0	0,0	0	0,0	0	972,0	0	392,1	ERA5
1065708	28/07/2025	12	28/07/2025	08	HAE	12,8	0	11,6	0	92,0	0	8,0	0	120,0	0	971,0	0	955,9	ERA5
1065709	28/07/2025	13	28/07/2025	09	HAE	14,3	0	10,9	0	80,0	0	13,0	0	130,0	0	971,0	0	1610,0	ERA5
1065710	28/07/2025	14	28/07/2025	10	HAE	15,7	0	11,4	0	75,0	0	15,0	0	120,0	0	970,0	0	2006,5	ERA5
1065711	28/07/2025	15	28/07/2025	11	HAE	16,3	0	10,7	0	69,0	0	15,0	0	130,0	0	970,0	0	1949,1	ERA5
1065712	28/07/2025	16	28/07/2025	12	HAE	15,6	0	11,3	0	75,0	0	15,0	0	130,0	0	969,0	0	1699,9	ERA5
1065713	28/07/2025	17	28/07/2025	13	HAE	14,6	0	12,2	0	85,0	0	15,0	0	100,0	0	968,0	0	1913,3	ERA5
1065714	28/07/2025	18	28/07/2025	14	HAE	12,6	0	10,7	0	88,0	0	21,0	0	110,0	0	968,0	0	1725,9	ERA5
1065715	28/07/2025	19	28/07/2025	15	HAE	12,2	0	11,2	0	94,0	0	22,0	0	80,0	0	966,0	0	419,7	ERA5
1065716	28/07/2025	20	28/07/2025	16	HAE	12,7	0	11,9	0	95,0	0	15,0	0	100,0	0	965,0	0	296,4	ERA5
1065717	28/07/2025	21	28/07/2025	17	HAE	12,2	0	11,6	0	96,0	0	13,0	0	70,0	0	965,0	0	289,8	ERA5
1065718	28/07/2025	22	28/07/2025	18	HAE	12,3	0	11,8	0	97,0	0	13,0	0	90,0	0	965,0	0	275,4	ERA5
1065719	28/07/2025	23	28/07/2025	19	HAE	11,9	0	11,1	0	95,0	0	15,0	0	60,0	0	965,0	0	168,7	ERA5
1065720	29/07/2025	00	28/07/2025	20	HAE	12,1	0	11,5	0	96,0	0	15,0	0	60,0	0	965,0	0	62,9	ERA5
1065721	29/07/2025	01	28/07/2025	21	HAE	11,7	0	11,2	0	97,0	0	13,0	0	80,0	0	966,0	0	7,6	ERA5
1065722	29/07/2025	02	28/07/2025	22	HAE	11,7	0	11,4	0	98,0	0	8,0	0	90,0	0	966,0	0	0,0	ERA5
1065723	29/07/2025	03	28/07/2025	23	HAE	11,7	0	11,6	0	99,0	0	8,0	0	40,0	0	966,0	0	-0,0	ERA5
1065724	29/07/2025	04	29/07/2025	00	HAE	11,6	0	11,5	0	99,0	0	9,0	0	350,0	0	967,0	0	0,0	ERA5
1065725	29/07/2025	05	29/07/2025	01	HAE	11,5	0	11,4	0	99,0	0	11,0	0	340,0	0	967,0	0	0,0	ERA5
1065726	29/07/2025	06	29/07/2025	02	HAE	11,4	0	11,3	0	99,0	0	8,0	0	310,0	0	968,0	0	0,0	ERA5
1065727	29/07/2025	07	29/07/2025	03	HAE	11,5	0	11,2	0	98,0	0	9,0	0	320,0	0	968,0	0	0,0	ERA5
1065728	29/07/2025	08	29/07/2025	04	HAE	11,5	0	11,2	0	98,0	0	8,0	0	320,0	0	969,0	0	0,0	ERA5
1065729	29/07/2025	09	29/07/2025	05	HAE	11,7	0	11,4	0	98,0	0	8,0	0	330,0	0	969,0	0	0,0	ERA5
1065730	29/07/2025	10	29/07/2025	06	HAE	11,3	0	11,2	0	99,0	0	4,0	0	0,0	0	970,0	0	31,0	ERA5
1065731	29/07/2025	11	29/07/2025	07	HAE	11,4	0	11,4	0	100,0	0	5,0	0	290,0	0	970,0	0	324,5	ERA5
1065732	29/07/2025	12	29/07/2025	08	HAE	12,1	0	12,1	0	100,0	0	11,0	0	270,0	0	971,0	0	794,2	ERA5
1065733	29/07/2025	13	29/07/2025	09	HAE	12,2	0	12,1	0	99,0	0	9,0	0	250,0	0	971,0	0	1454,3	ERA5
1065734	29/07/2025	14	29/07/2025	10	HAE	13,2	0	12,7	0	97,0	0	11,0	0	230,0	0	971,0	0	1900,1	ERA5
1065735	29/07/2025	15	29/07/2025	11	HAE	13,7	0	12,7	0	94,0	0	13,0	0	220,0	0	971,0	0	2107,3	ERA5
1065736	29/07/2025	16	29/07/2025	12	HAE	13,4	0	12,6	0	95,0	0	11,0	0	240,0	0	971,0	0	2337,7	ERA5
1065737	29/07/2025	17	29/07/2025	13	HAE	16,1	0	13,3	0	83,0	0	15,0	0	230,0	0	971,0	0	1738,1	ERA5
1065738	29/07/2025	18	29/07/2025	14	HAE	18,2	0	13,7	0	75,0	0	13,0	0	230,0	0	971,0	0	1586,7	ERA5
1065739	29/07/2025	19	29/07/2025	15	HAE	19,4	0	13,6	0	69,0	0	21,0	0	220,0	0	970,0	0	1953,9	ERA5
1065740	29/07/2025	20	29/07/2025	16	HAE	19,0	0	14,1	0	73,0	0	11,0	0	250,0	0	970,0	0	1309,5	ERA5
1065741	29/07/2025	21	29/07/2025	17	HAE	19,2	0	13,6	0	70,0	0	9,0	0	240,0	0	970,0	0	1243,9	ERA5
1065742	29/07/2025	22	29/07/2025	18	HAE	17,3	0	14,5	0	83,0	0	15,0	0	220,0	0	970,0	0	904,1	ERA5
1065743	29/07/2025	23	29/07/2025	19	HAE	16,5	0	13,5	0	82,0	0	13,0	0	230,0	0	970,0	0	704,2	ERA5
1065744	30/07/2025	00	29/07/2025	20	HAE	16,5	0	13,5	0	82,0	0	5,0	0	280,0	0	970,0	0	318,4	ERA5
1065745	30/07/2025	01	29/07/2025	21	HAE	15,2	0	13,4	0	89,0	0	5,0	0	240,0	0	970,0	0	41,5	ERA5
1065746	30/07/2025	02	29/07/2025	22	HAE	14,7	0	13,4	0	92,0	0	8,0	0	270,0	0	970,0	0	0,0	ERA5
1065747	30/07/2025	03	29/07/2025	23	HAE	14,1	0	13,0	0	93,0	0	5,0	0	270,0	0	971,0	0	0,0	ERA5
1065748	30/07/2025	04	30/07/2025	00	HAE	13,4	0	12,5	0	94,0	0	5,0	0	260,0	0	970,0	0	0,0	ERA5
1065749	30/07/2025	05	30/07/2025	01	HAE	12,4	0	11,0	0	91,0	0	4,0	0	280,0	0	970,0	0	0,0	ERA5
1065750	30/07/2025	06	30/07/2025	02	HAE	12,1	0	10,9	0	92,0	0	4,0	0	300,0	0	970,0	0	-0,0	ERA5
1065751	30/07/2025	07	30/07/2025	03	HAE	9,1	0	8,7	0	97,0	0	4,0	0	310,0	0	970,0	0	0,0	ERA5
1065752	30/07/2025	08	30/07/2025	04	HAE	8,4	0	8,1	0	98,0	0	4,0	0	0,0	0	970,0	0	0,0	ERA5
1065753	30/07/2025	09	30/07/2025	05	HAE	8,3	0	7,7	0	96,0	0	0,0	0	0,0	0	970,0	0	0,0	ERA5
1065754	30/07/2025	10	30/07/2025	06	HAE	8,2	0	7,3	0	94,0	0	4,0	0	260,0	0	970,0	0	29,9	ERA5
1065755	30/07/2025	11	30/07/2025	07	HAE	10,6	0	8,3	0	86,0	0	8,0	0	260,0	0	971,0	0	385,1	ERA5
1065756	30/07/2025	12	30/07/2025	08	HAE	11,8	0	8,7	0	81,0	0	8,0	0	250,0	0	972,0	0	937,0	ERA5
1065757	30/07/2025	13	30/07/2025	09	HAE	14,7	0	9,5	0	71,0	0	5,0	0	240,0	0	971,0	0	1510,6	ERA5
1065758	30/07/2025	14	30/07/2025	10	HAE	16,4	0	8,0	0	57,0	0	18,0	0	290,0	0	971,0	0	2025,6	ERA5
1065759	30/07/2025	15	30/07/2025	11	HAE	17,4	0	8,1	0	54,0	0	18,0	0	290,0	0	971,0	0	2155,3	ERA5
1065760	30/07/2025	16	30/07/2025	12	HAE	17,4	0	6,1	0	47,0	0	24,0	0	280,0	0	971,0	0	2038,3	ERA5
1065761	30/07/2025	17	30/07/2025	13	HAE	17,4	0	7,0	0	50,0	0	18,0	0	300,0	0	971,0	0	2565,8	ERA5
1065762	30/07/2025	18	30/07/2025	14	HAE	13,7	0	8,6	0	71,0	0	17,0	0	280,0	0	971,0	0	2689,7	ERA5
1065763	30/07/2025	19	30/07/2025	15	HAE	16,4	0	8,6	0	60,0	0	21,0	0	290,0	0	971,0	0	2540,9	ERA5
1065764	30/07/2025	20	30/07/2025	16	HAE	16,9	0	7,2	0	52,0	0	22,0	0	310,0	0	971,0	0	2254,0	ERA5
1065765	30/07/2025	21	30/07/2025	17	HAE	15,3	0	8,0	0	62,0	0	17,0	0	320,0	0	971,0	0	1948,7	ERA5
1065766	30/07/2025	22	30/07/2025	18	HAE	16,9	0	6,7	0	51,0	0	21,0	0	290,0	0	971,0	0	1298,4	ERA5
1065767	30/07/2025	23	30/07/2025	19	HAE	15,6	0	7,3	0	57,0	0	18,0	0	310,0	0	972,0	0	700,5	ERA5
1065768	31/07/2025	00	30/07/2025	20	HAE	14,2	0	6,4	0	59,0	0	11,0	0	310,0	0	972,0	0	376,0	ERA5
1065769	31/07/2025	01	30/07/2025	21	HAE	12,3	0	6,4	0	67,0	0	8,0	0	320,0	0	973,0	0	49,7	ERA5
1065770	31/07/2025	02	30/07/2025	22	HAE	11,3	0	7,3	0	76,0	0	5,0	0	310,0	0	973,0	0	0,0	ERA5
1065771	31/07/2025	03	30/07/2025	23	HAE	10,6	0	6,7	0	77,0	0	13,0	0	290,0	0	973,0	0	0,0	ERA5
1065772	31/07/2025	04	31/07/2025	00	HAE	9,5	0	5,9	0	78,0	0	9,0	0	300,0	0	973,0	0	0,0	ERA5
1065773	31/07/2025	05	31/07/2025	01	HAE	8,4	0	5,4	0	81,0	0	8,0	0	300,0	0	974,0	0	0,0	ERA5
1065774	31/07/2025	06	31/07/2025	02	HAE	6,8	0	4,8	0	87,0	0	8,0	0	280,0	0	974,0	0	-0,0	ERA5
1065775	31/07/2025	07	31/07/2025	03	HAE	6,4	0	4,9	0	90,0	0	9,0	0	280,0	0	975,0	0	0,0	ERA5
1065776	31/07/2025	08	31/07/2025	04	HAE	6,5	0	5,2	0	92,0	0	9,0	0	310,0	0	975,0	0	0,0	ERA5
1065777	31/07/2025	09	31/07/2025	05	HAE	6,4	0	5,4	0	93,0	0	5,0	0	290,0	0	976,0	0	0,0	ERA5
1065778	31/07/2025	10	31/07/2025	06	HAE	7,2	0	5,3	0	88,0	0	9,0	0	330,0	0	976,0	0	12,4	ERA5
1065779	31/07/2025	11	31/07/2025	07	HAE	7,7	0	5,0	0	83,0	0	9,0	0	310,0	0	977,0	0	199,2	ERA5
1065780	31/07/2025	12	31/07/2025	08	HAE	8,3	0	4,9	0	79,0	0	13,0	0	310,0	0	977,0	0	401,2	ERA5
1065781	31/07/2025	13	31/07/2025	09	HAE	9,0	0	4,3	0	72,0	0	13,0	0	300,0	0	978,0	0	852,3	ERA5
1065782	31/07/2025	14	31/07/2025	10	HAE	10,7	0	3,5	0	61,0	0	17,0	0	340,0	0	978,0	0	1168,5	ERA5
1065783	31/07/2025	15	31/07/2025	11	HAE	11,4	0	4,0	0	60,0	0	15,0	0	320,0	0	978,0	0	1548,0	ERA5
1065784	31/07/2025	16	31/07/2025	12	HAE	12,1	0	4,2	0	58,0	0	5,0	0	0,0	0	978,0	0	1572,3	ERA5
1065785	31/07/2025	17	31/07/2025	13	HAE	12,5	0	4,4	0	58,0	0	15,0	0	320,0	0	978,0	0	1209,3	ERA5
1065786	31/07/2025	18	31/07/2025	14	HAE	13,3	0	4,6	0	55,0	0	9,0	0	320,0	0	978,0	0	1864,5	ERA5
1065787	31/07/2025	19	31/07/2025	15	HAE	14,5	0	5,1	0	53,0	0	11,0	0	330,0	0	978,0	0	1410,6	ERA5
1065788	31/07/2025	20	31/07/2025	16	HAE	13,9	0	5,9	0	58,0	0	11,0	0	320,0	0	978,0	0	1585,6	ERA5
1065789	31/07/2025	21	31/07/2025	17	HAE	14,7	0	5,1	0	52,0	0	15,0	0	350,0	0	978,0	0	1389,8	ERA5
1065790	31/07/2025	22	31/07/2025	18	HAE	14,1	0	5,6	0	56,0	0	13,0	0	310,0	0	978,0	0	1125,4	ERA5
1065791	31/07/2025	23	31/07/2025	19	HAE	14,6	0	6,0	0	56,0	0	13,0	0	290,0	0	978,0	0	652,9	ERA5
1065792	01/08/2025	00	31/07/2025	20	HAE	13,7	0	6,4	0	61,0	0	11,0	0	280,0	0	978,0	0	321,5	ERA5
1065793	01/08/2025	01	31/07/2025	21	HAE	11,5	0	6,5	0	71,0	0	5,0	0	270,0	0	979,0	0	34,2	ERA5
1065794	01/08/2025	02	31/07/2025	22	HAE	9,6	0	6,5	0	81,0	0	5,0	0	240,0	0	979,0	0	0,0	ERA5
1065795	01/08/2025	03	31/07/2025	23	HAE	9,2	0	6,1	0	81,0	0	4,0	0	270,0	0	979,0	0	0,0	ERA5
1065796	01/08/2025	04	01/08/2025	00	HAE	7,3	0	5,8	0	90,0	0	5,0	0	270,0	0	979,0	0	0,0	ERA5
1065797	01/08/2025	05	01/08/2025	01	HAE	6,5	0	5,2	0	91,0	0	4,0	0	250,0	0	979,0	0	0,0	ERA5
1065798	01/08/2025	06	01/08/2025	02	HAE	6,7	0	5,3	0	91,0	0	0,0	0	0,0	0	979,0	0	0,0	ERA5
1065799	01/08/2025	07	01/08/2025	03	HAE	6,2	0	5,2	0	93,0	0	4,0	0	0,0	0	979,0	0	0,0	ERA5
1065800	01/08/2025	08	01/08/2025	04	HAE	6,5	0	6,1	0	97,0	0	4,0	0	0,0	0	979,0	0	0,0	ERA5
1065801	01/08/2025	09	01/08/2025	05	HAE	5,6	0	5,5	0	99,0	0	5,0	0	200,0	0	979,0	0	0,0	ERA5
1065802	01/08/2025	10	01/08/2025	06	HAE	8,0	0	6,9	0	93,0	0	8,0	0	240,0	0	980,0	0	20,4	ERA5
1065803	01/08/2025	11	01/08/2025	07	HAE	9,6	0	8,3	0	91,0	0	5,0	0	210,0	0	980,0	0	234,8	ERA5
1065804	01/08/2025	12	01/08/2025	08	HAE	12,5	0	8,1	0	74,0	0	9,0	0	230,0	0	980,0	0	682,3	ERA5
1065805	01/08/2025	13	01/08/2025	09	HAE	14,2	0	7,7	0	65,0	0	11,0	0	230,0	0	980,0	0	1250,6	ERA5
1065806	01/08/2025	14	01/08/2025	10	HAE	16,4	0	7,5	0	55,0	0	15,0	0	220,0	0	979,0	0	1616,1	ERA5
1065807	01/08/2025	15	01/08/2025	11	HAE	17,4	0	7,4	0	51,0	0	11,0	0	0,0	0	979,0	0	2114,2	ERA5
1065808	01/08/2025	16	01/08/2025	12	HAE	17,2	0	7,2	0	51,0	0	9,0	0	210,0	0	978,0	0	2611,6	ERA5
1065809	01/08/2025	17	01/08/2025	13	HAE	15,7	0	8,5	0	62,0	0	15,0	0	200,0	0	978,0	0	3007,7	ERA5
1065810	01/08/2025	18	01/08/2025	14	HAE	16,6	0	8,7	0	59,0	0	22,0	0	240,0	0	978,0	0	3091,8	ERA5
1065811	01/08/2025	19	01/08/2025	15	HAE	18,1	0	8,9	0	55,0	0	8,0	0	0,0	0	977,0	0	1645,7	ERA5
1065812	01/08/2025	20	01/08/2025	16	HAE	15,3	0	9,6	0	69,0	0	18,0	0	10,0	0	977,0	0	2027,4	ERA5
1065813	01/08/2025	21	01/08/2025	17	HAE	13,9	0	11,4	0	85,0	0	18,0	0	330,0	0	977,0	0	1814,4	ERA5
1065814	01/08/2025	22	01/08/2025	18	HAE	14,0	0	11,9	0	87,0	0	13,0	0	100,0	0	977,0	0	1281,0	ERA5
1065815	01/08/2025	23	01/08/2025	19	HAE	14,0	0	10,9	0	82,0	0	9,0	0	80,0	0	977,0	0	717,0	ERA5
1065816	02/08/2025	00	01/08/2025	20	HAE	13,2	0	11,1	0	87,0	0	8,0	0	100,0	0	977,0	0	347,2	ERA5
1065817	02/08/2025	01	01/08/2025	21	HAE	12,1	0	11,2	0	94,0	0	9,0	0	60,0	0	977,0	0	38,6	ERA5
1065818	02/08/2025	02	01/08/2025	22	HAE	11,6	0	10,9	0	96,0	0	9,0	0	60,0	0	977,0	0	0,0	ERA5
1065819	02/08/2025	03	01/08/2025	23	HAE	11,4	0	11,1	0	98,0	0	8,0	0	130,0	0	976,0	0	0,0	ERA5
1065820	02/08/2025	04	02/08/2025	00	HAE	11,0	0	10,6	0	97,0	0	8,0	0	150,0	0	976,0	0	0,0	ERA5
1065821	02/08/2025	05	02/08/2025	01	HAE	10,4	0	10,3	0	99,0	0	5,0	0	200,0	0	976,0	0	0,0	ERA5
1065822	02/08/2025	06	02/08/2025	02	HAE	9,9	0	9,9	0	100,0	0	5,0	0	210,0	0	975,0	0	0,0	ERA5
1065823	02/08/2025	07	02/08/2025	03	HAE	9,8	0	9,8	0	100,0	0	4,0	0	200,0	0	975,0	0	0,0	ERA5
1065824	02/08/2025	08	02/08/2025	04	HAE	9,4	0	9,4	0	100,0	0	4,0	0	210,0	0	975,0	0	0,0	ERA5
1065825	02/08/2025	09	02/08/2025	05	HAE	8,2	0	8,2	0	100,0	0	0,0	0	0,0	0	975,0	0	0,0	ERA5
1065826	02/08/2025	10	02/08/2025	06	HAE	9,5	0	9,5	0	100,0	0	5,0	0	220,0	0	975,0	0	19,2	ERA5
1065827	02/08/2025	11	02/08/2025	07	HAE	10,9	0	10,9	0	100,0	0	9,0	0	210,0	0	974,0	0	308,0	ERA5
1065828	02/08/2025	12	02/08/2025	08	HAE	11,9	0	11,6	0	98,0	0	9,0	0	240,0	0	974,0	0	772,8	ERA5
1065829	02/08/2025	13	02/08/2025	09	HAE	12,3	0	12,0	0	98,0	0	4,0	0	0,0	0	974,0	0	1186,9	ERA5
1065830	02/08/2025	14	02/08/2025	10	HAE	13,2	0	12,0	0	93,0	0	8,0	0	230,0	0	974,0	0	1422,1	ERA5
1065831	02/08/2025	15	02/08/2025	11	HAE	14,9	0	12,9	0	88,0	0	8,0	0	140,0	0	973,0	0	1563,8	ERA5
1065832	02/08/2025	16	02/08/2025	12	HAE	16,5	0	14,0	0	85,0	0	11,0	0	170,0	0	973,0	0	1065,7	ERA5
1065833	02/08/2025	17	02/08/2025	13	HAE	16,6	0	13,9	0	84,0	0	15,0	0	200,0	0	973,0	0	1638,6	ERA5
1065834	02/08/2025	18	02/08/2025	14	HAE	18,7	0	13,0	0	69,0	0	21,0	0	190,0	0	971,0	0	2028,0	ERA5
1065835	02/08/2025	19	02/08/2025	15	HAE	19,1	0	13,3	0	69,0	0	18,0	0	200,0	0	971,0	0	1914,9	ERA5
1065836	02/08/2025	20	02/08/2025	16	HAE	20,8	0	13,2	0	62,0	0	18,0	0	210,0	0	970,0	0	1262,8	ERA5
1065837	02/08/2025	21	02/08/2025	17	HAE	20,6	0	12,7	0	60,0	0	18,0	0	230,0	0	970,0	0	1484,8	ERA5
1065838	02/08/2025	22	02/08/2025	18	HAE	19,7	0	13,1	0	65,0	0	15,0	0	230,0	0	970,0	0	1123,7	ERA5
1065839	02/08/2025	23	02/08/2025	19	HAE	19,6	0	13,9	0	69,0	0	18,0	0	230,0	0	970,0	0	786,8	ERA5
1065840	03/08/2025	00	02/08/2025	20	HAE	18,3	0	14,2	0	77,0	0	11,0	0	230,0	0	970,0	0	326,3	ERA5
1065841	03/08/2025	01	02/08/2025	21	HAE	16,3	0	14,2	0	87,0	0	8,0	0	210,0	0	969,0	0	26,9	ERA5
1065842	03/08/2025	02	02/08/2025	22	HAE	16,2	0	14,6	0	90,0	0	9,0	0	200,0	0	969,0	0	0,0	ERA5
1065843	03/08/2025	03	02/08/2025	23	HAE	16,0	0	14,7	0	92,0	0	13,0	0	190,0	0	968,0	0	-0,0	ERA5
1065844	03/08/2025	04	03/08/2025	00	HAE	15,9	0	14,8	0	93,0	0	15,0	0	190,0	0	967,0	0	0,0	ERA5
1065845	03/08/2025	05	03/08/2025	01	HAE	16,6	0	15,3	0	92,0	0	13,0	0	220,0	0	967,0	0	0,0	ERA5
1065846	03/08/2025	06	03/08/2025	02	HAE	16,7	0	15,4	0	92,0	0	13,0	0	220,0	0	966,0	0	0,0	ERA5
1065847	03/08/2025	07	03/08/2025	03	HAE	17,0	0	15,5	0	91,0	0	13,0	0	230,0	0	966,0	0	0,0	ERA5
1065848	03/08/2025	08	03/08/2025	04	HAE	17,2	0	15,2	0	88,0	0	15,0	0	230,0	0	966,0	0	0,0	ERA5
1065849	03/08/2025	09	03/08/2025	05	HAE	16,3	0	15,2	0	93,0	0	15,0	0	220,0	0	965,0	0	0,0	ERA5
1065850	03/08/2025	10	03/08/2025	06	HAE	16,4	0	15,0	0	91,0	0	17,0	0	220,0	0	965,0	0	4,8	ERA5
1065851	03/08/2025	11	03/08/2025	07	HAE	16,6	0	15,1	0	91,0	0	21,0	0	230,0	0	965,0	0	62,8	ERA5
1065852	03/08/2025	12	03/08/2025	08	HAE	16,3	0	15,2	0	93,0	0	24,0	0	250,0	0	966,0	0	192,3	ERA5
1065853	03/08/2025	13	03/08/2025	09	HAE	16,2	0	15,6	0	96,0	0	21,0	0	260,0	0	966,0	0	498,6	ERA5
1065854	03/08/2025	14	03/08/2025	10	HAE	16,6	0	15,7	0	95,0	0	21,0	0	250,0	0	966,0	0	700,6	ERA5
1065855	03/08/2025	15	03/08/2025	11	HAE	17,0	0	15,7	0	92,0	0	21,0	0	240,0	0	966,0	0	848,7	ERA5
1065856	03/08/2025	16	03/08/2025	12	HAE	17,1	0	15,5	0	90,0	0	18,0	0	250,0	0	967,0	0	1423,6	ERA5
1065857	03/08/2025	17	03/08/2025	13	HAE	17,7	0	15,0	0	84,0	0	24,0	0	270,0	0	967,0	0	1744,0	ERA5
1065858	03/08/2025	18	03/08/2025	14	HAE	19,3	0	13,3	0	68,0	0	18,0	0	290,0	0	968,0	0	2047,2	ERA5
1065859	03/08/2025	19	03/08/2025	15	HAE	18,7	0	12,2	0	66,0	0	21,0	0	270,0	0	968,0	0	1805,4	ERA5
1065860	03/08/2025	20	03/08/2025	16	HAE	18,9	0	11,0	0	60,0	0	22,0	0	290,0	0	968,0	0	2160,7	ERA5
1065861	03/08/2025	21	03/08/2025	17	HAE	18,5	0	11,1	0	62,0	0	21,0	0	290,0	0	969,0	0	1657,2	ERA5
1065862	03/08/2025	22	03/08/2025	18	HAE	18,7	0	10,2	0	57,0	0	21,0	0	300,0	0	969,0	0	1292,1	ERA5
1065863	03/08/2025	23	03/08/2025	19	HAE	17,5	0	9,2	0	58,0	0	22,0	0	290,0	0	969,0	0	801,9	ERA5
1065864	04/08/2025	00	03/08/2025	20	HAE	16,0	0	9,2	0	64,0	0	17,0	0	290,0	0	970,0	0	324,2	ERA5
1065865	04/08/2025	01	03/08/2025	21	HAE	13,9	0	7,2	0	64,0	0	18,0	0	300,0	0	971,0	0	22,8	ERA5
1065866	04/08/2025	02	03/08/2025	22	HAE	12,3	0	6,4	0	67,0	0	13,0	0	300,0	0	972,0	0	-0,0	ERA5
1065867	04/08/2025	03	03/08/2025	23	HAE	10,8	0	6,6	0	75,0	0	24,0	0	320,0	0	973,0	0	0,0	ERA5
1065868	04/08/2025	04	04/08/2025	00	HAE	9,4	0	5,4	0	76,0	0	17,0	0	310,0	0	973,0	0	0,0	ERA5
1065869	04/08/2025	05	04/08/2025	01	HAE	9,4	0	4,8	0	73,0	0	21,0	0	310,0	0	974,0	0	0,0	ERA5
1065870	04/08/2025	06	04/08/2025	02	HAE	8,1	0	4,7	0	79,0	0	13,0	0	290,0	0	974,0	0	0,0	ERA5
1065871	04/08/2025	07	04/08/2025	03	HAE	7,3	0	4,8	0	84,0	0	9,0	0	300,0	0	975,0	0	0,0	ERA5
1065872	04/08/2025	08	04/08/2025	04	HAE	6,5	0	4,7	0	88,0	0	9,0	0	270,0	0	975,0	0	0,0	ERA5
1065873	04/08/2025	09	04/08/2025	05	HAE	7,4	0	5,6	0	88,0	0	15,0	0	300,0	0	975,0	0	0,0	ERA5
1065874	04/08/2025	10	04/08/2025	06	HAE	7,6	0	5,8	0	88,0	0	15,0	0	310,0	0	976,0	0	7,6	ERA5
1065875	04/08/2025	11	04/08/2025	07	HAE	7,8	0	5,8	0	87,0	0	11,0	0	310,0	0	977,0	0	113,1	ERA5
1065876	04/08/2025	12	04/08/2025	08	HAE	8,2	0	6,1	0	87,0	0	9,0	0	320,0	0	978,0	0	360,4	ERA5
1065877	04/08/2025	13	04/08/2025	09	HAE	9,6	0	6,0	0	78,0	0	11,0	0	270,0	0	978,0	0	654,0	ERA5
1065878	04/08/2025	14	04/08/2025	10	HAE	10,9	0	5,9	0	71,0	0	13,0	0	300,0	0	978,0	0	980,5	ERA5
1065879	04/08/2025	15	04/08/2025	11	HAE	12,0	0	6,1	0	67,0	0	15,0	0	290,0	0	979,0	0	1086,5	ERA5
1065880	04/08/2025	16	04/08/2025	12	HAE	12,9	0	6,6	0	65,0	0	13,0	0	310,0	0	979,0	0	1163,4	ERA5
1065881	04/08/2025	17	04/08/2025	13	HAE	14,1	0	7,4	0	64,0	0	13,0	0	360,0	0	979,0	0	1387,8	ERA5
1065882	04/08/2025	18	04/08/2025	14	HAE	14,5	0	8,0	0	65,0	0	11,0	0	30,0	0	980,0	0	1451,1	ERA5
1065883	04/08/2025	19	04/08/2025	15	HAE	15,4	0	8,0	0	61,0	0	11,0	0	30,0	0	980,0	0	1258,5	ERA5
1065884	04/08/2025	20	04/08/2025	16	HAE	16,0	0	7,6	0	57,0	0	13,0	0	0,0	0	980,0	0	1169,0	ERA5
1065885	04/08/2025	21	04/08/2025	17	HAE	15,7	0	7,3	0	57,0	0	5,0	0	40,0	0	980,0	0	882,3	ERA5
1065886	04/08/2025	22	04/08/2025	18	HAE	15,5	0	8,1	0	61,0	0	9,0	0	350,0	0	980,0	0	650,2	ERA5
1065887	04/08/2025	23	04/08/2025	19	HAE	14,5	0	8,4	0	67,0	0	8,0	0	30,0	0	980,0	0	306,6	ERA5
1065888	05/08/2025	00	04/08/2025	20	HAE	13,2	0	8,6	0	73,0	0	8,0	0	30,0	0	981,0	0	121,0	ERA5
1065889	05/08/2025	01	04/08/2025	21	HAE	12,2	0	8,3	0	77,0	0	4,0	0	60,0	0	981,0	0	12,7	ERA5
1065890	05/08/2025	02	04/08/2025	22	HAE	9,9	0	8,6	0	92,0	0	0,0	0	0,0	0	982,0	0	0,0	ERA5
1065891	05/08/2025	03	04/08/2025	23	HAE	9,2	0	8,4	0	95,0	0	0,0	0	0,0	0	982,0	0	0,0	ERA5
1065892	05/08/2025	04	05/08/2025	00	HAE	8,5	0	8,0	0	96,0	0	4,0	0	340,0	0	982,0	0	0,0	ERA5
1065893	05/08/2025	05	05/08/2025	01	HAE	8,9	0	8,3	0	96,0	0	0,0	0	0,0	0	983,0	0	0,0	ERA5
1065894	05/08/2025	06	05/08/2025	02	HAE	8,3	0	7,7	0	96,0	0	0,0	0	0,0	0	983,0	0	0,0	ERA5
1065895	05/08/2025	07	05/08/2025	03	HAE	7,8	0	7,7	0	99,0	0	4,0	0	360,0	0	983,0	0	0,0	ERA5
1065896	05/08/2025	08	05/08/2025	04	HAE	7,5	0	7,4	0	99,0	0	0,0	0	0,0	0	983,0	0	0,0	ERA5
1065897	05/08/2025	09	05/08/2025	05	HAE	6,7	0	6,1	0	96,0	0	0,0	0	0,0	0	984,0	0	0,0	ERA5
1065898	05/08/2025	10	05/08/2025	06	HAE	6,1	0	5,7	0	97,0	0	0,0	0	0,0	0	984,0	0	9,7	ERA5
1065899	05/08/2025	11	05/08/2025	07	HAE	9,6	0	9,2	0	97,0	0	8,0	0	310,0	0	985,0	0	219,6	ERA5
1065900	05/08/2025	12	05/08/2025	08	HAE	12,1	0	9,3	0	83,0	0	4,0	0	0,0	0	985,0	0	624,1	ERA5
1065901	05/08/2025	13	05/08/2025	09	HAE	14,2	0	9,6	0	74,0	0	4,0	0	0,0	0	986,0	0	1128,1	ERA5
1065902	05/08/2025	14	05/08/2025	10	HAE	16,1	0	9,6	0	65,0	0	8,0	0	0,0	0	986,0	0	1512,7	ERA5
1065903	05/08/2025	15	05/08/2025	11	HAE	17,3	0	8,5	0	56,0	0	5,0	0	0,0	0	986,0	0	1628,8	ERA5
1065904	05/08/2025	16	05/08/2025	12	HAE	18,0	0	8,4	0	53,0	0	11,0	0	0,0	0	986,0	0	1796,6	ERA5
1065905	05/08/2025	17	05/08/2025	13	HAE	19,0	0	7,6	0	47,0	0	9,0	0	0,0	0	985,0	0	2119,3	ERA5
1065906	05/08/2025	18	05/08/2025	14	HAE	19,1	0	5,2	0	40,0	0	4,0	0	0,0	0	985,0	0	2190,0	ERA5
1065907	05/08/2025	19	05/08/2025	15	HAE	20,2	0	5,3	0	37,0	0	5,0	0	0,0	0	985,0	0	2301,4	ERA5
1065908	05/08/2025	20	05/08/2025	16	HAE	20,6	0	6,4	0	39,0	0	8,0	0	340,0	0	985,0	0	1958,2	ERA5
1065909	05/08/2025	21	05/08/2025	17	HAE	20,8	0	6,6	0	39,0	0	5,0	0	160,0	0	984,0	0	1651,7	ERA5
1065910	05/08/2025	22	05/08/2025	18	HAE	20,9	0	6,9	0	40,0	0	4,0	0	0,0	0	984,0	0	1381,2	ERA5
1065911	05/08/2025	23	05/08/2025	19	HAE	20,2	0	8,4	0	46,0	0	5,0	0	20,0	0	984,0	0	960,5	ERA5
1065912	06/08/2025	00	05/08/2025	20	HAE	18,7	0	7,2	0	47,0	0	5,0	0	30,0	0	984,0	0	382,2	ERA5
1065913	06/08/2025	01	05/08/2025	21	HAE	15,5	0	9,7	0	68,0	0	5,0	0	30,0	0	985,0	0	27,8	ERA5
1065914	06/08/2025	02	05/08/2025	22	HAE	14,1	0	10,2	0	77,0	0	4,0	0	40,0	0	985,0	0	0,0	ERA5
1065915	06/08/2025	03	05/08/2025	23	HAE	11,3	0	9,0	0	86,0	0	0,0	0	0,0	0	985,0	0	0,0	ERA5
1065916	06/08/2025	04	06/08/2025	00	HAE	11,6	0	10,4	0	92,0	0	5,0	0	70,0	0	985,0	0	0,0	ERA5
1065917	06/08/2025	05	06/08/2025	01	HAE	11,6	0	11,2	0	98,0	0	0,0	0	0,0	0	985,0	0	0,0	ERA5
1065918	06/08/2025	06	06/08/2025	02	HAE	11,0	0	10,9	0	99,0	0	4,0	0	100,0	0	985,0	0	0,0	ERA5
1065919	06/08/2025	07	06/08/2025	03	HAE	10,3	0	9,5	0	95,0	0	8,0	0	70,0	0	986,0	0	0,0	ERA5
1065920	06/08/2025	08	06/08/2025	04	HAE	10,7	0	9,3	0	91,0	0	4,0	0	80,0	0	986,0	0	0,0	ERA5
1065921	06/08/2025	09	06/08/2025	05	HAE	10,8	0	9,4	0	91,0	0	5,0	0	100,0	0	986,0	0	0,0	ERA5
1065922	06/08/2025	10	06/08/2025	06	HAE	10,2	0	9,4	0	95,0	0	5,0	0	70,0	0	986,0	0	11,2	ERA5
1065923	06/08/2025	11	06/08/2025	07	HAE	11,5	0	10,6	0	94,0	0	0,0	0	0,0	0	987,0	0	258,1	ERA5
1065924	06/08/2025	12	06/08/2025	08	HAE	14,8	0	10,9	0	77,0	0	5,0	0	100,0	0	987,0	0	745,7	ERA5
1065925	06/08/2025	13	06/08/2025	09	HAE	17,5	0	10,5	0	63,0	0	4,0	0	0,0	0	987,0	0	1271,3	ERA5
1065926	06/08/2025	14	06/08/2025	10	HAE	19,6	0	10,7	0	56,0	0	5,0	0	140,0	0	987,0	0	1983,6	ERA5
1065927	06/08/2025	15	06/08/2025	11	HAE	21,2	0	8,8	0	45,0	0	11,0	0	190,0	0	987,0	0	2541,2	ERA5
1065928	06/08/2025	16	06/08/2025	12	HAE	22,1	0	9,2	0	43,0	0	5,0	0	180,0	0	986,0	0	2887,2	ERA5
1065929	06/08/2025	17	06/08/2025	13	HAE	22,9	0	8,5	0	39,0	0	8,0	0	170,0	0	986,0	0	3071,2	ERA5
1065930	06/08/2025	18	06/08/2025	14	HAE	23,5	0	8,6	0	38,0	0	8,0	0	140,0	0	985,0	0	3080,0	ERA5
1065931	06/08/2025	19	06/08/2025	15	HAE	24,3	0	9,4	0	38,0	0	8,0	0	90,0	0	985,0	0	2915,6	ERA5
1065932	06/08/2025	20	06/08/2025	16	HAE	25,1	0	8,8	0	35,0	0	11,0	0	90,0	0	984,0	0	2585,3	ERA5
1065933	06/08/2025	21	06/08/2025	17	HAE	24,4	0	9,3	0	38,0	0	13,0	0	160,0	0	984,0	0	2115,9	ERA5
1065934	06/08/2025	22	06/08/2025	18	HAE	24,5	0	10,0	0	40,0	0	11,0	0	150,0	0	984,0	0	1548,3	ERA5
1065935	06/08/2025	23	06/08/2025	19	HAE	23,6	0	10,3	0	43,0	0	8,0	0	150,0	0	983,0	0	939,5	ERA5
1065936	07/08/2025	00	06/08/2025	20	HAE	22,5	0	10,3	0	46,0	0	5,0	0	140,0	0	983,0	0	368,6	ERA5
1065937	07/08/2025	01	06/08/2025	21	HAE	18,9	0	10,8	0	59,0	0	5,0	0	80,0	0	983,0	0	24,3	ERA5
1065938	07/08/2025	02	06/08/2025	22	HAE	17,5	0	11,4	0	67,0	0	0,0	0	0,0	0	983,0	0	0,0	ERA5
1065939	07/08/2025	03	06/08/2025	23	HAE	16,1	0	11,4	0	74,0	0	4,0	0	90,0	0	983,0	0	-0,0	ERA5
1065940	07/08/2025	04	07/08/2025	00	HAE	15,6	0	11,1	0	74,0	0	9,0	0	160,0	0	983,0	0	0,0	ERA5
1065941	07/08/2025	05	07/08/2025	01	HAE	15,4	0	10,8	0	74,0	0	9,0	0	150,0	0	983,0	0	0,0	ERA5
1065942	07/08/2025	06	07/08/2025	02	HAE	14,9	0	10,8	0	76,0	0	8,0	0	140,0	0	983,0	0	0,0	ERA5
1065943	07/08/2025	07	07/08/2025	03	HAE	13,2	0	10,0	0	81,0	0	5,0	0	130,0	0	983,0	0	0,0	ERA5
1065944	07/08/2025	08	07/08/2025	04	HAE	13,5	0	10,4	0	81,0	0	5,0	0	100,0	0	983,0	0	0,0	ERA5
1065945	07/08/2025	09	07/08/2025	05	HAE	12,4	0	10,3	0	87,0	0	5,0	0	120,0	0	982,0	0	0,0	ERA5
1065946	07/08/2025	10	07/08/2025	06	HAE	12,0	0	10,2	0	89,0	0	5,0	0	90,0	0	982,0	0	10,1	ERA5
1065947	07/08/2025	11	07/08/2025	07	HAE	14,1	0	10,9	0	81,0	0	4,0	0	130,0	0	983,0	0	299,8	ERA5
1065948	07/08/2025	12	07/08/2025	08	HAE	16,7	0	12,2	0	75,0	0	5,0	0	170,0	0	983,0	0	854,5	ERA5
1065949	07/08/2025	13	07/08/2025	09	HAE	19,2	0	12,6	0	65,0	0	5,0	0	130,0	0	982,0	0	1460,8	ERA5
1065950	07/08/2025	14	07/08/2025	10	HAE	22,4	0	12,9	0	55,0	0	8,0	0	140,0	0	982,0	0	2032,1	ERA5
1065951	07/08/2025	15	07/08/2025	11	HAE	24,5	0	12,1	0	45,0	0	11,0	0	120,0	0	981,0	0	2512,0	ERA5
1065952	07/08/2025	16	07/08/2025	12	HAE	25,1	0	10,8	0	40,0	0	11,0	0	170,0	0	981,0	0	2859,8	ERA5
1065953	07/08/2025	17	07/08/2025	13	HAE	25,4	0	11,1	0	40,0	0	5,0	0	190,0	0	980,0	0	3014,6	ERA5
1065954	07/08/2025	18	07/08/2025	14	HAE	26,1	0	10,8	0	38,0	0	11,0	0	150,0	0	979,0	0	3040,0	ERA5
1065955	07/08/2025	19	07/08/2025	15	HAE	27,2	0	11,6	0	37,0	0	13,0	0	150,0	0	979,0	0	2875,5	ERA5
1065956	07/08/2025	20	07/08/2025	16	HAE	26,9	0	10,5	0	35,0	0	11,0	0	170,0	0	978,0	0	2579,5	ERA5
1065957	07/08/2025	21	07/08/2025	17	HAE	26,4	0	9,8	0	35,0	0	13,0	0	160,0	0	977,0	0	2026,1	ERA5
1065958	07/08/2025	22	07/08/2025	18	HAE	26,3	0	9,7	0	35,0	0	18,0	0	200,0	0	977,0	0	1445,6	ERA5
1065959	07/08/2025	23	07/08/2025	19	HAE	25,3	0	10,9	0	40,0	0	9,0	0	180,0	0	977,0	0	924,5	ERA5
1065960	08/08/2025	00	07/08/2025	20	HAE	23,1	0	11,1	0	46,0	0	9,0	0	160,0	0	976,0	0	333,3	ERA5
1065961	08/08/2025	01	07/08/2025	21	HAE	20,6	0	11,4	0	55,0	0	8,0	0	160,0	0	977,0	0	19,5	ERA5
1065962	08/08/2025	02	07/08/2025	22	HAE	19,1	0	11,3	0	60,0	0	5,0	0	180,0	0	977,0	0	0,0	ERA5
1065963	08/08/2025	03	07/08/2025	23	HAE	18,1	0	12,0	0	67,0	0	8,0	0	150,0	0	976,0	0	-0,0	ERA5
1065964	08/08/2025	04	08/08/2025	00	HAE	17,2	0	11,8	0	70,0	0	5,0	0	170,0	0	977,0	0	0,0	ERA5
1065965	08/08/2025	05	08/08/2025	01	HAE	17,1	0	11,4	0	69,0	0	8,0	0	160,0	0	976,0	0	0,0	ERA5
1065966	08/08/2025	06	08/08/2025	02	HAE	16,3	0	11,9	0	75,0	0	9,0	0	160,0	0	976,0	0	0,0	ERA5
1065967	08/08/2025	07	08/08/2025	03	HAE	16,3	0	12,2	0	77,0	0	9,0	0	160,0	0	976,0	0	0,0	ERA5
1065968	08/08/2025	08	08/08/2025	04	HAE	15,3	0	12,5	0	83,0	0	8,0	0	150,0	0	975,0	0	0,0	ERA5
1065969	08/08/2025	09	08/08/2025	05	HAE	16,3	0	13,1	0	81,0	0	11,0	0	140,0	0	975,0	0	0,0	ERA5
1065970	08/08/2025	10	08/08/2025	06	HAE	16,1	0	13,6	0	85,0	0	9,0	0	150,0	0	975,0	0	5,6	ERA5
1065971	08/08/2025	11	08/08/2025	07	HAE	17,1	0	13,9	0	81,0	0	11,0	0	170,0	0	975,0	0	197,5	ERA5
1065972	08/08/2025	12	08/08/2025	08	HAE	18,2	0	14,8	0	80,0	0	11,0	0	160,0	0	975,0	0	579,8	ERA5
1065973	08/08/2025	13	08/08/2025	09	HAE	17,9	0	15,6	0	86,0	0	11,0	0	170,0	0	975,0	0	963,0	ERA5
1065974	08/08/2025	14	08/08/2025	10	HAE	20,4	0	16,9	0	80,0	0	11,0	0	160,0	0	974,0	0	1258,0	ERA5
1065975	08/08/2025	15	08/08/2025	11	HAE	23,6	0	16,1	0	62,0	0	21,0	0	190,0	0	974,0	0	1911,1	ERA5
1065976	08/08/2025	16	08/08/2025	12	HAE	24,8	0	15,6	0	56,0	0	21,0	0	200,0	0	974,0	0	2680,3	ERA5
1065977	08/08/2025	17	08/08/2025	13	HAE	26,5	0	15,0	0	49,0	0	26,0	0	200,0	0	973,0	0	2845,2	ERA5
1065978	08/08/2025	18	08/08/2025	14	HAE	26,9	0	15,7	0	50,0	0	28,0	0	190,0	0	973,0	0	2801,5	ERA5
1065979	08/08/2025	19	08/08/2025	15	HAE	27,8	0	15,1	0	45,0	0	30,0	0	170,0	0	972,0	0	2296,1	ERA5
1065980	08/08/2025	20	08/08/2025	16	HAE	27,6	0	15,7	0	48,0	0	30,0	0	190,0	0	971,0	0	1969,3	ERA5
1065981	08/08/2025	21	08/08/2025	17	HAE	26,5	0	14,9	0	48,0	0	26,0	0	200,0	0	971,0	0	1578,5	ERA5
1065982	08/08/2025	22	08/08/2025	18	HAE	26,5	0	15,0	0	49,0	0	22,0	0	200,0	0	971,0	0	1230,4	ERA5
1065983	08/08/2025	23	08/08/2025	19	HAE	26,1	0	15,4	0	51,0	0	21,0	0	190,0	0	971,0	0	607,2	ERA5
1065984	09/08/2025	00	08/08/2025	20	HAE	23,8	0	15,7	0	60,0	0	15,0	0	190,0	0	971,0	0	251,6	ERA5
1065985	09/08/2025	01	08/08/2025	21	HAE	22,5	0	15,4	0	64,0	0	15,0	0	190,0	0	971,0	0	13,8	ERA5
1065986	09/08/2025	02	08/08/2025	22	HAE	21,2	0	15,4	0	69,0	0	13,0	0	180,0	0	971,0	0	0,0	ERA5
1065987	09/08/2025	03	08/08/2025	23	HAE	21,1	0	15,8	0	72,0	0	17,0	0	180,0	0	971,0	0	-0,0	ERA5
1065988	09/08/2025	04	09/08/2025	00	HAE	21,3	0	15,9	0	71,0	0	18,0	0	190,0	0	971,0	0	0,0	ERA5
1065989	09/08/2025	05	09/08/2025	01	HAE	21,8	0	16,0	0	69,0	0	5,0	0	320,0	0	971,0	0	0,0	ERA5
1065990	09/08/2025	06	09/08/2025	02	HAE	18,9	0	17,4	0	91,0	0	11,0	0	260,0	0	973,0	0	-0,0	ERA5
1065991	09/08/2025	07	09/08/2025	03	HAE	17,4	0	16,6	0	95,0	0	11,0	0	170,0	0	971,0	0	0,0	ERA5
1065992	09/08/2025	08	09/08/2025	04	HAE	17,7	0	17,2	0	97,0	0	17,0	0	160,0	0	970,0	0	0,0	ERA5
1065993	09/08/2025	09	09/08/2025	05	HAE	18,0	0	17,7	0	98,0	0	22,0	0	170,0	0	971,0	0	0,0	ERA5
1065994	09/08/2025	10	09/08/2025	06	HAE	18,1	0	17,6	0	97,0	0	15,0	0	190,0	0	972,0	0	4,9	ERA5
1065995	09/08/2025	11	09/08/2025	07	HAE	18,3	0	17,7	0	96,0	0	13,0	0	190,0	0	971,0	0	237,5	ERA5
1065996	09/08/2025	12	09/08/2025	08	HAE	19,3	0	18,3	0	94,0	0	17,0	0	200,0	0	971,0	0	636,5	ERA5
1065997	09/08/2025	13	09/08/2025	09	HAE	20,0	0	18,8	0	93,0	0	18,0	0	200,0	0	972,0	0	968,4	ERA5
1065998	09/08/2025	14	09/08/2025	10	HAE	21,2	0	19,6	0	90,0	0	13,0	0	210,0	0	972,0	0	1396,0	ERA5
1065999	09/08/2025	15	09/08/2025	11	HAE	22,0	0	20,0	0	88,0	0	15,0	0	210,0	0	971,0	0	1241,8	ERA5
1066000	09/08/2025	16	09/08/2025	12	HAE	23,8	0	20,7	0	83,0	0	21,0	0	200,0	0	971,0	0	1173,6	ERA5
1066001	09/08/2025	17	09/08/2025	13	HAE	24,4	0	21,0	0	81,0	0	13,0	0	210,0	0	971,0	0	1302,4	ERA5
1066002	09/08/2025	18	09/08/2025	14	HAE	27,1	0	21,2	0	70,0	0	15,0	0	230,0	0	971,0	0	1742,5	ERA5
1066003	09/08/2025	19	09/08/2025	15	HAE	28,5	0	20,3	0	61,0	0	15,0	0	210,0	0	970,0	0	2109,1	ERA5
1066004	09/08/2025	20	09/08/2025	16	HAE	28,0	0	19,5	0	60,0	0	17,0	0	200,0	0	970,0	0	1916,1	ERA5
1066005	09/08/2025	21	09/08/2025	17	HAE	28,6	0	20,1	0	59,0	0	17,0	0	200,0	0	970,0	0	1574,6	ERA5
1066006	09/08/2025	22	09/08/2025	18	HAE	28,0	0	19,9	0	61,0	0	15,0	0	220,0	0	969,0	0	1087,0	ERA5
1066007	09/08/2025	23	09/08/2025	19	HAE	24,0	0	22,4	0	91,0	0	4,0	0	0,0	0	969,0	0	620,3	ERA5
1066008	10/08/2025	00	09/08/2025	20	HAE	24,3	0	21,5	0	84,0	0	8,0	0	210,0	0	969,0	0	204,6	ERA5
1066009	10/08/2025	01	09/08/2025	21	HAE	22,6	0	21,3	0	92,0	0	9,0	0	190,0	0	970,0	0	3,0	ERA5
1066010	10/08/2025	02	09/08/2025	22	HAE	23,4	0	20,6	0	84,0	0	11,0	0	190,0	0	970,0	0	0,0	ERA5
1066011	10/08/2025	03	09/08/2025	23	HAE	23,0	0	19,2	0	79,0	0	13,0	0	200,0	0	970,0	0	0,0	ERA5
1066012	10/08/2025	04	10/08/2025	00	HAE	22,7	0	19,5	0	82,0	0	13,0	0	210,0	0	970,0	0	0,0	ERA5
1066013	10/08/2025	05	10/08/2025	01	HAE	22,6	0	20,2	0	86,0	0	15,0	0	210,0	0	970,0	0	0,0	ERA5
1066014	10/08/2025	06	10/08/2025	02	HAE	22,4	0	20,2	0	87,0	0	17,0	0	210,0	0	970,0	0	-0,0	ERA5
1066015	10/08/2025	07	10/08/2025	03	HAE	22,3	0	20,4	0	89,0	0	17,0	0	200,0	0	970,0	0	0,0	ERA5
1066016	10/08/2025	08	10/08/2025	04	HAE	22,4	0	20,7	0	90,0	0	15,0	0	210,0	0	970,0	0	0,0	ERA5
1066017	10/08/2025	09	10/08/2025	05	HAE	22,2	0	20,5	0	90,0	0	18,0	0	210,0	0	970,0	0	0,0	ERA5
1066018	10/08/2025	10	10/08/2025	06	HAE	21,6	0	20,1	0	91,0	0	15,0	0	200,0	0	970,0	0	3,7	ERA5
1066019	10/08/2025	11	10/08/2025	07	HAE	22,1	0	20,2	0	89,0	0	18,0	0	210,0	0	971,0	0	111,4	ERA5
1066020	10/08/2025	12	10/08/2025	08	HAE	23,0	0	20,4	0	85,0	0	17,0	0	210,0	0	970,0	0	334,8	ERA5
1066021	10/08/2025	13	10/08/2025	09	HAE	23,4	0	20,3	0	83,0	0	22,0	0	220,0	0	970,0	0	948,2	ERA5
1066022	10/08/2025	14	10/08/2025	10	HAE	25,3	0	20,8	0	76,0	0	17,0	0	210,0	0	970,0	0	1679,3	ERA5
1066023	10/08/2025	15	10/08/2025	11	HAE	27,4	0	20,3	0	65,0	0	24,0	0	230,0	0	970,0	0	2352,1	ERA5
1066024	10/08/2025	16	10/08/2025	12	HAE	28,7	0	20,3	0	60,0	0	24,0	0	210,0	0	970,0	0	2333,4	ERA5
1066025	10/08/2025	17	10/08/2025	13	HAE	30,1	0	19,6	0	53,0	0	34,0	0	210,0	0	970,0	0	2249,2	ERA5
1066026	10/08/2025	18	10/08/2025	14	HAE	29,9	0	19,3	0	52,0	0	24,0	0	220,0	0	970,0	0	2164,2	ERA5
1066027	10/08/2025	19	10/08/2025	15	HAE	30,8	0	19,6	0	51,0	0	22,0	0	220,0	0	969,0	0	2404,7	ERA5
1066028	10/08/2025	20	10/08/2025	16	HAE	30,7	0	19,0	0	49,0	0	21,0	0	240,0	0	969,0	0	2030,2	ERA5
1066029	10/08/2025	21	10/08/2025	17	HAE	30,8	0	19,1	0	49,0	0	21,0	0	240,0	0	969,0	0	1502,2	ERA5
1066030	10/08/2025	22	10/08/2025	18	HAE	30,4	0	17,7	0	46,0	0	21,0	0	270,0	0	969,0	0	1242,7	ERA5
1066031	10/08/2025	23	10/08/2025	19	HAE	29,7	0	17,9	0	49,0	0	21,0	0	250,0	0	969,0	0	726,2	ERA5
1066032	11/08/2025	00	10/08/2025	20	HAE	27,3	0	18,3	0	57,0	0	9,0	0	240,0	0	969,0	0	289,0	ERA5
1066033	11/08/2025	01	10/08/2025	21	HAE	25,5	0	18,4	0	64,0	0	5,0	0	230,0	0	970,0	0	11,2	ERA5
1066034	11/08/2025	02	10/08/2025	22	HAE	22,7	0	18,5	0	77,0	0	9,0	0	200,0	0	970,0	0	0,0	ERA5
1066035	11/08/2025	03	10/08/2025	23	HAE	24,3	0	19,7	0	75,0	0	17,0	0	210,0	0	970,0	0	0,0	ERA5
1066036	11/08/2025	04	11/08/2025	00	HAE	22,6	0	19,6	0	83,0	0	11,0	0	200,0	0	970,0	0	0,0	ERA5
1066037	11/08/2025	05	11/08/2025	01	HAE	21,6	0	19,6	0	88,0	0	13,0	0	200,0	0	970,0	0	0,0	ERA5
1066038	11/08/2025	06	11/08/2025	02	HAE	20,9	0	19,2	0	90,0	0	11,0	0	200,0	0	971,0	0	-0,0	ERA5
1066039	11/08/2025	07	11/08/2025	03	HAE	21,0	0	19,0	0	88,0	0	11,0	0	210,0	0	970,0	0	0,0	ERA5
1066040	11/08/2025	08	11/08/2025	04	HAE	21,0	0	18,8	0	87,0	0	11,0	0	220,0	0	970,0	0	0,0	ERA5
1066041	11/08/2025	09	11/08/2025	05	HAE	20,8	0	19,0	0	89,0	0	11,0	0	220,0	0	971,0	0	0,0	ERA5
1066042	11/08/2025	10	11/08/2025	06	HAE	20,3	0	19,0	0	92,0	0	9,0	0	190,0	0	971,0	0	3,9	ERA5
1066043	11/08/2025	11	11/08/2025	07	HAE	21,5	0	19,6	0	89,0	0	11,0	0	210,0	0	971,0	0	224,1	ERA5
1066044	11/08/2025	12	11/08/2025	08	HAE	23,1	0	20,1	0	83,0	0	11,0	0	210,0	0	971,0	0	747,1	ERA5
1066045	11/08/2025	13	11/08/2025	09	HAE	23,4	0	20,0	0	81,0	0	11,0	0	210,0	0	971,0	0	1175,3	ERA5
1066046	11/08/2025	14	11/08/2025	10	HAE	25,3	0	20,5	0	75,0	0	17,0	0	200,0	0	971,0	0	1147,3	ERA5
1066047	11/08/2025	15	11/08/2025	11	HAE	26,0	0	20,0	0	69,0	0	21,0	0	190,0	0	971,0	0	1848,8	ERA5
1066048	11/08/2025	16	11/08/2025	12	HAE	27,1	0	20,7	0	68,0	0	18,0	0	200,0	0	971,0	0	2257,1	ERA5
1066049	11/08/2025	17	11/08/2025	13	HAE	29,0	0	20,8	0	61,0	0	24,0	0	210,0	0	970,0	0	1966,0	ERA5
1066050	11/08/2025	18	11/08/2025	14	HAE	28,3	0	19,7	0	59,0	0	24,0	0	210,0	0	970,0	0	2283,9	ERA5
1066051	11/08/2025	19	11/08/2025	15	HAE	30,5	0	19,7	0	52,0	0	32,0	0	200,0	0	969,0	0	2268,6	ERA5
1066052	11/08/2025	20	11/08/2025	16	HAE	30,2	0	19,5	0	52,0	0	15,0	0	220,0	0	968,0	0	2158,3	ERA5
1066053	11/08/2025	21	11/08/2025	17	HAE	30,6	0	19,3	0	50,0	0	15,0	0	210,0	0	968,0	0	1417,1	ERA5
1066054	11/08/2025	22	11/08/2025	18	HAE	28,2	0	20,3	0	62,0	0	17,0	0	200,0	0	968,0	0	1004,2	ERA5
1066055	11/08/2025	23	11/08/2025	19	HAE	27,9	0	19,8	0	61,0	0	9,0	0	210,0	0	968,0	0	595,8	ERA5
1066056	12/08/2025	00	11/08/2025	20	HAE	25,2	0	20,5	0	75,0	0	5,0	0	190,0	0	968,0	0	239,2	ERA5
1066057	12/08/2025	01	11/08/2025	21	HAE	24,2	0	18,9	0	72,0	0	13,0	0	190,0	0	968,0	0	7,4	ERA5
1066058	12/08/2025	02	11/08/2025	22	HAE	22,7	0	18,1	0	75,0	0	17,0	0	300,0	0	969,0	0	0,0	ERA5
1066059	12/08/2025	03	11/08/2025	23	HAE	21,3	0	18,0	0	81,0	0	5,0	0	270,0	0	969,0	0	0,0	ERA5
1066060	12/08/2025	04	12/08/2025	00	HAE	19,8	0	18,1	0	90,0	0	9,0	0	150,0	0	969,0	0	0,0	ERA5
1066061	12/08/2025	05	12/08/2025	01	HAE	19,7	0	18,2	0	91,0	0	4,0	0	170,0	0	968,0	0	0,0	ERA5
1066062	12/08/2025	06	12/08/2025	02	HAE	19,5	0	18,0	0	91,0	0	4,0	0	0,0	0	968,0	0	0,0	ERA5
1066063	12/08/2025	07	12/08/2025	03	HAE	19,2	0	18,2	0	94,0	0	9,0	0	150,0	0	968,0	0	0,0	ERA5
1066064	12/08/2025	08	12/08/2025	04	HAE	19,6	0	18,3	0	92,0	0	8,0	0	150,0	0	967,0	0	0,0	ERA5
1066065	12/08/2025	09	12/08/2025	05	HAE	19,8	0	18,3	0	91,0	0	11,0	0	170,0	0	967,0	0	0,0	ERA5
1066066	12/08/2025	10	12/08/2025	06	HAE	19,8	0	18,1	0	90,0	0	13,0	0	180,0	0	967,0	0	2,7	ERA5
1066067	12/08/2025	11	12/08/2025	07	HAE	20,6	0	18,4	0	87,0	0	9,0	0	180,0	0	967,0	0	202,2	ERA5
1066068	12/08/2025	12	12/08/2025	08	HAE	21,9	0	18,8	0	82,0	0	17,0	0	200,0	0	967,0	0	538,1	ERA5
1066069	12/08/2025	13	12/08/2025	09	HAE	22,6	0	19,4	0	82,0	0	21,0	0	200,0	0	967,0	0	929,8	ERA5
1066070	12/08/2025	14	12/08/2025	10	HAE	23,9	0	19,9	0	78,0	0	17,0	0	210,0	0	967,0	0	1532,2	ERA5
1066071	12/08/2025	15	12/08/2025	11	HAE	24,5	0	19,0	0	71,0	0	13,0	0	250,0	0	967,0	0	1693,0	ERA5
1066072	12/08/2025	16	12/08/2025	12	HAE	27,0	0	19,1	0	62,0	0	18,0	0	240,0	0	966,0	0	2067,9	ERA5
1066073	12/08/2025	17	12/08/2025	13	HAE	27,3	0	17,9	0	56,0	0	26,0	0	230,0	0	966,0	0	2207,3	ERA5
1066074	12/08/2025	18	12/08/2025	14	HAE	28,1	0	16,9	0	50,0	0	24,0	0	220,0	0	966,0	0	2446,8	ERA5
1066075	12/08/2025	19	12/08/2025	15	HAE	29,5	0	17,8	0	49,0	0	26,0	0	230,0	0	965,0	0	2193,7	ERA5
1066076	12/08/2025	20	12/08/2025	16	HAE	29,4	0	16,9	0	46,0	0	18,0	0	220,0	0	965,0	0	2198,2	ERA5
1066077	12/08/2025	21	12/08/2025	17	HAE	29,7	0	16,0	0	43,0	0	21,0	0	240,0	0	964,0	0	1825,1	ERA5
1066078	12/08/2025	22	12/08/2025	18	HAE	29,1	0	16,8	0	47,0	0	18,0	0	210,0	0	964,0	0	1324,2	ERA5
1066079	12/08/2025	23	12/08/2025	19	HAE	27,6	0	16,8	0	51,0	0	9,0	0	220,0	0	964,0	0	804,4	ERA5
1066080	13/08/2025	00	12/08/2025	20	HAE	25,0	0	17,4	0	62,0	0	8,0	0	200,0	0	964,0	0	258,9	ERA5
1066081	13/08/2025	01	12/08/2025	21	HAE	22,7	0	17,0	0	70,0	0	9,0	0	170,0	0	964,0	0	6,8	ERA5
1066082	13/08/2025	02	12/08/2025	22	HAE	21,0	0	16,9	0	77,0	0	9,0	0	190,0	0	964,0	0	0,0	ERA5
1066083	13/08/2025	03	12/08/2025	23	HAE	20,9	0	16,6	0	76,0	0	9,0	0	190,0	0	963,0	0	-0,0	ERA5
1066084	13/08/2025	04	13/08/2025	00	HAE	21,0	0	17,1	0	78,0	0	11,0	0	190,0	0	963,0	0	0,0	ERA5
1066085	13/08/2025	05	13/08/2025	01	HAE	20,8	0	17,4	0	81,0	0	9,0	0	180,0	0	962,0	0	0,0	ERA5
1066086	13/08/2025	06	13/08/2025	02	HAE	21,2	0	17,5	0	79,0	0	9,0	0	180,0	0	962,0	0	0,0	ERA5
1066087	13/08/2025	07	13/08/2025	03	HAE	21,1	0	17,3	0	79,0	0	13,0	0	170,0	0	962,0	0	0,0	ERA5
1066088	13/08/2025	08	13/08/2025	04	HAE	21,8	0	17,1	0	74,0	0	15,0	0	210,0	0	962,0	0	0,0	ERA5
1066089	13/08/2025	09	13/08/2025	05	HAE	20,8	0	17,7	0	82,0	0	9,0	0	220,0	0	962,0	0	0,0	ERA5
1066090	13/08/2025	10	13/08/2025	06	HAE	19,5	0	18,0	0	91,0	0	8,0	0	200,0	0	962,0	0	1,3	ERA5
1066091	13/08/2025	11	13/08/2025	07	HAE	20,0	0	17,8	0	87,0	0	11,0	0	180,0	0	961,0	0	116,9	ERA5
1066092	13/08/2025	12	13/08/2025	08	HAE	20,6	0	18,1	0	85,0	0	21,0	0	200,0	0	961,0	0	356,8	ERA5
1066093	13/08/2025	13	13/08/2025	09	HAE	20,3	0	18,5	0	89,0	0	17,0	0	200,0	0	961,0	0	406,4	ERA5
1066094	13/08/2025	14	13/08/2025	10	HAE	19,9	0	18,6	0	92,0	0	22,0	0	210,0	0	962,0	0	237,0	ERA5
1066095	13/08/2025	15	13/08/2025	11	HAE	18,8	0	17,3	0	91,0	0	24,0	0	220,0	0	962,0	0	133,6	ERA5
1066096	13/08/2025	16	13/08/2025	12	HAE	18,9	0	17,8	0	93,0	0	13,0	0	270,0	0	962,0	0	511,8	ERA5
1066097	13/08/2025	17	13/08/2025	13	HAE	20,7	0	16,8	0	78,0	0	18,0	0	300,0	0	962,0	0	883,6	ERA5
1066098	13/08/2025	18	13/08/2025	14	HAE	21,8	0	15,4	0	67,0	0	17,0	0	270,0	0	962,0	0	1423,0	ERA5
1066099	13/08/2025	19	13/08/2025	15	HAE	22,6	0	14,0	0	58,0	0	21,0	0	270,0	0	962,0	0	1626,1	ERA5
1066100	13/08/2025	20	13/08/2025	16	HAE	21,3	0	14,3	0	64,0	0	24,0	0	300,0	0	963,0	0	1749,3	ERA5
1066101	13/08/2025	21	13/08/2025	17	HAE	21,9	0	13,2	0	57,0	0	21,0	0	260,0	0	963,0	0	1407,9	ERA5
1066102	13/08/2025	22	13/08/2025	18	HAE	20,4	0	13,7	0	65,0	0	13,0	0	270,0	0	964,0	0	1068,4	ERA5
1066103	13/08/2025	23	13/08/2025	19	HAE	19,2	0	12,0	0	63,0	0	21,0	0	290,0	0	965,0	0	553,5	ERA5
1066104	14/08/2025	00	13/08/2025	20	HAE	17,4	0	11,7	0	69,0	0	13,0	0	300,0	0	966,0	0	142,5	ERA5
1066105	14/08/2025	01	13/08/2025	21	HAE	15,6	0	9,3	0	66,0	0	17,0	0	300,0	0	967,0	0	2,4	ERA5
1066106	14/08/2025	02	13/08/2025	22	HAE	13,4	0	8,7	0	73,0	0	21,0	0	310,0	0	968,0	0	-0,0	ERA5
1066107	14/08/2025	03	13/08/2025	23	HAE	11,1	0	7,4	0	78,0	0	17,0	0	300,0	0	968,0	0	0,0	ERA5
1066108	14/08/2025	04	14/08/2025	00	HAE	10,1	0	7,4	0	83,0	0	18,0	0	310,0	0	969,0	0	0,0	ERA5
1066109	14/08/2025	05	14/08/2025	01	HAE	9,1	0	5,6	0	79,0	0	17,0	0	300,0	0	969,0	0	0,0	ERA5
1066110	14/08/2025	06	14/08/2025	02	HAE	8,3	0	4,9	0	79,0	0	17,0	0	310,0	0	970,0	0	0,0	ERA5
1066111	14/08/2025	07	14/08/2025	03	HAE	7,7	0	5,0	0	83,0	0	9,0	0	290,0	0	970,0	0	0,0	ERA5
1066112	14/08/2025	08	14/08/2025	04	HAE	6,2	0	4,7	0	90,0	0	5,0	0	260,0	0	970,0	0	0,0	ERA5
1066113	14/08/2025	09	14/08/2025	05	HAE	5,6	0	4,7	0	94,0	0	8,0	0	250,0	0	970,0	0	0,0	ERA5
1066114	14/08/2025	10	14/08/2025	06	HAE	6,4	0	5,5	0	94,0	0	11,0	0	270,0	0	971,0	0	1,3	ERA5
1066115	14/08/2025	11	14/08/2025	07	HAE	6,9	0	5,7	0	92,0	0	11,0	0	260,0	0	972,0	0	189,1	ERA5
1066116	14/08/2025	12	14/08/2025	08	HAE	9,3	0	6,3	0	81,0	0	9,0	0	260,0	0	972,0	0	628,4	ERA5
1066117	14/08/2025	13	14/08/2025	09	HAE	10,8	0	2,8	0	58,0	0	24,0	0	270,0	0	972,0	0	1080,4	ERA5
1066118	14/08/2025	14	14/08/2025	10	HAE	11,7	0	3,2	0	56,0	0	18,0	0	290,0	0	973,0	0	1715,6	ERA5
1066119	14/08/2025	15	14/08/2025	11	HAE	12,9	0	3,0	0	51,0	0	8,0	0	300,0	0	973,0	0	2118,5	ERA5
1066120	14/08/2025	16	14/08/2025	12	HAE	13,9	0	2,2	0	45,0	0	18,0	0	290,0	0	973,0	0	2570,5	ERA5
1066121	14/08/2025	17	14/08/2025	13	HAE	15,0	0	4,3	0	48,0	0	17,0	0	310,0	0	974,0	0	2799,4	ERA5
1066122	14/08/2025	18	14/08/2025	14	HAE	15,3	0	4,1	0	47,0	0	13,0	0	320,0	0	974,0	0	3045,6	ERA5
1066123	14/08/2025	19	14/08/2025	15	HAE	15,7	0	4,4	0	47,0	0	11,0	0	260,0	0	974,0	0	2793,8	ERA5
1066124	14/08/2025	20	14/08/2025	16	HAE	16,8	0	2,9	0	39,0	0	18,0	0	310,0	0	974,0	0	2526,5	ERA5
1066125	14/08/2025	21	14/08/2025	17	HAE	16,6	0	2,8	0	39,0	0	13,0	0	270,0	0	975,0	0	2040,8	ERA5
1066126	14/08/2025	22	14/08/2025	18	HAE	16,5	0	2,0	0	37,0	0	15,0	0	280,0	0	975,0	0	1452,8	ERA5
1066127	14/08/2025	23	14/08/2025	19	HAE	16,0	0	2,1	0	39,0	0	11,0	0	300,0	0	975,0	0	813,0	ERA5
1066128	15/08/2025	00	14/08/2025	20	HAE	14,5	0	3,8	0	48,0	0	8,0	0	310,0	0	975,0	0	271,1	ERA5
1066129	15/08/2025	01	14/08/2025	21	HAE	11,7	0	5,2	0	64,0	0	5,0	0	340,0	0	976,0	0	4,3	ERA5
1066130	15/08/2025	02	14/08/2025	22	HAE	10,3	0	5,9	0	74,0	0	5,0	0	340,0	0	976,0	0	0,0	ERA5
1066131	15/08/2025	03	14/08/2025	23	HAE	9,1	0	5,7	0	79,0	0	8,0	0	340,0	0	976,0	0	0,0	ERA5
1066132	15/08/2025	04	15/08/2025	00	HAE	8,3	0	6,8	0	90,0	0	8,0	0	340,0	0	977,0	0	0,0	ERA5
1066133	15/08/2025	05	15/08/2025	01	HAE	7,9	0	5,6	0	85,0	0	0,0	0	0,0	0	977,0	0	0,0	ERA5
1066134	15/08/2025	06	15/08/2025	02	HAE	6,6	0	5,2	0	91,0	0	0,0	0	0,0	0	977,0	0	-0,0	ERA5
1066135	15/08/2025	07	15/08/2025	03	HAE	7,3	0	7,0	0	98,0	0	0,0	0	0,0	0	978,0	0	0,0	ERA5
1066136	15/08/2025	08	15/08/2025	04	HAE	6,4	0	5,5	0	94,0	0	4,0	0	130,0	0	978,0	0	0,0	ERA5
1066137	15/08/2025	09	15/08/2025	05	HAE	8,4	0	6,6	0	89,0	0	4,0	0	130,0	0	978,0	0	0,0	ERA5
1066138	15/08/2025	10	15/08/2025	06	HAE	7,9	0	6,3	0	89,0	0	8,0	0	150,0	0	978,0	0	1,0	ERA5
1066139	15/08/2025	11	15/08/2025	07	HAE	9,5	0	7,3	0	86,0	0	8,0	0	130,0	0	978,0	0	225,9	ERA5
1066140	15/08/2025	12	15/08/2025	08	HAE	11,8	0	7,8	0	76,0	0	13,0	0	140,0	0	978,0	0	778,7	ERA5
1066141	15/08/2025	13	15/08/2025	09	HAE	14,0	0	8,0	0	67,0	0	13,0	0	160,0	0	978,0	0	1400,3	ERA5
1066142	15/08/2025	14	15/08/2025	10	HAE	16,2	0	7,3	0	55,0	0	13,0	0	160,0	0	978,0	0	1986,2	ERA5
1066143	15/08/2025	15	15/08/2025	11	HAE	17,6	0	6,3	0	47,0	0	13,0	0	160,0	0	977,0	0	2476,1	ERA5
1066144	15/08/2025	16	15/08/2025	12	HAE	19,3	0	6,6	0	43,0	0	13,0	0	230,0	0	977,0	0	2747,6	ERA5
1066145	15/08/2025	17	15/08/2025	13	HAE	19,7	0	5,9	0	40,0	0	13,0	0	190,0	0	977,0	0	2919,1	ERA5
1066146	15/08/2025	18	15/08/2025	14	HAE	21,3	0	7,6	0	41,0	0	18,0	0	160,0	0	976,0	0	2728,9	ERA5
1066147	15/08/2025	19	15/08/2025	15	HAE	22,0	0	7,1	0	38,0	0	22,0	0	170,0	0	975,0	0	2458,6	ERA5
1066148	15/08/2025	20	15/08/2025	16	HAE	22,3	0	8,1	0	40,0	0	18,0	0	180,0	0	974,0	0	2202,4	ERA5
1066149	15/08/2025	21	15/08/2025	17	HAE	23,2	0	7,2	0	35,0	0	18,0	0	200,0	0	974,0	0	1762,6	ERA5
1066150	15/08/2025	22	15/08/2025	18	HAE	22,9	0	8,3	0	39,0	0	22,0	0	190,0	0	974,0	0	1219,9	ERA5
1066151	15/08/2025	23	15/08/2025	19	HAE	21,9	0	8,5	0	42,0	0	21,0	0	170,0	0	973,0	0	727,7	ERA5
1066152	16/08/2025	00	15/08/2025	20	HAE	19,8	0	8,6	0	48,0	0	15,0	0	180,0	0	973,0	0	228,1	ERA5
1066153	16/08/2025	01	15/08/2025	21	HAE	18,1	0	9,4	0	57,0	0	13,0	0	160,0	0	973,0	0	2,8	ERA5
1066154	16/08/2025	02	15/08/2025	22	HAE	15,5	0	9,5	0	67,0	0	9,0	0	180,0	0	972,0	0	0,0	ERA5
1066155	16/08/2025	03	15/08/2025	23	HAE	15,9	0	10,1	0	68,0	0	9,0	0	190,0	0	972,0	0	0,0	ERA5
1066156	16/08/2025	04	16/08/2025	00	HAE	17,8	0	9,8	0	59,0	0	15,0	0	180,0	0	972,0	0	0,0	ERA5
1066157	16/08/2025	05	16/08/2025	01	HAE	16,9	0	9,9	0	63,0	0	15,0	0	180,0	0	971,0	0	0,0	ERA5
1066158	16/08/2025	06	16/08/2025	02	HAE	17,5	0	10,9	0	65,0	0	15,0	0	190,0	0	971,0	0	0,0	ERA5
1066159	16/08/2025	07	16/08/2025	03	HAE	17,7	0	12,0	0	69,0	0	13,0	0	190,0	0	971,0	0	0,0	ERA5
1066160	16/08/2025	08	16/08/2025	04	HAE	18,9	0	12,7	0	67,0	0	15,0	0	190,0	0	970,0	0	0,0	ERA5
1066161	16/08/2025	09	16/08/2025	05	HAE	18,8	0	13,2	0	70,0	0	18,0	0	190,0	0	970,0	0	0,0	ERA5
1066162	16/08/2025	10	16/08/2025	06	HAE	18,8	0	13,7	0	72,0	0	17,0	0	200,0	0	970,0	0	0,4	ERA5
1066163	16/08/2025	11	16/08/2025	07	HAE	19,0	0	14,3	0	74,0	0	18,0	0	200,0	0	969,0	0	126,7	ERA5
1066164	16/08/2025	12	16/08/2025	08	HAE	19,4	0	14,8	0	75,0	0	17,0	0	200,0	0	969,0	0	544,3	ERA5
1066165	16/08/2025	13	16/08/2025	09	HAE	21,0	0	15,3	0	69,0	0	21,0	0	210,0	0	969,0	0	1126,3	ERA5
1066166	16/08/2025	14	16/08/2025	10	HAE	22,2	0	15,9	0	67,0	0	24,0	0	210,0	0	968,0	0	1609,8	ERA5
1066167	16/08/2025	15	16/08/2025	11	HAE	19,0	0	17,3	0	90,0	0	17,0	0	210,0	0	968,0	0	1847,6	ERA5
1066168	16/08/2025	16	16/08/2025	12	HAE	20,7	0	19,0	0	90,0	0	17,0	0	200,0	0	967,0	0	2055,3	ERA5
1066169	16/08/2025	17	16/08/2025	13	HAE	20,5	0	17,9	0	85,0	0	24,0	0	210,0	0	967,0	0	2215,4	ERA5
1066170	16/08/2025	18	16/08/2025	14	HAE	20,0	0	18,2	0	89,0	0	22,0	0	220,0	0	967,0	0	2161,6	ERA5
1066171	16/08/2025	19	16/08/2025	15	HAE	22,9	0	18,5	0	76,0	0	22,0	0	220,0	0	966,0	0	1170,1	ERA5
1066172	16/08/2025	20	16/08/2025	16	HAE	22,8	0	17,8	0	73,0	0	13,0	0	260,0	0	966,0	0	754,6	ERA5
1066173	16/08/2025	21	16/08/2025	17	HAE	20,9	0	18,5	0	86,0	0	11,0	0	250,0	0	966,0	0	835,9	ERA5
1066174	16/08/2025	22	16/08/2025	18	HAE	20,9	0	17,9	0	83,0	0	11,0	0	270,0	0	966,0	0	670,3	ERA5
1066175	16/08/2025	23	16/08/2025	19	HAE	19,5	0	12,8	0	65,0	0	21,0	0	330,0	0	967,0	0	314,4	ERA5
1066176	17/08/2025	00	16/08/2025	20	HAE	17,7	0	11,6	0	67,0	0	18,0	0	320,0	0	968,0	0	123,2	ERA5
1066177	17/08/2025	01	16/08/2025	21	HAE	15,2	0	9,2	0	67,0	0	22,0	0	330,0	0	969,0	0	0,9	ERA5
1066178	17/08/2025	02	16/08/2025	22	HAE	13,9	0	8,6	0	70,0	0	13,0	0	330,0	0	969,0	0	0,0	ERA5
1066179	17/08/2025	03	16/08/2025	23	HAE	12,1	0	7,8	0	75,0	0	13,0	0	320,0	0	970,0	0	-0,0	ERA5
1066180	17/08/2025	04	17/08/2025	00	HAE	11,0	0	6,4	0	73,0	0	21,0	0	310,0	0	970,0	0	0,0	ERA5
1066181	17/08/2025	05	17/08/2025	01	HAE	10,0	0	5,0	0	71,0	0	18,0	0	330,0	0	970,0	0	0,0	ERA5
1066182	17/08/2025	06	17/08/2025	02	HAE	9,3	0	5,3	0	76,0	0	17,0	0	320,0	0	970,0	0	-0,0	ERA5
1066183	17/08/2025	07	17/08/2025	03	HAE	8,9	0	5,2	0	78,0	0	17,0	0	310,0	0	971,0	0	0,0	ERA5
1066184	17/08/2025	08	17/08/2025	04	HAE	8,6	0	4,6	0	76,0	0	17,0	0	300,0	0	971,0	0	0,0	ERA5
1066185	17/08/2025	09	17/08/2025	05	HAE	8,1	0	4,7	0	79,0	0	22,0	0	320,0	0	971,0	0	0,0	ERA5
1066186	17/08/2025	10	17/08/2025	06	HAE	7,3	0	3,0	0	74,0	0	15,0	0	310,0	0	972,0	0	0,1	ERA5
1066187	17/08/2025	11	17/08/2025	07	HAE	7,1	0	3,0	0	75,0	0	17,0	0	320,0	0	972,0	0	52,4	ERA5
1066188	17/08/2025	12	17/08/2025	08	HAE	6,8	0	3,1	0	77,0	0	13,0	0	310,0	0	973,0	0	247,9	ERA5
1066189	17/08/2025	13	17/08/2025	09	HAE	7,0	0	3,3	0	77,0	0	17,0	0	330,0	0	973,0	0	530,6	ERA5
1066190	17/08/2025	14	17/08/2025	10	HAE	7,0	0	3,4	0	78,0	0	21,0	0	360,0	0	974,0	0	959,2	ERA5
1066191	17/08/2025	15	17/08/2025	11	HAE	7,9	0	3,0	0	71,0	0	18,0	0	340,0	0	974,0	0	1452,8	ERA5
1066192	17/08/2025	16	17/08/2025	12	HAE	9,5	0	2,8	0	63,0	0	17,0	0	320,0	0	974,0	0	1749,6	ERA5
1066193	17/08/2025	17	17/08/2025	13	HAE	10,2	0	2,5	0	59,0	0	18,0	0	320,0	0	974,0	0	2016,3	ERA5
1066194	17/08/2025	18	17/08/2025	14	HAE	11,7	0	1,7	0	50,0	0	18,0	0	310,0	0	974,0	0	2269,3	ERA5
1066195	17/08/2025	19	17/08/2025	15	HAE	13,0	0	2,7	0	49,0	0	18,0	0	330,0	0	974,0	0	2153,4	ERA5
1066196	17/08/2025	20	17/08/2025	16	HAE	12,4	0	2,3	0	50,0	0	22,0	0	320,0	0	975,0	0	1794,2	ERA5
1066197	17/08/2025	21	17/08/2025	17	HAE	13,8	0	2,7	0	47,0	0	18,0	0	350,0	0	975,0	0	1359,8	ERA5
1066198	17/08/2025	22	17/08/2025	18	HAE	12,5	0	2,3	0	50,0	0	15,0	0	330,0	0	975,0	0	853,1	ERA5
1066199	17/08/2025	23	17/08/2025	19	HAE	12,4	0	2,9	0	52,0	0	15,0	0	330,0	0	975,0	0	445,2	ERA5
1066200	18/08/2025	00	17/08/2025	20	HAE	11,3	0	3,1	0	57,0	0	8,0	0	310,0	0	975,0	0	104,2	ERA5
1066201	18/08/2025	01	17/08/2025	21	HAE	11,0	0	3,8	0	61,0	0	13,0	0	310,0	0	976,0	0	0,7	ERA5
1066202	18/08/2025	02	17/08/2025	22	HAE	10,6	0	4,3	0	65,0	0	13,0	0	320,0	0	976,0	0	-0,0	ERA5
1066203	18/08/2025	03	17/08/2025	23	HAE	9,4	0	4,6	0	72,0	0	8,0	0	310,0	0	976,0	0	0,0	ERA5
1066204	18/08/2025	04	18/08/2025	00	HAE	7,2	0	4,6	0	84,0	0	4,0	0	290,0	0	976,0	0	0,0	ERA5
1066205	18/08/2025	05	18/08/2025	01	HAE	6,7	0	4,5	0	86,0	0	8,0	0	270,0	0	977,0	0	0,0	ERA5
1066206	18/08/2025	06	18/08/2025	02	HAE	7,4	0	5,2	0	86,0	0	9,0	0	280,0	0	977,0	0	0,0	ERA5
1066207	18/08/2025	07	18/08/2025	03	HAE	6,6	0	4,8	0	88,0	0	5,0	0	260,0	0	977,0	0	0,0	ERA5
1066208	18/08/2025	08	18/08/2025	04	HAE	4,8	0	3,8	0	93,0	0	5,0	0	260,0	0	978,0	0	0,0	ERA5
1066209	18/08/2025	09	18/08/2025	05	HAE	5,8	0	4,6	0	92,0	0	8,0	0	310,0	0	978,0	0	0,0	ERA5
1066210	18/08/2025	10	18/08/2025	06	HAE	5,6	0	4,6	0	93,0	0	8,0	0	280,0	0	979,0	0	0,0	ERA5
1066211	18/08/2025	11	18/08/2025	07	HAE	6,3	0	5,3	0	93,0	0	13,0	0	330,0	0	979,0	0	131,6	ERA5
1066212	18/08/2025	12	18/08/2025	08	HAE	6,6	0	4,7	0	88,0	0	18,0	0	340,0	0	980,0	0	436,9	ERA5
1066213	18/08/2025	13	18/08/2025	09	HAE	9,1	0	4,7	0	74,0	0	18,0	0	330,0	0	981,0	0	708,0	ERA5
1066214	18/08/2025	14	18/08/2025	10	HAE	10,3	0	4,3	0	66,0	0	11,0	0	0,0	0	981,0	0	1015,7	ERA5
1066215	18/08/2025	15	18/08/2025	11	HAE	11,5	0	4,4	0	62,0	0	13,0	0	310,0	0	981,0	0	1450,4	ERA5
1066216	18/08/2025	16	18/08/2025	12	HAE	13,1	0	3,2	0	51,0	0	13,0	0	30,0	0	980,0	0	1483,3	ERA5
1066217	18/08/2025	17	18/08/2025	13	HAE	14,2	0	2,6	0	45,0	0	13,0	0	320,0	0	980,0	0	1935,5	ERA5
1066218	18/08/2025	18	18/08/2025	14	HAE	15,1	0	2,4	0	42,0	0	13,0	0	320,0	0	980,0	0	2081,2	ERA5
1066219	18/08/2025	19	18/08/2025	15	HAE	16,3	0	3,8	0	43,0	0	13,0	0	350,0	0	980,0	0	2362,7	ERA5
1066220	18/08/2025	20	18/08/2025	16	HAE	16,1	0	2,8	0	41,0	0	13,0	0	20,0	0	980,0	0	2198,4	ERA5
1066221	18/08/2025	21	18/08/2025	17	HAE	16,2	0	3,0	0	41,0	0	11,0	0	20,0	0	979,0	0	1681,4	ERA5
1066222	18/08/2025	22	18/08/2025	18	HAE	15,8	0	3,5	0	44,0	0	5,0	0	10,0	0	980,0	0	1171,0	ERA5
1066223	18/08/2025	23	18/08/2025	19	HAE	14,3	0	4,2	0	51,0	0	8,0	0	30,0	0	980,0	0	580,0	ERA5
1066224	19/08/2025	00	18/08/2025	20	HAE	12,5	0	3,8	0	55,0	0	9,0	0	20,0	0	980,0	0	142,7	ERA5
1066225	19/08/2025	01	18/08/2025	21	HAE	10,6	0	4,6	0	66,0	0	9,0	0	30,0	0	980,0	0	0,4	ERA5
1066226	19/08/2025	02	18/08/2025	22	HAE	9,6	0	5,2	0	74,0	0	5,0	0	50,0	0	980,0	0	-0,0	ERA5
1066227	19/08/2025	03	18/08/2025	23	HAE	9,2	0	5,2	0	76,0	0	5,0	0	40,0	0	980,0	0	0,0	ERA5
1066228	19/08/2025	04	19/08/2025	00	HAE	9,0	0	5,8	0	80,0	0	5,0	0	50,0	0	980,0	0	0,0	ERA5
1066229	19/08/2025	05	19/08/2025	01	HAE	8,6	0	5,1	0	78,0	0	5,0	0	70,0	0	980,0	0	0,0	ERA5
1066230	19/08/2025	06	19/08/2025	02	HAE	9,8	0	4,9	0	72,0	0	9,0	0	80,0	0	980,0	0	0,0	ERA5
1066231	19/08/2025	07	19/08/2025	03	HAE	9,8	0	5,0	0	72,0	0	11,0	0	100,0	0	980,0	0	0,0	ERA5
1066232	19/08/2025	08	19/08/2025	04	HAE	9,8	0	4,6	0	70,0	0	8,0	0	80,0	0	980,0	0	0,0	ERA5
1066233	19/08/2025	09	19/08/2025	05	HAE	9,5	0	4,5	0	71,0	0	8,0	0	80,0	0	980,0	0	0,0	ERA5
1066234	19/08/2025	10	19/08/2025	06	HAE	9,3	0	4,3	0	71,0	0	5,0	0	120,0	0	981,0	0	0,0	ERA5
1066235	19/08/2025	11	19/08/2025	07	HAE	9,4	0	4,6	0	72,0	0	9,0	0	110,0	0	980,0	0	31,9	ERA5
1066236	19/08/2025	12	19/08/2025	08	HAE	9,5	0	4,5	0	71,0	0	4,0	0	0,0	0	981,0	0	262,5	ERA5
1066237	19/08/2025	13	19/08/2025	09	HAE	10,3	0	4,7	0	68,0	0	8,0	0	110,0	0	980,0	0	694,3	ERA5
1066238	19/08/2025	14	19/08/2025	10	HAE	11,0	0	4,8	0	65,0	0	9,0	0	120,0	0	980,0	0	1357,1	ERA5
1066239	19/08/2025	15	19/08/2025	11	HAE	11,4	0	6,3	0	71,0	0	8,0	0	110,0	0	979,0	0	2033,4	ERA5
1066240	19/08/2025	16	19/08/2025	12	HAE	12,0	0	6,8	0	70,0	0	13,0	0	140,0	0	979,0	0	2503,2	ERA5
1066241	19/08/2025	17	19/08/2025	13	HAE	13,4	0	6,9	0	65,0	0	17,0	0	130,0	0	978,0	0	2490,8	ERA5
1066242	19/08/2025	18	19/08/2025	14	HAE	14,9	0	6,7	0	58,0	0	9,0	0	150,0	0	978,0	0	2411,2	ERA5
1066243	19/08/2025	19	19/08/2025	15	HAE	16,2	0	6,5	0	52,0	0	8,0	0	160,0	0	977,0	0	2065,6	ERA5
1066244	19/08/2025	20	19/08/2025	16	HAE	16,1	0	6,6	0	53,0	0	11,0	0	140,0	0	977,0	0	2093,8	ERA5
1066245	19/08/2025	21	19/08/2025	17	HAE	17,5	0	7,0	0	50,0	0	5,0	0	100,0	0	977,0	0	1906,8	ERA5
1066246	19/08/2025	22	19/08/2025	18	HAE	17,1	0	7,0	0	51,0	0	5,0	0	0,0	0	977,0	0	1310,6	ERA5
1066247	19/08/2025	23	19/08/2025	19	HAE	16,0	0	7,2	0	56,0	0	13,0	0	60,0	0	976,0	0	697,2	ERA5
1066248	20/08/2025	00	19/08/2025	20	HAE	12,9	0	7,8	0	71,0	0	9,0	0	50,0	0	976,0	0	176,6	ERA5
1066249	20/08/2025	01	19/08/2025	21	HAE	11,4	0	7,9	0	79,0	0	8,0	0	70,0	0	976,0	0	0,1	ERA5
1066250	20/08/2025	02	19/08/2025	22	HAE	11,8	0	7,0	0	72,0	0	11,0	0	100,0	0	977,0	0	0,0	ERA5
1066251	20/08/2025	03	19/08/2025	23	HAE	10,7	0	6,9	0	77,0	0	8,0	0	90,0	0	977,0	0	0,0	ERA5
1066252	20/08/2025	04	20/08/2025	00	HAE	10,3	0	6,9	0	79,0	0	11,0	0	120,0	0	977,0	0	0,0	ERA5
1066253	20/08/2025	05	20/08/2025	01	HAE	9,9	0	6,8	0	81,0	0	11,0	0	130,0	0	976,0	0	0,0	ERA5
1066254	20/08/2025	06	20/08/2025	02	HAE	9,6	0	6,9	0	83,0	0	11,0	0	140,0	0	976,0	0	-0,0	ERA5
1066255	20/08/2025	07	20/08/2025	03	HAE	8,9	0	6,7	0	86,0	0	8,0	0	140,0	0	976,0	0	0,0	ERA5
1066256	20/08/2025	08	20/08/2025	04	HAE	9,3	0	6,8	0	84,0	0	13,0	0	150,0	0	976,0	0	0,0	ERA5
1066257	20/08/2025	09	20/08/2025	05	HAE	8,8	0	6,3	0	84,0	0	8,0	0	130,0	0	976,0	0	0,0	ERA5
1066258	20/08/2025	10	20/08/2025	06	HAE	8,7	0	6,2	0	84,0	0	8,0	0	100,0	0	976,0	0	0,0	ERA5
1066259	20/08/2025	11	20/08/2025	07	HAE	9,3	0	6,4	0	82,0	0	8,0	0	100,0	0	976,0	0	145,0	ERA5
1066260	20/08/2025	12	20/08/2025	08	HAE	11,1	0	7,0	0	76,0	0	8,0	4.lineaire	110,0	4.lineaire	976,0	0	533,6	ERA5
1066261	20/08/2025	13	20/08/2025	09	HAE	14,0	0	8,6	0	70,0	0	8,0	0	120,0	0	976,0	0	1166,0	ERA5
1066262	20/08/2025	14	20/08/2025	10	HAE	16,1	0	8,7	0	61,0	0	8,0	0	160,0	0	976,0	0	1629,5	ERA5
1066263	20/08/2025	15	20/08/2025	11	HAE	17,7	0	9,1	0	57,0	0	8,0	0	150,0	0	976,0	0	2061,4	ERA5
1066264	20/08/2025	16	20/08/2025	12	HAE	18,8	0	8,8	0	52,0	0	4,0	0	0,0	0	976,0	0	2471,9	ERA5
1066265	20/08/2025	17	20/08/2025	13	HAE	19,6	0	7,7	0	46,0	0	5,0	0	80,0	0	975,0	0	2550,5	ERA5
1066266	20/08/2025	18	20/08/2025	14	HAE	20,0	0	6,5	0	41,0	0	4,0	0	0,0	0	975,0	0	2195,2	ERA5
1066267	20/08/2025	19	20/08/2025	15	HAE	20,5	0	7,0	0	41,0	0	4,0	0	0,0	0	975,0	0	1799,3	ERA5
1066268	20/08/2025	20	20/08/2025	16	HAE	21,8	0	8,0	0	41,0	0	8,0	0	10,0	0	975,0	0	1053,6	ERA5
1066269	20/08/2025	21	20/08/2025	17	HAE	21,9	0	7,3	0	39,0	0	0,0	0	0,0	0	974,0	0	829,3	ERA5
1066270	20/08/2025	22	20/08/2025	18	HAE	21,2	0	7,9	0	42,0	0	5,0	0	180,0	0	974,0	0	648,6	ERA5
1066271	20/08/2025	23	20/08/2025	19	HAE	20,2	0	9,2	0	49,0	0	0,0	0	0,0	0	974,0	0	430,4	ERA5
1066272	21/08/2025	00	20/08/2025	20	HAE	17,6	0	10,8	0	64,0	0	4,0	0	70,0	0	974,0	0	87,6	ERA5
1066273	21/08/2025	01	20/08/2025	21	HAE	16,2	0	12,6	0	79,0	0	4,0	0	40,0	0	975,0	0	0,0	ERA5
1066274	21/08/2025	02	20/08/2025	22	HAE	16,1	0	11,8	0	76,0	0	4,0	0	70,0	0	974,0	0	0,0	ERA5
1066275	21/08/2025	03	20/08/2025	23	HAE	16,4	0	11,2	0	71,0	0	4,0	0	90,0	0	975,0	0	0,0	ERA5
1066276	21/08/2025	04	21/08/2025	00	HAE	16,0	0	10,4	0	69,0	0	5,0	0	150,0	0	974,0	0	0,0	ERA5
1066277	21/08/2025	05	21/08/2025	01	HAE	15,2	0	10,3	0	72,0	0	5,0	0	150,0	0	974,0	0	0,0	ERA5
1066278	21/08/2025	06	21/08/2025	02	HAE	14,8	0	10,5	0	75,0	0	5,0	0	140,0	0	974,0	0	0,0	ERA5
1066279	21/08/2025	07	21/08/2025	03	HAE	13,9	0	10,9	0	82,0	0	5,0	0	150,0	0	974,0	0	0,0	ERA5
1066280	21/08/2025	08	21/08/2025	04	HAE	12,6	0	10,3	0	86,0	0	5,0	0	180,0	0	974,0	0	0,0	ERA5
1066281	21/08/2025	09	21/08/2025	05	HAE	12,9	0	10,6	0	86,0	0	0,0	0	0,0	0	974,0	0	0,0	ERA5
1066282	21/08/2025	10	21/08/2025	06	HAE	13,1	0	11,0	0	87,0	0	8,0	0	200,0	0	974,0	0	0,0	ERA5
1066283	21/08/2025	11	21/08/2025	07	HAE	13,3	0	11,9	0	91,0	0	5,0	0	180,0	0	974,0	0	117,7	ERA5
1066284	21/08/2025	12	21/08/2025	08	HAE	14,7	0	12,4	0	86,0	0	5,0	0	190,0	0	974,0	0	557,0	ERA5
1066285	21/08/2025	13	21/08/2025	09	HAE	17,9	0	11,8	0	67,0	0	5,0	0	260,0	0	974,0	0	1041,7	ERA5
1066286	21/08/2025	14	21/08/2025	10	HAE	21,4	0	10,8	0	50,0	0	9,0	4.lineaire	250,0	4.lineaire	974,0	0	1424,7	ERA5
1066287	21/08/2025	15	21/08/2025	11	HAE	22,1	0	9,8	0	45,0	0	13,0	0	240,0	0	974,0	0	1836,0	ERA5
1066288	21/08/2025	16	21/08/2025	12	HAE	22,5	0	10,0	0	45,0	0	5,0	0	310,0	0	973,0	0	2250,4	ERA5
1066289	21/08/2025	17	21/08/2025	13	HAE	22,6	0	9,0	0	42,0	0	9,0	0	270,0	0	973,0	0	2180,2	ERA5
1066290	21/08/2025	18	21/08/2025	14	HAE	22,9	0	10,0	0	43,0	0	8,0	0	290,0	0	972,0	0	2083,7	ERA5
1066291	21/08/2025	19	21/08/2025	15	HAE	24,0	0	9,7	0	40,0	0	9,0	0	300,0	0	972,0	0	1673,3	ERA5
1066292	21/08/2025	20	21/08/2025	16	HAE	23,7	0	10,0	0	41,0	0	13,0	0	300,0	0	972,0	0	1603,1	ERA5
1066293	21/08/2025	21	21/08/2025	17	HAE	24,0	0	10,4	0	42,0	0	17,0	0	310,0	0	972,0	0	1366,1	ERA5
1066294	21/08/2025	22	21/08/2025	18	HAE	23,6	0	10,8	0	44,0	0	15,0	0	320,0	0	971,0	0	798,4	ERA5
1066295	21/08/2025	23	21/08/2025	19	HAE	22,6	0	10,3	0	45,0	0	13,0	0	300,0	0	972,0	0	420,1	ERA5
1066296	22/08/2025	00	21/08/2025	20	HAE	20,6	0	10,5	0	52,0	0	5,0	0	280,0	0	972,0	0	117,6	ERA5
1066297	22/08/2025	01	21/08/2025	21	HAE	18,2	0	10,6	0	61,0	0	5,0	0	280,0	0	972,0	0	0,0	ERA5
1066298	22/08/2025	02	21/08/2025	22	HAE	15,4	0	11,4	0	77,0	0	4,0	0	300,0	0	972,0	0	0,0	ERA5
1066299	22/08/2025	03	21/08/2025	23	HAE	11,8	0	10,0	0	89,0	0	0,0	0	0,0	0	972,0	0	0,0	ERA5
1066300	22/08/2025	04	22/08/2025	00	HAE	12,7	0	11,0	0	89,0	0	0,0	0	0,0	0	971,0	0	0,0	ERA5
1066301	22/08/2025	05	22/08/2025	01	HAE	10,7	0	8,9	0	89,0	0	0,0	0	0,0	0	971,0	0	0,0	ERA5
1066302	22/08/2025	06	22/08/2025	02	HAE	12,4	0	11,8	0	96,0	0	0,0	0	0,0	0	971,0	0	0,0	ERA5
1066303	22/08/2025	07	22/08/2025	03	HAE	12,7	0	11,2	0	91,0	0	0,0	0	0,0	0	971,0	0	0,0	ERA5
1066304	22/08/2025	08	22/08/2025	04	HAE	11,9	0	10,7	0	92,0	0	0,0	0	0,0	0	971,0	0	0,0	ERA5
1066305	22/08/2025	09	22/08/2025	05	HAE	12,6	0	11,4	0	92,0	0	0,0	0	0,0	0	971,0	0	0,0	ERA5
1066306	22/08/2025	10	22/08/2025	06	HAE	13,1	0	12,0	0	93,0	0	5,0	0	180,0	0	971,0	0	0,0	ERA5
1066307	22/08/2025	11	22/08/2025	07	HAE	13,8	0	13,3	0	97,0	0	0,0	0	0,0	0	971,0	0	39,4	ERA5
1066308	22/08/2025	12	22/08/2025	08	HAE	14,9	0	14,1	0	95,0	0	5,0	0	190,0	0	971,0	0	223,6	ERA5
1066309	22/08/2025	13	22/08/2025	09	HAE	15,9	0	14,1	0	89,0	0	7,0	4.lineaire	183,333	4.lineaire	971,0	0	560,8	ERA5
1066310	22/08/2025	14	22/08/2025	10	HAE	18,1	0	13,8	0	76,0	0	9,0	4.lineaire	176,667	4.lineaire	970,0	0	1037,3	ERA5
1066311	22/08/2025	15	22/08/2025	11	HAE	20,5	0	13,3	0	63,0	0	11,0	0	170,0	0	970,0	0	1608,3	ERA5
1066312	22/08/2025	16	22/08/2025	12	HAE	21,6	0	13,4	0	59,0	0	9,0	0	180,0	0	969,0	0	1568,2	ERA5
1066313	22/08/2025	17	22/08/2025	13	HAE	21,3	0	13,5	0	61,0	0	11,0	0	170,0	0	968,0	0	1885,6	ERA5
1066314	22/08/2025	18	22/08/2025	14	HAE	22,0	0	14,1	0	60,0	0	13,0	0	200,0	0	968,0	0	2107,5	ERA5
1066315	22/08/2025	19	22/08/2025	15	HAE	20,3	0	14,9	0	71,0	0	11,0	0	280,0	0	968,0	0	1347,0	ERA5
1066316	22/08/2025	20	22/08/2025	16	HAE	19,3	0	15,2	0	77,0	0	13,0	0	260,0	0	968,0	0	693,5	ERA5
1066317	22/08/2025	21	22/08/2025	17	HAE	17,5	0	16,2	0	92,0	0	9,0	0	220,0	0	968,0	0	436,3	ERA5
1066318	22/08/2025	22	22/08/2025	18	HAE	17,3	0	16,6	0	96,0	0	11,0	0	230,0	0	967,0	0	140,2	ERA5
1066319	22/08/2025	23	22/08/2025	19	HAE	16,7	0	16,4	0	98,0	0	8,0	0	190,0	0	967,0	0	49,5	ERA5
1066320	23/08/2025	00	22/08/2025	20	HAE	16,8	0	16,5	0	98,0	0	13,0	0	180,0	0	966,0	0	11,2	ERA5
1066321	23/08/2025	01	22/08/2025	21	HAE	16,5	0	16,2	0	98,0	0	17,0	0	180,0	0	966,0	0	0,0	ERA5
1066322	23/08/2025	02	22/08/2025	22	HAE	15,9	0	15,4	0	97,0	0	11,0	0	160,0	0	966,0	0	0,0	ERA5
1066323	23/08/2025	03	22/08/2025	23	HAE	16,1	0	16,0	0	99,0	0	13,0	0	150,0	0	964,0	0	0,0	ERA5
1066324	23/08/2025	04	23/08/2025	00	HAE	16,4	0	16,2	0	99,0	0	13,0	0	230,0	0	964,0	0	0,0	ERA5
1066325	23/08/2025	05	23/08/2025	01	HAE	15,9	0	15,8	0	99,0	0	9,0	0	270,0	0	965,0	0	0,0	ERA5
1066326	23/08/2025	06	23/08/2025	02	HAE	15,5	0	15,2	0	98,0	0	11,0	0	260,0	0	964,0	0	0,0	ERA5
1066327	23/08/2025	07	23/08/2025	03	HAE	15,2	0	14,9	0	98,0	0	9,0	0	260,0	0	965,0	0	0,0	ERA5
1066328	23/08/2025	08	23/08/2025	04	HAE	15,0	0	14,7	0	98,0	0	0,0	0	0,0	0	964,0	0	0,0	ERA5
1066329	23/08/2025	09	23/08/2025	05	HAE	14,7	0	14,7	0	100,0	0	9,0	0	210,0	0	964,0	0	0,0	ERA5
1066330	23/08/2025	10	23/08/2025	06	HAE	14,5	0	14,5	0	100,0	0	4,0	0	0,0	0	964,0	0	0,0	ERA5
1066331	23/08/2025	11	23/08/2025	07	HAE	15,4	0	15,4	0	100,0	0	9,0	0	140,0	0	964,0	0	32,9	ERA5
1066332	23/08/2025	12	23/08/2025	08	HAE	16,3	0	16,3	0	100,0	0	15,0	0	150,0	0	963,0	0	216,5	ERA5
1066333	23/08/2025	13	23/08/2025	09	HAE	17,1	0	16,5	0	96,0	0	15,0	0	170,0	0	963,0	0	388,9	ERA5
1066334	23/08/2025	14	23/08/2025	10	HAE	16,3	0	15,8	0	97,0	0	9,0	0	220,0	0	963,0	0	422,4	ERA5
1066335	23/08/2025	15	23/08/2025	11	HAE	16,3	0	16,0	0	98,0	0	9,0	0	170,0	0	963,0	0	293,0	ERA5
1066336	23/08/2025	16	23/08/2025	12	HAE	17,0	0	16,5	0	97,0	0	18,0	0	170,0	0	962,0	0	359,3	ERA5
1066337	23/08/2025	17	23/08/2025	13	HAE	17,6	0	17,0	0	96,0	0	13,0	0	190,0	0	962,0	0	430,1	ERA5
1066338	23/08/2025	18	23/08/2025	14	HAE	18,8	0	17,6	0	92,0	0	17,0	0	170,0	0	961,0	0	634,4	ERA5
1066339	23/08/2025	19	23/08/2025	15	HAE	19,0	0	18,0	0	94,0	0	21,0	0	200,0	0	960,0	0	667,2	ERA5
1066340	23/08/2025	20	23/08/2025	16	HAE	18,9	0	16,7	0	87,0	0	21,0	0	210,0	0	960,0	0	1252,7	ERA5
1066341	23/08/2025	21	23/08/2025	17	HAE	19,6	0	18,6	0	94,0	0	11,0	0	190,0	0	960,0	0	1504,5	ERA5
1066342	23/08/2025	22	23/08/2025	18	HAE	20,3	0	18,7	0	90,0	0	9,0	0	170,0	0	959,0	0	638,9	ERA5
1066343	23/08/2025	23	23/08/2025	19	HAE	19,3	0	16,9	0	86,0	0	13,0	0	180,0	0	959,0	0	347,2	ERA5
1066344	24/08/2025	00	23/08/2025	20	HAE	18,4	0	16,9	0	91,0	0	22,0	0	160,0	0	959,0	0	96,6	ERA5
1066345	24/08/2025	01	23/08/2025	21	HAE	18,3	0	16,5	0	89,0	0	22,0	0	180,0	0	960,0	0	0,0	ERA5
1066346	24/08/2025	02	23/08/2025	22	HAE	17,0	0	15,4	0	90,0	0	21,0	0	180,0	0	959,0	0	0,0	ERA5
1066347	24/08/2025	03	23/08/2025	23	HAE	16,8	0	16,2	0	96,0	0	17,0	0	180,0	0	959,0	0	0,0	ERA5
1066348	24/08/2025	04	24/08/2025	00	HAE	16,5	0	16,0	0	97,0	0	13,0	0	180,0	0	958,0	0	0,0	ERA5
1066349	24/08/2025	05	24/08/2025	01	HAE	16,3	0	15,8	0	97,0	0	13,0	0	170,0	0	958,0	0	0,0	ERA5
1066350	24/08/2025	06	24/08/2025	02	HAE	16,3	0	16,0	0	98,0	0	13,0	0	180,0	0	958,0	0	0,0	ERA5
1066351	24/08/2025	07	24/08/2025	03	HAE	16,1	0	15,6	0	97,0	0	15,0	0	180,0	0	958,0	0	0,0	ERA5
1066352	24/08/2025	08	24/08/2025	04	HAE	15,9	0	15,6	0	98,0	0	11,0	0	190,0	0	958,0	0	0,0	ERA5
1066353	24/08/2025	09	24/08/2025	05	HAE	16,1	0	15,8	0	98,0	0	9,0	0	200,0	0	958,0	0	0,0	ERA5
1066354	24/08/2025	10	24/08/2025	06	HAE	16,0	0	15,7	0	98,0	0	9,0	0	190,0	0	957,0	0	0,0	ERA5
1066355	24/08/2025	11	24/08/2025	07	HAE	16,0	0	15,5	0	97,0	0	15,0	0	220,0	0	958,0	0	41,7	ERA5
1066356	24/08/2025	12	24/08/2025	08	HAE	16,1	0	15,6	0	97,0	0	11,0	0	220,0	0	958,0	0	231,2	ERA5
1066357	24/08/2025	13	24/08/2025	09	HAE	16,3	0	14,9	0	91,0	0	15,0	0	230,0	0	959,0	0	628,4	ERA5
1066358	24/08/2025	14	24/08/2025	10	HAE	16,9	0	14,3	0	84,0	0	15,0	0	240,0	0	959,0	0	1337,9	ERA5
1066359	24/08/2025	15	24/08/2025	11	HAE	17,3	0	13,7	0	79,0	0	15,0	0	230,0	0	959,0	0	1593,4	ERA5
1066360	24/08/2025	16	24/08/2025	12	HAE	17,7	0	13,6	0	77,0	0	17,0	0	230,0	0	959,0	0	1796,4	ERA5
1066361	24/08/2025	17	24/08/2025	13	HAE	17,4	0	14,0	0	80,0	0	18,0	0	230,0	0	959,0	0	2262,8	ERA5
1066362	24/08/2025	18	24/08/2025	14	HAE	19,1	0	11,8	0	62,0	0	22,0	0	230,0	0	959,0	0	2283,6	ERA5
1066363	24/08/2025	19	24/08/2025	15	HAE	19,9	0	11,3	0	57,0	0	18,0	0	230,0	0	959,0	0	2177,6	ERA5
1066364	24/08/2025	20	24/08/2025	16	HAE	19,4	0	11,1	0	58,0	0	18,0	0	230,0	0	960,0	0	1552,9	ERA5
1066365	24/08/2025	21	24/08/2025	17	HAE	19,9	0	11,3	0	57,0	0	17,0	0	220,0	0	960,0	0	1154,2	ERA5
1066366	24/08/2025	22	24/08/2025	18	HAE	20,0	0	9,4	0	50,0	0	21,0	0	210,0	0	960,0	0	922,5	ERA5
1066367	24/08/2025	23	24/08/2025	19	HAE	19,2	0	9,8	0	54,0	0	15,0	0	210,0	0	960,0	0	477,9	ERA5
1066368	25/08/2025	00	24/08/2025	20	HAE	16,6	0	11,4	0	71,0	0	8,0	0	180,0	0	961,0	0	104,9	ERA5
1066369	25/08/2025	01	24/08/2025	21	HAE	14,6	0	11,4	0	81,0	0	8,0	0	180,0	0	961,0	0	0,0	ERA5
1066370	25/08/2025	02	24/08/2025	22	HAE	13,8	0	11,0	0	83,0	0	8,0	0	180,0	0	961,0	0	0,0	ERA5
1066371	25/08/2025	03	24/08/2025	23	HAE	13,5	0	10,8	0	84,0	0	9,0	0	180,0	0	961,0	0	0,0	ERA5
1066372	25/08/2025	04	25/08/2025	00	HAE	13,6	0	11,3	0	86,0	0	8,0	0	140,0	0	960,0	0	0,0	ERA5
1066373	25/08/2025	05	25/08/2025	01	HAE	13,9	0	11,3	0	84,0	0	8,0	0	150,0	0	960,0	0	0,0	ERA5
1066374	25/08/2025	06	25/08/2025	02	HAE	14,2	0	11,6	0	84,0	0	9,0	0	150,0	0	960,0	0	0,0	ERA5
1066375	25/08/2025	07	25/08/2025	03	HAE	14,2	0	11,6	0	84,0	0	9,0	0	150,0	0	960,0	0	0,0	ERA5
1066376	25/08/2025	08	25/08/2025	04	HAE	13,0	0	11,3	0	89,0	0	9,0	0	130,0	0	959,0	0	0,0	ERA5
1066377	25/08/2025	09	25/08/2025	05	HAE	12,6	0	11,0	0	90,0	0	9,0	0	140,0	0	959,0	0	0,0	ERA5
1066378	25/08/2025	10	25/08/2025	06	HAE	12,8	0	11,1	0	89,0	0	5,0	0	160,0	0	959,0	0	0,0	ERA5
1066379	25/08/2025	11	25/08/2025	07	HAE	12,6	0	11,2	0	91,0	0	5,0	0	140,0	0	959,0	0	56,2	ERA5
1066380	25/08/2025	12	25/08/2025	08	HAE	12,6	0	12,0	0	96,0	0	17,0	0	130,0	0	959,0	0	194,2	ERA5
1066381	25/08/2025	13	25/08/2025	09	HAE	12,6	0	12,1	0	97,0	0	8,0	0	130,0	0	959,0	0	613,6	ERA5
1066382	25/08/2025	14	25/08/2025	10	HAE	14,0	0	13,2	0	95,0	0	11,0	0	140,0	0	958,0	0	1008,4	ERA5
1066383	25/08/2025	15	25/08/2025	11	HAE	15,9	0	14,0	0	88,0	0	9,0	0	150,0	0	958,0	0	1179,6	ERA5
1066384	25/08/2025	16	25/08/2025	12	HAE	16,5	0	14,2	0	86,0	0	11,0	0	140,0	0	958,0	0	1981,2	ERA5
1066385	25/08/2025	17	25/08/2025	13	HAE	16,7	0	13,3	0	80,0	0	9,0	0	210,0	0	957,0	0	1601,3	ERA5
1066386	25/08/2025	18	25/08/2025	14	HAE	18,3	0	12,8	0	70,0	0	21,0	0	260,0	0	958,0	0	2084,8	ERA5
1066387	25/08/2025	19	25/08/2025	15	HAE	18,2	0	11,6	0	65,0	0	28,0	0	240,0	0	958,0	0	1731,7	ERA5
1066388	25/08/2025	20	25/08/2025	16	HAE	17,7	0	11,0	0	65,0	0	17,0	0	250,0	0	958,0	0	1514,1	ERA5
1066389	25/08/2025	21	25/08/2025	17	HAE	17,8	0	10,3	0	61,0	0	13,0	0	250,0	0	958,0	0	1170,4	ERA5
1066390	25/08/2025	22	25/08/2025	18	HAE	16,8	0	9,8	0	63,0	0	15,0	0	230,0	0	958,0	0	818,0	ERA5
1066391	25/08/2025	23	25/08/2025	19	HAE	15,1	0	11,0	0	76,0	0	13,0	0	220,0	0	959,0	0	390,2	ERA5
1066392	26/08/2025	00	25/08/2025	20	HAE	13,1	0	11,8	0	92,0	0	8,0	0	200,0	0	959,0	0	74,7	ERA5
1066393	26/08/2025	01	25/08/2025	21	HAE	13,6	0	10,3	0	80,0	0	13,0	0	240,0	0	959,0	0	0,0	ERA5
1066394	26/08/2025	02	25/08/2025	22	HAE	12,6	0	10,5	0	87,0	0	8,0	0	240,0	0	960,0	0	0,0	ERA5
1066395	26/08/2025	03	25/08/2025	23	HAE	12,4	0	10,6	0	89,0	0	9,0	0	240,0	0	960,0	0	0,0	ERA5
1066396	26/08/2025	04	26/08/2025	00	HAE	11,9	0	10,5	0	91,0	0	8,0	0	240,0	0	960,0	0	0,0	ERA5
1066397	26/08/2025	05	26/08/2025	01	HAE	11,6	0	10,0	0	90,0	0	9,0	0	250,0	0	959,0	0	0,0	ERA5
1066398	26/08/2025	06	26/08/2025	02	HAE	11,3	0	10,1	0	92,0	0	9,0	0	220,0	0	959,0	0	0,0	ERA5
1066399	26/08/2025	07	26/08/2025	03	HAE	11,0	0	10,4	0	96,0	0	11,0	0	220,0	0	959,0	0	0,0	ERA5
1066400	26/08/2025	08	26/08/2025	04	HAE	10,7	0	10,4	0	98,0	0	13,0	0	220,0	0	959,0	0	0,0	ERA5
1066401	26/08/2025	09	26/08/2025	05	HAE	10,7	0	10,4	0	98,0	0	11,0	0	220,0	0	959,0	0	0,0	ERA5
1066402	26/08/2025	10	26/08/2025	06	HAE	10,5	0	10,2	0	98,0	0	15,0	0	210,0	0	959,0	0	0,0	ERA5
1066403	26/08/2025	11	26/08/2025	07	HAE	10,5	0	10,4	0	99,0	0	13,0	0	220,0	0	960,0	0	19,5	ERA5
1066404	26/08/2025	12	26/08/2025	08	HAE	11,0	0	10,9	0	99,0	0	17,0	0	230,0	0	960,0	0	75,6	ERA5
1066405	26/08/2025	13	26/08/2025	09	HAE	11,2	0	10,9	0	98,0	0	17,0	0	230,0	0	960,0	0	164,5	ERA5
1066406	26/08/2025	14	26/08/2025	10	HAE	11,7	0	11,0	0	95,0	0	13,0	0	240,0	0	960,0	0	155,4	ERA5
1066407	26/08/2025	15	26/08/2025	11	HAE	11,5	0	10,8	0	96,0	0	18,0	0	250,0	0	960,0	0	536,2	ERA5
1066408	26/08/2025	16	26/08/2025	12	HAE	11,0	0	10,2	0	95,0	0	17,0	0	260,0	0	961,0	0	365,5	ERA5
1066409	26/08/2025	17	26/08/2025	13	HAE	10,6	0	9,7	0	94,0	0	18,0	0	270,0	0	961,0	0	599,5	ERA5
1066410	26/08/2025	18	26/08/2025	14	HAE	10,5	0	9,5	0	93,0	0	21,0	0	250,0	0	961,0	0	707,1	ERA5
1066411	26/08/2025	19	26/08/2025	15	HAE	10,6	0	9,5	0	93,0	0	22,0	0	280,0	0	962,0	0	407,6	ERA5
1066412	26/08/2025	20	26/08/2025	16	HAE	11,5	0	10,1	0	91,0	0	24,0	0	270,0	0	962,0	0	351,1	ERA5
1066413	26/08/2025	21	26/08/2025	17	HAE	11,3	0	10,1	0	92,0	0	21,0	0	270,0	0	963,0	0	344,2	ERA5
1066414	26/08/2025	22	26/08/2025	18	HAE	11,4	0	10,1	0	92,0	0	21,0	0	260,0	0	963,0	0	192,5	ERA5
1066415	26/08/2025	23	26/08/2025	19	HAE	10,8	0	10,2	0	96,0	0	18,0	0	270,0	0	964,0	0	45,9	ERA5
1066416	27/08/2025	00	26/08/2025	20	HAE	10,7	0	10,3	0	97,0	0	17,0	0	270,0	0	965,0	0	6,6	ERA5
1066417	27/08/2025	01	26/08/2025	21	HAE	10,8	0	10,2	0	96,0	0	17,0	0	270,0	0	965,0	0	0,0	ERA5
1066418	27/08/2025	02	26/08/2025	22	HAE	10,8	0	9,9	0	94,0	0	17,0	0	280,0	0	966,0	0	0,0	ERA5
1066419	27/08/2025	03	26/08/2025	23	HAE	10,5	0	9,3	0	92,0	0	17,0	0	270,0	0	966,0	0	0,0	ERA5
1066420	27/08/2025	04	27/08/2025	00	HAE	9,9	0	7,8	0	87,0	0	13,0	0	270,0	0	967,0	0	0,0	ERA5
1066421	27/08/2025	05	27/08/2025	01	HAE	9,4	0	7,2	0	86,0	0	13,0	0	280,0	0	967,0	0	0,0	ERA5
1066422	27/08/2025	06	27/08/2025	02	HAE	9,2	0	7,0	0	86,0	0	9,0	0	270,0	0	967,0	0	0,0	ERA5
1066423	27/08/2025	07	27/08/2025	03	HAE	8,9	0	7,0	0	88,0	0	9,0	0	260,0	0	967,0	0	0,0	ERA5
1066424	27/08/2025	08	27/08/2025	04	HAE	8,7	0	7,0	0	89,0	0	15,0	0	260,0	0	967,0	0	0,0	ERA5
1066425	27/08/2025	09	27/08/2025	05	HAE	7,0	0	6,0	0	93,0	0	13,0	0	270,0	0	967,0	0	0,0	ERA5
1066426	27/08/2025	10	27/08/2025	06	HAE	5,5	0	5,1	0	97,0	0	9,0	0	250,0	0	968,0	0	0,0	ERA5
1066427	27/08/2025	11	27/08/2025	07	HAE	5,7	0	5,1	0	96,0	0	11,0	0	260,0	0	968,0	0	72,1	ERA5
1066428	27/08/2025	12	27/08/2025	08	HAE	7,6	0	5,7	0	88,0	0	11,0	0	270,0	0	969,0	0	474,7	ERA5
1066429	27/08/2025	13	27/08/2025	09	HAE	9,9	0	6,8	0	81,0	0	8,0	0	260,0	0	969,0	0	1060,7	ERA5
1066430	27/08/2025	14	27/08/2025	10	HAE	10,6667	4.lineaire	6,86667	4.lineaire	77,6667	4.lineaire	9,66667	4.lineaire	246,667	4.lineaire	969,0	4.lineaire	1209,7	ERA5
1066431	27/08/2025	15	27/08/2025	11	HAE	11,4333	4.lineaire	6,93333	4.lineaire	74,3333	4.lineaire	11,3333	4.lineaire	233,333	4.lineaire	969,0	4.lineaire	1268,1	ERA5
1066432	27/08/2025	16	27/08/2025	12	HAE	12,2	0	7,0	0	71,0	0	13,0	0	220,0	0	969,0	0	1048,3	ERA5
1066433	27/08/2025	17	27/08/2025	13	HAE	13,8	0	7,0	0	63,0	0	13,0	0	240,0	0	968,0	0	1251,4	ERA5
1066434	27/08/2025	18	27/08/2025	14	HAE	15,05	4.lineaire	7,2	4.lineaire	59,0	4.lineaire	15,0	4.lineaire	235,0	4.lineaire	968,0	4.lineaire	1811,5	ERA5
1066435	27/08/2025	19	27/08/2025	15	HAE	16,3	0	7,4	0	55,0	0	17,0	0	230,0	0	968,0	0	1877,9	ERA5
1066436	27/08/2025	20	27/08/2025	16	HAE	16,7	0	7,9	0	56,0	0	17,0	0	230,0	0	967,0	0	928,6	ERA5
1066437	27/08/2025	21	27/08/2025	17	HAE	17,4	0	7,1	0	51,0	0	11,0	0	250,0	0	967,0	0	735,8	ERA5
1066438	27/08/2025	22	27/08/2025	18	HAE	16,9	0	6,9	0	51,0	0	9,0	0	240,0	0	967,0	0	562,1	ERA5
1066439	27/08/2025	23	27/08/2025	19	HAE	14,6	0	8,0	0	64,0	0	9,0	0	210,0	0	966,0	0	249,4	ERA5
1066440	28/08/2025	00	27/08/2025	20	HAE	12,8	0	8,4	0	74,0	0	8,0	0	200,0	0	967,0	0	47,0	ERA5
1066441	28/08/2025	01	27/08/2025	21	HAE	11,8	0	8,7	0	81,0	0	9,0	0	190,0	0	967,0	0	0,0	ERA5
1066442	28/08/2025	02	27/08/2025	22	HAE	11,0	0	8,6	0	85,0	0	11,0	0	180,0	0	967,0	0	0,0	ERA5
1066443	28/08/2025	03	27/08/2025	23	HAE	11,2	0	8,4	0	83,0	0	9,0	0	200,0	0	967,0	0	0,0	ERA5
1066444	28/08/2025	04	28/08/2025	00	HAE	10,8	0	8,8	0	88,0	0	11,0	0	200,0	0	966,0	0	0,0	ERA5
1066445	28/08/2025	05	28/08/2025	01	HAE	11,4	0	8,8	0	84,0	0	8,0	0	200,0	0	967,0	0	0,0	ERA5
1066446	28/08/2025	06	28/08/2025	02	HAE	11,5	0	8,4	0	81,0	0	5,0	0	240,0	0	967,0	0	0,0	ERA5
1066447	28/08/2025	07	28/08/2025	03	HAE	11,6	0	8,7	0	82,0	0	9,0	0	240,0	0	967,0	0	0,0	ERA5
1066448	28/08/2025	08	28/08/2025	04	HAE	10,6	0	8,9	0	89,0	0	4,0	0	310,0	0	967,0	0	0,0	ERA5
1066449	28/08/2025	09	28/08/2025	05	HAE	9,7	0	9,3	0	97,0	0	8,0	0	200,0	0	967,0	0	0,0	ERA5
1066450	28/08/2025	10	28/08/2025	06	HAE	10,1	0	9,4	0	96,0	0	5,0	0	210,0	0	967,0	0	0,0	ERA5
1066451	28/08/2025	11	28/08/2025	07	HAE	10,2	0	9,8	0	97,0	0	8,0	0	190,0	0	968,0	0	40,1	ERA5
1066452	28/08/2025	12	28/08/2025	08	HAE	11,3	0	10,9	0	97,0	0	8,0	4.lineaire	160,0	4.lineaire	968,0	0	209,4	ERA5
1066453	28/08/2025	13	28/08/2025	09	HAE	11,9	0	11,2	0	96,0	0	8,0	0	130,0	0	968,0	0	321,2	ERA5
1066454	28/08/2025	14	28/08/2025	10	HAE	12,2	0	11,3	0	94,0	0	5,0	0	120,0	0	968,0	0	563,8	ERA5
1066455	28/08/2025	15	28/08/2025	11	HAE	13,1	0	11,0	0	87,0	0	9,0	0	130,0	0	968,0	0	773,6	ERA5
1066456	28/08/2025	16	28/08/2025	12	HAE	14,2	0	11,0	0	81,0	0	11,0	0	130,0	0	968,0	0	980,5	ERA5
1066457	28/08/2025	17	28/08/2025	13	HAE	11,0	0	10,6	0	97,0	0	9,0	0	30,0	0	968,0	0	1133,4	ERA5
1066458	28/08/2025	18	28/08/2025	14	HAE	11,0	0	10,7	0	98,0	0	0,0	0	0,0	0	969,0	0	1056,0	ERA5
1066459	28/08/2025	19	28/08/2025	15	HAE	12,0	0	11,1	0	94,0	0	8,0	0	40,0	0	969,0	0	1402,2	ERA5
1066460	28/08/2025	20	28/08/2025	16	HAE	12,7	0	11,2	0	90,0	0	5,0	0	90,0	0	969,0	0	1038,1	ERA5
1066461	28/08/2025	21	28/08/2025	17	HAE	13,1	0	10,7	0	85,0	0	5,0	0	10,0	0	969,0	0	1059,5	ERA5
1066462	28/08/2025	22	28/08/2025	18	HAE	12,4	0	11,1	0	92,0	0	11,0	0	350,0	0	969,0	0	430,4	ERA5
1066463	28/08/2025	23	28/08/2025	19	HAE	12,1	0	11,6	0	97,0	0	9,0	0	350,0	0	969,0	0	218,3	ERA5
1066464	29/08/2025	00	28/08/2025	20	HAE	11,5	0	11,0	0	97,0	0	8,0	0	10,0	0	970,0	0	38,8	ERA5
1066465	29/08/2025	01	28/08/2025	21	HAE	11,3	0	11,0	0	98,0	0	9,0	0	350,0	0	970,0	0	0,0	ERA5
1066466	29/08/2025	02	28/08/2025	22	HAE	10,9	0	10,6	0	98,0	0	8,0	0	330,0	0	970,0	0	0,0	ERA5
1066467	29/08/2025	03	28/08/2025	23	HAE	10,9	0	10,3	0	96,0	0	11,0	0	360,0	0	970,0	0	0,0	ERA5
1066468	29/08/2025	04	29/08/2025	00	HAE	10,8	0	10,4	0	97,0	0	11,0	0	330,0	0	970,0	0	0,0	ERA5
1066469	29/08/2025	05	29/08/2025	01	HAE	10,7	0	10,2	0	97,0	0	11,0	0	10,0	0	970,0	0	0,0	ERA5
1066470	29/08/2025	06	29/08/2025	02	HAE	10,6	0	10,3	0	98,0	0	8,0	0	360,0	0	970,0	0	0,0	ERA5
1066471	29/08/2025	07	29/08/2025	03	HAE	10,4	0	10,1	0	98,0	0	4,0	0	20,0	0	970,0	0	0,0	ERA5
1066472	29/08/2025	08	29/08/2025	04	HAE	10,6	0	10,3	0	98,0	0	8,0	0	350,0	0	970,0	0	0,0	ERA5
1066473	29/08/2025	09	29/08/2025	05	HAE	10,5	0	10,4	0	99,0	0	8,0	0	350,0	0	970,0	0	0,0	ERA5
1066474	29/08/2025	10	29/08/2025	06	HAE	10,4	0	10,3	0	99,0	0	8,0	0	340,0	0	970,0	0	0,0	ERA5
1066475	29/08/2025	11	29/08/2025	07	HAE	10,5	0	10,4	0	99,0	0	11,0	0	340,0	0	970,0	0	40,4	ERA5
1066476	29/08/2025	12	29/08/2025	08	HAE	10,8	0	10,5	0	98,0	0	9,0	0	350,0	0	970,0	0	262,9	ERA5
1066477	29/08/2025	13	29/08/2025	09	HAE	11,0	0	10,6	0	97,0	0	13,0	4.lineaire	340,0	4.lineaire	970,0	0	533,4	ERA5
1066478	29/08/2025	14	29/08/2025	10	HAE	11,6	0	10,8	0	95,0	0	17,0	0	330,0	0	969,0	0	724,4	ERA5
1066479	29/08/2025	15	29/08/2025	11	HAE	12,6	0	10,6	0	87,0	0	13,0	0	340,0	0	969,0	0	987,6	ERA5
1066480	29/08/2025	16	29/08/2025	12	HAE	13,7	0	10,4	0	80,0	0	15,0	0	350,0	0	969,0	0	731,0	ERA5
1066481	29/08/2025	17	29/08/2025	13	HAE	14,0	0	10,4	0	79,0	0	17,0	0	350,0	0	968,0	0	851,0	ERA5
1066482	29/08/2025	18	29/08/2025	14	HAE	12,8	0	11,3	0	91,0	0	17,0	0	360,0	0	968,0	0	719,1	ERA5
1066483	29/08/2025	19	29/08/2025	15	HAE	13,3	0	12,2	0	93,0	0	18,0	0	350,0	0	968,0	0	484,1	ERA5
1066484	29/08/2025	20	29/08/2025	16	HAE	13,5	0	12,7	0	95,0	0	13,0	0	10,0	0	967,0	0	572,6	ERA5
1066485	29/08/2025	21	29/08/2025	17	HAE	13,1	0	12,5	0	96,0	0	17,0	0	10,0	0	967,0	0	310,9	ERA5
1066486	29/08/2025	22	29/08/2025	18	HAE	13,0	0	12,5	0	97,0	0	11,0	0	10,0	0	967,0	0	173,7	ERA5
1066487	29/08/2025	23	29/08/2025	19	HAE	13,1	0	12,5	0	96,0	0	15,0	0	360,0	0	967,0	0	140,1	ERA5
1066488	30/08/2025	00	29/08/2025	20	HAE	13,0	0	12,4	0	96,0	0	13,0	0	20,0	0	967,0	0	20,3	ERA5
1066489	30/08/2025	01	29/08/2025	21	HAE	12,8	0	12,3	0	97,0	0	11,0	0	10,0	0	967,0	0	0,0	ERA5
1066490	30/08/2025	02	29/08/2025	22	HAE	11,8	0	11,0	0	95,0	0	11,0	0	20,0	0	967,0	0	0,0	ERA5
1066491	30/08/2025	03	29/08/2025	23	HAE	11,7	0	11,1	0	96,0	0	13,0	0	10,0	0	967,0	0	0,0	ERA5
1066492	30/08/2025	04	30/08/2025	00	HAE	12,4	0	11,9	0	97,0	0	17,0	0	360,0	0	967,0	0	0,0	ERA5
1066493	30/08/2025	05	30/08/2025	01	HAE	12,3	0	11,8	0	97,0	0	11,0	0	360,0	0	967,0	0	0,0	ERA5
1066494	30/08/2025	06	30/08/2025	02	HAE	11,7	0	11,1	0	96,0	0	9,0	0	20,0	0	967,0	0	0,0	ERA5
1066495	30/08/2025	07	30/08/2025	03	HAE	11,4	0	10,8	0	96,0	0	8,0	0	360,0	0	967,0	0	0,0	ERA5
1066496	30/08/2025	08	30/08/2025	04	HAE	11,2	0	10,6	0	96,0	0	8,0	0	20,0	0	967,0	0	0,0	ERA5
1066497	30/08/2025	09	30/08/2025	05	HAE	11,1	0	10,5	0	96,0	0	5,0	0	340,0	0	967,0	0	0,0	ERA5
1066498	30/08/2025	10	30/08/2025	06	HAE	10,8	0	10,5	0	98,0	0	11,0	0	310,0	0	967,0	0	0,0	ERA5
1066499	30/08/2025	11	30/08/2025	07	HAE	11,1	0	10,8	0	98,0	0	8,0	0	310,0	0	968,0	0	53,8	ERA5
1066500	30/08/2025	12	30/08/2025	08	HAE	11,2	0	10,8	0	97,0	0	8,0	0	320,0	0	968,0	0	277,2	ERA5
1066501	30/08/2025	13	30/08/2025	09	HAE	11,9	0	11,1	0	95,0	0	8,0	0	330,0	0	968,0	0	623,0	ERA5
1066502	30/08/2025	14	30/08/2025	10	HAE	13,9	0	11,7	0	86,0	0	4,0	0	0,0	0	969,0	0	804,7	ERA5
1066503	30/08/2025	15	30/08/2025	11	HAE	14,9	0	12,3	0	84,0	0	11,0	0	320,0	0	969,0	0	1562,1	ERA5
1066504	30/08/2025	16	30/08/2025	12	HAE	16,7	0	12,4	0	76,0	0	13,0	0	10,0	0	969,0	0	1713,6	ERA5
1066505	30/08/2025	17	30/08/2025	13	HAE	17,1	0	11,3	0	68,0	0	5,0	0	0,0	0	969,0	0	1548,5	ERA5
1066506	30/08/2025	18	30/08/2025	14	HAE	19,4	0	11,0	0	58,0	0	9,0	0	70,0	0	969,0	0	1479,4	ERA5
1066507	30/08/2025	19	30/08/2025	15	HAE	18,4	0	10,6	0	60,0	0	8,0	0	340,0	0	969,0	0	1521,7	ERA5
1066508	30/08/2025	20	30/08/2025	16	HAE	18,2	0	10,9	0	62,0	0	11,0	0	310,0	0	969,0	0	1439,6	ERA5
1066509	30/08/2025	21	30/08/2025	17	HAE	19,9	0	9,3	0	50,0	0	9,0	0	310,0	0	969,0	0	1182,9	ERA5
1066510	30/08/2025	22	30/08/2025	18	HAE	16,6	0	12,2	0	75,0	0	9,0	0	310,0	0	970,0	0	816,3	ERA5
1066511	30/08/2025	23	30/08/2025	19	HAE	16,3	0	12,0	0	75,0	0	5,0	0	270,0	0	970,0	0	415,3	ERA5
1066512	31/08/2025	00	30/08/2025	20	HAE	14,7	0	12,4	0	86,0	0	11,0	0	240,0	0	971,0	0	55,3	ERA5
1066513	31/08/2025	01	30/08/2025	21	HAE	14,4	0	12,6	0	89,0	0	8,0	0	270,0	0	971,0	0	0,0	ERA5
1066514	31/08/2025	02	30/08/2025	22	HAE	13,5	0	12,1	0	91,0	0	8,0	0	270,0	0	972,0	0	0,0	ERA5
1066515	31/08/2025	03	30/08/2025	23	HAE	12,8	0	11,5	0	92,0	0	11,0	0	260,0	0	972,0	0	0,0	ERA5
1066516	31/08/2025	04	31/08/2025	00	HAE	12,9	0	11,6	0	92,0	0	9,0	0	260,0	0	972,0	0	0,0	ERA5
1066517	31/08/2025	05	31/08/2025	01	HAE	11,1	0	10,4	0	96,0	0	5,0	0	270,0	0	972,0	0	0,0	ERA5
1066518	31/08/2025	06	31/08/2025	02	HAE	10,0	0	9,9	0	99,0	0	4,0	0	0,0	0	972,0	0	0,0	ERA5
1066519	31/08/2025	07	31/08/2025	03	HAE	10,6	0	10,2	0	97,0	0	0,0	0	0,0	0	973,0	0	0,0	ERA5
1066520	31/08/2025	08	31/08/2025	04	HAE	9,3	0	9,3	0	100,0	0	0,0	0	0,0	0	973,0	0	0,0	ERA5
1066521	31/08/2025	09	31/08/2025	05	HAE	9,0	0	8,9	0	99,0	0	5,0	0	190,0	0	973,0	0	0,0	ERA5
1066522	31/08/2025	10	31/08/2025	06	HAE	7,6	0	7,5	0	99,0	0	5,0	0	180,0	0	974,0	0	0,0	ERA5
1066523	31/08/2025	11	31/08/2025	07	HAE	10,2	0	9,6	0	96,0	0	5,0	0	190,0	0	974,0	0	57,7	ERA5
1066524	31/08/2025	12	31/08/2025	08	HAE	11,4	0	10,0	0	91,0	0	4,0	0	0,0	0	975,0	0	415,9	ERA5
1066525	31/08/2025	13	31/08/2025	09	HAE	13,3	0	11,6	0	90,0	0	0,0	0	0,0	0	975,0	0	788,9	ERA5
1066526	31/08/2025	14	31/08/2025	10	HAE	17,8	0	10,9	0	64,0	0	8,0	0	230,0	0	976,0	0	1250,1	ERA5
1066527	31/08/2025	15	31/08/2025	11	HAE	19,3	0	9,5	0	53,0	0	4,0	0	0,0	0	976,0	0	1792,8	ERA5
1066528	31/08/2025	16	31/08/2025	12	HAE	20,1	0	11,4	0	57,0	0	11,0	0	260,0	0	976,0	0	2056,7	ERA5
1066529	31/08/2025	17	31/08/2025	13	HAE	20,4	0	11,2	0	55,0	0	15,0	0	320,0	0	976,0	0	2212,0	ERA5
1066530	31/08/2025	18	31/08/2025	14	HAE	22,0	0	9,3	0	44,0	0	15,0	0	320,0	0	976,0	0	2149,6	ERA5
1066531	31/08/2025	19	31/08/2025	15	HAE	23,0	0	9,0	0	40,0	0	18,0	0	300,0	0	976,0	0	2209,9	ERA5
1066532	31/08/2025	20	31/08/2025	16	HAE	23,1	0	9,2	0	41,0	0	8,0	0	330,0	0	976,0	0	1891,6	ERA5
1066533	31/08/2025	21	31/08/2025	17	HAE	23,2	0	8,7	0	39,0	0	9,0	0	300,0	0	977,0	0	1455,3	ERA5
1066534	31/08/2025	22	31/08/2025	18	HAE	22,9	0	9,9	0	43,0	0	8,0	0	290,0	0	977,0	0	924,8	ERA5
1066535	31/08/2025	23	31/08/2025	19	HAE	21,7	0	9,8	0	46,0	0	9,0	0	270,0	0	977,0	0	483,5	ERA5
1066536	01/09/2025	00	31/08/2025	20	HAE	17,3	0	11,6	0	69,0	0	4,0	0	250,0	0	977,0	0	65,3	ERA5
1066537	01/09/2025	01	31/08/2025	21	HAE	15,3	0	11,7	0	79,0	0	5,0	0	290,0	0	978,0	0	0,0	ERA5
1066538	01/09/2025	02	31/08/2025	22	HAE	13,1	0	11,1	0	88,0	0	0,0	0	0,0	0	978,0	0	0,0	ERA5
1066539	01/09/2025	03	31/08/2025	23	HAE	12,8	0	10,7	0	87,0	0	4,0	0	310,0	0	978,0	0	0,0	ERA5
1066540	01/09/2025	04	01/09/2025	00	HAE	12,7	0	11,9	0	95,0	0	4,0	0	0,0	0	978,0	0	0,0	ERA5
1066541	01/09/2025	05	01/09/2025	01	HAE	11,2	0	10,6	0	96,0	0	4,0	0	150,0	0	978,0	0	0,0	ERA5
1066542	01/09/2025	06	01/09/2025	02	HAE	10,3	0	8,9	0	91,0	0	0,0	0	0,0	0	978,0	0	0,0	ERA5
1066543	01/09/2025	07	01/09/2025	03	HAE	9,7	0	9,3	0	97,0	0	4,0	0	110,0	0	978,0	0	0,0	ERA5
1066544	01/09/2025	08	01/09/2025	04	HAE	9,6	0	9,5	0	99,0	0	0,0	0	0,0	0	979,0	0	0,0	ERA5
1066545	01/09/2025	09	01/09/2025	05	HAE	9,7	0	9,7	0	100,0	0	0,0	0	0,0	0	979,0	0	0,0	ERA5
1066546	01/09/2025	10	01/09/2025	06	HAE	8,9	0	8,9	0	100,0	0	4,0	0	130,0	0	979,0	0	0,0	ERA5
1066547	01/09/2025	11	01/09/2025	07	HAE	9,1	0	9,1	0	100,0	0	5,0	0	190,0	0	979,0	0	77,7	ERA5
1066548	01/09/2025	12	01/09/2025	08	HAE	13,2	0	12,6	0	96,0	0	5,0	0	170,0	0	979,0	0	536,5	ERA5
1066549	01/09/2025	13	01/09/2025	09	HAE	16,0	0	12,9	0	82,0	0	5,0	0	150,0	0	980,0	0	1132,6	ERA5
1066550	01/09/2025	14	01/09/2025	10	HAE	19,9	0	12,9	0	64,0	0	8,0	0	150,0	0	979,0	0	1706,9	ERA5
1066551	01/09/2025	15	01/09/2025	11	HAE	21,7	0	9,9	0	46,0	0	5,0	0	270,0	0	979,0	0	2187,3	ERA5
1066552	01/09/2025	16	01/09/2025	12	HAE	23,2	0	10,5	0	44,0	0	13,0	0	250,0	0	979,0	0	2528,0	ERA5
1066553	01/09/2025	17	01/09/2025	13	HAE	24,4	0	11,2	0	43,0	0	13,0	0	260,0	0	978,0	0	2691,4	ERA5
1066554	01/09/2025	18	01/09/2025	14	HAE	24,7	0	11,2	0	42,0	0	4,0	0	0,0	0	978,0	0	2694,4	ERA5
1066555	01/09/2025	19	01/09/2025	15	HAE	25,3	0	11,3	0	41,0	0	11,0	0	260,0	0	977,0	0	2499,6	ERA5
1066556	01/09/2025	20	01/09/2025	16	HAE	26,2	0	11,3	0	39,0	0	17,0	0	270,0	0	977,0	0	2142,4	ERA5
1066557	01/09/2025	21	01/09/2025	17	HAE	25,7	0	12,3	0	43,0	0	15,0	0	200,0	0	976,0	0	1607,1	ERA5
1066558	01/09/2025	22	01/09/2025	18	HAE	24,9	0	12,2	0	45,0	0	17,0	0	200,0	0	976,0	0	1028,2	ERA5
1066559	01/09/2025	23	01/09/2025	19	HAE	22,8	0	13,1	0	54,0	0	9,0	0	210,0	0	976,0	0	457,8	ERA5
1066560	02/09/2025	00	01/09/2025	20	HAE	20,7	0	12,6	0	59,0	0	9,0	0	220,0	0	976,0	0	55,7	ERA5
1066561	02/09/2025	01	01/09/2025	21	HAE	16,9	0	13,2	0	79,0	0	4,0	0	210,0	0	976,0	0	0,0	ERA5
1066562	02/09/2025	02	01/09/2025	22	HAE	17,0	0	13,7	0	81,0	0	4,0	0	200,0	0	976,0	0	0,0	ERA5
1066563	02/09/2025	03	01/09/2025	23	HAE	16,1	0	13,1	0	82,0	0	4,0	0	190,0	0	976,0	0	0,0	ERA5
1066564	02/09/2025	04	02/09/2025	00	HAE	15,4	0	12,0	0	80,0	0	9,0	0	200,0	0	975,0	0	0,0	ERA5
1066565	02/09/2025	05	02/09/2025	01	HAE	15,5	0	11,9	0	79,0	0	9,0	0	210,0	0	975,0	0	0,0	ERA5
1066566	02/09/2025	06	02/09/2025	02	HAE	15,6	0	11,8	0	78,0	0	9,0	0	210,0	0	975,0	0	0,0	ERA5
1066567	02/09/2025	07	02/09/2025	03	HAE	14,8	0	11,5	0	80,0	0	9,0	0	210,0	0	975,0	0	0,0	ERA5
1066568	02/09/2025	08	02/09/2025	04	HAE	13,3	0	11,4	0	88,0	0	8,0	0	190,0	0	975,0	0	0,0	ERA5
1066569	02/09/2025	09	02/09/2025	05	HAE	11,9	0	10,5	0	91,0	0	5,0	0	170,0	0	975,0	0	0,0	ERA5
1066570	02/09/2025	10	02/09/2025	06	HAE	12,3	0	10,8	0	90,0	0	5,0	0	160,0	0	975,0	0	0,0	ERA5
1066571	02/09/2025	11	02/09/2025	07	HAE	12,6	0	11,2	0	91,0	0	5,0	0	180,0	0	975,0	0	68,9	ERA5
1066572	02/09/2025	12	02/09/2025	08	HAE	15,3	0	12,5	0	83,0	0	9,0	0	170,0	0	974,0	0	525,1	ERA5
1066573	02/09/2025	13	02/09/2025	09	HAE	18,7	0	12,6	0	67,0	0	11,0	0	200,0	0	974,0	0	1123,3	ERA5
1066574	02/09/2025	14	02/09/2025	10	HAE	21,4	0	12,4	0	56,0	0	17,0	0	200,0	0	973,0	0	1623,6	ERA5
1066575	02/09/2025	15	02/09/2025	11	HAE	22,8	0	12,2	0	51,0	0	22,0	0	200,0	0	973,0	0	2036,1	ERA5
1066576	02/09/2025	16	02/09/2025	12	HAE	23,9	0	12,4	0	48,0	0	26,0	0	190,0	0	972,0	0	2137,0	ERA5
1066577	02/09/2025	17	02/09/2025	13	HAE	23,5	0	11,6	0	47,0	0	22,0	0	200,0	0	972,0	0	2061,8	ERA5
1066578	02/09/2025	18	02/09/2025	14	HAE	24,7	0	11,8	0	44,0	0	21,0	0	200,0	0	971,0	0	2264,3	ERA5
1066579	02/09/2025	19	02/09/2025	15	HAE	23,4	0	11,5	0	47,0	0	22,0	0	190,0	0	971,0	0	1924,5	ERA5
1066580	02/09/2025	20	02/09/2025	16	HAE	24,9	0	9,6	0	37,0	0	18,0	0	200,0	0	970,0	0	1377,6	ERA5
1066581	02/09/2025	21	02/09/2025	17	HAE	24,0	0	9,8	0	40,0	0	18,0	0	200,0	0	969,0	0	1082,0	ERA5
1066582	02/09/2025	22	02/09/2025	18	HAE	22,4	0	10,2	0	46,0	0	13,0	0	200,0	0	969,0	0	739,0	ERA5
1066583	02/09/2025	23	02/09/2025	19	HAE	21,8	0	11,5	0	52,0	0	11,0	0	270,0	0	969,0	0	308,9	ERA5
1066584	03/09/2025	00	02/09/2025	20	HAE	19,4	0	12,3	0	63,0	0	5,0	0	250,0	0	969,0	0	41,2	ERA5
1066585	03/09/2025	01	02/09/2025	21	HAE	18,5	0	12,8	0	69,0	0	8,0	0	250,0	0	969,0	0	0,0	ERA5
1066586	03/09/2025	02	02/09/2025	22	HAE	16,2	0	12,8	0	80,0	0	5,0	0	200,0	0	968,0	0	0,0	ERA5
1066587	03/09/2025	03	02/09/2025	23	HAE	15,4	0	12,9	0	85,0	0	4,0	0	190,0	0	968,0	0	0,0	ERA5
1066588	03/09/2025	04	03/09/2025	00	HAE	13,5	0	11,8	0	90,0	0	5,0	0	170,0	0	967,0	0	0,0	ERA5
1066589	03/09/2025	05	03/09/2025	01	HAE	12,8	0	11,4	0	91,0	0	8,0	0	180,0	0	967,0	0	0,0	ERA5
1066590	03/09/2025	06	03/09/2025	02	HAE	13,0	0	11,7	0	92,0	0	5,0	0	180,0	0	967,0	0	0,0	ERA5
1066591	03/09/2025	07	03/09/2025	03	HAE	12,9	0	11,2	0	89,0	0	5,0	0	210,0	0	967,0	0	0,0	ERA5
1066592	03/09/2025	08	03/09/2025	04	HAE	12,2	0	11,1	0	93,0	0	4,0	0	130,0	0	966,0	0	0,0	ERA5
1066593	03/09/2025	09	03/09/2025	05	HAE	13,4	0	11,5	0	88,0	0	4,0	0	160,0	0	966,0	0	0,0	ERA5
1066594	03/09/2025	10	03/09/2025	06	HAE	12,6	0	11,2	0	91,0	0	8,0	0	160,0	0	966,0	0	0,0	ERA5
1066595	03/09/2025	11	03/09/2025	07	HAE	12,2	0	11,3	0	94,0	0	5,0	0	170,0	0	966,0	0	54,8	ERA5
1066596	03/09/2025	12	03/09/2025	08	HAE	15,1	0	12,8	0	86,0	0	13,0	0	170,0	0	966,0	0	456,7	ERA5
1066597	03/09/2025	13	03/09/2025	09	HAE	16,6	0	13,1	0	80,0	0	8,0	0	150,0	0	966,0	0	919,0	ERA5
1066598	03/09/2025	14	03/09/2025	10	HAE	19,2	0	13,0	0	67,0	0	8,0	0	140,0	0	965,0	0	1482,8	ERA5
1066599	03/09/2025	15	03/09/2025	11	HAE	17,5	0	11,6	0	68,0	0	24,0	0	190,0	0	965,0	0	1832,6	ERA5
1066600	03/09/2025	16	03/09/2025	12	HAE	15,1	0	12,9	0	87,0	0	9,0	0	120,0	0	965,0	0	2187,1	ERA5
1066601	03/09/2025	17	03/09/2025	13	HAE	20,2	0	13,1	0	63,0	0	11,0	0	150,0	0	963,0	0	2514,3	ERA5
1066602	03/09/2025	18	03/09/2025	14	HAE	22,5	0	13,0	0	55,0	0	17,0	0	160,0	0	963,0	0	2288,3	ERA5
1066603	03/09/2025	19	03/09/2025	15	HAE	24,2	0	10,1	0	41,0	0	21,0	0	180,0	0	962,0	0	2133,1	ERA5
1066604	03/09/2025	20	03/09/2025	16	HAE	23,3	0	8,9	0	40,0	0	21,0	0	210,0	0	962,0	0	1701,5	ERA5
1066605	03/09/2025	21	03/09/2025	17	HAE	22,4	0	10,0	0	45,0	0	26,0	0	160,0	0	961,0	0	1058,4	ERA5
1066606	03/09/2025	22	03/09/2025	18	HAE	22,1	0	9,3	0	44,0	0	17,0	0	150,0	0	961,0	0	740,5	ERA5
1066607	03/09/2025	23	03/09/2025	19	HAE	17,3	0	12,1	0	71,0	0	17,0	0	110,0	0	961,0	0	391,3	ERA5
1066608	04/09/2025	00	03/09/2025	20	HAE	16,2	0	13,0	0	81,0	0	17,0	0	120,0	0	961,0	0	40,5	ERA5
1066609	04/09/2025	01	03/09/2025	21	HAE	15,8	0	12,8	0	82,0	0	13,0	0	130,0	0	961,0	0	0,0	ERA5
1066610	04/09/2025	02	03/09/2025	22	HAE	15,3	0	12,3	0	82,0	0	13,0	0	140,0	0	961,0	0	0,0	ERA5
1066611	04/09/2025	03	03/09/2025	23	HAE	14,7	0	12,0	0	84,0	0	11,0	0	140,0	0	961,0	0	0,0	ERA5
1066612	04/09/2025	04	04/09/2025	00	HAE	14,3	0	11,7	0	84,0	0	9,0	0	130,0	0	961,0	0	0,0	ERA5
1066613	04/09/2025	05	04/09/2025	01	HAE	14,0	0	11,7	0	86,0	0	11,0	0	130,0	0	961,0	0	0,0	ERA5
1066614	04/09/2025	06	04/09/2025	02	HAE	13,9	0	11,5	0	85,0	0	11,0	0	130,0	0	961,0	0	0,0	ERA5
1066615	04/09/2025	07	04/09/2025	03	HAE	13,4	0	11,1	0	86,0	0	13,0	0	130,0	0	960,0	0	0,0	ERA5
1066616	04/09/2025	08	04/09/2025	04	HAE	13,4	0	11,0	0	85,0	0	17,0	0	140,0	0	960,0	0	0,0	ERA5
1066617	04/09/2025	09	04/09/2025	05	HAE	13,4	0	10,8	0	84,0	0	13,0	0	140,0	0	960,0	0	0,0	ERA5
1066618	04/09/2025	10	04/09/2025	06	HAE	12,9	0	10,5	0	85,0	0	13,0	0	130,0	0	960,0	0	0,0	ERA5
1066619	04/09/2025	11	04/09/2025	07	HAE	14,0	0	10,6	0	80,0	0	18,0	0	140,0	0	959,0	0	44,9	ERA5
1066620	04/09/2025	12	04/09/2025	08	HAE	15,5	0	11,1	0	75,0	0	18,0	0	140,0	0	959,0	0	314,9	ERA5
1066621	04/09/2025	13	04/09/2025	09	HAE	16,1	0	11,8	0	76,0	0	17,0	0	150,0	0	959,0	0	537,8	ERA5
1066622	04/09/2025	14	04/09/2025	10	HAE	17,5	0	11,8	0	69,0	0	21,0	0	150,0	0	959,0	0	620,9	ERA5
1066623	04/09/2025	15	04/09/2025	11	HAE	18,2	0	12,1	0	67,0	0	15,0	0	140,0	0	959,0	0	898,4	ERA5
1066624	04/09/2025	16	04/09/2025	12	HAE	19,3	0	12,5	0	65,0	0	21,0	0	140,0	0	958,0	0	1157,0	ERA5
1066625	04/09/2025	17	04/09/2025	13	HAE	19,5	0	12,6	0	64,0	0	22,0	0	140,0	0	958,0	0	1182,5	ERA5
1066626	04/09/2025	18	04/09/2025	14	HAE	20,5	0	12,6	0	60,0	0	30,0	0	150,0	0	957,0	0	1670,1	ERA5
1066627	04/09/2025	19	04/09/2025	15	HAE	20,8	0	12,3	0	58,0	0	26,0	0	140,0	0	956,0	0	2027,5	ERA5
1066628	04/09/2025	20	04/09/2025	16	HAE	22,0	0	12,1	0	53,0	0	22,0	0	140,0	0	954,0	0	1720,0	ERA5
1066629	04/09/2025	21	04/09/2025	17	HAE	13,1	0	11,8	0	92,0	0	21,0	0	260,0	0	957,0	0	683,3	ERA5
1066630	04/09/2025	22	04/09/2025	18	HAE	11,7	0	11,2	0	97,0	0	9,0	0	260,0	0	958,0	0	218,9	ERA5
1066631	04/09/2025	23	04/09/2025	19	HAE	11,8	0	11,3	0	97,0	0	8,0	0	110,0	0	959,0	0	45,3	ERA5
1066632	05/09/2025	00	04/09/2025	20	HAE	11,7	0	11,4	0	98,0	0	11,0	0	140,0	0	959,0	0	1,8	ERA5
1066633	05/09/2025	01	04/09/2025	21	HAE	11,7	0	11,4	0	98,0	0	9,0	0	150,0	0	959,0	0	0,0	ERA5
1066634	05/09/2025	02	04/09/2025	22	HAE	11,8	0	11,5	0	98,0	0	11,0	0	180,0	0	959,0	0	0,0	ERA5
1066635	05/09/2025	03	04/09/2025	23	HAE	9,3	0	8,8	0	97,0	0	13,0	0	250,0	0	960,0	0	0,0	ERA5
1066636	05/09/2025	04	05/09/2025	00	HAE	9,0	0	8,4	0	96,0	0	9,0	0	220,0	0	960,0	0	0,0	ERA5
1066637	05/09/2025	05	05/09/2025	01	HAE	8,2	0	7,6	0	96,0	0	8,0	0	240,0	0	961,0	0	0,0	ERA5
1066638	05/09/2025	06	05/09/2025	02	HAE	7,5	0	7,2	0	98,0	0	5,0	0	240,0	0	961,0	0	0,0	ERA5
1066639	05/09/2025	07	05/09/2025	03	HAE	6,4	0	6,3	0	99,0	0	8,0	0	220,0	0	961,0	0	0,0	ERA5
1066640	05/09/2025	08	05/09/2025	04	HAE	6,4	0	6,4	0	100,0	0	8,0	0	180,0	0	961,0	0	0,0	ERA5
1066641	05/09/2025	09	05/09/2025	05	HAE	5,5	0	5,5	0	100,0	0	9,0	0	170,0	0	962,0	0	0,0	ERA5
1066642	05/09/2025	10	05/09/2025	06	HAE	6,1	0	6,1	0	100,0	0	11,0	0	170,0	0	962,0	0	0,0	ERA5
1066643	05/09/2025	11	05/09/2025	07	HAE	6,1	0	6,1	0	100,0	0	9,0	0	190,0	0	962,0	0	45,6	ERA5
1066644	05/09/2025	12	05/09/2025	08	HAE	7,4	0	7,1	0	98,0	0	15,0	0	180,0	0	962,0	0	270,5	ERA5
1066645	05/09/2025	13	05/09/2025	09	HAE	8,5	0	7,8	0	95,0	0	15,0	0	170,0	0	962,0	0	816,0	ERA5
1066646	05/09/2025	14	05/09/2025	10	HAE	11,2	0	8,6	0	84,0	0	13,0	0	170,0	0	962,0	0	1236,6	ERA5
1066647	05/09/2025	15	05/09/2025	11	HAE	12,9	0	7,5	0	70,0	0	26,0	0	180,0	0	961,0	0	1398,7	ERA5
1066648	05/09/2025	16	05/09/2025	12	HAE	13,4	0	6,9	0	64,0	0	30,0	0	160,0	0	961,0	0	1299,1	ERA5
1066649	05/09/2025	17	05/09/2025	13	HAE	14,2	0	6,7	0	60,0	0	17,0	0	170,0	0	960,0	0	1259,3	ERA5
1066650	05/09/2025	18	05/09/2025	14	HAE	14,3	0	6,9	0	61,0	0	26,0	0	180,0	0	959,0	0	879,8	ERA5
1066651	05/09/2025	19	05/09/2025	15	HAE	14,8	0	7,5	0	62,0	0	28,0	0	150,0	0	959,0	0	832,1	ERA5
1066652	05/09/2025	20	05/09/2025	16	HAE	14,3	0	7,6	0	64,0	0	32,0	0	160,0	0	958,0	0	583,8	ERA5
1066653	05/09/2025	21	05/09/2025	17	HAE	12,9	0	9,0	0	77,0	0	26,0	0	140,0	0	957,0	0	427,9	ERA5
1066654	05/09/2025	22	05/09/2025	18	HAE	13,3	0	9,0	0	75,0	0	21,0	0	150,0	0	957,0	0	333,4	ERA5
1066655	05/09/2025	23	05/09/2025	19	HAE	11,6	0	9,8	0	89,0	0	17,0	0	110,0	0	956,0	0	172,0	ERA5
1066656	06/09/2025	00	05/09/2025	20	HAE	12,4	0	9,6	0	83,0	0	24,0	0	120,0	0	955,0	0	13,6	ERA5
1066657	06/09/2025	01	05/09/2025	21	HAE	12,6	0	10,7	0	88,0	0	26,0	0	160,0	0	954,0	0	0,0	ERA5
1066658	06/09/2025	02	05/09/2025	22	HAE	11,8	0	10,1	0	89,0	0	24,0	0	170,0	0	954,0	0	0,0	ERA5
1066659	06/09/2025	03	05/09/2025	23	HAE	11,5	0	10,4	0	93,0	0	18,0	0	200,0	0	955,0	0	0,0	ERA5
1066660	06/09/2025	04	06/09/2025	00	HAE	10,5	0	7,7	0	83,0	0	30,0	0	230,0	0	956,0	0	0,0	ERA5
1066661	06/09/2025	05	06/09/2025	01	HAE	8,9	0	6,0	0	82,0	0	18,0	0	230,0	0	957,0	0	0,0	ERA5
1066662	06/09/2025	06	06/09/2025	02	HAE	8,8	0	5,6	0	80,0	0	22,0	0	220,0	0	957,0	0	0,0	ERA5
1066663	06/09/2025	07	06/09/2025	03	HAE	8,2	0	4,4	0	77,0	0	28,0	0	230,0	0	958,0	0	0,0	ERA5
1066664	06/09/2025	08	06/09/2025	04	HAE	7,5	0	4,5	0	81,0	0	18,0	0	220,0	0	958,0	0	0,0	ERA5
1066665	06/09/2025	09	06/09/2025	05	HAE	7,5	0	5,0	0	84,0	0	18,0	0	210,0	0	959,0	0	0,0	ERA5
1066666	06/09/2025	10	06/09/2025	06	HAE	6,9	0	5,3	0	90,0	0	18,0	0	220,0	0	960,0	0	0,0	ERA5
1066667	06/09/2025	11	06/09/2025	07	HAE	7,1	0	5,4	0	89,0	0	13,0	0	200,0	0	960,0	0	41,1	ERA5
1066668	06/09/2025	12	06/09/2025	08	HAE	8,5	0	6,2	0	86,0	0	21,0	0	190,0	0	960,0	0	341,8	ERA5
1066669	06/09/2025	13	06/09/2025	09	HAE	9,2	0	6,0	0	80,0	0	30,0	0	220,0	0	961,0	0	908,1	ERA5
1066670	06/09/2025	14	06/09/2025	10	HAE	10,3	0	5,0	0	69,0	0	21,0	0	230,0	0	961,0	0	1363,6	ERA5
1066671	06/09/2025	15	06/09/2025	11	HAE	9,1	0	7,0	0	87,0	0	22,0	0	220,0	0	961,0	0	1433,5	ERA5
1066672	06/09/2025	16	06/09/2025	12	HAE	9,3	0	7,5	0	88,0	0	21,0	0	240,0	0	961,0	0	1840,0	ERA5
1066673	06/09/2025	17	06/09/2025	13	HAE	11,1	0	8,4	0	83,0	0	18,0	0	220,0	0	961,0	0	1559,6	ERA5
1066674	06/09/2025	18	06/09/2025	14	HAE	9,9	0	7,9	0	87,0	0	22,0	0	230,0	0	962,0	0	1601,4	ERA5
1066675	06/09/2025	19	06/09/2025	15	HAE	10,6	0	8,1	0	84,0	0	24,0	0	230,0	0	962,0	0	1654,8	ERA5
1066676	06/09/2025	20	06/09/2025	16	HAE	12,9	0	6,4	0	64,0	0	21,0	0	230,0	0	963,0	0	1386,8	ERA5
1066677	06/09/2025	21	06/09/2025	17	HAE	12,9	0	5,1	0	59,0	0	22,0	0	240,0	0	963,0	0	1318,7	ERA5
1066678	06/09/2025	22	06/09/2025	18	HAE	12,8	0	3,8	0	54,0	0	17,0	0	270,0	0	964,0	0	796,6	ERA5
1066679	06/09/2025	23	06/09/2025	19	HAE	11,6	0	4,6	0	62,0	0	11,0	0	260,0	0	964,0	0	302,5	ERA5
1066680	07/09/2025	00	06/09/2025	20	HAE	10,5	0	5,0	0	69,0	0	5,0	0	270,0	0	965,0	0	24,3	ERA5
1066681	07/09/2025	01	06/09/2025	21	HAE	8,7	0	4,5	0	75,0	0	5,0	0	240,0	0	965,0	0	0,0	ERA5
1066682	07/09/2025	02	06/09/2025	22	HAE	7,6	0	3,8	0	77,0	0	8,0	0	250,0	0	965,0	0	0,0	ERA5
1066683	07/09/2025	03	06/09/2025	23	HAE	6,8	0	3,5	0	80,0	0	5,0	0	250,0	0	966,0	0	0,0	ERA5
1066684	07/09/2025	04	07/09/2025	00	HAE	4,8	0	3,6	0	92,0	0	0,0	0	0,0	0	966,0	0	0,0	ERA5
1066685	07/09/2025	05	07/09/2025	01	HAE	3,2	0	2,8	0	97,0	0	9,0	0	190,0	0	967,0	0	0,0	ERA5
1066686	07/09/2025	06	07/09/2025	02	HAE	5,5	0	4,6	0	94,0	0	5,0	0	220,0	0	966,0	0	0,0	ERA5
1066687	07/09/2025	07	07/09/2025	03	HAE	7,5	0	5,3	0	86,0	0	8,0	0	240,0	0	966,0	0	0,0	ERA5
1066688	07/09/2025	08	07/09/2025	04	HAE	6,9	0	5,4	0	90,0	0	5,0	0	210,0	0	966,0	0	0,0	ERA5
1066689	07/09/2025	09	07/09/2025	05	HAE	6,9	0	5,2	0	89,0	0	0,0	0	0,0	0	966,0	0	0,0	ERA5
1066690	07/09/2025	10	07/09/2025	06	HAE	7,2	0	6,3	0	94,0	0	5,0	0	50,0	0	966,0	0	0,0	ERA5
1066691	07/09/2025	11	07/09/2025	07	HAE	7,6	0	6,6	0	94,0	0	4,0	0	100,0	0	966,0	0	23,5	ERA5
1066692	07/09/2025	12	07/09/2025	08	HAE	8,4	0	6,4	0	87,0	0	4,0	0	140,0	0	966,0	0	197,7	ERA5
1066693	07/09/2025	13	07/09/2025	09	HAE	8,8	0	6,2	0	83,0	0	5,0	0	140,0	0	966,0	0	414,5	ERA5
1066694	07/09/2025	14	07/09/2025	10	HAE	9,3	0	6,7	0	84,0	0	8,0	0	120,0	0	966,0	0	692,6	ERA5
1066695	07/09/2025	15	07/09/2025	11	HAE	9,3	0	7,3	0	87,0	0	8,0	0	120,0	0	966,0	0	789,5	ERA5
1066696	07/09/2025	16	07/09/2025	12	HAE	9,6	0	6,9	0	83,0	0	4,0	0	0,0	0	965,0	0	890,5	ERA5
1066697	07/09/2025	17	07/09/2025	13	HAE	9,5	0	6,2	0	80,0	0	4,0	0	0,0	0	965,0	0	294,7	ERA5
1066698	07/09/2025	18	07/09/2025	14	HAE	9,5	0	7,1	0	85,0	0	5,0	0	10,0	0	965,0	0	457,3	ERA5
1066699	07/09/2025	19	07/09/2025	15	HAE	9,0	0	7,9	0	93,0	0	9,0	0	310,0	0	965,0	0	743,1	ERA5
1066700	07/09/2025	20	07/09/2025	16	HAE	9,1	0	7,6	0	90,0	0	11,0	0	320,0	0	965,0	0	716,9	ERA5
1066701	07/09/2025	21	07/09/2025	17	HAE	9,6	0	7,2	0	85,0	0	9,0	0	300,0	0	965,0	0	872,2	ERA5
1066702	07/09/2025	22	07/09/2025	18	HAE	9,7	0	7,4	0	85,0	0	9,0	0	250,0	0	966,0	0	689,0	ERA5
1066703	07/09/2025	23	07/09/2025	19	HAE	8,9	0	7,2	0	89,0	0	9,0	0	230,0	0	966,0	0	275,4	ERA5
1066704	08/09/2025	00	07/09/2025	20	HAE	7,2	0	5,5	0	89,0	0	9,0	0	230,0	0	967,0	0	17,5	ERA5
1066705	08/09/2025	01	07/09/2025	21	HAE	7,8	0	6,4	0	91,0	0	18,0	0	250,0	0	967,0	0	0,0	ERA5
1066706	08/09/2025	02	07/09/2025	22	HAE	6,9	0	5,9	0	93,0	0	15,0	0	240,0	0	968,0	0	0,0	ERA5
1066707	08/09/2025	03	07/09/2025	23	HAE	6,3	0	5,6	0	95,0	0	13,0	0	250,0	0	968,0	0	0,0	ERA5
1066708	08/09/2025	04	08/09/2025	00	HAE	5,8	0	5,4	0	97,0	0	11,0	0	250,0	0	969,0	0	0,0	ERA5
1066709	08/09/2025	05	08/09/2025	01	HAE	5,7	0	5,4	0	98,0	0	9,0	0	250,0	0	969,0	0	0,0	ERA5
1066710	08/09/2025	06	08/09/2025	02	HAE	6,0	0	5,7	0	98,0	0	9,0	0	240,0	0	969,0	0	0,0	ERA5
1066711	08/09/2025	07	08/09/2025	03	HAE	5,8	0	5,2	0	96,0	0	8,0	0	250,0	0	970,0	0	0,0	ERA5
1066712	08/09/2025	08	08/09/2025	04	HAE	5,5	0	5,1	0	97,0	0	9,0	0	230,0	0	970,0	0	0,0	ERA5
1066713	08/09/2025	09	08/09/2025	05	HAE	5,3	0	4,9	0	97,0	0	13,0	0	230,0	0	970,0	0	0,0	ERA5
1066714	08/09/2025	10	08/09/2025	06	HAE	5,6	0	4,4	0	92,0	0	15,0	0	250,0	0	971,0	0	0,0	ERA5
1066715	08/09/2025	11	08/09/2025	07	HAE	4,9	0	3,6	0	91,0	0	15,0	0	250,0	0	972,0	0	30,9	ERA5
1066716	08/09/2025	12	08/09/2025	08	HAE	5,4	0	3,9	0	90,0	0	13,0	0	250,0	0	973,0	0	357,1	ERA5
1066717	08/09/2025	13	08/09/2025	09	HAE	6,8	0	3,2	0	78,0	0	15,0	0	260,0	0	973,0	0	907,7	ERA5
1066718	08/09/2025	14	08/09/2025	10	HAE	7,2	0	1,5	0	67,0	0	24,0	0	250,0	0	974,0	0	1270,1	ERA5
1066719	08/09/2025	15	08/09/2025	11	HAE	7,6	0	2,4	0	70,0	0	18,0	0	270,0	0	974,0	0	1721,2	ERA5
1066720	08/09/2025	16	08/09/2025	12	HAE	7,6	0	2,7	0	71,0	0	18,0	0	260,0	0	974,0	0	1915,1	ERA5
1066721	08/09/2025	17	08/09/2025	13	HAE	10,3	0	1,4	0	54,0	0	26,0	0	220,0	0	974,0	0	2016,1	ERA5
1066722	08/09/2025	18	08/09/2025	14	HAE	9,9	0	2,3	0	59,0	0	18,0	0	260,0	0	975,0	0	1773,9	ERA5
1066723	08/09/2025	19	08/09/2025	15	HAE	10,5	0	4,0	0	64,0	0	17,0	0	240,0	0	974,0	0	1179,5	ERA5
1066724	08/09/2025	20	08/09/2025	16	HAE	10,7	0	1,7	0	54,0	0	21,0	0	260,0	0	975,0	0	1176,0	ERA5
1066725	08/09/2025	21	08/09/2025	17	HAE	10,8	0	2,0	0	54,0	0	18,0	0	250,0	0	975,0	0	993,0	ERA5
1066726	08/09/2025	22	08/09/2025	18	HAE	9,2	0	4,8	0	74,0	0	11,0	0	250,0	0	975,0	0	574,5	ERA5
1066727	08/09/2025	23	08/09/2025	19	HAE	9,3	0	3,4	0	66,0	0	15,0	0	230,0	0	976,0	0	204,2	ERA5
1066728	09/09/2025	00	08/09/2025	20	HAE	7,8	0	3,7	0	75,0	0	8,0	0	220,0	0	976,0	0	13,2	ERA5
1066729	09/09/2025	01	08/09/2025	21	HAE	7,5	0	3,5	0	76,0	0	8,0	0	210,0	0	977,0	0	0,0	ERA5
1066730	09/09/2025	02	08/09/2025	22	HAE	6,8	0	4,3	0	84,0	0	8,0	0	180,0	0	977,0	0	0,0	ERA5
1066731	09/09/2025	03	08/09/2025	23	HAE	7,2	0	4,7	0	84,0	0	8,0	0	180,0	0	977,0	0	0,0	ERA5
1066732	09/09/2025	04	09/09/2025	00	HAE	8,1	0	5,9	0	86,0	0	9,0	0	180,0	0	976,0	0	0,0	ERA5
1066733	09/09/2025	05	09/09/2025	01	HAE	8,3	0	6,2	0	86,0	0	9,0	0	160,0	0	977,0	0	0,0	ERA5
1066734	09/09/2025	06	09/09/2025	02	HAE	8,2	0	6,3	0	88,0	0	9,0	0	200,0	0	977,0	0	0,0	ERA5
1066735	09/09/2025	07	09/09/2025	03	HAE	8,1	0	7,0	0	93,0	0	9,0	0	190,0	0	977,0	0	0,0	ERA5
1066736	09/09/2025	08	09/09/2025	04	HAE	8,4	0	7,5	0	94,0	0	15,0	0	190,0	0	977,0	0	0,0	ERA5
1066737	09/09/2025	09	09/09/2025	05	HAE	8,6	0	7,7	0	94,0	0	13,0	0	190,0	0	977,0	0	0,0	ERA5
1066738	09/09/2025	10	09/09/2025	06	HAE	8,1	0	7,4	0	95,0	0	13,0	0	190,0	0	977,0	0	0,0	ERA5
1066739	09/09/2025	11	09/09/2025	07	HAE	8,1	0	7,5	0	96,0	0	13,0	0	180,0	0	977,0	0	16,9	ERA5
1066740	09/09/2025	12	09/09/2025	08	HAE	9,2	0	8,1	0	93,0	0	17,0	0	180,0	0	977,0	0	314,0	ERA5
1066741	09/09/2025	13	09/09/2025	09	HAE	10,6	0	8,6	0	88,0	0	18,0	0	200,0	0	977,0	0	801,9	ERA5
1066742	09/09/2025	14	09/09/2025	10	HAE	11,8	0	8,9	0	82,0	0	22,0	0	180,0	0	977,0	0	954,3	ERA5
1066743	09/09/2025	15	09/09/2025	11	HAE	11,9	0	9,3	0	84,0	0	18,0	0	180,0	0	977,0	0	1116,2	ERA5
1066744	09/09/2025	16	09/09/2025	12	HAE	12,5	0	8,9	0	78,0	0	21,0	0	200,0	0	978,0	0	1217,5	ERA5
1066745	09/09/2025	17	09/09/2025	13	HAE	13,0	0	8,4	0	73,0	0	22,0	0	180,0	0	977,0	0	1138,4	ERA5
1066746	09/09/2025	18	09/09/2025	14	HAE	13,0	0	7,3	0	68,0	0	26,0	0	190,0	0	977,0	0	839,1	ERA5
1066747	09/09/2025	19	09/09/2025	15	HAE	11,9	0	8,5	0	80,0	0	21,0	0	190,0	0	977,0	0	418,4	ERA5
1066748	09/09/2025	20	09/09/2025	16	HAE	11,0	0	9,8	0	92,0	0	15,0	0	170,0	0	976,0	0	352,2	ERA5
1066749	09/09/2025	21	09/09/2025	17	HAE	11,0	0	9,9	0	93,0	0	15,0	0	170,0	0	976,0	0	190,9	ERA5
1066750	09/09/2025	22	09/09/2025	18	HAE	10,7	0	9,8	0	94,0	0	13,0	0	170,0	0	976,0	0	102,3	ERA5
1066751	09/09/2025	23	09/09/2025	19	HAE	10,8	0	10,0	0	95,0	0	15,0	0	150,0	0	976,0	0	31,5	ERA5
1066752	10/09/2025	00	09/09/2025	20	HAE	10,7	0	9,9	0	95,0	0	15,0	0	160,0	0	976,0	0	1,2	ERA5
1066753	10/09/2025	01	09/09/2025	21	HAE	10,9	0	10,0	0	94,0	0	15,0	0	160,0	0	975,0	0	0,0	ERA5
1066754	10/09/2025	02	09/09/2025	22	HAE	10,8	0	10,0	0	95,0	0	15,0	0	170,0	0	975,0	0	0,0	ERA5
1066755	10/09/2025	03	09/09/2025	23	HAE	11,0	0	10,1	0	94,0	0	18,0	0	180,0	0	975,0	0	0,0	ERA5
1066756	10/09/2025	04	10/09/2025	00	HAE	11,2	0	10,4	0	95,0	0	18,0	0	180,0	0	974,0	0	0,0	ERA5
1066757	10/09/2025	05	10/09/2025	01	HAE	11,4	0	10,6	0	95,0	0	18,0	0	190,0	0	974,0	0	0,0	ERA5
1066758	10/09/2025	06	10/09/2025	02	HAE	11,7	0	10,9	0	95,0	0	21,0	0	210,0	0	974,0	0	0,0	ERA5
1066759	10/09/2025	07	10/09/2025	03	HAE	11,6	0	11,1	0	97,0	0	13,0	0	210,0	0	974,0	0	0,0	ERA5
1066760	10/09/2025	08	10/09/2025	04	HAE	11,5	0	11,0	0	97,0	0	18,0	0	200,0	0	974,0	0	0,0	ERA5
1066761	10/09/2025	09	10/09/2025	05	HAE	11,5	0	11,0	0	97,0	0	15,0	0	210,0	0	974,0	0	0,0	ERA5
1066762	10/09/2025	10	10/09/2025	06	HAE	11,5	0	11,2	0	98,0	0	15,0	0	200,0	0	974,0	0	0,0	ERA5
1066763	10/09/2025	11	10/09/2025	07	HAE	11,4	0	11,0	0	97,0	0	17,0	0	210,0	0	974,0	0	3,7	ERA5
1066764	10/09/2025	12	10/09/2025	08	HAE	11,4	0	11,1	0	98,0	0	15,0	0	210,0	0	974,0	0	46,1	ERA5
1066765	10/09/2025	13	10/09/2025	09	HAE	11,7	0	11,4	0	98,0	0	9,0	0	220,0	0	974,0	0	99,2	ERA5
1066766	10/09/2025	14	10/09/2025	10	HAE	11,9	0	11,6	0	98,0	0	13,0	0	230,0	0	974,0	0	216,6	ERA5
1066767	10/09/2025	15	10/09/2025	11	HAE	12,4	0	11,9	0	97,0	0	15,0	0	250,0	0	974,0	0	367,9	ERA5
1066768	10/09/2025	16	10/09/2025	12	HAE	12,5	0	12,0	0	97,0	0	13,0	0	270,0	0	975,0	0	664,2	ERA5
1066769	10/09/2025	17	10/09/2025	13	HAE	13,4	0	12,4	0	93,0	0	8,0	0	210,0	0	974,0	0	656,9	ERA5
1066770	10/09/2025	18	10/09/2025	14	HAE	13,9	0	12,5	0	91,0	0	15,0	0	230,0	0	974,0	0	574,2	ERA5
1066771	10/09/2025	19	10/09/2025	15	HAE	14,2	0	12,6	0	90,0	0	9,0	0	210,0	0	974,0	0	659,7	ERA5
1066772	10/09/2025	20	10/09/2025	16	HAE	14,7	0	12,8	0	88,0	0	13,0	0	200,0	0	974,0	0	512,3	ERA5
1066773	10/09/2025	21	10/09/2025	17	HAE	14,2	0	13,3	0	94,0	0	8,0	0	190,0	0	974,0	0	594,8	ERA5
1066774	10/09/2025	22	10/09/2025	18	HAE	14,0	0	13,1	0	94,0	0	9,0	0	200,0	0	974,0	0	384,6	ERA5
1066775	10/09/2025	23	10/09/2025	19	HAE	13,4	0	12,8	0	96,0	0	8,0	0	220,0	0	974,0	0	153,7	ERA5
1066776	11/09/2025	00	10/09/2025	20	HAE	13,1	0	12,8	0	98,0	0	8,0	0	240,0	0	974,0	0	5,2	ERA5
1066777	11/09/2025	01	10/09/2025	21	HAE	13,0	0	12,5	0	97,0	0	9,0	0	260,0	0	974,0	0	0,0	ERA5
1066778	11/09/2025	02	10/09/2025	22	HAE	11,7	0	9,2	0	84,0	0	11,0	0	330,0	0	974,0	0	0,0	ERA5
1066779	11/09/2025	03	10/09/2025	23	HAE	10,2	0	8,8	0	91,0	0	9,0	0	330,0	0	975,0	0	0,0	ERA5
1066780	11/09/2025	04	11/09/2025	00	HAE	9,7	0	8,2	0	90,0	0	9,0	0	300,0	0	975,0	0	0,0	ERA5
1066781	11/09/2025	05	11/09/2025	01	HAE	8,9	0	7,7	0	92,0	0	9,0	0	320,0	0	975,0	0	0,0	ERA5
1066782	11/09/2025	06	11/09/2025	02	HAE	8,3	0	6,7	0	90,0	0	9,0	0	310,0	0	976,0	0	0,0	ERA5
1066783	11/09/2025	07	11/09/2025	03	HAE	7,6	0	6,4	0	92,0	0	9,0	0	320,0	0	976,0	0	0,0	ERA5
1066784	11/09/2025	08	11/09/2025	04	HAE	6,9	0	6,0	0	94,0	0	5,0	0	330,0	0	976,0	0	0,0	ERA5
1066785	11/09/2025	09	11/09/2025	05	HAE	6,4	0	5,8	0	96,0	0	9,0	0	310,0	0	977,0	0	0,0	ERA5
1066786	11/09/2025	10	11/09/2025	06	HAE	6,5	0	6,1	0	97,0	0	8,0	0	320,0	0	977,0	0	0,0	ERA5
1066787	11/09/2025	11	11/09/2025	07	HAE	6,1	0	5,5	0	96,0	0	11,0	0	330,0	0	978,0	0	23,9	ERA5
1066788	11/09/2025	12	11/09/2025	08	HAE	7,0	0	5,6	0	91,0	0	13,0	0	330,0	0	978,0	0	363,2	ERA5
1066789	11/09/2025	13	11/09/2025	09	HAE	8,5	0	5,6	0	82,0	0	9,0	0	330,0	0	979,0	0	1017,2	ERA5
1066790	11/09/2025	14	11/09/2025	10	HAE	10,2	0	4,8	0	69,0	0	13,0	0	340,0	0	979,0	0	1477,2	ERA5
1066791	11/09/2025	15	11/09/2025	11	HAE	11,7	0	4,8	0	62,0	0	21,0	0	360,0	0	979,0	0	1977,0	ERA5
1066792	11/09/2025	16	11/09/2025	12	HAE	11,3	0	3,4	0	58,0	0	18,0	0	320,0	0	979,0	0	2086,1	ERA5
1066793	11/09/2025	17	11/09/2025	13	HAE	11,7	0	3,8	0	58,0	0	13,0	0	310,0	0	979,0	0	2137,6	ERA5
1066794	11/09/2025	18	11/09/2025	14	HAE	12,9	0	4,0	0	54,0	0	11,0	0	320,0	0	979,0	0	1983,5	ERA5
1066795	11/09/2025	19	11/09/2025	15	HAE	13,9	0	4,2	0	52,0	0	9,0	0	340,0	0	979,0	0	1239,1	ERA5
1066796	11/09/2025	20	11/09/2025	16	HAE	12,7	0	3,6	0	54,0	0	13,0	0	340,0	0	979,0	0	1006,1	ERA5
1066797	11/09/2025	21	11/09/2025	17	HAE	12,8	0	4,2	0	56,0	0	9,0	0	10,0	0	979,0	0	808,1	ERA5
1066798	11/09/2025	22	11/09/2025	18	HAE	13,0	0	3,2	0	51,0	0	13,0	0	330,0	0	979,0	0	515,2	ERA5
1066799	11/09/2025	23	11/09/2025	19	HAE	11,7	0	3,3	0	56,0	0	5,0	0	310,0	0	979,0	0	194,8	ERA5
1066800	12/09/2025	00	11/09/2025	20	HAE	9,6	0	3,6	0	66,0	0	8,0	0	290,0	0	979,0	0	6,4	ERA5
1066801	12/09/2025	01	11/09/2025	21	HAE	7,1	0	3,5	0	78,0	0	8,0	0	270,0	0	979,0	0	0,0	ERA5
1066802	12/09/2025	02	11/09/2025	22	HAE	7,3	0	3,6	0	77,0	0	9,0	0	310,0	0	979,0	0	0,0	ERA5
1066803	12/09/2025	03	11/09/2025	23	HAE	5,8	0	3,2	0	83,0	0	5,0	0	320,0	0	979,0	0	0,0	ERA5
1066804	12/09/2025	04	12/09/2025	00	HAE	3,6	0	2,7	0	94,0	0	4,0	0	0,0	0	979,0	0	0,0	ERA5
1066805	12/09/2025	05	12/09/2025	01	HAE	3,2	0	2,6	0	96,0	0	0,0	0	0,0	0	979,0	0	0,0	ERA5
1066806	12/09/2025	06	12/09/2025	02	HAE	1,3	0	0,7	0	96,0	0	0,0	0	0,0	0	979,0	0	0,0	ERA5
1066807	12/09/2025	07	12/09/2025	03	HAE	2,0	0	1,6	0	97,0	0	0,0	0	0,0	0	979,0	0	0,0	ERA5
1066808	12/09/2025	08	12/09/2025	04	HAE	1,9	0	1,2	0	95,0	0	0,0	0	0,0	0	979,0	0	0,0	ERA5
1066809	12/09/2025	09	12/09/2025	05	HAE	1,7	0	1,0	0	95,0	0	0,0	0	0,0	0	979,0	0	0,0	ERA5
1066810	12/09/2025	10	12/09/2025	06	HAE	1,3	0	1,2	0	99,0	0	0,0	0	0,0	0	979,0	0	0,0	ERA5
1066811	12/09/2025	11	12/09/2025	07	HAE	1,7	0	1,7	0	100,0	0	5,0	0	210,0	0	979,0	0	23,9	ERA5
1066812	12/09/2025	12	12/09/2025	08	HAE	3,0	0	3,0	0	100,0	0	0,0	0	0,0	0	980,0	0	334,2	ERA5
1066813	12/09/2025	13	12/09/2025	09	HAE	6,8	0	4,4	0	85,0	0	9,0	0	240,0	0	980,0	0	790,7	ERA5
1066814	12/09/2025	14	12/09/2025	10	HAE	9,6	0	5,1	0	73,0	0	8,0	0	230,0	0	980,0	0	1361,6	ERA5
1066815	12/09/2025	15	12/09/2025	11	HAE	11,5	0	4,8	0	63,0	0	11,0	0	220,0	0	979,0	0	1797,3	ERA5
1066816	12/09/2025	16	12/09/2025	12	HAE	12,4	0	4,6	0	59,0	0	17,0	0	200,0	0	978,0	0	2040,2	ERA5
1066817	12/09/2025	17	12/09/2025	13	HAE	13,6	0	4,6	0	54,0	0	15,0	0	170,0	0	978,0	0	2182,4	ERA5
1066818	12/09/2025	18	12/09/2025	14	HAE	14,4	0	4,8	0	52,0	0	18,0	0	200,0	0	977,0	0	2224,6	ERA5
1066819	12/09/2025	19	12/09/2025	15	HAE	15,3	0	4,8	0	49,0	0	15,0	0	200,0	0	976,0	0	1994,4	ERA5
1066820	12/09/2025	20	12/09/2025	16	HAE	15,9	0	4,9	0	48,0	0	13,0	0	210,0	0	975,0	0	1781,0	ERA5
1066821	12/09/2025	21	12/09/2025	17	HAE	15,3	0	4,9	0	50,0	0	13,0	0	200,0	0	975,0	0	1407,3	ERA5
1066822	12/09/2025	22	12/09/2025	18	HAE	15,6	0	5,7	0	51,0	0	17,0	0	190,0	0	975,0	0	858,6	ERA5
1066823	12/09/2025	23	12/09/2025	19	HAE	13,3	0	6,3	0	62,0	0	8,0	0	200,0	0	974,0	0	297,6	ERA5
1066824	13/09/2025	00	12/09/2025	20	HAE	10,3	0	6,4	0	77,0	0	11,0	0	190,0	0	974,0	0	5,4	ERA5
1066825	13/09/2025	01	12/09/2025	21	HAE	9,7	0	6,2	0	79,0	0	11,0	0	190,0	0	974,0	0	0,0	ERA5
1066826	13/09/2025	02	12/09/2025	22	HAE	10,3	0	7,1	0	80,0	0	8,0	0	180,0	0	973,0	0	0,0	ERA5
1066827	13/09/2025	03	12/09/2025	23	HAE	9,9	0	7,2	0	83,0	0	8,0	0	210,0	0	973,0	0	0,0	ERA5
1066828	13/09/2025	04	13/09/2025	00	HAE	9,3	0	7,1	0	86,0	0	8,0	0	200,0	0	973,0	0	0,0	ERA5
1066829	13/09/2025	05	13/09/2025	01	HAE	9,0	0	7,0	0	87,0	0	8,0	0	190,0	0	973,0	0	0,0	ERA5
1066830	13/09/2025	06	13/09/2025	02	HAE	9,6	0	7,4	0	86,0	0	11,0	0	190,0	0	972,0	0	0,0	ERA5
1066831	13/09/2025	07	13/09/2025	03	HAE	10,4	0	7,3	0	81,0	0	13,0	0	210,0	0	972,0	0	0,0	ERA5
1066832	13/09/2025	08	13/09/2025	04	HAE	10,5	0	7,4	0	81,0	0	15,0	0	200,0	0	971,0	0	0,0	ERA5
1066833	13/09/2025	09	13/09/2025	05	HAE	10,5	0	7,6	0	82,0	0	13,0	0	210,0	0	970,0	0	0,0	ERA5
1066834	13/09/2025	10	13/09/2025	06	HAE	10,5	0	7,9	0	84,0	0	15,0	0	210,0	0	970,0	0	0,0	ERA5
1066835	13/09/2025	11	13/09/2025	07	HAE	10,4	0	8,4	0	87,0	0	11,0	0	210,0	0	970,0	0	15,0	ERA5
1066836	13/09/2025	12	13/09/2025	08	HAE	10,2	0	9,5	0	96,0	0	9,0	0	210,0	0	970,0	0	236,5	ERA5
1066837	13/09/2025	13	13/09/2025	09	HAE	10,9	0	10,5	0	97,0	0	11,0	0	210,0	0	970,0	0	588,8	ERA5
1066838	13/09/2025	14	13/09/2025	10	HAE	12,8	0	11,3	0	91,0	0	13,0	0	250,0	0	969,0	0	1044,8	ERA5
1066839	13/09/2025	15	13/09/2025	11	HAE	14,5	0	12,0	0	85,0	0	17,0	0	200,0	0	969,0	0	1298,1	ERA5
1066840	13/09/2025	16	13/09/2025	12	HAE	15,8	0	12,5	0	80,0	0	13,0	0	210,0	0	968,0	0	1489,8	ERA5
1066841	13/09/2025	17	13/09/2025	13	HAE	18,3	0	12,8	0	70,0	0	11,0	0	220,0	0	968,0	0	1440,7	ERA5
1066842	13/09/2025	18	13/09/2025	14	HAE	19,2	0	12,4	0	64,0	0	22,0	0	240,0	0	968,0	0	1246,9	ERA5
1066843	13/09/2025	19	13/09/2025	15	HAE	18,7	0	12,3	0	66,0	0	15,0	0	260,0	0	967,0	0	980,7	ERA5
1066844	13/09/2025	20	13/09/2025	16	HAE	13,8	0	12,7	0	93,0	0	9,0	0	320,0	0	968,0	0	786,2	ERA5
1066845	13/09/2025	21	13/09/2025	17	HAE	13,9	0	13,1	0	95,0	0	5,0	0	320,0	0	968,0	0	629,3	ERA5
1066846	13/09/2025	22	13/09/2025	18	HAE	13,7	0	13,4	0	98,0	0	8,0	0	270,0	0	969,0	0	115,9	ERA5
1066847	13/09/2025	23	13/09/2025	19	HAE	13,4	0	13,3	0	99,0	0	4,0	0	280,0	0	969,0	0	41,0	ERA5
1066848	14/09/2025	00	13/09/2025	20	HAE	13,1	0	13,0	0	99,0	0	5,0	0	260,0	0	969,0	0	0,6	ERA5
1066849	14/09/2025	01	13/09/2025	21	HAE	13,0	0	12,9	0	99,0	0	5,0	0	260,0	0	969,0	0	0,0	ERA5
1066850	14/09/2025	02	13/09/2025	22	HAE	12,9	0	12,8	0	99,0	0	8,0	0	350,0	0	970,0	0	0,0	ERA5
1066851	14/09/2025	03	13/09/2025	23	HAE	12,1	0	11,3	0	95,0	0	9,0	0	350,0	0	970,0	0	0,0	ERA5
1066852	14/09/2025	04	14/09/2025	00	HAE	11,4	0	10,8	0	96,0	0	11,0	0	330,0	0	971,0	0	0,0	ERA5
1066853	14/09/2025	05	14/09/2025	01	HAE	10,4	0	9,6	0	95,0	0	15,0	0	330,0	0	971,0	0	0,0	ERA5
1066854	14/09/2025	06	14/09/2025	02	HAE	9,5	0	8,4	0	93,0	0	11,0	0	330,0	0	972,0	0	0,0	ERA5
1066855	14/09/2025	07	14/09/2025	03	HAE	8,9	0	8,2	0	95,0	0	8,0	0	320,0	0	972,0	0	0,0	ERA5
1066856	14/09/2025	08	14/09/2025	04	HAE	8,8	0	8,1	0	95,0	0	5,0	0	320,0	0	972,0	0	0,0	ERA5
1066857	14/09/2025	09	14/09/2025	05	HAE	8,9	0	8,0	0	94,0	0	9,0	0	350,0	0	972,0	0	0,0	ERA5
1066858	14/09/2025	10	14/09/2025	06	HAE	8,8	0	8,2	0	96,0	0	9,0	0	340,0	0	973,0	0	0,0	ERA5
1066859	14/09/2025	11	14/09/2025	07	HAE	8,8	0	8,2	0	96,0	0	11,0	0	320,0	0	974,0	0	7,4	ERA5
1066860	14/09/2025	12	14/09/2025	08	HAE	8,9	0	8,3	0	96,0	0	9,0	0	340,0	0	974,0	0	120,1	ERA5
1066861	14/09/2025	13	14/09/2025	09	HAE	9,5	0	8,7	0	95,0	0	9,0	0	350,0	0	975,0	0	302,9	ERA5
1066862	14/09/2025	14	14/09/2025	10	HAE	10,1	0	8,9	0	92,0	0	11,0	0	350,0	0	975,0	0	595,1	ERA5
1066863	14/09/2025	15	14/09/2025	11	HAE	10,6	0	8,7	0	88,0	0	11,0	0	330,0	0	976,0	0	918,8	ERA5
1066864	14/09/2025	16	14/09/2025	12	HAE	11,7	0	8,1	0	78,0	0	8,0	0	360,0	0	976,0	0	649,6	ERA5
1066865	14/09/2025	17	14/09/2025	13	HAE	12,3	0	7,4	0	72,0	0	8,0	0	350,0	0	976,0	0	862,0	ERA5
1066866	14/09/2025	18	14/09/2025	14	HAE	12,8	0	7,3	0	69,0	0	13,0	0	10,0	0	977,0	0	829,4	ERA5
1066867	14/09/2025	19	14/09/2025	15	HAE	13,0	0	7,1	0	67,0	0	9,0	0	20,0	0	977,0	0	760,1	ERA5
1066868	14/09/2025	20	14/09/2025	16	HAE	13,2	0	7,0	0	66,0	0	4,0	0	0,0	0	977,0	0	588,0	ERA5
1066869	14/09/2025	21	14/09/2025	17	HAE	13,2	0	6,6	0	64,0	0	8,0	0	350,0	0	977,0	0	407,3	ERA5
1066870	14/09/2025	22	14/09/2025	18	HAE	12,7	0	7,2	0	69,0	0	8,0	0	350,0	0	978,0	0	251,0	ERA5
1066871	14/09/2025	23	14/09/2025	19	HAE	12,3	0	7,6	0	73,0	0	8,0	0	320,0	0	978,0	0	88,8	ERA5
1066872	15/09/2025	00	14/09/2025	20	HAE	11,7	0	7,2	0	74,0	0	5,0	0	310,0	0	978,0	0	1,0	ERA5
1066873	15/09/2025	01	14/09/2025	21	HAE	10,9	0	7,4	0	79,0	0	8,0	0	330,0	0	979,0	0	0,0	ERA5
1066874	15/09/2025	02	14/09/2025	22	HAE	10,9	0	7,2	0	78,0	0	9,0	0	330,0	0	979,0	0	0,0	ERA5
1066875	15/09/2025	03	14/09/2025	23	HAE	10,8	0	7,3	0	79,0	0	5,0	0	320,0	0	979,0	0	0,0	ERA5
1066876	15/09/2025	04	15/09/2025	00	HAE	10,2	0	7,5	0	83,0	0	5,0	0	320,0	0	979,0	0	0,0	ERA5
1066877	15/09/2025	05	15/09/2025	01	HAE	10,1	0	7,7	0	85,0	0	4,0	0	0,0	0	979,0	0	0,0	ERA5
1066878	15/09/2025	06	15/09/2025	02	HAE	9,6	0	7,6	0	87,0	0	4,0	0	0,0	0	980,0	0	0,0	ERA5
1066879	15/09/2025	07	15/09/2025	03	HAE	9,4	0	7,4	0	87,0	0	5,0	0	320,0	0	980,0	0	0,0	ERA5
1066880	15/09/2025	08	15/09/2025	04	HAE	7,7	0	6,8	0	94,0	0	0,0	0	0,0	0	980,0	0	0,0	ERA5
1066881	15/09/2025	09	15/09/2025	05	HAE	6,3	0	5,6	0	95,0	0	4,0	0	300,0	0	980,0	0	0,0	ERA5
1066882	15/09/2025	10	15/09/2025	06	HAE	6,2	0	5,5	0	95,0	0	8,0	0	280,0	0	981,0	0	0,0	ERA5
1066883	15/09/2025	11	15/09/2025	07	HAE	6,0	0	5,3	0	95,0	0	5,0	0	280,0	0	981,0	0	8,9	ERA5
1066884	15/09/2025	12	15/09/2025	08	HAE	9,6	0	7,5	0	87,0	0	4,0	0	320,0	0	982,0	0	260,0	ERA5
1066885	15/09/2025	13	15/09/2025	09	HAE	10,8	0	7,4	0	79,0	0	5,0	0	270,0	0	982,0	0	659,0	ERA5
1066886	15/09/2025	14	15/09/2025	10	HAE	11,3	0	6,9	0	74,0	0	9,0	0	310,0	0	982,0	0	1125,6	ERA5
1066887	15/09/2025	15	15/09/2025	11	HAE	11,4	0	6,6	0	72,0	0	8,0	0	290,0	0	982,0	0	1363,5	ERA5
1066888	15/09/2025	16	15/09/2025	12	HAE	12,4	0	7,0	0	69,0	0	5,0	0	330,0	0	982,0	0	1763,5	ERA5
1066889	15/09/2025	17	15/09/2025	13	HAE	13,8	0	7,8	0	67,0	0	8,0	0	310,0	0	982,0	0	2047,1	ERA5
1066890	15/09/2025	18	15/09/2025	14	HAE	14,5	0	8,2	0	65,0	0	8,0	0	50,0	0	981,0	0	2278,9	ERA5
1066891	15/09/2025	19	15/09/2025	15	HAE	15,8	0	8,3	0	61,0	0	5,0	0	0,0	0	981,0	0	1894,1	ERA5
1066892	15/09/2025	20	15/09/2025	16	HAE	16,1	0	8,5	0	61,0	0	8,0	0	320,0	0	981,0	0	1714,3	ERA5
1066893	15/09/2025	21	15/09/2025	17	HAE	16,4	0	8,6	0	60,0	0	8,0	0	340,0	0	981,0	0	1365,9	ERA5
1066894	15/09/2025	22	15/09/2025	18	HAE	16,0	0	8,1	0	59,0	0	8,0	0	310,0	0	980,0	0	785,3	ERA5
1066895	15/09/2025	23	15/09/2025	19	HAE	13,6	0	9,6	0	76,0	0	4,0	0	320,0	0	981,0	0	235,6	ERA5
1066896	16/09/2025	00	15/09/2025	20	HAE	11,2	0	8,4	0	83,0	0	0,0	0	0,0	0	981,0	0	1,0	ERA5
1066897	16/09/2025	01	15/09/2025	21	HAE	9,2	0	7,8	0	91,0	0	0,0	0	0,0	0	981,0	0	0,0	ERA5
1066898	16/09/2025	02	15/09/2025	22	HAE	8,8	0	8,4	0	97,0	0	0,0	0	0,0	0	981,0	0	0,0	ERA5
1066899	16/09/2025	03	15/09/2025	23	HAE	8,6	0	7,7	0	94,0	0	0,0	0	0,0	0	981,0	0	0,0	ERA5
1066900	16/09/2025	04	16/09/2025	00	HAE	7,9	0	7,9	0	100,0	0	4,0	0	70,0	0	981,0	0	0,0	ERA5
1066901	16/09/2025	05	16/09/2025	01	HAE	7,5	0	6,8	0	95,0	0	0,0	0	0,0	0	981,0	0	0,0	ERA5
1066902	16/09/2025	06	16/09/2025	02	HAE	7,4	0	7,4	0	100,0	0	0,0	0	0,0	0	981,0	0	0,0	ERA5
1066903	16/09/2025	07	16/09/2025	03	HAE	6,8	0	6,8	0	100,0	0	4,0	0	80,0	0	981,0	0	0,0	ERA5
1066904	16/09/2025	08	16/09/2025	04	HAE	6,7	0	6,7	0	100,0	0	5,0	0	60,0	0	980,0	0	0,0	ERA5
1066905	16/09/2025	09	16/09/2025	05	HAE	6,9	0	6,9	0	100,0	0	4,0	0	110,0	0	981,0	0	0,0	ERA5
1066906	16/09/2025	10	16/09/2025	06	HAE	6,5	0	6,5	0	100,0	0	5,0	0	80,0	0	981,0	0	0,0	ERA5
1066907	16/09/2025	11	16/09/2025	07	HAE	6,7	0	6,7	0	100,0	0	4,0	0	90,0	0	981,0	0	13,3	ERA5
1066908	16/09/2025	12	16/09/2025	08	HAE	8,8	0	8,7	0	99,0	0	5,0	0	150,0	0	981,0	0	331,3	ERA5
1066909	16/09/2025	13	16/09/2025	09	HAE	11,6	0	9,7	0	88,0	0	5,0	0	180,0	0	981,0	0	891,4	ERA5
1066910	16/09/2025	14	16/09/2025	10	HAE	14,8	0	10,7	0	76,0	0	8,0	0	130,0	0	981,0	0	1436,1	ERA5
1066911	16/09/2025	15	16/09/2025	11	HAE	18,5	0	10,8	0	60,0	0	13,0	0	180,0	0	980,0	0	1919,8	ERA5
1066912	16/09/2025	16	16/09/2025	12	HAE	19,9	0	11,1	0	57,0	0	15,0	0	220,0	0	980,0	0	2255,9	ERA5
1066913	16/09/2025	17	16/09/2025	13	HAE	20,9	0	10,8	0	52,0	0	15,0	0	180,0	0	979,0	0	2404,4	ERA5
1066914	16/09/2025	18	16/09/2025	14	HAE	22,6	0	10,6	0	46,0	0	17,0	0	190,0	0	978,0	0	2396,2	ERA5
1066915	16/09/2025	19	16/09/2025	15	HAE	22,9	0	10,3	0	44,0	0	15,0	0	200,0	0	978,0	0	2173,2	ERA5
1066916	16/09/2025	20	16/09/2025	16	HAE	23,2	0	8,8	0	39,0	0	17,0	0	200,0	0	977,0	0	1825,9	ERA5
1066917	16/09/2025	21	16/09/2025	17	HAE	23,3	0	9,5	0	41,0	0	17,0	0	200,0	0	977,0	0	1333,2	ERA5
1066918	16/09/2025	22	16/09/2025	18	HAE	22,1	0	10,1	0	46,0	0	11,0	0	200,0	0	976,0	0	763,3	ERA5
1066919	16/09/2025	23	16/09/2025	19	HAE	19,7	0	11,0	0	57,0	0	8,0	0	190,0	0	976,0	0	220,8	ERA5
1066920	17/09/2025	00	16/09/2025	20	HAE	15,6	0	11,6	0	77,0	0	4,0	0	180,0	0	976,0	0	0,4	ERA5
1066921	17/09/2025	01	16/09/2025	21	HAE	14,5	0	10,3	0	76,0	0	5,0	0	170,0	0	976,0	0	0,0	ERA5
1066922	17/09/2025	02	16/09/2025	22	HAE	13,3	0	10,7	0	84,0	0	11,0	0	180,0	0	976,0	0	0,0	ERA5
1066923	17/09/2025	03	16/09/2025	23	HAE	13,3	0	10,9	0	85,0	0	8,0	0	180,0	0	975,0	0	0,0	ERA5
1066924	17/09/2025	04	17/09/2025	00	HAE	12,3	0	10,7	0	90,0	0	4,0	0	180,0	0	975,0	0	0,0	ERA5
1066925	17/09/2025	05	17/09/2025	01	HAE	12,3	0	11,4	0	94,0	0	4,0	0	150,0	0	975,0	0	0,0	ERA5
1066926	17/09/2025	06	17/09/2025	02	HAE	11,4	0	10,5	0	94,0	0	8,0	0	170,0	0	975,0	0	0,0	ERA5
1066927	17/09/2025	07	17/09/2025	03	HAE	11,4	0	10,3	0	93,0	0	4,0	0	170,0	0	974,0	0	0,0	ERA5
1066928	17/09/2025	08	17/09/2025	04	HAE	10,9	0	9,8	0	93,0	0	8,0	0	180,0	0	974,0	0	0,0	ERA5
1066929	17/09/2025	09	17/09/2025	05	HAE	10,2	0	9,2	0	93,0	0	8,0	0	180,0	0	974,0	0	0,0	ERA5
1066930	17/09/2025	10	17/09/2025	06	HAE	10,4	0	9,6	0	95,0	0	9,0	0	180,0	0	973,0	0	0,0	ERA5
1066931	17/09/2025	11	17/09/2025	07	HAE	9,9	0	9,3	0	96,0	0	8,0	0	170,0	0	973,0	0	11,7	ERA5
1066932	17/09/2025	12	17/09/2025	08	HAE	12,4	0	11,0	0	91,0	0	9,0	0	170,0	0	973,0	0	335,3	ERA5
1066933	17/09/2025	13	17/09/2025	09	HAE	15,8	0	11,4	0	75,0	0	15,0	0	200,0	0	973,0	0	907,2	ERA5
1066934	17/09/2025	14	17/09/2025	10	HAE	18,5	0	11,4	0	63,0	0	13,0	0	190,0	0	972,0	0	1474,7	ERA5
1066935	17/09/2025	15	17/09/2025	11	HAE	21,3	0	11,6	0	54,0	0	15,0	0	210,0	0	972,0	0	1947,5	ERA5
1066936	17/09/2025	16	17/09/2025	12	HAE	23,3	0	11,7	0	48,0	0	24,0	0	200,0	0	971,0	0	2275,0	ERA5
1066937	17/09/2025	17	17/09/2025	13	HAE	23,9	0	11,5	0	45,0	0	21,0	0	220,0	0	970,0	0	2429,3	ERA5
1066938	17/09/2025	18	17/09/2025	14	HAE	25,2	0	10,7	0	40,0	0	24,0	0	220,0	0	970,0	0	2398,7	ERA5
1066939	17/09/2025	19	17/09/2025	15	HAE	25,8	0	9,1	0	34,0	0	22,0	0	210,0	0	969,0	0	2187,8	ERA5
1066940	17/09/2025	20	17/09/2025	16	HAE	26,0	0	9,7	0	35,0	0	21,0	0	210,0	0	968,0	0	1808,1	ERA5
1066941	17/09/2025	21	17/09/2025	17	HAE	25,5	0	9,9	0	37,0	0	22,0	0	210,0	0	968,0	0	1302,9	ERA5
1066942	17/09/2025	22	17/09/2025	18	HAE	24,2	0	9,9	0	40,0	0	17,0	0	200,0	0	967,0	0	733,4	ERA5
1066943	17/09/2025	23	17/09/2025	19	HAE	21,3	0	9,0	0	45,0	0	11,0	0	220,0	0	967,0	0	203,0	ERA5
1066944	18/09/2025	00	17/09/2025	20	HAE	20,3	0	8,8	0	47,0	0	9,0	0	220,0	0	967,0	0	0,1	ERA5
1066945	18/09/2025	01	17/09/2025	21	HAE	17,0	0	9,5	0	61,0	0	11,0	0	200,0	0	967,0	0	0,0	ERA5
1066946	18/09/2025	02	17/09/2025	22	HAE	17,6	0	10,6	0	63,0	0	11,0	0	200,0	0	967,0	0	0,0	ERA5
1066947	18/09/2025	03	17/09/2025	23	HAE	18,5	0	9,9	0	57,0	0	11,0	0	220,0	0	966,0	0	0,0	ERA5
1066948	18/09/2025	04	18/09/2025	00	HAE	17,6	0	10,1	0	61,0	0	8,0	0	230,0	0	966,0	0	0,0	ERA5
1066949	18/09/2025	05	18/09/2025	01	HAE	16,3	0	10,2	0	67,0	0	5,0	0	250,0	0	966,0	0	0,0	ERA5
1066950	18/09/2025	06	18/09/2025	02	HAE	14,3	0	10,5	0	78,0	0	8,0	0	220,0	0	965,0	0	0,0	ERA5
1066951	18/09/2025	07	18/09/2025	03	HAE	14,0	0	10,3	0	78,0	0	5,0	0	220,0	0	965,0	0	0,0	ERA5
1066952	18/09/2025	08	18/09/2025	04	HAE	14,6	0	10,5	0	76,0	0	8,0	0	220,0	0	965,0	0	0,0	ERA5
1066953	18/09/2025	09	18/09/2025	05	HAE	13,8	0	13,2	0	96,0	0	9,0	0	280,0	0	965,0	0	0,0	ERA5
1066954	18/09/2025	10	18/09/2025	06	HAE	14,5	0	14,2	0	98,0	0	9,0	0	280,0	0	965,0	0	0,0	ERA5
1066955	18/09/2025	11	18/09/2025	07	HAE	15,4	0	15,1	0	98,0	0	15,0	0	300,0	0	965,0	0	1,5	ERA5
1066956	18/09/2025	12	18/09/2025	08	HAE	13,9	0	13,4	0	97,0	0	13,0	0	300,0	0	966,0	0	37,3	ERA5
1066957	18/09/2025	13	18/09/2025	09	HAE	11,7	0	11,4	0	98,0	0	18,0	0	290,0	0	967,0	0	93,1	ERA5
1066958	18/09/2025	14	18/09/2025	10	HAE	11,0	0	10,2	0	95,0	0	15,0	0	310,0	0	967,0	0	251,9	ERA5
1066959	18/09/2025	15	18/09/2025	11	HAE	10,1	0	9,5	0	96,0	0	18,0	0	300,0	0	968,0	0	370,6	ERA5
1066960	18/09/2025	16	18/09/2025	12	HAE	11,3	0	10,1	0	92,0	0	15,0	0	300,0	0	968,0	0	467,6	ERA5
1066961	18/09/2025	17	18/09/2025	13	HAE	12,1	0	10,8	0	92,0	0	18,0	0	300,0	0	968,0	0	587,1	ERA5
1066962	18/09/2025	18	18/09/2025	14	HAE	12,1	0	9,4	0	83,0	0	21,0	0	290,0	0	968,0	0	672,2	ERA5
1066963	18/09/2025	19	18/09/2025	15	HAE	11,6	0	8,2	0	79,0	0	22,0	0	310,0	0	968,0	0	552,8	ERA5
1066964	18/09/2025	20	18/09/2025	16	HAE	13,0	0	7,7	0	70,0	0	18,0	0	320,0	0	969,0	0	343,5	ERA5
1066965	18/09/2025	21	18/09/2025	17	HAE	12,7	0	6,3	0	65,0	0	17,0	0	320,0	0	969,0	0	285,4	ERA5
1066966	18/09/2025	22	18/09/2025	18	HAE	12,6	0	6,2	0	65,0	0	15,0	0	310,0	0	969,0	0	146,1	ERA5
1066967	18/09/2025	23	18/09/2025	19	HAE	11,3	0	5,4	0	67,0	0	17,0	0	300,0	0	970,0	0	28,9	ERA5
1066968	19/09/2025	00	18/09/2025	20	HAE	10,8	0	4,7	0	66,0	0	17,0	0	320,0	0	970,0	0	0,0	ERA5
1066969	19/09/2025	01	18/09/2025	21	HAE	10,1	0	3,6	0	64,0	0	18,0	0	320,0	0	970,0	0	0,0	ERA5
1066970	19/09/2025	02	18/09/2025	22	HAE	9,4	0	3,2	0	65,0	0	21,0	0	310,0	0	971,0	0	0,0	ERA5
1066971	19/09/2025	03	18/09/2025	23	HAE	8,7	0	2,3	0	64,0	0	15,0	0	340,0	0	971,0	0	0,0	ERA5
1066972	19/09/2025	04	19/09/2025	00	HAE	8,5	0	1,9	0	63,0	0	11,0	0	320,0	0	971,0	0	0,0	ERA5
1066973	19/09/2025	05	19/09/2025	01	HAE	8,1	0	3,6	0	73,0	0	21,0	0	300,0	0	971,0	0	0,0	ERA5
1066974	19/09/2025	06	19/09/2025	02	HAE	7,2	0	2,8	0	73,0	0	15,0	0	310,0	0	971,0	0	0,0	ERA5
1066975	19/09/2025	07	19/09/2025	03	HAE	6,0	0	2,5	0	78,0	0	18,0	0	290,0	0	971,0	0	0,0	ERA5
1066976	19/09/2025	08	19/09/2025	04	HAE	5,1	0	1,0	0	75,0	0	18,0	0	300,0	0	971,0	0	0,0	ERA5
1066977	19/09/2025	09	19/09/2025	05	HAE	4,8	0	0,2	0	72,0	0	17,0	0	290,0	0	971,0	0	0,0	ERA5
1066978	19/09/2025	10	19/09/2025	06	HAE	4,5	0	0,1	0	73,0	0	17,0	0	310,0	0	972,0	0	0,0	ERA5
1066979	19/09/2025	11	19/09/2025	07	HAE	3,7	0	-0,8	0	72,0	0	17,0	0	320,0	0	973,0	0	4,0	ERA5
1066980	19/09/2025	12	19/09/2025	08	HAE	3,3	0	-1,6	0	70,0	0	18,0	0	300,0	0	973,0	0	110,3	ERA5
1066981	19/09/2025	13	19/09/2025	09	HAE	3,7	0	-0,7	0	73,0	0	24,0	0	320,0	0	974,0	0	392,2	ERA5
1066982	19/09/2025	14	19/09/2025	10	HAE	3,4	0	-0,3	0	77,0	0	15,0	0	300,0	0	974,0	0	622,9	ERA5
1066983	19/09/2025	15	19/09/2025	11	HAE	4,5	0	-2,1	0	62,0	0	22,0	0	310,0	0	974,0	0	1043,2	ERA5
1066984	19/09/2025	16	19/09/2025	12	HAE	5,7	0	-1,7	0	59,0	0	15,0	0	300,0	0	974,0	0	1729,8	ERA5
1066985	19/09/2025	17	19/09/2025	13	HAE	6,1	0	-1,6	0	58,0	0	18,0	0	310,0	0	975,0	0	1791,1	ERA5
1066986	19/09/2025	18	19/09/2025	14	HAE	6,9	0	-2,6	0	51,0	0	21,0	0	300,0	0	974,0	0	1845,6	ERA5
1066987	19/09/2025	19	19/09/2025	15	HAE	8,0	0	-2,1	0	49,0	0	21,0	0	270,0	0	974,0	0	914,6	ERA5
1066988	19/09/2025	20	19/09/2025	16	HAE	7,8	0	-3,1	0	46,0	0	24,0	0	290,0	0	974,0	0	974,7	ERA5
1066989	19/09/2025	21	19/09/2025	17	HAE	8,1	0	-1,6	0	51,0	0	21,0	0	300,0	0	974,0	0	548,5	ERA5
1066990	19/09/2025	22	19/09/2025	18	HAE	7,8	0	-1,2	0	53,0	0	13,0	0	290,0	0	975,0	0	279,5	ERA5
1066991	19/09/2025	23	19/09/2025	19	HAE	6,8	0	-1,0	0	57,0	0	15,0	0	310,0	0	975,0	0	111,1	ERA5
1066992	20/09/2025	00	19/09/2025	20	HAE	5,5	0	-0,1	0	67,0	0	9,0	0	280,0	0	976,0	0	0,0	ERA5
1066993	20/09/2025	01	19/09/2025	21	HAE	4,7	0	0,3	0	73,0	0	11,0	0	280,0	0	976,0	0	0,0	ERA5
1066994	20/09/2025	02	19/09/2025	22	HAE	4,6	0	0,2	0	73,0	0	15,0	0	310,0	0	976,0	0	0,0	ERA5
1066995	20/09/2025	03	19/09/2025	23	HAE	3,6	0	-0,2	0	76,0	0	17,0	0	300,0	0	977,0	0	0,0	ERA5
1066996	20/09/2025	04	20/09/2025	00	HAE	3,0	0	-0,5	0	78,0	0	17,0	0	300,0	0	977,0	0	0,0	ERA5
1066997	20/09/2025	05	20/09/2025	01	HAE	3,4	0	-0,5	0	76,0	0	17,0	0	300,0	0	977,0	0	0,0	ERA5
1066998	20/09/2025	06	20/09/2025	02	HAE	3,4	0	-0,3	0	77,0	0	15,0	0	300,0	0	978,0	0	0,0	ERA5
1066999	20/09/2025	07	20/09/2025	03	HAE	3,4	0	-0,6	0	75,0	0	13,0	0	290,0	0	978,0	0	0,0	ERA5
1067000	20/09/2025	08	20/09/2025	04	HAE	3,4	0	-0,8	0	74,0	0	18,0	0	300,0	0	978,0	0	0,0	ERA5
1067001	20/09/2025	09	20/09/2025	05	HAE	3,2	0	-0,8	0	75,0	0	18,0	0	290,0	0	978,0	0	0,0	ERA5
1067002	20/09/2025	10	20/09/2025	06	HAE	3,0	0	-0,6	0	77,0	0	13,0	0	300,0	0	979,0	0	0,0	ERA5
1067003	20/09/2025	11	20/09/2025	07	HAE	2,7	0	-0,8	0	78,0	0	18,0	0	310,0	0	980,0	0	3,6	ERA5
1067004	20/09/2025	12	20/09/2025	08	HAE	3,0	0	-0,3	0	79,0	0	13,0	0	320,0	0	980,0	0	129,4	ERA5
1067005	20/09/2025	13	20/09/2025	09	HAE	3,2	0	-0,3	0	78,0	0	17,0	0	300,0	0	981,0	0	394,2	ERA5
1067006	20/09/2025	14	20/09/2025	10	HAE	4,4	0	0,3	0	74,0	0	15,0	0	270,0	0	981,0	0	929,1	ERA5
1067007	20/09/2025	15	20/09/2025	11	HAE	6,0	0	0,9	0	70,0	0	13,0	0	300,0	0	981,0	0	1124,8	ERA5
1067008	20/09/2025	16	20/09/2025	12	HAE	7,9	0	1,4	0	64,0	0	11,0	0	330,0	0	981,0	0	1789,7	ERA5
1067009	20/09/2025	17	20/09/2025	13	HAE	10,1	0	2,2	0	58,0	0	17,0	0	310,0	0	981,0	0	2240,2	ERA5
1067010	20/09/2025	18	20/09/2025	14	HAE	10,3	0	1,4	0	54,0	0	4,0	0	0,0	0	981,0	0	2364,3	ERA5
1067011	20/09/2025	19	20/09/2025	15	HAE	12,2	0	1,6	0	48,0	0	11,0	0	280,0	0	980,0	0	2205,9	ERA5
1067012	20/09/2025	20	20/09/2025	16	HAE	12,6	0	1,1	0	45,0	0	11,0	0	320,0	0	980,0	0	1822,4	ERA5
1067013	20/09/2025	21	20/09/2025	17	HAE	12,4	0	1,0	0	46,0	0	13,0	0	270,0	0	980,0	0	1300,1	ERA5
1067014	20/09/2025	22	20/09/2025	18	HAE	11,9	0	1,1	0	47,0	0	9,0	0	290,0	0	980,0	0	709,5	ERA5
1067015	20/09/2025	23	20/09/2025	19	HAE	9,1	0	2,9	0	65,0	0	4,0	0	300,0	0	980,0	0	166,0	ERA5
1067016	21/09/2025	00	20/09/2025	20	HAE	5,1	0	3,3	0	88,0	0	0,0	0	0,0	0	980,0	0	0,0	ERA5
1067017	21/09/2025	01	20/09/2025	21	HAE	4,5	0	2,1	0	84,0	0	4,0	0	190,0	0	980,0	0	0,0	ERA5
1067018	21/09/2025	02	20/09/2025	22	HAE	3,4	0	1,8	0	89,0	0	8,0	0	210,0	0	980,0	0	0,0	ERA5
1067019	21/09/2025	03	20/09/2025	23	HAE	3,5	0	2,0	0	90,0	0	5,0	0	180,0	0	980,0	0	0,0	ERA5
1067020	21/09/2025	04	21/09/2025	00	HAE	2,0	0	0,9	0	92,0	0	5,0	0	160,0	0	980,0	0	0,0	ERA5
1067021	21/09/2025	05	21/09/2025	01	HAE	3,8	0	2,5	0	91,0	0	4,0	0	180,0	0	980,0	0	0,0	ERA5
1067022	21/09/2025	06	21/09/2025	02	HAE	3,8	0	2,8	0	93,0	0	4,0	0	180,0	0	980,0	0	0,0	ERA5
1067023	21/09/2025	07	21/09/2025	03	HAE	2,3	0	2,0	0	98,0	0	5,0	0	170,0	0	979,0	0	0,0	ERA5
1067024	21/09/2025	08	21/09/2025	04	HAE	1,6	0	1,3	0	98,0	0	8,0	0	180,0	0	979,0	0	0,0	ERA5
1067025	21/09/2025	09	21/09/2025	05	HAE	2,4	0	1,7	0	95,0	0	9,0	0	180,0	0	979,0	0	0,0	ERA5
1067026	21/09/2025	10	21/09/2025	06	HAE	3,0	0	2,0	0	93,0	0	5,0	0	160,0	0	979,0	0	0,0	ERA5
1067027	21/09/2025	11	21/09/2025	07	HAE	1,6	0	0,9	0	95,0	0	9,0	0	170,0	0	979,0	0	4,6	ERA5
1067028	21/09/2025	12	21/09/2025	08	HAE	4,6	0	3,0	0	89,0	0	11,0	0	170,0	0	978,0	0	252,2	ERA5
1067029	21/09/2025	13	21/09/2025	09	HAE	7,5	0	3,2	0	74,0	0	11,0	0	180,0	0	978,0	0	789,0	ERA5
1067030	21/09/2025	14	21/09/2025	10	HAE	11,7	0	1,8	0	50,0	0	17,0	0	200,0	0	977,0	0	1425,2	ERA5
1067031	21/09/2025	15	21/09/2025	11	HAE	13,6	0	0,2	0	40,0	0	21,0	0	210,0	0	977,0	0	1918,4	ERA5
1067032	21/09/2025	16	21/09/2025	12	HAE	15,9	0	0,9	0	36,0	0	21,0	0	210,0	0	976,0	0	2269,8	ERA5
1067033	21/09/2025	17	21/09/2025	13	HAE	16,5	0	0,2	0	33,0	0	21,0	0	210,0	0	975,0	0	2427,9	ERA5
1067034	21/09/2025	18	21/09/2025	14	HAE	17,6	0	0,7	0	32,0	0	22,0	0	200,0	0	975,0	0	2400,2	ERA5
1067035	21/09/2025	19	21/09/2025	15	HAE	18,4	0	0,1	0	29,0	0	17,0	0	200,0	0	974,0	0	2189,2	ERA5
1067036	21/09/2025	20	21/09/2025	16	HAE	17,9	0	-0,8	0	28,0	0	18,0	0	210,0	0	973,0	0	1791,6	ERA5
1067037	21/09/2025	21	21/09/2025	17	HAE	17,8	0	0,1	0	30,0	0	17,0	0	200,0	0	972,0	0	1279,5	ERA5
1067038	21/09/2025	22	21/09/2025	18	HAE	16,8	0	1,4	0	35,0	0	18,0	0	180,0	0	972,0	0	682,9	ERA5
1067039	21/09/2025	23	21/09/2025	19	HAE	13,5	0	2,1	0	46,0	0	9,0	0	190,0	0	971,0	0	148,6	ERA5
1067040	22/09/2025	00	21/09/2025	20	HAE	10,5	0	2,4	0	57,0	0	11,0	0	190,0	0	971,0	0	0,0	ERA5
1067041	22/09/2025	01	21/09/2025	21	HAE	9,5	0	2,3	0	61,0	0	11,0	0	190,0	0	971,0	0	0,0	ERA5
1067042	22/09/2025	02	21/09/2025	22	HAE	9,7	0	2,8	0	62,0	0	11,0	0	170,0	0	970,0	0	0,0	ERA5
1067043	22/09/2025	03	21/09/2025	23	HAE	10,9	0	3,5	0	60,0	0	11,0	0	180,0	0	970,0	0	0,0	ERA5
1067044	22/09/2025	04	22/09/2025	00	HAE	11,1	0	3,7	0	60,0	0	8,0	0	180,0	0	970,0	0	0,0	ERA5
1067045	22/09/2025	05	22/09/2025	01	HAE	10,8	0	4,2	0	64,0	0	8,0	0	200,0	0	970,0	0	0,0	ERA5
1067046	22/09/2025	06	22/09/2025	02	HAE	11,4	0	4,3	0	61,0	0	5,0	0	170,0	0	970,0	0	0,0	ERA5
1067047	22/09/2025	07	22/09/2025	03	HAE	11,4	0	5,3	0	66,0	0	4,0	0	150,0	0	969,0	0	0,0	ERA5
1067048	22/09/2025	08	22/09/2025	04	HAE	9,4	0	7,9	0	90,0	0	5,0	0	160,0	0	969,0	0	0,0	ERA5
1067049	22/09/2025	09	22/09/2025	05	HAE	9,0	0	8,3	0	95,0	0	5,0	0	180,0	0	969,0	0	0,0	ERA5
1067050	22/09/2025	10	22/09/2025	06	HAE	9,5	0	8,7	0	95,0	0	5,0	0	170,0	0	969,0	0	0,0	ERA5
1067051	22/09/2025	11	22/09/2025	07	HAE	9,6	0	9,3	0	98,0	0	5,0	0	130,0	0	968,0	0	1,3	ERA5
1067052	22/09/2025	12	22/09/2025	08	HAE	10,3	0	10,0	0	98,0	0	8,0	0	190,0	0	968,0	0	100,8	ERA5
1067053	22/09/2025	13	22/09/2025	09	HAE	10,7	0	10,4	0	98,0	0	9,0	0	170,0	0	967,0	0	364,8	ERA5
1067054	22/09/2025	14	22/09/2025	10	HAE	11,0	0	10,7	0	98,0	0	9,0	0	140,0	0	967,0	0	478,1	ERA5
1067055	22/09/2025	15	22/09/2025	11	HAE	11,4	0	11,1	0	98,0	0	13,0	0	170,0	0	967,0	0	441,0	ERA5
1067056	22/09/2025	16	22/09/2025	12	HAE	11,9	0	11,6	0	98,0	0	8,0	0	190,0	0	966,0	0	353,9	ERA5
1067057	22/09/2025	17	22/09/2025	13	HAE	12,3	0	12,2	0	99,0	0	8,0	0	220,0	0	966,0	0	377,7	ERA5
1067058	22/09/2025	18	22/09/2025	14	HAE	12,7	0	12,4	0	98,0	0	8,0	0	240,0	0	966,0	0	419,8	ERA5
1067059	22/09/2025	19	22/09/2025	15	HAE	13,6	0	13,0	0	96,0	0	8,0	0	250,0	0	965,0	0	452,1	ERA5
1067060	22/09/2025	20	22/09/2025	16	HAE	13,9	0	13,0	0	94,0	0	5,0	0	240,0	0	965,0	0	391,4	ERA5
1067061	22/09/2025	21	22/09/2025	17	HAE	14,8	0	13,3	0	91,0	0	8,0	0	230,0	0	966,0	0	242,6	ERA5
1067062	22/09/2025	22	22/09/2025	18	HAE	14,6	0	13,5	0	93,0	0	9,0	0	210,0	0	966,0	0	100,9	ERA5
1067063	22/09/2025	23	22/09/2025	19	HAE	13,8	0	13,3	0	97,0	0	5,0	0	220,0	0	966,0	0	26,1	ERA5
1067064	23/09/2025	00	22/09/2025	20	HAE	13,8	0	13,3	0	97,0	0	8,0	0	210,0	0	966,0	0	0,0	ERA5
1067065	23/09/2025	01	22/09/2025	21	HAE	13,9	0	13,4	0	97,0	0	5,0	0	240,0	0	966,0	0	0,0	ERA5
1067066	23/09/2025	02	22/09/2025	22	HAE	13,8	0	13,7	0	99,0	0	9,0	0	220,0	0	966,0	0	0,0	ERA5
1067067	23/09/2025	03	22/09/2025	23	HAE	13,8	0	13,7	0	99,0	0	8,0	0	240,0	0	966,0	0	0,0	ERA5
1067068	23/09/2025	04	23/09/2025	00	HAE	13,9	0	13,8	0	99,0	0	5,0	0	270,0	0	966,0	0	0,0	ERA5
1067069	23/09/2025	05	23/09/2025	01	HAE	13,9	0	13,8	0	99,0	0	5,0	0	270,0	0	966,0	0	0,0	ERA5
1067070	23/09/2025	06	23/09/2025	02	HAE	13,5	0	13,4	0	99,0	0	9,0	0	270,0	0	967,0	0	0,0	ERA5
1067071	23/09/2025	07	23/09/2025	03	HAE	13,4	0	13,3	0	99,0	0	5,0	0	300,0	0	967,0	0	0,0	ERA5
1067072	23/09/2025	08	23/09/2025	04	HAE	13,3	0	13,2	0	99,0	0	8,0	0	300,0	0	967,0	0	0,0	ERA5
1067073	23/09/2025	09	23/09/2025	05	HAE	12,9	0	12,6	0	98,0	0	8,0	0	320,0	0	967,0	0	0,0	ERA5
1067074	23/09/2025	10	23/09/2025	06	HAE	12,5	0	12,2	0	98,0	0	9,0	0	340,0	0	968,0	0	0,0	ERA5
1067075	23/09/2025	11	23/09/2025	07	HAE	12,3	0	12,0	0	98,0	0	5,0	0	350,0	0	969,0	0	0,4	ERA5
1067076	23/09/2025	12	23/09/2025	08	HAE	12,2	0	11,9	0	98,0	0	5,0	0	360,0	0	969,0	0	32,2	ERA5
1067077	23/09/2025	13	23/09/2025	09	HAE	12,4	0	11,9	0	97,0	0	8,0	0	350,0	0	970,0	0	70,5	ERA5
1067078	23/09/2025	14	23/09/2025	10	HAE	12,4	0	11,6	0	95,0	0	9,0	0	10,0	0	970,0	0	119,8	ERA5
1067079	23/09/2025	15	23/09/2025	11	HAE	12,3	0	11,2	0	93,0	0	8,0	0	360,0	0	971,0	0	194,6	ERA5
1067080	23/09/2025	16	23/09/2025	12	HAE	13,1	0	10,4	0	84,0	0	17,0	0	340,0	0	971,0	0	225,8	ERA5
1067081	23/09/2025	17	23/09/2025	13	HAE	13,4	0	10,2	0	81,0	0	13,0	0	360,0	0	971,0	0	238,8	ERA5
1067082	23/09/2025	18	23/09/2025	14	HAE	14,0	0	10,1	0	77,0	0	8,0	0	310,0	0	971,0	0	450,6	ERA5
1067083	23/09/2025	19	23/09/2025	15	HAE	15,6	0	9,6	0	67,0	0	9,0	0	330,0	0	971,0	0	830,7	ERA5
1067084	23/09/2025	20	23/09/2025	16	HAE	15,5	0	9,0	0	65,0	0	8,0	0	340,0	0	972,0	0	675,5	ERA5
1067085	23/09/2025	21	23/09/2025	17	HAE	15,9	0	7,8	0	58,0	0	11,0	0	360,0	0	972,0	0	445,1	ERA5
1067086	23/09/2025	22	23/09/2025	18	HAE	14,6	0	7,8	0	63,0	0	8,0	0	50,0	0	972,0	0	325,1	ERA5
1067087	23/09/2025	23	23/09/2025	19	HAE	11,7	0	8,0	0	78,0	0	5,0	0	60,0	0	973,0	0	75,7	ERA5
1067088	24/09/2025	00	23/09/2025	20	HAE	10,4	0	6,8	0	78,0	0	5,0	0	30,0	0	973,0	0	0,0	ERA5
1067089	24/09/2025	01	23/09/2025	21	HAE	8,5	0	6,6	0	88,0	0	8,0	0	20,0	0	974,0	0	0,0	ERA5
1067090	24/09/2025	02	23/09/2025	22	HAE	6,4	0	5,7	0	95,0	0	0,0	0	0,0	0	974,0	0	0,0	ERA5
1067091	24/09/2025	03	23/09/2025	23	HAE	6,2	0	5,1	0	93,0	0	5,0	0	30,0	0	974,0	0	0,0	ERA5
1067092	24/09/2025	04	24/09/2025	00	HAE	5,7	0	5,3	0	97,0	0	0,0	0	0,0	0	975,0	0	0,0	ERA5
1067093	24/09/2025	05	24/09/2025	01	HAE	4,8	0	4,2	0	96,0	0	4,0	0	10,0	0	975,0	0	0,0	ERA5
1067094	24/09/2025	06	24/09/2025	02	HAE	4,8	0	4,2	0	96,0	0	4,0	0	320,0	0	975,0	0	0,0	ERA5
1067095	24/09/2025	07	24/09/2025	03	HAE	4,8	0	4,7	0	99,0	0	4,0	0	0,0	0	975,0	0	0,0	ERA5
1067096	24/09/2025	08	24/09/2025	04	HAE	3,8	0	3,7	0	99,0	0	5,0	0	320,0	0	976,0	0	0,0	ERA5
1067097	24/09/2025	09	24/09/2025	05	HAE	3,5	0	3,5	0	100,0	0	0,0	0	0,0	0	976,0	0	0,0	ERA5
1067098	24/09/2025	10	24/09/2025	06	HAE	3,1	0	3,0	0	99,0	0	0,0	0	0,0	0	976,0	0	0,0	ERA5
1067099	24/09/2025	11	24/09/2025	07	HAE	2,9	0	2,9	0	100,0	0	0,0	0	0,0	0	977,0	0	1,5	ERA5
1067100	24/09/2025	12	24/09/2025	08	HAE	5,7	0	5,7	0	100,0	0	4,0	0	60,0	0	977,0	0	235,3	ERA5
1067101	24/09/2025	13	24/09/2025	09	HAE	8,9	0	7,4	0	90,0	0	5,0	0	130,0	0	978,0	0	778,7	ERA5
1067102	24/09/2025	14	24/09/2025	10	HAE	11,5	0	8,1	0	79,0	0	5,0	0	130,0	0	978,0	0	1301,9	ERA5
1067103	24/09/2025	15	24/09/2025	11	HAE	14,1	0	8,8	0	70,0	0	5,0	0	130,0	0	977,0	0	1710,0	ERA5
1067104	24/09/2025	16	24/09/2025	12	HAE	15,4	0	8,5	0	63,0	0	8,0	0	0,0	0	977,0	0	2137,7	ERA5
1067105	24/09/2025	17	24/09/2025	13	HAE	16,0	0	8,8	0	62,0	0	13,0	0	70,0	0	977,0	0	2341,6	ERA5
1067106	24/09/2025	18	24/09/2025	14	HAE	17,3	0	7,6	0	53,0	0	11,0	0	140,0	0	976,0	0	2323,3	ERA5
1067107	24/09/2025	19	24/09/2025	15	HAE	17,5	0	7,0	0	50,0	0	11,0	0	160,0	0	976,0	0	2078,5	ERA5
1067108	24/09/2025	20	24/09/2025	16	HAE	17,6	0	7,7	0	52,0	0	9,0	0	170,0	0	975,0	0	1731,8	ERA5
1067109	24/09/2025	21	24/09/2025	17	HAE	17,2	0	7,9	0	54,0	0	8,0	0	120,0	0	975,0	0	1218,6	ERA5
1067110	24/09/2025	22	24/09/2025	18	HAE	16,4	0	8,2	0	58,0	0	8,0	0	160,0	0	975,0	0	617,7	ERA5
1067111	24/09/2025	23	24/09/2025	19	HAE	14,4	0	8,8	0	69,0	0	5,0	0	110,0	0	975,0	0	111,6	ERA5
1067112	25/09/2025	00	24/09/2025	20	HAE	10,8	0	8,9	0	88,0	0	5,0	0	80,0	0	975,0	0	0,0	ERA5
1067113	25/09/2025	01	24/09/2025	21	HAE	10,7	0	8,4	0	86,0	0	9,0	0	160,0	0	975,0	0	0,0	ERA5
1067114	25/09/2025	02	24/09/2025	22	HAE	10,8	0	8,9	0	88,0	0	9,0	0	140,0	0	974,0	0	0,0	ERA5
1067115	25/09/2025	03	24/09/2025	23	HAE	10,0	0	8,6	0	91,0	0	8,0	0	150,0	0	974,0	0	0,0	ERA5
1067116	25/09/2025	04	25/09/2025	00	HAE	10,0	0	8,9	0	93,0	0	8,0	0	130,0	0	974,0	0	0,0	ERA5
1067117	25/09/2025	05	25/09/2025	01	HAE	9,4	0	8,8	0	96,0	0	4,0	0	0,0	0	973,0	0	0,0	ERA5
1067118	25/09/2025	06	25/09/2025	02	HAE	8,7	0	8,6	0	99,0	0	5,0	0	120,0	0	973,0	0	0,0	ERA5
1067119	25/09/2025	07	25/09/2025	03	HAE	6,1	0	6,1	0	100,0	0	8,0	0	100,0	0	972,0	0	0,0	ERA5
1067120	25/09/2025	08	25/09/2025	04	HAE	7,0	0	7,0	0	100,0	0	5,0	0	100,0	0	972,0	0	0,0	ERA5
1067121	25/09/2025	09	25/09/2025	05	HAE	6,1	0	6,1	0	100,0	0	5,0	0	100,0	0	971,0	0	0,0	ERA5
1067122	25/09/2025	10	25/09/2025	06	HAE	6,3	0	6,3	0	100,0	0	5,0	0	110,0	0	971,0	0	0,0	ERA5
1067123	25/09/2025	11	25/09/2025	07	HAE	6,3	0	6,3	0	100,0	0	5,0	0	130,0	0	971,0	0	0,8	ERA5
1067124	25/09/2025	12	25/09/2025	08	HAE	7,7	0	7,7	0	100,0	0	5,0	0	130,0	0	970,0	0	198,8	ERA5
1067125	25/09/2025	13	25/09/2025	09	HAE	9,8	0	9,4	0	97,0	0	5,0	0	160,0	0	970,0	0	624,9	ERA5
1067126	25/09/2025	14	25/09/2025	10	HAE	12,4	0	10,6	0	88,0	0	8,0	0	140,0	0	969,0	0	981,0	ERA5
1067127	25/09/2025	15	25/09/2025	11	HAE	15,7	0	11,6	0	76,0	0	8,0	0	130,0	0	968,0	0	1521,0	ERA5
1067128	25/09/2025	16	25/09/2025	12	HAE	17,8	0	10,6	0	62,0	0	11,0	0	140,0	0	967,0	0	1974,7	ERA5
1067129	25/09/2025	17	25/09/2025	13	HAE	19,3	0	10,3	0	56,0	0	11,0	0	150,0	0	966,0	0	2109,2	ERA5
1067130	25/09/2025	18	25/09/2025	14	HAE	20,2	0	8,9	0	48,0	0	11,0	0	230,0	0	965,0	0	1908,1	ERA5
1067131	25/09/2025	19	25/09/2025	15	HAE	20,8	0	10,1	0	50,0	0	9,0	0	0,0	0	964,0	0	1662,1	ERA5
1067132	25/09/2025	20	25/09/2025	16	HAE	20,8	0	8,9	0	46,0	0	8,0	0	180,0	0	962,0	0	1276,7	ERA5
1067133	25/09/2025	21	25/09/2025	17	HAE	19,2	0	10,1	0	55,0	0	9,0	0	200,0	0	962,0	0	729,9	ERA5
1067134	25/09/2025	22	25/09/2025	18	HAE	18,4	0	11,1	0	62,0	0	9,0	0	160,0	0	961,0	0	397,1	ERA5
1067135	25/09/2025	23	25/09/2025	19	HAE	16,2	0	11,6	0	74,0	0	5,0	0	180,0	0	960,0	0	69,4	ERA5
1067136	26/09/2025	00	25/09/2025	20	HAE	15,2	0	11,6	0	79,0	0	8,0	0	190,0	0	960,0	0	0,0	ERA5
1067137	26/09/2025	01	25/09/2025	21	HAE	14,3	0	11,5	0	83,0	0	13,0	0	170,0	0	959,0	0	0,0	ERA5
1067138	26/09/2025	02	25/09/2025	22	HAE	13,5	0	11,4	0	87,0	0	11,0	0	160,0	0	958,0	0	0,0	ERA5
1067139	26/09/2025	03	25/09/2025	23	HAE	13,4	0	11,0	0	85,0	0	15,0	0	180,0	0	957,0	0	0,0	ERA5
1067140	26/09/2025	04	26/09/2025	00	HAE	13,6	0	10,9	0	83,0	0	15,0	0	190,0	0	957,0	0	0,0	ERA5
1067141	26/09/2025	05	26/09/2025	01	HAE	13,4	0	11,1	0	86,0	0	11,0	0	200,0	0	956,0	0	0,0	ERA5
1067142	26/09/2025	06	26/09/2025	02	HAE	12,5	0	10,9	0	90,0	0	11,0	0	200,0	0	955,0	0	0,0	ERA5
1067143	26/09/2025	07	26/09/2025	03	HAE	13,5	0	11,6	0	88,0	0	11,0	0	260,0	0	955,0	0	0,0	ERA5
1067144	26/09/2025	08	26/09/2025	04	HAE	11,3	0	8,0	0	80,0	0	13,0	0	310,0	0	957,0	0	0,0	ERA5
1067145	26/09/2025	09	26/09/2025	05	HAE	10,1	0	7,5	0	84,0	0	18,0	0	300,0	0	957,0	0	0,0	ERA5
1067146	26/09/2025	10	26/09/2025	06	HAE	8,1	0	6,6	0	90,0	0	22,0	0	300,0	0	959,0	0	0,0	ERA5
1067147	26/09/2025	11	26/09/2025	07	HAE	7,2	0	4,0	0	80,0	0	15,0	0	310,0	0	960,0	0	0,1	ERA5
1067148	26/09/2025	12	26/09/2025	08	HAE	7,5	0	4,3	0	80,0	0	11,0	0	320,0	0	961,0	0	90,5	ERA5
1067149	26/09/2025	13	26/09/2025	09	HAE	9,0	0	4,6	0	74,0	0	15,0	0	260,0	0	961,0	0	329,4	ERA5
1067150	26/09/2025	14	26/09/2025	10	HAE	9,8	0	4,2	0	68,0	0	17,0	0	280,0	0	961,0	0	610,8	ERA5
1067151	26/09/2025	15	26/09/2025	11	HAE	9,6	0	4,8	0	72,0	0	22,0	0	270,0	0	961,0	0	871,0	ERA5
1067152	26/09/2025	16	26/09/2025	12	HAE	10,4	0	5,1	0	70,0	0	18,0	0	280,0	0	961,0	0	823,5	ERA5
1067153	26/09/2025	17	26/09/2025	13	HAE	11,7	0	5,2	0	64,0	0	21,0	0	270,0	0	961,0	0	1045,4	ERA5
1067154	26/09/2025	18	26/09/2025	14	HAE	13,0	0	4,0	0	54,0	0	30,0	0	270,0	0	961,0	0	1196,1	ERA5
1067155	26/09/2025	19	26/09/2025	15	HAE	12,1	0	4,2	0	58,0	0	22,0	0	280,0	0	961,0	0	1117,8	ERA5
1067156	26/09/2025	20	26/09/2025	16	HAE	13,8	0	3,6	0	50,0	0	24,0	0	290,0	0	961,0	0	1011,2	ERA5
1067157	26/09/2025	21	26/09/2025	17	HAE	12,1	0	3,2	0	54,0	0	32,0	0	290,0	0	961,0	0	688,9	ERA5
1067158	26/09/2025	22	26/09/2025	18	HAE	11,3	0	2,6	0	55,0	0	15,0	0	290,0	0	962,0	0	442,3	ERA5
1067159	26/09/2025	23	26/09/2025	19	HAE	10,1	0	2,9	0	61,0	0	11,0	0	260,0	0	962,0	0	67,0	ERA5
1067160	27/09/2025	00	26/09/2025	20	HAE	9,5	0	2,8	0	63,0	0	17,0	0	270,0	0	963,0	0	0,0	ERA5
1067161	27/09/2025	01	26/09/2025	21	HAE	8,6	0	2,8	0	67,0	0	17,0	0	280,0	0	963,0	0	0,0	ERA5
1067162	27/09/2025	02	26/09/2025	22	HAE	8,0	0	3,1	0	71,0	0	21,0	0	280,0	0	964,0	0	0,0	ERA5
1067163	27/09/2025	03	26/09/2025	23	HAE	7,3	0	1,8	0	68,0	0	24,0	0	290,0	0	964,0	0	0,0	ERA5
1067164	27/09/2025	04	27/09/2025	00	HAE	6,5	0	1,8	0	72,0	0	15,0	0	260,0	0	965,0	0	0,0	ERA5
1067165	27/09/2025	05	27/09/2025	01	HAE	5,7	0	1,9	0	77,0	0	11,0	0	270,0	0	965,0	0	0,0	ERA5
1067166	27/09/2025	06	27/09/2025	02	HAE	3,8	0	1,5	0	85,0	0	9,0	0	250,0	0	965,0	0	0,0	ERA5
1067167	27/09/2025	07	27/09/2025	03	HAE	3,4	0	1,8	0	89,0	0	11,0	0	260,0	0	966,0	0	0,0	ERA5
1067168	27/09/2025	08	27/09/2025	04	HAE	2,6	0	1,7	0	94,0	0	9,0	0	250,0	0	966,0	0	0,0	ERA5
1067169	27/09/2025	09	27/09/2025	05	HAE	2,0	0	1,4	0	96,0	0	8,0	0	260,0	0	966,0	0	0,0	ERA5
1067170	27/09/2025	10	27/09/2025	06	HAE	1,3	0	1,0	0	98,0	0	5,0	0	250,0	0	967,0	0	0,0	ERA5
1067171	27/09/2025	11	27/09/2025	07	HAE	2,4	0	2,0	0	97,0	0	11,0	0	250,0	0	968,0	0	0,1	ERA5
1067172	27/09/2025	12	27/09/2025	08	HAE	3,2	0	2,5	0	95,0	0	9,0	0	250,0	0	968,0	0	175,7	ERA5
1067173	27/09/2025	13	27/09/2025	09	HAE	4,7	0	2,7	0	87,0	0	13,0	0	250,0	0	969,0	0	544,7	ERA5
1067174	27/09/2025	14	27/09/2025	10	HAE	6,0	0	2,3	0	77,0	0	13,0	0	250,0	0	969,0	0	889,1	ERA5
1067175	27/09/2025	15	27/09/2025	11	HAE	7,7	0	2,3	0	68,0	0	13,0	0	290,0	0	968,0	0	1337,6	ERA5
1067176	27/09/2025	16	27/09/2025	12	HAE	9,0	0	2,8	0	65,0	0	9,0	0	210,0	0	968,0	0	1862,3	ERA5
1067177	27/09/2025	17	27/09/2025	13	HAE	10,8	0	2,8	0	58,0	0	15,0	0	270,0	0	967,0	0	2174,3	ERA5
1067178	27/09/2025	18	27/09/2025	14	HAE	12,7	0	2,5	0	50,0	0	11,0	0	200,0	0	966,0	0	2194,2	ERA5
1067179	27/09/2025	19	27/09/2025	15	HAE	13,8	0	3,3	0	49,0	0	9,0	0	170,0	0	966,0	0	2012,2	ERA5
1067180	27/09/2025	20	27/09/2025	16	HAE	14,3	0	2,9	0	46,0	0	15,0	0	180,0	0	965,0	0	1657,7	ERA5
1067181	27/09/2025	21	27/09/2025	17	HAE	14,9	0	2,3	0	42,0	0	15,0	0	190,0	0	965,0	0	1137,9	ERA5
1067182	27/09/2025	22	27/09/2025	18	HAE	13,8	0	3,0	0	48,0	0	13,0	0	170,0	0	964,0	0	553,4	ERA5
1067183	27/09/2025	23	27/09/2025	19	HAE	12,3	0	4,6	0	59,0	0	17,0	0	160,0	0	963,0	0	78,6	ERA5
1067184	28/09/2025	00	27/09/2025	20	HAE	10,4	0	4,2	0	65,0	0	13,0	0	170,0	0	964,0	0	0,0	ERA5
1067185	28/09/2025	01	27/09/2025	21	HAE	9,3	0	4,3	0	71,0	0	9,0	0	170,0	0	964,0	0	0,0	ERA5
1067186	28/09/2025	02	27/09/2025	22	HAE	9,3	0	4,7	0	73,0	0	9,0	0	170,0	0	963,0	0	0,0	ERA5
1067187	28/09/2025	03	27/09/2025	23	HAE	9,9	0	5,3	0	73,0	0	13,0	0	170,0	0	962,0	0	0,0	ERA5
1067188	28/09/2025	04	28/09/2025	00	HAE	10,6	0	5,7	0	72,0	0	18,0	0	170,0	0	961,0	0	0,0	ERA5
1067189	28/09/2025	05	28/09/2025	01	HAE	10,4	0	6,8	0	78,0	0	13,0	0	170,0	0	961,0	0	0,0	ERA5
1067190	28/09/2025	06	28/09/2025	02	HAE	10,4	0	7,7	0	83,0	0	11,0	0	180,0	0	960,0	0	0,0	ERA5
1067191	28/09/2025	07	28/09/2025	03	HAE	11,4	0	8,6	0	83,0	0	9,0	0	220,0	0	960,0	0	0,0	ERA5
1067192	28/09/2025	08	28/09/2025	04	HAE	11,4	0	8,5	0	82,0	0	13,0	0	230,0	0	960,0	0	0,0	ERA5
1067193	28/09/2025	09	28/09/2025	05	HAE	10,6	0	8,0	0	84,0	0	9,0	0	230,0	0	960,0	0	0,0	ERA5
1067194	28/09/2025	10	28/09/2025	06	HAE	9,5	0	7,8	0	89,0	0	11,0	0	230,0	0	961,0	0	0,0	ERA5
1067195	28/09/2025	11	28/09/2025	07	HAE	9,3	0	8,2	0	93,0	0	11,0	0	230,0	0	962,0	0	0,0	ERA5
1067196	28/09/2025	12	28/09/2025	08	HAE	10,4	0	8,8	0	90,0	0	15,0	0	250,0	0	962,0	0	184,0	ERA5
1067197	28/09/2025	13	28/09/2025	09	HAE	11,2	0	9,0	0	86,0	0	17,0	0	250,0	0	963,0	0	653,2	ERA5
1067198	28/09/2025	14	28/09/2025	10	HAE	12,6	0	8,5	0	76,0	0	26,0	0	250,0	0	963,0	0	950,0	ERA5
1067199	28/09/2025	15	28/09/2025	11	HAE	14,4	0	5,7	0	56,0	0	32,0	0	280,0	0	964,0	0	1566,3	ERA5
1067200	28/09/2025	16	28/09/2025	12	HAE	15,3	0	4,7	0	49,0	0	21,0	0	260,0	0	964,0	0	1697,1	ERA5
1067201	28/09/2025	17	28/09/2025	13	HAE	15,6	0	3,4	0	44,0	0	32,0	0	280,0	0	964,0	0	1942,4	ERA5
1067202	28/09/2025	18	28/09/2025	14	HAE	15,6	0	4,2	0	46,0	0	21,0	0	270,0	0	965,0	0	1480,7	ERA5
1067203	28/09/2025	19	28/09/2025	15	HAE	16,5	0	3,6	0	42,0	0	35,0	0	260,0	0	965,0	0	1216,7	ERA5
1067204	28/09/2025	20	28/09/2025	16	HAE	16,6	0	3,8	0	42,0	0	28,0	0	260,0	0	966,0	0	924,3	ERA5
1067205	28/09/2025	21	28/09/2025	17	HAE	16,3	0	4,4	0	45,0	0	18,0	0	260,0	0	967,0	0	648,0	ERA5
1067206	28/09/2025	22	28/09/2025	18	HAE	16,1	0	4,9	0	47,0	0	13,0	0	270,0	0	967,0	0	333,0	ERA5
1067207	28/09/2025	23	28/09/2025	19	HAE	15,3	0	4,5	0	48,0	0	13,0	0	270,0	0	968,0	0	55,8	ERA5
1067208	29/09/2025	00	28/09/2025	20	HAE	11,0	0	5,0	0	66,0	0	11,0	0	230,0	0	969,0	0	0,0	ERA5
1067209	29/09/2025	01	28/09/2025	21	HAE	11,6	0	5,3	0	65,0	0	8,0	0	240,0	0	969,0	0	0,0	ERA5
1067210	29/09/2025	02	28/09/2025	22	HAE	10,8	0	5,0	0	67,0	0	5,0	0	290,0	0	970,0	0	0,0	ERA5
1067211	29/09/2025	03	28/09/2025	23	HAE	9,9	0	5,3	0	73,0	0	5,0	0	290,0	0	970,0	0	0,0	ERA5
1067212	29/09/2025	04	29/09/2025	00	HAE	6,1	0	4,2	0	88,0	0	8,0	0	260,0	0	970,0	0	0,0	ERA5
1067213	29/09/2025	05	29/09/2025	01	HAE	9,0	0	4,6	0	74,0	0	9,0	0	260,0	0	970,0	0	0,0	ERA5
1067214	29/09/2025	06	29/09/2025	02	HAE	7,0	0	4,9	0	86,0	0	9,0	0	230,0	0	971,0	0	0,0	ERA5
1067215	29/09/2025	07	29/09/2025	03	HAE	6,2	0	4,0	0	86,0	0	5,0	0	240,0	0	971,0	0	0,0	ERA5
1067216	29/09/2025	08	29/09/2025	04	HAE	6,2	0	4,8	0	91,0	0	8,0	0	270,0	0	971,0	0	0,0	ERA5
1067217	29/09/2025	09	29/09/2025	05	HAE	6,1	0	4,3	0	88,0	0	9,0	0	260,0	0	972,0	0	0,0	ERA5
1067218	29/09/2025	10	29/09/2025	06	HAE	6,7	0	5,2	0	90,0	0	5,0	0	250,0	0	972,0	0	0,0	ERA5
1067219	29/09/2025	11	29/09/2025	07	HAE	6,1	0	5,4	0	95,0	0	8,0	0	200,0	0	972,0	0	0,0	ERA5
1067220	29/09/2025	12	29/09/2025	08	HAE	6,9	0	5,4	0	90,0	0	8,0	0	270,0	0	973,0	0	73,6	ERA5
1067221	29/09/2025	13	29/09/2025	09	HAE	7,6	0	6,5	0	93,0	0	0,0	0	0,0	0	972,0	0	236,7	ERA5
1067222	29/09/2025	14	29/09/2025	10	HAE	8,2	0	7,1	0	92,0	0	4,0	0	0,0	0	972,0	0	438,0	ERA5
1067223	29/09/2025	15	29/09/2025	11	HAE	9,8	0	7,5	0	85,0	0	8,0	0	320,0	0	972,0	0	625,7	ERA5
1067224	29/09/2025	16	29/09/2025	12	HAE	11,4	0	6,5	0	72,0	0	11,0	0	310,0	0	973,0	0	885,0	ERA5
1067225	29/09/2025	17	29/09/2025	13	HAE	13,2	0	5,6	0	60,0	0	13,0	0	270,0	0	973,0	0	1389,1	ERA5
1067226	29/09/2025	18	29/09/2025	14	HAE	14,8	0	5,6	0	54,0	0	15,0	0	280,0	0	973,0	0	1806,9	ERA5
1067227	29/09/2025	19	29/09/2025	15	HAE	15,7	0	5,1	0	49,0	0	18,0	0	290,0	0	973,0	0	1359,9	ERA5
1067228	29/09/2025	20	29/09/2025	16	HAE	16,2	0	4,7	0	46,0	0	18,0	0	260,0	0	973,0	0	1077,6	ERA5
1067229	29/09/2025	21	29/09/2025	17	HAE	16,1	0	3,6	0	43,0	0	15,0	0	290,0	0	974,0	0	748,9	ERA5
1067230	29/09/2025	22	29/09/2025	18	HAE	14,7	0	3,2	0	46,0	0	11,5	4.lineaire	270,0	4.lineaire	974,0	0	351,4	ERA5
1067231	29/09/2025	23	29/09/2025	19	HAE	12,5	0	4,2	0	57,0	0	8,0	0	250,0	0	974,0	0	45,9	ERA5
1067232	30/09/2025	00	29/09/2025	20	HAE	11,8	0	4,1	0	59,0	0	8,0	0	280,0	0	975,0	0	0,0	ERA5
1067233	30/09/2025	01	29/09/2025	21	HAE	10,5	0	4,2	0	65,0	0	9,0	0	300,0	0	975,0	0	0,0	ERA5
1067234	30/09/2025	02	29/09/2025	22	HAE	9,7	0	3,9	0	67,0	0	9,0	0	300,0	0	975,0	0	0,0	ERA5
1067235	30/09/2025	03	29/09/2025	23	HAE	8,8	0	4,2	0	73,0	0	9,0	0	300,0	0	976,0	0	0,0	ERA5
1067236	30/09/2025	04	30/09/2025	00	HAE	8,0	0	4,1	0	76,0	0	9,0	0	310,0	0	976,0	0	0,0	ERA5
1067237	30/09/2025	05	30/09/2025	01	HAE	7,5	0	4,3	0	80,0	0	21,0	0	310,0	0	976,0	0	0,0	ERA5
1067238	30/09/2025	06	30/09/2025	02	HAE	6,9	0	3,4	0	78,0	0	17,0	0	310,0	0	977,0	0	0,0	ERA5
1067239	30/09/2025	07	30/09/2025	03	HAE	6,4	0	2,8	0	78,0	0	24,0	0	310,0	0	978,0	0	0,0	ERA5
1067240	30/09/2025	08	30/09/2025	04	HAE	5,4	0	0,8	0	72,0	0	24,0	0	310,0	0	978,0	0	0,0	ERA5
1067241	30/09/2025	09	30/09/2025	05	HAE	4,8	0	0,9	0	76,0	0	21,0	0	330,0	0	979,0	0	0,0	ERA5
1067242	30/09/2025	10	30/09/2025	06	HAE	4,5	0	1,1	0	79,0	0	15,0	0	310,0	0	980,0	0	0,0	ERA5
1067243	30/09/2025	11	30/09/2025	07	HAE	4,5	0	1,4	0	80,0	0	21,0	0	320,0	0	981,0	0	0,0	ERA5
1067244	30/09/2025	12	30/09/2025	08	HAE	4,3	0	1,4	0	81,0	0	21,0	0	340,0	0	981,0	0	51,9	ERA5
1067245	30/09/2025	13	30/09/2025	09	HAE	3,8	0	2,0	0	88,0	0	21,0	0	310,0	0	982,0	0	235,0	ERA5
1067246	30/09/2025	14	30/09/2025	10	HAE	5,2	0	1,7	0	78,0	0	13,0	0	320,0	0	982,0	0	393,0	ERA5
1067247	30/09/2025	15	30/09/2025	11	HAE	5,8	0	1,7	0	75,0	0	18,0	0	290,0	0	982,0	0	748,7	ERA5
1067248	30/09/2025	16	30/09/2025	12	HAE	6,5	0	1,8	0	72,0	0	24,0	0	300,0	0	983,0	0	837,8	ERA5
1067249	30/09/2025	17	30/09/2025	13	HAE	7,3	0	2,1	0	70,0	0	18,0	0	340,0	0	983,0	0	1026,6	ERA5
1067250	30/09/2025	18	30/09/2025	14	HAE	7,5	0	1,3	0	65,0	0	18,0	0	300,0	0	983,0	0	1003,9	ERA5
1067251	30/09/2025	19	30/09/2025	15	HAE	8,0	0	2,1	0	66,0	0	17,0	0	270,0	0	982,0	0	727,2	ERA5
1067252	30/09/2025	20	30/09/2025	16	HAE	9,0	0	1,4	0	59,0	0	18,0	0	340,0	0	982,0	0	505,3	ERA5
1067253	30/09/2025	21	30/09/2025	17	HAE	8,5	0	0,5	0	57,0	0	15,0	0	310,0	0	982,0	0	362,7	ERA5
1067254	30/09/2025	22	30/09/2025	18	HAE	8,5	0	0,8	0	58,0	0	17,0	0	320,0	0	982,0	0	138,7	ERA5
1067255	30/09/2025	23	30/09/2025	19	HAE	7,1	0	1,0	0	65,0	0	13,0	0	340,0	0	982,0	0	16,5	ERA5
1067256	01/10/2025	00	30/09/2025	20	HAE	6,4	0	1,1	0	69,0	0	4,0	0	310,0	0	983,0	0	0,0	ERA5
1067257	01/10/2025	01	30/09/2025	21	HAE	5,4	0	1,2	0	74,0	0	11,0	0	340,0	0	983,0	0	0,0	ERA5
1067258	01/10/2025	02	30/09/2025	22	HAE	4,3	0	0,7	0	78,0	0	8,0	0	340,0	0	983,0	0	0,0	ERA5
1067259	01/10/2025	03	30/09/2025	23	HAE	2,6	0	0,3	0	85,0	0	8,0	0	360,0	0	983,0	0	0,0	ERA5
1067260	01/10/2025	04	01/10/2025	00	HAE	1,7	0	-0,4	0	86,0	0	0,0	0	0,0	0	983,0	0	0,0	ERA5
1067261	01/10/2025	05	01/10/2025	01	HAE	2,1	0	0,3	0	88,0	0	5,0	0	340,0	0	983,0	0	0,0	ERA5
1067262	01/10/2025	06	01/10/2025	02	HAE	2,9	0	0,2	4.lineaire	81,0	0	8,0	0	320,0	0	983,0	0	0,0	ERA5
1067263	01/10/2025	07	01/10/2025	03	HAE	2,6	0	0,1	0	84,0	0	5,0	0	340,0	0	983,0	0	0,0	ERA5
1067264	01/10/2025	08	01/10/2025	04	HAE	2,0	0	0,2	0	88,0	0	5,0	0	340,0	0	983,0	0	0,0	ERA5
1067265	01/10/2025	09	01/10/2025	05	HAE	1,6	0	-0,4	0	86,0	0	8,0	0	40,0	0	983,0	0	0,0	ERA5
1067266	01/10/2025	10	01/10/2025	06	HAE	2,0	0	0,3	0	88,0	0	8,0	0	340,0	0	984,0	0	0,0	ERA5
1067267	01/10/2025	11	01/10/2025	07	HAE	1,3	0	-0,6	0	87,0	0	9,0	0	340,0	0	984,0	0	0,0	ERA5
1067268	01/10/2025	12	01/10/2025	08	HAE	3,1	0	-0,3	0	78,0	0	8,0	0	10,0	0	985,0	0	108,8	ERA5
1067269	01/10/2025	13	01/10/2025	09	HAE	3,8	0	-0,1	0	76,0	0	9,0	0	30,0	0	985,0	0	375,6	ERA5
1067270	01/10/2025	14	01/10/2025	10	HAE	4,2	0	-0,8	0	70,0	0	15,0	0	10,0	0	985,0	0	574,7	ERA5
1067271	01/10/2025	15	01/10/2025	11	HAE	5,3	0	-0,8	0	65,0	0	15,0	0	350,0	0	985,0	0	1019,0	ERA5
1067272	01/10/2025	16	01/10/2025	12	HAE	7,0	0	-1,2	0	56,0	0	15,0	0	20,0	0	985,0	0	1085,3	ERA5
1067273	01/10/2025	17	01/10/2025	13	HAE	7,8	0	-2,0	0	50,0	0	11,0	0	350,0	0	985,0	0	1393,7	ERA5
1067274	01/10/2025	18	01/10/2025	14	HAE	8,9	0	-2,1	0	46,0	0	8,0	0	0,0	0	984,0	0	1588,0	ERA5
1067275	01/10/2025	19	01/10/2025	15	HAE	9,7	0	-1,8	0	45,0	0	13,0	0	360,0	0	984,0	0	1551,3	ERA5
1067276	01/10/2025	20	01/10/2025	16	HAE	10,2	0	-1,6	0	44,0	0	9,0	0	60,0	0	984,0	0	1333,3	ERA5
1067277	01/10/2025	21	01/10/2025	17	HAE	9,8	0	-2,0	0	44,0	0	4,0	0	0,0	0	983,0	0	978,7	ERA5
1067278	01/10/2025	22	01/10/2025	18	HAE	9,3	0	-0,8	0	49,0	0	4,0	0	360,0	0	983,0	0	429,2	ERA5
1067279	01/10/2025	23	01/10/2025	19	HAE	5,9	0	0,5	0	68,0	0	5,0	0	50,0	0	984,0	0	42,5	ERA5
1067280	02/10/2025	00	01/10/2025	20	HAE	2,8	0	0,2	0	83,0	0	4,0	0	180,0	0	984,0	0	0,0	ERA5
1067281	02/10/2025	01	01/10/2025	21	HAE	3,7	0	1,2	0	84,0	0	8,0	0	60,0	0	984,0	0	0,0	ERA5
1067282	02/10/2025	02	01/10/2025	22	HAE	3,3	0	2,1	0	92,0	0	0,0	0	0,0	0	984,0	0	0,0	ERA5
1067283	02/10/2025	03	01/10/2025	23	HAE	2,3	0	1,1	0	92,0	0	4,0	0	130,0	0	984,0	0	0,0	ERA5
1067284	02/10/2025	04	02/10/2025	00	HAE	1,2	0	0,6	0	96,0	0	5,0	0	190,0	0	984,0	0	0,0	ERA5
1067285	02/10/2025	05	02/10/2025	01	HAE	1,8	0	0,4	0	91,0	0	0,0	0	0,0	0	984,0	0	0,0	ERA5
1067286	02/10/2025	06	02/10/2025	02	HAE	1,5	0	-0,1	0	89,0	0	4,0	0	0,0	0	984,0	0	0,0	ERA5
1067287	02/10/2025	07	02/10/2025	03	HAE	1,4	0	0,5	0	94,0	0	9,0	0	200,0	0	984,0	0	0,0	ERA5
1067288	02/10/2025	08	02/10/2025	04	HAE	0,2	0	-0,4	0	96,0	0	8,0	0	180,0	0	984,0	0	0,0	ERA5
1067289	02/10/2025	09	02/10/2025	05	HAE	1,3	0	0,8	0	97,0	0	8,0	0	190,0	0	983,0	0	0,0	ERA5
1067290	02/10/2025	10	02/10/2025	06	HAE	0,9	0	0,5	0	97,0	0	9,0	0	180,0	0	984,0	0	0,0	ERA5
1067291	02/10/2025	11	02/10/2025	07	HAE	-0,1	0	-0,7	0	96,0	0	11,0	0	180,0	0	984,0	0	0,0	ERA5
1067292	02/10/2025	12	02/10/2025	08	HAE	2,3	0	1,0	0	91,0	0	11,0	0	190,0	0	983,0	0	153,1	ERA5
1067293	02/10/2025	13	02/10/2025	09	HAE	6,0	0	2,4	0	78,0	0	21,0	0	200,0	0	983,0	0	612,9	ERA5
1067294	02/10/2025	14	02/10/2025	10	HAE	9,5	0	1,9	0	59,0	0	15,0	0	210,0	0	982,0	0	1134,0	ERA5
1067295	02/10/2025	15	02/10/2025	11	HAE	11,6	0	1,2	0	49,0	0	22,0	0	200,0	0	982,0	0	1571,9	ERA5
1067296	02/10/2025	16	02/10/2025	12	HAE	13,5	0	2,2	0	46,0	0	21,0	0	220,0	0	981,0	0	1827,3	ERA5
1067297	02/10/2025	17	02/10/2025	13	HAE	13,7	0	0,8	0	41,0	0	26,0	0	210,0	0	980,0	0	1776,8	ERA5
1067298	02/10/2025	18	02/10/2025	14	HAE	15,5	0	1,0	0	37,0	0	26,0	0	190,0	0	979,0	0	1726,2	ERA5
1067299	02/10/2025	19	02/10/2025	15	HAE	16,2	0	0,8	0	35,0	0	24,0	0	190,0	0	978,0	0	1660,1	ERA5
1067300	02/10/2025	20	02/10/2025	16	HAE	17,2	0	0,2	0	31,0	0	28,0	0	190,0	0	977,0	0	1455,8	ERA5
1067301	02/10/2025	21	02/10/2025	17	HAE	16,8	0	1,0	0	34,0	0	17,0	0	200,0	0	977,0	0	991,7	ERA5
1067302	02/10/2025	22	02/10/2025	18	HAE	15,2	0	1,6	0	40,0	0	18,0	0	190,0	0	976,0	0	432,5	ERA5
1067303	02/10/2025	23	02/10/2025	19	HAE	13,2	0	1,7	0	46,0	0	15,0	0	190,0	0	976,0	0	36,2	ERA5
1067304	03/10/2025	00	02/10/2025	20	HAE	12,0	0	2,2	0	51,0	0	18,0	0	180,0	0	975,0	0	0,0	ERA5
1067305	03/10/2025	01	02/10/2025	21	HAE	11,9	0	2,1	0	51,0	0	21,0	0	200,0	0	975,0	0	0,0	ERA5
1067306	03/10/2025	02	02/10/2025	22	HAE	12,0	0	2,0	0	50,0	0	21,0	0	200,0	0	975,0	0	0,0	ERA5
1067307	03/10/2025	03	02/10/2025	23	HAE	11,5	0	1,8	0	51,0	0	17,0	0	200,0	0	974,0	0	0,0	ERA5
1067308	03/10/2025	04	03/10/2025	00	HAE	11,3	0	1,7	0	51,0	0	22,0	0	200,0	0	974,0	0	0,0	ERA5
1067309	03/10/2025	05	03/10/2025	01	HAE	11,4	0	1,9	0	52,0	0	17,0	0	200,0	0	974,0	0	0,0	ERA5
1067310	03/10/2025	06	03/10/2025	02	HAE	11,2	0	2,0	0	53,0	0	18,0	0	210,0	0	973,0	0	0,0	ERA5
1067311	03/10/2025	07	03/10/2025	03	HAE	10,8	0	2,4	0	56,0	0	13,0	0	210,0	0	973,0	0	0,0	ERA5
1067312	03/10/2025	08	03/10/2025	04	HAE	10,3	0	2,7	0	59,0	0	13,0	0	210,0	0	972,0	0	0,0	ERA5
1067313	03/10/2025	09	03/10/2025	05	HAE	9,9	0	3,2	0	63,0	0	17,0	0	210,0	0	972,0	0	0,0	ERA5
1067314	03/10/2025	10	03/10/2025	06	HAE	9,5	0	3,6	0	67,0	0	13,0	0	210,0	0	972,0	0	0,0	ERA5
1067315	03/10/2025	11	03/10/2025	07	HAE	9,4	0	3,7	0	68,0	0	15,0	0	210,0	0	972,0	0	0,0	ERA5
1067316	03/10/2025	12	03/10/2025	08	HAE	10,2	0	4,0	0	65,0	0	13,0	0	210,0	0	972,0	0	115,5	ERA5
1067317	03/10/2025	13	03/10/2025	09	HAE	11,4	0	4,2	0	61,0	0	13,0	0	220,0	0	972,0	0	511,5	ERA5
1067318	03/10/2025	14	03/10/2025	10	HAE	11,1	0	5,6	0	69,0	0	11,0	0	220,0	0	971,0	0	675,7	ERA5
1067319	03/10/2025	15	03/10/2025	11	HAE	10,4	0	7,2	0	80,0	0	9,0	0	230,0	0	972,0	0	778,7	ERA5
1067320	03/10/2025	16	03/10/2025	12	HAE	9,7	0	7,9	0	89,0	0	18,0	0	220,0	0	972,0	0	770,8	ERA5
1067321	03/10/2025	17	03/10/2025	13	HAE	10,1	0	8,4	0	89,0	0	11,0	0	200,0	0	971,0	0	1289,1	ERA5
1067322	03/10/2025	18	03/10/2025	14	HAE	11,4	0	8,9	0	84,0	0	18,0	0	230,0	0	971,0	0	1312,3	ERA5
1067323	03/10/2025	19	03/10/2025	15	HAE	12,4	0	9,7	0	84,0	0	11,0	0	230,0	0	971,0	0	1002,3	ERA5
1067324	03/10/2025	20	03/10/2025	16	HAE	12,3	0	10,2	0	87,0	0	15,0	0	210,0	0	971,0	0	736,6	ERA5
1067325	03/10/2025	21	03/10/2025	17	HAE	12,4	0	10,4	0	87,0	0	11,0	0	240,0	0	972,0	0	385,2	ERA5
1067326	03/10/2025	22	03/10/2025	18	HAE	12,5	0	10,1	0	85,0	0	9,0	0	230,0	0	972,0	0	116,4	ERA5
1067327	03/10/2025	23	03/10/2025	19	HAE	10,6	0	9,7	0	94,0	0	9,0	0	210,0	0	972,0	0	7,7	ERA5
1067328	04/10/2025	00	03/10/2025	20	HAE	10,3	0	9,4	0	94,0	0	9,0	0	220,0	0	972,0	0	0,0	ERA5
1067329	04/10/2025	01	03/10/2025	21	HAE	10,4	0	9,8	0	96,0	0	8,0	0	240,0	0	973,0	0	0,0	ERA5
1067330	04/10/2025	02	03/10/2025	22	HAE	10,2	0	9,6	0	96,0	0	5,0	0	260,0	0	973,0	0	0,0	ERA5
1067331	04/10/2025	03	03/10/2025	23	HAE	10,3	0	9,7	0	96,0	0	5,0	0	250,0	0	973,0	0	0,0	ERA5
1067332	04/10/2025	04	04/10/2025	00	HAE	10,6	0	9,7	0	94,0	0	8,0	0	280,0	0	973,0	0	0,0	ERA5
1067333	04/10/2025	05	04/10/2025	01	HAE	10,2	0	8,6	0	89,0	0	11,0	0	300,0	0	974,0	0	0,0	ERA5
1067334	04/10/2025	06	04/10/2025	02	HAE	9,3	0	7,9	0	91,0	0	9,0	0	300,0	0	974,0	0	0,0	ERA5
1067335	04/10/2025	07	04/10/2025	03	HAE	8,9	0	7,0	0	88,0	0	13,0	0	310,0	0	975,0	0	0,0	ERA5
1067336	04/10/2025	08	04/10/2025	04	HAE	7,4	0	6,4	0	93,0	0	9,0	0	300,0	0	975,0	0	0,0	ERA5
1067337	04/10/2025	09	04/10/2025	05	HAE	7,7	0	6,2	0	90,0	0	8,0	0	330,0	0	975,0	0	0,0	ERA5
1067338	04/10/2025	10	04/10/2025	06	HAE	7,8	0	6,1	0	89,0	0	8,0	0	330,0	0	976,0	0	0,0	ERA5
1067339	04/10/2025	11	04/10/2025	07	HAE	7,0	0	5,3	0	89,0	0	13,0	0	340,0	0	977,0	0	0,0	ERA5
1067340	04/10/2025	12	04/10/2025	08	HAE	7,0	0	4,8	0	86,0	0	8,0	0	350,0	0	977,0	0	86,1	ERA5
1067341	04/10/2025	13	04/10/2025	09	HAE	7,5	0	5,0	0	84,0	0	8,0	0	10,0	0	978,0	0	412,0	ERA5
1067342	04/10/2025	14	04/10/2025	10	HAE	7,9	0	4,3	0	78,0	0	5,0	0	200,0	0	977,0	0	861,6	ERA5
1067343	04/10/2025	15	04/10/2025	11	HAE	9,5	0	4,8	0	72,0	0	9,0	0	160,0	0	977,0	0	917,2	ERA5
1067344	04/10/2025	16	04/10/2025	12	HAE	11,0	0	5,0	0	67,0	0	5,0	0	190,0	0	977,0	0	1332,7	ERA5
1067345	04/10/2025	17	04/10/2025	13	HAE	11,6	0	5,5	0	66,0	0	5,0	0	180,0	0	977,0	0	1347,8	ERA5
1067346	04/10/2025	18	04/10/2025	14	HAE	13,4	0	5,7	0	59,0	0	13,0	0	170,0	0	976,0	0	1527,6	ERA5
1067347	04/10/2025	19	04/10/2025	15	HAE	13,9	0	6,0	0	59,0	0	8,0	0	150,0	0	975,0	0	1793,8	ERA5
1067348	04/10/2025	20	04/10/2025	16	HAE	14,7	0	6,1	0	56,0	0	17,0	0	140,0	0	975,0	0	1119,0	ERA5
1067349	04/10/2025	21	04/10/2025	17	HAE	14,2	0	6,1	0	58,0	0	15,0	0	150,0	0	974,0	0	447,7	ERA5
1067350	04/10/2025	22	04/10/2025	18	HAE	13,1	0	6,6	0	64,0	0	11,0	0	150,0	0	974,0	0	122,4	ERA5
1067351	04/10/2025	23	04/10/2025	19	HAE	12,2	0	7,1	0	71,0	0	8,0	0	80,0	0	974,0	0	8,9	ERA5
1067352	05/10/2025	00	04/10/2025	20	HAE	12,6	0	7,1	0	69,0	0	13,0	0	150,0	0	973,0	0	0,0	ERA5
1067353	05/10/2025	01	04/10/2025	21	HAE	12,4	0	7,5	0	72,0	0	15,0	0	150,0	0	972,0	0	0,0	ERA5
1067354	05/10/2025	02	04/10/2025	22	HAE	12,8	0	7,5	0	70,0	0	9,0	0	150,0	0	971,0	0	0,0	ERA5
1067355	05/10/2025	03	04/10/2025	23	HAE	13,3	0	7,7	0	69,0	0	17,0	0	170,0	0	971,0	0	0,0	ERA5
1067356	05/10/2025	04	05/10/2025	00	HAE	13,2	0	8,3	0	72,0	0	17,0	0	170,0	0	970,0	0	0,0	ERA5
1067357	05/10/2025	05	05/10/2025	01	HAE	14,3	0	10,2	0	76,0	0	17,0	0	190,0	0	970,0	0	0,0	ERA5
1067358	05/10/2025	06	05/10/2025	02	HAE	15,8	0	11,6	0	76,0	0	17,0	0	190,0	0	970,0	0	0,0	ERA5
1067359	05/10/2025	07	05/10/2025	03	HAE	16,0	0	12,4	0	79,0	0	15,0	0	200,0	0	969,0	0	0,0	ERA5
1067360	05/10/2025	08	05/10/2025	04	HAE	16,1	0	12,8	0	81,0	0	15,0	0	210,0	0	970,0	0	0,0	ERA5
1067361	05/10/2025	09	05/10/2025	05	HAE	15,7	0	13,0	0	84,0	0	13,0	0	210,0	0	969,0	0	0,0	ERA5
1067362	05/10/2025	10	05/10/2025	06	HAE	15,3	0	13,0	0	86,0	0	13,0	0	210,0	0	970,0	0	0,0	ERA5
1067363	05/10/2025	11	05/10/2025	07	HAE	15,1	0	13,2	0	88,0	0	11,0	0	200,0	0	970,0	0	0,0	ERA5
1067364	05/10/2025	12	05/10/2025	08	HAE	16,0	0	13,6	0	85,0	0	18,0	0	200,0	0	970,0	0	123,5	ERA5
1067365	05/10/2025	13	05/10/2025	09	HAE	19,0	0	14,1	0	73,0	0	18,0	0	210,0	0	970,0	0	583,2	ERA5
1067366	05/10/2025	14	05/10/2025	10	HAE	21,5	0	14,6	0	64,0	0	22,0	0	220,0	0	971,0	0	1099,5	ERA5
1067367	05/10/2025	15	05/10/2025	11	HAE	23,3	0	14,9	0	59,0	0	18,0	0	210,0	0	970,0	0	1518,9	ERA5
1067368	05/10/2025	16	05/10/2025	12	HAE	24,7	0	15,1	0	55,0	0	28,0	0	220,0	0	970,0	0	1763,6	ERA5
1067369	05/10/2025	17	05/10/2025	13	HAE	26,3	0	15,8	0	52,0	0	24,0	0	220,0	0	969,0	0	1992,7	ERA5
1067370	05/10/2025	18	05/10/2025	14	HAE	27,5	0	15,7	0	48,0	0	32,0	0	220,0	0	969,0	0	1912,2	ERA5
1067371	05/10/2025	19	05/10/2025	15	HAE	27,5	0	14,7	0	45,0	0	37,0	0	230,0	0	969,0	0	1735,3	ERA5
1067372	05/10/2025	20	05/10/2025	16	HAE	26,6	0	15,0	0	48,0	0	21,0	0	230,0	0	969,0	0	1350,9	ERA5
1067373	05/10/2025	21	05/10/2025	17	HAE	26,2	0	14,7	0	49,0	0	17,0	0	210,0	0	969,0	0	878,1	ERA5
1067374	05/10/2025	22	05/10/2025	18	HAE	24,4	0	14,4	0	53,0	0	17,0	0	210,0	0	969,0	0	349,5	ERA5
1067375	05/10/2025	23	05/10/2025	19	HAE	21,7	0	14,2	0	62,0	0	13,0	0	200,0	0	969,0	0	19,1	ERA5
1067376	06/10/2025	00	05/10/2025	20	HAE	20,3	0	13,6	0	65,0	0	15,0	0	190,0	0	969,0	0	0,0	ERA5
1067377	06/10/2025	01	05/10/2025	21	HAE	19,9	0	13,2	0	65,0	0	15,0	0	190,0	0	969,0	0	0,0	ERA5
1067378	06/10/2025	02	05/10/2025	22	HAE	20,2	0	12,8	0	62,0	0	17,0	0	210,0	0	969,0	0	0,0	ERA5
1067379	06/10/2025	03	05/10/2025	23	HAE	20,3	0	12,9	0	62,0	0	18,0	0	200,0	0	969,0	0	0,0	ERA5
1067380	06/10/2025	04	06/10/2025	00	HAE	19,8	0	12,7	0	63,0	0	17,0	0	200,0	0	969,0	0	0,0	ERA5
1067381	06/10/2025	05	06/10/2025	01	HAE	19,4	0	12,3	0	63,0	0	17,0	0	200,0	0	969,0	0	0,0	ERA5
1067382	06/10/2025	06	06/10/2025	02	HAE	19,1	0	12,2	0	64,0	0	17,0	0	200,0	0	968,0	0	0,0	ERA5
1067383	06/10/2025	07	06/10/2025	03	HAE	18,5	0	12,1	0	66,0	0	21,0	0	200,0	0	968,0	0	0,0	ERA5
1067384	06/10/2025	08	06/10/2025	04	HAE	18,1	0	12,2	0	68,0	0	21,0	0	200,0	0	968,0	0	0,0	ERA5
1067385	06/10/2025	09	06/10/2025	05	HAE	17,6	0	12,2	0	70,0	0	21,0	0	200,0	0	968,0	0	0,0	ERA5
1067386	06/10/2025	10	06/10/2025	06	HAE	17,7	0	12,2	0	70,0	0	24,0	0	200,0	0	968,0	0	0,0	ERA5
1067387	06/10/2025	11	06/10/2025	07	HAE	17,4	0	12,2	0	71,0	0	21,0	0	200,0	0	967,0	0	0,0	ERA5
1067388	06/10/2025	12	06/10/2025	08	HAE	17,8	0	12,5	0	71,0	0	22,0	0	200,0	0	967,0	0	115,6	ERA5
1067389	06/10/2025	13	06/10/2025	09	HAE	19,5	0	12,6	0	64,0	0	22,0	0	210,0	0	967,0	0	601,1	ERA5
1067390	06/10/2025	14	06/10/2025	10	HAE	21,2	0	12,5	0	57,0	0	28,0	0	200,0	0	967,0	0	1132,4	ERA5
1067391	06/10/2025	15	06/10/2025	11	HAE	22,4	0	12,7	0	54,0	0	28,0	0	230,0	0	966,0	0	1578,9	ERA5
1067392	06/10/2025	16	06/10/2025	12	HAE	23,4	0	13,0	0	51,0	0	26,0	0	220,0	0	966,0	0	1896,5	ERA5
1067393	06/10/2025	17	06/10/2025	13	HAE	24,7	0	13,0	0	48,0	0	35,0	0	210,0	0	966,0	0	1849,8	ERA5
1067394	06/10/2025	18	06/10/2025	14	HAE	24,1	0	13,0	0	50,0	0	34,0	0	220,0	0	965,0	0	1418,9	ERA5
1067395	06/10/2025	19	06/10/2025	15	HAE	24,0	0	13,1	0	50,0	0	28,0	0	220,0	0	965,0	0	1191,3	ERA5
1067396	06/10/2025	20	06/10/2025	16	HAE	23,8	0	12,9	0	50,0	0	32,0	0	230,0	0	965,0	0	660,1	ERA5
1067397	06/10/2025	21	06/10/2025	17	HAE	17,0	0	15,0	0	88,0	0	15,0	0	310,0	0	966,0	0	304,9	ERA5
1067398	06/10/2025	22	06/10/2025	18	HAE	16,1	0	15,0	0	93,0	0	9,0	0	300,0	0	967,0	0	68,9	ERA5
1067399	06/10/2025	23	06/10/2025	19	HAE	12,8	0	12,2	0	96,0	0	13,0	0	290,0	0	968,0	0	2,0	ERA5
1067400	07/10/2025	00	06/10/2025	20	HAE	10,9	0	10,1	0	95,0	0	13,0	0	320,0	0	969,0	0	0,0	ERA5
1067401	07/10/2025	01	06/10/2025	21	HAE	9,3	0	8,9	0	97,0	0	9,0	0	300,0	0	969,0	0	0,0	ERA5
1067402	07/10/2025	02	06/10/2025	22	HAE	9,1	0	8,7	0	97,0	0	9,0	0	340,0	0	970,0	0	0,0	ERA5
1067403	07/10/2025	03	06/10/2025	23	HAE	8,6	0	8,2	0	97,0	0	5,0	0	350,0	0	969,0	0	0,0	ERA5
1067404	07/10/2025	04	07/10/2025	00	HAE	8,2	0	7,8	0	97,0	0	13,0	0	340,0	0	969,0	0	0,0	ERA5
1067405	07/10/2025	05	07/10/2025	01	HAE	6,9	0	6,5	0	97,0	0	13,0	0	320,0	0	969,0	0	0,0	ERA5
1067406	07/10/2025	06	07/10/2025	02	HAE	6,9	0	6,3	0	96,0	0	9,0	0	350,0	0	969,0	0	0,0	ERA5
1067407	07/10/2025	07	07/10/2025	03	HAE	6,6	0	6,0	0	96,0	0	8,0	0	340,0	0	969,0	0	0,0	ERA5
1067408	07/10/2025	08	07/10/2025	04	HAE	6,5	0	5,8	0	95,0	0	8,0	0	310,0	0	969,0	0	0,0	ERA5
1067409	07/10/2025	09	07/10/2025	05	HAE	6,2	0	5,5	0	95,0	0	8,0	0	340,0	0	969,0	0	0,0	ERA5
1067410	07/10/2025	10	07/10/2025	06	HAE	5,8	0	5,2	0	96,0	0	8,0	0	340,0	0	968,0	0	0,0	ERA5
1067411	07/10/2025	11	07/10/2025	07	HAE	5,8	0	5,5	0	98,0	0	5,0	0	320,0	0	968,0	0	0,0	ERA5
1067412	07/10/2025	12	07/10/2025	08	HAE	5,9	0	5,8	0	99,0	0	8,0	0	320,0	0	968,0	0	44,8	ERA5
1067413	07/10/2025	13	07/10/2025	09	HAE	6,3	0	6,0	0	98,0	0	5,0	0	320,0	0	968,0	0	232,9	ERA5
1067414	07/10/2025	14	07/10/2025	10	HAE	7,1	0	5,9	0	92,0	0	8,0	0	350,0	0	967,0	0	443,0	ERA5
1067415	07/10/2025	15	07/10/2025	11	HAE	7,8	0	5,2	0	84,0	0	9,0	0	320,0	0	967,0	0	481,5	ERA5
1067416	07/10/2025	16	07/10/2025	12	HAE	7,7	0	5,4	0	85,0	0	9,0	0	300,0	0	967,0	0	809,6	ERA5
1067417	07/10/2025	17	07/10/2025	13	HAE	9,4	0	4,0	0	69,0	0	13,0	0	330,0	0	966,0	0	1026,6	ERA5
1067418	07/10/2025	18	07/10/2025	14	HAE	9,5	0	2,4	0	61,0	0	11,0	0	290,0	0	966,0	0	1277,3	ERA5
1067419	07/10/2025	19	07/10/2025	15	HAE	9,8	0	2,8	0	62,0	0	8,0	0	290,0	0	966,0	0	840,8	ERA5
1067420	07/10/2025	20	07/10/2025	16	HAE	10,1	0	3,1	0	62,0	0	13,0	0	310,0	0	966,0	0	835,5	ERA5
1067421	07/10/2025	21	07/10/2025	17	HAE	9,8	0	3,3	0	64,0	0	4,0	0	0,0	0	966,0	0	479,5	ERA5
1067422	07/10/2025	22	07/10/2025	18	HAE	10,0	0	2,8	0	61,0	0	4,0	0	280,0	0	966,0	0	195,4	ERA5
1067423	07/10/2025	23	07/10/2025	19	HAE	5,1	0	3,1	0	87,0	0	4,0	0	240,0	0	966,0	0	9,9	ERA5
1067424	08/10/2025	00	07/10/2025	20	HAE	4,9	0	3,4	0	90,0	0	0,0	0	0,0	0	966,0	0	0,0	ERA5
1067425	08/10/2025	01	07/10/2025	21	HAE	6,4	0	5,4	0	93,0	0	9,0	0	300,0	0	968,0	0	0,0	ERA5
1067426	08/10/2025	02	07/10/2025	22	HAE	6,3	0	5,4	0	94,0	0	4,0	0	330,0	0	967,0	0	0,0	ERA5
1067427	08/10/2025	03	07/10/2025	23	HAE	5,9	0	5,3	0	96,0	0	5,0	0	320,0	0	968,0	0	0,0	ERA5
1067428	08/10/2025	04	08/10/2025	00	HAE	5,9	0	5,2	0	95,0	0	8,0	0	310,0	0	968,0	0	0,0	ERA5
1067429	08/10/2025	05	08/10/2025	01	HAE	5,3	0	4,1	0	92,0	0	13,0	0	340,0	0	969,0	0	0,0	ERA5
1067430	08/10/2025	06	08/10/2025	02	HAE	3,9	0	3,0	0	94,0	0	13,0	0	320,0	0	969,0	0	0,0	ERA5
1067431	08/10/2025	07	08/10/2025	03	HAE	3,2	0	2,6	0	96,0	0	11,0	0	300,0	0	970,0	0	0,0	ERA5
1067432	08/10/2025	08	08/10/2025	04	HAE	2,5	0	1,9	0	96,0	0	9,0	0	310,0	0	971,0	0	0,0	ERA5
1067433	08/10/2025	09	08/10/2025	05	HAE	2,5	0	1,9	0	96,0	0	9,0	0	290,0	0	971,0	0	0,0	ERA5
1067434	08/10/2025	10	08/10/2025	06	HAE	3,0	0	2,3	0	95,0	0	11,0	0	310,0	0	972,0	0	0,0	ERA5
1067435	08/10/2025	11	08/10/2025	07	HAE	2,4	0	0,5	0	87,0	0	18,0	0	320,0	0	973,0	0	0,0	ERA5
1067436	08/10/2025	12	08/10/2025	08	HAE	1,4	0	-1,2	0	83,0	0	18,0	0	320,0	0	975,0	0	83,6	ERA5
1067437	08/10/2025	13	08/10/2025	09	HAE	1,9	0	-0,9	0	82,0	0	17,0	0	320,0	0	975,0	0	413,5	ERA5
1067438	08/10/2025	14	08/10/2025	10	HAE	3,4	0	-1,6	0	70,0	0	15,0	0	310,0	0	976,0	0	964,3	ERA5
1067439	08/10/2025	15	08/10/2025	11	HAE	3,9	0	-2,1	0	65,0	0	22,0	0	320,0	0	976,0	0	1499,2	ERA5
1067440	08/10/2025	16	08/10/2025	12	HAE	4,4	0	-3,7	0	56,0	0	21,0	0	310,0	0	976,0	0	1553,5	ERA5
1067441	08/10/2025	17	08/10/2025	13	HAE	4,4	0	-3,0	0	59,0	0	17,0	0	300,0	0	977,0	0	1639,7	ERA5
1067442	08/10/2025	18	08/10/2025	14	HAE	4,4	0	-4,0	0	55,0	0	18,0	0	290,0	0	976,0	0	1432,7	ERA5
1067443	08/10/2025	19	08/10/2025	15	HAE	4,5	0	-3,0	0	58,0	0	22,0	0	310,0	0	977,0	0	1511,2	ERA5
1067444	08/10/2025	20	08/10/2025	16	HAE	4,3	0	-1,2	0	67,0	0	22,0	0	280,0	0	977,0	0	1069,4	ERA5
1067445	08/10/2025	21	08/10/2025	17	HAE	4,0	0	-1,3	0	68,0	0	18,0	0	290,0	0	977,0	0	756,0	ERA5
1067446	08/10/2025	22	08/10/2025	18	HAE	2,2	0	-0,7	0	81,0	0	13,0	0	310,0	0	978,0	0	280,9	ERA5
1067447	08/10/2025	23	08/10/2025	19	HAE	1,9	0	-0,3	0	85,0	0	11,0	0	270,0	0	979,0	0	9,5	ERA5
1067448	09/10/2025	00	08/10/2025	20	HAE	1,2	0	0,2	0	93,0	0	8,0	0	290,0	0	979,0	0	0,0	ERA5
1067449	09/10/2025	01	08/10/2025	21	HAE	0,9	0	-0,7	0	89,0	0	17,0	0	300,0	0	980,0	0	0,0	ERA5
1067450	09/10/2025	02	08/10/2025	22	HAE	0,4	0	-0,9	0	91,0	0	9,0	0	300,0	0	980,0	0	0,0	ERA5
1067451	09/10/2025	03	08/10/2025	23	HAE	0,5	0	-0,5	0	93,0	0	8,0	0	300,0	0	981,0	0	0,0	ERA5
1067452	09/10/2025	04	09/10/2025	00	HAE	0,4	0	-0,8	0	92,0	0	13,0	0	300,0	0	981,0	0	0,0	ERA5
1067453	09/10/2025	05	09/10/2025	01	HAE	0,4	0	-0,9	0	91,0	0	13,0	0	310,0	0	981,0	0	0,0	ERA5
1067454	09/10/2025	06	09/10/2025	02	HAE	-0,1	0	-1,3	0	92,0	0	13,0	0	310,0	0	982,0	0	0,0	ERA5
1067455	09/10/2025	07	09/10/2025	03	HAE	0,2	0	-1,3	0	90,0	0	15,0	0	310,0	0	982,0	0	0,0	ERA5
1067456	09/10/2025	08	09/10/2025	04	HAE	0,1	0	-1,5	0	89,0	0	13,0	0	310,0	0	982,0	0	0,0	ERA5
1067457	09/10/2025	09	09/10/2025	05	HAE	0,0	4.lineaire	-1,5	0	90,0	0	15,0	0	310,0	0	983,0	0	0,0	ERA5
1067458	09/10/2025	10	09/10/2025	06	HAE	-0,1	0	-1,5	0	90,0	0	18,0	0	310,0	0	984,0	0	0,0	ERA5
1067459	09/10/2025	11	09/10/2025	07	HAE	-0,3	0	-1,7	0	90,0	0	13,0	0	290,0	0	984,0	0	0,0	ERA5
1067460	09/10/2025	12	09/10/2025	08	HAE	0,05	4.lineaire	-1,6	0	89,0	0	13,0	0	290,0	0	985,0	0	67,5	ERA5
1067461	09/10/2025	13	09/10/2025	09	HAE	0,4	0	-1,5	0	87,0	0	13,0	0	290,0	0	986,0	0	378,3	ERA5
1067462	09/10/2025	14	09/10/2025	10	HAE	2,0	0	-1,1	0	80,0	0	13,0	0	320,0	0	986,0	0	613,8	ERA5
1067463	09/10/2025	15	09/10/2025	11	HAE	2,9	0	-0,1	0	81,0	0	17,0	0	320,0	0	986,0	0	900,0	ERA5
1067464	09/10/2025	16	09/10/2025	12	HAE	3,2	0	0,3	0	81,0	0	18,0	0	300,0	0	986,0	0	1016,3	ERA5
1067465	09/10/2025	17	09/10/2025	13	HAE	4,7	0	-0,1	0	71,0	0	5,0	0	0,0	0	985,0	0	842,6	ERA5
1067466	09/10/2025	18	09/10/2025	14	HAE	4,5	0	-2,0	0	63,0	0	15,0	0	270,0	0	985,0	0	897,4	ERA5
1067467	09/10/2025	19	09/10/2025	15	HAE	6,1	0	-2,0	0	56,0	0	13,0	0	320,0	0	984,0	0	953,2	ERA5
1067468	09/10/2025	20	09/10/2025	16	HAE	6,9	0	-3,2	0	49,0	0	17,0	0	240,0	0	983,0	0	875,8	ERA5
1067469	09/10/2025	21	09/10/2025	17	HAE	6,4	0	-3,3	0	50,0	0	15,0	0	260,0	0	983,0	0	662,0	ERA5
1067470	09/10/2025	22	09/10/2025	18	HAE	5,0	0	-3,5	0	54,0	0	13,0	0	230,0	0	982,0	0	254,4	ERA5
1067471	09/10/2025	23	09/10/2025	19	HAE	3,2	0	-3,2	0	63,0	0	9,0	0	230,0	0	982,0	0	7,3	ERA5
1067472	10/10/2025	00	09/10/2025	20	HAE	1,2	0	-3,1	0	73,0	0	11,0	0	210,0	0	982,0	0	0,0	ERA5
1067473	10/10/2025	01	09/10/2025	21	HAE	0,4	0	-3,2	0	77,0	0	9,0	0	210,0	0	981,0	0	0,0	ERA5
1067474	10/10/2025	02	09/10/2025	22	HAE	-0,2	0	-2,1	0	87,0	0	8,0	0	190,0	0	982,0	0	0,0	ERA5
1067475	10/10/2025	03	09/10/2025	23	HAE	-0,8	0	-2,7	0	87,0	0	9,0	0	200,0	0	981,0	0	0,0	ERA5
1067476	10/10/2025	04	10/10/2025	00	HAE	-0,3	0	-2,7	0	84,0	0	5,0	0	200,0	0	981,0	0	0,0	ERA5
1067477	10/10/2025	05	10/10/2025	01	HAE	0,1	0	-2,3	0	84,0	0	11,0	0	200,0	0	980,0	0	0,0	ERA5
1067478	10/10/2025	06	10/10/2025	02	HAE	1,0	0	-1,6	0	83,0	0	8,0	0	210,0	0	980,0	0	0,0	ERA5
1067479	10/10/2025	07	10/10/2025	03	HAE	2,2	0	-1,2	0	78,0	0	13,0	0	210,0	0	979,0	0	0,0	ERA5
1067480	10/10/2025	08	10/10/2025	04	HAE	1,9	0	-1,4	0	79,0	0	13,0	0	200,0	0	979,0	0	0,0	ERA5
1067481	10/10/2025	09	10/10/2025	05	HAE	1,8	0	-1,5	0	79,0	0	15,0	0	200,0	0	979,0	0	0,0	ERA5
1067482	10/10/2025	10	10/10/2025	06	HAE	1,8	0	-1,5	0	79,0	0	11,0	0	200,0	0	979,0	0	0,0	ERA5
1067483	10/10/2025	11	10/10/2025	07	HAE	1,8	0	-1,3	0	80,0	0	15,0	0	200,0	0	978,0	0	0,0	ERA5
1067484	10/10/2025	12	10/10/2025	08	HAE	2,5	0	-0,3	0	82,0	0	15,0	0	210,0	0	978,0	0	79,0	ERA5
1067485	10/10/2025	13	10/10/2025	09	HAE	4,9	0	0,1	0	71,0	0	21,0	0	220,0	0	977,0	0	456,3	ERA5
1067486	10/10/2025	14	10/10/2025	10	HAE	6,5	0	0,7	0	66,0	0	26,0	0	210,0	0	976,0	0	1001,0	ERA5
1067487	10/10/2025	15	10/10/2025	11	HAE	8,1	0	1,3	0	62,0	0	32,0	0	210,0	0	976,0	0	1424,9	ERA5
1067488	10/10/2025	16	10/10/2025	12	HAE	9,7	0	1,9	0	58,0	0	32,0	0	200,0	0	975,0	0	1692,0	ERA5
1067489	10/10/2025	17	10/10/2025	13	HAE	10,5	0	1,6	0	54,0	0	30,0	0	220,0	0	974,0	0	1782,5	ERA5
1067490	10/10/2025	18	10/10/2025	14	HAE	11,5	0	1,1	0	49,0	0	26,0	0	200,0	0	973,0	0	1605,3	ERA5
1067491	10/10/2025	19	10/10/2025	15	HAE	11,5	0	1,5	0	50,0	0	28,0	0	190,0	0	972,0	0	1531,0	ERA5
1067492	10/10/2025	20	10/10/2025	16	HAE	11,2	0	1,5	0	51,0	0	22,0	0	200,0	0	972,0	0	1237,8	ERA5
1067493	10/10/2025	21	10/10/2025	17	HAE	10,8	0	1,4	0	52,0	0	22,0	0	210,0	0	972,0	0	692,8	ERA5
1067494	10/10/2025	22	10/10/2025	18	HAE	9,8	0	1,7	0	57,0	0	17,0	0	200,0	0	972,0	0	239,1	ERA5
1067495	10/10/2025	23	10/10/2025	19	HAE	9,5	0	1,5	0	57,0	0	17,0	0	210,0	0	972,0	0	3,1	ERA5
1067496	11/10/2025	00	10/10/2025	20	HAE	7,4	0	1,5	0	66,0	0	11,0	0	210,0	0	972,0	0	0,0	ERA5
1067497	11/10/2025	01	10/10/2025	21	HAE	7,6	0	2,1	0	68,0	0	13,0	0	210,0	0	972,0	0	0,0	ERA5
1067498	11/10/2025	02	10/10/2025	22	HAE	7,6	0	2,3	0	69,0	0	17,0	0	210,0	0	971,0	0	0,0	ERA5
1067499	11/10/2025	03	10/10/2025	23	HAE	7,9	0	2,7	0	70,0	0	17,0	0	210,0	0	971,0	0	0,0	ERA5
1067500	11/10/2025	04	11/10/2025	00	HAE	7,8	0	2,9	0	71,0	0	13,0	0	220,0	0	971,0	0	0,0	ERA5
1067501	11/10/2025	05	11/10/2025	01	HAE	7,9	0	3,4	0	73,0	0	13,0	0	230,0	0	972,0	0	0,0	ERA5
1067502	11/10/2025	06	11/10/2025	02	HAE	8,0	0	3,9	0	75,0	0	18,0	0	220,0	0	972,0	0	0,0	ERA5
1067503	11/10/2025	07	11/10/2025	03	HAE	8,1	0	4,5	0	78,0	0	17,0	0	230,0	0	972,0	0	0,0	ERA5
1067504	11/10/2025	08	11/10/2025	04	HAE	7,9	0	5,4	0	84,0	0	13,0	0	240,0	0	972,0	0	0,0	ERA5
1067505	11/10/2025	09	11/10/2025	05	HAE	8,1	0	5,4	0	83,0	0	9,0	0	260,0	0	972,0	0	0,0	ERA5
1067506	11/10/2025	10	11/10/2025	06	HAE	8,1	0	5,9	0	86,0	0	13,0	0	260,0	0	973,0	0	0,0	ERA5
1067507	11/10/2025	11	11/10/2025	07	HAE	8,1	0	6,4	0	89,0	0	9,0	0	260,0	0	973,0	0	0,0	ERA5
1067508	11/10/2025	12	11/10/2025	08	HAE	7,4	0	6,0	0	91,0	0	13,0	0	310,0	0	974,0	0	13,2	ERA5
1067509	11/10/2025	13	11/10/2025	09	HAE	6,4	0	5,7	0	95,0	0	15,0	0	320,0	0	976,0	0	97,0	ERA5
1067510	11/10/2025	14	11/10/2025	10	HAE	6,0	0	4,1	0	88,0	0	17,0	0	330,0	0	977,0	0	320,6	ERA5
1067511	11/10/2025	15	11/10/2025	11	HAE	6,9	0	2,3	0	72,0	0	17,0	0	330,0	0	978,0	0	568,4	ERA5
1067512	11/10/2025	16	11/10/2025	12	HAE	8,3	0	1,7	0	63,0	0	13,0	0	320,0	0	978,0	0	1003,8	ERA5
1067513	11/10/2025	17	11/10/2025	13	HAE	9,1	0	1,7	0	60,0	0	15,0	0	300,0	0	978,0	0	1193,3	ERA5
1067514	11/10/2025	18	11/10/2025	14	HAE	10,0	0	0,4	0	51,0	0	11,0	0	330,0	0	978,0	0	1568,6	ERA5
1067515	11/10/2025	19	11/10/2025	15	HAE	10,3	0	-0,45	4.lineaire	49,0	0	11,0	0	290,0	0	978,0	0	1557,4	ERA5
1067516	11/10/2025	20	11/10/2025	16	HAE	10,1	0	-1,3	0	45,0	0	8,0	0	300,0	0	979,0	0	1299,0	ERA5
1067517	11/10/2025	21	11/10/2025	17	HAE	9,9	0	-1,2	0	46,0	0	8,0	0	340,0	0	979,0	0	797,8	ERA5
1067518	11/10/2025	22	11/10/2025	18	HAE	8,9	0	-0,9	0	50,0	0	5,0	0	300,0	0	979,0	0	276,7	ERA5
1067519	11/10/2025	23	11/10/2025	19	HAE	5,2	0	0,9	0	74,0	0	8,0	0	340,0	0	980,0	0	3,2	ERA5
1067520	12/10/2025	00	11/10/2025	20	HAE	5,0	0	0,2	0	71,0	0	11,0	0	10,0	0	980,0	0	0,0	ERA5
1067521	12/10/2025	01	11/10/2025	21	HAE	3,2	0	0,4	0	82,0	0	8,0	0	30,0	0	981,0	0	0,0	ERA5
1067522	12/10/2025	02	11/10/2025	22	HAE	3,0	0	1,1	0	87,0	0	4,0	0	140,0	0	981,0	0	0,0	ERA5
1067523	12/10/2025	03	11/10/2025	23	HAE	2,6	0	0,15	4.lineaire	83,0	0	9,0	0	100,0	0	981,0	0	0,0	ERA5
1067524	12/10/2025	04	12/10/2025	00	HAE	1,5	0	-0,8	0	84,0	0	8,0	0	90,0	0	981,0	0	0,0	ERA5
1067525	12/10/2025	05	12/10/2025	01	HAE	1,2	0	-1,2	0	84,0	0	9,0	0	90,0	0	981,0	0	0,0	ERA5
1067526	12/10/2025	06	12/10/2025	02	HAE	1,0	0	-0,9	0	87,0	0	4,0	0	90,0	0	981,0	0	0,0	ERA5
1067527	12/10/2025	07	12/10/2025	03	HAE	0,5	0	-1,2	0	88,0	0	4,0	0	80,0	0	981,0	0	0,0	ERA5
1067528	12/10/2025	08	12/10/2025	04	HAE	0,7	0	-1,0	0	88,0	0	8,0	0	90,0	0	981,0	0	0,0	ERA5
1067529	12/10/2025	09	12/10/2025	05	HAE	0,5	0	-1,5	0	87,0	0	9,0	0	110,0	0	982,0	0	0,0	ERA5
1067530	12/10/2025	10	12/10/2025	06	HAE	1,4	0	-0,9	0	85,0	0	5,0	0	140,0	0	982,0	0	0,0	ERA5
1067531	12/10/2025	11	12/10/2025	07	HAE	1,1	0	-1,0	0	86,0	0	8,0	0	110,0	0	982,0	0	0,0	ERA5
1067532	12/10/2025	12	12/10/2025	08	HAE	1,2	0	-0,6	0	88,0	0	11,0	0	120,0	0	982,0	0	75,6	ERA5
1067533	12/10/2025	13	12/10/2025	09	HAE	4,2	0	0,3	0	76,0	0	9,0	0	130,0	0	982,0	0	518,8	ERA5
1067534	12/10/2025	14	12/10/2025	10	HAE	6,9	0	1,4	0	68,0	0	11,0	0	150,0	0	982,0	0	1049,6	ERA5
1067535	12/10/2025	15	12/10/2025	11	HAE	10,0	0	2,8	0	61,0	0	11,0	0	130,0	0	982,0	0	1478,7	ERA5
1067536	12/10/2025	16	12/10/2025	12	HAE	12,1	0	3,8	0	57,0	0	9,0	0	130,0	0	982,0	0	1788,0	ERA5
1067537	12/10/2025	17	12/10/2025	13	HAE	13,9	0	4,6	0	53,0	0	13,0	0	140,0	0	982,0	0	1937,5	ERA5
1067538	12/10/2025	18	12/10/2025	14	HAE	15,2	0	5,0	0	50,0	0	11,0	0	150,0	0	981,0	0	1870,0	ERA5
1067539	12/10/2025	19	12/10/2025	15	HAE	15,4	0	4,7	0	49,0	0	17,0	0	160,0	0	981,0	0	1662,5	ERA5
1067540	12/10/2025	20	12/10/2025	16	HAE	15,8	0	4,9	0	48,0	0	13,0	0	150,0	0	980,0	0	1272,3	ERA5
1067541	12/10/2025	21	12/10/2025	17	HAE	15,4	0	5,4	0	51,0	0	13,0	0	130,0	0	980,0	0	770,3	ERA5
1067542	12/10/2025	22	12/10/2025	18	HAE	13,5	0	5,2	0	57,0	0	13,0	0	120,0	0	979,0	0	248,8	ERA5
1067543	12/10/2025	23	12/10/2025	19	HAE	11,3	0	4,8	0	64,0	0	9,0	0	110,0	0	980,0	0	1,9	ERA5
1067544	13/10/2025	00	12/10/2025	20	HAE	10,1	0	4,2	0	67,0	0	13,0	0	120,0	0	980,0	0	0,0	ERA5
1067545	13/10/2025	01	12/10/2025	21	HAE	8,9	0	3,6	0	69,0	0	11,0	0	130,0	0	980,0	0	0,0	ERA5
1067546	13/10/2025	02	12/10/2025	22	HAE	8,0	0	2,1	0	66,0	0	15,0	0	140,0	0	980,0	0	0,0	ERA5
1067547	13/10/2025	03	12/10/2025	23	HAE	7,0	0	1,5	0	68,0	0	11,0	0	140,0	0	980,0	0	0,0	ERA5
1067548	13/10/2025	04	13/10/2025	00	HAE	6,0	0	1,0	0	70,0	0	13,0	0	120,0	0	980,0	0	0,0	ERA5
1067549	13/10/2025	05	13/10/2025	01	HAE	5,8	0	1,2	0	72,0	0	13,0	0	130,0	0	980,0	0	0,0	ERA5
1067550	13/10/2025	06	13/10/2025	02	HAE	5,4	0	1,7	0	77,0	0	13,0	0	140,0	0	980,0	0	0,0	ERA5
1067551	13/10/2025	07	13/10/2025	03	HAE	5,2	0	2,0	0	80,0	0	13,0	0	140,0	0	980,0	0	0,0	ERA5
1067552	13/10/2025	08	13/10/2025	04	HAE	4,6	0	2,0	0	83,0	0	9,0	0	130,0	0	980,0	0	0,0	ERA5
1067553	13/10/2025	09	13/10/2025	05	HAE	4,3	0	1,8	0	84,0	0	9,0	0	130,0	0	980,0	0	0,0	ERA5
1067554	13/10/2025	10	13/10/2025	06	HAE	4,2	0	2,1	0	86,0	0	13,0	0	140,0	0	980,0	0	0,0	ERA5
1067555	13/10/2025	11	13/10/2025	07	HAE	3,8	0	2,0	0	88,0	0	11,0	0	140,0	0	980,0	0	0,0	ERA5
1067556	13/10/2025	12	13/10/2025	08	HAE	4,5	0	2,5	0	87,0	0	9,0	0	140,0	0	980,0	0	68,6	ERA5
1067557	13/10/2025	13	13/10/2025	09	HAE	7,3	0	3,8	0	78,0	0	13,0	0	160,0	0	980,0	0	507,6	ERA5
1067558	13/10/2025	14	13/10/2025	10	HAE	10,5	0	4,7	0	67,0	0	17,0	0	170,0	0	980,0	0	1037,5	ERA5
1067559	13/10/2025	15	13/10/2025	11	HAE	13,1	0	5,1	0	58,0	0	21,0	0	180,0	0	980,0	0	1488,5	ERA5
1067560	13/10/2025	16	13/10/2025	12	HAE	14,8	0	5,3	0	53,0	0	18,0	0	180,0	0	980,0	0	1800,1	ERA5
1067561	13/10/2025	17	13/10/2025	13	HAE	16,3	0	5,1	0	47,0	0	22,0	0	160,0	0	979,0	0	1939,0	ERA5
1067562	13/10/2025	18	13/10/2025	14	HAE	16,6	0	5,1	0	46,0	0	21,0	0	170,0	0	978,0	0	1891,3	ERA5
1067563	13/10/2025	19	13/10/2025	15	HAE	16,9	0	3,7	0	41,0	0	15,0	0	150,0	0	978,0	0	1656,9	ERA5
1067564	13/10/2025	20	13/10/2025	16	HAE	16,7	0	0,7	0	34,0	0	21,0	0	160,0	0	977,0	0	1267,2	ERA5
1067565	13/10/2025	21	13/10/2025	17	HAE	15,9	0	0,1	0	34,0	0	15,0	0	150,0	0	977,0	0	762,6	ERA5
1067566	13/10/2025	22	13/10/2025	18	HAE	13,8	0	0,5	0	40,0	0	11,0	0	150,0	0	976,0	0	238,0	ERA5
1067567	13/10/2025	23	13/10/2025	19	HAE	12,0	0	0,8	0	46,0	0	13,0	0	140,0	0	976,0	0	1,0	ERA5
1067568	14/10/2025	00	13/10/2025	20	HAE	9,6	0	1,0	0	55,0	0	8,0	0	160,0	0	976,0	0	0,0	ERA5
1067569	14/10/2025	01	13/10/2025	21	HAE	9,3	0	1,5	0	58,0	0	4,0	0	140,0	0	976,0	0	0,0	ERA5
1067570	14/10/2025	02	13/10/2025	22	HAE	8,6	0	1,1	0	59,0	0	8,0	0	140,0	0	976,0	0	0,0	ERA5
1067571	14/10/2025	03	13/10/2025	23	HAE	9,4	0	0,8	0	55,0	0	11,0	0	170,0	0	975,0	0	0,0	ERA5
1067572	14/10/2025	04	14/10/2025	00	HAE	8,5	0	0,5	0	57,0	0	11,0	0	180,0	0	975,0	0	0,0	ERA5
1067573	14/10/2025	05	14/10/2025	01	HAE	8,1	0	0,8	0	60,0	0	8,0	0	170,0	0	975,0	0	0,0	ERA5
1067574	14/10/2025	06	14/10/2025	02	HAE	8,7	0	1,6	0	61,0	0	11,0	0	160,0	0	974,0	0	0,0	ERA5
1067575	14/10/2025	07	14/10/2025	03	HAE	9,0	0	1,7	0	60,0	0	9,0	0	180,0	0	974,0	0	0,0	ERA5
1067576	14/10/2025	08	14/10/2025	04	HAE	8,6	0	2,1	0	64,0	0	9,0	0	170,0	0	974,0	0	0,0	ERA5
1067577	14/10/2025	09	14/10/2025	05	HAE	7,9	0	2,4	0	68,0	0	11,0	0	180,0	0	973,0	0	0,0	ERA5
1067578	14/10/2025	10	14/10/2025	06	HAE	9,0	0	3,0	0	66,0	0	11,0	0	190,0	0	973,0	0	0,0	ERA5
1067579	14/10/2025	11	14/10/2025	07	HAE	8,2	0	3,5	0	72,0	0	11,0	0	190,0	0	973,0	0	0,0	ERA5
1067580	14/10/2025	12	14/10/2025	08	HAE	9,2	0	4,2	0	71,0	0	11,0	0	200,0	0	973,0	0	48,9	ERA5
1067581	14/10/2025	13	14/10/2025	09	HAE	11,9	0	5,5	0	65,0	0	15,0	0	210,0	0	973,0	0	341,7	ERA5
1067582	14/10/2025	14	14/10/2025	10	HAE	12,4	0	6,7	0	68,0	0	15,0	0	220,0	0	973,0	0	724,0	ERA5
1067583	14/10/2025	15	14/10/2025	11	HAE	12,3	0	7,3	0	71,0	0	13,0	0	240,0	0	972,0	0	1091,3	ERA5
1067584	14/10/2025	16	14/10/2025	12	HAE	13,3	0	8,0	0	70,0	0	17,0	0	250,0	0	972,0	0	1074,5	ERA5
1067585	14/10/2025	17	14/10/2025	13	HAE	14,9	0	5,6	0	53,0	0	24,0	0	240,0	0	971,0	0	554,7	ERA5
1067586	14/10/2025	18	14/10/2025	14	HAE	12,3	0	4,8	0	60,0	0	18,0	0	280,0	0	972,0	0	422,1	ERA5
1067587	14/10/2025	19	14/10/2025	15	HAE	10,9	0	3,5	0	60,0	0	21,0	0	290,0	0	973,0	0	583,5	ERA5
1067588	14/10/2025	20	14/10/2025	16	HAE	10,2	0	1,3	0	54,0	0	13,0	0	280,0	0	973,0	0	377,7	ERA5
1067589	14/10/2025	21	14/10/2025	17	HAE	8,7	0	-0,3	0	53,0	0	22,0	0	310,0	0	973,0	0	359,8	ERA5
1067590	14/10/2025	22	14/10/2025	18	HAE	7,3	0	-0,4	0	58,0	0	22,0	0	300,0	0	974,0	0	81,8	ERA5
1067591	14/10/2025	23	14/10/2025	19	HAE	5,6	0	-0,55	4.lineaire	67,0	0	13,0	0	310,0	0	975,0	0	0,1	ERA5
1067592	15/10/2025	00	14/10/2025	20	HAE	4,7	0	-0,7	0	68,0	0	13,0	0	300,0	0	975,0	0	0,0	ERA5
1067593	15/10/2025	01	14/10/2025	21	HAE	4,3	0	-0,5	0	71,0	0	17,0	0	300,0	0	976,0	0	0,0	ERA5
1067594	15/10/2025	02	14/10/2025	22	HAE	4,2	0	-0,2	0	73,0	0	21,0	0	290,0	0	976,0	0	0,0	ERA5
1067595	15/10/2025	03	14/10/2025	23	HAE	3,8	0	0,3	0	78,0	0	15,0	0	300,0	0	976,0	0	0,0	ERA5
1067596	15/10/2025	04	15/10/2025	00	HAE	3,5	0	0,6	0	82,0	0	15,0	0	310,0	0	975,0	0	0,0	ERA5
1067597	15/10/2025	05	15/10/2025	01	HAE	3,0	0	1,5	0	90,0	0	18,0	0	300,0	0	975,0	0	0,0	ERA5
1067598	15/10/2025	06	15/10/2025	02	HAE	3,0	0	0,9	0	86,0	0	13,0	0	320,0	0	975,0	0	0,0	ERA5
1067599	15/10/2025	07	15/10/2025	03	HAE	2,9	0	0,5	0	84,0	0	15,0	0	300,0	0	975,0	0	0,0	ERA5
1067600	15/10/2025	08	15/10/2025	04	HAE	2,8	0	0,4	0	84,0	0	13,0	0	290,0	0	975,0	0	0,0	ERA5
1067601	15/10/2025	09	15/10/2025	05	HAE	2,6	0	0,3	0	85,0	0	11,0	0	290,0	0	974,0	0	0,0	ERA5
1067602	15/10/2025	10	15/10/2025	06	HAE	2,5	0	0,6	0	87,0	0	13,0	0	290,0	0	975,0	0	0,0	ERA5
1067603	15/10/2025	11	15/10/2025	07	HAE	2,3	0	0,4	0	87,0	0	15,0	0	300,0	0	975,0	0	0,0	ERA5
1067604	15/10/2025	12	15/10/2025	08	HAE	1,5	0	0,8	0	95,0	0	17,0	0	310,0	0	975,0	0	32,5	ERA5
1067605	15/10/2025	13	15/10/2025	09	HAE	1,8	0	0,6	0	92,0	0	21,0	0	300,0	0	975,0	0	250,8	ERA5
1067606	15/10/2025	14	15/10/2025	10	HAE	2,8	0	0,2	0	83,0	0	18,0	0	300,0	0	975,0	0	506,7	ERA5
1067607	15/10/2025	15	15/10/2025	11	HAE	2,4	0	0,5	0	88,0	0	17,0	0	310,0	0	975,0	0	672,9	ERA5
1067608	15/10/2025	16	15/10/2025	12	HAE	3,0	0	0,8	0	86,0	0	17,0	0	320,0	0	975,0	0	964,4	ERA5
1067609	15/10/2025	17	15/10/2025	13	HAE	4,6	0	-0,2	0	71,0	0	17,0	0	320,0	0	974,0	0	764,0	ERA5
1067610	15/10/2025	18	15/10/2025	14	HAE	6,3	0	-1,8	0	56,0	0	17,0	0	290,0	0	973,0	0	588,2	ERA5
1067611	15/10/2025	19	15/10/2025	15	HAE	6,2	0	-1,6	0	57,0	0	18,0	0	310,0	0	973,0	0	525,9	ERA5
1067612	15/10/2025	20	15/10/2025	16	HAE	6,2	0	-2,3	0	55,0	0	13,0	0	300,0	0	973,0	0	434,6	ERA5
1067613	15/10/2025	21	15/10/2025	17	HAE	5,3	0	-2,3	0	58,0	0	13,0	0	300,0	0	973,0	0	317,8	ERA5
1067614	15/10/2025	22	15/10/2025	18	HAE	4,3	0	-2,3	0	62,0	0	11,0	0	310,0	0	973,0	0	73,5	ERA5
1067615	15/10/2025	23	15/10/2025	19	HAE	2,9	0	-1,9	0	71,0	0	9,0	0	310,0	0	973,0	0	0,0	ERA5
1067616	16/10/2025	00	15/10/2025	20	HAE	2,0	0	-1,5	0	78,0	0	8,0	0	300,0	0	973,0	0	0,0	ERA5
1067617	16/10/2025	01	15/10/2025	21	HAE	1,7	0	-1,6	0	79,0	0	9,0	0	310,0	0	973,0	0	0,0	ERA5
1067618	16/10/2025	02	15/10/2025	22	HAE	1,9	0	-1,3	0	79,0	0	9,0	0	290,0	0	973,0	0	0,0	ERA5
1067619	16/10/2025	03	15/10/2025	23	HAE	2,0	0	-0,9	0	81,0	0	8,0	0	320,0	0	973,0	0	0,0	ERA5
1067620	16/10/2025	04	16/10/2025	00	HAE	1,3	0	-1,3	0	83,0	0	9,0	0	300,0	0	973,0	0	0,0	ERA5
1067621	16/10/2025	05	16/10/2025	01	HAE	0,9	0	-1,3	0	85,0	0	9,0	0	320,0	0	973,0	0	0,0	ERA5
1067622	16/10/2025	06	16/10/2025	02	HAE	-0,3	0	-1,9	0	89,0	0	11,0	0	340,0	0	973,0	0	0,0	ERA5
1067623	16/10/2025	07	16/10/2025	03	HAE	-1,3	0	-2,2	0	94,0	0	5,0	0	340,0	0	973,0	0	0,0	ERA5
1067624	16/10/2025	08	16/10/2025	04	HAE	-1,1	0	-2,1	0	93,0	0	8,0	0	320,0	0	973,0	0	0,0	ERA5
1067625	16/10/2025	09	16/10/2025	05	HAE	-1,4	0	-2,1	0	95,0	0	9,0	0	310,0	0	973,0	0	0,0	ERA5
1067626	16/10/2025	10	16/10/2025	06	HAE	-1,4	0	-2,1	0	95,0	0	9,0	0	300,0	0	974,0	0	0,0	ERA5
1067627	16/10/2025	11	16/10/2025	07	HAE	-2,9	0	-3,2	0	98,0	0	8,0	0	300,0	0	974,0	0	0,0	ERA5
1067628	16/10/2025	12	16/10/2025	08	HAE	-1,6	0	-2,0	0	97,0	0	8,0	0	350,0	0	974,0	0	44,0	ERA5
1067629	16/10/2025	13	16/10/2025	09	HAE	0,7	0	-0,5	0	92,0	0	11,0	0	320,0	0	974,0	0	378,3	ERA5
1067630	16/10/2025	14	16/10/2025	10	HAE	1,6	0	-0,6	0	85,0	0	15,0	0	340,0	0	974,0	0	867,9	ERA5
1067631	16/10/2025	15	16/10/2025	11	HAE	3,1	0	-1,8	0	70,0	0	18,0	0	350,0	0	974,0	0	1177,6	ERA5
1067632	16/10/2025	16	16/10/2025	12	HAE	4,8	0	-2,5	0	59,0	0	18,0	0	20,0	0	974,0	0	1129,2	ERA5
1067633	16/10/2025	17	16/10/2025	13	HAE	5,8	0	-2,5	0	55,0	0	18,0	0	340,0	0	974,0	0	1022,4	ERA5
1067634	16/10/2025	18	16/10/2025	14	HAE	6,8	0	-2,6	0	51,0	0	17,0	0	330,0	0	974,0	0	1014,0	ERA5
1067635	16/10/2025	19	16/10/2025	15	HAE	7,3	0	-2,8	0	49,0	0	13,0	0	360,0	0	973,0	0	1014,6	ERA5
1067636	16/10/2025	20	16/10/2025	16	HAE	7,2	0	-2,8	0	49,0	0	17,0	0	350,0	0	974,0	0	565,5	ERA5
1067637	16/10/2025	21	16/10/2025	17	HAE	6,2	0	-2,9	0	52,0	0	17,0	0	30,0	0	973,0	0	312,7	ERA5
1067638	16/10/2025	22	16/10/2025	18	HAE	3,9	0	-2,7	0	62,0	0	13,0	0	20,0	0	974,0	0	85,1	ERA5
1067639	16/10/2025	23	16/10/2025	19	HAE	1,8	0	-3,1	0	70,0	0	11,0	0	40,0	0	974,0	0	0,0	ERA5
1067640	17/10/2025	00	16/10/2025	20	HAE	1,1	0	-2,8	0	75,0	0	5,0	0	350,0	0	974,0	0	0,0	ERA5
1067641	17/10/2025	01	16/10/2025	21	HAE	0,3	0	-2,5	0	82,0	0	9,0	0	10,0	0	974,0	0	0,0	ERA5
1067642	17/10/2025	02	16/10/2025	22	HAE	-0,8	0	-2,6	0	88,0	0	9,0	0	350,0	0	974,0	0	0,0	ERA5
1067643	17/10/2025	03	16/10/2025	23	HAE	-1,8	0	-3,4	0	89,0	0	9,0	0	330,0	0	973,0	0	0,0	ERA5
1067644	17/10/2025	04	17/10/2025	00	HAE	-2,9	0	-4,1	0	92,0	0	8,0	0	330,0	0	973,0	0	0,0	ERA5
1067645	17/10/2025	05	17/10/2025	01	HAE	-2,2	0	-3,6	0	90,0	0	4,0	0	330,0	0	973,0	0	0,0	ERA5
1067646	17/10/2025	06	17/10/2025	02	HAE	-3,4	0	-4,2	0	94,0	0	5,0	0	320,0	0	973,0	0	0,0	ERA5
1067647	17/10/2025	07	17/10/2025	03	HAE	-3,6	0	-4,4	0	94,0	0	5,0	0	330,0	0	973,0	0	0,0	ERA5
1067648	17/10/2025	08	17/10/2025	04	HAE	-3,5	0	-4,1	0	96,0	0	5,0	0	320,0	0	973,0	0	0,0	ERA5
1067649	17/10/2025	09	17/10/2025	05	HAE	-4,1	0	-4,4	0	98,0	0	5,0	0	320,0	0	973,0	0	0,0	ERA5
1067650	17/10/2025	10	17/10/2025	06	HAE	-4,1	0	-5,1	0	93,0	0	4,0	0	330,0	0	973,0	0	0,0	ERA5
1067651	17/10/2025	11	17/10/2025	07	HAE	-4,4	0	-5,1	0	95,0	0	5,0	0	320,0	0	972,0	0	0,0	ERA5
1067652	17/10/2025	12	17/10/2025	08	HAE	-4,4	0	-5,2	0	94,0	0	5,0	0	320,0	0	972,0	0	33,4	ERA5
1067653	17/10/2025	13	17/10/2025	09	HAE	-0,2	0	-1,5	0	91,0	0	4,0	0	330,0	0	972,0	0	319,5	ERA5
1067654	17/10/2025	14	17/10/2025	10	HAE	2,2	0	-0,6	0	82,0	0	4,0	0	0,0	0	972,0	0	735,8	ERA5
1067655	17/10/2025	15	17/10/2025	11	HAE	4,3	0	-1,6	0	65,0	0	4,0	0	0,0	0	972,0	0	1291,0	ERA5
1067656	17/10/2025	16	17/10/2025	12	HAE	5,5	0	-2,5	0	56,0	0	4,0	0	0,0	0	971,0	0	1477,5	ERA5
1067657	17/10/2025	17	17/10/2025	13	HAE	6,1	0	-3,5	0	50,0	0	5,0	0	0,0	0	970,0	0	1811,4	ERA5
1067658	17/10/2025	18	17/10/2025	14	HAE	7,8	0	-3,5	0	45,0	0	5,0	0	170,0	0	970,0	0	1781,0	ERA5
1067659	17/10/2025	19	17/10/2025	15	HAE	8,7	0	-2,0	0	47,0	0	9,0	0	130,0	0	969,0	0	1559,8	ERA5
1067660	17/10/2025	20	17/10/2025	16	HAE	8,8	0	-3,3	0	42,0	0	9,0	0	160,0	0	968,0	0	1177,4	ERA5
1067661	17/10/2025	21	17/10/2025	17	HAE	8,2	0	-4,4	0	41,0	0	8,0	0	130,0	0	968,0	0	677,7	ERA5
1067662	17/10/2025	22	17/10/2025	18	HAE	6,1	0	-2,5	0	54,0	0	5,0	0	190,0	0	968,0	0	175,6	ERA5
1067663	17/10/2025	23	17/10/2025	19	HAE	3,4	0	-1,3	0	71,0	0	4,0	0	80,0	0	968,0	0	0,0	ERA5
1067664	18/10/2025	00	17/10/2025	20	HAE	0,9	0	-1,0	0	87,0	0	5,0	0	110,0	0	967,0	0	0,0	ERA5
1067665	18/10/2025	01	17/10/2025	21	HAE	1,6	0	-1,7	0	79,0	0	5,0	0	140,0	0	967,0	0	0,0	ERA5
1067666	18/10/2025	02	17/10/2025	22	HAE	1,3	0	-1,4	0	82,0	0	8,0	0	150,0	0	967,0	0	0,0	ERA5
1067667	18/10/2025	03	17/10/2025	23	HAE	1,8	0	-1,5	0	79,0	0	8,0	0	140,0	0	967,0	0	0,0	ERA5
1067668	18/10/2025	04	18/10/2025	00	HAE	1,8	0	-1,5	0	79,0	0	9,0	0	140,0	0	966,0	0	0,0	ERA5
1067669	18/10/2025	05	18/10/2025	01	HAE	2,4	0	-1,1	0	78,0	0	15,0	0	150,0	0	966,0	0	0,0	ERA5
1067670	18/10/2025	06	18/10/2025	02	HAE	2,1	0	-1,2	0	79,0	0	13,0	0	140,0	0	965,0	0	0,0	ERA5
1067671	18/10/2025	07	18/10/2025	03	HAE	2,5	0	-1,7	0	74,0	0	17,0	0	140,0	0	964,0	0	0,0	ERA5
1067672	18/10/2025	08	18/10/2025	04	HAE	3,0	0	-1,0	0	75,0	0	13,0	0	140,0	0	965,0	0	0,0	ERA5
1067673	18/10/2025	09	18/10/2025	05	HAE	3,3	0	0,3	0	81,0	0	17,0	0	140,0	0	964,0	0	0,0	ERA5
1067674	18/10/2025	10	18/10/2025	06	HAE	2,5	0	1,2	0	91,0	0	17,0	0	130,0	0	964,0	0	0,0	ERA5
1067675	18/10/2025	11	18/10/2025	07	HAE	3,3	0	2,3	0	93,0	0	21,0	0	150,0	0	964,0	0	0,0	ERA5
1067676	18/10/2025	12	18/10/2025	08	HAE	4,1	0	3,4	0	95,0	0	18,0	0	150,0	0	963,0	0	5,1	ERA5
1067677	18/10/2025	13	18/10/2025	09	HAE	5,0	0	4,3	0	95,0	0	21,0	0	160,0	0	963,0	0	59,8	ERA5
1067678	18/10/2025	14	18/10/2025	10	HAE	5,2	0	4,8	0	97,0	0	24,0	0	150,0	0	963,0	0	131,7	ERA5
1067679	18/10/2025	15	18/10/2025	11	HAE	5,4	0	5,1	0	98,0	0	21,0	0	140,0	0	963,0	0	188,0	ERA5
1067680	18/10/2025	16	18/10/2025	12	HAE	5,6	0	5,3	0	98,0	0	17,0	0	140,0	0	963,0	0	306,9	ERA5
1067681	18/10/2025	17	18/10/2025	13	HAE	6,5	0	5,9	0	96,0	0	21,0	0	140,0	0	962,0	0	462,6	ERA5
1067682	18/10/2025	18	18/10/2025	14	HAE	7,2	0	6,3	0	94,0	0	15,0	0	140,0	0	962,0	0	457,8	ERA5
1067683	18/10/2025	19	18/10/2025	15	HAE	8,1	0	6,9	0	92,0	0	17,0	0	140,0	0	961,0	0	1055,9	ERA5
1067684	18/10/2025	20	18/10/2025	16	HAE	9,1	0	7,1	0	87,0	0	18,0	0	140,0	0	961,0	0	780,8	ERA5
1067685	18/10/2025	21	18/10/2025	17	HAE	9,4	0	7,4	0	87,0	0	13,0	0	130,0	0	962,0	0	236,4	ERA5
1067686	18/10/2025	22	18/10/2025	18	HAE	9,2	0	7,2	0	87,0	0	15,0	0	140,0	0	962,0	0	29,6	ERA5
1067687	18/10/2025	23	18/10/2025	19	HAE	9,4	0	6,9	0	84,0	0	13,0	0	130,0	0	962,0	0	0,0	ERA5
1067688	19/10/2025	00	18/10/2025	20	HAE	9,8	0	7,1	0	83,0	0	17,0	0	140,0	0	962,0	0	0,0	ERA5
1067689	19/10/2025	01	18/10/2025	21	HAE	9,5	0	7,6	0	88,0	0	13,0	0	150,0	0	962,0	0	0,0	ERA5
1067690	19/10/2025	02	18/10/2025	22	HAE	8,8	0	8,1	0	95,0	0	8,0	0	130,0	0	963,0	0	0,0	ERA5
1067691	19/10/2025	03	18/10/2025	23	HAE	8,5	0	8,1	0	97,0	0	15,0	0	150,0	0	963,0	0	0,0	ERA5
1067692	19/10/2025	04	19/10/2025	00	HAE	8,7	0	8,4	0	98,0	0	17,0	0	150,0	0	963,0	0	0,0	ERA5
1067693	19/10/2025	05	19/10/2025	01	HAE	8,8	0	8,5	0	98,0	0	15,0	0	150,0	0	963,0	0	0,0	ERA5
1067694	19/10/2025	06	19/10/2025	02	HAE	8,9	0	8,8	0	99,0	0	11,0	0	160,0	0	963,0	0	0,0	ERA5
1067695	19/10/2025	07	19/10/2025	03	HAE	9,2	0	9,1	0	99,0	0	13,0	0	160,0	0	963,0	0	0,0	ERA5
1067696	19/10/2025	08	19/10/2025	04	HAE	9,4	0	9,1	0	98,0	0	13,0	0	160,0	0	963,0	0	0,0	ERA5
1067697	19/10/2025	09	19/10/2025	05	HAE	9,5	0	9,2	0	98,0	0	11,0	0	140,0	0	963,0	0	0,0	ERA5
1067698	19/10/2025	10	19/10/2025	06	HAE	9,2	0	8,9	0	98,0	0	13,0	0	130,0	0	962,0	0	0,0	ERA5
1067699	19/10/2025	11	19/10/2025	07	HAE	8,7	0	8,3	0	97,0	0	17,0	0	130,0	0	962,0	0	0,0	ERA5
1067700	19/10/2025	12	19/10/2025	08	HAE	8,5	0	7,9	0	96,0	0	21,0	0	140,0	0	962,0	0	9,2	ERA5
1067701	19/10/2025	13	19/10/2025	09	HAE	8,6	0	7,9	0	95,0	0	15,0	0	120,0	0	962,0	0	78,4	ERA5
1067702	19/10/2025	14	19/10/2025	10	HAE	8,4	0	7,3	0	93,0	0	18,0	0	130,0	0	962,0	0	103,2	ERA5
1067703	19/10/2025	15	19/10/2025	11	HAE	8,4	0	7,3	0	93,0	0	17,0	0	120,0	0	961,0	0	155,6	ERA5
1067704	19/10/2025	16	19/10/2025	12	HAE	9,5	0	7,5	0	87,0	0	21,0	0	120,0	0	960,0	0	244,9	ERA5
1067705	19/10/2025	17	19/10/2025	13	HAE	11,1	0	8,1	0	81,0	0	22,0	0	120,0	0	959,0	0	287,6	ERA5
1067706	19/10/2025	18	19/10/2025	14	HAE	13,3	0	8,7	0	74,0	0	21,0	0	130,0	0	958,0	0	880,9	ERA5
1067707	19/10/2025	19	19/10/2025	15	HAE	14,9	0	9,2	0	68,0	0	28,0	0	130,0	0	957,0	0	926,2	ERA5
1067708	19/10/2025	20	19/10/2025	16	HAE	14,9	0	8,8	0	67,0	0	24,0	0	130,0	0	956,0	0	667,3	ERA5
1067709	19/10/2025	21	19/10/2025	17	HAE	14,6	0	9,2	0	70,0	0	24,0	0	120,0	0	956,0	0	389,4	ERA5
1067710	19/10/2025	22	19/10/2025	18	HAE	14,0	0	9,3	0	73,0	0	18,0	0	120,0	0	956,0	0	81,0	ERA5
1067711	19/10/2025	23	19/10/2025	19	HAE	13,9	0	8,9	0	72,0	0	28,0	0	120,0	0	955,0	0	0,0	ERA5
1067712	20/10/2025	00	19/10/2025	20	HAE	14,2	0	8,6	0	69,0	0	24,0	0	130,0	0	955,0	0	0,0	ERA5
1067713	20/10/2025	01	19/10/2025	21	HAE	14,2	0	8,0	0	66,0	0	18,0	0	140,0	0	955,0	0	0,0	ERA5
1067714	20/10/2025	02	19/10/2025	22	HAE	14,5	0	7,8	0	64,0	0	21,0	0	130,0	0	956,0	0	0,0	ERA5
1067715	20/10/2025	03	19/10/2025	23	HAE	14,3	0	7,6	0	64,0	0	21,0	0	130,0	0	956,0	0	0,0	ERA5
1067716	20/10/2025	04	20/10/2025	00	HAE	14,0	0	7,4	0	64,0	0	22,0	0	120,0	0	955,0	0	0,0	ERA5
1067717	20/10/2025	05	20/10/2025	01	HAE	14,3	0	7,6	0	64,0	0	22,0	0	130,0	0	955,0	0	0,0	ERA5
1067718	20/10/2025	06	20/10/2025	02	HAE	13,8	0	8,1	0	68,0	0	22,0	0	120,0	0	955,0	0	0,0	ERA5
1067719	20/10/2025	07	20/10/2025	03	HAE	13,4	0	8,4	0	71,0	0	17,0	0	130,0	0	955,0	0	0,0	ERA5
1067720	20/10/2025	08	20/10/2025	04	HAE	13,9	0	9,0	0	72,0	0	21,0	0	130,0	0	955,0	0	0,0	ERA5
1067721	20/10/2025	09	20/10/2025	05	HAE	14,0	0	9,1	0	72,0	0	24,0	0	140,0	0	955,0	0	0,0	ERA5
1067722	20/10/2025	10	20/10/2025	06	HAE	13,9	0	9,0	0	72,0	0	22,0	0	150,0	0	956,0	0	0,0	ERA5
1067723	20/10/2025	11	20/10/2025	07	HAE	13,4	0	8,9	0	74,0	0	24,0	0	150,0	0	956,0	0	0,0	ERA5
1067724	20/10/2025	12	20/10/2025	08	HAE	12,8	0	9,2	0	79,0	0	17,0	0	150,0	0	957,0	0	7,8	ERA5
1067725	20/10/2025	13	20/10/2025	09	HAE	12,8	0	9,5	0	80,0	0	21,0	0	140,0	0	957,0	0	115,3	ERA5
1067726	20/10/2025	14	20/10/2025	10	HAE	13,1	0	9,5	0	79,0	0	18,0	0	150,0	0	958,0	0	358,1	ERA5
1067727	20/10/2025	15	20/10/2025	11	HAE	13,6	0	10,3	0	80,0	0	18,0	0	150,0	0	958,0	0	374,2	ERA5
1067728	20/10/2025	16	20/10/2025	12	HAE	13,5	0	10,0	0	79,0	0	15,0	0	160,0	0	959,0	0	175,4	ERA5
1067729	20/10/2025	17	20/10/2025	13	HAE	11,2	0	9,9	0	92,0	0	11,0	0	270,0	0	959,0	0	147,6	ERA5
1067730	20/10/2025	18	20/10/2025	14	HAE	8,7	0	8,1	0	96,0	0	15,0	0	280,0	0	960,0	0	182,5	ERA5
1067731	20/10/2025	19	20/10/2025	15	HAE	8,5	0	8,1	0	97,0	0	11,0	0	260,0	0	961,0	0	90,1	ERA5
1067732	20/10/2025	20	20/10/2025	16	HAE	7,8	0	7,4	0	97,0	0	15,0	0	300,0	0	962,0	0	66,1	ERA5
1067733	20/10/2025	21	20/10/2025	17	HAE	7,4	0	7,1	0	98,0	0	8,0	0	290,0	0	962,0	0	32,5	ERA5
1067734	20/10/2025	22	20/10/2025	18	HAE	7,2	0	6,9	0	98,0	0	15,0	0	320,0	0	963,0	0	6,0	ERA5
1067735	20/10/2025	23	20/10/2025	19	HAE	6,9	0	6,5	0	97,0	0	13,0	0	320,0	0	963,0	0	-0,0	ERA5
1067736	21/10/2025	00	20/10/2025	20	HAE	6,9	0	6,5	0	97,0	0	9,0	0	330,0	0	964,0	0	0,0	ERA5
1067737	21/10/2025	01	20/10/2025	21	HAE	6,6	0	6,3	0	98,0	0	17,0	0	340,0	0	965,0	0	0,0	ERA5
1067738	21/10/2025	02	20/10/2025	22	HAE	6,4	0	5,8	0	96,0	0	17,0	0	340,0	0	965,0	0	0,0	ERA5
1067739	21/10/2025	03	20/10/2025	23	HAE	6,1	0	5,8	0	98,0	0	15,0	0	340,0	0	964,0	0	0,0	ERA5
1067740	21/10/2025	04	21/10/2025	00	HAE	5,8	0	5,3	0	97,0	0	15,0	0	360,0	0	964,0	0	0,0	ERA5
1067741	21/10/2025	05	21/10/2025	01	HAE	5,7	0	5,3	0	97,0	0	15,0	0	360,0	0	964,0	0	0,0	ERA5
1067742	21/10/2025	06	21/10/2025	02	HAE	5,6	0	5,3	0	98,0	0	11,0	0	360,0	0	964,0	0	0,0	ERA5
1067743	21/10/2025	07	21/10/2025	03	HAE	5,4	0	5,1	0	98,0	0	15,0	0	10,0	0	964,0	0	0,0	ERA5
1067744	21/10/2025	08	21/10/2025	04	HAE	5,4	0	5,1	0	98,0	0	13,0	0	360,0	0	963,0	0	0,0	ERA5
1067745	21/10/2025	09	21/10/2025	05	HAE	5,3	0	5,0	0	98,0	0	17,0	0	10,0	0	963,0	0	0,0	ERA5
1067746	21/10/2025	10	21/10/2025	06	HAE	5,4	0	5,1	0	98,0	0	15,0	0	20,0	0	962,0	0	0,0	ERA5
1067747	21/10/2025	11	21/10/2025	07	HAE	5,7	0	5,4	0	98,0	0	11,0	0	20,0	0	962,0	0	0,0	ERA5
1067748	21/10/2025	12	21/10/2025	08	HAE	6,1	0	5,8	0	98,0	0	11,0	0	30,0	0	962,0	0	1,7	ERA5
1067749	21/10/2025	13	21/10/2025	09	HAE	6,5	0	6,3	0	99,0	0	13,0	0	30,0	0	961,0	0	20,3	ERA5
1067750	21/10/2025	14	21/10/2025	10	HAE	7,0	0	6,9	0	99,0	0	13,0	0	40,0	0	961,0	0	38,3	ERA5
1067751	21/10/2025	15	21/10/2025	11	HAE	7,7	0	7,6	0	99,0	0	11,0	0	40,0	0	960,0	0	105,9	ERA5
1067752	21/10/2025	16	21/10/2025	12	HAE	8,2	0	8,1	0	99,0	0	13,0	0	70,0	0	960,0	0	113,1	ERA5
1067753	21/10/2025	17	21/10/2025	13	HAE	9,2	0	9,1	0	99,0	0	9,0	0	100,0	0	959,0	0	134,4	ERA5
1067754	21/10/2025	18	21/10/2025	14	HAE	9,8	0	9,5	0	98,0	0	9,0	0	120,0	0	959,0	0	155,5	ERA5
1067755	21/10/2025	19	21/10/2025	15	HAE	10,7	0	9,8	0	94,0	0	15,0	0	110,0	0	958,0	0	153,3	ERA5
1067756	21/10/2025	20	21/10/2025	16	HAE	10,9	0	9,9	0	94,0	0	11,0	0	100,0	0	958,0	0	162,4	ERA5
1067757	21/10/2025	21	21/10/2025	17	HAE	10,8	0	9,7	0	93,0	0	13,0	0	100,0	0	958,0	0	84,6	ERA5
1067758	21/10/2025	22	21/10/2025	18	HAE	9,9	0	9,0	0	94,0	0	15,0	0	110,0	0	958,0	0	18,0	ERA5
1067759	21/10/2025	23	21/10/2025	19	HAE	9,8	0	9,2	0	96,0	0	17,0	0	110,0	0	958,0	0	0,0	ERA5
1067760	22/10/2025	00	21/10/2025	20	HAE	10,1	0	9,3	0	95,0	0	17,0	0	120,0	0	958,0	0	0,0	ERA5
1067761	22/10/2025	01	21/10/2025	21	HAE	10,0	0	9,6	0	97,0	0	15,0	0	130,0	0	958,0	0	0,0	ERA5
1067762	22/10/2025	02	21/10/2025	22	HAE	8,8	0	8,4	0	97,0	0	15,0	0	220,0	0	959,0	0	0,0	ERA5
1067763	22/10/2025	03	21/10/2025	23	HAE	7,9	0	7,3	0	96,0	0	11,0	0	210,0	0	959,0	0	0,0	ERA5
1067764	22/10/2025	04	22/10/2025	00	HAE	7,2	0	6,6	0	96,0	0	13,0	0	200,0	0	959,0	0	0,0	ERA5
1067765	22/10/2025	05	22/10/2025	01	HAE	6,5	0	6,2	0	98,0	0	9,0	0	190,0	0	959,0	0	0,0	ERA5
1067766	22/10/2025	06	22/10/2025	02	HAE	6,4	0	6,1	0	98,0	0	5,0	0	180,0	0	959,0	0	0,0	ERA5
1067767	22/10/2025	07	22/10/2025	03	HAE	6,8	0	6,4	0	97,0	0	9,0	0	150,0	0	959,0	0	0,0	ERA5
1067768	22/10/2025	08	22/10/2025	04	HAE	7,0	0	6,6	0	97,0	0	11,0	0	170,0	0	959,0	0	0,0	ERA5
1067769	22/10/2025	09	22/10/2025	05	HAE	6,9	0	6,6	0	98,0	0	13,0	0	170,0	0	959,0	0	0,0	ERA5
1067770	22/10/2025	10	22/10/2025	06	HAE	7,2	0	6,8	0	98,0	0	8,0	0	140,0	0	958,0	0	0,0	ERA5
1067771	22/10/2025	11	22/10/2025	07	HAE	7,2	0	6,9	0	98,0	0	13,0	0	160,0	0	959,0	0	0,0	ERA5
1067772	22/10/2025	12	22/10/2025	08	HAE	7,3	0	6,7	0	96,0	0	11,0	0	150,0	0	959,0	0	8,1	ERA5
1067773	22/10/2025	13	22/10/2025	09	HAE	7,3	0	6,9	0	97,0	0	9,0	0	120,0	0	960,0	0	134,5	ERA5
1067774	22/10/2025	14	22/10/2025	10	HAE	7,8	0	7,4	0	97,0	0	8,0	0	130,0	0	959,0	0	409,6	ERA5
1067775	22/10/2025	15	22/10/2025	11	HAE	8,6	0	7,4	0	92,0	0	11,0	0	160,0	0	959,0	0	547,0	ERA5
1067776	22/10/2025	16	22/10/2025	12	HAE	8,9	0	6,7	0	86,0	0	11,0	0	140,0	0	958,0	0	896,0	ERA5
1067777	22/10/2025	17	22/10/2025	13	HAE	8,7	0	6,5	0	86,0	0	9,0	0	130,0	0	958,0	0	740,8	ERA5
1067778	22/10/2025	18	22/10/2025	14	HAE	9,1	0	6,1	0	81,0	0	5,0	0	70,0	0	958,0	0	520,1	ERA5
1067779	22/10/2025	19	22/10/2025	15	HAE	9,1	0	6,7	0	85,0	0	9,0	0	60,0	0	957,0	0	693,3	ERA5
1067780	22/10/2025	20	22/10/2025	16	HAE	8,5	0	7,4	0	93,0	0	13,0	0	50,0	0	957,0	0	391,5	ERA5
1067781	22/10/2025	21	22/10/2025	17	HAE	8,3	0	7,1	0	92,0	0	9,0	0	70,0	0	956,0	0	252,1	ERA5
1067782	22/10/2025	22	22/10/2025	18	HAE	7,7	0	7,0	0	95,0	0	8,0	0	60,0	0	956,0	0	56,9	ERA5
1067783	22/10/2025	23	22/10/2025	19	HAE	7,2	0	6,8	0	97,0	0	5,0	0	40,0	0	956,0	0	0,0	ERA5
1067784	23/10/2025	00	22/10/2025	20	HAE	7,1	0	6,8	0	98,0	0	8,0	0	360,0	0	956,0	0	0,0	ERA5
1067785	23/10/2025	01	22/10/2025	21	HAE	7,1	0	6,8	0	98,0	0	8,0	0	350,0	0	955,0	0	0,0	ERA5
1067786	23/10/2025	02	22/10/2025	22	HAE	6,9	0	6,3	0	96,0	0	9,0	0	360,0	0	955,0	0	0,0	ERA5
1067787	23/10/2025	03	22/10/2025	23	HAE	6,5	0	6,1	0	97,0	0	9,0	0	70,0	0	954,0	0	0,0	ERA5
1067788	23/10/2025	04	23/10/2025	00	HAE	6,3	0	6,2	0	99,0	0	4,0	0	350,0	0	954,0	0	0,0	ERA5
1067789	23/10/2025	05	23/10/2025	01	HAE	6,0	0	5,9	0	99,0	0	8,0	0	340,0	0	953,0	0	0,0	ERA5
1067790	23/10/2025	06	23/10/2025	02	HAE	5,8	0	5,7	0	99,0	0	8,0	0	320,0	0	953,0	0	0,0	ERA5
1067791	23/10/2025	07	23/10/2025	03	HAE	5,8	0	5,7	0	99,0	0	5,0	0	300,0	0	953,0	0	0,0	ERA5
1067792	23/10/2025	08	23/10/2025	04	HAE	5,7	0	5,6	0	99,0	0	8,0	0	290,0	0	953,0	0	0,0	ERA5
1067793	23/10/2025	09	23/10/2025	05	HAE	5,7	0	5,6	0	99,0	0	5,0	0	280,0	0	953,0	0	0,0	ERA5
1067794	23/10/2025	10	23/10/2025	06	HAE	5,7	0	5,6	0	99,0	0	9,0	0	240,0	0	953,0	0	0,0	ERA5
1067795	23/10/2025	11	23/10/2025	07	HAE	5,9	0	5,6	0	98,0	0	11,0	0	270,0	0	953,0	0	0,0	ERA5
1067796	23/10/2025	12	23/10/2025	08	HAE	6,0	0	5,7	0	98,0	0	11,0	0	270,0	0	954,0	0	2,8	ERA5
1067797	23/10/2025	13	23/10/2025	09	HAE	6,2	0	5,6	0	96,0	0	17,0	0	290,0	0	954,0	0	40,8	ERA5
1067798	23/10/2025	14	23/10/2025	10	HAE	6,1	0	5,4	0	95,0	0	11,0	0	280,0	0	955,0	0	121,2	ERA5
1067799	23/10/2025	15	23/10/2025	11	HAE	6,1	0	5,4	0	95,0	0	13,0	0	280,0	0	955,0	0	136,0	ERA5
1067800	23/10/2025	16	23/10/2025	12	HAE	5,7	0	4,8	0	94,0	0	17,0	0	280,0	0	956,0	0	157,9	ERA5
1067801	23/10/2025	17	23/10/2025	13	HAE	5,1	0	4,3	0	95,0	0	17,0	0	280,0	0	956,0	0	239,3	ERA5
1067802	23/10/2025	18	23/10/2025	14	HAE	5,1	0	4,1	0	93,0	0	18,0	0	280,0	0	957,0	0	268,7	ERA5
1067803	23/10/2025	19	23/10/2025	15	HAE	4,9	0	3,8	0	92,0	0	15,0	0	270,0	0	958,0	0	366,2	ERA5
1067804	23/10/2025	20	23/10/2025	16	HAE	5,0	0	3,6	0	90,0	0	15,0	0	260,0	0	958,0	0	200,0	ERA5
1067805	23/10/2025	21	23/10/2025	17	HAE	4,8	0	3,0	0	88,0	0	13,0	0	260,0	0	959,0	0	142,8	ERA5
1067806	23/10/2025	22	23/10/2025	18	HAE	4,0	0	2,2	0	88,0	0	11,0	0	250,0	0	960,0	0	24,5	ERA5
1067807	23/10/2025	23	23/10/2025	19	HAE	3,7	0	1,8	0	87,0	0	18,0	0	250,0	0	961,0	0	0,0	ERA5
1067808	24/10/2025	00	23/10/2025	20	HAE	2,6	0	0,2	0	84,0	0	13,0	0	250,0	0	961,0	0	0,0	ERA5
1067809	24/10/2025	01	23/10/2025	21	HAE	1,8	0	0,2	0	89,0	0	11,0	0	270,0	0	962,0	0	0,0	ERA5
1067810	24/10/2025	02	23/10/2025	22	HAE	1,6	0	0,6	0	93,0	0	9,0	0	250,0	0	962,0	0	0,0	ERA5
1067811	24/10/2025	03	23/10/2025	23	HAE	1,4	0	0,7	0	95,0	0	15,0	0	260,0	0	962,0	0	0,0	ERA5
1067812	24/10/2025	04	24/10/2025	00	HAE	1,4	0	0,7	0	95,0	0	11,0	0	250,0	0	962,0	0	0,0	ERA5
1067813	24/10/2025	05	24/10/2025	01	HAE	1,3	0	0,5	0	94,0	0	17,0	0	240,0	0	962,0	0	0,0	ERA5
1067814	24/10/2025	06	24/10/2025	02	HAE	1,1	0	0,8	0	98,0	0	13,0	0	240,0	0	963,0	0	0,0	ERA5
1067815	24/10/2025	07	24/10/2025	03	HAE	0,9	0	-0,1	0	93,0	0	15,0	0	250,0	0	963,0	0	0,0	ERA5
1067816	24/10/2025	08	24/10/2025	04	HAE	1,0	0	0,3	0	95,0	0	8,0	0	240,0	0	963,0	0	0,0	ERA5
1067817	24/10/2025	09	24/10/2025	05	HAE	1,0	0	0,7	0	98,0	0	21,0	0	230,0	0	964,0	0	0,0	ERA5
1067818	24/10/2025	10	24/10/2025	06	HAE	0,8	0	0,7	0	99,0	0	13,0	0	240,0	0	964,0	0	0,0	ERA5
1067819	24/10/2025	11	24/10/2025	07	HAE	0,9	0	0,6	0	98,0	0	15,0	0	220,0	0	965,0	0	0,0	ERA5
1067820	24/10/2025	12	24/10/2025	08	HAE	0,9	0	0,5	0	97,0	0	15,0	0	220,0	0	965,0	0	3,6	ERA5
1067821	24/10/2025	13	24/10/2025	09	HAE	1,2	0	0,8	0	97,0	0	15,0	0	220,0	0	966,0	0	94,1	ERA5
1067822	24/10/2025	14	24/10/2025	10	HAE	1,7	0	1,2	0	96,0	0	17,0	0	220,0	0	966,0	0	229,8	ERA5
1067823	24/10/2025	15	24/10/2025	11	HAE	2,3	0	1,7	0	96,0	0	18,0	0	230,0	0	967,0	0	288,2	ERA5
1067824	24/10/2025	16	24/10/2025	12	HAE	3,2	0	2,1	0	93,0	0	15,0	0	240,0	0	967,0	0	432,2	ERA5
1067825	24/10/2025	17	24/10/2025	13	HAE	4,0	0	2,2	0	88,0	0	17,0	0	250,0	0	967,0	0	416,5	ERA5
1067826	24/10/2025	18	24/10/2025	14	HAE	4,1	0	2,7	0	91,0	0	22,0	0	240,0	0	968,0	0	530,7	ERA5
1067827	24/10/2025	19	24/10/2025	15	HAE	4,5	0	2,9	0	90,0	0	17,0	0	260,0	0	968,0	0	481,5	ERA5
1067828	24/10/2025	20	24/10/2025	16	HAE	3,8	0	2,5	0	91,0	0	13,0	0	270,0	0	969,0	0	319,5	ERA5
1067829	24/10/2025	21	24/10/2025	17	HAE	3,4	0	2,2	0	92,0	0	15,0	0	250,0	0	969,0	0	210,2	ERA5
1067830	24/10/2025	22	24/10/2025	18	HAE	3,1	0	2,2	0	94,0	0	15,0	0	250,0	0	970,0	0	29,4	ERA5
1067831	24/10/2025	23	24/10/2025	19	HAE	2,7	0	2,1	0	96,0	0	13,0	0	260,0	0	971,0	0	0,0	ERA5
1067832	25/10/2025	00	24/10/2025	20	HAE	2,3	0	1,7	0	96,0	0	15,0	0	260,0	0	971,0	0	0,0	ERA5
1067833	25/10/2025	01	24/10/2025	21	HAE	2,0	0	1,4	0	96,0	0	15,0	0	250,0	0	972,0	0	0,0	ERA5
1067834	25/10/2025	02	24/10/2025	22	HAE	1,8	0	1,4	0	97,0	0	15,0	0	240,0	0	972,0	0	0,0	ERA5
1067835	25/10/2025	03	24/10/2025	23	HAE	1,9	0	1,6	0	98,0	0	15,0	0	250,0	0	972,0	0	0,0	ERA5
1067836	25/10/2025	04	25/10/2025	00	HAE	1,8	0	1,5	0	98,0	0	13,0	0	250,0	0	973,0	0	0,0	ERA5
1067837	25/10/2025	05	25/10/2025	01	HAE	1,6	0	1,2	0	97,0	0	15,0	0	250,0	0	973,0	0	0,0	ERA5
1067838	25/10/2025	06	25/10/2025	02	HAE	1,5	0	1,2	0	98,0	0	13,0	0	260,0	0	973,0	0	0,0	ERA5
1067839	25/10/2025	07	25/10/2025	03	HAE	1,3	0	1,2	0	99,0	0	11,0	0	260,0	0	974,0	0	0,0	ERA5
1067840	25/10/2025	08	25/10/2025	04	HAE	1,1	0	0,8	0	98,0	0	13,0	0	260,0	0	974,0	0	0,0	ERA5
1067841	25/10/2025	09	25/10/2025	05	HAE	1,1	0	1,0	0	99,0	0	11,0	0	270,0	0	975,0	0	0,0	ERA5
1067842	25/10/2025	10	25/10/2025	06	HAE	1,3	0	0,6	0	95,0	0	15,0	0	280,0	0	975,0	0	0,0	ERA5
1067843	25/10/2025	11	25/10/2025	07	HAE	1,2	0	0,5	0	95,0	0	15,0	0	280,0	0	976,0	0	0,0	ERA5
1067844	25/10/2025	12	25/10/2025	08	HAE	1,3	0	0,7	0	96,0	0	11,0	0	260,0	0	977,0	0	5,3	ERA5
1067845	25/10/2025	13	25/10/2025	09	HAE	1,6	0	1,0	0	96,0	0	13,0	0	270,0	0	977,0	0	109,7	ERA5
1067846	25/10/2025	14	25/10/2025	10	HAE	2,3	0	1,2	0	93,0	0	15,0	0	280,0	0	978,0	0	263,0	ERA5
1067847	25/10/2025	15	25/10/2025	11	HAE	2,9	0	0,8	0	86,0	0	17,0	0	270,0	0	978,0	0	411,0	ERA5
1067848	25/10/2025	16	25/10/2025	12	HAE	3,1	0	0,8	0	85,0	0	17,0	0	280,0	0	978,0	0	525,0	ERA5
1067849	25/10/2025	17	25/10/2025	13	HAE	3,2	0	1,1	0	86,0	0	15,0	0	300,0	0	978,0	0	557,1	ERA5
1067850	25/10/2025	18	25/10/2025	14	HAE	3,5	0	1,3	0	85,0	0	17,0	0	290,0	0	978,0	0	563,8	ERA5
1067851	25/10/2025	19	25/10/2025	15	HAE	3,6	0	1,5	0	86,0	0	15,0	0	290,0	0	978,0	0	443,0	ERA5
1067852	25/10/2025	20	25/10/2025	16	HAE	3,3	0	1,2	0	86,0	0	9,0	0	290,0	0	979,0	0	383,4	ERA5
1067853	25/10/2025	21	25/10/2025	17	HAE	2,8	0	1,0	0	88,0	0	8,0	0	290,0	0	979,0	0	176,8	ERA5
1067854	25/10/2025	22	25/10/2025	18	HAE	2,7	0	1,2	0	90,0	0	9,0	0	280,0	0	979,0	0	23,3	ERA5
1067855	25/10/2025	23	25/10/2025	19	HAE	2,3	0	1,4	0	94,0	0	9,0	0	300,0	0	980,0	0	0,0	ERA5
1067856	26/10/2025	00	25/10/2025	20	HAE	2,2	0	0,8	0	90,0	0	11,0	0	300,0	0	980,0	0	0,0	ERA5
1067857	26/10/2025	01	25/10/2025	21	HAE	2,1	0	0,8	0	91,0	0	9,0	0	300,0	0	980,0	0	0,0	ERA5
1067858	26/10/2025	02	25/10/2025	22	HAE	1,9	0	0,7	0	92,0	0	11,0	0	310,0	0	981,0	0	0,0	ERA5
1067859	26/10/2025	03	25/10/2025	23	HAE	1,9	0	0,7	0	92,0	0	11,0	0	310,0	0	981,0	0	0,0	ERA5
1067860	26/10/2025	04	26/10/2025	00	HAE	1,6	0	0,3	0	91,0	0	13,0	0	310,0	0	981,0	0	0,0	ERA5
1067861	26/10/2025	05	26/10/2025	01	HAE	1,6	0	0,4	0	92,0	0	15,0	0	310,0	0	981,0	0	0,0	ERA5
1067862	26/10/2025	06	26/10/2025	02	HAE	1,0	0	-0,6	0	89,0	0	15,0	0	320,0	0	982,0	0	0,0	ERA5
1067863	26/10/2025	07	26/10/2025	03	HAE	0,8	0	-0,7	0	90,0	0	13,0	0	310,0	0	982,0	0	0,0	ERA5
1067864	26/10/2025	08	26/10/2025	04	HAE	0,6	0	-0,8	0	90,0	0	13,0	0	310,0	0	982,0	0	0,0	ERA5
1067865	26/10/2025	09	26/10/2025	05	HAE	0,5	0	-1,0	0	90,0	0	13,0	0	310,0	0	983,0	0	0,0	ERA5
1067866	26/10/2025	10	26/10/2025	06	HAE	0,2	0	-1,4	0	89,0	0	11,0	0	310,0	0	983,0	0	0,0	ERA5
1067867	26/10/2025	11	26/10/2025	07	HAE	-0,2	0	-1,5	0	91,0	0	13,0	0	320,0	0	984,0	0	0,0	ERA5
1067868	26/10/2025	12	26/10/2025	08	HAE	-0,5	0	-1,6	0	92,0	0	9,0	0	320,0	0	984,0	0	3,6	ERA5
1067869	26/10/2025	13	26/10/2025	09	HAE	-0,3	0	-1,7	0	90,0	0	13,0	0	330,0	0	985,0	0	59,4	ERA5
1067870	26/10/2025	14	26/10/2025	10	HAE	0,6	0	-2,1	0	82,0	0	11,0	0	310,0	0	985,0	0	181,2	ERA5
1067871	26/10/2025	15	26/10/2025	11	HAE	0,3	0	-1,6	0	87,0	0	11,0	0	330,0	0	985,0	0	319,5	ERA5
1067872	26/10/2025	16	26/10/2025	12	HAE	1,4	0	-1,7	0	80,0	0	13,0	0	300,0	0	985,0	0	540,3	ERA5
1067873	26/10/2025	17	26/10/2025	13	HAE	1,4	0	-1,5	0	81,0	0	15,0	0	300,0	0	985,0	0	748,3	ERA5
1067874	26/10/2025	18	26/10/2025	14	HAE	1,5	0	-1,1	0	83,0	0	15,0	0	300,0	0	984,0	0	591,3	ERA5
1067875	26/10/2025	19	26/10/2025	15	HAE	1,1	0	-2,8	0	75,0	0	13,0	0	300,0	0	984,0	0	483,5	ERA5
1067876	26/10/2025	20	26/10/2025	16	HAE	1,3	0	-3,1	0	73,0	0	15,0	0	300,0	0	985,0	0	360,0	ERA5
1067877	26/10/2025	21	26/10/2025	17	HAE	0,9	0	-3,4	0	73,0	0	11,0	0	300,0	0	985,0	0	210,3	ERA5
1067878	26/10/2025	22	26/10/2025	18	HAE	-0,2	0	-3,6	0	78,0	0	5,0	0	330,0	0	985,0	0	33,7	ERA5
1067879	26/10/2025	23	26/10/2025	19	HAE	-1,2	0	-3,6	0	84,0	0	8,0	0	350,0	0	985,0	0	0,0	ERA5
1067880	27/10/2025	00	26/10/2025	20	HAE	-2,0	0	-3,3	0	91,0	0	8,0	0	340,0	0	985,0	0	0,0	ERA5
1067881	27/10/2025	01	26/10/2025	21	HAE	-1,9	0	-3,7	0	88,0	0	5,0	0	330,0	0	985,0	0	0,0	ERA5
1067882	27/10/2025	02	26/10/2025	22	HAE	-2,3	0	-3,6	0	91,0	0	5,0	0	330,0	0	985,0	0	0,0	ERA5
1067883	27/10/2025	03	26/10/2025	23	HAE	-1,5	0	-3,1	0	89,0	0	8,0	0	330,0	0	985,0	0	0,0	ERA5
1067884	27/10/2025	04	27/10/2025	00	HAE	-1,2	0	-2,9	0	88,0	0	8,0	0	330,0	0	985,0	0	0,0	ERA5
1067885	27/10/2025	05	27/10/2025	01	HAE	-1,1	0	-2,8	0	88,0	0	8,0	0	330,0	0	986,0	0	0,0	ERA5
1067886	27/10/2025	06	27/10/2025	02	HAE	-1,1	0	-2,5	0	90,0	0	8,0	0	340,0	0	986,0	0	0,0	ERA5
1067887	27/10/2025	07	27/10/2025	03	HAE	-1,9	0	-2,9	0	93,0	0	5,0	0	10,0	0	985,0	0	0,0	ERA5
1067888	27/10/2025	08	27/10/2025	04	HAE	-0,9	0	-1,8	0	94,0	0	8,0	0	330,0	0	985,0	0	0,0	ERA5
1067889	27/10/2025	09	27/10/2025	05	HAE	-0,9	0	-1,3	0	97,0	0	5,0	0	320,0	0	986,0	0	0,0	ERA5
1067890	27/10/2025	10	27/10/2025	06	HAE	-0,6	0	-0,7	0	99,0	0	4,0	0	320,0	0	986,0	0	0,0	ERA5
1067891	27/10/2025	11	27/10/2025	07	HAE	-0,5	0	-0,5	0	100,0	0	5,0	0	330,0	0	986,0	0	0,0	ERA5
1067892	27/10/2025	12	27/10/2025	08	HAE	-0,4	0	-0,4	0	100,0	0	5,0	0	320,0	0	986,0	0	7,8	ERA5
1067893	27/10/2025	13	27/10/2025	09	HAE	-0,15	4.lineaire	-0,3	4.lineaire	100,0	0	0,0	0	0,0	0	987,0	0	256,3	ERA5
1067894	27/10/2025	14	27/10/2025	10	HAE	0,1	0	-0,2	0	98,0	0	0,0	0	0,0	0	987,0	0	681,8	ERA5
1067895	27/10/2025	15	27/10/2025	11	HAE	0,8	0	0,5	0	98,0	0	5,0	0	80,0	0	987,0	0	1147,2	ERA5
1067896	27/10/2025	16	27/10/2025	12	HAE	1,5	0	1,1	0	97,0	0	4,0	0	0,0	0	987,0	0	1338,6	ERA5
1067897	27/10/2025	17	27/10/2025	13	HAE	2,0	0	0,9	0	93,0	0	4,0	0	0,0	0	986,0	0	1514,9	ERA5
1067898	27/10/2025	18	27/10/2025	14	HAE	3,1	0	1,0	0	86,0	0	0,0	0	0,0	0	986,0	0	1382,9	ERA5
1067899	27/10/2025	19	27/10/2025	15	HAE	4,8	0	1,6	0	80,0	0	4,0	0	0,0	0	985,0	0	1096,4	ERA5
1067900	27/10/2025	20	27/10/2025	16	HAE	5,3	0	0,9	0	73,0	0	0,0	0	0,0	0	985,0	0	736,6	ERA5
1067901	27/10/2025	21	27/10/2025	17	HAE	5,3	0	1,2	0	75,0	0	8,0	0	300,0	0	985,0	0	340,7	ERA5
1067902	27/10/2025	22	27/10/2025	18	HAE	2,7	0	0,8	0	87,0	0	5,0	0	330,0	0	985,0	0	50,0	ERA5
1067903	27/10/2025	23	27/10/2025	19	HAE	-0,1	0	-1,7	0	89,0	0	0,0	0	0,0	0	986,0	0	0,0	ERA5
1067904	28/10/2025	00	27/10/2025	20	HAE	-0,5	4.lineaire	-0,3	0	98,0	0	0,0	0	0,0	0	986,0	0	0,0	ERA5
1067905	28/10/2025	01	27/10/2025	21	HAE	-0,9	0	-1,0	0	99,0	0	4,0	0	70,0	0	986,0	0	0,0	ERA5
1067906	28/10/2025	02	27/10/2025	22	HAE	-0,1	0	-0,2	0	99,0	0	5,0	0	110,0	0	986,0	0	0,0	ERA5
1067907	28/10/2025	03	27/10/2025	23	HAE	0,3	0	-0,65	4.lineaire	98,0	0	5,0	0	100,0	0	986,0	0	0,0	ERA5
1067908	28/10/2025	04	28/10/2025	00	HAE	-1,0	0	-1,1	0	99,0	0	4,0	0	120,0	0	986,0	0	0,0	ERA5
1067909	28/10/2025	05	28/10/2025	01	HAE	-1,2	0	-1,3	0	99,0	0	4,0	0	100,0	0	986,0	0	0,0	ERA5
1067910	28/10/2025	06	28/10/2025	02	HAE	-2,1	0	-2,1	0	100,0	0	5,0	0	90,0	0	986,0	0	0,0	ERA5
1067911	28/10/2025	07	28/10/2025	03	HAE	-2,3	0	-2,3	0	100,0	0	5,0	0	90,0	0	986,0	0	0,0	ERA5
1067912	28/10/2025	08	28/10/2025	04	HAE	-2,0	0	-2,0	0	100,0	0	4,0	0	100,0	0	986,0	0	0,0	ERA5
1067913	28/10/2025	09	28/10/2025	05	HAE	-1,6	0	-1,6	0	100,0	0	4,0	0	0,0	0	986,0	0	0,0	ERA5
1067914	28/10/2025	10	28/10/2025	06	HAE	-2,4	0	-2,4	0	100,0	0	4,0	0	0,0	0	987,0	0	0,0	ERA5
1067915	28/10/2025	11	28/10/2025	07	HAE	-2,1	0	-2,1	0	100,0	0	4,0	0	110,0	0	987,0	0	0,0	ERA5
1067916	28/10/2025	12	28/10/2025	08	HAE	-1,9	0	-1,9	0	100,0	0	0,0	0	0,0	0	987,0	0	5,2	ERA5
1067917	28/10/2025	13	28/10/2025	09	HAE	-1,7	0	-1,7	0	100,0	0	0,0	0	0,0	0	988,0	0	126,5	ERA5
1067918	28/10/2025	14	28/10/2025	10	HAE	-1,3	0	-1,3	0	100,0	0	0,0	0	0,0	0	988,0	0	363,9	ERA5
1067919	28/10/2025	15	28/10/2025	11	HAE	-0,8	0	-0,8	0	100,0	0	4,0	0	0,0	0	988,0	0	557,4	ERA5
1067920	28/10/2025	16	28/10/2025	12	HAE	-0,2	0	-0,2	0	100,0	0	4,0	0	0,0	0	988,0	0	939,8	ERA5
1067921	28/10/2025	17	28/10/2025	13	HAE	0,7	0	0,7	0	100,0	0	4,0	0	0,0	0	987,0	0	1179,7	ERA5
1067922	28/10/2025	18	28/10/2025	14	HAE	1,2	0	1,2	0	100,0	0	4,0	0	0,0	0	987,0	0	1431,9	ERA5
1067923	28/10/2025	19	28/10/2025	15	HAE	1,4	0	0,7	0	95,0	0	8,0	0	330,0	0	987,0	0	1029,9	ERA5
1067924	28/10/2025	20	28/10/2025	16	HAE	3,0	0	0,8	0	86,0	0	8,0	0	340,0	0	986,0	0	817,2	ERA5
1067925	28/10/2025	21	28/10/2025	17	HAE	3,0	0	0,6	0	84,0	0	8,0	0	10,0	0	986,0	0	400,1	ERA5
1067926	28/10/2025	22	28/10/2025	18	HAE	0,7	0	-0,5	0	92,0	0	5,0	0	330,0	0	986,0	0	52,6	ERA5
1067927	28/10/2025	23	28/10/2025	19	HAE	-0,9	0	-1,5	0	96,0	0	4,0	0	330,0	0	986,0	0	0,0	ERA5
1067928	29/10/2025	00	28/10/2025	20	HAE	-1,0	0	-1,1	0	99,0	0	9,0	0	30,0	0	986,0	0	0,0	ERA5
1067929	29/10/2025	01	28/10/2025	21	HAE	0,6	0	0,5	0	99,0	0	8,0	0	30,0	0	986,0	0	0,0	ERA5
1067930	29/10/2025	02	28/10/2025	22	HAE	1,0	0	0,9	0	99,0	0	9,0	0	50,0	0	986,0	0	0,0	ERA5
1067931	29/10/2025	03	28/10/2025	23	HAE	1,2	0	1,2	0	100,0	0	4,0	0	0,0	0	985,0	0	0,0	ERA5
1067932	29/10/2025	04	29/10/2025	00	HAE	1,5	0	1,5	0	100,0	0	5,0	0	50,0	0	984,0	0	0,0	ERA5
1067933	29/10/2025	05	29/10/2025	01	HAE	0,9	0	0,9	0	100,0	0	11,0	0	40,0	0	984,0	0	0,0	ERA5
1067934	29/10/2025	06	29/10/2025	02	HAE	-0,3	0	-0,3	0	100,0	0	8,0	0	350,0	0	984,0	0	0,0	ERA5
1067935	29/10/2025	07	29/10/2025	03	HAE	-1,6	0	-1,6	0	100,0	0	8,0	0	330,0	0	983,0	0	0,0	ERA5
1067936	29/10/2025	08	29/10/2025	04	HAE	-2,6	0	-2,6	0	100,0	0	8,0	0	340,0	0	983,0	0	0,0	ERA5
1067937	29/10/2025	09	29/10/2025	05	HAE	-2,7	0	-2,8	0	99,0	0	4,0	0	310,0	0	983,0	0	0,0	ERA5
1067938	29/10/2025	10	29/10/2025	06	HAE	-2,2	0	-2,5	0	98,0	0	8,0	0	340,0	0	983,0	0	0,0	ERA5
1067939	29/10/2025	11	29/10/2025	07	HAE	-2,8	0	-3,1	0	98,0	0	4,0	0	340,0	0	982,0	0	0,0	ERA5
1067940	29/10/2025	12	29/10/2025	08	HAE	-3,0	0	-3,3	0	98,0	0	4,0	0	330,0	0	982,0	0	4,9	ERA5
1067941	29/10/2025	13	29/10/2025	09	HAE	-0,2	0	-0,6	0	97,0	0	4,0	0	0,0	0	982,0	0	272,2	ERA5
1067942	29/10/2025	14	29/10/2025	10	HAE	2,7	0	1,5	0	92,0	0	5,0	0	60,0	0	981,0	0	735,3	ERA5
1067943	29/10/2025	15	29/10/2025	11	HAE	5,8	0	1,4	0	73,0	0	8,0	0	50,0	0	981,0	0	1168,4	ERA5
1067944	29/10/2025	16	29/10/2025	12	HAE	7,6	0	1,2	0	64,0	0	8,0	0	80,0	0	980,0	0	1481,4	ERA5
1067945	29/10/2025	17	29/10/2025	13	HAE	8,8	0	1,6	0	61,0	0	5,0	0	0,0	0	979,0	0	1596,7	ERA5
1067946	29/10/2025	18	29/10/2025	14	HAE	9,9	0	1,8	0	57,0	0	13,0	0	70,0	0	979,0	0	1542,3	ERA5
1067947	29/10/2025	19	29/10/2025	15	HAE	10,2	0	1,3	0	54,0	0	13,0	0	60,0	0	978,0	0	1230,7	ERA5
1067948	29/10/2025	20	29/10/2025	16	HAE	9,3	0	1,1	0	56,0	0	8,0	0	60,0	0	977,0	0	836,2	ERA5
1067949	29/10/2025	21	29/10/2025	17	HAE	8,1	0	1,3	0	62,0	0	8,0	0	60,0	0	977,0	0	378,4	ERA5
1067950	29/10/2025	22	29/10/2025	18	HAE	5,9	0	2,7	0	80,0	0	9,0	0	80,0	0	977,0	0	44,9	ERA5
1067951	29/10/2025	23	29/10/2025	19	HAE	5,4	0	1,3	0	75,0	0	9,0	0	90,0	0	977,0	0	0,0	ERA5
1067952	30/10/2025	00	29/10/2025	20	HAE	3,7	0	0,8	0	81,0	0	9,0	0	90,0	0	976,0	0	0,0	ERA5
1067953	30/10/2025	01	29/10/2025	21	HAE	2,8	0	0,4	0	84,0	0	5,0	0	110,0	0	976,0	0	0,0	ERA5
1067954	30/10/2025	02	29/10/2025	22	HAE	3,0	0	1,0	0	87,0	0	9,0	0	110,0	0	975,0	0	0,0	ERA5
1067955	30/10/2025	03	29/10/2025	23	HAE	2,2	0	0,6	0	89,0	0	4,0	0	0,0	0	975,0	0	0,0	ERA5
1067956	30/10/2025	04	30/10/2025	00	HAE	2,3	0	0,9	0	91,0	0	5,0	0	150,0	0	974,0	0	0,0	ERA5
1067957	30/10/2025	05	30/10/2025	01	HAE	1,8	0	0,3	0	90,0	0	9,0	0	150,0	0	974,0	0	0,0	ERA5
1067958	30/10/2025	06	30/10/2025	02	HAE	1,3	0	0,4	0	94,0	0	5,0	0	140,0	0	974,0	0	0,0	ERA5
1067959	30/10/2025	07	30/10/2025	03	HAE	0,7	0	0,1	4.lineaire	95,0	0	8,0	0	150,0	0	974,0	0	0,0	ERA5
1067960	30/10/2025	08	30/10/2025	04	HAE	0,5	0	-0,2	0	95,0	0	9,0	0	130,0	0	973,0	0	0,0	ERA5
1067961	30/10/2025	09	30/10/2025	05	HAE	-0,4	0	-0,8	0	97,0	0	5,0	0	140,0	0	973,0	0	0,0	ERA5
1067962	30/10/2025	10	30/10/2025	06	HAE	-1,0	0	-1,1	0	99,0	0	5,0	0	140,0	0	972,0	0	0,0	ERA5
1067963	30/10/2025	11	30/10/2025	07	HAE	-0,4	0	-0,7	0	98,0	0	9,0	0	130,0	0	972,0	0	0,0	ERA5
1067964	30/10/2025	12	30/10/2025	08	HAE	-0,6	0	-0,9	0	98,0	0	8,0	0	140,0	0	972,0	0	3,0	ERA5
1067965	30/10/2025	13	30/10/2025	09	HAE	-0,1	0	-0,4	0	98,0	0	5,0	0	150,0	0	971,0	0	189,9	ERA5
1067966	30/10/2025	14	30/10/2025	10	HAE	1,2	0	0,5	0	95,0	0	11,0	0	150,0	0	971,0	0	559,0	ERA5
1067967	30/10/2025	15	30/10/2025	11	HAE	2,5	0	1,2	0	91,0	0	9,0	0	130,0	0	971,0	0	860,8	ERA5
1067968	30/10/2025	16	30/10/2025	12	HAE	3,4	0	1,3	0	86,0	0	4,0	0	0,0	0	970,0	0	980,2	ERA5
1067969	30/10/2025	17	30/10/2025	13	HAE	5,7	0	1,1	0	72,0	0	9,0	0	150,0	0	969,0	0	987,3	ERA5
1067970	30/10/2025	18	30/10/2025	14	HAE	6,4	0	0,5	0	66,0	0	15,0	0	130,0	0	968,0	0	926,7	ERA5
1067971	30/10/2025	19	30/10/2025	15	HAE	6,3	0	0,3	4.lineaire	64,0	0	17,0	0	140,0	0	967,0	0	703,0	ERA5
1067972	30/10/2025	20	30/10/2025	16	HAE	6,0	0	0,1	0	66,0	0	11,0	0	130,0	0	966,0	0	414,5	ERA5
1067973	30/10/2025	21	30/10/2025	17	HAE	5,7	0	0,7	0	70,0	0	8,0	0	140,0	0	966,0	0	179,5	ERA5
1067974	30/10/2025	22	30/10/2025	18	HAE	5,1	0	0,7	0	73,0	0	5,0	0	130,0	0	966,0	0	20,3	ERA5
1067975	30/10/2025	23	30/10/2025	19	HAE	4,3	0	1,2	0	80,0	0	5,0	0	90,0	0	965,0	0	0,0	ERA5
1067976	31/10/2025	00	30/10/2025	20	HAE	4,4	0	1,1	0	79,0	0	9,0	0	90,0	0	964,0	0	0,0	ERA5
1067977	31/10/2025	01	30/10/2025	21	HAE	4,2	0	1,2	0	81,0	0	11,0	0	130,0	0	964,0	0	0,0	ERA5
1067978	31/10/2025	02	30/10/2025	22	HAE	3,3	0	1,4	0	87,0	0	18,0	0	130,0	0	963,0	0	0,0	ERA5
1067979	31/10/2025	03	30/10/2025	23	HAE	2,9	0	1,4	0	90,0	0	9,0	0	110,0	0	962,0	0	0,0	ERA5
1067980	31/10/2025	04	31/10/2025	00	HAE	2,9	0	1,7	0	92,0	0	11,0	0	80,0	0	962,0	0	0,0	ERA5
1067981	31/10/2025	05	31/10/2025	01	HAE	2,9	0	2,5	0	97,0	0	8,0	0	40,0	0	961,0	0	0,0	ERA5
1067982	31/10/2025	06	31/10/2025	02	HAE	3,2	0	3,1	0	99,0	0	8,0	0	40,0	0	959,0	0	0,0	ERA5
1067983	31/10/2025	07	31/10/2025	03	HAE	3,5	0	3,4	0	99,0	0	9,0	0	30,0	0	958,0	0	0,0	ERA5
1067984	31/10/2025	08	31/10/2025	04	HAE	3,6	0	3,5	0	99,0	0	9,0	0	40,0	0	957,0	0	0,0	ERA5
1067985	31/10/2025	09	31/10/2025	05	HAE	3,5	0	3,2	0	98,0	0	9,0	0	20,0	0	956,0	0	0,0	ERA5
1067986	31/10/2025	10	31/10/2025	06	HAE	3,6	0	3,3	0	98,0	0	15,0	0	10,0	0	954,0	0	0,0	ERA5
1067987	31/10/2025	11	31/10/2025	07	HAE	3,7	0	3,4	0	98,0	0	11,0	0	10,0	0	954,0	0	0,0	ERA5
1067988	31/10/2025	12	31/10/2025	08	HAE	3,9	0	3,7	0	99,0	0	15,0	0	30,0	0	953,0	0	0,3	ERA5
1067989	31/10/2025	13	31/10/2025	09	HAE	4,0	0	3,7	0	98,0	0	18,0	0	10,0	0	952,0	0	20,5	ERA5
1067990	31/10/2025	14	31/10/2025	10	HAE	4,3	0	4,0	0	98,0	0	11,0	0	360,0	0	951,0	0	60,4	ERA5
1067991	31/10/2025	15	31/10/2025	11	HAE	4,5	0	4,1	0	97,0	0	18,0	0	10,0	0	949,0	0	142,0	ERA5
1067992	31/10/2025	16	31/10/2025	12	HAE	4,8	0	4,4	0	97,0	0	18,0	0	20,0	0	948,0	0	152,9	ERA5
1067993	31/10/2025	17	31/10/2025	13	HAE	5,0	0	4,4	0	96,0	0	18,0	0	20,0	0	947,0	0	131,7	ERA5
1067994	31/10/2025	18	31/10/2025	14	HAE	5,2	0	4,6	0	96,0	0	21,0	0	10,0	0	946,0	0	94,3	ERA5
1067995	31/10/2025	19	31/10/2025	15	HAE	5,2	0	4,6	0	96,0	0	22,0	0	10,0	0	945,0	0	80,3	ERA5
1067996	31/10/2025	20	31/10/2025	16	HAE	5,1	0	4,5	0	96,0	0	22,0	0	360,0	0	945,0	0	69,5	ERA5
1067997	31/10/2025	21	31/10/2025	17	HAE	5,0	0	4,1	0	94,0	0	22,0	0	360,0	0	945,0	0	26,4	ERA5
1067998	31/10/2025	22	31/10/2025	18	HAE	4,3	0	3,6	0	95,0	0	24,0	0	360,0	0	945,0	0	4,3	ERA5
1067999	31/10/2025	23	31/10/2025	19	HAE	4,2	0	3,5	0	95,0	0	24,0	0	350,0	0	945,0	0	0,0	ERA5
1068000	01/11/2025	00	31/10/2025	20	HAE	4,2	0	3,6	0	96,0	0	18,0	0	350,0	0	946,0	0	0,0	ERA5
1068001	01/11/2025	01	31/10/2025	21	HAE	3,9	0	3,2	0	95,0	0	30,0	0	340,0	0	946,0	0	0,0	ERA5
1068002	01/11/2025	02	31/10/2025	22	HAE	3,2	0	2,5	0	95,0	0	30,0	0	330,0	0	946,0	0	0,0	ERA5
1068003	01/11/2025	03	31/10/2025	23	HAE	2,9	0	1,9	0	93,0	0	32,0	0	330,0	0	947,0	0	0,0	ERA5
1068004	01/11/2025	04	01/11/2025	00	HAE	2,8	0	1,8	0	93,0	0	32,0	0	330,0	0	947,0	0	0,0	ERA5
1068005	01/11/2025	05	01/11/2025	01	HAE	2,2	0	1,5	0	95,0	0	24,0	0	320,0	0	948,0	0	0,0	ERA5
1068006	01/11/2025	06	01/11/2025	02	HAE	1,6	0	0,6	0	93,0	0	24,0	0	320,0	0	949,0	0	0,0	ERA5
1068007	01/11/2025	07	01/11/2025	03	HAE	1,1	0	0,15	4.lineaire	93,0	0	26,0	0	320,0	0	950,0	0	0,0	ERA5
1068008	01/11/2025	08	01/11/2025	04	HAE	0,6	0	-0,3	0	94,0	0	22,0	0	310,0	0	950,0	0	0,0	ERA5
1068009	01/11/2025	09	01/11/2025	05	HAE	0,5	0	-0,4	0	94,0	0	21,0	0	310,0	0	951,0	0	0,0	ERA5
1068010	01/11/2025	10	01/11/2025	06	HAE	0,4	0	-0,6	0	93,0	0	22,0	0	310,0	0	952,0	0	0,0	ERA5
1068011	01/11/2025	11	01/11/2025	07	HAE	0,2	0	-0,8	0	93,0	0	22,0	0	310,0	0	953,0	0	0,0	ERA5
1068012	01/11/2025	12	01/11/2025	08	HAE	0,1	0	-1,1	0	92,0	0	26,0	0	310,0	0	955,0	0	0,5	ERA5
1068013	01/11/2025	13	01/11/2025	09	HAE	-0,1	0	-1,0	0	94,0	0	21,0	0	300,0	0	956,0	0	67,8	ERA5
1068014	01/11/2025	14	01/11/2025	10	HAE	-0,1	0	-1,1	0	93,0	0	15,0	0	310,0	0	957,0	0	226,5	ERA5
1068015	01/11/2025	15	01/11/2025	11	HAE	0,3	0	-1,8	0	86,0	0	22,0	0	310,0	0	958,0	0	320,9	ERA5
1068016	01/11/2025	16	01/11/2025	12	HAE	1,5	0	-1,7	0	79,0	0	17,0	0	310,0	0	959,0	0	455,0	ERA5
1068017	01/11/2025	17	01/11/2025	13	HAE	0,8	0	-2,5	0	79,0	0	24,0	0	310,0	0	960,0	0	677,3	ERA5
1068018	01/11/2025	18	01/11/2025	14	HAE	1,0	0	-3,2	0	74,0	0	28,0	0	300,0	0	961,0	0	542,3	ERA5
1068019	01/11/2025	19	01/11/2025	15	HAE	1,1	0	-3,5	0	71,0	0	21,0	0	320,0	0	962,0	0	302,1	ERA5
1068020	01/11/2025	20	01/11/2025	16	HAE	1,3	0	-3,0	0	73,0	0	11,0	0	310,0	0	963,0	0	297,9	ERA5
1068021	01/11/2025	21	01/11/2025	17	HAE	0,6	0	-2,0	0	83,0	0	13,0	0	310,0	0	964,0	0	125,5	ERA5
1068022	01/11/2025	22	01/11/2025	18	HAE	0,1	0	-2,1	0	85,0	0	13,0	0	300,0	0	965,0	0	10,4	ERA5
1068023	01/11/2025	23	01/11/2025	19	HAE	0,1	0	-2,2	0	85,0	0	15,0	0	290,0	0	966,0	0	0,0	ERA5
1068024	02/11/2025	00	01/11/2025	20	HAE	0,1	0	-2,5	0	83,0	0	11,0	0	280,0	0	966,0	0	0,0	ERA5
1068025	02/11/2025	01	01/11/2025	21	HAE	0,1	0	-2,3	0	84,0	0	15,0	0	280,0	0	967,0	0	0,0	ERA5
1068026	02/11/2025	02	01/11/2025	22	HAE	0,2	0	-2,4	0	83,0	0	9,0	0	280,0	0	968,0	0	0,0	ERA5
1068027	02/11/2025	03	01/11/2025	23	HAE	0,2	4.lineaire	-2,9	0	81,0	0	9,0	0	270,0	0	968,0	0	0,0	ERA5
1068028	02/11/2025	04	02/11/2025	00	HAE	0,2	0	-3,9	0	74,0	0	13,0	0	290,0	0	968,0	0	0,0	ERA5
1068029	02/11/2025	05	02/11/2025	01	HAE	0,2	4.constant	-3,9	4.constant	74,0	4.constant	13,0	4.constant	290,0	4.constant	968,0	4.constant	0,0	ERA5
1068030	02/11/2025	06	02/11/2025	01	HNE	0,1	0	-4,9	0	69,0	0	9,0	0	290,0	0	969,0	0	0,0	ERA5
1068031	02/11/2025	07	02/11/2025	02	HNE	0,0	4.lineaire	-4,8	0	70,0	0	9,0	0	270,0	0	970,0	0	0,0	ERA5
1068032	02/11/2025	08	02/11/2025	03	HNE	-0,1	0	-4,7	0	71,0	0	8,0	0	260,0	0	970,0	0	0,0	ERA5
1068033	02/11/2025	09	02/11/2025	04	HNE	-0,4	0	-2,8	0	84,0	0	11,0	0	270,0	0	971,0	0	0,0	ERA5
1068034	02/11/2025	10	02/11/2025	05	HNE	-1,1	0	-2,1	0	93,0	0	9,0	0	250,0	0	971,0	0	0,0	ERA5
1068035	02/11/2025	11	02/11/2025	06	HNE	-1,1	0	-1,8	0	95,0	0	9,0	0	240,0	0	971,0	0	0,0	ERA5
1068036	02/11/2025	12	02/11/2025	07	HNE	-1,3	0	-2,1	0	94,0	0	13,0	0	250,0	0	972,0	0	0,5	ERA5
1068037	02/11/2025	13	02/11/2025	08	HNE	-1,0	0	-2,3	0	91,0	0	18,0	0	240,0	0	972,0	0	107,0	ERA5
1068038	02/11/2025	14	02/11/2025	09	HNE	-0,5	0	-3,4	0	81,0	0	18,0	0	260,0	0	972,0	0	399,4	ERA5
1068039	02/11/2025	15	02/11/2025	10	HNE	-0,3	0	-4,1	0	76,0	0	17,0	0	250,0	0	972,0	0	709,2	ERA5
1068040	02/11/2025	16	02/11/2025	11	HNE	0,4	0	-3,8	0	73,0	0	18,0	0	240,0	0	972,0	0	726,6	ERA5
1068041	02/11/2025	17	02/11/2025	12	HNE	0,1	0	-3,6	0	76,0	0	21,0	0	230,0	0	972,0	0	743,2	ERA5
1068042	02/11/2025	18	02/11/2025	13	HNE	0,6	0	-4,6	0	68,0	0	15,0	0	240,0	0	971,0	0	484,9	ERA5
1068043	02/11/2025	19	02/11/2025	14	HNE	0,3	0	-4,2	0	72,0	0	18,0	0	240,0	0	971,0	0	595,2	ERA5
1068044	02/11/2025	20	02/11/2025	15	HNE	0,5	0	-4,2	0	71,0	0	18,0	0	220,0	0	971,0	0	399,9	ERA5
1068045	02/11/2025	21	02/11/2025	16	HNE	0,2	0	-4,1	0	73,0	0	18,0	0	220,0	0	970,0	0	236,0	ERA5
1068046	02/11/2025	22	02/11/2025	17	HNE	0,3	4.lineaire	-3,2	0	79,0	0	13,0	0	190,0	0	970,0	0	18,7	ERA5
1068047	02/11/2025	23	02/11/2025	18	HNE	0,4	0	-3,7	0	74,0	0	18,0	0	190,0	0	970,0	0	0,0	ERA5
1068048	03/11/2025	00	02/11/2025	19	HNE	0,6	0	-4,1	0	71,0	0	17,0	0	200,0	0	970,0	0	0,0	ERA5
1068049	03/11/2025	01	02/11/2025	20	HNE	-0,1	0	-3,7	0	77,0	0	17,0	0	170,0	0	969,0	0	0,0	ERA5
1068050	03/11/2025	02	02/11/2025	21	HNE	-0,2	0	-3,9	0	76,0	0	22,0	0	170,0	0	968,0	0	0,0	ERA5
1068051	03/11/2025	03	02/11/2025	22	HNE	-0,3	0	-3,7	0	78,0	0	22,0	0	170,0	0	966,0	0	0,0	ERA5
1068052	03/11/2025	04	02/11/2025	23	HNE	-0,1	0	-3,1	0	80,0	0	21,0	0	170,0	0	966,0	0	0,0	ERA5
1068053	03/11/2025	05	03/11/2025	00	HNE	0,6	0	-2,6	0	79,0	0	22,0	0	160,0	0	964,0	0	0,0	ERA5
1068054	03/11/2025	06	03/11/2025	01	HNE	1,1	0	-2,0	0	80,0	0	24,0	0	180,0	0	964,0	0	0,0	ERA5
1068055	03/11/2025	07	03/11/2025	02	HNE	1,2	0	-1,3	0	83,0	0	24,0	0	180,0	0	962,0	0	0,0	ERA5
1068056	03/11/2025	08	03/11/2025	03	HNE	1,5	0	-0,9	0	84,0	0	30,0	0	180,0	0	961,0	0	0,0	ERA5
1068057	03/11/2025	09	03/11/2025	04	HNE	1,9	0	-0,7	0	83,0	0	24,0	0	180,0	0	960,0	0	0,0	ERA5
1068058	03/11/2025	10	03/11/2025	05	HNE	2,8	0	0,1	0	82,0	0	24,0	0	170,0	0	959,0	0	0,0	ERA5
1068059	03/11/2025	11	03/11/2025	06	HNE	3,3	0	0,7	0	83,0	0	26,0	0	180,0	0	958,0	0	0,0	ERA5
1068060	03/11/2025	12	03/11/2025	07	HNE	3,6	0	1,0	0	83,0	0	28,0	0	180,0	0	957,0	0	0,1	ERA5
1068061	03/11/2025	13	03/11/2025	08	HNE	3,5	0	1,9	0	89,0	0	34,0	0	180,0	0	956,0	0	45,1	ERA5
1068062	03/11/2025	14	03/11/2025	09	HNE	3,5	0	2,5	0	93,0	0	30,0	0	180,0	0	956,0	0	163,8	ERA5
1068063	03/11/2025	15	03/11/2025	10	HNE	3,6	0	2,7	0	94,0	0	37,0	0	180,0	0	955,0	0	234,8	ERA5
1068064	03/11/2025	16	03/11/2025	11	HNE	3,5	0	2,9	0	96,0	0	28,0	0	190,0	0	954,0	0	177,7	ERA5
1068065	03/11/2025	17	03/11/2025	12	HNE	3,8	0	2,9	0	94,0	0	30,0	0	200,0	0	953,0	0	223,9	ERA5
1068066	03/11/2025	18	03/11/2025	13	HNE	4,0	0	3,0	0	93,0	0	32,0	0	200,0	0	953,0	0	189,9	ERA5
1068067	03/11/2025	19	03/11/2025	14	HNE	4,1	0	3,2	0	94,0	0	21,0	0	200,0	0	952,0	0	136,4	ERA5
1068068	03/11/2025	20	03/11/2025	15	HNE	4,0	0	3,3	0	95,0	0	18,0	0	200,0	0	952,0	0	99,8	ERA5
1068069	03/11/2025	21	03/11/2025	16	HNE	4,0	0	3,3	0	95,0	0	21,0	0	210,0	0	952,0	0	41,9	ERA5
1068070	03/11/2025	22	03/11/2025	17	HNE	3,8	0	3,2	0	96,0	0	21,0	0	200,0	0	952,0	0	5,1	ERA5
1068071	03/11/2025	23	03/11/2025	18	HNE	3,8	0	3,2	0	96,0	0	15,0	0	200,0	0	952,0	0	0,0	ERA5
1068072	04/11/2025	00	03/11/2025	19	HNE	4,0	0	3,4	0	96,0	0	18,0	0	240,0	0	952,0	0	0,0	ERA5
1068073	04/11/2025	01	03/11/2025	20	HNE	3,8	0	3,4	0	97,0	0	11,0	0	220,0	0	952,0	0	0,0	ERA5
1068074	04/11/2025	02	03/11/2025	21	HNE	3,4	0	2,5	0	94,0	0	21,0	0	260,0	0	953,0	0	0,0	ERA5
1068075	04/11/2025	03	03/11/2025	22	HNE	2,6	0	1,9	0	95,0	0	13,0	0	270,0	0	953,0	0	0,0	ERA5
1068076	04/11/2025	04	03/11/2025	23	HNE	2,5	0	1,3	0	92,0	0	17,0	0	290,0	0	954,0	0	0,0	ERA5
1068077	04/11/2025	05	04/11/2025	00	HNE	2,1	0	1,2	0	94,0	0	13,0	0	270,0	0	954,0	0	0,0	ERA5
1068078	04/11/2025	06	04/11/2025	01	HNE	1,9	0	1,2	0	95,0	0	11,0	0	260,0	0	954,0	0	0,0	ERA5
1068079	04/11/2025	07	04/11/2025	02	HNE	2,0	0	1,0	0	93,0	0	17,0	0	280,0	0	955,0	0	0,0	ERA5
1068080	04/11/2025	08	04/11/2025	03	HNE	1,7	0	0,7	0	93,0	0	17,0	0	270,0	0	955,0	0	0,0	ERA5
1068081	04/11/2025	09	04/11/2025	04	HNE	1,2	0	0,2	0	93,0	0	17,0	0	280,0	0	956,0	0	0,0	ERA5
1068082	04/11/2025	10	04/11/2025	05	HNE	1,1	0	0,1	0	93,0	0	15,0	0	270,0	0	956,0	0	0,0	ERA5
1068083	04/11/2025	11	04/11/2025	06	HNE	1,2	0	0,5	0	95,0	0	13,0	0	260,0	0	956,0	0	0,0	ERA5
1068084	04/11/2025	12	04/11/2025	07	HNE	1,5	0	0,8	0	95,0	0	17,0	0	260,0	0	957,0	0	0,0	ERA5
1068085	04/11/2025	13	04/11/2025	08	HNE	1,8	0	0,6	0	92,0	0	18,0	0	260,0	0	958,0	0	116,2	ERA5
1068086	04/11/2025	14	04/11/2025	09	HNE	2,2	0	0,3	0	87,0	0	26,0	0	260,0	0	958,0	0	418,9	ERA5
1068087	04/11/2025	15	04/11/2025	10	HNE	2,2	0	-0,5	0	82,0	0	22,0	0	280,0	0	958,0	0	732,1	ERA5
1068088	04/11/2025	16	04/11/2025	11	HNE	2,2	0	-0,6	0	82,0	0	21,0	0	260,0	0	959,0	0	969,5	ERA5
1068089	04/11/2025	17	04/11/2025	12	HNE	2,4	0	-0,6	0	81,0	0	22,0	0	260,0	0	958,0	0	1149,0	ERA5
1068090	04/11/2025	18	04/11/2025	13	HNE	2,1	0	-0,1	0	85,0	0	22,0	0	260,0	0	959,0	0	1261,9	ERA5
1068091	04/11/2025	19	04/11/2025	14	HNE	1,6	0	0,3	0	91,0	0	24,0	0	270,0	0	959,0	0	700,2	ERA5
1068092	04/11/2025	20	04/11/2025	15	HNE	1,7	0	0,2	0	90,0	0	22,0	0	270,0	0	960,0	0	528,6	ERA5
1068093	04/11/2025	21	04/11/2025	16	HNE	1,4	0	0,1	0	91,0	0	15,0	0	260,0	0	961,0	0	274,1	ERA5
1068094	04/11/2025	22	04/11/2025	17	HNE	1,4	0	-0,1	0	90,0	0	15,0	0	270,0	0	962,0	0	21,5	ERA5
1068095	04/11/2025	23	04/11/2025	18	HNE	1,1	0	0,4	0	95,0	0	11,0	0	250,0	0	962,0	0	0,0	ERA5
1068096	05/11/2025	00	04/11/2025	19	HNE	0,7	0	0,4	0	98,0	0	11,0	0	250,0	0	963,0	0	0,0	ERA5
1068097	05/11/2025	01	04/11/2025	20	HNE	1,5	0	0,8	0	95,0	0	17,0	0	250,0	0	963,0	0	0,0	ERA5
1068098	05/11/2025	02	04/11/2025	21	HNE	1,4	0	0,7	0	95,0	0	13,0	0	250,0	0	963,0	0	0,0	ERA5
1068099	05/11/2025	03	04/11/2025	22	HNE	1,3	0	0,6	0	95,0	0	9,0	0	220,0	0	963,0	0	0,0	ERA5
1068100	05/11/2025	04	04/11/2025	23	HNE	1,0	0	0,6	4.constant	93,0	0	13,0	0	240,0	0	963,0	0	0,0	ERA5
1068101	05/11/2025	05	05/11/2025	00	HNE	1,2	0	0,6	4.constant	92,0	0	13,0	0	240,0	0	962,0	0	0,0	ERA5
1068102	05/11/2025	06	05/11/2025	01	HNE	0,7	0	-0,5	0	92,0	0	11,0	0	230,0	0	962,0	0	0,0	ERA5
1068103	05/11/2025	07	05/11/2025	02	HNE	0,7	0	-0,8	0	90,0	0	9,0	0	220,0	0	962,0	0	0,0	ERA5
1068104	05/11/2025	08	05/11/2025	03	HNE	0,2	0	-1,4	0	89,0	0	11,0	0	220,0	0	962,0	0	0,0	ERA5
1068105	05/11/2025	09	05/11/2025	04	HNE	0,5	0	-1,3	0	88,0	0	13,0	0	220,0	0	961,0	0	0,0	ERA5
1068106	05/11/2025	10	05/11/2025	05	HNE	-0,5	0	-2,1	0	89,0	0	13,0	0	220,0	0	961,0	0	0,0	ERA5
1068107	05/11/2025	11	05/11/2025	06	HNE	-1,1	0	-2,5	0	91,0	0	8,0	0	220,0	0	960,0	0	0,0	ERA5
1068108	05/11/2025	12	05/11/2025	07	HNE	-2,3	0	-3,0	0	95,0	0	13,0	0	190,0	0	960,0	0	0,0	ERA5
1068109	05/11/2025	13	05/11/2025	08	HNE	-0,4	0	-1,8	0	90,0	0	15,0	0	200,0	0	960,0	0	120,5	ERA5
1068110	05/11/2025	14	05/11/2025	09	HNE	0,5	0	-1,4	0	87,0	0	15,0	0	210,0	0	959,0	0	384,0	ERA5
1068111	05/11/2025	15	05/11/2025	10	HNE	1,5	0	-1,1	0	83,0	0	15,0	0	200,0	0	958,0	0	677,6	ERA5
1068112	05/11/2025	16	05/11/2025	11	HNE	2,3	0	-0,7	0	80,0	0	17,0	0	190,0	0	957,0	0	831,7	ERA5
1068113	05/11/2025	17	05/11/2025	12	HNE	2,8	0	-0,9	0	76,0	0	15,0	0	210,0	0	957,0	0	885,3	ERA5
1068114	05/11/2025	18	05/11/2025	13	HNE	3,4	0	-1,1	0	72,0	0	18,0	0	210,0	0	956,0	0	832,4	ERA5
1068115	05/11/2025	19	05/11/2025	14	HNE	4,1	0	-1,1	0	69,0	0	17,0	0	210,0	0	955,0	0	575,3	ERA5
1068116	05/11/2025	20	05/11/2025	15	HNE	4,0	0	-1,4	0	68,0	0	13,0	0	250,0	0	955,0	0	470,4	ERA5
1068117	05/11/2025	21	05/11/2025	16	HNE	3,3	0	-1,7	0	70,0	0	11,0	0	280,0	0	955,0	0	239,8	ERA5
1068118	05/11/2025	22	05/11/2025	17	HNE	2,1	0	-1,7	0	76,0	0	11,0	0	290,0	0	955,0	0	15,3	ERA5
1068119	05/11/2025	23	05/11/2025	18	HNE	1,7	0	-1,6	0	79,0	0	8,0	0	290,0	0	956,0	0	0,0	ERA5
1068120	06/11/2025	00	05/11/2025	19	HNE	1,4	0	-0,5	0	87,0	0	13,0	0	300,0	0	956,0	0	0,0	ERA5
1068121	06/11/2025	01	05/11/2025	20	HNE	0,9	0	-1,0	0	87,0	0	21,0	0	310,0	0	956,0	0	0,0	ERA5
1068122	06/11/2025	02	05/11/2025	21	HNE	0,3	0	-1,0	0	91,0	0	15,0	0	290,0	0	957,0	0	0,0	ERA5
1068123	06/11/2025	03	05/11/2025	22	HNE	-0,1	0	-2,3	0	85,0	0	15,0	0	300,0	0	957,0	0	0,0	ERA5
1068124	06/11/2025	04	05/11/2025	23	HNE	-0,4	0	-2,5	0	86,0	0	15,0	0	290,0	0	957,0	0	0,0	ERA5
1068125	06/11/2025	05	06/11/2025	00	HNE	-0,7	0	-3,1	0	84,0	0	17,0	0	300,0	0	958,0	0	0,0	ERA5
1068126	06/11/2025	06	06/11/2025	01	HNE	-0,9	0	-3,0	0	86,0	0	21,0	0	300,0	0	958,0	0	0,0	ERA5
1068127	06/11/2025	07	06/11/2025	02	HNE	-1,0	0	-3,1	0	86,0	0	22,0	0	300,0	0	959,0	0	0,0	ERA5
1068128	06/11/2025	08	06/11/2025	03	HNE	-1,6	0	-2,3	0	95,0	0	15,0	0	280,0	0	959,0	0	0,0	ERA5
1068129	06/11/2025	09	06/11/2025	04	HNE	-1,7	0	-2,5	0	94,0	0	13,0	0	280,0	0	960,0	0	0,0	ERA5
1068130	06/11/2025	10	06/11/2025	05	HNE	-1,9	0	-2,6	0	95,0	0	24,0	0	280,0	0	960,0	0	0,0	ERA5
1068131	06/11/2025	11	06/11/2025	06	HNE	-2,3	0	-3,1	0	94,0	0	18,0	0	280,0	0	961,0	0	0,0	ERA5
1068132	06/11/2025	12	06/11/2025	07	HNE	-2,6	0	-3,4	0	94,0	0	17,0	0	270,0	0	962,0	0	0,0	ERA5
1068133	06/11/2025	13	06/11/2025	08	HNE	-2,7	0	-4,0	0	91,0	0	21,0	0	280,0	0	963,0	0	93,9	ERA5
1068134	06/11/2025	14	06/11/2025	09	HNE	-2,8	0	-4,2	0	90,0	0	26,0	0	280,0	0	963,0	0	439,3	ERA5
1068135	06/11/2025	15	06/11/2025	10	HNE	-2,5	0	-4,4	0	87,0	0	18,0	0	280,0	0	964,0	0	698,5	ERA5
1068136	06/11/2025	16	06/11/2025	11	HNE	-2,4	0	-4,7	0	85,0	0	22,0	0	270,0	0	964,0	0	949,6	ERA5
1068137	06/11/2025	17	06/11/2025	12	HNE	-2,5	0	-5,2	0	82,0	0	22,0	0	270,0	0	964,0	0	1110,0	ERA5
1068138	06/11/2025	18	06/11/2025	13	HNE	-2,6	0	-5,8	0	79,0	0	24,0	0	270,0	0	964,0	0	977,8	ERA5
1068139	06/11/2025	19	06/11/2025	14	HNE	-2,8	0	-7,2	0	72,0	0	21,0	0	290,0	0	964,0	0	927,3	ERA5
1068140	06/11/2025	20	06/11/2025	15	HNE	-3,3	0	-7,2	0	75,0	0	18,0	0	270,0	0	965,0	0	680,0	ERA5
1068141	06/11/2025	21	06/11/2025	16	HNE	-3,8	0	-8,5	0	70,0	0	18,0	0	270,0	0	965,0	0	222,8	ERA5
1068142	06/11/2025	22	06/11/2025	17	HNE	-4,3	0	-9,7	0	66,0	0	17,0	0	270,0	0	965,0	0	11,4	ERA5
1068143	06/11/2025	23	06/11/2025	18	HNE	-4,5	0	-9,6	0	68,0	0	13,0	0	270,0	0	966,0	0	0,0	ERA5
1068144	07/11/2025	00	06/11/2025	19	HNE	-5,2	0	-7,8	0	82,0	0	17,0	0	260,0	0	965,0	0	0,0	ERA5
1068145	07/11/2025	01	06/11/2025	20	HNE	-5,3	0	-10,2	0	69,0	0	17,0	0	290,0	0	966,0	0	0,0	ERA5
1068146	07/11/2025	02	06/11/2025	21	HNE	-5,8	0	-10,4	0	70,0	0	9,0	0	270,0	0	966,0	0	0,0	ERA5
1068147	07/11/2025	03	06/11/2025	22	HNE	-6,1	0	-10,0	0	74,0	0	9,0	0	240,0	0	965,0	0	0,0	ERA5
1068148	07/11/2025	04	06/11/2025	23	HNE	-5,8	0	-9,4	0	76,0	0	9,0	0	260,0	0	965,0	0	0,0	ERA5
1068149	07/11/2025	05	07/11/2025	00	HNE	-6,6	0	-9,5	0	80,0	0	9,0	0	250,0	0	965,0	0	0,0	ERA5
1068150	07/11/2025	06	07/11/2025	01	HNE	-7,6	0	-9,7	0	85,0	0	5,0	0	230,0	0	965,0	0	0,0	ERA5
1068151	07/11/2025	07	07/11/2025	02	HNE	-7,4	0	-9,6	0	84,0	0	5,0	0	240,0	0	965,0	0	0,0	ERA5
1068152	07/11/2025	08	07/11/2025	03	HNE	-7,3	0	-9,9	0	82,0	0	8,0	0	230,0	0	965,0	0	0,0	ERA5
1068153	07/11/2025	09	07/11/2025	04	HNE	-7,4	0	-10,4	0	79,0	0	5,0	0	220,0	0	964,0	0	0,0	ERA5
1068154	07/11/2025	10	07/11/2025	05	HNE	-7,8	0	-10,5	0	81,0	0	8,0	0	220,0	0	964,0	0	0,0	ERA5
1068155	07/11/2025	11	07/11/2025	06	HNE	-7,8	0	-10,2	0	83,0	0	8,0	0	210,0	0	964,0	0	0,0	ERA5
1068156	07/11/2025	12	07/11/2025	07	HNE	-7,6	0	-9,6	0	86,0	0	4,0	0	190,0	0	963,0	0	0,0	ERA5
1068157	07/11/2025	13	07/11/2025	08	HNE	-6,6	0	-8,3	0	88,0	0	8,0	0	190,0	0	963,0	0	100,3	ERA5
1068158	07/11/2025	14	07/11/2025	09	HNE	-5,3	0	-8,3	0	79,0	0	8,0	0	180,0	0	962,0	0	289,6	ERA5
1068159	07/11/2025	15	07/11/2025	10	HNE	-4,6	0	-7,9	0	78,0	0	11,0	0	160,0	0	962,0	0	516,0	ERA5
1068160	07/11/2025	16	07/11/2025	11	HNE	-3,8	0	-8,4	0	71,0	0	18,0	0	170,0	0	961,0	0	654,5	ERA5
1068161	07/11/2025	17	07/11/2025	12	HNE	-3,1	0	-8,1	0	69,0	0	17,0	0	150,0	0	960,0	0	726,8	ERA5
1068162	07/11/2025	18	07/11/2025	13	HNE	-2,7	0	-7,4	0	70,0	0	15,0	0	150,0	0	959,0	0	669,2	ERA5
1068163	07/11/2025	19	07/11/2025	14	HNE	-2,8	0	-7,0	0	73,0	0	18,0	0	130,0	0	958,0	0	475,1	ERA5
1068164	07/11/2025	20	07/11/2025	15	HNE	-3,2	0	-6,2	0	80,0	0	15,0	0	110,0	0	956,0	0	223,0	ERA5
1068165	07/11/2025	21	07/11/2025	16	HNE	-4,0	0	-5,6	0	89,0	0	17,0	0	110,0	0	955,0	0	77,5	ERA5
1068166	07/11/2025	22	07/11/2025	17	HNE	-4,0	0	-5,2	0	92,0	0	22,0	0	90,0	0	954,0	0	4,2	ERA5
1068167	07/11/2025	23	07/11/2025	18	HNE	-4,2	0	-5,2	0	93,0	0	21,0	0	100,0	0	953,0	0	0,0	ERA5
1068168	08/11/2025	00	07/11/2025	19	HNE	-4,4	0	-5,5	0	92,0	0	18,0	0	90,0	0	953,0	0	0,0	ERA5
1068169	08/11/2025	01	07/11/2025	20	HNE	-4,6	0	-5,9	0	91,0	0	22,0	0	100,0	0	951,0	0	0,0	ERA5
1068170	08/11/2025	02	07/11/2025	21	HNE	-4,4	0	-5,5	0	92,0	0	22,0	0	100,0	0	950,0	0	0,0	ERA5
1068171	08/11/2025	03	07/11/2025	22	HNE	-4,1	0	-5,5	0	90,0	0	18,0	0	100,0	0	949,0	0	0,0	ERA5
1068172	08/11/2025	04	07/11/2025	23	HNE	-4,2	0	-5,3	0	92,0	0	18,0	0	100,0	0	948,0	0	0,0	ERA5
1068173	08/11/2025	05	08/11/2025	00	HNE	-4,2	0	-5,2	0	93,0	0	24,0	0	100,0	0	947,0	0	0,0	ERA5
1068174	08/11/2025	06	08/11/2025	01	HNE	-4,2	0	-5,3	0	92,0	0	17,0	0	100,0	0	946,0	0	0,0	ERA5
1068175	08/11/2025	07	08/11/2025	02	HNE	-4,1	0	-4,9	0	94,0	0	17,0	0	110,0	0	946,0	0	0,0	ERA5
1068176	08/11/2025	08	08/11/2025	03	HNE	-4,0	0	-4,7	0	95,0	0	9,0	0	100,0	0	946,0	0	0,0	ERA5
1068177	08/11/2025	09	08/11/2025	04	HNE	-3,8	0	-4,5	0	95,0	0	8,0	0	90,0	0	946,0	0	0,0	ERA5
1068178	08/11/2025	10	08/11/2025	05	HNE	-3,9	0	-4,5	0	96,0	0	4,0	0	310,0	0	946,0	0	0,0	ERA5
1068179	08/11/2025	11	08/11/2025	06	HNE	-3,9	0	-4,5	0	96,0	0	8,0	0	260,0	0	948,0	0	0,0	ERA5
1068180	08/11/2025	12	08/11/2025	07	HNE	-3,6	0	-4,6	0	93,0	0	15,0	0	270,0	0	949,0	0	0,0	ERA5
1068181	08/11/2025	13	08/11/2025	08	HNE	-3,8	0	-5,4	0	89,0	0	18,0	0	270,0	0	951,0	0	68,9	ERA5
1068182	08/11/2025	14	08/11/2025	09	HNE	-3,7	0	-5,6	0	87,0	0	18,0	0	270,0	0	952,0	0	340,9	ERA5
1068183	08/11/2025	15	08/11/2025	10	HNE	-4,6	0	-6,9	0	84,0	0	22,0	0	270,0	0	954,0	0	597,1	ERA5
1068184	08/11/2025	16	08/11/2025	11	HNE	-4,8	0	-6,8	0	86,0	0	26,0	0	270,0	0	956,0	0	649,5	ERA5
1068185	08/11/2025	17	08/11/2025	12	HNE	-5,4	0	-7,1	0	88,0	0	26,0	0	260,0	0	957,0	0	749,3	ERA5
1068186	08/11/2025	18	08/11/2025	13	HNE	-5,3	0	-6,9	0	89,0	0	21,0	0	270,0	0	958,0	0	839,2	ERA5
1068187	08/11/2025	19	08/11/2025	14	HNE	-5,6	0	-7,6	0	86,0	0	30,0	0	260,0	0	959,0	0	582,0	ERA5
1068188	08/11/2025	20	08/11/2025	15	HNE	-6,0	0	-8,4	0	83,0	0	24,0	0	260,0	0	961,0	0	360,8	ERA5
1068189	08/11/2025	21	08/11/2025	16	HNE	-7,0	0	-9,6	0	82,0	0	22,0	0	260,0	0	962,0	0	132,8	ERA5
1068190	08/11/2025	22	08/11/2025	17	HNE	-7,6	0	-10,8	0	78,0	0	22,0	0	280,0	0	963,0	0	6,1	ERA5
1068191	08/11/2025	23	08/11/2025	18	HNE	-8,0	0	-10,6	0	82,0	0	15,0	0	250,0	0	964,0	0	0,0	ERA5
1068192	09/11/2025	00	08/11/2025	19	HNE	-8,3	0	-10,5	0	84,0	0	17,0	0	240,0	0	965,0	0	0,0	ERA5
1068193	09/11/2025	01	08/11/2025	20	HNE	-8,4	0	-10,6	0	84,0	0	11,0	0	250,0	0	965,0	0	0,0	ERA5
1068194	09/11/2025	02	08/11/2025	21	HNE	-8,5	0	-10,6	0	85,0	0	13,0	0	250,0	0	966,0	0	0,0	ERA5
1068195	09/11/2025	03	08/11/2025	22	HNE	-8,7	0	-11,4	0	81,0	0	18,0	0	260,0	0	967,0	0	0,0	ERA5
1068196	09/11/2025	04	08/11/2025	23	HNE	-9,1	0	-11,5	0	83,0	0	13,0	0	260,0	0	967,0	0	0,0	ERA5
1068197	09/11/2025	05	09/11/2025	00	HNE	-9,6	0	-12,1	0	82,0	0	21,0	0	240,0	0	968,0	0	0,0	ERA5
1068198	09/11/2025	06	09/11/2025	01	HNE	-9,4	0	-11,8	0	83,0	0	9,0	0	260,0	0	968,0	0	0,0	ERA5
1068199	09/11/2025	07	09/11/2025	02	HNE	-9,3	0	-11,7	0	83,0	0	13,0	0	240,0	0	969,0	0	0,0	ERA5
1068200	09/11/2025	08	09/11/2025	03	HNE	-9,6	0	-11,5	0	86,0	0	13,0	0	260,0	0	970,0	0	0,0	ERA5
1068201	09/11/2025	09	09/11/2025	04	HNE	-9,4	0	-11,6	0	84,0	0	15,0	0	260,0	0	970,0	0	0,0	ERA5
1068202	09/11/2025	10	09/11/2025	05	HNE	-9,9	0	-11,5	0	88,0	0	15,0	0	230,0	0	970,0	0	0,0	ERA5
1068203	09/11/2025	11	09/11/2025	06	HNE	-10,1	0	-11,6	0	89,0	0	11,0	0	250,0	0	971,0	0	0,0	ERA5
1068204	09/11/2025	12	09/11/2025	07	HNE	-10,2	0	-11,7	0	89,0	0	8,0	0	230,0	0	971,0	0	0,0	ERA5
1068205	09/11/2025	13	09/11/2025	08	HNE	-10,2	0	-11,5	0	90,0	0	11,0	0	210,0	0	972,0	0	76,9	ERA5
1068206	09/11/2025	14	09/11/2025	09	HNE	-10,1	0	-11,9	0	87,0	0	9,0	0	210,0	0	972,0	0	276,0	ERA5
1068207	09/11/2025	15	09/11/2025	10	HNE	-8,9	0	-10,8	0	86,0	0	4,0	0	0,0	0	973,0	0	491,1	ERA5
1068208	09/11/2025	16	09/11/2025	11	HNE	-8,0	0	-11,2	0	78,0	0	8,0	0	190,0	0	973,0	0	682,2	ERA5
1068209	09/11/2025	17	09/11/2025	12	HNE	-7,5	0	-11,5	0	73,0	0	9,0	0	290,0	0	973,0	0	760,1	ERA5
1068210	09/11/2025	18	09/11/2025	13	HNE	-7,1	0	-11,5	0	71,0	0	8,0	0	310,0	0	973,0	0	805,3	ERA5
1068211	09/11/2025	19	09/11/2025	14	HNE	-7,1	0	-11,7	0	70,0	0	5,0	0	290,0	0	974,0	0	683,6	ERA5
1068212	09/11/2025	20	09/11/2025	15	HNE	-7,1	0	-11,7	0	70,0	0	5,0	0	290,0	0	974,0	0	481,1	ERA5
1068213	09/11/2025	21	09/11/2025	16	HNE	-7,7	0	-11,6	0	74,0	0	4,0	0	240,0	0	974,0	0	186,6	ERA5
1068214	09/11/2025	22	09/11/2025	17	HNE	-10,3	0	-12,7	0	83,0	0	4,0	0	300,0	0	975,0	0	6,8	ERA5
1068215	09/11/2025	23	09/11/2025	18	HNE	-10,9	0	-12,9	0	86,0	0	8,0	0	330,0	0	975,0	0	0,0	ERA5
1068216	10/11/2025	00	09/11/2025	19	HNE	-13,4	0	-15,4	0	85,0	0	5,0	0	340,0	0	975,0	0	0,0	ERA5
1068217	10/11/2025	01	09/11/2025	20	HNE	-11,9	0	-13,3	0	90,0	0	5,0	0	330,0	0	975,0	0	0,0	ERA5
1068218	10/11/2025	02	09/11/2025	21	HNE	-10,2	0	-11,4	0	91,0	0	8,0	0	350,0	0	974,0	0	0,0	ERA5
1068219	10/11/2025	03	09/11/2025	22	HNE	-9,2	0	-10,7	0	89,0	0	11,0	0	360,0	0	974,0	0	0,0	ERA5
1068220	10/11/2025	04	09/11/2025	23	HNE	-9,1	0	-10,9	0	87,0	0	9,0	0	10,0	0	974,0	0	0,0	ERA5
1068221	10/11/2025	05	10/11/2025	00	HNE	-8,8	0	-10,8	0	86,0	0	17,0	0	360,0	0	973,0	0	0,0	ERA5
1068222	10/11/2025	06	10/11/2025	01	HNE	-8,7	0	-10,6	0	86,0	0	13,0	0	20,0	0	973,0	0	0,0	ERA5
1068223	10/11/2025	07	10/11/2025	02	HNE	-8,4	0	-10,1	0	88,0	0	11,0	0	30,0	0	972,0	0	0,0	ERA5
1068224	10/11/2025	08	10/11/2025	03	HNE	-7,9	0	-9,2	0	91,0	0	9,0	0	20,0	0	971,0	0	0,0	ERA5
1068225	10/11/2025	09	10/11/2025	04	HNE	-8,1	0	-9,6	0	89,0	0	13,0	0	360,0	0	971,0	0	0,0	ERA5
1068226	10/11/2025	10	10/11/2025	05	HNE	-8,4	0	-9,6	0	91,0	0	13,0	0	350,0	0	970,0	0	0,0	ERA5
1068227	10/11/2025	11	10/11/2025	06	HNE	-7,9	0	-9,3	0	90,0	0	18,0	0	360,0	0	969,0	0	0,0	ERA5
1068228	10/11/2025	12	10/11/2025	07	HNE	-7,6	0	-9,3	0	88,0	0	21,0	0	360,0	0	969,0	0	0,0	ERA5
1068229	10/11/2025	13	10/11/2025	08	HNE	-7,7	0	-8,9	0	91,0	0	17,0	0	350,0	0	969,0	0	47,0	ERA5
1068230	10/11/2025	14	10/11/2025	09	HNE	-7,0	0	-8,4	0	90,0	0	13,0	0	350,0	0	968,0	0	234,5	ERA5
1068231	10/11/2025	15	10/11/2025	10	HNE	-6,1	0	-7,9	0	87,0	0	18,0	0	360,0	0	968,0	0	493,2	ERA5
1068232	10/11/2025	16	10/11/2025	11	HNE	-4,7	0	-7,1	0	83,0	0	17,0	0	20,0	0	967,0	0	762,7	ERA5
1068233	10/11/2025	17	10/11/2025	12	HNE	-4,7	0	-7,8	0	79,0	0	17,0	0	10,0	0	966,0	0	665,5	ERA5
1068234	10/11/2025	18	10/11/2025	13	HNE	-4,1	0	-6,9	0	81,0	0	15,0	0	10,0	0	965,0	0	586,8	ERA5
1068235	10/11/2025	19	10/11/2025	14	HNE	-4,0	0	-7,4	0	78,0	0	17,0	0	10,0	0	965,0	0	414,5	ERA5
1068236	10/11/2025	20	10/11/2025	15	HNE	-4,1	0	-6,6	0	83,0	0	11,0	0	360,0	0	965,0	0	296,4	ERA5
1068237	10/11/2025	21	10/11/2025	16	HNE	-4,4	0	-7,0	0	82,0	0	18,0	0	360,0	0	965,0	0	125,2	ERA5
1068238	10/11/2025	22	10/11/2025	17	HNE	-4,9	0	-6,2	0	91,0	0	11,0	0	350,0	0	965,0	0	4,2	ERA5
1068239	10/11/2025	23	10/11/2025	18	HNE	-5,3	0	-6,4	0	92,0	0	17,0	0	350,0	0	964,0	0	0,0	ERA5
1068240	11/11/2025	00	10/11/2025	19	HNE	-5,8	0	-7,0	0	91,0	0	22,0	0	340,0	0	962,0	0	0,0	ERA5
1068241	11/11/2025	01	10/11/2025	20	HNE	-5,9	0	-7,1	0	91,0	0	21,0	0	360,0	0	961,0	0	0,0	ERA5
1068242	11/11/2025	02	10/11/2025	21	HNE	-5,8	0	-7,2	0	90,0	0	15,0	0	350,0	0	961,0	0	0,0	ERA5
1068243	11/11/2025	03	10/11/2025	22	HNE	-5,9	0	-7,1	0	91,0	0	17,0	0	340,0	0	960,0	0	0,0	ERA5
1068244	11/11/2025	04	10/11/2025	23	HNE	-6,2	0	-7,6	0	90,0	0	18,0	0	350,0	0	958,0	0	0,0	ERA5
1068245	11/11/2025	05	11/11/2025	00	HNE	-6,3	0	-7,8	0	89,0	0	21,0	0	340,0	0	956,0	0	0,0	ERA5
1068246	11/11/2025	06	11/11/2025	01	HNE	-6,6	0	-8,0	0	90,0	0	17,0	0	350,0	0	955,0	0	0,0	ERA5
1068247	11/11/2025	07	11/11/2025	02	HNE	-7,1	0	-8,6	0	89,0	0	24,0	0	330,0	0	954,0	0	0,0	ERA5
1068248	11/11/2025	08	11/11/2025	03	HNE	-7,1	0	-8,8	0	88,0	0	24,0	0	330,0	0	954,0	0	0,0	ERA5
1068249	11/11/2025	09	11/11/2025	04	HNE	-7,1	0	-8,8	0	88,0	0	18,0	0	330,0	0	953,0	0	0,0	ERA5
1068250	11/11/2025	10	11/11/2025	05	HNE	-7,5	0	-9,3	0	87,0	0	18,0	0	330,0	0	952,0	0	0,0	ERA5
1068251	11/11/2025	11	11/11/2025	06	HNE	-7,5	0	-9,3	0	87,0	0	21,0	0	330,0	0	951,0	0	0,0	ERA5
1068252	11/11/2025	12	11/11/2025	07	HNE	-7,5	0	-9,5	0	86,0	0	24,0	0	330,0	0	950,0	0	0,0	ERA5
1068253	11/11/2025	13	11/11/2025	08	HNE	-7,6	0	-9,9	0	84,0	0	11,0	0	320,0	0	950,0	0	43,1	ERA5
1068254	11/11/2025	14	11/11/2025	09	HNE	-7,2	0	-10,0	0	81,0	0	21,0	0	320,0	0	949,0	0	153,8	ERA5
1068255	11/11/2025	15	11/11/2025	10	HNE	-6,9	0	-10,3	0	77,0	0	18,0	0	310,0	0	949,0	0	303,4	ERA5
1068256	11/11/2025	16	11/11/2025	11	HNE	-6,3	0	-10,0	0	75,0	0	24,0	0	300,0	0	949,0	0	468,0	ERA5
1068257	11/11/2025	17	11/11/2025	12	HNE	-4,5	0	-11,4	0	59,0	0	26,0	0	310,0	0	948,0	0	664,5	ERA5
1068258	11/11/2025	18	11/11/2025	13	HNE	-4,8	0	-11,4	0	60,0	0	21,0	0	300,0	0	948,0	0	637,5	ERA5
1068259	11/11/2025	19	11/11/2025	14	HNE	-4,8	0	-9,1	0	72,0	0	22,0	0	300,0	0	948,0	0	375,4	ERA5
1068260	11/11/2025	20	11/11/2025	15	HNE	-5,1	0	-8,2	0	79,0	0	22,0	0	310,0	0	948,0	0	269,8	ERA5
1068261	11/11/2025	21	11/11/2025	16	HNE	-5,1	0	-7,6	0	83,0	0	17,0	0	300,0	0	949,0	0	90,5	ERA5
1068262	11/11/2025	22	11/11/2025	17	HNE	-4,9	0	-6,9	0	86,0	0	21,0	0	310,0	0	949,0	0	2,5	ERA5
1068263	11/11/2025	23	11/11/2025	18	HNE	-5,0	0	-6,0	0	93,0	0	26,0	0	280,0	0	950,0	0	0,0	ERA5
1068264	12/11/2025	00	11/11/2025	19	HNE	-5,3	0	-6,1	0	94,0	0	24,0	0	290,0	0	950,0	0	0,0	ERA5
1068265	12/11/2025	01	11/11/2025	20	HNE	-5,1	0	-5,9	0	94,0	0	15,0	0	290,0	0	950,0	0	0,0	ERA5
1068266	12/11/2025	02	11/11/2025	21	HNE	-4,9	0	-5,4	0	96,0	0	15,0	0	280,0	0	950,0	0	0,0	ERA5
1068267	12/11/2025	03	11/11/2025	22	HNE	-5,2	0	-5,9	0	95,0	0	21,0	0	280,0	0	950,0	0	0,0	ERA5
1068268	12/11/2025	04	11/11/2025	23	HNE	-5,3	0	-5,8	0	96,0	0	21,0	0	270,0	0	950,0	0	0,0	ERA5
1068269	12/11/2025	05	12/11/2025	00	HNE	-5,3	0	-6,0	0	95,0	0	15,0	0	260,0	0	950,0	0	0,0	ERA5
1068270	12/11/2025	06	12/11/2025	01	HNE	-5,8	0	-6,5	0	95,0	0	11,0	0	270,0	0	951,0	0	0,0	ERA5
1068271	12/11/2025	07	12/11/2025	02	HNE	-5,8	0	-6,2	0	97,0	0	13,0	0	260,0	0	951,0	0	0,0	ERA5
1068272	12/11/2025	08	12/11/2025	03	HNE	-6,5	0	-7,2	0	95,0	0	15,0	0	270,0	0	951,0	0	0,0	ERA5
1068273	12/11/2025	09	12/11/2025	04	HNE	-6,9	0	-7,4	0	96,0	0	13,0	0	280,0	0	951,0	0	0,0	ERA5
1068274	12/11/2025	10	12/11/2025	05	HNE	-6,9	0	-7,7	0	94,0	0	9,0	0	270,0	0	952,0	0	0,0	ERA5
1068275	12/11/2025	11	12/11/2025	06	HNE	-7,7	0	-8,4	0	95,0	0	13,0	0	250,0	0	952,0	0	0,0	ERA5
1068276	12/11/2025	12	12/11/2025	07	HNE	-7,8	0	-8,6	0	94,0	0	11,0	0	260,0	0	952,0	0	0,0	ERA5
1068277	12/11/2025	13	12/11/2025	08	HNE	-8,0	0	-8,7	0	95,0	0	13,0	0	260,0	0	952,0	0	61,4	ERA5
1068278	12/11/2025	14	12/11/2025	09	HNE	-7,6	0	-8,3	0	95,0	0	8,0	0	250,0	0	952,0	0	249,0	ERA5
1068279	12/11/2025	15	12/11/2025	10	HNE	-6,9	0	-8,0	0	92,0	0	17,0	0	230,0	0	952,0	0	387,0	ERA5
1068280	12/11/2025	16	12/11/2025	11	HNE	-6,9	0	-7,7	0	94,0	0	9,0	0	260,0	0	952,0	0	524,5	ERA5
1068281	12/11/2025	17	12/11/2025	12	HNE	-6,3	0	-6,8	0	96,0	0	5,0	0	260,0	0	952,0	0	650,7	ERA5
1068282	12/11/2025	18	12/11/2025	13	HNE	-6,0	0	-7,2	0	91,0	0	11,0	0	270,0	0	952,0	0	649,8	ERA5
1068283	12/11/2025	19	12/11/2025	14	HNE	-6,2	0	-7,3	0	92,0	0	4,0	0	0,0	0	952,0	0	504,2	ERA5
1068284	12/11/2025	20	12/11/2025	15	HNE	-6,2	0	-7,4	0	91,0	0	4,0	0	0,0	0	952,0	0	318,4	ERA5
1068285	12/11/2025	21	12/11/2025	16	HNE	-6,3	0	-7,3	0	93,0	0	9,0	0	190,0	0	953,0	0	123,3	ERA5
1068286	12/11/2025	22	12/11/2025	17	HNE	-6,1	0	-7,2	0	92,0	0	4,0	0	0,0	0	953,0	0	3,0	ERA5
1068287	12/11/2025	23	12/11/2025	18	HNE	-5,9	0	-6,9	0	93,0	0	4,0	0	0,0	0	954,0	0	0,0	ERA5
1068288	13/11/2025	00	12/11/2025	19	HNE	-5,5	0	-6,0	0	96,0	0	0,0	0	0,0	0	954,0	0	0,0	ERA5
1068289	13/11/2025	01	12/11/2025	20	HNE	-5,2	0	-5,7	0	96,0	0	4,0	0	180,0	0	954,0	0	0,0	ERA5
1068290	13/11/2025	02	12/11/2025	21	HNE	-5,1	0	-5,6	0	96,0	0	0,0	0	0,0	0	954,0	0	0,0	ERA5
1068291	13/11/2025	03	12/11/2025	22	HNE	-5,1	0	-5,6	0	96,0	0	0,0	0	0,0	0	954,0	0	0,0	ERA5
1068292	13/11/2025	04	12/11/2025	23	HNE	-5,1	0	-5,6	0	96,0	0	5,0	0	350,0	0	955,0	0	0,0	ERA5
1068293	13/11/2025	05	13/11/2025	00	HNE	-5,2	0	-5,8	0	95,0	0	4,0	0	360,0	0	955,0	0	0,0	ERA5
1068294	13/11/2025	06	13/11/2025	01	HNE	-5,4	0	-6,1	0	95,0	0	5,0	0	50,0	0	955,0	0	0,0	ERA5
1068295	13/11/2025	07	13/11/2025	02	HNE	-5,3	0	-6,0	0	95,0	0	5,0	0	350,0	0	956,0	0	0,0	ERA5
1068296	13/11/2025	08	13/11/2025	03	HNE	-5,4	0	-6,2	0	94,0	0	9,0	0	350,0	0	957,0	0	0,0	ERA5
1068297	13/11/2025	09	13/11/2025	04	HNE	-5,5	0	-6,2	0	95,0	0	11,0	0	100,0	0	957,0	0	0,0	ERA5
1068298	13/11/2025	10	13/11/2025	05	HNE	-6,1	0	-6,6	0	96,0	0	8,0	0	350,0	0	957,0	0	0,0	ERA5
1068299	13/11/2025	11	13/11/2025	06	HNE	-5,8	0	-6,5	0	95,0	0	4,0	0	0,0	0	958,0	0	0,0	ERA5
1068300	13/11/2025	12	13/11/2025	07	HNE	-5,4	0	-6,1	0	95,0	0	11,0	0	40,0	0	958,0	0	0,0	ERA5
1068301	13/11/2025	13	13/11/2025	08	HNE	-4,5	0	-5,2	0	95,0	0	8,0	0	100,0	0	959,0	0	73,1	ERA5
1068302	13/11/2025	14	13/11/2025	09	HNE	-3,9	0	-4,6	0	95,0	0	5,0	0	110,0	0	959,0	0	442,1	ERA5
1068303	13/11/2025	15	13/11/2025	10	HNE	-2,8	0	-3,6	0	94,0	0	9,0	0	120,0	0	959,0	0	837,4	ERA5
1068304	13/11/2025	16	13/11/2025	11	HNE	-1,9	0	-3,0	0	92,0	0	5,0	0	160,0	0	959,0	0	1121,6	ERA5
1068305	13/11/2025	17	13/11/2025	12	HNE	-1,0	0	-2,4	0	90,0	0	8,0	0	130,0	0	959,0	0	1006,0	ERA5
1068306	13/11/2025	18	13/11/2025	13	HNE	-0,4	0	-2,3	0	87,0	0	11,0	0	150,0	0	960,0	0	701,2	ERA5
1068307	13/11/2025	19	13/11/2025	14	HNE	-0,6	0	-1,9	0	91,0	0	9,0	0	130,0	0	960,0	0	439,8	ERA5
1068308	13/11/2025	20	13/11/2025	15	HNE	-0,8	0	-1,9	0	92,0	0	9,0	0	120,0	0	961,0	0	255,7	ERA5
1068309	13/11/2025	21	13/11/2025	16	HNE	-1,2	0	-1,9	0	95,0	0	9,0	0	140,0	0	961,0	0	73,7	ERA5
1068310	13/11/2025	22	13/11/2025	17	HNE	-1,4	0	-1,8	0	97,0	0	5,0	0	210,0	0	962,0	0	1,7	ERA5
1068311	13/11/2025	23	13/11/2025	18	HNE	-1,6	0	-2,3	0	95,0	0	5,0	0	270,0	0	963,0	0	0,0	ERA5
1068312	14/11/2025	00	13/11/2025	19	HNE	-1,8	0	-2,2	0	97,0	0	4,0	0	0,0	0	963,0	0	0,0	ERA5
1068313	14/11/2025	01	13/11/2025	20	HNE	-2,0	0	-2,3	0	98,0	0	5,0	0	270,0	0	964,0	0	0,0	ERA5
1068314	14/11/2025	02	13/11/2025	21	HNE	-2,5	0	-3,2	0	95,0	0	8,0	0	280,0	0	964,0	0	0,0	ERA5
1068315	14/11/2025	03	13/11/2025	22	HNE	-2,9	0	-3,5	0	96,0	0	8,0	0	270,0	0	965,0	0	0,0	ERA5
1068316	14/11/2025	04	13/11/2025	23	HNE	-3,3	0	-3,9	0	96,0	0	8,0	0	260,0	0	965,0	0	0,0	ERA5
1068317	14/11/2025	05	14/11/2025	00	HNE	-3,5	0	-3,9	0	97,0	0	4,0	0	250,0	0	965,0	0	0,0	ERA5
1068318	14/11/2025	06	14/11/2025	01	HNE	-3,7	0	-4,1	0	97,0	0	0,0	0	0,0	0	965,0	0	0,0	ERA5
1068319	14/11/2025	07	14/11/2025	02	HNE	-3,8	0	-4,2	0	97,0	0	4,0	0	260,0	0	966,0	0	0,0	ERA5
1068320	14/11/2025	08	14/11/2025	03	HNE	-3,7	0	-4,3	0	96,0	0	5,0	0	280,0	0	966,0	0	0,0	ERA5
1068321	14/11/2025	09	14/11/2025	04	HNE	-4,0	0	-4,4	0	97,0	0	8,0	0	260,0	0	966,0	0	0,0	ERA5
1068322	14/11/2025	10	14/11/2025	05	HNE	-4,2	0	-4,5	0	98,0	0	5,0	0	290,0	0	967,0	0	0,0	ERA5
1068323	14/11/2025	11	14/11/2025	06	HNE	-4,2	0	-4,3	0	99,0	0	0,0	0	0,0	0	967,0	0	0,0	ERA5
1068324	14/11/2025	12	14/11/2025	07	HNE	-3,9	0	-4,2	0	98,0	0	5,0	0	290,0	0	967,0	0	0,0	ERA5
1068325	14/11/2025	13	14/11/2025	08	HNE	-3,8	0	-4,1	0	98,0	0	4,0	0	330,0	0	968,0	0	47,4	ERA5
1068326	14/11/2025	14	14/11/2025	09	HNE	-3,4	0	-3,9	0	96,0	0	5,0	0	320,0	0	968,0	0	297,7	ERA5
1068327	14/11/2025	15	14/11/2025	10	HNE	-2,9	0	-4,2	0	91,0	0	9,0	0	340,0	0	968,0	0	601,7	ERA5
1068328	14/11/2025	16	14/11/2025	11	HNE	-2,7	0	-4,9	0	85,0	0	9,0	0	320,0	0	968,0	0	862,7	ERA5
1068329	14/11/2025	17	14/11/2025	12	HNE	-2,5	0	-4,4	0	87,0	0	11,0	0	340,0	0	968,0	0	902,4	ERA5
1068330	14/11/2025	18	14/11/2025	13	HNE	-2,5	0	-4,3	0	87,0	0	13,0	0	320,0	0	967,0	0	801,0	ERA5
1068331	14/11/2025	19	14/11/2025	14	HNE	-2,5	0	-4,5	0	86,0	0	11,0	0	340,0	0	968,0	0	551,3	ERA5
1068332	14/11/2025	20	14/11/2025	15	HNE	-2,7	0	-5,0	0	84,0	0	8,0	0	330,0	0	968,0	0	436,1	ERA5
1068333	14/11/2025	21	14/11/2025	16	HNE	-2,8	0	-5,0	0	85,0	0	9,0	0	320,0	0	968,0	0	183,2	ERA5
1068334	14/11/2025	22	14/11/2025	17	HNE	-2,9	0	-5,2	0	84,0	0	9,0	0	310,0	0	968,0	0	2,4	ERA5
1068335	14/11/2025	23	14/11/2025	18	HNE	-3,1	0	-5,6	0	83,0	0	11,0	0	330,0	0	968,0	0	0,0	ERA5
1068336	15/11/2025	00	14/11/2025	19	HNE	-3,4	0	-5,0	0	89,0	0	11,0	0	340,0	0	968,0	0	0,0	ERA5
1068337	15/11/2025	01	14/11/2025	20	HNE	-3,6	0	-5,6	0	86,0	0	9,0	0	340,0	0	968,0	0	0,0	ERA5
1068338	15/11/2025	02	14/11/2025	21	HNE	-3,9	0	-5,9	0	86,0	0	8,0	0	350,0	0	967,0	0	0,0	ERA5
1068339	15/11/2025	03	14/11/2025	22	HNE	-4,2	0	-5,9	0	88,0	0	13,0	0	330,0	0	967,0	0	0,0	ERA5
1068340	15/11/2025	04	14/11/2025	23	HNE	-4,4	0	-5,7	0	91,0	0	8,0	0	310,0	0	967,0	0	0,0	ERA5
1068341	15/11/2025	05	15/11/2025	00	HNE	-4,4	0	-5,8	0	90,0	0	9,0	0	310,0	0	967,0	0	0,0	ERA5
1068342	15/11/2025	06	15/11/2025	01	HNE	-4,9	0	-5,9	0	93,0	0	8,0	0	360,0	0	966,0	0	0,0	ERA5
1068343	15/11/2025	07	15/11/2025	02	HNE	-5,3	0	-6,0	0	95,0	0	5,0	0	340,0	0	966,0	0	0,0	ERA5
1068344	15/11/2025	08	15/11/2025	03	HNE	-5,7	0	-6,2	0	96,0	0	0,0	0	0,0	0	966,0	0	0,0	ERA5
1068345	15/11/2025	09	15/11/2025	04	HNE	-6,2	0	-6,7	0	96,0	0	8,0	0	360,0	0	965,0	0	0,0	ERA5
1068346	15/11/2025	10	15/11/2025	05	HNE	-6,8	0	-7,1	0	98,0	0	4,0	0	50,0	0	965,0	0	0,0	ERA5
1068347	15/11/2025	11	15/11/2025	06	HNE	-7,2	0	-7,6	0	97,0	0	9,0	0	60,0	0	964,0	0	0,0	ERA5
1068348	15/11/2025	12	15/11/2025	07	HNE	-7,3	0	-7,8	0	96,0	0	8,0	0	50,0	0	963,0	0	0,0	ERA5
1068349	15/11/2025	13	15/11/2025	08	HNE	-7,3	0	-7,8	0	96,0	0	4,0	0	50,0	0	962,0	0	41,7	ERA5
1068350	15/11/2025	14	15/11/2025	09	HNE	-6,9	0	-7,4	0	96,0	0	4,0	0	0,0	0	961,0	0	253,5	ERA5
1068351	15/11/2025	15	15/11/2025	10	HNE	-6,8	0	-7,5	0	95,0	0	5,0	0	10,0	0	960,0	0	440,3	ERA5
1068352	15/11/2025	16	15/11/2025	11	HNE	-6,9	0	-7,7	0	94,0	0	4,0	0	0,0	0	959,0	0	614,2	ERA5
1068353	15/11/2025	17	15/11/2025	12	HNE	-6,7	0	-7,7	0	93,0	0	0,0	0	0,0	0	958,0	0	654,5	ERA5
1068354	15/11/2025	18	15/11/2025	13	HNE	-6,3	0	-7,4	0	92,0	0	8,0	0	90,0	0	957,0	0	576,6	ERA5
1068355	15/11/2025	19	15/11/2025	14	HNE	-5,9	0	-7,3	0	90,0	0	9,0	0	0,0	0	955,0	0	506,6	ERA5
1068356	15/11/2025	20	15/11/2025	15	HNE	-6,3	0	-7,8	0	89,0	0	8,0	0	150,0	0	954,0	0	325,8	ERA5
1068357	15/11/2025	21	15/11/2025	16	HNE	-6,5	0	-7,7	0	91,0	0	8,0	0	120,0	0	953,0	0	131,6	ERA5
1068358	15/11/2025	22	15/11/2025	17	HNE	-6,9	0	-7,9	0	93,0	0	8,0	0	170,0	0	951,0	0	1,6	ERA5
1068359	15/11/2025	23	15/11/2025	18	HNE	-6,7	0	-7,5	0	94,0	0	9,0	0	80,0	0	950,0	0	0,0	ERA5
1068360	16/11/2025	00	15/11/2025	19	HNE	-7,1	0	-8,1	0	93,0	0	11,0	0	80,0	0	949,0	0	0,0	ERA5
1068361	16/11/2025	01	15/11/2025	20	HNE	-7,9	0	-8,8	0	93,0	0	9,0	0	120,0	0	948,0	0	0,0	ERA5
1068362	16/11/2025	02	15/11/2025	21	HNE	-7,9	0	-8,6	0	95,0	0	13,0	0	180,0	0	947,0	0	0,0	ERA5
1068363	16/11/2025	03	15/11/2025	22	HNE	-7,6	0	-8,4	0	94,0	0	0,0	0	0,0	0	946,0	0	0,0	ERA5
1068364	16/11/2025	04	15/11/2025	23	HNE	-7,8	0	-8,5	0	95,0	0	11,0	0	60,0	0	945,0	0	0,0	ERA5
1068365	16/11/2025	05	16/11/2025	00	HNE	-8,2	0	-8,6	0	97,0	0	9,0	0	120,0	0	944,0	0	0,0	ERA5
1068366	16/11/2025	06	16/11/2025	01	HNE	-8,4	0	-8,8	0	97,0	0	5,0	0	100,0	0	943,0	0	0,0	ERA5
1068367	16/11/2025	07	16/11/2025	02	HNE	-8,5	0	-8,9	0	97,0	0	5,0	0	130,0	0	943,0	0	0,0	ERA5
1068368	16/11/2025	08	16/11/2025	03	HNE	-9,0	0	-9,5	0	96,0	0	9,0	0	60,0	0	942,0	0	0,0	ERA5
1068369	16/11/2025	09	16/11/2025	04	HNE	-9,3	0	-10,2	0	93,0	0	5,0	0	50,0	0	942,0	0	0,0	ERA5
1068370	16/11/2025	10	16/11/2025	05	HNE	-9,4	0	-10,2	0	94,0	0	4,0	0	60,0	0	942,0	0	0,0	ERA5
1068371	16/11/2025	11	16/11/2025	06	HNE	-9,5	0	-10,4	0	93,0	0	5,0	0	40,0	0	942,0	0	0,0	ERA5
1068372	16/11/2025	12	16/11/2025	07	HNE	-8,7	0	-9,6	0	93,0	0	5,0	0	340,0	0	942,0	0	0,0	ERA5
1068373	16/11/2025	13	16/11/2025	08	HNE	-8,5	0	-9,3	0	94,0	0	8,0	0	330,0	0	942,0	0	18,3	ERA5
1068374	16/11/2025	14	16/11/2025	09	HNE	-8,4	0	-9,2	0	94,0	0	9,0	0	330,0	0	942,0	0	109,7	ERA5
1068375	16/11/2025	15	16/11/2025	10	HNE	-7,7	0	-8,4	0	95,0	0	9,0	0	340,0	0	942,0	0	281,0	ERA5
1068376	16/11/2025	16	16/11/2025	11	HNE	-7,0	0	-7,7	0	95,0	0	8,0	0	300,0	0	942,0	0	313,6	ERA5
1068377	16/11/2025	17	16/11/2025	12	HNE	-6,1	0	-6,6	0	96,0	0	8,0	0	310,0	0	942,0	0	468,3	ERA5
1068378	16/11/2025	18	16/11/2025	13	HNE	-5,3	0	-5,8	0	96,0	0	9,0	0	310,0	0	942,0	0	450,6	ERA5
1068379	16/11/2025	19	16/11/2025	14	HNE	-4,8	0	-5,3	0	96,0	0	11,0	0	300,0	0	943,0	0	341,0	ERA5
1068380	16/11/2025	20	16/11/2025	15	HNE	-4,3	0	-4,7	0	97,0	0	11,0	0	300,0	0	943,0	0	164,5	ERA5
1068381	16/11/2025	21	16/11/2025	16	HNE	-4,4	0	-4,7	0	98,0	0	13,0	0	300,0	0	944,0	0	52,3	ERA5
1068382	16/11/2025	22	16/11/2025	17	HNE	-4,1	0	-4,5	0	97,0	0	9,0	0	330,0	0	945,0	0	0,5	ERA5
1068383	16/11/2025	23	16/11/2025	18	HNE	-4,4	0	-4,9	0	96,0	0	17,0	0	320,0	0	945,0	0	0,0	ERA5
1068384	17/11/2025	00	16/11/2025	19	HNE	-4,8	0	-5,3	0	96,0	0	13,0	0	310,0	0	946,0	0	0,0	ERA5
1068385	17/11/2025	01	16/11/2025	20	HNE	-4,8	0	-5,3	0	96,0	0	11,0	0	310,0	0	946,0	0	0,0	ERA5
1068386	17/11/2025	02	16/11/2025	21	HNE	-4,8	0	-5,5	0	95,0	0	11,0	0	310,0	0	946,0	0	0,0	ERA5
1068387	17/11/2025	03	16/11/2025	22	HNE	-4,9	0	-5,6	0	95,0	0	9,0	0	300,0	0	947,0	0	0,0	ERA5
1068388	17/11/2025	04	16/11/2025	23	HNE	-5,1	0	-5,6	0	96,0	0	13,0	0	300,0	0	947,0	0	0,0	ERA5
1068389	17/11/2025	05	17/11/2025	00	HNE	-4,9	0	-5,6	0	95,0	0	13,0	0	300,0	0	947,0	0	0,0	ERA5
1068390	17/11/2025	06	17/11/2025	01	HNE	-4,8	0	-5,5	0	95,0	0	11,0	0	310,0	0	947,0	0	0,0	ERA5
1068391	17/11/2025	07	17/11/2025	02	HNE	-4,7	0	-5,4	0	95,0	0	11,0	0	300,0	0	948,0	0	0,0	ERA5
1068392	17/11/2025	08	17/11/2025	03	HNE	-4,6	0	-5,3	0	95,0	0	11,0	0	300,0	0	948,0	0	0,0	ERA5
1068393	17/11/2025	09	17/11/2025	04	HNE	-4,5	0	-5,2	0	95,0	0	11,0	0	300,0	0	949,0	0	0,0	ERA5
1068394	17/11/2025	10	17/11/2025	05	HNE	-4,3	0	-5,0	0	95,0	0	11,0	0	290,0	0	949,0	0	0,0	ERA5
1068395	17/11/2025	11	17/11/2025	06	HNE	-4,3	0	-5,0	0	95,0	0	9,0	0	280,0	0	949,0	0	0,0	ERA5
1068396	17/11/2025	12	17/11/2025	07	HNE	-4,2	0	-4,9	0	95,0	0	11,0	0	290,0	0	950,0	0	0,0	ERA5
1068397	17/11/2025	13	17/11/2025	08	HNE	-3,7	0	-4,4	0	95,0	0	9,0	0	290,0	0	950,0	0	20,0	ERA5
1068398	17/11/2025	14	17/11/2025	09	HNE	-3,2	0	-3,9	0	95,0	0	11,0	0	290,0	0	951,0	0	111,7	ERA5
1068399	17/11/2025	15	17/11/2025	10	HNE	-2,7	0	-3,5	0	94,0	0	13,0	0	290,0	0	951,0	0	319,8	ERA5
1068400	17/11/2025	16	17/11/2025	11	HNE	-2,5	0	-3,3	0	94,0	0	13,0	0	280,0	0	951,0	0	582,5	ERA5
1068401	17/11/2025	17	17/11/2025	12	HNE	-2,1	0	-2,9	0	94,0	0	15,0	0	280,0	0	952,0	0	608,4	ERA5
1068402	17/11/2025	18	17/11/2025	13	HNE	-1,6	0	-2,4	0	94,0	0	15,0	0	280,0	0	952,0	0	662,5	ERA5
1068403	17/11/2025	19	17/11/2025	14	HNE	-1,4	0	-2,2	0	94,0	0	17,0	0	280,0	0	952,0	0	538,2	ERA5
1068404	17/11/2025	20	17/11/2025	15	HNE	-1,4	0	-2,0	0	96,0	0	21,0	0	280,0	0	953,0	0	331,7	ERA5
1068405	17/11/2025	21	17/11/2025	16	HNE	-1,4	0	-2,0	0	96,0	0	15,0	0	280,0	0	954,0	0	113,2	ERA5
1068406	17/11/2025	22	17/11/2025	17	HNE	-1,7	0	-2,4	0	95,0	0	17,0	0	290,0	0	954,0	0	0,7	ERA5
1068407	17/11/2025	23	17/11/2025	18	HNE	-2,1	0	-2,8	0	95,0	0	21,0	0	290,0	0	955,0	0	0,0	ERA5
1068408	18/11/2025	00	17/11/2025	19	HNE	-2,5	0	-3,2	0	95,0	0	18,0	0	290,0	0	955,0	0	0,0	ERA5
1068409	18/11/2025	01	17/11/2025	20	HNE	-3,0	0	-3,8	0	94,0	0	21,0	0	290,0	0	956,0	0	0,0	ERA5
1068410	18/11/2025	02	17/11/2025	21	HNE	-3,4	0	-4,4	0	93,0	0	21,0	0	280,0	0	956,0	0	0,0	ERA5
1068411	18/11/2025	03	17/11/2025	22	HNE	-3,5	0	-4,5	0	93,0	0	21,0	0	280,0	0	957,0	0	0,0	ERA5
1068412	18/11/2025	04	17/11/2025	23	HNE	-3,7	0	-4,5	0	94,0	0	21,0	0	280,0	0	957,0	0	0,0	ERA5
1068413	18/11/2025	05	18/11/2025	00	HNE	-3,8	0	-4,8	0	93,0	0	24,0	0	270,0	0	957,0	0	0,0	ERA5
1068414	18/11/2025	06	18/11/2025	01	HNE	-3,9	0	-4,9	0	93,0	0	26,0	0	280,0	0	958,0	0	0,0	ERA5
1068415	18/11/2025	07	18/11/2025	02	HNE	-4,0	0	-5,0	0	93,0	0	24,0	0	290,0	0	959,0	0	0,0	ERA5
1068416	18/11/2025	08	18/11/2025	03	HNE	-4,3	0	-5,1	0	94,0	0	18,0	0	280,0	0	959,0	0	0,0	ERA5
1068417	18/11/2025	09	18/11/2025	04	HNE	-4,8	0	-5,3	0	96,0	0	22,0	0	270,0	0	960,0	0	0,0	ERA5
1068418	18/11/2025	10	18/11/2025	05	HNE	-5,2	0	-5,9	0	95,0	0	18,0	0	280,0	0	961,0	0	0,0	ERA5
1068419	18/11/2025	11	18/11/2025	06	HNE	-5,4	0	-6,2	0	94,0	0	22,0	0	280,0	0	961,0	0	0,0	ERA5
1068420	18/11/2025	12	18/11/2025	07	HNE	-5,6	0	-6,6	0	93,0	0	18,0	0	260,0	0	962,0	0	0,0	ERA5
1068421	18/11/2025	13	18/11/2025	08	HNE	-5,8	0	-6,8	0	93,0	0	21,0	0	260,0	0	962,0	0	17,8	ERA5
1068422	18/11/2025	14	18/11/2025	09	HNE	-5,7	0	-6,7	0	93,0	0	22,0	0	250,0	0	963,0	0	143,4	ERA5
1068423	18/11/2025	15	18/11/2025	10	HNE	-5,5	0	-6,3	0	94,0	0	17,0	0	270,0	0	963,0	0	290,2	ERA5
1068424	18/11/2025	16	18/11/2025	11	HNE	-4,9	0	-6,0	0	92,0	0	18,0	0	260,0	0	963,0	0	386,5	ERA5
1068425	18/11/2025	17	18/11/2025	12	HNE	-4,7	0	-6,0	0	91,0	0	17,0	0	260,0	0	963,0	0	458,7	ERA5
1068426	18/11/2025	18	18/11/2025	13	HNE	-4,9	0	-6,3	0	90,0	0	21,0	0	260,0	0	963,0	0	489,3	ERA5
1068427	18/11/2025	19	18/11/2025	14	HNE	-5,0	0	-6,3	0	91,0	0	24,0	0	260,0	0	964,0	0	433,2	ERA5
1068428	18/11/2025	20	18/11/2025	15	HNE	-4,9	0	-6,0	0	92,0	0	24,0	0	240,0	0	964,0	0	301,7	ERA5
1068429	18/11/2025	21	18/11/2025	16	HNE	-4,9	0	-5,9	0	93,0	0	17,0	0	250,0	0	964,0	0	96,7	ERA5
1068430	18/11/2025	22	18/11/2025	17	HNE	-5,0	0	-5,8	0	94,0	0	21,0	0	250,0	0	965,0	0	0,3	ERA5
1068431	18/11/2025	23	18/11/2025	18	HNE	-5,1	0	-6,1	0	93,0	0	18,0	0	260,0	0	965,0	0	0,0	ERA5
1068432	19/11/2025	00	18/11/2025	19	HNE	-5,0	0	-6,1	0	92,0	0	21,0	0	250,0	0	965,0	0	0,0	ERA5
1068433	19/11/2025	01	18/11/2025	20	HNE	-4,9	0	-5,9	0	93,0	0	18,0	0	250,0	0	965,0	0	0,0	ERA5
1068434	19/11/2025	02	18/11/2025	21	HNE	-4,9	0	-5,6	0	95,0	0	18,0	0	250,0	0	966,0	0	0,0	ERA5
1068435	19/11/2025	03	18/11/2025	22	HNE	-4,8	0	-5,3	0	96,0	0	22,0	0	250,0	0	966,0	0	0,0	ERA5
1068436	19/11/2025	04	18/11/2025	23	HNE	-4,7	0	-5,2	0	96,0	0	18,0	0	240,0	0	966,0	0	0,0	ERA5
1068437	19/11/2025	05	19/11/2025	00	HNE	-4,6	0	-5,1	0	96,0	0	15,0	0	240,0	0	966,0	0	0,0	ERA5
1068438	19/11/2025	06	19/11/2025	01	HNE	-4,4	0	-5,1	0	95,0	0	18,0	0	250,0	0	967,0	0	0,0	ERA5
1068439	19/11/2025	07	19/11/2025	02	HNE	-4,1	0	-4,9	0	94,0	0	17,0	0	260,0	0	967,0	0	0,0	ERA5
1068440	19/11/2025	08	19/11/2025	03	HNE	-3,8	0	-4,6	0	94,0	0	22,0	0	250,0	0	967,0	0	0,0	ERA5
1068441	19/11/2025	09	19/11/2025	04	HNE	-3,6	0	-4,4	0	94,0	0	15,0	0	270,0	0	968,0	0	0,0	ERA5
1068442	19/11/2025	10	19/11/2025	05	HNE	-3,8	0	-5,0	0	92,0	0	18,0	0	250,0	0	968,0	0	0,0	ERA5
1068443	19/11/2025	11	19/11/2025	06	HNE	-4,2	0	-5,3	0	92,0	0	18,0	0	260,0	0	969,0	0	0,0	ERA5
1068444	19/11/2025	12	19/11/2025	07	HNE	-5,1	0	-6,2	0	92,0	0	22,0	0	250,0	0	970,0	0	0,0	ERA5
1068445	19/11/2025	13	19/11/2025	08	HNE	-5,4	0	-6,4	0	93,0	0	17,0	0	250,0	0	970,0	0	25,1	ERA5
1068446	19/11/2025	14	19/11/2025	09	HNE	-5,4	0	-6,4	0	93,0	0	18,0	0	250,0	0	971,0	0	187,6	ERA5
1068447	19/11/2025	15	19/11/2025	10	HNE	-5,2	0	-6,5	0	91,0	0	22,0	0	240,0	0	971,0	0	269,7	ERA5
1068448	19/11/2025	16	19/11/2025	11	HNE	-4,8	0	-6,0	0	91,0	0	17,0	0	250,0	0	971,0	0	468,1	ERA5
1068449	19/11/2025	17	19/11/2025	12	HNE	-4,3	0	-5,6	0	91,0	0	22,0	0	250,0	0	972,0	0	548,4	ERA5
1068450	19/11/2025	18	19/11/2025	13	HNE	-4,3	0	-5,6	0	91,0	0	15,0	0	240,0	0	972,0	0	484,1	ERA5
1068451	19/11/2025	19	19/11/2025	14	HNE	-4,8	0	-5,8	0	93,0	0	22,0	0	250,0	0	972,0	0	417,8	ERA5
1068452	19/11/2025	20	19/11/2025	15	HNE	-5,0	0	-5,7	0	95,0	0	13,0	0	240,0	0	973,0	0	225,3	ERA5
1068453	19/11/2025	21	19/11/2025	16	HNE	-5,3	0	-6,0	0	95,0	0	17,0	0	270,0	0	974,0	0	69,7	ERA5
1068454	19/11/2025	22	19/11/2025	17	HNE	-5,5	0	-5,9	0	97,0	0	15,0	0	240,0	0	974,0	0	0,2	ERA5
1068455	19/11/2025	23	19/11/2025	18	HNE	-5,6	0	-6,3	0	95,0	0	11,0	0	250,0	0	974,0	0	0,0	ERA5
1068456	20/11/2025	00	19/11/2025	19	HNE	-5,6	0	-6,6	0	93,0	0	15,0	0	260,0	0	974,0	0	0,0	ERA5
1068457	20/11/2025	01	19/11/2025	20	HNE	-5,5	0	-6,6	0	92,0	0	15,0	0	260,0	0	974,0	0	0,0	ERA5
1068458	20/11/2025	02	19/11/2025	21	HNE	-5,4	0	-6,6	0	91,0	0	13,0	0	260,0	0	974,0	0	0,0	ERA5
1068459	20/11/2025	03	19/11/2025	22	HNE	-5,5	0	-7,0	0	89,0	0	11,0	0	250,0	0	974,0	0	0,0	ERA5
1068460	20/11/2025	04	19/11/2025	23	HNE	-5,8	0	-7,3	0	89,0	0	13,0	0	220,0	0	974,0	0	0,0	ERA5
1068461	20/11/2025	05	20/11/2025	00	HNE	-6,0	0	-7,4	0	90,0	0	5,0	0	210,0	0	974,0	0	0,0	ERA5
1068462	20/11/2025	06	20/11/2025	01	HNE	-5,8	0	-7,0	0	91,0	0	9,0	0	190,0	0	974,0	0	0,0	ERA5
1068463	20/11/2025	07	20/11/2025	02	HNE	-5,6	0	-6,7	0	92,0	0	9,0	0	210,0	0	974,0	0	0,0	ERA5
1068464	20/11/2025	08	20/11/2025	03	HNE	-5,9	0	-7,0	0	92,0	0	13,0	0	190,0	0	973,0	0	0,0	ERA5
1068465	20/11/2025	09	20/11/2025	04	HNE	-6,2	0	-7,2	0	93,0	0	13,0	0	190,0	0	973,0	0	0,0	ERA5
1068466	20/11/2025	10	20/11/2025	05	HNE	-5,8	0	-6,9	0	92,0	0	13,0	0	190,0	0	973,0	0	0,0	ERA5
1068467	20/11/2025	11	20/11/2025	06	HNE	-5,9	0	-6,9	0	93,0	0	11,0	0	190,0	0	973,0	0	0,0	ERA5
1068468	20/11/2025	12	20/11/2025	07	HNE	-7,1	0	-7,9	0	94,0	0	13,0	0	190,0	0	973,0	0	0,0	ERA5
1068469	20/11/2025	13	20/11/2025	08	HNE	-5,2	0	-6,0	0	94,0	0	13,0	0	180,0	0	973,0	0	39,6	ERA5
1068470	20/11/2025	14	20/11/2025	09	HNE	-4,2	0	-5,2	0	93,0	0	17,0	0	190,0	0	973,0	0	283,8	ERA5
1068471	20/11/2025	15	20/11/2025	10	HNE	-3,4	0	-4,8	0	90,0	0	21,0	0	190,0	0	972,0	0	531,4	ERA5
1068472	20/11/2025	16	20/11/2025	11	HNE	-2,2	0	-4,6	0	84,0	0	18,0	0	190,0	0	972,0	0	748,1	ERA5
1068473	20/11/2025	17	20/11/2025	12	HNE	-1,7	0	-4,2	0	83,0	0	24,0	0	180,0	0	971,0	0	742,7	ERA5
1068474	20/11/2025	18	20/11/2025	13	HNE	-1,3	0	-3,8	0	83,0	0	18,0	0	180,0	0	971,0	0	756,3	ERA5
1068475	20/11/2025	19	20/11/2025	14	HNE	-1,0	0	-3,4	0	84,0	0	17,0	0	180,0	0	970,0	0	340,0	ERA5
1068476	20/11/2025	20	20/11/2025	15	HNE	-1,1	0	-3,5	0	84,0	0	21,0	0	170,0	0	970,0	0	188,6	ERA5
1068477	20/11/2025	21	20/11/2025	16	HNE	-1,1	0	-3,3	0	85,0	0	17,0	0	170,0	0	970,0	0	82,4	ERA5
1068478	20/11/2025	22	20/11/2025	17	HNE	-1,2	0	-3,4	0	85,0	0	17,0	0	160,0	0	969,0	0	0,1	ERA5
1068479	20/11/2025	23	20/11/2025	18	HNE	-1,2	0	-3,4	0	85,0	0	18,0	0	170,0	0	969,0	0	0,0	ERA5
1068480	21/11/2025	00	20/11/2025	19	HNE	-1,5	0	-3,7	0	85,0	0	18,0	0	160,0	0	968,0	0	0,0	ERA5
1068481	21/11/2025	01	20/11/2025	20	HNE	-1,7	0	-3,4	0	88,0	0	17,0	0	170,0	0	968,0	0	0,0	ERA5
1068482	21/11/2025	02	20/11/2025	21	HNE	-2,0	0	-3,3	0	91,0	0	18,0	0	170,0	0	967,0	0	0,0	ERA5
1068483	21/11/2025	03	20/11/2025	22	HNE	-2,0	0	-3,1	0	92,0	0	18,0	0	170,0	0	967,0	0	0,0	ERA5
1068484	21/11/2025	04	20/11/2025	23	HNE	-1,9	0	-3,8	0	87,0	0	21,0	0	160,0	0	966,0	0	0,0	ERA5
1068485	21/11/2025	05	21/11/2025	00	HNE	-2,0	0	-3,9	0	87,0	0	21,0	0	160,0	0	965,0	0	0,0	ERA5
1068486	21/11/2025	06	21/11/2025	01	HNE	-2,0	0	-3,7	0	88,0	0	21,0	0	170,0	0	965,0	0	0,0	ERA5
1068487	21/11/2025	07	21/11/2025	02	HNE	-2,0	0	-3,7	0	88,0	0	22,0	0	160,0	0	964,0	0	0,0	ERA5
1068488	21/11/2025	08	21/11/2025	03	HNE	-2,0	0	-3,7	0	88,0	0	22,0	0	160,0	0	963,0	0	0,0	ERA5
1068489	21/11/2025	09	21/11/2025	04	HNE	-2,4	0	-3,1	0	95,0	0	18,0	0	160,0	0	962,0	0	0,0	ERA5
1068490	21/11/2025	10	21/11/2025	05	HNE	-2,4	0	-3,0	0	96,0	0	18,0	0	150,0	0	961,0	0	0,0	ERA5
1068491	21/11/2025	11	21/11/2025	06	HNE	-2,3	0	-2,9	0	96,0	0	18,0	0	150,0	0	960,0	0	0,0	ERA5
1068492	21/11/2025	12	21/11/2025	07	HNE	-2,2	0	-3,0	0	94,0	0	21,0	0	160,0	0	960,0	0	0,0	ERA5
1068493	21/11/2025	13	21/11/2025	08	HNE	-2,1	0	-2,7	0	96,0	0	18,0	0	160,0	0	959,0	0	12,2	ERA5
1068494	21/11/2025	14	21/11/2025	09	HNE	-2,1	0	-2,7	0	96,0	0	15,0	0	150,0	0	959,0	0	67,0	ERA5
1068495	21/11/2025	15	21/11/2025	10	HNE	-1,9	0	-2,5	0	96,0	0	17,0	0	150,0	0	958,0	0	147,8	ERA5
1068496	21/11/2025	16	21/11/2025	11	HNE	-1,4	0	-2,1	0	95,0	0	17,0	0	170,0	0	957,0	0	285,1	ERA5
1068497	21/11/2025	17	21/11/2025	12	HNE	-0,9	0	-1,8	0	94,0	0	18,0	0	180,0	0	957,0	0	370,2	ERA5
1068498	21/11/2025	18	21/11/2025	13	HNE	-0,7	0	-1,3	0	96,0	0	11,0	0	180,0	0	956,0	0	412,4	ERA5
1068499	21/11/2025	19	21/11/2025	14	HNE	-0,6	0	-1,2	0	96,0	0	9,0	0	190,0	0	956,0	0	205,3	ERA5
1068500	21/11/2025	20	21/11/2025	15	HNE	-0,6	0	-1,0	0	97,0	0	9,0	0	220,0	0	956,0	0	126,8	ERA5
1068501	21/11/2025	21	21/11/2025	16	HNE	-0,6	0	-0,9	0	98,0	0	9,0	0	240,0	0	956,0	0	42,5	ERA5
1068502	21/11/2025	22	21/11/2025	17	HNE	-0,7	0	-1,1	0	97,0	0	18,0	0	270,0	0	957,0	0	0,0	ERA5
1068503	21/11/2025	23	21/11/2025	18	HNE	-1,5	0	-2,2	0	95,0	0	13,0	0	280,0	0	957,0	0	0,0	ERA5
1068504	22/11/2025	00	21/11/2025	19	HNE	-1,7	0	-2,3	0	96,0	0	13,0	0	270,0	0	958,0	0	0,0	ERA5
1068505	22/11/2025	01	21/11/2025	20	HNE	-2,2	0	-2,9	0	95,0	0	15,0	0	270,0	0	958,0	0	0,0	ERA5
1068506	22/11/2025	02	21/11/2025	21	HNE	-2,6	0	-3,4	0	94,0	0	15,0	0	280,0	0	958,0	0	0,0	ERA5
1068507	22/11/2025	03	21/11/2025	22	HNE	-2,6	0	-3,4	0	94,0	0	13,0	0	260,0	0	958,0	0	0,0	ERA5
1068508	22/11/2025	04	21/11/2025	23	HNE	-2,8	0	-3,8	0	93,0	0	11,0	0	270,0	0	959,0	0	0,0	ERA5
1068509	22/11/2025	05	22/11/2025	00	HNE	-3,1	0	-3,8	0	95,0	0	11,0	0	270,0	0	959,0	0	0,0	ERA5
1068510	22/11/2025	06	22/11/2025	01	HNE	-3,0	0	-3,8	0	94,0	0	11,0	0	260,0	0	959,0	0	0,0	ERA5
1068511	22/11/2025	07	22/11/2025	02	HNE	-3,0	0	-3,6	0	96,0	0	11,0	0	250,0	0	959,0	0	0,0	ERA5
1068512	22/11/2025	08	22/11/2025	03	HNE	-2,9	0	-3,3	0	97,0	0	11,0	0	260,0	0	959,0	0	0,0	ERA5
1068513	22/11/2025	09	22/11/2025	04	HNE	-2,8	0	-3,6	0	94,0	0	13,0	0	280,0	0	960,0	0	0,0	ERA5
1068514	22/11/2025	10	22/11/2025	05	HNE	-3,1	0	-4,2	0	92,0	0	13,0	0	280,0	0	960,0	0	0,0	ERA5
1068515	22/11/2025	11	22/11/2025	06	HNE	-3,9	0	-5,8	0	87,0	0	15,0	0	290,0	0	960,0	0	0,0	ERA5
1068516	22/11/2025	12	22/11/2025	07	HNE	-4,4	0	-6,0	0	89,0	0	9,0	0	290,0	0	961,0	0	0,0	ERA5
1068517	22/11/2025	13	22/11/2025	08	HNE	-4,4	0	-5,7	0	91,0	0	18,0	0	270,0	0	961,0	0	28,2	ERA5
1068518	22/11/2025	14	22/11/2025	09	HNE	-4,7	0	-6,0	0	91,0	0	15,0	0	260,0	0	961,0	0	216,0	ERA5
1068519	22/11/2025	15	22/11/2025	10	HNE	-4,8	0	-6,0	0	91,0	0	17,0	0	270,0	0	961,0	0	475,4	ERA5
1068520	22/11/2025	16	22/11/2025	11	HNE	-5,0	0	-6,7	0	88,0	0	22,0	0	260,0	0	961,0	0	657,4	ERA5
1068521	22/11/2025	17	22/11/2025	12	HNE	-4,7	0	-6,4	0	88,0	0	17,0	0	260,0	0	961,0	0	522,9	ERA5
1068522	22/11/2025	18	22/11/2025	13	HNE	-4,4	0	-5,7	0	91,0	0	15,0	0	250,0	0	961,0	0	488,3	ERA5
1068523	22/11/2025	19	22/11/2025	14	HNE	-4,2	0	-5,3	0	92,0	0	17,0	0	250,0	0	961,0	0	412,9	ERA5
1068524	22/11/2025	20	22/11/2025	15	HNE	-4,4	0	-5,5	0	92,0	0	17,0	0	240,0	0	961,0	0	287,7	ERA5
1068525	22/11/2025	21	22/11/2025	16	HNE	-4,5	0	-5,6	0	92,0	0	21,0	0	240,0	0	962,0	0	80,8	ERA5
1068526	22/11/2025	22	22/11/2025	17	HNE	-4,5	0	-5,6	0	92,0	0	24,0	0	240,0	0	962,0	0	0,0	ERA5
1068527	22/11/2025	23	22/11/2025	18	HNE	-4,6	0	-5,6	0	93,0	0	21,0	0	250,0	0	962,0	0	0,0	ERA5
1068528	23/11/2025	00	22/11/2025	19	HNE	-4,7	0	-5,7	0	93,0	0	21,0	0	250,0	0	962,0	0	0,0	ERA5
1068529	23/11/2025	01	22/11/2025	20	HNE	-4,8	0	-5,8	0	93,0	0	18,0	0	250,0	0	962,0	0	0,0	ERA5
1068530	23/11/2025	02	22/11/2025	21	HNE	-5,0	0	-5,8	0	94,0	0	17,0	0	250,0	0	962,0	0	0,0	ERA5
1068531	23/11/2025	03	22/11/2025	22	HNE	-5,0	0	-5,7	0	95,0	0	21,0	0	250,0	0	963,0	0	0,0	ERA5
1068532	23/11/2025	04	22/11/2025	23	HNE	-5,0	0	-5,5	0	96,0	0	11,0	0	260,0	0	963,0	0	0,0	ERA5
1068533	23/11/2025	05	23/11/2025	00	HNE	-5,2	0	-5,6	0	97,0	0	18,0	0	230,0	0	962,0	0	0,0	ERA5
1068534	23/11/2025	06	23/11/2025	01	HNE	-5,6	0	-6,6	0	93,0	0	17,0	0	240,0	0	963,0	0	0,0	ERA5
1068535	23/11/2025	07	23/11/2025	02	HNE	-6,2	0	-6,5	0	98,0	0	15,0	0	230,0	0	963,0	0	0,0	ERA5
1068536	23/11/2025	08	23/11/2025	03	HNE	-6,5	0	-6,8	0	98,0	0	15,0	0	230,0	0	963,0	0	0,0	ERA5
1068537	23/11/2025	09	23/11/2025	04	HNE	-7,1	0	-7,6	0	96,0	0	13,0	0	240,0	0	963,0	0	0,0	ERA5
1068538	23/11/2025	10	23/11/2025	05	HNE	-7,3	0	-8,0	0	95,0	0	18,0	0	240,0	0	963,0	0	0,0	ERA5
1068539	23/11/2025	11	23/11/2025	06	HNE	-7,4	0	-8,1	0	95,0	0	13,0	0	230,0	0	963,0	0	0,0	ERA5
1068540	23/11/2025	12	23/11/2025	07	HNE	-7,4	0	-7,9	0	96,0	0	15,0	0	230,0	0	963,0	0	0,0	ERA5
1068541	23/11/2025	13	23/11/2025	08	HNE	-7,1	0	-7,8	0	95,0	0	17,0	0	230,0	0	963,0	0	15,7	ERA5
1068542	23/11/2025	14	23/11/2025	09	HNE	-6,7	0	-7,5	0	94,0	0	5,0	0	250,0	0	963,0	0	152,7	ERA5
1068543	23/11/2025	15	23/11/2025	10	HNE	-6,3	0	-7,2	0	93,0	0	9,0	0	260,0	0	963,0	0	344,2	ERA5
1068544	23/11/2025	16	23/11/2025	11	HNE	-6,1	0	-8,1	0	86,0	0	11,0	0	220,0	0	963,0	0	473,2	ERA5
1068545	23/11/2025	17	23/11/2025	12	HNE	-5,8	0	-7,9	0	85,0	0	11,0	0	230,0	0	963,0	0	632,4	ERA5
1068546	23/11/2025	18	23/11/2025	13	HNE	-6,2	0	-7,2	0	93,0	0	5,0	0	180,0	0	963,0	0	527,2	ERA5
1068547	23/11/2025	19	23/11/2025	14	HNE	-6,2	0	-6,9	0	95,0	0	8,0	0	230,0	0	962,0	0	465,2	ERA5
1068548	23/11/2025	20	23/11/2025	15	HNE	-6,4	0	-7,1	0	95,0	0	11,0	0	160,0	0	963,0	0	268,4	ERA5
1068549	23/11/2025	21	23/11/2025	16	HNE	-6,4	0	-7,2	0	94,0	0	13,0	0	190,0	0	963,0	0	73,1	ERA5
1068550	23/11/2025	22	23/11/2025	17	HNE	-6,4	0	-7,2	0	94,0	0	4,0	0	0,0	0	964,0	0	0,0	ERA5
1068551	23/11/2025	23	23/11/2025	18	HNE	-6,4	0	-7,2	0	94,0	0	4,0	0	0,0	0	964,0	0	0,0	ERA5
1068552	24/11/2025	00	23/11/2025	19	HNE	-6,3	0	-7,1	0	94,0	0	5,0	0	140,0	0	964,0	0	0,0	ERA5
1068553	24/11/2025	01	23/11/2025	20	HNE	-6,3	0	-6,8	0	96,0	0	5,0	0	200,0	0	965,0	0	0,0	ERA5
1068554	24/11/2025	02	23/11/2025	21	HNE	-6,4	0	-6,9	0	96,0	0	4,0	0	260,0	0	965,0	0	0,0	ERA5
1068555	24/11/2025	03	23/11/2025	22	HNE	-6,4	0	-6,8	0	97,0	0	4,0	0	0,0	0	965,0	0	0,0	ERA5
1068556	24/11/2025	04	23/11/2025	23	HNE	-6,3	0	-6,8	0	96,0	0	0,0	0	0,0	0	965,0	0	0,0	ERA5
1068557	24/11/2025	05	24/11/2025	00	HNE	-6,3	0	-6,8	0	96,0	0	4,0	0	0,0	0	965,0	0	0,0	ERA5
1068558	24/11/2025	06	24/11/2025	01	HNE	-6,2	0	-6,7	0	96,0	0	4,0	0	190,0	0	966,0	0	0,0	ERA5
1068559	24/11/2025	07	24/11/2025	02	HNE	-5,9	0	-6,3	0	97,0	0	8,0	0	200,0	0	966,0	0	0,0	ERA5
1068560	24/11/2025	08	24/11/2025	03	HNE	-5,8	0	-6,3	0	96,0	0	5,0	0	210,0	0	966,0	0	0,0	ERA5
1068561	24/11/2025	09	24/11/2025	04	HNE	-5,4	0	-6,1	0	95,0	0	8,0	0	230,0	0	967,0	0	0,0	ERA5
1068562	24/11/2025	10	24/11/2025	05	HNE	-5,9	0	-6,6	0	95,0	0	8,0	0	230,0	0	967,0	0	0,0	ERA5
1068563	24/11/2025	11	24/11/2025	06	HNE	-6,4	0	-7,1	0	95,0	0	9,0	0	250,0	0	968,0	0	0,0	ERA5
1068564	24/11/2025	12	24/11/2025	07	HNE	-5,8	0	-6,5	0	95,0	0	9,0	0	240,0	0	968,0	0	0,0	ERA5
1068565	24/11/2025	13	24/11/2025	08	HNE	-5,0	0	-5,4	0	97,0	0	11,0	0	240,0	0	969,0	0	13,7	ERA5
1068566	24/11/2025	14	24/11/2025	09	HNE	-4,2	0	-4,9	0	95,0	0	8,0	0	260,0	0	969,0	0	140,4	ERA5
1068567	24/11/2025	15	24/11/2025	10	HNE	-3,7	0	-4,3	0	96,0	0	11,0	0	230,0	0	969,0	0	253,0	ERA5
1068568	24/11/2025	16	24/11/2025	11	HNE	-3,3	0	-4,1	0	94,0	0	13,0	0	220,0	0	969,0	0	251,0	ERA5
1068569	24/11/2025	17	24/11/2025	12	HNE	-2,8	0	-4,4	0	89,0	0	15,0	0	230,0	0	968,0	0	424,1	ERA5
1068570	24/11/2025	18	24/11/2025	13	HNE	-2,7	0	-4,3	0	89,0	0	13,0	0	220,0	0	968,0	0	364,9	ERA5
1068571	24/11/2025	19	24/11/2025	14	HNE	-2,4	0	-4,0	0	89,0	0	15,0	0	200,0	0	967,0	0	414,8	ERA5
1068572	24/11/2025	20	24/11/2025	15	HNE	-2,4	0	-3,9	0	89,0	0	18,0	0	200,0	0	967,0	0	239,1	ERA5
1068573	24/11/2025	21	24/11/2025	16	HNE	-2,4	0	-3,2	0	94,0	0	21,0	0	180,0	0	966,0	0	61,5	ERA5
1068574	24/11/2025	22	24/11/2025	17	HNE	-2,5	0	-3,3	0	94,0	0	24,0	0	190,0	0	966,0	0	0,0	ERA5
1068575	24/11/2025	23	24/11/2025	18	HNE	-2,3	0	-2,9	0	96,0	0	26,0	0	180,0	0	965,0	0	0,0	ERA5
1068576	25/11/2025	00	24/11/2025	19	HNE	-2,0	0	-2,6	0	96,0	0	22,0	0	180,0	0	964,0	0	0,0	ERA5
1068577	25/11/2025	01	24/11/2025	20	HNE	-1,6	0	-2,3	0	95,0	0	28,0	0	180,0	0	963,0	0	0,0	ERA5
1068578	25/11/2025	02	24/11/2025	21	HNE	-0,7	0	-1,3	0	96,0	0	22,0	0	200,0	0	963,0	0	0,0	ERA5
1068579	25/11/2025	03	24/11/2025	22	HNE	-0,3	0	-0,7	0	97,0	0	21,0	0	210,0	0	963,0	0	0,0	ERA5
1068580	25/11/2025	04	24/11/2025	23	HNE	-0,05	4.lineaire	-0,3	0	98,0	0	21,0	0	210,0	0	962,0	0	0,0	ERA5
1068581	25/11/2025	05	25/11/2025	00	HNE	0,2	0	-0,1	0	98,0	0	22,0	0	220,0	0	962,0	0	0,0	ERA5
1068582	25/11/2025	06	25/11/2025	01	HNE	0,4	0	0,1	0	98,0	0	21,0	0	240,0	0	963,0	0	0,0	ERA5
1068583	25/11/2025	07	25/11/2025	02	HNE	0,3	0	-0,1	0	97,0	0	15,0	0	250,0	0	964,0	0	0,0	ERA5
1068584	25/11/2025	08	25/11/2025	03	HNE	0,3	0	-0,3	0	96,0	0	17,0	0	260,0	0	965,0	0	0,0	ERA5
1068585	25/11/2025	09	25/11/2025	04	HNE	0,2	0	-0,2	0	97,0	0	13,0	0	260,0	0	965,0	0	0,0	ERA5
1068586	25/11/2025	10	25/11/2025	05	HNE	0,1	0	-0,4	0	97,0	0	15,0	0	260,0	0	966,0	0	0,0	ERA5
1068587	25/11/2025	11	25/11/2025	06	HNE	-0,2	0	-0,9	0	95,0	0	17,0	0	270,0	0	967,0	0	0,0	ERA5
1068588	25/11/2025	12	25/11/2025	07	HNE	-0,3	0	-1,0	0	95,0	0	9,0	0	260,0	0	967,0	0	0,0	ERA5
1068589	25/11/2025	13	25/11/2025	08	HNE	-1,0	0	-1,6	0	96,0	0	15,0	0	280,0	0	968,0	0	12,4	ERA5
1068590	25/11/2025	14	25/11/2025	09	HNE	-0,6	0	-1,6	0	93,0	0	9,0	0	250,0	0	969,0	0	151,1	ERA5
1068591	25/11/2025	15	25/11/2025	10	HNE	-0,3	0	-1,6	0	91,0	0	8,0	0	260,0	0	969,0	0	349,1	ERA5
1068592	25/11/2025	16	25/11/2025	11	HNE	-0,2	0	-1,8	0	89,0	0	9,0	0	230,0	0	969,0	0	490,8	ERA5
1068593	25/11/2025	17	25/11/2025	12	HNE	-0,6	0	-3,1	0	83,0	0	15,0	0	240,0	0	969,0	0	438,9	ERA5
1068594	25/11/2025	18	25/11/2025	13	HNE	-0,5	0	-2,9	0	84,0	0	8,0	0	230,0	0	969,0	0	473,2	ERA5
1068595	25/11/2025	19	25/11/2025	14	HNE	-0,4	0	-2,2	0	88,0	0	9,0	0	250,0	0	968,0	0	360,8	ERA5
1068596	25/11/2025	20	25/11/2025	15	HNE	-0,7	0	-2,2	0	90,0	0	4,0	0	250,0	0	969,0	0	253,5	ERA5
1068597	25/11/2025	21	25/11/2025	16	HNE	-1,1	0	-2,1	0	93,0	0	8,0	0	240,0	0	969,0	0	83,2	ERA5
1068598	25/11/2025	22	25/11/2025	17	HNE	-1,4	0	-2,7	0	91,0	0	9,0	0	250,0	0	969,0	0	0,0	ERA5
1068599	25/11/2025	23	25/11/2025	18	HNE	-1,7	0	-3,6	0	87,0	0	5,0	0	200,0	0	969,0	0	0,0	ERA5
1068600	26/11/2025	00	25/11/2025	19	HNE	-1,4	0	-4,9	0	77,0	0	4,0	0	0,0	0	969,0	0	0,0	ERA5
1068601	26/11/2025	01	25/11/2025	20	HNE	-2,0	0	-3,6	0	89,0	0	4,0	0	0,0	0	969,0	0	0,0	ERA5
1068602	26/11/2025	02	25/11/2025	21	HNE	-2,0	0	-3,9	0	87,0	0	0,0	0	0,0	0	969,0	0	0,0	ERA5
1068603	26/11/2025	03	25/11/2025	22	HNE	-2,2	0	-4,6	0	84,0	0	4,0	0	0,0	0	968,0	0	0,0	ERA5
1068604	26/11/2025	04	25/11/2025	23	HNE	-2,4	0	-4,2	0	88,0	0	4,0	0	60,0	0	968,0	0	0,0	ERA5
1068605	26/11/2025	05	26/11/2025	00	HNE	-2,5	0	-4,8	0	84,0	0	9,0	0	90,0	0	968,0	0	0,0	ERA5
1068606	26/11/2025	06	26/11/2025	01	HNE	-2,8	0	-4,7	0	87,0	0	5,0	0	50,0	0	967,0	0	0,0	ERA5
1068607	26/11/2025	07	26/11/2025	02	HNE	-2,5	0	-4,5	0	86,0	0	8,0	0	40,0	0	967,0	0	0,0	ERA5
1068608	26/11/2025	08	26/11/2025	03	HNE	-2,5	0	-4,5	0	86,0	0	13,0	0	40,0	0	967,0	0	0,0	ERA5
1068609	26/11/2025	09	26/11/2025	04	HNE	-2,6	0	-4,6	0	86,0	0	11,0	0	60,0	0	967,0	0	0,0	ERA5
1068610	26/11/2025	10	26/11/2025	05	HNE	-2,6	0	-4,6	0	86,0	0	11,0	0	60,0	0	967,0	0	0,0	ERA5
1068611	26/11/2025	11	26/11/2025	06	HNE	-2,5	0	-4,2	0	88,0	0	9,0	0	60,0	0	966,0	0	0,0	ERA5
1068612	26/11/2025	12	26/11/2025	07	HNE	-2,6	0	-4,3	0	88,0	0	15,0	0	70,0	0	966,0	0	0,0	ERA5
1068613	26/11/2025	13	26/11/2025	08	HNE	-2,8	0	-4,8	0	86,0	0	18,0	0	70,0	0	966,0	0	13,1	ERA5
1068614	26/11/2025	14	26/11/2025	09	HNE	-2,8	0	-4,9	0	85,0	0	18,0	0	70,0	0	965,0	0	155,2	ERA5
1068615	26/11/2025	15	26/11/2025	10	HNE	-2,7	0	-4,7	0	86,0	0	15,0	0	70,0	0	965,0	0	431,8	ERA5
1068616	26/11/2025	16	26/11/2025	11	HNE	-2,4	0	-4,3	0	87,0	0	24,0	0	80,0	0	964,0	0	623,6	ERA5
1068617	26/11/2025	17	26/11/2025	12	HNE	-2,3	0	-4,2	0	87,0	0	21,0	0	70,0	0	963,0	0	803,4	ERA5
1068618	26/11/2025	18	26/11/2025	13	HNE	-2,2	0	-4,1	0	87,0	0	21,0	0	70,0	0	962,0	0	799,0	ERA5
1068619	26/11/2025	19	26/11/2025	14	HNE	-2,2	0	-3,8	0	89,0	0	24,0	0	70,0	0	961,0	0	513,0	ERA5
1068620	26/11/2025	20	26/11/2025	15	HNE	-2,5	0	-3,8	0	91,0	0	24,0	0	60,0	0	960,0	0	245,5	ERA5
1068621	26/11/2025	21	26/11/2025	16	HNE	-2,7	0	-3,8	0	92,0	0	17,0	0	60,0	0	960,0	0	55,3	ERA5
1068622	26/11/2025	22	26/11/2025	17	HNE	-2,5	0	-3,8	0	91,0	0	24,0	0	70,0	0	959,0	0	0,0	ERA5
1068623	26/11/2025	23	26/11/2025	18	HNE	-2,4	0	-3,2	0	94,0	0	22,0	0	70,0	0	958,0	0	0,0	ERA5
1068624	27/11/2025	00	26/11/2025	19	HNE	-2,3	0	-3,0	0	95,0	0	21,0	0	80,0	0	957,0	0	0,0	ERA5
1068625	27/11/2025	01	26/11/2025	20	HNE	-2,2	0	-2,9	0	95,0	0	24,0	0	80,0	0	956,0	0	0,0	ERA5
1068626	27/11/2025	02	26/11/2025	21	HNE	-2,0	0	-2,7	0	95,0	0	18,0	0	90,0	0	955,0	0	0,0	ERA5
1068627	27/11/2025	03	26/11/2025	22	HNE	-1,9	0	-2,6	0	95,0	0	26,0	0	90,0	0	954,0	0	0,0	ERA5
1068628	27/11/2025	04	26/11/2025	23	HNE	-1,7	0	-2,7	0	93,0	0	21,0	0	100,0	0	953,0	0	0,0	ERA5
1068629	27/11/2025	05	27/11/2025	00	HNE	-1,6	0	-2,4	0	94,0	0	21,0	0	100,0	0	952,0	0	0,0	ERA5
1068630	27/11/2025	06	27/11/2025	01	HNE	-1,6	0	-2,2	0	96,0	0	15,0	0	100,0	0	952,0	0	0,0	ERA5
1068631	27/11/2025	07	27/11/2025	02	HNE	-1,4	0	-2,1	0	95,0	0	13,0	0	110,0	0	951,0	0	0,0	ERA5
1068632	27/11/2025	08	27/11/2025	03	HNE	-1,5	0	-1,9	0	97,0	0	15,0	0	110,0	0	950,0	0	0,0	ERA5
1068633	27/11/2025	09	27/11/2025	04	HNE	-1,5	0	-2,1	0	96,0	0	15,0	0	110,0	0	950,0	0	0,0	ERA5
1068634	27/11/2025	10	27/11/2025	05	HNE	-1,6	0	-2,2	0	96,0	0	15,0	0	120,0	0	949,0	0	0,0	ERA5
1068635	27/11/2025	11	27/11/2025	06	HNE	-1,6	0	-2,0	0	97,0	0	13,0	0	130,0	0	949,0	0	0,0	ERA5
1068636	27/11/2025	12	27/11/2025	07	HNE	-1,6	0	-1,9	0	98,0	0	8,0	0	140,0	0	949,0	0	0,0	ERA5
1068637	27/11/2025	13	27/11/2025	08	HNE	-1,4	0	-1,7	0	98,0	0	5,0	0	170,0	0	949,0	0	5,3	ERA5
1068638	27/11/2025	14	27/11/2025	09	HNE	-0,9	0	-1,0	0	99,0	0	8,0	0	190,0	0	949,0	0	78,1	ERA5
1068639	27/11/2025	15	27/11/2025	10	HNE	-0,3	4.lineaire	-0,3	0	98,0	0	9,0	0	210,0	0	949,0	0	188,5	ERA5
1068640	27/11/2025	16	27/11/2025	11	HNE	0,3	0	-0,6	0	94,0	0	15,0	0	210,0	0	949,0	0	487,7	ERA5
1068641	27/11/2025	17	27/11/2025	12	HNE	0,4	0	-0,5	0	94,0	0	11,0	0	210,0	0	949,0	0	630,8	ERA5
1068642	27/11/2025	18	27/11/2025	13	HNE	0,4	0	-0,8	0	92,0	0	15,0	0	210,0	0	949,0	0	714,3	ERA5
1068643	27/11/2025	19	27/11/2025	14	HNE	0,4	0	-1,1	0	90,0	0	15,0	0	210,0	0	949,0	0	578,0	ERA5
1068644	27/11/2025	20	27/11/2025	15	HNE	-0,3	0	-0,6	0	98,0	0	8,0	0	190,0	0	950,0	0	388,2	ERA5
1068645	27/11/2025	21	27/11/2025	16	HNE	-0,2	0	-0,9	0	95,0	0	13,0	0	190,0	0	950,0	0	104,4	ERA5
1068646	27/11/2025	22	27/11/2025	17	HNE	-0,3	0	-1,0	0	95,0	0	15,0	0	190,0	0	950,0	0	0,0	ERA5
1068647	27/11/2025	23	27/11/2025	18	HNE	-0,8	0	-1,7	0	94,0	0	13,0	0	190,0	0	950,0	0	0,0	ERA5
1068648	28/11/2025	00	27/11/2025	19	HNE	-0,9	0	-1,5	0	96,0	0	17,0	0	180,0	0	950,0	0	0,0	ERA5
1068649	28/11/2025	01	27/11/2025	20	HNE	-1,3	0	-2,1	0	94,0	0	17,0	0	180,0	0	950,0	0	0,0	ERA5
1068650	28/11/2025	02	27/11/2025	21	HNE	-1,8	0	-2,4	0	96,0	0	15,0	0	170,0	0	949,0	0	0,0	ERA5
1068651	28/11/2025	03	27/11/2025	22	HNE	-2,2	0	-2,8	0	96,0	0	11,0	0	170,0	0	949,0	0	0,0	ERA5
1068652	28/11/2025	04	27/11/2025	23	HNE	-2,2	0	-2,6	0	97,0	0	8,0	0	170,0	0	949,0	0	0,0	ERA5
1068653	28/11/2025	05	28/11/2025	00	HNE	-2,2	0	-2,5	0	98,0	0	11,0	0	160,0	0	949,0	0	0,0	ERA5
1068654	28/11/2025	06	28/11/2025	01	HNE	-2,2	0	-2,5	0	98,0	0	9,0	0	180,0	0	949,0	0	0,0	ERA5
1068655	28/11/2025	07	28/11/2025	02	HNE	-3,1	0	-3,9	0	95,0	0	21,0	0	220,0	0	949,0	0	0,0	ERA5
1068656	28/11/2025	08	28/11/2025	03	HNE	-3,4	0	-4,1	0	95,0	0	9,0	0	210,0	0	949,0	0	0,0	ERA5
1068657	28/11/2025	09	28/11/2025	04	HNE	-4,0	0	-4,7	0	95,0	0	11,0	0	210,0	0	949,0	0	0,0	ERA5
1068658	28/11/2025	10	28/11/2025	05	HNE	-4,6	0	-5,6	0	93,0	0	13,0	0	230,0	0	950,0	0	0,0	ERA5
1068659	28/11/2025	11	28/11/2025	06	HNE	-5,0	0	-6,1	0	92,0	0	11,0	0	230,0	0	950,0	0	0,0	ERA5
1068660	28/11/2025	12	28/11/2025	07	HNE	-5,2	0	-6,0	0	94,0	0	9,0	0	230,0	0	950,0	0	0,0	ERA5
1068661	28/11/2025	13	28/11/2025	08	HNE	-5,5	0	-6,5	0	93,0	0	8,0	0	250,0	0	950,0	0	12,6	ERA5
1068662	28/11/2025	14	28/11/2025	09	HNE	-5,6	0	-6,8	0	91,0	0	9,0	0	260,0	0	950,0	0	195,9	ERA5
1068663	28/11/2025	15	28/11/2025	10	HNE	-5,5	0	-7,0	0	89,0	0	8,0	0	260,0	0	951,0	0	376,2	ERA5
1068664	28/11/2025	16	28/11/2025	11	HNE	-5,4	0	-6,8	0	90,0	0	8,0	0	250,0	0	951,0	0	493,6	ERA5
1068665	28/11/2025	17	28/11/2025	12	HNE	-5,2	0	-6,9	0	88,0	0	11,0	0	240,0	0	951,0	0	552,6	ERA5
1068666	28/11/2025	18	28/11/2025	13	HNE	-4,6	0	-6,3	0	88,0	0	13,0	0	260,0	0	951,0	0	560,5	ERA5
1068667	28/11/2025	19	28/11/2025	14	HNE	-5,1	0	-6,5	0	90,0	0	11,0	0	270,0	0	952,0	0	370,0	ERA5
1068668	28/11/2025	20	28/11/2025	15	HNE	-4,7	0	-6,1	0	90,0	0	9,0	0	250,0	0	953,0	0	169,2	ERA5
1068669	28/11/2025	21	28/11/2025	16	HNE	-5,5	0	-6,6	0	92,0	0	11,0	0	270,0	0	954,0	0	56,4	ERA5
1068670	28/11/2025	22	28/11/2025	17	HNE	-5,8	0	-6,9	0	92,0	0	11,0	0	270,0	0	954,0	0	0,0	ERA5
1068671	28/11/2025	23	28/11/2025	18	HNE	-6,1	0	-7,1	0	93,0	0	9,0	0	280,0	0	955,0	0	0,0	ERA5
1068672	29/11/2025	00	28/11/2025	19	HNE	-6,4	0	-7,9	0	89,0	0	15,0	0	310,0	0	956,0	0	0,0	ERA5
1068673	29/11/2025	01	28/11/2025	20	HNE	-7,4	0	-8,8	0	90,0	0	13,0	0	300,0	0	957,0	0	0,0	ERA5
1068674	29/11/2025	02	28/11/2025	21	HNE	-7,8	0	-9,2	0	90,0	0	11,0	0	290,0	0	957,0	0	0,0	ERA5
1068675	29/11/2025	03	28/11/2025	22	HNE	-7,6	0	-9,0	0	90,0	0	17,0	0	290,0	0	958,0	0	0,0	ERA5
1068676	29/11/2025	04	28/11/2025	23	HNE	-7,6	0	-9,0	0	90,0	0	13,0	0	280,0	0	959,0	0	0,0	ERA5
1068677	29/11/2025	05	29/11/2025	00	HNE	-7,5	0	-8,9	0	90,0	0	13,0	0	290,0	0	960,0	0	0,0	ERA5
1068678	29/11/2025	06	29/11/2025	01	HNE	-7,6	0	-9,1	0	89,0	0	15,0	0	290,0	0	961,0	0	0,0	ERA5
1068679	29/11/2025	07	29/11/2025	02	HNE	-7,6	0	-8,8	0	91,0	0	11,0	0	300,0	0	962,0	0	0,0	ERA5
1068680	29/11/2025	08	29/11/2025	03	HNE	-7,6	0	-9,4	0	87,0	0	21,0	0	300,0	0	964,0	0	0,0	ERA5
1068681	29/11/2025	09	29/11/2025	04	HNE	-7,8	0	-9,5	0	88,0	0	21,0	0	300,0	0	965,0	0	0,0	ERA5
1068682	29/11/2025	10	29/11/2025	05	HNE	-7,8	0	-9,3	0	89,0	0	15,0	0	290,0	0	967,0	0	0,0	ERA5
1068683	29/11/2025	11	29/11/2025	06	HNE	-8,1	0	-9,6	0	89,0	0	15,0	0	290,0	0	968,0	0	0,0	ERA5
1068684	29/11/2025	12	29/11/2025	07	HNE	-8,2	0	-9,6	0	90,0	0	17,0	0	290,0	0	969,0	0	0,0	ERA5
1068685	29/11/2025	13	29/11/2025	08	HNE	-8,3	0	-9,7	0	90,0	0	13,0	0	280,0	0	971,0	0	7,5	ERA5
1068686	29/11/2025	14	29/11/2025	09	HNE	-7,9	0	-9,4	0	89,0	0	13,0	0	280,0	0	972,0	0	133,0	ERA5
1068687	29/11/2025	15	29/11/2025	10	HNE	-7,1	0	-8,8	0	88,0	0	18,0	0	280,0	0	973,0	0	324,5	ERA5
1068688	29/11/2025	16	29/11/2025	11	HNE	-6,5	0	-8,2	0	88,0	0	18,0	0	300,0	0	973,0	0	543,0	ERA5
1068689	29/11/2025	17	29/11/2025	12	HNE	-6,4	0	-7,8	0	90,0	0	18,0	0	270,0	0	974,0	0	610,9	ERA5
1068690	29/11/2025	18	29/11/2025	13	HNE	-6,4	0	-8,2	0	87,0	0	9,0	0	270,0	0	975,0	0	542,4	ERA5
1068691	29/11/2025	19	29/11/2025	14	HNE	-6,6	0	-8,6	0	86,0	0	15,0	0	260,0	0	976,0	0	474,7	ERA5
1068692	29/11/2025	20	29/11/2025	15	HNE	-7,1	0	-9,4	0	84,0	0	17,0	0	260,0	0	977,0	0	347,6	ERA5
1068693	29/11/2025	21	29/11/2025	16	HNE	-7,5	0	-9,2	0	88,0	0	18,0	0	260,0	0	978,0	0	98,5	ERA5
1068694	29/11/2025	22	29/11/2025	17	HNE	-8,2	0	-10,0	0	87,0	0	13,0	0	260,0	0	978,0	0	0,0	ERA5
1068695	29/11/2025	23	29/11/2025	18	HNE	-8,5	0	-10,1	0	88,0	0	11,0	0	240,0	0	979,0	0	0,0	ERA5
1068696	30/11/2025	00	29/11/2025	19	HNE	-9,4	0	-10,6	0	91,0	0	8,0	0	230,0	0	979,0	0	0,0	ERA5
1068697	30/11/2025	01	29/11/2025	20	HNE	-9,7	0	-11,0	0	90,0	0	8,0	0	230,0	0	979,0	0	0,0	ERA5
1068698	30/11/2025	02	29/11/2025	21	HNE	-9,5	0	-10,9	0	90,0	0	8,0	0	240,0	0	979,0	0	0,0	ERA5
1068699	30/11/2025	03	29/11/2025	22	HNE	-9,8	0	-11,1	0	90,0	0	8,0	0	230,0	0	979,0	0	0,0	ERA5
1068700	30/11/2025	04	29/11/2025	23	HNE	-9,6	0	-11,2	0	88,0	0	11,0	0	230,0	0	979,0	0	0,0	ERA5
1068701	30/11/2025	05	30/11/2025	00	HNE	-9,8	0	-11,3	0	89,0	0	8,0	0	220,0	0	980,0	0	0,0	ERA5
1068702	30/11/2025	06	30/11/2025	01	HNE	-9,9	0	-11,8	0	86,0	0	9,0	0	240,0	0	979,0	0	0,0	ERA5
1068703	30/11/2025	07	30/11/2025	02	HNE	-10,5	0	-12,4	0	86,0	0	5,0	0	230,0	0	979,0	0	0,0	ERA5
1068704	30/11/2025	08	30/11/2025	03	HNE	-11,2	0	-13,0	0	87,0	0	4,0	0	180,0	0	979,0	0	0,0	ERA5
1068705	30/11/2025	09	30/11/2025	04	HNE	-11,0	0	-12,6	0	88,0	0	4,0	0	130,0	0	978,0	0	0,0	ERA5
1068706	30/11/2025	10	30/11/2025	05	HNE	-10,7	0	-11,8	0	92,0	0	9,0	0	170,0	0	978,0	0	0,0	ERA5
1068707	30/11/2025	11	30/11/2025	06	HNE	-10,5	0	-11,8	0	90,0	0	9,0	0	150,0	0	977,0	0	0,0	ERA5
1068708	30/11/2025	12	30/11/2025	07	HNE	-10,8	0	-12,3	0	89,0	0	9,0	0	120,0	0	976,0	0	0,0	ERA5
1068709	30/11/2025	13	30/11/2025	08	HNE	-11,0	0	-12,3	0	90,0	0	8,0	0	120,0	0	975,0	0	8,3	ERA5
1068710	30/11/2025	14	30/11/2025	09	HNE	-10,8	0	-12,3	0	89,0	0	11,0	0	140,0	0	974,0	0	122,9	ERA5
1068711	30/11/2025	15	30/11/2025	10	HNE	-10,3	0	-11,9	0	88,0	0	11,0	0	130,0	0	973,0	0	249,5	ERA5
1068712	30/11/2025	16	30/11/2025	11	HNE	-9,5	0	-11,3	0	87,0	0	11,0	0	130,0	0	972,0	0	320,9	ERA5
1068713	30/11/2025	17	30/11/2025	12	HNE	-8,7	0	-10,5	0	87,0	0	13,0	0	140,0	0	970,0	0	373,1	ERA5
1068714	30/11/2025	18	30/11/2025	13	HNE	-8,2	0	-10,0	0	87,0	0	13,0	0	130,0	0	968,0	0	398,6	ERA5
1068715	30/11/2025	19	30/11/2025	14	HNE	-7,9	0	-9,5	0	88,0	0	11,0	0	100,0	0	967,0	0	354,9	ERA5
1068716	30/11/2025	20	30/11/2025	15	HNE	-7,8	0	-9,3	0	89,0	0	11,0	0	100,0	0	966,0	0	208,7	ERA5
1068717	30/11/2025	21	30/11/2025	16	HNE	-8,0	0	-9,2	0	91,0	0	9,0	0	100,0	0	965,0	0	47,5	ERA5
1068718	30/11/2025	22	30/11/2025	17	HNE	-8,1	0	-9,3	0	91,0	0	8,0	0	100,0	0	964,0	0	0,0	ERA5
1068719	30/11/2025	23	30/11/2025	18	HNE	-8,3	0	-9,7	0	90,0	0	9,0	0	100,0	0	964,0	0	0,0	ERA5
1068720	01/12/2025	00	30/11/2025	19	HNE	-8,8	0	-9,9	0	92,0	0	4,0	0	60,0	0	964,0	0	0,0	ERA5
1068721	01/12/2025	01	30/11/2025	20	HNE	-9,1	0	-10,0	0	93,0	0	5,0	0	330,0	0	964,0	0	0,0	ERA5
1068722	01/12/2025	02	30/11/2025	21	HNE	-8,9	0	-9,8	0	93,0	0	8,0	0	300,0	0	964,0	0	0,0	ERA5
1068723	01/12/2025	03	30/11/2025	22	HNE	-9,0	0	-10,2	0	91,0	0	15,0	0	320,0	0	964,0	0	0,0	ERA5
1068724	01/12/2025	04	30/11/2025	23	HNE	-10,1	0	-12,0	0	86,0	0	15,0	0	320,0	0	965,0	0	0,0	ERA5
1068725	01/12/2025	05	01/12/2025	00	HNE	-11,4	0	-13,3	0	86,0	0	22,0	0	310,0	0	966,0	0	0,0	ERA5
1068726	01/12/2025	06	01/12/2025	01	HNE	-12,5	0	-14,7	0	84,0	0	17,0	0	310,0	0	968,0	0	0,0	ERA5
1068727	01/12/2025	07	01/12/2025	02	HNE	-13,7	0	-15,4	0	87,0	0	11,0	0	300,0	0	969,0	0	0,0	ERA5
1068728	01/12/2025	08	01/12/2025	03	HNE	-13,6	0	-15,3	0	87,0	0	13,0	0	290,0	0	970,0	0	0,0	ERA5
1068729	01/12/2025	09	01/12/2025	04	HNE	-13,3	0	-15,0	0	87,0	0	13,0	0	290,0	0	971,0	0	0,0	ERA5
1068730	01/12/2025	10	01/12/2025	05	HNE	-13,0	0	-15,8	0	80,0	0	18,0	0	290,0	0	972,0	0	0,0	ERA5
1068731	01/12/2025	11	01/12/2025	06	HNE	-14,1	0	-17,0	0	79,0	0	22,0	0	280,0	0	973,0	0	0,0	ERA5
1068732	01/12/2025	12	01/12/2025	07	HNE	-15,1	0	-17,7	0	81,0	0	15,0	0	280,0	0	974,0	0	0,0	ERA5
1068733	01/12/2025	13	01/12/2025	08	HNE	-15,9	0	-19,5	0	74,0	0	17,0	0	280,0	0	975,0	0	10,4	ERA5
1068734	01/12/2025	14	01/12/2025	09	HNE	-16,0	0	-19,8	0	73,0	0	18,0	0	290,0	0	975,0	0	230,2	ERA5
1068735	01/12/2025	15	01/12/2025	10	HNE	-16,1	0	-19,9	0	73,0	0	21,0	0	250,0	0	976,0	0	571,3	ERA5
1068736	01/12/2025	16	01/12/2025	11	HNE	-15,6	0	-19,0	0	76,0	0	13,0	0	250,0	0	976,0	0	862,1	ERA5
1068737	01/12/2025	17	01/12/2025	12	HNE	-15,4	0	-19,2	0	73,0	0	21,0	0	230,0	0	975,0	0	944,2	ERA5
1068738	01/12/2025	18	01/12/2025	13	HNE	-15,2	0	-18,7	0	75,0	0	18,0	0	250,0	0	975,0	0	927,4	ERA5
1068739	01/12/2025	19	01/12/2025	14	HNE	-14,9	0	-18,4	0	75,0	0	22,0	0	220,0	0	974,0	0	807,6	ERA5
1068740	01/12/2025	20	01/12/2025	15	HNE	-15,0	0	-19,3	0	70,0	0	21,0	0	240,0	0	974,0	0	477,1	ERA5
1068741	01/12/2025	21	01/12/2025	16	HNE	-15,0	0	-18,0	0	78,0	0	17,0	0	210,0	0	974,0	0	108,8	ERA5
1068742	01/12/2025	22	01/12/2025	17	HNE	-15,1	0	-18,4	0	76,0	0	13,0	0	220,0	0	974,0	0	0,0	ERA5
1068743	01/12/2025	23	01/12/2025	18	HNE	-15,3	0	-18,2	0	79,0	0	15,0	0	200,0	0	974,0	0	0,0	ERA5
1068744	02/12/2025	00	01/12/2025	19	HNE	-16,3	0	-18,6	0	83,0	0	13,0	0	190,0	0	973,0	0	0,0	ERA5
1068745	02/12/2025	01	01/12/2025	20	HNE	-16,5	0	-18,3	0	86,0	0	17,0	0	170,0	0	973,0	0	0,0	ERA5
1068746	02/12/2025	02	01/12/2025	21	HNE	-16,2	0	-18,2	0	85,0	0	13,0	0	170,0	0	972,0	0	0,0	ERA5
1068747	02/12/2025	03	01/12/2025	22	HNE	-15,5	0	-17,6	0	84,0	0	11,0	0	160,0	0	971,0	0	0,0	ERA5
1068748	02/12/2025	04	01/12/2025	23	HNE	-15,1	0	-17,2	0	84,0	0	13,0	0	150,0	0	970,0	0	0,0	ERA5
1068749	02/12/2025	05	02/12/2025	00	HNE	-14,4	0	-16,4	0	85,0	0	15,0	0	140,0	0	969,0	0	0,0	ERA5
1068750	02/12/2025	06	02/12/2025	01	HNE	-13,8	0	-15,7	0	86,0	0	18,0	0	160,0	0	968,0	0	0,0	ERA5
1068751	02/12/2025	07	02/12/2025	02	HNE	-13,0	0	-14,7	0	87,0	0	18,0	0	170,0	0	968,0	0	0,0	ERA5
1068752	02/12/2025	08	02/12/2025	03	HNE	-12,5	0	-14,2	0	87,0	0	18,0	0	180,0	0	967,0	0	0,0	ERA5
1068753	02/12/2025	09	02/12/2025	04	HNE	-12,0	0	-13,6	0	88,0	0	17,0	0	180,0	0	967,0	0	0,0	ERA5
1068754	02/12/2025	10	02/12/2025	05	HNE	-11,6	0	-13,2	0	88,0	0	18,0	0	180,0	0	966,0	0	0,0	ERA5
1068755	02/12/2025	11	02/12/2025	06	HNE	-11,6	0	-13,2	0	88,0	0	15,0	0	180,0	0	966,0	0	0,0	ERA5
1068756	02/12/2025	12	02/12/2025	07	HNE	-12,0	0	-13,6	0	88,0	0	15,0	0	170,0	0	966,0	0	0,0	ERA5
1068757	02/12/2025	13	02/12/2025	08	HNE	-11,7	0	-13,3	0	88,0	0	13,0	0	170,0	0	966,0	0	6,4	ERA5
1068758	02/12/2025	14	02/12/2025	09	HNE	-11,1	0	-12,7	0	88,0	0	13,0	0	170,0	0	966,0	0	149,7	ERA5
1068759	02/12/2025	15	02/12/2025	10	HNE	-10,5	0	-12,3	0	87,0	0	18,0	0	180,0	0	966,0	0	384,8	ERA5
1068760	02/12/2025	16	02/12/2025	11	HNE	-9,7	0	-11,6	0	86,0	0	15,0	0	190,0	0	966,0	0	608,7	ERA5
1068761	02/12/2025	17	02/12/2025	12	HNE	-9,2	0	-11,4	0	84,0	0	18,0	0	190,0	0	965,0	0	635,4	ERA5
1068762	02/12/2025	18	02/12/2025	13	HNE	-8,7	0	-10,9	0	84,0	0	15,0	0	200,0	0	965,0	0	634,4	ERA5
1068763	02/12/2025	19	02/12/2025	14	HNE	-8,4	0	-10,8	0	83,0	0	17,0	0	200,0	0	965,0	0	484,4	ERA5
1068764	02/12/2025	20	02/12/2025	15	HNE	-8,4	0	-10,2	0	87,0	0	15,0	0	180,0	0	965,0	0	336,1	ERA5
1068765	02/12/2025	21	02/12/2025	16	HNE	-9,4	0	-10,6	0	91,0	0	9,0	0	180,0	0	965,0	0	87,6	ERA5
1068766	02/12/2025	22	02/12/2025	17	HNE	-9,5	0	-10,9	0	90,0	0	15,0	0	170,0	0	965,0	0	0,0	ERA5
1068767	02/12/2025	23	02/12/2025	18	HNE	-9,7	0	-11,2	0	89,0	0	17,0	0	170,0	0	965,0	0	0,0	ERA5
1068768	03/12/2025	00	02/12/2025	19	HNE	-9,5	0	-11,1	0	88,0	0	15,0	0	160,0	0	964,0	0	0,0	ERA5
1068769	03/12/2025	01	02/12/2025	20	HNE	-9,8	0	-11,4	0	88,0	0	13,0	0	170,0	0	964,0	0	0,0	ERA5
1068770	03/12/2025	02	02/12/2025	21	HNE	-10,0	0	-11,5	0	89,0	0	11,0	0	170,0	0	964,0	0	0,0	ERA5
1068771	03/12/2025	03	02/12/2025	22	HNE	-9,8	0	-11,3	0	89,0	0	11,0	0	170,0	0	964,0	0	0,0	ERA5
1068772	03/12/2025	04	02/12/2025	23	HNE	-9,8	0	-11,1	0	90,0	0	9,0	0	160,0	0	963,0	0	0,0	ERA5
1068773	03/12/2025	05	03/12/2025	00	HNE	-9,7	0	-11,0	0	90,0	0	11,0	0	160,0	0	963,0	0	0,0	ERA5
1068774	03/12/2025	06	03/12/2025	01	HNE	-9,1	0	-10,5	0	90,0	0	17,0	0	170,0	0	962,0	0	0,0	ERA5
1068775	03/12/2025	07	03/12/2025	02	HNE	-8,9	0	-10,1	0	91,0	0	13,0	0	160,0	0	962,0	0	0,0	ERA5
1068776	03/12/2025	08	03/12/2025	03	HNE	-8,4	0	-9,6	0	91,0	0	17,0	0	170,0	0	961,0	0	0,0	ERA5
1068777	03/12/2025	09	03/12/2025	04	HNE	-8,1	0	-9,3	0	91,0	0	17,0	0	160,0	0	960,0	0	0,0	ERA5
1068778	03/12/2025	10	03/12/2025	05	HNE	-7,8	0	-9,2	0	90,0	0	18,0	0	170,0	0	960,0	0	0,0	ERA5
1068779	03/12/2025	11	03/12/2025	06	HNE	-7,6	0	-9,1	0	89,0	0	24,0	0	170,0	0	959,0	0	0,0	ERA5
1068780	03/12/2025	12	03/12/2025	07	HNE	-7,5	0	-8,9	0	90,0	0	22,0	0	170,0	0	959,0	0	0,0	ERA5
1068781	03/12/2025	13	03/12/2025	08	HNE	-7,5	0	-8,7	0	91,0	0	22,0	0	160,0	0	958,0	0	5,0	ERA5
1068782	03/12/2025	14	03/12/2025	09	HNE	-7,3	0	-8,5	0	91,0	0	26,0	0	160,0	0	958,0	0	115,2	ERA5
1068783	03/12/2025	15	03/12/2025	10	HNE	-6,3	0	-7,7	0	90,0	0	30,0	0	170,0	0	957,0	0	312,4	ERA5
1068784	03/12/2025	16	03/12/2025	11	HNE	-5,5	0	-6,9	0	90,0	0	22,0	0	170,0	0	956,0	0	393,6	ERA5
1068785	03/12/2025	17	03/12/2025	12	HNE	-4,8	0	-6,3	0	89,0	0	28,0	0	180,0	0	955,0	0	359,6	ERA5
1068786	03/12/2025	18	03/12/2025	13	HNE	-4,4	0	-5,8	0	90,0	0	24,0	0	180,0	0	954,0	0	357,6	ERA5
1068787	03/12/2025	19	03/12/2025	14	HNE	-4,1	0	-5,4	0	91,0	0	24,0	0	180,0	0	954,0	0	325,0	ERA5
1068788	03/12/2025	20	03/12/2025	15	HNE	-4,2	0	-5,5	0	91,0	0	24,0	0	180,0	0	953,0	0	179,7	ERA5
1068789	03/12/2025	21	03/12/2025	16	HNE	-4,2	0	-5,5	0	91,0	0	24,0	0	180,0	0	953,0	0	36,2	ERA5
1068790	03/12/2025	22	03/12/2025	17	HNE	-4,3	0	-5,7	0	90,0	0	26,0	0	180,0	0	953,0	0	0,0	ERA5
1068791	03/12/2025	23	03/12/2025	18	HNE	-5,6	0	-7,4	0	87,0	0	21,0	0	290,0	0	954,0	0	0,0	ERA5
1068792	04/12/2025	00	03/12/2025	19	HNE	-9,8	0	-11,6	0	87,0	0	17,0	0	310,0	0	955,0	0	0,0	ERA5
1068793	04/12/2025	01	03/12/2025	20	HNE	-11,5	0	-13,4	0	86,0	0	18,0	0	300,0	0	956,0	0	0,0	ERA5
1068794	04/12/2025	02	03/12/2025	21	HNE	-12,4	0	-14,3	0	86,0	0	13,0	0	310,0	0	957,0	0	0,0	ERA5
1068795	04/12/2025	03	03/12/2025	22	HNE	-12,8	0	-14,7	0	86,0	0	17,0	0	280,0	0	958,0	0	0,0	ERA5
1068796	04/12/2025	04	03/12/2025	23	HNE	-14,4	0	-16,8	0	82,0	0	21,0	0	280,0	0	958,0	0	0,0	ERA5
1068797	04/12/2025	05	04/12/2025	00	HNE	-15,4	0	-17,5	0	84,0	0	17,0	0	290,0	0	959,0	0	0,0	ERA5
1068798	04/12/2025	06	04/12/2025	01	HNE	-16,5	0	-19,0	0	81,0	0	18,0	0	280,0	0	960,0	0	0,0	ERA5
1068799	04/12/2025	07	04/12/2025	02	HNE	-17,5	0	-19,9	0	82,0	0	15,0	0	270,0	0	960,0	0	0,0	ERA5
1068800	04/12/2025	08	04/12/2025	03	HNE	-18,3	0	-20,7	0	82,0	0	21,0	0	260,0	0	960,0	0	0,0	ERA5
1068801	04/12/2025	09	04/12/2025	04	HNE	-18,7	0	-20,8	0	84,0	0	15,0	0	260,0	0	960,0	0	0,0	ERA5
1068802	04/12/2025	10	04/12/2025	05	HNE	-19,0	0	-21,4	0	82,0	0	18,0	0	260,0	0	961,0	0	0,0	ERA5
1068803	04/12/2025	11	04/12/2025	06	HNE	-19,5	0	-21,8	0	82,0	0	11,0	0	240,0	0	961,0	0	0,0	ERA5
1068804	04/12/2025	12	04/12/2025	07	HNE	-19,9	0	-22,4	0	81,0	0	9,0	0	240,0	0	961,0	0	0,0	ERA5
1068805	04/12/2025	13	04/12/2025	08	HNE	-20,4	0	-22,7	0	82,0	0	8,0	0	230,0	0	961,0	0	7,3	ERA5
1068806	04/12/2025	14	04/12/2025	09	HNE	-20,0	0	-22,5	0	81,0	0	9,0	0	240,0	0	961,0	0	217,7	ERA5
1068807	04/12/2025	15	04/12/2025	10	HNE	-20,1	0	-24,1	0	71,0	0	26,0	0	250,0	0	961,0	0	500,5	ERA5
1068808	04/12/2025	16	04/12/2025	11	HNE	-20,5	0	-25,5	0	65,0	0	22,0	0	240,0	0	961,0	0	772,0	ERA5
1068809	04/12/2025	17	04/12/2025	12	HNE	-21,6	0	-24,9	0	75,0	0	24,0	0	240,0	0	962,0	0	944,9	ERA5
1068810	04/12/2025	18	04/12/2025	13	HNE	-22,8	0	-26,2	0	74,0	0	21,0	0	260,0	0	963,0	0	911,8	ERA5
1068811	04/12/2025	19	04/12/2025	14	HNE	-23,4	0	-27,4	0	70,0	0	18,0	0	270,0	0	964,0	0	672,8	ERA5
1068812	04/12/2025	20	04/12/2025	15	HNE	-23,7	0	-27,3	0	73,0	0	17,0	0	280,0	0	965,0	0	380,2	ERA5
1068813	04/12/2025	21	04/12/2025	16	HNE	-24,3	0	-27,7	0	74,0	0	15,0	0	260,0	0	966,0	0	92,3	ERA5
1068814	04/12/2025	22	04/12/2025	17	HNE	-24,7	0	-27,7	0	77,0	0	11,0	0	240,0	0	967,0	0	0,0	ERA5
1068815	04/12/2025	23	04/12/2025	18	HNE	-23,4	0	-26,5	0	76,0	0	18,0	0	240,0	0	968,0	0	0,0	ERA5
1068816	05/12/2025	00	04/12/2025	19	HNE	-23,0	0	-26,0	0	77,0	0	17,0	0	250,0	0	968,0	0	0,0	ERA5
1068817	05/12/2025	01	04/12/2025	20	HNE	-23,0	0	-25,7	0	79,0	0	17,0	0	240,0	0	969,0	0	0,0	ERA5
1068818	05/12/2025	02	04/12/2025	21	HNE	-22,9	0	-25,7	0	78,0	0	18,0	0	250,0	0	969,0	0	0,0	ERA5
1068819	05/12/2025	03	04/12/2025	22	HNE	-23,4	0	-26,1	0	79,0	0	13,0	0	240,0	0	969,0	0	0,0	ERA5
1068820	05/12/2025	04	04/12/2025	23	HNE	-24,3	0	-26,7	0	81,0	0	13,0	0	230,0	0	970,0	0	0,0	ERA5
1068821	05/12/2025	05	05/12/2025	00	HNE	-25,0	0	-27,4	0	81,0	0	11,0	0	220,0	0	969,0	0	0,0	ERA5
1068822	05/12/2025	06	05/12/2025	01	HNE	-25,0	0	-27,5	0	80,0	0	15,0	0	220,0	0	969,0	0	0,0	ERA5
1068823	05/12/2025	07	05/12/2025	02	HNE	-26,0	0	-28,4	0	81,0	0	9,0	0	200,0	0	969,0	0	0,0	ERA5
1068824	05/12/2025	08	05/12/2025	03	HNE	-25,0	0	-27,5	0	80,0	0	15,0	0	200,0	0	969,0	0	0,0	ERA5
1068825	05/12/2025	09	05/12/2025	04	HNE	-24,1	0	-26,6	0	80,0	0	13,0	0	180,0	0	968,0	0	0,0	ERA5
1068826	05/12/2025	10	05/12/2025	05	HNE	-22,9	0	-25,5	0	80,0	0	15,0	0	180,0	0	967,0	0	0,0	ERA5
1068827	05/12/2025	11	05/12/2025	06	HNE	-22,6	0	-25,2	0	80,0	0	17,0	0	170,0	0	966,0	0	0,0	ERA5
1068828	05/12/2025	12	05/12/2025	07	HNE	-22,2	0	-24,9	0	79,0	0	17,0	0	150,0	0	965,0	0	0,0	ERA5
1068829	05/12/2025	13	05/12/2025	08	HNE	-21,7	0	-24,4	0	79,0	0	18,0	0	150,0	0	964,0	0	4,7	ERA5
1068830	05/12/2025	14	05/12/2025	09	HNE	-20,4	0	-23,2	0	79,0	0	21,0	0	150,0	0	964,0	0	118,5	ERA5
1068831	05/12/2025	15	05/12/2025	10	HNE	-18,8	0	-21,6	0	79,0	0	24,0	0	160,0	0	962,0	0	239,9	ERA5
1068832	05/12/2025	16	05/12/2025	11	HNE	-16,9	0	-19,4	0	81,0	0	24,0	0	170,0	0	961,0	0	356,7	ERA5
1068833	05/12/2025	17	05/12/2025	12	HNE	-15,2	0	-17,9	0	80,0	0	34,0	0	180,0	0	960,0	0	392,6	ERA5
1068834	05/12/2025	18	05/12/2025	13	HNE	-14,6	0	-17,3	0	80,0	0	28,0	0	190,0	0	960,0	0	423,4	ERA5
1068835	05/12/2025	19	05/12/2025	14	HNE	-14,0	0	-16,4	0	82,0	0	21,0	0	180,0	0	959,0	0	371,5	ERA5
1068836	05/12/2025	20	05/12/2025	15	HNE	-13,3	0	-15,5	0	84,0	0	18,0	0	180,0	0	959,0	0	242,0	ERA5
1068837	05/12/2025	21	05/12/2025	16	HNE	-12,8	0	-14,8	0	85,0	0	18,0	0	180,0	0	959,0	0	59,6	ERA5
1068838	05/12/2025	22	05/12/2025	17	HNE	-12,5	0	-14,4	0	86,0	0	18,0	0	180,0	0	959,0	0	0,0	ERA5
1068839	05/12/2025	23	05/12/2025	18	HNE	-12,4	0	-14,4	0	85,0	0	17,0	0	180,0	0	959,0	0	0,0	ERA5
1068840	06/12/2025	00	05/12/2025	19	HNE	-12,2	0	-13,9	0	87,0	0	15,0	0	170,0	0	959,0	0	0,0	ERA5
1068841	06/12/2025	01	05/12/2025	20	HNE	-11,6	0	-13,5	0	86,0	0	17,0	0	180,0	0	959,0	0	0,0	ERA5
1068842	06/12/2025	02	05/12/2025	21	HNE	-11,1	0	-12,9	0	87,0	0	18,0	0	180,0	0	959,0	0	0,0	ERA5
1068843	06/12/2025	03	05/12/2025	22	HNE	-10,8	0	-12,6	0	87,0	0	15,0	0	170,0	0	958,0	0	0,0	ERA5
1068844	06/12/2025	04	05/12/2025	23	HNE	-10,8	0	-12,4	0	88,0	0	17,0	0	160,0	0	958,0	0	0,0	ERA5
1068845	06/12/2025	05	06/12/2025	00	HNE	-10,6	0	-12,2	0	88,0	0	17,0	0	160,0	0	958,0	0	0,0	ERA5
1068846	06/12/2025	06	06/12/2025	01	HNE	-10,6	0	-12,2	0	88,0	0	13,0	0	150,0	0	957,0	0	0,0	ERA5
1068847	06/12/2025	07	06/12/2025	02	HNE	-10,4	0	-12,2	0	87,0	0	21,0	0	160,0	0	956,0	0	0,0	ERA5
1068848	06/12/2025	08	06/12/2025	03	HNE	-10,1	0	-11,6	0	89,0	0	18,0	0	150,0	0	956,0	0	0,0	ERA5
1068849	06/12/2025	09	06/12/2025	04	HNE	-10,0	0	-11,5	0	89,0	0	21,0	0	160,0	0	955,0	0	0,0	ERA5
1068850	06/12/2025	10	06/12/2025	05	HNE	-9,6	0	-11,2	0	88,0	0	18,0	0	150,0	0	954,0	0	0,0	ERA5
1068851	06/12/2025	11	06/12/2025	06	HNE	-9,7	0	-11,2	0	89,0	0	21,0	0	150,0	0	953,0	0	0,0	ERA5
1068852	06/12/2025	12	06/12/2025	07	HNE	-9,4	0	-10,8	0	90,0	0	24,0	0	150,0	0	953,0	0	0,0	ERA5
1068853	06/12/2025	13	06/12/2025	08	HNE	-9,1	0	-10,5	0	90,0	0	17,0	0	160,0	0	952,0	0	2,4	ERA5
1068854	06/12/2025	14	06/12/2025	09	HNE	-9,0	0	-10,6	0	88,0	0	26,0	0	160,0	0	952,0	0	82,2	ERA5
1068855	06/12/2025	15	06/12/2025	10	HNE	-8,6	0	-10,1	0	89,0	0	22,0	0	160,0	0	952,0	0	221,9	ERA5
1068856	06/12/2025	16	06/12/2025	11	HNE	-7,9	0	-9,4	0	89,0	0	21,0	0	160,0	0	951,0	0	353,7	ERA5
1068857	06/12/2025	17	06/12/2025	12	HNE	-7,1	0	-8,8	0	88,0	0	18,0	0	170,0	0	950,0	0	418,5	ERA5
1068858	06/12/2025	18	06/12/2025	13	HNE	-6,6	0	-7,8	0	91,0	0	15,0	0	160,0	0	950,0	0	457,6	ERA5
1068859	06/12/2025	19	06/12/2025	14	HNE	-6,0	0	-7,2	0	91,0	0	17,0	0	170,0	0	950,0	0	370,2	ERA5
1068860	06/12/2025	20	06/12/2025	15	HNE	-5,7	0	-6,8	0	92,0	0	15,0	0	190,0	0	950,0	0	243,5	ERA5
1068861	06/12/2025	21	06/12/2025	16	HNE	-11,1	0	-13,3	0	84,0	0	28,0	0	300,0	0	953,0	0	45,0	ERA5
1068862	06/12/2025	22	06/12/2025	17	HNE	-13,4	0	-15,6	0	84,0	0	18,0	0	280,0	0	955,0	0	0,0	ERA5
1068863	06/12/2025	23	06/12/2025	18	HNE	-15,8	0	-18,8	0	78,0	0	22,0	0	280,0	0	957,0	0	0,0	ERA5
1068864	07/12/2025	00	06/12/2025	19	HNE	-17,8	0	-20,6	0	79,0	0	22,0	0	260,0	0	959,0	0	0,0	ERA5
1068865	07/12/2025	01	06/12/2025	20	HNE	-19,7	0	-22,6	0	78,0	0	21,0	0	280,0	0	960,0	0	0,0	ERA5
1068866	07/12/2025	02	06/12/2025	21	HNE	-19,6	0	-22,4	0	79,0	0	18,0	0	280,0	0	961,0	0	0,0	ERA5
1068867	07/12/2025	03	06/12/2025	22	HNE	-20,5	0	-23,9	0	75,0	0	22,0	0	270,0	0	963,0	0	0,0	ERA5
1068868	07/12/2025	04	06/12/2025	23	HNE	-20,9	0	-23,9	0	77,0	0	15,0	0	270,0	0	964,0	0	0,0	ERA5
1068869	07/12/2025	05	07/12/2025	00	HNE	-20,8	0	-23,8	0	77,0	0	13,0	0	280,0	0	965,0	0	0,0	ERA5
1068870	07/12/2025	06	07/12/2025	01	HNE	-21,0	0	-24,2	0	76,0	0	13,0	0	280,0	0	965,0	0	0,0	ERA5
1068871	07/12/2025	07	07/12/2025	02	HNE	-21,1	0	-24,1	0	77,0	0	8,0	0	280,0	0	966,0	0	0,0	ERA5
1068872	07/12/2025	08	07/12/2025	03	HNE	-21,5	0	-24,7	0	76,0	0	17,0	0	260,0	0	967,0	0	0,0	ERA5
1068873	07/12/2025	09	07/12/2025	04	HNE	-22,0	0	-24,4	0	81,0	0	5,0	0	270,0	0	967,0	0	0,0	ERA5
1068874	07/12/2025	10	07/12/2025	05	HNE	-22,0	0	-24,4	0	81,0	0	8,0	0	260,0	0	967,0	0	0,0	ERA5
1068875	07/12/2025	11	07/12/2025	06	HNE	-22,0	0	-24,3	0	82,0	0	15,0	0	230,0	0	968,0	0	0,0	ERA5
1068876	07/12/2025	12	07/12/2025	07	HNE	-22,1	0	-24,3	0	83,0	0	15,0	0	240,0	0	968,0	0	0,0	ERA5
1068877	07/12/2025	13	07/12/2025	08	HNE	-21,8	0	-24,1	0	82,0	0	8,0	0	220,0	0	968,0	0	4,9	ERA5
1068878	07/12/2025	14	07/12/2025	09	HNE	-21,2	0	-23,7	0	81,0	0	5,0	0	180,0	0	968,0	0	231,3	ERA5
1068879	07/12/2025	15	07/12/2025	10	HNE	-19,9	0	-22,8	0	78,0	0	9,0	0	210,0	0	968,0	0	631,4	ERA5
1068880	07/12/2025	16	07/12/2025	11	HNE	-19,2	0	-22,4	0	76,0	0	11,0	0	210,0	0	968,0	0	910,3	ERA5
1068881	07/12/2025	17	07/12/2025	12	HNE	-18,9	0	-22,8	0	72,0	0	15,0	0	260,0	0	968,0	0	1058,2	ERA5
1068882	07/12/2025	18	07/12/2025	13	HNE	-18,2	0	-21,8	0	74,0	0	11,0	0	240,0	0	967,0	0	996,5	ERA5
1068883	07/12/2025	19	07/12/2025	14	HNE	-18,4	0	-21,8	0	75,0	0	8,0	0	190,0	0	967,0	0	811,4	ERA5
1068884	07/12/2025	20	07/12/2025	15	HNE	-17,9	0	-21,5	0	74,0	0	8,0	0	190,0	0	967,0	0	448,0	ERA5
1068885	07/12/2025	21	07/12/2025	16	HNE	-19,8	0	-22,0	0	83,0	0	8,0	0	160,0	0	967,0	0	103,2	ERA5
1068886	07/12/2025	22	07/12/2025	17	HNE	-21,7	0	-23,5	0	86,0	0	5,0	0	170,0	0	967,0	0	0,0	ERA5
1068887	07/12/2025	23	07/12/2025	18	HNE	-23,0	0	-25,0	0	84,0	0	4,0	0	180,0	0	967,0	0	0,0	ERA5
1068888	08/12/2025	00	07/12/2025	19	HNE	-23,5	0	-25,5	0	84,0	0	4,0	0	200,0	0	967,0	0	0,0	ERA5
1068889	08/12/2025	01	07/12/2025	20	HNE	-24,0	0	-26,2	0	83,0	0	0,0	0	0,0	0	967,0	0	0,0	ERA5
1068890	08/12/2025	02	07/12/2025	21	HNE	-24,8	0	-27,1	0	81,0	0	0,0	0	0,0	0	968,0	0	0,0	ERA5
1068891	08/12/2025	03	07/12/2025	22	HNE	-24,0	0	-26,1	0	83,0	0	4,0	0	250,0	0	968,0	0	0,0	ERA5
1068892	08/12/2025	04	07/12/2025	23	HNE	-22,6	0	-24,7	0	83,0	0	8,0	0	280,0	0	968,0	0	0,0	ERA5
1068893	08/12/2025	05	08/12/2025	00	HNE	-22,5	0	-24,8	0	82,0	0	9,0	0	280,0	0	969,0	0	0,0	ERA5
1068894	08/12/2025	06	08/12/2025	01	HNE	-22,2	0	-24,5	0	82,0	0	17,0	0	270,0	0	969,0	0	0,0	ERA5
1068895	08/12/2025	07	08/12/2025	02	HNE	-22,3	0	-24,6	0	82,0	0	9,0	0	250,0	0	969,0	0	0,0	ERA5
1068896	08/12/2025	08	08/12/2025	03	HNE	-22,1	0	-24,4	0	82,0	0	15,0	0	250,0	0	969,0	0	0,0	ERA5
1068897	08/12/2025	09	08/12/2025	04	HNE	-21,6	0	-23,8	0	83,0	0	13,0	0	240,0	0	969,0	0	0,0	ERA5
1068898	08/12/2025	10	08/12/2025	05	HNE	-21,2	0	-23,4	0	83,0	0	15,0	0	230,0	0	969,0	0	0,0	ERA5
1068899	08/12/2025	11	08/12/2025	06	HNE	-20,7	0	-22,9	0	83,0	0	17,0	0	220,0	0	969,0	0	0,0	ERA5
1068900	08/12/2025	12	08/12/2025	07	HNE	-19,8	0	-21,9	0	84,0	0	15,0	0	240,0	0	969,0	0	0,0	ERA5
1068901	08/12/2025	13	08/12/2025	08	HNE	-19,0	0	-20,9	0	85,0	0	17,0	0	230,0	0	969,0	0	3,4	ERA5
1068902	08/12/2025	14	08/12/2025	09	HNE	-18,3	0	-20,2	0	85,0	0	26,0	0	230,0	0	969,0	0	152,8	ERA5
1068903	08/12/2025	15	08/12/2025	10	HNE	-17,6	0	-19,6	0	85,0	0	26,0	0	230,0	0	970,0	0	401,3	ERA5
1068904	08/12/2025	16	08/12/2025	11	HNE	-17,0	0	-19,2	0	84,0	0	26,0	0	250,0	0	970,0	0	488,9	ERA5
1068905	08/12/2025	17	08/12/2025	12	HNE	-16,7	0	-19,5	0	79,0	0	24,0	0	240,0	0	970,0	0	581,4	ERA5
1068906	08/12/2025	18	08/12/2025	13	HNE	-16,4	0	-19,1	0	80,0	0	22,0	0	230,0	0	969,0	0	558,7	ERA5
1068907	08/12/2025	19	08/12/2025	14	HNE	-15,9	0	-18,3	0	82,0	0	28,0	0	230,0	0	969,0	0	634,4	ERA5
1068908	08/12/2025	20	08/12/2025	15	HNE	-15,6	0	-17,7	0	84,0	0	24,0	0	230,0	0	969,0	0	392,6	ERA5
1068909	08/12/2025	21	08/12/2025	16	HNE	-15,4	0	-17,5	0	84,0	0	24,0	0	230,0	0	969,0	0	103,6	ERA5
1068910	08/12/2025	22	08/12/2025	17	HNE	-15,2	0	-17,3	0	84,0	0	21,0	0	230,0	0	969,0	0	0,0	ERA5
1068911	08/12/2025	23	08/12/2025	18	HNE	-15,1	0	-17,2	0	84,0	0	30,0	0	240,0	0	969,0	0	0,0	ERA5
1068912	09/12/2025	00	08/12/2025	19	HNE	-15,4	0	-17,5	0	84,0	0	22,0	0	250,0	0	969,0	0	0,0	ERA5
1068913	09/12/2025	01	08/12/2025	20	HNE	-15,5	0	-17,6	0	84,0	0	18,0	0	250,0	0	969,0	0	0,0	ERA5
1068914	09/12/2025	02	08/12/2025	21	HNE	-15,6	0	-17,7	0	84,0	0	21,0	0	250,0	0	969,0	0	0,0	ERA5
1068915	09/12/2025	03	08/12/2025	22	HNE	-15,9	0	-17,9	0	85,0	0	18,0	0	250,0	0	969,0	0	0,0	ERA5
1068916	09/12/2025	04	08/12/2025	23	HNE	-16,2	0	-18,2	0	85,0	0	21,0	0	230,0	0	968,0	0	0,0	ERA5
1068917	09/12/2025	05	09/12/2025	00	HNE	-16,6	0	-18,6	0	85,0	0	22,0	0	230,0	0	968,0	0	0,0	ERA5
1068918	09/12/2025	06	09/12/2025	01	HNE	-16,6	0	-18,6	0	85,0	0	17,0	0	240,0	0	968,0	0	0,0	ERA5
1068919	09/12/2025	07	09/12/2025	02	HNE	-16,6	0	-18,6	0	85,0	0	18,0	0	230,0	0	967,0	0	0,0	ERA5
1068920	09/12/2025	08	09/12/2025	03	HNE	-17,1	0	-18,9	0	86,0	0	24,0	0	230,0	0	967,0	0	0,0	ERA5
1068921	09/12/2025	09	09/12/2025	04	HNE	-17,7	0	-20,4	0	80,0	0	21,0	0	210,0	0	967,0	0	0,0	ERA5
1068922	09/12/2025	10	09/12/2025	05	HNE	-18,4	0	-20,6	0	83,0	0	11,0	0	210,0	0	966,0	0	0,0	ERA5
1068923	09/12/2025	11	09/12/2025	06	HNE	-18,8	0	-21,0	0	83,0	0	15,0	0	200,0	0	966,0	0	0,0	ERA5
1068924	09/12/2025	12	09/12/2025	07	HNE	-18,9	0	-21,1	0	83,0	0	17,0	0	200,0	0	965,0	0	0,0	ERA5
1068925	09/12/2025	13	09/12/2025	08	HNE	-18,8	0	-21,3	0	81,0	0	18,0	0	190,0	0	964,0	0	2,2	ERA5
1068926	09/12/2025	14	09/12/2025	09	HNE	-17,9	0	-20,1	0	83,0	0	15,0	0	180,0	0	962,0	0	107,6	ERA5
1068927	09/12/2025	15	09/12/2025	10	HNE	-16,8	0	-18,9	0	84,0	0	18,0	0	190,0	0	961,0	0	280,3	ERA5
1068928	09/12/2025	16	09/12/2025	11	HNE	-14,9	0	-17,0	0	84,0	0	18,0	0	190,0	0	961,0	0	470,6	ERA5
1068929	09/12/2025	17	09/12/2025	12	HNE	-13,2	0	-15,7	0	82,0	0	22,0	0	200,0	0	959,0	0	600,5	ERA5
1068930	09/12/2025	18	09/12/2025	13	HNE	-12,5	0	-14,7	0	84,0	0	24,0	0	190,0	0	958,0	0	589,9	ERA5
1068931	09/12/2025	19	09/12/2025	14	HNE	-11,5	0	-13,5	0	86,0	0	21,0	0	190,0	0	957,0	0	439,4	ERA5
1068932	09/12/2025	20	09/12/2025	15	HNE	-10,8	0	-12,7	0	86,0	0	18,0	0	180,0	0	957,0	0	240,4	ERA5
1068933	09/12/2025	21	09/12/2025	16	HNE	-10,6	0	-12,4	0	87,0	0	18,0	0	200,0	0	956,0	0	48,5	ERA5
1068934	09/12/2025	22	09/12/2025	17	HNE	-10,4	0	-12,0	0	88,0	0	17,0	0	190,0	0	956,0	0	0,0	ERA5
1068935	09/12/2025	23	09/12/2025	18	HNE	-10,3	0	-12,0	0	87,0	0	17,0	0	190,0	0	956,0	0	0,0	ERA5
1068936	10/12/2025	00	09/12/2025	19	HNE	-11,2	0	-13,1	0	86,0	0	21,0	0	180,0	0	955,0	0	0,0	ERA5
1068937	10/12/2025	01	09/12/2025	20	HNE	-11,9	0	-13,7	0	87,0	0	15,0	0	170,0	0	955,0	0	0,0	ERA5
1068938	10/12/2025	02	09/12/2025	21	HNE	-11,6	0	-13,2	0	88,0	0	17,0	0	180,0	0	955,0	0	0,0	ERA5
1068939	10/12/2025	03	09/12/2025	22	HNE	-11,7	0	-13,3	0	88,0	0	17,0	0	180,0	0	954,0	0	0,0	ERA5
1068940	10/12/2025	04	09/12/2025	23	HNE	-11,5	0	-13,1	0	88,0	0	13,0	0	170,0	0	954,0	0	0,0	ERA5
1068941	10/12/2025	05	10/12/2025	00	HNE	-11,4	0	-13,0	0	88,0	0	13,0	0	160,0	0	953,0	0	0,0	ERA5
1068942	10/12/2025	06	10/12/2025	01	HNE	-11,1	0	-12,6	0	89,0	0	11,0	0	170,0	0	953,0	0	0,0	ERA5
1068943	10/12/2025	07	10/12/2025	02	HNE	-11,2	0	-12,7	0	89,0	0	11,0	0	160,0	0	953,0	0	0,0	ERA5
1068944	10/12/2025	08	10/12/2025	03	HNE	-11,7	0	-13,2	0	89,0	0	11,0	0	160,0	0	953,0	0	0,0	ERA5
1068945	10/12/2025	09	10/12/2025	04	HNE	-11,7	0	-13,2	0	89,0	0	11,0	0	160,0	0	953,0	0	0,0	ERA5
1068946	10/12/2025	10	10/12/2025	05	HNE	-11,7	0	-13,2	0	89,0	0	9,0	0	160,0	0	953,0	0	0,0	ERA5
1068947	10/12/2025	11	10/12/2025	06	HNE	-11,9	0	-13,4	0	89,0	0	9,0	0	150,0	0	953,0	0	0,0	ERA5
1068948	10/12/2025	12	10/12/2025	07	HNE	-12,4	0	-13,8	0	90,0	0	8,0	0	140,0	0	952,0	0	0,0	ERA5
1068949	10/12/2025	13	10/12/2025	08	HNE	-12,9	0	-14,4	0	89,0	0	8,0	0	110,0	0	953,0	0	2,1	ERA5
1068950	10/12/2025	14	10/12/2025	09	HNE	-13,4	0	-15,1	0	87,0	0	8,0	0	110,0	0	953,0	0	143,4	ERA5
1068951	10/12/2025	15	10/12/2025	10	HNE	-13,1	0	-15,0	0	86,0	0	8,0	0	120,0	0	953,0	0	426,0	ERA5
1068952	10/12/2025	16	10/12/2025	11	HNE	-12,1	0	-14,4	0	83,0	0	8,0	0	130,0	0	953,0	0	666,0	ERA5
1068953	10/12/2025	17	10/12/2025	12	HNE	-11,4	0	-14,0	0	81,0	0	8,0	0	110,0	0	952,0	0	693,1	ERA5
1068954	10/12/2025	18	10/12/2025	13	HNE	-11,5	0	-13,8	0	83,0	0	9,0	0	60,0	0	952,0	0	697,4	ERA5
1068955	10/12/2025	19	10/12/2025	14	HNE	-11,6	0	-13,8	0	84,0	0	11,0	0	60,0	0	952,0	0	479,6	ERA5
1068956	10/12/2025	20	10/12/2025	15	HNE	-11,7	0	-13,8	0	85,0	0	13,0	0	40,0	0	952,0	0	229,0	ERA5
1068957	10/12/2025	21	10/12/2025	16	HNE	-12,5	0	-14,4	0	86,0	0	13,0	0	50,0	0	951,0	0	73,5	ERA5
1068958	10/12/2025	22	10/12/2025	17	HNE	-12,3	0	-14,0	0	87,0	0	13,0	0	50,0	0	952,0	0	0,0	ERA5
1068959	10/12/2025	23	10/12/2025	18	HNE	-12,3	0	-14,2	0	86,0	0	13,0	0	70,0	0	952,0	0	0,0	ERA5
1068960	11/12/2025	00	10/12/2025	19	HNE	-12,7	0	-14,7	0	85,0	0	17,0	0	60,0	0	952,0	0	0,0	ERA5
1068961	11/12/2025	01	10/12/2025	20	HNE	-12,8	0	-14,8	0	85,0	0	11,0	0	40,0	0	951,0	0	0,0	ERA5
1068962	11/12/2025	02	10/12/2025	21	HNE	-12,5	0	-14,4	0	86,0	0	15,0	0	360,0	0	951,0	0	0,0	ERA5
1068963	11/12/2025	03	10/12/2025	22	HNE	-12,8	0	-14,5	0	87,0	0	11,0	0	20,0	0	950,0	0	0,0	ERA5
1068964	11/12/2025	04	10/12/2025	23	HNE	-12,8	0	-14,5	0	87,0	0	9,0	0	360,0	0	950,0	0	0,0	ERA5
1068965	11/12/2025	05	11/12/2025	00	HNE	-13,1	0	-14,7	0	88,0	0	11,0	0	350,0	0	950,0	0	0,0	ERA5
1068966	11/12/2025	06	11/12/2025	01	HNE	-13,1	0	-14,8	0	87,0	0	11,0	0	360,0	0	949,0	0	0,0	ERA5
1068967	11/12/2025	07	11/12/2025	02	HNE	-13,1	0	-15,0	0	86,0	0	13,0	0	10,0	0	949,0	0	0,0	ERA5
1068968	11/12/2025	08	11/12/2025	03	HNE	-13,1	0	-15,0	0	86,0	0	11,0	0	10,0	0	949,0	0	0,0	ERA5
1068969	11/12/2025	09	11/12/2025	04	HNE	-13,1	0	-14,9	0	86,0	0	11,0	0	10,0	0	949,0	0	0,0	ERA5
1068970	11/12/2025	10	11/12/2025	05	HNE	-13,2	0	-15,1	0	86,0	0	13,0	0	10,0	0	949,0	0	0,0	ERA5
1068971	11/12/2025	11	11/12/2025	06	HNE	-13,2	0	-15,1	0	86,0	0	15,0	0	360,0	0	949,0	0	0,0	ERA5
1068972	11/12/2025	12	11/12/2025	07	HNE	-13,1	0	-15,0	0	86,0	0	17,0	0	10,0	0	949,0	0	0,0	ERA5
1068973	11/12/2025	13	11/12/2025	08	HNE	-13,2	0	-15,1	0	86,0	0	15,0	0	360,0	0	949,0	0	1,3	ERA5
1068974	11/12/2025	14	11/12/2025	09	HNE	-13,2	0	-15,4	0	84,0	0	18,0	0	360,0	0	949,0	0	105,3	ERA5
1068975	11/12/2025	15	11/12/2025	10	HNE	-12,2	0	-14,7	0	82,0	0	15,0	0	360,0	0	949,0	0	263,3	ERA5
1068976	11/12/2025	16	11/12/2025	11	HNE	-12,1	0	-14,3	0	84,0	0	18,0	0	350,0	0	949,0	0	389,3	ERA5
1068977	11/12/2025	17	11/12/2025	12	HNE	-11,4	0	-13,9	0	82,0	0	17,0	0	350,0	0	949,0	0	436,6	ERA5
1068978	11/12/2025	18	11/12/2025	13	HNE	-10,7	0	-13,5	0	80,0	0	21,0	0	340,0	0	949,0	0	507,2	ERA5
1068979	11/12/2025	19	11/12/2025	14	HNE	-10,6	0	-13,3	0	81,0	0	13,0	0	330,0	0	949,0	0	421,0	ERA5
1068980	11/12/2025	20	11/12/2025	15	HNE	-11,2	0	-14,3	0	78,0	0	22,0	0	330,0	0	950,0	0	245,8	ERA5
1068981	11/12/2025	21	11/12/2025	16	HNE	-11,7	0	-13,8	0	84,0	0	18,0	0	330,0	0	950,0	0	59,3	ERA5
1068982	11/12/2025	22	11/12/2025	17	HNE	-12,2	0	-13,9	0	87,0	0	18,0	0	310,0	0	951,0	0	0,0	ERA5
1068983	11/12/2025	23	11/12/2025	18	HNE	-11,8	0	-13,4	0	88,0	0	21,0	0	300,0	0	950,0	0	0,0	ERA5
1068984	12/12/2025	00	11/12/2025	19	HNE	-11,6	0	-13,4	0	87,0	0	17,0	0	290,0	0	950,0	0	0,0	ERA5
1068985	12/12/2025	01	11/12/2025	20	HNE	-11,9	0	-13,8	0	86,0	0	18,0	0	290,0	0	950,0	0	0,0	ERA5
1068986	12/12/2025	02	11/12/2025	21	HNE	-11,9	0	-13,9	0	85,0	0	22,0	0	290,0	0	949,0	0	0,0	ERA5
1068987	12/12/2025	03	11/12/2025	22	HNE	-11,9	0	-13,8	0	86,0	0	18,0	0	290,0	0	950,0	0	0,0	ERA5
1068988	12/12/2025	04	11/12/2025	23	HNE	-12,2	0	-14,0	0	87,0	0	17,0	0	270,0	0	949,0	0	0,0	ERA5
1068989	12/12/2025	05	12/12/2025	00	HNE	-12,3	0	-14,2	0	86,0	0	13,0	0	280,0	0	949,0	0	0,0	ERA5
1068990	12/12/2025	06	12/12/2025	01	HNE	-12,2	0	-13,9	0	87,0	0	13,0	0	290,0	0	949,0	0	0,0	ERA5
1068991	12/12/2025	07	12/12/2025	02	HNE	-12,1	0	-13,8	0	87,0	0	15,0	0	290,0	0	949,0	0	0,0	ERA5
1068992	12/12/2025	08	12/12/2025	03	HNE	-12,0	0	-13,6	0	88,0	0	18,0	0	300,0	0	949,0	0	0,0	ERA5
1068993	12/12/2025	09	12/12/2025	04	HNE	-12,0	0	-13,9	0	86,0	0	17,0	0	300,0	0	950,0	0	0,0	ERA5
1068994	12/12/2025	10	12/12/2025	05	HNE	-11,9	0	-13,8	0	86,0	0	15,0	0	300,0	0	950,0	0	0,0	ERA5
1068995	12/12/2025	11	12/12/2025	06	HNE	-11,7	0	-13,6	0	86,0	0	21,0	0	300,0	0	951,0	0	0,0	ERA5
1068996	12/12/2025	12	12/12/2025	07	HNE	-11,6	0	-13,5	0	86,0	0	15,0	0	300,0	0	952,0	0	0,0	ERA5
1068997	12/12/2025	13	12/12/2025	08	HNE	-11,4	0	-13,2	0	87,0	0	18,0	0	290,0	0	953,0	0	1,2	ERA5
1068998	12/12/2025	14	12/12/2025	09	HNE	-10,9	0	-12,8	0	86,0	0	17,0	0	290,0	0	954,0	0	119,0	ERA5
1068999	12/12/2025	15	12/12/2025	10	HNE	-9,5	0	-11,4	0	86,0	0	17,0	0	290,0	0	954,0	0	338,3	ERA5
1069000	12/12/2025	16	12/12/2025	11	HNE	-9,0	0	-10,5	0	89,0	0	24,0	0	280,0	0	955,0	0	536,3	ERA5
1069001	12/12/2025	17	12/12/2025	12	HNE	-8,0	0	-9,9	0	86,0	0	24,0	0	290,0	0	955,0	0	616,1	ERA5
1069002	12/12/2025	18	12/12/2025	13	HNE	-8,2	0	-10,3	0	85,0	0	21,0	0	290,0	0	956,0	0	549,5	ERA5
1069003	12/12/2025	19	12/12/2025	14	HNE	-8,4	0	-10,6	0	84,0	0	17,0	0	290,0	0	956,0	0	453,2	ERA5
1069004	12/12/2025	20	12/12/2025	15	HNE	-8,2	0	-10,9	0	81,0	0	17,0	0	290,0	0	957,0	0	324,5	ERA5
1069005	12/12/2025	21	12/12/2025	16	HNE	-8,1	0	-10,8	0	81,0	0	18,0	0	310,0	0	958,0	0	72,3	ERA5
1069006	12/12/2025	22	12/12/2025	17	HNE	-8,5	0	-10,0	0	89,0	0	13,0	0	260,0	0	959,0	0	0,0	ERA5
1069007	12/12/2025	23	12/12/2025	18	HNE	-9,3	0	-11,1	0	87,0	0	17,0	0	270,0	0	960,0	0	0,0	ERA5
1069008	13/12/2025	00	12/12/2025	19	HNE	-9,6	0	-11,2	0	88,0	0	17,0	0	270,0	0	960,0	0	0,0	ERA5
1069009	13/12/2025	01	12/12/2025	20	HNE	-9,8	0	-11,3	0	89,0	0	13,0	0	260,0	0	960,0	0	0,0	ERA5
1069010	13/12/2025	02	12/12/2025	21	HNE	-9,9	0	-11,4	0	89,0	0	13,0	0	260,0	0	961,0	0	0,0	ERA5
1069011	13/12/2025	03	12/12/2025	22	HNE	-9,9	0	-11,2	0	90,0	0	15,0	0	260,0	0	961,0	0	0,0	ERA5
1069012	13/12/2025	04	12/12/2025	23	HNE	-10,0	0	-11,5	0	89,0	0	13,0	0	250,0	0	961,0	0	0,0	ERA5
1069013	13/12/2025	05	13/12/2025	00	HNE	-10,2	0	-11,7	0	89,0	0	13,0	0	240,0	0	961,0	0	0,0	ERA5
1069014	13/12/2025	06	13/12/2025	01	HNE	-10,5	0	-11,8	0	90,0	0	11,0	0	240,0	0	962,0	0	0,0	ERA5
1069015	13/12/2025	07	13/12/2025	02	HNE	-10,4	0	-12,0	0	88,0	0	13,0	0	240,0	0	962,0	0	0,0	ERA5
1069016	13/12/2025	08	13/12/2025	03	HNE	-10,4	0	-12,3	0	86,0	0	11,0	0	230,0	0	962,0	0	0,0	ERA5
1069017	13/12/2025	09	13/12/2025	04	HNE	-10,6	0	-12,5	0	86,0	0	8,0	0	230,0	0	963,0	0	0,0	ERA5
1069018	13/12/2025	10	13/12/2025	05	HNE	-10,7	0	-13,1	0	83,0	0	8,0	0	220,0	0	962,0	0	0,0	ERA5
1069019	13/12/2025	11	13/12/2025	06	HNE	-11,0	0	-13,4	0	83,0	0	8,0	0	210,0	0	963,0	0	0,0	ERA5
1069020	13/12/2025	12	13/12/2025	07	HNE	-11,1	0	-13,4	0	83,0	0	9,0	0	190,0	0	963,0	0	0,0	ERA5
1069021	13/12/2025	13	13/12/2025	08	HNE	-12,4	0	-14,1	0	87,0	0	11,0	0	190,0	0	963,0	0	1,0	ERA5
1069022	13/12/2025	14	13/12/2025	09	HNE	-13,5	0	-14,8	0	90,0	0	5,0	0	160,0	0	963,0	0	156,0	ERA5
1069023	13/12/2025	15	13/12/2025	10	HNE	-12,7	0	-14,6	0	86,0	0	9,0	0	150,0	0	963,0	0	470,1	ERA5
1069024	13/12/2025	16	13/12/2025	11	HNE	-11,9	0	-14,7	0	80,0	0	13,0	0	150,0	0	962,0	0	665,4	ERA5
1069025	13/12/2025	17	13/12/2025	12	HNE	-11,4	0	-14,2	0	80,0	0	9,0	0	140,0	0	962,0	0	702,9	ERA5
1069026	13/12/2025	18	13/12/2025	13	HNE	-11,3	0	-14,1	0	80,0	0	11,0	0	160,0	0	961,0	0	639,0	ERA5
1069027	13/12/2025	19	13/12/2025	14	HNE	-10,7	0	-13,5	0	80,0	0	9,0	0	120,0	0	961,0	0	489,8	ERA5
1069028	13/12/2025	20	13/12/2025	15	HNE	-10,7	0	-13,2	0	82,0	0	9,0	0	100,0	0	961,0	0	309,9	ERA5
1069029	13/12/2025	21	13/12/2025	16	HNE	-11,9	0	-13,7	0	87,0	0	8,0	0	90,0	0	961,0	0	71,8	ERA5
1069030	13/12/2025	22	13/12/2025	17	HNE	-12,2	0	-13,8	0	88,0	0	5,0	0	80,0	0	961,0	0	0,0	ERA5
1069031	13/12/2025	23	13/12/2025	18	HNE	-12,2	0	-13,8	0	88,0	0	9,0	0	80,0	0	962,0	0	0,0	ERA5
1069032	14/12/2025	00	13/12/2025	19	HNE	-11,8	0	-13,4	0	88,0	0	11,0	0	70,0	0	962,0	0	0,0	ERA5
1069033	14/12/2025	01	13/12/2025	20	HNE	-11,5	0	-13,0	0	89,0	0	9,0	0	70,0	0	962,0	0	0,0	ERA5
1069034	14/12/2025	02	13/12/2025	21	HNE	-11,2	0	-12,7	0	89,0	0	8,0	0	70,0	0	962,0	0	0,0	ERA5
1069035	14/12/2025	03	13/12/2025	22	HNE	-11,6	0	-12,9	0	90,0	0	8,0	0	70,0	0	962,0	0	0,0	ERA5
1069036	14/12/2025	04	13/12/2025	23	HNE	-12,8	0	-13,8	0	92,0	0	8,0	0	50,0	0	962,0	0	0,0	ERA5
1069037	14/12/2025	05	14/12/2025	00	HNE	-13,9	0	-15,1	0	91,0	0	8,0	0	60,0	0	962,0	0	0,0	ERA5
1069038	14/12/2025	06	14/12/2025	01	HNE	-13,6	0	-15,0	0	89,0	0	8,0	0	60,0	0	963,0	0	0,0	ERA5
1069039	14/12/2025	07	14/12/2025	02	HNE	-13,1	0	-14,6	0	89,0	0	8,0	0	40,0	0	963,0	0	0,0	ERA5
1069040	14/12/2025	08	14/12/2025	03	HNE	-12,9	0	-14,4	0	89,0	0	5,0	0	50,0	0	964,0	0	0,0	ERA5
1069041	14/12/2025	09	14/12/2025	04	HNE	-13,3	0	-14,8	0	89,0	0	4,0	0	0,0	0	964,0	0	0,0	ERA5
1069042	14/12/2025	10	14/12/2025	05	HNE	-13,3	0	-14,8	0	89,0	0	5,0	0	340,0	0	964,0	0	0,0	ERA5
1069043	14/12/2025	11	14/12/2025	06	HNE	-13,6	0	-15,0	0	89,0	0	5,0	0	320,0	0	965,0	0	0,0	ERA5
1069044	14/12/2025	12	14/12/2025	07	HNE	-14,8	0	-16,5	0	87,0	0	9,0	0	310,0	0	965,0	0	0,0	ERA5
1069045	14/12/2025	13	14/12/2025	08	HNE	-15,5	0	-17,2	0	87,0	0	9,0	0	320,0	0	966,0	0	0,6	ERA5
1069046	14/12/2025	14	14/12/2025	09	HNE	-15,7	0	-17,4	0	87,0	0	5,0	0	310,0	0	966,0	0	108,0	ERA5
1069047	14/12/2025	15	14/12/2025	10	HNE	-15,3	0	-17,0	0	87,0	0	9,0	0	320,0	0	967,0	0	359,2	ERA5
1069048	14/12/2025	16	14/12/2025	11	HNE	-13,4	0	-15,4	0	85,0	0	11,0	0	340,0	0	967,0	0	649,8	ERA5
1069049	14/12/2025	17	14/12/2025	12	HNE	-13,2	0	-15,5	0	83,0	0	8,0	0	320,0	0	967,0	0	768,4	ERA5
1069050	14/12/2025	18	14/12/2025	13	HNE	-11,9	0	-14,5	0	81,0	0	11,0	0	330,0	0	968,0	0	711,8	ERA5
1069051	14/12/2025	19	14/12/2025	14	HNE	-11,4	0	-14,2	0	80,0	0	11,0	0	350,0	0	968,0	0	610,9	ERA5
1069052	14/12/2025	20	14/12/2025	15	HNE	-10,4	0	-12,5	0	85,0	0	13,0	0	330,0	0	968,0	0	315,2	ERA5
1069053	14/12/2025	21	14/12/2025	16	HNE	-11,0	0	-12,8	0	87,0	0	8,0	0	320,0	0	969,0	0	74,6	ERA5
1069054	14/12/2025	22	14/12/2025	17	HNE	-10,7	0	-12,8	0	85,0	0	13,0	0	330,0	0	970,0	0	0,0	ERA5
1069055	14/12/2025	23	14/12/2025	18	HNE	-11,0	0	-12,8	0	87,0	0	8,0	0	310,0	0	970,0	0	0,0	ERA5
1069056	15/12/2025	00	14/12/2025	19	HNE	-11,3	0	-13,5	0	84,0	0	9,0	0	300,0	0	970,0	0	0,0	ERA5
1069057	15/12/2025	01	14/12/2025	20	HNE	-11,6	0	-13,5	0	86,0	0	9,0	0	310,0	0	971,0	0	0,0	ERA5
1069058	15/12/2025	02	14/12/2025	21	HNE	-12,0	0	-13,6	0	88,0	0	5,0	0	290,0	0	970,0	0	0,0	ERA5
1069059	15/12/2025	03	14/12/2025	22	HNE	-12,2	0	-13,9	0	87,0	0	8,0	0	260,0	0	969,0	0	0,0	ERA5
1069060	15/12/2025	04	14/12/2025	23	HNE	-12,2	0	-13,8	0	88,0	0	11,0	0	270,0	0	969,0	0	0,0	ERA5
1069061	15/12/2025	05	15/12/2025	00	HNE	-12,4	0	-14,0	0	88,0	0	9,0	0	260,0	0	968,0	0	0,0	ERA5
1069062	15/12/2025	06	15/12/2025	01	HNE	-12,4	0	-14,0	0	88,0	0	13,0	0	260,0	0	968,0	0	0,0	ERA5
1069063	15/12/2025	07	15/12/2025	02	HNE	-12,3	0	-13,9	0	88,0	0	13,0	0	270,0	0	968,0	0	0,0	ERA5
1069064	15/12/2025	08	15/12/2025	03	HNE	-12,4	0	-14,7	0	83,0	0	13,0	0	310,0	0	968,0	0	0,0	ERA5
1069065	15/12/2025	09	15/12/2025	04	HNE	-13,0	0	-15,2	0	84,0	0	17,0	0	280,0	0	968,0	0	0,0	ERA5
1069066	15/12/2025	10	15/12/2025	05	HNE	-13,4	0	-15,1	0	87,0	0	13,0	0	290,0	0	967,0	0	0,0	ERA5
1069067	15/12/2025	11	15/12/2025	06	HNE	-13,4	0	-15,1	0	87,0	0	8,0	0	260,0	0	967,0	0	0,0	ERA5
1069068	15/12/2025	12	15/12/2025	07	HNE	-12,7	0	-14,0	0	90,0	0	11,0	0	260,0	0	967,0	0	0,0	ERA5
1069069	15/12/2025	13	15/12/2025	08	HNE	-12,6	0	-13,8	0	91,0	0	9,0	0	250,0	0	967,0	0	0,5	ERA5
1069070	15/12/2025	14	15/12/2025	09	HNE	-11,8	0	-13,0	0	91,0	0	13,0	0	260,0	0	967,0	0	111,8	ERA5
1069071	15/12/2025	15	15/12/2025	10	HNE	-11,4	0	-13,3	0	86,0	0	17,0	0	270,0	0	966,0	0	331,0	ERA5
1069072	15/12/2025	16	15/12/2025	11	HNE	-10,8	0	-13,3	0	82,0	0	11,0	0	270,0	0	965,0	0	525,5	ERA5
1069073	15/12/2025	17	15/12/2025	12	HNE	-10,5	0	-13,3	0	80,0	0	17,0	0	260,0	0	964,0	0	722,8	ERA5
1069074	15/12/2025	18	15/12/2025	13	HNE	-10,1	0	-12,9	0	80,0	0	15,0	0	250,0	0	964,0	0	684,0	ERA5
1069075	15/12/2025	19	15/12/2025	14	HNE	-10,1	0	-12,6	0	82,0	0	13,0	0	230,0	0	963,0	0	566,2	ERA5
1069076	15/12/2025	20	15/12/2025	15	HNE	-10,7	0	-13,1	0	83,0	0	9,0	0	240,0	0	963,0	0	330,3	ERA5
1069077	15/12/2025	21	15/12/2025	16	HNE	-11,1	0	-13,2	0	85,0	0	15,0	0	210,0	0	963,0	0	73,5	ERA5
1069078	15/12/2025	22	15/12/2025	17	HNE	-11,8	0	-13,4	0	88,0	0	8,0	0	210,0	0	963,0	0	0,0	ERA5
1069079	15/12/2025	23	15/12/2025	18	HNE	-13,8	0	-15,0	0	91,0	0	11,0	0	200,0	0	962,0	0	0,0	ERA5
1069080	16/12/2025	00	15/12/2025	19	HNE	-13,8	0	-15,1	0	90,0	0	9,0	0	200,0	0	962,0	0	0,0	ERA5
1069081	16/12/2025	01	15/12/2025	20	HNE	-14,8	0	-16,1	0	90,0	0	8,0	0	190,0	0	962,0	0	0,0	ERA5
1069082	16/12/2025	02	15/12/2025	21	HNE	-13,4	0	-14,7	0	90,0	0	11,0	0	200,0	0	961,0	0	0,0	ERA5
1069083	16/12/2025	03	15/12/2025	22	HNE	-12,3	0	-13,6	0	90,0	0	11,0	0	220,0	0	961,0	0	0,0	ERA5
1069084	16/12/2025	04	15/12/2025	23	HNE	-12,0	0	-13,3	0	90,0	0	9,0	0	220,0	0	961,0	0	0,0	ERA5
1069085	16/12/2025	05	16/12/2025	00	HNE	-11,7	0	-13,0	0	90,0	0	11,0	0	220,0	0	961,0	0	0,0	ERA5
1069086	16/12/2025	06	16/12/2025	01	HNE	-11,4	0	-12,7	0	90,0	0	9,0	0	230,0	0	962,0	0	0,0	ERA5
1069087	16/12/2025	07	16/12/2025	02	HNE	-11,2	0	-12,5	0	90,0	0	11,0	0	220,0	0	962,0	0	0,0	ERA5
1069088	16/12/2025	08	16/12/2025	03	HNE	-11,1	0	-12,4	0	90,0	0	9,0	0	230,0	0	962,0	0	0,0	ERA5
1069089	16/12/2025	09	16/12/2025	04	HNE	-11,0	0	-12,3	0	90,0	0	8,0	0	220,0	0	963,0	0	0,0	ERA5
1069090	16/12/2025	10	16/12/2025	05	HNE	-11,2	0	-12,4	0	91,0	0	8,0	0	200,0	0	963,0	0	0,0	ERA5
1069091	16/12/2025	11	16/12/2025	06	HNE	-11,1	0	-12,3	0	91,0	0	8,0	0	210,0	0	963,0	0	0,0	ERA5
1069092	16/12/2025	12	16/12/2025	07	HNE	-10,9	0	-12,1	0	91,0	0	8,0	0	220,0	0	963,0	0	0,0	ERA5
1069093	16/12/2025	13	16/12/2025	08	HNE	-10,9	0	-12,1	0	91,0	0	13,0	0	200,0	0	963,0	0	0,4	ERA5
1069094	16/12/2025	14	16/12/2025	09	HNE	-10,5	0	-11,7	0	91,0	0	15,0	0	200,0	0	963,0	0	99,2	ERA5
1069095	16/12/2025	15	16/12/2025	10	HNE	-9,8	0	-11,1	0	90,0	0	15,0	0	180,0	0	962,0	0	278,7	ERA5
1069096	16/12/2025	16	16/12/2025	11	HNE	-8,9	0	-10,5	0	88,0	0	15,0	0	200,0	0	962,0	0	376,3	ERA5
1069097	16/12/2025	17	16/12/2025	12	HNE	-7,9	0	-9,7	0	87,0	0	18,0	0	200,0	0	960,0	0	425,1	ERA5
1069098	16/12/2025	18	16/12/2025	13	HNE	-7,4	0	-9,9	0	82,0	0	24,0	0	200,0	0	958,0	0	495,3	ERA5
1069099	16/12/2025	19	16/12/2025	14	HNE	-7,3	0	-9,3	0	86,0	0	24,0	0	190,0	0	958,0	0	337,3	ERA5
1069100	16/12/2025	20	16/12/2025	15	HNE	-7,0	0	-8,7	0	88,0	0	26,0	0	190,0	0	957,0	0	245,2	ERA5
1069101	16/12/2025	21	16/12/2025	16	HNE	-6,7	0	-8,5	0	87,0	0	34,0	0	180,0	0	955,0	0	47,8	ERA5
1069102	16/12/2025	22	16/12/2025	17	HNE	-6,4	0	-8,2	0	87,0	0	32,0	0	170,0	0	953,0	0	0,0	ERA5
1069103	16/12/2025	23	16/12/2025	18	HNE	-6,2	0	-7,9	0	88,0	0	35,0	0	180,0	0	952,0	0	0,0	ERA5
1069104	17/12/2025	00	16/12/2025	19	HNE	-6,0	0	-7,4	0	90,0	0	30,0	0	170,0	0	950,0	0	0,0	ERA5
1069105	17/12/2025	01	16/12/2025	20	HNE	-5,8	0	-7,5	0	88,0	0	39,0	0	180,0	0	949,0	0	0,0	ERA5
1069106	17/12/2025	02	16/12/2025	21	HNE	-5,6	0	-7,4	0	87,0	0	34,0	0	190,0	0	949,0	0	0,0	ERA5
1069107	17/12/2025	03	16/12/2025	22	HNE	-5,6	0	-7,0	0	90,0	0	28,0	0	190,0	0	948,0	0	0,0	ERA5
1069108	17/12/2025	04	16/12/2025	23	HNE	-5,4	0	-6,8	0	90,0	0	28,0	0	190,0	0	947,0	0	0,0	ERA5
1069109	17/12/2025	05	17/12/2025	00	HNE	-5,1	0	-6,8	0	88,0	0	34,0	0	200,0	0	946,0	0	0,0	ERA5
1069110	17/12/2025	06	17/12/2025	01	HNE	-4,7	0	-6,4	0	88,0	0	32,0	0	200,0	0	946,0	0	0,0	ERA5
1069111	17/12/2025	07	17/12/2025	02	HNE	-4,5	0	-5,8	0	91,0	0	30,0	0	200,0	0	946,0	0	0,0	ERA5
1069112	17/12/2025	08	17/12/2025	03	HNE	-4,0	0	-5,3	0	91,0	0	30,0	0	200,0	0	945,0	0	0,0	ERA5
1069113	17/12/2025	09	17/12/2025	04	HNE	-3,6	0	-4,6	0	93,0	0	32,0	0	210,0	0	945,0	0	0,0	ERA5
1069114	17/12/2025	10	17/12/2025	05	HNE	-3,3	0	-4,1	0	94,0	0	30,0	0	200,0	0	944,0	0	0,0	ERA5
1069115	17/12/2025	11	17/12/2025	06	HNE	-3,0	0	-4,0	0	93,0	0	26,0	0	210,0	0	944,0	0	0,0	ERA5
1069116	17/12/2025	12	17/12/2025	07	HNE	-2,5	0	-3,2	0	95,0	0	26,0	0	210,0	0	945,0	0	0,0	ERA5
1069117	17/12/2025	13	17/12/2025	08	HNE	-2,0	0	-2,7	0	95,0	0	24,0	0	210,0	0	945,0	0	0,1	ERA5
1069118	17/12/2025	14	17/12/2025	09	HNE	-1,7	0	-2,4	0	95,0	0	18,0	0	210,0	0	946,0	0	39,7	ERA5
1069119	17/12/2025	15	17/12/2025	10	HNE	-3,9	0	-5,6	0	88,0	0	24,0	0	300,0	0	948,0	0	115,5	ERA5
1069120	17/12/2025	16	17/12/2025	11	HNE	-7,3	0	-9,2	0	87,0	0	22,0	0	300,0	0	950,0	0	351,4	ERA5
1069121	17/12/2025	17	17/12/2025	12	HNE	-7,8	0	-10,4	0	82,0	0	22,0	0	310,0	0	951,0	0	628,7	ERA5
1069122	17/12/2025	18	17/12/2025	13	HNE	-8,4	0	-10,6	0	84,0	0	18,0	0	290,0	0	953,0	0	812,9	ERA5
1069123	17/12/2025	19	17/12/2025	14	HNE	-8,5	0	-10,7	0	84,0	0	21,0	0	300,0	0	955,0	0	527,3	ERA5
1069124	17/12/2025	20	17/12/2025	15	HNE	-8,5	0	-10,4	0	86,0	0	13,0	0	270,0	0	956,0	0	216,5	ERA5
1069125	17/12/2025	21	17/12/2025	16	HNE	-8,6	0	-10,4	0	87,0	0	17,0	0	270,0	0	958,0	0	58,6	ERA5
1069126	17/12/2025	22	17/12/2025	17	HNE	-8,7	0	-11,9	0	78,0	0	22,0	0	280,0	0	959,0	0	0,0	ERA5
1069127	17/12/2025	23	17/12/2025	18	HNE	-9,5	0	-11,7	0	84,0	0	11,0	0	260,0	0	961,0	0	0,0	ERA5
1069128	18/12/2025	00	17/12/2025	19	HNE	-10,4	0	-13,4	0	79,0	0	22,0	0	280,0	0	963,0	0	0,0	ERA5
1069129	18/12/2025	01	17/12/2025	20	HNE	-10,8	0	-13,4	0	81,0	0	13,0	0	280,0	0	964,0	0	0,0	ERA5
1069130	18/12/2025	02	17/12/2025	21	HNE	-11,0	0	-13,2	0	84,0	0	11,0	0	250,0	0	964,0	0	0,0	ERA5
1069131	18/12/2025	03	17/12/2025	22	HNE	-11,4	0	-13,7	0	83,0	0	15,0	0	250,0	0	965,0	0	0,0	ERA5
1069132	18/12/2025	04	17/12/2025	23	HNE	-11,6	0	-13,7	0	85,0	0	15,0	0	230,0	0	966,0	0	0,0	ERA5
1069133	18/12/2025	05	18/12/2025	00	HNE	-11,6	0	-13,5	0	86,0	0	13,0	0	220,0	0	965,0	0	0,0	ERA5
1069134	18/12/2025	06	18/12/2025	01	HNE	-11,3	0	-13,2	0	86,0	0	17,0	0	220,0	0	966,0	0	0,0	ERA5
1069135	18/12/2025	07	18/12/2025	02	HNE	-11,4	0	-13,3	0	86,0	0	21,0	0	210,0	0	967,0	0	0,0	ERA5
1069136	18/12/2025	08	18/12/2025	03	HNE	-11,6	0	-13,6	0	85,0	0	17,0	0	210,0	0	967,0	0	0,0	ERA5
1069137	18/12/2025	09	18/12/2025	04	HNE	-11,9	0	-13,9	0	85,0	0	13,0	0	210,0	0	967,0	0	0,0	ERA5
1069138	18/12/2025	10	18/12/2025	05	HNE	-11,9	0	-13,8	0	86,0	0	17,0	0	200,0	0	967,0	0	0,0	ERA5
1069139	18/12/2025	11	18/12/2025	06	HNE	-11,7	0	-13,5	0	87,0	0	18,0	0	190,0	0	967,0	0	0,0	ERA5
1069140	18/12/2025	12	18/12/2025	07	HNE	-11,4	0	-13,3	0	86,0	0	17,0	0	170,0	0	966,0	0	0,0	ERA5
1069141	18/12/2025	13	18/12/2025	08	HNE	-10,8	0	-12,5	0	88,0	0	24,0	0	170,0	0	965,0	0	0,1	ERA5
1069142	18/12/2025	14	18/12/2025	09	HNE	-10,3	0	-11,8	0	89,0	0	17,0	0	160,0	0	965,0	0	53,0	ERA5
1069143	18/12/2025	15	18/12/2025	10	HNE	-9,2	0	-10,7	0	89,0	0	18,0	0	170,0	0	965,0	0	157,2	ERA5
1069144	18/12/2025	16	18/12/2025	11	HNE	-7,8	0	-9,3	0	89,0	0	18,0	0	160,0	0	963,0	0	253,6	ERA5
1069145	18/12/2025	17	18/12/2025	12	HNE	-6,3	0	-7,7	0	90,0	0	24,0	0	150,0	0	962,0	0	419,4	ERA5
1069146	18/12/2025	18	18/12/2025	13	HNE	-5,4	0	-6,9	0	89,0	0	22,0	0	160,0	0	961,0	0	425,9	ERA5
1069147	18/12/2025	19	18/12/2025	14	HNE	-5,0	0	-6,4	0	90,0	0	21,0	0	140,0	0	958,0	0	340,3	ERA5
1069148	18/12/2025	20	18/12/2025	15	HNE	-4,4	0	-5,8	0	90,0	0	15,0	0	150,0	0	957,0	0	121,0	ERA5
1069149	18/12/2025	21	18/12/2025	16	HNE	-3,8	0	-4,5	0	95,0	0	13,0	0	130,0	0	955,0	0	17,0	ERA5
1069150	18/12/2025	22	18/12/2025	17	HNE	-2,1	0	-2,7	0	96,0	0	21,0	0	160,0	0	954,0	0	0,0	ERA5
1069151	18/12/2025	23	18/12/2025	18	HNE	-0,7	0	-1,3	0	96,0	0	22,0	0	170,0	0	954,0	0	0,0	ERA5
1069152	19/12/2025	00	18/12/2025	19	HNE	-0,25	4.lineaire	-0,3	0	98,0	0	26,0	0	180,0	0	954,0	0	0,0	ERA5
1069153	19/12/2025	01	18/12/2025	20	HNE	0,2	0	-0,1	0	98,0	0	24,0	0	180,0	0	953,0	0	0,0	ERA5
1069154	19/12/2025	02	18/12/2025	21	HNE	0,2	0	-0,4	0	96,0	0	21,0	0	170,0	0	952,0	0	0,0	ERA5
1069155	19/12/2025	03	18/12/2025	22	HNE	0,3	0	-0,3	0	96,0	0	21,0	0	170,0	0	951,0	0	0,0	ERA5
1069156	19/12/2025	04	18/12/2025	23	HNE	0,4	0	-0,2	0	96,0	0	18,0	0	170,0	0	951,0	0	0,0	ERA5
1069157	19/12/2025	05	19/12/2025	00	HNE	0,7	0	-0,2	4.constant	95,0	0	22,0	0	170,0	0	949,0	0	0,0	ERA5
1069158	19/12/2025	06	19/12/2025	01	HNE	1,4	0	0,4	0	93,0	0	30,0	0	180,0	0	948,0	0	0,0	ERA5
1069159	19/12/2025	07	19/12/2025	02	HNE	1,5	0	0,3	0	92,0	0	26,0	0	170,0	0	947,0	0	0,0	ERA5
1069160	19/12/2025	08	19/12/2025	03	HNE	1,8	0	0,6	0	92,0	0	28,0	0	170,0	0	946,0	0	0,0	ERA5
1069161	19/12/2025	09	19/12/2025	04	HNE	1,7	0	1,1	0	96,0	0	22,0	0	170,0	0	945,0	0	0,0	ERA5
1069162	19/12/2025	10	19/12/2025	05	HNE	2,1	0	1,8	0	98,0	0	30,0	0	170,0	0	943,0	0	0,0	ERA5
1069163	19/12/2025	11	19/12/2025	06	HNE	2,5	0	2,2	0	98,0	0	24,0	0	170,0	0	942,0	0	0,0	ERA5
1069164	19/12/2025	12	19/12/2025	07	HNE	2,7	0	2,4	0	98,0	0	28,0	0	160,0	0	941,0	0	0,0	ERA5
1069165	19/12/2025	13	19/12/2025	08	HNE	2,8	0	2,5	0	98,0	0	22,0	0	160,0	0	940,0	0	0,0	ERA5
1069166	19/12/2025	14	19/12/2025	09	HNE	2,9	0	2,6	0	98,0	0	22,0	0	160,0	0	939,0	0	12,2	ERA5
1069167	19/12/2025	15	19/12/2025	10	HNE	3,1	0	3,0	0	99,0	0	15,0	0	150,0	0	937,0	0	48,4	ERA5
1069168	19/12/2025	16	19/12/2025	11	HNE	3,6	0	3,3	0	98,0	0	18,0	0	160,0	0	936,0	0	91,7	ERA5
1069169	19/12/2025	17	19/12/2025	12	HNE	3,9	0	3,8	0	99,0	0	9,0	0	140,0	0	934,0	0	81,4	ERA5
1069170	19/12/2025	18	19/12/2025	13	HNE	3,8	0	3,7	0	99,0	0	13,0	0	150,0	0	932,0	0	100,2	ERA5
1069171	19/12/2025	19	19/12/2025	14	HNE	3,7	0	3,7	0	100,0	0	9,0	0	150,0	0	931,0	0	88,2	ERA5
1069172	19/12/2025	20	19/12/2025	15	HNE	3,7	0	3,7	0	100,0	0	13,0	0	220,0	0	930,0	0	75,2	ERA5
1069173	19/12/2025	21	19/12/2025	16	HNE	3,1	0	2,8	0	98,0	0	18,0	0	230,0	0	930,0	0	27,1	ERA5
1069174	19/12/2025	22	19/12/2025	17	HNE	-3,6	0	-4,7	0	92,0	0	35,0	0	260,0	0	932,0	0	0,0	ERA5
1069175	19/12/2025	23	19/12/2025	18	HNE	-8,7	0	-10,7	0	86,0	0	32,0	0	260,0	0	934,0	0	0,0	ERA5
1069176	20/12/2025	00	19/12/2025	19	HNE	-11,2	0	-14,0	0	80,0	0	28,0	0	270,0	0	936,0	0	0,0	ERA5
1069177	20/12/2025	01	19/12/2025	20	HNE	-12,5	0	-15,1	0	81,0	0	26,0	0	270,0	0	938,0	0	0,0	ERA5
1069178	20/12/2025	02	19/12/2025	21	HNE	-13,0	0	-15,5	0	82,0	0	28,0	0	280,0	0	939,0	0	0,0	ERA5
1069179	20/12/2025	03	19/12/2025	22	HNE	-13,1	0	-15,4	0	83,0	0	28,0	0	290,0	0	941,0	0	0,0	ERA5
1069180	20/12/2025	04	19/12/2025	23	HNE	-12,9	0	-15,1	0	84,0	0	26,0	0	290,0	0	942,0	0	0,0	ERA5
1069181	20/12/2025	05	20/12/2025	00	HNE	-12,6	0	-15,0	0	82,0	0	24,0	0	300,0	0	944,0	0	0,0	ERA5
1069182	20/12/2025	06	20/12/2025	01	HNE	-12,3	0	-14,6	0	83,0	0	30,0	0	290,0	0	947,0	0	0,0	ERA5
1069183	20/12/2025	07	20/12/2025	02	HNE	-12,7	0	-15,5	0	80,0	0	45,0	0	290,0	0	950,0	0	0,0	ERA5
1069184	20/12/2025	08	20/12/2025	03	HNE	-13,4	0	-16,8	0	76,0	0	28,0	0	290,0	0	954,0	0	0,0	ERA5
1069185	20/12/2025	09	20/12/2025	04	HNE	-13,3	0	-16,5	0	77,0	0	28,0	0	300,0	0	956,0	0	0,0	ERA5
1069186	20/12/2025	10	20/12/2025	05	HNE	-12,7	0	-15,8	0	78,0	0	28,0	0	290,0	0	959,0	0	0,0	ERA5
1069187	20/12/2025	11	20/12/2025	06	HNE	-12,6	0	-15,9	0	77,0	0	26,0	0	300,0	0	960,0	0	0,0	ERA5
1069188	20/12/2025	12	20/12/2025	07	HNE	-12,5	0	-15,6	0	78,0	0	17,0	0	280,0	0	962,0	0	0,0	ERA5
1069189	20/12/2025	13	20/12/2025	08	HNE	-13,2	0	-15,7	0	82,0	0	21,0	0	270,0	0	963,0	0	0,0	ERA5
1069190	20/12/2025	14	20/12/2025	09	HNE	-13,3	0	-16,1	0	80,0	0	13,0	0	260,0	0	964,0	0	122,3	ERA5
1069191	20/12/2025	15	20/12/2025	10	HNE	-13,6	0	-16,2	0	81,0	0	15,0	0	250,0	0	965,0	0	479,1	ERA5
1069192	20/12/2025	16	20/12/2025	11	HNE	-13,6	0	-16,4	0	79,0	0	17,0	0	240,0	0	964,0	0	743,7	ERA5
1069193	20/12/2025	17	20/12/2025	12	HNE	-13,5	0	-16,3	0	80,0	0	13,0	0	220,0	0	964,0	0	541,8	ERA5
1069194	20/12/2025	18	20/12/2025	13	HNE	-13,2	0	-16,0	0	80,0	0	11,0	0	200,0	0	963,0	0	588,0	ERA5
1069195	20/12/2025	19	20/12/2025	14	HNE	-13,0	0	-15,6	0	81,0	0	13,0	0	170,0	0	962,0	0	420,4	ERA5
1069196	20/12/2025	20	20/12/2025	15	HNE	-12,7	0	-15,3	0	81,0	0	18,0	0	170,0	0	962,0	0	236,3	ERA5
1069197	20/12/2025	21	20/12/2025	16	HNE	-12,6	0	-14,5	0	86,0	0	15,0	0	130,0	0	960,0	0	53,7	ERA5
1069198	20/12/2025	22	20/12/2025	17	HNE	-12,5	0	-14,3	0	87,0	0	15,0	0	120,0	0	958,0	0	0,0	ERA5
1069199	20/12/2025	23	20/12/2025	18	HNE	-12,2	0	-13,9	0	87,0	0	15,0	0	120,0	0	957,0	0	0,0	ERA5
1069200	21/12/2025	00	20/12/2025	19	HNE	-11,9	0	-13,5	0	88,0	0	17,0	0	110,0	0	955,0	0	0,0	ERA5
1069201	21/12/2025	01	20/12/2025	20	HNE	-11,3	0	-13,1	0	87,0	0	18,0	0	130,0	0	954,0	0	0,0	ERA5
1069202	21/12/2025	02	20/12/2025	21	HNE	-10,9	0	-12,7	0	87,0	0	17,0	0	140,0	0	953,0	0	0,0	ERA5
1069203	21/12/2025	03	20/12/2025	22	HNE	-10,8	0	-12,3	0	89,0	0	17,0	0	130,0	0	951,0	0	0,0	ERA5
1069204	21/12/2025	04	20/12/2025	23	HNE	-10,7	0	-12,2	0	89,0	0	13,0	0	130,0	0	950,0	0	0,0	ERA5
1069205	21/12/2025	05	21/12/2025	00	HNE	-10,2	0	-11,7	0	89,0	0	17,0	0	140,0	0	949,0	0	0,0	ERA5
1069206	21/12/2025	06	21/12/2025	01	HNE	-9,9	0	-11,2	0	90,0	0	15,0	0	140,0	0	949,0	0	0,0	ERA5
1069207	21/12/2025	07	21/12/2025	02	HNE	-9,7	0	-11,0	0	90,0	0	9,0	0	140,0	0	949,0	0	0,0	ERA5
1069208	21/12/2025	08	21/12/2025	03	HNE	-9,4	0	-10,6	0	91,0	0	11,0	0	160,0	0	949,0	0	0,0	ERA5
1069209	21/12/2025	09	21/12/2025	04	HNE	-8,9	0	-10,0	0	92,0	0	9,0	0	170,0	0	949,0	0	0,0	ERA5
1069210	21/12/2025	10	21/12/2025	05	HNE	-8,9	0	-9,8	0	93,0	0	5,0	0	210,0	0	949,0	0	0,0	ERA5
1069211	21/12/2025	11	21/12/2025	06	HNE	-8,7	0	-9,8	0	92,0	0	5,0	0	250,0	0	950,0	0	0,0	ERA5
1069212	21/12/2025	12	21/12/2025	07	HNE	-8,4	0	-9,9	0	89,0	0	13,0	0	280,0	0	951,0	0	0,0	ERA5
1069213	21/12/2025	13	21/12/2025	08	HNE	-9,5	0	-11,2	0	88,0	0	17,0	0	290,0	0	953,0	0	0,0	ERA5
1069214	21/12/2025	14	21/12/2025	09	HNE	-10,1	0	-12,0	0	86,0	0	13,0	0	280,0	0	955,0	0	89,4	ERA5
1069215	21/12/2025	15	21/12/2025	10	HNE	-11,0	0	-13,1	0	85,0	0	18,0	0	290,0	0	957,0	0	359,5	ERA5
1069216	21/12/2025	16	21/12/2025	11	HNE	-10,9	0	-13,4	0	82,0	0	21,0	0	290,0	0	959,0	0	606,6	ERA5
1069217	21/12/2025	17	21/12/2025	12	HNE	-11,6	0	-14,4	0	80,0	0	24,0	0	290,0	0	961,0	0	732,3	ERA5
1069218	21/12/2025	18	21/12/2025	13	HNE	-12,2	0	-14,8	0	81,0	0	17,0	0	290,0	0	962,0	0	842,2	ERA5
1069219	21/12/2025	19	21/12/2025	14	HNE	-12,8	0	-15,8	0	78,0	0	26,0	0	290,0	0	964,0	0	699,5	ERA5
1069220	21/12/2025	20	21/12/2025	15	HNE	-13,2	0	-16,1	0	79,0	0	24,0	0	310,0	0	966,0	0	422,0	ERA5
1069221	21/12/2025	21	21/12/2025	16	HNE	-13,9	0	-17,0	0	78,0	0	18,0	0	290,0	0	968,0	0	101,9	ERA5
1069222	21/12/2025	22	21/12/2025	17	HNE	-14,3	0	-17,7	0	76,0	0	21,0	0	310,0	0	970,0	0	0,0	ERA5
1069223	21/12/2025	23	21/12/2025	18	HNE	-14,1	0	-17,2	0	78,0	0	13,0	0	300,0	0	971,0	0	0,0	ERA5
1069224	22/12/2025	00	21/12/2025	19	HNE	-14,0	0	-16,6	0	81,0	0	13,0	0	280,0	0	972,0	0	0,0	ERA5
1069225	22/12/2025	01	21/12/2025	20	HNE	-14,0	0	-16,9	0	79,0	0	13,0	0	290,0	0	973,0	0	0,0	ERA5
1069226	22/12/2025	02	21/12/2025	21	HNE	-14,0	0	-16,2	0	84,0	0	13,0	0	270,0	0	973,0	0	0,0	ERA5
1069227	22/12/2025	03	21/12/2025	22	HNE	-15,0	0	-17,5	0	82,0	0	22,0	0	270,0	0	974,0	0	0,0	ERA5
1069228	22/12/2025	04	21/12/2025	23	HNE	-17,6	0	-20,1	0	81,0	0	17,0	0	300,0	0	975,0	0	0,0	ERA5
1069229	22/12/2025	05	22/12/2025	00	HNE	-18,8	0	-21,2	0	82,0	0	15,0	0	270,0	0	975,0	0	0,0	ERA5
1069230	22/12/2025	06	22/12/2025	01	HNE	-20,0	0	-22,5	0	81,0	0	11,0	0	280,0	0	976,0	0	0,0	ERA5
1069231	22/12/2025	07	22/12/2025	02	HNE	-20,6	0	-22,6	0	84,0	0	9,0	0	280,0	0	976,0	0	0,0	ERA5
1069232	22/12/2025	08	22/12/2025	03	HNE	-21,3	0	-23,5	0	83,0	0	5,0	0	280,0	0	977,0	0	0,0	ERA5
1069233	22/12/2025	09	22/12/2025	04	HNE	-22,2	0	-24,2	0	84,0	0	9,0	0	260,0	0	977,0	0	0,0	ERA5
1069234	22/12/2025	10	22/12/2025	05	HNE	-22,9	0	-24,8	0	85,0	0	9,0	0	260,0	0	978,0	0	0,0	ERA5
1069235	22/12/2025	11	22/12/2025	06	HNE	-25,7	0	-27,9	0	82,0	0	4,0	0	0,0	0	977,0	0	0,0	ERA5
1069236	22/12/2025	12	22/12/2025	07	HNE	-26,9	0	-29,2	0	81,0	0	5,0	0	200,0	0	977,0	0	0,0	ERA5
1069237	22/12/2025	13	22/12/2025	08	HNE	-26,5	0	-28,9	0	81,0	0	5,0	0	190,0	0	977,0	0	0,0	ERA5
1069238	22/12/2025	14	22/12/2025	09	HNE	-23,3	0	-25,4	0	83,0	0	8,0	0	210,0	0	977,0	0	154,5	ERA5
1069239	22/12/2025	15	22/12/2025	10	HNE	-20,8	0	-22,8	0	84,0	0	8,0	0	240,0	0	977,0	0	470,3	ERA5
1069240	22/12/2025	16	22/12/2025	11	HNE	-19,3	0	-21,4	0	84,0	0	15,0	0	230,0	0	977,0	0	674,8	ERA5
1069241	22/12/2025	17	22/12/2025	12	HNE	-18,3	0	-21,0	0	80,0	0	13,0	0	250,0	0	976,0	0	802,5	ERA5
1069242	22/12/2025	18	22/12/2025	13	HNE	-18,0	0	-21,1	0	77,0	0	11,0	0	250,0	0	976,0	0	871,9	ERA5
1069243	22/12/2025	19	22/12/2025	14	HNE	-17,5	0	-20,6	0	77,0	0	13,0	0	230,0	0	975,0	0	760,6	ERA5
1069244	22/12/2025	20	22/12/2025	15	HNE	-17,4	0	-20,5	0	77,0	0	9,0	0	240,0	0	975,0	0	503,2	ERA5
1069245	22/12/2025	21	22/12/2025	16	HNE	-18,1	0	-20,6	0	81,0	0	5,0	0	260,0	0	976,0	0	126,4	ERA5
1069246	22/12/2025	22	22/12/2025	17	HNE	-23,2	0	-25,0	0	85,0	0	0,0	0	0,0	0	976,0	0	0,0	ERA5
1069247	22/12/2025	23	22/12/2025	18	HNE	-23,2	0	-25,1	0	85,0	0	4,0	0	0,0	0	975,0	0	0,0	ERA5
1069248	23/12/2025	00	22/12/2025	19	HNE	-25,8	0	-28,0	0	82,0	0	4,0	0	0,0	0	976,0	0	0,0	ERA5
1069249	23/12/2025	01	22/12/2025	20	HNE	-26,2	0	-28,4	0	82,0	0	0,0	0	0,0	0	976,0	0	0,0	ERA5
1069250	23/12/2025	02	22/12/2025	21	HNE	-26,3	0	-28,7	0	81,0	0	0,0	0	0,0	0	976,0	0	0,0	ERA5
1069251	23/12/2025	03	22/12/2025	22	HNE	-27,4	0	-30,0	0	79,0	0	4,0	0	0,0	0	975,0	0	0,0	ERA5
1069252	23/12/2025	04	22/12/2025	23	HNE	-25,9	0	-28,3	0	81,0	0	0,0	0	0,0	0	975,0	0	0,0	ERA5
1069253	23/12/2025	05	23/12/2025	00	HNE	-24,8	0	-27,2	0	81,0	0	4,0	0	160,0	0	975,0	0	0,0	ERA5
1069254	23/12/2025	06	23/12/2025	01	HNE	-24,0	0	-26,3	0	82,0	0	0,0	0	0,0	0	975,0	0	0,0	ERA5
1069255	23/12/2025	07	23/12/2025	02	HNE	-23,1	0	-25,4	0	82,0	0	4,0	0	60,0	0	975,0	0	0,0	ERA5
1069256	23/12/2025	08	23/12/2025	03	HNE	-24,6	0	-27,0	0	81,0	0	4,0	0	120,0	0	975,0	0	0,0	ERA5
1069257	23/12/2025	09	23/12/2025	04	HNE	-23,4	0	-25,7	0	82,0	0	4,0	0	130,0	0	975,0	0	0,0	ERA5
1069258	23/12/2025	10	23/12/2025	05	HNE	-23,3	0	-25,4	0	83,0	0	4,0	0	110,0	0	975,0	0	0,0	ERA5
1069259	23/12/2025	11	23/12/2025	06	HNE	-23,9	0	-26,0	0	83,0	0	5,0	0	80,0	0	974,0	0	0,0	ERA5
1069260	23/12/2025	12	23/12/2025	07	HNE	-24,4	0	-26,7	0	82,0	0	9,0	0	60,0	0	974,0	0	0,0	ERA5
1069261	23/12/2025	13	23/12/2025	08	HNE	-24,4	0	-26,7	0	82,0	0	9,0	0	70,0	0	973,0	0	0,0	ERA5
1069262	23/12/2025	14	23/12/2025	09	HNE	-23,6	0	-25,9	0	82,0	0	4,0	0	80,0	0	974,0	0	120,8	ERA5
1069263	23/12/2025	15	23/12/2025	10	HNE	-20,7	0	-22,7	0	84,0	0	9,0	0	110,0	0	973,0	0	372,0	ERA5
1069264	23/12/2025	16	23/12/2025	11	HNE	-18,1	0	-20,0	0	85,0	0	8,0	0	110,0	0	972,0	0	619,5	ERA5
1069265	23/12/2025	17	23/12/2025	12	HNE	-16,4	0	-18,2	0	86,0	0	11,0	0	130,0	0	971,0	0	732,2	ERA5
1069266	23/12/2025	18	23/12/2025	13	HNE	-16,0	0	-17,8	0	86,0	0	15,0	0	130,0	0	970,0	0	649,4	ERA5
1069267	23/12/2025	19	23/12/2025	14	HNE	-15,4	0	-17,2	0	86,0	0	15,0	0	110,0	0	968,0	0	490,1	ERA5
1069268	23/12/2025	20	23/12/2025	15	HNE	-15,0	0	-17,0	0	85,0	0	9,0	0	120,0	0	968,0	0	270,2	ERA5
1069269	23/12/2025	21	23/12/2025	16	HNE	-15,0	0	-17,3	0	83,0	0	15,0	0	110,0	0	968,0	0	71,1	ERA5
1069270	23/12/2025	22	23/12/2025	17	HNE	-15,0	0	-17,1	0	84,0	0	13,0	0	100,0	0	968,0	0	0,0	ERA5
1069271	23/12/2025	23	23/12/2025	18	HNE	-15,0	0	-17,1	0	84,0	0	18,0	0	100,0	0	967,0	0	0,0	ERA5
1069272	24/12/2025	00	23/12/2025	19	HNE	-14,9	0	-17,2	0	83,0	0	17,0	0	100,0	0	966,0	0	0,0	ERA5
1069273	24/12/2025	01	23/12/2025	20	HNE	-14,9	0	-17,2	0	83,0	0	18,0	0	110,0	0	965,0	0	0,0	ERA5
1069274	24/12/2025	02	23/12/2025	21	HNE	-14,9	0	-17,2	0	83,0	0	18,0	0	100,0	0	965,0	0	0,0	ERA5
1069275	24/12/2025	03	23/12/2025	22	HNE	-14,9	0	-17,0	0	84,0	0	15,0	0	90,0	0	965,0	0	0,0	ERA5
1069276	24/12/2025	04	23/12/2025	23	HNE	-15,0	0	-17,0	0	85,0	0	13,0	0	80,0	0	965,0	0	0,0	ERA5
1069277	24/12/2025	05	24/12/2025	00	HNE	-14,9	0	-16,9	0	85,0	0	13,0	0	90,0	0	965,0	0	0,0	ERA5
1069278	24/12/2025	06	24/12/2025	01	HNE	-14,6	0	-16,7	0	84,0	0	11,0	0	80,0	0	965,0	0	0,0	ERA5
1069279	24/12/2025	07	24/12/2025	02	HNE	-14,9	0	-16,9	0	85,0	0	9,0	0	70,0	0	966,0	0	0,0	ERA5
1069280	24/12/2025	08	24/12/2025	03	HNE	-14,5	0	-16,6	0	84,0	0	5,0	0	50,0	0	968,0	0	0,0	ERA5
1069281	24/12/2025	09	24/12/2025	04	HNE	-14,2	0	-16,3	0	84,0	0	5,0	0	20,0	0	969,0	0	0,0	ERA5
1069282	24/12/2025	10	24/12/2025	05	HNE	-14,1	0	-16,0	0	86,0	0	4,0	0	10,0	0	970,0	0	0,0	ERA5
1069283	24/12/2025	11	24/12/2025	06	HNE	-14,2	0	-15,9	0	87,0	0	5,0	0	310,0	0	971,0	0	0,0	ERA5
1069284	24/12/2025	12	24/12/2025	07	HNE	-14,9	0	-16,6	0	87,0	0	8,0	0	310,0	0	972,0	0	0,0	ERA5
1069285	24/12/2025	13	24/12/2025	08	HNE	-16,0	0	-17,8	0	87,0	0	9,0	0	290,0	0	973,0	0	0,0	ERA5
1069286	24/12/2025	14	24/12/2025	09	HNE	-16,5	0	-18,3	0	86,0	0	8,0	0	280,0	0	974,0	0	93,5	ERA5
1069287	24/12/2025	15	24/12/2025	10	HNE	-15,3	0	-17,6	0	83,0	0	11,0	0	280,0	0	975,0	0	305,1	ERA5
1069288	24/12/2025	16	24/12/2025	11	HNE	-14,9	0	-17,6	0	80,0	0	11,0	0	300,0	0	974,0	0	726,0	ERA5
1069289	24/12/2025	17	24/12/2025	12	HNE	-14,5	0	-17,4	0	79,0	0	13,0	0	250,0	0	974,0	0	897,5	ERA5
1069290	24/12/2025	18	24/12/2025	13	HNE	-13,7	0	-16,8	0	78,0	0	11,0	0	280,0	0	974,0	0	832,5	ERA5
1069291	24/12/2025	19	24/12/2025	14	HNE	-13,6	0	-16,8	0	77,0	0	13,0	0	280,0	0	974,0	0	586,9	ERA5
1069292	24/12/2025	20	24/12/2025	15	HNE	-14,2	0	-16,6	0	82,0	0	11,0	0	250,0	0	974,0	0	364,5	ERA5
1069293	24/12/2025	21	24/12/2025	16	HNE	-15,0	0	-17,3	0	83,0	0	5,0	0	270,0	0	974,0	0	75,1	ERA5
1069294	24/12/2025	22	24/12/2025	17	HNE	-15,4	0	-17,4	0	85,0	0	4,0	0	190,0	0	973,0	0	0,0	ERA5
1069295	24/12/2025	23	24/12/2025	18	HNE	-15,4	0	-17,2	0	86,0	0	13,0	0	200,0	0	973,0	0	0,0	ERA5
1069296	25/12/2025	00	24/12/2025	19	HNE	-15,2	0	-17,3	0	84,0	0	15,0	0	220,0	0	972,0	0	0,0	ERA5
1069297	25/12/2025	01	24/12/2025	20	HNE	-15,2	0	-17,2	0	85,0	0	9,0	0	190,0	0	971,0	0	0,0	ERA5
1069298	25/12/2025	02	24/12/2025	21	HNE	-15,1	0	-16,8	0	87,0	0	8,0	0	180,0	0	969,0	0	0,0	ERA5
1069299	25/12/2025	03	24/12/2025	22	HNE	-15,0	0	-16,7	0	87,0	0	9,0	0	180,0	0	968,0	0	0,0	ERA5
1069300	25/12/2025	04	24/12/2025	23	HNE	-14,6	0	-16,3	0	87,0	0	8,0	0	160,0	0	967,0	0	0,0	ERA5
1069301	25/12/2025	05	25/12/2025	00	HNE	-14,5	0	-16,1	0	88,0	0	5,0	0	180,0	0	966,0	0	0,0	ERA5
1069302	25/12/2025	06	25/12/2025	01	HNE	-14,5	0	-16,1	0	88,0	0	4,0	0	200,0	0	965,0	0	0,0	ERA5
1069303	25/12/2025	07	25/12/2025	02	HNE	-14,1	0	-15,8	0	87,0	0	8,0	0	250,0	0	965,0	0	0,0	ERA5
1069304	25/12/2025	08	25/12/2025	03	HNE	-14,0	0	-16,0	0	85,0	0	13,0	0	280,0	0	965,0	0	0,0	ERA5
1069305	25/12/2025	09	25/12/2025	04	HNE	-14,5	0	-16,5	0	85,0	0	17,0	0	300,0	0	965,0	0	0,0	ERA5
1069306	25/12/2025	10	25/12/2025	05	HNE	-14,9	0	-17,2	0	83,0	0	13,0	0	310,0	0	965,0	0	0,0	ERA5
1069307	25/12/2025	11	25/12/2025	06	HNE	-15,3	0	-17,8	0	82,0	0	13,0	0	320,0	0	966,0	0	0,0	ERA5
1069308	25/12/2025	12	25/12/2025	07	HNE	-15,8	0	-18,5	0	80,0	0	17,0	0	320,0	0	968,0	0	0,0	ERA5
1069309	25/12/2025	13	25/12/2025	08	HNE	-16,5	0	-19,2	0	80,0	0	21,0	0	310,0	0	969,0	0	0,0	ERA5
1069310	25/12/2025	14	25/12/2025	09	HNE	-17,0	0	-19,9	0	79,0	0	24,0	0	310,0	0	970,0	0	120,2	ERA5
1069311	25/12/2025	15	25/12/2025	10	HNE	-17,5	0	-20,5	0	78,0	0	22,0	0	310,0	0	971,0	0	434,9	ERA5
1069312	25/12/2025	16	25/12/2025	11	HNE	-17,3	0	-20,3	0	78,0	0	17,0	0	320,0	0	971,0	0	740,8	ERA5
1069313	25/12/2025	17	25/12/2025	12	HNE	-17,0	0	-20,4	0	75,0	0	24,0	0	320,0	0	972,0	0	891,2	ERA5
1069314	25/12/2025	18	25/12/2025	13	HNE	-17,0	0	-20,5	0	75,0	0	15,0	0	310,0	0	973,0	0	922,3	ERA5
1069315	25/12/2025	19	25/12/2025	14	HNE	-17,2	0	-20,5	0	76,0	0	18,0	0	330,0	0	975,0	0	756,3	ERA5
1069316	25/12/2025	20	25/12/2025	15	HNE	-17,8	0	-21,7	0	72,0	0	22,0	0	340,0	0	976,0	0	462,9	ERA5
1069317	25/12/2025	21	25/12/2025	16	HNE	-18,1	0	-21,0	0	79,0	0	13,0	0	330,0	0	977,0	0	122,1	ERA5
1069318	25/12/2025	22	25/12/2025	17	HNE	-18,5	0	-21,4	0	78,0	0	15,0	0	310,0	0	978,0	0	0,0	ERA5
1069319	25/12/2025	23	25/12/2025	18	HNE	-18,5	0	-21,6	0	77,0	0	18,0	0	330,0	0	979,0	0	0,0	ERA5
1069320	26/12/2025	00	25/12/2025	19	HNE	-18,6	0	-22,2	0	74,0	0	21,0	0	330,0	0	979,0	0	0,0	ERA5
1069321	26/12/2025	01	25/12/2025	20	HNE	-18,8	0	-22,7	0	72,0	0	18,0	0	340,0	0	979,0	0	0,0	ERA5
1069322	26/12/2025	02	25/12/2025	21	HNE	-19,8	0	-23,2	0	75,0	0	13,0	0	310,0	0	979,0	0	0,0	ERA5
1069323	26/12/2025	03	25/12/2025	22	HNE	-20,3	0	-23,2	0	78,0	0	9,0	0	310,0	0	980,0	0	0,0	ERA5
1069324	26/12/2025	04	25/12/2025	23	HNE	-20,7	0	-23,7	0	77,0	0	11,0	0	310,0	0	980,0	0	0,0	ERA5
1069325	26/12/2025	05	26/12/2025	00	HNE	-23,1	0	-25,4	0	82,0	0	8,0	0	350,0	0	980,0	0	0,0	ERA5
1069326	26/12/2025	06	26/12/2025	01	HNE	-24,4	0	-26,7	0	82,0	0	5,0	0	320,0	0	980,0	0	0,0	ERA5
1069327	26/12/2025	07	26/12/2025	02	HNE	-24,9	0	-27,2	0	81,0	0	4,0	0	0,0	0	980,0	0	0,0	ERA5
1069328	26/12/2025	08	26/12/2025	03	HNE	-24,3	0	-26,7	0	81,0	0	0,0	0	0,0	0	980,0	0	0,0	ERA5
1069329	26/12/2025	09	26/12/2025	04	HNE	-23,6	0	-25,9	0	82,0	0	8,0	0	310,0	0	980,0	0	0,0	ERA5
1069330	26/12/2025	10	26/12/2025	05	HNE	-26,2	0	-28,8	0	79,0	0	8,0	0	350,0	0	980,0	0	0,0	ERA5
1069331	26/12/2025	11	26/12/2025	06	HNE	-25,9	0	-28,4	0	80,0	0	5,0	0	60,0	0	979,0	0	0,0	ERA5
1069332	26/12/2025	12	26/12/2025	07	HNE	-25,8	0	-28,3	0	80,0	0	4,0	0	0,0	0	979,0	0	0,0	ERA5
1069333	26/12/2025	13	26/12/2025	08	HNE	-25,4	0	-27,8	0	81,0	0	4,0	0	160,0	0	979,0	0	0,0	ERA5
1069334	26/12/2025	14	26/12/2025	09	HNE	-23,5	0	-25,8	0	82,0	0	9,0	0	100,0	0	978,0	0	127,0	ERA5
1069335	26/12/2025	15	26/12/2025	10	HNE	-20,9	0	-23,2	0	82,0	0	15,0	0	100,0	0	977,0	0	413,0	ERA5
1069336	26/12/2025	16	26/12/2025	11	HNE	-20,2	0	-23,3	0	77,0	0	8,0	0	90,0	0	976,0	0	598,2	ERA5
1069337	26/12/2025	17	26/12/2025	12	HNE	-19,4	0	-23,1	0	73,0	0	9,0	0	160,0	0	976,0	0	673,7	ERA5
1069338	26/12/2025	18	26/12/2025	13	HNE	-18,6	0	-22,3	0	73,0	0	9,0	0	120,0	0	974,0	0	594,4	ERA5
1069339	26/12/2025	19	26/12/2025	14	HNE	-18,3	0	-22,4	0	71,0	0	11,0	0	130,0	0	974,0	0	475,2	ERA5
1069340	26/12/2025	20	26/12/2025	15	HNE	-17,9	0	-22,0	0	71,0	0	11,0	0	120,0	0	973,0	0	256,0	ERA5
1069341	26/12/2025	21	26/12/2025	16	HNE	-18,0	0	-21,6	0	74,0	0	8,0	0	110,0	0	973,0	0	62,4	ERA5
1069342	26/12/2025	22	26/12/2025	17	HNE	-18,0	0	-21,1	0	77,0	0	9,0	0	110,0	0	973,0	0	0,0	ERA5
1069343	26/12/2025	23	26/12/2025	18	HNE	-17,9	0	-20,9	0	78,0	0	11,0	0	80,0	0	972,0	0	0,0	ERA5
1069344	27/12/2025	00	26/12/2025	19	HNE	-17,7	0	-21,0	0	76,0	0	9,0	0	80,0	0	973,0	0	0,0	ERA5
1069345	27/12/2025	01	26/12/2025	20	HNE	-17,5	0	-20,9	0	75,0	0	13,0	0	90,0	0	972,0	0	0,0	ERA5
1069346	27/12/2025	02	26/12/2025	21	HNE	-17,5	0	-21,1	0	74,0	0	17,0	0	100,0	0	972,0	0	0,0	ERA5
1069347	27/12/2025	03	26/12/2025	22	HNE	-17,55	4.lineaire	-21,2	4.lineaire	73,5	4.lineaire	13,0	0	110,0	0	972,5	4.lineaire	0,0	ERA5
1069348	27/12/2025	04	26/12/2025	23	HNE	-17,6	0	-21,3	0	73,0	0	11,0	0	100,0	0	973,0	0	0,0	ERA5
1069349	27/12/2025	05	27/12/2025	00	HNE	-17,8	0	-21,9	0	71,0	0	9,0	0	110,0	0	973,0	0	0,0	ERA5
1069350	27/12/2025	06	27/12/2025	01	HNE	-17,9	0	-21,6	0	73,0	0	9,0	0	120,0	0	972,0	0	0,0	ERA5
1069351	27/12/2025	07	27/12/2025	02	HNE	-18,2	0	-21,6	0	75,0	0	8,0	0	120,0	0	972,0	0	0,0	ERA5
1069352	27/12/2025	08	27/12/2025	03	HNE	-18,3	0	-21,4	0	77,0	0	9,0	0	110,0	0	973,0	0	0,0	ERA5
1069353	27/12/2025	09	27/12/2025	04	HNE	-18,8	0	-21,7	0	78,0	0	5,0	0	110,0	0	973,0	0	0,0	ERA5
1069354	27/12/2025	10	27/12/2025	05	HNE	-19,8	0	-22,3	0	81,0	0	9,0	0	90,0	0	973,0	0	0,0	ERA5
1069355	27/12/2025	11	27/12/2025	06	HNE	-20,0	0	-22,6	0	80,0	0	8,0	0	90,0	0	974,0	0	0,0	ERA5
1069356	27/12/2025	12	27/12/2025	07	HNE	-21,1	0	-23,6	0	81,0	0	8,0	0	80,0	0	975,0	0	0,0	ERA5
1069357	27/12/2025	13	27/12/2025	08	HNE	-20,6	0	-23,4	0	79,0	0	8,0	0	120,0	0	975,0	0	0,0	ERA5
1069358	27/12/2025	14	27/12/2025	09	HNE	-20,5	0	-23,4	0	78,0	0	8,0	0	90,0	0	975,0	0	150,8	ERA5
1069359	27/12/2025	15	27/12/2025	10	HNE	-17,9	0	-22,3	0	69,0	0	9,0	0	130,0	0	975,0	0	485,1	ERA5
1069360	27/12/2025	16	27/12/2025	11	HNE	-16,3	0	-21,6	0	64,0	0	9,0	0	150,0	0	975,0	0	786,6	ERA5
1069361	27/12/2025	17	27/12/2025	12	HNE	-15,0	0	-20,6	0	63,0	0	4,0	0	0,0	0	975,0	0	995,3	ERA5
1069362	27/12/2025	18	27/12/2025	13	HNE	-13,4	0	-19,8	0	59,0	0	8,0	0	130,0	0	974,0	0	1005,0	ERA5
1069363	27/12/2025	19	27/12/2025	14	HNE	-12,3	0	-19,2	0	57,0	0	4,0	0	170,0	0	975,0	0	818,4	ERA5
1069364	27/12/2025	20	27/12/2025	15	HNE	-12,0	0	-19,1	0	56,0	0	8,0	0	160,0	0	975,0	0	519,5	ERA5
1069365	27/12/2025	21	27/12/2025	16	HNE	-14,1	0	-18,7	0	69,0	0	5,0	0	170,0	0	975,0	0	138,0	ERA5
1069366	27/12/2025	22	27/12/2025	17	HNE	-15,4	0	-19,1	0	74,0	0	4,0	0	120,0	0	975,0	0	0,0	ERA5
1069367	27/12/2025	23	27/12/2025	18	HNE	-18,4	0	-20,8	0	82,0	0	0,0	0	0,0	0	975,0	0	0,0	ERA5
1069368	28/12/2025	00	27/12/2025	19	HNE	-18,6	0	-20,4	0	86,0	0	4,0	0	50,0	0	975,0	0	0,0	ERA5
1069369	28/12/2025	01	27/12/2025	20	HNE	-19,6	0	-21,8	0	83,0	0	5,0	0	190,0	0	974,0	0	0,0	ERA5
1069370	28/12/2025	02	27/12/2025	21	HNE	-20,3	0	-22,1	0	86,0	0	0,0	0	0,0	0	975,0	0	0,0	ERA5
1069371	28/12/2025	03	27/12/2025	22	HNE	-20,2	0	-21,8	0	87,0	0	0,0	0	0,0	0	975,0	0	0,0	ERA5
1069372	28/12/2025	04	27/12/2025	23	HNE	-19,0	0	-20,8	0	86,0	0	5,0	0	80,0	0	974,0	0	0,0	ERA5
1069373	28/12/2025	05	28/12/2025	00	HNE	-17,8	0	-20,2	0	82,0	0	4,0	0	80,0	0	974,0	0	0,0	ERA5
1069374	28/12/2025	06	28/12/2025	01	HNE	-17,2	0	-19,6	0	82,0	0	0,0	0	0,0	0	974,0	0	0,0	ERA5
1069375	28/12/2025	07	28/12/2025	02	HNE	-16,7	0	-19,0	0	83,0	0	4,0	0	60,0	0	974,0	0	0,0	ERA5
1069376	28/12/2025	08	28/12/2025	03	HNE	-16,3	0	-18,7	0	82,0	0	5,0	0	90,0	0	974,0	0	0,0	ERA5
1069377	28/12/2025	09	28/12/2025	04	HNE	-15,8	0	-18,4	0	81,0	0	5,0	0	100,0	0	973,0	0	0,0	ERA5
1069378	28/12/2025	10	28/12/2025	05	HNE	-15,8	0	-18,2	0	82,0	0	4,0	0	90,0	0	973,0	0	0,0	ERA5
1069379	28/12/2025	11	28/12/2025	06	HNE	-15,6	0	-17,3	0	87,0	0	5,0	0	110,0	0	972,0	0	0,0	ERA5
1069380	28/12/2025	12	28/12/2025	07	HNE	-15,2	0	-16,2	0	92,0	0	8,0	0	80,0	0	971,0	0	0,0	ERA5
1069381	28/12/2025	13	28/12/2025	08	HNE	-14,8	0	-16,2	0	89,0	0	5,0	0	110,0	0	971,0	0	0,0	ERA5
1069382	28/12/2025	14	28/12/2025	09	HNE	-14,3	0	-15,7	0	89,0	0	5,0	0	140,0	0	971,0	0	103,8	ERA5
1069383	28/12/2025	15	28/12/2025	10	HNE	-13,4	0	-14,9	0	89,0	0	8,0	0	170,0	0	971,0	0	338,5	ERA5
1069384	28/12/2025	16	28/12/2025	11	HNE	-12,2	0	-13,5	0	90,0	0	11,0	0	130,0	0	970,0	0	548,3	ERA5
1069385	28/12/2025	17	28/12/2025	12	HNE	-11,1	0	-12,9	0	87,0	0	11,0	0	150,0	0	969,0	0	499,4	ERA5
1069386	28/12/2025	18	28/12/2025	13	HNE	-10,5	0	-12,3	0	87,0	0	9,0	0	130,0	0	967,0	0	333,9	ERA5
1069387	28/12/2025	19	28/12/2025	14	HNE	-10,3	0	-11,9	0	88,0	0	9,0	0	120,0	0	967,0	0	227,4	ERA5
1069388	28/12/2025	20	28/12/2025	15	HNE	-9,6	0	-11,5	0	86,0	0	11,0	0	130,0	0	966,0	0	93,8	ERA5
1069389	28/12/2025	21	28/12/2025	16	HNE	-9,8	0	-11,6	0	87,0	0	15,0	0	130,0	0	966,0	0	45,8	ERA5
1069390	28/12/2025	22	28/12/2025	17	HNE	-9,7	0	-11,5	0	87,0	0	11,0	0	120,0	0	965,0	0	0,0	ERA5
1069391	28/12/2025	23	28/12/2025	18	HNE	-9,9	0	-11,4	0	89,0	0	11,0	0	140,0	0	965,0	0	0,0	ERA5
1069392	29/12/2025	00	28/12/2025	19	HNE	-9,7	0	-11,2	0	89,0	0	11,0	0	120,0	0	964,0	0	0,0	ERA5
1069393	29/12/2025	01	28/12/2025	20	HNE	-9,5	0	-11,0	0	89,0	0	13,0	0	90,0	0	963,0	0	0,0	ERA5
1069394	29/12/2025	02	28/12/2025	21	HNE	-9,5	0	-11,1	0	88,0	0	11,0	0	100,0	0	962,0	0	0,0	ERA5
1069395	29/12/2025	03	28/12/2025	22	HNE	-9,6	0	-11,2	0	88,0	0	11,0	0	90,0	0	961,0	0	0,0	ERA5
1069396	29/12/2025	04	28/12/2025	23	HNE	-9,6	0	-11,2	0	88,0	0	9,0	0	80,0	0	960,0	0	0,0	ERA5
1069397	29/12/2025	05	29/12/2025	00	HNE	-9,6	0	-11,5	0	86,0	0	11,0	0	100,0	0	959,0	0	0,0	ERA5
1069398	29/12/2025	06	29/12/2025	01	HNE	-9,6	0	-12,1	0	82,0	0	13,0	0	100,0	0	958,0	0	0,0	ERA5
1069399	29/12/2025	07	29/12/2025	02	HNE	-9,9	0	-12,9	0	79,0	0	15,0	0	80,0	0	956,0	0	0,0	ERA5
1069400	29/12/2025	08	29/12/2025	03	HNE	-10,2	0	-13,3	0	79,0	0	13,0	0	60,0	0	955,0	0	0,0	ERA5
1069401	29/12/2025	09	29/12/2025	04	HNE	-10,3	0	-13,4	0	78,0	0	18,0	0	80,0	0	954,0	0	0,0	ERA5
1069402	29/12/2025	10	29/12/2025	05	HNE	-10,7	0	-14,7	0	73,0	0	17,0	0	90,0	0	953,0	0	0,0	ERA5
1069403	29/12/2025	11	29/12/2025	06	HNE	-10,1	0	-12,9	0	80,0	0	17,0	0	90,0	0	952,0	0	0,0	ERA5
1069404	29/12/2025	12	29/12/2025	07	HNE	-9,7	0	-12,1	0	83,0	0	18,0	0	80,0	0	950,0	0	0,0	ERA5
1069405	29/12/2025	13	29/12/2025	08	HNE	-9,0	0	-11,1	0	85,0	0	24,0	0	50,0	0	946,0	0	0,0	ERA5
1069406	29/12/2025	14	29/12/2025	09	HNE	-8,0	0	-10,3	0	84,0	0	22,0	0	90,0	0	945,0	0	24,6	ERA5
1069407	29/12/2025	15	29/12/2025	10	HNE	-7,3	0	-9,3	0	86,0	0	24,0	0	80,0	0	943,0	0	79,4	ERA5
1069408	29/12/2025	16	29/12/2025	11	HNE	-7,2	0	-8,7	0	89,0	0	22,0	0	80,0	0	940,0	0	126,4	ERA5
1069409	29/12/2025	17	29/12/2025	12	HNE	-6,9	0	-8,3	0	90,0	0	28,0	0	80,0	0	938,0	0	261,3	ERA5
1069410	29/12/2025	18	29/12/2025	13	HNE	-6,7	0	-7,8	0	92,0	0	18,0	0	100,0	0	938,0	0	173,5	ERA5
1069411	29/12/2025	19	29/12/2025	14	HNE	-6,3	0	-7,7	0	90,0	0	22,0	0	100,0	0	937,0	0	127,9	ERA5
1069412	29/12/2025	20	29/12/2025	15	HNE	-6,3	0	-7,7	0	90,0	0	26,0	0	110,0	0	936,0	0	95,1	ERA5
1069413	29/12/2025	21	29/12/2025	16	HNE	-6,1	0	-7,8	0	88,0	0	18,0	0	100,0	0	935,0	0	29,4	ERA5
1069414	29/12/2025	22	29/12/2025	17	HNE	-5,8	0	-7,3	0	89,0	0	18,0	0	100,0	0	936,0	0	0,0	ERA5
1069415	29/12/2025	23	29/12/2025	18	HNE	-5,5	0	-6,9	0	90,0	0	13,0	0	110,0	0	935,0	0	0,0	ERA5
1069416	30/12/2025	00	29/12/2025	19	HNE	-5,5	0	-6,6	0	92,0	0	15,0	0	110,0	0	935,0	0	0,0	ERA5
1069417	30/12/2025	01	29/12/2025	20	HNE	-5,4	0	-6,5	0	92,0	0	17,0	0	120,0	0	935,0	0	0,0	ERA5
1069418	30/12/2025	02	29/12/2025	21	HNE	-5,3	0	-6,4	0	92,0	0	15,0	0	120,0	0	935,0	0	0,0	ERA5
1069419	30/12/2025	03	29/12/2025	22	HNE	-5,6	0	-6,6	0	93,0	0	8,0	0	130,0	0	934,0	0	0,0	ERA5
1069420	30/12/2025	04	29/12/2025	23	HNE	-5,8	0	-6,6	0	94,0	0	9,0	0	110,0	0	934,0	0	0,0	ERA5
1069421	30/12/2025	05	30/12/2025	00	HNE	-5,7	0	-6,5	0	94,0	0	8,0	0	140,0	0	934,0	0	0,0	ERA5
1069422	30/12/2025	06	30/12/2025	01	HNE	-9,1	0	-10,3	0	91,0	0	24,0	0	250,0	0	935,0	0	0,0	ERA5
1069423	30/12/2025	07	30/12/2025	02	HNE	-11,3	0	-12,9	0	88,0	0	17,0	0	260,0	0	935,0	0	0,0	ERA5
1069424	30/12/2025	08	30/12/2025	03	HNE	-13,0	0	-14,9	0	86,0	0	15,0	0	250,0	0	936,0	0	0,0	ERA5
1069425	30/12/2025	09	30/12/2025	04	HNE	-13,7	0	-15,8	0	85,0	0	18,0	0	240,0	0	936,0	0	0,0	ERA5
1069426	30/12/2025	10	30/12/2025	05	HNE	-13,8	0	-15,8	0	85,0	0	18,0	0	250,0	0	936,0	0	0,0	ERA5
1069427	30/12/2025	11	30/12/2025	06	HNE	-13,6	0	-15,6	0	85,0	0	17,0	0	250,0	0	937,0	0	0,0	ERA5
1069428	30/12/2025	12	30/12/2025	07	HNE	-13,5	0	-15,5	0	85,0	0	17,0	0	260,0	0	937,0	0	0,0	ERA5
1069429	30/12/2025	13	30/12/2025	08	HNE	-13,4	0	-15,4	0	85,0	0	17,0	0	270,0	0	937,0	0	0,0	ERA5
1069430	30/12/2025	14	30/12/2025	09	HNE	-13,2	0	-15,2	0	85,0	0	11,0	0	280,0	0	937,0	0	84,9	ERA5
1069431	30/12/2025	15	30/12/2025	10	HNE	-12,8	0	-14,8	0	85,0	0	15,0	0	270,0	0	937,0	0	243,2	ERA5
1069432	30/12/2025	16	30/12/2025	11	HNE	-12,3	0	-14,4	0	84,0	0	21,0	0	260,0	0	937,0	0	293,0	ERA5
1069433	30/12/2025	17	30/12/2025	12	HNE	-11,8	0	-14,0	0	84,0	0	21,0	0	270,0	0	936,0	0	430,7	ERA5
1069434	30/12/2025	18	30/12/2025	13	HNE	-11,3	0	-13,9	0	81,0	0	24,0	0	270,0	0	936,0	0	617,0	ERA5
1069435	30/12/2025	19	30/12/2025	14	HNE	-13,5	0	-16,6	0	78,0	0	34,0	0	270,0	0	936,0	0	555,0	ERA5
1069436	30/12/2025	20	30/12/2025	15	HNE	-14,2	0	-16,9	0	80,0	0	26,0	0	270,0	0	937,0	0	269,6	ERA5
1069437	30/12/2025	21	30/12/2025	16	HNE	-15,0	0	-17,7	0	80,0	0	24,0	0	260,0	0	938,0	0	76,9	ERA5
1069438	30/12/2025	22	30/12/2025	17	HNE	-15,9	0	-18,7	0	80,0	0	30,0	0	260,0	0	938,0	0	0,0	ERA5
1069439	30/12/2025	23	30/12/2025	18	HNE	-17,0	0	-19,7	0	80,0	0	28,0	0	260,0	0	939,0	0	0,0	ERA5
1069440	31/12/2025	00	30/12/2025	19	HNE	-17,8	0	-20,6	0	79,0	0	28,0	0	260,0	0	939,0	0	0,0	ERA5
1069441	31/12/2025	01	30/12/2025	20	HNE	-18,5	0	-21,6	0	77,0	0	28,0	0	250,0	0	939,0	0	0,0	ERA5
1069442	31/12/2025	02	30/12/2025	21	HNE	-19,1	0	-22,2	0	77,0	0	30,0	0	240,0	0	939,0	0	0,0	ERA5
1069443	31/12/2025	03	30/12/2025	22	HNE	-20,3	0	-23,5	0	76,0	0	28,0	0	250,0	0	939,0	0	0,0	ERA5
1069444	31/12/2025	04	30/12/2025	23	HNE	-20,9	0	-24,1	0	76,0	0	26,0	0	240,0	0	939,0	0	0,0	ERA5
1069445	31/12/2025	05	31/12/2025	00	HNE	-21,0	0	-24,2	0	76,0	0	28,0	0	250,0	0	939,0	0	0,0	ERA5
1069446	31/12/2025	06	31/12/2025	01	HNE	-21,1	0	-24,3	0	76,0	0	30,0	0	240,0	0	939,0	0	0,0	ERA5
1069447	31/12/2025	07	31/12/2025	02	HNE	-21,1	0	-24,3	0	76,0	0	28,0	0	230,0	0	939,0	0	0,0	ERA5
1069448	31/12/2025	08	31/12/2025	03	HNE	-21,0	0	-24,3	0	75,0	0	28,0	0	240,0	0	940,0	0	0,0	ERA5
1069449	31/12/2025	09	31/12/2025	04	HNE	-21,2	0	-24,6	0	75,0	0	24,0	0	240,0	0	940,0	0	0,0	ERA5
1069450	31/12/2025	10	31/12/2025	05	HNE	-21,4	0	-24,6	0	76,0	0	28,0	0	240,0	0	940,0	0	0,0	ERA5
1069451	31/12/2025	11	31/12/2025	06	HNE	-21,1	0	-24,1	0	77,0	0	21,0	0	240,0	0	941,0	0	0,0	ERA5
1069452	31/12/2025	12	31/12/2025	07	HNE	-21,0	0	-24,2	0	76,0	0	21,0	0	240,0	0	941,0	0	0,0	ERA5
1069453	31/12/2025	13	31/12/2025	08	HNE	-20,7	0	-23,7	0	77,0	0	21,0	0	240,0	0	942,0	0	0,0	ERA5
1069454	31/12/2025	14	31/12/2025	09	HNE	-20,6	0	-23,8	0	76,0	0	21,0	0	250,0	0	942,0	0	62,5	ERA5
1069455	31/12/2025	15	31/12/2025	10	HNE	-20,5	0	-23,9	0	75,0	0	21,0	0	240,0	0	943,0	0	229,4	ERA5
1069456	31/12/2025	16	31/12/2025	11	HNE	-20,3	0	-24,0	0	73,0	0	22,0	0	240,0	0	944,0	0	304,6	ERA5
1069457	31/12/2025	17	31/12/2025	12	HNE	-20,2	0	-24,2	0	71,0	0	18,0	0	230,0	0	944,0	0	412,2	ERA5
1069458	31/12/2025	18	31/12/2025	13	HNE	-20,3	0	-23,7	0	75,0	0	22,0	0	240,0	0	945,0	0	403,0	ERA5
1069459	31/12/2025	19	31/12/2025	14	HNE	-20,1	0	-23,9	0	72,0	0	24,0	0	240,0	0	946,0	0	352,0	ERA5
1069460	31/12/2025	20	31/12/2025	15	HNE	-20,3	0	-23,6	0	75,0	0	15,0	0	240,0	0	946,0	0	317,1	ERA5
1069461	31/12/2025	21	31/12/2025	16	HNE	-20,8	0	-24,6	0	72,0	0	18,0	0	240,0	0	947,0	0	120,4	ERA5
1069462	31/12/2025	22	31/12/2025	17	HNE	-20,8	0	-24,6	0	72,0	0	15,0	0	230,0	0	948,0	0	0,0	ERA5
1069463	31/12/2025	23	31/12/2025	18	HNE	-20,7	0	-24,4	0	73,0	0	17,0	0	230,0	0	949,0	0	0,0	ERA5
1069464	01/01/2026	00	31/12/2025	19	HNE	-20,7	0	-24,0	0	75,0	0	17,0	0	230,0	0	949,0	0	0,0	ERA5
1069465	01/01/2026	01	31/12/2025	20	HNE	-21,3	0	-24,8	0	74,0	0	15,0	0	220,0	0	949,0	0	0,0	ERA5
1069466	01/01/2026	02	31/12/2025	21	HNE	-21,5	0	-24,5	0	77,0	0	11,0	0	200,0	0	950,0	0	0,0	ERA5
1069467	01/01/2026	03	31/12/2025	22	HNE	-21,9	0	-24,8	0	78,0	0	13,0	0	200,0	0	950,0	0	0,0	ERA5
1069468	01/01/2026	04	31/12/2025	23	HNE	-22,5	0	-25,2	0	79,0	0	13,0	0	200,0	0	950,0	0	0,0	ERA5
1069469	01/01/2026	05	01/01/2026	00	HNE	-24,2	0	-26,5	0	82,0	0	13,0	0	190,0	0	950,0	0	0,0	ERA5
1069470	01/01/2026	06	01/01/2026	01	HNE	-25,0	0	-27,2	0	82,0	0	13,0	0	190,0	0	950,0	0	0,0	ERA5
1069471	01/01/2026	07	01/01/2026	02	HNE	-25,6	0	-27,8	0	82,0	0	11,0	0	200,0	0	951,0	0	0,0	ERA5
1069472	01/01/2026	08	01/01/2026	03	HNE	-27,3	0	-29,5	0	82,0	0	5,0	0	180,0	0	952,0	0	0,0	ERA5
1069473	01/01/2026	09	01/01/2026	04	HNE	-27,7	0	-30,0	0	81,0	0	9,0	0	180,0	0	952,0	0	0,0	ERA5
1069474	01/01/2026	10	01/01/2026	05	HNE	-28,6	0	-30,9	0	81,0	0	5,0	0	170,0	0	952,0	0	0,0	ERA5
1069475	01/01/2026	11	01/01/2026	06	HNE	-28,0	0	-30,5	0	80,0	0	9,0	0	190,0	0	953,0	0	0,0	ERA5
1069476	01/01/2026	12	01/01/2026	07	HNE	-26,4	0	-28,9	0	80,0	0	8,0	0	150,0	0	953,0	0	0,0	ERA5
1069477	01/01/2026	13	01/01/2026	08	HNE	-25,6	0	-28,1	0	80,0	0	9,0	0	180,0	0	953,0	0	0,0	ERA5
1069478	01/01/2026	14	01/01/2026	09	HNE	-24,6	0	-27,1	0	80,0	0	9,0	0	180,0	0	953,0	0	107,1	ERA5
1069479	01/01/2026	15	01/01/2026	10	HNE	-23,0	0	-25,4	0	81,0	0	11,0	0	190,0	0	953,0	0	321,5	ERA5
1069480	01/01/2026	16	01/01/2026	11	HNE	-22,0	0	-24,6	0	80,0	0	13,0	0	180,0	0	953,0	0	451,9	ERA5
1069481	01/01/2026	17	01/01/2026	12	HNE	-21,3	0	-24,5	0	76,0	0	15,0	0	180,0	0	953,0	0	553,2	ERA5
1069482	01/01/2026	18	01/01/2026	13	HNE	-20,6	0	-24,7	0	70,0	0	17,0	0	200,0	0	953,0	0	612,9	ERA5
1069483	01/01/2026	19	01/01/2026	14	HNE	-20,4	0	-24,4	0	71,0	0	18,0	0	190,0	0	953,0	0	523,4	ERA5
1069484	01/01/2026	20	01/01/2026	15	HNE	-20,9	0	-24,6	0	73,0	0	15,0	0	200,0	0	953,0	0	353,6	ERA5
1069485	01/01/2026	21	01/01/2026	16	HNE	-21,4	0	-24,9	0	74,0	0	11,0	0	190,0	0	953,0	0	118,4	ERA5
1069486	01/01/2026	22	01/01/2026	17	HNE	-21,8	0	-24,7	0	78,0	0	11,0	0	200,0	0	954,0	0	0,1	ERA5
1069487	01/01/2026	23	01/01/2026	18	HNE	-23,5	0	-25,6	0	83,0	0	5,0	0	190,0	0	954,0	0	0,0	ERA5
1069488	02/01/2026	00	01/01/2026	19	HNE	-24,8	0	-27,3	0	80,0	0	9,0	0	200,0	0	954,0	0	0,0	ERA5
1069489	02/01/2026	01	01/01/2026	20	HNE	-23,5	0	-25,9	0	81,0	0	9,0	0	230,0	0	955,0	0	0,0	ERA5
1069490	02/01/2026	02	01/01/2026	21	HNE	-23,9	0	-26,7	0	78,0	0	8,0	0	230,0	0	955,0	0	0,0	ERA5
1069491	02/01/2026	03	01/01/2026	22	HNE	-24,4	0	-27,1	0	79,0	0	5,0	0	220,0	0	954,0	0	0,0	ERA5
1069492	02/01/2026	04	01/01/2026	23	HNE	-24,7	0	-27,1	0	81,0	0	5,0	0	170,0	0	954,0	0	0,0	ERA5
1069493	02/01/2026	05	02/01/2026	00	HNE	-25,3	0	-27,7	0	81,0	0	4,0	0	160,0	0	954,0	0	0,0	ERA5
