nbreheures1904	date utc	heure utc	date locale	heure locale	tsl	t	err t	td	err td	hr	err hr	vv	err vv	vd	err vd	psta	err psta	rf1e	err rf1e
h utc	date utc	heure loc	date loc	heure	HAE/HNE	C	Err	C	Err	0-100	Err	km/h	Err	0-360	Err	hPa	Err	kJ/m2/h	Err
1060710	01/01/2025	06	01/01/2025	01	HNE	0,7	0	-0,9	0	89,0	0	5,0	0	60,0	0	991,227	5.k=1.moyenne	0,0	ERA5
1060711	01/01/2025	07	01/01/2025	02	HNE	0,7	0	-0,9	0	89,0	0	7,0	0	40,0	0	991,364	5.k=1.moyenne	0,0	ERA5
1060712	01/01/2025	08	01/01/2025	03	HNE	0,6	0	-0,8	0	91,0	0	6,0	0	30,0	0	991,078	5.k=1.moyenne	0,0	ERA5
1060713	01/01/2025	09	01/01/2025	04	HNE	1,0	0	-0,7	0	89,0	0	8,0	0	20,0	0	990,987	5.k=1.moyenne	0,0	ERA5
1060714	01/01/2025	10	01/01/2025	05	HNE	0,8	0	-0,6	0	90,0	0	6,0	0	20,0	0	990,493	5.k=1.moyenne	0,0	ERA5
1060715	01/01/2025	11	01/01/2025	06	HNE	0,7	0	-0,5	0	92,0	0	7,0	0	200,0	0	990,47	5.k=1.moyenne	0,0	ERA5
1060716	01/01/2025	12	01/01/2025	07	HNE	0,5	0	0,1	0	97,0	0	5,0	0	360,0	0	989,944	5.k=1.moyenne	0,0	ERA5
1060717	01/01/2025	13	01/01/2025	08	HNE	0,4	0	0,1	0	97,0	0	3,0	0	40,0	0	989,57	5.k=1.moyenne	4,0	ERA5
1060718	01/01/2025	14	01/01/2025	09	HNE	0,8	0	0,5	0	98,0	0	7,0	0	30,0	0	989,365	5.k=1.moyenne	51,9	ERA5
1060719	01/01/2025	15	01/01/2025	10	HNE	1,4	0	1,1	0	98,0	0	8,0	0	40,0	0	989,077	5.k=1.moyenne	101,8	ERA5
1060720	01/01/2025	16	01/01/2025	11	HNE	1,6	0	1,1	0	97,0	0	5,0	0	40,0	0	988,146	5.k=1.moyenne	121,7	ERA5
1060721	01/01/2025	17	01/01/2025	12	HNE	1,4	0	1,0	0	97,0	0	7,0	0	30,0	0	987,048	5.k=1.moyenne	223,6	ERA5
1060722	01/01/2025	18	01/01/2025	13	HNE	1,9	0	1,5	0	97,0	0	9,0	0	50,0	0	986,119	5.k=1.moyenne	305,2	ERA5
1060723	01/01/2025	19	01/01/2025	14	HNE	2,2	0	1,7	0	96,0	0	5,0	0	40,0	0	985,545	5.k=1.moyenne	170,2	ERA5
1060724	01/01/2025	20	01/01/2025	15	HNE	2,3	0	1,9	0	97,0	0	1,0	0	250,0	0	985,409	5.k=1.moyenne	185,1	ERA5
1060725	01/01/2025	21	01/01/2025	16	HNE	1,8	0	1,4	0	98,0	0	4,0	0	270,0	0	985,045	5.k=1.moyenne	79,6	ERA5
1060726	01/01/2025	22	01/01/2025	17	HNE	1,4	0	1,2	0	98,0	0	9,0	0	270,0	0	984,536	5.k=1.moyenne	3,3	ERA5
1060727	01/01/2025	23	01/01/2025	18	HNE	0,5	0	0,2	0	98,0	0	11,0	0	260,0	0	984,049	5.k=1.moyenne	0,0	ERA5
1060728	02/01/2025	00	01/01/2025	19	HNE	0,6	0	0,2	0	98,0	0	8,0	0	260,0	0	983,687	5.k=1.moyenne	0,0	ERA5
1060729	02/01/2025	01	01/01/2025	20	HNE	0,7	0	0,1	0	96,0	0	18,0	0	260,0	0	983,076	5.k=1.moyenne	0,0	ERA5
1060730	02/01/2025	02	01/01/2025	21	HNE	0,8	0	0,15	4.lineaire	95,0	0	18,0	0	260,0	0	982,299	5.k=1.moyenne	0,0	ERA5
1060731	02/01/2025	03	01/01/2025	22	HNE	0,8	0	0,2	0	95,0	0	16,0	0	260,0	0	981,564	5.k=1.moyenne	0,0	ERA5
1060732	02/01/2025	04	01/01/2025	23	HNE	1,0	0	-0,15	4.lineaire	93,0	0	15,0	0	260,0	0	980,788	5.k=1.moyenne	0,0	ERA5
1060733	02/01/2025	05	02/01/2025	00	HNE	0,7	0	-0,5	0	92,0	0	27,0	0	260,0	0	979,991	5.k=1.moyenne	0,0	ERA5
1060734	02/01/2025	06	02/01/2025	01	HNE	0,4	0	-0,9	0	91,0	0	26,0	0	260,0	0	979,991	5.k=1.moyenne	0,0	ERA5
1060735	02/01/2025	07	02/01/2025	02	HNE	0,0	4.lineaire	-1,4	0	90,0	0	27,0	0	260,0	0	979,558	5.k=1.moyenne	0,0	ERA5
1060736	02/01/2025	08	02/01/2025	03	HNE	-0,4	0	-2,0	0	89,0	0	25,0	0	260,0	0	979,275	5.k=1.moyenne	0,0	ERA5
1060737	02/01/2025	09	02/01/2025	04	HNE	-1,0	0	-2,2	0	91,0	0	24,0	0	270,0	0	978,685	5.k=1.moyenne	0,0	ERA5
1060738	02/01/2025	10	02/01/2025	05	HNE	-1,2	0	-2,7	0	90,0	0	21,0	0	260,0	0	978,14	5.k=1.moyenne	0,0	ERA5
1060739	02/01/2025	11	02/01/2025	06	HNE	-1,2	0	-3,5	0	84,0	0	22,0	0	270,0	0	978,036	5.k=1.moyenne	0,0	ERA5
1060740	02/01/2025	12	02/01/2025	07	HNE	-1,4	0	-4,0	0	82,0	0	23,0	0	270,0	0	978,061	5.k=1.moyenne	0,0	ERA5
1060741	02/01/2025	13	02/01/2025	08	HNE	-1,3	0	-4,9	0	77,0	0	29,0	0	280,0	0	977,839	5.k=1.moyenne	7,5	ERA5
1060742	02/01/2025	14	02/01/2025	09	HNE	-1,2	0	-4,8	0	77,0	0	27,0	0	280,0	0	978,078	5.k=1.moyenne	127,8	ERA5
1060743	02/01/2025	15	02/01/2025	10	HNE	-1,2	0	-5,1	0	74,0	0	28,0	0	270,0	0	978,132	5.k=1.moyenne	280,9	ERA5
1060744	02/01/2025	16	02/01/2025	11	HNE	-1,0	0	-5,1	0	73,0	0	21,0	0	270,0	0	977,543	5.k=1.moyenne	438,8	ERA5
1060745	02/01/2025	17	02/01/2025	12	HNE	-0,9	0	-5,7	0	70,0	0	22,0	0	270,0	0	977,019	5.k=1.moyenne	598,8	ERA5
1060746	02/01/2025	18	02/01/2025	13	HNE	-0,9	0	-5,9	0	68,0	0	31,0	0	270,0	0	976,892	5.k=1.moyenne	477,8	ERA5
1060747	02/01/2025	19	02/01/2025	14	HNE	-0,7	0	-6,1	0	67,0	0	29,0	0	270,0	0	977,038	5.k=1.moyenne	415,4	ERA5
1060748	02/01/2025	20	02/01/2025	15	HNE	-0,9	0	-5,3	0	72,0	0	26,0	0	260,0	0	977,332	5.k=1.moyenne	314,6	ERA5
1060749	02/01/2025	21	02/01/2025	16	HNE	-1,3	0	-5,1	0	75,0	0	23,0	0	260,0	0	977,615	5.k=1.moyenne	176,2	ERA5
1060750	02/01/2025	22	02/01/2025	17	HNE	-1,8	0	-5,8	0	74,0	0	31,0	0	280,0	0	978,004	5.k=1.moyenne	6,5	ERA5
1060751	02/01/2025	23	02/01/2025	18	HNE	-2,0	0	-6,5	0	71,0	0	26,0	0	270,0	0	978,011	5.k=1.moyenne	0,0	ERA5
1060752	03/01/2025	00	02/01/2025	19	HNE	-2,4	0	-5,9	0	77,0	0	17,0	0	270,0	0	978,21	5.k=1.moyenne	0,0	ERA5
1060753	03/01/2025	01	02/01/2025	20	HNE	-2,9	0	-6,7	0	75,0	0	27,0	0	280,0	0	978,134	5.k=1.moyenne	0,0	ERA5
1060754	03/01/2025	02	02/01/2025	21	HNE	-3,1	0	-7,1	0	74,0	0	27,0	0	280,0	0	977,91	5.k=1.moyenne	0,0	ERA5
1060755	03/01/2025	03	02/01/2025	22	HNE	-3,2	0	-7,3	0	73,0	0	28,0	0	270,0	0	977,793	5.k=1.moyenne	0,0	ERA5
1060756	03/01/2025	04	02/01/2025	23	HNE	-3,5	0	-6,6	0	79,0	0	17,0	0	280,0	0	977,89	5.k=1.moyenne	0,0	ERA5
1060757	03/01/2025	05	03/01/2025	00	HNE	-3,4	0	-7,9	0	71,0	0	24,0	0	280,0	0	977,824	5.k=1.moyenne	0,0	ERA5
1060758	03/01/2025	06	03/01/2025	01	HNE	-3,6	0	-8,2	0	70,0	0	20,0	0	270,0	0	977,824	5.k=1.moyenne	0,0	ERA5
1060759	03/01/2025	07	03/01/2025	02	HNE	-3,7	0	-8,8	0	68,0	0	21,0	0	280,0	0	978,184	5.k=1.moyenne	0,0	ERA5
1060760	03/01/2025	08	03/01/2025	03	HNE	-3,7	0	-8,1	0	72,0	0	17,0	0	290,0	0	978,481	5.k=1.moyenne	0,0	ERA5
1060761	03/01/2025	09	03/01/2025	04	HNE	-3,9	0	-8,9	0	68,0	0	22,0	0	280,0	0	978,549	5.k=1.moyenne	0,0	ERA5
1060762	03/01/2025	10	03/01/2025	05	HNE	-4,2	0	-8,2	0	73,0	0	11,0	0	280,0	0	978,637	5.k=1.moyenne	0,0	ERA5
1060763	03/01/2025	11	03/01/2025	06	HNE	-4,6	0	-9,5	0	69,0	0	14,0	0	280,0	0	978,891	5.k=1.moyenne	0,0	ERA5
1060764	03/01/2025	12	03/01/2025	07	HNE	-5,1	0	-9,5	0	71,0	0	19,0	0	270,0	0	978,874	5.k=1.moyenne	0,0	ERA5
1060765	03/01/2025	13	03/01/2025	08	HNE	-5,2	0	-10,1	0	69,0	0	22,0	0	270,0	0	978,94	5.k=1.moyenne	14,7	ERA5
1060766	03/01/2025	14	03/01/2025	09	HNE	-5,3	0	-10,4	0	67,0	0	20,0	0	260,0	0	979,214	5.k=1.moyenne	268,6	ERA5
1060767	03/01/2025	15	03/01/2025	10	HNE	-5,4	0	-11,0	0	65,0	0	22,0	0	260,0	0	979,175	5.k=1.moyenne	604,9	ERA5
1060768	03/01/2025	16	03/01/2025	11	HNE	-5,3	0	-11,2	0	63,0	0	22,0	0	270,0	0	978,72	5.k=1.moyenne	756,9	ERA5
1060769	03/01/2025	17	03/01/2025	12	HNE	-5,3	0	-10,6	0	66,0	0	18,0	0	280,0	0	978,285	5.k=1.moyenne	822,8	ERA5
1060770	03/01/2025	18	03/01/2025	13	HNE	-5,3	0	-11,0	0	64,0	0	23,0	0	270,0	0	978,121	5.k=1.moyenne	742,4	ERA5
1060771	03/01/2025	19	03/01/2025	14	HNE	-5,2	0	-11,1	0	63,0	0	14,0	0	270,0	0	978,352	5.k=1.moyenne	749,1	ERA5
1060772	03/01/2025	20	03/01/2025	15	HNE	-5,5	0	-11,1	0	65,0	0	20,0	0	270,0	0	979,02	5.k=1.moyenne	400,5	ERA5
1060773	03/01/2025	21	03/01/2025	16	HNE	-6,1	0	-11,6	0	65,0	0	19,0	0	290,0	0	979,522	5.k=1.moyenne	154,6	ERA5
1060774	03/01/2025	22	03/01/2025	17	HNE	-6,2	0	-11,3	0	67,0	0	15,0	0	290,0	0	980,065	5.k=1.moyenne	7,8	ERA5
1060775	03/01/2025	23	03/01/2025	18	HNE	-6,4	0	-11,0	0	69,0	0	10,0	0	300,0	0	980,379	5.k=1.moyenne	0,0	ERA5
1060776	04/01/2025	00	03/01/2025	19	HNE	-6,8	0	-10,8	0	73,0	0	15,0	0	290,0	0	980,589	5.k=1.moyenne	0,0	ERA5
1060777	04/01/2025	01	03/01/2025	20	HNE	-7,2	0	-9,7	0	82,0	0	13,0	0	280,0	0	980,653	5.k=1.moyenne	0,0	ERA5
1060778	04/01/2025	02	03/01/2025	21	HNE	-8,2	0	-11,2	0	79,0	0	15,0	0	280,0	0	980,696	5.k=1.moyenne	0,0	ERA5
1060779	04/01/2025	03	03/01/2025	22	HNE	-8,9	0	-11,0	0	85,0	0	11,0	0	290,0	0	980,822	5.k=1.moyenne	0,0	ERA5
1060780	04/01/2025	04	03/01/2025	23	HNE	-9,2	0	-12,3	0	78,0	0	11,0	0	280,0	0	980,844	5.k=1.moyenne	0,0	ERA5
1060781	04/01/2025	05	04/01/2025	00	HNE	-9,5	0	-12,3	0	80,0	0	10,0	0	270,0	0	980,678	5.k=1.moyenne	0,0	ERA5
1060782	04/01/2025	06	04/01/2025	01	HNE	-10,0	0	-12,9	0	79,0	0	14,0	0	260,0	0	980,678	5.k=1.moyenne	0,0	ERA5
1060783	04/01/2025	07	04/01/2025	02	HNE	-10,1	0	-13,2	0	78,0	0	15,0	0	260,0	0	981,097	5.k=1.moyenne	0,0	ERA5
1060784	04/01/2025	08	04/01/2025	03	HNE	-10,3	0	-12,7	0	82,0	0	12,0	0	280,0	0	981,245	5.k=1.moyenne	0,0	ERA5
1060785	04/01/2025	09	04/01/2025	04	HNE	-11,2	0	-14,3	0	78,0	0	15,0	0	270,0	0	981,477	5.k=1.moyenne	0,0	ERA5
1060786	04/01/2025	10	04/01/2025	05	HNE	-12,2	0	-16,2	0	73,0	0	20,0	0	260,0	0	981,708	5.k=1.moyenne	0,0	ERA5
1060787	04/01/2025	11	04/01/2025	06	HNE	-12,6	0	-16,0	0	76,0	0	16,0	0	280,0	0	982,314	5.k=1.moyenne	0,0	ERA5
1060788	04/01/2025	12	04/01/2025	07	HNE	-12,6	0	-15,9	0	77,0	0	18,0	0	280,0	0	982,524	5.k=1.moyenne	0,0	ERA5
1060789	04/01/2025	13	04/01/2025	08	HNE	-12,3	0	-16,3	0	72,0	0	17,0	0	270,0	0	982,9	5.k=1.moyenne	14,0	ERA5
1060790	04/01/2025	14	04/01/2025	09	HNE	-11,7	0	-16,6	0	67,0	0	12,0	0	280,0	0	983,422	5.k=1.moyenne	222,9	ERA5
1060791	04/01/2025	15	04/01/2025	10	HNE	-11,6	0	-15,6	0	72,0	0	12,0	0	280,0	0	983,653	5.k=1.moyenne	447,7	ERA5
1060792	04/01/2025	16	04/01/2025	11	HNE	-11,4	0	-15,1	0	74,0	0	16,0	0	260,0	0	983,446	5.k=1.moyenne	725,8	ERA5
1060793	04/01/2025	17	04/01/2025	12	HNE	-10,8	0	-15,8	0	67,0	0	15,0	0	280,0	0	983,343	5.k=1.moyenne	883,0	ERA5
1060794	04/01/2025	18	04/01/2025	13	HNE	-10,7	0	-15,1	0	70,0	0	15,0	0	280,0	0	983,385	5.k=1.moyenne	939,9	ERA5
1060795	04/01/2025	19	04/01/2025	14	HNE	-10,7	0	-15,1	0	70,0	0	16,0	0	270,0	0	983,615	5.k=1.moyenne	730,2	ERA5
1060796	04/01/2025	20	04/01/2025	15	HNE	-10,3	0	-15,3	0	67,0	0	12,0	0	270,0	0	984,262	5.k=1.moyenne	499,0	ERA5
1060797	04/01/2025	21	04/01/2025	16	HNE	-10,4	0	-13,8	0	76,0	0	11,0	0	280,0	0	984,846	5.k=1.moyenne	225,8	ERA5
1060798	04/01/2025	22	04/01/2025	17	HNE	-10,5	0	-13,7	0	77,0	0	8,0	0	280,0	0	985,409	5.k=1.moyenne	9,0	ERA5
1060799	04/01/2025	23	04/01/2025	18	HNE	-10,7	0	-14,4	0	74,0	0	5,0	0	290,0	0	985,931	5.k=1.moyenne	0,0	ERA5
1060800	05/01/2025	00	04/01/2025	19	HNE	-10,3	0	-13,6	0	77,0	0	4,0	0	300,0	0	986,264	5.k=1.moyenne	0,0	ERA5
1060801	05/01/2025	01	04/01/2025	20	HNE	-10,0	0	-12,9	0	79,0	0	5,0	0	300,0	0	986,515	5.k=1.moyenne	0,0	ERA5
1060802	05/01/2025	02	04/01/2025	21	HNE	-10,0	0	-12,3	0	83,0	0	5,0	0	270,0	0	986,828	5.k=1.moyenne	0,0	ERA5
1060803	05/01/2025	03	04/01/2025	22	HNE	-10,1	0	-11,9	0	86,0	0	5,0	0	260,0	0	987,224	5.k=1.moyenne	0,0	ERA5
1060804	05/01/2025	04	04/01/2025	23	HNE	-10,2	0	-12,6	0	82,0	0	7,0	0	260,0	0	987,371	5.k=1.moyenne	0,0	ERA5
1060805	05/01/2025	05	05/01/2025	00	HNE	-9,9	0	-13,4	0	76,0	0	8,0	0	270,0	0	987,329	5.k=1.moyenne	0,0	ERA5
1060806	05/01/2025	06	05/01/2025	01	HNE	-9,9	0	-13,3	0	76,0	0	12,0	0	300,0	0	987,329	5.k=1.moyenne	0,0	ERA5
1060807	05/01/2025	07	05/01/2025	02	HNE	-10,2	0	-12,0	0	86,0	0	5,0	0	300,0	0	987,7	5.k=1.moyenne	0,0	ERA5
1060808	05/01/2025	08	05/01/2025	03	HNE	-10,2	0	-12,2	0	85,0	0	8,0	0	280,0	0	988,164	5.k=1.moyenne	0,0	ERA5
1060809	05/01/2025	09	05/01/2025	04	HNE	-10,4	0	-12,3	0	86,0	0	11,0	0	270,0	0	988,399	5.k=1.moyenne	0,0	ERA5
1060810	05/01/2025	10	05/01/2025	05	HNE	-10,4	0	-12,6	0	84,0	0	8,0	0	290,0	0	988,8	5.k=1.moyenne	0,0	ERA5
1060811	05/01/2025	11	05/01/2025	06	HNE	-10,8	0	-14,7	0	73,0	0	12,0	0	320,0	0	989,429	5.k=1.moyenne	0,0	ERA5
1060812	05/01/2025	12	05/01/2025	07	HNE	-11,7	0	-16,5	0	68,0	0	8,0	0	330,0	0	990,017	5.k=1.moyenne	0,0	ERA5
1060813	05/01/2025	13	05/01/2025	08	HNE	-12,1	0	-19,1	0	56,0	0	9,0	0	330,0	0	990,645	5.k=1.moyenne	15,0	ERA5
1060814	05/01/2025	14	05/01/2025	09	HNE	-12,2	0	-18,3	0	61,0	0	8,0	0	350,0	0	991,211	5.k=1.moyenne	250,2	ERA5
1060815	05/01/2025	15	05/01/2025	10	HNE	-12,5	0	-20,0	0	54,0	0	7,0	0	330,0	0	991,694	5.k=1.moyenne	685,7	ERA5
1060816	05/01/2025	16	05/01/2025	11	HNE	-13,6	0	-19,0	0	64,0	0	11,0	0	30,0	0	991,551	5.k=1.moyenne	1042,3	ERA5
1060817	05/01/2025	17	05/01/2025	12	HNE	-13,6	0	-19,5	0	61,0	0	8,0	0	30,0	0	991,241	5.k=1.moyenne	1219,7	ERA5
1060818	05/01/2025	18	05/01/2025	13	HNE	-12,7	0	-20,7	0	51,0	0	11,0	0	290,0	0	991,035	5.k=1.moyenne	1236,3	ERA5
1060819	05/01/2025	19	05/01/2025	14	HNE	-12,5	0	-20,1	0	53,0	0	9,0	0	290,0	0	991,288	5.k=1.moyenne	1092,0	ERA5
1060820	05/01/2025	20	05/01/2025	15	HNE	-12,5	0	-20,4	0	52,0	0	10,0	0	320,0	0	991,706	5.k=1.moyenne	731,9	ERA5
1060821	05/01/2025	21	05/01/2025	16	HNE	-12,8	0	-20,0	0	55,0	0	7,0	0	320,0	0	992,062	5.k=1.moyenne	307,5	ERA5
1060822	05/01/2025	22	05/01/2025	17	HNE	-14,0	0	-20,3	0	59,0	0	4,0	0	310,0	0	992,585	5.k=1.moyenne	15,3	ERA5
1060823	05/01/2025	23	05/01/2025	18	HNE	-14,6	0	-19,5	0	66,0	0	4,0	0	300,0	0	992,92	5.k=1.moyenne	0,0	ERA5
1060824	06/01/2025	00	05/01/2025	19	HNE	-14,6	0	-19,8	0	64,0	0	5,0	0	320,0	0	993,276	5.k=1.moyenne	0,0	ERA5
1060825	06/01/2025	01	05/01/2025	20	HNE	-15,0	0	-19,6	0	68,0	0	4,0	0	320,0	0	993,339	5.k=1.moyenne	0,0	ERA5
1060826	06/01/2025	02	05/01/2025	21	HNE	-12,4	0	-17,9	0	64,0	0	5,0	0	320,0	0	993,257	5.k=1.moyenne	0,0	ERA5
1060827	06/01/2025	03	05/01/2025	22	HNE	-12,4	0	-18,1	0	62,0	0	6,0	0	300,0	0	993,258	5.k=1.moyenne	0,0	ERA5
1060828	06/01/2025	04	05/01/2025	23	HNE	-12,6	0	-18,3	0	62,0	0	8,0	0	290,0	0	993,093	5.k=1.moyenne	0,0	ERA5
1060829	06/01/2025	05	06/01/2025	00	HNE	-12,7	0	-17,7	0	66,0	0	4,0	0	300,0	0	992,865	5.k=1.moyenne	0,0	ERA5
1060830	06/01/2025	06	06/01/2025	01	HNE	-13,7	0	-18,2	0	68,0	0	4,0	0	320,0	0	992,865	5.k=1.moyenne	0,0	ERA5
1060831	06/01/2025	07	06/01/2025	02	HNE	-14,9	0	-19,2	0	70,0	0	3,0	0	310,0	0	992,932	5.k=1.moyenne	0,0	ERA5
1060832	06/01/2025	08	06/01/2025	03	HNE	-15,7	0	-19,6	0	72,0	0	3,0	0	300,0	0	993,1	5.k=1.moyenne	0,0	ERA5
1060833	06/01/2025	09	06/01/2025	04	HNE	-16,6	0	-20,0	0	75,0	0	6,0	0	270,0	0	992,857	5.k=1.moyenne	0,0	ERA5
1060834	06/01/2025	10	06/01/2025	05	HNE	-16,8	0	-19,5	0	80,0	0	6,0	0	260,0	0	992,591	5.k=1.moyenne	0,0	ERA5
1060835	06/01/2025	11	06/01/2025	06	HNE	-16,9	0	-19,9	0	77,0	0	5,0	0	270,0	0	992,324	5.k=1.moyenne	0,0	ERA5
1060836	06/01/2025	12	06/01/2025	07	HNE	-17,1	0	-19,9	0	79,0	0	7,0	0	240,0	0	992,151	5.k=1.moyenne	0,0	ERA5
1060837	06/01/2025	13	06/01/2025	08	HNE	-16,8	0	-19,6	0	79,0	0	7,0	0	250,0	0	991,947	5.k=1.moyenne	21,4	ERA5
1060838	06/01/2025	14	06/01/2025	09	HNE	-15,3	0	-18,5	0	77,0	0	5,0	0	250,0	0	991,721	5.k=1.moyenne	355,2	ERA5
1060839	06/01/2025	15	06/01/2025	10	HNE	-13,8	0	-17,5	0	74,0	0	9,0	0	260,0	0	991,334	5.k=1.moyenne	804,8	ERA5
1060840	06/01/2025	16	06/01/2025	11	HNE	-13,2	0	-16,7	0	75,0	0	8,0	0	260,0	0	990,566	5.k=1.moyenne	1161,7	ERA5
1060841	06/01/2025	17	06/01/2025	12	HNE	-12,6	0	-16,2	0	75,0	0	7,0	0	270,0	0	989,778	5.k=1.moyenne	1363,8	ERA5
1060842	06/01/2025	18	06/01/2025	13	HNE	-12,2	0	-15,9	0	74,0	0	15,0	0	270,0	0	988,988	5.k=1.moyenne	1369,4	ERA5
1060843	06/01/2025	19	06/01/2025	14	HNE	-11,7	0	-15,8	0	72,0	0	12,0	0	270,0	0	988,537	5.k=1.moyenne	1110,4	ERA5
1060844	06/01/2025	20	06/01/2025	15	HNE	-11,4	0	-15,2	0	73,0	0	10,0	0	280,0	0	988,426	5.k=1.moyenne	653,1	ERA5
1060845	06/01/2025	21	06/01/2025	16	HNE	-11,3	0	-15,3	0	72,0	0	11,0	0	260,0	0	988,199	5.k=1.moyenne	307,9	ERA5
1060846	06/01/2025	22	06/01/2025	17	HNE	-11,0	0	-14,9	0	73,0	0	11,0	0	260,0	0	987,921	5.k=1.moyenne	17,8	ERA5
1060847	06/01/2025	23	06/01/2025	18	HNE	-10,6	0	-14,4	0	73,0	0	11,0	0	260,0	0	987,703	5.k=1.moyenne	0,0	ERA5
1060848	07/01/2025	00	06/01/2025	19	HNE	-10,1	0	-14,0	0	73,0	0	8,0	0	280,0	0	987,199	5.k=1.moyenne	0,0	ERA5
1060849	07/01/2025	01	06/01/2025	20	HNE	-10,4	0	-15,0	0	69,0	0	10,0	0	300,0	0	987,647	5.k=1.moyenne	0,0	ERA5
1060850	07/01/2025	02	06/01/2025	21	HNE	-10,4	0	-15,1	0	69,0	0	11,0	0	290,0	0	987,048	5.k=1.moyenne	0,0	ERA5
1060851	07/01/2025	03	06/01/2025	22	HNE	-11,2	0	-15,2	0	72,0	0	12,0	0	260,0	0	986,553	5.k=1.moyenne	0,0	ERA5
1060852	07/01/2025	04	06/01/2025	23	HNE	-10,3	0	-14,3	0	72,0	0	13,0	0	270,0	0	986,036	5.k=1.moyenne	0,0	ERA5
1060853	07/01/2025	05	07/01/2025	00	HNE	-10,5	0	-14,1	0	75,0	0	14,0	0	280,0	0	985,499	5.k=1.moyenne	0,0	ERA5
1060854	07/01/2025	06	07/01/2025	01	HNE	-10,7	0	-13,0	0	83,0	0	13,0	0	270,0	0	985,499	5.k=1.moyenne	0,0	ERA5
1060855	07/01/2025	07	07/01/2025	02	HNE	-10,3	0	-12,9	0	81,0	0	21,0	0	280,0	0	985,245	5.k=1.moyenne	0,0	ERA5
1060856	07/01/2025	08	07/01/2025	03	HNE	-10,0	0	-12,5	0	82,0	0	22,0	0	260,0	0	984,878	5.k=1.moyenne	0,0	ERA5
1060857	07/01/2025	09	07/01/2025	04	HNE	-10,0	0	-12,0	0	86,0	0	16,0	0	270,0	0	984,6	5.k=1.moyenne	0,0	ERA5
1060858	07/01/2025	10	07/01/2025	05	HNE	-9,6	0	-12,3	0	80,0	0	13,0	0	280,0	0	984,311	5.k=1.moyenne	0,0	ERA5
1060859	07/01/2025	11	07/01/2025	06	HNE	-9,6	0	-11,7	0	85,0	0	19,0	0	290,0	0	984,232	5.k=1.moyenne	0,0	ERA5
1060860	07/01/2025	12	07/01/2025	07	HNE	-9,3	0	-11,5	0	84,0	0	19,0	0	280,0	0	984,173	5.k=1.moyenne	0,0	ERA5
1060861	07/01/2025	13	07/01/2025	08	HNE	-9,3	0	-11,3	0	85,0	0	16,0	0	280,0	0	984,247	5.k=1.moyenne	11,5	ERA5
1060862	07/01/2025	14	07/01/2025	09	HNE	-9,0	0	-11,0	0	85,0	0	16,0	0	270,0	0	984,406	5.k=1.moyenne	146,1	ERA5
1060863	07/01/2025	15	07/01/2025	10	HNE	-8,6	0	-11,2	0	81,0	0	16,0	0	280,0	0	984,531	5.k=1.moyenne	373,3	ERA5
1060864	07/01/2025	16	07/01/2025	11	HNE	-8,5	0	-10,9	0	83,0	0	19,0	0	280,0	0	984,36	5.k=1.moyenne	505,2	ERA5
1060865	07/01/2025	17	07/01/2025	12	HNE	-8,2	0	-10,6	0	83,0	0	17,0	0	280,0	0	984,173	5.k=1.moyenne	581,7	ERA5
1060866	07/01/2025	18	07/01/2025	13	HNE	-7,9	0	-10,8	0	80,0	0	19,0	0	280,0	0	984,05	5.k=1.moyenne	524,8	ERA5
1060867	07/01/2025	19	07/01/2025	14	HNE	-7,4	0	-10,7	0	77,0	0	22,0	0	280,0	0	984,231	5.k=1.moyenne	593,4	ERA5
1060868	07/01/2025	20	07/01/2025	15	HNE	-7,2	0	-10,1	0	80,0	0	15,0	0	270,0	0	984,775	5.k=1.moyenne	372,3	ERA5
1060869	07/01/2025	21	07/01/2025	16	HNE	-7,5	0	-10,2	0	81,0	0	24,0	0	280,0	0	985,282	5.k=1.moyenne	170,0	ERA5
1060870	07/01/2025	22	07/01/2025	17	HNE	-7,5	0	-10,2	0	81,0	0	14,0	0	280,0	0	985,832	5.k=1.moyenne	10,9	ERA5
1060871	07/01/2025	23	07/01/2025	18	HNE	-7,7	0	-10,4	0	81,0	0	14,0	0	290,0	0	986,225	5.k=1.moyenne	0,0	ERA5
1060872	08/01/2025	00	07/01/2025	19	HNE	-8,0	0	-10,5	0	82,0	0	14,0	0	280,0	0	986,379	5.k=1.moyenne	0,0	ERA5
1060873	08/01/2025	01	07/01/2025	20	HNE	-8,2	0	-11,7	0	76,0	0	14,0	0	290,0	0	986,501	5.k=1.moyenne	0,0	ERA5
1060874	08/01/2025	02	07/01/2025	21	HNE	-8,7	0	-11,2	0	82,0	0	13,0	0	280,0	0	986,418	5.k=1.moyenne	0,0	ERA5
1060875	08/01/2025	03	07/01/2025	22	HNE	-9,1	0	-11,5	0	82,0	0	13,0	0	290,0	0	986,338	5.k=1.moyenne	0,0	ERA5
1060876	08/01/2025	04	07/01/2025	23	HNE	-9,9	0	-13,0	0	78,0	0	14,0	0	290,0	0	986,258	5.k=1.moyenne	0,0	ERA5
1060877	08/01/2025	05	08/01/2025	00	HNE	-10,2	0	-12,8	0	82,0	0	18,0	0	290,0	0	986,079	5.k=1.moyenne	0,0	ERA5
1060878	08/01/2025	06	08/01/2025	01	HNE	-11,2	0	-14,1	0	79,0	0	14,0	0	290,0	0	986,079	5.k=1.moyenne	0,0	ERA5
1060879	08/01/2025	07	08/01/2025	02	HNE	-11,8	0	-14,6	0	80,0	0	20,0	0	280,0	0	986,142	5.k=1.moyenne	0,0	ERA5
1060880	08/01/2025	08	08/01/2025	03	HNE	-12,6	0	-15,5	0	79,0	0	13,0	0	290,0	0	986,188	5.k=1.moyenne	0,0	ERA5
1060881	08/01/2025	09	08/01/2025	04	HNE	-12,7	0	-16,2	0	75,0	0	16,0	0	290,0	0	985,931	5.k=1.moyenne	0,0	ERA5
1060882	08/01/2025	10	08/01/2025	05	HNE	-13,3	0	-16,7	0	76,0	0	23,0	0	280,0	0	985,738	5.k=1.moyenne	0,0	ERA5
1060883	08/01/2025	11	08/01/2025	06	HNE	-13,5	0	-17,5	0	72,0	0	21,0	0	280,0	0	985,69	5.k=1.moyenne	0,0	ERA5
1060884	08/01/2025	12	08/01/2025	07	HNE	-13,9	0	-17,6	0	74,0	0	17,0	0	290,0	0	985,583	5.k=1.moyenne	0,0	ERA5
1060885	08/01/2025	13	08/01/2025	08	HNE	-14,1	0	-18,4	0	70,0	0	23,0	0	280,0	0	985,305	5.k=1.moyenne	17,9	ERA5
1060886	08/01/2025	14	08/01/2025	09	HNE	-14,2	0	-17,4	0	77,0	0	16,0	0	280,0	0	984,927	5.k=1.moyenne	261,4	ERA5
1060887	08/01/2025	15	08/01/2025	10	HNE	-14,1	0	-16,8	0	80,0	0	17,0	0	270,0	0	984,764	5.k=1.moyenne	468,3	ERA5
1060888	08/01/2025	16	08/01/2025	11	HNE	-14,1	0	-16,6	0	81,0	0	19,0	0	280,0	0	984,053	5.k=1.moyenne	686,6	ERA5
1060889	08/01/2025	17	08/01/2025	12	HNE	-14,0	0	-16,8	0	79,0	0	21,0	0	270,0	0	983,139	5.k=1.moyenne	825,9	ERA5
1060890	08/01/2025	18	08/01/2025	13	HNE	-13,8	0	-16,6	0	79,0	0	19,0	0	270,0	0	982,511	5.k=1.moyenne	762,1	ERA5
1060891	08/01/2025	19	08/01/2025	14	HNE	-13,4	0	-16,6	0	77,0	0	20,0	0	280,0	0	982,11	5.k=1.moyenne	614,6	ERA5
1060892	08/01/2025	20	08/01/2025	15	HNE	-13,2	0	-16,5	0	76,0	0	22,0	0	270,0	0	981,995	5.k=1.moyenne	480,9	ERA5
1060893	08/01/2025	21	08/01/2025	16	HNE	-12,9	0	-15,7	0	79,0	0	17,0	0	270,0	0	981,847	5.k=1.moyenne	215,5	ERA5
1060894	08/01/2025	22	08/01/2025	17	HNE	-12,7	0	-15,1	0	82,0	0	19,0	0	270,0	0	981,796	5.k=1.moyenne	14,0	ERA5
1060895	08/01/2025	23	08/01/2025	18	HNE	-12,3	0	-14,7	0	82,0	0	18,0	0	270,0	0	981,726	5.k=1.moyenne	0,0	ERA5
1060896	09/01/2025	00	08/01/2025	19	HNE	-11,9	0	-14,5	0	81,0	0	15,0	0	270,0	0	981,678	5.k=1.moyenne	0,0	ERA5
1060897	09/01/2025	01	08/01/2025	20	HNE	-11,6	0	-13,7	0	84,0	0	12,0	0	280,0	0	981,6	5.k=1.moyenne	0,0	ERA5
1060898	09/01/2025	02	08/01/2025	21	HNE	-11,4	0	-13,8	0	83,0	0	14,0	0	270,0	0	981,347	5.k=1.moyenne	0,0	ERA5
1060899	09/01/2025	03	08/01/2025	22	HNE	-11,5	0	-14,1	0	81,0	0	18,0	0	270,0	0	981,075	5.k=1.moyenne	0,0	ERA5
1060900	09/01/2025	04	08/01/2025	23	HNE	-11,5	0	-14,3	0	80,0	0	17,0	0	280,0	0	980,967	5.k=1.moyenne	0,0	ERA5
1060901	09/01/2025	05	09/01/2025	00	HNE	-11,5	0	-14,5	0	79,0	0	20,0	0	270,0	0	980,879	5.k=1.moyenne	0,0	ERA5
1060902	09/01/2025	06	09/01/2025	01	HNE	-11,6	0	-14,7	0	78,0	0	19,0	0	270,0	0	980,879	5.k=1.moyenne	0,0	ERA5
1060903	09/01/2025	07	09/01/2025	02	HNE	-12,0	0	-14,7	0	80,0	0	20,0	0	270,0	0	981,0	5.k=1.moyenne	0,0	ERA5
1060904	09/01/2025	08	09/01/2025	03	HNE	-12,0	0	-14,6	0	81,0	0	22,0	0	280,0	0	981,08	5.k=1.moyenne	0,0	ERA5
1060905	09/01/2025	09	09/01/2025	04	HNE	-12,1	0	-14,6	0	82,0	0	22,0	0	270,0	0	981,241	5.k=1.moyenne	0,0	ERA5
1060906	09/01/2025	10	09/01/2025	05	HNE	-12,2	0	-14,6	0	83,0	0	21,0	0	270,0	0	981,526	5.k=1.moyenne	0,0	ERA5
1060907	09/01/2025	11	09/01/2025	06	HNE	-12,1	0	-14,7	0	81,0	0	15,0	0	270,0	0	982,055	5.k=1.moyenne	0,0	ERA5
1060908	09/01/2025	12	09/01/2025	07	HNE	-12,0	0	-15,2	0	77,0	0	22,0	0	280,0	0	982,373	5.k=1.moyenne	0,0	ERA5
1060909	09/01/2025	13	09/01/2025	08	HNE	-11,9	0	-15,3	0	76,0	0	24,0	0	270,0	0	982,852	5.k=1.moyenne	10,4	ERA5
1060910	09/01/2025	14	09/01/2025	09	HNE	-11,7	0	-14,9	0	77,0	0	18,0	0	280,0	0	983,371	5.k=1.moyenne	147,1	ERA5
1060911	09/01/2025	15	09/01/2025	10	HNE	-11,5	0	-14,7	0	77,0	0	22,0	0	280,0	0	983,79	5.k=1.moyenne	376,2	ERA5
1060912	09/01/2025	16	09/01/2025	11	HNE	-11,2	0	-14,1	0	79,0	0	19,0	0	280,0	0	983,829	5.k=1.moyenne	577,0	ERA5
1060913	09/01/2025	17	09/01/2025	12	HNE	-10,8	0	-13,6	0	80,0	0	24,0	0	270,0	0	983,768	5.k=1.moyenne	871,6	ERA5
1060914	09/01/2025	18	09/01/2025	13	HNE	-10,2	0	-13,1	0	79,0	0	23,0	0	260,0	0	984,048	5.k=1.moyenne	895,8	ERA5
1060915	09/01/2025	19	09/01/2025	14	HNE	-9,4	0	-12,0	0	82,0	0	20,0	0	270,0	0	984,507	5.k=1.moyenne	506,2	ERA5
1060916	09/01/2025	20	09/01/2025	15	HNE	-8,9	0	-11,8	0	80,0	0	16,0	0	260,0	0	985,186	5.k=1.moyenne	441,4	ERA5
1060917	09/01/2025	21	09/01/2025	16	HNE	-8,6	0	-11,7	0	78,0	0	14,0	0	260,0	0	985,966	5.k=1.moyenne	187,4	ERA5
1060918	09/01/2025	22	09/01/2025	17	HNE	-8,1	0	-11,6	0	76,0	0	15,0	0	270,0	0	986,585	5.k=1.moyenne	16,0	ERA5
1060919	09/01/2025	23	09/01/2025	18	HNE	-6,6	0	-11,0	0	71,0	0	13,0	0	280,0	0	987,145	5.k=1.moyenne	0,0	ERA5
1060920	10/01/2025	00	09/01/2025	19	HNE	-6,4	0	-11,1	0	69,0	0	14,0	0	290,0	0	987,745	5.k=1.moyenne	0,0	ERA5
1060921	10/01/2025	01	09/01/2025	20	HNE	-6,7	0	-11,2	0	70,0	0	17,0	0	290,0	0	988,244	5.k=1.moyenne	0,0	ERA5
1060922	10/01/2025	02	09/01/2025	21	HNE	-7,0	0	-11,2	0	72,0	0	14,0	0	280,0	0	988,444	5.k=1.moyenne	0,0	ERA5
1060923	10/01/2025	03	09/01/2025	22	HNE	-7,5	0	-11,6	0	72,0	0	12,0	0	280,0	0	988,644	5.k=1.moyenne	0,0	ERA5
1060924	10/01/2025	04	09/01/2025	23	HNE	-8,2	0	-11,9	0	74,0	0	11,0	0	270,0	0	988,963	5.k=1.moyenne	0,0	ERA5
1060925	10/01/2025	05	10/01/2025	00	HNE	-8,3	0	-12,2	0	74,0	0	18,0	0	270,0	0	989,243	5.k=1.moyenne	0,0	ERA5
1060926	10/01/2025	06	10/01/2025	01	HNE	-8,8	0	-12,3	0	75,0	0	15,0	0	280,0	0	989,243	5.k=1.moyenne	0,0	ERA5
1060927	10/01/2025	07	10/01/2025	02	HNE	-8,7	0	-12,2	0	76,0	0	11,0	0	260,0	0	989,702	5.k=1.moyenne	0,0	ERA5
1060928	10/01/2025	08	10/01/2025	03	HNE	-8,9	0	-12,3	0	76,0	0	12,0	0	270,0	0	990,118	5.k=1.moyenne	0,0	ERA5
1060929	10/01/2025	09	10/01/2025	04	HNE	-9,1	0	-12,2	0	78,0	0	9,0	0	270,0	0	990,287	5.k=1.moyenne	0,0	ERA5
1060930	10/01/2025	10	10/01/2025	05	HNE	-9,4	0	-12,6	0	78,0	0	12,0	0	270,0	0	990,739	5.k=1.moyenne	0,0	ERA5
1060931	10/01/2025	11	10/01/2025	06	HNE	-10,1	0	-12,8	0	81,0	0	10,0	0	260,0	0	991,21	5.k=1.moyenne	0,0	ERA5
1060932	10/01/2025	12	10/01/2025	07	HNE	-10,3	0	-13,6	0	77,0	0	17,0	0	270,0	0	991,701	5.k=1.moyenne	0,0	ERA5
1060933	10/01/2025	13	10/01/2025	08	HNE	-10,4	0	-14,2	0	74,0	0	15,0	0	270,0	0	992,019	5.k=1.moyenne	22,5	ERA5
1060934	10/01/2025	14	10/01/2025	09	HNE	-10,5	0	-15,2	0	68,0	0	16,0	0	270,0	0	992,416	5.k=1.moyenne	336,6	ERA5
1060935	10/01/2025	15	10/01/2025	10	HNE	-10,2	0	-15,0	0	68,0	0	13,0	0	270,0	0	992,651	5.k=1.moyenne	716,1	ERA5
1060936	10/01/2025	16	10/01/2025	11	HNE	-9,7	0	-14,9	0	65,0	0	13,0	0	260,0	0	992,165	5.k=1.moyenne	970,0	ERA5
1060937	10/01/2025	17	10/01/2025	12	HNE	-9,1	0	-14,8	0	63,0	0	18,0	0	270,0	0	991,718	5.k=1.moyenne	1210,8	ERA5
1060938	10/01/2025	18	10/01/2025	13	HNE	-8,1	0	-13,9	0	63,0	0	11,0	0	270,0	0	991,37	5.k=1.moyenne	1210,1	ERA5
1060939	10/01/2025	19	10/01/2025	14	HNE	-7,3	0	-13,1	0	63,0	0	10,0	0	260,0	0	991,261	5.k=1.moyenne	1124,5	ERA5
1060940	10/01/2025	20	10/01/2025	15	HNE	-6,8	0	-12,9	0	62,0	0	9,0	0	260,0	0	991,151	5.k=1.moyenne	751,7	ERA5
1060941	10/01/2025	21	10/01/2025	16	HNE	-7,1	0	-13,1	0	62,0	0	8,0	0	260,0	0	991,15	5.k=1.moyenne	329,3	ERA5
1060942	10/01/2025	22	10/01/2025	17	HNE	-8,2	0	-13,6	0	65,0	0	6,0	0	230,0	0	991,235	5.k=1.moyenne	28,9	ERA5
1060943	10/01/2025	23	10/01/2025	18	HNE	-9,0	0	-14,4	0	65,0	0	6,0	0	240,0	0	991,059	5.k=1.moyenne	0,0	ERA5
1060944	11/01/2025	00	10/01/2025	19	HNE	-8,8	0	-14,3	0	65,0	0	9,0	0	250,0	0	990,882	5.k=1.moyenne	0,0	ERA5
1060945	11/01/2025	01	10/01/2025	20	HNE	-7,8	0	-14,3	0	60,0	0	7,0	0	240,0	0	990,541	5.k=1.moyenne	0,0	ERA5
1060946	11/01/2025	02	10/01/2025	21	HNE	-8,1	0	-14,3	0	61,0	0	7,0	0	220,0	0	990,017	5.k=1.moyenne	0,0	ERA5
1060947	11/01/2025	03	10/01/2025	22	HNE	-7,0	0	-14,2	0	56,0	0	8,0	0	250,0	0	989,512	5.k=1.moyenne	0,0	ERA5
1060948	11/01/2025	04	10/01/2025	23	HNE	-7,1	0	-13,4	0	61,0	0	6,0	0	190,0	0	989,272	5.k=1.moyenne	0,0	ERA5
1060949	11/01/2025	05	11/01/2025	00	HNE	-7,7	0	-11,9	0	72,0	0	5,0	0	140,0	0	988,787	5.k=1.moyenne	0,0	ERA5
1060950	11/01/2025	06	11/01/2025	01	HNE	-8,0	0	-11,6	0	75,0	0	8,0	0	170,0	0	988,787	5.k=1.moyenne	0,0	ERA5
1060951	11/01/2025	07	11/01/2025	02	HNE	-7,7	0	-10,5	0	80,0	0	4,0	0	190,0	0	988,585	5.k=1.moyenne	0,0	ERA5
1060952	11/01/2025	08	11/01/2025	03	HNE	-7,6	0	-10,3	0	81,0	0	4,0	0	220,0	0	988,142	5.k=1.moyenne	0,0	ERA5
1060953	11/01/2025	09	11/01/2025	04	HNE	-7,0	0	-11,7	0	69,0	0	3,0	0	210,0	0	987,538	5.k=1.moyenne	0,0	ERA5
1060954	11/01/2025	10	11/01/2025	05	HNE	-7,2	0	-10,8	0	75,0	0	4,0	0	270,0	0	987,06	5.k=1.moyenne	0,0	ERA5
1060955	11/01/2025	11	11/01/2025	06	HNE	-7,5	0	-9,6	0	85,0	0	3,0	0	300,0	0	986,808	5.k=1.moyenne	0,0	ERA5
1060956	11/01/2025	12	11/01/2025	07	HNE	-7,8	0	-9,8	0	85,0	0	2,0	0	290,0	0	986,579	5.k=1.moyenne	0,0	ERA5
1060957	11/01/2025	13	11/01/2025	08	HNE	-7,9	0	-9,5	0	88,0	0	2,0	0	340,0	0	986,495	5.k=1.moyenne	14,1	ERA5
1060958	11/01/2025	14	11/01/2025	09	HNE	-7,9	0	-9,8	0	87,0	0	4,0	0	40,0	0	986,556	5.k=1.moyenne	161,3	ERA5
1060959	11/01/2025	15	11/01/2025	10	HNE	-8,1	0	-10,0	0	86,0	0	4,0	0	20,0	0	986,313	5.k=1.moyenne	440,1	ERA5
1060960	11/01/2025	16	11/01/2025	11	HNE	-7,7	0	-10,2	0	82,0	0	6,0	0	320,0	0	985,764	5.k=1.moyenne	582,0	ERA5
1060961	11/01/2025	17	11/01/2025	12	HNE	-7,7	0	-10,1	0	82,0	0	3,0	0	40,0	0	985,238	5.k=1.moyenne	718,6	ERA5
1060962	11/01/2025	18	11/01/2025	13	HNE	-7,1	0	-9,9	0	81,0	0	2,0	0	350,0	0	984,958	5.k=1.moyenne	613,1	ERA5
1060963	11/01/2025	19	11/01/2025	14	HNE	-6,8	0	-9,6	0	80,0	0	1,0	0	350,0	0	985,149	5.k=1.moyenne	515,7	ERA5
1060964	11/01/2025	20	11/01/2025	15	HNE	-6,4	0	-9,1	0	82,0	0	2,0	0	320,0	0	985,402	5.k=1.moyenne	395,9	ERA5
1060965	11/01/2025	21	11/01/2025	16	HNE	-6,3	0	-8,3	0	86,0	0	4,0	0	310,0	0	985,941	5.k=1.moyenne	173,3	ERA5
1060966	11/01/2025	22	11/01/2025	17	HNE	-6,5	0	-8,1	0	89,0	0	1,0	0	290,0	0	986,441	5.k=1.moyenne	17,3	ERA5
1060967	11/01/2025	23	11/01/2025	18	HNE	-7,0	0	-8,2	0	91,0	0	1,0	0	250,0	0	986,921	5.k=1.moyenne	0,0	ERA5
1060968	12/01/2025	00	11/01/2025	19	HNE	-7,2	0	-8,3	0	92,0	0	1,0	0	160,0	0	987,586	5.k=1.moyenne	0,0	ERA5
1060969	12/01/2025	01	11/01/2025	20	HNE	-6,1	0	-7,5	0	90,0	0	5,0	0	250,0	0	987,986	5.k=1.moyenne	0,0	ERA5
1060970	12/01/2025	02	11/01/2025	21	HNE	-5,6	0	-7,5	0	86,0	0	3,0	0	270,0	0	988,407	5.k=1.moyenne	0,0	ERA5
1060971	12/01/2025	03	11/01/2025	22	HNE	-5,5	0	-7,6	0	85,0	0	7,0	0	290,0	0	988,707	5.k=1.moyenne	0,0	ERA5
1060972	12/01/2025	04	11/01/2025	23	HNE	-5,6	0	-7,7	0	85,0	0	6,0	0	260,0	0	989,068	5.k=1.moyenne	0,0	ERA5
1060973	12/01/2025	05	12/01/2025	00	HNE	-5,4	0	-7,9	0	83,0	0	6,0	0	270,0	0	989,266	5.k=1.moyenne	0,0	ERA5
1060974	12/01/2025	06	12/01/2025	01	HNE	-5,5	0	-8,6	0	79,0	0	6,0	0	290,0	0	989,266	5.k=1.moyenne	0,0	ERA5
1060975	12/01/2025	07	12/01/2025	02	HNE	-5,5	0	-8,5	0	80,0	0	7,0	0	280,0	0	990,072	5.k=1.moyenne	0,0	ERA5
1060976	12/01/2025	08	12/01/2025	03	HNE	-5,6	0	-8,9	0	78,0	0	5,0	0	290,0	0	990,508	5.k=1.moyenne	0,0	ERA5
1060977	12/01/2025	09	12/01/2025	04	HNE	-7,7	0	-10,9	0	78,0	0	9,0	0	260,0	0	991,003	5.k=1.moyenne	0,0	ERA5
1060978	12/01/2025	10	12/01/2025	05	HNE	-9,6	0	-12,0	0	83,0	0	7,0	0	260,0	0	991,598	5.k=1.moyenne	0,0	ERA5
1060979	12/01/2025	11	12/01/2025	06	HNE	-10,4	0	-12,6	0	84,0	0	5,0	0	280,0	0	992,293	5.k=1.moyenne	0,0	ERA5
1060980	12/01/2025	12	12/01/2025	07	HNE	-10,3	0	-12,5	0	84,0	0	7,0	0	280,0	0	992,844	5.k=1.moyenne	0,0	ERA5
1060981	12/01/2025	13	12/01/2025	08	HNE	-10,6	0	-13,0	0	83,0	0	5,0	0	250,0	0	993,433	5.k=1.moyenne	25,5	ERA5
1060982	12/01/2025	14	12/01/2025	09	HNE	-9,0	0	-12,7	0	74,0	0	5,0	0	270,0	0	994,205	5.k=1.moyenne	381,7	ERA5
1060983	12/01/2025	15	12/01/2025	10	HNE	-8,2	0	-12,5	0	71,0	0	6,0	0	260,0	0	994,771	5.k=1.moyenne	863,7	ERA5
1060984	12/01/2025	16	12/01/2025	11	HNE	-7,3	0	-11,9	0	69,0	0	11,0	0	270,0	0	994,765	5.k=1.moyenne	1247,6	ERA5
1060985	12/01/2025	17	12/01/2025	12	HNE	-6,6	0	-11,7	0	67,0	0	9,0	0	270,0	0	994,635	5.k=1.moyenne	1463,2	ERA5
1060986	12/01/2025	18	12/01/2025	13	HNE	-5,9	0	-11,3	0	66,0	0	13,0	0	270,0	0	994,728	5.k=1.moyenne	1466,6	ERA5
1060987	12/01/2025	19	12/01/2025	14	HNE	-5,4	0	-10,8	0	66,0	0	4,0	0	280,0	0	994,963	5.k=1.moyenne	1237,5	ERA5
1060988	12/01/2025	20	12/01/2025	15	HNE	-4,7	0	-10,4	0	64,0	0	5,0	0	270,0	0	995,259	5.k=1.moyenne	872,8	ERA5
1060989	12/01/2025	21	12/01/2025	16	HNE	-5,0	0	-10,0	0	68,0	0	4,0	0	270,0	0	995,717	5.k=1.moyenne	413,8	ERA5
1060990	12/01/2025	22	12/01/2025	17	HNE	-7,3	0	-11,3	0	73,0	0	2,0	0	260,0	0	996,072	5.k=1.moyenne	33,9	ERA5
1060991	12/01/2025	23	12/01/2025	18	HNE	-9,5	0	-11,7	0	84,0	0	3,0	0	150,0	0	996,284	5.k=1.moyenne	0,0	ERA5
1060992	13/01/2025	00	12/01/2025	19	HNE	-8,0	0	-10,4	0	82,0	0	6,0	0	150,0	0	996,454	5.k=1.moyenne	0,0	ERA5
1060993	13/01/2025	01	12/01/2025	20	HNE	-7,8	0	-9,9	0	85,0	0	3,0	0	170,0	0	996,46	5.k=1.moyenne	0,0	ERA5
1060994	13/01/2025	02	12/01/2025	21	HNE	-6,9	0	-9,2	0	84,0	0	4,0	0	190,0	0	996,323	5.k=1.moyenne	0,0	ERA5
1060995	13/01/2025	03	12/01/2025	22	HNE	-6,9	0	-9,2	0	84,0	0	3,0	0	210,0	0	996,227	5.k=1.moyenne	0,0	ERA5
1060996	13/01/2025	04	12/01/2025	23	HNE	-6,4	0	-9,3	0	80,0	0	3,0	0	170,0	0	996,191	5.k=1.moyenne	0,0	ERA5
1060997	13/01/2025	05	13/01/2025	00	HNE	-6,6	0	-9,3	0	81,0	0	1,0	0	50,0	0	995,746	5.k=1.moyenne	0,0	ERA5
1060998	13/01/2025	06	13/01/2025	01	HNE	-6,5	0	-8,5	0	86,0	0	0,0	0	0,0	0	995,746	5.k=1.moyenne	0,0	ERA5
1060999	13/01/2025	07	13/01/2025	02	HNE	-6,3	0	-7,9	0	88,0	0	2,0	0	80,0	0	995,701	5.k=1.moyenne	0,0	ERA5
1061000	13/01/2025	08	13/01/2025	03	HNE	-6,4	0	-8,0	0	88,0	0	2,0	0	100,0	0	995,585	5.k=1.moyenne	0,0	ERA5
1061001	13/01/2025	09	13/01/2025	04	HNE	-6,5	0	-8,0	0	89,0	0	1,0	0	90,0	0	995,183	5.k=1.moyenne	0,0	ERA5
1061002	13/01/2025	10	13/01/2025	05	HNE	-6,5	0	-7,7	0	91,0	0	3,0	0	100,0	0	994,833	5.k=1.moyenne	0,0	ERA5
1061003	13/01/2025	11	13/01/2025	06	HNE	-6,1	0	-7,0	0	93,0	0	5,0	0	100,0	0	994,626	5.k=1.moyenne	0,0	ERA5
1061004	13/01/2025	12	13/01/2025	07	HNE	-5,5	0	-6,6	0	92,0	0	5,0	0	80,0	0	994,331	5.k=1.moyenne	0,0	ERA5
1061005	13/01/2025	13	13/01/2025	08	HNE	-5,1	0	-6,3	0	92,0	0	3,0	0	100,0	0	994,168	5.k=1.moyenne	12,1	ERA5
1061006	13/01/2025	14	13/01/2025	09	HNE	-4,5	0	-5,8	0	91,0	0	5,0	0	90,0	0	994,106	5.k=1.moyenne	184,5	ERA5
1061007	13/01/2025	15	13/01/2025	10	HNE	-3,6	0	-5,6	0	86,0	0	5,0	0	110,0	0	993,864	5.k=1.moyenne	346,6	ERA5
1061008	13/01/2025	16	13/01/2025	11	HNE	-2,7	0	-5,1	0	83,0	0	7,0	0	150,0	0	993,082	5.k=1.moyenne	617,3	ERA5
1061009	13/01/2025	17	13/01/2025	12	HNE	-2,0	0	-3,9	0	87,0	0	7,0	0	160,0	0	992,16	5.k=1.moyenne	952,3	ERA5
1061010	13/01/2025	18	13/01/2025	13	HNE	-1,2	0	-3,0	0	87,0	0	10,0	0	170,0	0	991,458	5.k=1.moyenne	807,5	ERA5
1061011	13/01/2025	19	13/01/2025	14	HNE	-1,1	0	-2,6	0	90,0	0	10,0	0	180,0	0	991,057	5.k=1.moyenne	727,2	ERA5
1061012	13/01/2025	20	13/01/2025	15	HNE	-1,4	0	-2,0	0	96,0	0	8,0	0	170,0	0	990,855	5.k=1.moyenne	460,2	ERA5
1061013	13/01/2025	21	13/01/2025	16	HNE	-1,4	0	-2,0	0	95,0	0	15,0	0	170,0	0	990,654	5.k=1.moyenne	169,3	ERA5
1061014	13/01/2025	22	13/01/2025	17	HNE	-1,5	0	-2,1	0	96,0	0	12,0	0	160,0	0	990,593	5.k=1.moyenne	19,8	ERA5
1061015	13/01/2025	23	13/01/2025	18	HNE	-1,5	0	-2,5	0	93,0	0	14,0	0	200,0	0	990,492	5.k=1.moyenne	0,0	ERA5
1061016	14/01/2025	00	13/01/2025	19	HNE	-0,9	0	-1,6	0	95,0	0	20,0	0	220,0	0	990,431	5.k=1.moyenne	0,0	ERA5
1061017	14/01/2025	01	13/01/2025	20	HNE	-1,2	0	-1,5	0	97,0	0	17,0	0	230,0	0	990,316	5.k=1.moyenne	0,0	ERA5
1061018	14/01/2025	02	13/01/2025	21	HNE	-1,2	0	-2,2	0	93,0	0	18,0	0	250,0	0	989,948	5.k=1.moyenne	0,0	ERA5
1061019	14/01/2025	03	13/01/2025	22	HNE	-1,4	0	-2,6	0	91,0	0	16,0	0	250,0	0	989,743	5.k=1.moyenne	0,0	ERA5
1061020	14/01/2025	04	13/01/2025	23	HNE	-1,6	0	-3,2	0	89,0	0	19,0	0	250,0	0	989,334	5.k=1.moyenne	0,0	ERA5
1061021	14/01/2025	05	14/01/2025	00	HNE	-1,6	0	-4,3	0	82,0	0	17,0	0	260,0	0	989,15	5.k=1.moyenne	0,0	ERA5
1061022	14/01/2025	06	14/01/2025	01	HNE	-2,0	0	-5,4	0	78,0	0	22,0	0	260,0	0	989,15	5.k=1.moyenne	0,0	ERA5
1061023	14/01/2025	07	14/01/2025	02	HNE	-2,7	0	-5,6	0	80,0	0	24,0	0	250,0	0	989,148	5.k=1.moyenne	0,0	ERA5
1061024	14/01/2025	08	14/01/2025	03	HNE	-3,6	0	-6,1	0	83,0	0	23,0	0	250,0	0	989,229	5.k=1.moyenne	0,0	ERA5
1061025	14/01/2025	09	14/01/2025	04	HNE	-4,2	0	-6,6	0	83,0	0	17,0	0	240,0	0	989,026	5.k=1.moyenne	0,0	ERA5
1061026	14/01/2025	10	14/01/2025	05	HNE	-4,3	0	-7,3	0	80,0	0	19,0	0	240,0	0	989,05	5.k=1.moyenne	0,0	ERA5
1061027	14/01/2025	11	14/01/2025	06	HNE	-4,5	0	-7,6	0	79,0	0	17,0	0	240,0	0	989,278	5.k=1.moyenne	0,0	ERA5
1061028	14/01/2025	12	14/01/2025	07	HNE	-4,5	0	-7,9	0	77,0	0	20,0	0	250,0	0	989,282	5.k=1.moyenne	0,0	ERA5
1061029	14/01/2025	13	14/01/2025	08	HNE	-4,8	0	-8,1	0	77,0	0	15,0	0	250,0	0	989,628	5.k=1.moyenne	20,1	ERA5
1061030	14/01/2025	14	14/01/2025	09	HNE	-4,9	0	-8,9	0	74,0	0	22,0	0	250,0	0	989,956	5.k=1.moyenne	282,3	ERA5
1061031	14/01/2025	15	14/01/2025	10	HNE	-5,0	0	-9,6	0	70,0	0	19,0	0	250,0	0	990,105	5.k=1.moyenne	619,0	ERA5
1061032	14/01/2025	16	14/01/2025	11	HNE	-4,7	0	-9,9	0	67,0	0	23,0	0	250,0	0	989,914	5.k=1.moyenne	928,1	ERA5
1061033	14/01/2025	17	14/01/2025	12	HNE	-4,3	0	-9,3	0	68,0	0	23,0	0	260,0	0	989,585	5.k=1.moyenne	1143,7	ERA5
1061034	14/01/2025	18	14/01/2025	13	HNE	-4,2	0	-8,9	0	70,0	0	12,0	0	260,0	0	989,296	5.k=1.moyenne	941,4	ERA5
1061035	14/01/2025	19	14/01/2025	14	HNE	-4,8	0	-8,5	0	75,0	0	16,0	0	250,0	0	989,288	5.k=1.moyenne	956,7	ERA5
1061036	14/01/2025	20	14/01/2025	15	HNE	-5,1	0	-8,0	0	80,0	0	17,0	0	260,0	0	989,601	5.k=1.moyenne	621,2	ERA5
1061037	14/01/2025	21	14/01/2025	16	HNE	-5,4	0	-7,7	0	84,0	0	12,0	0	260,0	0	989,874	5.k=1.moyenne	255,2	ERA5
1061038	14/01/2025	22	14/01/2025	17	HNE	-5,3	0	-7,6	0	84,0	0	20,0	0	250,0	0	990,208	5.k=1.moyenne	26,0	ERA5
1061039	14/01/2025	23	14/01/2025	18	HNE	-5,4	0	-7,6	0	84,0	0	16,0	0	260,0	0	990,682	5.k=1.moyenne	0,0	ERA5
1061040	15/01/2025	00	14/01/2025	19	HNE	-5,6	0	-7,6	0	85,0	0	15,0	0	260,0	0	991,117	5.k=1.moyenne	0,0	ERA5
1061041	15/01/2025	01	14/01/2025	20	HNE	-5,4	0	-7,6	0	85,0	0	16,0	0	270,0	0	991,542	5.k=1.moyenne	0,0	ERA5
1061042	15/01/2025	02	14/01/2025	21	HNE	-5,4	0	-7,3	0	87,0	0	17,0	0	270,0	0	991,844	5.k=1.moyenne	0,0	ERA5
1061043	15/01/2025	03	14/01/2025	22	HNE	-5,9	0	-7,6	0	87,0	0	11,0	0	280,0	0	992,187	5.k=1.moyenne	0,0	ERA5
1061044	15/01/2025	04	14/01/2025	23	HNE	-6,0	0	-8,1	0	85,0	0	8,0	0	290,0	0	992,448	5.k=1.moyenne	0,0	ERA5
1061045	15/01/2025	05	15/01/2025	00	HNE	-6,2	0	-9,6	0	77,0	0	8,0	0	300,0	0	992,812	5.k=1.moyenne	0,0	ERA5
1061046	15/01/2025	06	15/01/2025	01	HNE	-7,1	0	-8,8	0	88,0	0	9,0	0	300,0	0	992,812	5.k=1.moyenne	0,0	ERA5
1061047	15/01/2025	07	15/01/2025	02	HNE	-7,6	0	-12,5	0	68,0	0	10,0	0	330,0	0	993,411	5.k=1.moyenne	0,0	ERA5
1061048	15/01/2025	08	15/01/2025	03	HNE	-8,5	0	-13,2	0	69,0	0	6,0	0	320,0	0	993,742	5.k=1.moyenne	0,0	ERA5
1061049	15/01/2025	09	15/01/2025	04	HNE	-8,8	0	-12,7	0	73,0	0	9,0	0	290,0	0	994,092	5.k=1.moyenne	0,0	ERA5
1061050	15/01/2025	10	15/01/2025	05	HNE	-9,0	0	-12,4	0	76,0	0	8,0	0	290,0	0	994,542	5.k=1.moyenne	0,0	ERA5
1061051	15/01/2025	11	15/01/2025	06	HNE	-9,1	0	-13,3	0	71,0	0	11,0	0	280,0	0	995,01	5.k=1.moyenne	0,0	ERA5
1061052	15/01/2025	12	15/01/2025	07	HNE	-9,2	0	-13,0	0	74,0	0	10,0	0	270,0	0	995,477	5.k=1.moyenne	0,0	ERA5
1061053	15/01/2025	13	15/01/2025	08	HNE	-9,2	0	-13,1	0	74,0	0	11,0	0	280,0	0	995,759	5.k=1.moyenne	29,1	ERA5
1061054	15/01/2025	14	15/01/2025	09	HNE	-9,3	0	-12,7	0	77,0	0	15,0	0	280,0	0	996,141	5.k=1.moyenne	350,9	ERA5
1061055	15/01/2025	15	15/01/2025	10	HNE	-9,1	0	-12,6	0	76,0	0	12,0	0	270,0	0	996,389	5.k=1.moyenne	692,0	ERA5
1061056	15/01/2025	16	15/01/2025	11	HNE	-8,6	0	-12,4	0	74,0	0	15,0	0	270,0	0	995,961	5.k=1.moyenne	1146,4	ERA5
1061057	15/01/2025	17	15/01/2025	12	HNE	-7,9	0	-12,0	0	72,0	0	12,0	0	260,0	0	995,393	5.k=1.moyenne	1295,5	ERA5
1061058	15/01/2025	18	15/01/2025	13	HNE	-7,6	0	-12,1	0	70,0	0	17,0	0	270,0	0	994,803	5.k=1.moyenne	1372,4	ERA5
1061059	15/01/2025	19	15/01/2025	14	HNE	-7,5	0	-12,2	0	69,0	0	16,0	0	260,0	0	994,713	5.k=1.moyenne	886,2	ERA5
1061060	15/01/2025	20	15/01/2025	15	HNE	-7,2	0	-12,8	0	64,0	0	14,0	0	270,0	0	995,062	5.k=1.moyenne	610,9	ERA5
1061061	15/01/2025	21	15/01/2025	16	HNE	-7,3	0	-12,6	0	66,0	0	13,0	0	270,0	0	995,35	5.k=1.moyenne	294,1	ERA5
1061062	15/01/2025	22	15/01/2025	17	HNE	-7,3	0	-12,0	0	69,0	0	10,0	0	260,0	0	995,658	5.k=1.moyenne	38,8	ERA5
1061063	15/01/2025	23	15/01/2025	18	HNE	-8,1	0	-12,6	0	70,0	0	10,0	0	260,0	0	995,565	5.k=1.moyenne	0,0	ERA5
1061064	16/01/2025	00	15/01/2025	19	HNE	-8,6	0	-12,7	0	72,0	0	9,0	0	270,0	0	995,471	5.k=1.moyenne	0,0	ERA5
1061065	16/01/2025	01	15/01/2025	20	HNE	-9,4	0	-13,3	0	73,0	0	7,0	0	270,0	0	995,317	5.k=1.moyenne	0,0	ERA5
1061066	16/01/2025	02	15/01/2025	21	HNE	-10,5	0	-13,8	0	77,0	0	5,0	0	270,0	0	995,002	5.k=1.moyenne	0,0	ERA5
1061067	16/01/2025	03	15/01/2025	22	HNE	-11,3	0	-14,3	0	79,0	0	5,0	0	270,0	0	994,767	5.k=1.moyenne	0,0	ERA5
1061068	16/01/2025	04	15/01/2025	23	HNE	-12,0	0	-14,5	0	81,0	0	4,0	0	260,0	0	994,611	5.k=1.moyenne	0,0	ERA5
1061069	16/01/2025	05	16/01/2025	00	HNE	-16,1	0	-18,0	0	85,0	0	4,0	0	190,0	0	993,995	5.k=1.moyenne	0,0	ERA5
1061070	16/01/2025	06	16/01/2025	01	HNE	-16,7	0	-18,2	0	88,0	0	5,0	0	170,0	0	993,995	5.k=1.moyenne	0,0	ERA5
1061071	16/01/2025	07	16/01/2025	02	HNE	-14,1	0	-15,7	0	88,0	0	4,0	0	150,0	0	993,934	5.k=1.moyenne	0,0	ERA5
1061072	16/01/2025	08	16/01/2025	03	HNE	-11,6	0	-13,6	0	85,0	0	6,0	0	130,0	0	993,712	5.k=1.moyenne	0,0	ERA5
1061073	16/01/2025	09	16/01/2025	04	HNE	-10,3	0	-13,0	0	81,0	0	6,0	0	160,0	0	993,205	5.k=1.moyenne	0,0	ERA5
1061074	16/01/2025	10	16/01/2025	05	HNE	-10,2	0	-12,8	0	81,0	0	10,0	0	150,0	0	992,863	5.k=1.moyenne	0,0	ERA5
1061075	16/01/2025	11	16/01/2025	06	HNE	-9,5	0	-11,8	0	83,0	0	6,0	0	130,0	0	992,584	5.k=1.moyenne	0,0	ERA5
1061076	16/01/2025	12	16/01/2025	07	HNE	-8,9	0	-11,2	0	83,0	0	10,0	0	160,0	0	992,262	5.k=1.moyenne	0,0	ERA5
1061077	16/01/2025	13	16/01/2025	08	HNE	-8,2	0	-10,6	0	83,0	0	10,0	0	160,0	0	991,991	5.k=1.moyenne	28,2	ERA5
1061078	16/01/2025	14	16/01/2025	09	HNE	-7,0	0	-9,7	0	81,0	0	12,0	0	160,0	0	991,86	5.k=1.moyenne	336,5	ERA5
1061079	16/01/2025	15	16/01/2025	10	HNE	-6,2	0	-9,0	0	81,0	0	16,0	0	170,0	0	991,59	5.k=1.moyenne	788,2	ERA5
1061080	16/01/2025	16	16/01/2025	11	HNE	-5,7	0	-8,0	0	84,0	0	19,0	0	180,0	0	990,821	5.k=1.moyenne	1105,1	ERA5
1061081	16/01/2025	17	16/01/2025	12	HNE	-5,0	0	-8,4	0	77,0	0	17,0	0	180,0	0	989,812	5.k=1.moyenne	1386,9	ERA5
1061082	16/01/2025	18	16/01/2025	13	HNE	-4,4	0	-9,0	0	70,0	0	19,0	0	180,0	0	989,124	5.k=1.moyenne	1265,1	ERA5
1061083	16/01/2025	19	16/01/2025	14	HNE	-4,4	0	-8,4	0	73,0	0	14,0	0	170,0	0	988,797	5.k=1.moyenne	929,5	ERA5
1061084	16/01/2025	20	16/01/2025	15	HNE	-4,2	0	-8,1	0	75,0	0	10,0	0	170,0	0	988,791	5.k=1.moyenne	692,3	ERA5
1061085	16/01/2025	21	16/01/2025	16	HNE	-4,0	0	-8,1	0	73,0	0	7,0	0	130,0	0	988,965	5.k=1.moyenne	348,4	ERA5
1061086	16/01/2025	22	16/01/2025	17	HNE	-4,8	0	-9,0	0	72,0	0	9,0	0	130,0	0	989,1	5.k=1.moyenne	41,9	ERA5
1061087	16/01/2025	23	16/01/2025	18	HNE	-4,9	0	-9,3	0	71,0	0	2,0	0	70,0	0	989,335	5.k=1.moyenne	0,0	ERA5
1061088	17/01/2025	00	16/01/2025	19	HNE	-5,0	0	-9,7	0	70,0	0	3,0	0	110,0	0	989,69	5.k=1.moyenne	0,0	ERA5
1061089	17/01/2025	01	16/01/2025	20	HNE	-4,9	0	-9,9	0	68,0	0	6,0	0	120,0	0	989,862	5.k=1.moyenne	0,0	ERA5
1061090	17/01/2025	02	16/01/2025	21	HNE	-5,3	0	-9,1	0	74,0	0	8,0	0	140,0	0	990,022	5.k=1.moyenne	0,0	ERA5
1061091	17/01/2025	03	16/01/2025	22	HNE	-5,5	0	-8,0	0	83,0	0	9,0	0	150,0	0	990,161	5.k=1.moyenne	0,0	ERA5
1061092	17/01/2025	04	16/01/2025	23	HNE	-7,5	0	-9,5	0	86,0	0	6,0	0	190,0	0	990,382	5.k=1.moyenne	0,0	ERA5
1061093	17/01/2025	05	17/01/2025	00	HNE	-9,3	0	-10,5	0	91,0	0	5,0	0	230,0	0	990,42	5.k=1.moyenne	0,0	ERA5
1061094	17/01/2025	06	17/01/2025	01	HNE	-8,6	0	-9,8	0	91,0	0	4,0	0	250,0	0	990,42	5.k=1.moyenne	0,0	ERA5
1061095	17/01/2025	07	17/01/2025	02	HNE	-9,7	0	-11,1	0	90,0	0	3,0	0	200,0	0	990,79	5.k=1.moyenne	0,0	ERA5
1061096	17/01/2025	08	17/01/2025	03	HNE	-8,7	0	-9,8	0	92,0	0	4,0	0	160,0	0	991,037	5.k=1.moyenne	0,0	ERA5
1061097	17/01/2025	09	17/01/2025	04	HNE	-8,9	0	-10,1	0	91,0	0	4,0	0	190,0	0	991,263	5.k=1.moyenne	0,0	ERA5
1061098	17/01/2025	10	17/01/2025	05	HNE	-7,5	0	-8,9	0	90,0	0	6,0	0	160,0	0	991,796	5.k=1.moyenne	0,0	ERA5
1061099	17/01/2025	11	17/01/2025	06	HNE	-6,7	0	-8,2	0	89,0	0	5,0	0	180,0	0	992,389	5.k=1.moyenne	0,0	ERA5
1061100	17/01/2025	12	17/01/2025	07	HNE	-6,3	0	-7,8	0	89,0	0	8,0	0	180,0	0	992,803	5.k=1.moyenne	0,0	ERA5
1061101	17/01/2025	13	17/01/2025	08	HNE	-6,1	0	-8,2	0	85,0	0	9,0	0	210,0	0	993,404	5.k=1.moyenne	25,3	ERA5
1061102	17/01/2025	14	17/01/2025	09	HNE	-5,7	0	-7,8	0	85,0	0	11,0	0	180,0	0	993,796	5.k=1.moyenne	261,3	ERA5
1061103	17/01/2025	15	17/01/2025	10	HNE	-5,0	0	-7,4	0	83,0	0	11,0	0	190,0	0	994,247	5.k=1.moyenne	541,8	ERA5
1061104	17/01/2025	16	17/01/2025	11	HNE	-4,0	0	-6,9	0	80,0	0	11,0	0	190,0	0	994,168	5.k=1.moyenne	884,9	ERA5
1061105	17/01/2025	17	17/01/2025	12	HNE	-3,4	0	-6,3	0	80,0	0	14,0	0	200,0	0	993,869	5.k=1.moyenne	1027,7	ERA5
1061106	17/01/2025	18	17/01/2025	13	HNE	-2,9	0	-5,9	0	80,0	0	15,0	0	190,0	0	993,75	5.k=1.moyenne	1144,4	ERA5
1061107	17/01/2025	19	17/01/2025	14	HNE	-2,7	0	-5,7	0	80,0	0	14,0	0	170,0	0	993,631	5.k=1.moyenne	1050,2	ERA5
1061108	17/01/2025	20	17/01/2025	15	HNE	-2,9	0	-5,4	0	83,0	0	16,0	0	180,0	0	993,851	5.k=1.moyenne	786,1	ERA5
1061109	17/01/2025	21	17/01/2025	16	HNE	-4,4	0	-6,7	0	84,0	0	15,0	0	180,0	0	994,155	5.k=1.moyenne	426,7	ERA5
1061110	17/01/2025	22	17/01/2025	17	HNE	-4,5	0	-6,3	0	87,0	0	10,0	0	170,0	0	994,217	5.k=1.moyenne	49,9	ERA5
1061111	17/01/2025	23	17/01/2025	18	HNE	-2,7	0	-5,6	0	80,0	0	13,0	0	180,0	0	994,197	5.k=1.moyenne	0,0	ERA5
1061112	18/01/2025	00	17/01/2025	19	HNE	-2,2	0	-5,0	0	81,0	0	18,0	0	170,0	0	993,953	5.k=1.moyenne	0,0	ERA5
1061113	18/01/2025	01	17/01/2025	20	HNE	-1,8	0	-4,4	0	82,0	0	17,0	0	180,0	0	993,627	5.k=1.moyenne	0,0	ERA5
1061114	18/01/2025	02	17/01/2025	21	HNE	-1,4	0	-3,9	0	83,0	0	20,0	0	180,0	0	993,281	5.k=1.moyenne	0,0	ERA5
1061115	18/01/2025	03	17/01/2025	22	HNE	-1,2	0	-3,5	0	84,0	0	20,0	0	180,0	0	992,893	5.k=1.moyenne	0,0	ERA5
1061116	18/01/2025	04	17/01/2025	23	HNE	-1,1	0	-3,4	0	84,0	0	24,0	0	170,0	0	992,343	5.k=1.moyenne	0,0	ERA5
1061117	18/01/2025	05	18/01/2025	00	HNE	-1,0	0	-3,5	0	83,0	0	22,0	0	170,0	0	991,649	5.k=1.moyenne	0,0	ERA5
1061118	18/01/2025	06	18/01/2025	01	HNE	-0,6	0	-3,7	0	80,0	0	24,0	0	170,0	0	991,649	5.k=1.moyenne	0,0	ERA5
1061119	18/01/2025	07	18/01/2025	02	HNE	0,2	0	-3,8	0	74,0	0	31,0	0	180,0	0	991,255	5.k=1.moyenne	0,0	ERA5
1061120	18/01/2025	08	18/01/2025	03	HNE	0,4	0	-4,3	0	71,0	0	32,0	0	180,0	0	990,662	5.k=1.moyenne	0,0	ERA5
1061121	18/01/2025	09	18/01/2025	04	HNE	0,6	0	-4,1	0	70,0	0	26,0	0	180,0	0	989,993	5.k=1.moyenne	0,0	ERA5
1061122	18/01/2025	10	18/01/2025	05	HNE	0,5	0	-3,1	0	76,0	0	32,0	0	180,0	0	989,37	5.k=1.moyenne	0,0	ERA5
1061123	18/01/2025	11	18/01/2025	06	HNE	0,6	0	-3,2	0	76,0	0	43,0	0	180,0	0	989,016	5.k=1.moyenne	0,0	ERA5
1061124	18/01/2025	12	18/01/2025	07	HNE	0,6	0	-3,4	0	74,0	0	44,0	0	180,0	0	988,605	5.k=1.moyenne	0,0	ERA5
1061125	18/01/2025	13	18/01/2025	08	HNE	0,8	0	-3,5	0	73,0	0	38,0	0	180,0	0	988,319	5.k=1.moyenne	24,2	ERA5
1061126	18/01/2025	14	18/01/2025	09	HNE	0,8	0	-3,5	0	73,0	0	38,0	0	180,0	0	988,303	5.k=1.moyenne	254,0	ERA5
1061127	18/01/2025	15	18/01/2025	10	HNE	0,9	0	-3,5	0	73,0	0	49,0	0	170,0	0	988,229	5.k=1.moyenne	412,3	ERA5
1061128	18/01/2025	16	18/01/2025	11	HNE	1,1	0	-3,4	0	72,0	0	41,0	0	180,0	0	987,606	5.k=1.moyenne	525,4	ERA5
1061129	18/01/2025	17	18/01/2025	12	HNE	1,4	0	-3,3	0	71,0	0	39,0	0	180,0	0	986,924	5.k=1.moyenne	730,2	ERA5
1061130	18/01/2025	18	18/01/2025	13	HNE	1,9	0	-3,0	0	70,0	0	35,0	0	180,0	0	986,266	5.k=1.moyenne	742,8	ERA5
1061131	18/01/2025	19	18/01/2025	14	HNE	2,6	0	-2,6	0	68,0	0	33,0	0	180,0	0	986,201	5.k=1.moyenne	514,9	ERA5
1061132	18/01/2025	20	18/01/2025	15	HNE	2,3	0	-1,7	0	75,0	0	27,0	0	200,0	0	986,302	5.k=1.moyenne	264,1	ERA5
1061133	18/01/2025	21	18/01/2025	16	HNE	2,0	0	-1,4	0	78,0	0	15,0	0	210,0	0	986,629	5.k=1.moyenne	79,8	ERA5
1061134	18/01/2025	22	18/01/2025	17	HNE	1,8	0	-0,8	0	83,0	0	17,0	0	190,0	0	986,937	5.k=1.moyenne	14,8	ERA5
1061135	18/01/2025	23	18/01/2025	18	HNE	1,7	0	-0,1	0	88,0	0	24,0	0	190,0	0	987,124	5.k=1.moyenne	0,0	ERA5
1061136	19/01/2025	00	18/01/2025	19	HNE	1,5	0	0,05	4.lineaire	90,0	0	17,0	0	190,0	0	987,456	5.k=1.moyenne	0,0	ERA5
1061137	19/01/2025	01	18/01/2025	20	HNE	1,2	0	0,2	0	93,0	0	17,0	0	200,0	0	987,747	5.k=1.moyenne	0,0	ERA5
1061138	19/01/2025	02	18/01/2025	21	HNE	1,3	0	0,5	0	94,0	0	13,0	0	200,0	0	988,041	5.k=1.moyenne	0,0	ERA5
1061139	19/01/2025	03	18/01/2025	22	HNE	1,6	0	0,7	0	94,0	0	11,0	0	230,0	0	988,498	5.k=1.moyenne	0,0	ERA5
1061140	19/01/2025	04	18/01/2025	23	HNE	1,3	0	0,3	0	93,0	0	12,0	0	250,0	0	988,977	5.k=1.moyenne	0,0	ERA5
1061141	19/01/2025	05	19/01/2025	00	HNE	0,9	0	-0,2	0	93,0	0	9,0	0	270,0	0	989,253	5.k=1.moyenne	0,0	ERA5
1061142	19/01/2025	06	19/01/2025	01	HNE	-0,1	0	-1,8	0	88,0	0	15,0	0	280,0	0	989,253	5.k=1.moyenne	0,0	ERA5
1061143	19/01/2025	07	19/01/2025	02	HNE	-1,4	0	-3,5	0	85,0	0	15,0	0	260,0	0	989,829	5.k=1.moyenne	0,0	ERA5
1061144	19/01/2025	08	19/01/2025	03	HNE	-3,5	0	-6,1	0	82,0	0	17,0	0	270,0	0	990,464	5.k=1.moyenne	0,0	ERA5
1061145	19/01/2025	09	19/01/2025	04	HNE	-5,8	0	-8,7	0	80,0	0	16,0	0	270,0	0	990,913	5.k=1.moyenne	0,0	ERA5
1061146	19/01/2025	10	19/01/2025	05	HNE	-7,2	0	-10,0	0	80,0	0	13,0	0	270,0	0	991,463	5.k=1.moyenne	0,0	ERA5
1061147	19/01/2025	11	19/01/2025	06	HNE	-7,7	0	-10,9	0	78,0	0	14,0	0	280,0	0	992,236	5.k=1.moyenne	0,0	ERA5
1061148	19/01/2025	12	19/01/2025	07	HNE	-9,2	0	-12,3	0	78,0	0	14,0	0	270,0	0	992,905	5.k=1.moyenne	0,0	ERA5
1061149	19/01/2025	13	19/01/2025	08	HNE	-10,4	0	-13,5	0	78,0	0	11,0	0	270,0	0	993,573	5.k=1.moyenne	35,9	ERA5
1061150	19/01/2025	14	19/01/2025	09	HNE	-11,2	0	-14,7	0	75,0	0	15,0	0	270,0	0	993,892	5.k=1.moyenne	422,1	ERA5
1061151	19/01/2025	15	19/01/2025	10	HNE	-10,8	0	-14,6	0	74,0	0	12,0	0	280,0	0	994,456	5.k=1.moyenne	871,9	ERA5
1061152	19/01/2025	16	19/01/2025	11	HNE	-9,8	0	-13,8	0	73,0	0	10,0	0	260,0	0	994,406	5.k=1.moyenne	1088,0	ERA5
1061153	19/01/2025	17	19/01/2025	12	HNE	-10,4	0	-14,6	0	71,0	0	11,0	0	270,0	0	994,396	5.k=1.moyenne	1079,3	ERA5
1061154	19/01/2025	18	19/01/2025	13	HNE	-10,1	0	-14,5	0	70,0	0	8,0	0	270,0	0	994,364	5.k=1.moyenne	1079,3	ERA5
1061155	19/01/2025	19	19/01/2025	14	HNE	-10,0	0	-14,5	0	70,0	0	9,0	0	260,0	0	994,557	5.k=1.moyenne	840,0	ERA5
1061156	19/01/2025	20	19/01/2025	15	HNE	-10,1	0	-14,4	0	71,0	0	10,0	0	250,0	0	995,075	5.k=1.moyenne	593,3	ERA5
1061157	19/01/2025	21	19/01/2025	16	HNE	-9,9	0	-13,9	0	73,0	0	8,0	0	270,0	0	995,429	5.k=1.moyenne	283,7	ERA5
1061158	19/01/2025	22	19/01/2025	17	HNE	-10,1	0	-14,2	0	72,0	0	8,0	0	280,0	0	995,865	5.k=1.moyenne	44,5	ERA5
1061159	19/01/2025	23	19/01/2025	18	HNE	-10,3	0	-14,2	0	73,0	0	8,0	0	290,0	0	996,157	5.k=1.moyenne	0,0	ERA5
1061160	20/01/2025	00	19/01/2025	19	HNE	-10,1	0	-14,2	0	72,0	0	9,0	0	280,0	0	996,325	5.k=1.moyenne	0,0	ERA5
1061161	20/01/2025	01	19/01/2025	20	HNE	-10,0	0	-13,9	0	73,0	0	7,0	0	290,0	0	996,494	5.k=1.moyenne	0,0	ERA5
1061162	20/01/2025	02	19/01/2025	21	HNE	-9,9	0	-13,8	0	73,0	0	6,0	0	290,0	0	996,417	5.k=1.moyenne	0,0	ERA5
1061163	20/01/2025	03	19/01/2025	22	HNE	-9,8	0	-13,8	0	73,0	0	6,0	0	310,0	0	996,034	5.k=1.moyenne	0,0	ERA5
1061164	20/01/2025	04	19/01/2025	23	HNE	-9,6	0	-14,5	0	67,0	0	7,0	0	20,0	0	995,976	5.k=1.moyenne	0,0	ERA5
1061165	20/01/2025	05	20/01/2025	00	HNE	-10,7	0	-15,3	0	69,0	0	8,0	0	20,0	0	995,776	5.k=1.moyenne	0,0	ERA5
1061166	20/01/2025	06	20/01/2025	01	HNE	-11,6	0	-14,2	0	81,0	0	7,0	0	20,0	0	995,776	5.k=1.moyenne	0,0	ERA5
1061167	20/01/2025	07	20/01/2025	02	HNE	-11,7	0	-14,3	0	81,0	0	5,0	0	350,0	0	995,642	5.k=1.moyenne	0,0	ERA5
1061168	20/01/2025	08	20/01/2025	03	HNE	-11,9	0	-15,6	0	74,0	0	7,0	0	340,0	0	995,549	5.k=1.moyenne	0,0	ERA5
1061169	20/01/2025	09	20/01/2025	04	HNE	-12,0	0	-16,7	0	68,0	0	6,0	0	330,0	0	995,355	5.k=1.moyenne	0,0	ERA5
1061170	20/01/2025	10	20/01/2025	05	HNE	-12,2	0	-17,4	0	65,0	0	6,0	0	340,0	0	995,203	5.k=1.moyenne	0,0	ERA5
1061171	20/01/2025	11	20/01/2025	06	HNE	-13,0	0	-16,7	0	74,0	0	9,0	0	300,0	0	995,174	5.k=1.moyenne	0,0	ERA5
1061172	20/01/2025	12	20/01/2025	07	HNE	-13,4	0	-17,1	0	73,0	0	7,0	0	290,0	0	995,305	5.k=1.moyenne	0,0	ERA5
1061173	20/01/2025	13	20/01/2025	08	HNE	-14,5	0	-18,4	0	72,0	0	13,0	0	280,0	0	995,618	5.k=1.moyenne	35,0	ERA5
1061174	20/01/2025	14	20/01/2025	09	HNE	-15,2	0	-19,1	0	72,0	0	12,0	0	270,0	0	995,971	5.k=1.moyenne	425,1	ERA5
1061175	20/01/2025	15	20/01/2025	10	HNE	-14,9	0	-19,8	0	66,0	0	15,0	0	270,0	0	996,586	5.k=1.moyenne	967,8	ERA5
1061176	20/01/2025	16	20/01/2025	11	HNE	-14,2	0	-19,6	0	64,0	0	11,0	0	260,0	0	996,86	5.k=1.moyenne	1360,9	ERA5
1061177	20/01/2025	17	20/01/2025	12	HNE	-13,9	0	-20,1	0	59,0	0	13,0	0	260,0	0	996,975	5.k=1.moyenne	1524,6	ERA5
1061178	20/01/2025	18	20/01/2025	13	HNE	-14,2	0	-21,6	0	53,0	0	17,0	0	270,0	0	997,07	5.k=1.moyenne	1517,6	ERA5
1061179	20/01/2025	19	20/01/2025	14	HNE	-14,4	0	-23,5	0	46,0	0	15,0	0	280,0	0	997,586	5.k=1.moyenne	1365,1	ERA5
1061180	20/01/2025	20	20/01/2025	15	HNE	-14,5	0	-23,4	0	47,0	0	17,0	0	280,0	0	998,362	5.k=1.moyenne	1023,4	ERA5
1061181	20/01/2025	21	20/01/2025	16	HNE	-14,6	0	-23,2	0	48,0	0	13,0	0	270,0	0	999,059	5.k=1.moyenne	519,8	ERA5
1061182	20/01/2025	22	20/01/2025	17	HNE	-15,5	0	-22,4	0	56,0	0	8,0	0	260,0	0	999,956	5.k=1.moyenne	81,8	ERA5
1061183	20/01/2025	23	20/01/2025	18	HNE	-16,2	0	-22,5	0	58,0	0	4,0	0	270,0	0	1000,77	5.k=1.moyenne	0,0	ERA5
1061184	21/01/2025	00	20/01/2025	19	HNE	-16,9	0	-22,8	0	61,0	0	4,0	0	280,0	0	1001,51	5.k=1.moyenne	0,0	ERA5
1061185	21/01/2025	01	20/01/2025	20	HNE	-18,4	0	-22,2	0	72,0	0	6,0	0	200,0	0	1002,13	5.k=1.moyenne	0,0	ERA5
1061186	21/01/2025	02	20/01/2025	21	HNE	-18,9	0	-22,4	0	74,0	0	2,0	0	150,0	0	1002,29	5.k=1.moyenne	0,0	ERA5
1061187	21/01/2025	03	20/01/2025	22	HNE	-19,7	0	-22,5	0	78,0	0	5,0	0	190,0	0	1002,62	5.k=1.moyenne	0,0	ERA5
1061188	21/01/2025	04	20/01/2025	23	HNE	-18,5	0	-21,5	0	77,0	0	3,0	0	140,0	0	1002,92	5.k=1.moyenne	0,0	ERA5
1061189	21/01/2025	05	21/01/2025	00	HNE	-16,5	0	-20,6	0	71,0	0	5,0	0	140,0	0	1003,02	5.k=1.moyenne	0,0	ERA5
1061190	21/01/2025	06	21/01/2025	01	HNE	-16,2	0	-20,5	0	69,0	0	5,0	0	120,0	0	1003,02	5.k=1.moyenne	0,0	ERA5
1061191	21/01/2025	07	21/01/2025	02	HNE	-15,9	0	-18,9	0	78,0	0	6,0	0	130,0	0	1003,4	5.k=1.moyenne	0,0	ERA5
1061192	21/01/2025	08	21/01/2025	03	HNE	-16,2	0	-18,5	0	82,0	0	7,0	0	180,0	0	1003,68	5.k=1.moyenne	0,0	ERA5
1061193	21/01/2025	09	21/01/2025	04	HNE	-16,0	0	-18,9	0	78,0	0	12,0	0	220,0	0	1003,91	5.k=1.moyenne	0,0	ERA5
1061194	21/01/2025	10	21/01/2025	05	HNE	-16,3	0	-19,4	0	77,0	0	10,0	0	210,0	0	1004,15	5.k=1.moyenne	0,0	ERA5
1061195	21/01/2025	11	21/01/2025	06	HNE	-17,5	0	-20,7	0	76,0	0	10,0	0	200,0	0	1004,59	5.k=1.moyenne	0,0	ERA5
1061196	21/01/2025	12	21/01/2025	07	HNE	-17,2	0	-20,4	0	76,0	0	9,0	0	200,0	0	1004,94	5.k=1.moyenne	0,0	ERA5
1061197	21/01/2025	13	21/01/2025	08	HNE	-15,2	0	-19,2	0	72,0	0	12,0	0	210,0	0	1005,41	5.k=1.moyenne	40,8	ERA5
1061198	21/01/2025	14	21/01/2025	09	HNE	-13,9	0	-18,7	0	67,0	0	16,0	0	220,0	0	1005,84	5.k=1.moyenne	384,5	ERA5
1061199	21/01/2025	15	21/01/2025	10	HNE	-12,7	0	-18,3	0	63,0	0	19,0	0	230,0	0	1006,15	5.k=1.moyenne	838,6	ERA5
1061200	21/01/2025	16	21/01/2025	11	HNE	-12,0	0	-18,8	0	57,0	0	11,0	0	260,0	0	1006,19	5.k=1.moyenne	1275,2	ERA5
1061201	21/01/2025	17	21/01/2025	12	HNE	-11,8	0	-19,0	0	55,0	0	16,0	0	270,0	0	1005,84	5.k=1.moyenne	1326,3	ERA5
1061202	21/01/2025	18	21/01/2025	13	HNE	-11,2	0	-19,3	0	52,0	0	11,0	0	280,0	0	1005,34	5.k=1.moyenne	1319,5	ERA5
1061203	21/01/2025	19	21/01/2025	14	HNE	-10,8	0	-19,2	0	50,0	0	9,0	0	270,0	0	1004,87	5.k=1.moyenne	1256,7	ERA5
1061204	21/01/2025	20	21/01/2025	15	HNE	-10,6	0	-19,4	0	48,0	0	4,0	0	260,0	0	1004,85	5.k=1.moyenne	823,8	ERA5
1061205	21/01/2025	21	21/01/2025	16	HNE	-11,1	0	-20,1	0	47,0	0	5,0	0	280,0	0	1005,02	5.k=1.moyenne	411,3	ERA5
1061206	21/01/2025	22	21/01/2025	17	HNE	-13,2	0	-20,1	0	56,0	0	2,0	0	250,0	0	1005,56	5.k=1.moyenne	81,6	ERA5
1061207	21/01/2025	23	21/01/2025	18	HNE	-14,4	0	-20,4	0	61,0	0	2,0	0	220,0	0	1006,14	5.k=1.moyenne	0,0	ERA5
1061208	22/01/2025	00	21/01/2025	19	HNE	-15,5	0	-20,7	0	65,0	0	3,0	0	150,0	0	1006,67	5.k=1.moyenne	0,0	ERA5
1061209	22/01/2025	01	21/01/2025	20	HNE	-17,7	0	-21,4	0	73,0	0	6,0	0	200,0	0	1006,71	5.k=1.moyenne	0,0	ERA5
1061210	22/01/2025	02	21/01/2025	21	HNE	-18,0	0	-21,6	0	73,0	0	5,0	0	180,0	0	1006,75	5.k=1.moyenne	0,0	ERA5
1061211	22/01/2025	03	21/01/2025	22	HNE	-17,7	0	-21,3	0	73,0	0	5,0	0	160,0	0	1006,81	5.k=1.moyenne	0,0	ERA5
1061212	22/01/2025	04	21/01/2025	23	HNE	-18,0	0	-21,8	0	72,0	0	7,0	0	180,0	0	1006,94	5.k=1.moyenne	0,0	ERA5
1061213	22/01/2025	05	22/01/2025	00	HNE	-17,6	0	-20,9	0	75,0	0	4,0	0	180,0	0	1006,88	5.k=1.moyenne	0,0	ERA5
1061214	22/01/2025	06	22/01/2025	01	HNE	-17,0	0	-21,1	0	70,0	0	3,0	0	180,0	0	1006,88	5.k=1.moyenne	0,0	ERA5
1061215	22/01/2025	07	22/01/2025	02	HNE	-18,1	0	-21,5	0	75,0	0	3,0	0	160,0	0	1007,19	5.k=1.moyenne	0,0	ERA5
1061216	22/01/2025	08	22/01/2025	03	HNE	-19,0	0	-22,2	0	76,0	0	6,0	0	160,0	0	1007,29	5.k=1.moyenne	0,0	ERA5
1061217	22/01/2025	09	22/01/2025	04	HNE	-18,5	0	-21,7	0	76,0	0	4,0	0	180,0	0	1007,44	5.k=1.moyenne	0,0	ERA5
1061218	22/01/2025	10	22/01/2025	05	HNE	-19,5	0	-22,6	0	76,0	0	5,0	0	180,0	0	1007,68	5.k=1.moyenne	0,0	ERA5
1061219	22/01/2025	11	22/01/2025	06	HNE	-16,7	0	-20,1	0	75,0	0	8,0	0	250,0	0	1008,05	5.k=1.moyenne	0,0	ERA5
1061220	22/01/2025	12	22/01/2025	07	HNE	-17,2	0	-21,1	0	72,0	0	6,0	0	230,0	0	1008,32	5.k=1.moyenne	0,0	ERA5
1061221	22/01/2025	13	22/01/2025	08	HNE	-16,9	0	-20,7	0	72,0	0	5,0	0	230,0	0	1008,64	5.k=1.moyenne	51,7	ERA5
1061222	22/01/2025	14	22/01/2025	09	HNE	-15,1	0	-20,0	0	66,0	0	11,0	0	220,0	0	1008,75	5.k=1.moyenne	497,0	ERA5
1061223	22/01/2025	15	22/01/2025	10	HNE	-13,8	0	-20,1	0	59,0	0	9,0	0	240,0	0	1008,81	5.k=1.moyenne	1030,6	ERA5
1061224	22/01/2025	16	22/01/2025	11	HNE	-12,5	0	-21,0	0	49,0	0	10,0	0	260,0	0	1008,49	5.k=1.moyenne	1435,5	ERA5
1061225	22/01/2025	17	22/01/2025	12	HNE	-11,5	0	-21,5	0	43,0	0	11,0	0	240,0	0	1007,89	5.k=1.moyenne	1653,6	ERA5
1061226	22/01/2025	18	22/01/2025	13	HNE	-10,7	0	-22,2	0	39,0	0	10,0	0	250,0	0	1007,31	5.k=1.moyenne	1665,6	ERA5
1061227	22/01/2025	19	22/01/2025	14	HNE	-10,1	0	-22,0	0	37,0	0	8,0	0	250,0	0	1007,13	5.k=1.moyenne	1471,7	ERA5
1061228	22/01/2025	20	22/01/2025	15	HNE	-9,4	0	-20,8	0	39,0	0	3,0	0	280,0	0	1007,17	5.k=1.moyenne	1093,8	ERA5
1061229	22/01/2025	21	22/01/2025	16	HNE	-9,7	0	-21,1	0	39,0	0	2,0	0	150,0	0	1007,22	5.k=1.moyenne	580,5	ERA5
1061230	22/01/2025	22	22/01/2025	17	HNE	-12,6	0	-20,3	0	52,0	0	4,0	0	120,0	0	1007,3	5.k=1.moyenne	94,6	ERA5
1061231	22/01/2025	23	22/01/2025	18	HNE	-12,8	0	-18,6	0	62,0	0	2,0	0	30,0	0	1007,18	5.k=1.moyenne	0,0	ERA5
1061232	23/01/2025	00	22/01/2025	19	HNE	-11,9	0	-18,8	0	57,0	0	6,0	0	140,0	0	1007,04	5.k=1.moyenne	0,0	ERA5
1061233	23/01/2025	01	22/01/2025	20	HNE	-12,4	0	-19,7	0	55,0	0	8,0	0	120,0	0	1006,62	5.k=1.moyenne	0,0	ERA5
1061234	23/01/2025	02	22/01/2025	21	HNE	-12,2	0	-19,7	0	54,0	0	9,0	0	140,0	0	1006,28	5.k=1.moyenne	0,0	ERA5
1061235	23/01/2025	03	22/01/2025	22	HNE	-11,5	0	-18,9	0	55,0	0	11,0	0	150,0	0	1005,88	5.k=1.moyenne	0,0	ERA5
1061236	23/01/2025	04	22/01/2025	23	HNE	-11,1	0	-17,9	0	57,0	0	14,0	0	150,0	0	1005,48	5.k=1.moyenne	0,0	ERA5
1061237	23/01/2025	05	23/01/2025	00	HNE	-9,9	0	-16,0	0	61,0	0	18,0	0	180,0	0	1004,92	5.k=1.moyenne	0,0	ERA5
1061238	23/01/2025	06	23/01/2025	01	HNE	-9,9	0	-15,3	0	65,0	0	14,0	0	170,0	0	1004,92	5.k=1.moyenne	0,0	ERA5
1061239	23/01/2025	07	23/01/2025	02	HNE	-10,4	0	-14,9	0	70,0	0	9,0	0	170,0	0	1004,64	5.k=1.moyenne	0,0	ERA5
1061240	23/01/2025	08	23/01/2025	03	HNE	-10,6	0	-15,0	0	70,0	0	12,0	0	160,0	0	1004,23	5.k=1.moyenne	0,0	ERA5
1061241	23/01/2025	09	23/01/2025	04	HNE	-9,8	0	-13,6	0	74,0	0	11,0	0	180,0	0	1003,77	5.k=1.moyenne	0,0	ERA5
1061242	23/01/2025	10	23/01/2025	05	HNE	-9,6	0	-13,0	0	76,0	0	15,0	0	170,0	0	1003,4	5.k=1.moyenne	0,0	ERA5
1061243	23/01/2025	11	23/01/2025	06	HNE	-9,7	0	-13,1	0	76,0	0	23,0	0	170,0	0	1002,89	5.k=1.moyenne	0,0	ERA5
1061244	23/01/2025	12	23/01/2025	07	HNE	-9,6	0	-15,2	0	64,0	0	21,0	0	170,0	0	1002,58	5.k=1.moyenne	0,0	ERA5
1061245	23/01/2025	13	23/01/2025	08	HNE	-9,6	0	-15,6	0	62,0	0	23,0	0	180,0	0	1002,22	5.k=1.moyenne	35,3	ERA5
1061246	23/01/2025	14	23/01/2025	09	HNE	-8,6	0	-15,1	0	60,0	0	26,0	0	180,0	0	1001,8	5.k=1.moyenne	272,3	ERA5
1061247	23/01/2025	15	23/01/2025	10	HNE	-8,1	0	-14,0	0	62,0	0	20,0	0	180,0	0	1001,45	5.k=1.moyenne	556,8	ERA5
1061248	23/01/2025	16	23/01/2025	11	HNE	-8,0	0	-12,6	0	70,0	0	22,0	0	180,0	0	1000,61	5.k=1.moyenne	756,1	ERA5
1061249	23/01/2025	17	23/01/2025	12	HNE	-7,5	0	-12,8	0	66,0	0	26,0	0	180,0	0	999,522	5.k=1.moyenne	909,7	ERA5
1061250	23/01/2025	18	23/01/2025	13	HNE	-6,5	0	-12,3	0	63,0	0	20,0	0	180,0	0	998,63	5.k=1.moyenne	958,0	ERA5
1061251	23/01/2025	19	23/01/2025	14	HNE	-6,7	0	-10,7	0	73,0	0	14,0	0	210,0	0	997,779	5.k=1.moyenne	776,2	ERA5
1061252	23/01/2025	20	23/01/2025	15	HNE	-6,2	0	-10,7	0	70,0	0	15,0	0	190,0	0	997,369	5.k=1.moyenne	653,9	ERA5
1061253	23/01/2025	21	23/01/2025	16	HNE	-6,2	0	-10,4	0	72,0	0	15,0	0	180,0	0	997,22	5.k=1.moyenne	354,2	ERA5
1061254	23/01/2025	22	23/01/2025	17	HNE	-6,3	0	-10,5	0	72,0	0	11,0	0	190,0	0	997,275	5.k=1.moyenne	61,6	ERA5
1061255	23/01/2025	23	23/01/2025	18	HNE	-6,8	0	-10,1	0	77,0	0	8,0	0	190,0	0	997,207	5.k=1.moyenne	0,0	ERA5
1061256	24/01/2025	00	23/01/2025	19	HNE	-6,3	0	-9,6	0	78,0	0	12,0	0	210,0	0	997,057	5.k=1.moyenne	0,0	ERA5
1061257	24/01/2025	01	23/01/2025	20	HNE	-6,9	0	-9,3	0	83,0	0	9,0	0	210,0	0	996,724	5.k=1.moyenne	0,0	ERA5
1061258	24/01/2025	02	23/01/2025	21	HNE	-7,5	0	-10,7	0	78,0	0	10,0	0	220,0	0	996,493	5.k=1.moyenne	0,0	ERA5
1061259	24/01/2025	03	23/01/2025	22	HNE	-7,6	0	-9,7	0	85,0	0	8,0	0	240,0	0	996,182	5.k=1.moyenne	0,0	ERA5
1061260	24/01/2025	04	23/01/2025	23	HNE	-7,1	0	-9,1	0	86,0	0	8,0	0	250,0	0	995,973	5.k=1.moyenne	0,0	ERA5
1061261	24/01/2025	05	24/01/2025	00	HNE	-6,4	0	-7,9	0	89,0	0	7,0	0	280,0	0	995,601	5.k=1.moyenne	0,0	ERA5
1061262	24/01/2025	06	24/01/2025	01	HNE	-7,5	0	-9,8	0	84,0	0	10,0	0	310,0	0	995,601	5.k=1.moyenne	0,0	ERA5
1061263	24/01/2025	07	24/01/2025	02	HNE	-8,3	0	-12,1	0	74,0	0	6,0	0	310,0	0	995,599	5.k=1.moyenne	0,0	ERA5
1061264	24/01/2025	08	24/01/2025	03	HNE	-9,4	0	-12,2	0	80,0	0	6,0	0	290,0	0	995,68	5.k=1.moyenne	0,0	ERA5
1061265	24/01/2025	09	24/01/2025	04	HNE	-8,6	0	-11,7	0	78,0	0	5,0	0	280,0	0	995,599	5.k=1.moyenne	0,0	ERA5
1061266	24/01/2025	10	24/01/2025	05	HNE	-9,3	0	-13,2	0	73,0	0	6,0	0	280,0	0	995,745	5.k=1.moyenne	0,0	ERA5
1061267	24/01/2025	11	24/01/2025	06	HNE	-11,0	0	-14,4	0	76,0	0	9,0	0	290,0	0	995,912	5.k=1.moyenne	0,0	ERA5
1061268	24/01/2025	12	24/01/2025	07	HNE	-13,2	0	-15,9	0	80,0	0	4,0	0	280,0	0	996,265	5.k=1.moyenne	0,0	ERA5
1061269	24/01/2025	13	24/01/2025	08	HNE	-13,6	0	-16,4	0	79,0	0	7,0	0	280,0	0	996,721	5.k=1.moyenne	58,2	ERA5
1061270	24/01/2025	14	24/01/2025	09	HNE	-12,9	0	-16,5	0	74,0	0	6,0	0	270,0	0	997,178	5.k=1.moyenne	504,2	ERA5
1061271	24/01/2025	15	24/01/2025	10	HNE	-12,0	0	-16,3	0	70,0	0	8,0	0	270,0	0	997,656	5.k=1.moyenne	1025,9	ERA5
1061272	24/01/2025	16	24/01/2025	11	HNE	-10,8	0	-16,0	0	66,0	0	8,0	0	270,0	0	997,605	5.k=1.moyenne	1424,4	ERA5
1061273	24/01/2025	17	24/01/2025	12	HNE	-10,2	0	-16,1	0	62,0	0	8,0	0	280,0	0	997,146	5.k=1.moyenne	1601,5	ERA5
1061274	24/01/2025	18	24/01/2025	13	HNE	-9,6	0	-16,8	0	56,0	0	10,0	0	280,0	0	997,015	5.k=1.moyenne	1601,3	ERA5
1061275	24/01/2025	19	24/01/2025	14	HNE	-9,3	0	-16,5	0	56,0	0	11,0	0	270,0	0	997,027	5.k=1.moyenne	1457,9	ERA5
1061276	24/01/2025	20	24/01/2025	15	HNE	-9,5	0	-16,8	0	55,0	0	7,0	0	270,0	0	997,224	5.k=1.moyenne	1016,7	ERA5
1061277	24/01/2025	21	24/01/2025	16	HNE	-9,9	0	-16,4	0	59,0	0	9,0	0	260,0	0	997,666	5.k=1.moyenne	574,2	ERA5
1061278	24/01/2025	22	24/01/2025	17	HNE	-11,6	0	-16,6	0	67,0	0	3,0	0	270,0	0	998,232	5.k=1.moyenne	106,6	ERA5
1061279	24/01/2025	23	24/01/2025	18	HNE	-13,2	0	-17,3	0	71,0	0	2,0	0	260,0	0	998,654	5.k=1.moyenne	0,0	ERA5
1061280	25/01/2025	00	24/01/2025	19	HNE	-14,0	0	-17,6	0	74,0	0	3,0	0	250,0	0	999,078	5.k=1.moyenne	0,0	ERA5
1061281	25/01/2025	01	24/01/2025	20	HNE	-15,0	0	-18,1	0	77,0	0	4,0	0	230,0	0	999,236	5.k=1.moyenne	0,0	ERA5
1061282	25/01/2025	02	24/01/2025	21	HNE	-15,7	0	-18,8	0	77,0	0	4,0	0	240,0	0	999,62	5.k=1.moyenne	0,0	ERA5
1061283	25/01/2025	03	24/01/2025	22	HNE	-16,0	0	-19,0	0	78,0	0	3,0	0	230,0	0	999,799	5.k=1.moyenne	0,0	ERA5
1061284	25/01/2025	04	24/01/2025	23	HNE	-15,8	0	-19,0	0	77,0	0	4,0	0	240,0	0	999,938	5.k=1.moyenne	0,0	ERA5
1061285	25/01/2025	05	25/01/2025	00	HNE	-18,3	0	-20,7	0	81,0	0	6,0	0	160,0	0	999,976	5.k=1.moyenne	0,0	ERA5
1061286	25/01/2025	06	25/01/2025	01	HNE	-17,9	0	-19,9	0	84,0	0	5,0	0	190,0	0	999,976	5.k=1.moyenne	0,0	ERA5
1061287	25/01/2025	07	25/01/2025	02	HNE	-16,5	0	-18,8	0	82,0	0	4,0	0	170,0	0	1000,19	5.k=1.moyenne	0,0	ERA5
1061288	25/01/2025	08	25/01/2025	03	HNE	-15,1	0	-17,5	0	82,0	0	1,0	0	120,0	0	1000,3	5.k=1.moyenne	0,0	ERA5
1061289	25/01/2025	09	25/01/2025	04	HNE	-16,4	0	-18,7	0	83,0	0	5,0	0	200,0	0	1000,18	5.k=1.moyenne	0,0	ERA5
1061290	25/01/2025	10	25/01/2025	05	HNE	-16,7	0	-18,6	0	86,0	0	3,0	0	160,0	0	1000,18	5.k=1.moyenne	0,0	ERA5
1061291	25/01/2025	11	25/01/2025	06	HNE	-17,9	0	-19,7	0	85,0	0	0,0	0	0,0	0	1000,29	5.k=1.moyenne	0,0	ERA5
1061292	25/01/2025	12	25/01/2025	07	HNE	-18,0	0	-20,0	0	84,0	0	7,0	0	160,0	0	1000,3	5.k=1.moyenne	0,0	ERA5
1061293	25/01/2025	13	25/01/2025	08	HNE	-15,3	0	-17,6	0	83,0	0	5,0	0	190,0	0	1000,18	5.k=1.moyenne	61,0	ERA5
1061294	25/01/2025	14	25/01/2025	09	HNE	-13,3	0	-15,9	0	80,0	0	7,0	0	200,0	0	1000,1	5.k=1.moyenne	490,2	ERA5
1061295	25/01/2025	15	25/01/2025	10	HNE	-11,2	0	-15,8	0	69,0	0	5,0	0	170,0	0	999,941	5.k=1.moyenne	996,3	ERA5
1061296	25/01/2025	16	25/01/2025	11	HNE	-9,2	0	-14,5	0	65,0	0	7,0	0	160,0	0	999,413	5.k=1.moyenne	1438,9	ERA5
1061297	25/01/2025	17	25/01/2025	12	HNE	-7,3	0	-12,7	0	65,0	0	6,0	0	170,0	0	998,559	5.k=1.moyenne	1683,4	ERA5
1061298	25/01/2025	18	25/01/2025	13	HNE	-6,0	0	-12,3	0	61,0	0	10,0	0	150,0	0	997,623	5.k=1.moyenne	1710,6	ERA5
1061299	25/01/2025	19	25/01/2025	14	HNE	-5,2	0	-11,9	0	59,0	0	15,0	0	150,0	0	997,034	5.k=1.moyenne	1523,0	ERA5
1061300	25/01/2025	20	25/01/2025	15	HNE	-5,7	0	-12,1	0	61,0	0	16,0	0	160,0	0	996,771	5.k=1.moyenne	1094,0	ERA5
1061301	25/01/2025	21	25/01/2025	16	HNE	-5,4	0	-11,8	0	61,0	0	21,0	0	180,0	0	996,426	5.k=1.moyenne	510,2	ERA5
1061302	25/01/2025	22	25/01/2025	17	HNE	-5,9	0	-10,7	0	69,0	0	16,0	0	170,0	0	996,162	5.k=1.moyenne	86,6	ERA5
1061303	25/01/2025	23	25/01/2025	18	HNE	-5,5	0	-10,3	0	69,0	0	12,0	0	210,0	0	995,899	5.k=1.moyenne	0,0	ERA5
1061304	26/01/2025	00	25/01/2025	19	HNE	-5,8	0	-10,5	0	70,0	0	9,0	0	220,0	0	995,574	5.k=1.moyenne	0,0	ERA5
1061305	26/01/2025	01	25/01/2025	20	HNE	-6,0	0	-10,2	0	72,0	0	10,0	0	180,0	0	994,984	5.k=1.moyenne	0,0	ERA5
1061306	26/01/2025	02	25/01/2025	21	HNE	-5,5	0	-9,8	0	71,0	0	13,0	0	200,0	0	994,393	5.k=1.moyenne	0,0	ERA5
1061307	26/01/2025	03	25/01/2025	22	HNE	-5,2	0	-9,6	0	72,0	0	11,0	0	190,0	0	993,843	5.k=1.moyenne	0,0	ERA5
1061308	26/01/2025	04	25/01/2025	23	HNE	-4,9	0	-8,7	0	75,0	0	18,0	0	180,0	0	993,396	5.k=1.moyenne	0,0	ERA5
1061309	26/01/2025	05	26/01/2025	00	HNE	-4,2	0	-8,4	0	73,0	0	20,0	0	190,0	0	992,866	5.k=1.moyenne	0,0	ERA5
1061310	26/01/2025	06	26/01/2025	01	HNE	-3,6	0	-8,1	0	71,0	0	21,0	0	190,0	0	992,866	5.k=1.moyenne	0,0	ERA5
1061311	26/01/2025	07	26/01/2025	02	HNE	-3,5	0	-7,8	0	72,0	0	28,0	0	180,0	0	992,183	5.k=1.moyenne	0,0	ERA5
1061312	26/01/2025	08	26/01/2025	03	HNE	-3,5	0	-7,6	0	73,0	0	28,0	0	180,0	0	991,445	5.k=1.moyenne	0,0	ERA5
1061313	26/01/2025	09	26/01/2025	04	HNE	-4,0	0	-7,3	0	78,0	0	30,0	0	170,0	0	990,876	5.k=1.moyenne	0,0	ERA5
1061314	26/01/2025	10	26/01/2025	05	HNE	-3,6	0	-7,3	0	75,0	0	24,0	0	180,0	0	990,556	5.k=1.moyenne	0,0	ERA5
1061315	26/01/2025	11	26/01/2025	06	HNE	-3,8	0	-6,4	0	83,0	0	23,0	0	190,0	0	990,241	5.k=1.moyenne	0,0	ERA5
1061316	26/01/2025	12	26/01/2025	07	HNE	-3,6	0	-6,4	0	81,0	0	22,0	0	200,0	0	990,237	5.k=1.moyenne	0,0	ERA5
1061317	26/01/2025	13	26/01/2025	08	HNE	-3,1	0	-5,5	0	84,0	0	17,0	0	190,0	0	990,256	5.k=1.moyenne	43,8	ERA5
1061318	26/01/2025	14	26/01/2025	09	HNE	-0,5	0	-5,2	0	70,0	0	23,0	0	250,0	0	990,299	5.k=1.moyenne	351,1	ERA5
1061319	26/01/2025	15	26/01/2025	10	HNE	-0,2	0	-5,7	0	66,0	0	24,0	0	250,0	0	990,142	5.k=1.moyenne	697,7	ERA5
1061320	26/01/2025	16	26/01/2025	11	HNE	-0,1	0	-6,0	0	64,0	0	24,0	0	260,0	0	989,987	5.k=1.moyenne	1088,7	ERA5
1061321	26/01/2025	17	26/01/2025	12	HNE	0,1	0	-6,8	0	60,0	0	22,0	0	270,0	0	989,59	5.k=1.moyenne	1511,2	ERA5
1061322	26/01/2025	18	26/01/2025	13	HNE	-1,9	0	-8,8	0	59,0	0	25,0	0	260,0	0	989,706	5.k=1.moyenne	1587,7	ERA5
1061323	26/01/2025	19	26/01/2025	14	HNE	-1,9	0	-10,6	0	51,0	0	25,0	0	270,0	0	989,987	5.k=1.moyenne	1399,4	ERA5
1061324	26/01/2025	20	26/01/2025	15	HNE	-2,1	0	-11,0	0	51,0	0	21,0	0	280,0	0	990,312	5.k=1.moyenne	1093,2	ERA5
1061325	26/01/2025	21	26/01/2025	16	HNE	-2,4	0	-11,2	0	51,0	0	9,0	0	290,0	0	990,719	5.k=1.moyenne	628,0	ERA5
1061326	26/01/2025	22	26/01/2025	17	HNE	-3,8	0	-11,7	0	54,0	0	7,0	0	270,0	0	990,925	5.k=1.moyenne	123,9	ERA5
1061327	26/01/2025	23	26/01/2025	18	HNE	-6,3	0	-12,2	0	63,0	0	4,0	0	250,0	0	991,172	5.k=1.moyenne	0,0	ERA5
1061328	27/01/2025	00	26/01/2025	19	HNE	-9,3	0	-13,2	0	73,0	0	5,0	0	160,0	0	991,258	5.k=1.moyenne	0,0	ERA5
1061329	27/01/2025	01	26/01/2025	20	HNE	-9,2	0	-12,8	0	75,0	0	4,0	0	220,0	0	991,06	5.k=1.moyenne	0,0	ERA5
1061330	27/01/2025	02	26/01/2025	21	HNE	-8,8	0	-12,1	0	77,0	0	6,0	0	170,0	0	990,618	5.k=1.moyenne	0,0	ERA5
1061331	27/01/2025	03	26/01/2025	22	HNE	-9,2	0	-12,4	0	77,0	0	9,0	0	190,0	0	989,85	5.k=1.moyenne	0,0	ERA5
1061332	27/01/2025	04	26/01/2025	23	HNE	-7,4	0	-11,8	0	71,0	0	5,0	0	190,0	0	989,064	5.k=1.moyenne	0,0	ERA5
1061333	27/01/2025	05	27/01/2025	00	HNE	-6,5	0	-10,5	0	73,0	0	11,0	0	200,0	0	988,257	5.k=1.moyenne	0,0	ERA5
1061334	27/01/2025	06	27/01/2025	01	HNE	-7,0	0	-10,1	0	78,0	0	4,0	0	200,0	0	988,257	5.k=1.moyenne	0,0	ERA5
1061335	27/01/2025	07	27/01/2025	02	HNE	-5,8	0	-9,5	0	75,0	0	11,0	0	200,0	0	987,389	5.k=1.moyenne	0,0	ERA5
1061336	27/01/2025	08	27/01/2025	03	HNE	-5,6	0	-9,2	0	75,0	0	13,0	0	190,0	0	986,528	5.k=1.moyenne	0,0	ERA5
1061337	27/01/2025	09	27/01/2025	04	HNE	-4,4	0	-10,0	0	65,0	0	15,0	0	220,0	0	985,266	5.k=1.moyenne	0,0	ERA5
1061338	27/01/2025	10	27/01/2025	05	HNE	-4,0	0	-10,0	0	63,0	0	15,0	0	210,0	0	983,991	5.k=1.moyenne	0,0	ERA5
1061339	27/01/2025	11	27/01/2025	06	HNE	-6,3	0	-10,3	0	73,0	0	15,0	0	190,0	0	982,905	5.k=1.moyenne	0,0	ERA5
1061340	27/01/2025	12	27/01/2025	07	HNE	-6,6	0	-9,8	0	78,0	0	13,0	0	200,0	0	981,661	5.k=1.moyenne	0,0	ERA5
1061341	27/01/2025	13	27/01/2025	08	HNE	-5,4	0	-9,2	0	75,0	0	23,0	0	190,0	0	980,386	5.k=1.moyenne	65,1	ERA5
1061342	27/01/2025	14	27/01/2025	09	HNE	-3,8	0	-8,0	0	73,0	0	26,0	0	200,0	0	978,856	5.k=1.moyenne	491,2	ERA5
1061343	27/01/2025	15	27/01/2025	10	HNE	-2,6	0	-6,7	0	74,0	0	31,0	0	190,0	0	977,269	5.k=1.moyenne	753,0	ERA5
1061344	27/01/2025	16	27/01/2025	11	HNE	-0,5	0	-7,2	0	61,0	0	29,0	0	210,0	0	975,547	5.k=1.moyenne	1135,8	ERA5
1061345	27/01/2025	17	27/01/2025	12	HNE	0,7	0	-7,6	0	54,0	0	33,0	0	230,0	0	973,755	5.k=1.moyenne	1239,9	ERA5
1061346	27/01/2025	18	27/01/2025	13	HNE	1,0	0	-8,1	0	50,0	0	37,0	0	230,0	0	972,494	5.k=1.moyenne	1234,0	ERA5
1061347	27/01/2025	19	27/01/2025	14	HNE	2,1	0	-7,7	0	48,0	0	27,0	0	230,0	0	970,972	5.k=1.moyenne	951,4	ERA5
1061348	27/01/2025	20	27/01/2025	15	HNE	2,2	0	-8,4	0	45,0	0	41,0	0	230,0	0	970,187	5.k=1.moyenne	510,5	ERA5
1061349	27/01/2025	21	27/01/2025	16	HNE	1,7	0	-7,7	0	50,0	0	31,0	0	220,0	0	969,466	5.k=1.moyenne	245,6	ERA5
1061350	27/01/2025	22	27/01/2025	17	HNE	2,4	0	-9,8	0	40,0	0	30,0	0	200,0	0	969,073	5.k=1.moyenne	47,4	ERA5
1061351	27/01/2025	23	27/01/2025	18	HNE	2,5	0	-10,4	0	38,0	0	38,0	0	220,0	0	968,866	5.k=1.moyenne	0,0	ERA5
1061352	28/01/2025	00	27/01/2025	19	HNE	1,9	0	-10,5	0	39,0	0	30,0	0	220,0	0	968,804	5.k=1.moyenne	0,0	ERA5
1061353	28/01/2025	01	27/01/2025	20	HNE	1,9	0	-10,6	0	39,0	0	37,0	0	230,0	0	968,846	5.k=1.moyenne	0,0	ERA5
1061354	28/01/2025	02	27/01/2025	21	HNE	0,3	0	-7,0	0	58,0	0	32,0	0	240,0	0	968,828	5.k=1.moyenne	0,0	ERA5
1061355	28/01/2025	03	27/01/2025	22	HNE	-1,2	0	-4,2	0	80,0	0	34,0	0	230,0	0	968,843	5.k=1.moyenne	0,0	ERA5
1061356	28/01/2025	04	27/01/2025	23	HNE	-1,6	0	-3,6	0	86,0	0	30,0	0	220,0	0	968,797	5.k=1.moyenne	0,0	ERA5
1061357	28/01/2025	05	28/01/2025	00	HNE	-0,9	0	-3,7	0	81,0	0	39,0	0	230,0	0	968,967	5.k=1.moyenne	0,0	ERA5
1061358	28/01/2025	06	28/01/2025	01	HNE	-0,8	0	-3,2	0	83,0	0	31,0	0	230,0	0	968,967	5.k=1.moyenne	0,0	ERA5
1061359	28/01/2025	07	28/01/2025	02	HNE	-1,1	0	-2,4	0	91,0	0	21,0	0	230,0	0	969,757	5.k=1.moyenne	0,0	ERA5
1061360	28/01/2025	08	28/01/2025	03	HNE	-5,2	0	-6,0	0	94,0	0	7,0	0	360,0	0	970,505	5.k=1.moyenne	0,0	ERA5
1061361	28/01/2025	09	28/01/2025	04	HNE	-5,6	0	-6,6	0	93,0	0	6,0	0	340,0	0	972,469	5.k=1.moyenne	0,0	ERA5
1061362	28/01/2025	10	28/01/2025	05	HNE	-6,6	0	-8,4	0	87,0	0	10,0	0	290,0	0	973,501	5.k=1.moyenne	0,0	ERA5
1061363	28/01/2025	11	28/01/2025	06	HNE	-8,4	0	-12,3	0	74,0	0	16,0	0	300,0	0	974,782	5.k=1.moyenne	0,0	ERA5
1061364	28/01/2025	12	28/01/2025	07	HNE	-12,1	0	-17,3	0	65,0	0	11,0	0	290,0	0	976,263	5.k=1.moyenne	0,0	ERA5
1061365	28/01/2025	13	28/01/2025	08	HNE	-14,1	0	-19,4	0	64,0	0	15,0	0	300,0	0	977,598	5.k=1.moyenne	60,7	ERA5
1061366	28/01/2025	14	28/01/2025	09	HNE	-14,8	0	-20,9	0	60,0	0	16,0	0	290,0	0	978,749	5.k=1.moyenne	466,9	ERA5
1061367	28/01/2025	15	28/01/2025	10	HNE	-14,6	0	-20,9	0	59,0	0	18,0	0	290,0	0	979,471	5.k=1.moyenne	1040,0	ERA5
1061368	28/01/2025	16	28/01/2025	11	HNE	-14,3	0	-20,4	0	60,0	0	20,0	0	260,0	0	978,646	5.k=1.moyenne	1435,6	ERA5
1061369	28/01/2025	17	28/01/2025	12	HNE	-14,6	0	-21,3	0	57,0	0	23,0	0	270,0	0	978,572	5.k=1.moyenne	1649,3	ERA5
1061370	28/01/2025	18	28/01/2025	13	HNE	-13,9	0	-20,7	0	56,0	0	17,0	0	280,0	0	978,568	5.k=1.moyenne	1700,8	ERA5
1061371	28/01/2025	19	28/01/2025	14	HNE	-13,8	0	-20,8	0	55,0	0	15,0	0	270,0	0	978,563	5.k=1.moyenne	1487,8	ERA5
1061372	28/01/2025	20	28/01/2025	15	HNE	-13,2	0	-20,7	0	54,0	0	15,0	0	270,0	0	978,668	5.k=1.moyenne	1172,2	ERA5
1061373	28/01/2025	21	28/01/2025	16	HNE	-13,1	0	-20,8	0	52,0	0	14,0	0	260,0	0	979,112	5.k=1.moyenne	648,0	ERA5
1061374	28/01/2025	22	28/01/2025	17	HNE	-14,7	0	-20,5	0	62,0	0	5,0	0	250,0	0	979,396	5.k=1.moyenne	147,8	ERA5
1061375	28/01/2025	23	28/01/2025	18	HNE	-16,3	0	-20,7	0	69,0	0	6,0	0	170,0	0	979,86	5.k=1.moyenne	0,0	ERA5
1061376	29/01/2025	00	28/01/2025	19	HNE	-15,3	0	-18,8	0	74,0	0	5,0	0	170,0	0	980,263	5.k=1.moyenne	0,0	ERA5
1061377	29/01/2025	01	28/01/2025	20	HNE	-13,8	0	-18,1	0	70,0	0	4,0	0	160,0	0	980,426	5.k=1.moyenne	0,0	ERA5
1061378	29/01/2025	02	28/01/2025	21	HNE	-13,6	0	-18,3	0	68,0	0	10,0	0	140,0	0	980,249	5.k=1.moyenne	0,0	ERA5
1061379	29/01/2025	03	28/01/2025	22	HNE	-13,2	0	-17,6	0	69,0	0	9,0	0	140,0	0	980,152	5.k=1.moyenne	0,0	ERA5
1061380	29/01/2025	04	28/01/2025	23	HNE	-12,7	0	-17,2	0	69,0	0	11,0	0	140,0	0	979,774	5.k=1.moyenne	0,0	ERA5
1061381	29/01/2025	05	29/01/2025	00	HNE	-12,5	0	-17,3	0	67,0	0	9,0	0	140,0	0	979,556	5.k=1.moyenne	0,0	ERA5
1061382	29/01/2025	06	29/01/2025	01	HNE	-12,5	0	-15,7	0	77,0	0	6,0	0	100,0	0	979,556	5.k=1.moyenne	0,0	ERA5
1061383	29/01/2025	07	29/01/2025	02	HNE	-12,1	0	-14,3	0	83,0	0	8,0	0	90,0	0	979,471	5.k=1.moyenne	0,0	ERA5
1061384	29/01/2025	08	29/01/2025	03	HNE	-11,4	0	-13,4	0	85,0	0	8,0	0	80,0	0	979,265	5.k=1.moyenne	0,0	ERA5
1061385	29/01/2025	09	29/01/2025	04	HNE	-11,3	0	-13,2	0	86,0	0	11,0	0	70,0	0	978,979	5.k=1.moyenne	0,0	ERA5
1061386	29/01/2025	10	29/01/2025	05	HNE	-11,3	0	-13,2	0	85,0	0	11,0	0	70,0	0	978,675	5.k=1.moyenne	0,0	ERA5
1061387	29/01/2025	11	29/01/2025	06	HNE	-11,1	0	-13,0	0	86,0	0	10,0	0	60,0	0	978,413	5.k=1.moyenne	0,0	ERA5
1061388	29/01/2025	12	29/01/2025	07	HNE	-10,6	0	-12,3	0	88,0	0	10,0	0	50,0	0	978,353	5.k=1.moyenne	0,0	ERA5
1061389	29/01/2025	13	29/01/2025	08	HNE	-11,1	0	-12,8	0	87,0	0	11,0	0	40,0	0	978,318	5.k=1.moyenne	23,8	ERA5
1061390	29/01/2025	14	29/01/2025	09	HNE	-11,6	0	-13,5	0	86,0	0	13,0	0	40,0	0	978,165	5.k=1.moyenne	186,8	ERA5
1061391	29/01/2025	15	29/01/2025	10	HNE	-13,4	0	-15,9	0	82,0	0	10,0	0	350,0	0	978,033	5.k=1.moyenne	385,1	ERA5
1061392	29/01/2025	16	29/01/2025	11	HNE	-13,5	0	-16,4	0	79,0	0	6,0	0	340,0	0	978,102	5.k=1.moyenne	482,4	ERA5
1061393	29/01/2025	17	29/01/2025	12	HNE	-12,6	0	-15,5	0	79,0	0	8,0	0	340,0	0	978,092	5.k=1.moyenne	715,6	ERA5
1061394	29/01/2025	18	29/01/2025	13	HNE	-12,2	0	-15,6	0	75,0	0	10,0	0	330,0	0	978,562	5.k=1.moyenne	798,5	ERA5
1061395	29/01/2025	19	29/01/2025	14	HNE	-11,4	0	-14,4	0	79,0	0	7,0	0	300,0	0	979,89	5.k=1.moyenne	964,6	ERA5
1061396	29/01/2025	20	29/01/2025	15	HNE	-11,5	0	-14,1	0	81,0	0	6,0	0	290,0	0	980,964	5.k=1.moyenne	878,6	ERA5
1061397	29/01/2025	21	29/01/2025	16	HNE	-11,2	0	-13,6	0	83,0	0	6,0	0	280,0	0	982,058	5.k=1.moyenne	451,3	ERA5
1061398	29/01/2025	22	29/01/2025	17	HNE	-11,2	0	-13,1	0	86,0	0	2,0	0	260,0	0	983,174	5.k=1.moyenne	109,8	ERA5
1061399	29/01/2025	23	29/01/2025	18	HNE	-10,0	0	-11,7	0	87,0	0	5,0	0	260,0	0	984,27	5.k=1.moyenne	0,0	ERA5
1061400	30/01/2025	00	29/01/2025	19	HNE	-8,8	0	-10,4	0	88,0	0	9,0	0	280,0	0	985,244	5.k=1.moyenne	0,0	ERA5
1061401	30/01/2025	01	29/01/2025	20	HNE	-8,7	0	-11,8	0	78,0	0	11,0	0	300,0	0	986,243	5.k=1.moyenne	0,0	ERA5
1061402	30/01/2025	02	29/01/2025	21	HNE	-9,4	0	-14,4	0	67,0	0	9,0	0	300,0	0	986,926	5.k=1.moyenne	0,0	ERA5
1061403	30/01/2025	03	29/01/2025	22	HNE	-10,2	0	-15,2	0	67,0	0	13,0	0	290,0	0	987,734	5.k=1.moyenne	0,0	ERA5
1061404	30/01/2025	04	29/01/2025	23	HNE	-11,6	0	-17,3	0	63,0	0	14,0	0	310,0	0	988,543	5.k=1.moyenne	0,0	ERA5
1061405	30/01/2025	05	30/01/2025	00	HNE	-12,8	0	-19,0	0	60,0	0	15,0	0	300,0	0	989,498	5.k=1.moyenne	0,0	ERA5
1061406	30/01/2025	06	30/01/2025	01	HNE	-13,7	0	-19,8	0	60,0	0	10,0	0	310,0	0	989,498	5.k=1.moyenne	0,0	ERA5
1061407	30/01/2025	07	30/01/2025	02	HNE	-16,0	0	-21,0	0	65,0	0	9,0	0	270,0	0	990,427	5.k=1.moyenne	0,0	ERA5
1061408	30/01/2025	08	30/01/2025	03	HNE	-17,3	0	-22,9	0	62,0	0	8,0	0	270,0	0	991,456	5.k=1.moyenne	0,0	ERA5
1061409	30/01/2025	09	30/01/2025	04	HNE	-18,1	0	-23,6	0	63,0	0	10,0	0	270,0	0	992,23	5.k=1.moyenne	0,0	ERA5
1061410	30/01/2025	10	30/01/2025	05	HNE	-18,5	0	-23,8	0	63,0	0	7,0	0	290,0	0	993,022	5.k=1.moyenne	0,0	ERA5
1061411	30/01/2025	11	30/01/2025	06	HNE	-20,1	0	-24,3	0	69,0	0	5,0	0	260,0	0	993,825	5.k=1.moyenne	0,0	ERA5
1061412	30/01/2025	12	30/01/2025	07	HNE	-20,5	0	-25,3	0	65,0	0	5,0	0	260,0	0	994,636	5.k=1.moyenne	0,0	ERA5
1061413	30/01/2025	13	30/01/2025	08	HNE	-20,8	0	-25,0	0	69,0	0	9,0	0	250,0	0	995,403	5.k=1.moyenne	87,8	ERA5
1061414	30/01/2025	14	30/01/2025	09	HNE	-18,8	0	-24,8	0	59,0	0	10,0	0	270,0	0	996,003	5.k=1.moyenne	591,1	ERA5
1061415	30/01/2025	15	30/01/2025	10	HNE	-17,8	0	-24,1	0	58,0	0	9,0	0	260,0	0	996,541	5.k=1.moyenne	1140,9	ERA5
1061416	30/01/2025	16	30/01/2025	11	HNE	-17,4	0	-23,4	0	59,0	0	12,0	0	250,0	0	996,708	5.k=1.moyenne	1578,3	ERA5
1061417	30/01/2025	17	30/01/2025	12	HNE	-16,7	0	-23,2	0	57,0	0	12,0	0	260,0	0	996,404	5.k=1.moyenne	1796,4	ERA5
1061418	30/01/2025	18	30/01/2025	13	HNE	-15,9	0	-22,0	0	59,0	0	13,0	0	260,0	0	996,364	5.k=1.moyenne	1807,3	ERA5
1061419	30/01/2025	19	30/01/2025	14	HNE	-14,9	0	-20,7	0	61,0	0	8,0	0	260,0	0	996,24	5.k=1.moyenne	1616,8	ERA5
1061420	30/01/2025	20	30/01/2025	15	HNE	-14,1	0	-20,2	0	60,0	0	2,0	0	210,0	0	996,094	5.k=1.moyenne	1215,4	ERA5
1061421	30/01/2025	21	30/01/2025	16	HNE	-14,3	0	-19,7	0	63,0	0	6,0	0	150,0	0	996,263	5.k=1.moyenne	697,1	ERA5
1061422	30/01/2025	22	30/01/2025	17	HNE	-14,7	0	-18,9	0	71,0	0	5,0	0	130,0	0	996,614	5.k=1.moyenne	157,4	ERA5
1061423	30/01/2025	23	30/01/2025	18	HNE	-14,4	0	-18,3	0	72,0	0	4,0	0	90,0	0	996,975	5.k=1.moyenne	0,0	ERA5
1061424	31/01/2025	00	30/01/2025	19	HNE	-13,8	0	-17,3	0	75,0	0	5,0	0	110,0	0	996,783	5.k=1.moyenne	0,0	ERA5
1061425	31/01/2025	01	30/01/2025	20	HNE	-14,1	0	-17,2	0	78,0	0	3,0	0	140,0	0	996,692	5.k=1.moyenne	0,0	ERA5
1061426	31/01/2025	02	30/01/2025	21	HNE	-13,9	0	-17,0	0	77,0	0	5,0	0	130,0	0	996,335	5.k=1.moyenne	0,0	ERA5
1061427	31/01/2025	03	30/01/2025	22	HNE	-9,8	0	-13,8	0	73,0	0	14,0	0	160,0	0	995,977	5.k=1.moyenne	0,0	ERA5
1061428	31/01/2025	04	30/01/2025	23	HNE	-7,9	0	-11,1	0	78,0	0	20,0	0	170,0	0	995,598	5.k=1.moyenne	0,0	ERA5
1061429	31/01/2025	05	31/01/2025	00	HNE	-6,0	0	-8,0	0	86,0	0	22,0	0	170,0	0	995,341	5.k=1.moyenne	0,0	ERA5
1061430	31/01/2025	06	31/01/2025	01	HNE	-5,1	0	-7,7	0	82,0	0	27,0	0	170,0	0	995,341	5.k=1.moyenne	0,0	ERA5
1061431	31/01/2025	07	31/01/2025	02	HNE	-4,1	0	-7,9	0	75,0	0	30,0	0	180,0	0	995,189	5.k=1.moyenne	0,0	ERA5
1061432	31/01/2025	08	31/01/2025	03	HNE	-3,7	0	-7,8	0	73,0	0	26,0	0	180,0	0	995,102	5.k=1.moyenne	0,0	ERA5
1061433	31/01/2025	09	31/01/2025	04	HNE	-3,5	0	-8,2	0	70,0	0	19,0	0	190,0	0	994,622	5.k=1.moyenne	0,0	ERA5
1061434	31/01/2025	10	31/01/2025	05	HNE	-3,6	0	-8,2	0	71,0	0	13,0	0	220,0	0	994,747	5.k=1.moyenne	0,0	ERA5
1061435	31/01/2025	11	31/01/2025	06	HNE	-4,9	0	-8,6	0	75,0	0	3,0	0	300,0	0	994,77	5.k=1.moyenne	0,0	ERA5
1061436	31/01/2025	12	31/01/2025	07	HNE	-6,9	0	-9,9	0	79,0	0	4,0	0	290,0	0	995,129	5.k=1.moyenne	0,0	ERA5
1061437	31/01/2025	13	31/01/2025	08	HNE	-7,5	0	-9,8	0	84,0	0	6,0	0	270,0	0	995,358	5.k=1.moyenne	44,6	ERA5
1061438	31/01/2025	14	31/01/2025	09	HNE	-7,0	0	-9,2	0	84,0	0	3,0	0	300,0	0	995,507	5.k=1.moyenne	261,4	ERA5
1061439	31/01/2025	15	31/01/2025	10	HNE	-6,3	0	-9,3	0	80,0	0	2,0	0	280,0	0	995,453	5.k=1.moyenne	678,2	ERA5
1061440	31/01/2025	16	31/01/2025	11	HNE	-5,7	0	-9,3	0	76,0	0	2,0	0	310,0	0	995,318	5.k=1.moyenne	1063,3	ERA5
1061441	31/01/2025	17	31/01/2025	12	HNE	-4,3	0	-8,7	0	71,0	0	0,0	0	20,0	0	994,715	5.k=1.moyenne	1234,2	ERA5
1061442	31/01/2025	18	31/01/2025	13	HNE	-4,3	0	-8,6	0	72,0	0	3,0	0	350,0	0	994,296	5.k=1.moyenne	1299,7	ERA5
1061443	31/01/2025	19	31/01/2025	14	HNE	-4,3	0	-8,9	0	70,0	0	9,0	0	10,0	0	993,961	5.k=1.moyenne	1169,5	ERA5
1061444	31/01/2025	20	31/01/2025	15	HNE	-6,2	0	-9,7	0	76,0	0	6,0	0	10,0	0	993,666	5.k=1.moyenne	807,8	ERA5
1061445	31/01/2025	21	31/01/2025	16	HNE	-5,9	0	-9,2	0	77,0	0	5,0	0	30,0	0	993,76	5.k=1.moyenne	461,0	ERA5
1061446	31/01/2025	22	31/01/2025	17	HNE	-6,6	0	-9,5	0	80,0	0	4,0	0	30,0	0	994,288	5.k=1.moyenne	119,7	ERA5
1061447	31/01/2025	23	31/01/2025	18	HNE	-6,5	0	-9,6	0	79,0	0	8,0	0	20,0	0	994,615	5.k=1.moyenne	0,0	ERA5
1061448	01/02/2025	00	31/01/2025	19	HNE	-6,2	0	-10,3	0	73,0	0	10,0	0	30,0	0	994,692	5.k=1.moyenne	0,0	ERA5
1061449	01/02/2025	01	31/01/2025	20	HNE	-6,7	0	-10,6	0	74,0	0	7,0	0	50,0	0	994,957	5.k=1.moyenne	0,0	ERA5
1061450	01/02/2025	02	31/01/2025	21	HNE	-6,9	0	-12,1	0	66,0	0	11,0	0	40,0	0	995,098	5.k=1.moyenne	0,0	ERA5
1061451	01/02/2025	03	31/01/2025	22	HNE	-7,3	0	-12,2	0	68,0	0	10,0	0	20,0	0	995,343	5.k=1.moyenne	0,0	ERA5
1061452	01/02/2025	04	31/01/2025	23	HNE	-8,1	0	-13,4	0	66,0	0	12,0	0	10,0	0	995,506	5.k=1.moyenne	0,0	ERA5
1061453	01/02/2025	05	01/02/2025	00	HNE	-8,8	0	-14,3	0	65,0	0	11,0	0	10,0	0	995,793	5.k=1.moyenne	0,0	ERA5
1061454	01/02/2025	06	01/02/2025	01	HNE	-9,0	0	-15,1	0	62,0	0	8,0	0	20,0	0	995,793	5.k=1.moyenne	0,0	ERA5
1061455	01/02/2025	07	01/02/2025	02	HNE	-9,4	0	-15,2	0	63,0	0	12,0	0	20,0	0	996,432	5.k=1.moyenne	0,0	ERA5
1061456	01/02/2025	08	01/02/2025	03	HNE	-10,1	0	-15,8	0	63,0	0	10,0	0	20,0	0	997,13	5.k=1.moyenne	0,0	ERA5
1061457	01/02/2025	09	01/02/2025	04	HNE	-11,7	0	-17,4	0	63,0	0	13,0	0	20,0	0	997,784	5.k=1.moyenne	0,0	ERA5
1061458	01/02/2025	10	01/02/2025	05	HNE	-12,7	0	-18,2	0	63,0	0	9,0	0	350,0	0	998,707	5.k=1.moyenne	0,0	ERA5
1061459	01/02/2025	11	01/02/2025	06	HNE	-14,1	0	-19,5	0	63,0	0	9,0	0	350,0	0	999,627	5.k=1.moyenne	0,0	ERA5
1061460	01/02/2025	12	01/02/2025	07	HNE	-15,3	0	-20,8	0	63,0	0	8,0	0	340,0	0	1000,82	5.k=1.moyenne	0,0	ERA5
1061461	01/02/2025	13	01/02/2025	08	HNE	-15,9	0	-22,3	0	58,0	0	8,0	0	350,0	0	1001,98	5.k=1.moyenne	102,4	ERA5
1061462	01/02/2025	14	01/02/2025	09	HNE	-15,5	0	-22,9	0	53,0	0	10,0	0	350,0	0	1003,0	5.k=1.moyenne	607,5	ERA5
1061463	01/02/2025	15	01/02/2025	10	HNE	-15,2	0	-22,7	0	53,0	0	7,0	0	360,0	0	1003,77	5.k=1.moyenne	1154,7	ERA5
1061464	01/02/2025	16	01/02/2025	11	HNE	-15,1	0	-23,1	0	50,0	0	6,0	0	350,0	0	1004,39	5.k=1.moyenne	1571,7	ERA5
1061465	01/02/2025	17	01/02/2025	12	HNE	-15,3	0	-22,9	0	52,0	0	7,0	0	30,0	0	1004,53	5.k=1.moyenne	1816,0	ERA5
1061466	01/02/2025	18	01/02/2025	13	HNE	-15,4	0	-23,6	0	49,0	0	10,0	0	40,0	0	1005,1	5.k=1.moyenne	1854,6	ERA5
1061467	01/02/2025	19	01/02/2025	14	HNE	-14,6	0	-22,3	0	52,0	0	11,0	0	270,0	0	1005,62	5.k=1.moyenne	1669,6	ERA5
1061468	01/02/2025	20	01/02/2025	15	HNE	-15,6	0	-23,0	0	53,0	0	13,0	0	260,0	0	1006,4	5.k=1.moyenne	1257,1	ERA5
1061469	01/02/2025	21	01/02/2025	16	HNE	-16,1	0	-23,7	0	52,0	0	10,0	0	260,0	0	1007,45	5.k=1.moyenne	747,0	ERA5
1061470	01/02/2025	22	01/02/2025	17	HNE	-17,0	0	-23,8	0	56,0	0	8,0	0	260,0	0	1008,5	5.k=1.moyenne	193,7	ERA5
1061471	01/02/2025	23	01/02/2025	18	HNE	-17,8	0	-24,0	0	58,0	0	7,0	0	260,0	0	1009,49	5.k=1.moyenne	0,0	ERA5
1061472	02/02/2025	00	01/02/2025	19	HNE	-17,7	0	-23,9	0	59,0	0	9,0	0	270,0	0	1010,14	5.k=1.moyenne	0,0	ERA5
1061473	02/02/2025	01	01/02/2025	20	HNE	-17,7	0	-24,1	0	57,0	0	10,0	0	270,0	0	1010,92	5.k=1.moyenne	0,0	ERA5
1061474	02/02/2025	02	01/02/2025	21	HNE	-18,0	0	-24,2	0	58,0	0	7,0	0	250,0	0	1011,57	5.k=1.moyenne	0,0	ERA5
1061475	02/02/2025	03	01/02/2025	22	HNE	-19,2	0	-24,7	0	62,0	0	6,0	0	260,0	0	1012,04	5.k=1.moyenne	0,0	ERA5
1061476	02/02/2025	04	01/02/2025	23	HNE	-20,0	0	-25,1	0	64,0	0	6,0	0	230,0	0	1012,29	5.k=1.moyenne	0,0	ERA5
1061477	02/02/2025	05	02/02/2025	00	HNE	-21,9	0	-26,2	0	68,0	0	3,0	0	230,0	0	1012,74	5.k=1.moyenne	0,0	ERA5
1061478	02/02/2025	06	02/02/2025	01	HNE	-23,0	0	-26,5	0	73,0	0	5,0	0	180,0	0	1012,74	5.k=1.moyenne	0,0	ERA5
1061479	02/02/2025	07	02/02/2025	02	HNE	-23,7	0	-27,1	0	74,0	0	5,0	0	160,0	0	1013,28	5.k=1.moyenne	0,0	ERA5
1061480	02/02/2025	08	02/02/2025	03	HNE	-24,0	0	-26,7	0	78,0	0	4,0	0	140,0	0	1013,73	5.k=1.moyenne	0,0	ERA5
1061481	02/02/2025	09	02/02/2025	04	HNE	-24,7	0	-27,6	0	77,0	0	2,0	0	160,0	0	1014,0	5.k=1.moyenne	0,0	ERA5
1061482	02/02/2025	10	02/02/2025	05	HNE	-24,9	0	-27,4	0	80,0	0	3,0	0	140,0	0	1014,38	5.k=1.moyenne	0,0	ERA5
1061483	02/02/2025	11	02/02/2025	06	HNE	-23,8	0	-26,3	0	80,0	0	3,0	0	150,0	0	1014,42	5.k=1.moyenne	0,0	ERA5
1061484	02/02/2025	12	02/02/2025	07	HNE	-22,5	0	-25,3	0	78,0	0	3,0	0	150,0	0	1014,49	5.k=1.moyenne	0,0	ERA5
1061485	02/02/2025	13	02/02/2025	08	HNE	-20,4	0	-24,8	0	68,0	0	5,0	0	130,0	0	1014,44	5.k=1.moyenne	78,6	ERA5
1061486	02/02/2025	14	02/02/2025	09	HNE	-19,6	0	-24,3	0	66,0	0	4,0	0	180,0	0	1014,06	5.k=1.moyenne	436,3	ERA5
1061487	02/02/2025	15	02/02/2025	10	HNE	-17,5	0	-23,3	0	60,0	0	6,0	0	110,0	0	1013,77	5.k=1.moyenne	788,4	ERA5
1061488	02/02/2025	16	02/02/2025	11	HNE	-15,4	0	-21,9	0	58,0	0	5,0	0	120,0	0	1013,01	5.k=1.moyenne	1021,4	ERA5
1061489	02/02/2025	17	02/02/2025	12	HNE	-14,2	0	-21,9	0	52,0	0	8,0	0	110,0	0	1012,04	5.k=1.moyenne	1205,1	ERA5
1061490	02/02/2025	18	02/02/2025	13	HNE	-13,3	0	-21,4	0	50,0	0	8,0	0	110,0	0	1010,95	5.k=1.moyenne	1108,3	ERA5
1061491	02/02/2025	19	02/02/2025	14	HNE	-12,5	0	-20,6	0	51,0	0	9,0	0	90,0	0	1010,13	5.k=1.moyenne	1017,4	ERA5
1061492	02/02/2025	20	02/02/2025	15	HNE	-11,7	0	-20,1	0	50,0	0	10,0	0	50,0	0	1009,47	5.k=1.moyenne	725,5	ERA5
1061493	02/02/2025	21	02/02/2025	16	HNE	-11,9	0	-18,4	0	59,0	0	8,0	0	40,0	0	1008,79	5.k=1.moyenne	317,1	ERA5
1061494	02/02/2025	22	02/02/2025	17	HNE	-12,6	0	-18,2	0	63,0	0	9,0	0	40,0	0	1008,2	5.k=1.moyenne	86,0	ERA5
1061495	02/02/2025	23	02/02/2025	18	HNE	-12,8	0	-17,8	0	66,0	0	6,0	0	50,0	0	1007,85	5.k=1.moyenne	0,0	ERA5
1061496	03/02/2025	00	02/02/2025	19	HNE	-13,2	0	-17,7	0	69,0	0	7,0	0	30,0	0	1007,21	5.k=1.moyenne	0,0	ERA5
1061497	03/02/2025	01	02/02/2025	20	HNE	-13,1	0	-17,1	0	72,0	0	8,0	0	40,0	0	1006,62	5.k=1.moyenne	0,0	ERA5
1061498	03/02/2025	02	02/02/2025	21	HNE	-11,5	0	-15,5	0	72,0	0	5,0	0	110,0	0	1006,02	5.k=1.moyenne	0,0	ERA5
1061499	03/02/2025	03	02/02/2025	22	HNE	-10,0	0	-11,8	0	87,0	0	4,0	0	110,0	0	1005,34	5.k=1.moyenne	0,0	ERA5
1061500	03/02/2025	04	02/02/2025	23	HNE	-7,2	0	-8,6	0	90,0	0	15,0	0	160,0	0	1004,55	5.k=1.moyenne	0,0	ERA5
1061501	03/02/2025	05	03/02/2025	00	HNE	-6,9	0	-8,2	0	90,0	0	19,0	0	160,0	0	1003,8	5.k=1.moyenne	0,0	ERA5
1061502	03/02/2025	06	03/02/2025	01	HNE	-6,3	0	-7,7	0	90,0	0	17,0	0	170,0	0	1003,8	5.k=1.moyenne	0,0	ERA5
1061503	03/02/2025	07	03/02/2025	02	HNE	-5,7	0	-7,1	0	89,0	0	17,0	0	170,0	0	1003,14	5.k=1.moyenne	0,0	ERA5
1061504	03/02/2025	08	03/02/2025	03	HNE	-5,2	0	-6,7	0	89,0	0	14,0	0	180,0	0	1002,38	5.k=1.moyenne	0,0	ERA5
1061505	03/02/2025	09	03/02/2025	04	HNE	-4,8	0	-6,2	0	90,0	0	11,0	0	200,0	0	1001,52	5.k=1.moyenne	0,0	ERA5
1061506	03/02/2025	10	03/02/2025	05	HNE	-4,3	0	-6,2	0	87,0	0	6,0	0	230,0	0	1001,05	5.k=1.moyenne	0,0	ERA5
1061507	03/02/2025	11	03/02/2025	06	HNE	-4,3	0	-6,1	0	87,0	0	13,0	0	180,0	0	1000,18	5.k=1.moyenne	0,0	ERA5
1061508	03/02/2025	12	03/02/2025	07	HNE	-4,1	0	-5,8	0	88,0	0	17,0	0	180,0	0	999,433	5.k=1.moyenne	0,0	ERA5
1061509	03/02/2025	13	03/02/2025	08	HNE	-3,9	0	-5,6	0	88,0	0	17,0	0	190,0	0	998,848	5.k=1.moyenne	42,9	ERA5
1061510	03/02/2025	14	03/02/2025	09	HNE	-3,5	0	-5,3	0	87,0	0	21,0	0	180,0	0	998,021	5.k=1.moyenne	313,0	ERA5
1061511	03/02/2025	15	03/02/2025	10	HNE	-2,9	0	-4,7	0	88,0	0	19,0	0	180,0	0	996,828	5.k=1.moyenne	399,3	ERA5
1061512	03/02/2025	16	03/02/2025	11	HNE	-2,5	0	-4,8	0	84,0	0	23,0	0	190,0	0	995,373	5.k=1.moyenne	593,4	ERA5
1061513	03/02/2025	17	03/02/2025	12	HNE	-1,3	0	-4,0	0	82,0	0	22,0	0	190,0	0	993,614	5.k=1.moyenne	1137,5	ERA5
1061514	03/02/2025	18	03/02/2025	13	HNE	-0,7	0	-3,4	0	82,0	0	27,0	0	190,0	0	992,368	5.k=1.moyenne	896,3	ERA5
1061515	03/02/2025	19	03/02/2025	14	HNE	-0,3	0	-2,9	0	82,0	0	22,0	0	190,0	0	991,388	5.k=1.moyenne	857,2	ERA5
1061516	03/02/2025	20	03/02/2025	15	HNE	-0,3	0	-1,5	0	91,0	0	18,0	0	200,0	0	990,879	5.k=1.moyenne	485,6	ERA5
1061517	03/02/2025	21	03/02/2025	16	HNE	-0,2	0	-0,5	0	98,0	0	17,0	0	200,0	0	989,189	5.k=1.moyenne	160,2	ERA5
1061518	03/02/2025	22	03/02/2025	17	HNE	0,1	0	-0,1	0	98,0	0	14,0	0	200,0	0	988,561	5.k=1.moyenne	34,8	ERA5
1061519	03/02/2025	23	03/02/2025	18	HNE	0,2	0	-0,1	0	98,0	0	8,0	0	230,0	0	988,281	5.k=1.moyenne	0,0	ERA5
1061520	04/02/2025	00	03/02/2025	19	HNE	0,2	0	-0,2	4.lineaire	98,0	0	8,0	0	260,0	0	987,962	5.k=1.moyenne	0,0	ERA5
1061521	04/02/2025	01	03/02/2025	20	HNE	-0,1	0	-0,3	0	98,0	0	9,0	0	270,0	0	987,603	5.k=1.moyenne	0,0	ERA5
1061522	04/02/2025	02	03/02/2025	21	HNE	-0,45	4.lineaire	-0,2	0	99,0	0	9,0	0	270,0	0	987,286	5.k=1.moyenne	0,0	ERA5
1061523	04/02/2025	03	03/02/2025	22	HNE	-0,8	0	-1,4	0	96,0	0	10,0	0	300,0	0	987,051	5.k=1.moyenne	0,0	ERA5
1061524	04/02/2025	04	03/02/2025	23	HNE	-1,7	0	-4,0	0	84,0	0	8,0	0	310,0	0	986,858	5.k=1.moyenne	0,0	ERA5
1061525	04/02/2025	05	04/02/2025	00	HNE	-2,4	0	-4,7	0	84,0	0	8,0	0	300,0	0	987,033	5.k=1.moyenne	0,0	ERA5
1061526	04/02/2025	06	04/02/2025	01	HNE	-3,5	0	-6,2	0	81,0	0	6,0	0	320,0	0	987,033	5.k=1.moyenne	0,0	ERA5
1061527	04/02/2025	07	04/02/2025	02	HNE	-5,7	0	-8,2	0	82,0	0	6,0	0	300,0	0	987,27	5.k=1.moyenne	0,0	ERA5
1061528	04/02/2025	08	04/02/2025	03	HNE	-7,5	0	-9,6	0	85,0	0	5,0	0	300,0	0	987,365	5.k=1.moyenne	0,0	ERA5
1061529	04/02/2025	09	04/02/2025	04	HNE	-7,4	0	-9,7	0	84,0	0	5,0	0	280,0	0	987,562	5.k=1.moyenne	0,0	ERA5
1061530	04/02/2025	10	04/02/2025	05	HNE	-7,3	0	-9,7	0	83,0	0	8,0	0	270,0	0	987,924	5.k=1.moyenne	0,0	ERA5
1061531	04/02/2025	11	04/02/2025	06	HNE	-7,9	0	-10,2	0	84,0	0	5,0	0	260,0	0	988,163	5.k=1.moyenne	0,0	ERA5
1061532	04/02/2025	12	04/02/2025	07	HNE	-7,8	0	-10,0	0	84,0	0	6,0	0	270,0	0	988,816	5.k=1.moyenne	0,0	ERA5
1061533	04/02/2025	13	04/02/2025	08	HNE	-7,2	0	-9,2	0	85,0	0	8,0	0	270,0	0	989,591	5.k=1.moyenne	80,6	ERA5
1061534	04/02/2025	14	04/02/2025	09	HNE	-7,0	0	-8,9	0	86,0	0	12,0	0	280,0	0	990,307	5.k=1.moyenne	473,4	ERA5
1061535	04/02/2025	15	04/02/2025	10	HNE	-6,8	0	-9,3	0	83,0	0	13,0	0	280,0	0	991,123	5.k=1.moyenne	1163,6	ERA5
1061536	04/02/2025	16	04/02/2025	11	HNE	-6,7	0	-11,2	0	71,0	0	19,0	0	290,0	0	991,919	5.k=1.moyenne	1352,6	ERA5
1061537	04/02/2025	17	04/02/2025	12	HNE	-6,7	0	-11,6	0	68,0	0	10,0	0	290,0	0	992,196	5.k=1.moyenne	1374,4	ERA5
1061538	04/02/2025	18	04/02/2025	13	HNE	-6,5	0	-11,7	0	66,0	0	14,0	0	290,0	0	992,753	5.k=1.moyenne	1559,8	ERA5
1061539	04/02/2025	19	04/02/2025	14	HNE	-7,1	0	-13,2	0	62,0	0	16,0	0	300,0	0	993,53	5.k=1.moyenne	1526,9	ERA5
1061540	04/02/2025	20	04/02/2025	15	HNE	-7,3	0	-13,8	0	60,0	0	15,0	0	290,0	0	994,628	5.k=1.moyenne	1208,8	ERA5
1061541	04/02/2025	21	04/02/2025	16	HNE	-7,7	0	-14,8	0	57,0	0	17,0	0	300,0	0	995,646	5.k=1.moyenne	747,9	ERA5
1061542	04/02/2025	22	04/02/2025	17	HNE	-9,0	0	-15,4	0	60,0	0	12,0	0	290,0	0	997,023	5.k=1.moyenne	217,6	ERA5
1061543	04/02/2025	23	04/02/2025	18	HNE	-10,5	0	-16,4	0	62,0	0	9,0	0	290,0	0	998,261	5.k=1.moyenne	0,0	ERA5
1061544	05/02/2025	00	04/02/2025	19	HNE	-11,2	0	-16,7	0	64,0	0	8,0	0	290,0	0	999,3	5.k=1.moyenne	0,0	ERA5
1061545	05/02/2025	01	04/02/2025	20	HNE	-11,9	0	-17,3	0	64,0	0	6,0	0	280,0	0	1000,02	5.k=1.moyenne	0,0	ERA5
1061546	05/02/2025	02	04/02/2025	21	HNE	-11,3	0	-17,5	0	60,0	0	7,0	0	310,0	0	1000,71	5.k=1.moyenne	0,0	ERA5
1061547	05/02/2025	03	04/02/2025	22	HNE	-13,3	0	-18,2	0	66,0	0	7,0	0	300,0	0	1001,16	5.k=1.moyenne	0,0	ERA5
1061548	05/02/2025	04	04/02/2025	23	HNE	-15,6	0	-20,2	0	68,0	0	7,0	0	270,0	0	1001,44	5.k=1.moyenne	0,0	ERA5
1061549	05/02/2025	05	05/02/2025	00	HNE	-16,2	0	-20,2	0	71,0	0	7,0	0	280,0	0	1002,07	5.k=1.moyenne	0,0	ERA5
1061550	05/02/2025	06	05/02/2025	01	HNE	-16,8	0	-19,7	0	78,0	0	5,0	0	260,0	0	1002,07	5.k=1.moyenne	0,0	ERA5
1061551	05/02/2025	07	05/02/2025	02	HNE	-17,1	0	-20,7	0	74,0	0	8,0	0	270,0	0	1002,57	5.k=1.moyenne	0,0	ERA5
1061552	05/02/2025	08	05/02/2025	03	HNE	-17,0	0	-20,9	0	72,0	0	9,0	0	270,0	0	1002,93	5.k=1.moyenne	0,0	ERA5
1061553	05/02/2025	09	05/02/2025	04	HNE	-17,1	0	-21,2	0	70,0	0	9,0	0	290,0	0	1003,41	5.k=1.moyenne	0,0	ERA5
1061554	05/02/2025	10	05/02/2025	05	HNE	-18,8	0	-22,5	0	73,0	0	4,0	0	290,0	0	1003,69	5.k=1.moyenne	0,0	ERA5
1061555	05/02/2025	11	05/02/2025	06	HNE	-19,1	0	-22,3	0	76,0	0	1,0	0	30,0	0	1004,08	5.k=1.moyenne	0,0	ERA5
1061556	05/02/2025	12	05/02/2025	07	HNE	-18,6	0	-21,2	0	80,0	0	4,0	0	300,0	0	1004,79	5.k=1.moyenne	0,0	ERA5
1061557	05/02/2025	13	05/02/2025	08	HNE	-19,1	0	-22,2	0	76,0	0	3,0	0	310,0	0	1005,28	5.k=1.moyenne	122,6	ERA5
1061558	05/02/2025	14	05/02/2025	09	HNE	-17,2	0	-20,2	0	77,0	0	3,0	0	240,0	0	1005,58	5.k=1.moyenne	659,7	ERA5
1061559	05/02/2025	15	05/02/2025	10	HNE	-18,8	0	-22,5	0	73,0	0	6,0	0	230,0	0	1005,57	5.k=1.moyenne	1223,3	ERA5
1061560	05/02/2025	16	05/02/2025	11	HNE	-15,8	0	-19,6	0	73,0	0	9,0	0	240,0	0	1005,42	5.k=1.moyenne	1651,4	ERA5
1061561	05/02/2025	17	05/02/2025	12	HNE	-15,5	0	-20,2	0	67,0	0	8,0	0	250,0	0	1004,82	5.k=1.moyenne	1871,5	ERA5
1061562	05/02/2025	18	05/02/2025	13	HNE	-15,1	0	-20,7	0	62,0	0	10,0	0	250,0	0	1004,29	5.k=1.moyenne	1919,9	ERA5
1061563	05/02/2025	19	05/02/2025	14	HNE	-14,7	0	-20,9	0	60,0	0	9,0	0	260,0	0	1003,77	5.k=1.moyenne	1737,8	ERA5
1061564	05/02/2025	20	05/02/2025	15	HNE	-14,1	0	-20,1	0	61,0	0	6,0	0	270,0	0	1003,47	5.k=1.moyenne	1367,1	ERA5
1061565	05/02/2025	21	05/02/2025	16	HNE	-13,9	0	-20,1	0	59,0	0	7,0	0	270,0	0	1003,48	5.k=1.moyenne	828,8	ERA5
1061566	05/02/2025	22	05/02/2025	17	HNE	-18,7	0	-23,0	0	69,0	0	8,0	0	230,0	0	1003,66	5.k=1.moyenne	250,6	ERA5
1061567	05/02/2025	23	05/02/2025	18	HNE	-21,6	0	-25,1	0	73,0	0	9,0	0	180,0	0	1003,96	5.k=1.moyenne	0,1	ERA5
1061568	06/02/2025	00	05/02/2025	19	HNE	-17,5	0	-20,1	0	80,0	0	8,0	0	220,0	0	1004,25	5.k=1.moyenne	0,0	ERA5
1061569	06/02/2025	01	05/02/2025	20	HNE	-22,6	0	-25,5	0	77,0	0	7,0	0	170,0	0	1004,26	5.k=1.moyenne	0,0	ERA5
1061570	06/02/2025	02	05/02/2025	21	HNE	-24,1	0	-26,7	0	79,0	0	13,0	0	200,0	0	1004,01	5.k=1.moyenne	0,0	ERA5
1061571	06/02/2025	03	05/02/2025	22	HNE	-23,3	0	-25,6	0	81,0	0	6,0	0	200,0	0	1003,77	5.k=1.moyenne	0,0	ERA5
1061572	06/02/2025	04	05/02/2025	23	HNE	-22,5	0	-25,1	0	79,0	0	6,0	0	160,0	0	1003,61	5.k=1.moyenne	0,0	ERA5
1061573	06/02/2025	05	06/02/2025	00	HNE	-22,7	0	-25,0	0	81,0	0	7,0	0	150,0	0	1003,37	5.k=1.moyenne	0,0	ERA5
1061574	06/02/2025	06	06/02/2025	01	HNE	-21,5	0	-24,1	0	79,0	0	8,0	0	170,0	0	1003,37	5.k=1.moyenne	0,0	ERA5
1061575	06/02/2025	07	06/02/2025	02	HNE	-21,4	0	-24,0	0	79,0	0	7,0	0	140,0	0	1003,14	5.k=1.moyenne	0,0	ERA5
1061576	06/02/2025	08	06/02/2025	03	HNE	-19,7	0	-22,4	0	79,0	0	7,0	0	160,0	0	1002,65	5.k=1.moyenne	0,0	ERA5
1061577	06/02/2025	09	06/02/2025	04	HNE	-19,2	0	-21,7	0	80,0	0	4,0	0	130,0	0	1002,28	5.k=1.moyenne	0,0	ERA5
1061578	06/02/2025	10	06/02/2025	05	HNE	-18,8	0	-21,2	0	82,0	0	2,0	0	70,0	0	1001,87	5.k=1.moyenne	0,0	ERA5
1061579	06/02/2025	11	06/02/2025	06	HNE	-17,8	0	-20,1	0	82,0	0	4,0	0	80,0	0	1001,44	5.k=1.moyenne	0,0	ERA5
1061580	06/02/2025	12	06/02/2025	07	HNE	-19,1	0	-21,9	0	79,0	0	4,0	0	60,0	0	1000,9	5.k=1.moyenne	0,0	ERA5
1061581	06/02/2025	13	06/02/2025	08	HNE	-15,8	0	-18,7	0	78,0	0	9,0	0	70,0	0	1000,27	5.k=1.moyenne	122,3	ERA5
1061582	06/02/2025	14	06/02/2025	09	HNE	-13,3	0	-17,5	0	71,0	0	8,0	0	70,0	0	999,494	5.k=1.moyenne	425,6	ERA5
1061583	06/02/2025	15	06/02/2025	10	HNE	-13,3	0	-17,5	0	71,0	0	10,0	0	60,0	0	998,321	5.k=1.moyenne	478,8	ERA5
1061584	06/02/2025	16	06/02/2025	11	HNE	-11,6	0	-14,0	0	82,0	0	7,0	0	90,0	0	996,989	5.k=1.moyenne	513,9	ERA5
1061585	06/02/2025	17	06/02/2025	12	HNE	-11,9	0	-14,1	0	84,0	0	8,0	0	60,0	0	994,959	5.k=1.moyenne	488,1	ERA5
1061586	06/02/2025	18	06/02/2025	13	HNE	-10,0	0	-11,7	0	88,0	0	3,0	0	40,0	0	993,309	5.k=1.moyenne	554,5	ERA5
1061587	06/02/2025	19	06/02/2025	14	HNE	-6,5	0	-7,9	0	90,0	0	19,0	0	140,0	0	991,589	5.k=1.moyenne	407,0	ERA5
1061588	06/02/2025	20	06/02/2025	15	HNE	-6,0	0	-7,5	0	89,0	0	16,0	0	150,0	0	990,295	5.k=1.moyenne	310,3	ERA5
1061589	06/02/2025	21	06/02/2025	16	HNE	-4,8	0	-5,9	0	92,0	0	33,0	0	170,0	0	988,941	5.k=1.moyenne	233,7	ERA5
1061590	06/02/2025	22	06/02/2025	17	HNE	-3,7	0	-4,9	0	91,0	0	36,0	0	180,0	0	987,73	5.k=1.moyenne	89,6	ERA5
1061591	06/02/2025	23	06/02/2025	18	HNE	-3,1	0	-4,2	0	92,0	0	38,0	0	180,0	0	986,601	5.k=1.moyenne	0,1	ERA5
1061592	07/02/2025	00	06/02/2025	19	HNE	-2,5	0	-3,5	0	92,0	0	32,0	0	190,0	0	985,391	5.k=1.moyenne	0,0	ERA5
1061593	07/02/2025	01	06/02/2025	20	HNE	-2,3	0	-3,1	0	95,0	0	24,0	0	200,0	0	984,263	5.k=1.moyenne	0,0	ERA5
1061594	07/02/2025	02	06/02/2025	21	HNE	-2,1	0	-3,0	0	94,0	0	11,0	0	240,0	0	983,177	5.k=1.moyenne	0,0	ERA5
1061595	07/02/2025	03	06/02/2025	22	HNE	-2,2	0	-2,9	0	95,0	0	13,0	0	250,0	0	982,315	5.k=1.moyenne	0,0	ERA5
1061596	07/02/2025	04	06/02/2025	23	HNE	-1,2	0	-2,6	0	90,0	0	16,0	0	250,0	0	981,107	5.k=1.moyenne	0,0	ERA5
1061597	07/02/2025	05	07/02/2025	00	HNE	-0,3	0	-3,0	0	82,0	0	24,0	0	230,0	0	980,205	5.k=1.moyenne	0,0	ERA5
1061598	07/02/2025	06	07/02/2025	01	HNE	0,9	0	-3,8	0	71,0	0	20,0	0	240,0	0	980,205	5.k=1.moyenne	0,0	ERA5
1061599	07/02/2025	07	07/02/2025	02	HNE	0,7	0	-4,2	0	70,0	0	18,0	0	240,0	0	979,664	5.k=1.moyenne	0,0	ERA5
1061600	07/02/2025	08	07/02/2025	03	HNE	0,6	0	-3,5	0	74,0	0	25,0	0	240,0	0	979,109	5.k=1.moyenne	0,0	ERA5
1061601	07/02/2025	09	07/02/2025	04	HNE	-2,0	0	-3,1	0	92,0	0	15,0	0	300,0	0	978,967	5.k=1.moyenne	0,0	ERA5
1061602	07/02/2025	10	07/02/2025	05	HNE	-2,6	0	-3,1	0	96,0	0	12,0	0	280,0	0	979,157	5.k=1.moyenne	0,0	ERA5
1061603	07/02/2025	11	07/02/2025	06	HNE	-3,0	0	-3,8	0	95,0	0	16,0	0	260,0	0	979,617	5.k=1.moyenne	0,0	ERA5
1061604	07/02/2025	12	07/02/2025	07	HNE	-4,3	0	-4,9	0	95,0	0	13,0	0	290,0	0	980,285	5.k=1.moyenne	0,0	ERA5
1061605	07/02/2025	13	07/02/2025	08	HNE	-4,4	0	-7,7	0	78,0	0	17,0	0	270,0	0	981,263	5.k=1.moyenne	97,6	ERA5
1061606	07/02/2025	14	07/02/2025	09	HNE	-5,7	0	-8,5	0	81,0	0	19,0	0	280,0	0	982,04	5.k=1.moyenne	650,2	ERA5
1061607	07/02/2025	15	07/02/2025	10	HNE	-5,6	0	-10,4	0	69,0	0	26,0	0	260,0	0	982,841	5.k=1.moyenne	1191,3	ERA5
1061608	07/02/2025	16	07/02/2025	11	HNE	-5,6	0	-10,8	0	67,0	0	24,0	0	250,0	0	983,564	5.k=1.moyenne	1576,1	ERA5
1061609	07/02/2025	17	07/02/2025	12	HNE	-5,6	0	-10,8	0	67,0	0	21,0	0	270,0	0	984,146	5.k=1.moyenne	1812,2	ERA5
1061610	07/02/2025	18	07/02/2025	13	HNE	-5,4	0	-11,0	0	65,0	0	20,0	0	260,0	0	984,874	5.k=1.moyenne	1725,6	ERA5
1061611	07/02/2025	19	07/02/2025	14	HNE	-4,9	0	-11,1	0	62,0	0	17,0	0	270,0	0	985,644	5.k=1.moyenne	1477,8	ERA5
1061612	07/02/2025	20	07/02/2025	15	HNE	-5,0	0	-11,1	0	62,0	0	18,0	0	270,0	0	986,805	5.k=1.moyenne	1056,2	ERA5
1061613	07/02/2025	21	07/02/2025	16	HNE	-5,1	0	-11,4	0	61,0	0	19,0	0	280,0	0	988,049	5.k=1.moyenne	750,9	ERA5
1061614	07/02/2025	22	07/02/2025	17	HNE	-6,1	0	-12,0	0	63,0	0	14,0	0	270,0	0	989,213	5.k=1.moyenne	221,6	ERA5
1061615	07/02/2025	23	07/02/2025	18	HNE	-6,5	0	-12,7	0	61,0	0	12,0	0	270,0	0	990,543	5.k=1.moyenne	0,8	ERA5
1061616	08/02/2025	00	07/02/2025	19	HNE	-7,1	0	-13,2	0	62,0	0	11,0	0	280,0	0	991,445	5.k=1.moyenne	0,0	ERA5
1061617	08/02/2025	01	07/02/2025	20	HNE	-7,1	0	-13,7	0	59,0	0	11,0	0	290,0	0	992,144	5.k=1.moyenne	0,0	ERA5
1061618	08/02/2025	02	07/02/2025	21	HNE	-8,7	0	-14,3	0	64,0	0	4,0	0	270,0	0	992,885	5.k=1.moyenne	0,0	ERA5
1061619	08/02/2025	03	07/02/2025	22	HNE	-12,5	0	-16,7	0	71,0	0	8,0	0	190,0	0	993,403	5.k=1.moyenne	0,0	ERA5
1061620	08/02/2025	04	07/02/2025	23	HNE	-11,7	0	-14,9	0	77,0	0	9,0	0	180,0	0	994,045	5.k=1.moyenne	0,0	ERA5
1061621	08/02/2025	05	08/02/2025	00	HNE	-7,6	0	-13,0	0	65,0	0	9,0	0	260,0	0	994,769	5.k=1.moyenne	0,0	ERA5
1061622	08/02/2025	06	08/02/2025	01	HNE	-7,7	0	-13,6	0	63,0	0	9,0	0	270,0	0	994,769	5.k=1.moyenne	0,0	ERA5
1061623	08/02/2025	07	08/02/2025	02	HNE	-9,9	0	-15,1	0	66,0	0	7,0	0	240,0	0	995,679	5.k=1.moyenne	0,0	ERA5
1061624	08/02/2025	08	08/02/2025	03	HNE	-8,7	0	-13,8	0	67,0	0	4,0	0	260,0	0	996,097	5.k=1.moyenne	0,0	ERA5
1061625	08/02/2025	09	08/02/2025	04	HNE	-9,0	0	-13,6	0	69,0	0	8,0	0	240,0	0	996,757	5.k=1.moyenne	0,0	ERA5
1061626	08/02/2025	10	08/02/2025	05	HNE	-8,2	0	-10,3	0	84,0	0	8,0	0	270,0	0	997,211	5.k=1.moyenne	0,0	ERA5
1061627	08/02/2025	11	08/02/2025	06	HNE	-10,3	0	-11,9	0	88,0	0	3,0	0	230,0	0	997,745	5.k=1.moyenne	0,0	ERA5
1061628	08/02/2025	12	08/02/2025	07	HNE	-12,2	0	-13,4	0	91,0	0	4,0	0	220,0	0	998,439	5.k=1.moyenne	0,0	ERA5
1061629	08/02/2025	13	08/02/2025	08	HNE	-10,5	0	-12,0	0	89,0	0	7,0	0	260,0	0	999,112	5.k=1.moyenne	148,5	ERA5
1061630	08/02/2025	14	08/02/2025	09	HNE	-9,6	0	-12,3	0	80,0	0	10,0	0	270,0	0	999,558	5.k=1.moyenne	698,9	ERA5
1061631	08/02/2025	15	08/02/2025	10	HNE	-9,1	0	-12,8	0	74,0	0	10,0	0	240,0	0	999,881	5.k=1.moyenne	1268,9	ERA5
1061632	08/02/2025	16	08/02/2025	11	HNE	-7,9	0	-12,6	0	69,0	0	10,0	0	260,0	0	999,937	5.k=1.moyenne	1698,2	ERA5
1061633	08/02/2025	17	08/02/2025	12	HNE	-7,1	0	-12,9	0	63,0	0	11,0	0	260,0	0	999,726	5.k=1.moyenne	1925,9	ERA5
1061634	08/02/2025	18	08/02/2025	13	HNE	-6,7	0	-12,9	0	62,0	0	11,0	0	270,0	0	999,718	5.k=1.moyenne	1918,4	ERA5
1061635	08/02/2025	19	08/02/2025	14	HNE	-6,7	0	-13,1	0	60,0	0	10,0	0	260,0	0	999,607	5.k=1.moyenne	1589,4	ERA5
1061636	08/02/2025	20	08/02/2025	15	HNE	-6,6	0	-13,3	0	59,0	0	11,0	0	250,0	0	999,781	5.k=1.moyenne	1165,6	ERA5
1061637	08/02/2025	21	08/02/2025	16	HNE	-6,8	0	-12,9	0	62,0	0	6,0	0	250,0	0	1000,06	5.k=1.moyenne	757,7	ERA5
1061638	08/02/2025	22	08/02/2025	17	HNE	-8,0	0	-13,0	0	67,0	0	0,0	0	0,0	0	1000,0	5.k=1.moyenne	218,0	ERA5
1061639	08/02/2025	23	08/02/2025	18	HNE	-8,8	0	-13,4	0	69,0	0	4,0	0	110,0	0	999,951	5.k=1.moyenne	1,4	ERA5
1061640	09/02/2025	00	08/02/2025	19	HNE	-9,0	0	-13,6	0	69,0	0	3,0	0	110,0	0	999,632	5.k=1.moyenne	0,0	ERA5
1061641	09/02/2025	01	08/02/2025	20	HNE	-10,2	0	-13,8	0	75,0	0	2,0	0	110,0	0	999,557	5.k=1.moyenne	0,0	ERA5
1061642	09/02/2025	02	08/02/2025	21	HNE	-8,4	0	-13,4	0	67,0	0	3,0	0	110,0	0	999,4	5.k=1.moyenne	0,0	ERA5
1061643	09/02/2025	03	08/02/2025	22	HNE	-8,1	0	-13,3	0	66,0	0	4,0	0	60,0	0	999,141	5.k=1.moyenne	0,0	ERA5
1061644	09/02/2025	04	08/02/2025	23	HNE	-7,6	0	-13,2	0	64,0	0	6,0	0	120,0	0	998,779	5.k=1.moyenne	0,0	ERA5
1061645	09/02/2025	05	09/02/2025	00	HNE	-7,7	0	-12,9	0	66,0	0	6,0	0	130,0	0	998,763	5.k=1.moyenne	0,0	ERA5
1061646	09/02/2025	06	09/02/2025	01	HNE	-8,1	0	-10,0	0	86,0	0	4,0	0	100,0	0	998,763	5.k=1.moyenne	0,0	ERA5
1061647	09/02/2025	07	09/02/2025	02	HNE	-8,0	0	-9,4	0	89,0	0	5,0	0	40,0	0	998,645	5.k=1.moyenne	0,0	ERA5
1061648	09/02/2025	08	09/02/2025	03	HNE	-7,9	0	-9,2	0	90,0	0	4,0	0	30,0	0	998,528	5.k=1.moyenne	0,0	ERA5
1061649	09/02/2025	09	09/02/2025	04	HNE	-7,9	0	-9,2	0	90,0	0	6,0	0	30,0	0	998,413	5.k=1.moyenne	0,0	ERA5
1061650	09/02/2025	10	09/02/2025	05	HNE	-7,8	0	-9,1	0	90,0	0	6,0	0	40,0	0	998,707	5.k=1.moyenne	0,0	ERA5
1061651	09/02/2025	11	09/02/2025	06	HNE	-7,8	0	-9,2	0	90,0	0	8,0	0	50,0	0	998,92	5.k=1.moyenne	0,0	ERA5
1061652	09/02/2025	12	09/02/2025	07	HNE	-8,2	0	-9,8	0	89,0	0	8,0	0	30,0	0	999,257	5.k=1.moyenne	0,0	ERA5
1061653	09/02/2025	13	09/02/2025	08	HNE	-9,9	0	-11,4	0	88,0	0	6,0	0	30,0	0	999,798	5.k=1.moyenne	101,1	ERA5
1061654	09/02/2025	14	09/02/2025	09	HNE	-9,5	0	-12,3	0	80,0	0	6,0	0	10,0	0	1000,14	5.k=1.moyenne	499,2	ERA5
1061655	09/02/2025	15	09/02/2025	10	HNE	-7,8	0	-11,8	0	73,0	0	4,0	0	350,0	0	1000,29	5.k=1.moyenne	1105,6	ERA5
1061656	09/02/2025	16	09/02/2025	11	HNE	-6,8	0	-11,3	0	70,0	0	4,0	0	30,0	0	1000,35	5.k=1.moyenne	1609,2	ERA5
1061657	09/02/2025	17	09/02/2025	12	HNE	-5,8	0	-11,3	0	65,0	0	2,0	0	300,0	0	999,992	5.k=1.moyenne	1877,9	ERA5
1061658	09/02/2025	18	09/02/2025	13	HNE	-5,2	0	-10,8	0	65,0	0	7,0	0	280,0	0	999,741	5.k=1.moyenne	1830,0	ERA5
1061659	09/02/2025	19	09/02/2025	14	HNE	-5,1	0	-10,3	0	66,0	0	7,0	0	240,0	0	999,695	5.k=1.moyenne	1566,9	ERA5
1061660	09/02/2025	20	09/02/2025	15	HNE	-5,0	0	-10,0	0	68,0	0	8,0	0	270,0	0	999,914	5.k=1.moyenne	1114,5	ERA5
1061661	09/02/2025	21	09/02/2025	16	HNE	-5,1	0	-9,9	0	69,0	0	6,0	0	260,0	0	1000,34	5.k=1.moyenne	620,9	ERA5
1061662	09/02/2025	22	09/02/2025	17	HNE	-6,0	0	-10,1	0	72,0	0	6,0	0	230,0	0	1000,82	5.k=1.moyenne	173,2	ERA5
1061663	09/02/2025	23	09/02/2025	18	HNE	-8,5	0	-11,7	0	78,0	0	4,0	0	200,0	0	1001,37	5.k=1.moyenne	1,8	ERA5
1061664	10/02/2025	00	09/02/2025	19	HNE	-9,7	0	-11,8	0	84,0	0	7,0	0	200,0	0	1001,67	5.k=1.moyenne	0,0	ERA5
1061665	10/02/2025	01	09/02/2025	20	HNE	-9,2	0	-11,0	0	87,0	0	9,0	0	180,0	0	1002,02	5.k=1.moyenne	0,0	ERA5
1061666	10/02/2025	02	09/02/2025	21	HNE	-7,6	0	-8,8	0	91,0	0	16,0	0	180,0	0	1002,18	5.k=1.moyenne	0,0	ERA5
1061667	10/02/2025	03	09/02/2025	22	HNE	-7,8	0	-8,9	0	92,0	0	8,0	0	190,0	0	1002,34	5.k=1.moyenne	0,0	ERA5
1061668	10/02/2025	04	09/02/2025	23	HNE	-6,2	0	-7,2	0	92,0	0	10,0	0	200,0	0	1002,5	5.k=1.moyenne	0,0	ERA5
1061669	10/02/2025	05	10/02/2025	00	HNE	-5,5	0	-7,5	0	86,0	0	2,0	0	310,0	0	1002,92	5.k=1.moyenne	0,0	ERA5
1061670	10/02/2025	06	10/02/2025	01	HNE	-6,4	0	-8,2	0	87,0	0	5,0	0	280,0	0	1002,92	5.k=1.moyenne	0,0	ERA5
1061671	10/02/2025	07	10/02/2025	02	HNE	-6,3	0	-8,6	0	84,0	0	7,0	0	260,0	0	1003,21	5.k=1.moyenne	0,0	ERA5
1061672	10/02/2025	08	10/02/2025	03	HNE	-6,5	0	-10,3	0	74,0	0	8,0	0	290,0	0	1003,55	5.k=1.moyenne	0,0	ERA5
1061673	10/02/2025	09	10/02/2025	04	HNE	-7,1	0	-11,0	0	74,0	0	4,0	0	260,0	0	1003,85	5.k=1.moyenne	0,0	ERA5
1061674	10/02/2025	10	10/02/2025	05	HNE	-7,4	0	-11,9	0	70,0	0	4,0	0	290,0	0	1004,32	5.k=1.moyenne	0,0	ERA5
1061675	10/02/2025	11	10/02/2025	06	HNE	-7,8	0	-11,5	0	75,0	0	6,0	0	290,0	0	1004,7	5.k=1.moyenne	0,0	ERA5
1061676	10/02/2025	12	10/02/2025	07	HNE	-8,5	0	-13,1	0	69,0	0	6,0	0	310,0	0	1005,16	5.k=1.moyenne	0,0	ERA5
1061677	10/02/2025	13	10/02/2025	08	HNE	-9,4	0	-13,5	0	71,0	0	7,0	0	290,0	0	1005,67	5.k=1.moyenne	162,3	ERA5
1061678	10/02/2025	14	10/02/2025	09	HNE	-9,8	0	-16,3	0	59,0	0	9,0	0	260,0	0	1005,82	5.k=1.moyenne	721,1	ERA5
1061679	10/02/2025	15	10/02/2025	10	HNE	-9,7	0	-16,7	0	57,0	0	9,0	0	260,0	0	1006,03	5.k=1.moyenne	1262,1	ERA5
1061680	10/02/2025	16	10/02/2025	11	HNE	-9,5	0	-17,3	0	53,0	0	11,0	0	270,0	0	1005,92	5.k=1.moyenne	1703,6	ERA5
1061681	10/02/2025	17	10/02/2025	12	HNE	-8,9	0	-17,9	0	48,0	0	10,0	0	270,0	0	1005,57	5.k=1.moyenne	1950,9	ERA5
1061682	10/02/2025	18	10/02/2025	13	HNE	-8,7	0	-18,4	0	45,0	0	10,0	0	260,0	0	1005,27	5.k=1.moyenne	1904,6	ERA5
1061683	10/02/2025	19	10/02/2025	14	HNE	-8,9	0	-18,0	0	48,0	0	15,0	0	260,0	0	1005,0	5.k=1.moyenne	1814,1	ERA5
1061684	10/02/2025	20	10/02/2025	15	HNE	-9,0	0	-17,4	0	51,0	0	14,0	0	270,0	0	1005,29	5.k=1.moyenne	1440,3	ERA5
1061685	10/02/2025	21	10/02/2025	16	HNE	-9,3	0	-18,6	0	47,0	0	12,0	0	250,0	0	1005,47	5.k=1.moyenne	890,2	ERA5
1061686	10/02/2025	22	10/02/2025	17	HNE	-10,6	0	-18,0	0	54,0	0	8,0	0	230,0	0	1005,68	5.k=1.moyenne	294,9	ERA5
1061687	10/02/2025	23	10/02/2025	18	HNE	-10,2	0	-17,5	0	55,0	0	4,0	0	240,0	0	1005,76	5.k=1.moyenne	3,6	ERA5
1061688	11/02/2025	00	10/02/2025	19	HNE	-12,1	0	-17,0	0	67,0	0	6,0	0	170,0	0	1005,66	5.k=1.moyenne	0,0	ERA5
1061689	11/02/2025	01	10/02/2025	20	HNE	-12,0	0	-16,2	0	71,0	0	5,0	0	180,0	0	1005,59	5.k=1.moyenne	0,0	ERA5
1061690	11/02/2025	02	10/02/2025	21	HNE	-10,2	0	-16,1	0	62,0	0	3,0	0	120,0	0	1005,28	5.k=1.moyenne	0,0	ERA5
1061691	11/02/2025	03	10/02/2025	22	HNE	-10,3	0	-16,1	0	63,0	0	9,0	0	150,0	0	1004,8	5.k=1.moyenne	0,0	ERA5
1061692	11/02/2025	04	10/02/2025	23	HNE	-10,7	0	-16,3	0	64,0	0	13,0	0	160,0	0	1004,58	5.k=1.moyenne	0,0	ERA5
1061693	11/02/2025	05	11/02/2025	00	HNE	-9,9	0	-15,7	0	63,0	0	13,0	0	160,0	0	1004,29	5.k=1.moyenne	0,0	ERA5
1061694	11/02/2025	06	11/02/2025	01	HNE	-10,0	0	-14,0	0	72,0	0	13,0	0	160,0	0	1004,29	5.k=1.moyenne	0,0	ERA5
1061695	11/02/2025	07	11/02/2025	02	HNE	-11,5	0	-14,4	0	79,0	0	10,0	0	180,0	0	1004,02	5.k=1.moyenne	0,0	ERA5
1061696	11/02/2025	08	11/02/2025	03	HNE	-10,6	0	-13,5	0	80,0	0	15,0	0	190,0	0	1003,66	5.k=1.moyenne	0,0	ERA5
1061697	11/02/2025	09	11/02/2025	04	HNE	-10,3	0	-13,0	0	81,0	0	18,0	0	200,0	0	1003,46	5.k=1.moyenne	0,0	ERA5
1061698	11/02/2025	10	11/02/2025	05	HNE	-12,2	0	-14,7	0	82,0	0	14,0	0	190,0	0	1003,24	5.k=1.moyenne	0,0	ERA5
1061699	11/02/2025	11	11/02/2025	06	HNE	-11,3	0	-13,9	0	81,0	0	9,0	0	180,0	0	1003,0	5.k=1.moyenne	0,0	ERA5
1061700	11/02/2025	12	11/02/2025	07	HNE	-12,9	0	-15,4	0	82,0	0	10,0	0	180,0	0	1003,03	5.k=1.moyenne	0,0	ERA5
1061701	11/02/2025	13	11/02/2025	08	HNE	-10,3	0	-13,2	0	79,0	0	17,0	0	190,0	0	1002,94	5.k=1.moyenne	142,1	ERA5
1061702	11/02/2025	14	11/02/2025	09	HNE	-8,2	0	-11,5	0	77,0	0	18,0	0	200,0	0	1002,68	5.k=1.moyenne	579,9	ERA5
1061703	11/02/2025	15	11/02/2025	10	HNE	-6,5	0	-9,5	0	79,0	0	16,0	0	190,0	0	1002,35	5.k=1.moyenne	1025,6	ERA5
1061704	11/02/2025	16	11/02/2025	11	HNE	-3,8	0	-8,3	0	71,0	0	26,0	0	230,0	0	1002,06	5.k=1.moyenne	1363,6	ERA5
1061705	11/02/2025	17	11/02/2025	12	HNE	-3,4	0	-8,4	0	69,0	0	23,0	0	270,0	0	1001,58	5.k=1.moyenne	1724,4	ERA5
1061706	11/02/2025	18	11/02/2025	13	HNE	-4,1	0	-9,8	0	64,0	0	17,0	0	280,0	0	1001,55	5.k=1.moyenne	1677,3	ERA5
1061707	11/02/2025	19	11/02/2025	14	HNE	-4,4	0	-11,4	0	58,0	0	14,0	0	260,0	0	1001,6	5.k=1.moyenne	1533,2	ERA5
1061708	11/02/2025	20	11/02/2025	15	HNE	-4,7	0	-11,9	0	57,0	0	11,0	0	270,0	0	1001,77	5.k=1.moyenne	1377,2	ERA5
1061709	11/02/2025	21	11/02/2025	16	HNE	-5,2	0	-13,0	0	54,0	0	11,0	0	290,0	0	1002,31	5.k=1.moyenne	868,0	ERA5
1061710	11/02/2025	22	11/02/2025	17	HNE	-6,3	0	-14,2	0	53,0	0	7,0	0	280,0	0	1002,92	5.k=1.moyenne	292,9	ERA5
1061711	11/02/2025	23	11/02/2025	18	HNE	-7,1	0	-14,4	0	56,0	0	7,0	0	250,0	0	1003,84	5.k=1.moyenne	4,0	ERA5
1061712	12/02/2025	00	11/02/2025	19	HNE	-7,8	0	-15,5	0	54,0	0	5,0	0	280,0	0	1004,47	5.k=1.moyenne	0,0	ERA5
1061713	12/02/2025	01	11/02/2025	20	HNE	-8,9	0	-16,1	0	56,0	0	3,0	0	270,0	0	1004,99	5.k=1.moyenne	0,0	ERA5
1061714	12/02/2025	02	11/02/2025	21	HNE	-10,2	0	-16,3	0	61,0	0	2,0	0	20,0	0	1005,42	5.k=1.moyenne	0,0	ERA5
1061715	12/02/2025	03	11/02/2025	22	HNE	-10,3	0	-17,6	0	55,0	0	4,0	0	360,0	0	1005,88	5.k=1.moyenne	0,0	ERA5
1061716	12/02/2025	04	11/02/2025	23	HNE	-12,2	0	-19,5	0	55,0	0	4,0	0	20,0	0	1006,34	5.k=1.moyenne	0,0	ERA5
1061717	12/02/2025	05	12/02/2025	00	HNE	-12,9	0	-19,8	0	56,0	0	7,0	0	30,0	0	1006,79	5.k=1.moyenne	0,0	ERA5
1061718	12/02/2025	06	12/02/2025	01	HNE	-13,7	0	-20,2	0	58,0	0	9,0	0	20,0	0	1006,79	5.k=1.moyenne	0,0	ERA5
1061719	12/02/2025	07	12/02/2025	02	HNE	-16,1	0	-21,7	0	62,0	0	4,0	0	10,0	0	1007,3	5.k=1.moyenne	0,0	ERA5
1061720	12/02/2025	08	12/02/2025	03	HNE	-17,9	0	-23,1	0	64,0	0	5,0	0	20,0	0	1007,8	5.k=1.moyenne	0,0	ERA5
1061721	12/02/2025	09	12/02/2025	04	HNE	-18,3	0	-22,8	0	68,0	0	6,0	0	20,0	0	1008,41	5.k=1.moyenne	0,0	ERA5
1061722	12/02/2025	10	12/02/2025	05	HNE	-18,3	0	-22,7	0	68,0	0	6,0	0	20,0	0	1008,97	5.k=1.moyenne	0,0	ERA5
1061723	12/02/2025	11	12/02/2025	06	HNE	-18,3	0	-22,9	0	67,0	0	6,0	0	10,0	0	1009,69	5.k=1.moyenne	0,0	ERA5
1061724	12/02/2025	12	12/02/2025	07	HNE	-20,1	0	-24,4	0	69,0	0	3,0	0	10,0	0	1010,31	5.k=1.moyenne	0,0	ERA5
1061725	12/02/2025	13	12/02/2025	08	HNE	-19,7	0	-23,6	0	71,0	0	5,0	0	360,0	0	1010,8	5.k=1.moyenne	205,1	ERA5
1061726	12/02/2025	14	12/02/2025	09	HNE	-17,8	0	-23,3	0	62,0	0	10,0	0	20,0	0	1010,84	5.k=1.moyenne	778,7	ERA5
1061727	12/02/2025	15	12/02/2025	10	HNE	-16,3	0	-22,3	0	60,0	0	8,0	0	30,0	0	1011,1	5.k=1.moyenne	1349,6	ERA5
1061728	12/02/2025	16	12/02/2025	11	HNE	-15,6	0	-22,3	0	56,0	0	6,0	0	20,0	0	1011,24	5.k=1.moyenne	1817,9	ERA5
1061729	12/02/2025	17	12/02/2025	12	HNE	-14,1	0	-21,4	0	54,0	0	3,0	0	20,0	0	1010,76	5.k=1.moyenne	2048,2	ERA5
1061730	12/02/2025	18	12/02/2025	13	HNE	-13,2	0	-21,0	0	52,0	0	8,0	0	10,0	0	1010,35	5.k=1.moyenne	2020,4	ERA5
1061731	12/02/2025	19	12/02/2025	14	HNE	-12,7	0	-20,6	0	52,0	0	6,0	0	20,0	0	1010,29	5.k=1.moyenne	1881,2	ERA5
1061732	12/02/2025	20	12/02/2025	15	HNE	-12,5	0	-20,4	0	52,0	0	8,0	0	20,0	0	1010,72	5.k=1.moyenne	1506,2	ERA5
1061733	12/02/2025	21	12/02/2025	16	HNE	-12,7	0	-20,5	0	52,0	0	5,0	0	20,0	0	1011,29	5.k=1.moyenne	959,4	ERA5
1061734	12/02/2025	22	12/02/2025	17	HNE	-13,8	0	-20,9	0	55,0	0	7,0	0	10,0	0	1011,6	5.k=1.moyenne	347,3	ERA5
1061735	12/02/2025	23	12/02/2025	18	HNE	-13,9	0	-21,4	0	53,0	0	8,0	0	20,0	0	1011,57	5.k=1.moyenne	6,4	ERA5
1061736	13/02/2025	00	12/02/2025	19	HNE	-13,8	0	-21,0	0	54,0	0	8,0	0	30,0	0	1011,34	5.k=1.moyenne	0,0	ERA5
1061737	13/02/2025	01	12/02/2025	20	HNE	-14,2	0	-21,3	0	55,0	0	8,0	0	30,0	0	1010,99	5.k=1.moyenne	0,0	ERA5
1061738	13/02/2025	02	12/02/2025	21	HNE	-12,9	0	-19,8	0	56,0	0	8,0	0	30,0	0	1010,6	5.k=1.moyenne	0,0	ERA5
1061739	13/02/2025	03	12/02/2025	22	HNE	-12,3	0	-19,2	0	56,0	0	8,0	0	30,0	0	1010,34	5.k=1.moyenne	0,0	ERA5
1061740	13/02/2025	04	12/02/2025	23	HNE	-12,1	0	-18,4	0	59,0	0	8,0	0	50,0	0	1009,85	5.k=1.moyenne	0,0	ERA5
1061741	13/02/2025	05	13/02/2025	00	HNE	-12,6	0	-15,5	0	79,0	0	8,0	0	60,0	0	1009,1	5.k=1.moyenne	0,0	ERA5
1061742	13/02/2025	06	13/02/2025	01	HNE	-11,7	0	-13,8	0	85,0	0	6,0	0	50,0	0	1009,1	5.k=1.moyenne	0,0	ERA5
1061743	13/02/2025	07	13/02/2025	02	HNE	-11,1	0	-12,8	0	87,0	0	9,0	0	40,0	0	1008,33	5.k=1.moyenne	0,0	ERA5
1061744	13/02/2025	08	13/02/2025	03	HNE	-10,2	0	-11,7	0	89,0	0	10,0	0	30,0	0	1007,43	5.k=1.moyenne	0,0	ERA5
1061745	13/02/2025	09	13/02/2025	04	HNE	-7,5	0	-8,7	0	91,0	0	9,0	0	60,0	0	1006,13	5.k=1.moyenne	0,0	ERA5
1061746	13/02/2025	10	13/02/2025	05	HNE	-6,1	0	-7,3	0	91,0	0	10,0	0	90,0	0	1005,09	5.k=1.moyenne	0,0	ERA5
1061747	13/02/2025	11	13/02/2025	06	HNE	-5,9	0	-6,9	0	93,0	0	7,0	0	80,0	0	1003,86	5.k=1.moyenne	0,0	ERA5
1061748	13/02/2025	12	13/02/2025	07	HNE	-5,4	0	-6,4	0	93,0	0	10,0	0	70,0	0	1002,68	5.k=1.moyenne	0,0	ERA5
1061749	13/02/2025	13	13/02/2025	08	HNE	-5,1	0	-6,2	0	92,0	0	10,0	0	50,0	0	1001,56	5.k=1.moyenne	37,8	ERA5
1061750	13/02/2025	14	13/02/2025	09	HNE	-4,8	0	-5,8	0	92,0	0	8,0	0	70,0	0	1000,42	5.k=1.moyenne	126,9	ERA5
1061751	13/02/2025	15	13/02/2025	10	HNE	-4,1	0	-5,1	0	93,0	0	10,0	0	80,0	0	998,972	5.k=1.moyenne	273,6	ERA5
1061752	13/02/2025	16	13/02/2025	11	HNE	-2,8	0	-3,7	0	94,0	0	10,0	0	100,0	0	997,754	5.k=1.moyenne	253,9	ERA5
1061753	13/02/2025	17	13/02/2025	12	HNE	-1,2	0	-1,7	0	97,0	0	19,0	0	150,0	0	996,087	5.k=1.moyenne	264,0	ERA5
1061754	13/02/2025	18	13/02/2025	13	HNE	-0,2	0	-0,5	0	98,0	0	31,0	0	150,0	0	994,381	5.k=1.moyenne	315,1	ERA5
1061755	13/02/2025	19	13/02/2025	14	HNE	0,3	0	-0,1	0	97,0	0	32,0	0	170,0	0	993,023	5.k=1.moyenne	372,8	ERA5
1061756	13/02/2025	20	13/02/2025	15	HNE	0,7	0	0,1	0	96,0	0	28,0	0	180,0	0	992,237	5.k=1.moyenne	326,3	ERA5
1061757	13/02/2025	21	13/02/2025	16	HNE	0,7	0	0,2	0	96,0	0	23,0	0	200,0	0	991,697	5.k=1.moyenne	305,4	ERA5
1061758	13/02/2025	22	13/02/2025	17	HNE	-0,5	0	-2,1	0	89,0	0	22,0	0	270,0	0	991,586	5.k=1.moyenne	93,2	ERA5
1061759	13/02/2025	23	13/02/2025	18	HNE	-3,4	0	-6,8	0	77,0	0	31,0	0	280,0	0	991,823	5.k=1.moyenne	3,2	ERA5
1061760	14/02/2025	00	13/02/2025	19	HNE	-5,2	0	-8,8	0	76,0	0	25,0	0	270,0	0	991,999	5.k=1.moyenne	0,0	ERA5
1061761	14/02/2025	01	13/02/2025	20	HNE	-5,7	0	-11,0	0	67,0	0	22,0	0	270,0	0	992,156	5.k=1.moyenne	0,0	ERA5
1061762	14/02/2025	02	13/02/2025	21	HNE	-6,2	0	-11,6	0	66,0	0	31,0	0	280,0	0	992,394	5.k=1.moyenne	0,0	ERA5
1061763	14/02/2025	03	13/02/2025	22	HNE	-6,4	0	-11,6	0	67,0	0	33,0	0	280,0	0	992,511	5.k=1.moyenne	0,0	ERA5
1061764	14/02/2025	04	13/02/2025	23	HNE	-7,4	0	-13,1	0	64,0	0	32,0	0	280,0	0	992,73	5.k=1.moyenne	0,0	ERA5
1061765	14/02/2025	05	14/02/2025	00	HNE	-8,6	0	-14,2	0	64,0	0	23,0	0	280,0	0	992,909	5.k=1.moyenne	0,0	ERA5
1061766	14/02/2025	06	14/02/2025	01	HNE	-9,2	0	-14,7	0	64,0	0	21,0	0	270,0	0	992,909	5.k=1.moyenne	0,0	ERA5
1061767	14/02/2025	07	14/02/2025	02	HNE	-9,8	0	-15,3	0	64,0	0	16,0	0	280,0	0	993,621	5.k=1.moyenne	0,0	ERA5
1061768	14/02/2025	08	14/02/2025	03	HNE	-11,0	0	-15,8	0	68,0	0	14,0	0	270,0	0	994,351	5.k=1.moyenne	0,0	ERA5
1061769	14/02/2025	09	14/02/2025	04	HNE	-11,4	0	-16,1	0	68,0	0	17,0	0	270,0	0	995,264	5.k=1.moyenne	0,0	ERA5
1061770	14/02/2025	10	14/02/2025	05	HNE	-11,5	0	-16,5	0	67,0	0	18,0	0	280,0	0	996,359	5.k=1.moyenne	0,0	ERA5
1061771	14/02/2025	11	14/02/2025	06	HNE	-12,3	0	-16,9	0	68,0	0	12,0	0	270,0	0	997,168	5.k=1.moyenne	0,0	ERA5
1061772	14/02/2025	12	14/02/2025	07	HNE	-12,7	0	-16,9	0	71,0	0	14,0	0	270,0	0	998,153	5.k=1.moyenne	0,0	ERA5
1061773	14/02/2025	13	14/02/2025	08	HNE	-12,4	0	-17,1	0	68,0	0	14,0	0	250,0	0	999,084	5.k=1.moyenne	234,5	ERA5
1061774	14/02/2025	14	14/02/2025	09	HNE	-11,7	0	-16,6	0	67,0	0	14,0	0	280,0	0	999,854	5.k=1.moyenne	834,2	ERA5
1061775	14/02/2025	15	14/02/2025	10	HNE	-10,3	0	-16,2	0	61,0	0	12,0	0	260,0	0	1000,54	5.k=1.moyenne	1416,7	ERA5
1061776	14/02/2025	16	14/02/2025	11	HNE	-9,5	0	-15,5	0	62,0	0	15,0	0	260,0	0	1001,21	5.k=1.moyenne	1694,6	ERA5
1061777	14/02/2025	17	14/02/2025	12	HNE	-8,6	0	-14,6	0	62,0	0	13,0	0	260,0	0	1001,54	5.k=1.moyenne	1907,9	ERA5
1061778	14/02/2025	18	14/02/2025	13	HNE	-8,2	0	-14,2	0	62,0	0	18,0	0	280,0	0	1002,06	5.k=1.moyenne	2078,4	ERA5
1061779	14/02/2025	19	14/02/2025	14	HNE	-7,9	0	-14,6	0	58,0	0	21,0	0	280,0	0	1002,68	5.k=1.moyenne	1801,4	ERA5
1061780	14/02/2025	20	14/02/2025	15	HNE	-7,6	0	-14,7	0	57,0	0	18,0	0	270,0	0	1003,6	5.k=1.moyenne	1368,2	ERA5
1061781	14/02/2025	21	14/02/2025	16	HNE	-7,7	0	-14,7	0	57,0	0	18,0	0	260,0	0	1004,62	5.k=1.moyenne	917,0	ERA5
1061782	14/02/2025	22	14/02/2025	17	HNE	-8,7	0	-15,6	0	58,0	0	9,0	0	280,0	0	1005,57	5.k=1.moyenne	362,8	ERA5
1061783	14/02/2025	23	14/02/2025	18	HNE	-9,8	0	-16,7	0	57,0	0	10,0	0	280,0	0	1006,53	5.k=1.moyenne	10,6	ERA5
1061784	15/02/2025	00	14/02/2025	19	HNE	-10,5	0	-17,5	0	56,0	0	9,0	0	280,0	0	1007,3	5.k=1.moyenne	0,0	ERA5
1061785	15/02/2025	01	14/02/2025	20	HNE	-10,8	0	-17,8	0	56,0	0	3,0	0	250,0	0	1007,57	5.k=1.moyenne	0,0	ERA5
1061786	15/02/2025	02	14/02/2025	21	HNE	-18,1	0	-22,4	0	69,0	0	6,0	0	210,0	0	1007,66	5.k=1.moyenne	0,0	ERA5
1061787	15/02/2025	03	14/02/2025	22	HNE	-17,4	0	-22,3	0	66,0	0	4,0	0	220,0	0	1007,84	5.k=1.moyenne	0,0	ERA5
1061788	15/02/2025	04	14/02/2025	23	HNE	-18,1	0	-21,0	0	78,0	0	4,0	0	180,0	0	1007,97	5.k=1.moyenne	0,0	ERA5
1061789	15/02/2025	05	15/02/2025	00	HNE	-19,7	0	-24,0	0	69,0	0	3,0	0	220,0	0	1008,3	5.k=1.moyenne	0,0	ERA5
1061790	15/02/2025	06	15/02/2025	01	HNE	-18,5	0	-21,0	0	81,0	0	3,0	0	270,0	0	1008,3	5.k=1.moyenne	0,0	ERA5
1061791	15/02/2025	07	15/02/2025	02	HNE	-18,1	0	-20,3	0	83,0	0	0,0	0	330,0	0	1008,64	5.k=1.moyenne	0,0	ERA5
1061792	15/02/2025	08	15/02/2025	03	HNE	-19,9	0	-22,6	0	79,0	0	3,0	0	170,0	0	1008,62	5.k=1.moyenne	0,0	ERA5
1061793	15/02/2025	09	15/02/2025	04	HNE	-17,0	0	-20,0	0	77,0	0	2,0	0	150,0	0	1008,65	5.k=1.moyenne	0,0	ERA5
1061794	15/02/2025	10	15/02/2025	05	HNE	-17,6	0	-20,5	0	78,0	0	2,0	0	140,0	0	1008,72	5.k=1.moyenne	0,0	ERA5
1061795	15/02/2025	11	15/02/2025	06	HNE	-18,4	0	-20,7	0	82,0	0	3,0	0	90,0	0	1008,47	5.k=1.moyenne	0,0	ERA5
1061796	15/02/2025	12	15/02/2025	07	HNE	-17,7	0	-20,0	0	82,0	0	2,0	0	80,0	0	1008,19	5.k=1.moyenne	0,1	ERA5
1061797	15/02/2025	13	15/02/2025	08	HNE	-14,6	0	-18,8	0	70,0	0	3,0	0	120,0	0	1008,04	5.k=1.moyenne	176,3	ERA5
1061798	15/02/2025	14	15/02/2025	09	HNE	-12,6	0	-18,6	0	61,0	0	4,0	0	140,0	0	1007,56	5.k=1.moyenne	647,2	ERA5
1061799	15/02/2025	15	15/02/2025	10	HNE	-11,3	0	-17,5	0	60,0	0	7,0	0	120,0	0	1007,24	5.k=1.moyenne	1313,2	ERA5
1061800	15/02/2025	16	15/02/2025	11	HNE	-9,6	0	-17,0	0	55,0	0	7,0	0	120,0	0	1006,82	5.k=1.moyenne	1799,7	ERA5
1061801	15/02/2025	17	15/02/2025	12	HNE	-8,5	0	-19,2	0	42,0	0	9,0	0	90,0	0	1005,99	5.k=1.moyenne	1936,4	ERA5
1061802	15/02/2025	18	15/02/2025	13	HNE	-8,0	0	-17,7	0	46,0	0	7,0	0	70,0	0	1005,57	5.k=1.moyenne	1818,2	ERA5
1061803	15/02/2025	19	15/02/2025	14	HNE	-8,0	0	-16,8	0	49,0	0	7,0	0	50,0	0	1004,98	5.k=1.moyenne	1572,9	ERA5
1061804	15/02/2025	20	15/02/2025	15	HNE	-8,3	0	-15,6	0	56,0	0	10,0	0	40,0	0	1004,64	5.k=1.moyenne	1100,2	ERA5
1061805	15/02/2025	21	15/02/2025	16	HNE	-8,8	0	-15,3	0	59,0	0	10,0	0	40,0	0	1004,54	5.k=1.moyenne	563,5	ERA5
1061806	15/02/2025	22	15/02/2025	17	HNE	-9,2	0	-15,4	0	61,0	0	8,0	0	20,0	0	1004,52	5.k=1.moyenne	190,4	ERA5
1061807	15/02/2025	23	15/02/2025	18	HNE	-9,5	0	-15,8	0	60,0	0	11,0	0	30,0	0	1004,45	5.k=1.moyenne	7,1	ERA5
1061808	16/02/2025	00	15/02/2025	19	HNE	-10,0	0	-14,4	0	70,0	0	7,0	0	30,0	0	1004,33	5.k=1.moyenne	0,0	ERA5
1061809	16/02/2025	01	15/02/2025	20	HNE	-10,2	0	-12,6	0	83,0	0	10,0	0	30,0	0	1003,76	5.k=1.moyenne	0,0	ERA5
1061810	16/02/2025	02	15/02/2025	21	HNE	-10,3	0	-12,2	0	86,0	0	9,0	0	30,0	0	1003,48	5.k=1.moyenne	0,0	ERA5
1061811	16/02/2025	03	15/02/2025	22	HNE	-10,3	0	-12,2	0	86,0	0	12,0	0	40,0	0	1003,13	5.k=1.moyenne	0,0	ERA5
1061812	16/02/2025	04	15/02/2025	23	HNE	-10,2	0	-12,0	0	86,0	0	9,0	0	40,0	0	1002,58	5.k=1.moyenne	0,0	ERA5
1061813	16/02/2025	05	16/02/2025	00	HNE	-9,6	0	-11,4	0	87,0	0	8,0	0	40,0	0	1002,34	5.k=1.moyenne	0,0	ERA5
1061814	16/02/2025	06	16/02/2025	01	HNE	-9,8	0	-11,6	0	87,0	0	9,0	0	30,0	0	1002,34	5.k=1.moyenne	0,0	ERA5
1061815	16/02/2025	07	16/02/2025	02	HNE	-9,5	0	-11,4	0	86,0	0	7,0	0	30,0	0	1002,02	5.k=1.moyenne	0,0	ERA5
1061816	16/02/2025	08	16/02/2025	03	HNE	-9,3	0	-11,5	0	84,0	0	11,0	0	40,0	0	1001,53	5.k=1.moyenne	0,0	ERA5
1061817	16/02/2025	09	16/02/2025	04	HNE	-9,2	0	-11,4	0	84,0	0	12,0	0	40,0	0	1001,2	5.k=1.moyenne	0,0	ERA5
1061818	16/02/2025	10	16/02/2025	05	HNE	-9,0	0	-11,3	0	84,0	0	9,0	0	40,0	0	1000,65	5.k=1.moyenne	0,0	ERA5
1061819	16/02/2025	11	16/02/2025	06	HNE	-8,9	0	-11,0	0	85,0	0	13,0	0	40,0	0	999,861	5.k=1.moyenne	0,0	ERA5
1061820	16/02/2025	12	16/02/2025	07	HNE	-9,0	0	-10,7	0	87,0	0	12,0	0	40,0	0	998,971	5.k=1.moyenne	0,2	ERA5
1061821	16/02/2025	13	16/02/2025	08	HNE	-8,8	0	-10,6	0	87,0	0	12,0	0	40,0	0	997,962	5.k=1.moyenne	61,3	ERA5
1061822	16/02/2025	14	16/02/2025	09	HNE	-8,2	0	-10,0	0	86,0	0	13,0	0	40,0	0	996,567	5.k=1.moyenne	236,8	ERA5
1061823	16/02/2025	15	16/02/2025	10	HNE	-7,9	0	-9,6	0	88,0	0	15,0	0	50,0	0	995,358	5.k=1.moyenne	289,4	ERA5
1061824	16/02/2025	16	16/02/2025	11	HNE	-7,9	0	-9,6	0	88,0	0	14,0	0	40,0	0	993,968	5.k=1.moyenne	324,8	ERA5
1061825	16/02/2025	17	16/02/2025	12	HNE	-8,2	0	-9,9	0	88,0	0	19,0	0	40,0	0	992,028	5.k=1.moyenne	288,2	ERA5
1061826	16/02/2025	18	16/02/2025	13	HNE	-7,6	0	-9,1	0	89,0	0	17,0	0	40,0	0	990,03	5.k=1.moyenne	479,7	ERA5
1061827	16/02/2025	19	16/02/2025	14	HNE	-7,7	0	-9,2	0	89,0	0	17,0	0	40,0	0	988,502	5.k=1.moyenne	199,8	ERA5
1061828	16/02/2025	20	16/02/2025	15	HNE	-8,2	0	-9,8	0	88,0	0	20,0	0	40,0	0	986,934	5.k=1.moyenne	170,9	ERA5
1061829	16/02/2025	21	16/02/2025	16	HNE	-8,4	0	-10,1	0	88,0	0	16,0	0	40,0	0	985,532	5.k=1.moyenne	133,9	ERA5
1061830	16/02/2025	22	16/02/2025	17	HNE	-8,5	0	-10,1	0	88,0	0	14,0	0	30,0	0	984,028	5.k=1.moyenne	58,6	ERA5
1061831	16/02/2025	23	16/02/2025	18	HNE	-8,2	0	-9,7	0	89,0	0	18,0	0	50,0	0	982,648	5.k=1.moyenne	2,1	ERA5
1061832	17/02/2025	00	16/02/2025	19	HNE	-8,5	0	-10,0	0	89,0	0	15,0	0	40,0	0	981,065	5.k=1.moyenne	0,0	ERA5
1061833	17/02/2025	01	16/02/2025	20	HNE	-8,8	0	-10,5	0	87,0	0	16,0	0	40,0	0	979,949	5.k=1.moyenne	0,0	ERA5
1061834	17/02/2025	02	16/02/2025	21	HNE	-9,3	0	-11,0	0	87,0	0	9,0	0	350,0	0	978,773	5.k=1.moyenne	0,0	ERA5
1061835	17/02/2025	03	16/02/2025	22	HNE	-10,1	0	-12,0	0	86,0	0	14,0	0	320,0	0	977,66	5.k=1.moyenne	0,0	ERA5
1061836	17/02/2025	04	16/02/2025	23	HNE	-9,8	0	-11,4	0	88,0	0	13,0	0	300,0	0	976,589	5.k=1.moyenne	0,0	ERA5
1061837	17/02/2025	05	17/02/2025	00	HNE	-9,6	0	-11,3	0	87,0	0	11,0	0	280,0	0	975,644	5.k=1.moyenne	0,0	ERA5
1061838	17/02/2025	06	17/02/2025	01	HNE	-9,7	0	-11,4	0	87,0	0	13,0	0	280,0	0	975,644	5.k=1.moyenne	0,0	ERA5
1061839	17/02/2025	07	17/02/2025	02	HNE	-10,5	0	-12,6	0	84,0	0	18,0	0	260,0	0	974,939	5.k=1.moyenne	0,0	ERA5
1061840	17/02/2025	08	17/02/2025	03	HNE	-11,0	0	-13,1	0	85,0	0	17,0	0	260,0	0	974,2	5.k=1.moyenne	0,0	ERA5
1061841	17/02/2025	09	17/02/2025	04	HNE	-11,4	0	-13,7	0	83,0	0	23,0	0	270,0	0	973,508	5.k=1.moyenne	0,0	ERA5
1061842	17/02/2025	10	17/02/2025	05	HNE	-12,4	0	-15,0	0	81,0	0	23,0	0	270,0	0	973,321	5.k=1.moyenne	0,0	ERA5
1061843	17/02/2025	11	17/02/2025	06	HNE	-13,1	0	-16,2	0	77,0	0	21,0	0	270,0	0	973,203	5.k=1.moyenne	0,0	ERA5
1061844	17/02/2025	12	17/02/2025	07	HNE	-13,4	0	-16,7	0	76,0	0	27,0	0	270,0	0	973,048	5.k=1.moyenne	0,5	ERA5
1061845	17/02/2025	13	17/02/2025	08	HNE	-14,1	0	-17,9	0	73,0	0	27,0	0	270,0	0	972,98	5.k=1.moyenne	161,3	ERA5
1061846	17/02/2025	14	17/02/2025	09	HNE	-14,4	0	-17,7	0	76,0	0	26,0	0	270,0	0	972,737	5.k=1.moyenne	602,5	ERA5
1061847	17/02/2025	15	17/02/2025	10	HNE	-14,4	0	-17,5	0	77,0	0	28,0	0	260,0	0	972,517	5.k=1.moyenne	989,3	ERA5
1061848	17/02/2025	16	17/02/2025	11	HNE	-14,0	0	-18,9	0	67,0	0	24,0	0	270,0	0	972,461	5.k=1.moyenne	1492,5	ERA5
1061849	17/02/2025	17	17/02/2025	12	HNE	-13,2	0	-18,4	0	65,0	0	25,0	0	270,0	0	972,327	5.k=1.moyenne	1676,8	ERA5
1061850	17/02/2025	18	17/02/2025	13	HNE	-12,9	0	-18,0	0	66,0	0	26,0	0	260,0	0	972,214	5.k=1.moyenne	1699,2	ERA5
1061851	17/02/2025	19	17/02/2025	14	HNE	-11,7	0	-17,0	0	65,0	0	28,0	0	270,0	0	972,329	5.k=1.moyenne	1760,0	ERA5
1061852	17/02/2025	20	17/02/2025	15	HNE	-10,7	0	-16,5	0	63,0	0	31,0	0	270,0	0	972,834	5.k=1.moyenne	1335,6	ERA5
1061853	17/02/2025	21	17/02/2025	16	HNE	-10,4	0	-16,4	0	61,0	0	20,0	0	270,0	0	973,647	5.k=1.moyenne	854,4	ERA5
1061854	17/02/2025	22	17/02/2025	17	HNE	-10,6	0	-16,5	0	62,0	0	17,0	0	260,0	0	974,299	5.k=1.moyenne	331,3	ERA5
1061855	17/02/2025	23	17/02/2025	18	HNE	-10,3	0	-16,0	0	63,0	0	21,0	0	270,0	0	975,075	5.k=1.moyenne	16,2	ERA5
1061856	18/02/2025	00	17/02/2025	19	HNE	-10,3	0	-15,8	0	64,0	0	27,0	0	260,0	0	975,69	5.k=1.moyenne	0,0	ERA5
1061857	18/02/2025	01	17/02/2025	20	HNE	-10,3	0	-16,0	0	63,0	0	24,0	0	280,0	0	976,204	5.k=1.moyenne	0,0	ERA5
1061858	18/02/2025	02	17/02/2025	21	HNE	-10,6	0	-16,4	0	62,0	0	28,0	0	280,0	0	976,801	5.k=1.moyenne	0,0	ERA5
1061859	18/02/2025	03	17/02/2025	22	HNE	-11,5	0	-16,9	0	65,0	0	24,0	0	280,0	0	977,399	5.k=1.moyenne	0,0	ERA5
1061860	18/02/2025	04	17/02/2025	23	HNE	-12,4	0	-17,8	0	64,0	0	23,0	0	270,0	0	977,958	5.k=1.moyenne	0,0	ERA5
1061861	18/02/2025	05	18/02/2025	00	HNE	-12,8	0	-18,4	0	63,0	0	30,0	0	270,0	0	978,619	5.k=1.moyenne	0,0	ERA5
1061862	18/02/2025	06	18/02/2025	01	HNE	-13,1	0	-18,7	0	63,0	0	21,0	0	270,0	0	978,619	5.k=1.moyenne	0,0	ERA5
1061863	18/02/2025	07	18/02/2025	02	HNE	-13,6	0	-19,0	0	64,0	0	21,0	0	270,0	0	979,508	5.k=1.moyenne	0,0	ERA5
1061864	18/02/2025	08	18/02/2025	03	HNE	-13,8	0	-19,0	0	65,0	0	17,0	0	270,0	0	980,147	5.k=1.moyenne	0,0	ERA5
1061865	18/02/2025	09	18/02/2025	04	HNE	-14,1	0	-19,2	0	65,0	0	19,0	0	270,0	0	981,028	5.k=1.moyenne	0,0	ERA5
1061866	18/02/2025	10	18/02/2025	05	HNE	-14,7	0	-19,9	0	64,0	0	17,0	0	270,0	0	982,17	5.k=1.moyenne	0,0	ERA5
1061867	18/02/2025	11	18/02/2025	06	HNE	-15,2	0	-20,5	0	64,0	0	17,0	0	260,0	0	983,207	5.k=1.moyenne	0,0	ERA5
1061868	18/02/2025	12	18/02/2025	07	HNE	-15,6	0	-21,0	0	63,0	0	21,0	0	270,0	0	984,349	5.k=1.moyenne	1,3	ERA5
1061869	18/02/2025	13	18/02/2025	08	HNE	-15,7	0	-21,3	0	62,0	0	23,0	0	270,0	0	985,299	5.k=1.moyenne	229,7	ERA5
1061870	18/02/2025	14	18/02/2025	09	HNE	-15,3	0	-21,3	0	60,0	0	18,0	0	260,0	0	986,068	5.k=1.moyenne	796,6	ERA5
1061871	18/02/2025	15	18/02/2025	10	HNE	-15,1	0	-21,3	0	60,0	0	22,0	0	260,0	0	986,794	5.k=1.moyenne	1322,0	ERA5
1061872	18/02/2025	16	18/02/2025	11	HNE	-14,8	0	-21,5	0	57,0	0	21,0	0	260,0	0	987,458	5.k=1.moyenne	1719,2	ERA5
1061873	18/02/2025	17	18/02/2025	12	HNE	-14,8	0	-21,0	0	59,0	0	19,0	0	260,0	0	987,9	5.k=1.moyenne	1955,8	ERA5
1061874	18/02/2025	18	18/02/2025	13	HNE	-14,3	0	-21,4	0	55,0	0	17,0	0	270,0	0	988,4	5.k=1.moyenne	2066,5	ERA5
1061875	18/02/2025	19	18/02/2025	14	HNE	-14,1	0	-21,5	0	54,0	0	18,0	0	280,0	0	989,098	5.k=1.moyenne	1833,4	ERA5
1061876	18/02/2025	20	18/02/2025	15	HNE	-13,7	0	-21,4	0	52,0	0	18,0	0	270,0	0	989,955	5.k=1.moyenne	1465,9	ERA5
1061877	18/02/2025	21	18/02/2025	16	HNE	-13,6	0	-20,8	0	55,0	0	16,0	0	270,0	0	991,075	5.k=1.moyenne	926,1	ERA5
1061878	18/02/2025	22	18/02/2025	17	HNE	-13,8	0	-20,9	0	55,0	0	14,0	0	280,0	0	991,967	5.k=1.moyenne	360,2	ERA5
1061879	18/02/2025	23	18/02/2025	18	HNE	-13,8	0	-19,9	0	60,0	0	12,0	0	280,0	0	993,102	5.k=1.moyenne	18,6	ERA5
1061880	19/02/2025	00	18/02/2025	19	HNE	-13,8	0	-18,9	0	66,0	0	9,0	0	290,0	0	993,808	5.k=1.moyenne	0,0	ERA5
1061881	19/02/2025	01	18/02/2025	20	HNE	-14,0	0	-18,1	0	71,0	0	10,0	0	280,0	0	994,472	5.k=1.moyenne	0,0	ERA5
1061882	19/02/2025	02	18/02/2025	21	HNE	-14,2	0	-17,9	0	73,0	0	9,0	0	260,0	0	994,931	5.k=1.moyenne	0,0	ERA5
1061883	19/02/2025	03	18/02/2025	22	HNE	-14,4	0	-17,4	0	78,0	0	11,0	0	270,0	0	995,389	5.k=1.moyenne	0,0	ERA5
1061884	19/02/2025	04	18/02/2025	23	HNE	-14,6	0	-17,9	0	76,0	0	13,0	0	260,0	0	995,642	5.k=1.moyenne	0,0	ERA5
1061885	19/02/2025	05	19/02/2025	00	HNE	-15,0	0	-18,4	0	75,0	0	11,0	0	260,0	0	996,242	5.k=1.moyenne	0,0	ERA5
1061886	19/02/2025	06	19/02/2025	01	HNE	-15,8	0	-18,9	0	77,0	0	11,0	0	260,0	0	996,242	5.k=1.moyenne	0,0	ERA5
1061887	19/02/2025	07	19/02/2025	02	HNE	-16,6	0	-19,7	0	77,0	0	9,0	0	260,0	0	996,732	5.k=1.moyenne	0,0	ERA5
1061888	19/02/2025	08	19/02/2025	03	HNE	-16,9	0	-20,2	0	76,0	0	10,0	0	260,0	0	997,096	5.k=1.moyenne	0,0	ERA5
1061889	19/02/2025	09	19/02/2025	04	HNE	-17,3	0	-20,6	0	76,0	0	11,0	0	260,0	0	997,539	5.k=1.moyenne	0,0	ERA5
1061890	19/02/2025	10	19/02/2025	05	HNE	-17,3	0	-20,6	0	76,0	0	13,0	0	260,0	0	998,06	5.k=1.moyenne	0,0	ERA5
1061891	19/02/2025	11	19/02/2025	06	HNE	-17,6	0	-21,0	0	75,0	0	10,0	0	260,0	0	998,477	5.k=1.moyenne	0,0	ERA5
1061892	19/02/2025	12	19/02/2025	07	HNE	-17,7	0	-21,1	0	74,0	0	14,0	0	250,0	0	998,728	5.k=1.moyenne	2,2	ERA5
1061893	19/02/2025	13	19/02/2025	08	HNE	-17,2	0	-21,1	0	71,0	0	11,0	0	250,0	0	999,452	5.k=1.moyenne	290,0	ERA5
1061894	19/02/2025	14	19/02/2025	09	HNE	-16,3	0	-21,2	0	66,0	0	10,0	0	260,0	0	999,714	5.k=1.moyenne	902,6	ERA5
1061895	19/02/2025	15	19/02/2025	10	HNE	-15,5	0	-21,0	0	62,0	0	13,0	0	250,0	0	999,835	5.k=1.moyenne	1479,1	ERA5
1061896	19/02/2025	16	19/02/2025	11	HNE	-14,5	0	-20,8	0	59,0	0	15,0	0	250,0	0	999,893	5.k=1.moyenne	1810,8	ERA5
1061897	19/02/2025	17	19/02/2025	12	HNE	-13,6	0	-20,8	0	55,0	0	16,0	0	260,0	0	999,671	5.k=1.moyenne	2115,9	ERA5
1061898	19/02/2025	18	19/02/2025	13	HNE	-12,7	0	-20,0	0	54,0	0	12,0	0	260,0	0	999,286	5.k=1.moyenne	2123,6	ERA5
1061899	19/02/2025	19	19/02/2025	14	HNE	-12,2	0	-19,7	0	53,0	0	16,0	0	270,0	0	999,281	5.k=1.moyenne	2015,2	ERA5
1061900	19/02/2025	20	19/02/2025	15	HNE	-11,8	0	-19,5	0	53,0	0	11,0	0	270,0	0	999,234	5.k=1.moyenne	1626,1	ERA5
1061901	19/02/2025	21	19/02/2025	16	HNE	-11,6	0	-19,2	0	53,0	0	11,0	0	270,0	0	999,246	5.k=1.moyenne	1076,5	ERA5
1061902	19/02/2025	22	19/02/2025	17	HNE	-11,9	0	-19,1	0	55,0	0	11,0	0	280,0	0	999,537	5.k=1.moyenne	446,1	ERA5
1061903	19/02/2025	23	19/02/2025	18	HNE	-12,2	0	-18,9	0	57,0	0	10,0	0	260,0	0	999,668	5.k=1.moyenne	24,6	ERA5
1061904	20/02/2025	00	19/02/2025	19	HNE	-12,8	0	-19,1	0	59,0	0	10,0	0	280,0	0	999,617	5.k=1.moyenne	0,0	ERA5
1061905	20/02/2025	01	19/02/2025	20	HNE	-13,0	0	-19,3	0	59,0	0	11,0	0	260,0	0	999,599	5.k=1.moyenne	0,0	ERA5
1061906	20/02/2025	02	19/02/2025	21	HNE	-13,1	0	-19,6	0	59,0	0	9,0	0	270,0	0	999,607	5.k=1.moyenne	0,0	ERA5
1061907	20/02/2025	03	19/02/2025	22	HNE	-13,5	0	-19,8	0	59,0	0	10,0	0	250,0	0	999,349	5.k=1.moyenne	0,0	ERA5
1061908	20/02/2025	04	19/02/2025	23	HNE	-13,7	0	-19,8	0	60,0	0	11,0	0	260,0	0	999,029	5.k=1.moyenne	0,0	ERA5
1061909	20/02/2025	05	20/02/2025	00	HNE	-15,6	0	-20,9	0	64,0	0	7,0	0	240,0	0	999,097	5.k=1.moyenne	0,0	ERA5
1061910	20/02/2025	06	20/02/2025	01	HNE	-15,3	0	-20,4	0	65,0	0	5,0	0	270,0	0	999,097	5.k=1.moyenne	0,0	ERA5
1061911	20/02/2025	07	20/02/2025	02	HNE	-15,5	0	-20,8	0	64,0	0	11,0	0	240,0	0	998,939	5.k=1.moyenne	0,0	ERA5
1061912	20/02/2025	08	20/02/2025	03	HNE	-15,5	0	-20,4	0	66,0	0	7,0	0	260,0	0	998,558	5.k=1.moyenne	0,0	ERA5
1061913	20/02/2025	09	20/02/2025	04	HNE	-16,0	0	-20,8	0	67,0	0	5,0	0	270,0	0	998,444	5.k=1.moyenne	0,0	ERA5
1061914	20/02/2025	10	20/02/2025	05	HNE	-18,4	0	-22,6	0	69,0	0	9,0	0	170,0	0	998,371	5.k=1.moyenne	0,0	ERA5
1061915	20/02/2025	11	20/02/2025	06	HNE	-21,9	0	-25,0	0	76,0	0	6,0	0	210,0	0	998,136	5.k=1.moyenne	0,0	ERA5
1061916	20/02/2025	12	20/02/2025	07	HNE	-21,1	0	-23,8	0	79,0	0	4,0	0	160,0	0	997,986	5.k=1.moyenne	3,4	ERA5
1061917	20/02/2025	13	20/02/2025	08	HNE	-22,2	0	-26,3	0	69,0	0	5,0	0	190,0	0	997,977	5.k=1.moyenne	314,8	ERA5
1061918	20/02/2025	14	20/02/2025	09	HNE	-17,0	0	-21,7	0	67,0	0	5,0	0	250,0	0	997,789	5.k=1.moyenne	934,4	ERA5
1061919	20/02/2025	15	20/02/2025	10	HNE	-13,3	0	-19,0	0	62,0	0	10,0	0	270,0	0	997,302	5.k=1.moyenne	1519,8	ERA5
1061920	20/02/2025	16	20/02/2025	11	HNE	-12,8	0	-18,6	0	62,0	0	9,0	0	270,0	0	996,995	5.k=1.moyenne	1963,0	ERA5
1061921	20/02/2025	17	20/02/2025	12	HNE	-11,6	0	-17,3	0	63,0	0	9,0	0	280,0	0	996,229	5.k=1.moyenne	2210,9	ERA5
1061922	20/02/2025	18	20/02/2025	13	HNE	-10,2	0	-16,2	0	62,0	0	12,0	0	270,0	0	995,823	5.k=1.moyenne	2223,9	ERA5
1061923	20/02/2025	19	20/02/2025	14	HNE	-9,2	0	-15,1	0	62,0	0	10,0	0	280,0	0	995,518	5.k=1.moyenne	1970,4	ERA5
1061924	20/02/2025	20	20/02/2025	15	HNE	-8,7	0	-14,7	0	62,0	0	8,0	0	280,0	0	995,513	5.k=1.moyenne	1566,4	ERA5
1061925	20/02/2025	21	20/02/2025	16	HNE	-8,6	0	-14,1	0	64,0	0	9,0	0	280,0	0	995,588	5.k=1.moyenne	1000,5	ERA5
1061926	20/02/2025	22	20/02/2025	17	HNE	-8,4	0	-13,6	0	66,0	0	9,0	0	280,0	0	995,704	5.k=1.moyenne	362,5	ERA5
1061927	20/02/2025	23	20/02/2025	18	HNE	-8,3	0	-13,3	0	67,0	0	7,0	0	270,0	0	995,841	5.k=1.moyenne	19,3	ERA5
1061928	21/02/2025	00	20/02/2025	19	HNE	-8,5	0	-13,3	0	68,0	0	11,0	0	270,0	0	995,777	5.k=1.moyenne	0,0	ERA5
1061929	21/02/2025	01	20/02/2025	20	HNE	-8,6	0	-12,9	0	71,0	0	10,0	0	270,0	0	995,749	5.k=1.moyenne	0,0	ERA5
1061930	21/02/2025	02	20/02/2025	21	HNE	-8,3	0	-11,4	0	78,0	0	13,0	0	280,0	0	995,623	5.k=1.moyenne	0,0	ERA5
1061931	21/02/2025	03	20/02/2025	22	HNE	-8,7	0	-11,3	0	81,0	0	9,0	0	280,0	0	995,6	5.k=1.moyenne	0,0	ERA5
1061932	21/02/2025	04	20/02/2025	23	HNE	-9,0	0	-11,8	0	80,0	0	11,0	0	270,0	0	995,598	5.k=1.moyenne	0,0	ERA5
1061933	21/02/2025	05	21/02/2025	00	HNE	-9,4	0	-11,6	0	84,0	0	10,0	0	280,0	0	995,677	5.k=1.moyenne	0,0	ERA5
1061934	21/02/2025	06	21/02/2025	01	HNE	-9,3	0	-11,2	0	86,0	0	8,0	0	270,0	0	995,677	5.k=1.moyenne	0,0	ERA5
1061935	21/02/2025	07	21/02/2025	02	HNE	-9,3	0	-11,3	0	86,0	0	9,0	0	280,0	0	995,729	5.k=1.moyenne	0,0	ERA5
1061936	21/02/2025	08	21/02/2025	03	HNE	-9,4	0	-11,4	0	85,0	0	11,0	0	280,0	0	995,944	5.k=1.moyenne	0,0	ERA5
1061937	21/02/2025	09	21/02/2025	04	HNE	-9,4	0	-12,2	0	80,0	0	11,0	0	280,0	0	996,199	5.k=1.moyenne	0,0	ERA5
1061938	21/02/2025	10	21/02/2025	05	HNE	-9,8	0	-13,8	0	73,0	0	12,0	0	280,0	0	996,677	5.k=1.moyenne	0,0	ERA5
1061939	21/02/2025	11	21/02/2025	06	HNE	-10,5	0	-14,6	0	72,0	0	14,0	0	270,0	0	997,196	5.k=1.moyenne	0,0	ERA5
1061940	21/02/2025	12	21/02/2025	07	HNE	-11,2	0	-15,3	0	72,0	0	12,0	0	280,0	0	997,777	5.k=1.moyenne	4,2	ERA5
1061941	21/02/2025	13	21/02/2025	08	HNE	-12,4	0	-16,3	0	73,0	0	10,0	0	270,0	0	998,404	5.k=1.moyenne	300,2	ERA5
1061942	21/02/2025	14	21/02/2025	09	HNE	-11,4	0	-15,5	0	72,0	0	11,0	0	280,0	0	998,519	5.k=1.moyenne	890,7	ERA5
1061943	21/02/2025	15	21/02/2025	10	HNE	-10,1	0	-15,1	0	67,0	0	13,0	0	270,0	0	998,732	5.k=1.moyenne	1487,8	ERA5
1061944	21/02/2025	16	21/02/2025	11	HNE	-9,7	0	-14,8	0	67,0	0	17,0	0	270,0	0	998,766	5.k=1.moyenne	1965,8	ERA5
1061945	21/02/2025	17	21/02/2025	12	HNE	-9,2	0	-14,6	0	65,0	0	19,0	0	280,0	0	998,478	5.k=1.moyenne	2174,1	ERA5
1061946	21/02/2025	18	21/02/2025	13	HNE	-9,2	0	-15,0	0	63,0	0	20,0	0	280,0	0	998,271	5.k=1.moyenne	2154,5	ERA5
1061947	21/02/2025	19	21/02/2025	14	HNE	-9,4	0	-14,5	0	66,0	0	16,0	0	270,0	0	998,375	5.k=1.moyenne	1985,1	ERA5
1061948	21/02/2025	20	21/02/2025	15	HNE	-9,0	0	-14,1	0	66,0	0	14,0	0	270,0	0	998,519	5.k=1.moyenne	1557,1	ERA5
1061949	21/02/2025	21	21/02/2025	16	HNE	-8,9	0	-14,2	0	65,0	0	15,0	0	270,0	0	998,86	5.k=1.moyenne	1067,8	ERA5
1061950	21/02/2025	22	21/02/2025	17	HNE	-9,2	0	-14,5	0	65,0	0	18,0	0	270,0	0	999,292	5.k=1.moyenne	467,7	ERA5
1061951	21/02/2025	23	21/02/2025	18	HNE	-10,1	0	-15,3	0	66,0	0	16,0	0	260,0	0	999,785	5.k=1.moyenne	31,2	ERA5
1061952	22/02/2025	00	21/02/2025	19	HNE	-10,5	0	-16,2	0	63,0	0	12,0	0	270,0	0	1000,17	5.k=1.moyenne	0,0	ERA5
1061953	22/02/2025	01	21/02/2025	20	HNE	-10,7	0	-16,5	0	63,0	0	10,0	0	280,0	0	1000,57	5.k=1.moyenne	0,0	ERA5
1061954	22/02/2025	02	21/02/2025	21	HNE	-11,6	0	-17,1	0	64,0	0	7,0	0	280,0	0	1000,75	5.k=1.moyenne	0,0	ERA5
1061955	22/02/2025	03	21/02/2025	22	HNE	-11,1	0	-16,2	0	66,0	0	7,0	0	290,0	0	1000,77	5.k=1.moyenne	0,0	ERA5
1061956	22/02/2025	04	21/02/2025	23	HNE	-11,1	0	-15,8	0	69,0	0	9,0	0	250,0	0	1000,86	5.k=1.moyenne	0,0	ERA5
1061957	22/02/2025	05	22/02/2025	00	HNE	-10,8	0	-15,2	0	70,0	0	8,0	0	260,0	0	1000,92	5.k=1.moyenne	0,0	ERA5
1061958	22/02/2025	06	22/02/2025	01	HNE	-10,3	0	-14,9	0	69,0	0	7,0	0	250,0	0	1000,92	5.k=1.moyenne	0,0	ERA5
1061959	22/02/2025	07	22/02/2025	02	HNE	-10,5	0	-15,1	0	69,0	0	6,0	0	280,0	0	1000,92	5.k=1.moyenne	0,0	ERA5
1061960	22/02/2025	08	22/02/2025	03	HNE	-12,8	0	-16,7	0	72,0	0	6,0	0	260,0	0	1000,92	5.k=1.moyenne	0,0	ERA5
1061961	22/02/2025	09	22/02/2025	04	HNE	-13,7	0	-17,2	0	74,0	0	5,0	0	260,0	0	1000,99	5.k=1.moyenne	0,0	ERA5
1061962	22/02/2025	10	22/02/2025	05	HNE	-14,0	0	-17,2	0	76,0	0	6,0	0	260,0	0	1001,03	5.k=1.moyenne	0,0	ERA5
1061963	22/02/2025	11	22/02/2025	06	HNE	-13,6	0	-17,0	0	76,0	0	9,0	0	260,0	0	1000,91	5.k=1.moyenne	0,0	ERA5
1061964	22/02/2025	12	22/02/2025	07	HNE	-12,8	0	-16,6	0	73,0	0	7,0	0	260,0	0	1000,93	5.k=1.moyenne	6,6	ERA5
1061965	22/02/2025	13	22/02/2025	08	HNE	-12,9	0	-17,3	0	70,0	0	4,0	0	240,0	0	1000,87	5.k=1.moyenne	347,0	ERA5
1061966	22/02/2025	14	22/02/2025	09	HNE	-13,7	0	-18,0	0	70,0	0	11,0	0	180,0	0	1000,28	5.k=1.moyenne	986,0	ERA5
1061967	22/02/2025	15	22/02/2025	10	HNE	-10,4	0	-15,8	0	65,0	0	12,0	0	150,0	0	999,604	5.k=1.moyenne	1579,0	ERA5
1061968	22/02/2025	16	22/02/2025	11	HNE	-8,6	0	-14,1	0	64,0	0	16,0	0	180,0	0	998,91	5.k=1.moyenne	2024,3	ERA5
1061969	22/02/2025	17	22/02/2025	12	HNE	-7,2	0	-12,8	0	64,0	0	17,0	0	160,0	0	997,911	5.k=1.moyenne	2230,2	ERA5
1061970	22/02/2025	18	22/02/2025	13	HNE	-6,4	0	-11,9	0	65,0	0	14,0	0	170,0	0	997,014	5.k=1.moyenne	2120,2	ERA5
1061971	22/02/2025	19	22/02/2025	14	HNE	-5,4	0	-10,7	0	66,0	0	13,0	0	170,0	0	996,28	5.k=1.moyenne	1588,6	ERA5
1061972	22/02/2025	20	22/02/2025	15	HNE	-4,8	0	-10,6	0	64,0	0	19,0	0	170,0	0	995,811	5.k=1.moyenne	1132,9	ERA5
1061973	22/02/2025	21	22/02/2025	16	HNE	-4,5	0	-9,7	0	67,0	0	13,0	0	180,0	0	995,423	5.k=1.moyenne	653,7	ERA5
1061974	22/02/2025	22	22/02/2025	17	HNE	-4,7	0	-10,2	0	65,0	0	14,0	0	190,0	0	995,261	5.k=1.moyenne	298,2	ERA5
1061975	22/02/2025	23	22/02/2025	18	HNE	-5,3	0	-10,4	0	67,0	0	14,0	0	190,0	0	995,179	5.k=1.moyenne	29,8	ERA5
1061976	23/02/2025	00	22/02/2025	19	HNE	-5,3	0	-9,8	0	71,0	0	10,0	0	190,0	0	995,159	5.k=1.moyenne	0,0	ERA5
1061977	23/02/2025	01	22/02/2025	20	HNE	-4,8	0	-9,4	0	70,0	0	15,0	0	180,0	0	994,752	5.k=1.moyenne	0,0	ERA5
1061978	23/02/2025	02	22/02/2025	21	HNE	-4,9	0	-9,0	0	73,0	0	14,0	0	180,0	0	994,507	5.k=1.moyenne	0,0	ERA5
1061979	23/02/2025	03	22/02/2025	22	HNE	-4,0	0	-8,4	0	71,0	0	15,0	0	200,0	0	994,038	5.k=1.moyenne	0,0	ERA5
1061980	23/02/2025	04	22/02/2025	23	HNE	-4,9	0	-7,9	0	79,0	0	11,0	0	190,0	0	993,844	5.k=1.moyenne	0,0	ERA5
1061981	23/02/2025	05	23/02/2025	00	HNE	-4,6	0	-8,2	0	76,0	0	11,0	0	210,0	0	993,528	5.k=1.moyenne	0,0	ERA5
1061982	23/02/2025	06	23/02/2025	01	HNE	-3,2	0	-6,3	0	79,0	0	12,0	0	240,0	0	993,528	5.k=1.moyenne	0,0	ERA5
1061983	23/02/2025	07	23/02/2025	02	HNE	-3,6	0	-5,9	0	84,0	0	13,0	0	240,0	0	993,466	5.k=1.moyenne	0,0	ERA5
1061984	23/02/2025	08	23/02/2025	03	HNE	-3,5	0	-5,6	0	86,0	0	11,0	0	240,0	0	993,252	5.k=1.moyenne	0,0	ERA5
1061985	23/02/2025	09	23/02/2025	04	HNE	-3,6	0	-5,6	0	86,0	0	14,0	0	260,0	0	993,345	5.k=1.moyenne	0,0	ERA5
1061986	23/02/2025	10	23/02/2025	05	HNE	-4,0	0	-5,9	0	86,0	0	11,0	0	250,0	0	993,582	5.k=1.moyenne	0,0	ERA5
1061987	23/02/2025	11	23/02/2025	06	HNE	-3,7	0	-5,8	0	86,0	0	13,0	0	250,0	0	993,778	5.k=1.moyenne	0,0	ERA5
1061988	23/02/2025	12	23/02/2025	07	HNE	-3,6	0	-5,8	0	85,0	0	12,0	0	260,0	0	994,179	5.k=1.moyenne	6,6	ERA5
1061989	23/02/2025	13	23/02/2025	08	HNE	-3,4	0	-5,7	0	84,0	0	8,0	0	260,0	0	994,785	5.k=1.moyenne	269,8	ERA5
1061990	23/02/2025	14	23/02/2025	09	HNE	-3,1	0	-5,9	0	81,0	0	13,0	0	260,0	0	995,065	5.k=1.moyenne	773,3	ERA5
1061991	23/02/2025	15	23/02/2025	10	HNE	-2,7	0	-5,9	0	79,0	0	11,0	0	260,0	0	995,304	5.k=1.moyenne	1220,8	ERA5
1061992	23/02/2025	16	23/02/2025	11	HNE	-2,2	0	-6,0	0	75,0	0	10,0	0	260,0	0	995,483	5.k=1.moyenne	1499,8	ERA5
1061993	23/02/2025	17	23/02/2025	12	HNE	-1,9	0	-5,9	0	74,0	0	9,0	0	270,0	0	995,458	5.k=1.moyenne	1512,1	ERA5
1061994	23/02/2025	18	23/02/2025	13	HNE	-1,7	0	-6,5	0	69,0	0	12,0	0	250,0	0	995,393	5.k=1.moyenne	1427,6	ERA5
1061995	23/02/2025	19	23/02/2025	14	HNE	-1,3	0	-6,3	0	69,0	0	8,0	0	270,0	0	995,369	5.k=1.moyenne	1572,8	ERA5
1061996	23/02/2025	20	23/02/2025	15	HNE	-1,2	0	-6,4	0	68,0	0	8,0	0	270,0	0	995,63	5.k=1.moyenne	1552,7	ERA5
1061997	23/02/2025	21	23/02/2025	16	HNE	-1,4	0	-6,3	0	69,0	0	9,0	0	260,0	0	995,954	5.k=1.moyenne	986,0	ERA5
1061998	23/02/2025	22	23/02/2025	17	HNE	-1,7	0	-6,1	0	72,0	0	8,0	0	260,0	0	996,441	5.k=1.moyenne	392,1	ERA5
1061999	23/02/2025	23	23/02/2025	18	HNE	-2,2	0	-6,6	0	72,0	0	6,0	0	260,0	0	997,111	5.k=1.moyenne	31,0	ERA5
1062000	24/02/2025	00	23/02/2025	19	HNE	-2,8	0	-7,2	0	71,0	0	6,0	0	280,0	0	997,639	5.k=1.moyenne	0,0	ERA5
1062001	24/02/2025	01	23/02/2025	20	HNE	-3,2	0	-7,3	0	73,0	0	4,0	0	280,0	0	997,943	5.k=1.moyenne	0,0	ERA5
1062002	24/02/2025	02	23/02/2025	21	HNE	-3,8	0	-7,3	0	76,0	0	4,0	0	240,0	0	997,982	5.k=1.moyenne	0,0	ERA5
1062003	24/02/2025	03	23/02/2025	22	HNE	-4,7	0	-7,3	0	82,0	0	1,0	0	330,0	0	997,898	5.k=1.moyenne	0,0	ERA5
1062004	24/02/2025	04	23/02/2025	23	HNE	-4,9	0	-7,7	0	81,0	0	3,0	0	50,0	0	997,754	5.k=1.moyenne	0,0	ERA5
1062005	24/02/2025	05	24/02/2025	00	HNE	-6,2	0	-8,3	0	85,0	0	2,0	0	140,0	0	997,65	5.k=1.moyenne	0,0	ERA5
1062006	24/02/2025	06	24/02/2025	01	HNE	-5,0	0	-6,8	0	87,0	0	4,0	0	100,0	0	997,65	5.k=1.moyenne	0,0	ERA5
1062007	24/02/2025	07	24/02/2025	02	HNE	-4,6	0	-6,7	0	85,0	0	4,0	0	110,0	0	997,496	5.k=1.moyenne	0,0	ERA5
1062008	24/02/2025	08	24/02/2025	03	HNE	-4,6	0	-6,8	0	84,0	0	4,0	0	130,0	0	997,22	5.k=1.moyenne	0,0	ERA5
1062009	24/02/2025	09	24/02/2025	04	HNE	-4,5	0	-6,9	0	83,0	0	2,0	0	90,0	0	996,883	5.k=1.moyenne	0,0	ERA5
1062010	24/02/2025	10	24/02/2025	05	HNE	-4,4	0	-6,6	0	85,0	0	6,0	0	90,0	0	996,752	5.k=1.moyenne	0,0	ERA5
1062011	24/02/2025	11	24/02/2025	06	HNE	-4,0	0	-6,2	0	85,0	0	12,0	0	140,0	0	996,131	5.k=1.moyenne	0,0	ERA5
1062012	24/02/2025	12	24/02/2025	07	HNE	-3,2	0	-5,4	0	84,0	0	11,0	0	150,0	0	995,903	5.k=1.moyenne	8,0	ERA5
1062013	24/02/2025	13	24/02/2025	08	HNE	-2,4	0	-4,9	0	83,0	0	20,0	0	170,0	0	995,456	5.k=1.moyenne	301,4	ERA5
1062014	24/02/2025	14	24/02/2025	09	HNE	-1,6	0	-4,3	0	82,0	0	20,0	0	170,0	0	994,55	5.k=1.moyenne	839,0	ERA5
1062015	24/02/2025	15	24/02/2025	10	HNE	-0,7	0	-4,2	0	78,0	0	22,0	0	170,0	0	993,364	5.k=1.moyenne	1189,1	ERA5
1062016	24/02/2025	16	24/02/2025	11	HNE	-0,1	0	-3,9	0	76,0	0	28,0	0	170,0	0	991,979	5.k=1.moyenne	1579,5	ERA5
1062017	24/02/2025	17	24/02/2025	12	HNE	0,5	0	-3,2	0	76,0	0	32,0	0	180,0	0	990,454	5.k=1.moyenne	1702,4	ERA5
1062018	24/02/2025	18	24/02/2025	13	HNE	1,1	0	-3,0	0	74,0	0	33,0	0	170,0	0	988,929	5.k=1.moyenne	1498,1	ERA5
1062019	24/02/2025	19	24/02/2025	14	HNE	1,8	0	-2,9	0	71,0	0	42,0	0	170,0	0	987,265	5.k=1.moyenne	1211,3	ERA5
1062020	24/02/2025	20	24/02/2025	15	HNE	2,7	0	-3,0	0	66,0	0	42,0	0	170,0	0	986,062	5.k=1.moyenne	1025,9	ERA5
1062021	24/02/2025	21	24/02/2025	16	HNE	3,1	0	-2,8	0	65,0	0	42,0	0	170,0	0	984,895	5.k=1.moyenne	394,9	ERA5
1062022	24/02/2025	22	24/02/2025	17	HNE	3,7	0	-2,9	0	62,0	0	46,0	0	180,0	0	983,953	5.k=1.moyenne	120,9	ERA5
1062023	24/02/2025	23	24/02/2025	18	HNE	4,0	0	-2,8	0	61,0	0	43,0	0	180,0	0	983,542	5.k=1.moyenne	10,1	ERA5
1062024	25/02/2025	00	24/02/2025	19	HNE	4,0	0	-2,7	0	62,0	0	46,0	0	180,0	0	982,907	5.k=1.moyenne	0,0	ERA5
1062025	25/02/2025	01	24/02/2025	20	HNE	3,8	0	-2,6	0	63,0	0	41,0	0	180,0	0	982,455	5.k=1.moyenne	0,0	ERA5
1062026	25/02/2025	02	24/02/2025	21	HNE	3,7	0	-2,2	0	65,0	0	34,0	0	190,0	0	982,065	5.k=1.moyenne	0,0	ERA5
1062027	25/02/2025	03	24/02/2025	22	HNE	3,3	0	-2,0	0	68,0	0	28,0	0	190,0	0	981,696	5.k=1.moyenne	0,0	ERA5
1062028	25/02/2025	04	24/02/2025	23	HNE	2,6	0	-1,5	0	74,0	0	24,0	0	200,0	0	981,51	5.k=1.moyenne	0,0	ERA5
1062029	25/02/2025	05	25/02/2025	00	HNE	1,9	0	-1,1	0	80,0	0	15,0	0	190,0	0	981,611	5.k=1.moyenne	0,0	ERA5
1062030	25/02/2025	06	25/02/2025	01	HNE	2,0	0	-1,1	0	80,0	0	20,0	0	190,0	0	981,611	5.k=1.moyenne	0,0	ERA5
1062031	25/02/2025	07	25/02/2025	02	HNE	1,9	0	-1,1	0	80,0	0	16,0	0	200,0	0	981,956	5.k=1.moyenne	0,0	ERA5
1062032	25/02/2025	08	25/02/2025	03	HNE	2,1	0	-1,1	0	79,0	0	13,0	0	190,0	0	982,118	5.k=1.moyenne	0,0	ERA5
1062033	25/02/2025	09	25/02/2025	04	HNE	1,8	0	-1,1	0	81,0	0	14,0	0	190,0	0	982,586	5.k=1.moyenne	0,0	ERA5
1062034	25/02/2025	10	25/02/2025	05	HNE	1,4	0	-1,0	0	84,0	0	9,0	0	180,0	0	983,218	5.k=1.moyenne	0,0	ERA5
1062035	25/02/2025	11	25/02/2025	06	HNE	1,0	0	-0,8	0	88,0	0	9,0	0	180,0	0	983,788	5.k=1.moyenne	0,0	ERA5
1062036	25/02/2025	12	25/02/2025	07	HNE	1,3	0	-0,8	0	86,0	0	5,0	0	160,0	0	984,551	5.k=1.moyenne	11,2	ERA5
1062037	25/02/2025	13	25/02/2025	08	HNE	1,5	0	-1,1	0	83,0	0	10,0	0	190,0	0	985,47	5.k=1.moyenne	211,3	ERA5
1062038	25/02/2025	14	25/02/2025	09	HNE	1,7	0	-1,1	0	82,0	0	9,0	0	170,0	0	986,17	5.k=1.moyenne	653,7	ERA5
1062039	25/02/2025	15	25/02/2025	10	HNE	2,5	0	-1,4	0	75,0	0	7,0	0	160,0	0	986,549	5.k=1.moyenne	1095,4	ERA5
1062040	25/02/2025	16	25/02/2025	11	HNE	2,4	0	-1,5	0	76,0	0	8,0	0	180,0	0	986,808	5.k=1.moyenne	1195,0	ERA5
1062041	25/02/2025	17	25/02/2025	12	HNE	3,3	0	-1,8	0	70,0	0	11,0	0	170,0	0	986,647	5.k=1.moyenne	1335,8	ERA5
1062042	25/02/2025	18	25/02/2025	13	HNE	4,2	0	-2,0	0	64,0	0	6,0	0	170,0	0	986,607	5.k=1.moyenne	1229,7	ERA5
1062043	25/02/2025	19	25/02/2025	14	HNE	4,1	0	-0,5	0	72,0	0	14,0	0	210,0	0	986,806	5.k=1.moyenne	1009,9	ERA5
1062044	25/02/2025	20	25/02/2025	15	HNE	3,1	0	-0,3	0	78,0	0	3,0	0	180,0	0	987,046	5.k=1.moyenne	644,5	ERA5
1062045	25/02/2025	21	25/02/2025	16	HNE	2,7	0	0,4	0	85,0	0	8,0	0	170,0	0	987,445	5.k=1.moyenne	319,4	ERA5
1062046	25/02/2025	22	25/02/2025	17	HNE	2,4	0	1,1	0	92,0	0	4,0	0	170,0	0	987,905	5.k=1.moyenne	149,1	ERA5
1062047	25/02/2025	23	25/02/2025	18	HNE	2,4	0	1,8	0	96,0	0	7,0	0	150,0	0	988,444	5.k=1.moyenne	11,4	ERA5
1062048	26/02/2025	00	25/02/2025	19	HNE	1,6	0	1,2	0	97,0	0	2,0	0	240,0	0	988,82	5.k=1.moyenne	0,0	ERA5
1062049	26/02/2025	01	25/02/2025	20	HNE	1,4	0	1,1	0	98,0	0	4,0	0	150,0	0	988,983	5.k=1.moyenne	0,0	ERA5
1062050	26/02/2025	02	25/02/2025	21	HNE	1,8	0	1,6	0	99,0	0	3,0	0	270,0	0	989,146	5.k=1.moyenne	0,0	ERA5
1062051	26/02/2025	03	25/02/2025	22	HNE	1,9	0	1,5	0	97,0	0	7,0	0	260,0	0	989,126	5.k=1.moyenne	0,0	ERA5
1062052	26/02/2025	04	25/02/2025	23	HNE	1,7	0	1,2	0	97,0	0	8,0	0	270,0	0	989,023	5.k=1.moyenne	0,0	ERA5
1062053	26/02/2025	05	26/02/2025	00	HNE	1,7	0	1,3	0	97,0	0	6,0	0	270,0	0	988,962	5.k=1.moyenne	0,0	ERA5
1062054	26/02/2025	06	26/02/2025	01	HNE	1,7	0	1,4	0	98,0	0	10,0	0	260,0	0	988,962	5.k=1.moyenne	0,0	ERA5
1062055	26/02/2025	07	26/02/2025	02	HNE	1,6	0	1,3	0	98,0	0	9,0	0	290,0	0	989,014	5.k=1.moyenne	0,0	ERA5
1062056	26/02/2025	08	26/02/2025	03	HNE	1,3	0	1,1	0	99,0	0	9,0	0	260,0	0	988,903	5.k=1.moyenne	0,0	ERA5
1062057	26/02/2025	09	26/02/2025	04	HNE	1,5	0	1,3	0	99,0	0	9,0	0	270,0	0	989,137	5.k=1.moyenne	0,0	ERA5
1062058	26/02/2025	10	26/02/2025	05	HNE	1,3	0	1,1	0	98,0	0	6,0	0	290,0	0	989,33	5.k=1.moyenne	0,0	ERA5
1062059	26/02/2025	11	26/02/2025	06	HNE	1,2	0	0,8	0	97,0	0	9,0	0	290,0	0	989,644	5.k=1.moyenne	0,0	ERA5
1062060	26/02/2025	12	26/02/2025	07	HNE	1,1	0	0,1	4.lineaire	93,0	0	9,0	0	290,0	0	990,101	5.k=1.moyenne	4,3	ERA5
1062061	26/02/2025	13	26/02/2025	08	HNE	1,0	0	-0,6	0	89,0	0	8,0	0	290,0	0	990,384	5.k=1.moyenne	136,8	ERA5
1062062	26/02/2025	14	26/02/2025	09	HNE	1,0	0	-1,5	0	83,0	0	11,0	0	290,0	0	990,67	5.k=1.moyenne	454,4	ERA5
1062063	26/02/2025	15	26/02/2025	10	HNE	0,9	0	-3,0	0	75,0	0	9,0	0	290,0	0	990,576	5.k=1.moyenne	798,3	ERA5
1062064	26/02/2025	16	26/02/2025	11	HNE	0,6	0	-3,6	0	73,0	0	12,0	0	300,0	0	990,561	5.k=1.moyenne	893,3	ERA5
1062065	26/02/2025	17	26/02/2025	12	HNE	0,15	4.lineaire	-4,1	0	74,0	0	12,0	0	270,0	0	990,266	5.k=1.moyenne	1092,7	ERA5
1062066	26/02/2025	18	26/02/2025	13	HNE	-0,3	0	-5,3	0	69,0	0	14,0	0	280,0	0	990,091	5.k=1.moyenne	1323,6	ERA5
1062067	26/02/2025	19	26/02/2025	14	HNE	0,1	0	-6,2	0	63,0	0	12,0	0	260,0	0	990,015	5.k=1.moyenne	1123,4	ERA5
1062068	26/02/2025	20	26/02/2025	15	HNE	0,4	0	-7,4	0	56,0	0	10,0	0	260,0	0	990,139	5.k=1.moyenne	1208,4	ERA5
1062069	26/02/2025	21	26/02/2025	16	HNE	0,5	0	-7,7	0	54,0	0	8,0	0	250,0	0	990,574	5.k=1.moyenne	1115,6	ERA5
1062070	26/02/2025	22	26/02/2025	17	HNE	0,1	0	-7,1	0	58,0	0	10,0	0	250,0	0	990,986	5.k=1.moyenne	562,7	ERA5
1062071	26/02/2025	23	26/02/2025	18	HNE	-1,2	0	-7,3	0	63,0	0	10,0	0	240,0	0	991,662	5.k=1.moyenne	57,7	ERA5
1062072	27/02/2025	00	26/02/2025	19	HNE	-2,0	0	-7,9	0	64,0	0	6,0	0	240,0	0	992,073	5.k=1.moyenne	0,0	ERA5
1062073	27/02/2025	01	26/02/2025	20	HNE	-3,4	0	-9,2	0	64,0	0	6,0	0	210,0	0	992,422	5.k=1.moyenne	0,0	ERA5
1062074	27/02/2025	02	26/02/2025	21	HNE	-5,9	0	-10,3	0	71,0	0	7,0	0	180,0	0	992,731	5.k=1.moyenne	0,0	ERA5
1062075	27/02/2025	03	26/02/2025	22	HNE	-8,2	0	-11,2	0	79,0	0	7,0	0	170,0	0	992,855	5.k=1.moyenne	0,0	ERA5
1062076	27/02/2025	04	26/02/2025	23	HNE	-7,4	0	-10,9	0	76,0	0	10,0	0	160,0	0	992,877	5.k=1.moyenne	0,0	ERA5
1062077	27/02/2025	05	27/02/2025	00	HNE	-6,9	0	-10,8	0	74,0	0	11,0	0	160,0	0	992,981	5.k=1.moyenne	0,0	ERA5
1062078	27/02/2025	06	27/02/2025	01	HNE	-4,5	0	-9,0	0	71,0	0	9,0	0	160,0	0	992,981	5.k=1.moyenne	0,0	ERA5
1062079	27/02/2025	07	27/02/2025	02	HNE	-4,9	0	-8,7	0	74,0	0	8,0	0	140,0	0	992,807	5.k=1.moyenne	0,0	ERA5
1062080	27/02/2025	08	27/02/2025	03	HNE	-5,3	0	-8,7	0	77,0	0	9,0	0	150,0	0	992,388	5.k=1.moyenne	0,0	ERA5
1062081	27/02/2025	09	27/02/2025	04	HNE	-5,9	0	-8,9	0	79,0	0	6,0	0	130,0	0	992,172	5.k=1.moyenne	0,0	ERA5
1062082	27/02/2025	10	27/02/2025	05	HNE	-5,3	0	-8,4	0	78,0	0	9,0	0	120,0	0	991,874	5.k=1.moyenne	0,0	ERA5
1062083	27/02/2025	11	27/02/2025	06	HNE	-4,4	0	-8,0	0	76,0	0	11,0	0	130,0	0	991,595	5.k=1.moyenne	0,0	ERA5
1062084	27/02/2025	12	27/02/2025	07	HNE	-4,1	0	-7,5	0	77,0	0	11,0	0	140,0	0	991,132	5.k=1.moyenne	16,0	ERA5
1062085	27/02/2025	13	27/02/2025	08	HNE	-2,4	0	-3,8	0	90,0	0	18,0	0	150,0	0	990,71	5.k=1.moyenne	228,3	ERA5
1062086	27/02/2025	14	27/02/2025	09	HNE	-1,7	0	-2,6	0	93,0	0	18,0	0	130,0	0	989,899	5.k=1.moyenne	416,6	ERA5
1062087	27/02/2025	15	27/02/2025	10	HNE	-0,6	0	-1,8	0	91,0	0	16,0	0	120,0	0	988,945	5.k=1.moyenne	426,8	ERA5
1062088	27/02/2025	16	27/02/2025	11	HNE	0,1	0	-1,3	0	91,0	0	10,0	0	110,0	0	987,541	5.k=1.moyenne	598,7	ERA5
1062089	27/02/2025	17	27/02/2025	12	HNE	0,5	0	-0,7	0	91,0	0	11,0	0	120,0	0	986,137	5.k=1.moyenne	568,6	ERA5
1062090	27/02/2025	18	27/02/2025	13	HNE	1,0	0	-1,0	0	87,0	0	7,0	0	110,0	0	984,488	5.k=1.moyenne	1056,2	ERA5
1062091	27/02/2025	19	27/02/2025	14	HNE	1,5	0	-0,7	0	86,0	0	9,0	0	150,0	0	983,267	5.k=1.moyenne	1025,5	ERA5
1062092	27/02/2025	20	27/02/2025	15	HNE	1,1	0	0,3	0	94,0	0	23,0	0	170,0	0	982,474	5.k=1.moyenne	458,6	ERA5
1062093	27/02/2025	21	27/02/2025	16	HNE	1,1	0	0,6	0	97,0	0	17,0	0	180,0	0	982,008	5.k=1.moyenne	426,4	ERA5
1062094	27/02/2025	22	27/02/2025	17	HNE	0,9	0	0,4	0	97,0	0	17,0	0	200,0	0	981,643	5.k=1.moyenne	165,2	ERA5
1062095	27/02/2025	23	27/02/2025	18	HNE	1,2	0	0,8	0	97,0	0	13,0	0	210,0	0	981,564	5.k=1.moyenne	13,2	ERA5
1062096	28/02/2025	00	27/02/2025	19	HNE	-0,6	0	-1,2	0	96,0	0	14,0	0	280,0	0	981,199	5.k=1.moyenne	0,0	ERA5
1062097	28/02/2025	01	27/02/2025	20	HNE	-0,8	0	-1,4	0	96,0	0	7,0	0	270,0	0	980,671	5.k=1.moyenne	0,0	ERA5
1062098	28/02/2025	02	27/02/2025	21	HNE	-0,1	0	-0,9	0	94,0	0	15,0	0	250,0	0	979,999	5.k=1.moyenne	0,0	ERA5
1062099	28/02/2025	03	27/02/2025	22	HNE	0,5	0	-0,2	0	95,0	0	13,0	0	240,0	0	979,429	5.k=1.moyenne	0,0	ERA5
1062100	28/02/2025	04	27/02/2025	23	HNE	1,6	0	0,2	0	90,0	0	18,0	0	230,0	0	978,798	5.k=1.moyenne	0,0	ERA5
1062101	28/02/2025	05	28/02/2025	00	HNE	1,7	0	0,2	0	90,0	0	20,0	0	230,0	0	978,065	5.k=1.moyenne	0,0	ERA5
1062102	28/02/2025	06	28/02/2025	01	HNE	2,1	0	-0,2	0	84,0	0	20,0	0	250,0	0	978,065	5.k=1.moyenne	0,0	ERA5
1062103	28/02/2025	07	28/02/2025	02	HNE	2,0	0	-0,6	0	83,0	0	18,0	0	250,0	0	978,02	5.k=1.moyenne	0,0	ERA5
1062104	28/02/2025	08	28/02/2025	03	HNE	1,4	0	-0,3	0	88,0	0	18,0	0	250,0	0	978,121	5.k=1.moyenne	0,0	ERA5
1062105	28/02/2025	09	28/02/2025	04	HNE	0,5	0	-1,2	0	88,0	0	22,0	0	280,0	0	978,713	5.k=1.moyenne	0,0	ERA5
1062106	28/02/2025	10	28/02/2025	05	HNE	-2,3	0	-5,6	0	78,0	0	17,0	0	280,0	0	979,694	5.k=1.moyenne	0,0	ERA5
1062107	28/02/2025	11	28/02/2025	06	HNE	-4,6	0	-9,6	0	68,0	0	22,0	0	300,0	0	980,473	5.k=1.moyenne	0,0	ERA5
1062108	28/02/2025	12	28/02/2025	07	HNE	-7,2	0	-12,0	0	69,0	0	19,0	0	290,0	0	981,355	5.k=1.moyenne	21,0	ERA5
1062109	28/02/2025	13	28/02/2025	08	HNE	-8,7	0	-14,0	0	65,0	0	12,0	0	280,0	0	982,198	5.k=1.moyenne	391,6	ERA5
1062110	28/02/2025	14	28/02/2025	09	HNE	-9,2	0	-14,9	0	63,0	0	14,0	0	270,0	0	982,553	5.k=1.moyenne	1020,2	ERA5
1062111	28/02/2025	15	28/02/2025	10	HNE	-9,7	0	-15,8	0	61,0	0	18,0	0	270,0	0	983,03	5.k=1.moyenne	1434,0	ERA5
1062112	28/02/2025	16	28/02/2025	11	HNE	-9,9	0	-16,5	0	59,0	0	21,0	0	270,0	0	983,427	5.k=1.moyenne	1892,8	ERA5
1062113	28/02/2025	17	28/02/2025	12	HNE	-9,5	0	-16,4	0	58,0	0	12,0	0	260,0	0	983,621	5.k=1.moyenne	2266,9	ERA5
1062114	28/02/2025	18	28/02/2025	13	HNE	-9,1	0	-16,9	0	53,0	0	14,0	0	270,0	0	983,735	5.k=1.moyenne	2350,9	ERA5
1062115	28/02/2025	19	28/02/2025	14	HNE	-8,7	0	-17,8	0	48,0	0	12,0	0	260,0	0	984,114	5.k=1.moyenne	1936,8	ERA5
1062116	28/02/2025	20	28/02/2025	15	HNE	-8,4	0	-18,1	0	45,0	0	12,0	0	270,0	0	984,596	5.k=1.moyenne	1503,8	ERA5
1062117	28/02/2025	21	28/02/2025	16	HNE	-8,4	0	-17,6	0	47,0	0	6,0	0	280,0	0	984,977	5.k=1.moyenne	1198,5	ERA5
1062118	28/02/2025	22	28/02/2025	17	HNE	-8,6	0	-18,0	0	47,0	0	3,0	0	30,0	0	985,317	5.k=1.moyenne	582,3	ERA5
1062119	28/02/2025	23	28/02/2025	18	HNE	-9,1	0	-16,6	0	54,0	0	10,0	0	130,0	0	985,862	5.k=1.moyenne	57,3	ERA5
1062120	01/03/2025	00	28/02/2025	19	HNE	-9,3	0	-16,1	0	58,0	0	8,0	0	110,0	0	986,163	5.k=1.moyenne	0,0	ERA5
1062121	01/03/2025	01	28/02/2025	20	HNE	-9,2	0	-16,0	0	58,0	0	7,0	0	120,0	0	986,219	5.k=1.moyenne	0,0	ERA5
1062122	01/03/2025	02	28/02/2025	21	HNE	-8,5	0	-16,7	0	52,0	0	7,0	0	90,0	0	986,357	5.k=1.moyenne	0,0	ERA5
1062123	01/03/2025	03	28/02/2025	22	HNE	-7,7	0	-16,6	0	49,0	0	7,0	0	90,0	0	986,128	5.k=1.moyenne	0,0	ERA5
1062124	01/03/2025	04	28/02/2025	23	HNE	-8,6	0	-10,7	0	85,0	0	8,0	0	70,0	0	985,879	5.k=1.moyenne	0,0	ERA5
1062125	01/03/2025	05	01/03/2025	00	HNE	-8,1	0	-9,4	0	90,0	0	8,0	0	90,0	0	985,386	5.k=1.moyenne	0,0	ERA5
1062126	01/03/2025	06	01/03/2025	01	HNE	-6,4	0	-7,5	0	92,0	0	10,0	0	110,0	0	985,386	5.k=1.moyenne	0,0	ERA5
1062127	01/03/2025	07	01/03/2025	02	HNE	-3,3	0	-4,3	0	93,0	0	23,0	0	160,0	0	984,708	5.k=1.moyenne	0,0	ERA5
1062128	01/03/2025	08	01/03/2025	03	HNE	-1,2	0	-2,5	0	91,0	0	41,0	0	170,0	0	983,932	5.k=1.moyenne	0,0	ERA5
1062129	01/03/2025	09	01/03/2025	04	HNE	-0,1	0	-1,8	0	89,0	0	36,0	0	180,0	0	983,62	5.k=1.moyenne	0,0	ERA5
1062130	01/03/2025	10	01/03/2025	05	HNE	0,2	0	-1,7	0	87,0	0	40,0	0	190,0	0	983,501	5.k=1.moyenne	0,0	ERA5
1062131	01/03/2025	11	01/03/2025	06	HNE	0,7	0	-1,8	0	83,0	0	35,0	0	180,0	0	983,261	5.k=1.moyenne	0,0	ERA5
1062132	01/03/2025	12	01/03/2025	07	HNE	1,2	0	-1,7	0	81,0	0	29,0	0	190,0	0	983,463	5.k=1.moyenne	14,1	ERA5
1062133	01/03/2025	13	01/03/2025	08	HNE	1,4	0	-1,4	0	82,0	0	24,0	0	200,0	0	983,503	5.k=1.moyenne	265,3	ERA5
1062134	01/03/2025	14	01/03/2025	09	HNE	2,0	0	-1,4	0	78,0	0	18,0	0	220,0	0	983,463	5.k=1.moyenne	565,3	ERA5
1062135	01/03/2025	15	01/03/2025	10	HNE	1,7	0	-1,2	0	81,0	0	13,0	0	190,0	0	983,405	5.k=1.moyenne	821,4	ERA5
1062136	01/03/2025	16	01/03/2025	11	HNE	4,3	0	-1,4	0	67,0	0	21,0	0	250,0	0	983,184	5.k=1.moyenne	1345,0	ERA5
1062137	01/03/2025	17	01/03/2025	12	HNE	3,2	0	-3,2	0	63,0	0	25,0	0	260,0	0	983,215	5.k=1.moyenne	1627,5	ERA5
1062138	01/03/2025	18	01/03/2025	13	HNE	-0,6	0	-4,7	0	73,0	0	20,0	0	270,0	0	983,187	5.k=1.moyenne	1709,8	ERA5
1062139	01/03/2025	19	01/03/2025	14	HNE	-2,9	0	-8,2	0	67,0	0	30,0	0	270,0	0	983,474	5.k=1.moyenne	1402,9	ERA5
1062140	01/03/2025	20	01/03/2025	15	HNE	-4,4	0	-8,4	0	73,0	0	23,0	0	270,0	0	983,929	5.k=1.moyenne	887,4	ERA5
1062141	01/03/2025	21	01/03/2025	16	HNE	-6,0	0	-9,9	0	74,0	0	24,0	0	250,0	0	984,428	5.k=1.moyenne	852,9	ERA5
1062142	01/03/2025	22	01/03/2025	17	HNE	-8,3	0	-12,0	0	74,0	0	29,0	0	250,0	0	985,22	5.k=1.moyenne	484,0	ERA5
1062143	01/03/2025	23	01/03/2025	18	HNE	-9,0	0	-12,8	0	74,0	0	25,0	0	260,0	0	986,015	5.k=1.moyenne	67,5	ERA5
1062144	02/03/2025	00	01/03/2025	19	HNE	-9,1	0	-12,4	0	77,0	0	18,0	0	270,0	0	986,914	5.k=1.moyenne	0,0	ERA5
1062145	02/03/2025	01	01/03/2025	20	HNE	-9,8	0	-14,0	0	71,0	0	14,0	0	270,0	0	987,274	5.k=1.moyenne	0,0	ERA5
1062146	02/03/2025	02	01/03/2025	21	HNE	-10,9	0	-14,1	0	77,0	0	17,0	0	270,0	0	987,593	5.k=1.moyenne	0,0	ERA5
1062147	02/03/2025	03	01/03/2025	22	HNE	-11,4	0	-15,5	0	72,0	0	16,0	0	280,0	0	987,559	5.k=1.moyenne	0,0	ERA5
1062148	02/03/2025	04	01/03/2025	23	HNE	-12,3	0	-17,0	0	68,0	0	14,0	0	280,0	0	987,589	5.k=1.moyenne	0,0	ERA5
1062149	02/03/2025	05	02/03/2025	00	HNE	-13,2	0	-18,0	0	67,0	0	14,0	0	290,0	0	987,703	5.k=1.moyenne	0,0	ERA5
1062150	02/03/2025	06	02/03/2025	01	HNE	-13,8	0	-19,0	0	65,0	0	16,0	0	290,0	0	987,703	5.k=1.moyenne	0,0	ERA5
1062151	02/03/2025	07	02/03/2025	02	HNE	-14,7	0	-19,5	0	67,0	0	14,0	0	270,0	0	987,773	5.k=1.moyenne	0,0	ERA5
1062152	02/03/2025	08	02/03/2025	03	HNE	-15,9	0	-20,5	0	68,0	0	12,0	0	280,0	0	987,967	5.k=1.moyenne	0,0	ERA5
1062153	02/03/2025	09	02/03/2025	04	HNE	-16,7	0	-21,6	0	66,0	0	12,0	0	280,0	0	988,348	5.k=1.moyenne	0,0	ERA5
1062154	02/03/2025	10	02/03/2025	05	HNE	-17,6	0	-22,5	0	66,0	0	16,0	0	280,0	0	988,896	5.k=1.moyenne	0,0	ERA5
1062155	02/03/2025	11	02/03/2025	06	HNE	-18,6	0	-23,4	0	66,0	0	13,0	0	270,0	0	989,505	5.k=1.moyenne	0,0	ERA5
1062156	02/03/2025	12	02/03/2025	07	HNE	-19,3	0	-24,1	0	66,0	0	14,0	0	270,0	0	990,239	5.k=1.moyenne	37,2	ERA5
1062157	02/03/2025	13	02/03/2025	08	HNE	-19,0	0	-24,8	0	60,0	0	17,0	0	280,0	0	990,848	5.k=1.moyenne	491,2	ERA5
1062158	02/03/2025	14	02/03/2025	09	HNE	-18,6	0	-24,6	0	59,0	0	14,0	0	270,0	0	991,331	5.k=1.moyenne	1129,6	ERA5
1062159	02/03/2025	15	02/03/2025	10	HNE	-18,3	0	-24,9	0	56,0	0	16,0	0	270,0	0	991,626	5.k=1.moyenne	1657,2	ERA5
1062160	02/03/2025	16	02/03/2025	11	HNE	-17,6	0	-24,3	0	56,0	0	20,0	0	280,0	0	991,609	5.k=1.moyenne	2127,9	ERA5
1062161	02/03/2025	17	02/03/2025	12	HNE	-16,7	0	-23,7	0	55,0	0	19,0	0	260,0	0	991,612	5.k=1.moyenne	2370,4	ERA5
1062162	02/03/2025	18	02/03/2025	13	HNE	-15,8	0	-23,1	0	53,0	0	20,0	0	270,0	0	991,635	5.k=1.moyenne	2391,9	ERA5
1062163	02/03/2025	19	02/03/2025	14	HNE	-15,1	0	-22,1	0	55,0	0	18,0	0	260,0	0	991,951	5.k=1.moyenne	2212,8	ERA5
1062164	02/03/2025	20	02/03/2025	15	HNE	-14,4	0	-22,1	0	52,0	0	14,0	0	280,0	0	992,64	5.k=1.moyenne	1677,6	ERA5
1062165	02/03/2025	21	02/03/2025	16	HNE	-14,3	0	-22,0	0	52,0	0	17,0	0	270,0	0	993,143	5.k=1.moyenne	1186,2	ERA5
1062166	02/03/2025	22	02/03/2025	17	HNE	-14,1	0	-21,4	0	54,0	0	14,0	0	270,0	0	993,915	5.k=1.moyenne	556,0	ERA5
1062167	02/03/2025	23	02/03/2025	18	HNE	-14,3	0	-21,1	0	56,0	0	16,0	0	270,0	0	994,855	5.k=1.moyenne	76,6	ERA5
1062168	03/03/2025	00	02/03/2025	19	HNE	-14,7	0	-21,1	0	58,0	0	11,0	0	270,0	0	995,44	5.k=1.moyenne	0,0	ERA5
1062169	03/03/2025	01	02/03/2025	20	HNE	-15,2	0	-21,4	0	59,0	0	5,0	0	280,0	0	995,962	5.k=1.moyenne	0,0	ERA5
1062170	03/03/2025	02	02/03/2025	21	HNE	-16,4	0	-22,4	0	60,0	0	4,0	0	210,0	0	996,609	5.k=1.moyenne	0,0	ERA5
1062171	03/03/2025	03	02/03/2025	22	HNE	-17,6	0	-22,8	0	64,0	0	3,0	0	210,0	0	996,986	5.k=1.moyenne	0,0	ERA5
1062172	03/03/2025	04	02/03/2025	23	HNE	-16,6	0	-22,0	0	63,0	0	5,0	0	250,0	0	997,32	5.k=1.moyenne	0,0	ERA5
1062173	03/03/2025	05	03/03/2025	00	HNE	-19,4	0	-24,1	0	66,0	0	1,0	0	100,0	0	997,759	5.k=1.moyenne	0,0	ERA5
1062174	03/03/2025	06	03/03/2025	01	HNE	-20,7	0	-23,7	0	77,0	0	2,0	0	80,0	0	997,759	5.k=1.moyenne	0,0	ERA5
1062175	03/03/2025	07	03/03/2025	02	HNE	-20,9	0	-23,3	0	82,0	0	0,0	0	0,0	0	998,114	5.k=1.moyenne	0,0	ERA5
1062176	03/03/2025	08	03/03/2025	03	HNE	-22,6	0	-26,0	0	74,0	0	5,0	0	170,0	0	998,507	5.k=1.moyenne	0,0	ERA5
1062177	03/03/2025	09	03/03/2025	04	HNE	-22,2	0	-24,7	0	80,0	0	2,0	0	180,0	0	998,981	5.k=1.moyenne	0,0	ERA5
1062178	03/03/2025	10	03/03/2025	05	HNE	-24,3	0	-27,6	0	74,0	0	5,0	0	180,0	0	999,347	5.k=1.moyenne	0,0	ERA5
1062179	03/03/2025	11	03/03/2025	06	HNE	-24,9	0	-27,9	0	76,0	0	5,0	0	170,0	0	999,71	5.k=1.moyenne	0,0	ERA5
1062180	03/03/2025	12	03/03/2025	07	HNE	-24,8	0	-27,5	0	78,0	0	6,0	0	180,0	0	1000,19	5.k=1.moyenne	44,5	ERA5
1062181	03/03/2025	13	03/03/2025	08	HNE	-22,0	0	-25,4	0	74,0	0	7,0	0	190,0	0	1000,48	5.k=1.moyenne	538,5	ERA5
1062182	03/03/2025	14	03/03/2025	09	HNE	-19,3	0	-23,1	0	72,0	0	8,0	0	180,0	0	1000,54	5.k=1.moyenne	1214,4	ERA5
1062183	03/03/2025	15	03/03/2025	10	HNE	-14,7	0	-19,4	0	68,0	0	9,0	0	190,0	0	1000,44	5.k=1.moyenne	1823,4	ERA5
1062184	03/03/2025	16	03/03/2025	11	HNE	-12,0	0	-18,0	0	61,0	0	11,0	0	170,0	0	1000,13	5.k=1.moyenne	2268,7	ERA5
1062185	03/03/2025	17	03/03/2025	12	HNE	-10,1	0	-17,4	0	55,0	0	9,0	0	170,0	0	999,558	5.k=1.moyenne	2509,6	ERA5
1062186	03/03/2025	18	03/03/2025	13	HNE	-8,8	0	-17,0	0	52,0	0	8,0	0	170,0	0	998,901	5.k=1.moyenne	2523,9	ERA5
1062187	03/03/2025	19	03/03/2025	14	HNE	-7,7	0	-16,3	0	50,0	0	5,0	0	150,0	0	998,325	5.k=1.moyenne	2314,3	ERA5
1062188	03/03/2025	20	03/03/2025	15	HNE	-6,8	0	-15,3	0	51,0	0	3,0	0	170,0	0	998,012	5.k=1.moyenne	1899,0	ERA5
1062189	03/03/2025	21	03/03/2025	16	HNE	-6,6	0	-15,8	0	48,0	0	3,0	0	200,0	0	997,882	5.k=1.moyenne	1279,7	ERA5
1062190	03/03/2025	22	03/03/2025	17	HNE	-7,6	0	-14,0	0	60,0	0	6,0	0	150,0	0	997,954	5.k=1.moyenne	531,8	ERA5
1062191	03/03/2025	23	03/03/2025	18	HNE	-7,2	0	-14,3	0	57,0	0	6,0	0	150,0	0	998,169	5.k=1.moyenne	72,6	ERA5
1062192	04/03/2025	00	03/03/2025	19	HNE	-7,3	0	-14,2	0	58,0	0	10,0	0	160,0	0	998,26	5.k=1.moyenne	0,0	ERA5
1062193	04/03/2025	01	03/03/2025	20	HNE	-10,1	0	-14,8	0	69,0	0	6,0	0	190,0	0	998,11	5.k=1.moyenne	0,0	ERA5
1062194	04/03/2025	02	03/03/2025	21	HNE	-8,5	0	-12,9	0	70,0	0	13,0	0	190,0	0	998,056	5.k=1.moyenne	0,0	ERA5
1062195	04/03/2025	03	03/03/2025	22	HNE	-7,4	0	-11,4	0	73,0	0	13,0	0	180,0	0	997,688	5.k=1.moyenne	0,0	ERA5
1062196	04/03/2025	04	03/03/2025	23	HNE	-6,8	0	-10,8	0	73,0	0	16,0	0	180,0	0	997,237	5.k=1.moyenne	0,0	ERA5
1062197	04/03/2025	05	04/03/2025	00	HNE	-6,5	0	-10,5	0	73,0	0	15,0	0	170,0	0	996,91	5.k=1.moyenne	0,0	ERA5
1062198	04/03/2025	06	04/03/2025	01	HNE	-6,0	0	-10,5	0	70,0	0	17,0	0	160,0	0	996,91	5.k=1.moyenne	0,0	ERA5
1062199	04/03/2025	07	04/03/2025	02	HNE	-5,5	0	-10,2	0	69,0	0	19,0	0	170,0	0	996,633	5.k=1.moyenne	0,0	ERA5
1062200	04/03/2025	08	04/03/2025	03	HNE	-5,2	0	-9,8	0	70,0	0	20,0	0	180,0	0	996,273	5.k=1.moyenne	0,0	ERA5
1062201	04/03/2025	09	04/03/2025	04	HNE	-4,8	0	-9,3	0	71,0	0	20,0	0	180,0	0	996,101	5.k=1.moyenne	0,0	ERA5
1062202	04/03/2025	10	04/03/2025	05	HNE	-4,4	0	-8,8	0	72,0	0	23,0	0	180,0	0	995,929	5.k=1.moyenne	0,0	ERA5
1062203	04/03/2025	11	04/03/2025	06	HNE	-4,0	0	-8,4	0	71,0	0	21,0	0	180,0	0	995,8	5.k=1.moyenne	0,0	ERA5
1062204	04/03/2025	12	04/03/2025	07	HNE	-4,3	0	-8,8	0	71,0	0	24,0	0	180,0	0	995,637	5.k=1.moyenne	35,0	ERA5
1062205	04/03/2025	13	04/03/2025	08	HNE	-3,5	0	-8,1	0	70,0	0	23,0	0	180,0	0	995,572	5.k=1.moyenne	403,3	ERA5
1062206	04/03/2025	14	04/03/2025	09	HNE	-2,4	0	-7,8	0	66,0	0	27,0	0	180,0	0	995,426	5.k=1.moyenne	827,2	ERA5
1062207	04/03/2025	15	04/03/2025	10	HNE	-1,3	0	-7,0	0	65,0	0	26,0	0	180,0	0	995,015	5.k=1.moyenne	1255,9	ERA5
1062208	04/03/2025	16	04/03/2025	11	HNE	-0,5	0	-6,4	0	65,0	0	26,0	0	180,0	0	994,481	5.k=1.moyenne	1605,2	ERA5
1062209	04/03/2025	17	04/03/2025	12	HNE	0,1	0	-5,6	0	65,0	0	21,0	0	180,0	0	994,172	5.k=1.moyenne	1232,9	ERA5
1062210	04/03/2025	18	04/03/2025	13	HNE	0,3	0	-5,7	0	64,0	0	24,0	0	180,0	0	993,558	5.k=1.moyenne	880,6	ERA5
1062211	04/03/2025	19	04/03/2025	14	HNE	0,4	0	-4,6	0	69,0	0	15,0	0	180,0	0	993,168	5.k=1.moyenne	586,8	ERA5
1062212	04/03/2025	20	04/03/2025	15	HNE	-0,4	0	-2,8	0	84,0	0	17,0	0	170,0	0	993,002	5.k=1.moyenne	481,6	ERA5
1062213	04/03/2025	21	04/03/2025	16	HNE	-1,2	0	-1,8	0	96,0	0	20,0	0	160,0	0	992,917	5.k=1.moyenne	293,0	ERA5
1062214	04/03/2025	22	04/03/2025	17	HNE	-0,9	0	-1,2	0	98,0	0	22,0	0	160,0	0	993,144	5.k=1.moyenne	133,5	ERA5
1062215	04/03/2025	23	04/03/2025	18	HNE	-0,6	0	-1,0	0	97,0	0	20,0	0	190,0	0	993,642	5.k=1.moyenne	22,4	ERA5
1062216	05/03/2025	00	04/03/2025	19	HNE	-0,15	4.lineaire	-0,3	0	97,0	0	14,0	0	180,0	0	993,912	5.k=1.moyenne	0,0	ERA5
1062217	05/03/2025	01	04/03/2025	20	HNE	0,3	0	-0,3	0	96,0	0	11,0	0	180,0	0	994,015	5.k=1.moyenne	0,0	ERA5
1062218	05/03/2025	02	04/03/2025	21	HNE	0,3	0	-0,3	0	96,0	0	12,0	0	160,0	0	994,034	5.k=1.moyenne	0,0	ERA5
1062219	05/03/2025	03	04/03/2025	22	HNE	0,5	0	-0,7	0	92,0	0	11,0	0	160,0	0	993,825	5.k=1.moyenne	0,0	ERA5
1062220	05/03/2025	04	04/03/2025	23	HNE	0,7	0	-0,8	0	89,0	0	12,0	0	150,0	0	993,699	5.k=1.moyenne	0,0	ERA5
1062221	05/03/2025	05	05/03/2025	00	HNE	1,1	0	-1,1	0	85,0	0	8,0	0	150,0	0	993,635	5.k=1.moyenne	0,0	ERA5
1062222	05/03/2025	06	05/03/2025	01	HNE	0,6	0	-0,7	0	91,0	0	4,0	0	360,0	0	993,635	5.k=1.moyenne	0,0	ERA5
1062223	05/03/2025	07	05/03/2025	02	HNE	0,4	0	-0,4	0	94,0	0	4,0	0	60,0	0	993,589	5.k=1.moyenne	0,0	ERA5
1062224	05/03/2025	08	05/03/2025	03	HNE	0,6	0	-0,4	0	93,0	0	5,0	0	50,0	0	993,648	5.k=1.moyenne	0,0	ERA5
1062225	05/03/2025	09	05/03/2025	04	HNE	0,9	0	-0,7	0	89,0	0	4,0	0	70,0	0	993,581	5.k=1.moyenne	0,0	ERA5
1062226	05/03/2025	10	05/03/2025	05	HNE	1,2	0	-0,3	0	90,0	0	9,0	0	30,0	0	993,807	5.k=1.moyenne	0,0	ERA5
1062227	05/03/2025	11	05/03/2025	06	HNE	0,9	0	-0,2	4.lineaire	93,0	0	6,0	0	20,0	0	993,846	5.k=1.moyenne	0,0	ERA5
1062228	05/03/2025	12	05/03/2025	07	HNE	1,2	0	-0,1	0	91,0	0	11,0	0	60,0	0	993,614	5.k=1.moyenne	23,1	ERA5
1062229	05/03/2025	13	05/03/2025	08	HNE	2,0	0	0,2	0	87,0	0	8,0	0	50,0	0	993,403	5.k=1.moyenne	308,8	ERA5
1062230	05/03/2025	14	05/03/2025	09	HNE	2,4	0	0,1	0	85,0	0	8,0	0	50,0	0	992,792	5.k=1.moyenne	633,0	ERA5
1062231	05/03/2025	15	05/03/2025	10	HNE	3,0	0	0,1	0	81,0	0	8,0	0	60,0	0	992,128	5.k=1.moyenne	843,9	ERA5
1062232	05/03/2025	16	05/03/2025	11	HNE	3,8	0	0,3	0	78,0	0	4,0	0	80,0	0	991,647	5.k=1.moyenne	897,5	ERA5
1062233	05/03/2025	17	05/03/2025	12	HNE	5,0	0	1,4	0	77,0	0	9,0	0	120,0	0	990,832	5.k=1.moyenne	974,6	ERA5
1062234	05/03/2025	18	05/03/2025	13	HNE	4,4	0	3,7	0	95,0	0	8,0	0	120,0	0	989,768	5.k=1.moyenne	839,1	ERA5
1062235	05/03/2025	19	05/03/2025	14	HNE	4,3	0	4,0	0	98,0	0	10,0	0	120,0	0	988,954	5.k=1.moyenne	298,0	ERA5
1062236	05/03/2025	20	05/03/2025	15	HNE	4,7	0	4,5	0	99,0	0	11,0	0	130,0	0	988,078	5.k=1.moyenne	308,4	ERA5
1062237	05/03/2025	21	05/03/2025	16	HNE	5,2	0	5,0	0	99,0	0	12,0	0	120,0	0	987,306	5.k=1.moyenne	232,1	ERA5
1062238	05/03/2025	22	05/03/2025	17	HNE	6,3	0	6,2	0	99,0	0	30,0	0	150,0	0	986,534	5.k=1.moyenne	97,5	ERA5
1062239	05/03/2025	23	05/03/2025	18	HNE	5,7	0	5,3	0	97,0	0	24,0	0	140,0	0	985,863	5.k=1.moyenne	23,8	ERA5
1062240	06/03/2025	00	05/03/2025	19	HNE	6,3	0	5,7	0	96,0	0	23,0	0	160,0	0	984,293	5.k=1.moyenne	0,0	ERA5
1062241	06/03/2025	01	05/03/2025	20	HNE	5,8	0	4,4	0	91,0	0	36,0	0	160,0	0	983,14	5.k=1.moyenne	0,0	ERA5
1062242	06/03/2025	02	05/03/2025	21	HNE	5,0	0	4,3	0	95,0	0	32,0	0	180,0	0	982,216	5.k=1.moyenne	0,0	ERA5
1062243	06/03/2025	03	05/03/2025	22	HNE	5,0	0	4,2	0	94,0	0	34,0	0	160,0	0	981,074	5.k=1.moyenne	0,0	ERA5
1062244	06/03/2025	04	05/03/2025	23	HNE	5,3	0	5,1	0	98,0	0	20,0	0	150,0	0	979,747	5.k=1.moyenne	0,0	ERA5
1062245	06/03/2025	05	06/03/2025	00	HNE	5,1	0	5,0	0	99,0	0	21,0	0	160,0	0	978,507	5.k=1.moyenne	0,0	ERA5
1062246	06/03/2025	06	06/03/2025	01	HNE	5,6	0	4,8	0	95,0	0	23,0	0	150,0	0	978,507	5.k=1.moyenne	0,0	ERA5
1062247	06/03/2025	07	06/03/2025	02	HNE	6,2	0	5,0	0	92,0	0	31,0	0	160,0	0	977,227	5.k=1.moyenne	0,0	ERA5
1062248	06/03/2025	08	06/03/2025	03	HNE	5,8	0	4,1	0	89,0	0	24,0	0	160,0	0	976,216	5.k=1.moyenne	0,0	ERA5
1062249	06/03/2025	09	06/03/2025	04	HNE	4,8	0	3,7	0	93,0	0	20,0	0	160,0	0	975,298	5.k=1.moyenne	0,0	ERA5
1062250	06/03/2025	10	06/03/2025	05	HNE	3,4	0	3,1	0	98,0	0	16,0	0	180,0	0	974,537	5.k=1.moyenne	0,0	ERA5
1062251	06/03/2025	11	06/03/2025	06	HNE	4,6	0	4,4	0	99,0	0	10,0	0	240,0	0	974,0	5.k=1.moyenne	0,0	ERA5
1062252	06/03/2025	12	06/03/2025	07	HNE	4,0	0	3,1	0	94,0	0	18,0	0	260,0	0	973,47	5.k=1.moyenne	9,6	ERA5
1062253	06/03/2025	13	06/03/2025	08	HNE	4,1	0	0,3	0	76,0	0	22,0	0	260,0	0	973,86	5.k=1.moyenne	143,8	ERA5
1062254	06/03/2025	14	06/03/2025	09	HNE	3,8	0	0,2	0	77,0	0	18,0	0	260,0	0	973,481	5.k=1.moyenne	408,8	ERA5
1062255	06/03/2025	15	06/03/2025	10	HNE	3,5	0	0,2	0	79,0	0	16,0	0	260,0	0	972,898	5.k=1.moyenne	798,1	ERA5
1062256	06/03/2025	16	06/03/2025	11	HNE	3,7	0	-0,15	4.lineaire	77,0	0	8,0	0	240,0	0	972,505	5.k=1.moyenne	1250,1	ERA5
1062257	06/03/2025	17	06/03/2025	12	HNE	4,9	0	-0,5	0	68,0	0	14,0	0	230,0	0	971,991	5.k=1.moyenne	1314,7	ERA5
1062258	06/03/2025	18	06/03/2025	13	HNE	5,5	0	-1,1	0	62,0	0	13,0	0	280,0	0	971,709	5.k=1.moyenne	1601,1	ERA5
1062259	06/03/2025	19	06/03/2025	14	HNE	4,7	0	-1,8	0	63,0	0	16,0	0	270,0	0	971,474	5.k=1.moyenne	1176,7	ERA5
1062260	06/03/2025	20	06/03/2025	15	HNE	4,1	0	-2,2	0	63,0	0	19,0	0	270,0	0	971,234	5.k=1.moyenne	1424,5	ERA5
1062261	06/03/2025	21	06/03/2025	16	HNE	3,5	0	-2,9	0	63,0	0	17,0	0	250,0	0	971,337	5.k=1.moyenne	855,7	ERA5
1062262	06/03/2025	22	06/03/2025	17	HNE	2,5	0	-3,3	0	65,0	0	19,0	0	260,0	0	971,655	5.k=1.moyenne	379,5	ERA5
1062263	06/03/2025	23	06/03/2025	18	HNE	1,6	0	-3,5	0	69,0	0	19,0	0	250,0	0	971,974	5.k=1.moyenne	64,8	ERA5
1062264	07/03/2025	00	06/03/2025	19	HNE	0,2	0	-4,4	0	71,0	0	21,0	0	240,0	0	972,402	5.k=1.moyenne	0,0	ERA5
1062265	07/03/2025	01	06/03/2025	20	HNE	-0,6	0	-4,3	0	76,0	0	18,0	0	250,0	0	972,576	5.k=1.moyenne	0,0	ERA5
1062266	07/03/2025	02	06/03/2025	21	HNE	-1,6	0	-5,2	0	77,0	0	25,0	0	260,0	0	972,794	5.k=1.moyenne	0,0	ERA5
1062267	07/03/2025	03	06/03/2025	22	HNE	-2,9	0	-6,2	0	78,0	0	27,0	0	240,0	0	972,737	5.k=1.moyenne	0,0	ERA5
1062268	07/03/2025	04	06/03/2025	23	HNE	-4,4	0	-6,6	0	85,0	0	24,0	0	250,0	0	972,702	5.k=1.moyenne	0,0	ERA5
1062269	07/03/2025	05	07/03/2025	00	HNE	-6,0	0	-8,2	0	85,0	0	22,0	0	250,0	0	972,817	5.k=1.moyenne	0,0	ERA5
1062270	07/03/2025	06	07/03/2025	01	HNE	-7,3	0	-9,8	0	82,0	0	25,0	0	260,0	0	972,817	5.k=1.moyenne	0,0	ERA5
1062271	07/03/2025	07	07/03/2025	02	HNE	-7,4	0	-12,0	0	70,0	0	21,0	0	260,0	0	972,712	5.k=1.moyenne	0,0	ERA5
1062272	07/03/2025	08	07/03/2025	03	HNE	-7,9	0	-13,2	0	66,0	0	20,0	0	270,0	0	972,693	5.k=1.moyenne	0,0	ERA5
1062273	07/03/2025	09	07/03/2025	04	HNE	-7,9	0	-12,7	0	68,0	0	12,0	0	270,0	0	972,697	5.k=1.moyenne	0,0	ERA5
1062274	07/03/2025	10	07/03/2025	05	HNE	-7,7	0	-11,8	0	72,0	0	24,0	0	270,0	0	972,469	5.k=1.moyenne	0,0	ERA5
1062275	07/03/2025	11	07/03/2025	06	HNE	-7,9	0	-10,1	0	84,0	0	21,0	0	280,0	0	972,434	5.k=1.moyenne	0,0	ERA5
1062276	07/03/2025	12	07/03/2025	07	HNE	-7,0	0	-10,9	0	74,0	0	26,0	0	280,0	0	972,311	5.k=1.moyenne	48,9	ERA5
1062277	07/03/2025	13	07/03/2025	08	HNE	-6,3	0	-10,3	0	73,0	0	20,0	0	280,0	0	971,924	5.k=1.moyenne	437,0	ERA5
1062278	07/03/2025	14	07/03/2025	09	HNE	-5,8	0	-11,1	0	66,0	0	19,0	0	270,0	0	971,371	5.k=1.moyenne	838,4	ERA5
1062279	07/03/2025	15	07/03/2025	10	HNE	-5,0	0	-12,1	0	57,0	0	25,0	0	280,0	0	970,715	5.k=1.moyenne	1346,1	ERA5
1062280	07/03/2025	16	07/03/2025	11	HNE	-4,1	0	-12,4	0	52,0	0	25,0	0	280,0	0	970,06	5.k=1.moyenne	2023,4	ERA5
1062281	07/03/2025	17	07/03/2025	12	HNE	-2,7	0	-10,8	0	54,0	0	22,0	0	270,0	0	969,322	5.k=1.moyenne	2198,4	ERA5
1062282	07/03/2025	18	07/03/2025	13	HNE	-2,0	0	-10,6	0	52,0	0	24,0	0	280,0	0	968,856	5.k=1.moyenne	2403,2	ERA5
1062283	07/03/2025	19	07/03/2025	14	HNE	-1,4	0	-10,7	0	49,0	0	29,0	0	280,0	0	968,62	5.k=1.moyenne	2266,8	ERA5
1062284	07/03/2025	20	07/03/2025	15	HNE	-0,4	0	-9,2	0	51,0	0	26,0	0	270,0	0	968,625	5.k=1.moyenne	1911,1	ERA5
1062285	07/03/2025	21	07/03/2025	16	HNE	-0,4	0	-9,1	0	52,0	0	26,0	0	290,0	0	968,896	5.k=1.moyenne	1274,7	ERA5
1062286	07/03/2025	22	07/03/2025	17	HNE	-1,2	0	-9,4	0	53,0	0	25,0	0	290,0	0	969,379	5.k=1.moyenne	588,4	ERA5
1062287	07/03/2025	23	07/03/2025	18	HNE	-1,8	0	-9,4	0	56,0	0	20,0	0	290,0	0	969,885	5.k=1.moyenne	123,8	ERA5
1062288	08/03/2025	00	07/03/2025	19	HNE	-2,4	0	-10,2	0	55,0	0	16,0	0	290,0	0	970,116	5.k=1.moyenne	0,0	ERA5
1062289	08/03/2025	01	07/03/2025	20	HNE	-3,0	0	-10,1	0	58,0	0	17,0	0	270,0	0	970,177	5.k=1.moyenne	0,0	ERA5
1062290	08/03/2025	02	07/03/2025	21	HNE	-3,4	0	-9,7	0	62,0	0	18,0	0	260,0	0	970,282	5.k=1.moyenne	0,0	ERA5
1062291	08/03/2025	03	07/03/2025	22	HNE	-3,8	0	-11,4	0	55,0	0	12,0	0	270,0	0	970,191	5.k=1.moyenne	0,0	ERA5
1062292	08/03/2025	04	07/03/2025	23	HNE	-3,7	0	-12,1	0	52,0	0	16,0	0	280,0	0	969,971	5.k=1.moyenne	0,0	ERA5
1062293	08/03/2025	05	08/03/2025	00	HNE	-3,5	0	-11,4	0	54,0	0	13,0	0	270,0	0	969,62	5.k=1.moyenne	0,0	ERA5
1062294	08/03/2025	06	08/03/2025	01	HNE	-3,9	0	-11,8	0	54,0	0	15,0	0	270,0	0	969,62	5.k=1.moyenne	0,0	ERA5
1062295	08/03/2025	07	08/03/2025	02	HNE	-4,4	0	-12,2	0	54,0	0	15,0	0	280,0	0	969,523	5.k=1.moyenne	0,0	ERA5
1062296	08/03/2025	08	08/03/2025	03	HNE	-5,2	0	-12,7	0	55,0	0	12,0	0	280,0	0	969,383	5.k=1.moyenne	0,0	ERA5
1062297	08/03/2025	09	08/03/2025	04	HNE	-6,2	0	-12,7	0	60,0	0	17,0	0	270,0	0	969,516	5.k=1.moyenne	0,0	ERA5
1062298	08/03/2025	10	08/03/2025	05	HNE	-6,8	0	-12,7	0	63,0	0	15,0	0	280,0	0	969,802	5.k=1.moyenne	0,0	ERA5
1062299	08/03/2025	11	08/03/2025	06	HNE	-6,9	0	-12,6	0	64,0	0	16,0	0	260,0	0	970,056	5.k=1.moyenne	0,0	ERA5
1062300	08/03/2025	12	08/03/2025	07	HNE	-6,7	0	-12,6	0	63,0	0	21,0	0	270,0	0	970,582	5.k=1.moyenne	70,6	ERA5
1062301	08/03/2025	13	08/03/2025	08	HNE	-6,7	0	-13,1	0	61,0	0	25,0	0	270,0	0	970,895	5.k=1.moyenne	488,2	ERA5
1062302	08/03/2025	14	08/03/2025	09	HNE	-6,5	0	-13,4	0	58,0	0	20,0	0	280,0	0	971,188	5.k=1.moyenne	1031,9	ERA5
1062303	08/03/2025	15	08/03/2025	10	HNE	-6,8	0	-12,8	0	62,0	0	24,0	0	270,0	0	971,353	5.k=1.moyenne	1555,8	ERA5
1062304	08/03/2025	16	08/03/2025	11	HNE	-6,8	0	-13,7	0	58,0	0	27,0	0	280,0	0	971,603	5.k=1.moyenne	1941,7	ERA5
1062305	08/03/2025	17	08/03/2025	12	HNE	-6,4	0	-12,8	0	60,0	0	19,0	0	280,0	0	971,94	5.k=1.moyenne	2093,4	ERA5
1062306	08/03/2025	18	08/03/2025	13	HNE	-5,4	0	-13,7	0	52,0	0	25,0	0	290,0	0	972,191	5.k=1.moyenne	2163,9	ERA5
1062307	08/03/2025	19	08/03/2025	14	HNE	-4,5	0	-12,9	0	52,0	0	27,0	0	280,0	0	972,613	5.k=1.moyenne	1804,4	ERA5
1062308	08/03/2025	20	08/03/2025	15	HNE	-4,0	0	-12,3	0	52,0	0	25,0	0	280,0	0	973,184	5.k=1.moyenne	1360,0	ERA5
1062309	08/03/2025	21	08/03/2025	16	HNE	-3,3	0	-11,5	0	53,0	0	21,0	0	280,0	0	974,033	5.k=1.moyenne	916,6	ERA5
1062310	08/03/2025	22	08/03/2025	17	HNE	-3,5	0	-11,2	0	55,0	0	20,0	0	270,0	0	974,838	5.k=1.moyenne	475,6	ERA5
1062311	08/03/2025	23	08/03/2025	18	HNE	-3,3	0	-11,7	0	52,0	0	17,0	0	270,0	0	975,687	5.k=1.moyenne	104,6	ERA5
1062312	09/03/2025	00	08/03/2025	19	HNE	-3,4	0	-12,0	0	51,0	0	16,0	0	270,0	0	976,416	5.k=1.moyenne	0,0	ERA5
1062313	09/03/2025	01	08/03/2025	20	HNE	-3,4	0	-12,1	0	51,0	0	13,0	0	280,0	0	977,121	5.k=1.moyenne	0,0	ERA5
1062314	09/03/2025	02	08/03/2025	21	HNE	-3,8	0	-11,9	0	53,0	0	14,0	0	290,0	0	977,804	5.k=1.moyenne	0,0	ERA5
1062315	09/03/2025	03	08/03/2025	22	HNE	-4,3	0	-12,0	0	55,0	0	12,0	0	290,0	0	978,367	5.k=1.moyenne	0,0	ERA5
1062316	09/03/2025	04	08/03/2025	23	HNE	-4,6	0	-11,9	0	57,0	0	13,0	0	290,0	0	978,637	5.k=1.moyenne	0,0	ERA5
1062317	09/03/2025	05	09/03/2025	00	HNE	-4,8	0	-12,0	0	57,0	0	10,0	0	300,0	0	979,168	5.k=1.moyenne	0,0	ERA5
1062318	09/03/2025	06	09/03/2025	01	HNE	-5,7	0	-12,0	0	61,0	0	7,0	0	280,0	0	979,168	5.k=1.moyenne	0,0	ERA5
1062319	09/03/2025	07	09/03/2025	03	HAE	-5,6	0	-11,7	0	62,0	0	7,0	0	260,0	0	979,658	5.k=1.moyenne	0,0	ERA5
1062320	09/03/2025	08	09/03/2025	04	HAE	-5,5	0	-11,1	0	64,0	0	8,0	0	260,0	0	979,971	5.k=1.moyenne	0,0	ERA5
1062321	09/03/2025	09	09/03/2025	05	HAE	-4,9	0	-10,1	0	67,0	0	11,0	0	270,0	0	980,694	5.k=1.moyenne	0,0	ERA5
1062322	09/03/2025	10	09/03/2025	06	HAE	-4,6	0	-9,6	0	68,0	0	11,0	0	250,0	0	981,285	5.k=1.moyenne	0,0	ERA5
1062323	09/03/2025	11	09/03/2025	07	HAE	-4,6	0	-8,9	0	72,0	0	10,0	0	240,0	0	981,892	5.k=1.moyenne	0,0	ERA5
1062324	09/03/2025	12	09/03/2025	08	HAE	-4,3	0	-5,9	0	88,0	0	14,0	0	230,0	0	982,275	5.k=1.moyenne	63,0	ERA5
1062325	09/03/2025	13	09/03/2025	09	HAE	-4,6	0	-6,1	0	90,0	0	12,0	0	180,0	0	982,614	5.k=1.moyenne	292,8	ERA5
1062326	09/03/2025	14	09/03/2025	10	HAE	-4,4	0	-5,6	0	91,0	0	14,0	0	200,0	0	982,632	5.k=1.moyenne	568,1	ERA5
1062327	09/03/2025	15	09/03/2025	11	HAE	-3,0	0	-4,3	0	91,0	0	12,0	0	220,0	0	982,648	5.k=1.moyenne	818,6	ERA5
1062328	09/03/2025	16	09/03/2025	12	HAE	-1,1	0	-4,7	0	76,0	0	16,0	0	270,0	0	982,748	5.k=1.moyenne	1171,5	ERA5
1062329	09/03/2025	17	09/03/2025	13	HAE	-0,6	0	-5,4	0	70,0	0	15,0	0	260,0	0	982,677	5.k=1.moyenne	1426,1	ERA5
1062330	09/03/2025	18	09/03/2025	14	HAE	-0,25	4.lineaire	-5,8	0	65,0	0	9,0	0	260,0	0	982,626	5.k=1.moyenne	1685,2	ERA5
1062331	09/03/2025	19	09/03/2025	15	HAE	0,1	0	-6,6	0	60,0	0	14,0	0	260,0	0	982,744	5.k=1.moyenne	2045,5	ERA5
1062332	09/03/2025	20	09/03/2025	16	HAE	0,6	0	-6,8	0	58,0	0	16,0	0	250,0	0	983,159	5.k=1.moyenne	1688,9	ERA5
1062333	09/03/2025	21	09/03/2025	17	HAE	0,9	0	-6,8	0	56,0	0	16,0	0	260,0	0	983,573	5.k=1.moyenne	1088,7	ERA5
1062334	09/03/2025	22	09/03/2025	18	HAE	0,8	0	-6,9	0	56,0	0	13,0	0	250,0	0	984,093	5.k=1.moyenne	633,6	ERA5
1062335	09/03/2025	23	09/03/2025	19	HAE	-0,9	0	-7,3	0	62,0	0	8,0	0	250,0	0	984,675	5.k=1.moyenne	133,1	ERA5
1062336	10/03/2025	00	09/03/2025	20	HAE	-1,3	0	-8,0	0	60,0	0	6,0	0	250,0	0	985,194	5.k=1.moyenne	0,0	ERA5
1062337	10/03/2025	01	09/03/2025	21	HAE	-5,5	0	-8,6	0	79,0	0	12,0	0	200,0	0	985,498	5.k=1.moyenne	0,0	ERA5
1062338	10/03/2025	02	09/03/2025	22	HAE	-2,1	0	-5,6	0	77,0	0	6,0	0	190,0	0	985,654	5.k=1.moyenne	0,0	ERA5
1062339	10/03/2025	03	09/03/2025	23	HAE	0,5	0	-5,6	0	64,0	0	7,0	0	250,0	0	985,51	5.k=1.moyenne	0,0	ERA5
1062340	10/03/2025	04	10/03/2025	00	HAE	-1,1	0	-2,0	0	94,0	0	7,0	0	210,0	0	985,346	5.k=1.moyenne	0,0	ERA5
1062341	10/03/2025	05	10/03/2025	01	HAE	-1,4	0	-1,8	0	97,0	0	5,0	0	130,0	0	985,031	5.k=1.moyenne	0,0	ERA5
1062342	10/03/2025	06	10/03/2025	02	HAE	-2,9	0	-3,6	0	95,0	0	6,0	0	40,0	0	985,031	5.k=1.moyenne	0,0	ERA5
1062343	10/03/2025	07	10/03/2025	03	HAE	-4,3	0	-5,2	0	93,0	0	8,0	0	20,0	0	985,137	5.k=1.moyenne	0,0	ERA5
1062344	10/03/2025	08	10/03/2025	04	HAE	-4,6	0	-5,4	0	94,0	0	10,0	0	30,0	0	985,347	5.k=1.moyenne	0,0	ERA5
1062345	10/03/2025	09	10/03/2025	05	HAE	-4,4	0	-5,3	0	93,0	0	7,0	0	30,0	0	985,811	5.k=1.moyenne	0,0	ERA5
1062346	10/03/2025	10	10/03/2025	06	HAE	-4,8	0	-5,7	0	93,0	0	8,0	0	30,0	0	986,337	5.k=1.moyenne	0,0	ERA5
1062347	10/03/2025	11	10/03/2025	07	HAE	-4,8	0	-5,7	0	93,0	0	6,0	0	10,0	0	987,133	5.k=1.moyenne	0,0	ERA5
1062348	10/03/2025	12	10/03/2025	08	HAE	-4,8	0	-6,3	0	89,0	0	7,0	0	20,0	0	987,667	5.k=1.moyenne	63,9	ERA5
1062349	10/03/2025	13	10/03/2025	09	HAE	-4,4	0	-6,3	0	87,0	0	2,0	0	360,0	0	988,137	5.k=1.moyenne	345,5	ERA5
1062350	10/03/2025	14	10/03/2025	10	HAE	-4,1	0	-6,6	0	83,0	0	5,0	0	260,0	0	988,419	5.k=1.moyenne	633,0	ERA5
1062351	10/03/2025	15	10/03/2025	11	HAE	-3,5	0	-6,3	0	81,0	0	7,0	0	180,0	0	988,742	5.k=1.moyenne	941,7	ERA5
1062352	10/03/2025	16	10/03/2025	12	HAE	-2,8	0	-5,9	0	79,0	0	3,0	0	300,0	0	988,96	5.k=1.moyenne	1265,6	ERA5
1062353	10/03/2025	17	10/03/2025	13	HAE	-1,4	0	-5,2	0	75,0	0	5,0	0	270,0	0	989,114	5.k=1.moyenne	1778,0	ERA5
1062354	10/03/2025	18	10/03/2025	14	HAE	-0,5	0	-4,3	0	75,0	0	3,0	0	270,0	0	989,383	5.k=1.moyenne	1617,0	ERA5
1062355	10/03/2025	19	10/03/2025	15	HAE	-0,4	0	-4,0	0	76,0	0	4,0	0	110,0	0	989,513	5.k=1.moyenne	1750,6	ERA5
1062356	10/03/2025	20	10/03/2025	16	HAE	0,9	0	-3,4	0	73,0	0	1,0	0	230,0	0	989,723	5.k=1.moyenne	1382,5	ERA5
1062357	10/03/2025	21	10/03/2025	17	HAE	0,35	4.lineaire	-2,3	0	84,0	0	10,0	0	170,0	0	989,933	5.k=1.moyenne	1017,5	ERA5
1062358	10/03/2025	22	10/03/2025	18	HAE	-0,2	0	-2,5	0	84,0	0	7,0	0	160,0	0	990,327	5.k=1.moyenne	515,4	ERA5
1062359	10/03/2025	23	10/03/2025	19	HAE	-0,5	0	-2,8	0	85,0	0	6,0	0	130,0	0	990,638	5.k=1.moyenne	115,4	ERA5
1062360	11/03/2025	00	10/03/2025	20	HAE	-1,7	0	-3,3	0	89,0	0	7,0	0	150,0	0	990,928	5.k=1.moyenne	0,0	ERA5
1062361	11/03/2025	01	10/03/2025	21	HAE	-0,2	0	-2,6	0	83,0	0	7,0	0	140,0	0	991,035	5.k=1.moyenne	0,0	ERA5
1062362	11/03/2025	02	10/03/2025	22	HAE	-0,3	0	-2,6	0	84,0	0	6,0	0	120,0	0	990,957	5.k=1.moyenne	0,0	ERA5
1062363	11/03/2025	03	10/03/2025	23	HAE	-0,6	0	-2,8	0	85,0	0	7,0	0	140,0	0	990,45	5.k=1.moyenne	0,0	ERA5
1062364	11/03/2025	04	11/03/2025	00	HAE	-1,1	0	-2,6	0	90,0	0	8,0	0	120,0	0	989,984	5.k=1.moyenne	0,0	ERA5
1062365	11/03/2025	05	11/03/2025	01	HAE	-0,5	0	-2,5	0	86,0	0	8,0	0	110,0	0	989,395	5.k=1.moyenne	0,0	ERA5
1062366	11/03/2025	06	11/03/2025	02	HAE	-0,5	0	-2,5	0	86,0	0	13,0	0	150,0	0	989,395	5.k=1.moyenne	0,0	ERA5
1062367	11/03/2025	07	11/03/2025	03	HAE	0,2	0	-2,5	0	82,0	0	13,0	0	140,0	0	988,623	5.k=1.moyenne	0,0	ERA5
1062368	11/03/2025	08	11/03/2025	04	HAE	0,8	0	-2,1	0	81,0	0	20,0	0	150,0	0	987,791	5.k=1.moyenne	0,0	ERA5
1062369	11/03/2025	09	11/03/2025	05	HAE	0,7	0	-2,0	0	82,0	0	22,0	0	170,0	0	987,026	5.k=1.moyenne	0,0	ERA5
1062370	11/03/2025	10	11/03/2025	06	HAE	0,9	0	-2,4	0	78,0	0	27,0	0	180,0	0	986,055	5.k=1.moyenne	0,0	ERA5
1062371	11/03/2025	11	11/03/2025	07	HAE	2,8	0	-2,3	0	69,0	0	33,0	0	170,0	0	985,194	5.k=1.moyenne	0,0	ERA5
1062372	11/03/2025	12	11/03/2025	08	HAE	3,3	0	-2,7	0	65,0	0	37,0	0	180,0	0	984,513	5.k=1.moyenne	89,1	ERA5
1062373	11/03/2025	13	11/03/2025	09	HAE	3,7	0	-2,9	0	62,0	0	40,0	0	180,0	0	983,875	5.k=1.moyenne	567,4	ERA5
1062374	11/03/2025	14	11/03/2025	10	HAE	3,8	0	-2,4	0	64,0	0	34,0	0	180,0	0	983,116	5.k=1.moyenne	1219,2	ERA5
1062375	11/03/2025	15	11/03/2025	11	HAE	4,3	0	-2,0	0	64,0	0	40,0	0	180,0	0	982,299	5.k=1.moyenne	1854,4	ERA5
1062376	11/03/2025	16	11/03/2025	12	HAE	4,8	0	-1,6	0	63,0	0	38,0	0	180,0	0	981,667	5.k=1.moyenne	2159,3	ERA5
1062377	11/03/2025	17	11/03/2025	13	HAE	6,0	0	-0,9	0	61,0	0	30,0	0	190,0	0	981,057	5.k=1.moyenne	2302,7	ERA5
1062378	11/03/2025	18	11/03/2025	14	HAE	8,9	0	-0,5	0	52,0	0	21,0	0	210,0	0	980,795	5.k=1.moyenne	2283,1	ERA5
1062379	11/03/2025	19	11/03/2025	15	HAE	9,8	0	-0,4	0	49,0	0	15,0	0	200,0	0	981,045	5.k=1.moyenne	2046,6	ERA5
1062380	11/03/2025	20	11/03/2025	16	HAE	9,3	0	-0,05	4.lineaire	52,0	0	8,0	0	240,0	0	981,378	5.k=1.moyenne	1720,4	ERA5
1062381	11/03/2025	21	11/03/2025	17	HAE	9,1	0	0,3	0	54,0	0	9,0	0	270,0	0	982,264	5.k=1.moyenne	852,0	ERA5
1062382	11/03/2025	22	11/03/2025	18	HAE	8,4	0	0,3	0	57,0	0	17,0	0	280,0	0	983,191	5.k=1.moyenne	454,9	ERA5
1062383	11/03/2025	23	11/03/2025	19	HAE	6,2	0	1,6	0	72,0	0	11,0	0	280,0	0	984,547	5.k=1.moyenne	122,5	ERA5
1062384	12/03/2025	00	11/03/2025	20	HAE	5,1	0	0,7	0	73,0	0	11,0	0	300,0	0	985,782	5.k=1.moyenne	0,0	ERA5
1062385	12/03/2025	01	11/03/2025	21	HAE	3,7	0	-1,0	0	71,0	0	7,0	0	310,0	0	986,855	5.k=1.moyenne	0,0	ERA5
1062386	12/03/2025	02	11/03/2025	22	HAE	2,7	0	-4,4	0	60,0	0	9,0	0	310,0	0	988,071	5.k=1.moyenne	0,0	ERA5
1062387	12/03/2025	03	11/03/2025	23	HAE	0,9	0	-6,3	0	58,0	0	9,0	0	310,0	0	989,104	5.k=1.moyenne	0,0	ERA5
1062388	12/03/2025	04	12/03/2025	00	HAE	-0,5	0	-9,0	0	52,0	0	9,0	0	310,0	0	990,118	5.k=1.moyenne	0,0	ERA5
1062389	12/03/2025	05	12/03/2025	01	HAE	-1,5	0	-8,7	0	58,0	0	6,0	0	320,0	0	991,234	5.k=1.moyenne	0,0	ERA5
1062390	12/03/2025	06	12/03/2025	02	HAE	-3,0	0	-11,1	0	54,0	0	10,0	0	340,0	0	991,234	5.k=1.moyenne	0,0	ERA5
1062391	12/03/2025	07	12/03/2025	03	HAE	-4,2	0	-11,2	0	58,0	0	4,0	0	340,0	0	992,206	5.k=1.moyenne	0,0	ERA5
1062392	12/03/2025	08	12/03/2025	04	HAE	-5,1	0	-11,6	0	60,0	0	6,0	0	340,0	0	993,065	5.k=1.moyenne	0,0	ERA5
1062393	12/03/2025	09	12/03/2025	05	HAE	-6,0	0	-12,9	0	58,0	0	5,0	0	350,0	0	993,98	5.k=1.moyenne	0,0	ERA5
1062394	12/03/2025	10	12/03/2025	06	HAE	-6,8	0	-13,1	0	61,0	0	4,0	0	360,0	0	995,117	5.k=1.moyenne	0,0	ERA5
1062395	12/03/2025	11	12/03/2025	07	HAE	-7,5	0	-12,8	0	66,0	0	3,0	0	10,0	0	995,914	5.k=1.moyenne	0,0	ERA5
1062396	12/03/2025	12	12/03/2025	08	HAE	-7,0	0	-13,2	0	61,0	0	5,0	0	30,0	0	996,873	5.k=1.moyenne	123,2	ERA5
1062397	12/03/2025	13	12/03/2025	09	HAE	-5,8	0	-13,8	0	53,0	0	6,0	0	40,0	0	997,618	5.k=1.moyenne	715,1	ERA5
1062398	12/03/2025	14	12/03/2025	10	HAE	-5,5	0	-15,0	0	47,0	0	6,0	0	20,0	0	998,237	5.k=1.moyenne	1411,6	ERA5
1062399	12/03/2025	15	12/03/2025	11	HAE	-4,5	0	-14,0	0	48,0	0	4,0	0	90,0	0	998,469	5.k=1.moyenne	1995,8	ERA5
1062400	12/03/2025	16	12/03/2025	12	HAE	-4,8	0	-13,9	0	49,0	0	4,0	0	90,0	0	998,452	5.k=1.moyenne	2417,2	ERA5
1062401	12/03/2025	17	12/03/2025	13	HAE	-4,0	0	-14,1	0	45,0	0	5,0	0	290,0	0	998,268	5.k=1.moyenne	2642,3	ERA5
1062402	12/03/2025	18	12/03/2025	14	HAE	-3,7	0	-13,9	0	45,0	0	5,0	0	310,0	0	998,06	5.k=1.moyenne	2466,4	ERA5
1062403	12/03/2025	19	12/03/2025	15	HAE	-3,5	0	-12,8	0	48,0	0	2,0	0	130,0	0	998,094	5.k=1.moyenne	1886,0	ERA5
1062404	12/03/2025	20	12/03/2025	16	HAE	-3,3	0	-12,7	0	48,0	0	3,0	0	120,0	0	998,187	5.k=1.moyenne	1388,4	ERA5
1062405	12/03/2025	21	12/03/2025	17	HAE	-2,8	0	-12,7	0	46,0	0	0,0	0	100,0	0	998,338	5.k=1.moyenne	936,0	ERA5
1062406	12/03/2025	22	12/03/2025	18	HAE	-3,0	0	-12,7	0	47,0	0	2,0	0	160,0	0	998,609	5.k=1.moyenne	499,7	ERA5
1062407	12/03/2025	23	12/03/2025	19	HAE	-3,5	0	-9,4	0	64,0	0	7,0	0	150,0	0	998,939	5.k=1.moyenne	111,0	ERA5
1062408	13/03/2025	00	12/03/2025	20	HAE	-4,6	0	-10,2	0	65,0	0	3,0	0	110,0	0	999,186	5.k=1.moyenne	0,0	ERA5
1062409	13/03/2025	01	12/03/2025	21	HAE	-5,5	0	-10,5	0	68,0	0	1,0	0	120,0	0	999,655	5.k=1.moyenne	0,0	ERA5
1062410	13/03/2025	02	12/03/2025	22	HAE	-5,7	0	-9,8	0	73,0	0	0,0	0	150,0	0	999,918	5.k=1.moyenne	0,0	ERA5
1062411	13/03/2025	03	12/03/2025	23	HAE	-6,5	0	-10,5	0	73,0	0	0,0	0	120,0	0	999,874	5.k=1.moyenne	0,0	ERA5
1062412	13/03/2025	04	13/03/2025	00	HAE	-7,2	0	-11,0	0	74,0	0	2,0	0	90,0	0	999,992	5.k=1.moyenne	0,0	ERA5
1062413	13/03/2025	05	13/03/2025	01	HAE	-7,4	0	-10,5	0	79,0	0	3,0	0	50,0	0	1000,05	5.k=1.moyenne	0,0	ERA5
1062414	13/03/2025	06	13/03/2025	02	HAE	-7,9	0	-10,5	0	81,0	0	0,0	0	10,0	0	1000,05	5.k=1.moyenne	0,0	ERA5
1062415	13/03/2025	07	13/03/2025	03	HAE	-7,3	0	-10,6	0	77,0	0	4,0	0	40,0	0	1000,03	5.k=1.moyenne	0,0	ERA5
1062416	13/03/2025	08	13/03/2025	04	HAE	-7,1	0	-11,1	0	73,0	0	5,0	0	40,0	0	1000,07	5.k=1.moyenne	0,0	ERA5
1062417	13/03/2025	09	13/03/2025	05	HAE	-7,2	0	-11,7	0	70,0	0	4,0	0	50,0	0	1000,37	5.k=1.moyenne	0,0	ERA5
1062418	13/03/2025	10	13/03/2025	06	HAE	-7,7	0	-10,6	0	80,0	0	6,0	0	30,0	0	1000,44	5.k=1.moyenne	0,0	ERA5
1062419	13/03/2025	11	13/03/2025	07	HAE	-8,9	0	-11,1	0	84,0	0	2,0	0	10,0	0	1000,69	5.k=1.moyenne	0,0	ERA5
1062420	13/03/2025	12	13/03/2025	08	HAE	-8,4	0	-11,5	0	78,0	0	3,0	0	10,0	0	1000,71	5.k=1.moyenne	116,0	ERA5
1062421	13/03/2025	13	13/03/2025	09	HAE	-7,3	0	-11,7	0	71,0	0	5,0	0	20,0	0	1000,78	5.k=1.moyenne	624,0	ERA5
1062422	13/03/2025	14	13/03/2025	10	HAE	-4,8	0	-10,6	0	64,0	0	5,0	0	20,0	0	1000,68	5.k=1.moyenne	1358,8	ERA5
1062423	13/03/2025	15	13/03/2025	11	HAE	-2,5	0	-9,5	0	58,0	0	6,0	0	30,0	0	1000,32	5.k=1.moyenne	1920,9	ERA5
1062424	13/03/2025	16	13/03/2025	12	HAE	-0,1	0	-9,1	0	51,0	0	5,0	0	130,0	0	999,677	5.k=1.moyenne	2297,5	ERA5
1062425	13/03/2025	17	13/03/2025	13	HAE	1,2	0	-8,3	0	49,0	0	7,0	0	120,0	0	999,075	5.k=1.moyenne	2508,6	ERA5
1062426	13/03/2025	18	13/03/2025	14	HAE	2,5	0	-6,1	0	53,0	0	9,0	0	140,0	0	998,329	5.k=1.moyenne	2028,9	ERA5
1062427	13/03/2025	19	13/03/2025	15	HAE	5,0	0	-3,2	0	56,0	0	9,0	0	190,0	0	997,929	5.k=1.moyenne	2248,1	ERA5
1062428	13/03/2025	20	13/03/2025	16	HAE	4,6	0	-1,7	0	64,0	0	12,0	0	200,0	0	997,447	5.k=1.moyenne	1851,2	ERA5
1062429	13/03/2025	21	13/03/2025	17	HAE	4,2	0	-1,4	0	67,0	0	10,0	0	200,0	0	997,27	5.k=1.moyenne	1289,3	ERA5
1062430	13/03/2025	22	13/03/2025	18	HAE	5,7	0	-3,5	0	51,0	0	0,0	0	0,0	0	997,501	5.k=1.moyenne	659,6	ERA5
1062431	13/03/2025	23	13/03/2025	19	HAE	2,8	0	-3,5	0	63,0	0	2,0	0	50,0	0	997,772	5.k=1.moyenne	150,6	ERA5
1062432	14/03/2025	00	13/03/2025	20	HAE	1,7	0	-3,2	0	70,0	0	5,0	0	100,0	0	997,859	5.k=1.moyenne	0,0	ERA5
1062433	14/03/2025	01	13/03/2025	21	HAE	0,4	0	-3,7	0	74,0	0	2,0	0	90,0	0	997,762	5.k=1.moyenne	0,0	ERA5
1062434	14/03/2025	02	13/03/2025	22	HAE	-1,5	0	-4,0	0	83,0	0	2,0	0	30,0	0	997,767	5.k=1.moyenne	0,0	ERA5
1062435	14/03/2025	03	13/03/2025	23	HAE	0,8	0	-3,9	0	71,0	0	9,0	0	170,0	0	997,852	5.k=1.moyenne	0,0	ERA5
1062436	14/03/2025	04	14/03/2025	00	HAE	-1,0	0	-3,0	0	86,0	0	4,0	0	230,0	0	997,836	5.k=1.moyenne	0,0	ERA5
1062437	14/03/2025	05	14/03/2025	01	HAE	-2,8	0	-4,5	0	88,0	0	0,0	0	0,0	0	997,737	5.k=1.moyenne	0,0	ERA5
1062438	14/03/2025	06	14/03/2025	02	HAE	-3,1	0	-3,9	0	94,0	0	3,0	0	160,0	0	997,737	5.k=1.moyenne	0,0	ERA5
1062439	14/03/2025	07	14/03/2025	03	HAE	-1,1	0	-3,3	0	85,0	0	7,0	0	190,0	0	997,702	5.k=1.moyenne	0,0	ERA5
1062440	14/03/2025	08	14/03/2025	04	HAE	-0,7	0	-3,3	0	83,0	0	11,0	0	180,0	0	997,791	5.k=1.moyenne	0,0	ERA5
1062441	14/03/2025	09	14/03/2025	05	HAE	-0,2	0	-3,0	0	81,0	0	9,0	0	180,0	0	997,9	5.k=1.moyenne	0,0	ERA5
1062442	14/03/2025	10	14/03/2025	06	HAE	0,4	0	-2,8	0	79,0	0	14,0	0	180,0	0	998,259	5.k=1.moyenne	0,0	ERA5
1062443	14/03/2025	11	14/03/2025	07	HAE	-0,1	0	-3,5	0	77,0	0	6,0	0	200,0	0	998,747	5.k=1.moyenne	0,0	ERA5
1062444	14/03/2025	12	14/03/2025	08	HAE	0,4	0	-2,6	0	81,0	0	11,0	0	190,0	0	999,18	5.k=1.moyenne	140,2	ERA5
1062445	14/03/2025	13	14/03/2025	09	HAE	1,9	0	-1,7	0	77,0	0	10,0	0	190,0	0	999,612	5.k=1.moyenne	726,8	ERA5
1062446	14/03/2025	14	14/03/2025	10	HAE	3,0	0	-1,3	0	73,0	0	15,0	0	200,0	0	999,738	5.k=1.moyenne	1389,4	ERA5
1062447	14/03/2025	15	14/03/2025	11	HAE	4,2	0	-0,3	0	72,0	0	9,0	0	200,0	0	999,68	5.k=1.moyenne	1963,4	ERA5
1062448	14/03/2025	16	14/03/2025	12	HAE	5,2	0	0,2	0	70,0	0	10,0	0	170,0	0	999,274	5.k=1.moyenne	2381,2	ERA5
1062449	14/03/2025	17	14/03/2025	13	HAE	6,5	0	0,9	0	68,0	0	9,0	0	170,0	0	998,93	5.k=1.moyenne	2603,4	ERA5
1062450	14/03/2025	18	14/03/2025	14	HAE	8,2	0	0,9	0	60,0	0	4,0	0	160,0	0	998,443	5.k=1.moyenne	2601,4	ERA5
1062451	14/03/2025	19	14/03/2025	15	HAE	9,3	0	-0,1	0	52,0	0	3,0	0	180,0	0	998,2	5.k=1.moyenne	2352,1	ERA5
1062452	14/03/2025	20	14/03/2025	16	HAE	10,3	0	-0,4	0	47,0	0	4,0	0	160,0	0	998,019	5.k=1.moyenne	1969,7	ERA5
1062453	14/03/2025	21	14/03/2025	17	HAE	10,1	0	-0,9	0	46,0	0	3,0	0	100,0	0	997,938	5.k=1.moyenne	1398,2	ERA5
1062454	14/03/2025	22	14/03/2025	18	HAE	7,7	0	0,3	0	60,0	0	4,0	0	70,0	0	997,96	5.k=1.moyenne	730,8	ERA5
1062455	14/03/2025	23	14/03/2025	19	HAE	5,6	0	-1,0	0	63,0	0	2,0	0	50,0	0	998,337	5.k=1.moyenne	162,3	ERA5
1062456	15/03/2025	00	14/03/2025	20	HAE	3,9	0	-0,7	0	71,0	0	5,0	0	80,0	0	998,547	5.k=1.moyenne	0,0	ERA5
1062457	15/03/2025	01	14/03/2025	21	HAE	4,6	0	-0,7	0	68,0	0	6,0	0	80,0	0	998,715	5.k=1.moyenne	0,0	ERA5
1062458	15/03/2025	02	14/03/2025	22	HAE	6,3	0	-0,8	0	60,0	0	8,0	0	90,0	0	998,591	5.k=1.moyenne	0,0	ERA5
1062459	15/03/2025	03	14/03/2025	23	HAE	5,7	0	-0,5	0	64,0	0	12,0	0	130,0	0	998,394	5.k=1.moyenne	0,0	ERA5
1062460	15/03/2025	04	15/03/2025	00	HAE	5,9	0	-0,1	0	65,0	0	14,0	0	150,0	0	998,114	5.k=1.moyenne	0,0	ERA5
1062461	15/03/2025	05	15/03/2025	01	HAE	5,4	0	-0,1	0	68,0	0	14,0	0	160,0	0	997,927	5.k=1.moyenne	0,0	ERA5
1062462	15/03/2025	06	15/03/2025	02	HAE	5,4	0	0,05	4.lineaire	68,0	0	16,0	0	160,0	0	997,927	5.k=1.moyenne	0,0	ERA5
1062463	15/03/2025	07	15/03/2025	03	HAE	5,9	0	0,2	0	67,0	0	16,0	0	160,0	0	997,595	5.k=1.moyenne	0,0	ERA5
1062464	15/03/2025	08	15/03/2025	04	HAE	6,0	0	0,7	0	69,0	0	21,0	0	160,0	0	997,325	5.k=1.moyenne	0,0	ERA5
1062465	15/03/2025	09	15/03/2025	05	HAE	5,7	0	1,2	0	73,0	0	25,0	0	160,0	0	997,255	5.k=1.moyenne	0,0	ERA5
1062466	15/03/2025	10	15/03/2025	06	HAE	6,1	0	1,1	0	70,0	0	20,0	0	160,0	0	997,123	5.k=1.moyenne	0,0	ERA5
1062467	15/03/2025	11	15/03/2025	07	HAE	5,5	0	1,3	0	75,0	0	30,0	0	160,0	0	997,178	5.k=1.moyenne	0,0	ERA5
1062468	15/03/2025	12	15/03/2025	08	HAE	5,5	0	1,3	0	75,0	0	28,0	0	170,0	0	996,943	5.k=1.moyenne	134,5	ERA5
1062469	15/03/2025	13	15/03/2025	09	HAE	6,5	0	1,8	0	72,0	0	31,0	0	180,0	0	996,833	5.k=1.moyenne	722,8	ERA5
1062470	15/03/2025	14	15/03/2025	10	HAE	7,5	0	2,3	0	70,0	0	33,0	0	170,0	0	996,349	5.k=1.moyenne	1315,9	ERA5
1062471	15/03/2025	15	15/03/2025	11	HAE	8,8	0	2,7	0	65,0	0	28,0	0	180,0	0	995,761	5.k=1.moyenne	1782,7	ERA5
1062472	15/03/2025	16	15/03/2025	12	HAE	10,0	0	2,9	0	61,0	0	33,0	0	170,0	0	995,027	5.k=1.moyenne	2209,8	ERA5
1062473	15/03/2025	17	15/03/2025	13	HAE	11,0	0	3,9	0	61,0	0	36,0	0	170,0	0	994,565	5.k=1.moyenne	2483,6	ERA5
1062474	15/03/2025	18	15/03/2025	14	HAE	11,9	0	4,2	0	59,0	0	40,0	0	180,0	0	993,811	5.k=1.moyenne	2495,7	ERA5
1062475	15/03/2025	19	15/03/2025	15	HAE	12,6	0	4,9	0	59,0	0	34,0	0	180,0	0	992,954	5.k=1.moyenne	2020,7	ERA5
1062476	15/03/2025	20	15/03/2025	16	HAE	13,3	0	5,0	0	57,0	0	40,0	0	180,0	0	992,346	5.k=1.moyenne	1465,9	ERA5
1062477	15/03/2025	21	15/03/2025	17	HAE	12,7	0	4,8	0	59,0	0	40,0	0	180,0	0	991,698	5.k=1.moyenne	1052,2	ERA5
1062478	15/03/2025	22	15/03/2025	18	HAE	12,0	0	4,6	0	61,0	0	35,0	0	180,0	0	991,341	5.k=1.moyenne	615,7	ERA5
1062479	15/03/2025	23	15/03/2025	19	HAE	10,6	0	4,4	0	66,0	0	22,0	0	180,0	0	991,089	5.k=1.moyenne	134,1	ERA5
1062480	16/03/2025	00	15/03/2025	20	HAE	11,6	0	4,5	0	62,0	0	32,0	0	180,0	0	991,191	5.k=1.moyenne	-0,0	ERA5
1062481	16/03/2025	01	15/03/2025	21	HAE	10,8	0	4,4	0	65,0	0	25,0	0	190,0	0	991,376	5.k=1.moyenne	0,0	ERA5
1062482	16/03/2025	02	15/03/2025	22	HAE	9,9	0	4,8	0	70,0	0	22,0	0	180,0	0	991,27	5.k=1.moyenne	0,0	ERA5
1062483	16/03/2025	03	15/03/2025	23	HAE	10,1	0	5,4	0	73,0	0	42,0	0	180,0	0	991,206	5.k=1.moyenne	0,0	ERA5
1062484	16/03/2025	04	16/03/2025	00	HAE	8,9	0	5,4	0	79,0	0	44,0	0	170,0	0	990,934	5.k=1.moyenne	0,0	ERA5
1062485	16/03/2025	05	16/03/2025	01	HAE	9,1	0	6,1	0	82,0	0	52,0	0	180,0	0	990,703	5.k=1.moyenne	0,0	ERA5
1062486	16/03/2025	06	16/03/2025	02	HAE	8,9	0	5,7	0	80,0	0	36,0	0	180,0	0	990,703	5.k=1.moyenne	0,0	ERA5
1062487	16/03/2025	07	16/03/2025	03	HAE	8,4	0	5,8	0	84,0	0	35,0	0	180,0	0	990,419	5.k=1.moyenne	0,0	ERA5
1062488	16/03/2025	08	16/03/2025	04	HAE	8,3	0	5,8	0	84,0	0	32,0	0	180,0	0	990,342	5.k=1.moyenne	0,0	ERA5
1062489	16/03/2025	09	16/03/2025	05	HAE	8,3	0	6,4	0	88,0	0	31,0	0	170,0	0	990,244	5.k=1.moyenne	0,0	ERA5
1062490	16/03/2025	10	16/03/2025	06	HAE	8,4	0	6,5	0	88,0	0	24,0	0	170,0	0	990,271	5.k=1.moyenne	0,0	ERA5
1062491	16/03/2025	11	16/03/2025	07	HAE	9,6	0	7,6	0	87,0	0	32,0	0	170,0	0	990,193	5.k=1.moyenne	0,0	ERA5
1062492	16/03/2025	12	16/03/2025	08	HAE	10,4	0	7,7	0	83,0	0	39,0	0	170,0	0	990,114	5.k=1.moyenne	101,1	ERA5
1062493	16/03/2025	13	16/03/2025	09	HAE	11,2	0	8,8	0	85,0	0	38,0	0	180,0	0	989,889	5.k=1.moyenne	550,3	ERA5
1062494	16/03/2025	14	16/03/2025	10	HAE	11,6	0	9,0	0	84,0	0	49,0	0	180,0	0	989,893	5.k=1.moyenne	940,2	ERA5
1062495	16/03/2025	15	16/03/2025	11	HAE	12,0	0	9,2	0	83,0	0	43,0	0	180,0	0	989,293	5.k=1.moyenne	1137,6	ERA5
1062496	16/03/2025	16	16/03/2025	12	HAE	13,1	0	9,7	0	80,0	0	41,0	0	180,0	0	988,942	5.k=1.moyenne	1258,1	ERA5
1062497	16/03/2025	17	16/03/2025	13	HAE	13,8	0	10,0	0	77,0	0	36,0	0	190,0	0	988,32	5.k=1.moyenne	1145,8	ERA5
1062498	16/03/2025	18	16/03/2025	14	HAE	14,9	0	10,8	0	76,0	0	30,0	0	180,0	0	987,49	5.k=1.moyenne	919,7	ERA5
1062499	16/03/2025	19	16/03/2025	15	HAE	14,9	0	10,7	0	76,0	0	44,0	0	170,0	0	986,784	5.k=1.moyenne	591,9	ERA5
1062500	16/03/2025	20	16/03/2025	16	HAE	15,4	0	11,5	0	77,0	0	44,0	0	180,0	0	986,432	5.k=1.moyenne	620,6	ERA5
1062501	16/03/2025	21	16/03/2025	17	HAE	16,4	0	12,0	0	75,0	0	42,0	0	170,0	0	986,08	5.k=1.moyenne	293,2	ERA5
1062502	16/03/2025	22	16/03/2025	18	HAE	16,8	0	11,9	0	73,0	0	50,0	0	170,0	0	985,811	5.k=1.moyenne	317,5	ERA5
1062503	16/03/2025	23	16/03/2025	19	HAE	16,5	0	11,7	0	73,0	0	39,0	0	170,0	0	985,584	5.k=1.moyenne	106,6	ERA5
1062504	17/03/2025	00	16/03/2025	20	HAE	16,2	0	11,8	0	75,0	0	42,0	0	180,0	0	985,752	5.k=1.moyenne	0,0	ERA5
1062505	17/03/2025	01	16/03/2025	21	HAE	14,2	0	12,9	0	92,0	0	19,0	0	240,0	0	986,066	5.k=1.moyenne	0,0	ERA5
1062506	17/03/2025	02	16/03/2025	22	HAE	12,9	0	11,4	0	90,0	0	20,0	0	160,0	0	986,068	5.k=1.moyenne	0,0	ERA5
1062507	17/03/2025	03	16/03/2025	23	HAE	12,7	0	9,6	0	82,0	0	20,0	0	170,0	0	986,215	5.k=1.moyenne	0,0	ERA5
1062508	17/03/2025	04	17/03/2025	00	HAE	11,0	0	9,1	0	88,0	0	18,0	0	180,0	0	986,529	5.k=1.moyenne	0,0	ERA5
1062509	17/03/2025	05	17/03/2025	01	HAE	9,9	0	8,5	0	91,0	0	15,0	0	190,0	0	987,071	5.k=1.moyenne	0,0	ERA5
1062510	17/03/2025	06	17/03/2025	02	HAE	9,7	0	8,8	0	94,0	0	11,0	0	230,0	0	987,071	5.k=1.moyenne	0,0	ERA5
1062511	17/03/2025	07	17/03/2025	03	HAE	8,1	0	7,8	0	98,0	0	8,0	0	170,0	0	987,456	5.k=1.moyenne	0,0	ERA5
1062512	17/03/2025	08	17/03/2025	04	HAE	7,8	0	7,7	0	99,0	0	5,0	0	290,0	0	987,942	5.k=1.moyenne	0,0	ERA5
1062513	17/03/2025	09	17/03/2025	05	HAE	8,6	0	6,4	0	86,0	0	11,0	0	270,0	0	988,655	5.k=1.moyenne	0,0	ERA5
1062514	17/03/2025	10	17/03/2025	06	HAE	7,1	0	4,9	0	86,0	0	9,0	0	280,0	0	989,575	5.k=1.moyenne	0,0	ERA5
1062515	17/03/2025	11	17/03/2025	07	HAE	5,7	0	2,3	0	79,0	0	13,0	0	270,0	0	990,722	5.k=1.moyenne	0,0	ERA5
1062516	17/03/2025	12	17/03/2025	08	HAE	4,7	0	1,7	0	81,0	0	12,0	0	270,0	0	991,517	5.k=1.moyenne	57,9	ERA5
1062517	17/03/2025	13	17/03/2025	09	HAE	4,0	0	1,2	0	82,0	0	12,0	0	290,0	0	992,474	5.k=1.moyenne	238,2	ERA5
1062518	17/03/2025	14	17/03/2025	10	HAE	3,7	0	1,0	0	82,0	0	13,0	0	270,0	0	993,123	5.k=1.moyenne	332,0	ERA5
1062519	17/03/2025	15	17/03/2025	11	HAE	3,4	0	1,1	0	85,0	0	15,0	0	270,0	0	993,894	5.k=1.moyenne	355,3	ERA5
1062520	17/03/2025	16	17/03/2025	12	HAE	3,4	0	0,7	0	82,0	0	12,0	0	280,0	0	994,275	5.k=1.moyenne	439,9	ERA5
1062521	17/03/2025	17	17/03/2025	13	HAE	3,4	0	-0,3	0	77,0	0	11,0	0	280,0	0	994,676	5.k=1.moyenne	561,4	ERA5
1062522	17/03/2025	18	17/03/2025	14	HAE	2,3	0	-1,8	0	74,0	0	17,0	0	270,0	0	994,789	5.k=1.moyenne	561,3	ERA5
1062523	17/03/2025	19	17/03/2025	15	HAE	1,4	0	-2,1	0	77,0	0	12,0	0	270,0	0	994,861	5.k=1.moyenne	459,2	ERA5
1062524	17/03/2025	20	17/03/2025	16	HAE	1,1	0	-3,7	0	70,0	0	14,0	0	270,0	0	995,238	5.k=1.moyenne	446,7	ERA5
1062525	17/03/2025	21	17/03/2025	17	HAE	1,1	0	-4,0	0	69,0	0	13,0	0	280,0	0	995,533	5.k=1.moyenne	399,9	ERA5
1062526	17/03/2025	22	17/03/2025	18	HAE	1,5	0	-4,3	0	65,0	0	12,0	0	270,0	0	996,235	5.k=1.moyenne	291,0	ERA5
1062527	17/03/2025	23	17/03/2025	19	HAE	0,1	0	-4,9	0	69,0	0	10,0	0	260,0	0	996,672	5.k=1.moyenne	142,0	ERA5
1062528	18/03/2025	00	17/03/2025	20	HAE	-0,4	0	-4,8	0	72,0	0	6,0	0	280,0	0	997,087	5.k=1.moyenne	-0,0	ERA5
1062529	18/03/2025	01	17/03/2025	21	HAE	-0,4	0	-4,8	0	72,0	0	9,0	0	280,0	0	997,513	5.k=1.moyenne	0,0	ERA5
1062530	18/03/2025	02	17/03/2025	22	HAE	-0,7	0	-4,8	0	74,0	0	6,0	0	290,0	0	997,831	5.k=1.moyenne	0,0	ERA5
1062531	18/03/2025	03	17/03/2025	23	HAE	-0,8	0	-4,9	0	74,0	0	9,0	0	280,0	0	998,087	5.k=1.moyenne	0,0	ERA5
1062532	18/03/2025	04	18/03/2025	00	HAE	-1,1	0	-4,9	0	75,0	0	8,0	0	290,0	0	998,55	5.k=1.moyenne	0,0	ERA5
1062533	18/03/2025	05	18/03/2025	01	HAE	-1,6	0	-5,1	0	77,0	0	6,0	0	300,0	0	998,992	5.k=1.moyenne	0,0	ERA5
1062534	18/03/2025	06	18/03/2025	02	HAE	-2,2	0	-5,2	0	79,0	0	3,0	0	290,0	0	998,992	5.k=1.moyenne	0,0	ERA5
1062535	18/03/2025	07	18/03/2025	03	HAE	-2,5	0	-4,5	0	86,0	0	4,0	0	300,0	0	999,388	5.k=1.moyenne	0,0	ERA5
1062536	18/03/2025	08	18/03/2025	04	HAE	-2,7	0	-5,0	0	85,0	0	3,0	0	290,0	0	999,761	5.k=1.moyenne	0,0	ERA5
1062537	18/03/2025	09	18/03/2025	05	HAE	-3,2	0	-5,0	0	87,0	0	4,0	0	290,0	0	1000,28	5.k=1.moyenne	0,0	ERA5
1062538	18/03/2025	10	18/03/2025	06	HAE	-3,2	0	-4,8	0	88,0	0	1,0	0	320,0	0	1000,68	5.k=1.moyenne	0,0	ERA5
1062539	18/03/2025	11	18/03/2025	07	HAE	-3,9	0	-5,3	0	90,0	0	0,0	0	0,0	0	1000,98	5.k=1.moyenne	0,0	ERA5
1062540	18/03/2025	12	18/03/2025	08	HAE	-2,4	0	-4,3	0	87,0	0	1,0	0	230,0	0	1001,37	5.k=1.moyenne	200,0	ERA5
1062541	18/03/2025	13	18/03/2025	09	HAE	-0,8	0	-4,9	0	74,0	0	5,0	0	150,0	0	1001,42	5.k=1.moyenne	825,2	ERA5
1062542	18/03/2025	14	18/03/2025	10	HAE	0,5	0	-5,8	0	63,0	0	4,0	0	190,0	0	1001,32	5.k=1.moyenne	1481,4	ERA5
1062543	18/03/2025	15	18/03/2025	11	HAE	1,2	0	-6,9	0	54,0	0	11,0	0	130,0	0	1001,01	5.k=1.moyenne	2035,6	ERA5
1062544	18/03/2025	16	18/03/2025	12	HAE	2,2	0	-6,4	0	53,0	0	9,0	0	160,0	0	1000,38	5.k=1.moyenne	2436,8	ERA5
1062545	18/03/2025	17	18/03/2025	13	HAE	3,3	0	-6,1	0	50,0	0	8,0	0	150,0	0	1000,01	5.k=1.moyenne	2644,3	ERA5
1062546	18/03/2025	18	18/03/2025	14	HAE	4,7	0	-5,8	0	47,0	0	8,0	0	120,0	0	999,719	5.k=1.moyenne	2656,3	ERA5
1062547	18/03/2025	19	18/03/2025	15	HAE	5,4	0	-6,2	0	43,0	0	11,0	0	90,0	0	999,469	5.k=1.moyenne	2441,2	ERA5
1062548	18/03/2025	20	18/03/2025	16	HAE	6,6	0	-2,8	0	51,0	0	9,0	0	120,0	0	999,013	5.k=1.moyenne	2041,9	ERA5
1062549	18/03/2025	21	18/03/2025	17	HAE	7,0	0	-2,7	0	50,0	0	8,0	0	110,0	0	998,964	5.k=1.moyenne	1486,9	ERA5
1062550	18/03/2025	22	18/03/2025	18	HAE	7,1	0	-2,3	0	51,0	0	9,0	0	130,0	0	999,037	5.k=1.moyenne	833,0	ERA5
1062551	18/03/2025	23	18/03/2025	19	HAE	5,7	0	-2,1	0	57,0	0	0,0	0	0,0	0	999,17	5.k=1.moyenne	217,4	ERA5
1062552	19/03/2025	00	18/03/2025	20	HAE	3,8	0	-0,3	0	74,0	0	6,0	0	30,0	0	999,486	5.k=1.moyenne	0,0	ERA5
1062553	19/03/2025	01	18/03/2025	21	HAE	2,6	0	-1,2	0	76,0	0	8,0	0	30,0	0	999,852	5.k=1.moyenne	0,0	ERA5
1062554	19/03/2025	02	18/03/2025	22	HAE	1,1	0	-1,8	0	81,0	0	7,0	0	20,0	0	1000,14	5.k=1.moyenne	0,0	ERA5
1062555	19/03/2025	03	18/03/2025	23	HAE	1,2	0	-4,1	0	68,0	0	8,0	0	30,0	0	1000,1	5.k=1.moyenne	0,0	ERA5
1062556	19/03/2025	04	19/03/2025	00	HAE	0,4	0	-4,0	0	73,0	0	4,0	0	40,0	0	1000,29	5.k=1.moyenne	0,0	ERA5
1062557	19/03/2025	05	19/03/2025	01	HAE	-0,2	0	-3,2	0	80,0	0	7,0	0	360,0	0	1000,44	5.k=1.moyenne	0,0	ERA5
1062558	19/03/2025	06	19/03/2025	02	HAE	-0,5	0	-3,4	0	81,0	0	2,0	0	30,0	0	1000,44	5.k=1.moyenne	0,0	ERA5
1062559	19/03/2025	07	19/03/2025	03	HAE	-0,3	0	-3,4	0	80,0	0	6,0	0	50,0	0	1000,63	5.k=1.moyenne	0,0	ERA5
1062560	19/03/2025	08	19/03/2025	04	HAE	-0,2	0	-3,0	0	81,0	0	8,0	0	30,0	0	1000,62	5.k=1.moyenne	0,0	ERA5
1062561	19/03/2025	09	19/03/2025	05	HAE	-0,3	0	-2,7	0	84,0	0	5,0	0	30,0	0	1000,62	5.k=1.moyenne	0,0	ERA5
1062562	19/03/2025	10	19/03/2025	06	HAE	-0,6	0	-2,5	0	86,0	0	6,0	0	20,0	0	1000,88	5.k=1.moyenne	0,0	ERA5
1062563	19/03/2025	11	19/03/2025	07	HAE	-0,5	0	-2,5	0	87,0	0	6,0	0	30,0	0	1001,25	5.k=1.moyenne	0,0	ERA5
1062564	19/03/2025	12	19/03/2025	08	HAE	-0,3	0	-2,5	0	85,0	0	5,0	0	60,0	0	1001,34	5.k=1.moyenne	203,5	ERA5
1062565	19/03/2025	13	19/03/2025	09	HAE	2,4	0	-1,8	0	74,0	0	8,0	0	110,0	0	1001,18	5.k=1.moyenne	809,4	ERA5
1062566	19/03/2025	14	19/03/2025	10	HAE	5,8	0	-0,4	0	64,0	0	4,0	0	30,0	0	1000,6	5.k=1.moyenne	1456,0	ERA5
1062567	19/03/2025	15	19/03/2025	11	HAE	9,1	0	-0,2	0	52,0	0	10,0	0	140,0	0	999,958	5.k=1.moyenne	1999,9	ERA5
1062568	19/03/2025	16	19/03/2025	12	HAE	12,1	0	0,5	0	45,0	0	20,0	0	140,0	0	999,068	5.k=1.moyenne	2329,9	ERA5
1062569	19/03/2025	17	19/03/2025	13	HAE	14,6	0	2,7	0	45,0	0	27,0	0	160,0	0	998,444	5.k=1.moyenne	2284,0	ERA5
1062570	19/03/2025	18	19/03/2025	14	HAE	15,7	0	3,2	0	43,0	0	27,0	0	170,0	0	997,471	5.k=1.moyenne	2014,6	ERA5
1062571	19/03/2025	19	19/03/2025	15	HAE	17,1	0	3,4	0	40,0	0	31,0	0	180,0	0	996,6	5.k=1.moyenne	1858,8	ERA5
1062572	19/03/2025	20	19/03/2025	16	HAE	16,2	0	3,1	0	41,0	0	33,0	0	180,0	0	995,851	5.k=1.moyenne	1938,6	ERA5
1062573	19/03/2025	21	19/03/2025	17	HAE	17,6	0	3,0	0	38,0	0	30,0	0	170,0	0	995,183	5.k=1.moyenne	1428,3	ERA5
1062574	19/03/2025	22	19/03/2025	18	HAE	15,7	0	4,2	0	46,0	0	26,0	0	170,0	0	994,678	5.k=1.moyenne	779,6	ERA5
1062575	19/03/2025	23	19/03/2025	19	HAE	15,5	0	2,8	0	42,0	0	17,0	0	140,0	0	994,316	5.k=1.moyenne	178,7	ERA5
1062576	20/03/2025	00	19/03/2025	20	HAE	13,2	0	2,0	0	47,0	0	12,0	0	140,0	0	994,014	5.k=1.moyenne	0,0	ERA5
1062577	20/03/2025	01	19/03/2025	21	HAE	12,9	0	1,0	0	44,0	0	19,0	0	130,0	0	993,61	5.k=1.moyenne	0,0	ERA5
1062578	20/03/2025	02	19/03/2025	22	HAE	12,1	0	0,4	0	45,0	0	15,0	0	130,0	0	993,246	5.k=1.moyenne	0,0	ERA5
1062579	20/03/2025	03	19/03/2025	23	HAE	11,0	0	0,5	0	48,0	0	14,0	0	140,0	0	992,698	5.k=1.moyenne	0,0	ERA5
1062580	20/03/2025	04	20/03/2025	00	HAE	11,6	0	1,3	0	49,0	0	27,0	0	170,0	0	991,885	5.k=1.moyenne	0,0	ERA5
1062581	20/03/2025	05	20/03/2025	01	HAE	12,9	0	0,4	0	42,0	0	38,0	0	170,0	0	991,133	5.k=1.moyenne	0,0	ERA5
1062582	20/03/2025	06	20/03/2025	02	HAE	12,1	0	0,2	0	44,0	0	33,0	0	170,0	0	991,133	5.k=1.moyenne	0,0	ERA5
1062583	20/03/2025	07	20/03/2025	03	HAE	11,8	0	-0,1	0	44,0	0	39,0	0	170,0	0	990,19	5.k=1.moyenne	0,0	ERA5
1062584	20/03/2025	08	20/03/2025	04	HAE	10,9	0	-0,5	0	45,0	0	34,0	0	170,0	0	989,375	5.k=1.moyenne	0,0	ERA5
1062585	20/03/2025	09	20/03/2025	05	HAE	10,8	0	-1,0	0	44,0	0	41,0	0	170,0	0	988,773	5.k=1.moyenne	0,0	ERA5
1062586	20/03/2025	10	20/03/2025	06	HAE	10,6	0	-1,6	0	43,0	0	47,0	0	170,0	0	988,215	5.k=1.moyenne	0,0	ERA5
1062587	20/03/2025	11	20/03/2025	07	HAE	9,6	0	-1,1	0	47,0	0	42,0	0	170,0	0	987,757	5.k=1.moyenne	0,0	ERA5
1062588	20/03/2025	12	20/03/2025	08	HAE	9,8	0	0,1	0	51,0	0	33,0	0	180,0	0	987,196	5.k=1.moyenne	173,7	ERA5
1062589	20/03/2025	13	20/03/2025	09	HAE	11,6	0	2,4	0	53,0	0	47,0	0	180,0	0	986,596	5.k=1.moyenne	698,2	ERA5
1062590	20/03/2025	14	20/03/2025	10	HAE	11,7	0	2,8	0	54,0	0	55,0	0	170,0	0	986,223	5.k=1.moyenne	1308,0	ERA5
1062591	20/03/2025	15	20/03/2025	11	HAE	12,6	0	3,7	0	55,0	0	36,0	0	180,0	0	985,445	5.k=1.moyenne	1774,9	ERA5
1062592	20/03/2025	16	20/03/2025	12	HAE	13,2	0	4,2	0	54,0	0	39,0	0	180,0	0	984,872	5.k=1.moyenne	2130,2	ERA5
1062593	20/03/2025	17	20/03/2025	13	HAE	14,5	0	4,2	0	50,0	0	36,0	0	180,0	0	984,321	5.k=1.moyenne	2381,9	ERA5
1062594	20/03/2025	18	20/03/2025	14	HAE	15,1	0	4,8	0	50,0	0	28,0	0	180,0	0	983,609	5.k=1.moyenne	1802,7	ERA5
1062595	20/03/2025	19	20/03/2025	15	HAE	16,2	0	5,8	0	50,0	0	27,0	0	180,0	0	983,062	5.k=1.moyenne	2074,8	ERA5
1062596	20/03/2025	20	20/03/2025	16	HAE	16,2	0	5,8	0	50,0	0	31,0	0	180,0	0	982,495	5.k=1.moyenne	1604,4	ERA5
1062597	20/03/2025	21	20/03/2025	17	HAE	16,5	0	6,1	0	50,0	0	29,0	0	180,0	0	982,175	5.k=1.moyenne	943,0	ERA5
1062598	20/03/2025	22	20/03/2025	18	HAE	16,8	0	6,2	0	49,0	0	34,0	0	180,0	0	982,101	5.k=1.moyenne	629,9	ERA5
1062599	20/03/2025	23	20/03/2025	19	HAE	14,4	0	4,1	0	50,0	0	8,0	0	310,0	0	982,334	5.k=1.moyenne	190,0	ERA5
1062600	21/03/2025	00	20/03/2025	20	HAE	11,3	0	5,2	0	66,0	0	14,0	0	300,0	0	982,548	5.k=1.moyenne	0,1	ERA5
1062601	21/03/2025	01	20/03/2025	21	HAE	10,0	0	5,6	0	74,0	0	9,0	0	300,0	0	982,783	5.k=1.moyenne	0,0	ERA5
1062602	21/03/2025	02	20/03/2025	22	HAE	9,4	0	6,3	0	81,0	0	10,0	0	260,0	0	982,896	5.k=1.moyenne	0,0	ERA5
1062603	21/03/2025	03	20/03/2025	23	HAE	7,9	0	4,9	0	81,0	0	19,0	0	250,0	0	982,704	5.k=1.moyenne	0,0	ERA5
1062604	21/03/2025	04	21/03/2025	00	HAE	7,1	0	4,5	0	83,0	0	11,0	0	210,0	0	982,656	5.k=1.moyenne	0,0	ERA5
1062605	21/03/2025	05	21/03/2025	01	HAE	7,2	0	3,6	0	78,0	0	13,0	0	220,0	0	982,669	5.k=1.moyenne	0,0	ERA5
1062606	21/03/2025	06	21/03/2025	02	HAE	6,6	0	4,0	0	84,0	0	11,0	0	220,0	0	982,669	5.k=1.moyenne	0,0	ERA5
1062607	21/03/2025	07	21/03/2025	03	HAE	6,3	0	3,8	0	84,0	0	14,0	0	270,0	0	982,526	5.k=1.moyenne	0,0	ERA5
1062608	21/03/2025	08	21/03/2025	04	HAE	2,9	0	1,7	0	92,0	0	18,0	0	280,0	0	982,342	5.k=1.moyenne	0,0	ERA5
1062609	21/03/2025	09	21/03/2025	05	HAE	0,6	0	-0,7	0	91,0	0	21,0	0	260,0	0	982,699	5.k=1.moyenne	0,0	ERA5
1062610	21/03/2025	10	21/03/2025	06	HAE	-0,05	4.lineaire	-2,7	0	82,0	0	22,0	0	280,0	0	982,951	5.k=1.moyenne	0,0	ERA5
1062611	21/03/2025	11	21/03/2025	07	HAE	-0,7	0	-4,2	0	77,0	0	26,0	0	280,0	0	983,342	5.k=1.moyenne	0,1	ERA5
1062612	21/03/2025	12	21/03/2025	08	HAE	-1,1	0	-4,9	0	75,0	0	19,0	0	290,0	0	983,813	5.k=1.moyenne	112,9	ERA5
1062613	21/03/2025	13	21/03/2025	09	HAE	-1,1	0	-5,3	0	73,0	0	17,0	0	290,0	0	984,183	5.k=1.moyenne	345,5	ERA5
1062614	21/03/2025	14	21/03/2025	10	HAE	-1,4	0	-5,9	0	72,0	0	18,0	0	300,0	0	984,287	5.k=1.moyenne	695,5	ERA5
1062615	21/03/2025	15	21/03/2025	11	HAE	-1,0	0	-5,2	0	73,0	0	16,0	0	280,0	0	984,207	5.k=1.moyenne	1046,9	ERA5
1062616	21/03/2025	16	21/03/2025	12	HAE	1,2	0	-5,0	0	63,0	0	15,0	0	300,0	0	983,677	5.k=1.moyenne	1754,8	ERA5
1062617	21/03/2025	17	21/03/2025	13	HAE	2,2	0	-7,7	0	48,0	0	19,0	0	280,0	0	983,536	5.k=1.moyenne	2407,7	ERA5
1062618	21/03/2025	18	21/03/2025	14	HAE	3,4	0	-8,7	0	40,0	0	20,0	0	290,0	0	982,986	5.k=1.moyenne	2736,4	ERA5
1062619	21/03/2025	19	21/03/2025	15	HAE	4,3	0	-9,8	0	35,0	0	21,0	0	290,0	0	982,824	5.k=1.moyenne	2670,6	ERA5
1062620	21/03/2025	20	21/03/2025	16	HAE	5,2	0	-8,8	0	35,0	0	18,0	0	290,0	0	982,905	5.k=1.moyenne	2244,1	ERA5
1062621	21/03/2025	21	21/03/2025	17	HAE	5,3	0	-7,5	0	39,0	0	20,0	0	280,0	0	982,781	5.k=1.moyenne	1649,2	ERA5
1062622	21/03/2025	22	21/03/2025	18	HAE	5,0	0	-6,8	0	42,0	0	19,0	0	280,0	0	983,011	5.k=1.moyenne	951,3	ERA5
1062623	21/03/2025	23	21/03/2025	19	HAE	3,5	0	-6,7	0	47,0	0	12,0	0	270,0	0	983,366	5.k=1.moyenne	273,1	ERA5
1062624	22/03/2025	00	21/03/2025	20	HAE	2,3	0	-6,7	0	52,0	0	7,0	0	270,0	0	983,617	5.k=1.moyenne	0,4	ERA5
1062625	22/03/2025	01	21/03/2025	21	HAE	2,1	0	-6,2	0	54,0	0	12,0	0	280,0	0	983,784	5.k=1.moyenne	0,0	ERA5
1062626	22/03/2025	02	21/03/2025	22	HAE	2,1	0	-7,0	0	51,0	0	8,0	0	270,0	0	983,618	5.k=1.moyenne	0,0	ERA5
1062627	22/03/2025	03	21/03/2025	23	HAE	1,2	0	-6,9	0	55,0	0	9,0	0	240,0	0	983,244	5.k=1.moyenne	0,0	ERA5
1062628	22/03/2025	04	22/03/2025	00	HAE	1,2	0	-6,1	0	58,0	0	8,0	0	270,0	0	983,078	5.k=1.moyenne	0,0	ERA5
1062629	22/03/2025	05	22/03/2025	01	HAE	1,2	0	-5,6	0	61,0	0	7,0	0	220,0	0	982,974	5.k=1.moyenne	0,0	ERA5
1062630	22/03/2025	06	22/03/2025	02	HAE	-0,9	0	-4,9	0	74,0	0	10,0	0	160,0	0	982,974	5.k=1.moyenne	0,0	ERA5
1062631	22/03/2025	07	22/03/2025	03	HAE	-0,1	0	-5,8	0	65,0	0	11,0	0	150,0	0	982,582	5.k=1.moyenne	0,0	ERA5
1062632	22/03/2025	08	22/03/2025	04	HAE	-1,1	0	-4,8	0	76,0	0	12,0	0	150,0	0	982,172	5.k=1.moyenne	0,0	ERA5
1062633	22/03/2025	09	22/03/2025	05	HAE	-1,1	0	-4,9	0	76,0	0	12,0	0	160,0	0	981,953	5.k=1.moyenne	0,0	ERA5
1062634	22/03/2025	10	22/03/2025	06	HAE	-0,6	0	-4,2	0	77,0	0	12,0	0	170,0	0	981,716	5.k=1.moyenne	0,0	ERA5
1062635	22/03/2025	11	22/03/2025	07	HAE	0,1	0	-5,2	0	67,0	0	14,0	0	160,0	0	981,502	5.k=1.moyenne	0,5	ERA5
1062636	22/03/2025	12	22/03/2025	08	HAE	1,0	0	-4,3	0	68,0	0	20,0	0	180,0	0	981,394	5.k=1.moyenne	254,5	ERA5
1062637	22/03/2025	13	22/03/2025	09	HAE	2,3	0	-3,3	0	66,0	0	23,0	0	180,0	0	981,205	5.k=1.moyenne	891,2	ERA5
1062638	22/03/2025	14	22/03/2025	10	HAE	4,1	0	-2,7	0	61,0	0	22,0	0	180,0	0	980,955	5.k=1.moyenne	1561,1	ERA5
1062639	22/03/2025	15	22/03/2025	11	HAE	5,9	0	-2,8	0	53,0	0	30,0	0	180,0	0	980,645	5.k=1.moyenne	2109,8	ERA5
1062640	22/03/2025	16	22/03/2025	12	HAE	7,9	0	-1,7	0	51,0	0	33,0	0	180,0	0	980,211	5.k=1.moyenne	2588,0	ERA5
1062641	22/03/2025	17	22/03/2025	13	HAE	9,8	0	-0,6	0	48,0	0	31,0	0	190,0	0	979,966	5.k=1.moyenne	2726,5	ERA5
1062642	22/03/2025	18	22/03/2025	14	HAE	9,1	0	-0,8	0	50,0	0	23,0	0	180,0	0	979,764	5.k=1.moyenne	2203,8	ERA5
1062643	22/03/2025	19	22/03/2025	15	HAE	10,0	0	-0,6	0	48,0	0	7,0	0	270,0	0	979,959	5.k=1.moyenne	1347,0	ERA5
1062644	22/03/2025	20	22/03/2025	16	HAE	8,3	0	3,0	0	69,0	0	8,0	0	270,0	0	980,363	5.k=1.moyenne	844,5	ERA5
1062645	22/03/2025	21	22/03/2025	17	HAE	6,5	0	4,4	0	86,0	0	9,0	0	280,0	0	981,019	5.k=1.moyenne	420,6	ERA5
1062646	22/03/2025	22	22/03/2025	18	HAE	6,4	0	3,6	0	82,0	0	14,0	0	250,0	0	982,029	5.k=1.moyenne	248,5	ERA5
1062647	22/03/2025	23	22/03/2025	19	HAE	3,4	0	1,0	0	84,0	0	26,0	0	260,0	0	983,27	5.k=1.moyenne	69,8	ERA5
1062648	23/03/2025	00	22/03/2025	20	HAE	-1,4	0	-2,7	0	91,0	0	22,0	0	270,0	0	984,657	5.k=1.moyenne	0,2	ERA5
1062649	23/03/2025	01	22/03/2025	21	HAE	-3,0	0	-6,6	0	76,0	0	27,0	0	280,0	0	985,962	5.k=1.moyenne	0,0	ERA5
1062650	23/03/2025	02	22/03/2025	22	HAE	-4,1	0	-9,0	0	69,0	0	19,0	0	300,0	0	987,059	5.k=1.moyenne	0,0	ERA5
1062651	23/03/2025	03	22/03/2025	23	HAE	-4,7	0	-10,0	0	66,0	0	22,0	0	300,0	0	988,01	5.k=1.moyenne	0,0	ERA5
1062652	23/03/2025	04	23/03/2025	00	HAE	-5,4	0	-11,8	0	61,0	0	15,0	0	300,0	0	988,859	5.k=1.moyenne	0,0	ERA5
1062653	23/03/2025	05	23/03/2025	01	HAE	-6,0	0	-12,5	0	60,0	0	13,0	0	290,0	0	989,686	5.k=1.moyenne	0,0	ERA5
1062654	23/03/2025	06	23/03/2025	02	HAE	-6,5	0	-13,0	0	60,0	0	16,0	0	290,0	0	989,686	5.k=1.moyenne	0,0	ERA5
1062655	23/03/2025	07	23/03/2025	03	HAE	-7,2	0	-13,2	0	62,0	0	14,0	0	300,0	0	990,539	5.k=1.moyenne	0,0	ERA5
1062656	23/03/2025	08	23/03/2025	04	HAE	-8,0	0	-13,9	0	63,0	0	14,0	0	310,0	0	991,573	5.k=1.moyenne	0,0	ERA5
1062657	23/03/2025	09	23/03/2025	05	HAE	-8,5	0	-14,8	0	60,0	0	12,0	0	300,0	0	992,583	5.k=1.moyenne	0,0	ERA5
1062658	23/03/2025	10	23/03/2025	06	HAE	-8,9	0	-14,7	0	63,0	0	14,0	0	310,0	0	993,546	5.k=1.moyenne	0,0	ERA5
1062659	23/03/2025	11	23/03/2025	07	HAE	-9,3	0	-14,9	0	64,0	0	10,0	0	320,0	0	994,819	5.k=1.moyenne	1,2	ERA5
1062660	23/03/2025	12	23/03/2025	08	HAE	-8,9	0	-15,2	0	60,0	0	12,0	0	310,0	0	995,837	5.k=1.moyenne	305,5	ERA5
1062661	23/03/2025	13	23/03/2025	09	HAE	-8,2	0	-15,2	0	57,0	0	11,0	0	330,0	0	996,498	5.k=1.moyenne	1001,8	ERA5
1062662	23/03/2025	14	23/03/2025	10	HAE	-8,1	0	-16,5	0	51,0	0	11,0	0	320,0	0	996,886	5.k=1.moyenne	1704,0	ERA5
1062663	23/03/2025	15	23/03/2025	11	HAE	-6,4	0	-13,8	0	56,0	0	7,0	0	300,0	0	996,895	5.k=1.moyenne	2296,3	ERA5
1062664	23/03/2025	16	23/03/2025	12	HAE	-5,9	0	-14,3	0	51,0	0	6,0	0	330,0	0	996,86	5.k=1.moyenne	2708,9	ERA5
1062665	23/03/2025	17	23/03/2025	13	HAE	-4,9	0	-12,9	0	53,0	0	11,0	0	240,0	0	996,886	5.k=1.moyenne	2916,8	ERA5
1062666	23/03/2025	18	23/03/2025	14	HAE	-3,8	0	-13,3	0	48,0	0	13,0	0	250,0	0	996,847	5.k=1.moyenne	2936,1	ERA5
1062667	23/03/2025	19	23/03/2025	15	HAE	-2,6	0	-10,8	0	53,0	0	12,0	0	270,0	0	996,889	5.k=1.moyenne	2685,2	ERA5
1062668	23/03/2025	20	23/03/2025	16	HAE	-2,3	0	-11,9	0	47,0	0	14,0	0	280,0	0	997,075	5.k=1.moyenne	2267,0	ERA5
1062669	23/03/2025	21	23/03/2025	17	HAE	-1,7	0	-11,7	0	46,0	0	14,0	0	280,0	0	997,364	5.k=1.moyenne	1680,9	ERA5
1062670	23/03/2025	22	23/03/2025	18	HAE	-2,1	0	-12,8	0	44,0	0	12,0	0	280,0	0	997,86	5.k=1.moyenne	988,6	ERA5
1062671	23/03/2025	23	23/03/2025	19	HAE	-2,7	0	-10,8	0	54,0	0	5,0	0	260,0	0	998,354	5.k=1.moyenne	303,8	ERA5
1062672	24/03/2025	00	23/03/2025	20	HAE	-3,8	0	-10,7	0	59,0	0	3,0	0	250,0	0	998,597	5.k=1.moyenne	1,3	ERA5
1062673	24/03/2025	01	23/03/2025	21	HAE	-4,5	0	-8,9	0	71,0	0	1,0	0	30,0	0	998,985	5.k=1.moyenne	0,0	ERA5
1062674	24/03/2025	02	23/03/2025	22	HAE	-5,5	0	-8,6	0	79,0	0	2,0	0	160,0	0	999,059	5.k=1.moyenne	0,0	ERA5
1062675	24/03/2025	03	23/03/2025	23	HAE	-5,5	0	-9,1	0	76,0	0	3,0	0	170,0	0	999,049	5.k=1.moyenne	0,0	ERA5
1062676	24/03/2025	04	24/03/2025	00	HAE	-5,7	0	-8,9	0	78,0	0	3,0	0	120,0	0	998,767	5.k=1.moyenne	0,0	ERA5
1062677	24/03/2025	05	24/03/2025	01	HAE	-4,9	0	-8,8	0	74,0	0	9,0	0	130,0	0	998,547	5.k=1.moyenne	0,0	ERA5
1062678	24/03/2025	06	24/03/2025	02	HAE	-4,9	0	-9,2	0	72,0	0	7,0	0	120,0	0	998,547	5.k=1.moyenne	0,0	ERA5
1062679	24/03/2025	07	24/03/2025	03	HAE	-4,7	0	-9,6	0	69,0	0	9,0	0	130,0	0	998,255	5.k=1.moyenne	0,0	ERA5
1062680	24/03/2025	08	24/03/2025	04	HAE	-5,2	0	-9,9	0	70,0	0	5,0	0	90,0	0	997,942	5.k=1.moyenne	0,0	ERA5
1062681	24/03/2025	09	24/03/2025	05	HAE	-5,2	0	-10,0	0	69,0	0	11,0	0	90,0	0	997,775	5.k=1.moyenne	0,0	ERA5
1062682	24/03/2025	10	24/03/2025	06	HAE	-4,4	0	-10,2	0	64,0	0	9,0	0	80,0	0	997,4	5.k=1.moyenne	0,0	ERA5
1062683	24/03/2025	11	24/03/2025	07	HAE	-3,3	0	-9,0	0	64,0	0	9,0	0	110,0	0	997,065	5.k=1.moyenne	1,4	ERA5
1062684	24/03/2025	12	24/03/2025	08	HAE	-2,4	0	-8,5	0	63,0	0	8,0	0	100,0	0	996,493	5.k=1.moyenne	93,7	ERA5
1062685	24/03/2025	13	24/03/2025	09	HAE	-2,0	0	-6,2	0	73,0	0	14,0	0	120,0	0	996,003	5.k=1.moyenne	205,8	ERA5
1062686	24/03/2025	14	24/03/2025	10	HAE	-1,3	0	-2,5	0	92,0	0	19,0	0	150,0	0	995,472	5.k=1.moyenne	292,3	ERA5
1062687	24/03/2025	15	24/03/2025	11	HAE	-0,2	0	-2,8	0	83,0	0	26,0	0	140,0	0	994,839	5.k=1.moyenne	420,8	ERA5
1062688	24/03/2025	16	24/03/2025	12	HAE	0,6	0	-2,6	0	79,0	0	29,0	0	160,0	0	994,063	5.k=1.moyenne	649,0	ERA5
1062689	24/03/2025	17	24/03/2025	13	HAE	1,6	0	-2,3	0	75,0	0	38,0	0	170,0	0	993,308	5.k=1.moyenne	705,9	ERA5
1062690	24/03/2025	18	24/03/2025	14	HAE	2,3	0	-1,4	0	77,0	0	31,0	0	170,0	0	993,231	5.k=1.moyenne	905,5	ERA5
1062691	24/03/2025	19	24/03/2025	15	HAE	3,3	0	-0,4	0	77,0	0	39,0	0	170,0	0	992,502	5.k=1.moyenne	894,3	ERA5
1062692	24/03/2025	20	24/03/2025	16	HAE	3,5	0	0,1	0	79,0	0	35,0	0	180,0	0	991,856	5.k=1.moyenne	832,3	ERA5
1062693	24/03/2025	21	24/03/2025	17	HAE	3,8	0	0,5	0	79,0	0	30,0	0	170,0	0	991,585	5.k=1.moyenne	1006,5	ERA5
1062694	24/03/2025	22	24/03/2025	18	HAE	3,5	0	0,3	0	79,0	0	21,0	0	160,0	0	991,605	5.k=1.moyenne	617,8	ERA5
1062695	24/03/2025	23	24/03/2025	19	HAE	2,8	0	0,1	0	82,0	0	22,0	0	200,0	0	991,48	5.k=1.moyenne	224,3	ERA5
1062696	25/03/2025	00	24/03/2025	20	HAE	1,8	0	0,15	4.lineaire	88,0	0	18,0	0	170,0	0	991,376	5.k=1.moyenne	1,4	ERA5
1062697	25/03/2025	01	24/03/2025	21	HAE	1,9	0	0,2	0	89,0	0	20,0	0	190,0	0	991,355	5.k=1.moyenne	0,0	ERA5
1062698	25/03/2025	02	24/03/2025	22	HAE	1,7	0	0,3	0	91,0	0	21,0	0	160,0	0	990,709	5.k=1.moyenne	0,0	ERA5
1062699	25/03/2025	03	24/03/2025	23	HAE	1,7	0	0,6	0	93,0	0	13,0	0	190,0	0	990,251	5.k=1.moyenne	0,0	ERA5
1062700	25/03/2025	04	25/03/2025	00	HAE	3,2	0	-0,5	0	76,0	0	20,0	0	240,0	0	989,792	5.k=1.moyenne	0,0	ERA5
1062701	25/03/2025	05	25/03/2025	01	HAE	2,4	0	-0,5	0	81,0	0	19,0	0	220,0	0	989,272	5.k=1.moyenne	0,0	ERA5
1062702	25/03/2025	06	25/03/2025	02	HAE	2,1	0	-0,5	0	83,0	0	16,0	0	220,0	0	989,272	5.k=1.moyenne	0,0	ERA5
1062703	25/03/2025	07	25/03/2025	03	HAE	2,3	0	-0,4	0	82,0	0	17,0	0	220,0	0	988,836	5.k=1.moyenne	0,0	ERA5
1062704	25/03/2025	08	25/03/2025	04	HAE	1,9	0	-0,5	0	85,0	0	13,0	0	220,0	0	988,264	5.k=1.moyenne	0,0	ERA5
1062705	25/03/2025	09	25/03/2025	05	HAE	2,2	0	-0,7	0	81,0	0	15,0	0	230,0	0	988,138	5.k=1.moyenne	0,0	ERA5
1062706	25/03/2025	10	25/03/2025	06	HAE	2,1	0	-1,0	0	80,0	0	12,0	0	230,0	0	988,394	5.k=1.moyenne	0,0	ERA5
1062707	25/03/2025	11	25/03/2025	07	HAE	1,9	0	-0,9	0	81,0	0	11,0	0	220,0	0	988,475	5.k=1.moyenne	2,7	ERA5
1062708	25/03/2025	12	25/03/2025	08	HAE	2,4	0	-1,0	0	78,0	0	14,0	0	230,0	0	988,88	5.k=1.moyenne	230,9	ERA5
1062709	25/03/2025	13	25/03/2025	09	HAE	3,5	0	-1,3	0	71,0	0	23,0	0	240,0	0	989,024	5.k=1.moyenne	689,6	ERA5
1062710	25/03/2025	14	25/03/2025	10	HAE	3,6	0	-0,8	0	73,0	0	13,0	0	240,0	0	989,255	5.k=1.moyenne	1203,7	ERA5
1062711	25/03/2025	15	25/03/2025	11	HAE	4,1	0	-0,6	0	72,0	0	19,0	0	240,0	0	989,327	5.k=1.moyenne	1570,7	ERA5
1062712	25/03/2025	16	25/03/2025	12	HAE	4,7	0	-0,6	0	68,0	0	24,0	0	240,0	0	989,261	5.k=1.moyenne	1778,0	ERA5
1062713	25/03/2025	17	25/03/2025	13	HAE	4,3	0	-1,0	0	69,0	0	16,0	0	250,0	0	989,403	5.k=1.moyenne	2175,6	ERA5
1062714	25/03/2025	18	25/03/2025	14	HAE	4,5	0	-1,3	0	66,0	0	19,0	0	240,0	0	989,282	5.k=1.moyenne	1994,3	ERA5
1062715	25/03/2025	19	25/03/2025	15	HAE	3,1	0	-0,1	0	79,0	0	14,0	0	260,0	0	989,451	5.k=1.moyenne	2014,0	ERA5
1062716	25/03/2025	20	25/03/2025	16	HAE	3,8	0	-0,5	0	73,0	0	12,0	0	260,0	0	989,806	5.k=1.moyenne	1551,8	ERA5
1062717	25/03/2025	21	25/03/2025	17	HAE	2,8	0	0,5	0	85,0	0	7,0	0	250,0	0	990,45	5.k=1.moyenne	921,7	ERA5
1062718	25/03/2025	22	25/03/2025	18	HAE	2,2	0	0,2	0	87,0	0	7,0	0	270,0	0	991,321	5.k=1.moyenne	561,4	ERA5
1062719	25/03/2025	23	25/03/2025	19	HAE	2,3	0	0,3	0	87,0	0	12,0	0	250,0	0	992,132	5.k=1.moyenne	170,4	ERA5
1062720	26/03/2025	00	25/03/2025	20	HAE	1,6	0	0,5	0	92,0	0	12,0	0	230,0	0	992,905	5.k=1.moyenne	1,8	ERA5
1062721	26/03/2025	01	25/03/2025	21	HAE	1,5	0	0,3	0	91,0	0	10,0	0	240,0	0	993,69	5.k=1.moyenne	0,0	ERA5
1062722	26/03/2025	02	25/03/2025	22	HAE	1,2	0	0,2	0	93,0	0	12,0	0	230,0	0	994,087	5.k=1.moyenne	0,0	ERA5
1062723	26/03/2025	03	25/03/2025	23	HAE	1,0	0	0,3	0	95,0	0	8,0	0	240,0	0	994,424	5.k=1.moyenne	0,0	ERA5
1062724	26/03/2025	04	26/03/2025	00	HAE	0,7	0	0,3	0	97,0	0	10,0	0	230,0	0	994,553	5.k=1.moyenne	0,0	ERA5
1062725	26/03/2025	05	26/03/2025	01	HAE	0,9	0	0,3	4.constant	94,0	0	9,0	0	250,0	0	994,788	5.k=1.moyenne	0,0	ERA5
1062726	26/03/2025	06	26/03/2025	02	HAE	0,8	0	-0,3	0	92,0	0	7,0	0	250,0	0	994,788	5.k=1.moyenne	0,0	ERA5
1062727	26/03/2025	07	26/03/2025	03	HAE	0,3	0	-0,5	0	94,0	0	8,0	0	220,0	0	994,726	5.k=1.moyenne	0,0	ERA5
1062728	26/03/2025	08	26/03/2025	04	HAE	0,4	0	-0,1	0	96,0	0	9,0	0	240,0	0	994,726	5.k=1.moyenne	0,0	ERA5
1062729	26/03/2025	09	26/03/2025	05	HAE	0,2	0	-0,5	0	95,0	0	10,0	0	220,0	0	994,976	5.k=1.moyenne	0,0	ERA5
1062730	26/03/2025	10	26/03/2025	06	HAE	-0,05	4.lineaire	-0,8	0	95,0	0	6,0	0	230,0	0	995,247	5.k=1.moyenne	0,0	ERA5
1062731	26/03/2025	11	26/03/2025	07	HAE	-0,3	0	-0,8	0	97,0	0	7,0	0	200,0	0	995,873	5.k=1.moyenne	4,1	ERA5
1062732	26/03/2025	12	26/03/2025	08	HAE	0,4	0	-0,8	0	91,0	0	9,0	0	220,0	0	996,269	5.k=1.moyenne	275,4	ERA5
1062733	26/03/2025	13	26/03/2025	09	HAE	0,9	0	-0,6	0	90,0	0	13,0	0	220,0	0	996,498	5.k=1.moyenne	880,5	ERA5
1062734	26/03/2025	14	26/03/2025	10	HAE	1,4	0	-1,1	4.lineaire	91,0	0	13,0	0	230,0	0	996,917	5.k=1.moyenne	1600,4	ERA5
1062735	26/03/2025	15	26/03/2025	11	HAE	2,7	0	-1,6	0	73,0	0	15,0	0	240,0	0	996,937	5.k=1.moyenne	1987,7	ERA5
1062736	26/03/2025	16	26/03/2025	12	HAE	4,2	0	-1,0	0	69,0	0	10,0	0	260,0	0	996,876	5.k=1.moyenne	2286,6	ERA5
1062737	26/03/2025	17	26/03/2025	13	HAE	4,0	0	-1,5	0	67,0	0	10,0	0	290,0	0	996,835	5.k=1.moyenne	2488,3	ERA5
1062738	26/03/2025	18	26/03/2025	14	HAE	5,0	0	-2,1	0	60,0	0	13,0	0	300,0	0	996,693	5.k=1.moyenne	2443,9	ERA5
1062739	26/03/2025	19	26/03/2025	15	HAE	4,1	0	-4,0	0	56,0	0	12,0	0	290,0	0	996,693	5.k=1.moyenne	2276,7	ERA5
1062740	26/03/2025	20	26/03/2025	16	HAE	3,8	0	-2,2	0	65,0	0	10,0	0	270,0	0	996,693	5.k=1.moyenne	1893,6	ERA5
1062741	26/03/2025	21	26/03/2025	17	HAE	3,4	0	-3,2	0	62,0	0	13,0	0	290,0	0	996,734	5.k=1.moyenne	1389,9	ERA5
1062742	26/03/2025	22	26/03/2025	18	HAE	3,0	0	-4,0	0	60,0	0	13,0	0	270,0	0	997,06	5.k=1.moyenne	739,0	ERA5
1062743	26/03/2025	23	26/03/2025	19	HAE	1,7	0	-3,5	0	68,0	0	7,0	0	300,0	0	997,509	5.k=1.moyenne	264,2	ERA5
1062744	27/03/2025	00	26/03/2025	20	HAE	0,4	0	-3,8	0	73,0	0	7,0	0	240,0	0	997,734	5.k=1.moyenne	3,4	ERA5
1062745	27/03/2025	01	26/03/2025	21	HAE	-0,2	0	-3,1	0	81,0	0	8,0	0	250,0	0	997,999	5.k=1.moyenne	0,0	ERA5
1062746	27/03/2025	02	26/03/2025	22	HAE	-0,5	0	-3,3	0	81,0	0	7,0	0	260,0	0	997,918	5.k=1.moyenne	0,0	ERA5
1062747	27/03/2025	03	26/03/2025	23	HAE	-0,6	0	-3,1	0	83,0	0	10,0	0	250,0	0	997,857	5.k=1.moyenne	0,0	ERA5
1062748	27/03/2025	04	27/03/2025	00	HAE	-0,9	0	-3,4	0	83,0	0	9,0	0	250,0	0	997,693	5.k=1.moyenne	0,0	ERA5
1062749	27/03/2025	05	27/03/2025	01	HAE	-0,9	0	-2,7	0	88,0	0	9,0	0	250,0	0	997,653	5.k=1.moyenne	0,0	ERA5
1062750	27/03/2025	06	27/03/2025	02	HAE	-0,4	0	-2,1	0	88,0	0	7,0	0	280,0	0	997,653	5.k=1.moyenne	0,0	ERA5
1062751	27/03/2025	07	27/03/2025	03	HAE	-0,3	0	-2,8	0	83,0	0	10,0	0	280,0	0	997,467	5.k=1.moyenne	0,0	ERA5
1062752	27/03/2025	08	27/03/2025	04	HAE	-1,0	0	-2,3	0	90,0	0	11,0	0	270,0	0	997,384	5.k=1.moyenne	0,0	ERA5
1062753	27/03/2025	09	27/03/2025	05	HAE	-1,0	0	-3,5	0	83,0	0	8,0	0	270,0	0	997,406	5.k=1.moyenne	0,0	ERA5
1062754	27/03/2025	10	27/03/2025	06	HAE	-0,8	0	-5,1	0	73,0	0	12,0	0	280,0	0	997,49	5.k=1.moyenne	0,0	ERA5
1062755	27/03/2025	11	27/03/2025	07	HAE	-1,0	0	-5,6	0	71,0	0	13,0	0	280,0	0	997,705	5.k=1.moyenne	6,3	ERA5
1062756	27/03/2025	12	27/03/2025	08	HAE	-1,8	0	-6,5	0	70,0	0	12,0	0	270,0	0	998,074	5.k=1.moyenne	337,7	ERA5
1062757	27/03/2025	13	27/03/2025	09	HAE	-0,5	0	-6,4	0	64,0	0	11,0	0	280,0	0	998,033	5.k=1.moyenne	1026,1	ERA5
1062758	27/03/2025	14	27/03/2025	10	HAE	1,0	0	-6,2	0	59,0	0	8,0	0	270,0	0	998,054	5.k=1.moyenne	1703,7	ERA5
1062759	27/03/2025	15	27/03/2025	11	HAE	2,2	0	-8,3	0	46,0	0	16,0	0	270,0	0	997,933	5.k=1.moyenne	2255,3	ERA5
1062760	27/03/2025	16	27/03/2025	12	HAE	3,4	0	-9,6	0	38,0	0	14,0	0	280,0	0	997,586	5.k=1.moyenne	2697,6	ERA5
1062761	27/03/2025	17	27/03/2025	13	HAE	4,3	0	-9,5	0	36,0	0	16,0	0	270,0	0	997,097	5.k=1.moyenne	2907,7	ERA5
1062762	27/03/2025	18	27/03/2025	14	HAE	5,5	0	-6,8	0	41,0	0	13,0	0	290,0	0	996,669	5.k=1.moyenne	2897,3	ERA5
1062763	27/03/2025	19	27/03/2025	15	HAE	6,1	0	-7,4	0	37,0	0	17,0	0	290,0	0	996,159	5.k=1.moyenne	2616,9	ERA5
1062764	27/03/2025	20	27/03/2025	16	HAE	6,6	0	-6,8	0	38,0	0	14,0	0	260,0	0	995,69	5.k=1.moyenne	1830,1	ERA5
1062765	27/03/2025	21	27/03/2025	17	HAE	6,8	0	-6,7	0	38,0	0	24,0	0	250,0	0	995,588	5.k=1.moyenne	1272,2	ERA5
1062766	27/03/2025	22	27/03/2025	18	HAE	6,6	0	-7,2	0	36,0	0	12,0	0	270,0	0	995,65	5.k=1.moyenne	691,9	ERA5
1062767	27/03/2025	23	27/03/2025	19	HAE	5,2	0	-8,0	0	38,0	0	13,0	0	250,0	0	995,793	5.k=1.moyenne	327,8	ERA5
1062768	28/03/2025	00	27/03/2025	20	HAE	4,0	0	-6,7	0	45,0	0	15,0	0	240,0	0	996,079	5.k=1.moyenne	4,4	ERA5
1062769	28/03/2025	01	27/03/2025	21	HAE	3,8	0	-6,8	0	46,0	0	14,0	0	220,0	0	996,242	5.k=1.moyenne	0,0	ERA5
1062770	28/03/2025	02	27/03/2025	22	HAE	3,9	0	-5,0	0	52,0	0	13,0	0	200,0	0	995,896	5.k=1.moyenne	0,0	ERA5
1062771	28/03/2025	03	27/03/2025	23	HAE	2,4	0	-4,6	0	60,0	0	18,0	0	200,0	0	995,732	5.k=1.moyenne	0,0	ERA5
1062772	28/03/2025	04	28/03/2025	00	HAE	4,0	0	-3,0	0	61,0	0	21,0	0	220,0	0	995,651	5.k=1.moyenne	0,0	ERA5
1062773	28/03/2025	05	28/03/2025	01	HAE	3,8	0	-3,2	0	60,0	0	20,0	0	200,0	0	995,508	5.k=1.moyenne	0,0	ERA5
1062774	28/03/2025	06	28/03/2025	02	HAE	3,5	0	-2,3	0	66,0	0	11,0	0	230,0	0	995,508	5.k=1.moyenne	0,0	ERA5
1062775	28/03/2025	07	28/03/2025	03	HAE	3,1	0	-1,6	0	71,0	0	16,0	0	260,0	0	995,664	5.k=1.moyenne	0,0	ERA5
1062776	28/03/2025	08	28/03/2025	04	HAE	1,8	0	-1,7	0	77,0	0	19,0	0	290,0	0	996,152	5.k=1.moyenne	0,0	ERA5
1062777	28/03/2025	09	28/03/2025	05	HAE	-0,5	0	-5,3	0	70,0	0	17,0	0	290,0	0	996,931	5.k=1.moyenne	0,0	ERA5
1062778	28/03/2025	10	28/03/2025	06	HAE	-2,3	0	-6,8	0	72,0	0	15,0	0	280,0	0	997,792	5.k=1.moyenne	0,0	ERA5
1062779	28/03/2025	11	28/03/2025	07	HAE	-3,3	0	-8,1	0	69,0	0	14,0	0	290,0	0	998,516	5.k=1.moyenne	5,5	ERA5
1062780	28/03/2025	12	28/03/2025	08	HAE	-3,4	0	-9,1	0	64,0	0	18,0	0	290,0	0	999,359	5.k=1.moyenne	188,4	ERA5
1062781	28/03/2025	13	28/03/2025	09	HAE	-3,1	0	-8,9	0	64,0	0	18,0	0	280,0	0	999,732	5.k=1.moyenne	593,9	ERA5
1062782	28/03/2025	14	28/03/2025	10	HAE	-3,0	0	-10,2	0	57,0	0	18,0	0	280,0	0	1000,08	5.k=1.moyenne	1082,4	ERA5
1062783	28/03/2025	15	28/03/2025	11	HAE	-1,7	0	-9,9	0	54,0	0	13,0	0	300,0	0	1000,15	5.k=1.moyenne	1624,0	ERA5
1062784	28/03/2025	16	28/03/2025	12	HAE	-0,4	0	-9,6	0	50,0	0	13,0	0	270,0	0	999,68	5.k=1.moyenne	2048,0	ERA5
1062785	28/03/2025	17	28/03/2025	13	HAE	0,5	0	-10,8	0	42,0	0	12,0	0	300,0	0	999,413	5.k=1.moyenne	2157,1	ERA5
1062786	28/03/2025	18	28/03/2025	14	HAE	1,3	0	-11,1	0	39,0	0	13,0	0	280,0	0	999,375	5.k=1.moyenne	2271,4	ERA5
1062787	28/03/2025	19	28/03/2025	15	HAE	1,8	0	-11,2	0	38,0	0	15,0	0	300,0	0	999,379	5.k=1.moyenne	2129,3	ERA5
1062788	28/03/2025	20	28/03/2025	16	HAE	1,4	0	-9,9	0	43,0	0	10,0	0	300,0	0	999,299	5.k=1.moyenne	1807,4	ERA5
1062789	28/03/2025	21	28/03/2025	17	HAE	1,1	0	-9,3	0	46,0	0	5,0	0	320,0	0	999,177	5.k=1.moyenne	1193,1	ERA5
1062790	28/03/2025	22	28/03/2025	18	HAE	1,2	0	-9,0	0	46,0	0	7,0	0	310,0	0	999,513	5.k=1.moyenne	474,2	ERA5
1062791	28/03/2025	23	28/03/2025	19	HAE	0,9	0	-9,9	0	44,0	0	5,0	0	320,0	0	999,869	5.k=1.moyenne	140,3	ERA5
1062792	29/03/2025	00	28/03/2025	20	HAE	0,6	0	-9,7	0	46,0	0	1,0	0	260,0	0	1000,35	5.k=1.moyenne	2,3	ERA5
1062793	29/03/2025	01	28/03/2025	21	HAE	0,5	0	-8,0	0	53,0	0	3,0	0	330,0	0	1000,69	5.k=1.moyenne	0,0	ERA5
1062794	29/03/2025	02	28/03/2025	22	HAE	0,1	0	-7,3	0	57,0	0	3,0	0	290,0	0	1000,73	5.k=1.moyenne	0,0	ERA5
1062795	29/03/2025	03	28/03/2025	23	HAE	-1,6	0	-4,6	0	80,0	0	4,0	0	50,0	0	1000,56	5.k=1.moyenne	0,0	ERA5
1062796	29/03/2025	04	29/03/2025	00	HAE	-1,8	0	-4,7	0	80,0	0	8,0	0	60,0	0	1000,4	5.k=1.moyenne	0,0	ERA5
1062797	29/03/2025	05	29/03/2025	01	HAE	-2,3	0	-3,7	0	90,0	0	7,0	0	40,0	0	1000,38	5.k=1.moyenne	0,0	ERA5
1062798	29/03/2025	06	29/03/2025	02	HAE	-2,5	0	-3,4	0	94,0	0	6,0	0	40,0	0	1000,38	5.k=1.moyenne	0,0	ERA5
1062799	29/03/2025	07	29/03/2025	03	HAE	-2,9	0	-3,6	0	95,0	0	12,0	0	50,0	0	1000,47	5.k=1.moyenne	0,0	ERA5
1062800	29/03/2025	08	29/03/2025	04	HAE	-3,3	0	-4,7	0	90,0	0	10,0	0	50,0	0	1000,48	5.k=1.moyenne	0,0	ERA5
1062801	29/03/2025	09	29/03/2025	05	HAE	-4,2	0	-5,5	0	90,0	0	13,0	0	50,0	0	1000,86	5.k=1.moyenne	0,0	ERA5
1062802	29/03/2025	10	29/03/2025	06	HAE	-4,7	0	-6,3	0	89,0	0	15,0	0	40,0	0	1001,29	5.k=1.moyenne	0,0	ERA5
1062803	29/03/2025	11	29/03/2025	07	HAE	-4,8	0	-7,5	0	81,0	0	14,0	0	50,0	0	1001,99	5.k=1.moyenne	2,3	ERA5
1062804	29/03/2025	12	29/03/2025	08	HAE	-4,3	0	-9,4	0	68,0	0	17,0	0	40,0	0	1002,66	5.k=1.moyenne	98,3	ERA5
1062805	29/03/2025	13	29/03/2025	09	HAE	-4,9	0	-9,6	0	69,0	0	14,0	0	30,0	0	1003,09	5.k=1.moyenne	227,8	ERA5
1062806	29/03/2025	14	29/03/2025	10	HAE	-4,7	0	-9,4	0	70,0	0	16,0	0	30,0	0	1003,46	5.k=1.moyenne	530,7	ERA5
1062807	29/03/2025	15	29/03/2025	11	HAE	-4,1	0	-9,5	0	66,0	0	13,0	0	40,0	0	1003,54	5.k=1.moyenne	1049,5	ERA5
1062808	29/03/2025	16	29/03/2025	12	HAE	-3,0	0	-9,7	0	60,0	0	18,0	0	40,0	0	1003,66	5.k=1.moyenne	1700,3	ERA5
1062809	29/03/2025	17	29/03/2025	13	HAE	-1,4	0	-9,5	0	54,0	0	12,0	0	30,0	0	1003,8	5.k=1.moyenne	2048,1	ERA5
1062810	29/03/2025	18	29/03/2025	14	HAE	-0,3	0	-9,7	0	49,0	0	12,0	0	20,0	0	1003,73	5.k=1.moyenne	2183,1	ERA5
1062811	29/03/2025	19	29/03/2025	15	HAE	0,3	0	-8,7	0	51,0	0	7,0	0	20,0	0	1003,78	5.k=1.moyenne	1856,1	ERA5
1062812	29/03/2025	20	29/03/2025	16	HAE	1,7	0	-8,7	0	46,0	0	12,0	0	20,0	0	1003,93	5.k=1.moyenne	1893,6	ERA5
1062813	29/03/2025	21	29/03/2025	17	HAE	1,8	0	-7,7	0	49,0	0	6,0	0	10,0	0	1004,23	5.k=1.moyenne	1467,6	ERA5
1062814	29/03/2025	22	29/03/2025	18	HAE	1,9	0	-8,0	0	48,0	0	10,0	0	30,0	0	1004,69	5.k=1.moyenne	803,3	ERA5
1062815	29/03/2025	23	29/03/2025	19	HAE	0,1	0	-7,7	0	56,0	0	6,0	0	10,0	0	1005,12	5.k=1.moyenne	245,0	ERA5
1062816	30/03/2025	00	29/03/2025	20	HAE	-1,4	0	-7,0	0	65,0	0	5,0	0	20,0	0	1005,66	5.k=1.moyenne	6,4	ERA5
1062817	30/03/2025	01	29/03/2025	21	HAE	-2,3	0	-7,5	0	67,0	0	5,0	0	30,0	0	1006,01	5.k=1.moyenne	0,0	ERA5
1062818	30/03/2025	02	29/03/2025	22	HAE	-2,1	0	-8,3	0	62,0	0	6,0	0	40,0	0	1006,16	5.k=1.moyenne	0,0	ERA5
1062819	30/03/2025	03	29/03/2025	23	HAE	-1,8	0	-8,8	0	59,0	0	6,0	0	40,0	0	1006,17	5.k=1.moyenne	0,0	ERA5
1062820	30/03/2025	04	30/03/2025	00	HAE	-1,7	0	-8,7	0	59,0	0	4,0	0	30,0	0	1006,13	5.k=1.moyenne	0,0	ERA5
1062821	30/03/2025	05	30/03/2025	01	HAE	-2,6	0	-7,7	0	68,0	0	5,0	0	30,0	0	1006,17	5.k=1.moyenne	0,0	ERA5
1062822	30/03/2025	06	30/03/2025	02	HAE	-2,0	0	-8,8	0	60,0	0	5,0	0	20,0	0	1006,17	5.k=1.moyenne	0,0	ERA5
1062823	30/03/2025	07	30/03/2025	03	HAE	-2,1	0	-7,4	0	67,0	0	6,0	0	30,0	0	1006,11	5.k=1.moyenne	0,0	ERA5
1062824	30/03/2025	08	30/03/2025	04	HAE	-1,3	0	-8,2	0	59,0	0	6,0	0	40,0	0	1006,18	5.k=1.moyenne	0,0	ERA5
1062825	30/03/2025	09	30/03/2025	05	HAE	-1,1	0	-7,6	0	61,0	0	6,0	0	50,0	0	1006,15	5.k=1.moyenne	0,0	ERA5
1062826	30/03/2025	10	30/03/2025	06	HAE	-1,4	0	-5,2	0	75,0	0	7,0	0	50,0	0	1006,36	5.k=1.moyenne	0,0	ERA5
1062827	30/03/2025	11	30/03/2025	07	HAE	-1,6	0	-3,8	0	84,0	0	7,0	0	30,0	0	1006,48	5.k=1.moyenne	4,4	ERA5
1062828	30/03/2025	12	30/03/2025	08	HAE	-1,0	0	-2,2	0	92,0	0	7,0	0	40,0	0	1006,68	5.k=1.moyenne	78,6	ERA5
1062829	30/03/2025	13	30/03/2025	09	HAE	-1,1	0	-2,2	0	92,0	0	7,0	0	30,0	0	1006,46	5.k=1.moyenne	112,2	ERA5
1062830	30/03/2025	14	30/03/2025	10	HAE	-0,5	0	-1,6	0	92,0	0	5,0	0	40,0	0	1006,28	5.k=1.moyenne	198,1	ERA5
1062831	30/03/2025	15	30/03/2025	11	HAE	-0,1	0	-0,7	0	96,0	0	8,0	0	50,0	0	1005,73	5.k=1.moyenne	305,6	ERA5
1062832	30/03/2025	16	30/03/2025	12	HAE	0,4	0	0,1	0	98,0	0	4,0	0	50,0	0	1004,95	5.k=1.moyenne	319,1	ERA5
1062833	30/03/2025	17	30/03/2025	13	HAE	1,6	0	1,4	0	98,0	0	7,0	0	70,0	0	1004,24	5.k=1.moyenne	408,4	ERA5
1062834	30/03/2025	18	30/03/2025	14	HAE	2,2	0	1,9	0	98,0	0	6,0	0	80,0	0	1003,48	5.k=1.moyenne	321,4	ERA5
1062835	30/03/2025	19	30/03/2025	15	HAE	2,4	0	2,0	0	97,0	0	6,0	0	80,0	0	1002,98	5.k=1.moyenne	247,5	ERA5
1062836	30/03/2025	20	30/03/2025	16	HAE	2,5	0	2,1	0	97,0	0	12,0	0	60,0	0	1002,41	5.k=1.moyenne	322,9	ERA5
1062837	30/03/2025	21	30/03/2025	17	HAE	2,8	0	2,5	0	98,0	0	9,0	0	70,0	0	1001,64	5.k=1.moyenne	222,6	ERA5
1062838	30/03/2025	22	30/03/2025	18	HAE	3,1	0	2,9	0	98,0	0	9,0	0	80,0	0	1001,23	5.k=1.moyenne	93,7	ERA5
1062839	30/03/2025	23	30/03/2025	19	HAE	3,2	0	3,0	0	98,0	0	9,0	0	120,0	0	1000,77	5.k=1.moyenne	17,9	ERA5
1062840	31/03/2025	00	30/03/2025	20	HAE	3,4	0	3,2	0	98,0	0	13,0	0	120,0	0	1000,12	5.k=1.moyenne	0,7	ERA5
1062841	31/03/2025	01	30/03/2025	21	HAE	3,5	0	3,1	0	97,0	0	13,0	0	140,0	0	999,516	5.k=1.moyenne	0,0	ERA5
1062842	31/03/2025	02	30/03/2025	22	HAE	4,5	0	3,3	0	92,0	0	27,0	0	160,0	0	998,7	5.k=1.moyenne	0,0	ERA5
1062843	31/03/2025	03	30/03/2025	23	HAE	5,0	0	3,7	0	91,0	0	32,0	0	160,0	0	997,968	5.k=1.moyenne	0,0	ERA5
1062844	31/03/2025	04	31/03/2025	00	HAE	5,4	0	3,9	0	90,0	0	33,0	0	170,0	0	997,132	5.k=1.moyenne	0,0	ERA5
1062845	31/03/2025	05	31/03/2025	01	HAE	6,1	0	4,6	0	90,0	0	39,0	0	170,0	0	996,005	5.k=1.moyenne	0,0	ERA5
1062846	31/03/2025	06	31/03/2025	02	HAE	6,3	0	4,9	0	91,0	0	33,0	0	170,0	0	996,005	5.k=1.moyenne	0,0	ERA5
1062847	31/03/2025	07	31/03/2025	03	HAE	6,5	0	5,3	0	92,0	0	34,0	0	170,0	0	994,525	5.k=1.moyenne	0,0	ERA5
1062848	31/03/2025	08	31/03/2025	04	HAE	6,9	0	5,6	0	91,0	0	31,0	0	170,0	0	993,305	5.k=1.moyenne	0,0	ERA5
1062849	31/03/2025	09	31/03/2025	05	HAE	7,3	0	6,1	0	92,0	0	36,0	0	170,0	0	991,988	5.k=1.moyenne	0,0	ERA5
1062850	31/03/2025	10	31/03/2025	06	HAE	7,8	0	6,6	0	92,0	0	38,0	0	170,0	0	990,928	5.k=1.moyenne	0,0	ERA5
1062851	31/03/2025	11	31/03/2025	07	HAE	7,9	0	7,0	0	94,0	0	48,0	0	170,0	0	990,083	5.k=1.moyenne	9,7	ERA5
1062852	31/03/2025	12	31/03/2025	08	HAE	8,3	0	7,4	0	94,0	0	39,0	0	180,0	0	989,099	5.k=1.moyenne	201,4	ERA5
1062853	31/03/2025	13	31/03/2025	09	HAE	8,7	0	7,7	0	94,0	0	36,0	0	180,0	0	988,204	5.k=1.moyenne	436,1	ERA5
1062854	31/03/2025	14	31/03/2025	10	HAE	9,1	0	8,0	0	93,0	0	34,0	0	180,0	0	987,606	5.k=1.moyenne	550,2	ERA5
1062855	31/03/2025	15	31/03/2025	11	HAE	9,2	0	8,8	0	97,0	0	19,0	0	190,0	0	986,513	5.k=1.moyenne	684,7	ERA5
1062856	31/03/2025	16	31/03/2025	12	HAE	10,7	0	10,3	0	97,0	0	21,0	0	180,0	0	985,526	5.k=1.moyenne	407,6	ERA5
1062857	31/03/2025	17	31/03/2025	13	HAE	11,1	0	10,1	0	94,0	0	28,0	0	180,0	0	984,737	5.k=1.moyenne	1680,6	ERA5
1062858	31/03/2025	18	31/03/2025	14	HAE	12,0	0	11,0	0	93,0	0	23,0	0	180,0	0	983,993	5.k=1.moyenne	1431,2	ERA5
1062859	31/03/2025	19	31/03/2025	15	HAE	13,1	0	11,6	0	91,0	0	22,0	0	190,0	0	983,313	5.k=1.moyenne	1544,7	ERA5
1062860	31/03/2025	20	31/03/2025	16	HAE	13,3	0	12,8	0	97,0	0	11,0	0	220,0	0	982,943	5.k=1.moyenne	1075,7	ERA5
1062861	31/03/2025	21	31/03/2025	17	HAE	11,8	0	11,3	0	97,0	0	9,0	0	260,0	0	983,014	5.k=1.moyenne	436,9	ERA5
1062862	31/03/2025	22	31/03/2025	18	HAE	11,5	0	8,9	0	84,0	0	32,0	0	250,0	0	983,047	5.k=1.moyenne	176,3	ERA5
1062863	31/03/2025	23	31/03/2025	19	HAE	11,1	0	7,3	0	77,0	0	31,0	0	230,0	0	983,511	5.k=1.moyenne	91,6	ERA5
1062864	01/04/2025	00	31/03/2025	20	HAE	8,0	0	4,4	0	78,0	0	20,0	0	280,0	0	984,137	5.k=1.moyenne	3,7	ERA5
1062865	01/04/2025	01	31/03/2025	21	HAE	6,4	0	3,3	0	81,0	0	13,0	0	260,0	0	984,636	5.k=1.moyenne	0,0	ERA5
1062866	01/04/2025	02	31/03/2025	22	HAE	5,4	0	2,4	0	81,0	0	13,0	0	260,0	0	984,95	5.k=1.moyenne	0,0	ERA5
1062867	01/04/2025	03	31/03/2025	23	HAE	4,1	0	1,8	0	85,0	0	13,0	0	270,0	0	985,515	5.k=1.moyenne	0,0	ERA5
1062868	01/04/2025	04	01/04/2025	00	HAE	3,1	0	0,4	0	82,0	0	13,0	0	300,0	0	986,123	5.k=1.moyenne	0,0	ERA5
1062869	01/04/2025	05	01/04/2025	01	HAE	2,0	0	-0,9	0	81,0	0	14,0	0	270,0	0	986,774	5.k=1.moyenne	0,0	ERA5
1062870	01/04/2025	06	01/04/2025	02	HAE	1,2	0	-2,4	0	77,0	0	13,0	0	300,0	0	986,774	5.k=1.moyenne	0,0	ERA5
1062871	01/04/2025	07	01/04/2025	03	HAE	0,6	0	-3,6	0	73,0	0	18,0	0	290,0	0	987,008	5.k=1.moyenne	0,0	ERA5
1062872	01/04/2025	08	01/04/2025	04	HAE	0,3	0	-3,7	0	75,0	0	12,0	0	310,0	0	987,283	5.k=1.moyenne	0,0	ERA5
1062873	01/04/2025	09	01/04/2025	05	HAE	0,1	0	-3,3	0	77,0	0	12,0	0	290,0	0	987,746	5.k=1.moyenne	0,0	ERA5
1062874	01/04/2025	10	01/04/2025	06	HAE	-0,6	0	-5,0	0	72,0	0	16,0	0	290,0	0	988,354	5.k=1.moyenne	0,0	ERA5
1062875	01/04/2025	11	01/04/2025	07	HAE	-0,7	0	-5,6	0	70,0	0	16,0	0	300,0	0	989,166	5.k=1.moyenne	17,4	ERA5
1062876	01/04/2025	12	01/04/2025	08	HAE	-0,7	0	-5,8	0	69,0	0	14,0	0	300,0	0	990,046	5.k=1.moyenne	377,7	ERA5
1062877	01/04/2025	13	01/04/2025	09	HAE	-0,8	0	-6,3	0	66,0	0	14,0	0	290,0	0	990,764	5.k=1.moyenne	906,8	ERA5
1062878	01/04/2025	14	01/04/2025	10	HAE	0,1	0	-6,8	0	60,0	0	13,0	0	300,0	0	991,481	5.k=1.moyenne	1281,2	ERA5
1062879	01/04/2025	15	01/04/2025	11	HAE	0,9	0	-5,2	0	63,0	0	14,0	0	280,0	0	992,075	5.k=1.moyenne	1575,5	ERA5
1062880	01/04/2025	16	01/04/2025	12	HAE	0,5	0	-7,9	0	53,0	0	22,0	0	280,0	0	992,506	5.k=1.moyenne	1960,0	ERA5
1062881	01/04/2025	17	01/04/2025	13	HAE	1,4	0	-7,9	0	50,0	0	15,0	0	260,0	0	993,222	5.k=1.moyenne	2549,1	ERA5
1062882	01/04/2025	18	01/04/2025	14	HAE	1,8	0	-8,1	0	48,0	0	19,0	0	280,0	0	993,897	5.k=1.moyenne	2468,9	ERA5
1062883	01/04/2025	19	01/04/2025	15	HAE	2,1	0	-8,5	0	45,0	0	19,0	0	290,0	0	994,736	5.k=1.moyenne	2432,4	ERA5
1062884	01/04/2025	20	01/04/2025	16	HAE	2,2	0	-9,5	0	42,0	0	19,0	0	270,0	0	995,717	5.k=1.moyenne	2059,9	ERA5
1062885	01/04/2025	21	01/04/2025	17	HAE	1,4	0	-10,8	0	40,0	0	16,0	0	300,0	0	996,841	5.k=1.moyenne	1597,2	ERA5
1062886	01/04/2025	22	01/04/2025	18	HAE	1,2	0	-11,4	0	38,0	0	15,0	0	300,0	0	997,965	5.k=1.moyenne	900,3	ERA5
1062887	01/04/2025	23	01/04/2025	19	HAE	0,3	0	-12,5	0	38,0	0	14,0	0	300,0	0	999,191	5.k=1.moyenne	359,8	ERA5
1062888	02/04/2025	00	01/04/2025	20	HAE	-0,5	0	-11,9	0	42,0	0	12,0	0	320,0	0	1000,27	5.k=1.moyenne	13,5	ERA5
1062889	02/04/2025	01	01/04/2025	21	HAE	-1,3	0	-11,5	0	46,0	0	8,0	0	330,0	0	1001,56	5.k=1.moyenne	0,0	ERA5
1062890	02/04/2025	02	01/04/2025	22	HAE	-1,7	0	-12,7	0	43,0	0	14,0	0	330,0	0	1002,74	5.k=1.moyenne	0,0	ERA5
1062891	02/04/2025	03	01/04/2025	23	HAE	-2,7	0	-12,2	0	48,0	0	9,0	0	340,0	0	1003,7	5.k=1.moyenne	0,0	ERA5
1062892	02/04/2025	04	02/04/2025	00	HAE	-3,7	0	-13,4	0	47,0	0	10,0	0	340,0	0	1004,85	5.k=1.moyenne	0,0	ERA5
1062893	02/04/2025	05	02/04/2025	01	HAE	-4,2	0	-14,3	0	45,0	0	8,0	0	350,0	0	1005,87	5.k=1.moyenne	0,0	ERA5
1062894	02/04/2025	06	02/04/2025	02	HAE	-4,7	0	-14,0	0	49,0	0	5,0	0	350,0	0	1005,87	5.k=1.moyenne	0,0	ERA5
1062895	02/04/2025	07	02/04/2025	03	HAE	-5,4	0	-13,0	0	55,0	0	3,0	0	20,0	0	1007,01	5.k=1.moyenne	0,0	ERA5
1062896	02/04/2025	08	02/04/2025	04	HAE	-5,6	0	-13,4	0	54,0	0	5,0	0	10,0	0	1007,97	5.k=1.moyenne	0,0	ERA5
1062897	02/04/2025	09	02/04/2025	05	HAE	-6,1	0	-13,2	0	57,0	0	5,0	0	10,0	0	1008,95	5.k=1.moyenne	0,0	ERA5
1062898	02/04/2025	10	02/04/2025	06	HAE	-7,0	0	-12,5	0	64,0	0	4,0	0	360,0	0	1009,97	5.k=1.moyenne	0,0	ERA5
1062899	02/04/2025	11	02/04/2025	07	HAE	-7,1	0	-12,5	0	65,0	0	4,0	0	10,0	0	1010,18	5.k=1.moyenne	29,1	ERA5
1062900	02/04/2025	12	02/04/2025	08	HAE	-5,5	0	-12,8	0	57,0	0	4,0	0	360,0	0	1011,15	5.k=1.moyenne	449,1	ERA5
1062901	02/04/2025	13	02/04/2025	09	HAE	-4,5	0	-13,2	0	50,0	0	9,0	0	60,0	0	1011,68	5.k=1.moyenne	1064,7	ERA5
1062902	02/04/2025	14	02/04/2025	10	HAE	-3,9	0	-14,1	0	45,0	0	7,0	0	90,0	0	1011,8	5.k=1.moyenne	1823,4	ERA5
1062903	02/04/2025	15	02/04/2025	11	HAE	-2,1	0	-11,7	0	48,0	0	8,0	0	110,0	0	1011,72	5.k=1.moyenne	2412,6	ERA5
1062904	02/04/2025	16	02/04/2025	12	HAE	-1,8	0	-15,2	0	35,0	0	6,0	0	80,0	0	1011,68	5.k=1.moyenne	2812,7	ERA5
1062905	02/04/2025	17	02/04/2025	13	HAE	-0,8	0	-13,2	0	38,0	0	5,0	0	20,0	0	1011,44	5.k=1.moyenne	2866,1	ERA5
1062906	02/04/2025	18	02/04/2025	14	HAE	0,1	0	-12,9	0	37,0	0	9,0	0	60,0	0	1011,0	5.k=1.moyenne	2799,7	ERA5
1062907	02/04/2025	19	02/04/2025	15	HAE	0,8	0	-13,6	0	33,0	0	7,0	0	50,0	0	1010,51	5.k=1.moyenne	2316,1	ERA5
1062908	02/04/2025	20	02/04/2025	16	HAE	1,4	0	-13,4	0	32,0	0	10,0	0	80,0	0	1009,95	5.k=1.moyenne	1586,7	ERA5
1062909	02/04/2025	21	02/04/2025	17	HAE	2,2	0	-11,6	0	35,0	0	8,0	0	90,0	0	1009,86	5.k=1.moyenne	1033,0	ERA5
1062910	02/04/2025	22	02/04/2025	18	HAE	2,2	0	-10,2	0	39,0	0	6,0	0	60,0	0	1009,9	5.k=1.moyenne	485,1	ERA5
1062911	02/04/2025	23	02/04/2025	19	HAE	1,9	0	-10,5	0	39,0	0	12,0	0	60,0	0	1009,71	5.k=1.moyenne	105,2	ERA5
1062912	03/04/2025	00	02/04/2025	20	HAE	2,0	0	-10,3	0	40,0	0	3,0	0	120,0	0	1009,66	5.k=1.moyenne	3,8	ERA5
1062913	03/04/2025	01	02/04/2025	21	HAE	1,5	0	-4,6	0	64,0	0	12,0	0	150,0	0	1009,3	5.k=1.moyenne	0,0	ERA5
1062914	03/04/2025	02	02/04/2025	22	HAE	-0,5	0	-1,1	0	95,0	0	7,0	0	120,0	0	1008,46	5.k=1.moyenne	0,0	ERA5
1062915	03/04/2025	03	02/04/2025	23	HAE	-0,3	0	-0,6	0	97,0	0	13,0	0	90,0	0	1007,37	5.k=1.moyenne	0,0	ERA5
1062916	03/04/2025	04	03/04/2025	00	HAE	-0,1	0	-0,6	0	96,0	0	17,0	0	120,0	0	1006,17	5.k=1.moyenne	0,0	ERA5
1062917	03/04/2025	05	03/04/2025	01	HAE	0,5	0	-0,8	0	91,0	0	16,0	0	130,0	0	1005,26	5.k=1.moyenne	0,0	ERA5
1062918	03/04/2025	06	03/04/2025	02	HAE	1,1	0	-0,6	0	88,0	0	17,0	0	130,0	0	1005,26	5.k=1.moyenne	0,0	ERA5
1062919	03/04/2025	07	03/04/2025	03	HAE	1,3	0	-0,4	0	88,0	0	14,0	0	110,0	0	1004,03	5.k=1.moyenne	0,0	ERA5
1062920	03/04/2025	08	03/04/2025	04	HAE	2,3	0	1,0	0	91,0	0	30,0	0	160,0	0	1003,11	5.k=1.moyenne	0,0	ERA5
1062921	03/04/2025	09	03/04/2025	05	HAE	2,6	0	1,8	0	94,0	0	42,0	0	170,0	0	1002,08	5.k=1.moyenne	0,0	ERA5
1062922	03/04/2025	10	03/04/2025	06	HAE	3,3	0	2,5	0	94,0	0	48,0	0	170,0	0	1000,94	5.k=1.moyenne	0,0	ERA5
1062923	03/04/2025	11	03/04/2025	07	HAE	4,5	0	3,1	0	91,0	0	50,0	0	170,0	0	999,65	5.k=1.moyenne	2,0	ERA5
1062924	03/04/2025	12	03/04/2025	08	HAE	4,7	0	3,8	0	94,0	0	63,0	0	180,0	0	998,254	5.k=1.moyenne	36,0	ERA5
1062925	03/04/2025	13	03/04/2025	09	HAE	5,1	0	4,0	0	92,0	0	43,0	0	180,0	0	996,921	5.k=1.moyenne	132,6	ERA5
1062926	03/04/2025	14	03/04/2025	10	HAE	5,4	0	4,3	0	92,0	0	51,0	0	180,0	0	995,775	5.k=1.moyenne	239,5	ERA5
1062927	03/04/2025	15	03/04/2025	11	HAE	6,7	0	5,0	0	89,0	0	46,0	0	170,0	0	994,534	5.k=1.moyenne	367,2	ERA5
1062928	03/04/2025	16	03/04/2025	12	HAE	8,6	0	6,4	0	86,0	0	50,0	0	180,0	0	993,243	5.k=1.moyenne	349,2	ERA5
1062929	03/04/2025	17	03/04/2025	13	HAE	8,7	0	6,8	0	88,0	0	43,0	0	180,0	0	991,954	5.k=1.moyenne	422,9	ERA5
1062930	03/04/2025	18	03/04/2025	14	HAE	9,6	0	7,8	0	88,0	0	33,0	0	180,0	0	991,02	5.k=1.moyenne	947,4	ERA5
1062931	03/04/2025	19	03/04/2025	15	HAE	11,8	0	9,6	0	86,0	0	35,0	0	190,0	0	990,005	5.k=1.moyenne	525,4	ERA5
1062932	03/04/2025	20	03/04/2025	16	HAE	13,3	0	10,5	0	84,0	0	31,0	0	180,0	0	989,504	5.k=1.moyenne	1271,1	ERA5
1062933	03/04/2025	21	03/04/2025	17	HAE	14,1	0	11,4	0	84,0	0	18,0	0	190,0	0	989,185	5.k=1.moyenne	1460,4	ERA5
1062934	03/04/2025	22	03/04/2025	18	HAE	18,5	0	8,9	0	53,0	0	28,0	0	230,0	0	989,049	5.k=1.moyenne	902,2	ERA5
1062935	03/04/2025	23	03/04/2025	19	HAE	17,7	0	7,7	0	52,0	0	22,0	0	250,0	0	989,413	5.k=1.moyenne	380,9	ERA5
1062936	04/04/2025	00	03/04/2025	20	HAE	15,2	0	7,8	0	61,0	0	12,0	0	260,0	0	989,882	5.k=1.moyenne	14,6	ERA5
1062937	04/04/2025	01	03/04/2025	21	HAE	11,5	0	2,5	0	54,0	0	23,0	0	290,0	0	990,789	5.k=1.moyenne	0,0	ERA5
1062938	04/04/2025	02	03/04/2025	22	HAE	9,9	0	2,1	0	58,0	0	8,0	0	270,0	0	991,302	5.k=1.moyenne	0,0	ERA5
1062939	04/04/2025	03	03/04/2025	23	HAE	7,6	0	2,2	0	69,0	0	5,0	0	240,0	0	991,69	5.k=1.moyenne	0,0	ERA5
1062940	04/04/2025	04	04/04/2025	00	HAE	7,0	0	1,9	0	70,0	0	9,0	0	250,0	0	992,287	5.k=1.moyenne	0,0	ERA5
1062941	04/04/2025	05	04/04/2025	01	HAE	7,3	0	0,1	0	60,0	0	15,0	0	280,0	0	992,614	5.k=1.moyenne	0,0	ERA5
1062942	04/04/2025	06	04/04/2025	02	HAE	6,2	0	-0,8	0	61,0	0	13,0	0	270,0	0	992,614	5.k=1.moyenne	0,0	ERA5
1062943	04/04/2025	07	04/04/2025	03	HAE	5,3	0	-1,0	0	64,0	0	9,0	0	270,0	0	993,275	5.k=1.moyenne	0,0	ERA5
1062944	04/04/2025	08	04/04/2025	04	HAE	4,8	0	-1,0	0	66,0	0	12,0	0	260,0	0	993,91	5.k=1.moyenne	0,0	ERA5
1062945	04/04/2025	09	04/04/2025	05	HAE	4,1	0	-1,3	0	68,0	0	11,0	0	270,0	0	994,811	5.k=1.moyenne	0,0	ERA5
1062946	04/04/2025	10	04/04/2025	06	HAE	3,4	0	-1,4	0	71,0	0	9,0	0	260,0	0	995,834	5.k=1.moyenne	0,0	ERA5
1062947	04/04/2025	11	04/04/2025	07	HAE	3,5	0	-1,3	0	71,0	0	7,0	0	270,0	0	997,01	5.k=1.moyenne	34,2	ERA5
1062948	04/04/2025	12	04/04/2025	08	HAE	3,9	0	-1,4	0	68,0	0	12,0	0	270,0	0	998,047	5.k=1.moyenne	446,0	ERA5
1062949	04/04/2025	13	04/04/2025	09	HAE	5,6	0	-0,2	0	66,0	0	12,0	0	280,0	0	998,978	5.k=1.moyenne	948,6	ERA5
1062950	04/04/2025	14	04/04/2025	10	HAE	6,4	0	-0,4	0	62,0	0	15,0	0	280,0	0	1000,07	5.k=1.moyenne	1534,4	ERA5
1062951	04/04/2025	15	04/04/2025	11	HAE	6,2	0	-1,2	0	59,0	0	19,0	0	300,0	0	1001,08	5.k=1.moyenne	1610,9	ERA5
1062952	04/04/2025	16	04/04/2025	12	HAE	7,5	0	-2,9	0	48,0	0	14,0	0	320,0	0	1001,68	5.k=1.moyenne	1386,3	ERA5
1062953	04/04/2025	17	04/04/2025	13	HAE	7,7	0	-3,0	0	47,0	0	16,0	0	280,0	0	1002,31	5.k=1.moyenne	1490,5	ERA5
1062954	04/04/2025	18	04/04/2025	14	HAE	9,1	0	-1,5	0	47,0	0	14,0	0	280,0	0	1002,68	5.k=1.moyenne	1720,9	ERA5
1062955	04/04/2025	19	04/04/2025	15	HAE	9,7	0	-1,4	0	46,0	0	13,0	0	280,0	0	1002,99	5.k=1.moyenne	2576,8	ERA5
1062956	04/04/2025	20	04/04/2025	16	HAE	10,1	0	-0,8	0	47,0	0	11,0	0	270,0	0	1003,72	5.k=1.moyenne	2315,2	ERA5
1062957	04/04/2025	21	04/04/2025	17	HAE	10,4	0	-0,8	0	46,0	0	11,0	0	280,0	0	1004,48	5.k=1.moyenne	1666,8	ERA5
1062958	04/04/2025	22	04/04/2025	18	HAE	10,0	0	-1,0	0	46,0	0	12,0	0	290,0	0	1005,48	5.k=1.moyenne	1094,9	ERA5
1062959	04/04/2025	23	04/04/2025	19	HAE	8,5	0	-0,6	0	53,0	0	9,0	0	270,0	0	1006,47	5.k=1.moyenne	422,8	ERA5
1062960	05/04/2025	00	04/04/2025	20	HAE	6,9	0	-0,5	0	59,0	0	6,0	0	270,0	0	1007,53	5.k=1.moyenne	20,2	ERA5
1062961	05/04/2025	01	04/04/2025	21	HAE	6,0	0	-0,9	0	61,0	0	3,0	0	300,0	0	1008,47	5.k=1.moyenne	0,0	ERA5
1062962	05/04/2025	02	04/04/2025	22	HAE	4,6	0	-0,9	0	67,0	0	2,0	0	330,0	0	1009,01	5.k=1.moyenne	0,0	ERA5
1062963	05/04/2025	03	04/04/2025	23	HAE	2,8	0	-0,9	0	77,0	0	0,0	0	0,0	0	1009,22	5.k=1.moyenne	0,0	ERA5
1062964	05/04/2025	04	05/04/2025	00	HAE	3,1	0	-0,9	0	75,0	0	4,0	0	10,0	0	1009,19	5.k=1.moyenne	0,0	ERA5
1062965	05/04/2025	05	05/04/2025	01	HAE	3,5	0	-2,2	0	66,0	0	6,0	0	40,0	0	1009,1	5.k=1.moyenne	0,0	ERA5
1062966	05/04/2025	06	05/04/2025	02	HAE	3,5	0	-4,0	0	58,0	0	10,0	0	60,0	0	1009,1	5.k=1.moyenne	0,0	ERA5
1062967	05/04/2025	07	05/04/2025	03	HAE	2,5	0	-3,6	0	64,0	0	6,0	0	60,0	0	1009,13	5.k=1.moyenne	0,0	ERA5
1062968	05/04/2025	08	05/04/2025	04	HAE	2,3	0	-4,2	0	62,0	0	10,0	0	60,0	0	1009,2	5.k=1.moyenne	0,0	ERA5
1062969	05/04/2025	09	05/04/2025	05	HAE	1,7	0	-3,2	0	69,0	0	4,0	0	10,0	0	1009,19	5.k=1.moyenne	0,0	ERA5
1062970	05/04/2025	10	05/04/2025	06	HAE	1,2	0	-3,1	0	73,0	0	7,0	0	30,0	0	1009,07	5.k=1.moyenne	0,0	ERA5
1062971	05/04/2025	11	05/04/2025	07	HAE	1,6	0	-3,2	0	70,0	0	6,0	0	30,0	0	1008,89	5.k=1.moyenne	13,0	ERA5
1062972	05/04/2025	12	05/04/2025	08	HAE	1,7	0	-3,0	0	71,0	0	6,0	0	50,0	0	1008,58	5.k=1.moyenne	159,8	ERA5
1062973	05/04/2025	13	05/04/2025	09	HAE	2,7	0	-2,2	0	70,0	0	7,0	0	50,0	0	1007,88	5.k=1.moyenne	506,7	ERA5
1062974	05/04/2025	14	05/04/2025	10	HAE	3,7	0	-1,2	0	70,0	0	8,0	0	40,0	0	1006,93	5.k=1.moyenne	1064,0	ERA5
1062975	05/04/2025	15	05/04/2025	11	HAE	6,2	0	-0,7	0	61,0	0	12,0	0	110,0	0	1005,93	5.k=1.moyenne	879,5	ERA5
1062976	05/04/2025	16	05/04/2025	12	HAE	7,4	0	0,5	0	61,0	0	18,0	0	140,0	0	1004,83	5.k=1.moyenne	436,0	ERA5
1062977	05/04/2025	17	05/04/2025	13	HAE	7,1	0	2,5	0	72,0	0	33,0	0	170,0	0	1003,29	5.k=1.moyenne	664,3	ERA5
1062978	05/04/2025	18	05/04/2025	14	HAE	6,6	0	4,1	0	85,0	0	26,0	0	160,0	0	1001,8	5.k=1.moyenne	400,7	ERA5
1062979	05/04/2025	19	05/04/2025	15	HAE	5,8	0	3,8	0	87,0	0	21,0	0	140,0	0	1000,4	5.k=1.moyenne	313,7	ERA5
1062980	05/04/2025	20	05/04/2025	16	HAE	6,5	0	3,9	0	83,0	0	34,0	0	160,0	0	999,093	5.k=1.moyenne	144,7	ERA5
1062981	05/04/2025	21	05/04/2025	17	HAE	6,7	0	3,5	0	81,0	0	45,0	0	170,0	0	998,096	5.k=1.moyenne	115,3	ERA5
1062982	05/04/2025	22	05/04/2025	18	HAE	6,8	0	3,6	0	80,0	0	51,0	0	170,0	0	997,515	5.k=1.moyenne	97,0	ERA5
1062983	05/04/2025	23	05/04/2025	19	HAE	6,3	0	3,9	0	85,0	0	53,0	0	170,0	0	996,913	5.k=1.moyenne	22,9	ERA5
1062984	06/04/2025	00	05/04/2025	20	HAE	5,8	0	4,3	0	90,0	0	48,0	0	180,0	0	996,394	5.k=1.moyenne	1,2	ERA5
1062985	06/04/2025	01	05/04/2025	21	HAE	5,6	0	4,3	0	92,0	0	44,0	0	180,0	0	995,708	5.k=1.moyenne	0,0	ERA5
1062986	06/04/2025	02	05/04/2025	22	HAE	5,4	0	4,8	0	96,0	0	36,0	0	180,0	0	994,877	5.k=1.moyenne	0,0	ERA5
1062987	06/04/2025	03	05/04/2025	23	HAE	5,3	0	5,0	0	98,0	0	34,0	0	190,0	0	993,67	5.k=1.moyenne	0,0	ERA5
1062988	06/04/2025	04	06/04/2025	00	HAE	5,2	0	5,0	0	98,0	0	35,0	0	180,0	0	992,672	5.k=1.moyenne	0,0	ERA5
1062989	06/04/2025	05	06/04/2025	01	HAE	5,2	0	5,0	0	98,0	0	24,0	0	190,0	0	991,985	5.k=1.moyenne	0,0	ERA5
1062990	06/04/2025	06	06/04/2025	02	HAE	5,2	0	5,2	0	96,0	4.lineaire	21,0	0	210,0	0	991,985	5.k=1.moyenne	0,0	ERA5
1062991	06/04/2025	07	06/04/2025	03	HAE	5,6	0	5,6	0	94,0	4.lineaire	12,0	0	210,0	0	991,061	5.k=1.moyenne	0,0	ERA5
1062992	06/04/2025	08	06/04/2025	04	HAE	5,3	0	4,1	0	92,0	0	15,0	0	260,0	0	990,433	5.k=1.moyenne	0,0	ERA5
1062993	06/04/2025	09	06/04/2025	05	HAE	4,8	0	3,6	0	92,0	0	18,0	0	250,0	0	989,808	5.k=1.moyenne	0,0	ERA5
1062994	06/04/2025	10	06/04/2025	06	HAE	4,5	0	3,5	0	93,0	0	14,0	0	250,0	0	989,437	5.k=1.moyenne	0,0	ERA5
1062995	06/04/2025	11	06/04/2025	07	HAE	4,4	0	3,1	0	92,0	0	16,0	0	270,0	0	989,506	5.k=1.moyenne	3,8	ERA5
1062996	06/04/2025	12	06/04/2025	08	HAE	4,4	0	3,1	0	91,0	0	11,0	0	250,0	0	989,475	5.k=1.moyenne	62,0	ERA5
1062997	06/04/2025	13	06/04/2025	09	HAE	5,5	0	3,2	0	85,0	0	11,0	0	270,0	0	989,279	5.k=1.moyenne	209,0	ERA5
1062998	06/04/2025	14	06/04/2025	10	HAE	5,3	0	3,4	0	87,0	0	12,0	0	280,0	0	989,231	5.k=1.moyenne	341,4	ERA5
1062999	06/04/2025	15	06/04/2025	11	HAE	6,1	0	3,9	0	86,0	0	11,0	0	270,0	0	988,957	5.k=1.moyenne	566,9	ERA5
1063000	06/04/2025	16	06/04/2025	12	HAE	7,2	0	3,2	0	76,0	0	14,0	0	300,0	0	988,809	5.k=1.moyenne	627,0	ERA5
1063001	06/04/2025	17	06/04/2025	13	HAE	6,9	0	2,7	0	74,0	0	21,0	0	280,0	0	988,789	5.k=1.moyenne	1017,1	ERA5
1063002	06/04/2025	18	06/04/2025	14	HAE	7,1	0	0,2	0	62,0	0	18,0	0	320,0	0	988,687	5.k=1.moyenne	1818,3	ERA5
1063003	06/04/2025	19	06/04/2025	15	HAE	7,5	0	-1,6	0	52,0	0	15,0	0	300,0	0	988,482	5.k=1.moyenne	1893,4	ERA5
1063004	06/04/2025	20	06/04/2025	16	HAE	7,8	0	-3,8	0	44,0	0	14,0	0	290,0	0	988,622	5.k=1.moyenne	994,7	ERA5
1063005	06/04/2025	21	06/04/2025	17	HAE	6,9	0	-4,2	0	45,0	0	11,0	0	310,0	0	988,847	5.k=1.moyenne	857,8	ERA5
1063006	06/04/2025	22	06/04/2025	18	HAE	6,6	0	-5,5	0	42,0	0	14,0	0	290,0	0	989,23	5.k=1.moyenne	634,4	ERA5
1063007	06/04/2025	23	06/04/2025	19	HAE	5,5	0	-4,6	0	48,0	0	7,0	0	290,0	0	989,989	5.k=1.moyenne	259,1	ERA5
1063008	07/04/2025	00	06/04/2025	20	HAE	4,0	0	-3,7	0	57,0	0	3,0	0	290,0	0	990,852	5.k=1.moyenne	21,9	ERA5
1063009	07/04/2025	01	06/04/2025	21	HAE	3,8	0	-5,5	0	50,0	0	5,0	0	310,0	0	991,613	5.k=1.moyenne	0,0	ERA5
1063010	07/04/2025	02	06/04/2025	22	HAE	3,3	0	-4,4	0	57,0	0	4,0	0	350,0	0	991,874	5.k=1.moyenne	0,0	ERA5
1063011	07/04/2025	03	06/04/2025	23	HAE	2,5	0	-4,0	0	62,0	0	3,0	0	340,0	0	991,762	5.k=1.moyenne	0,0	ERA5
1063012	07/04/2025	04	07/04/2025	00	HAE	2,3	0	-6,0	0	54,0	0	5,0	0	340,0	0	991,837	5.k=1.moyenne	0,0	ERA5
1063013	07/04/2025	05	07/04/2025	01	HAE	1,4	0	-5,4	0	61,0	0	4,0	0	10,0	0	991,83	5.k=1.moyenne	0,0	ERA5
1063014	07/04/2025	06	07/04/2025	02	HAE	0,3	0	-4,9	0	68,0	0	6,0	0	20,0	0	991,83	5.k=1.moyenne	0,0	ERA5
1063015	07/04/2025	07	07/04/2025	03	HAE	0,4	0	-6,6	0	60,0	0	7,0	0	60,0	0	991,823	5.k=1.moyenne	0,0	ERA5
1063016	07/04/2025	08	07/04/2025	04	HAE	-0,1	0	-4,4	0	73,0	0	3,0	0	50,0	0	991,942	5.k=1.moyenne	0,0	ERA5
1063017	07/04/2025	09	07/04/2025	05	HAE	-0,6	0	-4,0	0	77,0	0	1,0	0	90,0	0	992,103	5.k=1.moyenne	0,0	ERA5
1063018	07/04/2025	10	07/04/2025	06	HAE	-1,3	0	-4,3	0	80,0	0	2,0	0	30,0	0	992,431	5.k=1.moyenne	0,0	ERA5
1063019	07/04/2025	11	07/04/2025	07	HAE	-1,5	0	-4,4	0	81,0	0	1,0	0	50,0	0	992,766	5.k=1.moyenne	48,0	ERA5
1063020	07/04/2025	12	07/04/2025	08	HAE	0,8	0	-5,5	0	63,0	0	5,0	0	70,0	0	992,925	5.k=1.moyenne	546,0	ERA5
1063021	07/04/2025	13	07/04/2025	09	HAE	2,9	0	-8,2	0	44,0	0	8,0	0	90,0	0	992,962	5.k=1.moyenne	1258,4	ERA5
1063022	07/04/2025	14	07/04/2025	10	HAE	3,2	0	-9,4	0	39,0	0	10,0	0	140,0	0	992,754	5.k=1.moyenne	1921,9	ERA5
1063023	07/04/2025	15	07/04/2025	11	HAE	4,8	0	-8,7	0	37,0	0	8,0	0	110,0	0	992,404	5.k=1.moyenne	2478,1	ERA5
1063024	07/04/2025	16	07/04/2025	12	HAE	6,1	0	-6,9	0	39,0	0	10,0	0	90,0	0	991,87	5.k=1.moyenne	2829,6	ERA5
1063025	07/04/2025	17	07/04/2025	13	HAE	5,4	0	-11,2	0	29,0	0	7,0	0	60,0	0	991,255	5.k=1.moyenne	3025,8	ERA5
1063026	07/04/2025	18	07/04/2025	14	HAE	7,1	0	-7,8	0	34,0	0	11,0	0	170,0	0	990,742	5.k=1.moyenne	2971,3	ERA5
1063027	07/04/2025	19	07/04/2025	15	HAE	7,2	0	-8,2	0	33,0	0	8,0	0	170,0	0	990,087	5.k=1.moyenne	2619,7	ERA5
1063028	07/04/2025	20	07/04/2025	16	HAE	7,3	0	-9,5	0	29,0	0	6,0	0	90,0	0	989,554	5.k=1.moyenne	1960,9	ERA5
1063029	07/04/2025	21	07/04/2025	17	HAE	8,6	0	-5,9	0	35,0	0	8,0	0	100,0	0	989,205	5.k=1.moyenne	1605,7	ERA5
1063030	07/04/2025	22	07/04/2025	18	HAE	7,9	0	-7,9	0	32,0	0	6,0	0	40,0	0	989,02	5.k=1.moyenne	1072,7	ERA5
1063031	07/04/2025	23	07/04/2025	19	HAE	6,7	0	-6,8	0	37,0	0	9,0	0	50,0	0	988,855	5.k=1.moyenne	334,0	ERA5
1063032	08/04/2025	00	07/04/2025	20	HAE	5,4	0	-5,2	0	46,0	0	4,0	0	50,0	0	989,098	5.k=1.moyenne	19,9	ERA5
1063033	08/04/2025	01	07/04/2025	21	HAE	4,9	0	-5,4	0	47,0	0	3,0	0	350,0	0	989,24	5.k=1.moyenne	0,0	ERA5
1063034	08/04/2025	02	07/04/2025	22	HAE	4,4	0	-3,4	0	57,0	0	4,0	0	360,0	0	989,259	5.k=1.moyenne	0,0	ERA5
1063035	08/04/2025	03	07/04/2025	23	HAE	3,9	0	-2,3	0	64,0	0	3,0	0	60,0	0	988,768	5.k=1.moyenne	0,0	ERA5
1063036	08/04/2025	04	08/04/2025	00	HAE	4,2	0	-0,7	0	70,0	0	12,0	0	150,0	0	988,338	5.k=1.moyenne	0,0	ERA5
1063037	08/04/2025	05	08/04/2025	01	HAE	3,8	0	-0,3	0	75,0	0	9,0	0	150,0	0	987,848	5.k=1.moyenne	0,0	ERA5
1063038	08/04/2025	06	08/04/2025	02	HAE	3,7	0	-0,2	0	76,0	0	11,0	0	140,0	0	987,848	5.k=1.moyenne	0,0	ERA5
1063039	08/04/2025	07	08/04/2025	03	HAE	3,5	0	0,4	0	80,0	0	14,0	0	150,0	0	987,524	5.k=1.moyenne	0,0	ERA5
1063040	08/04/2025	08	08/04/2025	04	HAE	3,5	0	0,4	0	80,0	0	21,0	0	160,0	0	987,39	5.k=1.moyenne	0,0	ERA5
1063041	08/04/2025	09	08/04/2025	05	HAE	2,5	0	1,5	0	93,0	0	18,0	0	180,0	0	987,467	5.k=1.moyenne	0,0	ERA5
1063042	08/04/2025	10	08/04/2025	06	HAE	0,6	0	0,4	0	98,0	0	5,0	0	240,0	0	987,442	5.k=1.moyenne	0,0	ERA5
1063043	08/04/2025	11	08/04/2025	07	HAE	-0,2	0	-2,4	0	85,0	0	17,0	0	270,0	0	987,62	5.k=1.moyenne	7,9	ERA5
1063044	08/04/2025	12	08/04/2025	08	HAE	-0,8	0	-4,7	0	75,0	0	19,0	0	260,0	0	987,721	5.k=1.moyenne	78,0	ERA5
1063045	08/04/2025	13	08/04/2025	09	HAE	-0,5	0	-5,2	0	70,0	0	17,0	0	260,0	0	987,763	5.k=1.moyenne	375,6	ERA5
1063046	08/04/2025	14	08/04/2025	10	HAE	-0,5	0	-4,6	0	74,0	0	14,0	0	240,0	0	987,807	5.k=1.moyenne	639,1	ERA5
1063047	08/04/2025	15	08/04/2025	11	HAE	0,3	0	-3,9	0	73,0	0	13,0	0	260,0	0	987,668	5.k=1.moyenne	1087,3	ERA5
1063048	08/04/2025	16	08/04/2025	12	HAE	0,6	0	-3,4	0	74,0	0	11,0	0	270,0	0	987,306	5.k=1.moyenne	1400,5	ERA5
1063049	08/04/2025	17	08/04/2025	13	HAE	1,0	0	-3,4	0	72,0	0	13,0	0	270,0	0	986,986	5.k=1.moyenne	1582,7	ERA5
1063050	08/04/2025	18	08/04/2025	14	HAE	0,6	0	-2,6	0	79,0	0	12,0	0	270,0	0	986,872	5.k=1.moyenne	1828,0	ERA5
1063051	08/04/2025	19	08/04/2025	15	HAE	-1,2	0	-4,5	0	78,0	0	20,0	0	260,0	0	986,82	5.k=1.moyenne	1595,3	ERA5
1063052	08/04/2025	20	08/04/2025	16	HAE	-2,6	0	-4,5	0	87,0	0	19,0	0	250,0	0	987,761	5.k=1.moyenne	1375,4	ERA5
1063053	08/04/2025	21	08/04/2025	17	HAE	-2,4	0	-4,7	0	84,0	0	8,0	0	350,0	0	988,252	5.k=1.moyenne	1193,5	ERA5
1063054	08/04/2025	22	08/04/2025	18	HAE	-3,1	0	-5,2	0	86,0	0	9,0	0	320,0	0	988,826	5.k=1.moyenne	733,3	ERA5
1063055	08/04/2025	23	08/04/2025	19	HAE	-3,8	0	-4,9	0	92,0	0	16,0	0	280,0	0	989,727	5.k=1.moyenne	191,2	ERA5
1063056	09/04/2025	00	08/04/2025	20	HAE	-4,6	0	-6,2	0	89,0	0	18,0	0	290,0	0	990,528	5.k=1.moyenne	11,0	ERA5
1063057	09/04/2025	01	08/04/2025	21	HAE	-4,8	0	-6,2	0	90,0	0	16,0	0	270,0	0	990,304	5.k=1.moyenne	0,0	ERA5
1063058	09/04/2025	02	08/04/2025	22	HAE	-4,7	0	-6,1	0	90,0	0	18,0	0	270,0	0	990,818	5.k=1.moyenne	0,0	ERA5
1063059	09/04/2025	03	08/04/2025	23	HAE	-4,3	0	-5,8	0	90,0	0	10,0	0	280,0	0	991,229	5.k=1.moyenne	0,0	ERA5
1063060	09/04/2025	04	09/04/2025	00	HAE	-4,3	0	-6,0	0	88,0	0	9,0	0	290,0	0	991,724	5.k=1.moyenne	0,0	ERA5
1063061	09/04/2025	05	09/04/2025	01	HAE	-4,9	0	-6,5	0	88,0	0	13,0	0	300,0	0	992,24	5.k=1.moyenne	0,0	ERA5
1063062	09/04/2025	06	09/04/2025	02	HAE	-5,4	0	-9,3	0	74,0	0	7,0	0	310,0	0	992,24	5.k=1.moyenne	0,0	ERA5
1063063	09/04/2025	07	09/04/2025	03	HAE	-5,8	0	-10,3	0	71,0	0	8,0	0	290,0	0	992,782	5.k=1.moyenne	0,0	ERA5
1063064	09/04/2025	08	09/04/2025	04	HAE	-6,6	0	-12,3	0	64,0	0	10,0	0	290,0	0	993,426	5.k=1.moyenne	0,0	ERA5
1063065	09/04/2025	09	09/04/2025	05	HAE	-7,0	0	-12,1	0	67,0	0	9,0	0	270,0	0	994,232	5.k=1.moyenne	0,0	ERA5
1063066	09/04/2025	10	09/04/2025	06	HAE	-7,9	0	-12,2	0	71,0	0	9,0	0	280,0	0	994,994	5.k=1.moyenne	0,0	ERA5
1063067	09/04/2025	11	09/04/2025	07	HAE	-8,0	0	-12,5	0	70,0	0	7,0	0	250,0	0	995,816	5.k=1.moyenne	76,6	ERA5
1063068	09/04/2025	12	09/04/2025	08	HAE	-6,6	0	-11,7	0	67,0	0	11,0	0	250,0	0	996,593	5.k=1.moyenne	616,8	ERA5
1063069	09/04/2025	13	09/04/2025	09	HAE	-5,3	0	-11,2	0	63,0	0	8,0	0	270,0	0	996,952	5.k=1.moyenne	1326,1	ERA5
1063070	09/04/2025	14	09/04/2025	10	HAE	-4,4	0	-11,1	0	59,0	0	8,0	0	270,0	0	997,174	5.k=1.moyenne	1957,2	ERA5
1063071	09/04/2025	15	09/04/2025	11	HAE	-3,3	0	-10,6	0	57,0	0	12,0	0	270,0	0	997,195	5.k=1.moyenne	2288,4	ERA5
1063072	09/04/2025	16	09/04/2025	12	HAE	-2,7	0	-10,1	0	57,0	0	14,0	0	240,0	0	997,092	5.k=1.moyenne	2303,2	ERA5
1063073	09/04/2025	17	09/04/2025	13	HAE	-1,6	0	-9,4	0	55,0	0	15,0	0	280,0	0	997,1	5.k=1.moyenne	2472,1	ERA5
1063074	09/04/2025	18	09/04/2025	14	HAE	-0,4	0	-7,9	0	57,0	0	17,0	0	270,0	0	997,208	5.k=1.moyenne	2615,3	ERA5
1063075	09/04/2025	19	09/04/2025	15	HAE	0,5	0	-7,7	0	54,0	0	15,0	0	270,0	0	997,101	5.k=1.moyenne	1765,6	ERA5
1063076	09/04/2025	20	09/04/2025	16	HAE	1,3	0	-7,6	0	51,0	0	15,0	0	280,0	0	997,053	5.k=1.moyenne	1912,2	ERA5
1063077	09/04/2025	21	09/04/2025	17	HAE	1,3	0	-8,8	0	47,0	0	21,0	0	270,0	0	997,229	5.k=1.moyenne	1121,2	ERA5
1063078	09/04/2025	22	09/04/2025	18	HAE	1,3	0	-9,7	0	44,0	0	17,0	0	270,0	0	997,587	5.k=1.moyenne	1156,8	ERA5
1063079	09/04/2025	23	09/04/2025	19	HAE	0,5	0	-8,9	0	49,0	0	8,0	0	270,0	0	998,231	5.k=1.moyenne	469,0	ERA5
1063080	10/04/2025	00	09/04/2025	20	HAE	-0,9	0	-7,4	0	61,0	0	1,0	0	230,0	0	998,751	5.k=1.moyenne	36,9	ERA5
1063081	10/04/2025	01	09/04/2025	21	HAE	-2,1	0	-6,1	0	74,0	0	4,0	0	180,0	0	999,637	5.k=1.moyenne	0,0	ERA5
1063082	10/04/2025	02	09/04/2025	22	HAE	-2,6	0	-4,7	0	85,0	0	3,0	0	190,0	0	1000,26	5.k=1.moyenne	0,0	ERA5
1063083	10/04/2025	03	09/04/2025	23	HAE	-2,9	0	-5,5	0	82,0	0	8,0	0	200,0	0	1000,43	5.k=1.moyenne	0,0	ERA5
1063084	10/04/2025	04	10/04/2025	00	HAE	-2,6	0	-5,7	0	80,0	0	7,0	0	160,0	0	1000,59	5.k=1.moyenne	0,0	ERA5
1063085	10/04/2025	05	10/04/2025	01	HAE	-3,7	0	-5,7	0	86,0	0	6,0	0	170,0	0	1000,81	5.k=1.moyenne	0,0	ERA5
1063086	10/04/2025	06	10/04/2025	02	HAE	-3,7	0	-6,2	0	83,0	0	9,0	0	190,0	0	1000,81	5.k=1.moyenne	0,0	ERA5
1063087	10/04/2025	07	10/04/2025	03	HAE	-4,1	0	-6,5	0	83,0	0	7,0	0	190,0	0	1000,78	5.k=1.moyenne	0,0	ERA5
1063088	10/04/2025	08	10/04/2025	04	HAE	-4,0	0	-6,9	0	80,0	0	4,0	0	210,0	0	1001,06	5.k=1.moyenne	0,0	ERA5
1063089	10/04/2025	09	10/04/2025	05	HAE	-3,9	0	-7,2	0	77,0	0	4,0	0	210,0	0	1001,44	5.k=1.moyenne	0,0	ERA5
1063090	10/04/2025	10	10/04/2025	06	HAE	-3,3	0	-7,4	0	73,0	0	5,0	0	230,0	0	1001,84	5.k=1.moyenne	0,0	ERA5
1063091	10/04/2025	11	10/04/2025	07	HAE	-2,9	0	-7,1	0	73,0	0	6,0	0	230,0	0	1002,48	5.k=1.moyenne	84,3	ERA5
1063092	10/04/2025	12	10/04/2025	08	HAE	-0,8	0	-6,2	0	67,0	0	7,0	0	220,0	0	1002,99	5.k=1.moyenne	629,8	ERA5
1063093	10/04/2025	13	10/04/2025	09	HAE	1,3	0	-6,0	0	58,0	0	14,0	0	230,0	0	1003,19	5.k=1.moyenne	1337,0	ERA5
1063094	10/04/2025	14	10/04/2025	10	HAE	2,9	0	-7,2	0	47,0	0	10,0	0	250,0	0	1003,44	5.k=1.moyenne	2006,3	ERA5
1063095	10/04/2025	15	10/04/2025	11	HAE	4,3	0	-5,3	0	50,0	0	12,0	0	180,0	0	1003,56	5.k=1.moyenne	2544,7	ERA5
1063096	10/04/2025	16	10/04/2025	12	HAE	4,9	0	-5,4	0	47,0	0	8,0	0	190,0	0	1003,49	5.k=1.moyenne	2826,0	ERA5
1063097	10/04/2025	17	10/04/2025	13	HAE	5,2	0	-6,2	0	44,0	0	15,0	0	180,0	0	1003,41	5.k=1.moyenne	2963,4	ERA5
1063098	10/04/2025	18	10/04/2025	14	HAE	5,3	0	-6,9	0	41,0	0	3,0	0	260,0	0	1003,39	5.k=1.moyenne	2612,1	ERA5
1063099	10/04/2025	19	10/04/2025	15	HAE	6,2	0	-6,0	0	41,0	0	7,0	0	190,0	0	1003,41	5.k=1.moyenne	2139,7	ERA5
1063100	10/04/2025	20	10/04/2025	16	HAE	6,8	0	-5,3	0	42,0	0	11,0	0	150,0	0	1003,23	5.k=1.moyenne	1842,5	ERA5
1063101	10/04/2025	21	10/04/2025	17	HAE	6,5	0	-6,9	0	38,0	0	6,0	0	150,0	0	1003,26	5.k=1.moyenne	1338,0	ERA5
1063102	10/04/2025	22	10/04/2025	18	HAE	6,4	0	-7,8	0	36,0	0	2,0	0	190,0	0	1003,3	5.k=1.moyenne	976,5	ERA5
1063103	10/04/2025	23	10/04/2025	19	HAE	6,0	0	-5,3	0	44,0	0	3,0	0	50,0	0	1003,49	5.k=1.moyenne	390,0	ERA5
1063104	11/04/2025	00	10/04/2025	20	HAE	5,6	0	-4,6	0	48,0	0	5,0	0	40,0	0	1004,02	5.k=1.moyenne	28,0	ERA5
1063105	11/04/2025	01	10/04/2025	21	HAE	5,6	0	-5,2	0	46,0	0	6,0	0	90,0	0	1004,47	5.k=1.moyenne	0,0	ERA5
1063106	11/04/2025	02	10/04/2025	22	HAE	4,9	0	-0,6	0	67,0	0	5,0	0	190,0	0	1004,8	5.k=1.moyenne	0,0	ERA5
1063107	11/04/2025	03	10/04/2025	23	HAE	5,2	0	0,1	0	70,0	0	11,0	0	190,0	0	1004,92	5.k=1.moyenne	0,0	ERA5
1063108	11/04/2025	04	11/04/2025	00	HAE	4,7	0	0,6	0	75,0	0	13,0	0	200,0	0	1004,92	5.k=1.moyenne	0,0	ERA5
1063109	11/04/2025	05	11/04/2025	01	HAE	4,4	0	0,8	0	78,0	0	5,0	0	80,0	0	1004,97	5.k=1.moyenne	0,0	ERA5
1063110	11/04/2025	06	11/04/2025	02	HAE	4,8	0	0,6	0	74,0	0	12,0	0	170,0	0	1004,97	5.k=1.moyenne	0,0	ERA5
1063111	11/04/2025	07	11/04/2025	03	HAE	4,3	0	1,3	0	81,0	0	8,0	0	130,0	0	1004,96	5.k=1.moyenne	0,0	ERA5
1063112	11/04/2025	08	11/04/2025	04	HAE	3,9	0	1,7	0	86,0	0	11,0	0	110,0	0	1004,95	5.k=1.moyenne	0,0	ERA5
1063113	11/04/2025	09	11/04/2025	05	HAE	3,4	0	1,5	0	88,0	0	9,0	0	80,0	0	1004,97	5.k=1.moyenne	0,0	ERA5
1063114	11/04/2025	10	11/04/2025	06	HAE	2,9	0	1,7	0	91,0	0	9,0	0	90,0	0	1005,05	5.k=1.moyenne	0,0	ERA5
1063115	11/04/2025	11	11/04/2025	07	HAE	2,8	0	1,2	0	90,0	0	6,0	0	80,0	0	1005,39	5.k=1.moyenne	28,8	ERA5
1063116	11/04/2025	12	11/04/2025	08	HAE	2,9	0	1,5	0	91,0	0	6,0	0	80,0	0	1005,73	5.k=1.moyenne	204,5	ERA5
1063117	11/04/2025	13	11/04/2025	09	HAE	3,6	0	1,8	0	88,0	0	9,0	0	100,0	0	1005,79	5.k=1.moyenne	500,5	ERA5
1063118	11/04/2025	14	11/04/2025	10	HAE	4,5	0	2,4	0	86,0	0	8,0	0	120,0	0	1005,84	5.k=1.moyenne	801,3	ERA5
1063119	11/04/2025	15	11/04/2025	11	HAE	5,8	0	2,6	0	80,0	0	11,0	0	130,0	0	1005,86	5.k=1.moyenne	885,1	ERA5
1063120	11/04/2025	16	11/04/2025	12	HAE	5,8	0	2,4	0	79,0	0	12,0	0	130,0	0	1005,49	5.k=1.moyenne	1622,4	ERA5
1063121	11/04/2025	17	11/04/2025	13	HAE	6,5	0	2,2	0	74,0	0	16,0	0	140,0	0	1005,14	5.k=1.moyenne	1325,6	ERA5
1063122	11/04/2025	18	11/04/2025	14	HAE	7,8	0	2,8	0	71,0	0	13,0	0	120,0	0	1004,85	5.k=1.moyenne	884,9	ERA5
1063123	11/04/2025	19	11/04/2025	15	HAE	7,7	0	2,2	0	68,0	0	11,0	0	120,0	0	1004,23	5.k=1.moyenne	792,2	ERA5
1063124	11/04/2025	20	11/04/2025	16	HAE	7,7	0	2,1	0	68,0	0	13,0	0	120,0	0	1003,89	5.k=1.moyenne	646,3	ERA5
1063125	11/04/2025	21	11/04/2025	17	HAE	7,8	0	2,3	0	68,0	0	7,0	0	100,0	0	1003,58	5.k=1.moyenne	562,8	ERA5
1063126	11/04/2025	22	11/04/2025	18	HAE	7,6	0	2,0	0	68,0	0	7,0	0	90,0	0	1003,53	5.k=1.moyenne	405,7	ERA5
1063127	11/04/2025	23	11/04/2025	19	HAE	7,2	0	2,5	0	72,0	0	4,0	0	100,0	0	1003,63	5.k=1.moyenne	228,7	ERA5
1063128	12/04/2025	00	11/04/2025	20	HAE	6,8	0	2,5	0	74,0	0	4,0	0	70,0	0	1003,8	5.k=1.moyenne	23,1	ERA5
1063129	12/04/2025	01	11/04/2025	21	HAE	6,4	0	3,1	0	79,0	0	5,0	0	30,0	0	1004,06	5.k=1.moyenne	0,0	ERA5
1063130	12/04/2025	02	11/04/2025	22	HAE	6,0	0	3,2	0	82,0	0	5,0	0	30,0	0	1004,08	5.k=1.moyenne	0,0	ERA5
1063131	12/04/2025	03	11/04/2025	23	HAE	4,6	0	2,8	0	88,0	0	6,0	0	40,0	0	1004,1	5.k=1.moyenne	0,0	ERA5
1063132	12/04/2025	04	12/04/2025	00	HAE	4,0	0	3,0	0	93,0	0	5,0	0	40,0	0	1004,08	5.k=1.moyenne	0,0	ERA5
1063133	12/04/2025	05	12/04/2025	01	HAE	2,6	0	2,2	0	97,0	0	5,0	0	30,0	0	1003,99	5.k=1.moyenne	0,0	ERA5
1063134	12/04/2025	06	12/04/2025	02	HAE	2,5	0	2,3	0	99,0	0	3,0	0	10,0	0	1003,99	5.k=1.moyenne	0,0	ERA5
1063135	12/04/2025	07	12/04/2025	03	HAE	3,1	0	2,8	0	98,0	0	3,0	0	30,0	0	1004,02	5.k=1.moyenne	0,0	ERA5
1063136	12/04/2025	08	12/04/2025	04	HAE	3,4	0	2,8	0	96,0	0	3,0	0	20,0	0	1003,9	5.k=1.moyenne	0,0	ERA5
1063137	12/04/2025	09	12/04/2025	05	HAE	3,1	0	2,6	0	97,0	0	5,0	0	20,0	0	1003,66	5.k=1.moyenne	0,0	ERA5
1063138	12/04/2025	10	12/04/2025	06	HAE	3,0	0	1,9	0	93,0	0	5,0	0	20,0	0	1003,82	5.k=1.moyenne	0,0	ERA5
1063139	12/04/2025	11	12/04/2025	07	HAE	3,1	0	2,5	0	96,0	0	3,0	0	10,0	0	1004,04	5.k=1.moyenne	59,1	ERA5
1063140	12/04/2025	12	12/04/2025	08	HAE	4,4	0	3,0	0	90,0	0	5,0	0	20,0	0	1004,3	5.k=1.moyenne	383,8	ERA5
1063141	12/04/2025	13	12/04/2025	09	HAE	5,4	0	2,7	0	83,0	0	6,0	0	40,0	0	1004,31	5.k=1.moyenne	609,6	ERA5
1063142	12/04/2025	14	12/04/2025	10	HAE	6,9	0	2,8	0	75,0	0	6,0	0	50,0	0	1004,41	5.k=1.moyenne	1046,6	ERA5
1063143	12/04/2025	15	12/04/2025	11	HAE	7,9	0	2,9	0	70,0	0	6,0	0	30,0	0	1004,34	5.k=1.moyenne	1543,0	ERA5
1063144	12/04/2025	16	12/04/2025	12	HAE	8,6	0	2,7	0	67,0	0	10,0	0	40,0	0	1003,98	5.k=1.moyenne	1698,2	ERA5
1063145	12/04/2025	17	12/04/2025	13	HAE	9,7	0	2,8	0	62,0	0	10,0	0	40,0	0	1003,56	5.k=1.moyenne	1772,9	ERA5
1063146	12/04/2025	18	12/04/2025	14	HAE	10,1	0	2,8	0	61,0	0	9,0	0	30,0	0	1002,89	5.k=1.moyenne	1423,6	ERA5
1063147	12/04/2025	19	12/04/2025	15	HAE	9,2	0	2,2	0	62,0	0	8,0	0	50,0	0	1002,3	5.k=1.moyenne	918,1	ERA5
1063148	12/04/2025	20	12/04/2025	16	HAE	7,4	0	3,9	0	78,0	0	12,0	0	100,0	0	1001,74	5.k=1.moyenne	730,5	ERA5
1063149	12/04/2025	21	12/04/2025	17	HAE	6,6	0	4,2	0	85,0	0	11,0	0	120,0	0	1001,46	5.k=1.moyenne	594,0	ERA5
1063150	12/04/2025	22	12/04/2025	18	HAE	6,6	0	3,7	0	82,0	0	9,0	0	110,0	0	1001,35	5.k=1.moyenne	390,7	ERA5
1063151	12/04/2025	23	12/04/2025	19	HAE	6,2	0	4,2	0	87,0	0	3,0	0	70,0	0	1001,2	5.k=1.moyenne	104,8	ERA5
1063152	13/04/2025	00	12/04/2025	20	HAE	5,7	0	4,5	0	92,0	0	4,0	0	50,0	0	1001,26	5.k=1.moyenne	17,5	ERA5
1063153	13/04/2025	01	12/04/2025	21	HAE	5,4	0	4,5	0	94,0	0	3,0	0	30,0	0	1001,32	5.k=1.moyenne	0,0	ERA5
1063154	13/04/2025	02	12/04/2025	22	HAE	4,7	0	4,2	0	96,0	0	3,0	0	360,0	0	1001,17	5.k=1.moyenne	0,0	ERA5
1063155	13/04/2025	03	12/04/2025	23	HAE	3,7	0	3,4	0	98,0	0	3,0	0	360,0	0	1000,96	5.k=1.moyenne	0,0	ERA5
1063156	13/04/2025	04	13/04/2025	00	HAE	3,8	0	3,5	0	98,0	0	4,0	0	20,0	0	1000,98	5.k=1.moyenne	0,0	ERA5
1063157	13/04/2025	05	13/04/2025	01	HAE	4,2	0	3,6	0	96,0	0	4,0	0	10,0	0	1000,94	5.k=1.moyenne	0,0	ERA5
1063158	13/04/2025	06	13/04/2025	02	HAE	4,4	0	3,3	0	93,0	0	5,0	0	20,0	0	1000,94	5.k=1.moyenne	0,0	ERA5
1063159	13/04/2025	07	13/04/2025	03	HAE	3,9	0	2,9	0	93,0	0	6,0	0	30,0	0	1000,52	5.k=1.moyenne	0,0	ERA5
1063160	13/04/2025	08	13/04/2025	04	HAE	3,6	0	3,1	0	97,0	0	4,0	0	20,0	0	1000,34	5.k=1.moyenne	0,0	ERA5
1063161	13/04/2025	09	13/04/2025	05	HAE	3,7	0	3,2	0	96,0	0	3,0	0	20,0	0	1000,3	5.k=1.moyenne	0,0	ERA5
1063162	13/04/2025	10	13/04/2025	06	HAE	4,0	0	3,4	0	96,0	0	3,0	0	330,0	0	1000,43	5.k=1.moyenne	0,0	ERA5
1063163	13/04/2025	11	13/04/2025	07	HAE	4,3	0	3,3	0	93,0	0	6,0	0	360,0	0	1000,55	5.k=1.moyenne	59,7	ERA5
1063164	13/04/2025	12	13/04/2025	08	HAE	4,7	0	3,3	0	91,0	0	3,0	0	20,0	0	1000,55	5.k=1.moyenne	304,8	ERA5
1063165	13/04/2025	13	13/04/2025	09	HAE	5,3	0	3,0	0	85,0	0	7,0	0	350,0	0	1000,25	5.k=1.moyenne	338,3	ERA5
1063166	13/04/2025	14	13/04/2025	10	HAE	6,3	0	3,1	0	80,0	0	7,0	0	360,0	0	999,803	5.k=1.moyenne	832,5	ERA5
1063167	13/04/2025	15	13/04/2025	11	HAE	7,5	0	3,1	0	73,0	0	8,0	0	360,0	0	999,564	5.k=1.moyenne	1587,6	ERA5
1063168	13/04/2025	16	13/04/2025	12	HAE	8,4	0	2,3	0	65,0	0	11,0	0	360,0	0	998,889	5.k=1.moyenne	1965,6	ERA5
1063169	13/04/2025	17	13/04/2025	13	HAE	10,1	0	2,2	0	58,0	0	12,0	0	40,0	0	998,318	5.k=1.moyenne	2100,0	ERA5
1063170	13/04/2025	18	13/04/2025	14	HAE	11,9	0	3,3	0	55,0	0	9,0	0	350,0	0	997,519	5.k=1.moyenne	2014,2	ERA5
1063171	13/04/2025	19	13/04/2025	15	HAE	12,8	0	2,2	0	48,0	0	12,0	0	30,0	0	996,908	5.k=1.moyenne	1495,1	ERA5
1063172	13/04/2025	20	13/04/2025	16	HAE	13,1	0	0,2	0	41,0	0	14,0	0	20,0	0	996,194	5.k=1.moyenne	1135,6	ERA5
1063173	13/04/2025	21	13/04/2025	17	HAE	13,9	0	-0,3	0	38,0	0	10,0	0	20,0	0	995,855	5.k=1.moyenne	1011,7	ERA5
1063174	13/04/2025	22	13/04/2025	18	HAE	13,9	0	0,1	0	39,0	0	6,0	0	20,0	0	995,474	5.k=1.moyenne	948,0	ERA5
1063175	13/04/2025	23	13/04/2025	19	HAE	13,2	0	0,5	0	42,0	0	5,0	0	300,0	0	995,344	5.k=1.moyenne	398,4	ERA5
1063176	14/04/2025	00	13/04/2025	20	HAE	10,1	0	0,8	0	52,0	0	4,0	0	280,0	0	995,236	5.k=1.moyenne	36,5	ERA5
1063177	14/04/2025	01	13/04/2025	21	HAE	8,6	0	1,0	0	59,0	0	1,0	0	310,0	0	995,169	5.k=1.moyenne	0,0	ERA5
1063178	14/04/2025	02	13/04/2025	22	HAE	6,5	0	1,4	0	70,0	0	6,0	0	40,0	0	994,916	5.k=1.moyenne	0,0	ERA5
1063179	14/04/2025	03	13/04/2025	23	HAE	6,5	0	0,7	0	66,0	0	5,0	0	50,0	0	994,662	5.k=1.moyenne	0,0	ERA5
1063180	14/04/2025	04	14/04/2025	00	HAE	4,8	0	0,5	0	74,0	0	4,0	0	30,0	0	994,347	5.k=1.moyenne	0,0	ERA5
1063181	14/04/2025	05	14/04/2025	01	HAE	5,3	0	-1,3	0	62,0	0	7,0	0	50,0	0	994,052	5.k=1.moyenne	0,0	ERA5
1063182	14/04/2025	06	14/04/2025	02	HAE	1,8	0	-1,7	0	77,0	0	2,0	0	270,0	0	994,052	5.k=1.moyenne	0,0	ERA5
1063183	14/04/2025	07	14/04/2025	03	HAE	0,7	0	-0,9	0	89,0	0	2,0	0	20,0	0	993,492	5.k=1.moyenne	0,0	ERA5
1063184	14/04/2025	08	14/04/2025	04	HAE	-0,2	0	-2,0	0	88,0	0	0,0	0	0,0	0	993,144	5.k=1.moyenne	0,0	ERA5
1063185	14/04/2025	09	14/04/2025	05	HAE	-0,8	0	-1,7	0	94,0	0	1,0	0	260,0	0	992,986	5.k=1.moyenne	0,0	ERA5
1063186	14/04/2025	10	14/04/2025	06	HAE	-1,1	0	-1,7	0	96,0	0	2,0	0	40,0	0	992,727	5.k=1.moyenne	0,0	ERA5
1063187	14/04/2025	11	14/04/2025	07	HAE	-0,1	0	-1,5	0	90,0	0	2,0	0	60,0	0	992,553	5.k=1.moyenne	119,0	ERA5
1063188	14/04/2025	12	14/04/2025	08	HAE	4,3	0	-1,1	0	68,0	0	6,0	0	120,0	0	992,174	5.k=1.moyenne	686,5	ERA5
1063189	14/04/2025	13	14/04/2025	09	HAE	6,8	0	0,3	0	63,0	0	6,0	0	150,0	0	991,588	5.k=1.moyenne	1379,4	ERA5
1063190	14/04/2025	14	14/04/2025	10	HAE	9,0	0	1,7	0	60,0	0	6,0	0	170,0	0	990,595	5.k=1.moyenne	2034,4	ERA5
1063191	14/04/2025	15	14/04/2025	11	HAE	10,1	0	1,1	0	54,0	0	4,0	0	90,0	0	990,002	5.k=1.moyenne	2575,8	ERA5
1063192	14/04/2025	16	14/04/2025	12	HAE	11,9	0	-0,9	0	41,0	0	9,0	0	100,0	0	989,09	5.k=1.moyenne	2951,5	ERA5
1063193	14/04/2025	17	14/04/2025	13	HAE	13,2	0	-0,9	0	38,0	0	4,0	0	180,0	0	988,223	5.k=1.moyenne	3122,0	ERA5
1063194	14/04/2025	18	14/04/2025	14	HAE	13,7	0	-0,8	0	37,0	0	9,0	0	90,0	0	987,654	5.k=1.moyenne	3088,4	ERA5
1063195	14/04/2025	19	14/04/2025	15	HAE	13,9	0	0,2	0	39,0	0	11,0	0	130,0	0	986,875	5.k=1.moyenne	2654,7	ERA5
1063196	14/04/2025	20	14/04/2025	16	HAE	14,9	0	-1,6	0	32,0	0	9,0	0	100,0	0	986,576	5.k=1.moyenne	1980,3	ERA5
1063197	14/04/2025	21	14/04/2025	17	HAE	15,1	0	-1,3	0	32,0	0	9,0	0	130,0	0	985,981	5.k=1.moyenne	1498,3	ERA5
1063198	14/04/2025	22	14/04/2025	18	HAE	14,6	0	0,2	0	37,0	0	6,0	0	120,0	0	985,443	5.k=1.moyenne	871,5	ERA5
1063199	14/04/2025	23	14/04/2025	19	HAE	13,6	0	0,2	0	40,0	0	5,0	0	120,0	0	985,005	5.k=1.moyenne	253,2	ERA5
1063200	15/04/2025	00	14/04/2025	20	HAE	13,0	0	1,1	0	44,0	0	7,0	0	100,0	0	984,69	5.k=1.moyenne	12,7	ERA5
1063201	15/04/2025	01	14/04/2025	21	HAE	12,6	0	0,7	0	44,0	0	4,0	0	110,0	0	984,396	5.k=1.moyenne	0,0	ERA5
1063202	15/04/2025	02	14/04/2025	22	HAE	12,6	0	0,5	0	43,0	0	7,0	0	100,0	0	984,042	5.k=1.moyenne	0,0	ERA5
1063203	15/04/2025	03	14/04/2025	23	HAE	11,5	0	4,0	0	60,0	0	9,0	0	150,0	0	983,361	5.k=1.moyenne	0,0	ERA5
1063204	15/04/2025	04	15/04/2025	00	HAE	10,9	0	4,2	0	63,0	0	3,0	0	110,0	0	982,886	5.k=1.moyenne	0,0	ERA5
1063205	15/04/2025	05	15/04/2025	01	HAE	11,3	0	3,1	0	57,0	0	11,0	0	130,0	0	982,268	5.k=1.moyenne	0,0	ERA5
1063206	15/04/2025	06	15/04/2025	02	HAE	10,4	0	4,3	0	66,0	0	12,0	0	150,0	0	982,268	5.k=1.moyenne	0,0	ERA5
1063207	15/04/2025	07	15/04/2025	03	HAE	10,6	0	4,0	0	64,0	0	17,0	0	180,0	0	981,661	5.k=1.moyenne	0,0	ERA5
1063208	15/04/2025	08	15/04/2025	04	HAE	10,0	0	3,7	0	65,0	0	17,0	0	180,0	0	980,955	5.k=1.moyenne	0,0	ERA5
1063209	15/04/2025	09	15/04/2025	05	HAE	11,0	0	3,7	0	61,0	0	23,0	0	190,0	0	980,524	5.k=1.moyenne	0,0	ERA5
1063210	15/04/2025	10	15/04/2025	06	HAE	9,8	0	4,6	0	70,0	0	1,0	0	300,0	0	980,161	5.k=1.moyenne	0,0	ERA5
1063211	15/04/2025	11	15/04/2025	07	HAE	9,4	0	5,5	0	77,0	0	17,0	0	180,0	0	979,633	5.k=1.moyenne	96,7	ERA5
1063212	15/04/2025	12	15/04/2025	08	HAE	10,8	0	6,8	0	76,0	0	12,0	0	190,0	0	979,397	5.k=1.moyenne	472,7	ERA5
1063213	15/04/2025	13	15/04/2025	09	HAE	13,6	0	6,8	0	64,0	0	9,0	0	230,0	0	978,919	5.k=1.moyenne	1206,8	ERA5
1063214	15/04/2025	14	15/04/2025	10	HAE	15,5	0	6,5	0	55,0	0	26,0	0	240,0	0	978,659	5.k=1.moyenne	1786,6	ERA5
1063215	15/04/2025	15	15/04/2025	11	HAE	14,4	0	4,2	0	50,0	0	14,0	0	270,0	0	978,279	5.k=1.moyenne	2427,0	ERA5
1063216	15/04/2025	16	15/04/2025	12	HAE	14,3	0	1,8	0	43,0	0	19,0	0	270,0	0	977,882	5.k=1.moyenne	2417,8	ERA5
1063217	15/04/2025	17	15/04/2025	13	HAE	13,0	0	3,6	0	53,0	0	12,0	0	260,0	0	977,528	5.k=1.moyenne	2026,5	ERA5
1063218	15/04/2025	18	15/04/2025	14	HAE	7,4	0	5,7	0	89,0	0	30,0	0	250,0	0	977,482	5.k=1.moyenne	1302,9	ERA5
1063219	15/04/2025	19	15/04/2025	15	HAE	9,0	0	5,7	0	80,0	0	8,0	0	240,0	0	977,112	5.k=1.moyenne	1096,6	ERA5
1063220	15/04/2025	20	15/04/2025	16	HAE	10,0	0	4,0	0	66,0	0	30,0	0	250,0	0	977,172	5.k=1.moyenne	1858,1	ERA5
1063221	15/04/2025	21	15/04/2025	17	HAE	10,6	0	2,7	0	58,0	0	17,0	0	290,0	0	977,112	5.k=1.moyenne	1102,7	ERA5
1063222	15/04/2025	22	15/04/2025	18	HAE	7,8	0	4,4	0	79,0	0	10,0	0	270,0	0	977,155	5.k=1.moyenne	712,9	ERA5
1063223	15/04/2025	23	15/04/2025	19	HAE	8,1	0	3,6	0	74,0	0	17,0	0	230,0	0	977,282	5.k=1.moyenne	398,2	ERA5
1063224	16/04/2025	00	15/04/2025	20	HAE	7,2	0	4,4	0	82,0	0	18,0	0	240,0	0	977,451	5.k=1.moyenne	51,6	ERA5
1063225	16/04/2025	01	15/04/2025	21	HAE	5,2	0	3,0	0	85,0	0	12,0	0	260,0	0	977,559	5.k=1.moyenne	0,0	ERA5
1063226	16/04/2025	02	15/04/2025	22	HAE	5,2	0	3,3	0	87,0	0	15,0	0	250,0	0	977,506	5.k=1.moyenne	0,0	ERA5
1063227	16/04/2025	03	15/04/2025	23	HAE	5,3	0	3,2	0	86,0	0	12,0	0	240,0	0	977,372	5.k=1.moyenne	0,0	ERA5
1063228	16/04/2025	04	16/04/2025	00	HAE	4,9	0	1,8	0	80,0	0	15,0	0	260,0	0	977,198	5.k=1.moyenne	0,0	ERA5
1063229	16/04/2025	05	16/04/2025	01	HAE	4,5	0	2,2	0	85,0	0	14,0	0	260,0	0	977,046	5.k=1.moyenne	0,0	ERA5
1063230	16/04/2025	06	16/04/2025	02	HAE	4,0	0	2,0	0	87,0	0	17,0	0	250,0	0	977,046	5.k=1.moyenne	0,0	ERA5
1063231	16/04/2025	07	16/04/2025	03	HAE	3,3	0	0,9	0	84,0	0	13,0	0	270,0	0	976,797	5.k=1.moyenne	0,0	ERA5
1063232	16/04/2025	08	16/04/2025	04	HAE	1,9	0	0,1	0	88,0	0	20,0	0	270,0	0	976,738	5.k=1.moyenne	0,0	ERA5
1063233	16/04/2025	09	16/04/2025	05	HAE	1,4	0	-1,4	0	82,0	0	20,0	0	260,0	0	976,867	5.k=1.moyenne	0,0	ERA5
1063234	16/04/2025	10	16/04/2025	06	HAE	0,9	0	-1,9	0	82,0	0	21,0	0	260,0	0	976,977	5.k=1.moyenne	0,0	ERA5
1063235	16/04/2025	11	16/04/2025	07	HAE	0,8	0	-1,9	0	82,0	0	22,0	0	270,0	0	977,422	5.k=1.moyenne	82,6	ERA5
1063236	16/04/2025	12	16/04/2025	08	HAE	0,7	0	-2,1	0	81,0	0	14,0	0	250,0	0	977,804	5.k=1.moyenne	221,3	ERA5
1063237	16/04/2025	13	16/04/2025	09	HAE	0,8	0	-1,9	0	82,0	0	17,0	0	260,0	0	978,182	5.k=1.moyenne	595,6	ERA5
1063238	16/04/2025	14	16/04/2025	10	HAE	0,9	0	-0,9	0	88,0	0	22,0	0	260,0	0	978,602	5.k=1.moyenne	1027,6	ERA5
1063239	16/04/2025	15	16/04/2025	11	HAE	0,6	0	-1,3	0	87,0	0	24,0	0	260,0	0	979,105	5.k=1.moyenne	880,3	ERA5
1063240	16/04/2025	16	16/04/2025	12	HAE	1,0	0	-0,7	0	88,0	0	22,0	0	280,0	0	979,547	5.k=1.moyenne	998,6	ERA5
1063241	16/04/2025	17	16/04/2025	13	HAE	1,9	0	0,3	0	89,0	0	17,0	0	270,0	0	979,906	5.k=1.moyenne	1255,1	ERA5
1063242	16/04/2025	18	16/04/2025	14	HAE	1,7	0	-0,4	0	86,0	0	23,0	0	270,0	0	980,164	5.k=1.moyenne	1082,8	ERA5
1063243	16/04/2025	19	16/04/2025	15	HAE	1,6	0	-0,2	0	88,0	0	20,0	0	270,0	0	980,504	5.k=1.moyenne	755,9	ERA5
1063244	16/04/2025	20	16/04/2025	16	HAE	2,0	0	0,9	0	92,0	0	19,0	0	270,0	0	981,152	5.k=1.moyenne	568,9	ERA5
1063245	16/04/2025	21	16/04/2025	17	HAE	2,2	0	1,1	0	93,0	0	22,0	0	270,0	0	981,688	5.k=1.moyenne	619,0	ERA5
1063246	16/04/2025	22	16/04/2025	18	HAE	2,4	0	1,1	0	91,0	0	22,0	0	270,0	0	982,228	5.k=1.moyenne	357,0	ERA5
1063247	16/04/2025	23	16/04/2025	19	HAE	2,5	0	0,8	0	88,0	0	17,0	0	280,0	0	982,947	5.k=1.moyenne	221,7	ERA5
1063248	17/04/2025	00	16/04/2025	20	HAE	3,0	0	-0,4	0	78,0	0	17,0	0	300,0	0	983,772	5.k=1.moyenne	33,5	ERA5
1063249	17/04/2025	01	16/04/2025	21	HAE	2,8	0	-1,6	0	73,0	0	11,0	0	300,0	0	984,726	5.k=1.moyenne	0,0	ERA5
1063250	17/04/2025	02	16/04/2025	22	HAE	1,6	0	-3,2	0	70,0	0	17,0	0	300,0	0	985,36	5.k=1.moyenne	0,0	ERA5
1063251	17/04/2025	03	16/04/2025	23	HAE	1,3	0	-3,5	0	71,0	0	18,0	0	290,0	0	985,867	5.k=1.moyenne	0,0	ERA5
1063252	17/04/2025	04	17/04/2025	00	HAE	1,1	0	-3,4	0	72,0	0	12,0	0	290,0	0	986,354	5.k=1.moyenne	0,0	ERA5
1063253	17/04/2025	05	17/04/2025	01	HAE	1,1	0	-3,5	0	71,0	0	14,0	0	290,0	0	986,989	5.k=1.moyenne	0,0	ERA5
1063254	17/04/2025	06	17/04/2025	02	HAE	1,0	0	-3,0	0	75,0	0	10,0	0	280,0	0	986,989	5.k=1.moyenne	0,0	ERA5
1063255	17/04/2025	07	17/04/2025	03	HAE	0,9	0	-3,2	0	74,0	0	8,0	0	280,0	0	987,524	5.k=1.moyenne	0,0	ERA5
1063256	17/04/2025	08	17/04/2025	04	HAE	0,9	0	-3,5	0	72,0	0	11,0	0	270,0	0	988,054	5.k=1.moyenne	0,0	ERA5
1063257	17/04/2025	09	17/04/2025	05	HAE	0,7	0	-3,4	0	74,0	0	11,0	0	260,0	0	988,795	5.k=1.moyenne	0,0	ERA5
1063258	17/04/2025	10	17/04/2025	06	HAE	0,3	0	-4,4	0	71,0	0	15,0	0	280,0	0	989,531	5.k=1.moyenne	0,0	ERA5
1063259	17/04/2025	11	17/04/2025	07	HAE	0,2	0	-4,8	0	69,0	0	13,0	0	280,0	0	990,274	5.k=1.moyenne	126,4	ERA5
1063260	17/04/2025	12	17/04/2025	08	HAE	0,5	0	-5,3	0	65,0	0	16,0	0	290,0	0	990,969	5.k=1.moyenne	653,3	ERA5
1063261	17/04/2025	13	17/04/2025	09	HAE	1,3	0	-5,1	0	63,0	0	19,0	0	270,0	0	991,58	5.k=1.moyenne	1381,4	ERA5
1063262	17/04/2025	14	17/04/2025	10	HAE	2,4	0	-5,2	0	57,0	0	17,0	0	290,0	0	992,0	5.k=1.moyenne	2157,7	ERA5
1063263	17/04/2025	15	17/04/2025	11	HAE	3,2	0	-5,5	0	53,0	0	20,0	0	270,0	0	992,273	5.k=1.moyenne	2661,7	ERA5
1063264	17/04/2025	16	17/04/2025	12	HAE	4,5	0	-6,6	0	44,0	0	24,0	0	280,0	0	992,543	5.k=1.moyenne	3089,3	ERA5
1063265	17/04/2025	17	17/04/2025	13	HAE	5,9	0	-7,3	0	38,0	0	15,0	0	280,0	0	992,854	5.k=1.moyenne	3193,6	ERA5
1063266	17/04/2025	18	17/04/2025	14	HAE	6,5	0	-10,1	0	29,0	0	20,0	0	300,0	0	993,163	5.k=1.moyenne	3259,3	ERA5
1063267	17/04/2025	19	17/04/2025	15	HAE	7,5	0	-8,4	0	31,0	0	24,0	0	270,0	0	993,366	5.k=1.moyenne	3003,1	ERA5
1063268	17/04/2025	20	17/04/2025	16	HAE	8,6	0	-9,6	0	26,0	0	20,0	0	290,0	0	993,627	5.k=1.moyenne	2566,3	ERA5
1063269	17/04/2025	21	17/04/2025	17	HAE	8,7	0	-9,9	0	26,0	0	21,0	0	280,0	0	994,044	5.k=1.moyenne	1962,8	ERA5
1063270	17/04/2025	22	17/04/2025	18	HAE	8,9	0	-10,0	0	25,0	0	17,0	0	270,0	0	994,567	5.k=1.moyenne	1284,4	ERA5
1063271	17/04/2025	23	17/04/2025	19	HAE	8,0	0	-6,9	0	34,0	0	12,0	0	260,0	0	995,195	5.k=1.moyenne	604,6	ERA5
1063272	18/04/2025	00	17/04/2025	20	HAE	5,4	0	-6,0	0	44,0	0	5,0	0	250,0	0	995,823	5.k=1.moyenne	76,2	ERA5
1063273	18/04/2025	01	17/04/2025	21	HAE	4,4	0	-6,4	0	45,0	0	5,0	0	250,0	0	996,385	5.k=1.moyenne	0,0	ERA5
1063274	18/04/2025	02	17/04/2025	22	HAE	4,2	0	-7,0	0	44,0	0	4,0	0	260,0	0	996,692	5.k=1.moyenne	0,0	ERA5
1063275	18/04/2025	03	17/04/2025	23	HAE	3,8	0	-7,6	0	43,0	0	4,0	0	270,0	0	997,317	5.k=1.moyenne	0,0	ERA5
1063276	18/04/2025	04	18/04/2025	00	HAE	3,5	0	-7,3	0	45,0	0	6,0	0	260,0	0	997,835	5.k=1.moyenne	0,0	ERA5
1063277	18/04/2025	05	18/04/2025	01	HAE	3,2	0	-5,5	0	53,0	0	6,0	0	260,0	0	998,182	5.k=1.moyenne	0,0	ERA5
1063278	18/04/2025	06	18/04/2025	02	HAE	2,8	0	-4,9	0	57,0	0	4,0	0	260,0	0	998,182	5.k=1.moyenne	0,0	ERA5
1063279	18/04/2025	07	18/04/2025	03	HAE	-1,3	0	-5,3	0	74,0	0	3,0	0	200,0	0	998,3	5.k=1.moyenne	0,0	ERA5
1063280	18/04/2025	08	18/04/2025	04	HAE	-1,7	0	-3,6	0	87,0	0	4,0	0	150,0	0	998,459	5.k=1.moyenne	0,0	ERA5
1063281	18/04/2025	09	18/04/2025	05	HAE	-1,2	0	-4,1	0	81,0	0	7,0	0	140,0	0	998,575	5.k=1.moyenne	0,0	ERA5
1063282	18/04/2025	10	18/04/2025	06	HAE	0,4	0	-3,4	0	75,0	0	9,0	0	140,0	0	998,839	5.k=1.moyenne	0,0	ERA5
1063283	18/04/2025	11	18/04/2025	07	HAE	1,3	0	-2,8	0	74,0	0	12,0	0	150,0	0	999,167	5.k=1.moyenne	148,1	ERA5
1063284	18/04/2025	12	18/04/2025	08	HAE	3,5	0	-1,6	0	69,0	0	13,0	0	160,0	0	999,216	5.k=1.moyenne	630,1	ERA5
1063285	18/04/2025	13	18/04/2025	09	HAE	6,7	0	-2,7	0	51,0	0	25,0	0	170,0	0	999,01	5.k=1.moyenne	1399,2	ERA5
1063286	18/04/2025	14	18/04/2025	10	HAE	9,2	0	-3,4	0	41,0	0	32,0	0	170,0	0	998,591	5.k=1.moyenne	2103,8	ERA5
1063287	18/04/2025	15	18/04/2025	11	HAE	11,4	0	-2,5	0	38,0	0	23,0	0	160,0	0	997,852	5.k=1.moyenne	2409,1	ERA5
1063288	18/04/2025	16	18/04/2025	12	HAE	12,8	0	-4,6	0	29,0	0	30,0	0	180,0	0	997,049	5.k=1.moyenne	2358,8	ERA5
1063289	18/04/2025	17	18/04/2025	13	HAE	11,5	0	-3,6	0	35,0	0	24,0	0	180,0	0	996,479	5.k=1.moyenne	1390,8	ERA5
1063290	18/04/2025	18	18/04/2025	14	HAE	11,8	0	-2,2	0	38,0	0	20,0	0	160,0	0	995,845	5.k=1.moyenne	605,8	ERA5
1063291	18/04/2025	19	18/04/2025	15	HAE	12,1	0	-2,0	0	37,0	0	14,0	0	170,0	0	995,147	5.k=1.moyenne	573,7	ERA5
1063292	18/04/2025	20	18/04/2025	16	HAE	13,0	0	-0,9	0	38,0	0	18,0	0	160,0	0	994,427	5.k=1.moyenne	532,2	ERA5
1063293	18/04/2025	21	18/04/2025	17	HAE	13,0	0	-0,366667	4.lineaire	41,0	0	22,0	0	160,0	0	993,75	5.k=1.moyenne	263,6	ERA5
1063294	18/04/2025	22	18/04/2025	18	HAE	14,4	0	0,166667	4.lineaire	37,0	0	27,0	0	190,0	0	993,647	5.k=1.moyenne	246,5	ERA5
1063295	18/04/2025	23	18/04/2025	19	HAE	14,4	0	0,7	0	39,0	0	20,0	0	200,0	0	993,543	5.k=1.moyenne	134,7	ERA5
1063296	19/04/2025	00	18/04/2025	20	HAE	13,6	0	1,9	0	45,0	0	13,0	0	210,0	0	993,61	5.k=1.moyenne	11,8	ERA5
1063297	19/04/2025	01	18/04/2025	21	HAE	13,1	0	2,9	0	50,0	0	14,0	0	180,0	0	993,442	5.k=1.moyenne	0,0	ERA5
1063298	19/04/2025	02	18/04/2025	22	HAE	13,4	0	3,9	0	53,0	0	16,0	0	180,0	0	993,338	5.k=1.moyenne	0,0	ERA5
1063299	19/04/2025	03	18/04/2025	23	HAE	13,0	0	4,2	0	55,0	0	16,0	0	180,0	0	992,957	5.k=1.moyenne	0,0	ERA5
1063300	19/04/2025	04	19/04/2025	00	HAE	12,3	0	4,4	0	58,0	0	12,0	0	190,0	0	992,32	5.k=1.moyenne	0,0	ERA5
1063301	19/04/2025	05	19/04/2025	01	HAE	12,2	0	4,7	0	60,0	0	14,0	0	190,0	0	991,96	5.k=1.moyenne	0,0	ERA5
1063302	19/04/2025	06	19/04/2025	02	HAE	11,5	0	7,3	0	76,0	0	14,0	0	190,0	0	991,96	5.k=1.moyenne	0,0	ERA5
1063303	19/04/2025	07	19/04/2025	03	HAE	10,7	0	10,5	0	99,0	0	20,0	0	140,0	0	991,128	5.k=1.moyenne	0,0	ERA5
1063304	19/04/2025	08	19/04/2025	04	HAE	10,8	0	9,6	0	93,0	0	13,0	0	180,0	0	990,852	5.k=1.moyenne	0,0	ERA5
1063305	19/04/2025	09	19/04/2025	05	HAE	10,7	0	8,7	0	88,0	0	14,0	0	180,0	0	990,768	5.k=1.moyenne	0,0	ERA5
1063306	19/04/2025	10	19/04/2025	06	HAE	11,1	0	7,7	0	80,0	0	17,0	0	170,0	0	990,708	5.k=1.moyenne	0,0	ERA5
1063307	19/04/2025	11	19/04/2025	07	HAE	10,9	0	7,8	0	81,0	0	20,0	0	200,0	0	990,628	5.k=1.moyenne	28,9	ERA5
1063308	19/04/2025	12	19/04/2025	08	HAE	11,2	0	8,2	0	82,0	0	27,0	0	170,0	0	990,293	5.k=1.moyenne	212,3	ERA5
1063309	19/04/2025	13	19/04/2025	09	HAE	12,6	0	9,3	0	80,0	0	20,0	0	190,0	0	989,748	5.k=1.moyenne	455,4	ERA5
1063310	19/04/2025	14	19/04/2025	10	HAE	13,0	0	9,5	0	79,0	0	26,0	0	180,0	0	989,097	5.k=1.moyenne	610,0	ERA5
1063311	19/04/2025	15	19/04/2025	11	HAE	14,0	0	10,3	0	78,0	0	19,0	0	180,0	0	988,596	5.k=1.moyenne	453,8	ERA5
1063312	19/04/2025	16	19/04/2025	12	HAE	14,9	0	10,6	0	75,0	0	23,0	0	180,0	0	988,053	5.k=1.moyenne	1147,7	ERA5
1063313	19/04/2025	17	19/04/2025	13	HAE	15,9	0	12,1	0	78,0	0	29,0	0	190,0	0	987,575	5.k=1.moyenne	669,4	ERA5
1063314	19/04/2025	18	19/04/2025	14	HAE	14,5	0	11,6	0	82,0	0	24,0	0	190,0	0	987,417	5.k=1.moyenne	568,6	ERA5
1063315	19/04/2025	19	19/04/2025	15	HAE	15,5	0	12,9	0	85,0	0	17,0	0	180,0	0	987,345	5.k=1.moyenne	689,2	ERA5
1063316	19/04/2025	20	19/04/2025	16	HAE	16,1	0	14,0	0	87,0	0	16,0	0	170,0	0	987,338	5.k=1.moyenne	482,9	ERA5
1063317	19/04/2025	21	19/04/2025	17	HAE	16,1	0	14,6	0	91,0	0	11,0	0	170,0	0	987,331	5.k=1.moyenne	469,0	ERA5
1063318	19/04/2025	22	19/04/2025	18	HAE	20,5	0	16,1	0	76,0	0	11,0	0	250,0	0	987,729	5.k=1.moyenne	288,3	ERA5
1063319	19/04/2025	23	19/04/2025	19	HAE	18,7	0	14,8	0	78,0	0	6,0	0	290,0	0	988,0	5.k=1.moyenne	279,4	ERA5
1063320	20/04/2025	00	19/04/2025	20	HAE	17,3	0	13,7	0	79,0	0	6,0	0	300,0	0	988,505	5.k=1.moyenne	26,1	ERA5
1063321	20/04/2025	01	19/04/2025	21	HAE	16,1	0	11,5	0	74,0	0	13,0	0	270,0	0	989,117	5.k=1.moyenne	0,0	ERA5
1063322	20/04/2025	02	19/04/2025	22	HAE	14,9	0	10,0	0	72,0	0	9,0	0	290,0	0	989,687	5.k=1.moyenne	0,0	ERA5
1063323	20/04/2025	03	19/04/2025	23	HAE	14,1	0	9,9	0	76,0	0	8,0	0	250,0	0	990,215	5.k=1.moyenne	0,0	ERA5
1063324	20/04/2025	04	20/04/2025	00	HAE	12,3	0	7,6	0	73,0	0	17,0	0	290,0	0	990,701	5.k=1.moyenne	0,0	ERA5
1063325	20/04/2025	05	20/04/2025	01	HAE	10,8	0	4,4	0	65,0	0	24,0	0	270,0	0	991,229	5.k=1.moyenne	0,0	ERA5
1063326	20/04/2025	06	20/04/2025	02	HAE	8,5	0	3,1	0	69,0	0	19,0	0	290,0	0	991,229	5.k=1.moyenne	0,0	ERA5
1063327	20/04/2025	07	20/04/2025	03	HAE	6,6	0	1,1	0	68,0	0	13,0	0	320,0	0	992,118	5.k=1.moyenne	0,0	ERA5
1063328	20/04/2025	08	20/04/2025	04	HAE	4,7	0	-1,2	0	65,0	0	17,0	0	320,0	0	992,98	5.k=1.moyenne	0,0	ERA5
1063329	20/04/2025	09	20/04/2025	05	HAE	3,4	0	-2,8	0	64,0	0	14,0	0	310,0	0	993,859	5.k=1.moyenne	0,0	ERA5
1063330	20/04/2025	10	20/04/2025	06	HAE	2,7	0	-4,5	0	59,0	0	18,0	0	300,0	0	995,011	5.k=1.moyenne	0,0	ERA5
1063331	20/04/2025	11	20/04/2025	07	HAE	2,8	0	-4,3	0	60,0	0	17,0	0	290,0	0	996,159	5.k=1.moyenne	103,8	ERA5
1063332	20/04/2025	12	20/04/2025	08	HAE	3,2	0	-4,6	0	56,0	0	16,0	0	300,0	0	997,219	5.k=1.moyenne	665,7	ERA5
1063333	20/04/2025	13	20/04/2025	09	HAE	4,2	0	-4,6	0	53,0	0	15,0	0	310,0	0	997,934	5.k=1.moyenne	1407,8	ERA5
1063334	20/04/2025	14	20/04/2025	10	HAE	5,1	0	-4,7	0	49,0	0	20,0	0	320,0	0	998,477	5.k=1.moyenne	1920,1	ERA5
1063335	20/04/2025	15	20/04/2025	11	HAE	5,7	0	-5,3	0	45,0	0	19,0	0	310,0	0	998,783	5.k=1.moyenne	2481,5	ERA5
1063336	20/04/2025	16	20/04/2025	12	HAE	6,6	0	-5,0	0	44,0	0	12,0	0	320,0	0	999,108	5.k=1.moyenne	3053,4	ERA5
1063337	20/04/2025	17	20/04/2025	13	HAE	7,1	0	-5,8	0	39,0	0	21,0	0	300,0	0	999,643	5.k=1.moyenne	3209,9	ERA5
1063338	20/04/2025	18	20/04/2025	14	HAE	8,6	0	-3,7	0	42,0	0	17,0	0	290,0	0	1000,11	5.k=1.moyenne	3220,9	ERA5
1063339	20/04/2025	19	20/04/2025	15	HAE	9,1	0	-5,1	0	36,0	0	17,0	0	290,0	0	1000,62	5.k=1.moyenne	3011,1	ERA5
1063340	20/04/2025	20	20/04/2025	16	HAE	9,5	0	-6,6	0	31,0	0	21,0	0	300,0	0	1001,22	5.k=1.moyenne	2580,3	ERA5
1063341	20/04/2025	21	20/04/2025	17	HAE	9,8	0	-7,4	0	29,0	0	20,0	0	310,0	0	1002,0	5.k=1.moyenne	2009,7	ERA5
1063342	20/04/2025	22	20/04/2025	18	HAE	9,8	0	-7,0	0	30,0	0	13,0	0	310,0	0	1002,95	5.k=1.moyenne	1335,4	ERA5
1063343	20/04/2025	23	20/04/2025	19	HAE	9,0	0	-7,6	0	30,0	0	10,0	0	330,0	0	1003,77	5.k=1.moyenne	637,6	ERA5
1063344	21/04/2025	00	20/04/2025	20	HAE	7,4	0	-7,1	0	35,0	0	6,0	0	330,0	0	1004,72	5.k=1.moyenne	94,0	ERA5
1063345	21/04/2025	01	20/04/2025	21	HAE	6,3	0	-6,7	0	39,0	0	5,0	0	320,0	0	1005,46	5.k=1.moyenne	0,0	ERA5
1063346	21/04/2025	02	20/04/2025	22	HAE	4,4	0	-4,7	0	52,0	0	3,0	0	360,0	0	1005,83	5.k=1.moyenne	0,0	ERA5
1063347	21/04/2025	03	20/04/2025	23	HAE	2,3	0	-5,3	0	57,0	0	0,0	0	0,0	0	1005,95	5.k=1.moyenne	0,0	ERA5
1063348	21/04/2025	04	21/04/2025	00	HAE	1,4	0	-5,0	0	63,0	0	1,0	0	20,0	0	1005,92	5.k=1.moyenne	0,0	ERA5
1063349	21/04/2025	05	21/04/2025	01	HAE	0,1	0	-2,9	0	80,0	0	1,0	0	210,0	0	1006,05	5.k=1.moyenne	0,0	ERA5
1063350	21/04/2025	06	21/04/2025	02	HAE	-0,2	0	-3,5	0	78,0	0	3,0	0	210,0	0	1006,05	5.k=1.moyenne	0,0	ERA5
1063351	21/04/2025	07	21/04/2025	03	HAE	0,65	4.lineaire	-2,9	0	81,0	0	1,0	0	340,0	0	1006,06	5.k=1.moyenne	0,0	ERA5
1063352	21/04/2025	08	21/04/2025	04	HAE	1,5	0	-5,5	0	60,0	0	3,0	0	30,0	0	1006,32	5.k=1.moyenne	0,0	ERA5
1063353	21/04/2025	09	21/04/2025	05	HAE	0,3	0	-5,1	0	67,0	0	2,0	0	10,0	0	1006,48	5.k=1.moyenne	0,0	ERA5
1063354	21/04/2025	10	21/04/2025	06	HAE	-1,7	0	-4,2	0	83,0	0	1,0	0	140,0	0	1006,55	5.k=1.moyenne	0,0	ERA5
1063355	21/04/2025	11	21/04/2025	07	HAE	0,5	0	-2,4	0	81,0	0	2,0	0	70,0	0	1006,79	5.k=1.moyenne	189,7	ERA5
1063356	21/04/2025	12	21/04/2025	08	HAE	4,4	0	-6,6	0	45,0	0	8,0	0	50,0	0	1006,72	5.k=1.moyenne	798,5	ERA5
1063357	21/04/2025	13	21/04/2025	09	HAE	6,2	0	-6,5	0	40,0	0	8,0	0	70,0	0	1006,3	5.k=1.moyenne	1484,1	ERA5
1063358	21/04/2025	14	21/04/2025	10	HAE	7,3	0	-7,8	0	33,0	0	8,0	0	110,0	0	1005,58	5.k=1.moyenne	2078,3	ERA5
1063359	21/04/2025	15	21/04/2025	11	HAE	9,1	0	-5,2	0	36,0	0	10,0	0	80,0	0	1004,88	5.k=1.moyenne	2631,5	ERA5
1063360	21/04/2025	16	21/04/2025	12	HAE	10,4	0	-5,6	0	32,0	0	9,0	0	80,0	0	1004,01	5.k=1.moyenne	3006,0	ERA5
1063361	21/04/2025	17	21/04/2025	13	HAE	11,3	0	-6,4	0	28,0	0	9,0	0	120,0	0	1002,93	5.k=1.moyenne	3120,7	ERA5
1063362	21/04/2025	18	21/04/2025	14	HAE	12,7	0	-4,1	0	31,0	0	8,0	0	130,0	0	1001,83	5.k=1.moyenne	2688,4	ERA5
1063363	21/04/2025	19	21/04/2025	15	HAE	13,1	0	-4,0	0	30,0	0	13,0	0	140,0	0	1000,75	5.k=1.moyenne	2201,1	ERA5
1063364	21/04/2025	20	21/04/2025	16	HAE	13,4	0	-2,3	0	34,0	0	12,0	0	140,0	0	999,826	5.k=1.moyenne	979,3	ERA5
1063365	21/04/2025	21	21/04/2025	17	HAE	11,6	0	3,0	0	55,0	0	13,0	0	180,0	0	999,308	5.k=1.moyenne	558,5	ERA5
1063366	21/04/2025	22	21/04/2025	18	HAE	9,2	0	4,8	0	74,0	0	10,0	0	120,0	0	998,821	5.k=1.moyenne	191,4	ERA5
1063367	21/04/2025	23	21/04/2025	19	HAE	8,7	0	5,4	0	80,0	0	12,0	0	120,0	0	998,356	5.k=1.moyenne	64,4	ERA5
1063368	22/04/2025	00	21/04/2025	20	HAE	9,0	0	4,9	0	75,0	0	14,0	0	110,0	0	997,996	5.k=1.moyenne	17,4	ERA5
1063369	22/04/2025	01	21/04/2025	21	HAE	9,4	0	4,9	0	73,0	0	16,0	0	120,0	0	997,849	5.k=1.moyenne	0,0	ERA5
1063370	22/04/2025	02	21/04/2025	22	HAE	9,1	0	5,5	0	78,0	0	15,0	0	120,0	0	997,575	5.k=1.moyenne	0,0	ERA5
1063371	22/04/2025	03	21/04/2025	23	HAE	8,3	0	5,6	0	83,0	0	20,0	0	150,0	0	997,108	5.k=1.moyenne	0,0	ERA5
1063372	22/04/2025	04	22/04/2025	00	HAE	8,0	0	5,8	0	86,0	0	25,0	0	160,0	0	996,599	5.k=1.moyenne	0,0	ERA5
1063373	22/04/2025	05	22/04/2025	01	HAE	8,5	0	5,4	0	81,0	0	26,0	0	160,0	0	996,175	5.k=1.moyenne	0,0	ERA5
1063374	22/04/2025	06	22/04/2025	02	HAE	8,9	0	4,9	0	76,0	0	28,0	0	170,0	0	996,175	5.k=1.moyenne	0,0	ERA5
1063375	22/04/2025	07	22/04/2025	03	HAE	8,8	0	5,1	0	77,0	0	26,0	0	180,0	0	995,554	5.k=1.moyenne	0,0	ERA5
1063376	22/04/2025	08	22/04/2025	04	HAE	8,8	0	5,0	0	77,0	0	29,0	0	180,0	0	995,086	5.k=1.moyenne	0,0	ERA5
1063377	22/04/2025	09	22/04/2025	05	HAE	8,6	0	5,4	0	80,0	0	24,0	0	180,0	0	994,749	5.k=1.moyenne	0,0	ERA5
1063378	22/04/2025	10	22/04/2025	06	HAE	8,5	0	5,7	0	83,0	0	24,0	0	190,0	0	994,734	5.k=1.moyenne	0,0	ERA5
1063379	22/04/2025	11	22/04/2025	07	HAE	8,2	0	6,9	0	91,0	0	11,0	0	190,0	0	994,653	5.k=1.moyenne	34,5	ERA5
1063380	22/04/2025	12	22/04/2025	08	HAE	8,8	0	7,8	0	94,0	0	10,0	0	180,0	0	994,623	5.k=1.moyenne	209,5	ERA5
1063381	22/04/2025	13	22/04/2025	09	HAE	9,1	0	8,2	0	94,0	0	8,0	0	180,0	0	994,699	5.k=1.moyenne	718,2	ERA5
1063382	22/04/2025	14	22/04/2025	10	HAE	11,1	0	4,9	0	66,0	0	25,0	0	240,0	0	994,653	5.k=1.moyenne	877,0	ERA5
1063383	22/04/2025	15	22/04/2025	11	HAE	12,1	0	4,5	0	60,0	0	26,0	0	240,0	0	994,526	5.k=1.moyenne	1395,5	ERA5
1063384	22/04/2025	16	22/04/2025	12	HAE	11,5	0	4,4	0	62,0	0	18,0	0	240,0	0	994,463	5.k=1.moyenne	1053,0	ERA5
1063385	22/04/2025	17	22/04/2025	13	HAE	11,4	0	3,9	0	60,0	0	20,0	0	260,0	0	994,36	5.k=1.moyenne	1376,8	ERA5
1063386	22/04/2025	18	22/04/2025	14	HAE	10,9	0	2,4	0	56,0	0	23,0	0	250,0	0	994,717	5.k=1.moyenne	861,7	ERA5
1063387	22/04/2025	19	22/04/2025	15	HAE	11,3	0	3,0	0	57,0	0	21,0	0	250,0	0	995,014	5.k=1.moyenne	862,6	ERA5
1063388	22/04/2025	20	22/04/2025	16	HAE	11,3	0	2,9	0	56,0	0	22,0	0	250,0	0	995,186	5.k=1.moyenne	911,1	ERA5
1063389	22/04/2025	21	22/04/2025	17	HAE	11,4	0	2,7	0	55,0	0	26,0	0	260,0	0	995,61	5.k=1.moyenne	683,3	ERA5
1063390	22/04/2025	22	22/04/2025	18	HAE	10,9	0	3,1	0	58,0	0	14,0	0	260,0	0	996,014	5.k=1.moyenne	513,7	ERA5
1063391	22/04/2025	23	22/04/2025	19	HAE	10,4	0	3,4	0	62,0	0	11,0	0	250,0	0	996,502	5.k=1.moyenne	184,2	ERA5
1063392	23/04/2025	00	22/04/2025	20	HAE	10,1	0	3,2	0	62,0	0	11,0	0	250,0	0	996,95	5.k=1.moyenne	43,1	ERA5
1063393	23/04/2025	01	22/04/2025	21	HAE	9,6	0	2,4	0	61,0	0	10,0	0	260,0	0	997,399	5.k=1.moyenne	0,0	ERA5
1063394	23/04/2025	02	22/04/2025	22	HAE	9,1	0	1,9	0	61,0	0	11,0	0	260,0	0	997,754	5.k=1.moyenne	0,0	ERA5
1063395	23/04/2025	03	22/04/2025	23	HAE	8,6	0	1,2	0	60,0	0	15,0	0	270,0	0	997,861	5.k=1.moyenne	0,0	ERA5
1063396	23/04/2025	04	23/04/2025	00	HAE	7,7	0	1,4	0	65,0	0	9,0	0	260,0	0	998,062	5.k=1.moyenne	0,0	ERA5
1063397	23/04/2025	05	23/04/2025	01	HAE	6,6	0	0,9	0	67,0	0	12,0	0	250,0	0	998,242	5.k=1.moyenne	0,0	ERA5
1063398	23/04/2025	06	23/04/2025	02	HAE	5,2	0	0,6	0	72,0	0	8,0	0	250,0	0	998,242	5.k=1.moyenne	0,0	ERA5
1063399	23/04/2025	07	23/04/2025	03	HAE	4,5	0	0,5	0	75,0	0	10,0	0	250,0	0	998,586	5.k=1.moyenne	0,0	ERA5
1063400	23/04/2025	08	23/04/2025	04	HAE	3,2	0	0,2	0	80,0	0	9,0	0	230,0	0	998,782	5.k=1.moyenne	0,0	ERA5
1063401	23/04/2025	09	23/04/2025	05	HAE	2,7	0	0,2	0	84,0	0	8,0	0	230,0	0	999,247	5.k=1.moyenne	0,0	ERA5
1063402	23/04/2025	10	23/04/2025	06	HAE	2,2	0	-0,2	0	84,0	0	5,0	0	230,0	0	999,688	5.k=1.moyenne	0,1	ERA5
1063403	23/04/2025	11	23/04/2025	07	HAE	3,5	0	0,8	0	83,0	0	7,0	0	240,0	0	1000,44	5.k=1.moyenne	199,7	ERA5
1063404	23/04/2025	12	23/04/2025	08	HAE	6,0	0	1,7	0	74,0	0	13,0	0	260,0	0	1000,77	5.k=1.moyenne	816,6	ERA5
1063405	23/04/2025	13	23/04/2025	09	HAE	7,1	0	1,0	0	65,0	0	17,0	0	280,0	0	1001,1	5.k=1.moyenne	1383,7	ERA5
1063406	23/04/2025	14	23/04/2025	10	HAE	7,8	0	1,0	0	62,0	0	14,0	0	280,0	0	1001,34	5.k=1.moyenne	1740,4	ERA5
1063407	23/04/2025	15	23/04/2025	11	HAE	8,5	0	0,9	0	59,0	0	14,0	0	270,0	0	1001,58	5.k=1.moyenne	2173,5	ERA5
1063408	23/04/2025	16	23/04/2025	12	HAE	10,2	0	2,1	0	57,0	0	13,0	0	300,0	0	1001,74	5.k=1.moyenne	2177,6	ERA5
1063409	23/04/2025	17	23/04/2025	13	HAE	11,2	0	1,8	0	52,0	0	13,0	0	280,0	0	1001,81	5.k=1.moyenne	2213,7	ERA5
1063410	23/04/2025	18	23/04/2025	14	HAE	11,6	0	0,8	0	47,0	0	15,0	0	280,0	0	1002,15	5.k=1.moyenne	2226,8	ERA5
1063411	23/04/2025	19	23/04/2025	15	HAE	13,1	0	1,3	0	45,0	0	17,0	0	290,0	0	1002,45	5.k=1.moyenne	2335,5	ERA5
1063412	23/04/2025	20	23/04/2025	16	HAE	13,1	0	0,8	0	43,0	0	15,0	0	280,0	0	1002,8	5.k=1.moyenne	1528,3	ERA5
1063413	23/04/2025	21	23/04/2025	17	HAE	13,5	0	1,6	0	44,0	0	13,0	0	280,0	0	1003,17	5.k=1.moyenne	1060,5	ERA5
1063414	23/04/2025	22	23/04/2025	18	HAE	13,7	0	1,0	0	42,0	0	12,0	0	280,0	0	1003,62	5.k=1.moyenne	664,9	ERA5
1063415	23/04/2025	23	23/04/2025	19	HAE	12,9	0	1,4	0	45,0	0	11,0	0	270,0	0	1004,14	5.k=1.moyenne	353,4	ERA5
1063416	24/04/2025	00	23/04/2025	20	HAE	11,4	0	2,5	0	54,0	0	8,0	0	270,0	0	1004,68	5.k=1.moyenne	94,9	ERA5
1063417	24/04/2025	01	23/04/2025	21	HAE	8,9	0	2,3	0	63,0	0	0,0	0	20,0	0	1005,27	5.k=1.moyenne	0,0	ERA5
1063418	24/04/2025	02	23/04/2025	22	HAE	6,6	0	1,8	0	71,0	0	2,0	0	30,0	0	1005,42	5.k=1.moyenne	0,0	ERA5
1063419	24/04/2025	03	23/04/2025	23	HAE	6,1	0	1,2	0	71,0	0	3,0	0	20,0	0	1005,47	5.k=1.moyenne	0,0	ERA5
1063420	24/04/2025	04	24/04/2025	00	HAE	5,1	0	1,0	0	75,0	0	1,0	0	360,0	0	1005,56	5.k=1.moyenne	0,0	ERA5
1063421	24/04/2025	05	24/04/2025	01	HAE	3,6	0	0,7	0	81,0	0	1,0	0	0,0	0	1005,52	5.k=1.moyenne	0,0	ERA5
1063422	24/04/2025	06	24/04/2025	02	HAE	2,6	0	0,6	0	86,0	0	2,0	0	30,0	0	1005,52	5.k=1.moyenne	0,0	ERA5
1063423	24/04/2025	07	24/04/2025	03	HAE	1,9	0	-0,2	0	87,0	0	2,0	0	240,0	0	1005,93	5.k=1.moyenne	0,0	ERA5
1063424	24/04/2025	08	24/04/2025	04	HAE	1,1	0	0,4	0	95,0	0	0,0	0	0,0	0	1006,11	5.k=1.moyenne	0,0	ERA5
1063425	24/04/2025	09	24/04/2025	05	HAE	1,3	0	0,2	0	93,0	0	1,0	0	0,0	0	1006,37	5.k=1.moyenne	0,0	ERA5
1063426	24/04/2025	10	24/04/2025	06	HAE	0,7	0	0,4	4.lineaire	95,0	0	2,0	0	30,0	0	1006,92	5.k=1.moyenne	0,2	ERA5
1063427	24/04/2025	11	24/04/2025	07	HAE	4,2	0	0,6	0	78,0	0	2,0	0	40,0	0	1007,37	5.k=1.moyenne	184,5	ERA5
1063428	24/04/2025	12	24/04/2025	08	HAE	7,3	0	2,1	0	70,0	0	6,0	0	90,0	0	1007,59	5.k=1.moyenne	771,9	ERA5
1063429	24/04/2025	13	24/04/2025	09	HAE	8,9	0	2,4	0	63,0	0	6,0	0	110,0	0	1007,51	5.k=1.moyenne	1511,7	ERA5
1063430	24/04/2025	14	24/04/2025	10	HAE	10,7	0	2,3	0	56,0	0	7,0	0	90,0	0	1007,23	5.k=1.moyenne	2136,8	ERA5
1063431	24/04/2025	15	24/04/2025	11	HAE	11,8	0	1,5	0	49,0	0	12,0	0	100,0	0	1006,73	5.k=1.moyenne	2645,9	ERA5
1063432	24/04/2025	16	24/04/2025	12	HAE	12,4	0	2,2	0	50,0	0	5,0	0	310,0	0	1006,41	5.k=1.moyenne	3011,3	ERA5
1063433	24/04/2025	17	24/04/2025	13	HAE	12,9	0	2,6	0	50,0	0	7,0	0	140,0	0	1005,86	5.k=1.moyenne	3090,6	ERA5
1063434	24/04/2025	18	24/04/2025	14	HAE	15,1	0	2,7	0	43,0	0	12,0	0	80,0	0	1005,56	5.k=1.moyenne	2694,0	ERA5
1063435	24/04/2025	19	24/04/2025	15	HAE	17,0	0	3,1	0	39,0	0	8,0	0	150,0	0	1005,16	5.k=1.moyenne	2579,1	ERA5
1063436	24/04/2025	20	24/04/2025	16	HAE	17,7	0	3,6	0	39,0	0	12,0	0	170,0	0	1004,77	5.k=1.moyenne	1999,5	ERA5
1063437	24/04/2025	21	24/04/2025	17	HAE	18,4	0	3,7	0	38,0	0	7,0	0	140,0	0	1004,55	5.k=1.moyenne	1615,4	ERA5
1063438	24/04/2025	22	24/04/2025	18	HAE	17,3	0	4,7	0	43,0	0	11,0	0	200,0	0	1004,72	5.k=1.moyenne	579,4	ERA5
1063439	24/04/2025	23	24/04/2025	19	HAE	16,7	0	5,6	0	48,0	0	0,0	0	310,0	0	1004,76	5.k=1.moyenne	342,2	ERA5
1063440	25/04/2025	00	24/04/2025	20	HAE	14,8	0	6,9	0	59,0	0	3,0	0	50,0	0	1005,01	5.k=1.moyenne	72,4	ERA5
1063441	25/04/2025	01	24/04/2025	21	HAE	12,5	0	4,7	0	59,0	0	10,0	0	30,0	0	1005,2	5.k=1.moyenne	0,0	ERA5
1063442	25/04/2025	02	24/04/2025	22	HAE	11,0	0	5,2	0	67,0	0	6,0	0	10,0	0	1005,3	5.k=1.moyenne	0,0	ERA5
1063443	25/04/2025	03	24/04/2025	23	HAE	10,5	0	5,0	0	69,0	0	5,0	0	20,0	0	1005,2	5.k=1.moyenne	0,0	ERA5
1063444	25/04/2025	04	25/04/2025	00	HAE	10,0	0	5,0	0	71,0	0	4,0	0	10,0	0	1005,14	5.k=1.moyenne	0,0	ERA5
1063445	25/04/2025	05	25/04/2025	01	HAE	10,1	0	2,5	0	59,0	0	9,0	0	10,0	0	1005,18	5.k=1.moyenne	0,0	ERA5
1063446	25/04/2025	06	25/04/2025	02	HAE	9,0	0	2,7	0	65,0	0	7,0	0	20,0	0	1005,18	5.k=1.moyenne	0,0	ERA5
1063447	25/04/2025	07	25/04/2025	03	HAE	8,4	0	2,8	0	68,0	0	5,0	0	10,0	0	1005,38	5.k=1.moyenne	0,0	ERA5
1063448	25/04/2025	08	25/04/2025	04	HAE	7,6	0	2,2	0	68,0	0	5,0	0	10,0	0	1005,68	5.k=1.moyenne	0,0	ERA5
1063449	25/04/2025	09	25/04/2025	05	HAE	5,9	0	1,5	0	74,0	0	4,0	0	20,0	0	1006,02	5.k=1.moyenne	0,0	ERA5
1063450	25/04/2025	10	25/04/2025	06	HAE	5,7	0	2,2	0	78,0	0	3,0	0	360,0	0	1006,41	5.k=1.moyenne	0,5	ERA5
1063451	25/04/2025	11	25/04/2025	07	HAE	7,4	0	2,7	0	72,0	0	7,0	0	30,0	0	1006,83	5.k=1.moyenne	155,3	ERA5
1063452	25/04/2025	12	25/04/2025	08	HAE	8,9	0	2,6	0	65,0	0	8,0	0	60,0	0	1007,19	5.k=1.moyenne	698,6	ERA5
1063453	25/04/2025	13	25/04/2025	09	HAE	9,3	0	2,6	0	63,0	0	11,0	0	30,0	0	1007,13	5.k=1.moyenne	1475,9	ERA5
1063454	25/04/2025	14	25/04/2025	10	HAE	11,1	0	3,6	0	60,0	0	12,0	0	40,0	0	1007,06	5.k=1.moyenne	2058,5	ERA5
1063455	25/04/2025	15	25/04/2025	11	HAE	12,7	0	4,2	0	56,0	0	9,0	0	30,0	0	1006,9	5.k=1.moyenne	2423,4	ERA5
1063456	25/04/2025	16	25/04/2025	12	HAE	14,0	0	3,9	0	51,0	0	6,0	0	50,0	0	1006,74	5.k=1.moyenne	2856,2	ERA5
1063457	25/04/2025	17	25/04/2025	13	HAE	14,8	0	4,3	0	49,0	0	9,0	0	50,0	0	1006,28	5.k=1.moyenne	3014,3	ERA5
1063458	25/04/2025	18	25/04/2025	14	HAE	15,7	0	5,0	0	49,0	0	6,0	0	80,0	0	1006,06	5.k=1.moyenne	2881,0	ERA5
1063459	25/04/2025	19	25/04/2025	15	HAE	16,3	0	3,7	0	43,0	0	10,0	0	50,0	0	1005,61	5.k=1.moyenne	2020,3	ERA5
1063460	25/04/2025	20	25/04/2025	16	HAE	16,8	0	4,4	0	44,0	0	8,0	0	50,0	0	1005,21	5.k=1.moyenne	1607,2	ERA5
1063461	25/04/2025	21	25/04/2025	17	HAE	16,7	0	3,9	0	42,0	0	13,0	0	50,0	0	1004,92	5.k=1.moyenne	1457,2	ERA5
1063462	25/04/2025	22	25/04/2025	18	HAE	16,2	0	4,0	0	44,0	0	8,0	0	30,0	0	1004,63	5.k=1.moyenne	839,7	ERA5
1063463	25/04/2025	23	25/04/2025	19	HAE	14,9	0	3,9	0	48,0	0	12,0	0	40,0	0	1004,51	5.k=1.moyenne	208,7	ERA5
1063464	26/04/2025	00	25/04/2025	20	HAE	14,0	0	3,8	0	50,0	0	9,0	0	40,0	0	1004,33	5.k=1.moyenne	37,0	ERA5
1063465	26/04/2025	01	25/04/2025	21	HAE	12,2	0	5,6	0	64,0	0	6,0	0	10,0	0	1004,33	5.k=1.moyenne	0,0	ERA5
1063466	26/04/2025	02	25/04/2025	22	HAE	11,1	0	6,3	0	72,0	0	12,0	0	60,0	0	1003,89	5.k=1.moyenne	0,0	ERA5
1063467	26/04/2025	03	25/04/2025	23	HAE	11,4	0	6,0	0	69,0	0	7,0	0	30,0	0	1003,21	5.k=1.moyenne	0,0	ERA5
1063468	26/04/2025	04	26/04/2025	00	HAE	11,2	0	6,3	0	72,0	0	8,0	0	40,0	0	1002,79	5.k=1.moyenne	0,0	ERA5
1063469	26/04/2025	05	26/04/2025	01	HAE	9,9	0	6,6	0	80,0	0	4,0	0	360,0	0	1002,25	5.k=1.moyenne	0,0	ERA5
1063470	26/04/2025	06	26/04/2025	02	HAE	9,9	0	7,2	0	83,0	0	3,0	0	30,0	0	1002,25	5.k=1.moyenne	0,0	ERA5
1063471	26/04/2025	07	26/04/2025	03	HAE	9,4	0	6,8	0	84,0	0	6,0	0	20,0	0	1001,3	5.k=1.moyenne	0,0	ERA5
1063472	26/04/2025	08	26/04/2025	04	HAE	9,1	0	7,3	0	88,0	0	4,0	0	360,0	0	1000,68	5.k=1.moyenne	0,0	ERA5
1063473	26/04/2025	09	26/04/2025	05	HAE	8,8	0	7,1	0	89,0	0	5,0	0	30,0	0	1000,02	5.k=1.moyenne	0,0	ERA5
1063474	26/04/2025	10	26/04/2025	06	HAE	9,0	0	7,9	0	93,0	0	6,0	0	40,0	0	999,667	5.k=1.moyenne	0,2	ERA5
1063475	26/04/2025	11	26/04/2025	07	HAE	11,0	0	9,9	0	93,0	0	8,0	0	150,0	0	999,479	5.k=1.moyenne	25,8	ERA5
1063476	26/04/2025	12	26/04/2025	08	HAE	11,6	0	11,6	0	93,0	5.k=1.STE-CLOTHILDE	9,0	0	130,0	0	999,108	5.k=1.moyenne	51,8	ERA5
1063477	26/04/2025	13	26/04/2025	09	HAE	11,7	0	11,7	0	94,7141	5.k=1.STE-CLOTHILDE	8,0	0	80,0	0	998,698	5.k=1.moyenne	133,4	ERA5
1063478	26/04/2025	14	26/04/2025	10	HAE	11,0	0	11,0	0	94,7142	5.k=1.STE-CLOTHILDE	6,0	0	40,0	0	998,228	5.k=1.moyenne	235,2	ERA5
1063479	26/04/2025	15	26/04/2025	11	HAE	11,5	0	11,5	0	94,7144	5.k=1.STE-CLOTHILDE	7,0	0	40,0	0	997,741	5.k=1.moyenne	306,0	ERA5
1063480	26/04/2025	16	26/04/2025	12	HAE	11,5	0	11,5	0	95,5715	5.k=1.STE-CLOTHILDE	8,0	0	30,0	0	997,276	5.k=1.moyenne	357,1	ERA5
1063481	26/04/2025	17	26/04/2025	13	HAE	11,0	0	11,0	0	97,2856	5.k=1.STE-CLOTHILDE	5,0	0	10,0	0	996,605	5.k=1.moyenne	1080,3	ERA5
1063482	26/04/2025	18	26/04/2025	14	HAE	11,1	0	11,1	0	98,1428	5.k=1.STE-CLOTHILDE	7,0	0	10,0	0	996,041	5.k=1.moyenne	489,4	ERA5
1063483	26/04/2025	19	26/04/2025	15	HAE	10,6	0	10,6	0	98,9999	5.k=1.STE-CLOTHILDE	8,0	0	330,0	0	995,562	5.k=1.moyenne	463,9	ERA5
1063484	26/04/2025	20	26/04/2025	16	HAE	10,2	0	10,2	0	99,0	5.k=1.STE-CLOTHILDE	4,0	0	350,0	0	995,064	5.k=1.moyenne	241,8	ERA5
1063485	26/04/2025	21	26/04/2025	17	HAE	9,9	0	9,8	0	99,0	0	8,0	0	330,0	0	994,817	5.k=1.moyenne	237,7	ERA5
1063486	26/04/2025	22	26/04/2025	18	HAE	8,8	0	8,8	0	99,0	4.lineaire	8,0	0	310,0	0	994,843	5.k=1.moyenne	135,4	ERA5
1063487	26/04/2025	23	26/04/2025	19	HAE	8,5	0	8,4	0	99,0	0	10,0	0	320,0	0	994,745	5.k=1.moyenne	62,7	ERA5
1063488	27/04/2025	00	26/04/2025	20	HAE	8,0	0	7,5	0	97,0	0	4,0	0	350,0	0	994,731	5.k=1.moyenne	8,0	ERA5
1063489	27/04/2025	01	26/04/2025	21	HAE	7,7	0	7,3	0	97,0	0	6,0	0	350,0	0	994,99	5.k=1.moyenne	0,0	ERA5
1063490	27/04/2025	02	26/04/2025	22	HAE	7,3	0	6,7	0	96,0	0	4,0	0	360,0	0	994,833	5.k=1.moyenne	0,0	ERA5
1063491	27/04/2025	03	26/04/2025	23	HAE	6,7	0	6,3	0	97,0	0	7,0	0	350,0	0	994,447	5.k=1.moyenne	0,0	ERA5
1063492	27/04/2025	04	27/04/2025	00	HAE	6,5	0	5,6	0	94,0	0	9,0	0	10,0	0	994,375	5.k=1.moyenne	0,0	ERA5
1063493	27/04/2025	05	27/04/2025	01	HAE	6,2	0	5,2	0	93,0	0	10,0	0	20,0	0	994,2	5.k=1.moyenne	0,0	ERA5
1063494	27/04/2025	06	27/04/2025	02	HAE	5,6	0	4,7	0	94,0	0	9,0	0	0,0	0	994,2	5.k=1.moyenne	0,0	ERA5
1063495	27/04/2025	07	27/04/2025	03	HAE	5,5	0	4,5	0	93,0	0	7,0	0	20,0	0	993,958	5.k=1.moyenne	0,0	ERA5
1063496	27/04/2025	08	27/04/2025	04	HAE	4,8	0	4,3	0	97,0	0	8,0	0	10,0	0	993,864	5.k=1.moyenne	0,0	ERA5
1063497	27/04/2025	09	27/04/2025	05	HAE	4,0	0	3,7	0	98,0	0	10,0	0	340,0	0	993,94	5.k=1.moyenne	0,0	ERA5
1063498	27/04/2025	10	27/04/2025	06	HAE	3,5	0	2,8	0	95,0	0	9,0	0	350,0	0	994,351	5.k=1.moyenne	0,5	ERA5
1063499	27/04/2025	11	27/04/2025	07	HAE	2,8	0	2,1	0	95,0	0	10,0	0	340,0	0	994,962	5.k=1.moyenne	45,9	ERA5
1063500	27/04/2025	12	27/04/2025	08	HAE	0,9	0	0,7	0	99,0	0	8,0	0	330,0	0	995,347	5.k=1.moyenne	124,0	ERA5
1063501	27/04/2025	13	27/04/2025	09	HAE	0,4	0	0,3	0	100,0	0	7,0	0	310,0	0	995,597	5.k=1.moyenne	204,5	ERA5
1063502	27/04/2025	14	27/04/2025	10	HAE	1,7	0	1,7	0	100,0	0	11,0	0	330,0	0	995,704	5.k=1.moyenne	333,9	ERA5
1063503	27/04/2025	15	27/04/2025	11	HAE	3,6	0	3,2	0	97,0	0	10,0	0	340,0	0	996,062	5.k=1.moyenne	365,9	ERA5
1063504	27/04/2025	16	27/04/2025	12	HAE	4,8	0	4,2	0	96,0	0	8,0	0	330,0	0	996,025	5.k=1.moyenne	767,9	ERA5
1063505	27/04/2025	17	27/04/2025	13	HAE	6,0	0	5,6	0	97,0	0	9,0	0	310,0	0	996,011	5.k=1.moyenne	693,4	ERA5
1063506	27/04/2025	18	27/04/2025	14	HAE	7,4	0	5,9	0	91,0	0	10,0	0	330,0	0	995,998	5.k=1.moyenne	784,6	ERA5
1063507	27/04/2025	19	27/04/2025	15	HAE	10,1	0	5,5	0	73,0	0	6,0	0	350,0	0	995,986	5.k=1.moyenne	912,4	ERA5
1063508	27/04/2025	20	27/04/2025	16	HAE	12,6	0	6,7	0	67,0	0	10,0	0	280,0	0	995,767	5.k=1.moyenne	872,6	ERA5
1063509	27/04/2025	21	27/04/2025	17	HAE	13,5	0	5,9	0	60,0	0	10,0	0	250,0	0	995,882	5.k=1.moyenne	1444,0	ERA5
1063510	27/04/2025	22	27/04/2025	18	HAE	14,1	0	7,0	0	62,0	0	3,0	0	240,0	0	996,31	5.k=1.moyenne	1229,5	ERA5
1063511	27/04/2025	23	27/04/2025	19	HAE	13,9	0	6,6	0	61,0	0	4,0	0	230,0	0	996,968	5.k=1.moyenne	686,8	ERA5
1063512	28/04/2025	00	27/04/2025	20	HAE	11,2	0	7,5	0	78,0	0	2,0	0	210,0	0	997,585	5.k=1.moyenne	135,6	ERA5
1063513	28/04/2025	01	27/04/2025	21	HAE	9,1	0	7,9	0	92,0	0	3,0	0	210,0	0	998,287	5.k=1.moyenne	0,0	ERA5
1063514	28/04/2025	02	27/04/2025	22	HAE	10,1	0	3,9	0	66,0	0	7,0	0	320,0	0	998,676	5.k=1.moyenne	0,0	ERA5
1063515	28/04/2025	03	27/04/2025	23	HAE	10,8	0	1,1	0	51,0	0	7,0	0	320,0	0	998,774	5.k=1.moyenne	0,0	ERA5
1063516	28/04/2025	04	28/04/2025	00	HAE	9,8	0	1,3	0	56,0	0	6,0	0	320,0	0	999,154	5.k=1.moyenne	0,0	ERA5
1063517	28/04/2025	05	28/04/2025	01	HAE	8,4	0	1,4	0	61,0	0	3,0	0	330,0	0	999,389	5.k=1.moyenne	0,0	ERA5
1063518	28/04/2025	06	28/04/2025	02	HAE	6,7	0	1,2	0	68,0	0	2,0	0	300,0	0	999,389	5.k=1.moyenne	0,0	ERA5
1063519	28/04/2025	07	28/04/2025	03	HAE	4,9	0	0,8	0	74,0	0	5,0	0	250,0	0	999,596	5.k=1.moyenne	0,0	ERA5
1063520	28/04/2025	08	28/04/2025	04	HAE	6,4	0	0,7	0	67,0	0	7,0	0	290,0	0	1000,01	5.k=1.moyenne	0,0	ERA5
1063521	28/04/2025	09	28/04/2025	05	HAE	6,9	0	0,3	0	63,0	0	7,0	0	270,0	0	1000,51	5.k=1.moyenne	0,0	ERA5
1063522	28/04/2025	10	28/04/2025	06	HAE	5,1	0	0,5	0	72,0	0	2,0	0	280,0	0	1001,23	5.k=1.moyenne	3,0	ERA5
1063523	28/04/2025	11	28/04/2025	07	HAE	6,9	0	1,4	0	68,0	0	7,0	0	270,0	0	1001,95	5.k=1.moyenne	289,2	ERA5
1063524	28/04/2025	12	28/04/2025	08	HAE	10,2	0	2,3	0	58,0	0	10,0	0	250,0	0	1002,41	5.k=1.moyenne	926,6	ERA5
1063525	28/04/2025	13	28/04/2025	09	HAE	12,6	0	3,8	0	55,0	0	9,0	0	260,0	0	1002,63	5.k=1.moyenne	1618,9	ERA5
1063526	28/04/2025	14	28/04/2025	10	HAE	14,7	0	3,7	0	48,0	0	7,0	0	250,0	0	1002,72	5.k=1.moyenne	2253,2	ERA5
1063527	28/04/2025	15	28/04/2025	11	HAE	16,1	0	5,4	0	49,0	0	11,0	0	230,0	0	1002,59	5.k=1.moyenne	2775,2	ERA5
1063528	28/04/2025	16	28/04/2025	12	HAE	18,3	0	3,8	0	38,0	0	7,0	0	250,0	0	1002,21	5.k=1.moyenne	3119,7	ERA5
1063529	28/04/2025	17	28/04/2025	13	HAE	18,9	0	0,5	0	29,0	0	10,0	0	270,0	0	1001,91	5.k=1.moyenne	3214,5	ERA5
1063530	28/04/2025	18	28/04/2025	14	HAE	19,6	0	1,5	0	30,0	0	13,0	0	250,0	0	1001,44	5.k=1.moyenne	2889,9	ERA5
1063531	28/04/2025	19	28/04/2025	15	HAE	19,8	0	-0,6	0	25,0	0	14,0	0	260,0	0	1001,03	5.k=1.moyenne	3009,8	ERA5
1063532	28/04/2025	20	28/04/2025	16	HAE	20,5	0	-0,4	0	25,0	0	12,0	0	270,0	0	1000,41	5.k=1.moyenne	2604,8	ERA5
1063533	28/04/2025	21	28/04/2025	17	HAE	20,8	0	0,2	0	25,0	0	10,0	0	270,0	0	1000,42	5.k=1.moyenne	2045,9	ERA5
1063534	28/04/2025	22	28/04/2025	18	HAE	20,5	0	1,1	0	27,0	0	10,0	0	270,0	0	1000,23	5.k=1.moyenne	1387,0	ERA5
1063535	28/04/2025	23	28/04/2025	19	HAE	19,3	0	2,2	0	32,0	0	6,0	0	260,0	0	1000,13	5.k=1.moyenne	704,4	ERA5
1063536	29/04/2025	00	28/04/2025	20	HAE	14,1	0	5,3	0	55,0	0	7,0	0	190,0	0	1000,18	5.k=1.moyenne	141,2	ERA5
1063537	29/04/2025	01	28/04/2025	21	HAE	11,9	0	6,1	0	68,0	0	5,0	0	180,0	0	1000,16	5.k=1.moyenne	0,0	ERA5
1063538	29/04/2025	02	28/04/2025	22	HAE	11,0	0	5,2	0	67,0	0	3,0	0	190,0	0	999,571	5.k=1.moyenne	0,0	ERA5
1063539	29/04/2025	03	28/04/2025	23	HAE	10,6	0	5,1	0	69,0	0	3,0	0	180,0	0	998,982	5.k=1.moyenne	0,0	ERA5
1063540	29/04/2025	04	29/04/2025	00	HAE	8,3	0	5,4	0	82,0	0	5,0	0	200,0	0	998,455	5.k=1.moyenne	0,0	ERA5
1063541	29/04/2025	05	29/04/2025	01	HAE	8,4	0	4,6	0	77,0	0	4,0	0	190,0	0	997,886	5.k=1.moyenne	0,0	ERA5
1063542	29/04/2025	06	29/04/2025	02	HAE	10,6	0	3,0	0	59,0	0	11,0	0	150,0	0	997,886	5.k=1.moyenne	0,0	ERA5
1063543	29/04/2025	07	29/04/2025	03	HAE	8,9	0	4,5	0	74,0	0	14,0	0	160,0	0	997,059	5.k=1.moyenne	0,0	ERA5
1063544	29/04/2025	08	29/04/2025	04	HAE	10,2	0	4,6	0	68,0	0	21,0	0	180,0	0	996,424	5.k=1.moyenne	0,0	ERA5
1063545	29/04/2025	09	29/04/2025	05	HAE	10,3	0	3,9	0	65,0	0	18,0	0	180,0	0	995,814	5.k=1.moyenne	0,0	ERA5
1063546	29/04/2025	10	29/04/2025	06	HAE	11,1	0	3,6	0	60,0	0	21,0	0	180,0	0	995,083	5.k=1.moyenne	3,6	ERA5
1063547	29/04/2025	11	29/04/2025	07	HAE	12,3	0	3,8	0	56,0	0	25,0	0	180,0	0	994,173	5.k=1.moyenne	215,5	ERA5
1063548	29/04/2025	12	29/04/2025	08	HAE	14,3	0	3,8	0	49,0	0	37,0	0	180,0	0	993,259	5.k=1.moyenne	849,4	ERA5
1063549	29/04/2025	13	29/04/2025	09	HAE	15,6	0	4,3	0	47,0	0	30,0	0	180,0	0	992,181	5.k=1.moyenne	1555,8	ERA5
1063550	29/04/2025	14	29/04/2025	10	HAE	17,6	0	4,3	0	41,0	0	39,0	0	180,0	0	991,13	5.k=1.moyenne	2142,2	ERA5
1063551	29/04/2025	15	29/04/2025	11	HAE	19,8	0	6,0	0	40,0	0	37,0	0	180,0	0	989,852	5.k=1.moyenne	2660,1	ERA5
1063552	29/04/2025	16	29/04/2025	12	HAE	20,9	0	5,2	0	36,0	0	49,0	0	180,0	0	988,701	5.k=1.moyenne	2922,3	ERA5
1063553	29/04/2025	17	29/04/2025	13	HAE	21,6	0	6,1	0	36,0	0	44,0	0	180,0	0	987,469	5.k=1.moyenne	2872,5	ERA5
1063554	29/04/2025	18	29/04/2025	14	HAE	20,8	0	8,3	0	45,0	0	34,0	0	180,0	0	986,606	5.k=1.moyenne	2210,5	ERA5
1063555	29/04/2025	19	29/04/2025	15	HAE	22,2	0	7,6	0	39,0	0	35,0	0	180,0	0	985,423	5.k=1.moyenne	2116,0	ERA5
1063556	29/04/2025	20	29/04/2025	16	HAE	22,1	0	9,3	0	44,0	0	33,0	0	180,0	0	984,548	5.k=1.moyenne	2217,6	ERA5
1063557	29/04/2025	21	29/04/2025	17	HAE	23,1	0	9,0	0	41,0	0	35,0	0	180,0	0	983,959	5.k=1.moyenne	1267,9	ERA5
1063558	29/04/2025	22	29/04/2025	18	HAE	21,3	0	10,5	0	50,0	0	23,0	0	190,0	0	983,679	5.k=1.moyenne	458,4	ERA5
1063559	29/04/2025	23	29/04/2025	19	HAE	19,8	0	11,7	0	60,0	0	13,0	0	190,0	0	983,405	5.k=1.moyenne	162,0	ERA5
1063560	30/04/2025	00	29/04/2025	20	HAE	22,2	0	16,1	0	69,0	0	22,0	0	210,0	0	983,454	5.k=1.moyenne	47,8	ERA5
1063561	30/04/2025	01	29/04/2025	21	HAE	20,5	0	16,2	0	76,0	0	19,0	0	190,0	0	983,442	5.k=1.moyenne	0,0	ERA5
1063562	30/04/2025	02	29/04/2025	22	HAE	18,1	0	12,8	0	71,0	0	19,0	0	230,0	0	983,327	5.k=1.moyenne	0,0	ERA5
1063563	30/04/2025	03	29/04/2025	23	HAE	16,1	0	13,9	0	87,0	0	25,0	0	190,0	0	983,13	5.k=1.moyenne	0,0	ERA5
1063564	30/04/2025	04	30/04/2025	00	HAE	18,8	0	12,6	0	67,0	0	29,0	0	240,0	0	983,121	5.k=1.moyenne	0,0	ERA5
1063565	30/04/2025	05	30/04/2025	01	HAE	16,7	0	8,9	0	60,0	0	27,0	0	250,0	0	983,821	5.k=1.moyenne	0,0	ERA5
1063566	30/04/2025	06	30/04/2025	02	HAE	13,3	0	6,6	0	64,0	0	27,0	0	270,0	0	983,821	5.k=1.moyenne	0,0	ERA5
1063567	30/04/2025	07	30/04/2025	03	HAE	7,9	0	1,3	0	63,0	0	26,0	0	280,0	0	985,18	5.k=1.moyenne	0,0	ERA5
1063568	30/04/2025	08	30/04/2025	04	HAE	5,5	0	-0,15	4.lineaire	68,0	0	19,0	0	270,0	0	986,593	5.k=1.moyenne	0,0	ERA5
1063569	30/04/2025	09	30/04/2025	05	HAE	3,8	0	-1,6	0	68,0	0	19,0	0	280,0	0	987,792	5.k=1.moyenne	0,0	ERA5
1063570	30/04/2025	10	30/04/2025	06	HAE	2,1	0	-2,6	0	71,0	0	15,0	0	290,0	0	989,151	5.k=1.moyenne	4,9	ERA5
1063571	30/04/2025	11	30/04/2025	07	HAE	2,5	0	-2,8	0	68,0	0	15,0	0	280,0	0	990,453	5.k=1.moyenne	284,5	ERA5
1063572	30/04/2025	12	30/04/2025	08	HAE	2,4	0	-3,2	0	67,0	0	19,0	0	270,0	0	991,499	5.k=1.moyenne	809,9	ERA5
1063573	30/04/2025	13	30/04/2025	09	HAE	2,4	0	-3,8	0	64,0	0	20,0	0	270,0	0	992,406	5.k=1.moyenne	1641,3	ERA5
1063574	30/04/2025	14	30/04/2025	10	HAE	2,8	0	-4,4	0	59,0	0	19,0	0	300,0	0	993,413	5.k=1.moyenne	2278,5	ERA5
1063575	30/04/2025	15	30/04/2025	11	HAE	4,4	0	-3,6	0	56,0	0	12,0	0	270,0	0	994,171	5.k=1.moyenne	2707,4	ERA5
1063576	30/04/2025	16	30/04/2025	12	HAE	5,0	0	-3,9	0	53,0	0	17,0	0	280,0	0	994,783	5.k=1.moyenne	3182,3	ERA5
1063577	30/04/2025	17	30/04/2025	13	HAE	6,0	0	-3,2	0	52,0	0	14,0	0	280,0	0	995,248	5.k=1.moyenne	3362,8	ERA5
1063578	30/04/2025	18	30/04/2025	14	HAE	6,7	0	-3,8	0	47,0	0	15,0	0	280,0	0	995,751	5.k=1.moyenne	3340,8	ERA5
1063579	30/04/2025	19	30/04/2025	15	HAE	8,4	0	-2,6	0	46,0	0	12,0	0	300,0	0	996,211	5.k=1.moyenne	3095,8	ERA5
1063580	30/04/2025	20	30/04/2025	16	HAE	9,2	0	-3,2	0	41,0	0	13,0	0	300,0	0	996,688	5.k=1.moyenne	2673,7	ERA5
1063581	30/04/2025	21	30/04/2025	17	HAE	9,9	0	-3,3	0	39,0	0	16,0	0	300,0	0	997,306	5.k=1.moyenne	2102,4	ERA5
1063582	30/04/2025	22	30/04/2025	18	HAE	9,9	0	-3,0	0	40,0	0	11,0	0	300,0	0	997,779	5.k=1.moyenne	1437,8	ERA5
1063583	30/04/2025	23	30/04/2025	19	HAE	9,0	0	-2,9	0	43,0	0	8,0	0	270,0	0	998,392	5.k=1.moyenne	738,2	ERA5
1063584	01/05/2025	00	30/04/2025	20	HAE	7,9	0	-2,9	0	46,0	0	5,0	0	280,0	0	998,984	5.k=1.moyenne	161,4	ERA5
1063585	01/05/2025	01	30/04/2025	21	HAE	7,2	0	-2,4	0	50,0	0	7,0	0	260,0	0	999,737	5.k=1.moyenne	0,0	ERA5
1063586	01/05/2025	02	30/04/2025	22	HAE	6,8	0	-2,2	0	53,0	0	6,0	0	260,0	0	1000,14	5.k=1.moyenne	0,0	ERA5
1063587	01/05/2025	03	30/04/2025	23	HAE	6,2	0	-1,5	0	58,0	0	6,0	0	280,0	0	1000,36	5.k=1.moyenne	0,0	ERA5
1063588	01/05/2025	04	01/05/2025	00	HAE	4,6	0	-0,9	0	67,0	0	5,0	0	260,0	0	1000,54	5.k=1.moyenne	0,0	ERA5
1063589	01/05/2025	05	01/05/2025	01	HAE	3,9	0	0,2	0	76,0	0	3,0	0	320,0	0	1000,84	5.k=1.moyenne	0,0	ERA5
1063590	01/05/2025	06	01/05/2025	02	HAE	3,0	0	-0,4	0	78,0	0	2,0	0	20,0	0	1000,84	5.k=1.moyenne	0,0	ERA5
1063591	01/05/2025	07	01/05/2025	03	HAE	3,8	0	-2,4	0	64,0	0	3,0	0	30,0	0	1001,09	5.k=1.moyenne	0,0	ERA5
1063592	01/05/2025	08	01/05/2025	04	HAE	2,9	0	-2,8	0	66,0	0	3,0	0	60,0	0	1001,28	5.k=1.moyenne	0,0	ERA5
1063593	01/05/2025	09	01/05/2025	05	HAE	1,7	0	-2,4	0	74,0	0	2,0	0	20,0	0	1001,49	5.k=1.moyenne	0,0	ERA5
1063594	01/05/2025	10	01/05/2025	06	HAE	0,5	0	-2,1	0	83,0	0	2,0	0	360,0	0	1001,8	5.k=1.moyenne	7,0	ERA5
1063595	01/05/2025	11	01/05/2025	07	HAE	2,3	0	-2,0	0	73,0	0	4,0	0	10,0	0	1002,16	5.k=1.moyenne	319,0	ERA5
1063596	01/05/2025	12	01/05/2025	08	HAE	5,1	0	-3,0	0	55,0	0	7,0	0	40,0	0	1002,44	5.k=1.moyenne	931,9	ERA5
1063597	01/05/2025	13	01/05/2025	09	HAE	5,1	5.k=1.ST-HUBERT	-3,0	5.k=1.ST-HUBERT	55,0	5.k=1.STE-CLOTHILDE	7,0	5.k=1.ST-HUBERT	80,0	5.k=1.STE-CLOTHILDE	1002,78	5.k=1.moyenne	1655,9	ERA5
1063598	01/05/2025	14	01/05/2025	10	HAE	7,16993	5.k=1.ST-HUBERT	-2,3335	5.k=1.ST-HUBERT	50,5895	5.k=1.STE-CLOTHILDE	6,875	5.k=1.ST-HUBERT	70,0	5.k=1.STE-CLOTHILDE	1002,6	5.k=1.moyenne	2218,1	ERA5
1063599	01/05/2025	15	01/05/2025	11	HAE	9,23985	5.k=1.ST-HUBERT	-1,0772	5.k=1.ST-HUBERT	43,608	5.k=1.STE-CLOTHILDE	6,75	5.k=1.ST-HUBERT	110,0	5.k=1.STE-CLOTHILDE	1002,21	5.k=1.moyenne	2708,2	ERA5
1063600	01/05/2025	16	01/05/2025	12	HAE	10,8133	5.k=1.ST-HUBERT	-1,1971	5.k=1.ST-HUBERT	41,7685	5.k=1.STE-CLOTHILDE	4,879	5.k=1.ST-HUBERT	100,0	5.k=1.STE-CLOTHILDE	1001,84	5.k=1.moyenne	3138,9	ERA5
1063601	01/05/2025	17	01/05/2025	13	HAE	12,486	5.k=1.ST-HUBERT	-2,4966	5.k=1.ST-HUBERT	45,071	5.k=1.STE-CLOTHILDE	7,082	5.k=1.ST-HUBERT	110,0	5.k=1.STE-CLOTHILDE	1001,07	5.k=1.moyenne	3342,7	ERA5
1063602	01/05/2025	18	01/05/2025	14	HAE	13,6622	5.k=1.ST-HUBERT	-2,3216	5.k=1.ST-HUBERT	40,6605	5.k=1.STE-CLOTHILDE	8,121	5.k=1.ST-HUBERT	70,0	5.k=1.STE-CLOTHILDE	1000,4	5.k=1.moyenne	3293,0	ERA5
1063603	01/05/2025	19	01/05/2025	15	HAE	14,8384	5.k=1.ST-HUBERT	-2,6381	5.k=1.ST-HUBERT	38,821	5.k=1.STE-CLOTHILDE	3,922	5.k=1.ST-HUBERT	110,0	5.k=1.STE-CLOTHILDE	999,708	5.k=1.moyenne	2785,2	ERA5
1063604	01/05/2025	20	01/05/2025	16	HAE	16,4119	5.k=1.ST-HUBERT	-1,4801	5.k=1.ST-HUBERT	33,5535	5.k=1.STE-CLOTHILDE	10,199	5.k=1.ST-HUBERT	90,0	5.k=1.STE-CLOTHILDE	999,316	5.k=1.moyenne	2202,1	ERA5
1063605	01/05/2025	21	01/05/2025	17	HAE	15,9	5.k=1.ST-HUBERT	-1,6	5.k=1.ST-HUBERT	30,0	5.k=1.STE-CLOTHILDE	6,0	5.k=1.ST-HUBERT	90,0	5.k=1.STE-CLOTHILDE	998,983	5.k=1.moyenne	1782,6	ERA5
1063606	01/05/2025	22	01/05/2025	18	HAE	15,9	0	-1,6	0	30,0	0	6,0	0	90,0	0	998,669	5.k=1.moyenne	1084,1	ERA5
1063607	01/05/2025	23	01/05/2025	19	HAE	15,6	0	-2,6	0	29,0	0	5,0	0	70,0	0	998,355	5.k=1.moyenne	361,9	ERA5
1063608	02/05/2025	00	01/05/2025	20	HAE	15,0	0	-2,0	0	31,0	0	8,0	0	60,0	0	998,18	5.k=1.moyenne	59,1	ERA5
1063609	02/05/2025	01	01/05/2025	21	HAE	13,6	0	1,9	0	45,0	0	8,0	0	50,0	0	998,005	5.k=1.moyenne	0,0	ERA5
1063610	02/05/2025	02	01/05/2025	22	HAE	12,5	0	3,7	0	55,0	0	7,0	0	30,0	0	997,97	5.k=1.moyenne	0,0	ERA5
1063611	02/05/2025	03	01/05/2025	23	HAE	11,2	0	5,3	0	67,0	0	4,0	0	350,0	0	997,634	5.k=1.moyenne	0,0	ERA5
1063612	02/05/2025	04	02/05/2025	00	HAE	10,3	0	6,2	0	76,0	0	2,0	0	50,0	0	997,258	5.k=1.moyenne	0,0	ERA5
1063613	02/05/2025	05	02/05/2025	01	HAE	10,0	0	6,4	0	78,0	0	9,0	0	90,0	0	996,541	5.k=1.moyenne	0,0	ERA5
1063614	02/05/2025	06	02/05/2025	02	HAE	10,6	0	7,0	0	78,0	0	17,0	0	130,0	0	996,541	5.k=1.moyenne	0,0	ERA5
1063615	02/05/2025	07	02/05/2025	03	HAE	10,9	0	8,1	0	83,0	0	22,0	0	140,0	0	995,933	5.k=1.moyenne	0,0	ERA5
1063616	02/05/2025	08	02/05/2025	04	HAE	11,0	0	9,6	0	91,0	0	24,0	0	160,0	0	995,228	5.k=1.moyenne	0,0	ERA5
1063617	02/05/2025	09	02/05/2025	05	HAE	11,6	0	8,9	0	84,0	0	23,0	0	160,0	0	994,527	5.k=1.moyenne	0,0	ERA5
1063618	02/05/2025	10	02/05/2025	06	HAE	11,6	0	8,9	0	83,0	0	27,0	0	170,0	0	994,014	5.k=1.moyenne	1,1	ERA5
1063619	02/05/2025	11	02/05/2025	07	HAE	11,7	0	9,5	0	86,0	0	31,0	0	170,0	0	993,503	5.k=1.moyenne	34,4	ERA5
1063620	02/05/2025	12	02/05/2025	08	HAE	11,7	0	9,4	0	86,0	0	28,0	0	180,0	0	993,026	5.k=1.moyenne	162,6	ERA5
1063621	02/05/2025	13	02/05/2025	09	HAE	11,5	0	10,2	0	91,0	0	37,0	0	180,0	0	992,532	5.k=1.moyenne	201,9	ERA5
1063622	02/05/2025	14	02/05/2025	10	HAE	12,3	0	10,8	0	91,0	0	29,0	0	180,0	0	992,061	5.k=1.moyenne	509,9	ERA5
1063623	02/05/2025	15	02/05/2025	11	HAE	13,9	0	10,9	0	82,0	0	33,0	0	180,0	0	991,833	5.k=1.moyenne	1004,7	ERA5
1063624	02/05/2025	16	02/05/2025	12	HAE	15,2	0	12,3	0	83,0	0	25,0	0	180,0	0	991,407	5.k=1.moyenne	1248,2	ERA5
1063625	02/05/2025	17	02/05/2025	13	HAE	16,2	0	13,2	0	82,0	0	24,0	0	180,0	0	990,963	5.k=1.moyenne	1831,4	ERA5
1063626	02/05/2025	18	02/05/2025	14	HAE	17,6	0	14,1	0	80,0	0	13,0	0	180,0	0	990,581	5.k=1.moyenne	2216,3	ERA5
1063627	02/05/2025	19	02/05/2025	15	HAE	21,8	0	14,1	0	62,0	0	11,0	0	250,0	0	990,353	5.k=1.moyenne	2023,8	ERA5
1063628	02/05/2025	20	02/05/2025	16	HAE	22,4	0	12,9	0	55,0	0	23,0	0	240,0	0	990,264	5.k=1.moyenne	2271,6	ERA5
1063629	02/05/2025	21	02/05/2025	17	HAE	21,5	0	11,9	0	54,0	0	20,0	0	250,0	0	990,186	5.k=1.moyenne	1539,5	ERA5
1063630	02/05/2025	22	02/05/2025	18	HAE	21,4	0	11,0	0	51,0	0	25,0	0	260,0	0	990,048	5.k=1.moyenne	1196,8	ERA5
1063631	02/05/2025	23	02/05/2025	19	HAE	20,5	0	11,6	0	57,0	0	13,0	0	250,0	0	990,258	5.k=1.moyenne	621,5	ERA5
1063632	03/05/2025	00	02/05/2025	20	HAE	18,7	0	11,3	0	62,0	0	16,0	0	230,0	0	990,429	5.k=1.moyenne	145,6	ERA5
1063633	03/05/2025	01	02/05/2025	21	HAE	17,9	0	11,5	0	66,0	0	23,0	0	230,0	0	990,886	5.k=1.moyenne	0,0	ERA5
1063634	03/05/2025	02	02/05/2025	22	HAE	17,3	0	11,5	0	69,0	0	20,0	0	230,0	0	991,161	5.k=1.moyenne	0,0	ERA5
1063635	03/05/2025	03	02/05/2025	23	HAE	15,6	0	11,2	0	75,0	0	13,0	0	220,0	0	991,335	5.k=1.moyenne	0,0	ERA5
1063636	03/05/2025	04	03/05/2025	00	HAE	14,8	0	9,2	0	69,0	0	9,0	0	270,0	0	991,407	5.k=1.moyenne	0,0	ERA5
1063637	03/05/2025	05	03/05/2025	01	HAE	13,1	0	7,6	0	70,0	0	10,0	0	280,0	0	991,521	5.k=1.moyenne	0,0	ERA5
1063638	03/05/2025	06	03/05/2025	02	HAE	12,2	0	6,5	0	68,0	0	12,0	0	270,0	0	991,521	5.k=1.moyenne	0,0	ERA5
1063639	03/05/2025	07	03/05/2025	03	HAE	11,2	0	6,0	0	70,0	0	6,0	0	260,0	0	991,893	5.k=1.moyenne	0,0	ERA5
1063640	03/05/2025	08	03/05/2025	04	HAE	10,3	0	6,0	0	75,0	0	8,0	0	260,0	0	992,344	5.k=1.moyenne	0,0	ERA5
1063641	03/05/2025	09	03/05/2025	05	HAE	9,8	0	5,5	0	74,0	0	10,0	0	260,0	0	992,895	5.k=1.moyenne	0,0	ERA5
1063642	03/05/2025	10	03/05/2025	06	HAE	9,4	0	5,5	0	76,0	0	7,0	0	270,0	0	993,506	5.k=1.moyenne	7,0	ERA5
1063643	03/05/2025	11	03/05/2025	07	HAE	9,4	0	5,6	0	77,0	0	7,0	0	270,0	0	994,176	5.k=1.moyenne	131,5	ERA5
1063644	03/05/2025	12	03/05/2025	08	HAE	9,7	0	5,9	0	77,0	0	4,0	0	290,0	0	994,682	5.k=1.moyenne	318,1	ERA5
1063645	03/05/2025	13	03/05/2025	09	HAE	10,2	0	5,9	0	75,0	0	7,0	0	290,0	0	994,962	5.k=1.moyenne	428,9	ERA5
1063646	03/05/2025	14	03/05/2025	10	HAE	10,8	0	5,5	0	70,0	0	4,0	0	310,0	0	995,24	5.k=1.moyenne	642,1	ERA5
1063647	03/05/2025	15	03/05/2025	11	HAE	10,9	0	5,5	0	69,0	0	2,0	0	350,0	0	995,396	5.k=1.moyenne	790,6	ERA5
1063648	03/05/2025	16	03/05/2025	12	HAE	11,1	0	5,9	0	70,0	0	4,0	0	320,0	0	995,468	5.k=1.moyenne	561,0	ERA5
1063649	03/05/2025	17	03/05/2025	13	HAE	11,6	0	6,6	0	71,0	0	1,0	0	20,0	0	995,417	5.k=1.moyenne	712,9	ERA5
1063650	03/05/2025	18	03/05/2025	14	HAE	12,3	0	7,3	0	71,0	0	5,0	0	190,0	0	995,386	5.k=1.moyenne	832,7	ERA5
1063651	03/05/2025	19	03/05/2025	15	HAE	12,4	0	6,4	0	67,0	0	6,0	0	60,0	0	995,129	5.k=1.moyenne	518,5	ERA5
1063652	03/05/2025	20	03/05/2025	16	HAE	13,4	0	6,3	0	62,0	0	5,0	0	30,0	0	994,994	5.k=1.moyenne	919,6	ERA5
1063653	03/05/2025	21	03/05/2025	17	HAE	14,4	0	6,9	0	61,0	0	5,0	0	10,0	0	994,859	5.k=1.moyenne	1651,1	ERA5
1063654	03/05/2025	22	03/05/2025	18	HAE	14,0	0	5,1	0	55,0	0	3,0	0	110,0	0	994,845	5.k=1.moyenne	1216,0	ERA5
1063655	03/05/2025	23	03/05/2025	19	HAE	13,4	0	5,8	0	60,0	0	2,0	0	120,0	0	994,994	5.k=1.moyenne	532,2	ERA5
1063656	04/05/2025	00	03/05/2025	20	HAE	12,1	0	7,4	0	73,0	0	6,0	0	130,0	0	995,244	5.k=1.moyenne	129,0	ERA5
1063657	04/05/2025	01	03/05/2025	21	HAE	9,9	0	7,6	0	85,0	0	3,0	0	130,0	0	995,535	5.k=1.moyenne	0,0	ERA5
1063658	04/05/2025	02	03/05/2025	22	HAE	10,5	0	8,7	0	89,0	0	2,0	0	350,0	0	995,744	5.k=1.moyenne	0,0	ERA5
1063659	04/05/2025	03	03/05/2025	23	HAE	10,5	0	8,9	0	89,0	0	2,0	0	110,0	0	995,789	5.k=1.moyenne	0,0	ERA5
1063660	04/05/2025	04	04/05/2025	00	HAE	10,0	0	9,4	0	96,0	0	0,0	0	0,0	0	995,814	5.k=1.moyenne	0,0	ERA5
1063661	04/05/2025	05	04/05/2025	01	HAE	9,7	0	9,1	0	96,0	0	5,0	0	170,0	0	995,878	5.k=1.moyenne	0,0	ERA5
1063662	04/05/2025	06	04/05/2025	02	HAE	9,9	0	8,9	0	94,0	0	0,0	0	0,0	0	995,878	5.k=1.moyenne	0,0	ERA5
1063663	04/05/2025	07	04/05/2025	03	HAE	9,8	0	8,3	0	90,0	0	2,0	0	140,0	0	995,966	5.k=1.moyenne	0,0	ERA5
1063664	04/05/2025	08	04/05/2025	04	HAE	9,6	0	8,9	0	95,0	0	1,0	0	70,0	0	995,993	5.k=1.moyenne	0,0	ERA5
1063665	04/05/2025	09	04/05/2025	05	HAE	9,3	0	8,2	0	93,0	0	2,0	0	140,0	0	996,223	5.k=1.moyenne	0,0	ERA5
1063666	04/05/2025	10	04/05/2025	06	HAE	9,2	0	8,0	0	93,0	0	3,0	0	60,0	0	996,535	5.k=1.moyenne	2,7	ERA5
1063667	04/05/2025	11	04/05/2025	07	HAE	9,8	0	8,1	0	89,0	0	1,0	0	80,0	0	996,968	5.k=1.moyenne	90,0	ERA5
1063668	04/05/2025	12	04/05/2025	08	HAE	11,3	0	7,0	0	75,0	0	3,0	0	130,0	0	997,442	5.k=1.moyenne	329,0	ERA5
1063669	04/05/2025	13	04/05/2025	09	HAE	12,7	0	5,6	0	62,0	0	4,0	0	80,0	0	997,874	5.k=1.moyenne	936,1	ERA5
1063670	04/05/2025	14	04/05/2025	10	HAE	13,4	0	5,6	0	59,0	0	1,0	0	80,0	0	997,939	5.k=1.moyenne	1478,5	ERA5
1063671	04/05/2025	15	04/05/2025	11	HAE	14,9	0	5,6	0	54,0	0	4,0	0	30,0	0	998,024	5.k=1.moyenne	1701,1	ERA5
1063672	04/05/2025	16	04/05/2025	12	HAE	16,1	0	6,1	0	51,0	0	6,0	0	90,0	0	998,109	5.k=1.moyenne	2318,8	ERA5
1063673	04/05/2025	17	04/05/2025	13	HAE	16,5	0	5,6	0	49,0	0	6,0	0	80,0	0	997,867	5.k=1.moyenne	2188,1	ERA5
1063674	04/05/2025	18	04/05/2025	14	HAE	17,2	0	5,0	0	45,0	0	2,0	0	20,0	0	998,012	5.k=1.moyenne	2227,0	ERA5
1063675	04/05/2025	19	04/05/2025	15	HAE	17,9	0	4,7	0	42,0	0	5,0	0	40,0	0	998,137	5.k=1.moyenne	2300,9	ERA5
1063676	04/05/2025	20	04/05/2025	16	HAE	18,4	0	6,0	0	44,0	0	4,0	0	60,0	0	998,486	5.k=1.moyenne	2130,9	ERA5
1063677	04/05/2025	21	04/05/2025	17	HAE	18,6	0	5,3	0	42,0	0	2,0	0	10,0	0	998,958	5.k=1.moyenne	1571,0	ERA5
1063678	04/05/2025	22	04/05/2025	18	HAE	18,2	0	7,1	0	48,0	0	8,0	0	140,0	0	999,592	5.k=1.moyenne	1113,5	ERA5
1063679	04/05/2025	23	04/05/2025	19	HAE	17,2	0	7,7	0	54,0	0	10,0	0	180,0	0	1000,14	5.k=1.moyenne	573,6	ERA5
1063680	05/05/2025	00	04/05/2025	20	HAE	14,7	0	9,1	0	69,0	0	7,0	0	160,0	0	1001,02	5.k=1.moyenne	138,6	ERA5
1063681	05/05/2025	01	04/05/2025	21	HAE	13,4	0	8,2	0	71,0	0	3,0	0	140,0	0	1001,9	5.k=1.moyenne	0,0	ERA5
1063682	05/05/2025	02	04/05/2025	22	HAE	12,4	0	8,9	0	79,0	0	1,0	0	140,0	0	1002,62	5.k=1.moyenne	0,0	ERA5
1063683	05/05/2025	03	04/05/2025	23	HAE	11,4	0	8,2	0	80,0	0	2,0	0	30,0	0	1003,11	5.k=1.moyenne	0,0	ERA5
1063684	05/05/2025	04	05/05/2025	00	HAE	13,5	0	5,5	0	58,0	0	8,0	0	40,0	0	1003,72	5.k=1.moyenne	0,0	ERA5
1063685	05/05/2025	05	05/05/2025	01	HAE	12,1	0	2,4	0	52,0	0	7,0	0	20,0	0	1004,5	5.k=1.moyenne	0,0	ERA5
1063686	05/05/2025	06	05/05/2025	02	HAE	12,2	0	-0,5	0	41,0	0	11,0	0	30,0	0	1004,5	5.k=1.moyenne	0,0	ERA5
1063687	05/05/2025	07	05/05/2025	03	HAE	11,4	0	-0,5	0	44,0	0	10,0	0	30,0	0	1004,98	5.k=1.moyenne	0,0	ERA5
1063688	05/05/2025	08	05/05/2025	04	HAE	10,5	0	-0,7	0	46,0	0	17,0	0	30,0	0	1005,8	5.k=1.moyenne	0,0	ERA5
1063689	05/05/2025	09	05/05/2025	05	HAE	9,4	0	-0,533333	4.lineaire	52,0	0	12,0	0	30,0	0	1006,52	5.k=1.moyenne	0,0	ERA5
1063690	05/05/2025	10	05/05/2025	06	HAE	8,8	0	-0,366667	4.lineaire	54,0	0	13,0	0	30,0	0	1007,44	5.k=1.moyenne	10,8	ERA5
1063691	05/05/2025	11	05/05/2025	07	HAE	8,9	0	-0,2	0	53,0	0	16,0	0	30,0	0	1008,08	5.k=1.moyenne	225,6	ERA5
1063692	05/05/2025	12	05/05/2025	08	HAE	9,3	0	-0,1	0	52,0	0	15,0	0	30,0	0	1008,71	5.k=1.moyenne	730,9	ERA5
1063693	05/05/2025	13	05/05/2025	09	HAE	11,5	0	1,9	0	52,0	0	12,0	0	30,0	0	1009,08	5.k=1.moyenne	1359,3	ERA5
1063694	05/05/2025	14	05/05/2025	10	HAE	14,0	0	3,0	0	48,0	0	12,0	0	30,0	0	1009,13	5.k=1.moyenne	1724,5	ERA5
1063695	05/05/2025	15	05/05/2025	11	HAE	16,8	0	5,0	0	46,0	0	16,0	0	30,0	0	1009,0	5.k=1.moyenne	2371,9	ERA5
1063696	05/05/2025	16	05/05/2025	12	HAE	18,9	0	6,2	0	44,0	0	14,0	0	60,0	0	1008,94	5.k=1.moyenne	2794,7	ERA5
1063697	05/05/2025	17	05/05/2025	13	HAE	21,0	0	7,8	0	43,0	0	11,0	0	80,0	0	1008,54	5.k=1.moyenne	2986,8	ERA5
1063698	05/05/2025	18	05/05/2025	14	HAE	21,4	0	9,4	0	46,0	0	11,0	0	90,0	0	1008,22	5.k=1.moyenne	2719,3	ERA5
1063699	05/05/2025	19	05/05/2025	15	HAE	21,6	0	9,6	0	47,0	0	13,0	0	100,0	0	1007,86	5.k=1.moyenne	2275,0	ERA5
1063700	05/05/2025	20	05/05/2025	16	HAE	21,3	0	10,0	0	48,0	0	13,0	0	160,0	0	1007,49	5.k=1.moyenne	1837,9	ERA5
1063701	05/05/2025	21	05/05/2025	17	HAE	21,0	0	11,4	0	54,0	0	14,0	0	180,0	0	1007,4	5.k=1.moyenne	1433,0	ERA5
1063702	05/05/2025	22	05/05/2025	18	HAE	18,5	0	12,6	0	68,0	0	15,0	0	190,0	0	1007,38	5.k=1.moyenne	769,2	ERA5
1063703	05/05/2025	23	05/05/2025	19	HAE	17,6	0	12,3	0	71,0	0	16,0	0	170,0	0	1007,23	5.k=1.moyenne	365,3	ERA5
1063704	06/05/2025	00	05/05/2025	20	HAE	16,0	0	11,8	0	76,0	0	11,0	0	170,0	0	1007,3	5.k=1.moyenne	111,5	ERA5
1063705	06/05/2025	01	05/05/2025	21	HAE	14,9	0	11,8	0	82,0	0	9,0	0	170,0	0	1007,51	5.k=1.moyenne	0,0	ERA5
1063706	06/05/2025	02	05/05/2025	22	HAE	14,7	0	11,5	0	81,0	0	9,0	0	150,0	0	1007,63	5.k=1.moyenne	0,0	ERA5
1063707	06/05/2025	03	05/05/2025	23	HAE	14,4	0	11,1	0	81,0	0	9,0	0	130,0	0	1007,43	5.k=1.moyenne	0,0	ERA5
1063708	06/05/2025	04	06/05/2025	00	HAE	13,9	0	11,3	0	84,0	0	3,0	0	110,0	0	1007,34	5.k=1.moyenne	0,0	ERA5
1063709	06/05/2025	05	06/05/2025	01	HAE	13,9	0	11,4	0	85,0	0	3,0	0	100,0	0	1007,0	5.k=1.moyenne	0,0	ERA5
1063710	06/05/2025	06	06/05/2025	02	HAE	13,5	0	11,9	0	90,0	0	2,0	0	140,0	0	1007,0	5.k=1.moyenne	0,0	ERA5
1063711	06/05/2025	07	06/05/2025	03	HAE	13,2	0	12,6	0	96,0	0	1,0	0	90,0	0	1006,59	5.k=1.moyenne	0,0	ERA5
1063712	06/05/2025	08	06/05/2025	04	HAE	13,0	0	12,7	0	98,0	0	3,0	0	40,0	0	1006,14	5.k=1.moyenne	0,0	ERA5
1063713	06/05/2025	09	06/05/2025	05	HAE	13,0	0	12,1	0	94,0	0	5,0	0	50,0	0	1005,8	5.k=1.moyenne	0,0	ERA5
1063714	06/05/2025	10	06/05/2025	06	HAE	12,6	0	12,5	0	100,0	0	0,0	0	0,0	0	1005,6	5.k=1.moyenne	3,4	ERA5
1063715	06/05/2025	11	06/05/2025	07	HAE	13,0	0	13,0	0	96,8	4.lineaire	6,0	0	50,0	0	1005,29	5.k=1.moyenne	54,1	ERA5
1063716	06/05/2025	12	06/05/2025	08	HAE	14,3	0	14,3	0	93,6	4.lineaire	4,0	0	90,0	0	1004,96	5.k=1.moyenne	242,7	ERA5
1063717	06/05/2025	13	06/05/2025	09	HAE	15,2667	4.lineaire	14,3333	4.lineaire	90,4	4.lineaire	6,33333	4.lineaire	113,333	4.lineaire	1004,38	5.k=1.moyenne	308,3	ERA5
1063718	06/05/2025	14	06/05/2025	10	HAE	16,2333	4.lineaire	14,3667	4.lineaire	87,2	4.lineaire	8,66667	4.lineaire	136,667	4.lineaire	1003,73	5.k=1.moyenne	379,1	ERA5
1063719	06/05/2025	15	06/05/2025	11	HAE	17,2	0	14,4	0	84,0	0	11,0	0	160,0	0	1002,93	5.k=1.moyenne	1184,2	ERA5
1063720	06/05/2025	16	06/05/2025	12	HAE	20,4	0	16,1	0	76,0	0	17,0	0	170,0	0	1002,25	5.k=1.moyenne	1459,7	ERA5
1063721	06/05/2025	17	06/05/2025	13	HAE	20,4	0	15,4	0	73,0	0	25,0	0	180,0	0	1001,52	5.k=1.moyenne	1631,0	ERA5
1063722	06/05/2025	18	06/05/2025	14	HAE	20,6	0	15,4	0	72,0	0	26,0	0	180,0	0	1000,77	5.k=1.moyenne	1782,8	ERA5
1063723	06/05/2025	19	06/05/2025	15	HAE	21,2	0	14,9	0	67,0	0	29,0	0	140,0	0	1000,03	5.k=1.moyenne	1641,8	ERA5
1063724	06/05/2025	20	06/05/2025	16	HAE	20,8	0	14,6	0	67,0	0	21,0	0	140,0	0	999,339	5.k=1.moyenne	1459,2	ERA5
1063725	06/05/2025	21	06/05/2025	17	HAE	21,4	0	14,8	0	66,0	0	20,0	0	150,0	0	998,742	5.k=1.moyenne	1344,9	ERA5
1063726	06/05/2025	22	06/05/2025	18	HAE	20,5	0	13,9	0	66,0	0	26,0	0	140,0	0	998,246	5.k=1.moyenne	860,0	ERA5
1063727	06/05/2025	23	06/05/2025	19	HAE	19,8	0	14,1	0	70,0	0	18,0	0	150,0	0	997,76	5.k=1.moyenne	347,0	ERA5
1063728	07/05/2025	00	06/05/2025	20	HAE	19,0	0	14,1	0	73,0	0	17,0	0	150,0	0	997,495	5.k=1.moyenne	125,7	ERA5
1063729	07/05/2025	01	06/05/2025	21	HAE	18,4	0	13,9	0	75,0	0	24,0	0	150,0	0	997,531	5.k=1.moyenne	0,0	ERA5
1063730	07/05/2025	02	06/05/2025	22	HAE	17,4	0	13,8	0	79,0	0	20,0	0	140,0	0	997,367	5.k=1.moyenne	0,0	ERA5
1063731	07/05/2025	03	06/05/2025	23	HAE	16,4	0	13,5	0	83,0	0	10,0	0	130,0	0	997,023	5.k=1.moyenne	-0,0	ERA5
1063732	07/05/2025	04	07/05/2025	00	HAE	15,4	0	13,0	0	86,0	0	8,0	0	120,0	0	996,539	5.k=1.moyenne	0,0	ERA5
1063733	07/05/2025	05	07/05/2025	01	HAE	16,1	0	12,8	0	81,0	0	16,0	0	130,0	0	996,316	5.k=1.moyenne	0,0	ERA5
1063734	07/05/2025	06	07/05/2025	02	HAE	15,9	0	12,4	0	80,0	0	9,0	0	120,0	0	996,316	5.k=1.moyenne	0,0	ERA5
1063735	07/05/2025	07	07/05/2025	03	HAE	15,0	0	12,4	0	84,0	0	13,0	0	130,0	0	995,994	5.k=1.moyenne	0,0	ERA5
1063736	07/05/2025	08	07/05/2025	04	HAE	14,4	0	12,0	0	85,0	0	9,0	0	150,0	0	995,981	5.k=1.moyenne	0,0	ERA5
1063737	07/05/2025	09	07/05/2025	05	HAE	13,7	0	11,8	0	88,0	0	17,0	0	170,0	0	995,97	5.k=1.moyenne	0,0	ERA5
1063738	07/05/2025	10	07/05/2025	06	HAE	13,0	0	11,7	0	92,0	0	8,0	0	190,0	0	996,31	5.k=1.moyenne	12,2	ERA5
1063739	07/05/2025	11	07/05/2025	07	HAE	14,9	0	12,2	0	84,0	0	19,0	0	180,0	0	996,651	5.k=1.moyenne	228,6	ERA5
1063740	07/05/2025	12	07/05/2025	08	HAE	15,5	0	12,4	0	82,0	0	24,0	0	180,0	0	997,056	5.k=1.moyenne	670,6	ERA5
1063741	07/05/2025	13	07/05/2025	09	HAE	16,2	0	11,7	0	74,0	0	20,0	0	180,0	0	997,034	5.k=1.moyenne	1181,0	ERA5
1063742	07/05/2025	14	07/05/2025	10	HAE	17,7	0	11,3	0	66,0	0	15,0	0	170,0	0	997,039	5.k=1.moyenne	1867,4	ERA5
1063743	07/05/2025	15	07/05/2025	11	HAE	18,5	0	12,1	0	66,0	0	18,0	0	180,0	0	997,16	5.k=1.moyenne	2323,6	ERA5
1063744	07/05/2025	16	07/05/2025	12	HAE	18,6	0	10,2	0	58,0	0	22,0	0	190,0	0	997,104	5.k=1.moyenne	2126,4	ERA5
1063745	07/05/2025	17	07/05/2025	13	HAE	18,8	0	10,3	0	58,0	0	19,0	0	210,0	0	997,048	5.k=1.moyenne	1608,0	ERA5
1063746	07/05/2025	18	07/05/2025	14	HAE	15,7	0	11,5	0	76,0	0	8,0	0	300,0	0	996,994	5.k=1.moyenne	1372,7	ERA5
1063747	07/05/2025	19	07/05/2025	15	HAE	16,7	0	12,2	0	74,0	0	8,0	0	330,0	0	997,122	5.k=1.moyenne	2324,5	ERA5
1063748	07/05/2025	20	07/05/2025	16	HAE	19,2	0	11,6	0	62,0	0	9,0	0	240,0	0	997,15	5.k=1.moyenne	2428,8	ERA5
1063749	07/05/2025	21	07/05/2025	17	HAE	19,0	0	11,9	0	63,0	0	11,0	0	230,0	0	997,425	5.k=1.moyenne	1734,7	ERA5
1063750	07/05/2025	22	07/05/2025	18	HAE	19,4	0	11,3	0	59,0	0	7,0	0	280,0	0	997,721	5.k=1.moyenne	970,8	ERA5
1063751	07/05/2025	23	07/05/2025	19	HAE	17,8	0	11,8	0	68,0	0	12,0	0	280,0	0	998,141	5.k=1.moyenne	456,1	ERA5
1063752	08/05/2025	00	07/05/2025	20	HAE	16,3	0	12,2	0	77,0	0	11,0	0	280,0	0	998,724	5.k=1.moyenne	97,0	ERA5
1063753	08/05/2025	01	07/05/2025	21	HAE	13,6	0	9,7	0	77,0	0	10,0	0	350,0	0	999,329	5.k=1.moyenne	0,1	ERA5
1063754	08/05/2025	02	07/05/2025	22	HAE	11,7	0	7,5	0	75,0	0	10,0	0	340,0	0	999,689	5.k=1.moyenne	0,0	ERA5
1063755	08/05/2025	03	07/05/2025	23	HAE	11,1	0	7,0	0	76,0	0	9,0	0	350,0	0	999,948	5.k=1.moyenne	0,0	ERA5
1063756	08/05/2025	04	08/05/2025	00	HAE	10,8	0	6,4	0	74,0	0	7,0	0	340,0	0	1000,27	5.k=1.moyenne	0,0	ERA5
1063757	08/05/2025	05	08/05/2025	01	HAE	10,7	0	6,2	0	74,0	0	4,0	0	320,0	0	1000,59	5.k=1.moyenne	-0,0	ERA5
1063758	08/05/2025	06	08/05/2025	02	HAE	10,4	0	6,3	0	76,0	0	7,0	0	330,0	0	1000,59	5.k=1.moyenne	0,0	ERA5
1063759	08/05/2025	07	08/05/2025	03	HAE	10,0	0	6,2	0	77,0	0	4,0	0	340,0	0	1000,68	5.k=1.moyenne	0,0	ERA5
1063760	08/05/2025	08	08/05/2025	04	HAE	9,7	0	5,6	0	76,0	0	4,0	0	350,0	0	1000,87	5.k=1.moyenne	0,0	ERA5
1063761	08/05/2025	09	08/05/2025	05	HAE	9,1	0	5,3	0	77,0	0	3,0	0	350,0	0	1001,32	5.k=1.moyenne	0,0	ERA5
1063762	08/05/2025	10	08/05/2025	06	HAE	8,9	0	4,3	0	73,0	0	7,0	0	10,0	0	1002,06	5.k=1.moyenne	4,1	ERA5
1063763	08/05/2025	11	08/05/2025	07	HAE	8,4	0	3,8	0	73,0	0	7,0	0	360,0	0	1002,75	5.k=1.moyenne	39,3	ERA5
1063764	08/05/2025	12	08/05/2025	08	HAE	7,7	0	3,9	0	77,0	0	10,0	0	360,0	0	1003,29	5.k=1.moyenne	80,1	ERA5
1063765	08/05/2025	13	08/05/2025	09	HAE	7,4	0	4,3	0	81,0	0	9,0	0	360,0	0	1004,05	5.k=1.moyenne	203,3	ERA5
1063766	08/05/2025	14	08/05/2025	10	HAE	7,7	0	4,4	0	79,0	0	7,0	0	360,0	0	1004,44	5.k=1.moyenne	297,3	ERA5
1063767	08/05/2025	15	08/05/2025	11	HAE	7,7	0	3,7	0	75,0	0	5,0	0	10,0	0	1004,79	5.k=1.moyenne	437,3	ERA5
1063768	08/05/2025	16	08/05/2025	12	HAE	8,7	0	3,7	0	71,0	0	5,0	0	350,0	0	1005,03	5.k=1.moyenne	686,5	ERA5
1063769	08/05/2025	17	08/05/2025	13	HAE	8,9	0	3,8	0	70,0	0	6,0	0	20,0	0	1005,28	5.k=1.moyenne	689,0	ERA5
1063770	08/05/2025	18	08/05/2025	14	HAE	9,6	0	3,3	0	65,0	0	7,0	0	350,0	0	1005,6	5.k=1.moyenne	792,3	ERA5
1063771	08/05/2025	19	08/05/2025	15	HAE	10,0	0	3,5	0	64,0	0	7,0	0	360,0	0	1005,88	5.k=1.moyenne	528,0	ERA5
1063772	08/05/2025	20	08/05/2025	16	HAE	9,9	0	3,5	0	64,0	0	6,0	0	20,0	0	1005,96	5.k=1.moyenne	457,7	ERA5
1063773	08/05/2025	21	08/05/2025	17	HAE	9,7	0	2,9	0	63,0	0	11,0	0	40,0	0	1006,37	5.k=1.moyenne	380,0	ERA5
1063774	08/05/2025	22	08/05/2025	18	HAE	9,5	0	3,4	0	65,0	0	9,0	0	40,0	0	1006,58	5.k=1.moyenne	220,4	ERA5
1063775	08/05/2025	23	08/05/2025	19	HAE	9,0	0	4,3	0	72,0	0	10,0	0	20,0	0	1006,64	5.k=1.moyenne	138,8	ERA5
1063776	09/05/2025	00	08/05/2025	20	HAE	7,9	0	5,8	0	86,0	0	10,0	0	20,0	0	1007,15	5.k=1.moyenne	39,2	ERA5
1063777	09/05/2025	01	08/05/2025	21	HAE	7,4	0	7,2	0	98,0	0	6,0	0	40,0	0	1007,58	5.k=1.moyenne	0,1	ERA5
1063778	09/05/2025	02	08/05/2025	22	HAE	7,1	0	7,1	0	96,6667	4.lineaire	7,0	0	10,0	0	1007,74	5.k=1.moyenne	0,0	ERA5
1063779	09/05/2025	03	08/05/2025	23	HAE	7,3	0	7,3	0	95,3333	4.lineaire	7,0	0	20,0	0	1007,74	5.k=1.moyenne	0,0	ERA5
1063780	09/05/2025	04	09/05/2025	00	HAE	7,0	0	6,1	0	94,0	0	10,0	0	20,0	0	1007,68	5.k=1.moyenne	0,0	ERA5
1063781	09/05/2025	05	09/05/2025	01	HAE	7,0	0	5,2	0	88,0	0	9,0	0	40,0	0	1007,6	5.k=1.moyenne	0,0	ERA5
1063782	09/05/2025	06	09/05/2025	02	HAE	6,8	0	4,8	0	87,0	0	7,0	0	30,0	0	1007,6	5.k=1.moyenne	-0,0	ERA5
1063783	09/05/2025	07	09/05/2025	03	HAE	6,7	0	4,4	0	85,0	0	10,0	0	40,0	0	1007,45	5.k=1.moyenne	0,0	ERA5
1063784	09/05/2025	08	09/05/2025	04	HAE	6,5	0	4,6	0	88,0	0	8,0	0	20,0	0	1007,32	5.k=1.moyenne	0,0	ERA5
1063785	09/05/2025	09	09/05/2025	05	HAE	6,2	0	4,5	0	89,0	0	9,0	0	30,0	0	1007,39	5.k=1.moyenne	0,0	ERA5
1063786	09/05/2025	10	09/05/2025	06	HAE	5,9	0	4,7	0	92,0	0	8,0	0	20,0	0	1007,43	5.k=1.moyenne	4,0	ERA5
1063787	09/05/2025	11	09/05/2025	07	HAE	5,8	0	4,8	0	93,0	0	10,0	0	10,0	0	1007,41	5.k=1.moyenne	72,3	ERA5
1063788	09/05/2025	12	09/05/2025	08	HAE	5,8	0	5,1	0	95,0	0	7,0	0	30,0	0	1007,2	5.k=1.moyenne	164,9	ERA5
1063789	09/05/2025	13	09/05/2025	09	HAE	6,1	0	5,3	0	95,0	0	9,0	0	30,0	0	1006,86	5.k=1.moyenne	333,7	ERA5
1063790	09/05/2025	14	09/05/2025	10	HAE	6,2	0	5,3	0	94,0	0	11,0	0	30,0	0	1006,59	5.k=1.moyenne	287,0	ERA5
1063791	09/05/2025	15	09/05/2025	11	HAE	6,5	0	5,8	0	96,0	0	8,0	0	30,0	0	1006,27	5.k=1.moyenne	395,9	ERA5
1063792	09/05/2025	16	09/05/2025	12	HAE	6,8	0	6,4	0	97,0	0	9,0	0	30,0	0	1005,62	5.k=1.moyenne	318,4	ERA5
1063793	09/05/2025	17	09/05/2025	13	HAE	7,2	0	6,9	0	98,0	0	7,0	0	10,0	0	1004,95	5.k=1.moyenne	356,7	ERA5
1063794	09/05/2025	18	09/05/2025	14	HAE	7,6	0	7,3	0	98,0	0	6,0	0	350,0	0	1004,34	5.k=1.moyenne	289,6	ERA5
1063795	09/05/2025	19	09/05/2025	15	HAE	8,1	0	7,9	0	99,0	0	6,0	0	360,0	0	1003,64	5.k=1.moyenne	336,8	ERA5
1063796	09/05/2025	20	09/05/2025	16	HAE	8,5	0	8,4	0	99,0	0	6,0	0	10,0	0	1002,85	5.k=1.moyenne	223,3	ERA5
1063797	09/05/2025	21	09/05/2025	17	HAE	8,9	0	8,8	0	99,0	0	7,0	0	10,0	0	1002,37	5.k=1.moyenne	183,4	ERA5
1063798	09/05/2025	22	09/05/2025	18	HAE	9,0	0	9,0	0	100,0	0	5,0	0	360,0	0	1002,24	5.k=1.moyenne	111,4	ERA5
1063799	09/05/2025	23	09/05/2025	19	HAE	9,0	0	9,0	0	100,0	5.k=1.STE-CLOTHILDE	7,0	0	20,0	0	1001,78	5.k=1.moyenne	64,8	ERA5
1063800	10/05/2025	00	09/05/2025	20	HAE	8,7	0	8,7	0	100,0	5.k=1.STE-CLOTHILDE	10,0	0	10,0	0	1001,53	5.k=1.moyenne	17,2	ERA5
1063801	10/05/2025	01	09/05/2025	21	HAE	8,2	0	8,2	0	100,0	5.k=1.STE-CLOTHILDE	7,0	0	20,0	0	1001,38	5.k=1.moyenne	0,1	ERA5
1063802	10/05/2025	02	09/05/2025	22	HAE	7,9	0	7,9	0	100,0	5.k=1.STE-CLOTHILDE	8,0	0	10,0	0	1001,27	5.k=1.moyenne	0,0	ERA5
1063803	10/05/2025	03	09/05/2025	23	HAE	7,4	0	7,4	0	100,0	5.k=1.STE-CLOTHILDE	8,0	0	360,0	0	1000,73	5.k=1.moyenne	0,0	ERA5
1063804	10/05/2025	04	10/05/2025	00	HAE	7,4	0	7,4	0	100,0	5.k=1.STE-CLOTHILDE	7,0	0	20,0	0	1000,22	5.k=1.moyenne	0,0	ERA5
1063805	10/05/2025	05	10/05/2025	01	HAE	7,3	0	7,3	0	100,0	5.k=1.STE-CLOTHILDE	5,0	0	10,0	0	999,949	5.k=1.moyenne	0,0	ERA5
1063806	10/05/2025	06	10/05/2025	02	HAE	7,2	0	7,2	0	100,0	5.k=1.STE-CLOTHILDE	6,0	0	10,0	0	999,949	5.k=1.moyenne	-0,0	ERA5
1063807	10/05/2025	07	10/05/2025	03	HAE	7,2	0	7,2	0	99,8571	5.k=1.STE-CLOTHILDE	9,0	0	10,0	0	999,564	5.k=1.moyenne	0,0	ERA5
1063808	10/05/2025	08	10/05/2025	04	HAE	7,1	0	7,1	0	100,0	5.k=1.STE-CLOTHILDE	8,0	0	360,0	0	999,102	5.k=1.moyenne	0,0	ERA5
1063809	10/05/2025	09	10/05/2025	05	HAE	7,3	0	7,3	0	100,0	5.k=1.STE-CLOTHILDE	6,0	0	350,0	0	998,849	5.k=1.moyenne	0,0	ERA5
1063810	10/05/2025	10	10/05/2025	06	HAE	7,5	0	7,5	0	99,4285	5.k=1.STE-CLOTHILDE	5,0	0	330,0	0	998,701	5.k=1.moyenne	10,1	ERA5
1063811	10/05/2025	11	10/05/2025	07	HAE	7,5	0	7,5	0	99,2856	5.k=1.STE-CLOTHILDE	5,0	0	330,0	0	998,721	5.k=1.moyenne	107,8	ERA5
1063812	10/05/2025	12	10/05/2025	08	HAE	7,6	0	7,6	0	99,1428	5.k=1.STE-CLOTHILDE	6,0	0	310,0	0	998,459	5.k=1.moyenne	273,2	ERA5
1063813	10/05/2025	13	10/05/2025	09	HAE	7,7	0	7,7	0	98,1429	5.k=1.STE-CLOTHILDE	5,0	0	320,0	0	998,179	5.k=1.moyenne	181,1	ERA5
1063814	10/05/2025	14	10/05/2025	10	HAE	8,4	0	8,4	0	98,0	5.k=1.STE-CLOTHILDE	7,0	0	330,0	0	997,943	5.k=1.moyenne	276,1	ERA5
1063815	10/05/2025	15	10/05/2025	11	HAE	8,9	0	8,5	0	98,0	0	9,0	0	330,0	0	997,791	5.k=1.moyenne	384,1	ERA5
1063816	10/05/2025	16	10/05/2025	12	HAE	9,7	0	8,9	0	95,0	0	6,0	0	320,0	0	997,765	5.k=1.moyenne	431,1	ERA5
1063817	10/05/2025	17	10/05/2025	13	HAE	10,1	0	9,7	0	97,0	0	7,0	0	300,0	0	997,413	5.k=1.moyenne	707,9	ERA5
1063818	10/05/2025	18	10/05/2025	14	HAE	11,9	0	9,9	0	87,0	0	7,0	0	320,0	0	997,024	5.k=1.moyenne	670,7	ERA5
1063819	10/05/2025	19	10/05/2025	15	HAE	13,6	0	10,3	0	80,0	0	6,0	0	310,0	0	996,574	5.k=1.moyenne	603,4	ERA5
1063820	10/05/2025	20	10/05/2025	16	HAE	15,0	0	10,8	0	76,0	0	7,0	0	280,0	0	996,29	5.k=1.moyenne	621,6	ERA5
1063821	10/05/2025	21	10/05/2025	17	HAE	16,7	0	11,3	0	71,0	0	6,0	0	250,0	0	996,273	5.k=1.moyenne	775,5	ERA5
1063822	10/05/2025	22	10/05/2025	18	HAE	18,1	0	9,7	0	58,0	0	6,0	0	280,0	0	996,4	5.k=1.moyenne	800,2	ERA5
1063823	10/05/2025	23	10/05/2025	19	HAE	16,6	0	10,6	0	68,0	0	9,0	0	210,0	0	996,712	5.k=1.moyenne	641,3	ERA5
1063824	11/05/2025	00	10/05/2025	20	HAE	14,2	0	11,7	0	85,0	0	19,0	0	160,0	0	996,923	5.k=1.moyenne	200,9	ERA5
1063825	11/05/2025	01	10/05/2025	21	HAE	12,9	0	11,2	0	89,0	0	17,0	0	180,0	0	997,38	5.k=1.moyenne	0,8	ERA5
1063826	11/05/2025	02	10/05/2025	22	HAE	12,1	0	11,1	0	94,0	0	10,0	0	190,0	0	997,756	5.k=1.moyenne	0,0	ERA5
1063827	11/05/2025	03	10/05/2025	23	HAE	13,6	0	9,5	0	76,0	0	10,0	0	340,0	0	998,103	5.k=1.moyenne	0,0	ERA5
1063828	11/05/2025	04	11/05/2025	00	HAE	12,5	0	3,9	0	56,0	0	10,0	0	350,0	0	998,614	5.k=1.moyenne	0,0	ERA5
1063829	11/05/2025	05	11/05/2025	01	HAE	9,0	0	2,7	0	65,0	0	17,0	0	10,0	0	999,054	5.k=1.moyenne	0,0	ERA5
1063830	11/05/2025	06	11/05/2025	02	HAE	7,3	0	1,9	0	69,0	0	8,0	0	360,0	0	999,054	5.k=1.moyenne	-0,0	ERA5
1063831	11/05/2025	07	11/05/2025	03	HAE	6,3	0	0,9	0	68,0	0	9,0	0	360,0	0	999,534	5.k=1.moyenne	0,0	ERA5
1063832	11/05/2025	08	11/05/2025	04	HAE	5,2	0	0,4	0	71,0	0	6,0	0	340,0	0	1000,05	5.k=1.moyenne	0,0	ERA5
1063833	11/05/2025	09	11/05/2025	05	HAE	4,5	0	-0,7	0	69,0	0	7,0	0	340,0	0	1000,68	5.k=1.moyenne	0,0	ERA5
1063834	11/05/2025	10	11/05/2025	06	HAE	3,8	0	-1,2	0	69,0	0	4,0	0	340,0	0	1001,28	5.k=1.moyenne	32,0	ERA5
1063835	11/05/2025	11	11/05/2025	07	HAE	4,7	0	-2,3	0	61,0	0	7,0	0	320,0	0	1001,88	5.k=1.moyenne	443,7	ERA5
1063836	11/05/2025	12	11/05/2025	08	HAE	5,4	0	-3,4	0	53,0	0	10,0	0	340,0	0	1002,35	5.k=1.moyenne	1109,5	ERA5
1063837	11/05/2025	13	11/05/2025	09	HAE	6,3	0	-2,5	0	53,0	0	10,0	0	340,0	0	1002,99	5.k=1.moyenne	1801,1	ERA5
1063838	11/05/2025	14	11/05/2025	10	HAE	7,6	0	-2,1	0	50,0	0	11,0	0	310,0	0	1003,08	5.k=1.moyenne	2432,0	ERA5
1063839	11/05/2025	15	11/05/2025	11	HAE	8,4	0	-3,4	0	43,0	0	9,0	0	320,0	0	1003,19	5.k=1.moyenne	2947,2	ERA5
1063840	11/05/2025	16	11/05/2025	12	HAE	9,7	0	-1,5	0	46,0	0	8,0	0	300,0	0	1003,31	5.k=1.moyenne	3296,7	ERA5
1063841	11/05/2025	17	11/05/2025	13	HAE	10,8	0	-2,7	0	39,0	0	9,0	0	280,0	0	1003,24	5.k=1.moyenne	3455,3	ERA5
1063842	11/05/2025	18	11/05/2025	14	HAE	12,5	0	-2,0	0	36,0	0	9,0	0	290,0	0	1003,32	5.k=1.moyenne	3412,5	ERA5
1063843	11/05/2025	19	11/05/2025	15	HAE	13,9	0	-3,2	0	30,0	0	9,0	0	260,0	0	1003,26	5.k=1.moyenne	3174,2	ERA5
1063844	11/05/2025	20	11/05/2025	16	HAE	15,2	0	-3,0	0	28,0	0	8,0	0	270,0	0	1003,0	5.k=1.moyenne	2760,7	ERA5
1063845	11/05/2025	21	11/05/2025	17	HAE	15,6	0	-4,0	0	26,0	0	13,0	0	260,0	0	1003,11	5.k=1.moyenne	2202,4	ERA5
1063846	11/05/2025	22	11/05/2025	18	HAE	16,1	0	-4,3	0	24,0	0	10,0	0	280,0	0	1003,13	5.k=1.moyenne	1546,9	ERA5
1063847	11/05/2025	23	11/05/2025	19	HAE	15,6	0	-4,4	0	25,0	0	5,0	0	260,0	0	1003,38	5.k=1.moyenne	860,7	ERA5
1063848	12/05/2025	00	11/05/2025	20	HAE	13,1	0	-2,6	0	34,0	0	6,0	0	250,0	0	1003,71	5.k=1.moyenne	253,4	ERA5
1063849	12/05/2025	01	11/05/2025	21	HAE	10,8	0	-0,6	0	45,0	0	8,0	0	230,0	0	1004,12	5.k=1.moyenne	1,6	ERA5
1063850	12/05/2025	02	11/05/2025	22	HAE	9,6	0	-0,8	0	48,0	0	4,0	0	230,0	0	1004,22	5.k=1.moyenne	0,0	ERA5
1063851	12/05/2025	03	11/05/2025	23	HAE	7,7	0	1,3	0	64,0	0	5,0	0	210,0	0	1004,39	5.k=1.moyenne	0,0	ERA5
1063852	12/05/2025	04	12/05/2025	00	HAE	9,1	0	-0,4	0	51,0	0	6,0	0	230,0	0	1004,45	5.k=1.moyenne	0,0	ERA5
1063853	12/05/2025	05	12/05/2025	01	HAE	9,1	0	0,9	0	56,0	0	6,0	0	210,0	0	1004,37	5.k=1.moyenne	0,0	ERA5
1063854	12/05/2025	06	12/05/2025	02	HAE	9,3	0	2,1	0	61,0	0	6,0	0	200,0	0	1004,37	5.k=1.moyenne	0,0	ERA5
1063855	12/05/2025	07	12/05/2025	03	HAE	8,7	0	3,4	0	69,0	0	3,0	0	220,0	0	1004,07	5.k=1.moyenne	0,0	ERA5
1063856	12/05/2025	08	12/05/2025	04	HAE	8,5	0	3,2	0	69,0	0	9,0	0	160,0	0	1003,8	5.k=1.moyenne	0,0	ERA5
1063857	12/05/2025	09	12/05/2025	05	HAE	8,25	4.lineaire	3,3	4.lineaire	70,5	4.lineaire	10,5	4.lineaire	160,0	4.lineaire	1003,52	5.k=1.moyenne	0,0	ERA5
1063858	12/05/2025	10	12/05/2025	06	HAE	8,0	0	3,4	0	72,0	0	12,0	0	160,0	0	1003,13	5.k=1.moyenne	32,5	ERA5
1063859	12/05/2025	11	12/05/2025	07	HAE	8,9	0	3,1	0	67,0	0	15,0	0	170,0	0	1002,94	5.k=1.moyenne	432,5	ERA5
1063860	12/05/2025	12	12/05/2025	08	HAE	10,5	0	2,8	0	59,0	0	18,0	0	190,0	0	1002,65	5.k=1.moyenne	1071,8	ERA5
1063861	12/05/2025	13	12/05/2025	09	HAE	13,6	0	2,9	0	48,0	0	19,0	0	190,0	0	1002,03	5.k=1.moyenne	1715,4	ERA5
1063862	12/05/2025	14	12/05/2025	10	HAE	13,3	0	3,0	0	50,0	0	18,0	0	190,0	0	1001,52	5.k=1.moyenne	2218,3	ERA5
1063863	12/05/2025	15	12/05/2025	11	HAE	15,7	0	3,4	0	44,0	0	18,0	0	200,0	0	1001,06	5.k=1.moyenne	1470,6	ERA5
1063864	12/05/2025	16	12/05/2025	12	HAE	19,1	0	4,4	0	38,0	0	15,0	0	220,0	0	1000,55	5.k=1.moyenne	2436,7	ERA5
1063865	12/05/2025	17	12/05/2025	13	HAE	18,2	0	1,5	0	32,0	0	12,0	0	280,0	0	1000,19	5.k=1.moyenne	2407,1	ERA5
1063866	12/05/2025	18	12/05/2025	14	HAE	18,5	0	-0,3	0	28,0	0	10,0	0	290,0	0	1000,04	5.k=1.moyenne	2117,9	ERA5
1063867	12/05/2025	19	12/05/2025	15	HAE	18,2	0	2,8	0	36,0	0	2,0	0	30,0	0	999,96	5.k=1.moyenne	1628,3	ERA5
1063868	12/05/2025	20	12/05/2025	16	HAE	19,4	0	4,1	0	36,0	0	4,0	0	360,0	0	999,837	5.k=1.moyenne	1655,1	ERA5
1063869	12/05/2025	21	12/05/2025	17	HAE	18,9	0	4,0	0	37,0	0	4,0	0	340,0	0	999,794	5.k=1.moyenne	1633,4	ERA5
1063870	12/05/2025	22	12/05/2025	18	HAE	18,2	0	5,4	0	43,0	0	5,0	0	20,0	0	1000,03	5.k=1.moyenne	658,0	ERA5
1063871	12/05/2025	23	12/05/2025	19	HAE	18,4	0	5,3	0	42,0	0	6,0	0	30,0	0	1000,35	5.k=1.moyenne	674,8	ERA5
1063872	13/05/2025	00	12/05/2025	20	HAE	16,9	0	5,6	0	47,0	0	4,0	0	30,0	0	1000,91	5.k=1.moyenne	214,6	ERA5
1063873	13/05/2025	01	12/05/2025	21	HAE	15,3	0	6,8	0	57,0	0	5,0	0	30,0	0	1001,56	5.k=1.moyenne	2,0	ERA5
1063874	13/05/2025	02	12/05/2025	22	HAE	14,4	0	8,1	0	66,0	0	2,0	0	190,0	0	1002,12	5.k=1.moyenne	0,0	ERA5
1063875	13/05/2025	03	12/05/2025	23	HAE	13,3	0	8,6	0	73,0	0	8,0	0	180,0	0	1002,44	5.k=1.moyenne	0,0	ERA5
1063876	13/05/2025	04	13/05/2025	00	HAE	13,2	0	8,4	0	72,0	0	1,0	0	190,0	0	1002,78	5.k=1.moyenne	0,0	ERA5
1063877	13/05/2025	05	13/05/2025	01	HAE	11,8	0	8,7	0	81,0	0	0,0	0	0,0	0	1003,36	5.k=1.moyenne	-0,0	ERA5
1063878	13/05/2025	06	13/05/2025	02	HAE	10,7	0	8,1	0	84,0	0	0,0	0	0,0	0	1003,36	5.k=1.moyenne	0,0	ERA5
1063879	13/05/2025	07	13/05/2025	03	HAE	9,3	0	7,5	0	88,0	0	3,0	0	160,0	0	1003,73	5.k=1.moyenne	0,0	ERA5
1063880	13/05/2025	08	13/05/2025	04	HAE	8,8	0	6,9	0	88,0	0	4,0	0	40,0	0	1004,23	5.k=1.moyenne	0,0	ERA5
1063881	13/05/2025	09	13/05/2025	05	HAE	8,7	0	7,2	0	90,0	0	2,0	0	30,0	0	1004,72	5.k=1.moyenne	0,0	ERA5
1063882	13/05/2025	10	13/05/2025	06	HAE	8,6	0	6,6	0	87,0	0	6,0	0	40,0	0	1005,14	5.k=1.moyenne	36,4	ERA5
1063883	13/05/2025	11	13/05/2025	07	HAE	12,0	0	6,5	0	69,0	0	6,0	0	50,0	0	1005,5	5.k=1.moyenne	437,4	ERA5
1063884	13/05/2025	12	13/05/2025	08	HAE	15,1	0	5,5	0	53,0	0	8,0	0	60,0	0	1005,88	5.k=1.moyenne	1064,1	ERA5
1063885	13/05/2025	13	13/05/2025	09	HAE	17,0667	4.lineaire	5,46667	4.lineaire	47,3333	4.lineaire	8,0	4.lineaire	80,0	4.lineaire	1005,99	5.k=1.moyenne	1725,8	ERA5
1063886	13/05/2025	14	13/05/2025	10	HAE	19,0333	4.lineaire	5,43333	4.lineaire	41,6667	4.lineaire	8,0	4.lineaire	100,0	4.lineaire	1005,63	5.k=1.moyenne	2310,3	ERA5
1063887	13/05/2025	15	13/05/2025	11	HAE	21,0	0	5,4	0	36,0	0	8,0	0	120,0	0	1005,3	5.k=1.moyenne	2803,7	ERA5
1063888	13/05/2025	16	13/05/2025	12	HAE	22,0	0	6,5	0	37,0	0	10,0	0	100,0	0	1004,7	5.k=1.moyenne	3160,3	ERA5
1063889	13/05/2025	17	13/05/2025	13	HAE	23,3	0	7,1	0	35,0	0	9,0	0	130,0	0	1004,14	5.k=1.moyenne	3306,1	ERA5
1063890	13/05/2025	18	13/05/2025	14	HAE	24,6	0	7,2	0	33,0	0	16,0	0	160,0	0	1003,5	5.k=1.moyenne	3231,1	ERA5
1063891	13/05/2025	19	13/05/2025	15	HAE	25,3	0	8,2	0	34,0	0	18,0	0	150,0	0	1002,71	5.k=1.moyenne	3007,0	ERA5
1063892	13/05/2025	20	13/05/2025	16	HAE	25,5	0	8,9	0	35,0	0	19,0	0	170,0	0	1002,07	5.k=1.moyenne	2512,8	ERA5
1063893	13/05/2025	21	13/05/2025	17	HAE	25,1	0	10,1	0	39,0	0	18,0	0	170,0	0	1001,58	5.k=1.moyenne	2078,3	ERA5
1063894	13/05/2025	22	13/05/2025	18	HAE	25,0	0	9,2	0	37,0	0	15,0	0	160,0	0	1001,22	5.k=1.moyenne	1483,6	ERA5
1063895	13/05/2025	23	13/05/2025	19	HAE	24,1	0	9,8	0	40,0	0	11,0	0	120,0	0	1000,75	5.k=1.moyenne	827,4	ERA5
1063896	14/05/2025	00	13/05/2025	20	HAE	21,7	0	10,4	0	49,0	0	6,0	0	110,0	0	1000,53	5.k=1.moyenne	250,4	ERA5
1063897	14/05/2025	01	13/05/2025	21	HAE	20,1	0	9,2	0	49,0	0	7,0	0	110,0	0	1000,64	5.k=1.moyenne	2,8	ERA5
1063898	14/05/2025	02	13/05/2025	22	HAE	19,7	0	8,9	0	50,0	0	12,0	0	130,0	0	1000,57	5.k=1.moyenne	-0,0	ERA5
1063899	14/05/2025	03	13/05/2025	23	HAE	18,6	0	8,9	0	53,0	0	15,0	0	160,0	0	1000,31	5.k=1.moyenne	0,0	ERA5
1063900	14/05/2025	04	14/05/2025	00	HAE	16,1	0	9,3	0	64,0	0	13,0	0	200,0	0	1000,36	5.k=1.moyenne	0,0	ERA5
1063901	14/05/2025	05	14/05/2025	01	HAE	16,1	0	9,3	0	64,0	0	13,0	0	180,0	0	1000,37	5.k=1.moyenne	0,0	ERA5
1063902	14/05/2025	06	14/05/2025	02	HAE	15,5	0	8,8	0	65,0	0	14,0	0	190,0	0	1000,37	5.k=1.moyenne	0,0	ERA5
1063903	14/05/2025	07	14/05/2025	03	HAE	14,9	0	9,2	0	69,0	0	14,0	0	170,0	0	1000,09	5.k=1.moyenne	0,0	ERA5
1063904	14/05/2025	08	14/05/2025	04	HAE	14,0	0	9,0	0	72,0	0	15,0	0	170,0	0	999,915	5.k=1.moyenne	0,0	ERA5
1063905	14/05/2025	09	14/05/2025	05	HAE	12,8	0	8,4	0	75,0	0	11,0	0	180,0	0	999,76	5.k=1.moyenne	0,0	ERA5
1063906	14/05/2025	10	14/05/2025	06	HAE	13,3	0	8,2	0	71,0	0	11,0	0	160,0	0	999,668	5.k=1.moyenne	37,6	ERA5
1063907	14/05/2025	11	14/05/2025	07	HAE	15,4	0	9,0	0	66,0	0	12,0	0	170,0	0	999,597	5.k=1.moyenne	430,0	ERA5
1063908	14/05/2025	12	14/05/2025	08	HAE	17,8	0	9,1	0	57,0	0	24,0	0	180,0	0	999,161	5.k=1.moyenne	1045,4	ERA5
1063909	14/05/2025	13	14/05/2025	09	HAE	19,2333	4.lineaire	10,4	4.lineaire	57,0	4.lineaire	25,3333	4.lineaire	180,0	4.lineaire	999,028	5.k=1.moyenne	1702,8	ERA5
1063910	14/05/2025	14	14/05/2025	10	HAE	20,6667	4.lineaire	11,7	4.lineaire	57,0	4.lineaire	26,6667	4.lineaire	180,0	4.lineaire	998,899	5.k=1.moyenne	2275,6	ERA5
1063911	14/05/2025	15	14/05/2025	11	HAE	22,1	0	13,0	0	57,0	0	28,0	0	180,0	0	998,362	5.k=1.moyenne	2790,7	ERA5
1063912	14/05/2025	16	14/05/2025	12	HAE	23,6	0	13,7	0	54,0	0	24,0	0	190,0	0	997,784	5.k=1.moyenne	3111,5	ERA5
1063913	14/05/2025	17	14/05/2025	13	HAE	23,9	0	13,5	0	52,0	0	24,0	0	180,0	0	997,105	5.k=1.moyenne	3170,2	ERA5
1063914	14/05/2025	18	14/05/2025	14	HAE	24,7	0	13,3	0	49,0	0	16,0	0	160,0	0	996,426	5.k=1.moyenne	3079,2	ERA5
1063915	14/05/2025	19	14/05/2025	15	HAE	25,6	0	13,0	0	46,0	0	31,0	0	180,0	0	995,89	5.k=1.moyenne	2781,6	ERA5
1063916	14/05/2025	20	14/05/2025	16	HAE	25,0	0	12,2	0	45,0	0	31,0	0	170,0	0	995,789	5.k=1.moyenne	2467,4	ERA5
1063917	14/05/2025	21	14/05/2025	17	HAE	24,4	0	12,8	0	48,0	0	34,0	0	170,0	0	995,245	5.k=1.moyenne	1964,5	ERA5
1063918	14/05/2025	22	14/05/2025	18	HAE	25,1	0	13,4	0	48,0	0	28,0	0	190,0	0	995,001	5.k=1.moyenne	1357,6	ERA5
1063919	14/05/2025	23	14/05/2025	19	HAE	23,8	0	13,4	0	52,0	0	27,0	0	170,0	0	994,778	5.k=1.moyenne	753,8	ERA5
1063920	15/05/2025	00	14/05/2025	20	HAE	21,4	0	13,6	0	61,0	0	24,0	0	170,0	0	994,805	5.k=1.moyenne	230,6	ERA5
1063921	15/05/2025	01	14/05/2025	21	HAE	19,7	0	13,6	0	68,0	0	16,0	0	170,0	0	995,132	5.k=1.moyenne	2,7	ERA5
1063922	15/05/2025	02	14/05/2025	22	HAE	18,3	0	13,6	0	74,0	0	15,0	0	170,0	0	995,109	5.k=1.moyenne	-0,0	ERA5
1063923	15/05/2025	03	14/05/2025	23	HAE	18,3	0	13,4	0	73,0	0	15,0	0	190,0	0	995,087	5.k=1.moyenne	0,0	ERA5
1063924	15/05/2025	04	15/05/2025	00	HAE	16,1	0	13,3	0	83,0	0	6,0	0	190,0	0	995,184	5.k=1.moyenne	0,0	ERA5
1063925	15/05/2025	05	15/05/2025	01	HAE	16,4	0	13,5	0	83,0	0	9,0	0	160,0	0	995,302	5.k=1.moyenne	0,0	ERA5
1063926	15/05/2025	06	15/05/2025	02	HAE	17,1	0	13,9	0	81,0	0	7,0	0	150,0	0	995,302	5.k=1.moyenne	0,0	ERA5
1063927	15/05/2025	07	15/05/2025	03	HAE	17,1	0	14,2	0	83,0	0	11,0	0	170,0	0	995,149	5.k=1.moyenne	0,0	ERA5
1063928	15/05/2025	08	15/05/2025	04	HAE	17,0	0	13,8	0	82,0	0	3,0	0	120,0	0	995,018	5.k=1.moyenne	0,0	ERA5
1063929	15/05/2025	09	15/05/2025	05	HAE	17,6	0	13,5	0	77,0	0	9,0	0	160,0	0	995,03	5.k=1.moyenne	0,0	ERA5
1063930	15/05/2025	10	15/05/2025	06	HAE	16,9	0	13,4	0	80,0	0	6,0	0	130,0	0	995,084	5.k=1.moyenne	33,0	ERA5
1063931	15/05/2025	11	15/05/2025	07	HAE	17,9	0	13,6	0	76,0	0	13,0	0	150,0	0	995,177	5.k=1.moyenne	263,4	ERA5
1063932	15/05/2025	12	15/05/2025	08	HAE	19,6	0	14,3	0	72,0	0	16,0	0	160,0	0	995,33	5.k=1.moyenne	687,3	ERA5
1063933	15/05/2025	13	15/05/2025	09	HAE	20,4	0	14,9	0	71,0	0	22,0	0	160,0	0	995,184	5.k=1.moyenne	1158,8	ERA5
1063934	15/05/2025	14	15/05/2025	10	HAE	22,2	0	15,4	0	65,0	0	21,0	0	190,0	0	995,019	5.k=1.moyenne	1282,2	ERA5
1063935	15/05/2025	15	15/05/2025	11	HAE	23,3	0	15,5	0	62,0	0	12,0	0	190,0	0	994,774	5.k=1.moyenne	1459,1	ERA5
1063936	15/05/2025	16	15/05/2025	12	HAE	23,4	0	15,8	0	62,0	0	5,0	0	260,0	0	994,33	5.k=1.moyenne	1880,0	ERA5
1063937	15/05/2025	17	15/05/2025	13	HAE	23,4	0	15,1	0	60,0	0	8,0	0	260,0	0	993,785	5.k=1.moyenne	2042,4	ERA5
1063938	15/05/2025	18	15/05/2025	14	HAE	25,1	0	15,3	0	55,0	0	2,0	0	320,0	0	993,362	5.k=1.moyenne	2121,4	ERA5
1063939	15/05/2025	19	15/05/2025	15	HAE	25,3	0	15,5	0	54,0	0	4,0	0	250,0	0	992,998	5.k=1.moyenne	2363,2	ERA5
1063940	15/05/2025	20	15/05/2025	16	HAE	26,0	0	16,1	0	55,0	0	4,0	0	190,0	0	992,655	5.k=1.moyenne	2370,1	ERA5
1063941	15/05/2025	21	15/05/2025	17	HAE	25,7	0	15,6	0	54,0	0	0,0	0	180,0	0	992,312	5.k=1.moyenne	1794,8	ERA5
1063942	15/05/2025	22	15/05/2025	18	HAE	25,9	0	15,5	0	53,0	0	4,0	0	300,0	0	992,149	5.k=1.moyenne	1226,7	ERA5
1063943	15/05/2025	23	15/05/2025	19	HAE	25,8	0	15,1	0	52,0	0	3,0	0	330,0	0	992,027	5.k=1.moyenne	675,5	ERA5
1063944	16/05/2025	00	15/05/2025	20	HAE	24,4	0	15,4	0	57,0	0	4,0	0	300,0	0	991,905	5.k=1.moyenne	148,2	ERA5
1063945	16/05/2025	01	15/05/2025	21	HAE	21,5	0	15,6	0	69,0	0	2,0	0	350,0	0	991,983	5.k=1.moyenne	2,6	ERA5
1063946	16/05/2025	02	15/05/2025	22	HAE	19,4	0	15,8	0	80,0	0	2,0	0	60,0	0	991,861	5.k=1.moyenne	0,0	ERA5
1063947	16/05/2025	03	15/05/2025	23	HAE	18,1	0	15,6	0	85,0	0	5,0	0	170,0	0	991,632	5.k=1.moyenne	0,0	ERA5
1063948	16/05/2025	04	16/05/2025	00	HAE	17,9	0	15,5	0	86,0	0	0,0	0	0,0	0	991,304	5.k=1.moyenne	0,0	ERA5
1063949	16/05/2025	05	16/05/2025	01	HAE	16,3	0	15,3	0	94,0	0	5,0	0	180,0	0	991,156	5.k=1.moyenne	0,0	ERA5
1063950	16/05/2025	06	16/05/2025	02	HAE	15,6	0	15,0	0	96,0	0	6,0	0	160,0	0	991,156	5.k=1.moyenne	-0,0	ERA5
1063951	16/05/2025	07	16/05/2025	03	HAE	16,0	0	15,8	0	98,0	0	5,0	0	180,0	0	991,189	5.k=1.moyenne	0,0	ERA5
1063952	16/05/2025	08	16/05/2025	04	HAE	15,4	0	15,2	0	98,0	0	3,0	0	160,0	0	991,335	5.k=1.moyenne	0,0	ERA5
1063953	16/05/2025	09	16/05/2025	05	HAE	14,7	0	14,7	0	97,0	4.lineaire	6,0	0	150,0	0	991,359	5.k=1.moyenne	0,0	ERA5
1063954	16/05/2025	10	16/05/2025	06	HAE	14,4	0	14,4	0	96,0	4.lineaire	6,0	0	170,0	0	991,291	5.k=1.moyenne	37,2	ERA5
1063955	16/05/2025	11	16/05/2025	07	HAE	17,8	0	16,9	0	95,0	0	14,0	0	170,0	0	991,291	5.k=1.moyenne	433,7	ERA5
1063956	16/05/2025	12	16/05/2025	08	HAE	19,9	0	17,1	0	84,0	0	17,0	0	170,0	0	991,286	5.k=1.moyenne	1037,0	ERA5
1063957	16/05/2025	13	16/05/2025	09	HAE	21,8	0	17,0	0	74,0	0	21,0	0	180,0	0	990,972	5.k=1.moyenne	1665,4	ERA5
1063958	16/05/2025	14	16/05/2025	10	HAE	23,6	0	17,2	0	67,0	0	21,0	0	160,0	0	990,687	5.k=1.moyenne	2259,0	ERA5
1063959	16/05/2025	15	16/05/2025	11	HAE	25,6	0	17,7	0	62,0	0	11,0	0	150,0	0	990,123	5.k=1.moyenne	2729,2	ERA5
1063960	16/05/2025	16	16/05/2025	12	HAE	25,9	0	17,5	0	60,0	0	15,0	0	170,0	0	989,62	5.k=1.moyenne	3049,5	ERA5
1063961	16/05/2025	17	16/05/2025	13	HAE	26,7	0	16,0	0	52,0	0	18,0	0	150,0	0	989,096	5.k=1.moyenne	3175,5	ERA5
1063962	16/05/2025	18	16/05/2025	14	HAE	27,3	0	15,8	0	50,0	0	17,0	0	180,0	0	988,513	5.k=1.moyenne	2900,5	ERA5
1063963	16/05/2025	19	16/05/2025	15	HAE	28,2	0	16,0	0	47,0	0	16,0	0	170,0	0	987,991	5.k=1.moyenne	2598,5	ERA5
1063964	16/05/2025	20	16/05/2025	16	HAE	26,4	0	14,9	0	49,0	0	21,0	0	190,0	0	987,763	5.k=1.moyenne	1925,7	ERA5
1063965	16/05/2025	21	16/05/2025	17	HAE	19,4	0	17,3	0	88,0	0	13,0	0	250,0	0	987,801	5.k=1.moyenne	1377,5	ERA5
1063966	16/05/2025	22	16/05/2025	18	HAE	19,9	0	19,8	0	99,0	0	6,0	0	330,0	0	987,493	5.k=1.moyenne	979,4	ERA5
1063967	16/05/2025	23	16/05/2025	19	HAE	20,7	0	20,3	0	97,0	0	3,0	0	200,0	0	987,369	5.k=1.moyenne	486,4	ERA5
1063968	17/05/2025	00	16/05/2025	20	HAE	19,6	0	19,6	0	97,4	4.lineaire	7,0	0	180,0	0	987,469	5.k=1.moyenne	219,6	ERA5
1063969	17/05/2025	01	16/05/2025	21	HAE	19,2	0	19,2	0	97,8	4.lineaire	5,0	0	150,0	0	987,814	5.k=1.moyenne	4,0	ERA5
1063970	17/05/2025	02	16/05/2025	22	HAE	18,3	0	18,3	0	98,2	4.lineaire	6,0	0	170,0	0	987,935	5.k=1.moyenne	0,0	ERA5
1063971	17/05/2025	03	16/05/2025	23	HAE	17,3	0	17,3	0	98,6	4.lineaire	8,0	0	180,0	0	987,832	5.k=1.moyenne	0,0	ERA5
1063972	17/05/2025	04	17/05/2025	00	HAE	17,0	0	16,8	0	99,0	0	7,0	0	160,0	0	987,626	5.k=1.moyenne	0,0	ERA5
1063973	17/05/2025	05	17/05/2025	01	HAE	17,4	0	17,0	0	98,0	0	12,0	0	160,0	0	987,503	5.k=1.moyenne	0,0	ERA5
1063974	17/05/2025	06	17/05/2025	02	HAE	16,2	0	16,2	0	98,0	5.k=1.STE-CLOTHILDE	10,0	0	170,0	0	987,503	5.k=1.moyenne	0,0	ERA5
1063975	17/05/2025	07	17/05/2025	03	HAE	15,8	0	15,8	0	96,893	5.k=1.STE-CLOTHILDE	8,0	0	170,0	0	987,243	5.k=1.moyenne	0,0	ERA5
1063976	17/05/2025	08	17/05/2025	04	HAE	16,0	0	16,0	0	96,643	5.k=1.STE-CLOTHILDE	11,0	0	160,0	0	986,822	5.k=1.moyenne	0,0	ERA5
1063977	17/05/2025	09	17/05/2025	05	HAE	14,7	0	14,7	0	97,25	5.k=1.STE-CLOTHILDE	11,0	0	170,0	0	986,687	5.k=1.moyenne	0,0	ERA5
1063978	17/05/2025	10	17/05/2025	06	HAE	15,8	0	15,8	0	97,0	5.k=1.STE-CLOTHILDE	9,0	0	160,0	0	986,594	5.k=1.moyenne	43,1	ERA5
1063979	17/05/2025	11	17/05/2025	07	HAE	18,0	0	17,6	0	97,0	0	11,0	0	150,0	0	986,604	5.k=1.moyenne	365,5	ERA5
1063980	17/05/2025	12	17/05/2025	08	HAE	19,3	0	18,7	0	96,0	0	14,0	0	160,0	0	986,268	5.k=1.moyenne	941,1	ERA5
1063981	17/05/2025	13	17/05/2025	09	HAE	20,0	0	18,8	0	93,0	0	17,0	0	150,0	0	986,035	5.k=1.moyenne	1417,4	ERA5
1063982	17/05/2025	14	17/05/2025	10	HAE	20,5	0	18,5	0	88,0	0	10,0	0	130,0	0	985,435	5.k=1.moyenne	1652,2	ERA5
1063983	17/05/2025	15	17/05/2025	11	HAE	18,1	0	14,3	0	79,0	0	40,0	0	230,0	0	985,162	5.k=1.moyenne	1647,8	ERA5
1063984	17/05/2025	16	17/05/2025	12	HAE	16,8	0	16,8	0	86,5	4.lineaire	5,0	0	110,0	0	984,666	5.k=1.moyenne	1631,1	ERA5
1063985	17/05/2025	17	17/05/2025	13	HAE	17,8	0	16,8	0	94,0	0	5,0	0	130,0	0	984,211	5.k=1.moyenne	1494,4	ERA5
1063986	17/05/2025	18	17/05/2025	14	HAE	20,7	0	16,8	0	78,0	0	12,0	0	130,0	0	983,572	5.k=1.moyenne	2460,0	ERA5
1063987	17/05/2025	19	17/05/2025	15	HAE	19,1	0	17,1	0	88,0	0	4,0	0	170,0	0	982,955	5.k=1.moyenne	1464,8	ERA5
1063988	17/05/2025	20	17/05/2025	16	HAE	18,2	0	18,2	0	93,5	4.lineaire	7,0	0	80,0	0	982,583	5.k=1.moyenne	1092,3	ERA5
1063989	17/05/2025	21	17/05/2025	17	HAE	17,8	0	17,6	0	99,0	0	4,0	0	250,0	0	982,497	5.k=1.moyenne	1071,0	ERA5
1063990	17/05/2025	22	17/05/2025	18	HAE	18,3	0	17,5	0	95,0	0	11,0	0	180,0	0	982,575	5.k=1.moyenne	753,1	ERA5
1063991	17/05/2025	23	17/05/2025	19	HAE	17,4	0	16,8	0	96,0	0	13,0	0	190,0	0	982,51	5.k=1.moyenne	325,8	ERA5
1063992	18/05/2025	00	17/05/2025	20	HAE	16,3	0	16,3	0	96,0	4.lineaire	15,0	0	180,0	0	982,527	5.k=1.moyenne	139,1	ERA5
1063993	18/05/2025	01	17/05/2025	21	HAE	16,6	0	16,0	0	96,0	0	15,0	0	230,0	0	982,952	5.k=1.moyenne	2,7	ERA5
1063994	18/05/2025	02	17/05/2025	22	HAE	16,4	0	14,0	0	86,0	0	16,0	0	220,0	0	983,174	5.k=1.moyenne	-0,0	ERA5
1063995	18/05/2025	03	17/05/2025	23	HAE	16,0	0	11,3	0	74,0	0	24,0	0	240,0	0	983,008	5.k=1.moyenne	0,0	ERA5
1063996	18/05/2025	04	18/05/2025	00	HAE	14,8	0	11,6	0	81,0	0	15,0	0	230,0	0	982,883	5.k=1.moyenne	0,0	ERA5
1063997	18/05/2025	05	18/05/2025	01	HAE	14,2	0	11,5	0	84,0	0	17,0	0	230,0	0	982,759	5.k=1.moyenne	0,0	ERA5
1063998	18/05/2025	06	18/05/2025	02	HAE	13,0	0	12,1	0	94,0	0	10,0	0	220,0	0	982,759	5.k=1.moyenne	0,0	ERA5
1063999	18/05/2025	07	18/05/2025	03	HAE	12,9	0	12,3	0	96,0	0	7,0	0	210,0	0	982,573	5.k=1.moyenne	0,0	ERA5
1064000	18/05/2025	08	18/05/2025	04	HAE	13,1	0	11,3	0	89,0	0	12,0	0	210,0	0	982,622	5.k=1.moyenne	0,0	ERA5
1064001	18/05/2025	09	18/05/2025	05	HAE	12,7	0	10,8	0	88,0	0	11,0	0	220,0	0	982,835	5.k=1.moyenne	0,0	ERA5
1064002	18/05/2025	10	18/05/2025	06	HAE	12,5	0	10,9	0	90,0	0	9,0	0	220,0	0	983,038	5.k=1.moyenne	36,2	ERA5
1064003	18/05/2025	11	18/05/2025	07	HAE	13,2	0	11,6	0	90,0	0	8,0	0	210,0	0	983,301	5.k=1.moyenne	288,8	ERA5
1064004	18/05/2025	12	18/05/2025	08	HAE	13,8	0	11,3	0	85,0	0	10,0	0	220,0	0	983,463	5.k=1.moyenne	582,9	ERA5
1064005	18/05/2025	13	18/05/2025	09	HAE	14,1	0	10,8	0	81,0	0	11,0	0	250,0	0	983,381	5.k=1.moyenne	699,4	ERA5
1064006	18/05/2025	14	18/05/2025	10	HAE	14,9	0	11,0	0	78,0	0	12,0	0	260,0	0	983,543	5.k=1.moyenne	577,3	ERA5
1064007	18/05/2025	15	18/05/2025	11	HAE	14,8	0	11,0	0	78,0	0	14,0	0	270,0	0	983,807	5.k=1.moyenne	861,2	ERA5
1064008	18/05/2025	16	18/05/2025	12	HAE	15,1	0	11,2	0	77,0	0	13,0	0	290,0	0	983,867	5.k=1.moyenne	765,0	ERA5
1064009	18/05/2025	17	18/05/2025	13	HAE	15,3	0	11,8	0	80,0	0	13,0	0	290,0	0	983,805	5.k=1.moyenne	1162,9	ERA5
1064010	18/05/2025	18	18/05/2025	14	HAE	14,9	0	12,4	0	85,0	0	7,0	0	280,0	0	983,988	5.k=1.moyenne	1617,0	ERA5
1064011	18/05/2025	19	18/05/2025	15	HAE	14,1	0	13,0	0	93,0	0	11,0	0	290,0	0	984,436	5.k=1.moyenne	536,0	ERA5
1064012	18/05/2025	20	18/05/2025	16	HAE	12,8	0	12,5	0	98,0	0	15,0	0	280,0	0	984,721	5.k=1.moyenne	453,4	ERA5
1064013	18/05/2025	21	18/05/2025	17	HAE	11,8	0	11,8	0	97,5	4.lineaire	11,0	0	290,0	0	985,19	5.k=1.moyenne	608,4	ERA5
1064014	18/05/2025	22	18/05/2025	18	HAE	11,7	0	11,3	0	97,0	0	16,0	0	300,0	0	985,863	5.k=1.moyenne	193,6	ERA5
1064015	18/05/2025	23	18/05/2025	19	HAE	10,2	0	10,2	0	96,5	4.lineaire	10,0	0	290,0	0	986,536	5.k=1.moyenne	82,5	ERA5
1064016	19/05/2025	00	18/05/2025	20	HAE	10,2	0	9,6	0	96,0	0	12,0	0	340,0	0	987,372	5.k=1.moyenne	21,7	ERA5
1064017	19/05/2025	01	18/05/2025	21	HAE	9,0	0	9,0	0	100,0	0	10,0	0	320,0	0	988,045	5.k=1.moyenne	0,5	ERA5
1064018	19/05/2025	02	18/05/2025	22	HAE	8,1	0	8,0	0	99,0	0	15,0	0	310,0	0	988,606	5.k=1.moyenne	0,0	ERA5
1064019	19/05/2025	03	18/05/2025	23	HAE	8,0	0	7,6	0	98,0	0	12,0	0	300,0	0	988,841	5.k=1.moyenne	-0,0	ERA5
1064020	19/05/2025	04	19/05/2025	00	HAE	7,7	0	7,5	0	98,0	0	12,0	0	310,0	0	989,044	5.k=1.moyenne	0,0	ERA5
1064021	19/05/2025	05	19/05/2025	01	HAE	7,7	0	7,3	0	97,0	0	10,0	0	300,0	0	989,309	5.k=1.moyenne	0,0	ERA5
1064022	19/05/2025	06	19/05/2025	02	HAE	7,8	0	7,3	0	97,0	0	11,0	0	300,0	0	989,309	5.k=1.moyenne	0,0	ERA5
1064023	19/05/2025	07	19/05/2025	03	HAE	8,0	0	6,1	0	88,0	0	5,0	0	300,0	0	989,666	5.k=1.moyenne	0,0	ERA5
1064024	19/05/2025	08	19/05/2025	04	HAE	8,1	0	6,0	0	87,0	0	10,0	0	310,0	0	990,022	5.k=1.moyenne	0,0	ERA5
1064025	19/05/2025	09	19/05/2025	05	HAE	8,1	0	5,8	0	85,0	0	9,0	0	320,0	0	990,561	5.k=1.moyenne	0,0	ERA5
1064026	19/05/2025	10	19/05/2025	06	HAE	8,0	0	5,6	0	85,0	0	11,0	0	300,0	0	991,181	5.k=1.moyenne	7,9	ERA5
1064027	19/05/2025	11	19/05/2025	07	HAE	8,1	0	4,5	0	78,0	0	12,0	0	310,0	0	991,963	5.k=1.moyenne	65,6	ERA5
1064028	19/05/2025	12	19/05/2025	08	HAE	8,1	0	3,8	0	74,0	0	11,0	0	320,0	0	992,429	5.k=1.moyenne	129,6	ERA5
1064029	19/05/2025	13	19/05/2025	09	HAE	8,1	0	4,0	0	75,0	0	14,0	0	300,0	0	992,731	5.k=1.moyenne	248,4	ERA5
1064030	19/05/2025	14	19/05/2025	10	HAE	8,4	0	3,7	0	73,0	0	10,0	0	310,0	0	993,144	5.k=1.moyenne	362,5	ERA5
1064031	19/05/2025	15	19/05/2025	11	HAE	8,7	0	3,3	0	69,0	0	11,0	0	310,0	0	993,394	5.k=1.moyenne	508,4	ERA5
1064032	19/05/2025	16	19/05/2025	12	HAE	8,7	0	3,5	0	70,0	0	14,0	0	320,0	0	993,583	5.k=1.moyenne	454,8	ERA5
1064033	19/05/2025	17	19/05/2025	13	HAE	9,1	0	3,7	0	69,0	0	10,0	0	320,0	0	993,801	5.k=1.moyenne	706,6	ERA5
1064034	19/05/2025	18	19/05/2025	14	HAE	8,7	0	4,7	0	76,0	0	10,0	0	310,0	0	994,407	5.k=1.moyenne	653,2	ERA5
1064035	19/05/2025	19	19/05/2025	15	HAE	8,9	0	5,7	0	80,0	0	7,0	0	300,0	0	994,757	5.k=1.moyenne	817,8	ERA5
1064036	19/05/2025	20	19/05/2025	16	HAE	8,3	0	5,8	0	85,0	0	9,0	0	290,0	0	995,067	5.k=1.moyenne	597,3	ERA5
1064037	19/05/2025	21	19/05/2025	17	HAE	9,4	0	5,3	0	75,0	0	8,0	0	340,0	0	995,763	5.k=1.moyenne	471,0	ERA5
1064038	19/05/2025	22	19/05/2025	18	HAE	8,5	0	5,7	0	82,0	0	10,0	0	10,0	0	996,399	5.k=1.moyenne	248,3	ERA5
1064039	19/05/2025	23	19/05/2025	19	HAE	8,1	0	5,8	0	86,0	0	11,0	0	350,0	0	996,85	5.k=1.moyenne	165,7	ERA5
1064040	20/05/2025	00	19/05/2025	20	HAE	7,2	0	4,7	0	84,0	0	8,0	0	360,0	0	997,363	5.k=1.moyenne	62,3	ERA5
1064041	20/05/2025	01	19/05/2025	21	HAE	7,0	0	4,6	0	85,0	0	7,0	0	340,0	0	997,916	5.k=1.moyenne	2,2	ERA5
1064042	20/05/2025	02	19/05/2025	22	HAE	6,9	0	3,4	0	79,0	0	15,0	0	330,0	0	998,397	5.k=1.moyenne	0,0	ERA5
1064043	20/05/2025	03	19/05/2025	23	HAE	6,8	0	3,0	0	77,0	0	11,0	0	330,0	0	998,532	5.k=1.moyenne	0,0	ERA5
1064044	20/05/2025	04	20/05/2025	00	HAE	6,6	0	2,7	0	76,0	0	9,0	0	340,0	0	998,697	5.k=1.moyenne	0,0	ERA5
1064045	20/05/2025	05	20/05/2025	01	HAE	6,5	0	3,0	0	78,0	0	6,0	0	330,0	0	998,882	5.k=1.moyenne	0,0	ERA5
1064046	20/05/2025	06	20/05/2025	02	HAE	6,3	0	3,1	0	80,0	0	6,0	0	330,0	0	998,882	5.k=1.moyenne	0,0	ERA5
1064047	20/05/2025	07	20/05/2025	03	HAE	6,4	0	2,9	0	78,0	0	8,0	0	320,0	0	999,286	5.k=1.moyenne	0,0	ERA5
1064048	20/05/2025	08	20/05/2025	04	HAE	6,4	0	2,9	0	79,0	0	6,0	0	330,0	0	999,751	5.k=1.moyenne	0,0	ERA5
1064049	20/05/2025	09	20/05/2025	05	HAE	6,3	0	3,1	0	80,0	0	7,0	0	310,0	0	1000,15	5.k=1.moyenne	0,0	ERA5
1064050	20/05/2025	10	20/05/2025	06	HAE	6,4	0	3,2	0	80,0	0	5,0	0	350,0	0	1000,68	5.k=1.moyenne	19,2	ERA5
1064051	20/05/2025	11	20/05/2025	07	HAE	6,6	0	3,2	0	79,0	0	7,0	0	350,0	0	1001,07	5.k=1.moyenne	153,2	ERA5
1064052	20/05/2025	12	20/05/2025	08	HAE	7,1	0	3,5	0	78,0	0	9,0	0	10,0	0	1001,62	5.k=1.moyenne	308,9	ERA5
1064053	20/05/2025	13	20/05/2025	09	HAE	7,53333	4.lineaire	3,8	4.lineaire	77,3333	4.lineaire	8,0	4.lineaire	13,3333	4.lineaire	1001,91	5.k=1.moyenne	746,4	ERA5
1064054	20/05/2025	14	20/05/2025	10	HAE	7,96667	4.lineaire	4,1	4.lineaire	76,6667	4.lineaire	7,0	4.lineaire	16,6667	4.lineaire	1002,31	5.k=1.moyenne	925,6	ERA5
1064055	20/05/2025	15	20/05/2025	11	HAE	8,4	0	4,4	0	76,0	0	6,0	0	20,0	0	1002,56	5.k=1.moyenne	811,1	ERA5
1064056	20/05/2025	16	20/05/2025	12	HAE	9,13333	4.lineaire	4,76667	4.lineaire	74,3333	4.lineaire	6,0	4.lineaire	16,6667	4.lineaire	1002,61	5.k=1.moyenne	883,2	ERA5
1064057	20/05/2025	17	20/05/2025	13	HAE	9,86667	4.lineaire	5,13333	4.lineaire	72,6667	4.lineaire	6,0	4.lineaire	13,3333	4.lineaire	1002,49	5.k=1.moyenne	749,2	ERA5
1064058	20/05/2025	18	20/05/2025	14	HAE	10,6	0	5,5	0	71,0	0	6,0	0	10,0	0	1002,5	5.k=1.moyenne	742,9	ERA5
1064059	20/05/2025	19	20/05/2025	15	HAE	10,8	0	5,6	0	71,0	0	6,0	0	20,0	0	1002,43	5.k=1.moyenne	895,8	ERA5
1064060	20/05/2025	20	20/05/2025	16	HAE	10,8	0	6,0	0	72,0	0	7,0	0	40,0	0	1002,33	5.k=1.moyenne	674,8	ERA5
1064061	20/05/2025	21	20/05/2025	17	HAE	11,1	0	7,3	0	78,0	0	3,0	0	360,0	0	1002,39	5.k=1.moyenne	610,3	ERA5
1064062	20/05/2025	22	20/05/2025	18	HAE	10,9	0	6,8	0	76,0	0	8,0	0	30,0	0	1002,48	5.k=1.moyenne	199,4	ERA5
1064063	20/05/2025	23	20/05/2025	19	HAE	11,0	0	6,6	0	74,0	0	7,0	0	40,0	0	1002,63	5.k=1.moyenne	107,3	ERA5
1064064	21/05/2025	00	20/05/2025	20	HAE	10,7	0	7,0	0	78,0	0	4,0	0	30,0	0	1002,8	5.k=1.moyenne	35,7	ERA5
1064065	21/05/2025	01	20/05/2025	21	HAE	10,2	0	7,5	0	83,0	0	4,0	0	10,0	0	1002,92	5.k=1.moyenne	2,3	ERA5
1064066	21/05/2025	02	20/05/2025	22	HAE	10,0	0	7,3	0	84,0	0	4,0	0	20,0	0	1003,13	5.k=1.moyenne	0,0	ERA5
1064067	21/05/2025	03	20/05/2025	23	HAE	9,6	0	7,5	0	87,0	0	5,0	0	20,0	0	1003,29	5.k=1.moyenne	-0,0	ERA5
1064068	21/05/2025	04	21/05/2025	00	HAE	9,5	0	7,3	0	86,0	0	6,0	0	40,0	0	1003,3	5.k=1.moyenne	0,0	ERA5
1064069	21/05/2025	05	21/05/2025	01	HAE	9,4	0	7,1	0	86,0	0	4,0	0	20,0	0	1003,34	5.k=1.moyenne	0,0	ERA5
1064070	21/05/2025	06	21/05/2025	02	HAE	9,2	4.lineaire	7,25	4.lineaire	87,5	4.lineaire	5,0	4.lineaire	25,0	4.lineaire	1003,34	5.k=1.moyenne	0,0	ERA5
1064071	21/05/2025	07	21/05/2025	03	HAE	9,0	0	7,4	0	89,0	0	6,0	0	30,0	0	1003,38	5.k=1.moyenne	0,0	ERA5
1064072	21/05/2025	08	21/05/2025	04	HAE	8,7	0	7,8	0	94,0	0	4,0	0	30,0	0	1003,49	5.k=1.moyenne	0,0	ERA5
1064073	21/05/2025	09	21/05/2025	05	HAE	8,9	0	8,0	0	94,0	0	3,0	0	40,0	0	1003,78	5.k=1.moyenne	0,0	ERA5
1064074	21/05/2025	10	21/05/2025	06	HAE	9,0	0	8,2	0	95,0	0	2,0	0	70,0	0	1004,09	5.k=1.moyenne	7,0	ERA5
1064075	21/05/2025	11	21/05/2025	07	HAE	9,4	0	8,5	0	94,0	0	5,0	0	100,0	0	1004,06	5.k=1.moyenne	59,7	ERA5
1064076	21/05/2025	12	21/05/2025	08	HAE	10,2	0	8,3	0	88,0	0	9,0	0	110,0	0	1004,12	5.k=1.moyenne	152,3	ERA5
1064077	21/05/2025	13	21/05/2025	09	HAE	11,5	0	8,5	0	82,0	0	9,0	0	110,0	0	1004,08	5.k=1.moyenne	424,5	ERA5
1064078	21/05/2025	14	21/05/2025	10	HAE	12,4	0	7,7	0	73,0	0	14,0	0	120,0	0	1003,88	5.k=1.moyenne	651,4	ERA5
1064079	21/05/2025	15	21/05/2025	11	HAE	13,2	0	7,7	0	69,0	0	8,0	0	110,0	0	1003,86	5.k=1.moyenne	1191,6	ERA5
1064080	21/05/2025	16	21/05/2025	12	HAE	13,8	0	6,7	0	62,0	0	9,0	0	120,0	0	1003,51	5.k=1.moyenne	1821,4	ERA5
1064081	21/05/2025	17	21/05/2025	13	HAE	14,8	0	6,3	0	56,0	0	8,0	0	110,0	0	1003,22	5.k=1.moyenne	1523,7	ERA5
1064082	21/05/2025	18	21/05/2025	14	HAE	15,7	0	7,0	0	56,0	0	11,0	0	130,0	0	1002,83	5.k=1.moyenne	1835,3	ERA5
1064083	21/05/2025	19	21/05/2025	15	HAE	16,0	0	5,4	0	49,0	0	10,0	0	90,0	0	1002,57	5.k=1.moyenne	1506,6	ERA5
1064084	21/05/2025	20	21/05/2025	16	HAE	16,4	0	4,8	0	46,0	0	12,0	0	80,0	0	1002,26	5.k=1.moyenne	1272,7	ERA5
1064085	21/05/2025	21	21/05/2025	17	HAE	16,6	0	6,1	0	50,0	0	6,0	0	100,0	0	1002,05	5.k=1.moyenne	824,9	ERA5
1064086	21/05/2025	22	21/05/2025	18	HAE	16,1	0	6,5	0	53,0	0	6,0	0	120,0	0	1001,9	5.k=1.moyenne	678,8	ERA5
1064087	21/05/2025	23	21/05/2025	19	HAE	15,3	0	5,4	0	52,0	0	10,0	0	80,0	0	1001,95	5.k=1.moyenne	337,2	ERA5
1064088	22/05/2025	00	21/05/2025	20	HAE	14,4	0	5,0	0	53,0	0	7,0	0	110,0	0	1001,99	5.k=1.moyenne	168,8	ERA5
1064089	22/05/2025	01	21/05/2025	21	HAE	13,1	0	6,4	0	64,0	0	4,0	0	160,0	0	1002,13	5.k=1.moyenne	7,2	ERA5
1064090	22/05/2025	02	21/05/2025	22	HAE	12,3	0	5,6	0	64,0	0	8,0	0	130,0	0	1002,34	5.k=1.moyenne	-0,0	ERA5
1064091	22/05/2025	03	21/05/2025	23	HAE	9,9	0	6,3	0	78,0	0	8,0	0	160,0	0	1002,51	5.k=1.moyenne	0,0	ERA5
1064092	22/05/2025	04	22/05/2025	00	HAE	10,3	0	6,0	0	75,0	0	5,0	0	120,0	0	1002,59	5.k=1.moyenne	0,0	ERA5
1064093	22/05/2025	05	22/05/2025	01	HAE	10,7	0	5,0	0	67,0	0	10,0	0	130,0	0	1002,4	5.k=1.moyenne	0,0	ERA5
1064094	22/05/2025	06	22/05/2025	02	HAE	10,7	0	4,1	0	64,0	0	12,0	0	140,0	0	1002,4	5.k=1.moyenne	0,0	ERA5
1064095	22/05/2025	07	22/05/2025	03	HAE	10,2	0	4,1	0	66,0	0	13,0	0	130,0	0	1002,2	5.k=1.moyenne	0,0	ERA5
1064096	22/05/2025	08	22/05/2025	04	HAE	10,0	0	3,2	0	62,0	0	15,0	0	120,0	0	1001,98	5.k=1.moyenne	0,0	ERA5
1064097	22/05/2025	09	22/05/2025	05	HAE	9,5	0	4,0	0	69,0	0	8,0	0	120,0	0	1001,88	5.k=1.moyenne	0,0	ERA5
1064098	22/05/2025	10	22/05/2025	06	HAE	9,4	0	3,7	0	68,0	0	8,0	0	100,0	0	1002,03	5.k=1.moyenne	25,5	ERA5
1064099	22/05/2025	11	22/05/2025	07	HAE	9,7	0	4,4	0	69,0	0	9,0	0	90,0	0	1002,13	5.k=1.moyenne	131,9	ERA5
1064100	22/05/2025	12	22/05/2025	08	HAE	10,0	0	4,7	0	70,0	0	7,0	0	100,0	0	1002,27	5.k=1.moyenne	280,4	ERA5
1064101	22/05/2025	13	22/05/2025	09	HAE	10,7	0	4,9	0	67,0	0	10,0	0	110,0	0	1002,16	5.k=1.moyenne	542,2	ERA5
1064102	22/05/2025	14	22/05/2025	10	HAE	10,7	0	4,4	0	65,0	0	15,0	0	110,0	0	1001,98	5.k=1.moyenne	692,4	ERA5
1064103	22/05/2025	15	22/05/2025	11	HAE	10,8	0	4,7	0	66,0	0	13,0	0	110,0	0	1001,8	5.k=1.moyenne	914,0	ERA5
1064104	22/05/2025	16	22/05/2025	12	HAE	11,2	0	5,7	0	69,0	0	10,0	0	110,0	0	1001,6	5.k=1.moyenne	910,8	ERA5
1064105	22/05/2025	17	22/05/2025	13	HAE	11,7	0	5,0	0	63,0	0	15,0	0	110,0	0	1001,17	5.k=1.moyenne	1089,5	ERA5
1064106	22/05/2025	18	22/05/2025	14	HAE	11,4	0	5,4	0	67,0	0	11,0	0	110,0	0	1000,89	5.k=1.moyenne	1698,1	ERA5
1064107	22/05/2025	19	22/05/2025	15	HAE	11,0	0	6,5	0	74,0	0	11,0	0	120,0	0	1000,42	5.k=1.moyenne	1175,8	ERA5
1064108	22/05/2025	20	22/05/2025	16	HAE	10,0	0	5,6	0	74,0	0	16,0	0	130,0	0	1000,12	5.k=1.moyenne	1223,3	ERA5
1064109	22/05/2025	21	22/05/2025	17	HAE	9,2	0	6,6	0	84,0	0	13,0	0	110,0	0	1000,01	5.k=1.moyenne	891,8	ERA5
1064110	22/05/2025	22	22/05/2025	18	HAE	8,2	0	6,1	0	87,0	0	7,0	0	90,0	0	1000,06	5.k=1.moyenne	814,2	ERA5
1064111	22/05/2025	23	22/05/2025	19	HAE	8,5	0	6,5	0	87,0	0	8,0	0	80,0	0	1000,11	5.k=1.moyenne	464,3	ERA5
1064112	23/05/2025	00	22/05/2025	20	HAE	8,8	0	6,1	0	83,0	0	7,0	0	70,0	0	1000,22	5.k=1.moyenne	123,7	ERA5
1064113	23/05/2025	01	22/05/2025	21	HAE	9,0	0	5,8	0	80,0	0	7,0	0	90,0	0	1000,15	5.k=1.moyenne	5,0	ERA5
1064114	23/05/2025	02	22/05/2025	22	HAE	8,9	0	4,8	0	76,0	0	10,0	0	100,0	0	1000,06	5.k=1.moyenne	0,0	ERA5
1064115	23/05/2025	03	22/05/2025	23	HAE	8,2	0	4,5	0	78,0	0	6,0	0	110,0	0	999,812	5.k=1.moyenne	0,0	ERA5
1064116	23/05/2025	04	23/05/2025	00	HAE	8,0	0	4,0	0	76,0	0	9,0	0	110,0	0	999,622	5.k=1.moyenne	0,0	ERA5
1064117	23/05/2025	05	23/05/2025	01	HAE	7,8	0	4,2	0	78,0	0	5,0	0	90,0	0	999,228	5.k=1.moyenne	0,0	ERA5
1064118	23/05/2025	06	23/05/2025	02	HAE	7,3	0	5,1	0	86,0	0	6,0	0	60,0	0	999,228	5.k=1.moyenne	0,0	ERA5
1064119	23/05/2025	07	23/05/2025	03	HAE	7,1	0	5,6	0	90,0	0	7,0	0	40,0	0	998,847	5.k=1.moyenne	0,0	ERA5
1064120	23/05/2025	08	23/05/2025	04	HAE	7,2	0	6,5	0	96,0	0	6,0	0	30,0	0	998,55	5.k=1.moyenne	0,0	ERA5
1064121	23/05/2025	09	23/05/2025	05	HAE	7,6	0	6,2	0	91,0	0	9,0	0	60,0	0	998,46	5.k=1.moyenne	0,0	ERA5
1064122	23/05/2025	10	23/05/2025	06	HAE	7,6	0	6,5	0	92,0	0	5,0	0	30,0	0	998,332	5.k=1.moyenne	14,7	ERA5
1064123	23/05/2025	11	23/05/2025	07	HAE	7,9	0	6,3	0	89,0	0	4,0	0	40,0	0	998,087	5.k=1.moyenne	122,8	ERA5
1064124	23/05/2025	12	23/05/2025	08	HAE	8,4	0	6,2	0	86,0	0	8,0	0	40,0	0	997,784	5.k=1.moyenne	299,8	ERA5
1064125	23/05/2025	13	23/05/2025	09	HAE	9,3	0	6,0	0	80,0	0	11,0	0	60,0	0	997,544	5.k=1.moyenne	422,8	ERA5
1064126	23/05/2025	14	23/05/2025	10	HAE	9,4	0	5,8	0	78,0	0	9,0	0	40,0	0	997,305	5.k=1.moyenne	575,0	ERA5
1064127	23/05/2025	15	23/05/2025	11	HAE	9,9	0	5,2	0	72,0	0	9,0	0	60,0	0	997,108	5.k=1.moyenne	707,5	ERA5
1064128	23/05/2025	16	23/05/2025	12	HAE	9,4	0	4,8	0	73,0	0	12,0	0	70,0	0	996,793	5.k=1.moyenne	703,4	ERA5
1064129	23/05/2025	17	23/05/2025	13	HAE	9,3	0	4,9	0	74,0	0	13,0	0	80,0	0	996,73	5.k=1.moyenne	589,9	ERA5
1064130	23/05/2025	18	23/05/2025	14	HAE	9,3	0	6,5	0	82,0	0	5,0	0	50,0	0	996,472	5.k=1.moyenne	1039,0	ERA5
1064131	23/05/2025	19	23/05/2025	15	HAE	8,9	0	6,9	0	87,0	0	8,0	0	80,0	0	996,194	5.k=1.moyenne	624,0	ERA5
1064132	23/05/2025	20	23/05/2025	16	HAE	8,6	0	7,4	0	92,0	0	5,0	0	60,0	0	995,979	5.k=1.moyenne	540,6	ERA5
1064133	23/05/2025	21	23/05/2025	17	HAE	8,4	0	7,6	0	94,0	0	6,0	0	40,0	0	996,091	5.k=1.moyenne	525,9	ERA5
1064134	23/05/2025	22	23/05/2025	18	HAE	8,3	0	7,9	0	97,0	0	6,0	0	10,0	0	996,082	5.k=1.moyenne	476,7	ERA5
1064135	23/05/2025	23	23/05/2025	19	HAE	7,9	0	7,7	0	98,0	0	4,0	0	360,0	0	995,951	5.k=1.moyenne	225,1	ERA5
1064136	24/05/2025	00	23/05/2025	20	HAE	7,8	0	7,7	0	100,0	0	4,0	0	340,0	0	996,066	5.k=1.moyenne	86,4	ERA5
1064137	24/05/2025	01	23/05/2025	21	HAE	7,7	0	7,7	0	100,0	5.k=1.STE-CLOTHILDE	6,0	0	330,0	0	996,058	5.k=1.moyenne	4,9	ERA5
1064138	24/05/2025	02	23/05/2025	22	HAE	7,7	0	7,7	0	100,0	5.k=1.STE-CLOTHILDE	3,0	0	340,0	0	996,072	5.k=1.moyenne	-0,0	ERA5
1064139	24/05/2025	03	23/05/2025	23	HAE	7,6	0	7,6	0	99,9999	5.k=1.STE-CLOTHILDE	5,0	0	360,0	0	995,679	5.k=1.moyenne	0,0	ERA5
1064140	24/05/2025	04	24/05/2025	00	HAE	7,4	0	7,4	0	99,5713	5.k=1.STE-CLOTHILDE	3,0	0	360,0	0	995,449	5.k=1.moyenne	0,0	ERA5
1064141	24/05/2025	05	24/05/2025	01	HAE	7,0	0	7,0	0	99,1427	5.k=1.STE-CLOTHILDE	4,0	0	10,0	0	995,219	5.k=1.moyenne	0,0	ERA5
1064142	24/05/2025	06	24/05/2025	02	HAE	7,3	0	7,3	0	98,607	4.lineaire	2,0	0	350,0	0	995,219	5.k=1.moyenne	-0,0	ERA5
1064143	24/05/2025	07	24/05/2025	03	HAE	7,2	0	7,2	0	98,0713	4.lineaire	4,0	0	0,0	0	995,078	5.k=1.moyenne	0,0	ERA5
1064144	24/05/2025	08	24/05/2025	04	HAE	6,9	0	6,9	0	97,5357	4.lineaire	2,0	0	360,0	0	995,062	5.k=1.moyenne	0,0	ERA5
1064145	24/05/2025	09	24/05/2025	05	HAE	6,6	0	6,2	0	97,0	0	5,0	0	10,0	0	995,21	5.k=1.moyenne	0,0	ERA5
1064146	24/05/2025	10	24/05/2025	06	HAE	6,6	0	6,5	0	99,0	0	4,0	0	350,0	0	995,502	5.k=1.moyenne	19,2	ERA5
1064147	24/05/2025	11	24/05/2025	07	HAE	6,7	0	6,4	0	98,0	0	6,0	0	350,0	0	995,734	5.k=1.moyenne	128,6	ERA5
1064148	24/05/2025	12	24/05/2025	08	HAE	7,2	0	6,5	0	95,0	0	8,0	0	340,0	0	995,865	5.k=1.moyenne	318,2	ERA5
1064149	24/05/2025	13	24/05/2025	09	HAE	7,9	0	5,7	0	86,0	0	6,0	0	350,0	0	996,017	5.k=1.moyenne	555,8	ERA5
1064150	24/05/2025	14	24/05/2025	10	HAE	8,3	0	5,7	0	84,0	0	5,0	0	340,0	0	995,946	5.k=1.moyenne	791,6	ERA5
1064151	24/05/2025	15	24/05/2025	11	HAE	8,3	0	5,9	0	85,0	0	6,0	0	320,0	0	995,855	5.k=1.moyenne	1318,7	ERA5
1064152	24/05/2025	16	24/05/2025	12	HAE	8,7	0	6,6	0	87,0	0	7,0	0	340,0	0	995,826	5.k=1.moyenne	1010,3	ERA5
1064153	24/05/2025	17	24/05/2025	13	HAE	9,4	0	6,9	0	84,0	0	4,0	0	340,0	0	995,798	5.k=1.moyenne	706,7	ERA5
1064154	24/05/2025	18	24/05/2025	14	HAE	10,4	0	6,5	0	77,0	0	7,0	0	310,0	0	995,791	5.k=1.moyenne	809,4	ERA5
1064155	24/05/2025	19	24/05/2025	15	HAE	11,2	0	5,8	0	69,0	0	9,0	0	320,0	0	995,928	5.k=1.moyenne	1082,4	ERA5
1064156	24/05/2025	20	24/05/2025	16	HAE	10,6	0	6,3	0	75,0	0	6,0	0	310,0	0	996,187	5.k=1.moyenne	708,6	ERA5
1064157	24/05/2025	21	24/05/2025	17	HAE	10,2	0	7,4	0	83,0	0	5,0	0	300,0	0	996,508	5.k=1.moyenne	546,6	ERA5
1064158	24/05/2025	22	24/05/2025	18	HAE	10,2	0	8,1	0	87,0	0	4,0	0	310,0	0	996,912	5.k=1.moyenne	330,8	ERA5
1064159	24/05/2025	23	24/05/2025	19	HAE	9,4	0	8,9	0	96,0	0	3,0	0	350,0	0	997,376	5.k=1.moyenne	156,3	ERA5
1064160	25/05/2025	00	24/05/2025	20	HAE	9,2	0	8,9	0	98,0	0	4,0	0	320,0	0	997,597	5.k=1.moyenne	76,3	ERA5
1064161	25/05/2025	01	24/05/2025	21	HAE	8,7	0	8,6	0	99,0	0	4,0	0	330,0	0	997,715	5.k=1.moyenne	7,8	ERA5
1064162	25/05/2025	02	24/05/2025	22	HAE	8,5	0	8,5	0	99,0	4.constant	5,0	0	310,0	0	997,794	5.k=1.moyenne	-0,0	ERA5
1064163	25/05/2025	03	24/05/2025	23	HAE	8,4	0	8,4	0	99,0	4.constant	4,0	0	310,0	0	997,79	5.k=1.moyenne	0,0	ERA5
1064164	25/05/2025	04	25/05/2025	00	HAE	8,4	0	8,4	0	99,0	4.constant	6,0	0	290,0	0	997,869	5.k=1.moyenne	0,0	ERA5
1064165	25/05/2025	05	25/05/2025	01	HAE	7,8	0	7,8	0	99,0	4.constant	6,0	0	290,0	0	997,866	5.k=1.moyenne	0,0	ERA5
1064166	25/05/2025	06	25/05/2025	02	HAE	7,6	0	7,6	0	99,0	4.lineaire	5,0	0	300,0	0	997,866	5.k=1.moyenne	0,0	ERA5
1064167	25/05/2025	07	25/05/2025	03	HAE	7,9	0	7,7	0	99,0	0	6,0	0	290,0	0	997,983	5.k=1.moyenne	0,0	ERA5
1064168	25/05/2025	08	25/05/2025	04	HAE	8,1	0	7,6	0	96,0	0	6,0	0	290,0	0	998,263	5.k=1.moyenne	0,0	ERA5
1064169	25/05/2025	09	25/05/2025	05	HAE	8,2	0	7,4	0	95,0	0	6,0	0	300,0	0	998,727	5.k=1.moyenne	0,0	ERA5
1064170	25/05/2025	10	25/05/2025	06	HAE	8,3	0	7,4	0	94,0	0	8,0	0	300,0	0	999,111	5.k=1.moyenne	40,3	ERA5
1064171	25/05/2025	11	25/05/2025	07	HAE	8,9	0	7,0	0	88,0	0	7,0	0	320,0	0	999,637	5.k=1.moyenne	381,7	ERA5
1064172	25/05/2025	12	25/05/2025	08	HAE	10,9	0	6,7	0	75,0	0	6,0	0	340,0	0	999,797	5.k=1.moyenne	712,3	ERA5
1064173	25/05/2025	13	25/05/2025	09	HAE	11,6	0	6,7	0	72,0	0	6,0	0	330,0	0	999,956	5.k=1.moyenne	1330,4	ERA5
1064174	25/05/2025	14	25/05/2025	10	HAE	12,5	0	7,6	0	72,0	0	7,0	0	330,0	0	999,974	5.k=1.moyenne	1788,2	ERA5
1064175	25/05/2025	15	25/05/2025	11	HAE	13,8	0	6,3	0	61,0	0	9,0	0	330,0	0	999,991	5.k=1.moyenne	2206,2	ERA5
1064176	25/05/2025	16	25/05/2025	12	HAE	14,7	0	6,8	0	59,0	0	11,0	0	20,0	0	999,784	5.k=1.moyenne	2412,1	ERA5
1064177	25/05/2025	17	25/05/2025	13	HAE	15,8	0	7,1	0	56,0	0	12,0	0	20,0	0	999,619	5.k=1.moyenne	2162,1	ERA5
1064178	25/05/2025	18	25/05/2025	14	HAE	16,8	0	7,1	0	53,0	0	4,0	0	350,0	0	999,617	5.k=1.moyenne	2177,1	ERA5
1064179	25/05/2025	19	25/05/2025	15	HAE	16,4	0	7,2	0	54,0	0	5,0	0	330,0	0	999,737	5.k=1.moyenne	1546,8	ERA5
1064180	25/05/2025	20	25/05/2025	16	HAE	16,0	0	7,6	0	57,0	0	5,0	0	240,0	0	999,633	5.k=1.moyenne	1591,8	ERA5
1064181	25/05/2025	21	25/05/2025	17	HAE	15,1	0	9,4	0	68,0	0	9,0	0	280,0	0	999,733	5.k=1.moyenne	1680,5	ERA5
1064182	25/05/2025	22	25/05/2025	18	HAE	15,6	0	9,7	0	68,0	0	10,0	0	290,0	0	999,813	5.k=1.moyenne	1064,6	ERA5
1064183	25/05/2025	23	25/05/2025	19	HAE	14,6	0	8,6	0	67,0	0	10,0	0	280,0	0	999,955	5.k=1.moyenne	722,5	ERA5
1064184	26/05/2025	00	25/05/2025	20	HAE	13,1	0	8,8	0	75,0	0	6,0	0	300,0	0	1000,28	5.k=1.moyenne	269,1	ERA5
1064185	26/05/2025	01	25/05/2025	21	HAE	11,7	0	9,2	0	85,0	0	3,0	0	280,0	0	1000,56	5.k=1.moyenne	13,1	ERA5
1064186	26/05/2025	02	25/05/2025	22	HAE	11,8	0	8,9	0	83,0	0	3,0	0	290,0	0	1000,97	5.k=1.moyenne	0,0	ERA5
1064187	26/05/2025	03	25/05/2025	23	HAE	9,3	0	9,2	0	99,0	0	5,0	0	180,0	0	1001,09	5.k=1.moyenne	0,0	ERA5
1064188	26/05/2025	04	26/05/2025	00	HAE	8,9	0	8,9	0	99,0	4.constant	5,0	0	190,0	0	1001,14	5.k=1.moyenne	0,0	ERA5
1064189	26/05/2025	05	26/05/2025	01	HAE	8,5	0	8,5	0	99,0	4.constant	3,0	0	180,0	0	1001,13	5.k=1.moyenne	0,0	ERA5
1064190	26/05/2025	06	26/05/2025	02	HAE	8,8	0	8,8	0	99,0	5.k=1.STE-CLOTHILDE	6,0	0	150,0	0	1001,13	5.k=1.moyenne	-0,0	ERA5
1064191	26/05/2025	07	26/05/2025	03	HAE	7,6	0	7,6	0	100,0	5.k=1.STE-CLOTHILDE	4,0	0	200,0	0	1001,35	5.k=1.moyenne	0,0	ERA5
1064192	26/05/2025	08	26/05/2025	04	HAE	6,8	0	6,8	0	99,2855	5.k=1.STE-CLOTHILDE	4,0	0	190,0	0	1001,68	5.k=1.moyenne	0,0	ERA5
1064193	26/05/2025	09	26/05/2025	05	HAE	9,1	0	9,1	0	98,9998	5.k=1.STE-CLOTHILDE	6,0	0	270,0	0	1002,01	5.k=1.moyenne	0,0	ERA5
1064194	26/05/2025	10	26/05/2025	06	HAE	8,9	0	8,9	0	97,0	5.k=1.STE-CLOTHILDE	4,0	0	240,0	0	1002,61	5.k=1.moyenne	73,6	ERA5
1064195	26/05/2025	11	26/05/2025	07	HAE	10,8	0	10,4	0	97,0	0	5,0	0	250,0	0	1002,96	5.k=1.moyenne	494,0	ERA5
1064196	26/05/2025	12	26/05/2025	08	HAE	12,6	0	10,5	0	87,0	0	6,0	0	280,0	0	1003,35	5.k=1.moyenne	1096,8	ERA5
1064197	26/05/2025	13	26/05/2025	09	HAE	14,6	0	11,0	0	79,0	0	8,0	0	240,0	0	1003,43	5.k=1.moyenne	1643,9	ERA5
1064198	26/05/2025	14	26/05/2025	10	HAE	16,5	0	11,9	0	74,0	0	3,0	0	220,0	0	1003,47	5.k=1.moyenne	2244,8	ERA5
1064199	26/05/2025	15	26/05/2025	11	HAE	18,1	0	11,4	0	65,0	0	9,0	0	190,0	0	1003,0	5.k=1.moyenne	2814,6	ERA5
1064200	26/05/2025	16	26/05/2025	12	HAE	19,1	0	9,0	0	52,0	0	2,0	0	160,0	0	1002,93	5.k=1.moyenne	3218,0	ERA5
1064201	26/05/2025	17	26/05/2025	13	HAE	21,0	0	9,2	0	47,0	0	7,0	0	190,0	0	1003,05	5.k=1.moyenne	3356,0	ERA5
1064202	26/05/2025	18	26/05/2025	14	HAE	21,5	0	6,0	0	36,0	0	9,0	0	170,0	0	1002,93	5.k=1.moyenne	3396,1	ERA5
1064203	26/05/2025	19	26/05/2025	15	HAE	22,3	0	7,5	0	39,0	0	11,0	0	210,0	0	1002,85	5.k=1.moyenne	3083,8	ERA5
1064204	26/05/2025	20	26/05/2025	16	HAE	22,3	0	6,2	0	35,0	0	4,0	0	280,0	0	1002,7	5.k=1.moyenne	2556,7	ERA5
1064205	26/05/2025	21	26/05/2025	17	HAE	19,6	0	5,9	0	41,0	0	15,0	0	290,0	0	1003,03	5.k=1.moyenne	2111,1	ERA5
1064206	26/05/2025	22	26/05/2025	18	HAE	20,6	0	6,5	0	40,0	0	14,0	0	280,0	0	1002,87	5.k=1.moyenne	1575,5	ERA5
1064207	26/05/2025	23	26/05/2025	19	HAE	19,2	0	8,3	0	49,0	0	8,0	0	280,0	0	1003,15	5.k=1.moyenne	866,6	ERA5
1064208	27/05/2025	00	26/05/2025	20	HAE	17,0	0	7,9	0	55,0	0	5,0	0	220,0	0	1003,42	5.k=1.moyenne	307,6	ERA5
1064209	27/05/2025	01	26/05/2025	21	HAE	15,0	0	8,4	0	65,0	0	4,0	0	260,0	0	1003,88	5.k=1.moyenne	17,5	ERA5
1064210	27/05/2025	02	26/05/2025	22	HAE	11,9	0	8,7	0	81,0	0	2,0	0	240,0	0	1004,27	5.k=1.moyenne	-0,0	ERA5
1064211	27/05/2025	03	26/05/2025	23	HAE	10,9	0	8,8	0	87,0	0	4,0	0	210,0	0	1004,45	5.k=1.moyenne	0,0	ERA5
1064212	27/05/2025	04	27/05/2025	00	HAE	10,0	0	9,3	0	96,0	0	3,0	0	180,0	0	1004,68	5.k=1.moyenne	0,0	ERA5
1064213	27/05/2025	05	27/05/2025	01	HAE	9,2	0	8,6	0	96,0	0	4,0	0	180,0	0	1004,86	5.k=1.moyenne	0,0	ERA5
1064214	27/05/2025	06	27/05/2025	02	HAE	9,1	0	8,3	0	95,0	0	4,0	0	190,0	0	1004,86	5.k=1.moyenne	0,0	ERA5
1064215	27/05/2025	07	27/05/2025	03	HAE	8,2	0	7,6	0	96,0	0	3,0	0	170,0	0	1005,16	5.k=1.moyenne	0,0	ERA5
1064216	27/05/2025	08	27/05/2025	04	HAE	7,2	0	6,7	0	96,0	0	7,0	0	180,0	0	1005,49	5.k=1.moyenne	0,0	ERA5
1064217	27/05/2025	09	27/05/2025	05	HAE	6,9	0	6,6	0	98,0	0	6,0	0	180,0	0	1005,89	5.k=1.moyenne	0,0	ERA5
1064218	27/05/2025	10	27/05/2025	06	HAE	7,3	0	7,3	0	95,0	4.lineaire	2,0	0	190,0	0	1006,45	5.k=1.moyenne	80,5	ERA5
1064219	27/05/2025	11	27/05/2025	07	HAE	11,5	0	10,3	0	92,0	0	10,0	0	190,0	0	1006,88	5.k=1.moyenne	539,6	ERA5
1064220	27/05/2025	12	27/05/2025	08	HAE	14,5	0	10,3	0	76,0	0	10,0	0	200,0	0	1007,17	5.k=1.moyenne	1171,8	ERA5
1064221	27/05/2025	13	27/05/2025	09	HAE	16,6	4.lineaire	10,5667	4.lineaire	68,6667	4.lineaire	8,66667	4.lineaire	213,333	4.lineaire	1007,39	5.k=1.moyenne	1826,4	ERA5
1064222	27/05/2025	14	27/05/2025	10	HAE	18,7	4.lineaire	10,8333	4.lineaire	61,3333	4.lineaire	7,33333	4.lineaire	226,667	4.lineaire	1007,12	5.k=1.moyenne	2424,2	ERA5
1064223	27/05/2025	15	27/05/2025	11	HAE	20,8	0	11,1	0	54,0	0	6,0	0	240,0	0	1006,87	5.k=1.moyenne	2912,1	ERA5
1064224	27/05/2025	16	27/05/2025	12	HAE	22,1	0	11,9	0	53,0	0	3,0	0	230,0	0	1006,45	5.k=1.moyenne	3235,3	ERA5
1064225	27/05/2025	17	27/05/2025	13	HAE	23,3	0	10,4	0	44,0	0	3,0	0	240,0	0	1005,99	5.k=1.moyenne	3410,3	ERA5
1064226	27/05/2025	18	27/05/2025	14	HAE	24,6	0	8,1	0	35,0	0	6,0	0	270,0	0	1005,55	5.k=1.moyenne	3361,3	ERA5
1064227	27/05/2025	19	27/05/2025	15	HAE	25,4	0	5,0	0	27,0	0	2,0	0	330,0	0	1004,96	5.k=1.moyenne	3095,2	ERA5
1064228	27/05/2025	20	27/05/2025	16	HAE	25,7	0	3,3	0	23,0	0	5,0	0	290,0	0	1004,5	5.k=1.moyenne	2428,6	ERA5
1064229	27/05/2025	21	27/05/2025	17	HAE	25,8	0	4,7	0	26,0	0	4,0	0	230,0	0	1004,07	5.k=1.moyenne	1911,6	ERA5
1064230	27/05/2025	22	27/05/2025	18	HAE	25,5	0	1,2	0	21,0	0	10,0	0	250,0	0	1003,62	5.k=1.moyenne	1331,2	ERA5
1064231	27/05/2025	23	27/05/2025	19	HAE	25,0	0	4,5	0	27,0	0	5,0	0	290,0	0	1003,48	5.k=1.moyenne	840,9	ERA5
1064232	28/05/2025	00	27/05/2025	20	HAE	22,8	0	4,7	0	31,0	0	4,0	0	260,0	0	1003,4	5.k=1.moyenne	327,9	ERA5
1064233	28/05/2025	01	27/05/2025	21	HAE	18,8	0	6,7	0	45,0	0	3,0	0	250,0	0	1003,45	5.k=1.moyenne	19,8	ERA5
1064234	28/05/2025	02	27/05/2025	22	HAE	15,1	0	9,1	0	67,0	0	5,0	0	170,0	0	1003,49	5.k=1.moyenne	0,0	ERA5
1064235	28/05/2025	03	27/05/2025	23	HAE	14,7	0	9,1	0	69,0	0	4,0	0	180,0	0	1003,45	5.k=1.moyenne	0,0	ERA5
1064236	28/05/2025	04	28/05/2025	00	HAE	12,5	0	9,2	0	80,0	0	6,0	0	170,0	0	1003,51	5.k=1.moyenne	0,0	ERA5
1064237	28/05/2025	05	28/05/2025	01	HAE	11,8	0	8,5	0	80,0	0	5,0	0	190,0	0	1003,58	5.k=1.moyenne	0,0	ERA5
1064238	28/05/2025	06	28/05/2025	02	HAE	11,1	0	8,0	0	81,0	0	6,0	0	190,0	0	1003,58	5.k=1.moyenne	0,0	ERA5
1064239	28/05/2025	07	28/05/2025	03	HAE	10,5	0	7,5	0	82,0	0	7,0	0	170,0	0	1003,51	5.k=1.moyenne	0,0	ERA5
1064240	28/05/2025	08	28/05/2025	04	HAE	9,6	0	7,1	0	85,0	0	7,0	0	170,0	0	1003,64	5.k=1.moyenne	0,0	ERA5
1064241	28/05/2025	09	28/05/2025	05	HAE	8,5	0	7,9	0	96,0	0	9,0	0	170,0	0	1003,85	5.k=1.moyenne	0,0	ERA5
1064242	28/05/2025	10	28/05/2025	06	HAE	9,3	0	8,3	0	94,0	0	5,0	0	180,0	0	1004,16	5.k=1.moyenne	85,0	ERA5
1064243	28/05/2025	11	28/05/2025	07	HAE	13,5	0	9,9	0	78,0	0	8,0	0	190,0	0	1004,46	5.k=1.moyenne	553,6	ERA5
1064244	28/05/2025	12	28/05/2025	08	HAE	16,6	0	10,6	0	68,0	0	8,0	0	170,0	0	1004,54	5.k=1.moyenne	1191,5	ERA5
1064245	28/05/2025	13	28/05/2025	09	HAE	19,0	0	9,4	0	54,0	0	8,0	0	190,0	0	1004,53	5.k=1.moyenne	1850,0	ERA5
1064246	28/05/2025	14	28/05/2025	10	HAE	21,1	0	10,4	0	50,0	0	9,0	0	200,0	0	1004,06	5.k=1.moyenne	2451,5	ERA5
1064247	28/05/2025	15	28/05/2025	11	HAE	23,3	0	9,7	0	42,0	0	11,0	0	210,0	0	1003,81	5.k=1.moyenne	2939,4	ERA5
1064248	28/05/2025	16	28/05/2025	12	HAE	25,1	0	9,7	0	38,0	0	4,0	0	150,0	0	1003,23	5.k=1.moyenne	3275,9	ERA5
1064249	28/05/2025	17	28/05/2025	13	HAE	26,0	0	4,5	0	25,0	0	4,0	0	210,0	0	1002,62	5.k=1.moyenne	3411,3	ERA5
1064250	28/05/2025	18	28/05/2025	14	HAE	26,8	0	6,4	0	27,0	0	15,0	0	170,0	0	1001,88	5.k=1.moyenne	3393,1	ERA5
1064251	28/05/2025	19	28/05/2025	15	HAE	26,7	0	5,5	0	26,0	0	15,0	0	160,0	0	1001,13	5.k=1.moyenne	3177,6	ERA5
1064252	28/05/2025	20	28/05/2025	16	HAE	26,8	0	2,3	0	21,0	0	4,0	0	160,0	0	1000,49	5.k=1.moyenne	2767,8	ERA5
1064253	28/05/2025	21	28/05/2025	17	HAE	25,9	0	3,5	0	24,0	0	5,0	0	100,0	0	999,969	5.k=1.moyenne	2242,6	ERA5
1064254	28/05/2025	22	28/05/2025	18	HAE	25,4	0	3,8	0	25,0	0	5,0	0	170,0	0	999,502	5.k=1.moyenne	1636,6	ERA5
1064255	28/05/2025	23	28/05/2025	19	HAE	25,1	0	6,4	0	30,0	0	7,0	0	170,0	0	999,26	5.k=1.moyenne	948,1	ERA5
1064256	29/05/2025	00	28/05/2025	20	HAE	21,2	0	10,4	0	50,0	0	6,0	0	180,0	0	999,099	5.k=1.moyenne	333,9	ERA5
1064257	29/05/2025	01	28/05/2025	21	HAE	18,1	0	9,8	0	58,0	0	1,0	0	40,0	0	999,101	5.k=1.moyenne	22,4	ERA5
1064258	29/05/2025	02	28/05/2025	22	HAE	16,2	0	10,7	0	70,0	0	6,0	0	180,0	0	998,919	5.k=1.moyenne	0,0	ERA5
1064259	29/05/2025	03	28/05/2025	23	HAE	14,1	0	10,4	0	78,0	0	6,0	0	170,0	0	998,533	5.k=1.moyenne	0,0	ERA5
1064260	29/05/2025	04	29/05/2025	00	HAE	13,2	0	10,2	0	82,0	0	5,0	0	180,0	0	998,167	5.k=1.moyenne	0,0	ERA5
1064261	29/05/2025	05	29/05/2025	01	HAE	15,4	0	10,8	0	74,0	0	11,0	0	180,0	0	997,903	5.k=1.moyenne	0,0	ERA5
1064262	29/05/2025	06	29/05/2025	02	HAE	15,5	0	12,0	0	80,0	0	15,0	0	190,0	0	997,903	5.k=1.moyenne	0,0	ERA5
1064263	29/05/2025	07	29/05/2025	03	HAE	14,9	0	12,1	0	83,0	0	10,0	0	180,0	0	997,671	5.k=1.moyenne	0,0	ERA5
1064264	29/05/2025	08	29/05/2025	04	HAE	14,4	0	10,8	0	79,0	0	10,0	0	190,0	0	997,421	5.k=1.moyenne	0,0	ERA5
1064265	29/05/2025	09	29/05/2025	05	HAE	13,5	0	10,6	0	83,0	0	8,0	0	170,0	0	997,215	5.k=1.moyenne	0,0	ERA5
1064266	29/05/2025	10	29/05/2025	06	HAE	14,3	0	10,8	0	79,0	0	9,0	0	170,0	0	997,071	5.k=1.moyenne	42,2	ERA5
1064267	29/05/2025	11	29/05/2025	07	HAE	14,9	0	10,9	0	77,0	0	13,0	0	190,0	0	996,835	5.k=1.moyenne	291,3	ERA5
1064268	29/05/2025	12	29/05/2025	08	HAE	16,6	0	11,6	0	72,0	0	14,0	0	180,0	0	996,457	5.k=1.moyenne	613,3	ERA5
1064269	29/05/2025	13	29/05/2025	09	HAE	16,8	0	12,0	0	73,0	0	12,0	0	180,0	0	995,88	5.k=1.moyenne	935,4	ERA5
1064270	29/05/2025	14	29/05/2025	10	HAE	17,3667	4.lineaire	12,0	4.lineaire	70,6667	4.lineaire	12,0	4.lineaire	186,667	4.lineaire	995,285	5.k=1.moyenne	1172,6	ERA5
1064271	29/05/2025	15	29/05/2025	11	HAE	17,9333	4.lineaire	12,0	4.lineaire	68,3333	4.lineaire	12,0	4.lineaire	193,333	4.lineaire	994,572	5.k=1.moyenne	1723,7	ERA5
1064272	29/05/2025	16	29/05/2025	12	HAE	18,5	0	12,0	0	66,0	0	12,0	0	200,0	0	993,619	5.k=1.moyenne	2121,1	ERA5
1064273	29/05/2025	17	29/05/2025	13	HAE	18,6	0	12,9	0	69,0	0	8,0	0	250,0	0	992,487	5.k=1.moyenne	981,7	ERA5
1064274	29/05/2025	18	29/05/2025	14	HAE	19,1	0	13,6	0	70,0	0	17,0	0	170,0	0	991,697	5.k=1.moyenne	600,6	ERA5
1064275	29/05/2025	19	29/05/2025	15	HAE	19,0	0	13,3	0	69,0	0	13,0	0	190,0	0	990,947	5.k=1.moyenne	912,4	ERA5
1064276	29/05/2025	20	29/05/2025	16	HAE	18,8	0	13,8	0	73,0	0	17,0	0	180,0	0	990,088	5.k=1.moyenne	678,3	ERA5
1064277	29/05/2025	21	29/05/2025	17	HAE	18,0	0	13,2	0	74,0	0	15,0	0	190,0	0	989,437	5.k=1.moyenne	308,4	ERA5
1064278	29/05/2025	22	29/05/2025	18	HAE	18,1	0	14,7	0	80,0	0	13,0	0	210,0	0	988,797	5.k=1.moyenne	183,3	ERA5
1064279	29/05/2025	23	29/05/2025	19	HAE	17,0	0	14,0	0	82,0	0	16,0	0	270,0	0	988,409	5.k=1.moyenne	136,8	ERA5
1064280	30/05/2025	00	29/05/2025	20	HAE	16,1	0	15,0	0	93,0	0	9,0	0	250,0	0	988,069	5.k=1.moyenne	111,1	ERA5
1064281	30/05/2025	01	29/05/2025	21	HAE	14,9	0	13,7	0	93,0	0	37,3333	4.lineaire	220,0	0	987,834	5.k=1.moyenne	10,8	ERA5
1064282	30/05/2025	02	29/05/2025	22	HAE	14,1	0	14,1	0	92,0	4.lineaire	65,6667	4.lineaire	180,0	0	987,6	5.k=1.moyenne	0,0	ERA5
1064283	30/05/2025	03	29/05/2025	23	HAE	15,4	0	13,9	0	91,0	0	94,0	0	220,0	0	986,97	5.k=1.moyenne	0,0	ERA5
1064284	30/05/2025	04	30/05/2025	00	HAE	15,0	0	13,6	0	91,0	0	94,0	4.constant	210,0	0	986,437	5.k=1.moyenne	0,0	ERA5
1064285	30/05/2025	05	30/05/2025	01	HAE	15,0	0	13,1	0	88,0	0	94,0	4.constant	210,0	0	985,963	5.k=1.moyenne	0,0	ERA5
1064286	30/05/2025	06	30/05/2025	02	HAE	14,7	0	13,3	0	92,0	0	93,0	4.lineaire	190,0	0	985,963	5.k=1.moyenne	0,0	ERA5
1064287	30/05/2025	07	30/05/2025	03	HAE	14,5	0	13,3	0	93,0	0	92,0	0	190,0	0	985,391	5.k=1.moyenne	0,0	ERA5
1064288	30/05/2025	08	30/05/2025	04	HAE	14,3	0	12,9	0	92,0	0	100,0	0	190,0	0	984,968	5.k=1.moyenne	0,0	ERA5
1064289	30/05/2025	09	30/05/2025	05	HAE	14,1	0	13,0	0	93,0	0	92,0	0	190,0	0	984,467	5.k=1.moyenne	0,0	ERA5
1064290	30/05/2025	10	30/05/2025	06	HAE	14,4	0	13,3	0	93,0	0	89,0	4.lineaire	200,0	0	984,338	5.k=1.moyenne	50,1	ERA5
1064291	30/05/2025	11	30/05/2025	07	HAE	15,0	0	13,6	0	91,0	0	86,0	0	200,0	0	984,258	5.k=1.moyenne	263,8	ERA5
1064292	30/05/2025	12	30/05/2025	08	HAE	15,8	0	13,1	0	84,0	0	70,0	0	210,0	0	984,058	5.k=1.moyenne	545,6	ERA5
1064293	30/05/2025	13	30/05/2025	09	HAE	16,1	0	12,5	0	79,0	0	82,0	0	250,0	0	983,822	5.k=1.moyenne	672,3	ERA5
1064294	30/05/2025	14	30/05/2025	10	HAE	16,7	0	13,0	0	79,0	0	67,0	0	220,0	0	983,508	5.k=1.moyenne	733,5	ERA5
1064295	30/05/2025	15	30/05/2025	11	HAE	16,5	0	13,0	0	80,0	0	73,0	0	210,0	0	983,178	5.k=1.moyenne	1059,6	ERA5
1064296	30/05/2025	16	30/05/2025	12	HAE	18,0	0	13,1	0	73,0	0	74,0	0	230,0	0	982,67	5.k=1.moyenne	1187,9	ERA5
1064297	30/05/2025	17	30/05/2025	13	HAE	19,2	0	12,6	0	66,0	0	77,5	4.lineaire	250,0	0	982,124	5.k=1.moyenne	1795,0	ERA5
1064298	30/05/2025	18	30/05/2025	14	HAE	18,9	0	12,3	0	66,0	0	81,0	0	220,0	0	981,57	5.k=1.moyenne	2196,4	ERA5
1064299	30/05/2025	19	30/05/2025	15	HAE	18,8	0	13,1	0	70,0	0	81,0	5.k=1.ST-HUBERT	190,0	0	981,378	5.k=1.moyenne	2261,0	ERA5
1064300	30/05/2025	20	30/05/2025	16	HAE	20,5	0	12,7	0	61,0	0	71,6584	5.k=1.ST-HUBERT	200,0	0	981,015	5.k=1.moyenne	1993,1	ERA5
1064301	30/05/2025	21	30/05/2025	17	HAE	20,45	4.lineaire	12,5	4.lineaire	60,5	4.lineaire	64,1344	5.k=1.ST-HUBERT	190,0	4.lineaire	981,017	5.k=1.moyenne	1728,2	ERA5
1064302	30/05/2025	22	30/05/2025	18	HAE	20,4	0	12,3	0	60,0	0	58,3613	5.k=1.ST-HUBERT	180,0	0	980,847	5.k=1.moyenne	1112,1	ERA5
1064303	30/05/2025	23	30/05/2025	19	HAE	19,3	0	12,0	0	63,0	0	52,5337	5.k=1.ST-HUBERT	180,0	0	980,944	5.k=1.moyenne	626,7	ERA5
1064304	31/05/2025	00	30/05/2025	20	HAE	18,0	0	12,3	0	69,0	0	47,18	5.k=1.ST-HUBERT	180,0	0	980,991	5.k=1.moyenne	248,4	ERA5
1064305	31/05/2025	01	30/05/2025	21	HAE	16,5	0	12,2	0	76,0	0	43,4159	5.k=1.ST-HUBERT	180,0	0	981,182	5.k=1.moyenne	19,3	ERA5
1064306	31/05/2025	02	30/05/2025	22	HAE	15,7	4.lineaire	12,3	4.lineaire	80,5	4.lineaire	37,1243	5.k=1.ST-HUBERT	180,0	4.lineaire	981,334	5.k=1.moyenne	0,0	ERA5
1064307	31/05/2025	03	30/05/2025	23	HAE	14,9	0	12,4	0	85,0	0	35,8322	5.k=1.ST-HUBERT	180,0	0	980,996	5.k=1.moyenne	-0,0	ERA5
1064308	31/05/2025	04	31/05/2025	00	HAE	14,6	0	12,5	0	87,0	0	31,9388	5.k=1.ST-HUBERT	150,0	0	980,864	5.k=1.moyenne	0,0	ERA5
1064309	31/05/2025	05	31/05/2025	01	HAE	15,2	0	12,2	0	82,0	0	27,1588	5.k=1.ST-HUBERT	170,0	0	980,529	5.k=1.moyenne	0,0	ERA5
1064310	31/05/2025	06	31/05/2025	02	HAE	14,3	0	12,7	0	90,0	0	27,1588	5.k=1.ST-HUBERT	100,0	0	980,529	5.k=1.moyenne	0,0	ERA5
1064311	31/05/2025	07	31/05/2025	03	HAE	13,7	0	12,8	0	94,0	0	21,5699	5.k=1.ST-HUBERT	120,0	0	980,262	5.k=1.moyenne	0,0	ERA5
1064312	31/05/2025	08	31/05/2025	04	HAE	14,3	0	12,6	0	90,0	0	20,7632	5.k=1.ST-HUBERT	360,0	0	980,14	5.k=1.moyenne	0,0	ERA5
1064313	31/05/2025	09	31/05/2025	05	HAE	13,4	0	12,5	0	94,0	0	19,4901	5.k=1.ST-HUBERT	160,0	0	980,122	5.k=1.moyenne	0,0	ERA5
1064314	31/05/2025	10	31/05/2025	06	HAE	13,6	0	13,3	0	98,0	0	25,307	5.k=1.ST-HUBERT	290,0	0	980,064	5.k=1.moyenne	43,2	ERA5
1064315	31/05/2025	11	31/05/2025	07	HAE	14,6	0	13,5	0	93,0	0	20,7452	5.k=1.ST-HUBERT	340,0	0	980,191	5.k=1.moyenne	195,4	ERA5
1064316	31/05/2025	12	31/05/2025	08	HAE	15,7	0	13,5	0	87,0	0	27,3304	5.k=1.ST-HUBERT	10,0	0	980,361	5.k=1.moyenne	422,9	ERA5
1064317	31/05/2025	13	31/05/2025	09	HAE	16,2	0	13,4	0	83,0	0	28,7593	5.k=1.ST-HUBERT	20,0	0	980,348	5.k=1.moyenne	611,6	ERA5
1064318	31/05/2025	14	31/05/2025	10	HAE	15,9	0	12,9	0	82,0	0	26,7711	5.k=1.ST-HUBERT	10,0	0	979,927	5.k=1.moyenne	847,3	ERA5
1064319	31/05/2025	15	31/05/2025	11	HAE	15,5	0	12,7	0	84,0	0	23,6876	5.k=1.ST-HUBERT	20,0	0	979,508	5.k=1.moyenne	755,1	ERA5
1064320	31/05/2025	16	31/05/2025	12	HAE	14,6	0	12,0	0	85,0	0	25,323	5.k=1.ST-HUBERT	10,0	0	979,111	5.k=1.moyenne	682,1	ERA5
1064321	31/05/2025	17	31/05/2025	13	HAE	13,5	0	11,4	0	87,0	0	27,016	5.k=1.ST-HUBERT	360,0	0	978,591	5.k=1.moyenne	505,3	ERA5
1064322	31/05/2025	18	31/05/2025	14	HAE	12,7	0	11,0	0	89,0	0	22,9419	5.k=1.ST-HUBERT	360,0	0	978,134	5.k=1.moyenne	452,4	ERA5
1064323	31/05/2025	19	31/05/2025	15	HAE	11,5	0	10,9	0	96,0	0	25,9004	5.k=1.ST-HUBERT	350,0	0	977,738	5.k=1.moyenne	492,9	ERA5
1064324	31/05/2025	20	31/05/2025	16	HAE	10,8	0	10,8	0	100,0	0	20,7552	5.k=1.ST-HUBERT	340,0	0	977,405	5.k=1.moyenne	239,4	ERA5
1064325	31/05/2025	21	31/05/2025	17	HAE	10,3	0	10,0	0	98,0	0	22,6348	5.k=1.ST-HUBERT	330,0	0	977,072	5.k=1.moyenne	220,6	ERA5
1064326	31/05/2025	22	31/05/2025	18	HAE	10,5	0	9,7	0	95,0	0	21,0597	5.k=1.ST-HUBERT	320,0	0	976,678	5.k=1.moyenne	166,6	ERA5
1064327	31/05/2025	23	31/05/2025	19	HAE	10,3	0	9,6	0	95,0	0	19,5189	5.k=1.ST-HUBERT	310,0	0	976,448	5.k=1.moyenne	92,7	ERA5
1064328	01/06/2025	00	31/05/2025	20	HAE	10,3	0	10,1	0	99,0	0	13,9354	5.k=1.ST-HUBERT	300,0	0	976,239	5.k=1.moyenne	43,4	ERA5
1064329	01/06/2025	01	31/05/2025	21	HAE	10,0	0	9,8	0	98,0	0	14,7828	5.k=1.ST-HUBERT	280,0	0	976,01	5.k=1.moyenne	2,9	ERA5
1064330	01/06/2025	02	31/05/2025	22	HAE	10,2	0	9,7	0	97,0	0	18,5665	5.k=1.ST-HUBERT	280,0	0	975,761	5.k=1.moyenne	0,0	ERA5
1064331	01/06/2025	03	31/05/2025	23	HAE	10,2	0	8,7	0	90,0	0	15,3903	5.k=1.ST-HUBERT	280,0	0	975,349	5.k=1.moyenne	0,0	ERA5
1064332	01/06/2025	04	01/06/2025	00	HAE	10,05	4.lineaire	7,15	4.lineaire	82,0	4.lineaire	17,4744	5.k=1.ST-HUBERT	280,0	4.lineaire	975,1	5.k=1.moyenne	0,0	ERA5
1064333	01/06/2025	05	01/06/2025	01	HAE	9,9	0	5,6	0	74,0	0	18,9967	5.k=1.ST-HUBERT	280,0	0	974,75	5.k=1.moyenne	0,0	ERA5
1064334	01/06/2025	06	01/06/2025	02	HAE	9,4	0	6,3	0	81,0	0	19,0041	5.k=1.ST-HUBERT	270,0	0	974,75	5.k=1.moyenne	-0,0	ERA5
1064335	01/06/2025	07	01/06/2025	03	HAE	9,5	0	4,7	0	72,0	0	20,3161	5.k=1.ST-HUBERT	270,0	0	974,64	5.k=1.moyenne	0,0	ERA5
1064336	01/06/2025	08	01/06/2025	04	HAE	8,8	0	4,3	0	73,0	0	24,5831	5.k=1.ST-HUBERT	270,0	0	974,579	5.k=1.moyenne	0,0	ERA5
1064337	01/06/2025	09	01/06/2025	05	HAE	8,6	0	4,5	0	75,0	0	24,2345	5.k=1.ST-HUBERT	260,0	0	974,868	5.k=1.moyenne	0,0	ERA5
1064338	01/06/2025	10	01/06/2025	06	HAE	8,0	0	4,5	0	78,0	0	25,0862	5.k=1.ST-HUBERT	260,0	0	975,304	5.k=1.moyenne	47,4	ERA5
1064339	01/06/2025	11	01/06/2025	07	HAE	7,6	0	4,2	0	79,0	0	25,3884	5.k=1.ST-HUBERT	250,0	0	975,7	5.k=1.moyenne	239,5	ERA5
1064340	01/06/2025	12	01/06/2025	08	HAE	7,3	0	4,7	0	83,0	0	21,0639	5.k=1.ST-HUBERT	260,0	0	976,015	5.k=1.moyenne	456,9	ERA5
1064341	01/06/2025	13	01/06/2025	09	HAE	7,4	0	5,1	0	85,0	0	17,3475	5.k=1.ST-HUBERT	260,0	0	976,457	5.k=1.moyenne	733,3	ERA5
1064342	01/06/2025	14	01/06/2025	10	HAE	8,4	0	5,7	0	83,0	0	24,1307	5.k=1.ST-HUBERT	280,0	0	976,92	5.k=1.moyenne	1028,1	ERA5
1064343	01/06/2025	15	01/06/2025	11	HAE	8,6	0	6,3	0	86,0	0	20,459	5.k=1.ST-HUBERT	250,0	0	977,385	5.k=1.moyenne	909,3	ERA5
1064344	01/06/2025	16	01/06/2025	12	HAE	9,4	0	5,9	0	79,0	0	23,7904	5.k=1.ST-HUBERT	260,0	0	977,872	5.k=1.moyenne	793,8	ERA5
1064345	01/06/2025	17	01/06/2025	13	HAE	10,1	0	6,3	0	77,0	0	23,6468	5.k=1.ST-HUBERT	260,0	0	978,256	5.k=1.moyenne	509,9	ERA5
1064346	01/06/2025	18	01/06/2025	14	HAE	11,4	0	6,7	0	73,0	0	25,2647	5.k=1.ST-HUBERT	260,0	0	978,766	5.k=1.moyenne	608,5	ERA5
1064347	01/06/2025	19	01/06/2025	15	HAE	11,5	0	6,4	0	71,0	0	22,2404	5.k=1.ST-HUBERT	250,0	0	979,215	5.k=1.moyenne	432,4	ERA5
1064348	01/06/2025	20	01/06/2025	16	HAE	12,3	0	6,2	0	66,0	0	19,8106	5.k=1.ST-HUBERT	260,0	0	979,955	5.k=1.moyenne	628,5	ERA5
1064349	01/06/2025	21	01/06/2025	17	HAE	12,6	0	6,1	0	65,0	0	23,2121	5.k=1.ST-HUBERT	260,0	0	980,739	5.k=1.moyenne	554,1	ERA5
1064350	01/06/2025	22	01/06/2025	18	HAE	12,5	0	6,0	0	65,0	0	23,1318	5.k=1.ST-HUBERT	260,0	0	981,523	5.k=1.moyenne	358,9	ERA5
1064351	01/06/2025	23	01/06/2025	19	HAE	12,1	0	5,9	0	66,0	0	16,0768	5.k=1.ST-HUBERT	270,0	0	982,432	5.k=1.moyenne	217,4	ERA5
1064352	02/06/2025	00	01/06/2025	20	HAE	10,7	0	6,5	0	75,0	0	22,9981	5.k=1.ST-HUBERT	280,0	0	983,217	5.k=1.moyenne	106,4	ERA5
1064353	02/06/2025	01	01/06/2025	21	HAE	10,0	0	6,8	0	80,0	0	20,6151	5.k=1.ST-HUBERT	250,0	0	984,024	5.k=1.moyenne	8,1	ERA5
1064354	02/06/2025	02	01/06/2025	22	HAE	10,0	0	7,0	0	81,0	0	15,3292	5.k=1.ST-HUBERT	250,0	0	984,748	5.k=1.moyenne	-0,0	ERA5
1064355	02/06/2025	03	01/06/2025	23	HAE	9,7	0	7,1	0	84,0	0	15,2877	5.k=1.ST-HUBERT	250,0	0	985,201	5.k=1.moyenne	0,0	ERA5
1064356	02/06/2025	04	02/06/2025	00	HAE	9,6	0	7,3	0	85,0	0	11,7601	5.k=1.ST-HUBERT	260,0	0	985,738	5.k=1.moyenne	0,0	ERA5
1064357	02/06/2025	05	02/06/2025	01	HAE	9,7	0	7,3	0	85,0	0	11,73	5.k=1.ST-HUBERT	240,0	0	986,171	5.k=1.moyenne	0,0	ERA5
1064358	02/06/2025	06	02/06/2025	02	HAE	9,6	0	7,3	0	86,0	0	11,73	5.k=1.ST-HUBERT	240,0	0	986,171	5.k=1.moyenne	0,0	ERA5
1064359	02/06/2025	07	02/06/2025	03	HAE	9,4	0	7,5	0	88,0	0	14,21	5.k=1.ST-HUBERT	250,0	0	986,757	5.k=1.moyenne	0,0	ERA5
1064360	02/06/2025	08	02/06/2025	04	HAE	9,7	0	7,1	0	84,0	0	14,362	5.k=1.ST-HUBERT	250,0	0	987,196	5.k=1.moyenne	0,0	ERA5
1064361	02/06/2025	09	02/06/2025	05	HAE	9,7	0	6,9	0	83,0	0	13,932	5.k=1.ST-HUBERT	250,0	0	987,789	5.k=1.moyenne	0,0	ERA5
1064362	02/06/2025	10	02/06/2025	06	HAE	9,5	0	6,6	0	83,0	0	15,83	5.k=1.ST-HUBERT	240,0	0	988,453	5.k=1.moyenne	24,4	ERA5
1064363	02/06/2025	11	02/06/2025	07	HAE	10,4	0	7,1	0	80,0	0	15,982	5.k=1.ST-HUBERT	250,0	0	988,896	5.k=1.moyenne	235,7	ERA5
1064364	02/06/2025	12	02/06/2025	08	HAE	11,6	0	7,2	0	74,0	0	17,298	5.k=1.ST-HUBERT	250,0	0	989,421	5.k=1.moyenne	911,7	ERA5
1064365	02/06/2025	13	02/06/2025	09	HAE	12,4	0	7,8	0	74,0	0	12,794	5.k=1.ST-HUBERT	280,0	0	989,782	5.k=1.moyenne	1755,4	ERA5
1064366	02/06/2025	14	02/06/2025	10	HAE	12,4	5.k=1.ST-HUBERT	7,8	5.k=1.ST-HUBERT	74,0	5.k=1.STE-CLOTHILDE	15,274	5.k=1.ST-HUBERT	250,0	5.k=1.STE-CLOTHILDE	990,097	5.k=1.moyenne	2472,8	ERA5
1064367	02/06/2025	15	02/06/2025	11	HAE	14,9902	5.k=1.ST-HUBERT	4,52522	5.k=1.ST-HUBERT	63,772	5.k=1.STE-CLOTHILDE	14,844	5.k=1.ST-HUBERT	290,0	5.k=1.STE-CLOTHILDE	990,259	5.k=1.moyenne	2805,2	ERA5
1064368	02/06/2025	16	02/06/2025	12	HAE	15,6937	5.k=1.ST-HUBERT	4,69094	5.k=1.ST-HUBERT	51,83	5.k=1.STE-CLOTHILDE	14,996	5.k=1.ST-HUBERT	270,0	5.k=1.STE-CLOTHILDE	990,42	5.k=1.moyenne	3072,9	ERA5
1064369	02/06/2025	17	02/06/2025	13	HAE	16,8937	5.k=1.ST-HUBERT	5,34816	5.k=1.ST-HUBERT	45,03	5.k=1.STE-CLOTHILDE	19,222	5.k=1.ST-HUBERT	260,0	5.k=1.STE-CLOTHILDE	990,65	5.k=1.moyenne	2833,8	ERA5
1064370	02/06/2025	18	02/06/2025	14	HAE	17,4979	5.k=1.ST-HUBERT	3,84278	5.k=1.ST-HUBERT	44,229	5.k=1.STE-CLOTHILDE	19,374	5.k=1.ST-HUBERT	250,0	5.k=1.STE-CLOTHILDE	990,679	5.k=1.moyenne	2449,2	ERA5
1064371	02/06/2025	19	02/06/2025	15	HAE	18,4	5.k=1.ST-HUBERT	4,5	5.k=1.ST-HUBERT	40,0	5.k=1.STE-CLOTHILDE	21,854	5.k=1.ST-HUBERT	280,0	5.k=1.STE-CLOTHILDE	990,887	5.k=1.moyenne	2535,1	ERA5
1064372	02/06/2025	20	02/06/2025	16	HAE	18,4	0	4,5	0	40,0	0	23,752	5.k=1.ST-HUBERT	250,0	0	991,095	5.k=1.moyenne	2086,2	ERA5
1064373	02/06/2025	21	02/06/2025	17	HAE	19,6	0	6,8	0	43,0	0	18,666	5.k=1.ST-HUBERT	240,0	0	991,482	5.k=1.moyenne	1499,1	ERA5
1064374	02/06/2025	22	02/06/2025	18	HAE	19,9	0	3,2	0	33,0	0	17,654	5.k=1.ST-HUBERT	280,0	0	991,909	5.k=1.moyenne	1148,9	ERA5
1064375	02/06/2025	23	02/06/2025	19	HAE	19,4	0	1,8	0	31,0	0	17,806	5.k=1.ST-HUBERT	300,0	0	992,414	5.k=1.moyenne	769,8	ERA5
1064376	03/06/2025	00	02/06/2025	20	HAE	16,6	0	4,4	0	44,0	0	10,392	5.k=1.ST-HUBERT	240,0	0	992,96	5.k=1.moyenne	377,9	ERA5
1064377	03/06/2025	01	02/06/2025	21	HAE	11,9	0	6,8	0	71,0	0	9,38	5.k=1.ST-HUBERT	190,0	0	993,525	5.k=1.moyenne	29,0	ERA5
1064378	03/06/2025	02	02/06/2025	22	HAE	10,0	0	6,4	0	78,0	0	8,95	5.k=1.ST-HUBERT	190,0	0	994,07	5.k=1.moyenne	0,0	ERA5
1064379	03/06/2025	03	02/06/2025	23	HAE	9,5	0	6,4	0	81,0	0	10,848	5.k=1.ST-HUBERT	170,0	0	994,334	5.k=1.moyenne	0,0	ERA5
1064380	03/06/2025	04	03/06/2025	00	HAE	8,5	0	6,3	0	86,0	0	9,836	5.k=1.ST-HUBERT	190,0	0	994,678	5.k=1.moyenne	0,0	ERA5
1064381	03/06/2025	05	03/06/2025	01	HAE	7,5	0	6,2	0	91,0	0	9,988	5.k=1.ST-HUBERT	170,0	0	994,901	5.k=1.moyenne	0,0	ERA5
1064382	03/06/2025	06	03/06/2025	02	HAE	7,7	0	6,5	0	92,0	0	9,988	5.k=1.ST-HUBERT	160,0	0	994,901	5.k=1.moyenne	0,0	ERA5
1064383	03/06/2025	07	03/06/2025	03	HAE	7,4	0	6,1	0	92,0	0	10,2862	5.k=1.ST-HUBERT	130,0	0	995,246	5.k=1.moyenne	0,0	ERA5
1064384	03/06/2025	08	03/06/2025	04	HAE	7,7	0	7,2	0	97,0	0	4,18244	5.k=1.ST-HUBERT	160,0	0	995,671	5.k=1.moyenne	0,0	ERA5
1064385	03/06/2025	09	03/06/2025	05	HAE	5,9	0	5,4	0	96,0	0	9,13667	5.k=1.ST-HUBERT	170,0	0	996,197	5.k=1.moyenne	0,0	ERA5
1064386	03/06/2025	10	03/06/2025	06	HAE	6,6	0	6,3	0	98,0	0	7,68889	5.k=1.ST-HUBERT	180,0	0	996,803	5.k=1.moyenne	97,3	ERA5
1064387	03/06/2025	11	03/06/2025	07	HAE	11,4	0	8,9	0	84,0	0	11,4791	5.k=1.ST-HUBERT	170,0	0	996,997	5.k=1.moyenne	539,8	ERA5
1064388	03/06/2025	12	03/06/2025	08	HAE	14,0	0	9,0	0	72,0	0	11,7773	5.k=1.ST-HUBERT	170,0	0	997,309	5.k=1.moyenne	1172,7	ERA5
1064389	03/06/2025	13	03/06/2025	09	HAE	16,2	0	8,9	0	62,0	0	12,8515	5.k=1.ST-HUBERT	170,0	0	997,476	5.k=1.moyenne	1788,7	ERA5
1064390	03/06/2025	14	03/06/2025	10	HAE	18,6	0	8,8	0	53,0	0	13,9258	5.k=1.ST-HUBERT	190,0	0	997,743	5.k=1.moyenne	2427,6	ERA5
1064391	03/06/2025	15	03/06/2025	11	HAE	20,2	0	8,1	0	46,0	0	15,0	5.k=1.ST-HUBERT	180,0	0	997,559	5.k=1.moyenne	2890,5	ERA5
1064392	03/06/2025	16	03/06/2025	12	HAE	21,7	0	9,0	0	44,0	0	15,0	0	160,0	0	996,907	5.k=1.moyenne	3236,7	ERA5
1064393	03/06/2025	17	03/06/2025	13	HAE	22,7	0	9,6	0	44,0	0	11,0	0	220,0	0	996,629	5.k=1.moyenne	3384,1	ERA5
1064394	03/06/2025	18	03/06/2025	14	HAE	23,8	0	9,1	0	39,0	0	15,0	0	220,0	0	996,31	5.k=1.moyenne	3329,3	ERA5
1064395	03/06/2025	19	03/06/2025	15	HAE	24,5	0	8,7	0	37,0	0	15,0	0	180,0	0	996,214	5.k=1.moyenne	3063,0	ERA5
1064396	03/06/2025	20	03/06/2025	16	HAE	24,6	0	8,1	0	35,0	0	20,0	0	170,0	0	996,2	5.k=1.moyenne	2728,5	ERA5
1064397	03/06/2025	21	03/06/2025	17	HAE	24,8	0	8,2	0	35,0	0	17,0	0	190,0	0	996,46	5.k=1.moyenne	2212,8	ERA5
1064398	03/06/2025	22	03/06/2025	18	HAE	24,2	0	8,2	0	36,0	0	20,0	0	190,0	0	996,445	5.k=1.moyenne	1610,0	ERA5
1064399	03/06/2025	23	03/06/2025	19	HAE	23,3	0	8,9	0	40,0	0	17,0	0	190,0	0	996,69	5.k=1.moyenne	977,1	ERA5
1064400	04/06/2025	00	03/06/2025	20	HAE	20,6	0	10,3	0	52,0	0	10,0	0	180,0	0	996,834	5.k=1.moyenne	393,7	ERA5
1064401	04/06/2025	01	03/06/2025	21	HAE	17,8	0	10,7	0	63,0	0	10,0	0	190,0	0	997,058	5.k=1.moyenne	33,3	ERA5
1064402	04/06/2025	02	03/06/2025	22	HAE	17,4	0	10,8	0	65,0	0	7,0	0	190,0	0	997,361	5.k=1.moyenne	0,0	ERA5
1064403	04/06/2025	03	03/06/2025	23	HAE	15,6	0	11,1	0	75,0	0	9,0	0	160,0	0	997,284	5.k=1.moyenne	0,0	ERA5
1064404	04/06/2025	04	04/06/2025	00	HAE	15,3	0	11,1	0	76,0	0	12,0	0	170,0	0	997,187	5.k=1.moyenne	0,0	ERA5
1064405	04/06/2025	05	04/06/2025	01	HAE	15,9	0	10,9	0	72,0	0	13,0	0	170,0	0	997,01	5.k=1.moyenne	-0,0	ERA5
1064406	04/06/2025	06	04/06/2025	02	HAE	15,6	0	10,8	0	73,0	0	14,0	0	170,0	0	997,01	5.k=1.moyenne	0,0	ERA5
1064407	04/06/2025	07	04/06/2025	03	HAE	16,0	0	10,7	0	71,0	0	15,0	0	180,0	0	996,938	5.k=1.moyenne	0,0	ERA5
1064408	04/06/2025	08	04/06/2025	04	HAE	14,9	0	10,6	0	75,0	0	12,0	0	170,0	0	996,928	5.k=1.moyenne	0,0	ERA5
1064409	04/06/2025	09	04/06/2025	05	HAE	14,8	0	10,8	0	77,0	0	15,0	0	170,0	0	997,082	5.k=1.moyenne	0,0	ERA5
1064410	04/06/2025	10	04/06/2025	06	HAE	16,0	0	10,8	0	71,0	0	22,0	0	170,0	0	997,175	5.k=1.moyenne	97,7	ERA5
1064411	04/06/2025	11	04/06/2025	07	HAE	17,5	0	11,1	0	66,0	0	23,0	0	180,0	0	997,269	5.k=1.moyenne	552,3	ERA5
1064412	04/06/2025	12	04/06/2025	08	HAE	19,2	0	11,7	0	62,0	0	19,0	0	180,0	0	997,239	5.k=1.moyenne	1162,6	ERA5
1064413	04/06/2025	13	04/06/2025	09	HAE	20,9	0	12,2	0	58,0	0	26,0	0	180,0	0	997,192	5.k=1.moyenne	1812,2	ERA5
1064414	04/06/2025	14	04/06/2025	10	HAE	22,2	0	12,5	0	54,0	0	27,0	0	170,0	0	996,736	5.k=1.moyenne	2406,4	ERA5
1064415	04/06/2025	15	04/06/2025	11	HAE	24,3	0	13,1	0	50,0	0	27,0	0	180,0	0	996,581	5.k=1.moyenne	2884,2	ERA5
1064416	04/06/2025	16	04/06/2025	12	HAE	26,0	0	13,5	0	46,0	0	24,0	0	180,0	0	996,126	5.k=1.moyenne	3227,2	ERA5
1064417	04/06/2025	17	04/06/2025	13	HAE	26,9	0	13,6	0	44,0	0	29,0	0	180,0	0	995,771	5.k=1.moyenne	3379,8	ERA5
1064418	04/06/2025	18	04/06/2025	14	HAE	27,7	0	13,6	0	42,0	0	29,0	0	180,0	0	995,287	5.k=1.moyenne	3340,3	ERA5
1064419	04/06/2025	19	04/06/2025	15	HAE	28,3	0	13,8	0	41,0	0	26,0	0	190,0	0	994,803	5.k=1.moyenne	3146,2	ERA5
1064420	04/06/2025	20	04/06/2025	16	HAE	29,1	0	14,2	0	40,0	0	24,0	0	180,0	0	994,639	5.k=1.moyenne	2745,7	ERA5
1064421	04/06/2025	21	04/06/2025	17	HAE	29,4	0	14,4	0	40,0	0	20,0	0	180,0	0	994,396	5.k=1.moyenne	2220,4	ERA5
1064422	04/06/2025	22	04/06/2025	18	HAE	28,9	0	15,5	0	44,0	0	21,0	0	190,0	0	994,213	5.k=1.moyenne	1607,9	ERA5
1064423	04/06/2025	23	04/06/2025	19	HAE	27,8	0	15,6	0	47,0	0	18,0	0	190,0	0	994,43	5.k=1.moyenne	973,3	ERA5
1064424	05/06/2025	00	04/06/2025	20	HAE	25,8	0	15,7	0	54,0	0	12,0	0	190,0	0	994,788	5.k=1.moyenne	395,8	ERA5
1064425	05/06/2025	01	04/06/2025	21	HAE	22,0	0	15,8	0	68,0	0	9,0	0	190,0	0	995,365	5.k=1.moyenne	35,1	ERA5
1064426	05/06/2025	02	04/06/2025	22	HAE	20,1	0	15,6	0	75,0	0	7,0	0	170,0	0	995,963	5.k=1.moyenne	0,0	ERA5
1064427	05/06/2025	03	04/06/2025	23	HAE	19,4	0	15,6	0	79,0	0	5,0	0	180,0	0	995,861	5.k=1.moyenne	0,0	ERA5
1064428	05/06/2025	04	05/06/2025	00	HAE	18,7	0	16,0	0	84,0	0	9,0	0	170,0	0	995,7	5.k=1.moyenne	0,0	ERA5
1064429	05/06/2025	05	05/06/2025	01	HAE	20,2	0	16,4	0	79,0	0	10,0	0	180,0	0	995,658	5.k=1.moyenne	0,0	ERA5
1064430	05/06/2025	06	05/06/2025	02	HAE	19,9	0	15,9	0	78,0	0	10,0	0	180,0	0	995,658	5.k=1.moyenne	0,0	ERA5
1064431	05/06/2025	07	05/06/2025	03	HAE	19,0	0	16,1	0	83,0	0	7,0	0	190,0	0	995,52	5.k=1.moyenne	0,0	ERA5
1064432	05/06/2025	08	05/06/2025	04	HAE	19,0	0	16,4	0	85,0	0	5,0	0	190,0	0	995,545	5.k=1.moyenne	0,0	ERA5
1064433	05/06/2025	09	05/06/2025	05	HAE	18,1	0	15,7	0	86,0	0	7,0	0	210,0	0	995,793	5.k=1.moyenne	0,0	ERA5
1064434	05/06/2025	10	05/06/2025	06	HAE	19,3	0	16,5	0	84,0	0	8,0	0	190,0	0	996,226	5.k=1.moyenne	91,2	ERA5
1064435	05/06/2025	11	05/06/2025	07	HAE	20,5	0	17,3	0	82,0	0	7,0	0	190,0	0	996,524	5.k=1.moyenne	501,2	ERA5
1064436	05/06/2025	12	05/06/2025	08	HAE	22,7	0	17,1	0	71,0	0	14,0	0	230,0	0	996,847	5.k=1.moyenne	1030,0	ERA5
1064437	05/06/2025	13	05/06/2025	09	HAE	23,6	0	17,9	0	70,0	0	11,0	0	270,0	0	996,969	5.k=1.moyenne	1382,8	ERA5
1064438	05/06/2025	14	05/06/2025	10	HAE	23,1	0	18,6	0	76,0	0	7,0	0	240,0	0	997,092	5.k=1.moyenne	2071,1	ERA5
1064439	05/06/2025	15	05/06/2025	11	HAE	25,1	0	19,4	0	70,0	0	10,0	0	250,0	0	997,034	5.k=1.moyenne	2210,9	ERA5
1064440	05/06/2025	16	05/06/2025	12	HAE	25,7	0	17,9	0	62,0	0	17,0	0	250,0	0	996,996	5.k=1.moyenne	2018,7	ERA5
1064441	05/06/2025	17	05/06/2025	13	HAE	25,9	0	17,9	0	61,0	0	17,0	0	250,0	0	996,798	5.k=1.moyenne	2530,0	ERA5
1064442	05/06/2025	18	05/06/2025	14	HAE	26,3	0	17,0	0	57,0	0	13,0	0	270,0	0	996,66	5.k=1.moyenne	2378,0	ERA5
1064443	05/06/2025	19	05/06/2025	15	HAE	25,6	0	17,1	0	60,0	0	16,0	0	300,0	0	996,742	5.k=1.moyenne	2542,0	ERA5
1064444	05/06/2025	20	05/06/2025	16	HAE	25,8	0	16,4	0	56,0	0	12,0	0	290,0	0	996,583	5.k=1.moyenne	2281,8	ERA5
1064445	05/06/2025	21	05/06/2025	17	HAE	25,7	0	15,6	0	54,0	0	10,0	0	320,0	0	996,565	5.k=1.moyenne	1817,9	ERA5
1064446	05/06/2025	22	05/06/2025	18	HAE	25,5	0	14,2	0	50,0	0	9,0	0	310,0	0	996,517	5.k=1.moyenne	1365,5	ERA5
1064447	05/06/2025	23	05/06/2025	19	HAE	24,9	0	12,7	0	46,0	0	6,0	0	310,0	0	996,599	5.k=1.moyenne	748,2	ERA5
1064448	06/06/2025	00	05/06/2025	20	HAE	23,6	0	14,0	0	55,0	0	6,0	0	290,0	0	996,947	5.k=1.moyenne	286,6	ERA5
1064449	06/06/2025	01	05/06/2025	21	HAE	22,0	0	14,3	0	62,0	0	3,0	0	10,0	0	997,132	5.k=1.moyenne	27,6	ERA5
1064450	06/06/2025	02	05/06/2025	22	HAE	20,3	0	14,1	0	67,0	0	3,0	0	10,0	0	997,459	5.k=1.moyenne	0,0	ERA5
1064451	06/06/2025	03	05/06/2025	23	HAE	18,7	0	13,6	0	72,0	0	1,0	0	350,0	0	997,603	5.k=1.moyenne	0,0	ERA5
1064452	06/06/2025	04	06/06/2025	00	HAE	17,5	0	13,9	0	80,0	0	0,0	0	340,0	0	997,584	5.k=1.moyenne	0,0	ERA5
1064453	06/06/2025	05	06/06/2025	01	HAE	16,7	0	13,9	0	84,0	0	0,0	0	0,0	0	997,441	5.k=1.moyenne	0,0	ERA5
1064454	06/06/2025	06	06/06/2025	02	HAE	16,0	0	14,5	0	91,0	0	1,0	0	360,0	0	997,441	5.k=1.moyenne	0,0	ERA5
1064455	06/06/2025	07	06/06/2025	03	HAE	16,6	0	13,9	0	84,0	0	0,0	0	40,0	0	997,336	5.k=1.moyenne	0,0	ERA5
1064456	06/06/2025	08	06/06/2025	04	HAE	17,0	0	14,0	0	83,0	0	3,0	0	10,0	0	997,434	5.k=1.moyenne	0,0	ERA5
1064457	06/06/2025	09	06/06/2025	05	HAE	16,5	0	14,0	0	85,0	0	3,0	0	200,0	0	997,735	5.k=1.moyenne	0,0	ERA5
1064458	06/06/2025	10	06/06/2025	06	HAE	16,7	0	14,2	0	85,0	0	4,0	0	20,0	0	998,075	5.k=1.moyenne	93,3	ERA5
1064459	06/06/2025	11	06/06/2025	07	HAE	17,1	0	14,1	0	82,0	0	4,0	0	360,0	0	998,303	5.k=1.moyenne	529,5	ERA5
1064460	06/06/2025	12	06/06/2025	08	HAE	17,5	0	14,1	0	80,0	0	5,0	0	0,0	0	998,414	5.k=1.moyenne	1060,3	ERA5
1064461	06/06/2025	13	06/06/2025	09	HAE	18,7	0	14,0	0	74,0	0	8,0	0	20,0	0	998,265	5.k=1.moyenne	1565,0	ERA5
1064462	06/06/2025	14	06/06/2025	10	HAE	20,8	0	13,3	0	62,0	0	7,0	0	360,0	0	997,914	5.k=1.moyenne	2108,9	ERA5
1064463	06/06/2025	15	06/06/2025	11	HAE	21,8	0	11,8	0	53,0	0	6,0	0	10,0	0	997,603	5.k=1.moyenne	2519,6	ERA5
1064464	06/06/2025	16	06/06/2025	12	HAE	22,7	0	11,9	0	50,0	0	11,0	0	50,0	0	997,151	5.k=1.moyenne	2714,7	ERA5
1064465	06/06/2025	17	06/06/2025	13	HAE	23,7	0	11,8	0	47,0	0	7,0	0	330,0	0	996,619	5.k=1.moyenne	2750,6	ERA5
1064466	06/06/2025	18	06/06/2025	14	HAE	24,3	0	13,1	0	49,0	0	1,0	0	20,0	0	996,225	5.k=1.moyenne	2734,0	ERA5
1064467	06/06/2025	19	06/06/2025	15	HAE	24,0	0	9,5	0	40,0	0	7,0	0	310,0	0	995,809	5.k=1.moyenne	2175,2	ERA5
1064468	06/06/2025	20	06/06/2025	16	HAE	23,7	0	10,9	0	44,0	0	2,0	0	320,0	0	995,631	5.k=1.moyenne	1593,6	ERA5
1064469	06/06/2025	21	06/06/2025	17	HAE	23,5	0	12,6	0	50,0	0	3,0	0	300,0	0	995,187	5.k=1.moyenne	1302,1	ERA5
1064470	06/06/2025	22	06/06/2025	18	HAE	24,2	0	13,9	0	53,0	0	1,0	0	160,0	0	994,784	5.k=1.moyenne	1241,7	ERA5
1064471	06/06/2025	23	06/06/2025	19	HAE	22,0	0	16,8	0	72,0	0	14,0	0	150,0	0	994,543	5.k=1.moyenne	742,3	ERA5
1064472	07/06/2025	00	06/06/2025	20	HAE	20,1	0	16,8	0	82,0	0	12,0	0	150,0	0	994,466	5.k=1.moyenne	338,1	ERA5
1064473	07/06/2025	01	06/06/2025	21	HAE	18,3	0	16,9	0	91,0	0	7,0	0	150,0	0	994,408	5.k=1.moyenne	36,0	ERA5
1064474	07/06/2025	02	06/06/2025	22	HAE	17,6	0	17,4	0	99,0	0	9,0	0	160,0	0	994,616	5.k=1.moyenne	0,0	ERA5
1064475	07/06/2025	03	06/06/2025	23	HAE	17,2	0	17,2	0	99,0	4.constant	6,0	0	180,0	0	994,496	5.k=1.moyenne	0,0	ERA5
1064476	07/06/2025	04	07/06/2025	00	HAE	16,4	0	16,4	0	99,0	4.constant	5,0	0	170,0	0	994,428	5.k=1.moyenne	0,0	ERA5
1064477	07/06/2025	05	07/06/2025	01	HAE	15,9	0	15,9	0	99,0	4.constant	5,0	0	180,0	0	994,216	5.k=1.moyenne	0,0	ERA5
1064478	07/06/2025	06	07/06/2025	02	HAE	16,4	0	16,4	0	99,0	5.k=1.STE-CLOTHILDE	5,0	0	170,0	0	994,216	5.k=1.moyenne	0,0	ERA5
1064479	07/06/2025	07	07/06/2025	03	HAE	15,5	0	15,5	0	99,0284	5.k=1.STE-CLOTHILDE	4,0	0	190,0	0	994,142	5.k=1.moyenne	0,0	ERA5
1064480	07/06/2025	08	07/06/2025	04	HAE	15,5	0	15,5	0	99,9138	5.k=1.STE-CLOTHILDE	5,0	0	180,0	0	993,969	5.k=1.moyenne	0,0	ERA5
1064481	07/06/2025	09	07/06/2025	05	HAE	15,4	0	15,4	0	98,2282	5.k=1.STE-CLOTHILDE	8,0	0	160,0	0	994,104	5.k=1.moyenne	0,0	ERA5
1064482	07/06/2025	10	07/06/2025	06	HAE	15,9	0	15,9	0	97,3996	5.k=1.STE-CLOTHILDE	7,0	0	160,0	0	994,425	5.k=1.moyenne	36,7	ERA5
1064483	07/06/2025	11	07/06/2025	07	HAE	16,6	0	16,6	0	94,0	5.k=1.STE-CLOTHILDE	4,0	0	200,0	0	994,687	5.k=1.moyenne	209,1	ERA5
1064484	07/06/2025	12	07/06/2025	08	HAE	18,6	0	17,6	0	94,0	0	6,0	0	190,0	0	994,87	5.k=1.moyenne	858,1	ERA5
1064485	07/06/2025	13	07/06/2025	09	HAE	20,6	0	15,4	0	72,0	0	3,0	0	320,0	0	995,054	5.k=1.moyenne	1685,7	ERA5
1064486	07/06/2025	14	07/06/2025	10	HAE	20,8	0	15,2	0	70,0	0	9,0	0	10,0	0	994,873	5.k=1.moyenne	2130,9	ERA5
1064487	07/06/2025	15	07/06/2025	11	HAE	20,9	0	14,0	0	65,0	0	11,0	0	20,0	0	994,673	5.k=1.moyenne	2729,0	ERA5
1064488	07/06/2025	16	07/06/2025	12	HAE	20,8	0	13,5	0	63,0	0	12,0	0	30,0	0	994,494	5.k=1.moyenne	3135,0	ERA5
1064489	07/06/2025	17	07/06/2025	13	HAE	22,0	0	13,2	0	58,0	0	9,0	0	340,0	0	994,113	5.k=1.moyenne	3155,7	ERA5
1064490	07/06/2025	18	07/06/2025	14	HAE	22,6	0	11,9	0	51,0	0	14,0	0	20,0	0	993,753	5.k=1.moyenne	3179,1	ERA5
1064491	07/06/2025	19	07/06/2025	15	HAE	24,0	0	12,5	0	49,0	0	6,0	0	350,0	0	993,374	5.k=1.moyenne	2622,3	ERA5
1064492	07/06/2025	20	07/06/2025	16	HAE	24,8	0	11,1	0	42,0	0	10,0	0	30,0	0	993,18	5.k=1.moyenne	2489,9	ERA5
1064493	07/06/2025	21	07/06/2025	17	HAE	25,1	0	10,1	0	39,0	0	9,0	0	30,0	0	993,17	5.k=1.moyenne	1826,5	ERA5
1064494	07/06/2025	22	07/06/2025	18	HAE	24,9	0	9,4	0	37,0	0	14,0	0	20,0	0	993,201	5.k=1.moyenne	1362,6	ERA5
1064495	07/06/2025	23	07/06/2025	19	HAE	23,1	0	7,8	0	37,0	0	16,0	0	40,0	0	993,581	5.k=1.moyenne	706,6	ERA5
1064496	08/06/2025	00	07/06/2025	20	HAE	21,2	0	6,0	0	37,0	0	10,0	0	20,0	0	993,961	5.k=1.moyenne	308,7	ERA5
1064497	08/06/2025	01	07/06/2025	21	HAE	19,2	0	6,5	0	43,0	0	5,0	0	10,0	0	994,199	5.k=1.moyenne	31,1	ERA5
1064498	08/06/2025	02	07/06/2025	22	HAE	16,4	0	7,6	0	56,0	0	2,0	0	20,0	0	994,427	5.k=1.moyenne	0,0	ERA5
1064499	08/06/2025	03	07/06/2025	23	HAE	15,5	0	8,2	0	62,0	0	2,0	0	20,0	0	994,432	5.k=1.moyenne	0,0	ERA5
1064500	08/06/2025	04	08/06/2025	00	HAE	14,6	0	8,5	0	67,0	0	2,0	0	30,0	0	994,508	5.k=1.moyenne	0,0	ERA5
1064501	08/06/2025	05	08/06/2025	01	HAE	14,6	0	8,1	0	65,0	0	2,0	0	20,0	0	994,564	5.k=1.moyenne	0,0	ERA5
1064502	08/06/2025	06	08/06/2025	02	HAE	13,6	0	8,3	0	70,0	0	4,0	0	10,0	0	994,564	5.k=1.moyenne	-0,0	ERA5
1064503	08/06/2025	07	08/06/2025	03	HAE	12,0	0	7,8	0	75,0	0	2,0	0	20,0	0	994,493	5.k=1.moyenne	0,0	ERA5
1064504	08/06/2025	08	08/06/2025	04	HAE	11,2	0	7,9	0	80,0	0	3,0	0	20,0	0	994,462	5.k=1.moyenne	0,0	ERA5
1064505	08/06/2025	09	08/06/2025	05	HAE	10,8	0	7,8	0	82,0	0	6,0	0	40,0	0	994,553	5.k=1.moyenne	0,0	ERA5
1064506	08/06/2025	10	08/06/2025	06	HAE	11,0	0	8,4	0	84,0	0	5,0	0	30,0	0	994,949	5.k=1.moyenne	105,5	ERA5
1064507	08/06/2025	11	08/06/2025	07	HAE	13,6	0	9,1	0	74,0	0	4,0	0	30,0	0	994,998	5.k=1.moyenne	582,3	ERA5
1064508	08/06/2025	12	08/06/2025	08	HAE	15,7	0	7,1	0	57,0	0	9,0	0	30,0	0	995,209	5.k=1.moyenne	1200,3	ERA5
1064509	08/06/2025	13	08/06/2025	09	HAE	17,9	0	7,7	0	51,0	0	6,0	0	30,0	0	995,317	5.k=1.moyenne	1785,6	ERA5
1064510	08/06/2025	14	08/06/2025	10	HAE	19,5	0	8,5	0	49,0	0	8,0	0	70,0	0	995,303	5.k=1.moyenne	2337,1	ERA5
1064511	08/06/2025	15	08/06/2025	11	HAE	20,9	0	8,1	0	44,0	0	3,0	0	360,0	0	995,104	5.k=1.moyenne	2942,8	ERA5
1064512	08/06/2025	16	08/06/2025	12	HAE	22,3	0	8,0	0	40,0	0	5,0	0	100,0	0	994,946	5.k=1.moyenne	3200,0	ERA5
1064513	08/06/2025	17	08/06/2025	13	HAE	22,9	0	7,8	0	38,0	0	4,0	0	90,0	0	994,848	5.k=1.moyenne	3373,5	ERA5
1064514	08/06/2025	18	08/06/2025	14	HAE	24,7	0	9,5	0	38,0	0	12,0	0	120,0	0	994,566	5.k=1.moyenne	3247,5	ERA5
1064515	08/06/2025	19	08/06/2025	15	HAE	24,4	0	7,0	0	33,0	0	4,0	0	40,0	0	994,223	5.k=1.moyenne	3018,8	ERA5
1064516	08/06/2025	20	08/06/2025	16	HAE	24,6	0	6,8	0	32,0	0	4,0	0	100,0	0	993,982	5.k=1.moyenne	2705,1	ERA5
1064517	08/06/2025	21	08/06/2025	17	HAE	24,6	0	7,2	0	33,0	0	11,0	0	170,0	0	993,659	5.k=1.moyenne	2142,1	ERA5
1064518	08/06/2025	22	08/06/2025	18	HAE	24,4	0	8,3	0	36,0	0	7,0	0	190,0	0	993,682	5.k=1.moyenne	1524,8	ERA5
1064519	08/06/2025	23	08/06/2025	19	HAE	23,6	0	7,8	0	36,0	0	6,0	0	190,0	0	993,807	5.k=1.moyenne	848,0	ERA5
1064520	09/06/2025	00	08/06/2025	20	HAE	22,1	0	9,9	0	46,0	0	2,0	0	80,0	0	993,993	5.k=1.moyenne	286,2	ERA5
1064521	09/06/2025	01	08/06/2025	21	HAE	20,8	0	9,8	0	49,0	0	4,0	0	60,0	0	994,302	5.k=1.moyenne	27,7	ERA5
1064522	09/06/2025	02	08/06/2025	22	HAE	19,7	0	10,5	0	55,0	0	4,0	0	80,0	0	994,61	5.k=1.moyenne	0,0	ERA5
1064523	09/06/2025	03	08/06/2025	23	HAE	19,1	0	11,5	0	61,0	0	6,0	0	110,0	0	994,795	5.k=1.moyenne	0,0	ERA5
1064524	09/06/2025	04	09/06/2025	00	HAE	18,4	0	12,3	0	68,0	0	8,0	0	130,0	0	995,001	5.k=1.moyenne	0,0	ERA5
1064525	09/06/2025	05	09/06/2025	01	HAE	18,2	0	12,8	0	71,0	0	9,0	0	130,0	0	995,044	5.k=1.moyenne	0,0	ERA5
1064526	09/06/2025	06	09/06/2025	02	HAE	18,3	0	13,8	0	75,0	0	13,0	0	140,0	0	995,044	5.k=1.moyenne	0,0	ERA5
1064527	09/06/2025	07	09/06/2025	03	HAE	18,1	0	13,6	0	75,0	0	10,0	0	140,0	0	995,03	5.k=1.moyenne	0,0	ERA5
1064528	09/06/2025	08	09/06/2025	04	HAE	17,6	0	13,3	0	76,0	0	12,0	0	140,0	0	994,954	5.k=1.moyenne	0,0	ERA5
1064529	09/06/2025	09	09/06/2025	05	HAE	17,5	0	12,4	0	72,0	0	15,0	0	150,0	0	995,123	5.k=1.moyenne	0,0	ERA5
1064530	09/06/2025	10	09/06/2025	06	HAE	18,3	0	12,4	0	68,0	0	18,0	0	160,0	0	995,23	5.k=1.moyenne	84,1	ERA5
1064531	09/06/2025	11	09/06/2025	07	HAE	18,8	0	12,1	0	65,0	0	26,0	0	160,0	0	995,389	5.k=1.moyenne	518,9	ERA5
1064532	09/06/2025	12	09/06/2025	08	HAE	19,6	0	11,3	0	59,0	0	28,0	0	160,0	0	995,473	5.k=1.moyenne	1139,7	ERA5
1064533	09/06/2025	13	09/06/2025	09	HAE	20,0	0	10,6	0	55,0	0	35,0	0	160,0	0	995,477	5.k=1.moyenne	1501,0	ERA5
1064534	09/06/2025	14	09/06/2025	10	HAE	19,9	0	10,6	0	55,0	0	27,0	0	170,0	0	995,301	5.k=1.moyenne	1616,7	ERA5
1064535	09/06/2025	15	09/06/2025	11	HAE	21,0	0	9,9	0	49,0	0	32,0	0	170,0	0	995,244	5.k=1.moyenne	1693,3	ERA5
1064536	09/06/2025	16	09/06/2025	12	HAE	15,4	0	14,2	0	93,0	0	16,0	0	130,0	0	994,947	5.k=1.moyenne	906,0	ERA5
1064537	09/06/2025	17	09/06/2025	13	HAE	16,1	0	13,6	0	85,0	0	17,0	0	140,0	0	994,73	5.k=1.moyenne	615,2	ERA5
1064538	09/06/2025	18	09/06/2025	14	HAE	16,7	0	12,7	0	77,0	0	15,0	0	120,0	0	994,292	5.k=1.moyenne	409,4	ERA5
1064539	09/06/2025	19	09/06/2025	15	HAE	17,1	0	12,5	0	74,0	0	15,0	0	120,0	0	993,895	5.k=1.moyenne	885,0	ERA5
1064540	09/06/2025	20	09/06/2025	16	HAE	19,8	0	13,6	0	68,0	0	18,0	0	150,0	0	993,517	5.k=1.moyenne	1636,8	ERA5
1064541	09/06/2025	21	09/06/2025	17	HAE	20,6	0	13,0	0	62,0	0	27,0	0	170,0	0	993,059	5.k=1.moyenne	600,1	ERA5
1064542	09/06/2025	22	09/06/2025	18	HAE	19,9	0	13,2	0	66,0	0	32,0	0	170,0	0	993,18	5.k=1.moyenne	457,7	ERA5
1064543	09/06/2025	23	09/06/2025	19	HAE	19,1	0	13,5	0	70,0	0	29,0	0	170,0	0	993,302	5.k=1.moyenne	422,3	ERA5
1064544	10/06/2025	00	09/06/2025	20	HAE	18,7	0	13,7	0	73,0	0	27,0	0	180,0	0	993,414	5.k=1.moyenne	176,1	ERA5
1064545	10/06/2025	01	09/06/2025	21	HAE	18,1	0	13,8	0	76,0	0	32,0	0	170,0	0	993,285	5.k=1.moyenne	17,3	ERA5
1064546	10/06/2025	02	09/06/2025	22	HAE	16,9	0	13,9	0	82,0	0	19,0	0	170,0	0	993,466	5.k=1.moyenne	0,0	ERA5
1064547	10/06/2025	03	09/06/2025	23	HAE	17,2	0	13,5	0	79,0	0	20,0	0	160,0	0	993,407	5.k=1.moyenne	0,0	ERA5
1064548	10/06/2025	04	10/06/2025	00	HAE	17,1	0	13,9	0	81,0	0	23,0	0	160,0	0	993,368	5.k=1.moyenne	0,0	ERA5
1064549	10/06/2025	05	10/06/2025	01	HAE	17,1	0	14,2	0	83,0	0	17,0	0	180,0	0	993,249	5.k=1.moyenne	0,0	ERA5
1064550	10/06/2025	06	10/06/2025	02	HAE	17,3	0	14,4	0	83,0	0	16,0	0	160,0	0	993,249	5.k=1.moyenne	-0,0	ERA5
1064551	10/06/2025	07	10/06/2025	03	HAE	17,2	0	14,3	0	83,0	0	23,0	0	160,0	0	992,696	5.k=1.moyenne	0,0	ERA5
1064552	10/06/2025	08	10/06/2025	04	HAE	17,6	0	14,4	0	82,0	0	23,0	0	160,0	0	992,471	5.k=1.moyenne	0,0	ERA5
1064553	10/06/2025	09	10/06/2025	05	HAE	17,2	0	14,9	0	87,0	0	24,0	0	180,0	0	992,31	5.k=1.moyenne	0,0	ERA5
1064554	10/06/2025	10	10/06/2025	06	HAE	16,7	0	16,4	0	98,0	0	22,0	0	170,0	0	992,292	5.k=1.moyenne	30,6	ERA5
1064555	10/06/2025	11	10/06/2025	07	HAE	16,7	0	16,7	0	98,5	4.lineaire	18,0	0	180,0	0	992,334	5.k=1.moyenne	102,4	ERA5
1064556	10/06/2025	12	10/06/2025	08	HAE	16,9	0	16,9	0	99,0	4.lineaire	19,0	0	180,0	0	992,36	5.k=1.moyenne	209,1	ERA5
1064557	10/06/2025	13	10/06/2025	09	HAE	17,2	0	17,2	0	99,5	4.lineaire	28,0	0	180,0	0	992,427	5.k=1.moyenne	144,0	ERA5
1064558	10/06/2025	14	10/06/2025	10	HAE	17,3	0	17,3	0	100,0	0	25,0	0	180,0	0	992,074	5.k=1.moyenne	346,0	ERA5
1064559	10/06/2025	15	10/06/2025	11	HAE	18,3	0	18,3	0	95,0	4.lineaire	27,0	0	170,0	0	991,883	5.k=1.moyenne	636,1	ERA5
1064560	10/06/2025	16	10/06/2025	12	HAE	20,8	0	19,2	0	90,0	0	23,0	0	180,0	0	991,543	5.k=1.moyenne	1983,1	ERA5
1064561	10/06/2025	17	10/06/2025	13	HAE	21,9	0	18,5	0	81,0	0	29,0	0	170,0	0	991,144	5.k=1.moyenne	2080,4	ERA5
1064562	10/06/2025	18	10/06/2025	14	HAE	23,1	0	18,8	0	77,0	0	26,0	0	180,0	0	990,675	5.k=1.moyenne	1865,5	ERA5
1064563	10/06/2025	19	10/06/2025	15	HAE	21,4	0	17,6	0	79,0	0	29,0	0	190,0	0	990,167	5.k=1.moyenne	2266,0	ERA5
1064564	10/06/2025	20	10/06/2025	16	HAE	19,3	0	18,3	0	94,0	0	12,0	0	190,0	0	989,92	5.k=1.moyenne	2338,0	ERA5
1064565	10/06/2025	21	10/06/2025	17	HAE	21,5	0	19,3	0	87,0	0	11,0	0	180,0	0	989,773	5.k=1.moyenne	1470,2	ERA5
1064566	10/06/2025	22	10/06/2025	18	HAE	22,2	0	12,4	0	54,0	0	19,0	0	240,0	0	989,554	5.k=1.moyenne	1239,5	ERA5
1064567	10/06/2025	23	10/06/2025	19	HAE	21,3	0	12,4	0	57,0	0	11,0	0	200,0	0	989,715	5.k=1.moyenne	884,4	ERA5
1064568	11/06/2025	00	10/06/2025	20	HAE	19,8	0	11,7	0	60,0	0	15,0	0	210,0	0	989,656	5.k=1.moyenne	351,1	ERA5
1064569	11/06/2025	01	10/06/2025	21	HAE	18,9	0	12,0	0	64,0	0	12,0	0	230,0	0	989,832	5.k=1.moyenne	37,6	ERA5
1064570	11/06/2025	02	10/06/2025	22	HAE	17,5	0	11,5	0	68,0	0	14,0	0	210,0	0	990,087	5.k=1.moyenne	0,0	ERA5
1064571	11/06/2025	03	10/06/2025	23	HAE	17,6	0	11,2	0	66,0	0	16,0	0	220,0	0	990,023	5.k=1.moyenne	0,0	ERA5
1064572	11/06/2025	04	11/06/2025	00	HAE	15,9	0	11,2	0	73,0	0	14,0	0	220,0	0	989,96	5.k=1.moyenne	0,0	ERA5
1064573	11/06/2025	05	11/06/2025	01	HAE	15,7	0	10,8	0	73,0	0	14,0	0	220,0	0	989,636	5.k=1.moyenne	0,0	ERA5
1064574	11/06/2025	06	11/06/2025	02	HAE	15,2	0	11,1	0	77,0	0	12,0	0	230,0	0	989,636	5.k=1.moyenne	-0,0	ERA5
1064575	11/06/2025	07	11/06/2025	03	HAE	15,5	0	11,1	0	75,0	0	11,0	0	230,0	0	989,462	5.k=1.moyenne	0,0	ERA5
1064576	11/06/2025	08	11/06/2025	04	HAE	14,4	0	11,1	0	81,0	0	12,0	0	220,0	0	989,555	5.k=1.moyenne	0,0	ERA5
1064577	11/06/2025	09	11/06/2025	05	HAE	13,1	0	10,9	0	86,0	0	13,0	0	190,0	0	989,668	5.k=1.moyenne	0,0	ERA5
1064578	11/06/2025	10	11/06/2025	06	HAE	13,4	0	11,9	0	91,0	0	11,0	0	220,0	0	989,824	5.k=1.moyenne	103,7	ERA5
1064579	11/06/2025	11	11/06/2025	07	HAE	15,9	0	11,8	0	77,0	0	15,0	0	240,0	0	989,921	5.k=1.moyenne	564,7	ERA5
1064580	11/06/2025	12	11/06/2025	08	HAE	16,7	0	11,5	0	71,0	0	22,0	0	250,0	0	990,075	5.k=1.moyenne	1176,6	ERA5
1064581	11/06/2025	13	11/06/2025	09	HAE	17,2	0	11,6	0	69,0	0	18,0	0	280,0	0	990,128	5.k=1.moyenne	1814,0	ERA5
1064582	11/06/2025	14	11/06/2025	10	HAE	18,7	0	12,1	0	65,0	0	17,0	0	260,0	0	990,104	5.k=1.moyenne	2300,0	ERA5
1064583	11/06/2025	15	11/06/2025	11	HAE	19,4	0	11,9	0	62,0	0	17,0	0	260,0	0	990,037	5.k=1.moyenne	2549,3	ERA5
1064584	11/06/2025	16	11/06/2025	12	HAE	20,8	0	12,4	0	59,0	0	16,0	0	250,0	0	990,094	5.k=1.moyenne	2965,7	ERA5
1064585	11/06/2025	17	11/06/2025	13	HAE	22,0	0	11,7	0	52,0	0	17,0	0	250,0	0	990,008	5.k=1.moyenne	2731,6	ERA5
1064586	11/06/2025	18	11/06/2025	14	HAE	23,2	0	11,3	0	47,0	0	15,0	0	280,0	0	989,84	5.k=1.moyenne	2613,7	ERA5
1064587	11/06/2025	19	11/06/2025	15	HAE	23,1	0	10,6	0	45,0	0	15,0	0	250,0	0	989,632	5.k=1.moyenne	2025,6	ERA5
1064588	11/06/2025	20	11/06/2025	16	HAE	23,4	0	12,3	0	50,0	0	26,0	0	230,0	0	989,731	5.k=1.moyenne	2237,1	ERA5
1064589	11/06/2025	21	11/06/2025	17	HAE	24,1	0	11,6	0	45,0	0	15,0	0	240,0	0	989,454	5.k=1.moyenne	1684,1	ERA5
1064590	11/06/2025	22	11/06/2025	18	HAE	24,0	0	11,8	0	46,0	0	17,0	0	260,0	0	989,391	5.k=1.moyenne	1340,6	ERA5
1064591	11/06/2025	23	11/06/2025	19	HAE	23,2	0	11,9	0	49,0	0	16,0	0	240,0	0	989,429	5.k=1.moyenne	800,1	ERA5
1064592	12/06/2025	00	11/06/2025	20	HAE	21,9	0	12,2	0	54,0	0	11,0	0	250,0	0	989,346	5.k=1.moyenne	317,9	ERA5
1064593	12/06/2025	01	11/06/2025	21	HAE	20,1	0	13,2	0	64,0	0	13,0	0	230,0	0	989,524	5.k=1.moyenne	23,2	ERA5
1064594	12/06/2025	02	11/06/2025	22	HAE	19,5	0	13,5	0	68,0	0	10,0	0	210,0	0	989,622	5.k=1.moyenne	0,0	ERA5
1064595	12/06/2025	03	11/06/2025	23	HAE	18,9	0	13,3	0	70,0	0	12,0	0	210,0	0	989,24	5.k=1.moyenne	0,0	ERA5
1064596	12/06/2025	04	12/06/2025	00	HAE	17,6	0	13,7	0	78,0	0	13,0	0	190,0	0	989,099	5.k=1.moyenne	0,0	ERA5
1064597	12/06/2025	05	12/06/2025	01	HAE	17,6	0	13,8	0	78,0	0	6,0	0	240,0	0	989,077	5.k=1.moyenne	0,0	ERA5
1064598	12/06/2025	06	12/06/2025	02	HAE	18,6	0	12,9	0	70,0	0	5,0	0	290,0	0	989,077	5.k=1.moyenne	0,0	ERA5
1064599	12/06/2025	07	12/06/2025	03	HAE	17,0	0	14,3	0	84,0	0	4,0	0	240,0	0	989,009	5.k=1.moyenne	0,0	ERA5
1064600	12/06/2025	08	12/06/2025	04	HAE	17,2	0	14,2	0	83,0	0	6,0	0	230,0	0	989,228	5.k=1.moyenne	0,0	ERA5
1064601	12/06/2025	09	12/06/2025	05	HAE	17,1	0	13,5	0	80,0	0	10,0	0	270,0	0	989,753	5.k=1.moyenne	0,0	ERA5
1064602	12/06/2025	10	12/06/2025	06	HAE	17,0	0	13,7	0	81,0	0	7,0	0	270,0	0	990,197	5.k=1.moyenne	88,5	ERA5
1064603	12/06/2025	11	12/06/2025	07	HAE	17,4	0	13,7	0	79,0	0	13,0	0	250,0	0	990,61	5.k=1.moyenne	533,4	ERA5
1064604	12/06/2025	12	12/06/2025	08	HAE	18,4	0	13,5	0	73,0	0	12,0	0	240,0	0	991,006	5.k=1.moyenne	1138,5	ERA5
1064605	12/06/2025	13	12/06/2025	09	HAE	19,7	0	14,4	0	71,0	0	12,0	0	270,0	0	991,402	5.k=1.moyenne	1538,4	ERA5
1064606	12/06/2025	14	12/06/2025	10	HAE	20,1	0	13,9	0	67,0	0	12,0	0	270,0	0	991,678	5.k=1.moyenne	1690,7	ERA5
1064607	12/06/2025	15	12/06/2025	11	HAE	20,3	0	11,6	0	57,0	0	19,0	0	290,0	0	991,975	5.k=1.moyenne	2138,4	ERA5
1064608	12/06/2025	16	12/06/2025	12	HAE	20,7	0	10,2	0	51,0	0	20,0	0	280,0	0	992,312	5.k=1.moyenne	2448,1	ERA5
1064609	12/06/2025	17	12/06/2025	13	HAE	20,8	0	10,9	0	53,0	0	12,0	0	300,0	0	992,5	5.k=1.moyenne	3019,8	ERA5
1064610	12/06/2025	18	12/06/2025	14	HAE	20,3	0	9,7	0	51,0	0	21,0	0	280,0	0	992,867	5.k=1.moyenne	2861,2	ERA5
1064611	12/06/2025	19	12/06/2025	15	HAE	20,4	0	7,9	0	44,0	0	22,0	0	280,0	0	993,385	5.k=1.moyenne	2571,4	ERA5
1064612	12/06/2025	20	12/06/2025	16	HAE	19,5	0	6,6	0	43,0	0	18,0	0	290,0	0	994,002	5.k=1.moyenne	1902,4	ERA5
1064613	12/06/2025	21	12/06/2025	17	HAE	19,3	0	6,1	0	42,0	0	16,0	0	300,0	0	994,409	5.k=1.moyenne	1760,4	ERA5
1064614	12/06/2025	22	12/06/2025	18	HAE	18,6	0	5,8	0	43,0	0	17,0	0	310,0	0	994,958	5.k=1.moyenne	1439,7	ERA5
1064615	12/06/2025	23	12/06/2025	19	HAE	17,8	0	5,8	0	45,0	0	12,0	0	300,0	0	995,793	5.k=1.moyenne	885,4	ERA5
1064616	13/06/2025	00	12/06/2025	20	HAE	16,8	0	5,7	0	48,0	0	12,0	0	330,0	0	996,22	5.k=1.moyenne	409,7	ERA5
1064617	13/06/2025	01	12/06/2025	21	HAE	15,1	0	5,9	0	54,0	0	7,0	0	340,0	0	997,178	5.k=1.moyenne	49,9	ERA5
1064618	13/06/2025	02	12/06/2025	22	HAE	13,7	0	6,0	0	59,0	0	5,0	0	340,0	0	997,871	5.k=1.moyenne	0,0	ERA5
1064619	13/06/2025	03	12/06/2025	23	HAE	12,1	0	6,2	0	67,0	0	3,0	0	280,0	0	998,155	5.k=1.moyenne	0,0	ERA5
1064620	13/06/2025	04	13/06/2025	00	HAE	10,6	0	6,0	0	73,0	0	4,0	0	280,0	0	998,562	5.k=1.moyenne	0,0	ERA5
1064621	13/06/2025	05	13/06/2025	01	HAE	11,3	0	6,2	0	71,0	0	3,0	0	300,0	0	998,97	5.k=1.moyenne	0,0	ERA5
1064622	13/06/2025	06	13/06/2025	02	HAE	11,6	0	6,5	0	71,0	0	5,0	0	320,0	0	998,97	5.k=1.moyenne	0,0	ERA5
1064623	13/06/2025	07	13/06/2025	03	HAE	12,1	0	6,4	0	68,0	0	5,0	0	340,0	0	999,313	5.k=1.moyenne	0,0	ERA5
1064624	13/06/2025	08	13/06/2025	04	HAE	11,8	0	5,3	0	65,0	0	10,0	0	340,0	0	999,795	5.k=1.moyenne	0,0	ERA5
1064625	13/06/2025	09	13/06/2025	05	HAE	9,7	0	4,9	0	72,0	0	3,0	0	360,0	0	1000,56	5.k=1.moyenne	0,0	ERA5
1064626	13/06/2025	10	13/06/2025	06	HAE	9,8	0	5,0	0	72,0	0	3,0	0	360,0	0	1001,43	5.k=1.moyenne	103,2	ERA5
1064627	13/06/2025	11	13/06/2025	07	HAE	10,7	0	4,4	0	65,0	0	6,0	0	360,0	0	1002,14	5.k=1.moyenne	564,2	ERA5
1064628	13/06/2025	12	13/06/2025	08	HAE	12,1	0	4,7	0	61,0	0	4,0	0	350,0	0	1002,58	5.k=1.moyenne	1206,1	ERA5
1064629	13/06/2025	13	13/06/2025	09	HAE	12,3	0	2,7	0	52,0	0	5,0	0	10,0	0	1002,76	5.k=1.moyenne	1734,4	ERA5
1064630	13/06/2025	14	13/06/2025	10	HAE	13,0	0	3,6	0	53,0	0	3,0	0	350,0	0	1003,04	5.k=1.moyenne	2233,7	ERA5
1064631	13/06/2025	15	13/06/2025	11	HAE	13,7	0	3,0	0	48,0	0	4,0	0	280,0	0	1003,16	5.k=1.moyenne	2759,9	ERA5
1064632	13/06/2025	16	13/06/2025	12	HAE	15,1	0	4,1	0	47,0	0	5,0	0	20,0	0	1003,12	5.k=1.moyenne	2997,7	ERA5
1064633	13/06/2025	17	13/06/2025	13	HAE	15,9	0	3,9	0	45,0	0	5,0	0	360,0	0	1002,97	5.k=1.moyenne	2981,5	ERA5
1064634	13/06/2025	18	13/06/2025	14	HAE	16,7	0	4,8	0	45,0	0	10,0	0	290,0	0	1002,91	5.k=1.moyenne	2678,3	ERA5
1064635	13/06/2025	19	13/06/2025	15	HAE	17,3	0	4,2	0	42,0	0	13,0	0	310,0	0	1002,88	5.k=1.moyenne	2651,4	ERA5
1064636	13/06/2025	20	13/06/2025	16	HAE	17,9	0	3,5	0	38,0	0	12,0	0	320,0	0	1002,91	5.k=1.moyenne	2346,1	ERA5
1064637	13/06/2025	21	13/06/2025	17	HAE	18,0	0	3,6	0	38,0	0	8,0	0	290,0	0	1002,92	5.k=1.moyenne	1655,9	ERA5
1064638	13/06/2025	22	13/06/2025	18	HAE	18,2	0	4,1	0	39,0	0	11,0	0	320,0	0	1002,94	5.k=1.moyenne	1442,5	ERA5
1064639	13/06/2025	23	13/06/2025	19	HAE	17,9	0	3,9	0	39,0	0	4,0	0	320,0	0	1003,21	5.k=1.moyenne	880,7	ERA5
1064640	14/06/2025	00	13/06/2025	20	HAE	16,8	0	3,9	0	42,0	0	4,0	0	310,0	0	1003,26	5.k=1.moyenne	339,0	ERA5
1064641	14/06/2025	01	13/06/2025	21	HAE	14,7	0	5,1	0	52,0	0	1,0	0	280,0	0	1003,53	5.k=1.moyenne	42,0	ERA5
1064642	14/06/2025	02	13/06/2025	22	HAE	13,4	0	6,9	0	65,0	0	2,0	0	170,0	0	1003,85	5.k=1.moyenne	0,0	ERA5
1064643	14/06/2025	03	13/06/2025	23	HAE	13,3	0	6,9	0	65,0	0	3,0	0	90,0	0	1004,07	5.k=1.moyenne	0,0	ERA5
1064644	14/06/2025	04	14/06/2025	00	HAE	13,6	0	6,1	0	60,0	0	5,0	0	120,0	0	1004,22	5.k=1.moyenne	0,0	ERA5
1064645	14/06/2025	05	14/06/2025	01	HAE	13,1	0	6,1	0	63,0	0	5,0	0	140,0	0	1004,41	5.k=1.moyenne	0,0	ERA5
1064646	14/06/2025	06	14/06/2025	02	HAE	12,4	0	7,5	0	72,0	0	3,0	0	150,0	0	1004,41	5.k=1.moyenne	0,0	ERA5
1064647	14/06/2025	07	14/06/2025	03	HAE	12,3	0	8,1	0	76,0	0	0,0	0	0,0	0	1004,53	5.k=1.moyenne	0,0	ERA5
1064648	14/06/2025	08	14/06/2025	04	HAE	11,3	0	7,6	0	78,0	0	4,0	0	50,0	0	1004,63	5.k=1.moyenne	0,0	ERA5
1064649	14/06/2025	09	14/06/2025	05	HAE	11,5	0	7,3	0	75,0	0	4,0	0	70,0	0	1004,85	5.k=1.moyenne	0,0	ERA5
1064650	14/06/2025	10	14/06/2025	06	HAE	11,6	0	7,0	0	73,0	0	1,0	0	30,0	0	1005,25	5.k=1.moyenne	101,2	ERA5
1064651	14/06/2025	11	14/06/2025	07	HAE	14,2	0	7,5	0	64,0	0	5,0	0	100,0	0	1005,49	5.k=1.moyenne	549,0	ERA5
1064652	14/06/2025	12	14/06/2025	08	HAE	15,5	0	6,8	0	56,0	0	5,0	0	90,0	0	1005,61	5.k=1.moyenne	1192,2	ERA5
1064653	14/06/2025	13	14/06/2025	09	HAE	17,3	0	5,7	0	46,0	0	8,0	0	70,0	0	1005,59	5.k=1.moyenne	1863,6	ERA5
1064654	14/06/2025	14	14/06/2025	10	HAE	18,2	0	4,2	0	39,0	0	9,0	0	70,0	0	1005,3	5.k=1.moyenne	2473,9	ERA5
1064655	14/06/2025	15	14/06/2025	11	HAE	18,9	0	3,7	0	36,0	0	12,0	0	60,0	0	1005,06	5.k=1.moyenne	2947,9	ERA5
1064656	14/06/2025	16	14/06/2025	12	HAE	19,7	0	4,0	0	36,0	0	10,0	0	50,0	0	1004,64	5.k=1.moyenne	3250,9	ERA5
1064657	14/06/2025	17	14/06/2025	13	HAE	20,3	0	3,6	0	33,0	0	4,0	0	230,0	0	1004,22	5.k=1.moyenne	3353,4	ERA5
1064658	14/06/2025	18	14/06/2025	14	HAE	20,4	0	3,6	0	33,0	0	11,0	0	60,0	0	1004,0	5.k=1.moyenne	3200,6	ERA5
1064659	14/06/2025	19	14/06/2025	15	HAE	20,7	0	2,0	0	29,0	0	7,0	0	130,0	0	1003,7	5.k=1.moyenne	3119,6	ERA5
1064660	14/06/2025	20	14/06/2025	16	HAE	21,2	0	1,6	0	27,0	0	8,0	0	100,0	0	1003,34	5.k=1.moyenne	2860,1	ERA5
1064661	14/06/2025	21	14/06/2025	17	HAE	21,1	0	1,6	0	28,0	0	7,0	0	20,0	0	1003,0	5.k=1.moyenne	2353,7	ERA5
1064662	14/06/2025	22	14/06/2025	18	HAE	21,2	0	3,0	0	30,0	0	8,0	0	60,0	0	1002,88	5.k=1.moyenne	1734,2	ERA5
1064663	14/06/2025	23	14/06/2025	19	HAE	20,8	0	2,3	0	29,0	0	6,0	0	20,0	0	1002,89	5.k=1.moyenne	1081,8	ERA5
1064664	15/06/2025	00	14/06/2025	20	HAE	19,7	0	2,1	0	31,0	0	10,0	0	20,0	0	1002,77	5.k=1.moyenne	464,0	ERA5
1064665	15/06/2025	01	14/06/2025	21	HAE	16,6	0	3,7	0	42,0	0	3,0	0	20,0	0	1002,79	5.k=1.moyenne	54,5	ERA5
1064666	15/06/2025	02	14/06/2025	22	HAE	13,5	0	4,3	0	54,0	0	3,0	0	40,0	0	1002,88	5.k=1.moyenne	0,0	ERA5
1064667	15/06/2025	03	14/06/2025	23	HAE	12,5	0	5,4	0	62,0	0	2,0	0	20,0	0	1002,86	5.k=1.moyenne	0,0	ERA5
1064668	15/06/2025	04	15/06/2025	00	HAE	11,4	0	6,3	0	71,0	0	0,0	0	0,0	0	1002,89	5.k=1.moyenne	0,0	ERA5
1064669	15/06/2025	05	15/06/2025	01	HAE	10,3	0	4,4	0	67,0	0	0,0	0	0,0	0	1002,93	5.k=1.moyenne	0,0	ERA5
1064670	15/06/2025	06	15/06/2025	02	HAE	9,3	0	5,5	0	77,0	0	0,0	0	0,0	0	1002,93	5.k=1.moyenne	-0,0	ERA5
1064671	15/06/2025	07	15/06/2025	03	HAE	8,5	0	5,5	0	82,0	0	2,0	0	50,0	0	1002,9	5.k=1.moyenne	0,0	ERA5
1064672	15/06/2025	08	15/06/2025	04	HAE	8,2	0	5,7	0	84,0	0	0,0	0	0,0	0	1002,98	5.k=1.moyenne	0,0	ERA5
1064673	15/06/2025	09	15/06/2025	05	HAE	8,2	0	6,1	0	86,0	0	3,0	0	350,0	0	1003,11	5.k=1.moyenne	0,0	ERA5
1064674	15/06/2025	10	15/06/2025	06	HAE	9,6	0	6,2	0	79,0	0	2,0	0	100,0	0	1003,27	5.k=1.moyenne	104,8	ERA5
1064675	15/06/2025	11	15/06/2025	07	HAE	12,8	0	9,0	0	78,0	0	3,0	0	120,0	0	1003,42	5.k=1.moyenne	530,3	ERA5
1064676	15/06/2025	12	15/06/2025	08	HAE	16,4	0	8,3	0	58,0	0	5,0	0	210,0	0	1003,43	5.k=1.moyenne	1085,8	ERA5
1064677	15/06/2025	13	15/06/2025	09	HAE	18,3	0	8,0	0	51,0	0	6,0	0	150,0	0	1003,41	5.k=1.moyenne	1807,7	ERA5
1064678	15/06/2025	14	15/06/2025	10	HAE	19,9	0	7,1	0	44,0	0	4,0	0	50,0	0	1003,15	5.k=1.moyenne	2394,8	ERA5
1064679	15/06/2025	15	15/06/2025	11	HAE	20,8	0	5,5	0	37,0	0	2,0	0	20,0	0	1002,85	5.k=1.moyenne	2812,7	ERA5
1064680	15/06/2025	16	15/06/2025	12	HAE	21,8	0	4,5	0	32,0	0	5,0	0	40,0	0	1002,4	5.k=1.moyenne	3246,6	ERA5
1064681	15/06/2025	17	15/06/2025	13	HAE	22,6	0	4,2	0	30,0	0	6,0	0	30,0	0	1002,2	5.k=1.moyenne	3355,3	ERA5
1064682	15/06/2025	18	15/06/2025	14	HAE	23,2	0	6,5	0	34,0	0	6,0	0	110,0	0	1002,04	5.k=1.moyenne	3284,3	ERA5
1064683	15/06/2025	19	15/06/2025	15	HAE	22,6	0	3,6	0	29,0	0	1,0	0	240,0	0	1001,85	5.k=1.moyenne	3186,8	ERA5
1064684	15/06/2025	20	15/06/2025	16	HAE	24,3	0	6,2	0	31,0	0	5,0	0	240,0	0	1001,71	5.k=1.moyenne	2801,6	ERA5
1064685	15/06/2025	21	15/06/2025	17	HAE	24,6	0	5,0	0	28,0	0	8,0	0	310,0	0	1001,39	5.k=1.moyenne	2323,2	ERA5
1064686	15/06/2025	22	15/06/2025	18	HAE	24,2	0	3,1	0	25,0	0	6,0	0	60,0	0	1001,17	5.k=1.moyenne	1623,9	ERA5
1064687	15/06/2025	23	15/06/2025	19	HAE	24,2	0	2,3	0	24,0	0	3,0	0	330,0	0	1001,17	5.k=1.moyenne	1058,2	ERA5
1064688	16/06/2025	00	15/06/2025	20	HAE	22,6	0	2,9	0	27,0	0	3,0	0	230,0	0	1001,23	5.k=1.moyenne	463,8	ERA5
1064689	16/06/2025	01	15/06/2025	21	HAE	18,1	0	6,0	0	45,0	0	0,0	0	0,0	0	1001,58	5.k=1.moyenne	55,6	ERA5
1064690	16/06/2025	02	15/06/2025	22	HAE	16,5	0	6,4	0	51,0	0	0,0	0	0,0	0	1001,76	5.k=1.moyenne	0,0	ERA5
1064691	16/06/2025	03	15/06/2025	23	HAE	14,0	0	7,7	0	66,0	0	5,0	0	170,0	0	1001,64	5.k=1.moyenne	0,0	ERA5
1064692	16/06/2025	04	16/06/2025	00	HAE	13,3	0	7,6	0	68,0	0	4,0	0	190,0	0	1001,62	5.k=1.moyenne	0,0	ERA5
1064693	16/06/2025	05	16/06/2025	01	HAE	13,0	0	8,1	0	72,0	0	4,0	0	150,0	0	1001,52	5.k=1.moyenne	0,0	ERA5
1064694	16/06/2025	06	16/06/2025	02	HAE	12,1	0	8,1	0	77,0	0	3,0	0	120,0	0	1001,52	5.k=1.moyenne	-0,0	ERA5
1064695	16/06/2025	07	16/06/2025	03	HAE	10,8	0	8,2	0	84,0	0	3,0	0	180,0	0	1001,56	5.k=1.moyenne	0,0	ERA5
1064696	16/06/2025	08	16/06/2025	04	HAE	10,3	0	9,4	0	94,0	0	1,0	0	150,0	0	1001,45	5.k=1.moyenne	0,0	ERA5
1064697	16/06/2025	09	16/06/2025	05	HAE	9,7	0	9,4	0	98,0	0	0,0	0	0,0	0	1001,59	5.k=1.moyenne	0,0	ERA5
1064698	16/06/2025	10	16/06/2025	06	HAE	10,4	0	10,4	0	100,0	0	0,0	0	0,0	0	1001,72	5.k=1.moyenne	93,6	ERA5
1064699	16/06/2025	11	16/06/2025	07	HAE	14,6	0	11,7	0	83,0	0	5,0	0	140,0	0	1001,76	5.k=1.moyenne	491,6	ERA5
1064700	16/06/2025	12	16/06/2025	08	HAE	17,7	0	13,1	0	74,0	0	14,0	0	160,0	0	1001,58	5.k=1.moyenne	1060,0	ERA5
1064701	16/06/2025	13	16/06/2025	09	HAE	20,5	0	14,4	0	68,0	0	11,0	0	150,0	0	1001,3	5.k=1.moyenne	1723,3	ERA5
1064702	16/06/2025	14	16/06/2025	10	HAE	22,6	0	14,8	0	61,0	0	12,0	0	170,0	0	1000,8	5.k=1.moyenne	2453,3	ERA5
1064703	16/06/2025	15	16/06/2025	11	HAE	24,3	0	7,9	0	35,0	0	9,0	0	130,0	0	1000,09	5.k=1.moyenne	2951,8	ERA5
1064704	16/06/2025	16	16/06/2025	12	HAE	25,1	0	8,5	0	35,0	0	13,0	0	130,0	0	999,633	5.k=1.moyenne	3079,6	ERA5
1064705	16/06/2025	17	16/06/2025	13	HAE	25,8	0	11,5	0	41,0	0	21,0	0	160,0	0	998,952	5.k=1.moyenne	3268,8	ERA5
1064706	16/06/2025	18	16/06/2025	14	HAE	26,4	0	13,8	0	46,0	0	20,0	0	200,0	0	998,491	5.k=1.moyenne	3010,0	ERA5
1064707	16/06/2025	19	16/06/2025	15	HAE	26,1	0	13,6	0	46,0	0	18,0	0	200,0	0	997,99	5.k=1.moyenne	2540,2	ERA5
1064708	16/06/2025	20	16/06/2025	16	HAE	27,0	0	14,9	0	48,0	0	23,0	0	160,0	0	997,449	5.k=1.moyenne	2261,3	ERA5
1064709	16/06/2025	21	16/06/2025	17	HAE	25,6	0	14,9	0	52,0	0	18,0	0	180,0	0	997,029	5.k=1.moyenne	1597,2	ERA5
1064710	16/06/2025	22	16/06/2025	18	HAE	25,4	0	14,8	0	52,0	0	20,0	0	200,0	0	996,416	5.k=1.moyenne	818,2	ERA5
1064711	16/06/2025	23	16/06/2025	19	HAE	25,3	0	13,8	0	49,0	0	21,0	0	190,0	0	996,313	5.k=1.moyenne	745,1	ERA5
1064712	17/06/2025	00	16/06/2025	20	HAE	24,0	0	13,9	0	53,0	0	13,0	0	180,0	0	996,292	5.k=1.moyenne	309,6	ERA5
1064713	17/06/2025	01	16/06/2025	21	HAE	21,8	0	13,7	0	60,0	0	8,0	0	190,0	0	996,21	5.k=1.moyenne	45,4	ERA5
1064714	17/06/2025	02	16/06/2025	22	HAE	20,1	0	14,4	0	70,0	0	7,0	0	190,0	0	996,25	5.k=1.moyenne	0,0	ERA5
1064715	17/06/2025	03	16/06/2025	23	HAE	19,7	0	14,7	0	73,0	0	10,0	0	180,0	0	996,229	5.k=1.moyenne	-0,0	ERA5
1064716	17/06/2025	04	17/06/2025	00	HAE	20,4	0	15,2	0	72,0	0	13,0	0	180,0	0	996,433	5.k=1.moyenne	0,0	ERA5
1064717	17/06/2025	05	17/06/2025	01	HAE	19,9	0	15,2	0	75,0	0	13,0	0	200,0	0	996,494	5.k=1.moyenne	0,0	ERA5
1064718	17/06/2025	06	17/06/2025	02	HAE	19,7	0	15,2	0	75,0	0	11,0	0	180,0	0	996,494	5.k=1.moyenne	0,0	ERA5
1064719	17/06/2025	07	17/06/2025	03	HAE	19,6	0	15,5	0	77,0	0	15,0	0	190,0	0	996,611	5.k=1.moyenne	0,0	ERA5
1064720	17/06/2025	08	17/06/2025	04	HAE	19,3	0	15,3	0	78,0	0	13,0	0	190,0	0	996,667	5.k=1.moyenne	0,0	ERA5
1064721	17/06/2025	09	17/06/2025	05	HAE	19,0	0	15,3	0	79,0	0	15,0	0	170,0	0	996,622	5.k=1.moyenne	0,0	ERA5
1064722	17/06/2025	10	17/06/2025	06	HAE	19,0	0	15,5	0	80,0	0	10,0	0	180,0	0	996,842	5.k=1.moyenne	35,0	ERA5
1064723	17/06/2025	11	17/06/2025	07	HAE	19,2	0	14,7	0	75,0	0	15,0	0	180,0	0	997,022	5.k=1.moyenne	106,2	ERA5
1064724	17/06/2025	12	17/06/2025	08	HAE	20,1	0	15,1	0	73,0	0	20,0	0	170,0	0	997,099	5.k=1.moyenne	212,2	ERA5
1064725	17/06/2025	13	17/06/2025	09	HAE	22,1	0	15,0	0	64,0	0	17,0	0	190,0	0	997,056	5.k=1.moyenne	299,9	ERA5
1064726	17/06/2025	14	17/06/2025	10	HAE	22,6	0	15,2	0	63,0	0	18,0	0	170,0	0	996,873	5.k=1.moyenne	472,7	ERA5
1064727	17/06/2025	15	17/06/2025	11	HAE	23,7	0	15,6	0	60,0	0	18,0	0	170,0	0	996,45	5.k=1.moyenne	504,3	ERA5
1064728	17/06/2025	16	17/06/2025	12	HAE	24,6	0	15,8	0	58,0	0	19,0	0	160,0	0	995,967	5.k=1.moyenne	850,9	ERA5
1064729	17/06/2025	17	17/06/2025	13	HAE	25,2	0	15,9	0	57,0	0	28,0	0	150,0	0	995,225	5.k=1.moyenne	1076,4	ERA5
1064730	17/06/2025	18	17/06/2025	14	HAE	25,7	0	16,7	0	58,0	0	28,0	0	170,0	0	994,783	5.k=1.moyenne	1990,9	ERA5
1064731	17/06/2025	19	17/06/2025	15	HAE	25,8	0	17,0	0	58,0	0	31,0	0	180,0	0	994,341	5.k=1.moyenne	1793,0	ERA5
1064732	17/06/2025	20	17/06/2025	16	HAE	24,8	0	16,6	0	60,0	0	39,0	0	190,0	0	993,679	5.k=1.moyenne	1451,7	ERA5
1064733	17/06/2025	21	17/06/2025	17	HAE	23,7	0	17,0	0	66,0	0	33,0	0	170,0	0	992,938	5.k=1.moyenne	1849,6	ERA5
1064734	17/06/2025	22	17/06/2025	18	HAE	23,6	0	17,1	0	67,0	0	30,0	0	190,0	0	992,556	5.k=1.moyenne	1177,5	ERA5
1064735	17/06/2025	23	17/06/2025	19	HAE	22,4	0	16,9	0	71,0	0	39,0	0	180,0	0	992,095	5.k=1.moyenne	603,5	ERA5
1064736	18/06/2025	00	17/06/2025	20	HAE	21,5	0	17,3	0	77,0	0	34,0	0	180,0	0	991,934	5.k=1.moyenne	308,9	ERA5
1064737	18/06/2025	01	17/06/2025	21	HAE	20,3	0	17,6	0	84,0	0	27,0	0	180,0	0	991,933	5.k=1.moyenne	42,9	ERA5
1064738	18/06/2025	02	17/06/2025	22	HAE	19,9	0	17,8	0	87,0	0	21,0	0	180,0	0	991,831	5.k=1.moyenne	0,0	ERA5
1064739	18/06/2025	03	17/06/2025	23	HAE	19,7	0	18,3	0	92,0	0	26,0	0	180,0	0	991,531	5.k=1.moyenne	-0,0	ERA5
1064740	18/06/2025	04	18/06/2025	00	HAE	19,7	0	18,6	0	93,0	0	26,0	0	180,0	0	991,15	5.k=1.moyenne	0,0	ERA5
1064741	18/06/2025	05	18/06/2025	01	HAE	19,6	0	18,8	0	95,0	0	21,0	0	180,0	0	990,909	5.k=1.moyenne	0,0	ERA5
1064742	18/06/2025	06	18/06/2025	02	HAE	19,5	0	18,8	0	96,0	0	24,0	0	170,0	0	990,909	5.k=1.moyenne	0,0	ERA5
1064743	18/06/2025	07	18/06/2025	03	HAE	19,5	0	18,8	0	96,0	0	25,0	0	180,0	0	990,681	5.k=1.moyenne	0,0	ERA5
1064744	18/06/2025	08	18/06/2025	04	HAE	19,6	0	18,8	0	95,0	0	20,0	0	180,0	0	990,485	5.k=1.moyenne	0,0	ERA5
1064745	18/06/2025	09	18/06/2025	05	HAE	19,5	0	18,7	0	95,0	0	23,0	0	180,0	0	990,269	5.k=1.moyenne	0,0	ERA5
1064746	18/06/2025	10	18/06/2025	06	HAE	20,0	0	18,7	0	92,0	0	20,0	0	180,0	0	990,3	5.k=1.moyenne	53,5	ERA5
1064747	18/06/2025	11	18/06/2025	07	HAE	20,8	0	18,5	0	87,0	0	26,0	0	180,0	0	990,392	5.k=1.moyenne	310,7	ERA5
1064748	18/06/2025	12	18/06/2025	08	HAE	21,6	0	18,6	0	83,0	0	23,0	0	190,0	0	990,506	5.k=1.moyenne	741,0	ERA5
1064749	18/06/2025	13	18/06/2025	09	HAE	23,4	0	18,9	0	76,0	0	28,0	0	170,0	0	990,538	5.k=1.moyenne	1292,9	ERA5
1064750	18/06/2025	14	18/06/2025	10	HAE	25,5	0	19,2	0	68,0	0	26,0	0	190,0	0	990,542	5.k=1.moyenne	1619,7	ERA5
1064751	18/06/2025	15	18/06/2025	11	HAE	26,9	0	19,1	0	62,0	0	26,0	0	180,0	0	990,495	5.k=1.moyenne	2131,2	ERA5
1064752	18/06/2025	16	18/06/2025	12	HAE	28,2	0	20,0	0	61,0	0	19,0	0	180,0	0	990,429	5.k=1.moyenne	2183,2	ERA5
1064753	18/06/2025	17	18/06/2025	13	HAE	27,6	0	19,7	0	62,0	0	20,0	0	200,0	0	990,403	5.k=1.moyenne	2351,2	ERA5
1064754	18/06/2025	18	18/06/2025	14	HAE	27,2	0	20,0	0	64,0	0	8,0	0	240,0	0	990,303	5.k=1.moyenne	2351,6	ERA5
1064755	18/06/2025	19	18/06/2025	15	HAE	27,7	0	20,7	0	66,0	0	6,0	0	320,0	0	990,083	5.k=1.moyenne	1586,8	ERA5
1064756	18/06/2025	20	18/06/2025	16	HAE	28,1	0	20,5	0	64,0	0	8,0	0	270,0	0	989,904	5.k=1.moyenne	790,4	ERA5
1064757	18/06/2025	21	18/06/2025	17	HAE	27,4	0	20,9	0	67,0	0	5,0	0	250,0	0	989,905	5.k=1.moyenne	597,0	ERA5
1064758	18/06/2025	22	18/06/2025	18	HAE	27,9	0	20,9	0	66,0	0	5,0	0	280,0	0	989,981	5.k=1.moyenne	677,1	ERA5
1064759	18/06/2025	23	18/06/2025	19	HAE	28,6	0	20,3	0	61,0	0	6,0	0	270,0	0	990,257	5.k=1.moyenne	355,6	ERA5
1064760	19/06/2025	00	18/06/2025	20	HAE	27,3	0	20,9	0	68,0	0	11,0	0	200,0	0	990,574	5.k=1.moyenne	251,6	ERA5
1064761	19/06/2025	01	18/06/2025	21	HAE	24,5	0	20,6	0	79,0	0	7,0	0	170,0	0	990,981	5.k=1.moyenne	45,6	ERA5
1064762	19/06/2025	02	18/06/2025	22	HAE	23,6	0	20,6	0	83,0	0	6,0	0	170,0	0	991,369	5.k=1.moyenne	0,0	ERA5
1064763	19/06/2025	03	18/06/2025	23	HAE	22,6	0	20,4	0	88,0	0	5,0	0	170,0	0	991,386	5.k=1.moyenne	-0,0	ERA5
1064764	19/06/2025	04	19/06/2025	00	HAE	22,4	0	20,8	0	91,0	0	3,0	0	170,0	0	991,464	5.k=1.moyenne	0,0	ERA5
1064765	19/06/2025	05	19/06/2025	01	HAE	22,4	0	21,2	0	93,0	0	8,0	0	170,0	0	991,442	5.k=1.moyenne	0,0	ERA5
1064766	19/06/2025	06	19/06/2025	02	HAE	22,2	0	21,3	0	95,0	0	13,0	0	160,0	0	991,442	5.k=1.moyenne	0,0	ERA5
1064767	19/06/2025	07	19/06/2025	03	HAE	22,2	0	21,4	0	95,0	0	9,0	0	170,0	0	991,27	5.k=1.moyenne	0,0	ERA5
1064768	19/06/2025	08	19/06/2025	04	HAE	21,6	0	21,2	0	97,0	0	8,0	0	180,0	0	991,121	5.k=1.moyenne	0,0	ERA5
1064769	19/06/2025	09	19/06/2025	05	HAE	21,4	0	21,4	0	97,5	4.lineaire	10,0	0	160,0	0	991,098	5.k=1.moyenne	0,0	ERA5
1064770	19/06/2025	10	19/06/2025	06	HAE	21,9	0	21,5	0	98,0	0	6,0	0	180,0	0	991,224	5.k=1.moyenne	42,7	ERA5
1064771	19/06/2025	11	19/06/2025	07	HAE	22,5	0	21,9	0	96,0	0	14,0	0	180,0	0	991,226	5.k=1.moyenne	205,8	ERA5
1064772	19/06/2025	12	19/06/2025	08	HAE	22,0	0	22,0	0	96,0	4.lineaire	16,0	0	170,0	0	991,29	5.k=1.moyenne	725,3	ERA5
1064773	19/06/2025	13	19/06/2025	09	HAE	22,1	0	22,1	0	96,0	4.lineaire	14,0	0	190,0	0	991,03	5.k=1.moyenne	1110,6	ERA5
1064774	19/06/2025	14	19/06/2025	10	HAE	23,7	0	23,1	0	96,0	0	12,0	0	170,0	0	990,758	5.k=1.moyenne	1193,6	ERA5
1064775	19/06/2025	15	19/06/2025	11	HAE	23,9	0	22,4	0	91,0	0	14,0	0	180,0	0	990,245	5.k=1.moyenne	995,9	ERA5
1064776	19/06/2025	16	19/06/2025	12	HAE	24,9	0	23,0	0	89,0	0	19,0	0	170,0	0	989,853	5.k=1.moyenne	1074,7	ERA5
1064777	19/06/2025	17	19/06/2025	13	HAE	26,1	0	22,9	0	82,0	0	21,0	0	180,0	0	989,262	5.k=1.moyenne	1348,0	ERA5
1064778	19/06/2025	18	19/06/2025	14	HAE	25,5	0	23,6	0	89,0	0	29,0	0	200,0	0	988,652	5.k=1.moyenne	1352,0	ERA5
1064779	19/06/2025	19	19/06/2025	15	HAE	26,6	0	22,5	0	78,0	0	12,0	0	260,0	0	988,153	5.k=1.moyenne	1302,1	ERA5
1064780	19/06/2025	20	19/06/2025	16	HAE	27,6	0	20,4	0	65,0	0	18,0	0	270,0	0	987,665	5.k=1.moyenne	1666,3	ERA5
1064781	19/06/2025	21	19/06/2025	17	HAE	29,0	0	18,8	0	54,0	0	17,0	0	250,0	0	987,474	5.k=1.moyenne	1348,9	ERA5
1064782	19/06/2025	22	19/06/2025	18	HAE	26,4	0	21,4	0	74,0	0	14,0	0	180,0	0	987,222	5.k=1.moyenne	1367,2	ERA5
1064783	19/06/2025	23	19/06/2025	19	HAE	23,7	0	18,1	0	71,0	0	14,0	0	280,0	0	987,072	5.k=1.moyenne	846,2	ERA5
1064784	20/06/2025	00	19/06/2025	20	HAE	22,2	0	19,5	0	84,0	0	3,0	0	190,0	0	986,944	5.k=1.moyenne	395,0	ERA5
1064785	20/06/2025	01	19/06/2025	21	HAE	21,8	0	19,4	0	86,0	0	1,0	0	240,0	0	986,795	5.k=1.moyenne	44,0	ERA5
1064786	20/06/2025	02	19/06/2025	22	HAE	21,5	0	19,4	0	88,0	0	6,0	0	120,0	0	986,709	5.k=1.moyenne	0,0	ERA5
1064787	20/06/2025	03	19/06/2025	23	HAE	21,3	0	20,5	0	95,0	0	1,0	0	190,0	0	986,459	5.k=1.moyenne	-0,0	ERA5
1064788	20/06/2025	04	20/06/2025	00	HAE	21,0	0	19,7	0	93,0	0	11,0	0	270,0	0	986,047	5.k=1.moyenne	0,0	ERA5
1064789	20/06/2025	05	20/06/2025	01	HAE	19,8	0	17,2	0	85,0	0	14,0	0	270,0	0	985,594	5.k=1.moyenne	0,0	ERA5
1064790	20/06/2025	06	20/06/2025	02	HAE	19,3	0	15,7	0	80,0	0	10,0	0	240,0	0	985,594	5.k=1.moyenne	0,0	ERA5
1064791	20/06/2025	07	20/06/2025	03	HAE	18,8	0	15,2	0	80,0	0	8,0	0	270,0	0	985,249	5.k=1.moyenne	0,0	ERA5
1064792	20/06/2025	08	20/06/2025	04	HAE	18,2	0	15,0	0	81,0	0	7,0	0	280,0	0	985,009	5.k=1.moyenne	0,0	ERA5
1064793	20/06/2025	09	20/06/2025	05	HAE	18,0	0	15,2	0	84,0	0	10,0	0	250,0	0	985,078	5.k=1.moyenne	0,0	ERA5
1064794	20/06/2025	10	20/06/2025	06	HAE	16,8	0	16,4	0	98,0	0	7,0	0	270,0	0	985,292	5.k=1.moyenne	28,1	ERA5
1064795	20/06/2025	11	20/06/2025	07	HAE	16,6	0	16,6	0	98,3333	4.lineaire	9,0	0	270,0	0	985,545	5.k=1.moyenne	74,1	ERA5
1064796	20/06/2025	12	20/06/2025	08	HAE	16,1	0	16,1	0	98,6667	4.lineaire	12,0	0	310,0	0	986,04	5.k=1.moyenne	116,2	ERA5
1064797	20/06/2025	13	20/06/2025	09	HAE	15,6	0	15,5	0	99,0	0	17,0	0	300,0	0	986,257	5.k=1.moyenne	148,8	ERA5
1064798	20/06/2025	14	20/06/2025	10	HAE	16,2	0	14,7	0	91,0	0	19,0	0	290,0	0	986,455	5.k=1.moyenne	336,5	ERA5
1064799	20/06/2025	15	20/06/2025	11	HAE	16,8	0	14,2	0	85,0	0	16,0	0	270,0	0	986,848	5.k=1.moyenne	809,2	ERA5
1064800	20/06/2025	16	20/06/2025	12	HAE	18,1	0	14,1	0	77,0	0	18,0	0	280,0	0	987,177	5.k=1.moyenne	1821,2	ERA5
1064801	20/06/2025	17	20/06/2025	13	HAE	19,5	0	13,8	0	70,0	0	21,0	0	290,0	0	987,14	5.k=1.moyenne	2019,4	ERA5
1064802	20/06/2025	18	20/06/2025	14	HAE	20,1	0	14,2	0	68,0	0	17,0	0	290,0	0	987,268	5.k=1.moyenne	2610,6	ERA5
1064803	20/06/2025	19	20/06/2025	15	HAE	21,3	0	13,4	0	61,0	0	16,0	0	290,0	0	987,479	5.k=1.moyenne	2499,0	ERA5
1064804	20/06/2025	20	20/06/2025	16	HAE	21,9	0	12,0	0	53,0	0	19,0	0	280,0	0	987,956	5.k=1.moyenne	2147,9	ERA5
1064805	20/06/2025	21	20/06/2025	17	HAE	22,6	0	11,1	0	48,0	0	14,0	0	300,0	0	988,322	5.k=1.moyenne	1620,2	ERA5
1064806	20/06/2025	22	20/06/2025	18	HAE	22,4	0	9,4	0	43,0	0	10,0	0	300,0	0	988,811	5.k=1.moyenne	1211,6	ERA5
1064807	20/06/2025	23	20/06/2025	19	HAE	21,8	0	8,3	0	42,0	0	12,0	0	290,0	0	989,495	5.k=1.moyenne	849,7	ERA5
1064808	21/06/2025	00	20/06/2025	20	HAE	20,5	0	7,9	0	44,0	0	10,0	0	280,0	0	990,099	5.k=1.moyenne	423,8	ERA5
1064809	21/06/2025	01	20/06/2025	21	HAE	18,4	0	7,7	0	50,0	0	7,0	0	290,0	0	990,866	5.k=1.moyenne	56,4	ERA5
1064810	21/06/2025	02	20/06/2025	22	HAE	16,7	0	8,1	0	57,0	0	4,0	0	260,0	0	991,389	5.k=1.moyenne	0,0	ERA5
1064811	21/06/2025	03	20/06/2025	23	HAE	14,9	0	8,7	0	66,0	0	6,0	0	250,0	0	991,851	5.k=1.moyenne	-0,0	ERA5
1064812	21/06/2025	04	21/06/2025	00	HAE	16,4	0	8,5	0	59,0	0	7,0	0	290,0	0	992,09	5.k=1.moyenne	0,0	ERA5
1064813	21/06/2025	05	21/06/2025	01	HAE	13,7	0	9,9	0	77,0	0	6,0	0	260,0	0	992,594	5.k=1.moyenne	0,0	ERA5
1064814	21/06/2025	06	21/06/2025	02	HAE	12,9	0	9,6	0	81,0	0	5,0	0	260,0	0	992,594	5.k=1.moyenne	0,0	ERA5
1064815	21/06/2025	07	21/06/2025	03	HAE	12,5	0	9,5	0	82,0	0	9,0	0	250,0	0	993,121	5.k=1.moyenne	0,0	ERA5
1064816	21/06/2025	08	21/06/2025	04	HAE	12,8	0	10,0	0	83,0	0	8,0	0	260,0	0	993,749	5.k=1.moyenne	0,0	ERA5
1064817	21/06/2025	09	21/06/2025	05	HAE	12,3	0	10,4	0	88,0	0	6,0	0	240,0	0	994,538	5.k=1.moyenne	0,0	ERA5
1064818	21/06/2025	10	21/06/2025	06	HAE	13,0	0	12,0	0	93,0	0	5,0	0	250,0	0	995,184	5.k=1.moyenne	106,5	ERA5
1064819	21/06/2025	11	21/06/2025	07	HAE	15,5	0	12,5	0	82,0	0	7,0	0	260,0	0	995,726	5.k=1.moyenne	582,7	ERA5
1064820	21/06/2025	12	21/06/2025	08	HAE	17,6	0	12,2	0	71,0	0	9,0	0	270,0	0	996,258	5.k=1.moyenne	1212,6	ERA5
1064821	21/06/2025	13	21/06/2025	09	HAE	19,4	0	12,3	0	63,0	0	8,0	0	260,0	0	996,462	5.k=1.moyenne	1862,3	ERA5
1064822	21/06/2025	14	21/06/2025	10	HAE	20,9	0	11,6	0	55,0	0	5,0	0	260,0	0	996,597	5.k=1.moyenne	2458,5	ERA5
1064823	21/06/2025	15	21/06/2025	11	HAE	22,3	0	9,1	0	43,0	0	8,0	0	270,0	0	996,916	5.k=1.moyenne	2946,6	ERA5
1064824	21/06/2025	16	21/06/2025	12	HAE	24,0	0	8,8	0	38,0	0	11,0	0	250,0	0	997,05	5.k=1.moyenne	3286,4	ERA5
1064825	21/06/2025	17	21/06/2025	13	HAE	24,1	0	7,3	0	34,0	0	9,0	0	250,0	0	996,857	5.k=1.moyenne	3452,0	ERA5
1064826	21/06/2025	18	21/06/2025	14	HAE	24,9	0	7,7	0	33,0	0	8,0	0	270,0	0	996,521	5.k=1.moyenne	3429,3	ERA5
1064827	21/06/2025	19	21/06/2025	15	HAE	25,7	0	9,6	0	36,0	0	11,0	0	200,0	0	996,18	5.k=1.moyenne	3065,7	ERA5
1064828	21/06/2025	20	21/06/2025	16	HAE	26,3	0	10,7	0	38,0	0	6,0	0	180,0	0	995,899	5.k=1.moyenne	2741,4	ERA5
1064829	21/06/2025	21	21/06/2025	17	HAE	26,5	0	11,0	0	38,0	0	12,0	0	180,0	0	995,578	5.k=1.moyenne	2165,0	ERA5
1064830	21/06/2025	22	21/06/2025	18	HAE	25,2	0	11,6	0	43,0	0	15,0	0	160,0	0	995,276	5.k=1.moyenne	1465,9	ERA5
1064831	21/06/2025	23	21/06/2025	19	HAE	24,3	0	11,6	0	45,0	0	9,0	0	190,0	0	994,974	5.k=1.moyenne	867,2	ERA5
1064832	22/06/2025	00	21/06/2025	20	HAE	22,9	0	13,4	0	55,0	0	7,0	0	130,0	0	994,978	5.k=1.moyenne	297,1	ERA5
1064833	22/06/2025	01	21/06/2025	21	HAE	21,1	0	16,1	0	73,0	0	8,0	0	200,0	0	994,839	5.k=1.moyenne	33,4	ERA5
1064834	22/06/2025	02	21/06/2025	22	HAE	20,3	0	16,2	0	78,0	0	8,0	0	180,0	0	994,699	5.k=1.moyenne	-0,0	ERA5
1064835	22/06/2025	03	21/06/2025	23	HAE	20,6	0	16,5	0	78,0	0	14,0	0	160,0	0	994,284	5.k=1.moyenne	0,0	ERA5
1064836	22/06/2025	04	22/06/2025	00	HAE	21,2	0	17,3	0	78,0	0	19,0	0	170,0	0	993,746	5.k=1.moyenne	0,0	ERA5
1064837	22/06/2025	05	22/06/2025	01	HAE	22,5	0	17,7	0	74,0	0	23,0	0	180,0	0	993,299	5.k=1.moyenne	0,0	ERA5
1064838	22/06/2025	06	22/06/2025	02	HAE	22,0	0	17,9	0	77,0	0	22,0	0	190,0	0	993,299	5.k=1.moyenne	0,0	ERA5
1064839	22/06/2025	07	22/06/2025	03	HAE	21,0	0	18,7	0	87,0	0	19,0	0	180,0	0	992,689	5.k=1.moyenne	0,0	ERA5
1064840	22/06/2025	08	22/06/2025	04	HAE	20,9	0	19,5	0	92,0	0	17,0	0	180,0	0	992,574	5.k=1.moyenne	0,0	ERA5
1064841	22/06/2025	09	22/06/2025	05	HAE	20,6	0	19,8	0	96,0	0	17,0	0	210,0	0	992,667	5.k=1.moyenne	0,0	ERA5
1064842	22/06/2025	10	22/06/2025	06	HAE	20,2	0	20,0	0	99,0	0	13,0	0	160,0	0	992,887	5.k=1.moyenne	16,4	ERA5
1064843	22/06/2025	11	22/06/2025	07	HAE	20,2	0	20,1	0	100,0	0	10,0	0	180,0	0	993,111	5.k=1.moyenne	87,7	ERA5
1064844	22/06/2025	12	22/06/2025	08	HAE	20,6	0	20,4	0	99,0	0	13,0	0	190,0	0	993,379	5.k=1.moyenne	269,0	ERA5
1064845	22/06/2025	13	22/06/2025	09	HAE	21,5	0	20,9	0	97,0	0	11,0	0	200,0	0	993,67	5.k=1.moyenne	648,7	ERA5
1064846	22/06/2025	14	22/06/2025	10	HAE	23,7	0	21,0	0	85,0	0	11,0	0	250,0	0	993,863	5.k=1.moyenne	809,6	ERA5
1064847	22/06/2025	15	22/06/2025	11	HAE	25,6	0	20,9	0	75,0	0	12,0	0	290,0	0	994,16	5.k=1.moyenne	1968,1	ERA5
1064848	22/06/2025	16	22/06/2025	12	HAE	26,4	0	20,3	0	69,0	0	17,0	0	280,0	0	994,664	5.k=1.moyenne	1670,3	ERA5
1064849	22/06/2025	17	22/06/2025	13	HAE	27,7	0	19,3	0	60,0	0	17,0	0	290,0	0	995,006	5.k=1.moyenne	1948,8	ERA5
1064850	22/06/2025	18	22/06/2025	14	HAE	28,7	0	19,8	0	59,0	0	11,0	0	290,0	0	995,453	5.k=1.moyenne	1533,0	ERA5
1064851	22/06/2025	19	22/06/2025	15	HAE	29,7	0	20,0	0	56,0	0	10,0	0	290,0	0	995,677	5.k=1.moyenne	2112,7	ERA5
1064852	22/06/2025	20	22/06/2025	16	HAE	28,3	0	19,6	0	59,0	0	9,0	0	270,0	0	996,026	5.k=1.moyenne	1614,0	ERA5
1064853	22/06/2025	21	22/06/2025	17	HAE	28,9	0	19,0	0	55,0	0	14,0	0	300,0	0	996,212	5.k=1.moyenne	1094,0	ERA5
1064854	22/06/2025	22	22/06/2025	18	HAE	28,9	0	18,8	0	54,0	0	10,0	0	300,0	0	996,543	5.k=1.moyenne	1014,1	ERA5
1064855	22/06/2025	23	22/06/2025	19	HAE	28,1	0	18,1	0	55,0	0	10,0	0	290,0	0	996,998	5.k=1.moyenne	530,0	ERA5
1064856	23/06/2025	00	22/06/2025	20	HAE	26,8	0	18,5	0	60,0	0	8,0	0	310,0	0	997,413	5.k=1.moyenne	298,4	ERA5
1064857	23/06/2025	01	22/06/2025	21	HAE	24,5	0	18,5	0	69,0	0	3,0	0	300,0	0	997,758	5.k=1.moyenne	46,0	ERA5
1064858	23/06/2025	02	22/06/2025	22	HAE	23,1	0	18,1	0	73,0	0	3,0	0	290,0	0	997,879	5.k=1.moyenne	0,0	ERA5
1064859	23/06/2025	03	22/06/2025	23	HAE	20,2	0	17,8	0	86,0	0	3,0	0	190,0	0	998,093	5.k=1.moyenne	-0,0	ERA5
1064860	23/06/2025	04	23/06/2025	00	HAE	19,5	0	18,4	0	94,0	0	0,0	0	0,0	0	998,206	5.k=1.moyenne	0,0	ERA5
1064861	23/06/2025	05	23/06/2025	01	HAE	19,2	0	18,8	0	98,0	0	4,0	0	180,0	0	998,096	5.k=1.moyenne	0,0	ERA5
1064862	23/06/2025	06	23/06/2025	02	HAE	18,7	0	18,7	0	98,0	4.lineaire	5,0	0	180,0	0	998,096	5.k=1.moyenne	0,0	ERA5
1064863	23/06/2025	07	23/06/2025	03	HAE	19,3	0	19,3	0	98,0	4.lineaire	2,0	0	170,0	0	998,217	5.k=1.moyenne	0,0	ERA5
1064864	23/06/2025	08	23/06/2025	04	HAE	19,9	0	19,9	0	98,0	4.lineaire	0,0	0	0,0	0	998,237	5.k=1.moyenne	0,0	ERA5
1064865	23/06/2025	09	23/06/2025	05	HAE	19,8	0	19,8	0	98,0	4.lineaire	5,0	0	170,0	0	998,44	5.k=1.moyenne	0,0	ERA5
1064866	23/06/2025	10	23/06/2025	06	HAE	20,7	0	20,4	0	98,0	0	7,0	0	180,0	0	998,377	5.k=1.moyenne	86,7	ERA5
1064867	23/06/2025	11	23/06/2025	07	HAE	22,3	0	20,9	0	92,0	0	8,0	0	160,0	0	998,54	5.k=1.moyenne	449,7	ERA5
1064868	23/06/2025	12	23/06/2025	08	HAE	24,1	0	21,2	0	84,0	0	18,0	0	170,0	0	998,519	5.k=1.moyenne	827,9	ERA5
1064869	23/06/2025	13	23/06/2025	09	HAE	26,1	0	21,7	0	77,0	0	19,0	0	170,0	0	998,416	5.k=1.moyenne	1572,2	ERA5
1064870	23/06/2025	14	23/06/2025	10	HAE	27,9	0	22,7	0	74,0	0	16,0	0	160,0	0	997,987	5.k=1.moyenne	2270,4	ERA5
1064871	23/06/2025	15	23/06/2025	11	HAE	29,7	0	23,6	0	70,0	0	6,0	0	190,0	0	997,68	5.k=1.moyenne	2745,2	ERA5
1064872	23/06/2025	16	23/06/2025	12	HAE	31,5	0	24,4	0	66,0	0	13,0	0	190,0	0	997,414	5.k=1.moyenne	2917,3	ERA5
1064873	23/06/2025	17	23/06/2025	13	HAE	32,5	0	25,2	0	65,0	0	9,0	0	240,0	0	996,985	5.k=1.moyenne	3068,4	ERA5
1064874	23/06/2025	18	23/06/2025	14	HAE	34,2	0	22,6	0	51,0	0	21,0	0	230,0	0	996,372	5.k=1.moyenne	3234,2	ERA5
1064875	23/06/2025	19	23/06/2025	15	HAE	35,1	0	20,6	0	43,0	0	24,0	0	240,0	0	995,821	5.k=1.moyenne	2888,5	ERA5
1064876	23/06/2025	20	23/06/2025	16	HAE	35,3	0	22,0	0	46,0	0	13,0	0	260,0	0	995,474	5.k=1.moyenne	2648,9	ERA5
1064877	23/06/2025	21	23/06/2025	17	HAE	34,5	0	21,5	0	47,0	0	26,0	0	240,0	0	995,035	5.k=1.moyenne	2166,3	ERA5
1064878	23/06/2025	22	23/06/2025	18	HAE	33,8	0	22,0	0	50,0	0	19,0	0	250,0	0	994,636	5.k=1.moyenne	1418,7	ERA5
1064879	23/06/2025	23	23/06/2025	19	HAE	32,9	0	21,8	0	52,0	0	18,0	0	250,0	0	994,554	5.k=1.moyenne	981,1	ERA5
1064880	24/06/2025	00	23/06/2025	20	HAE	31,6	0	21,4	0	55,0	0	18,0	0	250,0	0	994,697	5.k=1.moyenne	443,3	ERA5
1064881	24/06/2025	01	23/06/2025	21	HAE	30,1	0	21,8	0	61,0	0	14,0	0	240,0	0	994,737	5.k=1.moyenne	57,5	ERA5
1064882	24/06/2025	02	23/06/2025	22	HAE	29,7	0	21,9	0	63,0	0	18,0	0	240,0	0	994,921	5.k=1.moyenne	0,0	ERA5
1064883	24/06/2025	03	23/06/2025	23	HAE	29,4	0	21,8	0	64,0	0	20,0	0	230,0	0	994,717	5.k=1.moyenne	0,0	ERA5
1064884	24/06/2025	04	24/06/2025	00	HAE	29,0	0	21,3	0	63,0	0	12,0	0	240,0	0	994,492	5.k=1.moyenne	0,0	ERA5
1064885	24/06/2025	05	24/06/2025	01	HAE	28,7	0	20,3	0	61,0	0	15,0	0	260,0	0	994,226	5.k=1.moyenne	0,0	ERA5
1064886	24/06/2025	06	24/06/2025	02	HAE	27,5	0	20,2	0	65,0	0	14,0	0	260,0	0	994,226	5.k=1.moyenne	0,0	ERA5
1064887	24/06/2025	07	24/06/2025	03	HAE	25,6	0	20,1	0	72,0	0	9,0	0	210,0	0	994,022	5.k=1.moyenne	0,0	ERA5
1064888	24/06/2025	08	24/06/2025	04	HAE	24,0	0	19,9	0	78,0	0	6,0	0	190,0	0	993,962	5.k=1.moyenne	0,0	ERA5
1064889	24/06/2025	09	24/06/2025	05	HAE	23,6	0	20,0	0	80,0	0	8,0	0	200,0	0	994,129	5.k=1.moyenne	0,0	ERA5
1064890	24/06/2025	10	24/06/2025	06	HAE	25,5	0	19,7	0	70,0	0	3,0	0	250,0	0	994,541	5.k=1.moyenne	90,8	ERA5
1064891	24/06/2025	11	24/06/2025	07	HAE	27,2	0	19,8	0	64,0	0	10,0	0	270,0	0	994,588	5.k=1.moyenne	514,8	ERA5
1064892	24/06/2025	12	24/06/2025	08	HAE	28,0	0	20,4	0	63,0	0	13,0	0	250,0	0	994,901	5.k=1.moyenne	1105,1	ERA5
1064893	24/06/2025	13	24/06/2025	09	HAE	29,1	0	21,2	0	62,0	0	13,0	0	260,0	0	994,95	5.k=1.moyenne	1645,7	ERA5
1064894	24/06/2025	14	24/06/2025	10	HAE	30,0	0	21,4	0	60,0	0	12,0	0	260,0	0	994,715	5.k=1.moyenne	2277,6	ERA5
1064895	24/06/2025	15	24/06/2025	11	HAE	30,7	0	22,2	0	61,0	0	14,0	0	260,0	0	994,786	5.k=1.moyenne	2740,0	ERA5
1064896	24/06/2025	16	24/06/2025	12	HAE	31,8	0	22,1	0	56,0	0	14,0	0	260,0	0	994,736	5.k=1.moyenne	3038,3	ERA5
1064897	24/06/2025	17	24/06/2025	13	HAE	32,7	0	22,2	0	54,0	0	18,0	0	260,0	0	994,544	5.k=1.moyenne	3223,2	ERA5
1064898	24/06/2025	18	24/06/2025	14	HAE	33,2	0	21,9	0	52,0	0	17,0	0	280,0	0	994,393	5.k=1.moyenne	3135,7	ERA5
1064899	24/06/2025	19	24/06/2025	15	HAE	34,4	0	22,0	0	49,0	0	10,0	0	290,0	0	994,1	5.k=1.moyenne	2886,2	ERA5
1064900	24/06/2025	20	24/06/2025	16	HAE	34,3	0	21,0	0	46,0	0	12,0	0	290,0	0	993,93	5.k=1.moyenne	2324,1	ERA5
1064901	24/06/2025	21	24/06/2025	17	HAE	34,4	0	21,6	0	47,0	0	8,0	0	280,0	0	993,944	5.k=1.moyenne	1983,9	ERA5
1064902	24/06/2025	22	24/06/2025	18	HAE	32,9	0	21,1	0	50,0	0	11,0	0	300,0	0	993,98	5.k=1.moyenne	1225,8	ERA5
1064903	24/06/2025	23	24/06/2025	19	HAE	30,7	0	22,6	0	62,0	0	17,0	0	260,0	0	994,219	5.k=1.moyenne	667,7	ERA5
1064904	25/06/2025	00	24/06/2025	20	HAE	28,1	0	21,0	0	65,0	0	12,0	0	270,0	0	994,541	5.k=1.moyenne	392,5	ERA5
1064905	25/06/2025	01	24/06/2025	21	HAE	26,3	0	20,7	0	71,0	0	6,0	0	270,0	0	994,986	5.k=1.moyenne	46,6	ERA5
1064906	25/06/2025	02	24/06/2025	22	HAE	25,9	0	20,9	0	74,0	0	8,0	0	280,0	0	995,472	5.k=1.moyenne	-0,0	ERA5
1064907	25/06/2025	03	24/06/2025	23	HAE	25,7	0	21,0	0	75,0	0	10,0	0	240,0	0	995,713	5.k=1.moyenne	0,0	ERA5
1064908	25/06/2025	04	25/06/2025	00	HAE	25,6	0	21,5	0	78,0	0	9,0	0	270,0	0	995,955	5.k=1.moyenne	0,0	ERA5
1064909	25/06/2025	05	25/06/2025	01	HAE	24,4	0	21,5	0	84,0	0	7,0	0	260,0	0	996,38	5.k=1.moyenne	0,0	ERA5
1064910	25/06/2025	06	25/06/2025	02	HAE	23,6	0	21,8	0	90,0	0	7,0	0	260,0	0	996,38	5.k=1.moyenne	-0,0	ERA5
1064911	25/06/2025	07	25/06/2025	03	HAE	23,1	0	22,3	0	95,0	0	5,0	0	280,0	0	996,804	5.k=1.moyenne	0,0	ERA5
1064912	25/06/2025	08	25/06/2025	04	HAE	22,2	0	22,0	0	99,0	0	7,0	0	270,0	0	997,205	5.k=1.moyenne	0,0	ERA5
1064913	25/06/2025	09	25/06/2025	05	HAE	21,8	0	21,7	0	99,0	0	3,0	0	280,0	0	998,031	5.k=1.moyenne	0,0	ERA5
1064914	25/06/2025	10	25/06/2025	06	HAE	21,9	0	21,6	0	98,0	0	2,0	0	330,0	0	998,651	5.k=1.moyenne	89,6	ERA5
1064915	25/06/2025	11	25/06/2025	07	HAE	23,4	0	16,0	0	63,0	0	8,0	0	10,0	0	999,238	5.k=1.moyenne	466,4	ERA5
1064916	25/06/2025	12	25/06/2025	08	HAE	23,5	0	15,5	0	61,0	0	10,0	0	30,0	0	999,741	5.k=1.moyenne	1108,8	ERA5
1064917	25/06/2025	13	25/06/2025	09	HAE	24,0	0	12,8	0	49,0	0	8,0	0	20,0	0	999,983	5.k=1.moyenne	1751,8	ERA5
1064918	25/06/2025	14	25/06/2025	10	HAE	23,9	0	13,0	0	51,0	0	8,0	0	10,0	0	1000,22	5.k=1.moyenne	2319,5	ERA5
1064919	25/06/2025	15	25/06/2025	11	HAE	24,3	0	14,1	0	53,0	0	9,0	0	40,0	0	1000,35	5.k=1.moyenne	2665,8	ERA5
1064920	25/06/2025	16	25/06/2025	12	HAE	25,2	0	13,7	0	49,0	0	6,0	0	360,0	0	1000,35	5.k=1.moyenne	2958,6	ERA5
1064921	25/06/2025	17	25/06/2025	13	HAE	25,5	0	12,8	0	45,0	0	10,0	0	20,0	0	1000,14	5.k=1.moyenne	3120,9	ERA5
1064922	25/06/2025	18	25/06/2025	14	HAE	25,9	0	11,9	0	42,0	0	9,0	0	50,0	0	1000,01	5.k=1.moyenne	2901,1	ERA5
1064923	25/06/2025	19	25/06/2025	15	HAE	26,4	0	12,6	0	42,0	0	7,0	0	40,0	0	999,961	5.k=1.moyenne	2376,5	ERA5
1064924	25/06/2025	20	25/06/2025	16	HAE	27,8	0	13,1	0	40,0	0	7,0	0	320,0	0	999,871	5.k=1.moyenne	2214,9	ERA5
1064925	25/06/2025	21	25/06/2025	17	HAE	27,4	0	13,3	0	42,0	0	3,0	0	340,0	0	1000,04	5.k=1.moyenne	2108,8	ERA5
1064926	25/06/2025	22	25/06/2025	18	HAE	27,9	0	12,2	0	38,0	0	10,0	0	280,0	0	1000,16	5.k=1.moyenne	1655,4	ERA5
1064927	25/06/2025	23	25/06/2025	19	HAE	27,6	0	7,9	0	29,0	0	13,0	0	290,0	0	1000,39	5.k=1.moyenne	1073,4	ERA5
1064928	26/06/2025	00	25/06/2025	20	HAE	25,5	0	7,2	0	31,0	0	4,0	0	350,0	0	1000,77	5.k=1.moyenne	481,2	ERA5
1064929	26/06/2025	01	25/06/2025	21	HAE	21,1	0	8,7	0	45,0	0	2,0	0	10,0	0	1001,43	5.k=1.moyenne	62,2	ERA5
1064930	26/06/2025	02	25/06/2025	22	HAE	18,5	0	10,2	0	58,0	0	1,0	0	330,0	0	1001,98	5.k=1.moyenne	0,0	ERA5
1064931	26/06/2025	03	25/06/2025	23	HAE	17,4	0	9,9	0	61,0	0	2,0	0	40,0	0	1002,38	5.k=1.moyenne	0,0	ERA5
1064932	26/06/2025	04	26/06/2025	00	HAE	19,0	0	8,4	0	50,0	0	5,0	0	30,0	0	1002,61	5.k=1.moyenne	0,0	ERA5
1064933	26/06/2025	05	26/06/2025	01	HAE	19,8	0	7,0	0	44,0	0	13,0	0	40,0	0	1002,92	5.k=1.moyenne	0,0	ERA5
1064934	26/06/2025	06	26/06/2025	02	HAE	18,8	0	6,9	0	46,0	0	7,0	0	30,0	0	1002,92	5.k=1.moyenne	-0,0	ERA5
1064935	26/06/2025	07	26/06/2025	03	HAE	16,8	0	7,1	0	53,0	0	6,0	0	20,0	0	1003,12	5.k=1.moyenne	0,0	ERA5
1064936	26/06/2025	08	26/06/2025	04	HAE	16,6	0	7,0	0	53,0	0	5,0	0	30,0	0	1003,14	5.k=1.moyenne	0,0	ERA5
1064937	26/06/2025	09	26/06/2025	05	HAE	15,4	0	7,7	0	60,0	0	3,0	0	10,0	0	1003,54	5.k=1.moyenne	0,0	ERA5
1064938	26/06/2025	10	26/06/2025	06	HAE	15,7	0	7,7	0	59,0	0	6,0	0	30,0	0	1003,82	5.k=1.moyenne	76,5	ERA5
1064939	26/06/2025	11	26/06/2025	07	HAE	16,0	0	8,1	0	59,0	0	7,0	0	20,0	0	1004,03	5.k=1.moyenne	456,8	ERA5
1064940	26/06/2025	12	26/06/2025	08	HAE	17,1	0	9,0	0	59,0	0	6,0	0	30,0	0	1004,29	5.k=1.moyenne	1038,6	ERA5
1064941	26/06/2025	13	26/06/2025	09	HAE	17,5	0	8,5	0	55,0	0	7,0	0	30,0	0	1004,1	5.k=1.moyenne	725,0	ERA5
1064942	26/06/2025	14	26/06/2025	10	HAE	17,8	0	8,6	0	55,0	0	6,0	0	50,0	0	1003,84	5.k=1.moyenne	1073,9	ERA5
1064943	26/06/2025	15	26/06/2025	11	HAE	18,4	0	7,8	0	50,0	0	12,0	0	20,0	0	1003,88	5.k=1.moyenne	1040,8	ERA5
1064944	26/06/2025	16	26/06/2025	12	HAE	18,8	0	6,6	0	45,0	0	9,0	0	40,0	0	1003,7	5.k=1.moyenne	891,1	ERA5
1064945	26/06/2025	17	26/06/2025	13	HAE	19,0	0	6,0	0	43,0	0	7,0	0	40,0	0	1003,49	5.k=1.moyenne	781,2	ERA5
1064946	26/06/2025	18	26/06/2025	14	HAE	19,4	0	6,2	0	42,0	0	9,0	0	40,0	0	1003,19	5.k=1.moyenne	1093,5	ERA5
1064947	26/06/2025	19	26/06/2025	15	HAE	19,8	0	6,1	0	41,0	0	11,0	0	30,0	0	1002,88	5.k=1.moyenne	1241,4	ERA5
1064948	26/06/2025	20	26/06/2025	16	HAE	20,2	0	7,2	0	43,0	0	13,0	0	40,0	0	1002,42	5.k=1.moyenne	2262,0	ERA5
1064949	26/06/2025	21	26/06/2025	17	HAE	19,5	0	6,0	0	41,0	0	10,0	0	40,0	0	1002,19	5.k=1.moyenne	1847,1	ERA5
1064950	26/06/2025	22	26/06/2025	18	HAE	20,6	0	6,3	0	39,0	0	6,0	0	10,0	0	1002,16	5.k=1.moyenne	1609,5	ERA5
1064951	26/06/2025	23	26/06/2025	19	HAE	20,5	0	3,4	0	32,0	0	6,0	0	20,0	0	1002,25	5.k=1.moyenne	1070,5	ERA5
1064952	27/06/2025	00	26/06/2025	20	HAE	19,5	0	5,8	0	41,0	0	2,0	0	60,0	0	1002,38	5.k=1.moyenne	476,5	ERA5
1064953	27/06/2025	01	26/06/2025	21	HAE	15,5	0	8,4	0	62,0	0	0,0	0	40,0	0	1002,73	5.k=1.moyenne	63,0	ERA5
1064954	27/06/2025	02	26/06/2025	22	HAE	13,2	0	8,0	0	71,0	0	1,0	0	20,0	0	1003,41	5.k=1.moyenne	-0,0	ERA5
1064955	27/06/2025	03	26/06/2025	23	HAE	12,1	0	7,9	0	76,0	0	1,0	0	20,0	0	1003,95	5.k=1.moyenne	0,0	ERA5
1064956	27/06/2025	04	27/06/2025	00	HAE	11,6	0	8,9	0	83,0	0	0,0	0	0,0	0	1004,51	5.k=1.moyenne	0,0	ERA5
1064957	27/06/2025	05	27/06/2025	01	HAE	11,9	0	8,9	0	82,0	0	2,0	0	30,0	0	1004,92	5.k=1.moyenne	0,0	ERA5
1064958	27/06/2025	06	27/06/2025	02	HAE	11,6	0	9,7	0	88,0	0	1,0	0	180,0	0	1004,92	5.k=1.moyenne	0,0	ERA5
1064959	27/06/2025	07	27/06/2025	03	HAE	12,3	0	9,6	0	84,0	0	1,0	0	50,0	0	1004,98	5.k=1.moyenne	0,0	ERA5
1064960	27/06/2025	08	27/06/2025	04	HAE	11,8	0	9,6	0	86,0	0	0,0	0	110,0	0	1005,05	5.k=1.moyenne	0,0	ERA5
1064961	27/06/2025	09	27/06/2025	05	HAE	11,7	0	8,9	0	83,0	0	4,0	0	170,0	0	1005,4	5.k=1.moyenne	0,0	ERA5
1064962	27/06/2025	10	27/06/2025	06	HAE	12,6	0	9,3	0	80,0	0	0,0	0	50,0	0	1005,92	5.k=1.moyenne	83,7	ERA5
1064963	27/06/2025	11	27/06/2025	07	HAE	14,2	0	9,6	0	74,0	0	5,0	0	90,0	0	1006,25	5.k=1.moyenne	478,3	ERA5
1064964	27/06/2025	12	27/06/2025	08	HAE	16,8	0	9,3	0	61,0	0	5,0	0	110,0	0	1006,4	5.k=1.moyenne	1111,4	ERA5
1064965	27/06/2025	13	27/06/2025	09	HAE	18,9	0	9,1	0	53,0	0	7,0	0	100,0	0	1006,47	5.k=1.moyenne	1719,1	ERA5
1064966	27/06/2025	14	27/06/2025	10	HAE	21,5	0	8,6	0	44,0	0	7,0	0	130,0	0	1006,2	5.k=1.moyenne	2412,0	ERA5
1064967	27/06/2025	15	27/06/2025	11	HAE	23,3	0	8,2	0	38,0	0	11,0	0	140,0	0	1005,81	5.k=1.moyenne	2916,0	ERA5
1064968	27/06/2025	16	27/06/2025	12	HAE	24,1	0	5,4	0	30,0	0	15,0	0	130,0	0	1005,3	5.k=1.moyenne	3162,7	ERA5
1064969	27/06/2025	17	27/06/2025	13	HAE	24,4	0	6,7	0	32,0	0	14,0	0	140,0	0	1004,84	5.k=1.moyenne	3209,6	ERA5
1064970	27/06/2025	18	27/06/2025	14	HAE	24,8	0	5,8	0	30,0	0	19,0	0	170,0	0	1004,17	5.k=1.moyenne	3002,0	ERA5
1064971	27/06/2025	19	27/06/2025	15	HAE	25,3	0	7,5	0	32,0	0	21,0	0	160,0	0	1003,59	5.k=1.moyenne	1867,0	ERA5
1064972	27/06/2025	20	27/06/2025	16	HAE	24,7	0	11,4	0	43,0	0	16,0	0	190,0	0	1003,0	5.k=1.moyenne	1371,2	ERA5
1064973	27/06/2025	21	27/06/2025	17	HAE	23,9	0	13,7	0	53,0	0	13,0	0	170,0	0	1002,62	5.k=1.moyenne	1193,0	ERA5
1064974	27/06/2025	22	27/06/2025	18	HAE	22,4	0	15,1	0	63,0	0	14,0	0	180,0	0	1002,15	5.k=1.moyenne	405,7	ERA5
1064975	27/06/2025	23	27/06/2025	19	HAE	19,2	0	16,9	0	86,0	0	6,0	0	180,0	0	1001,77	5.k=1.moyenne	190,0	ERA5
1064976	28/06/2025	00	27/06/2025	20	HAE	17,2	0	17,2	0	92,0	4.lineaire	18,0	0	150,0	0	1001,49	5.k=1.moyenne	94,3	ERA5
1064977	28/06/2025	01	27/06/2025	21	HAE	17,2	0	16,8	0	98,0	0	24,0	0	150,0	0	1001,21	5.k=1.moyenne	12,0	ERA5
1064978	28/06/2025	02	27/06/2025	22	HAE	17,2	0	16,8	0	98,0	0	14,0	0	130,0	0	1001,07	5.k=1.moyenne	0,0	ERA5
1064979	28/06/2025	03	27/06/2025	23	HAE	17,7	0	15,1	0	85,0	0	19,0	0	150,0	0	1001,03	5.k=1.moyenne	0,0	ERA5
1064980	28/06/2025	04	28/06/2025	00	HAE	18,5	0	13,8	0	74,0	0	22,0	0	180,0	0	1000,75	5.k=1.moyenne	0,0	ERA5
1064981	28/06/2025	05	28/06/2025	01	HAE	18,7	0	12,8	0	69,0	0	28,0	0	180,0	0	1000,24	5.k=1.moyenne	-0,0	ERA5
1064982	28/06/2025	06	28/06/2025	02	HAE	18,6	0	11,5	0	63,0	0	27,0	0	180,0	0	1000,24	5.k=1.moyenne	0,0	ERA5
1064983	28/06/2025	07	28/06/2025	03	HAE	18,3	0	11,1	0	63,0	0	21,0	0	180,0	0	999,649	5.k=1.moyenne	0,0	ERA5
1064984	28/06/2025	08	28/06/2025	04	HAE	18,1	0	10,2	0	60,0	0	21,0	0	190,0	0	999,447	5.k=1.moyenne	0,0	ERA5
1064985	28/06/2025	09	28/06/2025	05	HAE	17,1	0	11,1	0	68,0	0	24,0	0	180,0	0	999,287	5.k=1.moyenne	0,0	ERA5
1064986	28/06/2025	10	28/06/2025	06	HAE	16,2	0	11,9	0	76,0	0	15,0	0	190,0	0	999,149	5.k=1.moyenne	21,7	ERA5
1064987	28/06/2025	11	28/06/2025	07	HAE	15,7	0	12,4	0	80,0	0	16,0	0	150,0	0	998,951	5.k=1.moyenne	116,9	ERA5
1064988	28/06/2025	12	28/06/2025	08	HAE	16,7	0	11,9	0	73,0	0	22,0	0	170,0	0	998,918	5.k=1.moyenne	221,5	ERA5
1064989	28/06/2025	13	28/06/2025	09	HAE	17,3	0	12,0	0	71,0	0	31,0	0	180,0	0	998,743	5.k=1.moyenne	404,1	ERA5
1064990	28/06/2025	14	28/06/2025	10	HAE	16,1	0	13,5	0	85,0	0	30,0	0	170,0	0	998,222	5.k=1.moyenne	402,9	ERA5
1064991	28/06/2025	15	28/06/2025	11	HAE	15,4	0	15,3	0	99,0	0	25,0	0	170,0	0	998,11	5.k=1.moyenne	584,4	ERA5
1064992	28/06/2025	16	28/06/2025	12	HAE	16,1	0	16,0	0	99,0	0	26,0	0	170,0	0	997,652	5.k=1.moyenne	697,2	ERA5
1064993	28/06/2025	17	28/06/2025	13	HAE	18,0	0	16,0	0	88,0	0	26,0	0	170,0	0	997,317	5.k=1.moyenne	1106,6	ERA5
1064994	28/06/2025	18	28/06/2025	14	HAE	20,6	0	17,4	0	82,0	0	25,0	0	170,0	0	997,064	5.k=1.moyenne	1063,6	ERA5
1064995	28/06/2025	19	28/06/2025	15	HAE	24,2	0	19,1	0	73,0	0	25,0	0	180,0	0	996,833	5.k=1.moyenne	1384,8	ERA5
1064996	28/06/2025	20	28/06/2025	16	HAE	24,6	0	19,1	0	71,0	0	25,0	0	180,0	0	996,52	5.k=1.moyenne	1535,1	ERA5
1064997	28/06/2025	21	28/06/2025	17	HAE	25,1	0	19,2	0	70,0	0	26,0	0	180,0	0	996,33	5.k=1.moyenne	1729,9	ERA5
1064998	28/06/2025	22	28/06/2025	18	HAE	25,1	0	19,3	0	70,0	0	21,0	0	180,0	0	996,141	5.k=1.moyenne	1387,5	ERA5
1064999	28/06/2025	23	28/06/2025	19	HAE	24,9	0	19,6	0	72,0	0	24,0	0	180,0	0	996,177	5.k=1.moyenne	742,2	ERA5
1065000	29/06/2025	00	28/06/2025	20	HAE	23,4	0	19,5	0	79,0	0	21,0	0	180,0	0	996,193	5.k=1.moyenne	363,1	ERA5
1065001	29/06/2025	01	28/06/2025	21	HAE	22,9	0	19,5	0	81,0	0	14,0	0	180,0	0	996,25	5.k=1.moyenne	39,5	ERA5
1065002	29/06/2025	02	28/06/2025	22	HAE	21,6	0	21,2	0	98,0	0	11,0	0	200,0	0	996,695	5.k=1.moyenne	0,0	ERA5
1065003	29/06/2025	03	28/06/2025	23	HAE	20,9	0	20,8	0	99,0	0	8,0	0	320,0	0	996,61	5.k=1.moyenne	0,0	ERA5
1065004	29/06/2025	04	29/06/2025	00	HAE	19,6	0	19,6	0	99,0	4.constant	8,0	0	240,0	0	996,668	5.k=1.moyenne	0,0	ERA5
1065005	29/06/2025	05	29/06/2025	01	HAE	19,1	0	19,1	0	99,0	4.constant	4,0	0	270,0	0	996,522	5.k=1.moyenne	0,0	ERA5
1065006	29/06/2025	06	29/06/2025	02	HAE	18,2	0	16,7	0	91,0	0	8,0	0	260,0	0	996,522	5.k=1.moyenne	0,0	ERA5
1065007	29/06/2025	07	29/06/2025	03	HAE	18,2	0	15,6	0	85,0	0	13,0	0	260,0	0	996,448	5.k=1.moyenne	0,0	ERA5
1065008	29/06/2025	08	29/06/2025	04	HAE	17,9	0	15,4	0	85,0	0	12,0	0	250,0	0	996,395	5.k=1.moyenne	0,0	ERA5
1065009	29/06/2025	09	29/06/2025	05	HAE	17,1	0	15,6	0	91,0	0	14,0	0	230,0	0	996,527	5.k=1.moyenne	0,0	ERA5
1065010	29/06/2025	10	29/06/2025	06	HAE	16,8	0	16,3	0	97,0	0	14,0	0	230,0	0	996,803	5.k=1.moyenne	29,3	ERA5
1065011	29/06/2025	11	29/06/2025	07	HAE	17,4	0	16,5	0	95,0	0	10,0	0	230,0	0	996,957	5.k=1.moyenne	229,6	ERA5
1065012	29/06/2025	12	29/06/2025	08	HAE	18,2	0	16,2	0	88,0	0	10,0	0	240,0	0	997,255	5.k=1.moyenne	452,8	ERA5
1065013	29/06/2025	13	29/06/2025	09	HAE	19,0	0	15,7	0	81,0	0	11,0	0	270,0	0	997,349	5.k=1.moyenne	708,1	ERA5
1065014	29/06/2025	14	29/06/2025	10	HAE	19,6	0	15,9	0	79,0	0	13,0	0	250,0	0	997,159	5.k=1.moyenne	707,2	ERA5
1065015	29/06/2025	15	29/06/2025	11	HAE	19,5	0	15,6	0	78,0	0	12,0	0	250,0	0	997,05	5.k=1.moyenne	1049,2	ERA5
1065016	29/06/2025	16	29/06/2025	12	HAE	21,1	0	15,8	0	72,0	0	13,0	0	250,0	0	996,902	5.k=1.moyenne	1130,3	ERA5
1065017	29/06/2025	17	29/06/2025	13	HAE	21,9	0	15,3	0	66,0	0	17,0	0	280,0	0	996,59	5.k=1.moyenne	1044,6	ERA5
1065018	29/06/2025	18	29/06/2025	14	HAE	22,5	0	16,2	0	68,0	0	18,0	0	260,0	0	996,524	5.k=1.moyenne	992,1	ERA5
1065019	29/06/2025	19	29/06/2025	15	HAE	21,8	0	15,3	0	66,0	0	20,0	0	250,0	0	996,376	5.k=1.moyenne	1263,3	ERA5
1065020	29/06/2025	20	29/06/2025	16	HAE	21,9	0	15,5	0	67,0	0	15,0	0	260,0	0	996,372	5.k=1.moyenne	1021,0	ERA5
1065021	29/06/2025	21	29/06/2025	17	HAE	23,1	0	15,7	0	63,0	0	13,0	0	270,0	0	996,001	5.k=1.moyenne	1229,9	ERA5
1065022	29/06/2025	22	29/06/2025	18	HAE	22,8	0	14,8	0	61,0	0	15,0	0	270,0	0	995,794	5.k=1.moyenne	893,0	ERA5
1065023	29/06/2025	23	29/06/2025	19	HAE	22,0	0	14,9	0	64,0	0	12,0	0	270,0	0	995,464	5.k=1.moyenne	750,2	ERA5
1065024	30/06/2025	00	29/06/2025	20	HAE	20,8	0	15,2	0	70,0	0	7,0	0	260,0	0	995,44	5.k=1.moyenne	273,8	ERA5
1065025	30/06/2025	01	29/06/2025	21	HAE	19,0	0	15,4	0	80,0	0	6,0	0	240,0	0	995,499	5.k=1.moyenne	47,7	ERA5
1065026	30/06/2025	02	29/06/2025	22	HAE	17,0	0	15,6	0	91,0	0	6,0	0	210,0	0	995,782	5.k=1.moyenne	0,0	ERA5
1065027	30/06/2025	03	29/06/2025	23	HAE	16,2	0	15,7	0	97,0	0	8,0	0	180,0	0	995,821	5.k=1.moyenne	-0,0	ERA5
1065028	30/06/2025	04	30/06/2025	00	HAE	15,3	0	15,3	0	97,0	4.constant	4,0	0	180,0	0	995,758	5.k=1.moyenne	0,0	ERA5
1065029	30/06/2025	05	30/06/2025	01	HAE	15,2	0	15,2	0	97,0	4.constant	4,0	0	180,0	0	995,674	5.k=1.moyenne	0,0	ERA5
1065030	30/06/2025	06	30/06/2025	02	HAE	15,1	0	15,1	0	97,0	5.k=1.STE-CLOTHILDE	4,0	0	180,0	0	995,674	5.k=1.moyenne	0,0	ERA5
1065031	30/06/2025	07	30/06/2025	03	HAE	14,5	0	14,5	0	98,214	5.k=1.STE-CLOTHILDE	6,0	0	170,0	0	995,567	5.k=1.moyenne	0,0	ERA5
1065032	30/06/2025	08	30/06/2025	04	HAE	14,9	0	14,9	0	96,857	5.k=1.STE-CLOTHILDE	7,0	0	180,0	0	995,542	5.k=1.moyenne	0,0	ERA5
1065033	30/06/2025	09	30/06/2025	05	HAE	14,4	0	14,4	0	96,357	5.k=1.STE-CLOTHILDE	8,0	0	170,0	0	995,558	5.k=1.moyenne	0,0	ERA5
1065034	30/06/2025	10	30/06/2025	06	HAE	15,9	0	15,9	0	95,0	5.k=1.STE-CLOTHILDE	9,0	0	160,0	0	995,656	5.k=1.moyenne	83,3	ERA5
1065035	30/06/2025	11	30/06/2025	07	HAE	18,0	0	17,1	0	95,0	0	12,0	0	170,0	0	995,632	5.k=1.moyenne	514,0	ERA5
1065036	30/06/2025	12	30/06/2025	08	HAE	19,9	0	16,9	0	83,0	0	13,0	0	170,0	0	995,567	5.k=1.moyenne	1106,8	ERA5
1065037	30/06/2025	13	30/06/2025	09	HAE	21,7	0	17,1	0	75,0	0	15,0	0	180,0	0	995,585	5.k=1.moyenne	1632,7	ERA5
1065038	30/06/2025	14	30/06/2025	10	HAE	23,7	0	17,4	0	68,0	0	17,0	0	170,0	0	995,276	5.k=1.moyenne	2313,5	ERA5
1065039	30/06/2025	15	30/06/2025	11	HAE	25,4	0	17,2	0	61,0	0	18,0	0	190,0	0	995,049	5.k=1.moyenne	2789,2	ERA5
1065040	30/06/2025	16	30/06/2025	12	HAE	26,1	0	16,2	0	55,0	0	17,0	0	180,0	0	994,536	5.k=1.moyenne	3129,4	ERA5
1065041	30/06/2025	17	30/06/2025	13	HAE	27,0	0	16,1	0	51,0	0	17,0	0	180,0	0	993,963	5.k=1.moyenne	3300,5	ERA5
1065042	30/06/2025	18	30/06/2025	14	HAE	27,3	0	14,7	0	46,0	0	22,0	0	170,0	0	993,348	5.k=1.moyenne	3293,5	ERA5
1065043	30/06/2025	19	30/06/2025	15	HAE	28,4	0	14,7	0	43,0	0	17,0	0	190,0	0	993,02	5.k=1.moyenne	3064,0	ERA5
1065044	30/06/2025	20	30/06/2025	16	HAE	29,1	0	16,1	0	45,0	0	10,0	0	190,0	0	992,6	5.k=1.moyenne	2722,1	ERA5
1065045	30/06/2025	21	30/06/2025	17	HAE	28,9	0	16,6	0	48,0	0	13,0	0	190,0	0	992,139	5.k=1.moyenne	2204,3	ERA5
1065046	30/06/2025	22	30/06/2025	18	HAE	29,0	0	16,0	0	45,0	0	16,0	0	180,0	0	991,832	5.k=1.moyenne	1566,9	ERA5
1065047	30/06/2025	23	30/06/2025	19	HAE	28,6	0	16,2	0	47,0	0	13,0	0	180,0	0	991,586	5.k=1.moyenne	1002,4	ERA5
1065048	01/07/2025	00	30/06/2025	20	HAE	26,6	0	17,2	0	56,0	0	9,0	0	170,0	0	991,523	5.k=1.moyenne	420,1	ERA5
1065049	01/07/2025	01	30/06/2025	21	HAE	24,5	0	16,9	0	62,0	0	8,0	0	150,0	0	991,44	5.k=1.moyenne	54,7	ERA5
1065050	01/07/2025	02	30/06/2025	22	HAE	22,2	0	17,0	0	72,0	0	7,0	0	160,0	0	991,317	5.k=1.moyenne	0,0	ERA5
1065051	01/07/2025	03	30/06/2025	23	HAE	23,1	0	16,2	0	65,0	0	12,0	0	150,0	0	990,847	5.k=1.moyenne	0,0	ERA5
1065052	01/07/2025	04	01/07/2025	00	HAE	21,7	0	17,0	0	74,0	0	8,0	0	180,0	0	990,479	5.k=1.moyenne	0,0	ERA5
1065053	01/07/2025	05	01/07/2025	01	HAE	21,3	0	17,8	0	80,0	0	6,0	0	180,0	0	990,029	5.k=1.moyenne	0,0	ERA5
1065054	01/07/2025	06	01/07/2025	02	HAE	22,1	0	18,4	0	79,0	0	10,0	0	170,0	0	990,029	5.k=1.moyenne	0,0	ERA5
1065055	01/07/2025	07	01/07/2025	03	HAE	22,4	0	18,6	0	79,0	0	8,0	0	180,0	0	989,603	5.k=1.moyenne	0,0	ERA5
1065056	01/07/2025	08	01/07/2025	04	HAE	21,7	0	19,2	0	85,0	0	2,0	0	220,0	0	989,078	5.k=1.moyenne	0,0	ERA5
1065057	01/07/2025	09	01/07/2025	05	HAE	20,9	0	20,15	4.lineaire	85,0	5.k=1.STE-CLOTHILDE	10,0	0	180,0	0	989,026	5.k=1.moyenne	0,0	ERA5
1065058	01/07/2025	10	01/07/2025	06	HAE	21,1	0	21,1	0	86,6284	5.k=1.STE-CLOTHILDE	14,0	0	180,0	0	988,793	5.k=1.moyenne	8,1	ERA5
1065059	01/07/2025	11	01/07/2025	07	HAE	21,1	0	21,1	0	88,2568	5.k=1.STE-CLOTHILDE	12,0	0	180,0	0	988,684	5.k=1.moyenne	107,1	ERA5
1065060	01/07/2025	12	01/07/2025	08	HAE	21,5	0	21,5	0	89,0282	5.k=1.STE-CLOTHILDE	12,0	0	210,0	0	988,598	5.k=1.moyenne	219,8	ERA5
1065061	01/07/2025	13	01/07/2025	09	HAE	21,8	0	21,8	0	89,7996	5.k=1.STE-CLOTHILDE	9,0	0	190,0	0	988,269	5.k=1.moyenne	306,1	ERA5
1065062	01/07/2025	14	01/07/2025	10	HAE	22,7	0	22,7	0	88,0	5.k=1.STE-CLOTHILDE	10,0	0	210,0	0	987,922	5.k=1.moyenne	305,3	ERA5
1065063	01/07/2025	15	01/07/2025	11	HAE	24,6	0	22,4	0	88,0	0	12,0	0	240,0	0	988,418	5.k=1.moyenne	694,0	ERA5
1065064	01/07/2025	16	01/07/2025	12	HAE	25,9	0	21,7	0	78,0	0	17,0	0	250,0	0	988,15	5.k=1.moyenne	1498,9	ERA5
1065065	01/07/2025	17	01/07/2025	13	HAE	26,7	0	21,6	0	74,0	0	12,0	0	250,0	0	987,801	5.k=1.moyenne	2359,8	ERA5
1065066	01/07/2025	18	01/07/2025	14	HAE	27,4	0	21,9	0	72,0	0	12,0	0	260,0	0	987,349	5.k=1.moyenne	2028,2	ERA5
1065067	01/07/2025	19	01/07/2025	15	HAE	27,8	0	21,8	0	70,0	0	16,0	0	230,0	0	987,023	5.k=1.moyenne	2386,8	ERA5
1065068	01/07/2025	20	01/07/2025	16	HAE	27,6	0	21,9	0	71,0	0	11,0	0	240,0	0	986,865	5.k=1.moyenne	2036,6	ERA5
1065069	01/07/2025	21	01/07/2025	17	HAE	27,3	0	18,6	0	59,0	0	9,0	0	260,0	0	986,395	5.k=1.moyenne	1489,2	ERA5
1065070	01/07/2025	22	01/07/2025	18	HAE	27,0	0	21,7	0	73,0	0	15,0	0	250,0	0	986,364	5.k=1.moyenne	642,1	ERA5
1065071	01/07/2025	23	01/07/2025	19	HAE	26,0	0	19,5	0	67,0	0	12,0	0	290,0	0	986,354	5.k=1.moyenne	604,4	ERA5
1065072	02/07/2025	00	01/07/2025	20	HAE	22,5	0	17,6	0	74,0	0	16,0	0	250,0	0	986,616	5.k=1.moyenne	213,6	ERA5
1065073	02/07/2025	01	01/07/2025	21	HAE	21,1	0	18,6	0	85,0	0	18,0	0	230,0	0	986,9	5.k=1.moyenne	38,3	ERA5
1065074	02/07/2025	02	01/07/2025	22	HAE	19,9	0	18,1	0	90,0	0	12,0	0	230,0	0	987,018	5.k=1.moyenne	0,0	ERA5
1065075	02/07/2025	03	01/07/2025	23	HAE	19,9	0	18,5	0	92,0	0	6,0	0	220,0	0	987,011	5.k=1.moyenne	0,0	ERA5
1065076	02/07/2025	04	02/07/2025	00	HAE	20,1	0	18,2	0	89,0	0	7,0	0	200,0	0	987,005	5.k=1.moyenne	0,0	ERA5
1065077	02/07/2025	05	02/07/2025	01	HAE	19,7	0	18,0	0	90,0	0	4,0	0	180,0	0	986,937	5.k=1.moyenne	0,0	ERA5
1065078	02/07/2025	06	02/07/2025	02	HAE	19,2	0	18,3	0	94,0	0	4,0	0	170,0	0	986,937	5.k=1.moyenne	0,0	ERA5
1065079	02/07/2025	07	02/07/2025	03	HAE	20,4	0	19,3	0	93,0	0	6,0	0	240,0	0	986,89	5.k=1.moyenne	0,0	ERA5
1065080	02/07/2025	08	02/07/2025	04	HAE	20,9	0	19,2	0	90,0	0	12,0	0	250,0	0	986,909	5.k=1.moyenne	0,0	ERA5
1065081	02/07/2025	09	02/07/2025	05	HAE	20,4	0	18,9	0	91,0	0	10,0	0	250,0	0	987,138	5.k=1.moyenne	0,0	ERA5
1065082	02/07/2025	10	02/07/2025	06	HAE	20,2	0	18,7	0	91,0	0	10,0	0	250,0	0	987,596	5.k=1.moyenne	78,9	ERA5
1065083	02/07/2025	11	02/07/2025	07	HAE	21,2	0	18,2	0	83,0	0	10,0	0	260,0	0	987,854	5.k=1.moyenne	506,2	ERA5
1065084	02/07/2025	12	02/07/2025	08	HAE	22,0	0	17,5	0	76,0	0	14,0	0	260,0	0	988,014	5.k=1.moyenne	1105,4	ERA5
1065085	02/07/2025	13	02/07/2025	09	HAE	22,6	0	17,8	0	74,0	0	13,0	0	250,0	0	987,892	5.k=1.moyenne	1702,3	ERA5
1065086	02/07/2025	14	02/07/2025	10	HAE	24,0	0	18,2	0	70,0	0	16,0	0	230,0	0	987,978	5.k=1.moyenne	2289,1	ERA5
1065087	02/07/2025	15	02/07/2025	11	HAE	25,3	0	18,6	0	67,0	0	12,0	0	250,0	0	988,046	5.k=1.moyenne	2674,2	ERA5
1065088	02/07/2025	16	02/07/2025	12	HAE	26,1	0	18,6	0	64,0	0	16,0	0	260,0	0	988,015	5.k=1.moyenne	3034,1	ERA5
1065089	02/07/2025	17	02/07/2025	13	HAE	26,2	0	18,7	0	64,0	0	15,0	0	250,0	0	987,803	5.k=1.moyenne	3138,4	ERA5
1065090	02/07/2025	18	02/07/2025	14	HAE	27,0	0	18,5	0	60,0	0	14,0	0	250,0	0	988,027	5.k=1.moyenne	3005,1	ERA5
1065091	02/07/2025	19	02/07/2025	15	HAE	27,5	0	17,9	0	56,0	0	11,0	0	260,0	0	987,823	5.k=1.moyenne	2877,1	ERA5
1065092	02/07/2025	20	02/07/2025	16	HAE	27,5	0	16,6	0	51,0	0	15,0	0	260,0	0	987,955	5.k=1.moyenne	2491,6	ERA5
1065093	02/07/2025	21	02/07/2025	17	HAE	27,8	0	16,8	0	51,0	0	13,0	0	270,0	0	987,813	5.k=1.moyenne	1906,8	ERA5
1065094	02/07/2025	22	02/07/2025	18	HAE	27,8	0	17,6	0	54,0	0	9,0	0	250,0	0	987,733	5.k=1.moyenne	1240,4	ERA5
1065095	02/07/2025	23	02/07/2025	19	HAE	26,3	0	17,3	0	58,0	0	12,0	0	240,0	0	988,084	5.k=1.moyenne	857,8	ERA5
1065096	03/07/2025	00	02/07/2025	20	HAE	24,4	0	18,2	0	68,0	0	7,0	0	230,0	0	988,425	5.k=1.moyenne	347,9	ERA5
1065097	03/07/2025	01	02/07/2025	21	HAE	23,1	0	18,5	0	75,0	0	12,0	0	270,0	0	988,993	5.k=1.moyenne	54,3	ERA5
1065098	03/07/2025	02	02/07/2025	22	HAE	22,4	0	17,5	0	74,0	0	8,0	0	270,0	0	989,204	5.k=1.moyenne	0,0	ERA5
1065099	03/07/2025	03	02/07/2025	23	HAE	20,4	0	17,5	0	83,0	0	11,0	0	200,0	0	989,254	5.k=1.moyenne	0,0	ERA5
1065100	03/07/2025	04	03/07/2025	00	HAE	18,8	0	18,3	0	97,0	0	6,0	0	170,0	0	989,365	5.k=1.moyenne	0,0	ERA5
1065101	03/07/2025	05	03/07/2025	01	HAE	18,6	0	17,9	0	95,0	0	7,0	0	190,0	0	989,457	5.k=1.moyenne	0,0	ERA5
1065102	03/07/2025	06	03/07/2025	02	HAE	17,8	0	16,8	0	94,0	0	7,0	0	200,0	0	989,457	5.k=1.moyenne	0,0	ERA5
1065103	03/07/2025	07	03/07/2025	03	HAE	17,5	0	16,3	0	92,0	0	4,0	0	180,0	0	989,392	5.k=1.moyenne	0,0	ERA5
1065104	03/07/2025	08	03/07/2025	04	HAE	17,4	0	16,0	0	92,0	0	6,0	0	190,0	0	989,47	5.k=1.moyenne	0,0	ERA5
1065105	03/07/2025	09	03/07/2025	05	HAE	17,0	0	16,1	0	95,0	0	4,0	0	190,0	0	989,936	5.k=1.moyenne	0,0	ERA5
1065106	03/07/2025	10	03/07/2025	06	HAE	17,5	0	17,0	0	97,0	0	4,0	0	170,0	0	990,341	5.k=1.moyenne	76,8	ERA5
1065107	03/07/2025	11	03/07/2025	07	HAE	19,8	0	17,7	0	88,0	0	3,0	0	200,0	0	990,532	5.k=1.moyenne	455,6	ERA5
1065108	03/07/2025	12	03/07/2025	08	HAE	21,7	0	17,3	0	76,0	0	6,0	0	240,0	0	990,854	5.k=1.moyenne	901,4	ERA5
1065109	03/07/2025	13	03/07/2025	09	HAE	22,3	0	16,9	0	71,0	0	9,0	0	230,0	0	991,037	5.k=1.moyenne	1553,6	ERA5
1065110	03/07/2025	14	03/07/2025	10	HAE	21,9	0	16,8	0	73,0	0	11,0	0	260,0	0	991,099	5.k=1.moyenne	1944,4	ERA5
1065111	03/07/2025	15	03/07/2025	11	HAE	22,7	0	16,9	0	70,0	0	13,0	0	270,0	0	991,002	5.k=1.moyenne	1805,3	ERA5
1065112	03/07/2025	16	03/07/2025	12	HAE	22,2	0	16,6	0	70,0	0	13,0	0	280,0	0	991,0	5.k=1.moyenne	1800,5	ERA5
1065113	03/07/2025	17	03/07/2025	13	HAE	20,1	0	15,9	0	77,0	0	12,0	0	280,0	0	990,939	5.k=1.moyenne	1322,6	ERA5
1065114	03/07/2025	18	03/07/2025	14	HAE	18,9	0	14,6	0	76,0	0	7,0	0	300,0	0	990,637	5.k=1.moyenne	1832,7	ERA5
1065115	03/07/2025	19	03/07/2025	15	HAE	22,8	0	14,3	0	58,0	0	10,0	0	290,0	0	990,956	5.k=1.moyenne	1817,4	ERA5
1065116	03/07/2025	20	03/07/2025	16	HAE	23,1	0	15,9	0	64,0	0	7,0	0	290,0	0	991,259	5.k=1.moyenne	1921,7	ERA5
1065117	03/07/2025	21	03/07/2025	17	HAE	23,3	0	14,4	0	57,0	0	9,0	0	310,0	0	991,401	5.k=1.moyenne	1957,1	ERA5
1065118	03/07/2025	22	03/07/2025	18	HAE	22,4	0	15,0	0	63,0	0	6,0	0	310,0	0	991,828	5.k=1.moyenne	1309,4	ERA5
1065119	03/07/2025	23	03/07/2025	19	HAE	21,6	0	13,4	0	60,0	0	6,0	0	290,0	0	992,195	5.k=1.moyenne	539,0	ERA5
1065120	04/07/2025	00	03/07/2025	20	HAE	19,8	0	15,8	0	78,0	0	10,0	0	230,0	0	992,663	5.k=1.moyenne	274,1	ERA5
1065121	04/07/2025	01	03/07/2025	21	HAE	18,4	0	14,9	0	80,0	0	10,0	0	270,0	0	993,152	5.k=1.moyenne	51,3	ERA5
1065122	04/07/2025	02	03/07/2025	22	HAE	18,0	0	15,0	0	82,0	0	7,0	0	270,0	0	993,621	5.k=1.moyenne	0,0	ERA5
1065123	04/07/2025	03	03/07/2025	23	HAE	18,9	0	10,4	0	58,0	0	6,0	0	350,0	0	994,069	5.k=1.moyenne	-0,0	ERA5
1065124	04/07/2025	04	04/07/2025	00	HAE	18,4	0	9,9	0	58,0	0	9,0	0	330,0	0	994,232	5.k=1.moyenne	0,0	ERA5
1065125	04/07/2025	05	04/07/2025	01	HAE	16,6	0	9,7	0	63,0	0	6,0	0	320,0	0	994,558	5.k=1.moyenne	0,0	ERA5
1065126	04/07/2025	06	04/07/2025	02	HAE	15,3	0	9,9	0	70,0	0	8,0	0	290,0	0	994,558	5.k=1.moyenne	0,0	ERA5
1065127	04/07/2025	07	04/07/2025	03	HAE	14,3	0	10,3	0	77,0	0	7,0	0	290,0	0	994,605	5.k=1.moyenne	0,0	ERA5
1065128	04/07/2025	08	04/07/2025	04	HAE	13,0	0	10,3	0	84,0	0	3,0	0	270,0	0	994,856	5.k=1.moyenne	0,0	ERA5
1065129	04/07/2025	09	04/07/2025	05	HAE	12,5	0	10,7	0	89,0	0	2,0	0	290,0	0	996,047	5.k=1.moyenne	0,0	ERA5
1065130	04/07/2025	10	04/07/2025	06	HAE	12,9	0	10,8	0	87,0	0	5,0	0	290,0	0	996,489	5.k=1.moyenne	77,3	ERA5
1065131	04/07/2025	11	04/07/2025	07	HAE	15,0	0	11,0	0	77,0	0	5,0	0	270,0	0	996,829	5.k=1.moyenne	499,6	ERA5
1065132	04/07/2025	12	04/07/2025	08	HAE	16,5	0	9,8	0	64,0	0	8,0	0	310,0	0	997,18	5.k=1.moyenne	1119,4	ERA5
1065133	04/07/2025	13	04/07/2025	09	HAE	17,4	0	10,0	0	62,0	0	6,0	0	320,0	0	997,306	5.k=1.moyenne	1745,8	ERA5
1065134	04/07/2025	14	04/07/2025	10	HAE	18,2	0	9,5	0	57,0	0	8,0	0	310,0	0	997,555	5.k=1.moyenne	2218,5	ERA5
1065135	04/07/2025	15	04/07/2025	11	HAE	19,5	0	10,3	0	55,0	0	9,0	0	270,0	0	997,741	5.k=1.moyenne	2099,2	ERA5
1065136	04/07/2025	16	04/07/2025	12	HAE	19,9	0	9,7	0	52,0	0	11,0	0	330,0	0	997,683	5.k=1.moyenne	1939,1	ERA5
1065137	04/07/2025	17	04/07/2025	13	HAE	20,5	0	11,3	0	55,0	0	5,0	0	310,0	0	997,686	5.k=1.moyenne	1577,4	ERA5
1065138	04/07/2025	18	04/07/2025	14	HAE	22,3	0	11,8	0	51,0	0	11,0	0	300,0	0	997,566	5.k=1.moyenne	1639,5	ERA5
1065139	04/07/2025	19	04/07/2025	15	HAE	22,9	0	10,5	0	46,0	0	15,0	0	290,0	0	997,425	5.k=1.moyenne	1563,5	ERA5
1065140	04/07/2025	20	04/07/2025	16	HAE	23,6	0	10,6	0	44,0	0	10,0	0	320,0	0	997,582	5.k=1.moyenne	1996,0	ERA5
1065141	04/07/2025	21	04/07/2025	17	HAE	24,2	0	10,7	0	43,0	0	11,0	0	290,0	0	997,667	5.k=1.moyenne	1511,8	ERA5
1065142	04/07/2025	22	04/07/2025	18	HAE	23,6	0	10,5	0	43,0	0	12,0	0	270,0	0	997,773	5.k=1.moyenne	700,8	ERA5
1065143	04/07/2025	23	04/07/2025	19	HAE	23,4	0	10,7	0	45,0	0	12,0	0	260,0	0	997,879	5.k=1.moyenne	385,5	ERA5
1065144	05/07/2025	00	04/07/2025	20	HAE	22,0	0	12,1	0	54,0	0	9,0	0	240,0	0	997,984	5.k=1.moyenne	238,3	ERA5
1065145	05/07/2025	01	04/07/2025	21	HAE	19,4	0	12,8	0	66,0	0	8,0	0	230,0	0	998,215	5.k=1.moyenne	44,8	ERA5
1065146	05/07/2025	02	04/07/2025	22	HAE	17,3	0	13,0	0	75,0	0	8,0	0	240,0	0	998,799	5.k=1.moyenne	0,0	ERA5
1065147	05/07/2025	03	04/07/2025	23	HAE	16,7	0	12,8	0	78,0	0	7,0	0	220,0	0	999,071	5.k=1.moyenne	0,0	ERA5
1065148	05/07/2025	04	05/07/2025	00	HAE	16,1	0	12,5	0	80,0	0	7,0	0	220,0	0	999,114	5.k=1.moyenne	0,0	ERA5
1065149	05/07/2025	05	05/07/2025	01	HAE	14,3	0	12,4	0	88,0	0	6,0	0	190,0	0	999,136	5.k=1.moyenne	0,0	ERA5
1065150	05/07/2025	06	05/07/2025	02	HAE	14,9	0	12,1	0	83,0	0	6,0	0	220,0	0	999,136	5.k=1.moyenne	0,0	ERA5
1065151	05/07/2025	07	05/07/2025	03	HAE	14,1	0	13,1	0	94,0	0	5,0	0	170,0	0	999,029	5.k=1.moyenne	0,0	ERA5
1065152	05/07/2025	08	05/07/2025	04	HAE	13,6	0	12,1	0	91,0	0	5,0	0	180,0	0	999,049	5.k=1.moyenne	0,0	ERA5
1065153	05/07/2025	09	05/07/2025	05	HAE	12,4	0	12,1	0	98,0	0	4,0	0	180,0	0	999,133	5.k=1.moyenne	0,0	ERA5
1065154	05/07/2025	10	05/07/2025	06	HAE	12,9	0	12,9	0	93,0	4.lineaire	4,0	0	180,0	0	999,099	5.k=1.moyenne	70,7	ERA5
1065155	05/07/2025	11	05/07/2025	07	HAE	16,2	0	14,2	0	88,0	0	6,0	0	180,0	0	999,25	5.k=1.moyenne	488,1	ERA5
1065156	05/07/2025	12	05/07/2025	08	HAE	18,2	0	15,0	0	82,0	0	9,0	0	170,0	0	999,18	5.k=1.moyenne	1028,5	ERA5
1065157	05/07/2025	13	05/07/2025	09	HAE	20,4	0	15,0	0	71,0	0	10,0	0	170,0	0	998,908	5.k=1.moyenne	1510,9	ERA5
1065158	05/07/2025	14	05/07/2025	10	HAE	22,7	0	15,7	0	64,0	0	11,0	0	190,0	0	998,394	5.k=1.moyenne	2152,5	ERA5
1065159	05/07/2025	15	05/07/2025	11	HAE	23,0	0	15,0	0	61,0	0	15,0	0	190,0	0	998,086	5.k=1.moyenne	2535,4	ERA5
1065160	05/07/2025	16	05/07/2025	12	HAE	25,0	0	15,8	0	57,0	0	14,0	0	190,0	0	997,697	5.k=1.moyenne	2744,9	ERA5
1065161	05/07/2025	17	05/07/2025	13	HAE	25,1	0	15,7	0	56,0	0	18,0	0	190,0	0	997,25	5.k=1.moyenne	2597,9	ERA5
1065162	05/07/2025	18	05/07/2025	14	HAE	24,2	0	15,1	0	57,0	0	19,0	0	170,0	0	996,804	5.k=1.moyenne	2011,8	ERA5
1065163	05/07/2025	19	05/07/2025	15	HAE	24,3	0	14,1	0	53,0	0	16,0	0	180,0	0	996,543	5.k=1.moyenne	1002,6	ERA5
1065164	05/07/2025	20	05/07/2025	16	HAE	23,5	0	14,5	0	57,0	0	22,0	0	170,0	0	996,059	5.k=1.moyenne	1724,7	ERA5
1065165	05/07/2025	21	05/07/2025	17	HAE	24,2	0	14,3	0	54,0	0	18,0	0	170,0	0	995,515	5.k=1.moyenne	1730,5	ERA5
1065166	05/07/2025	22	05/07/2025	18	HAE	24,7	0	15,2	0	55,0	0	20,0	0	180,0	0	994,931	5.k=1.moyenne	1053,4	ERA5
1065167	05/07/2025	23	05/07/2025	19	HAE	24,8	0	14,4	0	52,0	0	20,0	0	180,0	0	994,573	5.k=1.moyenne	561,1	ERA5
1065168	06/07/2025	00	05/07/2025	20	HAE	23,9	0	14,8	0	57,0	0	13,0	0	190,0	0	994,481	5.k=1.moyenne	239,9	ERA5
1065169	06/07/2025	01	05/07/2025	21	HAE	22,8	0	14,2	0	58,0	0	14,0	0	190,0	0	994,268	5.k=1.moyenne	32,9	ERA5
1065170	06/07/2025	02	05/07/2025	22	HAE	22,1	0	14,5	0	62,0	0	13,0	0	180,0	0	994,238	5.k=1.moyenne	0,0	ERA5
1065171	06/07/2025	03	05/07/2025	23	HAE	22,1	0	15,2	0	65,0	0	15,0	0	180,0	0	993,863	5.k=1.moyenne	0,0	ERA5
1065172	06/07/2025	04	06/07/2025	00	HAE	21,4	0	15,5	0	69,0	0	12,0	0	180,0	0	993,325	5.k=1.moyenne	0,0	ERA5
1065173	06/07/2025	05	06/07/2025	01	HAE	21,1	0	15,7	0	71,0	0	11,0	0	180,0	0	992,931	5.k=1.moyenne	0,0	ERA5
1065174	06/07/2025	06	06/07/2025	02	HAE	21,2	0	16,0	0	72,0	0	11,0	0	190,0	0	992,931	5.k=1.moyenne	0,0	ERA5
1065175	06/07/2025	07	06/07/2025	03	HAE	21,0	0	16,0	0	73,0	0	11,0	0	180,0	0	992,635	5.k=1.moyenne	0,0	ERA5
1065176	06/07/2025	08	06/07/2025	04	HAE	20,9	0	16,4	0	75,0	0	7,0	0	180,0	0	992,318	5.k=1.moyenne	0,0	ERA5
1065177	06/07/2025	09	06/07/2025	05	HAE	20,6	0	16,6	0	78,0	0	7,0	0	180,0	0	992,397	5.k=1.moyenne	0,0	ERA5
1065178	06/07/2025	10	06/07/2025	06	HAE	20,9	0	16,9	0	78,0	0	9,0	0	180,0	0	992,519	5.k=1.moyenne	57,6	ERA5
1065179	06/07/2025	11	06/07/2025	07	HAE	21,8	0	17,3	0	76,0	0	10,0	0	170,0	0	992,724	5.k=1.moyenne	414,1	ERA5
1065180	06/07/2025	12	06/07/2025	08	HAE	22,5	0	17,9	0	75,0	0	12,0	0	180,0	0	992,825	5.k=1.moyenne	926,4	ERA5
1065181	06/07/2025	13	06/07/2025	09	HAE	23,5	0	18,5	0	73,0	0	16,0	0	170,0	0	992,926	5.k=1.moyenne	1499,6	ERA5
1065182	06/07/2025	14	06/07/2025	10	HAE	26,3	0	19,6	0	67,0	0	19,0	0	170,0	0	992,945	5.k=1.moyenne	1757,5	ERA5
1065183	06/07/2025	15	06/07/2025	11	HAE	28,7	0	20,3	0	60,0	0	15,0	0	200,0	0	993,046	5.k=1.moyenne	2338,2	ERA5
1065184	06/07/2025	16	06/07/2025	12	HAE	30,9	0	20,4	0	54,0	0	18,0	0	230,0	0	993,003	5.k=1.moyenne	2812,6	ERA5
1065185	06/07/2025	17	06/07/2025	13	HAE	31,3	0	20,2	0	52,0	0	15,0	0	240,0	0	992,813	5.k=1.moyenne	2887,0	ERA5
1065186	06/07/2025	18	06/07/2025	14	HAE	32,4	0	19,0	0	45,0	0	15,0	0	260,0	0	992,666	5.k=1.moyenne	2904,4	ERA5
1065187	06/07/2025	19	06/07/2025	15	HAE	33,6	0	21,2	0	48,0	0	14,0	0	240,0	0	992,706	5.k=1.moyenne	2498,7	ERA5
1065188	06/07/2025	20	06/07/2025	16	HAE	33,3	0	19,8	0	45,0	0	21,0	0	240,0	0	992,787	5.k=1.moyenne	2198,1	ERA5
1065189	06/07/2025	21	06/07/2025	17	HAE	31,6	0	19,0	0	47,0	0	18,0	0	240,0	0	993,119	5.k=1.moyenne	1753,9	ERA5
1065190	06/07/2025	22	06/07/2025	18	HAE	26,5	0	21,2	0	73,0	0	9,0	0	330,0	0	993,389	5.k=1.moyenne	913,7	ERA5
1065191	06/07/2025	23	06/07/2025	19	HAE	26,3	0	20,8	0	71,0	0	3,0	0	290,0	0	993,721	5.k=1.moyenne	483,2	ERA5
1065192	07/07/2025	00	06/07/2025	20	HAE	25,5	0	21,4	0	78,0	0	6,0	0	150,0	0	994,366	5.k=1.moyenne	261,2	ERA5
1065193	07/07/2025	01	06/07/2025	21	HAE	24,6	0	20,6	0	79,0	0	6,0	0	40,0	0	995,115	5.k=1.moyenne	37,7	ERA5
1065194	07/07/2025	02	06/07/2025	22	HAE	23,5	0	20,6	0	84,0	0	9,0	0	60,0	0	995,718	5.k=1.moyenne	0,0	ERA5
1065195	07/07/2025	03	06/07/2025	23	HAE	23,0	0	20,5	0	86,0	0	4,0	0	60,0	0	996,134	5.k=1.moyenne	-0,0	ERA5
1065196	07/07/2025	04	07/07/2025	00	HAE	22,2	0	21,2	0	94,0	0	7,0	0	80,0	0	996,342	5.k=1.moyenne	0,0	ERA5
1065197	07/07/2025	05	07/07/2025	01	HAE	21,7	0	20,8	0	94,0	0	4,0	0	40,0	0	996,612	5.k=1.moyenne	0,0	ERA5
1065198	07/07/2025	06	07/07/2025	02	HAE	21,5	0	21,3	0	99,0	0	5,0	0	10,0	0	996,612	5.k=1.moyenne	0,0	ERA5
1065199	07/07/2025	07	07/07/2025	03	HAE	20,9	0	20,9	0	99,0	5.k=1.STE-CLOTHILDE	6,0	0	30,0	0	996,832	5.k=1.moyenne	0,0	ERA5
1065200	07/07/2025	08	07/07/2025	04	HAE	19,3	0	19,3	0	96,6858	5.k=1.STE-CLOTHILDE	7,0	0	10,0	0	997,176	5.k=1.moyenne	0,0	ERA5
1065201	07/07/2025	09	07/07/2025	05	HAE	19,3	0	19,3	0	95,2286	5.k=1.STE-CLOTHILDE	6,0	0	20,0	0	997,581	5.k=1.moyenne	0,0	ERA5
1065202	07/07/2025	10	07/07/2025	06	HAE	18,4	0	18,4	0	93,7714	5.k=1.STE-CLOTHILDE	6,0	0	30,0	0	997,84	5.k=1.moyenne	43,4	ERA5
1065203	07/07/2025	11	07/07/2025	07	HAE	18,1	0	18,1	0	91,4572	5.k=1.STE-CLOTHILDE	2,0	0	10,0	0	998,033	5.k=1.moyenne	373,2	ERA5
1065204	07/07/2025	12	07/07/2025	08	HAE	18,2	0	18,2	0	90,0	5.k=1.STE-CLOTHILDE	6,0	0	30,0	0	998,245	5.k=1.moyenne	679,8	ERA5
1065205	07/07/2025	13	07/07/2025	09	HAE	20,5	0	18,8	0	90,0	0	8,0	0	40,0	0	998,394	5.k=1.moyenne	1477,9	ERA5
1065206	07/07/2025	14	07/07/2025	10	HAE	23,1	0	19,8	0	82,0	0	5,0	0	360,0	0	998,462	5.k=1.moyenne	2067,6	ERA5
1065207	07/07/2025	15	07/07/2025	11	HAE	24,9	0	20,1	0	75,0	0	7,0	0	20,0	0	998,386	5.k=1.moyenne	2239,0	ERA5
1065208	07/07/2025	16	07/07/2025	12	HAE	23,7	0	19,0	0	75,0	0	11,0	0	40,0	0	998,269	5.k=1.moyenne	2319,7	ERA5
1065209	07/07/2025	17	07/07/2025	13	HAE	23,3	0	18,6	0	75,0	0	9,0	0	10,0	0	998,049	5.k=1.moyenne	2110,3	ERA5
1065210	07/07/2025	18	07/07/2025	14	HAE	19,9	0	16,3	0	80,0	0	15,0	0	30,0	0	997,764	5.k=1.moyenne	2088,4	ERA5
1065211	07/07/2025	19	07/07/2025	15	HAE	20,6	0	17,1	0	80,0	0	11,0	0	10,0	0	997,478	5.k=1.moyenne	2059,3	ERA5
1065212	07/07/2025	20	07/07/2025	16	HAE	18,5	0	18,5	0	80,0	5.k=1.STE-CLOTHILDE	7,0	0	20,0	0	997,294	5.k=1.moyenne	1594,8	ERA5
1065213	07/07/2025	21	07/07/2025	17	HAE	17,1	0	17,1	0	82,9888	5.k=1.STE-CLOTHILDE	9,0	0	10,0	0	997,212	5.k=1.moyenne	872,9	ERA5
1065214	07/07/2025	22	07/07/2025	18	HAE	17,0	0	17,0	0	82,5495	5.k=1.STE-CLOTHILDE	11,0	0	40,0	0	997,272	5.k=1.moyenne	496,9	ERA5
1065215	07/07/2025	23	07/07/2025	19	HAE	17,2	0	17,2	0	82,9673	5.k=1.STE-CLOTHILDE	8,0	0	40,0	0	997,56	5.k=1.moyenne	218,3	ERA5
1065216	08/07/2025	00	07/07/2025	20	HAE	16,9	0	16,9	0	85,0991	5.k=1.STE-CLOTHILDE	5,0	0	350,0	0	997,89	5.k=1.moyenne	232,6	ERA5
1065217	08/07/2025	01	07/07/2025	21	HAE	16,7	0	16,7	0	87,2308	5.k=1.STE-CLOTHILDE	6,0	0	10,0	0	997,974	5.k=1.moyenne	23,5	ERA5
1065218	08/07/2025	02	07/07/2025	22	HAE	16,6	0	16,6	0	88,5056	5.k=1.STE-CLOTHILDE	6,0	0	360,0	0	998,364	5.k=1.moyenne	0,0	ERA5
1065219	08/07/2025	03	07/07/2025	23	HAE	16,4	0	16,4	0	90,6374	5.k=1.STE-CLOTHILDE	4,0	0	10,0	0	998,61	5.k=1.moyenne	0,0	ERA5
1065220	08/07/2025	04	08/07/2025	00	HAE	16,2	0	16,2	0	92,7692	5.k=1.STE-CLOTHILDE	4,0	0	360,0	0	998,694	5.k=1.moyenne	0,0	ERA5
1065221	08/07/2025	05	08/07/2025	01	HAE	15,6	0	15,6	0	94,9009	5.k=1.STE-CLOTHILDE	6,0	0	10,0	0	998,675	5.k=1.moyenne	0,0	ERA5
1065222	08/07/2025	06	08/07/2025	02	HAE	15,8	0	15,8	0	95,9207	4.lineaire	4,0	0	350,0	0	998,675	5.k=1.moyenne	-0,0	ERA5
1065223	08/07/2025	07	08/07/2025	03	HAE	16,0	0	16,0	0	96,9405	4.lineaire	4,0	0	350,0	0	998,822	5.k=1.moyenne	0,0	ERA5
1065224	08/07/2025	08	08/07/2025	04	HAE	16,2	0	16,2	0	97,9604	4.lineaire	2,0	0	350,0	0	998,906	5.k=1.moyenne	0,0	ERA5
1065225	08/07/2025	09	08/07/2025	05	HAE	16,2	0	16,2	0	98,9802	4.lineaire	3,0	0	350,0	0	999,22	5.k=1.moyenne	0,0	ERA5
1065226	08/07/2025	10	08/07/2025	06	HAE	16,3	0	16,3	0	100,0	0	5,0	0	340,0	0	999,72	5.k=1.moyenne	31,6	ERA5
1065227	08/07/2025	11	08/07/2025	07	HAE	16,1	0	15,5	0	96,0	0	7,0	0	360,0	0	1000,03	5.k=1.moyenne	212,4	ERA5
1065228	08/07/2025	12	08/07/2025	08	HAE	17,5	0	15,6	0	89,0	0	8,0	0	350,0	0	1000,26	5.k=1.moyenne	706,4	ERA5
1065229	08/07/2025	13	08/07/2025	09	HAE	19,2	0	15,3	0	78,0	0	7,0	0	350,0	0	1000,61	5.k=1.moyenne	1053,7	ERA5
1065230	08/07/2025	14	08/07/2025	10	HAE	19,3	0	15,0	0	76,0	0	6,0	0	40,0	0	1000,69	5.k=1.moyenne	1799,7	ERA5
1065231	08/07/2025	15	08/07/2025	11	HAE	19,6	0	15,1	0	75,0	0	6,0	0	20,0	0	1000,65	5.k=1.moyenne	2069,0	ERA5
1065232	08/07/2025	16	08/07/2025	12	HAE	20,3	0	15,7	0	75,0	0	5,0	0	350,0	0	1000,59	5.k=1.moyenne	1991,0	ERA5
1065233	08/07/2025	17	08/07/2025	13	HAE	21,5	0	15,5	0	69,0	0	5,0	0	340,0	0	1000,57	5.k=1.moyenne	2824,5	ERA5
1065234	08/07/2025	18	08/07/2025	14	HAE	22,3	0	15,8	0	67,0	0	5,0	0	320,0	0	1000,26	5.k=1.moyenne	2266,2	ERA5
1065235	08/07/2025	19	08/07/2025	15	HAE	23,2	0	15,9	0	64,0	0	9,0	0	350,0	0	999,935	5.k=1.moyenne	1366,2	ERA5
1065236	08/07/2025	20	08/07/2025	16	HAE	24,0	0	16,2	0	62,0	0	2,0	0	30,0	0	999,772	5.k=1.moyenne	1950,1	ERA5
1065237	08/07/2025	21	08/07/2025	17	HAE	24,0	0	15,1	0	58,0	0	4,0	0	40,0	0	999,69	5.k=1.moyenne	1722,6	ERA5
1065238	08/07/2025	22	08/07/2025	18	HAE	24,3	0	14,8	0	55,0	0	3,0	0	40,0	0	999,303	5.k=1.moyenne	1501,4	ERA5
1065239	08/07/2025	23	08/07/2025	19	HAE	24,0	0	14,6	0	56,0	0	3,0	0	70,0	0	999,283	5.k=1.moyenne	972,3	ERA5
1065240	09/07/2025	00	08/07/2025	20	HAE	22,4	0	16,5	0	69,0	0	6,0	0	120,0	0	999,467	5.k=1.moyenne	420,9	ERA5
1065241	09/07/2025	01	08/07/2025	21	HAE	19,9	0	16,8	0	82,0	0	5,0	0	130,0	0	999,651	5.k=1.moyenne	49,9	ERA5
1065242	09/07/2025	02	08/07/2025	22	HAE	18,1	0	17,3	0	95,0	0	3,0	0	190,0	0	999,875	5.k=1.moyenne	0,0	ERA5
1065243	09/07/2025	03	08/07/2025	23	HAE	17,7	0	17,6	0	100,0	0	3,0	0	200,0	0	999,896	5.k=1.moyenne	0,0	ERA5
1065244	09/07/2025	04	09/07/2025	00	HAE	17,0	0	17,0	0	100,0	4.constant	0,0	0	0,0	0	999,998	5.k=1.moyenne	0,0	ERA5
1065245	09/07/2025	05	09/07/2025	01	HAE	16,5	0	16,5	0	100,0	4.constant	1,0	0	30,0	0	999,896	5.k=1.moyenne	0,0	ERA5
1065246	09/07/2025	06	09/07/2025	02	HAE	15,5	0	15,5	0	100,0	5.k=1.STE-CLOTHILDE	4,0	0	170,0	0	999,896	5.k=1.moyenne	-0,0	ERA5
1065247	09/07/2025	07	09/07/2025	03	HAE	15,8	0	15,8	0	98,7428	5.k=1.STE-CLOTHILDE	4,0	0	190,0	0	999,915	5.k=1.moyenne	0,0	ERA5
1065248	09/07/2025	08	09/07/2025	04	HAE	15,6	0	15,6	0	98,3426	5.k=1.STE-CLOTHILDE	2,0	0	150,0	0	999,893	5.k=1.moyenne	0,0	ERA5
1065249	09/07/2025	09	09/07/2025	05	HAE	14,9	0	14,9	0	97,0854	5.k=1.STE-CLOTHILDE	1,0	0	190,0	0	999,975	5.k=1.moyenne	0,0	ERA5
1065250	09/07/2025	10	09/07/2025	06	HAE	15,7	0	15,7	0	94,9712	5.k=1.STE-CLOTHILDE	5,0	0	190,0	0	1000,16	5.k=1.moyenne	42,1	ERA5
1065251	09/07/2025	11	09/07/2025	07	HAE	18,1	0	18,1	0	92,0	5.k=1.STE-CLOTHILDE	4,0	0	200,0	0	1000,43	5.k=1.moyenne	279,1	ERA5
1065252	09/07/2025	12	09/07/2025	08	HAE	20,5	0	19,2	0	92,0	0	0,0	0	0,0	0	1000,62	5.k=1.moyenne	790,0	ERA5
1065253	09/07/2025	13	09/07/2025	09	HAE	22,9	0	18,6	0	76,0	0	6,0	0	210,0	0	1000,75	5.k=1.moyenne	1189,7	ERA5
1065254	09/07/2025	14	09/07/2025	10	HAE	24,7	0	16,7	0	61,0	0	7,0	0	140,0	0	1000,56	5.k=1.moyenne	2066,0	ERA5
1065255	09/07/2025	15	09/07/2025	11	HAE	24,0	0	16,6	0	63,0	0	1,0	0	270,0	0	1000,36	5.k=1.moyenne	2332,4	ERA5
1065256	09/07/2025	16	09/07/2025	12	HAE	25,7	0	16,0	0	55,0	0	6,0	0	120,0	0	1000,29	5.k=1.moyenne	2525,1	ERA5
1065257	09/07/2025	17	09/07/2025	13	HAE	26,7	0	15,2	0	49,0	0	7,0	0	130,0	0	999,886	5.k=1.moyenne	2410,9	ERA5
1065258	09/07/2025	18	09/07/2025	14	HAE	26,3	0	16,0	0	53,0	0	3,0	0	270,0	0	999,599	5.k=1.moyenne	2231,6	ERA5
1065259	09/07/2025	19	09/07/2025	15	HAE	27,4	0	15,6	0	48,0	0	3,0	0	200,0	0	999,415	5.k=1.moyenne	2325,7	ERA5
1065260	09/07/2025	20	09/07/2025	16	HAE	28,0	0	12,9	0	39,0	0	4,0	0	150,0	0	999,069	5.k=1.moyenne	2323,1	ERA5
1065261	09/07/2025	21	09/07/2025	17	HAE	27,5	0	16,8	0	52,0	0	5,0	0	200,0	0	998,797	5.k=1.moyenne	1782,1	ERA5
1065262	09/07/2025	22	09/07/2025	18	HAE	27,1	0	16,6	0	52,0	0	5,0	0	160,0	0	998,755	5.k=1.moyenne	1391,5	ERA5
1065263	09/07/2025	23	09/07/2025	19	HAE	26,8	0	16,4	0	53,0	0	5,0	0	140,0	0	998,859	5.k=1.moyenne	783,5	ERA5
1065264	10/07/2025	00	09/07/2025	20	HAE	24,8	0	17,8	0	65,0	0	2,0	0	200,0	0	999,004	5.k=1.moyenne	339,0	ERA5
1065265	10/07/2025	01	09/07/2025	21	HAE	22,4	0	18,1	0	77,0	0	3,0	0	200,0	0	999,192	5.k=1.moyenne	35,8	ERA5
1065266	10/07/2025	02	09/07/2025	22	HAE	21,3	0	18,1	0	82,0	0	2,0	0	170,0	0	999,275	5.k=1.moyenne	0,0	ERA5
1065267	10/07/2025	03	09/07/2025	23	HAE	20,3	0	17,7	0	85,0	0	2,0	0	150,0	0	999,295	5.k=1.moyenne	0,0	ERA5
1065268	10/07/2025	04	10/07/2025	00	HAE	20,2	0	17,6	0	85,0	0	3,0	0	140,0	0	999,149	5.k=1.moyenne	0,0	ERA5
1065269	10/07/2025	05	10/07/2025	01	HAE	19,7	0	17,8	0	89,0	0	2,0	0	150,0	0	999,128	5.k=1.moyenne	0,0	ERA5
1065270	10/07/2025	06	10/07/2025	02	HAE	19,6	0	17,8	0	89,0	0	1,0	0	180,0	0	999,128	5.k=1.moyenne	0,0	ERA5
1065271	10/07/2025	07	10/07/2025	03	HAE	20,0	0	18,3	0	90,0	0	2,0	0	90,0	0	999,195	5.k=1.moyenne	0,0	ERA5
1065272	10/07/2025	08	10/07/2025	04	HAE	19,9	0	17,6	0	86,0	0	4,0	0	110,0	0	999,242	5.k=1.moyenne	0,0	ERA5
1065273	10/07/2025	09	10/07/2025	05	HAE	20,0	0	16,9	0	82,0	0	3,0	0	100,0	0	999,371	5.k=1.moyenne	0,0	ERA5
1065274	10/07/2025	10	10/07/2025	06	HAE	19,1	0	17,5	0	90,0	0	2,0	0	120,0	0	999,625	5.k=1.moyenne	42,2	ERA5
1065275	10/07/2025	11	10/07/2025	07	HAE	20,1	0	17,2	0	83,0	0	0,0	0	160,0	0	999,737	5.k=1.moyenne	355,6	ERA5
1065276	10/07/2025	12	10/07/2025	08	HAE	21,6	0	17,7	0	78,0	0	5,0	0	160,0	0	999,903	5.k=1.moyenne	774,9	ERA5
1065277	10/07/2025	13	10/07/2025	09	HAE	23,0	0	18,0	0	73,0	0	8,0	0	10,0	0	1000,09	5.k=1.moyenne	1319,3	ERA5
1065278	10/07/2025	14	10/07/2025	10	HAE	23,2	0	18,1	0	73,0	0	9,0	0	50,0	0	999,991	5.k=1.moyenne	1903,6	ERA5
1065279	10/07/2025	15	10/07/2025	11	HAE	24,2	0	18,4	0	70,0	0	7,0	0	10,0	0	1000,01	5.k=1.moyenne	1926,0	ERA5
1065280	10/07/2025	16	10/07/2025	12	HAE	26,1	0	17,4	0	59,0	0	9,0	0	120,0	0	999,893	5.k=1.moyenne	2213,6	ERA5
1065281	10/07/2025	17	10/07/2025	13	HAE	26,4	0	17,8	0	59,0	0	4,0	0	330,0	0	999,324	5.k=1.moyenne	2662,4	ERA5
1065282	10/07/2025	18	10/07/2025	14	HAE	26,8	0	18,1	0	59,0	0	3,0	0	190,0	0	998,999	5.k=1.moyenne	3106,9	ERA5
1065283	10/07/2025	19	10/07/2025	15	HAE	27,1	0	17,9	0	57,0	0	4,0	0	60,0	0	998,838	5.k=1.moyenne	2922,5	ERA5
1065284	10/07/2025	20	10/07/2025	16	HAE	24,7	0	18,9	0	70,0	0	7,0	0	290,0	0	998,533	5.k=1.moyenne	2278,1	ERA5
1065285	10/07/2025	21	10/07/2025	17	HAE	27,8	0	18,1	0	56,0	0	3,0	0	230,0	0	998,442	5.k=1.moyenne	1878,2	ERA5
1065286	10/07/2025	22	10/07/2025	18	HAE	27,9	0	17,2	0	52,0	0	6,0	0	220,0	0	998,444	5.k=1.moyenne	1331,4	ERA5
1065287	10/07/2025	23	10/07/2025	19	HAE	26,6	0	18,4	0	61,0	0	4,0	0	200,0	0	998,528	5.k=1.moyenne	758,7	ERA5
1065288	11/07/2025	00	10/07/2025	20	HAE	25,3	0	19,5	0	70,0	0	6,0	0	150,0	0	998,592	5.k=1.moyenne	328,5	ERA5
1065289	11/07/2025	01	10/07/2025	21	HAE	23,1	0	19,7	0	81,0	0	0,0	0	0,0	0	998,655	5.k=1.moyenne	30,7	ERA5
1065290	11/07/2025	02	10/07/2025	22	HAE	21,8	0	19,2	0	85,0	0	9,0	0	190,0	0	998,844	5.k=1.moyenne	0,0	ERA5
1065291	11/07/2025	03	10/07/2025	23	HAE	20,1	0	19,7	0	97,0	0	5,0	0	190,0	0	999,053	5.k=1.moyenne	0,0	ERA5
1065292	11/07/2025	04	11/07/2025	00	HAE	20,2	0	19,4	0	95,0	0	1,0	0	110,0	0	998,97	5.k=1.moyenne	0,0	ERA5
1065293	11/07/2025	05	11/07/2025	01	HAE	19,1	0	19,1	0	100,0	0	3,0	0	100,0	0	998,804	5.k=1.moyenne	0,0	ERA5
1065294	11/07/2025	06	11/07/2025	02	HAE	19,9	0	19,9	0	100,0	5.k=1.STE-CLOTHILDE	9,0	0	140,0	0	998,804	5.k=1.moyenne	0,0	ERA5
1065295	11/07/2025	07	11/07/2025	03	HAE	18,6	0	18,6	0	98,714	5.k=1.STE-CLOTHILDE	2,0	0	180,0	0	998,695	5.k=1.moyenne	0,0	ERA5
1065296	11/07/2025	08	11/07/2025	04	HAE	18,2	0	18,2	0	94,857	5.k=1.STE-CLOTHILDE	2,0	0	90,0	0	998,691	5.k=1.moyenne	0,0	ERA5
1065297	11/07/2025	09	11/07/2025	05	HAE	18,5	0	18,5	0	91,857	5.k=1.STE-CLOTHILDE	3,0	0	190,0	0	998,687	5.k=1.moyenne	0,0	ERA5
1065298	11/07/2025	10	11/07/2025	06	HAE	19,2	0	19,2	0	89,714	5.k=1.STE-CLOTHILDE	3,0	0	180,0	0	998,955	5.k=1.moyenne	45,8	ERA5
1065299	11/07/2025	11	11/07/2025	07	HAE	21,0	0	21,0	0	85,0	5.k=1.STE-CLOTHILDE	5,0	0	190,0	0	999,259	5.k=1.moyenne	351,7	ERA5
1065300	11/07/2025	12	11/07/2025	08	HAE	23,1	0	20,4	0	85,0	0	9,0	0	180,0	0	999,399	5.k=1.moyenne	848,0	ERA5
1065301	11/07/2025	13	11/07/2025	09	HAE	24,5	0	19,6	0	74,0	0	9,0	0	230,0	0	999,54	5.k=1.moyenne	1619,0	ERA5
1065302	11/07/2025	14	11/07/2025	10	HAE	25,9	0	19,4	0	67,0	0	7,0	0	220,0	0	999,537	5.k=1.moyenne	2203,2	ERA5
1065303	11/07/2025	15	11/07/2025	11	HAE	26,4	0	18,5	0	62,0	0	4,0	0	290,0	0	999,453	5.k=1.moyenne	2559,9	ERA5
1065304	11/07/2025	16	11/07/2025	12	HAE	28,5	0	19,9	0	59,0	0	10,0	0	210,0	0	999,41	5.k=1.moyenne	3088,5	ERA5
1065305	11/07/2025	17	11/07/2025	13	HAE	29,1	0	19,2	0	55,0	0	9,0	0	200,0	0	999,102	5.k=1.moyenne	2749,2	ERA5
1065306	11/07/2025	18	11/07/2025	14	HAE	29,7	0	19,1	0	53,0	0	4,0	0	200,0	0	998,917	5.k=1.moyenne	2550,2	ERA5
1065307	11/07/2025	19	11/07/2025	15	HAE	30,3	0	16,9	0	45,0	0	9,0	0	220,0	0	998,773	5.k=1.moyenne	2486,3	ERA5
1065308	11/07/2025	20	11/07/2025	16	HAE	30,4	0	16,1	0	42,0	0	10,0	0	270,0	0	998,689	5.k=1.moyenne	2320,6	ERA5
1065309	11/07/2025	21	11/07/2025	17	HAE	30,4	0	17,1	0	45,0	0	5,0	0	300,0	0	998,688	5.k=1.moyenne	1685,5	ERA5
1065310	11/07/2025	22	11/07/2025	18	HAE	30,2	0	16,0	0	42,0	0	5,0	0	240,0	0	998,809	5.k=1.moyenne	1313,2	ERA5
1065311	11/07/2025	23	11/07/2025	19	HAE	29,2	0	16,8	0	47,0	0	0,0	0	140,0	0	998,971	5.k=1.moyenne	821,5	ERA5
1065312	12/07/2025	00	11/07/2025	20	HAE	27,0	0	19,1	0	62,0	0	4,0	0	220,0	0	999,261	5.k=1.moyenne	309,2	ERA5
1065313	12/07/2025	01	11/07/2025	21	HAE	25,1	0	19,0	0	69,0	0	1,0	0	170,0	0	999,448	5.k=1.moyenne	33,6	ERA5
1065314	12/07/2025	02	11/07/2025	22	HAE	23,8	0	19,1	0	75,0	0	3,0	0	170,0	0	999,822	5.k=1.moyenne	0,0	ERA5
1065315	12/07/2025	03	11/07/2025	23	HAE	22,0	0	17,8	0	77,0	0	3,0	0	60,0	0	1000,03	5.k=1.moyenne	0,0	ERA5
1065316	12/07/2025	04	12/07/2025	00	HAE	21,6	0	18,7	0	84,0	0	3,0	0	130,0	0	1000,15	5.k=1.moyenne	0,0	ERA5
1065317	12/07/2025	05	12/07/2025	01	HAE	20,7	0	17,8	0	83,0	0	2,0	0	70,0	0	1000,44	5.k=1.moyenne	0,0	ERA5
1065318	12/07/2025	06	12/07/2025	02	HAE	19,8	0	18,6	0	92,0	0	2,0	0	70,0	0	1000,44	5.k=1.moyenne	0,0	ERA5
1065319	12/07/2025	07	12/07/2025	03	HAE	20,5	0	19,1	0	92,0	0	2,0	0	160,0	0	1000,39	5.k=1.moyenne	0,0	ERA5
1065320	12/07/2025	08	12/07/2025	04	HAE	20,1	0	18,8	0	93,0	0	3,0	0	140,0	0	1000,54	5.k=1.moyenne	0,0	ERA5
1065321	12/07/2025	09	12/07/2025	05	HAE	19,2	0	18,8	0	98,0	0	2,0	0	130,0	0	1000,71	5.k=1.moyenne	0,0	ERA5
1065322	12/07/2025	10	12/07/2025	06	HAE	20,3	0	19,4	0	94,0	0	2,0	0	120,0	0	1000,99	5.k=1.moyenne	41,8	ERA5
1065323	12/07/2025	11	12/07/2025	07	HAE	22,1	0	19,5	0	85,0	0	1,0	0	220,0	0	1001,33	5.k=1.moyenne	392,7	ERA5
1065324	12/07/2025	12	12/07/2025	08	HAE	24,3	0	21,0	0	82,0	0	6,0	0	170,0	0	1001,5	5.k=1.moyenne	964,8	ERA5
1065325	12/07/2025	13	12/07/2025	09	HAE	26,4	0	21,1	0	73,0	0	8,0	0	140,0	0	1001,49	5.k=1.moyenne	1619,8	ERA5
1065326	12/07/2025	14	12/07/2025	10	HAE	28,0	0	21,6	0	68,0	0	8,0	0	130,0	0	1001,24	5.k=1.moyenne	2242,3	ERA5
1065327	12/07/2025	15	12/07/2025	11	HAE	29,0	0	22,0	0	66,0	0	9,0	0	170,0	0	1001,14	5.k=1.moyenne	2711,0	ERA5
1065328	12/07/2025	16	12/07/2025	12	HAE	30,0	0	21,1	0	59,0	0	10,0	0	150,0	0	1000,75	5.k=1.moyenne	3016,0	ERA5
1065329	12/07/2025	17	12/07/2025	13	HAE	31,4	0	19,7	0	50,0	0	9,0	0	170,0	0	1000,48	5.k=1.moyenne	2803,3	ERA5
1065330	12/07/2025	18	12/07/2025	14	HAE	31,4	0	18,1	0	45,0	0	6,0	0	120,0	0	999,943	5.k=1.moyenne	2931,2	ERA5
1065331	12/07/2025	19	12/07/2025	15	HAE	32,2	0	19,2	0	46,0	0	9,0	0	150,0	0	999,592	5.k=1.moyenne	2665,5	ERA5
1065332	12/07/2025	20	12/07/2025	16	HAE	32,3	0	17,7	0	42,0	0	8,0	0	190,0	0	999,178	5.k=1.moyenne	2372,0	ERA5
1065333	12/07/2025	21	12/07/2025	17	HAE	32,4	0	18,6	0	44,0	0	11,0	0	160,0	0	998,847	5.k=1.moyenne	2055,8	ERA5
1065334	12/07/2025	22	12/07/2025	18	HAE	32,1	0	17,9	0	43,0	0	6,0	0	160,0	0	998,746	5.k=1.moyenne	1559,9	ERA5
1065335	12/07/2025	23	12/07/2025	19	HAE	31,0	0	21,0	0	55,0	0	8,0	0	170,0	0	998,643	5.k=1.moyenne	829,8	ERA5
1065336	13/07/2025	00	12/07/2025	20	HAE	29,5	0	21,7	0	63,0	0	7,0	0	160,0	0	998,791	5.k=1.moyenne	297,8	ERA5
1065337	13/07/2025	01	12/07/2025	21	HAE	28,4	0	21,5	0	66,0	0	19,0	0	170,0	0	998,876	5.k=1.moyenne	37,7	ERA5
1065338	13/07/2025	02	12/07/2025	22	HAE	27,3	0	21,5	0	71,0	0	14,0	0	180,0	0	998,857	5.k=1.moyenne	0,0	ERA5
1065339	13/07/2025	03	12/07/2025	23	HAE	26,5	0	21,2	0	73,0	0	18,0	0	190,0	0	998,546	5.k=1.moyenne	-0,0	ERA5
1065340	13/07/2025	04	13/07/2025	00	HAE	25,9	0	20,9	0	74,0	0	18,0	0	180,0	0	998,339	5.k=1.moyenne	0,0	ERA5
1065341	13/07/2025	05	13/07/2025	01	HAE	25,0	0	20,9	0	78,0	0	18,0	0	180,0	0	998,195	5.k=1.moyenne	0,0	ERA5
1065342	13/07/2025	06	13/07/2025	02	HAE	24,5	0	20,4	0	78,0	0	19,0	0	170,0	0	998,195	5.k=1.moyenne	0,0	ERA5
1065343	13/07/2025	07	13/07/2025	03	HAE	23,9	0	20,4	0	81,0	0	16,0	0	170,0	0	997,845	5.k=1.moyenne	0,0	ERA5
1065344	13/07/2025	08	13/07/2025	04	HAE	23,4	0	20,4	0	83,0	0	14,0	0	170,0	0	997,645	5.k=1.moyenne	0,0	ERA5
1065345	13/07/2025	09	13/07/2025	05	HAE	23,0	0	20,7	0	87,0	0	13,0	0	170,0	0	997,593	5.k=1.moyenne	0,0	ERA5
1065346	13/07/2025	10	13/07/2025	06	HAE	23,9	0	21,0	0	84,0	0	16,0	0	170,0	0	997,627	5.k=1.moyenne	48,4	ERA5
1065347	13/07/2025	11	13/07/2025	07	HAE	24,9	0	21,3	0	80,0	0	18,0	0	170,0	0	997,538	5.k=1.moyenne	393,3	ERA5
1065348	13/07/2025	12	13/07/2025	08	HAE	25,7	0	21,5	0	78,0	0	26,0	0	180,0	0	997,514	5.k=1.moyenne	834,7	ERA5
1065349	13/07/2025	13	13/07/2025	09	HAE	25,3	0	21,3	0	79,0	0	24,0	0	190,0	0	997,409	5.k=1.moyenne	1434,6	ERA5
1065350	13/07/2025	14	13/07/2025	10	HAE	24,9	0	21,6	0	82,0	0	24,0	0	170,0	0	997,118	5.k=1.moyenne	1823,3	ERA5
1065351	13/07/2025	15	13/07/2025	11	HAE	25,2	0	22,0	0	82,0	0	28,0	0	170,0	0	996,828	5.k=1.moyenne	1659,0	ERA5
1065352	13/07/2025	16	13/07/2025	12	HAE	28,4	0	22,6	0	71,0	0	29,0	0	160,0	0	996,499	5.k=1.moyenne	2598,7	ERA5
1065353	13/07/2025	17	13/07/2025	13	HAE	29,7	0	22,4	0	65,0	0	27,0	0	170,0	0	995,963	5.k=1.moyenne	2696,6	ERA5
1065354	13/07/2025	18	13/07/2025	14	HAE	30,7	0	22,8	0	63,0	0	30,0	0	170,0	0	995,261	5.k=1.moyenne	2733,9	ERA5
1065355	13/07/2025	19	13/07/2025	15	HAE	30,5	0	22,6	0	63,0	0	31,0	0	180,0	0	994,956	5.k=1.moyenne	1435,0	ERA5
1065356	13/07/2025	20	13/07/2025	16	HAE	28,4	0	22,1	0	69,0	0	24,0	0	180,0	0	995,028	5.k=1.moyenne	1746,0	ERA5
1065357	13/07/2025	21	13/07/2025	17	HAE	22,9	0	22,3	0	96,0	0	6,0	0	250,0	0	994,975	5.k=1.moyenne	1611,6	ERA5
1065358	13/07/2025	22	13/07/2025	18	HAE	22,9	0	22,9	0	100,0	0	21,0	0	180,0	0	995,007	5.k=1.moyenne	754,9	ERA5
1065359	13/07/2025	23	13/07/2025	19	HAE	24,2	0	22,0	0	88,0	0	3,0	0	240,0	0	995,185	5.k=1.moyenne	322,5	ERA5
1065360	14/07/2025	00	13/07/2025	20	HAE	23,7	0	23,6	0	99,0	0	4,0	0	150,0	0	995,239	5.k=1.moyenne	233,9	ERA5
1065361	14/07/2025	01	13/07/2025	21	HAE	23,2	0	22,7	0	97,0	0	11,0	0	150,0	0	995,419	5.k=1.moyenne	26,3	ERA5
1065362	14/07/2025	02	13/07/2025	22	HAE	22,5	0	22,1	0	98,0	0	11,0	0	150,0	0	995,599	5.k=1.moyenne	0,0	ERA5
1065363	14/07/2025	03	13/07/2025	23	HAE	22,4	0	22,3	0	99,0	0	14,0	0	160,0	0	995,592	5.k=1.moyenne	0,0	ERA5
1065364	14/07/2025	04	14/07/2025	00	HAE	22,6	0	22,5	0	99,0	0	10,0	0	170,0	0	995,628	5.k=1.moyenne	0,0	ERA5
1065365	14/07/2025	05	14/07/2025	01	HAE	22,8	0	22,7	0	99,0	0	8,0	0	170,0	0	995,623	5.k=1.moyenne	0,0	ERA5
1065366	14/07/2025	06	14/07/2025	02	HAE	22,9	0	22,3	0	96,0	0	12,0	0	200,0	0	995,623	5.k=1.moyenne	-0,0	ERA5
1065367	14/07/2025	07	14/07/2025	03	HAE	22,7	0	22,3	0	98,0	0	10,0	0	180,0	0	995,61	5.k=1.moyenne	0,0	ERA5
1065368	14/07/2025	08	14/07/2025	04	HAE	22,4	0	22,4	0	99,0	4.lineaire	10,0	0	180,0	0	995,557	5.k=1.moyenne	0,0	ERA5
1065369	14/07/2025	09	14/07/2025	05	HAE	21,9	0	21,8	0	100,0	0	10,0	0	200,0	0	995,628	5.k=1.moyenne	0,0	ERA5
1065370	14/07/2025	10	14/07/2025	06	HAE	22,0	0	22,0	0	100,0	0	7,0	0	190,0	0	995,74	5.k=1.moyenne	38,1	ERA5
1065371	14/07/2025	11	14/07/2025	07	HAE	22,8	0	22,4	0	97,0	0	8,0	0	180,0	0	995,955	5.k=1.moyenne	372,6	ERA5
1065372	14/07/2025	12	14/07/2025	08	HAE	23,7	0	22,2	0	91,0	0	10,0	0	190,0	0	996,029	5.k=1.moyenne	896,2	ERA5
1065373	14/07/2025	13	14/07/2025	09	HAE	25,6	0	22,1	0	81,0	0	10,0	0	220,0	0	996,062	5.k=1.moyenne	1317,5	ERA5
1065374	14/07/2025	14	14/07/2025	10	HAE	26,3	0	22,2	0	78,0	0	14,0	0	230,0	0	996,055	5.k=1.moyenne	1716,1	ERA5
1065375	14/07/2025	15	14/07/2025	11	HAE	27,5	0	22,0	0	72,0	0	15,0	0	230,0	0	996,131	5.k=1.moyenne	2266,9	ERA5
1065376	14/07/2025	16	14/07/2025	12	HAE	27,4	0	20,8	0	67,0	0	12,0	0	260,0	0	996,064	5.k=1.moyenne	2208,9	ERA5
1065377	14/07/2025	17	14/07/2025	13	HAE	27,6	0	19,1	0	60,0	0	15,0	0	270,0	0	995,915	5.k=1.moyenne	1700,7	ERA5
1065378	14/07/2025	18	14/07/2025	14	HAE	27,1	0	18,9	0	61,0	0	10,0	0	270,0	0	995,747	5.k=1.moyenne	2065,2	ERA5
1065379	14/07/2025	19	14/07/2025	15	HAE	28,0	0	15,1	0	46,0	0	12,0	0	260,0	0	995,457	5.k=1.moyenne	2659,7	ERA5
1065380	14/07/2025	20	14/07/2025	16	HAE	27,7	0	17,0	0	52,0	0	6,0	0	270,0	0	995,188	5.k=1.moyenne	2095,7	ERA5
1065381	14/07/2025	21	14/07/2025	17	HAE	27,2	0	16,8	0	53,0	0	10,0	0	250,0	0	994,96	5.k=1.moyenne	1856,2	ERA5
1065382	14/07/2025	22	14/07/2025	18	HAE	26,9	0	16,8	0	54,0	0	7,0	0	250,0	0	995,14	5.k=1.moyenne	1248,8	ERA5
1065383	14/07/2025	23	14/07/2025	19	HAE	26,9	0	17,6	0	57,0	0	7,0	0	250,0	0	995,341	5.k=1.moyenne	831,0	ERA5
1065384	15/07/2025	00	14/07/2025	20	HAE	24,4	0	18,0	0	67,0	0	6,0	0	240,0	0	995,583	5.k=1.moyenne	370,9	ERA5
1065385	15/07/2025	01	14/07/2025	21	HAE	22,7	0	17,5	0	72,0	0	10,0	0	230,0	0	995,805	5.k=1.moyenne	38,6	ERA5
1065386	15/07/2025	02	14/07/2025	22	HAE	22,1	0	16,9	0	73,0	0	9,0	0	240,0	0	996,251	5.k=1.moyenne	0,0	ERA5
1065387	15/07/2025	03	14/07/2025	23	HAE	19,7	0	17,1	0	85,0	0	6,0	0	180,0	0	996,371	5.k=1.moyenne	-0,0	ERA5
1065388	15/07/2025	04	15/07/2025	00	HAE	20,0	0	16,7	0	81,0	0	7,0	0	230,0	0	996,553	5.k=1.moyenne	0,0	ERA5
1065389	15/07/2025	05	15/07/2025	01	HAE	18,5	0	16,3	0	87,0	0	4,0	0	190,0	0	996,735	5.k=1.moyenne	0,0	ERA5
1065390	15/07/2025	06	15/07/2025	02	HAE	18,1	0	16,8	0	92,0	0	6,0	0	210,0	0	996,735	5.k=1.moyenne	0,0	ERA5
1065391	15/07/2025	07	15/07/2025	03	HAE	18,8	0	16,2	0	85,0	0	5,0	0	230,0	0	997,005	5.k=1.moyenne	0,0	ERA5
1065392	15/07/2025	08	15/07/2025	04	HAE	17,6	0	16,4	0	92,0	0	5,0	0	190,0	0	997,13	5.k=1.moyenne	0,0	ERA5
1065393	15/07/2025	09	15/07/2025	05	HAE	16,9	0	16,2	0	95,0	0	8,0	0	170,0	0	997,504	5.k=1.moyenne	0,0	ERA5
1065394	15/07/2025	10	15/07/2025	06	HAE	16,5	0	16,3	0	98,0	0	4,0	0	180,0	0	997,817	5.k=1.moyenne	45,2	ERA5
1065395	15/07/2025	11	15/07/2025	07	HAE	19,0	0	17,3	0	90,0	0	8,0	0	190,0	0	998,126	5.k=1.moyenne	422,3	ERA5
1065396	15/07/2025	12	15/07/2025	08	HAE	22,2	0	18,0	0	77,0	0	11,0	0	200,0	0	998,289	5.k=1.moyenne	986,3	ERA5
1065397	15/07/2025	13	15/07/2025	09	HAE	23,9	0	17,4	0	67,0	0	14,0	0	230,0	0	998,473	5.k=1.moyenne	1644,9	ERA5
1065398	15/07/2025	14	15/07/2025	10	HAE	26,1	0	18,2	0	62,0	0	7,0	0	240,0	0	998,391	5.k=1.moyenne	2234,7	ERA5
1065399	15/07/2025	15	15/07/2025	11	HAE	27,5	0	18,1	0	57,0	0	11,0	0	230,0	0	998,39	5.k=1.moyenne	2734,0	ERA5
1065400	15/07/2025	16	15/07/2025	12	HAE	28,1	0	17,0	0	51,0	0	13,0	0	240,0	0	998,533	5.k=1.moyenne	3065,7	ERA5
1065401	15/07/2025	17	15/07/2025	13	HAE	28,6	0	17,6	0	51,0	0	13,0	0	260,0	0	998,308	5.k=1.moyenne	3174,9	ERA5
1065402	15/07/2025	18	15/07/2025	14	HAE	29,0	0	18,7	0	54,0	0	13,0	0	260,0	0	998,084	5.k=1.moyenne	3149,0	ERA5
1065403	15/07/2025	19	15/07/2025	15	HAE	29,9	0	20,4	0	57,0	0	8,0	0	270,0	0	997,9	5.k=1.moyenne	2939,0	ERA5
1065404	15/07/2025	20	15/07/2025	16	HAE	29,7	0	19,1	0	53,0	0	12,0	0	300,0	0	997,9	5.k=1.moyenne	2465,3	ERA5
1065405	15/07/2025	21	15/07/2025	17	HAE	30,2	0	19,9	0	54,0	0	10,0	0	250,0	0	997,838	5.k=1.moyenne	1963,9	ERA5
1065406	15/07/2025	22	15/07/2025	18	HAE	30,3	0	19,8	0	54,0	0	8,0	0	260,0	0	997,838	5.k=1.moyenne	1366,8	ERA5
1065407	15/07/2025	23	15/07/2025	19	HAE	29,3	0	19,4	0	55,0	0	6,0	0	250,0	0	997,92	5.k=1.moyenne	871,5	ERA5
1065408	16/07/2025	00	15/07/2025	20	HAE	27,9	0	19,8	0	61,0	0	2,0	0	250,0	0	997,777	5.k=1.moyenne	379,1	ERA5
1065409	16/07/2025	01	15/07/2025	21	HAE	24,0	0	21,0	0	83,0	0	5,0	0	180,0	0	997,675	5.k=1.moyenne	38,7	ERA5
1065410	16/07/2025	02	15/07/2025	22	HAE	22,7	0	21,7	0	94,0	0	2,0	0	180,0	0	998,062	5.k=1.moyenne	0,0	ERA5
1065411	16/07/2025	03	15/07/2025	23	HAE	22,5	0	21,4	0	94,0	0	3,0	0	180,0	0	997,96	5.k=1.moyenne	0,0	ERA5
1065412	16/07/2025	04	16/07/2025	00	HAE	21,9	0	20,6	0	92,0	0	5,0	0	190,0	0	998,144	5.k=1.moyenne	0,0	ERA5
1065413	16/07/2025	05	16/07/2025	01	HAE	21,2	0	20,6	0	96,0	0	3,0	0	200,0	0	998,327	5.k=1.moyenne	0,0	ERA5
1065414	16/07/2025	06	16/07/2025	02	HAE	20,4	0	19,9	0	97,0	0	6,0	0	160,0	0	998,327	5.k=1.moyenne	-0,0	ERA5
1065415	16/07/2025	07	16/07/2025	03	HAE	19,8	0	19,4	0	98,0	0	4,0	0	190,0	0	998,159	5.k=1.moyenne	0,0	ERA5
1065416	16/07/2025	08	16/07/2025	04	HAE	19,5	0	19,1	0	98,0	0	7,0	0	170,0	0	997,825	5.k=1.moyenne	0,0	ERA5
1065417	16/07/2025	09	16/07/2025	05	HAE	19,6	0	19,4	0	99,0	0	10,0	0	170,0	0	997,636	5.k=1.moyenne	0,0	ERA5
1065418	16/07/2025	10	16/07/2025	06	HAE	20,4	0	20,4	0	97,0	4.lineaire	9,0	0	170,0	0	997,489	5.k=1.moyenne	41,9	ERA5
1065419	16/07/2025	11	16/07/2025	07	HAE	22,0	0	21,1	0	95,0	0	10,0	0	170,0	0	997,489	5.k=1.moyenne	422,1	ERA5
1065420	16/07/2025	12	16/07/2025	08	HAE	24,4	0	20,8	0	80,0	0	10,0	0	190,0	0	997,467	5.k=1.moyenne	1007,4	ERA5
1065421	16/07/2025	13	16/07/2025	09	HAE	26,7	0	20,9	0	71,0	0	7,0	0	190,0	0	997,327	5.k=1.moyenne	1639,2	ERA5
1065422	16/07/2025	14	16/07/2025	10	HAE	28,4	0	19,8	0	60,0	0	11,0	0	190,0	0	997,091	5.k=1.moyenne	2224,1	ERA5
1065423	16/07/2025	15	16/07/2025	11	HAE	29,9	0	21,5	0	61,0	0	13,0	0	170,0	0	996,944	5.k=1.moyenne	2711,1	ERA5
1065424	16/07/2025	16	16/07/2025	12	HAE	30,7	0	21,3	0	58,0	0	12,0	0	170,0	0	996,735	5.k=1.moyenne	3059,6	ERA5
1065425	16/07/2025	17	16/07/2025	13	HAE	31,5	0	20,8	0	53,0	0	14,0	0	180,0	0	996,485	5.k=1.moyenne	3243,6	ERA5
1065426	16/07/2025	18	16/07/2025	14	HAE	32,4	0	20,1	0	48,0	0	12,0	0	170,0	0	996,291	5.k=1.moyenne	3245,8	ERA5
1065427	16/07/2025	19	16/07/2025	15	HAE	32,8	0	18,8	0	44,0	0	15,0	0	190,0	0	996,025	5.k=1.moyenne	2803,2	ERA5
1065428	16/07/2025	20	16/07/2025	16	HAE	32,7	0	20,0	0	47,0	0	16,0	0	170,0	0	995,719	5.k=1.moyenne	2262,2	ERA5
1065429	16/07/2025	21	16/07/2025	17	HAE	32,4	0	18,6	0	44,0	0	18,0	0	180,0	0	995,31	5.k=1.moyenne	1924,4	ERA5
1065430	16/07/2025	22	16/07/2025	18	HAE	31,9	0	19,4	0	48,0	0	15,0	0	180,0	0	995,024	5.k=1.moyenne	1560,4	ERA5
1065431	16/07/2025	23	16/07/2025	19	HAE	30,9	0	21,1	0	56,0	0	10,0	0	180,0	0	994,962	5.k=1.moyenne	963,8	ERA5
1065432	17/07/2025	00	16/07/2025	20	HAE	28,3	0	21,7	0	67,0	0	9,0	0	180,0	0	994,962	5.k=1.moyenne	371,4	ERA5
1065433	17/07/2025	01	16/07/2025	21	HAE	26,3	0	21,5	0	75,0	0	8,0	0	160,0	0	994,942	5.k=1.moyenne	36,9	ERA5
1065434	17/07/2025	02	16/07/2025	22	HAE	26,3	0	21,2	0	74,0	0	6,0	0	180,0	0	994,941	5.k=1.moyenne	0,0	ERA5
1065435	17/07/2025	03	16/07/2025	23	HAE	25,6	0	20,7	0	74,0	0	7,0	0	190,0	0	994,737	5.k=1.moyenne	0,0	ERA5
1065436	17/07/2025	04	17/07/2025	00	HAE	24,6	0	21,4	0	82,0	0	4,0	0	200,0	0	994,533	5.k=1.moyenne	0,0	ERA5
1065437	17/07/2025	05	17/07/2025	01	HAE	25,3	0	21,1	0	77,0	0	9,0	0	170,0	0	994,165	5.k=1.moyenne	0,0	ERA5
1065438	17/07/2025	06	17/07/2025	02	HAE	25,3	0	21,2	0	78,0	0	8,0	0	160,0	0	994,165	5.k=1.moyenne	0,0	ERA5
1065439	17/07/2025	07	17/07/2025	03	HAE	25,1	0	20,9	0	77,0	0	12,0	0	180,0	0	993,91	5.k=1.moyenne	0,0	ERA5
1065440	17/07/2025	08	17/07/2025	04	HAE	24,3	0	21,1	0	82,0	0	5,0	0	230,0	0	993,803	5.k=1.moyenne	0,0	ERA5
1065441	17/07/2025	09	17/07/2025	05	HAE	22,6	0	22,6	0	99,0	0	0,0	0	0,0	0	993,719	5.k=1.moyenne	0,0	ERA5
1065442	17/07/2025	10	17/07/2025	06	HAE	22,7	0	22,95	4.lineaire	97,0	4.lineaire	3,0	0	130,0	0	993,678	5.k=1.moyenne	25,6	ERA5
1065443	17/07/2025	11	17/07/2025	07	HAE	24,1	0	23,3	0	95,0	0	4,0	0	180,0	0	993,589	5.k=1.moyenne	255,3	ERA5
1065444	17/07/2025	12	17/07/2025	08	HAE	24,2	0	23,2	0	94,0	0	3,0	0	250,0	0	993,307	5.k=1.moyenne	671,6	ERA5
1065445	17/07/2025	13	17/07/2025	09	HAE	23,4	0	22,8	0	97,0	0	0,0	0	0,0	0	992,761	5.k=1.moyenne	1421,8	ERA5
1065446	17/07/2025	14	17/07/2025	10	HAE	26,4	0	23,5	0	84,0	0	13,0	0	180,0	0	992,175	5.k=1.moyenne	1726,0	ERA5
1065447	17/07/2025	15	17/07/2025	11	HAE	28,2	0	23,7	0	77,0	0	15,0	0	180,0	0	991,571	5.k=1.moyenne	2034,8	ERA5
1065448	17/07/2025	16	17/07/2025	12	HAE	29,8	0	23,8	0	70,0	0	18,0	0	190,0	0	990,926	5.k=1.moyenne	2199,7	ERA5
1065449	17/07/2025	17	17/07/2025	13	HAE	30,5	0	24,3	0	70,0	0	15,0	0	180,0	0	990,283	5.k=1.moyenne	2536,3	ERA5
1065450	17/07/2025	18	17/07/2025	14	HAE	28,2	0	25,1	0	84,0	0	8,0	0	230,0	0	989,722	5.k=1.moyenne	1907,2	ERA5
1065451	17/07/2025	19	17/07/2025	15	HAE	26,1	0	22,6	0	81,0	0	6,0	0	270,0	0	989,141	5.k=1.moyenne	1285,9	ERA5
1065452	17/07/2025	20	17/07/2025	16	HAE	28,1	0	24,6	0	81,0	0	14,0	0	230,0	0	988,398	5.k=1.moyenne	1084,7	ERA5
1065453	17/07/2025	21	17/07/2025	17	HAE	25,6	0	24,8	0	95,0	0	17,0	0	200,0	0	988,207	5.k=1.moyenne	1559,3	ERA5
1065454	17/07/2025	22	17/07/2025	18	HAE	26,9	0	23,0	0	79,0	0	19,0	0	220,0	0	987,873	5.k=1.moyenne	997,4	ERA5
1065455	17/07/2025	23	17/07/2025	19	HAE	25,8	0	22,4	0	81,0	0	23,0	0	250,0	0	987,704	5.k=1.moyenne	409,7	ERA5
1065456	18/07/2025	00	17/07/2025	20	HAE	25,2	0	22,3	0	84,0	0	13,0	0	250,0	0	988,065	5.k=1.moyenne	168,4	ERA5
1065457	18/07/2025	01	17/07/2025	21	HAE	23,3	0	19,0	0	77,0	0	13,0	0	300,0	0	988,455	5.k=1.moyenne	21,0	ERA5
1065458	18/07/2025	02	17/07/2025	22	HAE	21,3	0	17,0	0	77,0	0	14,0	0	290,0	0	988,867	5.k=1.moyenne	0,0	ERA5
1065459	18/07/2025	03	17/07/2025	23	HAE	19,9	0	15,3	0	75,0	0	18,0	0	290,0	0	989,363	5.k=1.moyenne	0,0	ERA5
1065460	18/07/2025	04	18/07/2025	00	HAE	19,2	0	15,0	0	76,0	0	16,0	0	280,0	0	989,9	5.k=1.moyenne	0,0	ERA5
1065461	18/07/2025	05	18/07/2025	01	HAE	18,2	0	15,5	0	84,0	0	12,0	0	280,0	0	990,271	5.k=1.moyenne	0,0	ERA5
1065462	18/07/2025	06	18/07/2025	02	HAE	17,1	0	14,6	0	85,0	0	9,0	0	290,0	0	990,271	5.k=1.moyenne	0,0	ERA5
1065463	18/07/2025	07	18/07/2025	03	HAE	17,0	0	13,6	0	80,0	0	10,0	0	300,0	0	990,747	5.k=1.moyenne	0,0	ERA5
1065464	18/07/2025	08	18/07/2025	04	HAE	16,8	0	12,5	0	76,0	0	9,0	0	300,0	0	991,408	5.k=1.moyenne	0,0	ERA5
1065465	18/07/2025	09	18/07/2025	05	HAE	15,9	0	11,7	0	76,0	0	10,0	0	330,0	0	992,215	5.k=1.moyenne	0,0	ERA5
1065466	18/07/2025	10	18/07/2025	06	HAE	15,1	0	10,9	0	76,0	0	6,0	0	310,0	0	993,082	5.k=1.moyenne	25,6	ERA5
1065467	18/07/2025	11	18/07/2025	07	HAE	15,9	0	11,7	0	76,0	0	9,0	0	300,0	0	994,032	5.k=1.moyenne	382,5	ERA5
1065468	18/07/2025	12	18/07/2025	08	HAE	17,0	0	11,0	0	68,0	0	9,0	0	310,0	0	994,626	5.k=1.moyenne	988,4	ERA5
1065469	18/07/2025	13	18/07/2025	09	HAE	17,9	0	10,1	0	60,0	0	14,0	0	290,0	0	994,949	5.k=1.moyenne	1703,9	ERA5
1065470	18/07/2025	14	18/07/2025	10	HAE	19,0	0	10,5	0	58,0	0	10,0	0	300,0	0	995,313	5.k=1.moyenne	2328,3	ERA5
1065471	18/07/2025	15	18/07/2025	11	HAE	19,9	0	9,8	0	52,0	0	9,0	0	330,0	0	995,613	5.k=1.moyenne	2826,1	ERA5
1065472	18/07/2025	16	18/07/2025	12	HAE	21,4	0	12,0	0	55,0	0	3,0	0	340,0	0	995,642	5.k=1.moyenne	3180,0	ERA5
1065473	18/07/2025	17	18/07/2025	13	HAE	21,7	0	9,3	0	45,0	0	6,0	0	270,0	0	995,608	5.k=1.moyenne	3354,9	ERA5
1065474	18/07/2025	18	18/07/2025	14	HAE	22,2	0	10,4	0	47,0	0	10,0	0	240,0	0	995,677	5.k=1.moyenne	3335,1	ERA5
1065475	18/07/2025	19	18/07/2025	15	HAE	23,3	0	11,6	0	48,0	0	11,0	0	280,0	0	995,891	5.k=1.moyenne	1895,8	ERA5
1065476	18/07/2025	20	18/07/2025	16	HAE	23,6	0	11,8	0	48,0	0	10,0	0	230,0	0	996,043	5.k=1.moyenne	2100,7	ERA5
1065477	18/07/2025	21	18/07/2025	17	HAE	24,0	0	11,5	0	46,0	0	14,0	0	250,0	0	996,173	5.k=1.moyenne	1508,4	ERA5
1065478	18/07/2025	22	18/07/2025	18	HAE	23,8	0	10,8	0	44,0	0	14,0	0	250,0	0	996,365	5.k=1.moyenne	1410,6	ERA5
1065479	18/07/2025	23	18/07/2025	19	HAE	23,1	0	11,1	0	47,0	0	11,0	0	240,0	0	996,661	5.k=1.moyenne	986,0	ERA5
1065480	19/07/2025	00	18/07/2025	20	HAE	20,8	0	12,2	0	58,0	0	7,0	0	230,0	0	996,998	5.k=1.moyenne	400,8	ERA5
1065481	19/07/2025	01	18/07/2025	21	HAE	17,3	0	13,9	0	81,0	0	4,0	0	190,0	0	997,21	5.k=1.moyenne	35,1	ERA5
1065482	19/07/2025	02	18/07/2025	22	HAE	16,6	0	12,5	0	77,0	0	6,0	0	200,0	0	997,484	5.k=1.moyenne	0,0	ERA5
1065483	19/07/2025	03	18/07/2025	23	HAE	16,2	0	11,8	0	75,0	0	7,0	0	220,0	0	997,529	5.k=1.moyenne	0,0	ERA5
1065484	19/07/2025	04	19/07/2025	00	HAE	15,1	0	11,6	0	80,0	0	9,0	0	180,0	0	997,594	5.k=1.moyenne	0,0	ERA5
1065485	19/07/2025	05	19/07/2025	01	HAE	13,8	0	12,3	0	91,0	0	5,0	0	190,0	0	997,513	5.k=1.moyenne	0,0	ERA5
1065486	19/07/2025	06	19/07/2025	02	HAE	13,0	0	12,1	0	95,0	0	4,0	0	170,0	0	997,513	5.k=1.moyenne	0,0	ERA5
1065487	19/07/2025	07	19/07/2025	03	HAE	12,8	0	11,9	0	94,0	0	6,0	0	170,0	0	997,536	5.k=1.moyenne	0,0	ERA5
1065488	19/07/2025	08	19/07/2025	04	HAE	12,0	0	11,5	0	97,0	0	6,0	0	180,0	0	997,601	5.k=1.moyenne	0,0	ERA5
1065489	19/07/2025	09	19/07/2025	05	HAE	12,5	0	12,0	0	97,0	0	6,0	0	180,0	0	997,832	5.k=1.moyenne	0,0	ERA5
1065490	19/07/2025	10	19/07/2025	06	HAE	13,0	0	12,4	0	96,0	0	6,0	0	200,0	0	998,063	5.k=1.moyenne	31,9	ERA5
1065491	19/07/2025	11	19/07/2025	07	HAE	15,1	0	12,8	0	86,0	0	8,0	0	170,0	0	997,919	5.k=1.moyenne	350,2	ERA5
1065492	19/07/2025	12	19/07/2025	08	HAE	18,8	0	13,1	0	69,0	0	12,0	0	200,0	0	997,9	5.k=1.moyenne	815,6	ERA5
1065493	19/07/2025	13	19/07/2025	09	HAE	20,0	0	12,5	0	62,0	0	11,0	0	190,0	0	997,776	5.k=1.moyenne	1527,3	ERA5
1065494	19/07/2025	14	19/07/2025	10	HAE	22,3	0	13,3	0	57,0	0	11,0	0	190,0	0	997,402	5.k=1.moyenne	2133,1	ERA5
1065495	19/07/2025	15	19/07/2025	11	HAE	23,5	0	13,9	0	55,0	0	9,0	0	190,0	0	997,049	5.k=1.moyenne	2721,5	ERA5
1065496	19/07/2025	16	19/07/2025	12	HAE	24,7	0	13,4	0	49,0	0	15,0	0	200,0	0	996,613	5.k=1.moyenne	2945,2	ERA5
1065497	19/07/2025	17	19/07/2025	13	HAE	24,7	0	13,9	0	51,0	0	7,0	0	200,0	0	996,135	5.k=1.moyenne	2831,9	ERA5
1065498	19/07/2025	18	19/07/2025	14	HAE	24,8	0	13,3	0	49,0	0	7,0	0	280,0	0	995,844	5.k=1.moyenne	2421,5	ERA5
1065499	19/07/2025	19	19/07/2025	15	HAE	25,1	0	12,3	0	45,0	0	10,0	0	280,0	0	995,553	5.k=1.moyenne	2315,5	ERA5
1065500	19/07/2025	20	19/07/2025	16	HAE	25,7	0	12,5	0	44,0	0	8,0	0	240,0	0	995,262	5.k=1.moyenne	1536,6	ERA5
1065501	19/07/2025	21	19/07/2025	17	HAE	25,9	0	12,1	0	42,0	0	10,0	0	250,0	0	995,013	5.k=1.moyenne	1181,4	ERA5
1065502	19/07/2025	22	19/07/2025	18	HAE	25,8	0	13,0	0	45,0	0	4,0	0	240,0	0	994,972	5.k=1.moyenne	1423,6	ERA5
1065503	19/07/2025	23	19/07/2025	19	HAE	23,9	0	13,3	0	51,0	0	5,0	0	230,0	0	994,848	5.k=1.moyenne	645,4	ERA5
1065504	20/07/2025	00	19/07/2025	20	HAE	22,0	0	17,5	0	76,0	0	1,0	0	190,0	0	994,911	5.k=1.moyenne	314,8	ERA5
1065505	20/07/2025	01	19/07/2025	21	HAE	21,0	0	16,4	0	75,0	0	4,0	0	120,0	0	994,849	5.k=1.moyenne	28,7	ERA5
1065506	20/07/2025	02	19/07/2025	22	HAE	20,2	0	16,5	0	79,0	0	5,0	0	150,0	0	994,724	5.k=1.moyenne	0,0	ERA5
1065507	20/07/2025	03	19/07/2025	23	HAE	20,2	0	16,4	0	78,0	0	2,0	0	150,0	0	994,433	5.k=1.moyenne	0,0	ERA5
1065508	20/07/2025	04	20/07/2025	00	HAE	19,9	0	15,8	0	77,0	0	4,0	0	170,0	0	994,1	5.k=1.moyenne	0,0	ERA5
1065509	20/07/2025	05	20/07/2025	01	HAE	19,8	0	15,9	0	78,0	0	2,0	0	270,0	0	993,767	5.k=1.moyenne	0,0	ERA5
1065510	20/07/2025	06	20/07/2025	02	HAE	19,3	0	16,4	0	83,0	0	3,0	0	50,0	0	993,767	5.k=1.moyenne	0,0	ERA5
1065511	20/07/2025	07	20/07/2025	03	HAE	18,8	0	17,9	0	95,0	0	0,0	0	0,0	0	993,349	5.k=1.moyenne	0,0	ERA5
1065512	20/07/2025	08	20/07/2025	04	HAE	18,7	0	16,9	0	90,0	0	2,0	0	340,0	0	993,266	5.k=1.moyenne	0,0	ERA5
1065513	20/07/2025	09	20/07/2025	05	HAE	17,9	0	17,5	0	98,0	0	2,0	0	40,0	0	993,331	5.k=1.moyenne	0,0	ERA5
1065514	20/07/2025	10	20/07/2025	06	HAE	17,9	0	17,6	0	98,0	0	1,0	0	270,0	0	993,314	5.k=1.moyenne	7,5	ERA5
1065515	20/07/2025	11	20/07/2025	07	HAE	18,4	0	18,2	0	99,0	0	9,0	0	210,0	0	993,319	5.k=1.moyenne	126,6	ERA5
1065516	20/07/2025	12	20/07/2025	08	HAE	19,3	0	17,2	0	88,0	0	9,0	0	190,0	0	993,2	5.k=1.moyenne	333,9	ERA5
1065517	20/07/2025	13	20/07/2025	09	HAE	20,1	0	15,8	0	76,0	0	5,0	0	250,0	0	993,312	5.k=1.moyenne	192,4	ERA5
1065518	20/07/2025	14	20/07/2025	10	HAE	19,8	0	15,7	0	77,0	0	6,0	0	280,0	0	993,175	5.k=1.moyenne	353,6	ERA5
1065519	20/07/2025	15	20/07/2025	11	HAE	18,0	0	16,2	0	89,0	0	10,0	0	230,0	0	992,872	5.k=1.moyenne	931,6	ERA5
1065520	20/07/2025	16	20/07/2025	12	HAE	18,5	0	16,7	0	90,0	0	8,0	0	230,0	0	992,633	5.k=1.moyenne	1839,5	ERA5
1065521	20/07/2025	17	20/07/2025	13	HAE	19,3	0	16,9	0	86,0	0	9,0	0	220,0	0	992,415	5.k=1.moyenne	1896,2	ERA5
1065522	20/07/2025	18	20/07/2025	14	HAE	21,5	0	16,3	0	72,0	0	12,0	0	220,0	0	992,115	5.k=1.moyenne	2180,6	ERA5
1065523	20/07/2025	19	20/07/2025	15	HAE	21,9	0	17,0	0	74,0	0	8,0	0	290,0	0	991,899	5.k=1.moyenne	1846,8	ERA5
1065524	20/07/2025	20	20/07/2025	16	HAE	23,9	0	17,3	0	66,0	0	11,0	0	250,0	0	991,725	5.k=1.moyenne	2093,6	ERA5
1065525	20/07/2025	21	20/07/2025	17	HAE	24,0	0	17,2	0	66,0	0	10,0	0	260,0	0	991,51	5.k=1.moyenne	1526,2	ERA5
1065526	20/07/2025	22	20/07/2025	18	HAE	24,4	0	17,2	0	64,0	0	9,0	0	260,0	0	991,525	5.k=1.moyenne	1333,9	ERA5
1065527	20/07/2025	23	20/07/2025	19	HAE	24,1	0	17,7	0	68,0	0	8,0	0	240,0	0	991,915	5.k=1.moyenne	633,2	ERA5
1065528	21/07/2025	00	20/07/2025	20	HAE	22,7	0	17,6	0	73,0	0	10,0	0	250,0	0	992,243	5.k=1.moyenne	281,7	ERA5
1065529	21/07/2025	01	20/07/2025	21	HAE	21,1	0	17,0	0	77,0	0	3,0	0	330,0	0	992,739	5.k=1.moyenne	21,6	ERA5
1065530	21/07/2025	02	20/07/2025	22	HAE	20,1	0	13,1	0	64,0	0	11,0	0	20,0	0	993,172	5.k=1.moyenne	-0,0	ERA5
1065531	21/07/2025	03	20/07/2025	23	HAE	18,1	0	13,3	0	73,0	0	3,0	0	10,0	0	993,272	5.k=1.moyenne	0,0	ERA5
1065532	21/07/2025	04	21/07/2025	00	HAE	17,8	0	13,4	0	76,0	0	3,0	0	20,0	0	993,269	5.k=1.moyenne	0,0	ERA5
1065533	21/07/2025	05	21/07/2025	01	HAE	18,0	0	12,4	0	70,0	0	4,0	0	340,0	0	993,494	5.k=1.moyenne	0,0	ERA5
1065534	21/07/2025	06	21/07/2025	02	HAE	17,2	0	12,9	0	76,0	0	3,0	0	350,0	0	993,494	5.k=1.moyenne	-0,0	ERA5
1065535	21/07/2025	07	21/07/2025	03	HAE	16,9	0	11,5	0	71,0	0	5,0	0	350,0	0	993,463	5.k=1.moyenne	0,0	ERA5
1065536	21/07/2025	08	21/07/2025	04	HAE	16,5	0	10,0	0	65,0	0	6,0	0	350,0	0	993,558	5.k=1.moyenne	0,0	ERA5
1065537	21/07/2025	09	21/07/2025	05	HAE	15,9	0	9,5	0	66,0	0	7,0	0	10,0	0	993,988	5.k=1.moyenne	0,0	ERA5
1065538	21/07/2025	10	21/07/2025	06	HAE	13,6	0	9,7	0	78,0	0	2,0	0	30,0	0	994,48	5.k=1.moyenne	28,4	ERA5
1065539	21/07/2025	11	21/07/2025	07	HAE	15,3	0	10,4	0	73,0	0	5,0	0	330,0	0	994,812	5.k=1.moyenne	380,6	ERA5
1065540	21/07/2025	12	21/07/2025	08	HAE	16,3	0	9,1	0	63,0	0	11,0	0	360,0	0	995,254	5.k=1.moyenne	995,6	ERA5
1065541	21/07/2025	13	21/07/2025	09	HAE	17,2	0	9,1	0	59,0	0	7,0	0	340,0	0	995,595	5.k=1.moyenne	1674,3	ERA5
1065542	21/07/2025	14	21/07/2025	10	HAE	18,5	0	8,7	0	53,0	0	7,0	0	350,0	0	995,916	5.k=1.moyenne	2289,0	ERA5
1065543	21/07/2025	15	21/07/2025	11	HAE	18,7	0	9,2	0	54,0	0	5,0	0	10,0	0	996,116	5.k=1.moyenne	2527,1	ERA5
1065544	21/07/2025	16	21/07/2025	12	HAE	19,7	0	8,3	0	47,0	0	12,0	0	330,0	0	996,132	5.k=1.moyenne	1955,5	ERA5
1065545	21/07/2025	17	21/07/2025	13	HAE	20,1	0	9,5	0	50,0	0	6,0	0	340,0	0	996,189	5.k=1.moyenne	1871,9	ERA5
1065546	21/07/2025	18	21/07/2025	14	HAE	20,6	0	9,0	0	47,0	0	8,0	0	340,0	0	996,266	5.k=1.moyenne	2165,9	ERA5
1065547	21/07/2025	19	21/07/2025	15	HAE	20,2	0	8,2	0	46,0	0	7,0	0	10,0	0	996,413	5.k=1.moyenne	1380,1	ERA5
1065548	21/07/2025	20	21/07/2025	16	HAE	21,4	0	8,7	0	44,0	0	8,0	0	350,0	0	996,369	5.k=1.moyenne	1622,5	ERA5
1065549	21/07/2025	21	21/07/2025	17	HAE	20,7	0	8,1	0	44,0	0	7,0	0	360,0	0	996,616	5.k=1.moyenne	1147,8	ERA5
1065550	21/07/2025	22	21/07/2025	18	HAE	20,3	0	8,8	0	48,0	0	5,0	0	10,0	0	997,009	5.k=1.moyenne	704,3	ERA5
1065551	21/07/2025	23	21/07/2025	19	HAE	20,0	0	9,5	0	51,0	0	5,0	0	10,0	0	997,298	5.k=1.moyenne	325,0	ERA5
1065552	22/07/2025	00	21/07/2025	20	HAE	19,0	0	9,6	0	54,0	0	4,0	0	20,0	0	997,775	5.k=1.moyenne	161,9	ERA5
1065553	22/07/2025	01	21/07/2025	21	HAE	17,8	0	9,3	0	57,0	0	6,0	0	360,0	0	998,294	5.k=1.moyenne	14,6	ERA5
1065554	22/07/2025	02	21/07/2025	22	HAE	16,2	0	8,0	0	58,0	0	7,0	0	360,0	0	998,854	5.k=1.moyenne	0,0	ERA5
1065555	22/07/2025	03	21/07/2025	23	HAE	14,7	0	8,1	0	65,0	0	2,0	0	10,0	0	999,123	5.k=1.moyenne	-0,0	ERA5
1065556	22/07/2025	04	22/07/2025	00	HAE	11,7	0	9,3	0	85,0	0	0,0	0	0,0	0	999,476	5.k=1.moyenne	0,0	ERA5
1065557	22/07/2025	05	22/07/2025	01	HAE	11,4	0	8,7	0	83,0	0	2,0	0	250,0	0	999,745	5.k=1.moyenne	0,0	ERA5
1065558	22/07/2025	06	22/07/2025	02	HAE	11,7	0	8,9	0	83,0	0	2,0	0	290,0	0	999,745	5.k=1.moyenne	0,0	ERA5
1065559	22/07/2025	07	22/07/2025	03	HAE	11,2	0	8,7	0	85,0	0	4,0	0	270,0	0	999,986	5.k=1.moyenne	0,0	ERA5
1065560	22/07/2025	08	22/07/2025	04	HAE	11,2	0	8,7	0	84,0	0	2,0	0	320,0	0	1000,31	5.k=1.moyenne	0,0	ERA5
1065561	22/07/2025	09	22/07/2025	05	HAE	10,0	0	8,8	0	93,0	0	1,0	0	270,0	0	1000,94	5.k=1.moyenne	0,0	ERA5
1065562	22/07/2025	10	22/07/2025	06	HAE	10,3	0	9,2	0	93,0	0	1,0	0	30,0	0	1001,4	5.k=1.moyenne	29,8	ERA5
1065563	22/07/2025	11	22/07/2025	07	HAE	12,6	0	10,0	0	84,0	0	4,0	0	210,0	0	1001,88	5.k=1.moyenne	399,6	ERA5
1065564	22/07/2025	12	22/07/2025	08	HAE	15,0	0	9,8	0	71,0	0	4,0	0	340,0	0	1002,53	5.k=1.moyenne	1004,3	ERA5
1065565	22/07/2025	13	22/07/2025	09	HAE	16,9	0	9,8	0	63,0	0	6,0	0	70,0	0	1002,73	5.k=1.moyenne	1654,0	ERA5
1065566	22/07/2025	14	22/07/2025	10	HAE	17,8	0	9,7	0	59,0	0	4,0	0	40,0	0	1002,67	5.k=1.moyenne	2261,2	ERA5
1065567	22/07/2025	15	22/07/2025	11	HAE	19,1	0	10,8	0	58,0	0	4,0	0	270,0	0	1002,54	5.k=1.moyenne	2767,1	ERA5
1065568	22/07/2025	16	22/07/2025	12	HAE	20,0	0	9,1	0	50,0	0	6,0	0	250,0	0	1002,34	5.k=1.moyenne	2840,5	ERA5
1065569	22/07/2025	17	22/07/2025	13	HAE	20,7	0	9,5	0	49,0	0	6,0	0	230,0	0	1002,17	5.k=1.moyenne	2135,9	ERA5
1065570	22/07/2025	18	22/07/2025	14	HAE	21,4	0	9,4	0	47,0	0	8,0	0	290,0	0	1001,88	5.k=1.moyenne	1614,9	ERA5
1065571	22/07/2025	19	22/07/2025	15	HAE	21,9	0	8,2	0	41,0	0	8,0	0	10,0	0	1001,97	5.k=1.moyenne	1713,3	ERA5
1065572	22/07/2025	20	22/07/2025	16	HAE	21,8	0	9,2	0	44,0	0	6,0	0	300,0	0	1001,84	5.k=1.moyenne	1376,6	ERA5
1065573	22/07/2025	21	22/07/2025	17	HAE	22,8	0	9,2	0	42,0	0	9,0	0	290,0	0	1001,82	5.k=1.moyenne	1226,4	ERA5
1065574	22/07/2025	22	22/07/2025	18	HAE	21,7	0	7,5	0	40,0	0	5,0	0	260,0	0	1001,92	5.k=1.moyenne	1009,4	ERA5
1065575	22/07/2025	23	22/07/2025	19	HAE	22,0	0	9,4	0	44,0	0	5,0	0	320,0	0	1001,79	5.k=1.moyenne	585,5	ERA5
1065576	23/07/2025	00	22/07/2025	20	HAE	20,1	0	10,3	0	53,0	0	3,0	0	260,0	0	1002,08	5.k=1.moyenne	348,4	ERA5
1065577	23/07/2025	01	22/07/2025	21	HAE	16,1	0	11,7	0	75,0	0	2,0	0	220,0	0	1002,37	5.k=1.moyenne	27,0	ERA5
1065578	23/07/2025	02	22/07/2025	22	HAE	15,0	0	11,2	0	78,0	0	3,0	0	170,0	0	1002,74	5.k=1.moyenne	0,0	ERA5
1065579	23/07/2025	03	22/07/2025	23	HAE	13,2	0	11,2	0	87,0	0	4,0	0	180,0	0	1003,11	5.k=1.moyenne	0,0	ERA5
1065580	23/07/2025	04	23/07/2025	00	HAE	12,4	0	11,1	0	92,0	0	4,0	0	180,0	0	1003,42	5.k=1.moyenne	0,0	ERA5
1065581	23/07/2025	05	23/07/2025	01	HAE	12,0	0	10,8	0	93,0	0	5,0	0	180,0	0	1003,61	5.k=1.moyenne	0,0	ERA5
1065582	23/07/2025	06	23/07/2025	02	HAE	12,1	0	10,8	0	92,0	0	6,0	0	160,0	0	1003,61	5.k=1.moyenne	-0,0	ERA5
1065583	23/07/2025	07	23/07/2025	03	HAE	11,2	0	10,5	0	95,0	0	6,0	0	180,0	0	1003,47	5.k=1.moyenne	0,0	ERA5
1065584	23/07/2025	08	23/07/2025	04	HAE	10,5	0	10,0	0	97,0	0	7,0	0	160,0	0	1003,61	5.k=1.moyenne	0,0	ERA5
1065585	23/07/2025	09	23/07/2025	05	HAE	10,8	0	10,3	0	97,0	0	4,0	0	180,0	0	1003,87	5.k=1.moyenne	0,0	ERA5
1065586	23/07/2025	10	23/07/2025	06	HAE	10,2	0	10,0	0	99,0	0	6,0	0	150,0	0	1003,88	5.k=1.moyenne	26,3	ERA5
1065587	23/07/2025	11	23/07/2025	07	HAE	14,2	0	13,6	0	96,0	0	3,0	0	180,0	0	1004,06	5.k=1.moyenne	375,2	ERA5
1065588	23/07/2025	12	23/07/2025	08	HAE	17,1	0	14,6	0	85,0	0	6,0	0	190,0	0	1004,22	5.k=1.moyenne	975,7	ERA5
1065589	23/07/2025	13	23/07/2025	09	HAE	19,2	0	13,5	0	70,0	0	6,0	0	190,0	0	1003,98	5.k=1.moyenne	1612,2	ERA5
1065590	23/07/2025	14	23/07/2025	10	HAE	21,2	0	14,2	0	64,0	0	6,0	0	160,0	0	1003,57	5.k=1.moyenne	2234,8	ERA5
1065591	23/07/2025	15	23/07/2025	11	HAE	22,8	0	14,5	0	59,0	0	2,0	0	220,0	0	1003,15	5.k=1.moyenne	2737,0	ERA5
1065592	23/07/2025	16	23/07/2025	12	HAE	23,8	0	11,6	0	46,0	0	7,0	0	250,0	0	1002,76	5.k=1.moyenne	3092,9	ERA5
1065593	23/07/2025	17	23/07/2025	13	HAE	23,6	0	11,1	0	45,0	0	7,0	0	280,0	0	1002,38	5.k=1.moyenne	3275,0	ERA5
1065594	23/07/2025	18	23/07/2025	14	HAE	24,6	0	11,6	0	44,0	0	12,0	0	310,0	0	1001,95	5.k=1.moyenne	3269,6	ERA5
1065595	23/07/2025	19	23/07/2025	15	HAE	25,1	0	11,0	0	41,0	0	8,0	0	280,0	0	1001,62	5.k=1.moyenne	3058,8	ERA5
1065596	23/07/2025	20	23/07/2025	16	HAE	25,9	0	11,4	0	40,0	0	8,0	0	270,0	0	1001,17	5.k=1.moyenne	2684,4	ERA5
1065597	23/07/2025	21	23/07/2025	17	HAE	26,6	0	13,2	0	44,0	0	11,0	0	140,0	0	1000,51	5.k=1.moyenne	2195,7	ERA5
1065598	23/07/2025	22	23/07/2025	18	HAE	26,2	0	14,0	0	47,0	0	7,0	0	180,0	0	1000,1	5.k=1.moyenne	1590,2	ERA5
1065599	23/07/2025	23	23/07/2025	19	HAE	25,7	0	14,2	0	49,0	0	7,0	0	190,0	0	999,933	5.k=1.moyenne	923,9	ERA5
1065600	24/07/2025	00	23/07/2025	20	HAE	23,4	0	15,4	0	61,0	0	4,0	0	150,0	0	999,848	5.k=1.moyenne	339,6	ERA5
1065601	24/07/2025	01	23/07/2025	21	HAE	20,8	0	15,3	0	71,0	0	2,0	0	150,0	0	999,907	5.k=1.moyenne	22,6	ERA5
1065602	24/07/2025	02	23/07/2025	22	HAE	18,1	0	15,4	0	84,0	0	3,0	0	170,0	0	999,741	5.k=1.moyenne	0,0	ERA5
1065603	24/07/2025	03	23/07/2025	23	HAE	17,5	0	14,8	0	84,0	0	5,0	0	170,0	0	999,229	5.k=1.moyenne	0,0	ERA5
1065604	24/07/2025	04	24/07/2025	00	HAE	16,8	0	15,1	0	90,0	0	9,0	0	160,0	0	998,839	5.k=1.moyenne	0,0	ERA5
1065605	24/07/2025	05	24/07/2025	01	HAE	16,3	0	15,4	0	94,0	0	7,0	0	180,0	0	998,306	5.k=1.moyenne	0,0	ERA5
1065606	24/07/2025	06	24/07/2025	02	HAE	16,2	0	15,5	0	96,0	0	8,0	0	180,0	0	998,306	5.k=1.moyenne	0,0	ERA5
1065607	24/07/2025	07	24/07/2025	03	HAE	16,0	0	15,6	0	97,0	0	7,0	0	190,0	0	997,735	5.k=1.moyenne	0,0	ERA5
1065608	24/07/2025	08	24/07/2025	04	HAE	17,0	0	16,6	0	97,0	0	8,0	0	160,0	0	997,127	5.k=1.moyenne	0,0	ERA5
1065609	24/07/2025	09	24/07/2025	05	HAE	17,5	0	16,9	0	97,0	0	10,0	0	170,0	0	996,898	5.k=1.moyenne	0,0	ERA5
1065610	24/07/2025	10	24/07/2025	06	HAE	18,3	0	17,3	0	94,0	0	12,0	0	170,0	0	996,568	5.k=1.moyenne	23,3	ERA5
1065611	24/07/2025	11	24/07/2025	07	HAE	20,8	0	17,7	0	83,0	0	16,0	0	180,0	0	996,367	5.k=1.moyenne	356,1	ERA5
1065612	24/07/2025	12	24/07/2025	08	HAE	23,0	0	17,7	0	72,0	0	17,0	0	180,0	0	996,13	5.k=1.moyenne	943,1	ERA5
1065613	24/07/2025	13	24/07/2025	09	HAE	24,7	0	18,2	0	67,0	0	18,0	0	180,0	0	995,856	5.k=1.moyenne	1556,9	ERA5
1065614	24/07/2025	14	24/07/2025	10	HAE	25,9	0	18,9	0	65,0	0	23,0	0	170,0	0	994,798	5.k=1.moyenne	2162,0	ERA5
1065615	24/07/2025	15	24/07/2025	11	HAE	27,3	0	19,5	0	62,0	0	24,0	0	180,0	0	994,211	5.k=1.moyenne	2625,5	ERA5
1065616	24/07/2025	16	24/07/2025	12	HAE	27,8	0	19,8	0	62,0	0	21,0	0	180,0	0	993,751	5.k=1.moyenne	2898,6	ERA5
1065617	24/07/2025	17	24/07/2025	13	HAE	30,8	0	20,7	0	55,0	0	18,0	0	180,0	0	993,084	5.k=1.moyenne	3049,4	ERA5
1065618	24/07/2025	18	24/07/2025	14	HAE	31,5	0	20,6	0	52,0	0	16,0	0	200,0	0	992,627	5.k=1.moyenne	3124,4	ERA5
1065619	24/07/2025	19	24/07/2025	15	HAE	33,3	0	17,9	0	40,0	0	23,0	0	230,0	0	992,38	5.k=1.moyenne	2950,1	ERA5
1065620	24/07/2025	20	24/07/2025	16	HAE	32,9	0	19,3	0	45,0	0	14,0	0	250,0	0	992,361	5.k=1.moyenne	2608,4	ERA5
1065621	24/07/2025	21	24/07/2025	17	HAE	33,9	0	19,2	0	42,0	0	21,0	0	230,0	0	992,183	5.k=1.moyenne	2113,8	ERA5
1065622	24/07/2025	22	24/07/2025	18	HAE	33,1	0	20,0	0	46,0	0	9,0	0	250,0	0	992,026	5.k=1.moyenne	1529,3	ERA5
1065623	24/07/2025	23	24/07/2025	19	HAE	32,0	0	20,2	0	50,0	0	10,0	0	230,0	0	992,095	5.k=1.moyenne	919,0	ERA5
1065624	25/07/2025	00	24/07/2025	20	HAE	29,4	0	19,5	0	55,0	0	12,0	0	220,0	0	992,187	5.k=1.moyenne	339,6	ERA5
1065625	25/07/2025	01	24/07/2025	21	HAE	28,0	0	19,7	0	61,0	0	11,0	0	220,0	0	992,531	5.k=1.moyenne	19,8	ERA5
1065626	25/07/2025	02	24/07/2025	22	HAE	26,6	0	20,0	0	67,0	0	12,0	0	200,0	0	992,563	5.k=1.moyenne	0,0	ERA5
1065627	25/07/2025	03	24/07/2025	23	HAE	26,0	0	20,5	0	72,0	0	11,0	0	200,0	0	992,43	5.k=1.moyenne	0,0	ERA5
1065628	25/07/2025	04	25/07/2025	00	HAE	27,5	0	20,7	0	67,0	0	12,0	0	240,0	0	992,38	5.k=1.moyenne	0,0	ERA5
1065629	25/07/2025	05	25/07/2025	01	HAE	26,6	0	19,8	0	66,0	0	10,0	0	270,0	0	992,185	5.k=1.moyenne	0,0	ERA5
1065630	25/07/2025	06	25/07/2025	02	HAE	24,7	0	19,5	0	73,0	0	6,0	0	260,0	0	992,185	5.k=1.moyenne	-0,0	ERA5
1065631	25/07/2025	07	25/07/2025	03	HAE	23,3	0	19,9	0	81,0	0	2,0	0	200,0	0	991,933	5.k=1.moyenne	0,0	ERA5
1065632	25/07/2025	08	25/07/2025	04	HAE	22,6	0	21,5	0	94,0	0	5,0	0	190,0	0	991,955	5.k=1.moyenne	0,0	ERA5
1065633	25/07/2025	09	25/07/2025	05	HAE	25,0	0	20,7	0	77,0	0	13,0	0	240,0	0	992,144	5.k=1.moyenne	0,0	ERA5
1065634	25/07/2025	10	25/07/2025	06	HAE	24,2	0	20,0	0	77,0	0	13,0	0	260,0	0	992,565	5.k=1.moyenne	10,4	ERA5
1065635	25/07/2025	11	25/07/2025	07	HAE	23,8	0	20,3	0	81,0	0	11,0	0	260,0	0	992,945	5.k=1.moyenne	114,5	ERA5
1065636	25/07/2025	12	25/07/2025	08	HAE	22,7	0	21,8	0	94,0	0	7,0	0	250,0	0	993,555	5.k=1.moyenne	212,8	ERA5
1065637	25/07/2025	13	25/07/2025	09	HAE	22,8	0	21,3	0	92,0	0	10,0	0	250,0	0	993,667	5.k=1.moyenne	336,3	ERA5
1065638	25/07/2025	14	25/07/2025	10	HAE	22,6	0	22,2	0	98,0	0	7,0	0	280,0	0	993,828	5.k=1.moyenne	460,5	ERA5
1065639	25/07/2025	15	25/07/2025	11	HAE	23,2	0	22,4	0	95,0	0	7,0	0	350,0	0	994,685	5.k=1.moyenne	880,6	ERA5
1065640	25/07/2025	16	25/07/2025	12	HAE	23,0	0	19,3	0	80,0	0	8,0	0	10,0	0	994,842	5.k=1.moyenne	1503,0	ERA5
1065641	25/07/2025	17	25/07/2025	13	HAE	24,1	0	19,7	0	77,0	0	5,0	0	360,0	0	994,916	5.k=1.moyenne	2620,6	ERA5
1065642	25/07/2025	18	25/07/2025	14	HAE	25,9	0	17,8	0	61,0	0	10,0	0	10,0	0	995,136	5.k=1.moyenne	2929,1	ERA5
1065643	25/07/2025	19	25/07/2025	15	HAE	27,5	0	16,7	0	52,0	0	9,0	0	340,0	0	995,357	5.k=1.moyenne	2371,7	ERA5
1065644	25/07/2025	20	25/07/2025	16	HAE	28,1	0	15,6	0	47,0	0	10,0	0	30,0	0	995,548	5.k=1.moyenne	2005,4	ERA5
1065645	25/07/2025	21	25/07/2025	17	HAE	28,0	0	14,1	0	43,0	0	12,0	0	10,0	0	995,669	5.k=1.moyenne	1666,3	ERA5
1065646	25/07/2025	22	25/07/2025	18	HAE	27,8	0	14,7	0	45,0	0	7,0	0	10,0	0	995,907	5.k=1.moyenne	1352,9	ERA5
1065647	25/07/2025	23	25/07/2025	19	HAE	26,5	0	14,6	0	48,0	0	6,0	0	20,0	0	996,402	5.k=1.moyenne	853,6	ERA5
1065648	26/07/2025	00	25/07/2025	20	HAE	23,7	0	12,2	0	48,0	0	5,0	0	20,0	0	997,056	5.k=1.moyenne	360,6	ERA5
1065649	26/07/2025	01	25/07/2025	21	HAE	20,2	0	13,6	0	65,0	0	2,0	0	20,0	0	997,551	5.k=1.moyenne	20,2	ERA5
1065650	26/07/2025	02	25/07/2025	22	HAE	18,4	0	13,7	0	74,0	0	2,0	0	10,0	0	998,154	5.k=1.moyenne	-0,0	ERA5
1065651	26/07/2025	03	25/07/2025	23	HAE	17,1	0	13,4	0	78,0	0	0,0	0	0,0	0	998,586	5.k=1.moyenne	0,0	ERA5
1065652	26/07/2025	04	26/07/2025	00	HAE	15,7	0	13,5	0	87,0	0	0,0	0	0,0	0	998,827	5.k=1.moyenne	0,0	ERA5
1065653	26/07/2025	05	26/07/2025	01	HAE	14,9	0	13,6	0	92,0	0	1,0	0	210,0	0	999,228	5.k=1.moyenne	0,0	ERA5
1065654	26/07/2025	06	26/07/2025	02	HAE	13,8	0	13,4	0	98,0	0	2,0	0	230,0	0	999,228	5.k=1.moyenne	0,0	ERA5
1065655	26/07/2025	07	26/07/2025	03	HAE	13,6	0	13,1	0	96,0	0	2,0	0	160,0	0	999,489	5.k=1.moyenne	0,0	ERA5
1065656	26/07/2025	08	26/07/2025	04	HAE	13,1	0	12,6	0	97,0	0	3,0	0	140,0	0	999,729	5.k=1.moyenne	0,0	ERA5
1065657	26/07/2025	09	26/07/2025	05	HAE	13,1	0	12,8	0	98,0	0	0,0	0	0,0	0	1000,18	5.k=1.moyenne	0,0	ERA5
1065658	26/07/2025	10	26/07/2025	06	HAE	13,3	0	13,2	0	100,0	0	2,0	0	60,0	0	1000,63	5.k=1.moyenne	20,8	ERA5
1065659	26/07/2025	11	26/07/2025	07	HAE	14,5	0	14,4	0	99,0	0	2,0	0	160,0	0	1001,04	5.k=1.moyenne	367,2	ERA5
1065660	26/07/2025	12	26/07/2025	08	HAE	17,4	0	15,5	0	88,0	0	4,0	0	180,0	0	1001,3	5.k=1.moyenne	968,8	ERA5
1065661	26/07/2025	13	26/07/2025	09	HAE	20,8	0	16,8	0	78,0	0	5,0	0	150,0	0	1001,17	5.k=1.moyenne	1615,9	ERA5
1065662	26/07/2025	14	26/07/2025	10	HAE	23,5	0	17,0	0	67,0	0	8,0	0	130,0	0	1000,75	5.k=1.moyenne	2222,4	ERA5
1065663	26/07/2025	15	26/07/2025	11	HAE	25,9	0	14,5	0	49,0	0	12,0	0	170,0	0	1000,39	5.k=1.moyenne	2723,3	ERA5
1065664	26/07/2025	16	26/07/2025	12	HAE	26,8	0	12,6	0	41,0	0	12,0	0	180,0	0	1000,01	5.k=1.moyenne	3066,5	ERA5
1065665	26/07/2025	17	26/07/2025	13	HAE	27,4	0	12,5	0	40,0	0	17,0	0	170,0	0	999,675	5.k=1.moyenne	3253,5	ERA5
1065666	26/07/2025	18	26/07/2025	14	HAE	28,4	0	13,0	0	39,0	0	13,0	0	200,0	0	999,167	5.k=1.moyenne	3223,9	ERA5
1065667	26/07/2025	19	26/07/2025	15	HAE	28,5	0	11,4	0	35,0	0	4,0	0	160,0	0	998,68	5.k=1.moyenne	2560,3	ERA5
1065668	26/07/2025	20	26/07/2025	16	HAE	28,7	0	14,2	0	41,0	0	10,0	0	180,0	0	998,284	5.k=1.moyenne	2134,9	ERA5
1065669	26/07/2025	21	26/07/2025	17	HAE	28,3	0	13,5	0	40,0	0	11,0	0	180,0	0	997,72	5.k=1.moyenne	1886,5	ERA5
1065670	26/07/2025	22	26/07/2025	18	HAE	27,4	0	14,5	0	45,0	0	6,0	0	190,0	0	997,417	5.k=1.moyenne	1398,1	ERA5
1065671	26/07/2025	23	26/07/2025	19	HAE	25,3	0	16,5	0	58,0	0	6,0	0	170,0	0	997,158	5.k=1.moyenne	675,5	ERA5
1065672	27/07/2025	00	26/07/2025	20	HAE	24,0	0	16,1	0	61,0	0	6,0	0	150,0	0	996,964	5.k=1.moyenne	266,8	ERA5
1065673	27/07/2025	01	26/07/2025	21	HAE	22,8	0	15,9	0	65,0	0	6,0	0	140,0	0	996,625	5.k=1.moyenne	13,1	ERA5
1065674	27/07/2025	02	26/07/2025	22	HAE	21,4	0	16,3	0	73,0	0	8,0	0	150,0	0	996,392	5.k=1.moyenne	0,0	ERA5
1065675	27/07/2025	03	26/07/2025	23	HAE	21,4	0	16,7	0	74,0	0	9,0	0	140,0	0	996,01	5.k=1.moyenne	0,0	ERA5
1065676	27/07/2025	04	27/07/2025	00	HAE	20,3	0	16,4	0	78,0	0	10,0	0	160,0	0	995,841	5.k=1.moyenne	0,0	ERA5
1065677	27/07/2025	05	27/07/2025	01	HAE	19,2	0	16,2	0	83,0	0	9,0	0	170,0	0	995,522	5.k=1.moyenne	0,0	ERA5
1065678	27/07/2025	06	27/07/2025	02	HAE	17,2	0	16,4	0	95,0	0	8,0	0	170,0	0	995,522	5.k=1.moyenne	-0,0	ERA5
1065679	27/07/2025	07	27/07/2025	03	HAE	18,7	0	16,9	0	89,0	0	9,0	0	160,0	0	995,138	5.k=1.moyenne	0,0	ERA5
1065680	27/07/2025	08	27/07/2025	04	HAE	19,3	0	16,4	0	83,0	0	9,0	0	150,0	0	994,63	5.k=1.moyenne	0,0	ERA5
1065681	27/07/2025	09	27/07/2025	05	HAE	18,4	0	15,9	0	85,0	0	6,0	0	170,0	0	994,317	5.k=1.moyenne	0,0	ERA5
1065682	27/07/2025	10	27/07/2025	06	HAE	20,1	0	17,2	0	84,0	0	9,0	0	160,0	0	994,071	5.k=1.moyenne	17,5	ERA5
1065683	27/07/2025	11	27/07/2025	07	HAE	22,1	0	17,3	0	74,0	0	12,0	0	170,0	0	993,934	5.k=1.moyenne	328,0	ERA5
1065684	27/07/2025	12	27/07/2025	08	HAE	20,8	0	17,8	0	83,0	0	14,0	0	190,0	0	993,65	5.k=1.moyenne	804,7	ERA5
1065685	27/07/2025	13	27/07/2025	09	HAE	20,1	0	19,9	0	99,0	0	13,0	0	180,0	0	993,475	5.k=1.moyenne	1088,5	ERA5
1065686	27/07/2025	14	27/07/2025	10	HAE	21,6	0	19,7	0	89,0	0	23,0	0	170,0	0	993,111	5.k=1.moyenne	1256,2	ERA5
1065687	27/07/2025	15	27/07/2025	11	HAE	22,3	0	19,9	0	86,0	0	21,0	0	180,0	0	992,92	5.k=1.moyenne	1136,8	ERA5
1065688	27/07/2025	16	27/07/2025	12	HAE	22,3	0	20,1	0	87,0	0	12,0	0	190,0	0	992,687	5.k=1.moyenne	1623,3	ERA5
1065689	27/07/2025	17	27/07/2025	13	HAE	23,1	0	20,2	0	84,0	0	16,0	0	190,0	0	992,52	5.k=1.moyenne	1404,6	ERA5
1065690	27/07/2025	18	27/07/2025	14	HAE	24,6	0	20,4	0	77,0	0	11,0	0	190,0	0	992,371	5.k=1.moyenne	1452,4	ERA5
1065691	27/07/2025	19	27/07/2025	15	HAE	25,6	0	21,1	0	76,0	0	10,0	0	160,0	0	992,181	5.k=1.moyenne	2024,3	ERA5
1065692	27/07/2025	20	27/07/2025	16	HAE	26,5	0	21,6	0	74,0	0	9,0	0	160,0	0	992,355	5.k=1.moyenne	706,7	ERA5
1065693	27/07/2025	21	27/07/2025	17	HAE	26,8	0	21,9	0	75,0	0	11,0	0	140,0	0	992,359	5.k=1.moyenne	1069,4	ERA5
1065694	27/07/2025	22	27/07/2025	18	HAE	27,3	0	22,3	0	74,0	0	11,0	0	170,0	0	992,492	5.k=1.moyenne	1263,5	ERA5
1065695	27/07/2025	23	27/07/2025	19	HAE	26,5	0	22,3	0	78,0	0	12,0	0	170,0	0	992,807	5.k=1.moyenne	778,9	ERA5
1065696	28/07/2025	00	27/07/2025	20	HAE	24,5	0	21,7	0	84,0	0	10,0	0	160,0	0	993,294	5.k=1.moyenne	229,1	ERA5
1065697	28/07/2025	01	27/07/2025	21	HAE	22,9	0	22,0	0	95,0	0	9,0	0	170,0	0	994,164	5.k=1.moyenne	12,1	ERA5
1065698	28/07/2025	02	27/07/2025	22	HAE	22,3	0	21,9	0	98,0	0	7,0	0	190,0	0	994,421	5.k=1.moyenne	0,0	ERA5
1065699	28/07/2025	03	27/07/2025	23	HAE	21,6	0	21,5	0	100,0	0	5,0	0	180,0	0	994,68	5.k=1.moyenne	0,0	ERA5
1065700	28/07/2025	04	28/07/2025	00	HAE	21,0	0	20,9	0	100,0	0	4,0	0	190,0	0	995,035	5.k=1.moyenne	0,0	ERA5
1065701	28/07/2025	05	28/07/2025	01	HAE	20,0	0	20,0	0	100,0	4.constant	5,0	0	190,0	0	995,39	5.k=1.moyenne	0,0	ERA5
1065702	28/07/2025	06	28/07/2025	02	HAE	21,0	0	21,0	0	100,0	5.k=1.STE-CLOTHILDE	6,0	0	270,0	0	995,39	5.k=1.moyenne	-0,0	ERA5
1065703	28/07/2025	07	28/07/2025	03	HAE	21,1	0	21,1	0	98,3426	5.k=1.STE-CLOTHILDE	1,0	0	260,0	0	995,677	5.k=1.moyenne	0,0	ERA5
1065704	28/07/2025	08	28/07/2025	04	HAE	20,8	0	20,8	0	96,6852	5.k=1.STE-CLOTHILDE	3,0	0	290,0	0	996,088	5.k=1.moyenne	0,0	ERA5
1065705	28/07/2025	09	28/07/2025	05	HAE	19,2	0	19,2	0	94,1708	5.k=1.STE-CLOTHILDE	4,0	0	320,0	0	996,434	5.k=1.moyenne	0,0	ERA5
1065706	28/07/2025	10	28/07/2025	06	HAE	18,7	0	18,7	0	91,6564	5.k=1.STE-CLOTHILDE	5,0	0	300,0	0	997,203	5.k=1.moyenne	15,7	ERA5
1065707	28/07/2025	11	28/07/2025	07	HAE	20,5	0	20,5	0	84,0	5.k=1.STE-CLOTHILDE	1,0	0	290,0	0	997,671	5.k=1.moyenne	335,5	ERA5
1065708	28/07/2025	12	28/07/2025	08	HAE	23,1	0	20,2	0	84,0	0	5,0	0	320,0	0	998,117	5.k=1.moyenne	916,1	ERA5
1065709	28/07/2025	13	28/07/2025	09	HAE	24,4	0	17,8	0	67,0	0	5,0	0	350,0	0	998,285	5.k=1.moyenne	1554,5	ERA5
1065710	28/07/2025	14	28/07/2025	10	HAE	25,6	0	17,7	0	61,0	0	6,0	0	40,0	0	998,153	5.k=1.moyenne	2145,2	ERA5
1065711	28/07/2025	15	28/07/2025	11	HAE	27,1	0	17,8	0	57,0	0	3,0	0	190,0	0	998,062	5.k=1.moyenne	2634,2	ERA5
1065712	28/07/2025	16	28/07/2025	12	HAE	28,2	0	18,9	0	57,0	0	10,0	0	180,0	0	997,715	5.k=1.moyenne	2969,8	ERA5
1065713	28/07/2025	17	28/07/2025	13	HAE	29,1	0	18,9	0	54,0	0	4,0	0	240,0	0	997,324	5.k=1.moyenne	3147,6	ERA5
1065714	28/07/2025	18	28/07/2025	14	HAE	30,3	0	17,2	0	45,0	0	8,0	0	240,0	0	997,102	5.k=1.moyenne	3164,4	ERA5
1065715	28/07/2025	19	28/07/2025	15	HAE	31,3	0	18,7	0	47,0	0	10,0	0	210,0	0	996,9	5.k=1.moyenne	2883,3	ERA5
1065716	28/07/2025	20	28/07/2025	16	HAE	31,5	0	19,0	0	48,0	0	13,0	0	180,0	0	996,527	5.k=1.moyenne	2493,4	ERA5
1065717	28/07/2025	21	28/07/2025	17	HAE	30,8	0	17,7	0	46,0	0	17,0	0	170,0	0	996,196	5.k=1.moyenne	2043,9	ERA5
1065718	28/07/2025	22	28/07/2025	18	HAE	29,9	0	14,3	0	39,0	0	13,0	0	190,0	0	995,949	5.k=1.moyenne	1461,2	ERA5
1065719	28/07/2025	23	28/07/2025	19	HAE	28,6	0	17,1	0	50,0	0	7,0	0	180,0	0	995,85	5.k=1.moyenne	810,5	ERA5
1065720	29/07/2025	00	28/07/2025	20	HAE	25,2	0	17,5	0	62,0	0	8,0	0	190,0	0	995,879	5.k=1.moyenne	277,2	ERA5
1065721	29/07/2025	01	28/07/2025	21	HAE	24,2	0	18,1	0	69,0	0	12,0	0	190,0	0	995,928	5.k=1.moyenne	11,8	ERA5
1065722	29/07/2025	02	28/07/2025	22	HAE	25,3	0	19,2	0	69,0	0	8,0	0	200,0	0	996,04	5.k=1.moyenne	-0,0	ERA5
1065723	29/07/2025	03	28/07/2025	23	HAE	23,3	0	18,9	0	77,0	0	5,0	0	180,0	0	996,003	5.k=1.moyenne	0,0	ERA5
1065724	29/07/2025	04	29/07/2025	00	HAE	23,5	0	18,1	0	72,0	0	8,0	0	210,0	0	996,136	5.k=1.moyenne	0,0	ERA5
1065725	29/07/2025	05	29/07/2025	01	HAE	24,4	0	18,1	0	68,0	0	7,0	0	230,0	0	996,077	5.k=1.moyenne	0,0	ERA5
1065726	29/07/2025	06	29/07/2025	02	HAE	25,4	0	18,9	0	67,0	0	11,0	0	250,0	0	996,077	5.k=1.moyenne	0,0	ERA5
1065727	29/07/2025	07	29/07/2025	03	HAE	25,1	0	19,2	0	70,0	0	12,0	0	280,0	0	995,936	5.k=1.moyenne	0,0	ERA5
1065728	29/07/2025	08	29/07/2025	04	HAE	23,6	0	19,3	0	77,0	0	10,0	0	270,0	0	996,094	5.k=1.moyenne	0,0	ERA5
1065729	29/07/2025	09	29/07/2025	05	HAE	22,6	0	19,4	0	82,0	0	6,0	0	250,0	0	996,231	5.k=1.moyenne	0,0	ERA5
1065730	29/07/2025	10	29/07/2025	06	HAE	22,2	0	19,5	0	85,0	0	4,0	0	260,0	0	996,689	5.k=1.moyenne	13,7	ERA5
1065731	29/07/2025	11	29/07/2025	07	HAE	22,5	0	19,9	0	85,0	0	8,0	0	250,0	0	997,105	5.k=1.moyenne	309,1	ERA5
1065732	29/07/2025	12	29/07/2025	08	HAE	24,1	0	20,5	0	80,0	0	9,0	0	260,0	0	997,586	5.k=1.moyenne	813,8	ERA5
1065733	29/07/2025	13	29/07/2025	09	HAE	24,8	0	20,1	0	75,0	0	8,0	0	240,0	0	997,769	5.k=1.moyenne	1383,9	ERA5
1065734	29/07/2025	14	29/07/2025	10	HAE	26,9	0	19,8	0	65,0	0	5,0	0	240,0	0	997,907	5.k=1.moyenne	1866,2	ERA5
1065735	29/07/2025	15	29/07/2025	11	HAE	27,4	0	19,7	0	63,0	0	9,0	0	270,0	0	997,989	5.k=1.moyenne	2417,2	ERA5
1065736	29/07/2025	16	29/07/2025	12	HAE	27,9	0	18,6	0	57,0	0	11,0	0	280,0	0	998,047	5.k=1.moyenne	2793,5	ERA5
1065737	29/07/2025	17	29/07/2025	13	HAE	28,6	0	16,9	0	49,0	0	16,0	0	270,0	0	998,041	5.k=1.moyenne	2835,6	ERA5
1065738	29/07/2025	18	29/07/2025	14	HAE	29,2	0	17,6	0	50,0	0	14,0	0	270,0	0	997,929	5.k=1.moyenne	2776,9	ERA5
1065739	29/07/2025	19	29/07/2025	15	HAE	28,9	0	16,8	0	48,0	0	8,0	0	300,0	0	997,882	5.k=1.moyenne	2768,0	ERA5
1065740	29/07/2025	20	29/07/2025	16	HAE	29,7	0	16,4	0	45,0	0	8,0	0	290,0	0	997,756	5.k=1.moyenne	2268,7	ERA5
1065741	29/07/2025	21	29/07/2025	17	HAE	29,7	0	15,8	0	43,0	0	6,0	0	260,0	0	997,731	5.k=1.moyenne	1716,9	ERA5
1065742	29/07/2025	22	29/07/2025	18	HAE	28,5	0	16,9	0	50,0	0	7,0	0	280,0	0	997,707	5.k=1.moyenne	1318,3	ERA5
1065743	29/07/2025	23	29/07/2025	19	HAE	27,7	0	18,6	0	58,0	0	6,0	0	240,0	0	997,787	5.k=1.moyenne	454,3	ERA5
1065744	30/07/2025	00	29/07/2025	20	HAE	25,6	0	19,0	0	67,0	0	6,0	0	250,0	0	997,93	5.k=1.moyenne	218,5	ERA5
1065745	30/07/2025	01	29/07/2025	21	HAE	24,2	0	18,6	0	71,0	0	6,0	0	240,0	0	998,114	5.k=1.moyenne	11,3	ERA5
1065746	30/07/2025	02	29/07/2025	22	HAE	23,1	0	18,2	0	74,0	0	6,0	0	250,0	0	998,237	5.k=1.moyenne	0,0	ERA5
1065747	30/07/2025	03	29/07/2025	23	HAE	21,0	0	18,0	0	83,0	0	4,0	0	240,0	0	998,297	5.k=1.moyenne	0,0	ERA5
1065748	30/07/2025	04	30/07/2025	00	HAE	18,8	0	17,7	0	94,0	0	2,0	0	220,0	0	998,211	5.k=1.moyenne	0,0	ERA5
1065749	30/07/2025	05	30/07/2025	01	HAE	18,5	0	17,7	0	95,0	0	4,0	0	200,0	0	998,043	5.k=1.moyenne	0,0	ERA5
1065750	30/07/2025	06	30/07/2025	02	HAE	20,3	0	18,0	0	87,0	0	6,0	0	260,0	0	998,043	5.k=1.moyenne	0,0	ERA5
1065751	30/07/2025	07	30/07/2025	03	HAE	18,4	0	17,5	0	94,0	0	7,0	0	200,0	0	997,979	5.k=1.moyenne	0,0	ERA5
1065752	30/07/2025	08	30/07/2025	04	HAE	18,8	0	17,8	0	94,0	0	3,0	0	240,0	0	997,96	5.k=1.moyenne	0,0	ERA5
1065753	30/07/2025	09	30/07/2025	05	HAE	18,1	0	17,0	0	94,0	0	3,0	0	240,0	0	998,133	5.k=1.moyenne	0,0	ERA5
1065754	30/07/2025	10	30/07/2025	06	HAE	18,6	0	17,6	0	94,0	0	7,0	0	250,0	0	998,585	5.k=1.moyenne	11,7	ERA5
1065755	30/07/2025	11	30/07/2025	07	HAE	19,9	0	18,3	0	90,0	0	4,0	0	270,0	0	999,059	5.k=1.moyenne	266,7	ERA5
1065756	30/07/2025	12	30/07/2025	08	HAE	21,8	0	18,8	0	83,0	0	5,0	0	270,0	0	999,194	5.k=1.moyenne	773,6	ERA5
1065757	30/07/2025	13	30/07/2025	09	HAE	22,96	4.lineaire	18,54	4.lineaire	77,2	4.lineaire	6,0	4.lineaire	264,0	4.lineaire	999,246	5.k=1.moyenne	1353,7	ERA5
1065758	30/07/2025	14	30/07/2025	10	HAE	24,12	4.lineaire	18,28	4.lineaire	71,4	4.lineaire	7,0	4.lineaire	258,0	4.lineaire	999,085	5.k=1.moyenne	1964,9	ERA5
1065759	30/07/2025	15	30/07/2025	11	HAE	25,28	4.lineaire	18,02	4.lineaire	65,6	4.lineaire	8,0	4.lineaire	252,0	4.lineaire	998,888	5.k=1.moyenne	2375,6	ERA5
1065760	30/07/2025	16	30/07/2025	12	HAE	26,44	4.lineaire	17,76	4.lineaire	59,8	4.lineaire	9,0	4.lineaire	246,0	4.lineaire	998,711	5.k=1.moyenne	2716,7	ERA5
1065761	30/07/2025	17	30/07/2025	13	HAE	27,6	0	17,5	0	54,0	0	10,0	0	240,0	0	998,307	5.k=1.moyenne	2726,3	ERA5
1065762	30/07/2025	18	30/07/2025	14	HAE	28,2	0	17,4	0	52,0	0	14,0	0	260,0	0	998,173	5.k=1.moyenne	2665,5	ERA5
1065763	30/07/2025	19	30/07/2025	15	HAE	27,6	0	17,7	0	55,0	0	13,0	0	300,0	0	997,958	5.k=1.moyenne	2037,4	ERA5
1065764	30/07/2025	20	30/07/2025	16	HAE	23,1	0	20,0	0	83,0	0	3,0	0	240,0	0	997,504	5.k=1.moyenne	1296,0	ERA5
1065765	30/07/2025	21	30/07/2025	17	HAE	24,7	0	20,3	0	77,0	0	6,0	0	290,0	0	997,518	5.k=1.moyenne	1051,3	ERA5
1065766	30/07/2025	22	30/07/2025	18	HAE	26,0	0	18,9	0	65,0	0	10,0	0	300,0	0	997,513	5.k=1.moyenne	737,9	ERA5
1065767	30/07/2025	23	30/07/2025	19	HAE	25,3	0	19,0	0	68,0	0	5,0	0	320,0	0	997,813	5.k=1.moyenne	541,0	ERA5
1065768	31/07/2025	00	30/07/2025	20	HAE	23,9	0	15,2	0	58,0	0	3,0	0	320,0	0	998,135	5.k=1.moyenne	186,4	ERA5
1065769	31/07/2025	01	30/07/2025	21	HAE	22,9	0	14,9	0	61,0	0	4,0	0	340,0	0	998,763	5.k=1.moyenne	6,5	ERA5
1065770	31/07/2025	02	30/07/2025	22	HAE	22,3	0	13,8	0	59,0	0	5,0	0	330,0	0	999,269	5.k=1.moyenne	0,0	ERA5
1065771	31/07/2025	03	30/07/2025	23	HAE	22,1	0	11,7	0	52,0	0	8,0	0	340,0	0	999,531	5.k=1.moyenne	0,0	ERA5
1065772	31/07/2025	04	31/07/2025	00	HAE	20,4	0	12,3	0	60,0	0	3,0	0	10,0	0	999,772	5.k=1.moyenne	0,0	ERA5
1065773	31/07/2025	05	31/07/2025	01	HAE	19,9	0	10,6	0	55,0	0	9,0	0	360,0	0	1000,12	5.k=1.moyenne	0,0	ERA5
1065774	31/07/2025	06	31/07/2025	02	HAE	19,0	0	9,3	0	53,0	0	7,0	0	20,0	0	1000,12	5.k=1.moyenne	0,0	ERA5
1065775	31/07/2025	07	31/07/2025	03	HAE	18,5	0	9,9	0	57,0	0	5,0	0	10,0	0	1000,55	5.k=1.moyenne	0,0	ERA5
1065776	31/07/2025	08	31/07/2025	04	HAE	17,7	0	10,6	0	63,0	0	3,0	0	10,0	0	1001,02	5.k=1.moyenne	0,0	ERA5
1065777	31/07/2025	09	31/07/2025	05	HAE	16,5	0	11,3	0	71,0	0	2,0	0	340,0	0	1001,6	5.k=1.moyenne	0,0	ERA5
1065778	31/07/2025	10	31/07/2025	06	HAE	15,7	0	11,3	0	76,0	0	3,0	0	10,0	0	1002,32	5.k=1.moyenne	6,7	ERA5
1065779	31/07/2025	11	31/07/2025	07	HAE	16,5	0	10,9	0	69,0	0	7,0	0	10,0	0	1002,83	5.k=1.moyenne	185,8	ERA5
1065780	31/07/2025	12	31/07/2025	08	HAE	16,8	0	10,9	0	68,0	0	7,0	0	360,0	0	1003,21	5.k=1.moyenne	562,3	ERA5
1065781	31/07/2025	13	31/07/2025	09	HAE	17,7	0	10,7	0	63,0	0	10,0	0	30,0	0	1003,39	5.k=1.moyenne	961,4	ERA5
1065782	31/07/2025	14	31/07/2025	10	HAE	18,3	0	10,5	0	60,0	0	6,0	0	50,0	0	1003,62	5.k=1.moyenne	1363,9	ERA5
1065783	31/07/2025	15	31/07/2025	11	HAE	19,2	0	10,4	0	57,0	0	12,0	0	40,0	0	1003,78	5.k=1.moyenne	1859,1	ERA5
1065784	31/07/2025	16	31/07/2025	12	HAE	20,1	0	10,4	0	53,0	0	8,0	0	20,0	0	1003,6	5.k=1.moyenne	2419,5	ERA5
1065785	31/07/2025	17	31/07/2025	13	HAE	20,2	0	9,2	0	49,0	0	5,0	0	30,0	0	1003,71	5.k=1.moyenne	2698,4	ERA5
1065786	31/07/2025	18	31/07/2025	14	HAE	20,5	0	9,6	0	50,0	0	6,0	0	40,0	0	1003,74	5.k=1.moyenne	2323,4	ERA5
1065787	31/07/2025	19	31/07/2025	15	HAE	20,5	0	9,6	0	50,0	0	3,0	0	30,0	0	1003,78	5.k=1.moyenne	1523,6	ERA5
1065788	31/07/2025	20	31/07/2025	16	HAE	20,4	0	10,5	0	53,0	0	5,0	0	30,0	0	1003,87	5.k=1.moyenne	1349,3	ERA5
1065789	31/07/2025	21	31/07/2025	17	HAE	20,4	0	10,1	0	51,0	0	3,0	0	80,0	0	1003,95	5.k=1.moyenne	1056,3	ERA5
1065790	31/07/2025	22	31/07/2025	18	HAE	20,5	0	10,8	0	54,0	0	3,0	0	110,0	0	1004,08	5.k=1.moyenne	549,9	ERA5
1065791	31/07/2025	23	31/07/2025	19	HAE	19,6	0	12,6	0	64,0	0	3,0	0	230,0	0	1004,35	5.k=1.moyenne	419,0	ERA5
1065792	01/08/2025	00	31/07/2025	20	HAE	18,8	0	14,1	0	74,0	0	3,0	0	180,0	0	1004,72	5.k=1.moyenne	230,1	ERA5
1065793	01/08/2025	01	31/07/2025	21	HAE	15,7	0	12,6	0	82,0	0	2,0	0	140,0	0	1005,15	5.k=1.moyenne	8,3	ERA5
1065794	01/08/2025	02	31/07/2025	22	HAE	14,6	0	13,0	0	91,0	0	1,0	0	300,0	0	1005,46	5.k=1.moyenne	0,0	ERA5
1065795	01/08/2025	03	31/07/2025	23	HAE	13,2	0	12,5	0	95,0	0	3,0	0	190,0	0	1005,67	5.k=1.moyenne	-0,0	ERA5
1065796	01/08/2025	04	01/08/2025	00	HAE	13,3	0	13,1	0	99,0	0	0,0	0	0,0	0	1006,04	5.k=1.moyenne	0,0	ERA5
1065797	01/08/2025	05	01/08/2025	01	HAE	13,5	0	13,2	0	98,0	0	1,0	0	320,0	0	1006,26	5.k=1.moyenne	0,0	ERA5
1065798	01/08/2025	06	01/08/2025	02	HAE	14,6	0	12,7	0	88,0	0	4,0	0	10,0	0	1006,26	5.k=1.moyenne	-0,0	ERA5
1065799	01/08/2025	07	01/08/2025	03	HAE	14,4	0	10,9	0	80,0	0	4,0	0	20,0	0	1006,56	5.k=1.moyenne	0,0	ERA5
1065800	01/08/2025	08	01/08/2025	04	HAE	14,5	0	9,2	0	71,0	0	7,0	0	30,0	0	1006,65	5.k=1.moyenne	0,0	ERA5
1065801	01/08/2025	09	01/08/2025	05	HAE	13,6	0	9,0	0	74,0	0	8,0	0	30,0	0	1006,99	5.k=1.moyenne	0,0	ERA5
1065802	01/08/2025	10	01/08/2025	06	HAE	13,7	0	8,5	0	71,0	0	9,0	0	40,0	0	1007,37	5.k=1.moyenne	9,3	ERA5
1065803	01/08/2025	11	01/08/2025	07	HAE	14,0	0	8,1	0	68,0	0	9,0	0	40,0	0	1007,9	5.k=1.moyenne	307,4	ERA5
1065804	01/08/2025	12	01/08/2025	08	HAE	15,3	0	8,3	0	63,0	0	10,0	0	40,0	0	1008,09	5.k=1.moyenne	849,9	ERA5
1065805	01/08/2025	13	01/08/2025	09	HAE	16,5	0	8,5	0	59,0	0	8,0	0	40,0	0	1008,12	5.k=1.moyenne	1511,6	ERA5
1065806	01/08/2025	14	01/08/2025	10	HAE	18,3	0	10,4	0	60,0	0	7,0	0	30,0	0	1007,93	5.k=1.moyenne	2036,5	ERA5
1065807	01/08/2025	15	01/08/2025	11	HAE	19,2	0	8,5	0	50,0	0	9,0	0	30,0	0	1007,69	5.k=1.moyenne	2622,7	ERA5
1065808	01/08/2025	16	01/08/2025	12	HAE	20,9	0	9,7	0	49,0	0	8,0	0	340,0	0	1007,37	5.k=1.moyenne	2919,5	ERA5
1065809	01/08/2025	17	01/08/2025	13	HAE	21,6	0	8,8	0	44,0	0	8,0	0	360,0	0	1007,09	5.k=1.moyenne	2973,7	ERA5
1065810	01/08/2025	18	01/08/2025	14	HAE	21,6	0	7,4	0	40,0	0	10,0	0	360,0	0	1006,72	5.k=1.moyenne	3010,5	ERA5
1065811	01/08/2025	19	01/08/2025	15	HAE	22,3	0	7,3	0	38,0	0	5,0	0	360,0	0	1006,36	5.k=1.moyenne	2584,3	ERA5
1065812	01/08/2025	20	01/08/2025	16	HAE	22,5	0	5,8	0	34,0	0	6,0	0	320,0	0	1006,16	5.k=1.moyenne	2230,8	ERA5
1065813	01/08/2025	21	01/08/2025	17	HAE	22,6	0	5,0	0	32,0	0	8,0	0	20,0	0	1006,12	5.k=1.moyenne	1712,3	ERA5
1065814	01/08/2025	22	01/08/2025	18	HAE	22,0	0	5,3	0	34,0	0	7,0	0	40,0	0	1005,89	5.k=1.moyenne	990,3	ERA5
1065815	01/08/2025	23	01/08/2025	19	HAE	21,6	0	6,1	0	36,0	0	5,0	0	40,0	0	1005,96	5.k=1.moyenne	757,2	ERA5
1065816	02/08/2025	00	01/08/2025	20	HAE	18,4	0	8,9	0	54,0	0	4,0	0	140,0	0	1005,94	5.k=1.moyenne	304,9	ERA5
1065817	02/08/2025	01	01/08/2025	21	HAE	14,8	0	10,8	0	77,0	0	3,0	0	160,0	0	1006,04	5.k=1.moyenne	7,9	ERA5
1065818	02/08/2025	02	01/08/2025	22	HAE	13,6	0	10,0	0	79,0	0	2,0	0	180,0	0	1006,09	5.k=1.moyenne	0,0	ERA5
1065819	02/08/2025	03	01/08/2025	23	HAE	12,8	0	9,6	0	81,0	0	4,0	0	170,0	0	1005,88	5.k=1.moyenne	0,0	ERA5
1065820	02/08/2025	04	02/08/2025	00	HAE	11,4	0	9,4	0	88,0	0	5,0	0	170,0	0	1005,59	5.k=1.moyenne	0,0	ERA5
1065821	02/08/2025	05	02/08/2025	01	HAE	10,8	0	9,5	0	91,0	0	5,0	0	170,0	0	1005,55	5.k=1.moyenne	0,0	ERA5
1065822	02/08/2025	06	02/08/2025	02	HAE	10,0	0	9,0	0	94,0	0	3,0	0	190,0	0	1005,55	5.k=1.moyenne	0,0	ERA5
1065823	02/08/2025	07	02/08/2025	03	HAE	9,7	0	8,8	0	95,0	0	6,0	0	200,0	0	1005,16	5.k=1.moyenne	0,0	ERA5
1065824	02/08/2025	08	02/08/2025	04	HAE	9,0	0	8,7	0	98,0	0	5,0	0	170,0	0	1005,05	5.k=1.moyenne	0,0	ERA5
1065825	02/08/2025	09	02/08/2025	05	HAE	9,7	0	8,1	0	89,0	0	6,0	0	240,0	0	1005,08	5.k=1.moyenne	0,0	ERA5
1065826	02/08/2025	10	02/08/2025	06	HAE	11,4	0	8,6	0	83,0	0	6,0	0	240,0	0	1005,08	5.k=1.moyenne	8,6	ERA5
1065827	02/08/2025	11	02/08/2025	07	HAE	13,0	0	9,7	0	80,0	0	6,0	0	250,0	0	1005,07	5.k=1.moyenne	308,2	ERA5
1065828	02/08/2025	12	02/08/2025	08	HAE	16,0	0	10,0	0	68,0	0	8,0	0	220,0	0	1005,03	5.k=1.moyenne	900,9	ERA5
1065829	02/08/2025	13	02/08/2025	09	HAE	19,0	0	9,9	0	55,0	0	7,0	0	230,0	0	1004,68	5.k=1.moyenne	1543,4	ERA5
1065830	02/08/2025	14	02/08/2025	10	HAE	22,1	0	9,8	0	46,0	0	9,0	0	230,0	0	1004,24	5.k=1.moyenne	2159,8	ERA5
1065831	02/08/2025	15	02/08/2025	11	HAE	23,0	0	8,7	0	40,0	0	19,0	0	250,0	0	1003,81	5.k=1.moyenne	2668,5	ERA5
1065832	02/08/2025	16	02/08/2025	12	HAE	24,1	0	9,3	0	39,0	0	13,0	0	240,0	0	1003,19	5.k=1.moyenne	3026,0	ERA5
1065833	02/08/2025	17	02/08/2025	13	HAE	25,3	0	10,1	0	38,0	0	17,0	0	240,0	0	1002,63	5.k=1.moyenne	3172,5	ERA5
1065834	02/08/2025	18	02/08/2025	14	HAE	25,7	0	11,0	0	40,0	0	14,0	0	250,0	0	1001,95	5.k=1.moyenne	3035,9	ERA5
1065835	02/08/2025	19	02/08/2025	15	HAE	26,3	0	11,1	0	39,0	0	14,0	0	240,0	0	1001,46	5.k=1.moyenne	2661,7	ERA5
1065836	02/08/2025	20	02/08/2025	16	HAE	26,2	0	11,6	0	40,0	0	15,0	0	240,0	0	1001,12	5.k=1.moyenne	2247,1	ERA5
1065837	02/08/2025	21	02/08/2025	17	HAE	26,1	0	10,9	0	39,0	0	15,0	0	260,0	0	1000,71	5.k=1.moyenne	1710,2	ERA5
1065838	02/08/2025	22	02/08/2025	18	HAE	25,7	0	11,3	0	40,0	0	12,0	0	240,0	0	1000,54	5.k=1.moyenne	1169,6	ERA5
1065839	02/08/2025	23	02/08/2025	19	HAE	24,4	0	11,9	0	45,0	0	11,0	0	230,0	0	1000,4	5.k=1.moyenne	788,0	ERA5
1065840	03/08/2025	00	02/08/2025	20	HAE	21,2	0	12,2	0	57,0	0	8,0	0	210,0	0	1000,48	5.k=1.moyenne	221,6	ERA5
1065841	03/08/2025	01	02/08/2025	21	HAE	19,5	0	13,1	0	67,0	0	8,0	0	230,0	0	1000,6	5.k=1.moyenne	5,2	ERA5
1065842	03/08/2025	02	02/08/2025	22	HAE	17,9	0	13,5	0	76,0	0	5,0	0	180,0	0	1000,51	5.k=1.moyenne	0,0	ERA5
1065843	03/08/2025	03	02/08/2025	23	HAE	18,8	0	12,2	0	65,0	0	5,0	0	240,0	0	1000,21	5.k=1.moyenne	0,0	ERA5
1065844	03/08/2025	04	03/08/2025	00	HAE	18,9	0	11,6	0	63,0	0	8,0	0	250,0	0	999,997	5.k=1.moyenne	0,0	ERA5
1065845	03/08/2025	05	03/08/2025	01	HAE	16,6	0	11,4	0	71,0	0	5,0	0	200,0	0	999,596	5.k=1.moyenne	0,0	ERA5
1065846	03/08/2025	06	03/08/2025	02	HAE	15,6	0	11,4	0	76,0	0	3,0	0	140,0	0	999,596	5.k=1.moyenne	-0,0	ERA5
1065847	03/08/2025	07	03/08/2025	03	HAE	13,4	0	11,7	0	89,0	0	3,0	0	170,0	0	999,105	5.k=1.moyenne	0,0	ERA5
1065848	03/08/2025	08	03/08/2025	04	HAE	12,9	0	11,5	0	91,0	0	7,0	0	180,0	0	998,847	5.k=1.moyenne	0,0	ERA5
1065849	03/08/2025	09	03/08/2025	05	HAE	12,3	0	11,5	0	95,0	0	5,0	0	190,0	0	998,778	5.k=1.moyenne	0,0	ERA5
1065850	03/08/2025	10	03/08/2025	06	HAE	12,8	0	11,4	0	91,0	0	2,0	0	200,0	0	998,649	5.k=1.moyenne	7,0	ERA5
1065851	03/08/2025	11	03/08/2025	07	HAE	14,3	0	12,9	0	91,0	0	4,0	0	190,0	0	998,668	5.k=1.moyenne	282,0	ERA5
1065852	03/08/2025	12	03/08/2025	08	HAE	17,6	0	13,4	0	76,0	0	6,0	0	190,0	0	998,48	5.k=1.moyenne	829,5	ERA5
1065853	03/08/2025	13	03/08/2025	09	HAE	20,3	0	13,9	0	67,0	0	15,0	0	200,0	0	998,148	5.k=1.moyenne	1434,6	ERA5
1065854	03/08/2025	14	03/08/2025	10	HAE	21,8	0	15,0	0	65,0	0	12,0	0	210,0	0	997,693	5.k=1.moyenne	2080,7	ERA5
1065855	03/08/2025	15	03/08/2025	11	HAE	24,2	0	16,1	0	61,0	0	12,0	0	220,0	0	997,448	5.k=1.moyenne	2602,8	ERA5
1065856	03/08/2025	16	03/08/2025	12	HAE	25,1	0	15,5	0	55,0	0	19,0	0	230,0	0	997,142	5.k=1.moyenne	2973,2	ERA5
1065857	03/08/2025	17	03/08/2025	13	HAE	25,8	0	15,6	0	53,0	0	16,0	0	250,0	0	996,92	5.k=1.moyenne	3159,6	ERA5
1065858	03/08/2025	18	03/08/2025	14	HAE	26,1	0	16,0	0	54,0	0	15,0	0	250,0	0	996,762	5.k=1.moyenne	3156,4	ERA5
1065859	03/08/2025	19	03/08/2025	15	HAE	26,4	0	15,7	0	52,0	0	13,0	0	260,0	0	996,584	5.k=1.moyenne	1878,6	ERA5
1065860	03/08/2025	20	03/08/2025	16	HAE	26,2	0	15,8	0	53,0	0	19,0	0	250,0	0	996,531	5.k=1.moyenne	1744,6	ERA5
1065861	03/08/2025	21	03/08/2025	17	HAE	26,6	0	17,0	0	56,0	0	8,0	0	240,0	0	996,709	5.k=1.moyenne	1585,9	ERA5
1065862	03/08/2025	22	03/08/2025	18	HAE	26,0	0	15,5	0	53,0	0	15,0	0	240,0	0	996,888	5.k=1.moyenne	1393,8	ERA5
1065863	03/08/2025	23	03/08/2025	19	HAE	24,8	0	15,8	0	57,0	0	9,0	0	240,0	0	997,213	5.k=1.moyenne	759,0	ERA5
1065864	04/08/2025	00	03/08/2025	20	HAE	22,6	0	15,8	0	65,0	0	6,0	0	220,0	0	997,727	5.k=1.moyenne	265,1	ERA5
1065865	04/08/2025	01	03/08/2025	21	HAE	21,6	0	15,9	0	70,0	0	7,0	0	240,0	0	998,449	5.k=1.moyenne	4,9	ERA5
1065866	04/08/2025	02	03/08/2025	22	HAE	18,1	0	15,0	0	82,0	0	6,0	0	190,0	0	998,756	5.k=1.moyenne	0,0	ERA5
1065867	04/08/2025	03	03/08/2025	23	HAE	16,9	0	15,3	0	90,0	0	6,0	0	190,0	0	998,917	5.k=1.moyenne	0,0	ERA5
1065868	04/08/2025	04	04/08/2025	00	HAE	16,6	0	14,1	0	85,0	0	4,0	0	190,0	0	999,203	5.k=1.moyenne	0,0	ERA5
1065869	04/08/2025	05	04/08/2025	01	HAE	15,8	0	13,4	0	86,0	0	3,0	0	210,0	0	999,511	5.k=1.moyenne	0,0	ERA5
1065870	04/08/2025	06	04/08/2025	02	HAE	14,5	0	12,8	0	89,0	0	3,0	0	220,0	0	999,511	5.k=1.moyenne	-0,0	ERA5
1065871	04/08/2025	07	04/08/2025	03	HAE	17,2	0	13,1	0	77,0	0	4,0	0	230,0	0	999,81	5.k=1.moyenne	0,0	ERA5
1065872	04/08/2025	08	04/08/2025	04	HAE	17,0	0	13,5	0	80,0	0	4,0	0	290,0	0	1000,15	5.k=1.moyenne	0,0	ERA5
1065873	04/08/2025	09	04/08/2025	05	HAE	14,8	0	13,2	0	90,0	0	5,0	0	220,0	0	1000,66	5.k=1.moyenne	0,0	ERA5
1065874	04/08/2025	10	04/08/2025	06	HAE	14,4	0	13,8	0	96,0	0	0,0	0	0,0	0	1001,46	5.k=1.moyenne	5,5	ERA5
1065875	04/08/2025	11	04/08/2025	07	HAE	15,1	0	14,8	0	98,0	0	6,0	0	170,0	0	1002,23	5.k=1.moyenne	273,6	ERA5
1065876	04/08/2025	12	04/08/2025	08	HAE	17,3	0	15,7	0	90,0	0	6,0	0	200,0	0	1002,86	5.k=1.moyenne	801,2	ERA5
1065877	04/08/2025	13	04/08/2025	09	HAE	20,0	0	16,5	0	80,0	0	5,0	0	290,0	0	1003,28	5.k=1.moyenne	1412,3	ERA5
1065878	04/08/2025	14	04/08/2025	10	HAE	21,2	0	17,0	0	77,0	0	7,0	0	290,0	0	1003,85	5.k=1.moyenne	1790,7	ERA5
1065879	04/08/2025	15	04/08/2025	11	HAE	22,3	0	16,9	0	72,0	0	7,0	0	10,0	0	1004,26	5.k=1.moyenne	1980,4	ERA5
1065880	04/08/2025	16	04/08/2025	12	HAE	22,5	0	17,0	0	71,0	0	7,0	0	30,0	0	1004,31	5.k=1.moyenne	2130,5	ERA5
1065881	04/08/2025	17	04/08/2025	13	HAE	22,5	0	16,5	0	69,0	0	7,0	0	20,0	0	1004,54	5.k=1.moyenne	2267,7	ERA5
1065882	04/08/2025	18	04/08/2025	14	HAE	22,4	0	16,1	0	68,0	0	8,0	0	20,0	0	1004,7	5.k=1.moyenne	2183,0	ERA5
1065883	04/08/2025	19	04/08/2025	15	HAE	23,1	0	16,0	0	65,0	0	7,0	0	40,0	0	1004,91	5.k=1.moyenne	1948,4	ERA5
1065884	04/08/2025	20	04/08/2025	16	HAE	22,5	0	15,6	0	65,0	0	9,0	0	40,0	0	1004,99	5.k=1.moyenne	2170,0	ERA5
1065885	04/08/2025	21	04/08/2025	17	HAE	22,4	0	15,6	0	66,0	0	10,0	0	50,0	0	1005,28	5.k=1.moyenne	1630,6	ERA5
1065886	04/08/2025	22	04/08/2025	18	HAE	22,2	0	15,7	0	67,0	0	5,0	0	40,0	0	1005,63	5.k=1.moyenne	1227,9	ERA5
1065887	04/08/2025	23	04/08/2025	19	HAE	21,5	0	15,4	0	68,0	0	3,0	0	30,0	0	1006,18	5.k=1.moyenne	598,8	ERA5
1065888	05/08/2025	00	04/08/2025	20	HAE	19,8	0	15,0	0	74,0	0	1,0	0	80,0	0	1006,77	5.k=1.moyenne	194,8	ERA5
1065889	05/08/2025	01	04/08/2025	21	HAE	17,5	0	15,2	0	86,0	0	1,0	0	20,0	0	1007,5	5.k=1.moyenne	3,3	ERA5
1065890	05/08/2025	02	04/08/2025	22	HAE	15,8	0	14,5	0	92,0	0	1,0	0	40,0	0	1008,13	5.k=1.moyenne	-0,0	ERA5
1065891	05/08/2025	03	04/08/2025	23	HAE	15,1	0	14,6	0	96,0	0	2,0	0	20,0	0	1008,51	5.k=1.moyenne	0,0	ERA5
1065892	05/08/2025	04	05/08/2025	00	HAE	15,2	0	14,1	0	94,0	0	2,0	0	30,0	0	1009,03	5.k=1.moyenne	0,0	ERA5
1065893	05/08/2025	05	05/08/2025	01	HAE	14,0	0	12,7	0	92,0	0	0,0	0	0,0	0	1009,4	5.k=1.moyenne	0,0	ERA5
1065894	05/08/2025	06	05/08/2025	02	HAE	14,1	0	12,5	0	90,0	0	4,0	0	20,0	0	1009,4	5.k=1.moyenne	0,0	ERA5
1065895	05/08/2025	07	05/08/2025	03	HAE	13,7	0	12,2	0	90,0	0	6,0	0	20,0	0	1009,8	5.k=1.moyenne	0,0	ERA5
1065896	05/08/2025	08	05/08/2025	04	HAE	12,8	0	11,6	0	92,0	0	5,0	0	20,0	0	1010,26	5.k=1.moyenne	0,0	ERA5
1065897	05/08/2025	09	05/08/2025	05	HAE	12,6	0	11,3	0	92,0	0	6,0	0	20,0	0	1010,74	5.k=1.moyenne	0,0	ERA5
1065898	05/08/2025	10	05/08/2025	06	HAE	12,1	0	11,1	0	93,0	0	5,0	0	20,0	0	1011,43	5.k=1.moyenne	4,0	ERA5
1065899	05/08/2025	11	05/08/2025	07	HAE	12,8	0	11,2	0	90,0	0	5,0	0	20,0	0	1012,03	5.k=1.moyenne	187,4	ERA5
1065900	05/08/2025	12	05/08/2025	08	HAE	15,1	0	12,1	0	82,0	0	8,0	0	20,0	0	1012,42	5.k=1.moyenne	606,4	ERA5
1065901	05/08/2025	13	05/08/2025	09	HAE	16,7	0	11,1	0	70,0	0	11,0	0	30,0	0	1012,75	5.k=1.moyenne	1179,3	ERA5
1065902	05/08/2025	14	05/08/2025	10	HAE	18,5	0	11,9	0	65,0	0	8,0	0	30,0	0	1013,05	5.k=1.moyenne	1766,9	ERA5
1065903	05/08/2025	15	05/08/2025	11	HAE	20,1	0	11,9	0	59,0	0	8,0	0	20,0	0	1013,17	5.k=1.moyenne	2276,7	ERA5
1065904	05/08/2025	16	05/08/2025	12	HAE	21,5	0	11,8	0	54,0	0	7,0	0	10,0	0	1012,97	5.k=1.moyenne	2664,9	ERA5
1065905	05/08/2025	17	05/08/2025	13	HAE	22,3	0	11,2	0	49,0	0	9,0	0	50,0	0	1012,86	5.k=1.moyenne	2804,3	ERA5
1065906	05/08/2025	18	05/08/2025	14	HAE	23,3	0	10,8	0	45,0	0	10,0	0	10,0	0	1012,65	5.k=1.moyenne	2864,4	ERA5
1065907	05/08/2025	19	05/08/2025	15	HAE	23,5	0	9,1	0	40,0	0	8,0	0	10,0	0	1012,35	5.k=1.moyenne	2452,4	ERA5
1065908	05/08/2025	20	05/08/2025	16	HAE	24,0	0	12,0	0	47,0	0	8,0	0	20,0	0	1012,3	5.k=1.moyenne	1886,7	ERA5
1065909	05/08/2025	21	05/08/2025	17	HAE	24,0	0	9,6	0	40,0	0	5,0	0	40,0	0	1012,08	5.k=1.moyenne	1635,6	ERA5
1065910	05/08/2025	22	05/08/2025	18	HAE	23,7	0	10,1	0	42,0	0	6,0	0	20,0	0	1011,98	5.k=1.moyenne	1123,9	ERA5
1065911	05/08/2025	23	05/08/2025	19	HAE	22,8	0	11,9	0	50,0	0	2,0	0	10,0	0	1012,03	5.k=1.moyenne	689,7	ERA5
1065912	06/08/2025	00	05/08/2025	20	HAE	20,4	0	13,4	0	64,0	0	2,0	0	10,0	0	1012,21	5.k=1.moyenne	198,2	ERA5
1065913	06/08/2025	01	05/08/2025	21	HAE	17,5	0	13,3	0	76,0	0	1,0	0	20,0	0	1012,63	5.k=1.moyenne	3,0	ERA5
1065914	06/08/2025	02	05/08/2025	22	HAE	16,2	0	13,1	0	81,0	0	1,0	0	30,0	0	1012,86	5.k=1.moyenne	-0,0	ERA5
1065915	06/08/2025	03	05/08/2025	23	HAE	15,3	0	12,9	0	86,0	0	3,0	0	20,0	0	1012,95	5.k=1.moyenne	0,0	ERA5
1065916	06/08/2025	04	06/08/2025	00	HAE	15,0	0	12,6	0	86,0	0	3,0	0	20,0	0	1013,29	5.k=1.moyenne	0,0	ERA5
1065917	06/08/2025	05	06/08/2025	01	HAE	14,2	0	12,0	0	86,0	0	4,0	0	10,0	0	1013,35	5.k=1.moyenne	0,0	ERA5
1065918	06/08/2025	06	06/08/2025	02	HAE	13,4	0	11,9	0	91,0	0	3,0	0	20,0	0	1013,35	5.k=1.moyenne	0,0	ERA5
1065919	06/08/2025	07	06/08/2025	03	HAE	12,1	0	11,6	0	97,0	0	1,0	0	10,0	0	1013,48	5.k=1.moyenne	0,0	ERA5
1065920	06/08/2025	08	06/08/2025	04	HAE	11,9	0	11,8	0	99,0	0	3,0	0	10,0	0	1013,47	5.k=1.moyenne	0,0	ERA5
1065921	06/08/2025	09	06/08/2025	05	HAE	11,8	0	11,2	0	96,0	0	2,0	0	30,0	0	1013,61	5.k=1.moyenne	0,0	ERA5
1065922	06/08/2025	10	06/08/2025	06	HAE	11,3	0	11,2	0	99,0	0	0,0	0	0,0	0	1014,08	5.k=1.moyenne	4,0	ERA5
1065923	06/08/2025	11	06/08/2025	07	HAE	13,8	0	12,7	0	93,0	0	4,0	0	10,0	0	1014,37	5.k=1.moyenne	268,6	ERA5
1065924	06/08/2025	12	06/08/2025	08	HAE	15,5	0	12,9	0	84,0	0	4,0	0	10,0	0	1014,6	5.k=1.moyenne	846,1	ERA5
1065925	06/08/2025	13	06/08/2025	09	HAE	17,9	0	13,2	0	74,0	0	6,0	0	30,0	0	1014,73	5.k=1.moyenne	1484,0	ERA5
1065926	06/08/2025	14	06/08/2025	10	HAE	20,5	0	13,7	0	65,0	0	6,0	0	20,0	0	1014,58	5.k=1.moyenne	2113,9	ERA5
1065927	06/08/2025	15	06/08/2025	11	HAE	23,1	0	14,0	0	57,0	0	6,0	0	60,0	0	1014,23	5.k=1.moyenne	2627,5	ERA5
1065928	06/08/2025	16	06/08/2025	12	HAE	24,4	0	13,6	0	51,0	0	7,0	0	100,0	0	1013,81	5.k=1.moyenne	2972,5	ERA5
1065929	06/08/2025	17	06/08/2025	13	HAE	25,9	0	12,9	0	45,0	0	9,0	0	80,0	0	1013,38	5.k=1.moyenne	3164,9	ERA5
1065930	06/08/2025	18	06/08/2025	14	HAE	27,1	0	11,8	0	39,0	0	6,0	0	360,0	0	1012,87	5.k=1.moyenne	3148,9	ERA5
1065931	06/08/2025	19	06/08/2025	15	HAE	27,9	0	11,0	0	35,0	0	8,0	0	40,0	0	1012,27	5.k=1.moyenne	2947,6	ERA5
1065932	06/08/2025	20	06/08/2025	16	HAE	28,2	0	11,0	0	34,0	0	4,0	0	70,0	0	1011,89	5.k=1.moyenne	2590,2	ERA5
1065933	06/08/2025	21	06/08/2025	17	HAE	28,3	0	13,2	0	39,0	0	1,0	0	350,0	0	1011,71	5.k=1.moyenne	2071,1	ERA5
1065934	06/08/2025	22	06/08/2025	18	HAE	27,6	0	14,0	0	43,0	0	6,0	0	20,0	0	1011,44	5.k=1.moyenne	1455,1	ERA5
1065935	06/08/2025	23	06/08/2025	19	HAE	26,3	0	13,7	0	46,0	0	7,0	0	30,0	0	1011,12	5.k=1.moyenne	817,4	ERA5
1065936	07/08/2025	00	06/08/2025	20	HAE	23,8	0	12,0	0	47,0	0	5,0	0	40,0	0	1011,01	5.k=1.moyenne	250,6	ERA5
1065937	07/08/2025	01	06/08/2025	21	HAE	20,7	0	12,6	0	60,0	0	3,0	0	30,0	0	1011,22	5.k=1.moyenne	2,2	ERA5
1065938	07/08/2025	02	06/08/2025	22	HAE	18,9	0	13,2	0	70,0	0	4,0	0	20,0	0	1011,31	5.k=1.moyenne	-0,0	ERA5
1065939	07/08/2025	03	06/08/2025	23	HAE	18,1	0	13,9	0	76,0	0	4,0	0	20,0	0	1011,2	5.k=1.moyenne	0,0	ERA5
1065940	07/08/2025	04	07/08/2025	00	HAE	16,4	0	13,4	0	82,0	0	3,0	0	10,0	0	1011,09	5.k=1.moyenne	0,0	ERA5
1065941	07/08/2025	05	07/08/2025	01	HAE	16,0	0	13,1	0	83,0	0	3,0	0	30,0	0	1010,89	5.k=1.moyenne	0,0	ERA5
1065942	07/08/2025	06	07/08/2025	02	HAE	14,0	0	12,2	0	89,0	0	1,0	0	50,0	0	1010,89	5.k=1.moyenne	0,0	ERA5
1065943	07/08/2025	07	07/08/2025	03	HAE	13,5	0	12,9	0	96,0	0	0,0	0	0,0	0	1010,69	5.k=1.moyenne	0,0	ERA5
1065944	07/08/2025	08	07/08/2025	04	HAE	13,0	0	12,8	0	98,0	0	1,0	0	60,0	0	1010,48	5.k=1.moyenne	0,0	ERA5
1065945	07/08/2025	09	07/08/2025	05	HAE	12,7	0	12,3	0	98,0	0	0,0	0	0,0	0	1010,49	5.k=1.moyenne	0,0	ERA5
1065946	07/08/2025	10	07/08/2025	06	HAE	12,2	0	12,1	0	99,0	0	0,0	0	0,0	0	1010,55	5.k=1.moyenne	3,0	ERA5
1065947	07/08/2025	11	07/08/2025	07	HAE	13,7	0	13,6	0	99,0	0	0,0	0	0,0	0	1010,72	5.k=1.moyenne	228,6	ERA5
1065948	07/08/2025	12	07/08/2025	08	HAE	16,6	0	14,6	0	88,0	0	1,0	0	220,0	0	1010,76	5.k=1.moyenne	792,2	ERA5
1065949	07/08/2025	13	07/08/2025	09	HAE	20,2	0	15,2	0	73,0	0	4,0	0	200,0	0	1010,49	5.k=1.moyenne	1442,2	ERA5
1065950	07/08/2025	14	07/08/2025	10	HAE	22,6	0	14,7	0	61,0	0	3,0	0	240,0	0	1010,18	5.k=1.moyenne	2072,8	ERA5
1065951	07/08/2025	15	07/08/2025	11	HAE	24,5	0	15,1	0	56,0	0	6,0	0	210,0	0	1010,16	5.k=1.moyenne	2435,7	ERA5
1065952	07/08/2025	16	07/08/2025	12	HAE	26,1	0	16,6	0	56,0	0	1,0	0	270,0	0	1009,5	5.k=1.moyenne	2797,3	ERA5
1065953	07/08/2025	17	07/08/2025	13	HAE	27,3	0	16,4	0	51,0	0	3,0	0	210,0	0	1008,93	5.k=1.moyenne	2797,6	ERA5
1065954	07/08/2025	18	07/08/2025	14	HAE	28,5	0	16,0	0	47,0	0	3,0	0	140,0	0	1008,08	5.k=1.moyenne	2862,8	ERA5
1065955	07/08/2025	19	07/08/2025	15	HAE	28,3	0	14,5	0	43,0	0	6,0	0	190,0	0	1007,38	5.k=1.moyenne	2740,8	ERA5
1065956	07/08/2025	20	07/08/2025	16	HAE	29,1	0	13,3	0	38,0	0	9,0	0	270,0	0	1007,0	5.k=1.moyenne	2297,5	ERA5
1065957	07/08/2025	21	07/08/2025	17	HAE	29,4	0	11,5	0	33,0	0	4,0	0	290,0	0	1006,36	5.k=1.moyenne	1747,8	ERA5
1065958	07/08/2025	22	07/08/2025	18	HAE	29,0	0	13,2	0	38,0	0	6,0	0	270,0	0	1006,1	5.k=1.moyenne	1299,6	ERA5
1065959	07/08/2025	23	07/08/2025	19	HAE	28,1	0	15,7	0	47,0	0	3,0	0	270,0	0	1005,9	5.k=1.moyenne	616,3	ERA5
1065960	08/08/2025	00	07/08/2025	20	HAE	24,1	0	17,5	0	67,0	0	3,0	0	150,0	0	1005,85	5.k=1.moyenne	210,7	ERA5
1065961	08/08/2025	01	07/08/2025	21	HAE	21,2	0	16,7	0	76,0	0	5,0	0	130,0	0	1006,06	5.k=1.moyenne	1,4	ERA5
1065962	08/08/2025	02	07/08/2025	22	HAE	19,6	0	16,3	0	81,0	0	6,0	0	150,0	0	1006,07	5.k=1.moyenne	0,0	ERA5
1065963	08/08/2025	03	07/08/2025	23	HAE	19,7	0	16,8	0	84,0	0	2,0	0	190,0	0	1006,04	5.k=1.moyenne	0,0	ERA5
1065964	08/08/2025	04	08/08/2025	00	HAE	18,1	0	16,8	0	92,0	0	2,0	0	210,0	0	1005,95	5.k=1.moyenne	0,0	ERA5
1065965	08/08/2025	05	08/08/2025	01	HAE	18,3	0	17,8	0	97,0	0	10,0	0	160,0	0	1005,76	5.k=1.moyenne	0,0	ERA5
1065966	08/08/2025	06	08/08/2025	02	HAE	17,1	0	16,6	0	97,0	0	6,0	0	180,0	0	1005,76	5.k=1.moyenne	0,0	ERA5
1065967	08/08/2025	07	08/08/2025	03	HAE	16,6	0	16,4	0	99,0	0	6,0	0	150,0	0	1005,51	5.k=1.moyenne	0,0	ERA5
1065968	08/08/2025	08	08/08/2025	04	HAE	16,6	0	16,4	0	99,0	0	6,0	0	160,0	0	1005,18	5.k=1.moyenne	0,0	ERA5
1065969	08/08/2025	09	08/08/2025	05	HAE	16,9	0	16,3	0	97,0	0	7,0	0	170,0	0	1005,14	5.k=1.moyenne	0,0	ERA5
1065970	08/08/2025	10	08/08/2025	06	HAE	16,6	0	16,6	0	100,0	0	6,0	0	170,0	0	1005,38	5.k=1.moyenne	2,1	ERA5
1065971	08/08/2025	11	08/08/2025	07	HAE	17,6	0	17,6	0	97,0	4.lineaire	5,0	0	160,0	0	1005,36	5.k=1.moyenne	189,9	ERA5
1065972	08/08/2025	12	08/08/2025	08	HAE	20,2	0	19,2	0	94,0	0	9,0	0	180,0	0	1005,43	5.k=1.moyenne	690,7	ERA5
1065973	08/08/2025	13	08/08/2025	09	HAE	22,5	0	19,2	0	82,0	0	10,0	0	180,0	0	1005,33	5.k=1.moyenne	1234,5	ERA5
1065974	08/08/2025	14	08/08/2025	10	HAE	24,8	0	19,3	0	71,0	0	9,0	0	170,0	0	1005,32	5.k=1.moyenne	1873,4	ERA5
1065975	08/08/2025	15	08/08/2025	11	HAE	26,3	0	18,0	0	60,0	0	9,0	0	200,0	0	1005,15	5.k=1.moyenne	2457,6	ERA5
1065976	08/08/2025	16	08/08/2025	12	HAE	27,6	0	18,2	0	57,0	0	7,0	0	180,0	0	1004,86	5.k=1.moyenne	2729,4	ERA5
1065977	08/08/2025	17	08/08/2025	13	HAE	28,7	0	17,1	0	50,0	0	5,0	0	200,0	0	1004,32	5.k=1.moyenne	2905,5	ERA5
1065978	08/08/2025	18	08/08/2025	14	HAE	29,5	0	14,8	0	41,0	0	5,0	0	130,0	0	1003,82	5.k=1.moyenne	2644,8	ERA5
1065979	08/08/2025	19	08/08/2025	15	HAE	30,3	0	16,6	0	44,0	0	11,0	0	180,0	0	1003,33	5.k=1.moyenne	2779,3	ERA5
1065980	08/08/2025	20	08/08/2025	16	HAE	29,8	0	15,6	0	42,0	0	7,0	0	180,0	0	1002,7	5.k=1.moyenne	2152,2	ERA5
1065981	08/08/2025	21	08/08/2025	17	HAE	28,2	0	15,1	0	45,0	0	14,0	0	200,0	0	1002,34	5.k=1.moyenne	1538,9	ERA5
1065982	08/08/2025	22	08/08/2025	18	HAE	26,2	0	16,0	0	54,0	0	7,0	0	210,0	0	1001,98	5.k=1.moyenne	1014,2	ERA5
1065983	08/08/2025	23	08/08/2025	19	HAE	26,9	0	17,1	0	55,0	0	4,0	0	210,0	0	1001,99	5.k=1.moyenne	650,0	ERA5
1065984	09/08/2025	00	08/08/2025	20	HAE	23,9	0	17,2	0	66,0	0	8,0	0	230,0	0	1002,07	5.k=1.moyenne	198,5	ERA5
1065985	09/08/2025	01	08/08/2025	21	HAE	21,6	0	17,3	0	76,0	0	3,0	0	200,0	0	1002,52	5.k=1.moyenne	0,9	ERA5
1065986	09/08/2025	02	08/08/2025	22	HAE	18,7	0	16,6	0	88,0	0	8,0	0	170,0	0	1002,56	5.k=1.moyenne	0,0	ERA5
1065987	09/08/2025	03	08/08/2025	23	HAE	19,5	0	16,7	0	84,0	0	5,0	0	170,0	0	1002,73	5.k=1.moyenne	0,0	ERA5
1065988	09/08/2025	04	09/08/2025	00	HAE	18,1	0	16,3	0	89,0	0	7,0	0	170,0	0	1002,66	5.k=1.moyenne	0,0	ERA5
1065989	09/08/2025	05	09/08/2025	01	HAE	16,9	0	16,0	0	94,0	0	7,0	0	160,0	0	1002,68	5.k=1.moyenne	0,0	ERA5
1065990	09/08/2025	06	09/08/2025	02	HAE	17,3	0	16,6	0	96,0	0	9,0	0	150,0	0	1002,68	5.k=1.moyenne	0,0	ERA5
1065991	09/08/2025	07	09/08/2025	03	HAE	18,0	0	17,3	0	96,0	0	8,0	0	160,0	0	1002,5	5.k=1.moyenne	0,0	ERA5
1065992	09/08/2025	08	09/08/2025	04	HAE	16,9	0	16,5	0	98,0	0	6,0	0	160,0	0	1002,38	5.k=1.moyenne	0,0	ERA5
1065993	09/08/2025	09	09/08/2025	05	HAE	16,5	0	16,5	0	100,0	0	6,0	0	170,0	0	1002,59	5.k=1.moyenne	0,0	ERA5
1065994	09/08/2025	10	09/08/2025	06	HAE	17,1	0	17,1	0	96,3333	4.lineaire	6,0	0	150,0	0	1002,8	5.k=1.moyenne	1,7	ERA5
1065995	09/08/2025	11	09/08/2025	07	HAE	19,0	0	19,0	0	92,6667	4.lineaire	7,0	0	170,0	0	1002,89	5.k=1.moyenne	204,9	ERA5
1065996	09/08/2025	12	09/08/2025	08	HAE	21,6	0	19,6	0	89,0	0	13,0	0	170,0	0	1002,97	5.k=1.moyenne	742,2	ERA5
1065997	09/08/2025	13	09/08/2025	09	HAE	23,9	0	18,4	0	71,0	0	13,0	0	190,0	0	1002,96	5.k=1.moyenne	1418,0	ERA5
1065998	09/08/2025	14	09/08/2025	10	HAE	26,1	0	18,4	0	62,0	0	14,0	0	170,0	0	1003,55	5.k=1.moyenne	1995,3	ERA5
1065999	09/08/2025	15	09/08/2025	11	HAE	27,6	0	18,3	0	57,0	0	11,0	0	170,0	0	1003,32	5.k=1.moyenne	2473,2	ERA5
1066000	09/08/2025	16	09/08/2025	12	HAE	28,6	0	18,1	0	53,0	0	13,0	0	180,0	0	1002,73	5.k=1.moyenne	2888,5	ERA5
1066001	09/08/2025	17	09/08/2025	13	HAE	29,7	0	17,7	0	49,0	0	11,0	0	170,0	0	1002,19	5.k=1.moyenne	2858,5	ERA5
1066002	09/08/2025	18	09/08/2025	14	HAE	30,8	0	17,5	0	45,0	0	11,0	0	220,0	0	1001,82	5.k=1.moyenne	2864,2	ERA5
1066003	09/08/2025	19	09/08/2025	15	HAE	30,9	0	16,9	0	43,0	0	8,0	0	260,0	0	1001,37	5.k=1.moyenne	2718,6	ERA5
1066004	09/08/2025	20	09/08/2025	16	HAE	30,5	0	18,2	0	48,0	0	10,0	0	200,0	0	1001,02	5.k=1.moyenne	2420,2	ERA5
1066005	09/08/2025	21	09/08/2025	17	HAE	31,0	0	17,8	0	45,0	0	15,0	0	180,0	0	1000,77	5.k=1.moyenne	1829,6	ERA5
1066006	09/08/2025	22	09/08/2025	18	HAE	30,2	0	17,7	0	47,0	0	10,0	0	190,0	0	1000,77	5.k=1.moyenne	1382,7	ERA5
1066007	09/08/2025	23	09/08/2025	19	HAE	28,3	0	17,8	0	53,0	0	8,0	0	190,0	0	1000,78	5.k=1.moyenne	736,9	ERA5
1066008	10/08/2025	00	09/08/2025	20	HAE	24,7	0	17,9	0	66,0	0	6,0	0	170,0	0	1000,97	5.k=1.moyenne	190,7	ERA5
1066009	10/08/2025	01	09/08/2025	21	HAE	22,5	0	18,0	0	76,0	0	6,0	0	190,0	0	1001,29	5.k=1.moyenne	0,5	ERA5
1066010	10/08/2025	02	09/08/2025	22	HAE	21,5	0	17,5	0	78,0	0	10,0	0	170,0	0	1001,35	5.k=1.moyenne	0,0	ERA5
1066011	10/08/2025	03	09/08/2025	23	HAE	20,7	0	17,3	0	81,0	0	6,0	0	220,0	0	1001,49	5.k=1.moyenne	-0,0	ERA5
1066012	10/08/2025	04	10/08/2025	00	HAE	20,7	0	17,1	0	80,0	0	6,0	0	180,0	0	1001,58	5.k=1.moyenne	0,0	ERA5
1066013	10/08/2025	05	10/08/2025	01	HAE	20,3	0	17,3	0	83,0	0	4,0	0	160,0	0	1001,53	5.k=1.moyenne	0,0	ERA5
1066014	10/08/2025	06	10/08/2025	02	HAE	20,0	0	17,1	0	83,0	0	5,0	0	170,0	0	1001,53	5.k=1.moyenne	0,0	ERA5
1066015	10/08/2025	07	10/08/2025	03	HAE	18,6	0	17,3	0	92,0	0	5,0	0	190,0	0	1001,39	5.k=1.moyenne	0,0	ERA5
1066016	10/08/2025	08	10/08/2025	04	HAE	18,8	0	18,5	0	98,0	0	10,0	0	180,0	0	1001,39	5.k=1.moyenne	0,0	ERA5
1066017	10/08/2025	09	10/08/2025	05	HAE	19,3	0	18,8	0	97,0	0	6,0	0	180,0	0	1001,53	5.k=1.moyenne	0,0	ERA5
1066018	10/08/2025	10	10/08/2025	06	HAE	19,7	0	18,6	0	93,0	0	8,0	0	180,0	0	1001,84	5.k=1.moyenne	1,2	ERA5
1066019	10/08/2025	11	10/08/2025	07	HAE	21,4	0	18,8	0	85,0	0	7,0	0	180,0	0	1002,13	5.k=1.moyenne	207,2	ERA5
1066020	10/08/2025	12	10/08/2025	08	HAE	24,4	0	18,5	0	70,0	0	9,0	0	190,0	0	1002,31	5.k=1.moyenne	675,1	ERA5
1066021	10/08/2025	13	10/08/2025	09	HAE	24,9	0	18,5	0	68,0	0	9,0	0	190,0	0	1002,27	5.k=1.moyenne	808,7	ERA5
1066022	10/08/2025	14	10/08/2025	10	HAE	24,2	0	18,7	0	71,0	0	11,0	0	170,0	0	1002,24	5.k=1.moyenne	1007,9	ERA5
1066023	10/08/2025	15	10/08/2025	11	HAE	25,5	0	19,9	0	71,0	0	10,0	0	190,0	0	1001,86	5.k=1.moyenne	1231,2	ERA5
1066024	10/08/2025	16	10/08/2025	12	HAE	28,4	0	18,3	0	54,0	0	13,0	0	200,0	0	1001,53	5.k=1.moyenne	1795,4	ERA5
1066025	10/08/2025	17	10/08/2025	13	HAE	30,8	0	18,3	0	47,0	0	13,0	0	180,0	0	1001,27	5.k=1.moyenne	2390,0	ERA5
1066026	10/08/2025	18	10/08/2025	14	HAE	31,7	0	18,0	0	44,0	0	14,0	0	190,0	0	1000,78	5.k=1.moyenne	2620,7	ERA5
1066027	10/08/2025	19	10/08/2025	15	HAE	33,2	0	17,8	0	40,0	0	17,0	0	220,0	0	1000,63	5.k=1.moyenne	2414,4	ERA5
1066028	10/08/2025	20	10/08/2025	16	HAE	33,4	0	18,9	0	43,0	0	11,0	0	200,0	0	1000,46	5.k=1.moyenne	2136,2	ERA5
1066029	10/08/2025	21	10/08/2025	17	HAE	32,7	0	18,5	0	43,0	0	11,0	0	180,0	0	1000,33	5.k=1.moyenne	1767,5	ERA5
1066030	10/08/2025	22	10/08/2025	18	HAE	31,8	0	18,9	0	46,0	0	8,0	0	190,0	0	1000,35	5.k=1.moyenne	1281,7	ERA5
1066031	10/08/2025	23	10/08/2025	19	HAE	29,8	0	18,3	0	50,0	0	5,0	0	180,0	0	1000,3	5.k=1.moyenne	699,2	ERA5
1066032	11/08/2025	00	10/08/2025	20	HAE	26,2	0	18,6	0	63,0	0	8,0	0	170,0	0	1000,26	5.k=1.moyenne	184,3	ERA5
1066033	11/08/2025	01	10/08/2025	21	HAE	23,9	0	19,1	0	74,0	0	3,0	0	210,0	0	1000,53	5.k=1.moyenne	0,2	ERA5
1066034	11/08/2025	02	10/08/2025	22	HAE	23,3	0	18,4	0	74,0	0	5,0	0	170,0	0	1000,68	5.k=1.moyenne	0,0	ERA5
1066035	11/08/2025	03	10/08/2025	23	HAE	22,0	0	18,2	0	79,0	0	3,0	0	170,0	0	1000,55	5.k=1.moyenne	0,0	ERA5
1066036	11/08/2025	04	11/08/2025	00	HAE	21,1	0	17,8	0	81,0	0	4,0	0	180,0	0	1000,55	5.k=1.moyenne	0,0	ERA5
1066037	11/08/2025	05	11/08/2025	01	HAE	20,1	0	17,6	0	86,0	0	7,0	0	160,0	0	1000,48	5.k=1.moyenne	0,0	ERA5
1066038	11/08/2025	06	11/08/2025	02	HAE	19,1	0	17,7	0	92,0	0	7,0	0	180,0	0	1000,48	5.k=1.moyenne	-0,0	ERA5
1066039	11/08/2025	07	11/08/2025	03	HAE	19,5	0	17,6	0	89,0	0	5,0	0	170,0	0	1000,49	5.k=1.moyenne	0,0	ERA5
1066040	11/08/2025	08	11/08/2025	04	HAE	18,8	0	18,3	0	97,0	0	9,0	0	160,0	0	1000,48	5.k=1.moyenne	0,0	ERA5
1066041	11/08/2025	09	11/08/2025	05	HAE	18,8	0	18,1	0	96,0	0	5,0	0	190,0	0	1000,75	5.k=1.moyenne	0,0	ERA5
1066042	11/08/2025	10	11/08/2025	06	HAE	19,1	0	18,0	0	93,0	0	8,0	0	170,0	0	1001,03	5.k=1.moyenne	0,8	ERA5
1066043	11/08/2025	11	11/08/2025	07	HAE	20,2	0	18,6	0	90,0	0	5,0	0	210,0	0	1001,34	5.k=1.moyenne	219,5	ERA5
1066044	11/08/2025	12	11/08/2025	08	HAE	23,8	0	19,2	0	75,0	0	7,0	0	180,0	0	1001,49	5.k=1.moyenne	738,3	ERA5
1066045	11/08/2025	13	11/08/2025	09	HAE	27,1	0	19,1	0	62,0	0	9,0	0	180,0	0	1001,5	5.k=1.moyenne	1385,7	ERA5
1066046	11/08/2025	14	11/08/2025	10	HAE	29,1	0	15,8	0	44,0	0	10,0	0	230,0	0	1001,43	5.k=1.moyenne	1984,0	ERA5
1066047	11/08/2025	15	11/08/2025	11	HAE	30,2	0	15,9	0	42,0	0	8,0	0	220,0	0	1001,04	5.k=1.moyenne	2519,7	ERA5
1066048	11/08/2025	16	11/08/2025	12	HAE	31,3	0	17,6	0	44,0	0	12,0	0	150,0	0	1000,75	5.k=1.moyenne	2890,0	ERA5
1066049	11/08/2025	17	11/08/2025	13	HAE	32,3	0	17,2	0	40,0	0	6,0	0	180,0	0	1000,32	5.k=1.moyenne	3089,4	ERA5
1066050	11/08/2025	18	11/08/2025	14	HAE	33,9	0	15,8	0	34,0	0	11,0	0	160,0	0	999,833	5.k=1.moyenne	3080,3	ERA5
1066051	11/08/2025	19	11/08/2025	15	HAE	33,4	0	15,2	0	33,0	0	4,0	0	190,0	0	999,243	5.k=1.moyenne	2762,9	ERA5
1066052	11/08/2025	20	11/08/2025	16	HAE	33,9	0	15,9	0	34,0	0	8,0	0	190,0	0	998,706	5.k=1.moyenne	2387,6	ERA5
1066053	11/08/2025	21	11/08/2025	17	HAE	33,9	0	15,7	0	34,0	0	4,0	0	190,0	0	998,399	5.k=1.moyenne	1881,6	ERA5
1066054	11/08/2025	22	11/08/2025	18	HAE	32,9	0	16,7	0	38,0	0	7,0	0	190,0	0	998,581	5.k=1.moyenne	1251,4	ERA5
1066055	11/08/2025	23	11/08/2025	19	HAE	31,8	0	18,1	0	44,0	0	2,0	0	200,0	0	998,632	5.k=1.moyenne	621,6	ERA5
1066056	12/08/2025	00	11/08/2025	20	HAE	28,4	0	18,6	0	55,0	0	0,0	0	0,0	0	998,663	5.k=1.moyenne	186,9	ERA5
1066057	12/08/2025	01	11/08/2025	21	HAE	24,8	0	18,6	0	69,0	0	3,0	0	150,0	0	999,014	5.k=1.moyenne	0,0	ERA5
1066058	12/08/2025	02	11/08/2025	22	HAE	25,4	0	17,6	0	62,0	0	8,0	0	130,0	0	999,004	5.k=1.moyenne	-0,0	ERA5
1066059	12/08/2025	03	11/08/2025	23	HAE	22,0	0	17,9	0	77,0	0	6,0	0	180,0	0	998,824	5.k=1.moyenne	0,0	ERA5
1066060	12/08/2025	04	12/08/2025	00	HAE	21,1	0	17,6	0	80,0	0	7,0	0	190,0	0	998,731	5.k=1.moyenne	0,0	ERA5
1066061	12/08/2025	05	12/08/2025	01	HAE	20,6	0	16,6	0	78,0	0	6,0	0	190,0	0	998,532	5.k=1.moyenne	0,0	ERA5
1066062	12/08/2025	06	12/08/2025	02	HAE	18,4	0	15,9	0	86,0	0	6,0	0	160,0	0	998,532	5.k=1.moyenne	-0,0	ERA5
1066063	12/08/2025	07	12/08/2025	03	HAE	19,3	0	15,7	0	80,0	0	7,0	0	160,0	0	998,458	5.k=1.moyenne	0,0	ERA5
1066064	12/08/2025	08	12/08/2025	04	HAE	17,6	0	16,3	0	92,0	0	6,0	0	170,0	0	998,556	5.k=1.moyenne	0,0	ERA5
1066065	12/08/2025	09	12/08/2025	05	HAE	17,9	0	17,1	0	95,0	0	6,0	0	170,0	0	998,636	5.k=1.moyenne	0,0	ERA5
1066066	12/08/2025	10	12/08/2025	06	HAE	17,4	0	16,7	0	95,0	0	6,0	0	170,0	0	998,866	5.k=1.moyenne	0,5	ERA5
1066067	12/08/2025	11	12/08/2025	07	HAE	20,3	0	18,8	0	91,0	0	4,0	0	190,0	0	998,977	5.k=1.moyenne	213,7	ERA5
1066068	12/08/2025	12	12/08/2025	08	HAE	23,5	0	18,8	0	75,0	0	11,0	0	180,0	0	998,936	5.k=1.moyenne	775,0	ERA5
1066069	12/08/2025	13	12/08/2025	09	HAE	26,4	0	18,7	0	63,0	0	15,0	0	170,0	0	998,229	5.k=1.moyenne	1413,6	ERA5
1066070	12/08/2025	14	12/08/2025	10	HAE	28,9	0	17,7	0	51,0	0	11,0	0	190,0	0	997,926	5.k=1.moyenne	2019,4	ERA5
1066071	12/08/2025	15	12/08/2025	11	HAE	30,2	0	17,6	0	47,0	0	13,0	0	170,0	0	997,583	5.k=1.moyenne	2527,5	ERA5
1066072	12/08/2025	16	12/08/2025	12	HAE	30,8	0	16,6	0	42,0	0	12,0	0	190,0	0	996,916	5.k=1.moyenne	2894,9	ERA5
1066073	12/08/2025	17	12/08/2025	13	HAE	32,0	0	17,3	0	41,0	0	14,0	0	130,0	0	996,453	5.k=1.moyenne	3087,0	ERA5
1066074	12/08/2025	18	12/08/2025	14	HAE	33,6	0	15,6	0	34,0	0	15,0	0	160,0	0	995,829	5.k=1.moyenne	3087,2	ERA5
1066075	12/08/2025	19	12/08/2025	15	HAE	33,8	0	14,9	0	32,0	0	14,0	0	160,0	0	995,45	5.k=1.moyenne	2729,7	ERA5
1066076	12/08/2025	20	12/08/2025	16	HAE	33,6	0	14,7	0	32,0	0	13,0	0	210,0	0	994,909	5.k=1.moyenne	2432,0	ERA5
1066077	12/08/2025	21	12/08/2025	17	HAE	33,3	0	15,9	0	35,0	0	11,0	0	190,0	0	994,41	5.k=1.moyenne	1840,3	ERA5
1066078	12/08/2025	22	12/08/2025	18	HAE	32,7	0	16,6	0	38,0	0	7,0	0	190,0	0	994,259	5.k=1.moyenne	1139,7	ERA5
1066079	12/08/2025	23	12/08/2025	19	HAE	30,2	0	16,9	0	45,0	0	7,0	0	170,0	0	994,026	5.k=1.moyenne	652,3	ERA5
1066080	13/08/2025	00	12/08/2025	20	HAE	27,1	0	17,3	0	55,0	0	4,0	0	170,0	0	993,978	5.k=1.moyenne	183,0	ERA5
1066081	13/08/2025	01	12/08/2025	21	HAE	24,4	0	16,6	0	62,0	0	2,0	0	160,0	0	994,012	5.k=1.moyenne	0,0	ERA5
1066082	13/08/2025	02	12/08/2025	22	HAE	23,7	0	16,8	0	65,0	0	8,0	0	160,0	0	993,822	5.k=1.moyenne	0,0	ERA5
1066083	13/08/2025	03	12/08/2025	23	HAE	23,2	0	17,0	0	68,0	0	4,0	0	240,0	0	993,613	5.k=1.moyenne	0,0	ERA5
1066084	13/08/2025	04	13/08/2025	00	HAE	21,9	0	17,3	0	75,0	0	6,0	0	170,0	0	993,506	5.k=1.moyenne	0,0	ERA5
1066085	13/08/2025	05	13/08/2025	01	HAE	21,2	0	17,4	0	79,0	0	7,0	0	170,0	0	993,297	5.k=1.moyenne	0,0	ERA5
1066086	13/08/2025	06	13/08/2025	02	HAE	21,3	0	17,4	0	78,0	0	6,0	0	160,0	0	993,297	5.k=1.moyenne	0,0	ERA5
1066087	13/08/2025	07	13/08/2025	03	HAE	20,9	0	17,9	0	83,0	0	10,0	0	160,0	0	993,069	5.k=1.moyenne	0,0	ERA5
1066088	13/08/2025	08	13/08/2025	04	HAE	21,8	0	18,9	0	83,0	0	10,0	0	160,0	0	992,905	5.k=1.moyenne	0,0	ERA5
1066089	13/08/2025	09	13/08/2025	05	HAE	22,0	0	18,0	0	78,0	0	10,0	0	170,0	0	992,639	5.k=1.moyenne	0,0	ERA5
1066090	13/08/2025	10	13/08/2025	06	HAE	22,3	0	17,3	0	73,0	0	8,0	0	160,0	0	992,791	5.k=1.moyenne	0,2	ERA5
1066091	13/08/2025	11	13/08/2025	07	HAE	23,9	0	17,5	0	68,0	0	11,0	0	170,0	0	992,881	5.k=1.moyenne	194,3	ERA5
1066092	13/08/2025	12	13/08/2025	08	HAE	25,6	0	18,6	0	65,0	0	12,0	0	180,0	0	992,827	5.k=1.moyenne	692,2	ERA5
1066093	13/08/2025	13	13/08/2025	09	HAE	25,4	0	19,4	0	69,0	0	8,0	0	190,0	0	992,732	5.k=1.moyenne	1282,4	ERA5
1066094	13/08/2025	14	13/08/2025	10	HAE	27,1	0	19,6	0	63,0	0	14,0	0	170,0	0	992,403	5.k=1.moyenne	1790,8	ERA5
1066095	13/08/2025	15	13/08/2025	11	HAE	25,6	0	20,5	0	74,0	0	16,0	0	220,0	0	992,26	5.k=1.moyenne	1932,1	ERA5
1066096	13/08/2025	16	13/08/2025	12	HAE	21,8	0	21,6	0	99,0	0	14,0	0	250,0	0	992,139	5.k=1.moyenne	2581,1	ERA5
1066097	13/08/2025	17	13/08/2025	13	HAE	23,4	0	22,2	0	93,0	0	1,0	0	240,0	0	991,845	5.k=1.moyenne	2735,2	ERA5
1066098	13/08/2025	18	13/08/2025	14	HAE	24,8	0	21,9	0	84,0	0	6,0	0	190,0	0	991,368	5.k=1.moyenne	1893,8	ERA5
1066099	13/08/2025	19	13/08/2025	15	HAE	25,5	0	21,7	0	80,0	0	10,0	0	190,0	0	992,274	5.k=1.moyenne	721,4	ERA5
1066100	13/08/2025	20	13/08/2025	16	HAE	25,7	0	21,8	0	79,0	0	12,0	0	200,0	0	992,236	5.k=1.moyenne	679,5	ERA5
1066101	13/08/2025	21	13/08/2025	17	HAE	26,2	0	21,4	0	75,0	0	9,0	0	220,0	0	992,293	5.k=1.moyenne	587,1	ERA5
1066102	13/08/2025	22	13/08/2025	18	HAE	26,1	0	21,9	0	78,0	0	10,0	0	210,0	0	992,454	5.k=1.moyenne	677,3	ERA5
1066103	13/08/2025	23	13/08/2025	19	HAE	25,5	0	21,1	0	77,0	0	8,0	0	230,0	0	992,699	5.k=1.moyenne	477,7	ERA5
1066104	14/08/2025	00	13/08/2025	20	HAE	24,1	0	21,4	0	85,0	0	4,0	0	230,0	0	992,896	5.k=1.moyenne	137,2	ERA5
1066105	14/08/2025	01	13/08/2025	21	HAE	22,4	0	21,7	0	96,0	0	5,0	0	190,0	0	993,385	5.k=1.moyenne	0,0	ERA5
1066106	14/08/2025	02	13/08/2025	22	HAE	21,7	0	21,4	0	98,0	0	5,0	0	200,0	0	993,645	5.k=1.moyenne	0,0	ERA5
1066107	14/08/2025	03	13/08/2025	23	HAE	21,2	0	21,2	0	100,0	0	4,0	0	170,0	0	993,767	5.k=1.moyenne	0,0	ERA5
1066108	14/08/2025	04	14/08/2025	00	HAE	20,5	0	20,5	0	100,0	4.constant	4,0	0	170,0	0	994,139	5.k=1.moyenne	0,0	ERA5
1066109	14/08/2025	05	14/08/2025	01	HAE	21,3	0	21,3	0	100,0	4.constant	4,0	0	200,0	0	994,344	5.k=1.moyenne	0,0	ERA5
1066110	14/08/2025	06	14/08/2025	02	HAE	21,5	0	21,1	0	98,0	0	9,0	0	220,0	0	994,344	5.k=1.moyenne	0,0	ERA5
1066111	14/08/2025	07	14/08/2025	03	HAE	21,6	0	20,9	0	96,0	0	4,0	0	290,0	0	994,604	5.k=1.moyenne	0,0	ERA5
1066112	14/08/2025	08	14/08/2025	04	HAE	21,5	0	20,1	0	92,0	0	3,0	0	320,0	0	994,969	5.k=1.moyenne	0,0	ERA5
1066113	14/08/2025	09	14/08/2025	05	HAE	21,2	0	18,3	0	83,0	0	4,0	0	300,0	0	995,416	5.k=1.moyenne	0,0	ERA5
1066114	14/08/2025	10	14/08/2025	06	HAE	20,6	0	17,5	0	82,0	0	7,0	0	360,0	0	996,203	5.k=1.moyenne	0,1	ERA5
1066115	14/08/2025	11	14/08/2025	07	HAE	20,1	0	17,2	0	83,0	0	5,0	0	10,0	0	996,837	5.k=1.moyenne	191,9	ERA5
1066116	14/08/2025	12	14/08/2025	08	HAE	21,0	0	16,7	0	76,0	0	9,0	0	360,0	0	997,646	5.k=1.moyenne	638,7	ERA5
1066117	14/08/2025	13	14/08/2025	09	HAE	21,6	0	15,9	0	70,0	0	10,0	0	30,0	0	998,287	5.k=1.moyenne	1192,8	ERA5
1066118	14/08/2025	14	14/08/2025	10	HAE	22,0	0	15,6	0	67,0	0	10,0	0	350,0	0	998,905	5.k=1.moyenne	1924,2	ERA5
1066119	14/08/2025	15	14/08/2025	11	HAE	22,8	0	15,8	0	65,0	0	8,0	0	20,0	0	998,772	5.k=1.moyenne	2478,5	ERA5
1066120	14/08/2025	16	14/08/2025	12	HAE	23,3	0	15,2	0	60,0	0	13,0	0	360,0	0	998,93	5.k=1.moyenne	2785,7	ERA5
1066121	14/08/2025	17	14/08/2025	13	HAE	24,3	0	15,9	0	59,0	0	10,0	0	10,0	0	999,045	5.k=1.moyenne	2695,8	ERA5
1066122	14/08/2025	18	14/08/2025	14	HAE	25,0	0	15,8	0	57,0	0	9,0	0	50,0	0	999,326	5.k=1.moyenne	2912,2	ERA5
1066123	14/08/2025	19	14/08/2025	15	HAE	25,1	0	15,2	0	54,0	0	7,0	0	20,0	0	999,515	5.k=1.moyenne	2433,5	ERA5
1066124	14/08/2025	20	14/08/2025	16	HAE	25,9	0	15,2	0	52,0	0	4,0	0	10,0	0	1000,03	5.k=1.moyenne	2170,1	ERA5
1066125	14/08/2025	21	14/08/2025	17	HAE	25,7	0	15,3	0	53,0	0	6,0	0	30,0	0	1000,29	5.k=1.moyenne	1774,1	ERA5
1066126	14/08/2025	22	14/08/2025	18	HAE	25,5	0	15,1	0	53,0	0	8,0	0	30,0	0	1000,5	5.k=1.moyenne	1325,9	ERA5
1066127	14/08/2025	23	14/08/2025	19	HAE	23,9	0	15,0	0	58,0	0	8,0	0	30,0	0	1001,07	5.k=1.moyenne	710,0	ERA5
1066128	15/08/2025	00	14/08/2025	20	HAE	21,9	0	13,8	0	60,0	0	6,0	0	40,0	0	1001,68	5.k=1.moyenne	164,7	ERA5
1066129	15/08/2025	01	14/08/2025	21	HAE	20,2	0	13,8	0	67,0	0	3,0	0	70,0	0	1002,42	5.k=1.moyenne	0,0	ERA5
1066130	15/08/2025	02	14/08/2025	22	HAE	19,5	0	12,9	0	66,0	0	5,0	0	50,0	0	1002,92	5.k=1.moyenne	0,0	ERA5
1066131	15/08/2025	03	14/08/2025	23	HAE	17,1	0	13,1	0	77,0	0	4,0	0	30,0	0	1003,2	5.k=1.moyenne	0,0	ERA5
1066132	15/08/2025	04	15/08/2025	00	HAE	15,6	0	13,2	0	86,0	0	2,0	0	20,0	0	1003,75	5.k=1.moyenne	0,0	ERA5
1066133	15/08/2025	05	15/08/2025	01	HAE	14,1	0	12,7	0	91,0	0	0,0	0	0,0	0	1003,96	5.k=1.moyenne	0,0	ERA5
1066134	15/08/2025	06	15/08/2025	02	HAE	13,4	0	13,1	0	98,0	0	0,0	0	0,0	0	1003,96	5.k=1.moyenne	0,0	ERA5
1066135	15/08/2025	07	15/08/2025	03	HAE	13,0	0	13,0	0	99,0	4.lineaire	2,0	0	360,0	0	1004,34	5.k=1.moyenne	0,0	ERA5
1066136	15/08/2025	08	15/08/2025	04	HAE	12,6	0	12,6	0	100,0	0	2,0	0	350,0	0	1004,83	5.k=1.moyenne	0,0	ERA5
1066137	15/08/2025	09	15/08/2025	05	HAE	12,2	0	12,1	0	99,0	0	1,0	0	30,0	0	1005,25	5.k=1.moyenne	0,0	ERA5
1066138	15/08/2025	10	15/08/2025	06	HAE	12,1	0	11,7	0	98,0	0	4,0	0	10,0	0	1005,72	5.k=1.moyenne	0,1	ERA5
1066139	15/08/2025	11	15/08/2025	07	HAE	13,3	0	12,1	0	92,0	0	4,0	0	10,0	0	1006,17	5.k=1.moyenne	203,6	ERA5
1066140	15/08/2025	12	15/08/2025	08	HAE	15,7	0	12,9	0	83,0	0	3,0	0	30,0	0	1006,35	5.k=1.moyenne	787,3	ERA5
1066141	15/08/2025	13	15/08/2025	09	HAE	17,5	0	12,6	0	73,0	0	6,0	0	40,0	0	1006,51	5.k=1.moyenne	1454,9	ERA5
1066142	15/08/2025	14	15/08/2025	10	HAE	19,8	0	13,0	0	65,0	0	4,0	0	10,0	0	1006,43	5.k=1.moyenne	2082,5	ERA5
1066143	15/08/2025	15	15/08/2025	11	HAE	21,6	0	12,8	0	57,0	0	7,0	0	40,0	0	1006,2	5.k=1.moyenne	2602,7	ERA5
1066144	15/08/2025	16	15/08/2025	12	HAE	23,0	0	11,7	0	49,0	0	8,0	0	360,0	0	1005,87	5.k=1.moyenne	2970,0	ERA5
1066145	15/08/2025	17	15/08/2025	13	HAE	24,0	0	12,7	0	49,0	0	5,0	0	10,0	0	1005,58	5.k=1.moyenne	3156,1	ERA5
1066146	15/08/2025	18	15/08/2025	14	HAE	25,2	0	11,0	0	41,0	0	6,0	0	20,0	0	1005,12	5.k=1.moyenne	3144,7	ERA5
1066147	15/08/2025	19	15/08/2025	15	HAE	25,6	0	10,2	0	38,0	0	8,0	0	280,0	0	1004,89	5.k=1.moyenne	2932,8	ERA5
1066148	15/08/2025	20	15/08/2025	16	HAE	26,3	0	10,1	0	36,0	0	3,0	0	30,0	0	1004,61	5.k=1.moyenne	2549,1	ERA5
1066149	15/08/2025	21	15/08/2025	17	HAE	26,7	0	10,2	0	36,0	0	4,0	0	10,0	0	1004,27	5.k=1.moyenne	2020,5	ERA5
1066150	15/08/2025	22	15/08/2025	18	HAE	26,3	0	8,5	0	32,0	0	2,0	0	30,0	0	1004,1	5.k=1.moyenne	1391,9	ERA5
1066151	15/08/2025	23	15/08/2025	19	HAE	25,9	0	9,2	0	35,0	0	3,0	0	10,0	0	1004,05	5.k=1.moyenne	728,7	ERA5
1066152	16/08/2025	00	15/08/2025	20	HAE	21,7	0	11,3	0	52,0	0	0,0	0	0,0	0	1004,0	5.k=1.moyenne	164,2	ERA5
1066153	16/08/2025	01	15/08/2025	21	HAE	18,3	0	13,4	0	73,0	0	3,0	0	40,0	0	1003,97	5.k=1.moyenne	0,0	ERA5
1066154	16/08/2025	02	15/08/2025	22	HAE	16,7	0	12,6	0	77,0	0	2,0	0	320,0	0	1003,81	5.k=1.moyenne	0,0	ERA5
1066155	16/08/2025	03	15/08/2025	23	HAE	14,3	0	11,8	0	85,0	0	4,0	0	170,0	0	1003,47	5.k=1.moyenne	0,0	ERA5
1066156	16/08/2025	04	16/08/2025	00	HAE	14,3	0	12,4	0	88,0	0	1,0	0	310,0	0	1003,33	5.k=1.moyenne	0,0	ERA5
1066157	16/08/2025	05	16/08/2025	01	HAE	13,6	0	12,7	0	94,0	0	0,0	0	0,0	0	1003,15	5.k=1.moyenne	0,0	ERA5
1066158	16/08/2025	06	16/08/2025	02	HAE	13,1	0	12,4	0	95,0	0	0,0	0	0,0	0	1003,15	5.k=1.moyenne	0,0	ERA5
1066159	16/08/2025	07	16/08/2025	03	HAE	12,6	0	12,5	0	99,0	0	1,0	0	170,0	0	1003,17	5.k=1.moyenne	0,0	ERA5
1066160	16/08/2025	08	16/08/2025	04	HAE	11,7	0	11,1	0	96,0	0	2,0	0	150,0	0	1003,3	5.k=1.moyenne	0,0	ERA5
1066161	16/08/2025	09	16/08/2025	05	HAE	11,5	0	11,1	0	97,0	0	0,0	0	0,0	0	1003,03	5.k=1.moyenne	0,0	ERA5
1066162	16/08/2025	10	16/08/2025	06	HAE	11,4	0	11,4	0	100,0	0	2,0	0	130,0	0	1002,97	5.k=1.moyenne	0,0	ERA5
1066163	16/08/2025	11	16/08/2025	07	HAE	12,8	0	12,8	0	96,0	4.lineaire	2,0	0	130,0	0	1002,8	5.k=1.moyenne	131,3	ERA5
1066164	16/08/2025	12	16/08/2025	08	HAE	17,1	0	15,7	0	92,0	0	9,0	0	170,0	0	1002,41	5.k=1.moyenne	506,8	ERA5
1066165	16/08/2025	13	16/08/2025	09	HAE	20,5	0	16,1	0	76,0	0	9,0	0	200,0	0	1002,14	5.k=1.moyenne	1144,4	ERA5
1066166	16/08/2025	14	16/08/2025	10	HAE	22,8	0	14,9	0	61,0	0	8,0	0	190,0	0	1001,72	5.k=1.moyenne	1967,7	ERA5
1066167	16/08/2025	15	16/08/2025	11	HAE	25,0	0	14,0	0	50,0	0	4,0	0	130,0	0	1001,28	5.k=1.moyenne	2508,2	ERA5
1066168	16/08/2025	16	16/08/2025	12	HAE	27,1	0	14,5	0	46,0	0	9,0	0	190,0	0	1000,56	5.k=1.moyenne	2845,9	ERA5
1066169	16/08/2025	17	16/08/2025	13	HAE	28,7	0	13,7	0	40,0	0	13,0	0	190,0	0	999,723	5.k=1.moyenne	3055,3	ERA5
1066170	16/08/2025	18	16/08/2025	14	HAE	29,4	0	14,2	0	39,0	0	6,0	0	190,0	0	999,088	5.k=1.moyenne	3042,6	ERA5
1066171	16/08/2025	19	16/08/2025	15	HAE	29,8	0	13,6	0	37,0	0	4,0	0	220,0	0	998,474	5.k=1.moyenne	2681,6	ERA5
1066172	16/08/2025	20	16/08/2025	16	HAE	30,6	0	14,7	0	38,0	0	12,0	0	190,0	0	998,058	5.k=1.moyenne	2260,2	ERA5
1066173	16/08/2025	21	16/08/2025	17	HAE	30,3	0	14,3	0	38,0	0	7,0	0	260,0	0	997,704	5.k=1.moyenne	1869,2	ERA5
1066174	16/08/2025	22	16/08/2025	18	HAE	29,9	0	13,5	0	37,0	0	8,0	0	230,0	0	997,3	5.k=1.moyenne	1289,4	ERA5
1066175	16/08/2025	23	16/08/2025	19	HAE	27,4	0	16,3	0	51,0	0	6,0	0	190,0	0	997,209	5.k=1.moyenne	669,3	ERA5
1066176	17/08/2025	00	16/08/2025	20	HAE	22,7	0	16,8	0	69,0	0	6,0	0	190,0	0	997,055	5.k=1.moyenne	140,6	ERA5
1066177	17/08/2025	01	16/08/2025	21	HAE	20,3	0	15,4	0	74,0	0	8,0	0	160,0	0	996,88	5.k=1.moyenne	0,0	ERA5
1066178	17/08/2025	02	16/08/2025	22	HAE	21,0	0	14,4	0	66,0	0	7,0	0	180,0	0	996,539	5.k=1.moyenne	0,0	ERA5
1066179	17/08/2025	03	16/08/2025	23	HAE	18,6	0	14,5	0	77,0	0	6,0	0	180,0	0	996,393	5.k=1.moyenne	0,0	ERA5
1066180	17/08/2025	04	17/08/2025	00	HAE	18,1	0	14,5	0	80,0	0	6,0	0	180,0	0	996,268	5.k=1.moyenne	0,0	ERA5
1066181	17/08/2025	05	17/08/2025	01	HAE	17,5	0	14,1	0	81,0	0	7,0	0	170,0	0	996,102	5.k=1.moyenne	0,0	ERA5
1066182	17/08/2025	06	17/08/2025	02	HAE	17,2	0	13,7	0	80,0	0	6,0	0	170,0	0	996,102	5.k=1.moyenne	0,0	ERA5
1066183	17/08/2025	07	17/08/2025	03	HAE	16,3	0	13,9	0	86,0	0	6,0	0	180,0	0	995,965	5.k=1.moyenne	0,0	ERA5
1066184	17/08/2025	08	17/08/2025	04	HAE	16,2	0	13,8	0	86,0	0	12,0	0	170,0	0	995,746	5.k=1.moyenne	0,0	ERA5
1066185	17/08/2025	09	17/08/2025	05	HAE	16,1	0	13,8	0	86,0	0	5,0	0	200,0	0	995,715	5.k=1.moyenne	0,0	ERA5
1066186	17/08/2025	10	17/08/2025	06	HAE	16,6	0	14,0	0	84,0	0	5,0	0	180,0	0	996,06	5.k=1.moyenne	0,0	ERA5
1066187	17/08/2025	11	17/08/2025	07	HAE	18,9	0	15,8	0	82,0	0	10,0	0	200,0	0	996,614	5.k=1.moyenne	142,4	ERA5
1066188	17/08/2025	12	17/08/2025	08	HAE	20,5	0	16,6	0	78,0	0	1,0	0	170,0	0	996,877	5.k=1.moyenne	484,4	ERA5
1066189	17/08/2025	13	17/08/2025	09	HAE	21,3	0	15,8	0	71,0	0	3,0	0	340,0	0	997,349	5.k=1.moyenne	707,6	ERA5
1066190	17/08/2025	14	17/08/2025	10	HAE	19,6	0	14,3	0	72,0	0	14,0	0	30,0	0	997,676	5.k=1.moyenne	714,5	ERA5
1066191	17/08/2025	15	17/08/2025	11	HAE	17,0	0	14,3	0	84,0	0	10,0	0	360,0	0	998,024	5.k=1.moyenne	430,5	ERA5
1066192	17/08/2025	16	17/08/2025	12	HAE	15,1	0	14,6	0	97,0	0	15,0	0	30,0	0	998,269	5.k=1.moyenne	478,3	ERA5
1066193	17/08/2025	17	17/08/2025	13	HAE	14,7	0	14,4	0	98,0	0	11,0	0	40,0	0	998,472	5.k=1.moyenne	531,5	ERA5
1066194	17/08/2025	18	17/08/2025	14	HAE	14,6	0	14,4	0	98,0	0	9,0	0	40,0	0	998,926	5.k=1.moyenne	372,0	ERA5
1066195	17/08/2025	19	17/08/2025	15	HAE	15,1	0	14,7	0	98,0	0	5,0	0	30,0	0	999,088	5.k=1.moyenne	269,2	ERA5
1066196	17/08/2025	20	17/08/2025	16	HAE	17,3	0	14,3	0	83,0	0	8,0	0	10,0	0	999,251	5.k=1.moyenne	420,1	ERA5
1066197	17/08/2025	21	17/08/2025	17	HAE	18,3	0	12,4	0	68,0	0	8,0	0	40,0	0	999,581	5.k=1.moyenne	434,4	ERA5
1066198	17/08/2025	22	17/08/2025	18	HAE	18,8	0	11,9	0	64,0	0	5,0	0	20,0	0	999,89	5.k=1.moyenne	564,7	ERA5
1066199	17/08/2025	23	17/08/2025	19	HAE	18,0	0	11,2	0	64,0	0	9,0	0	30,0	0	1000,21	5.k=1.moyenne	491,2	ERA5
1066200	18/08/2025	00	17/08/2025	20	HAE	16,2	0	10,8	0	71,0	0	5,0	0	40,0	0	1000,7	5.k=1.moyenne	123,4	ERA5
1066201	18/08/2025	01	17/08/2025	21	HAE	13,3	0	11,4	0	89,0	0	0,0	0	20,0	0	1001,3	5.k=1.moyenne	0,0	ERA5
1066202	18/08/2025	02	17/08/2025	22	HAE	12,4	0	12,2	0	99,0	0	0,0	0	0,0	0	1001,86	5.k=1.moyenne	0,0	ERA5
1066203	18/08/2025	03	17/08/2025	23	HAE	11,3	0	11,3	0	89,5	4.lineaire	1,0	0	10,0	0	1002,17	5.k=1.moyenne	0,0	ERA5
1066204	18/08/2025	04	18/08/2025	00	HAE	12,6	0	9,1	0	80,0	0	7,0	0	50,0	0	1002,63	5.k=1.moyenne	0,0	ERA5
1066205	18/08/2025	05	18/08/2025	01	HAE	10,9	0	8,8	0	86,0	0	2,0	0	20,0	0	1003,08	5.k=1.moyenne	0,0	ERA5
1066206	18/08/2025	06	18/08/2025	02	HAE	9,2	0	8,8	0	97,0	0	0,0	0	0,0	0	1003,08	5.k=1.moyenne	0,0	ERA5
1066207	18/08/2025	07	18/08/2025	03	HAE	9,0	0	9,0	0	100,0	0	3,0	0	350,0	0	1003,35	5.k=1.moyenne	0,0	ERA5
1066208	18/08/2025	08	18/08/2025	04	HAE	8,4	0	8,1	0	98,0	0	0,0	0	0,0	0	1003,77	5.k=1.moyenne	0,0	ERA5
1066209	18/08/2025	09	18/08/2025	05	HAE	8,0	0	8,0	0	100,0	0	2,0	0	350,0	0	1004,44	5.k=1.moyenne	0,0	ERA5
1066210	18/08/2025	10	18/08/2025	06	HAE	7,2	0	7,2	0	100,0	0	0,0	0	350,0	0	1005,23	5.k=1.moyenne	0,0	ERA5
1066211	18/08/2025	11	18/08/2025	07	HAE	9,3	0	9,3	0	100,0	0	2,0	0	10,0	0	1005,88	5.k=1.moyenne	182,0	ERA5
1066212	18/08/2025	12	18/08/2025	08	HAE	12,1	0	8,5	0	78,0	0	4,0	0	0,0	0	1006,38	5.k=1.moyenne	764,8	ERA5
1066213	18/08/2025	13	18/08/2025	09	HAE	13,7	0	7,4	0	66,0	0	9,0	0	20,0	0	1006,72	5.k=1.moyenne	1430,7	ERA5
1066214	18/08/2025	14	18/08/2025	10	HAE	14,9	0	6,0	0	55,0	0	10,0	0	10,0	0	1006,89	5.k=1.moyenne	2068,0	ERA5
1066215	18/08/2025	15	18/08/2025	11	HAE	15,9	0	5,4	0	50,0	0	14,0	0	40,0	0	1006,88	5.k=1.moyenne	2531,8	ERA5
1066216	18/08/2025	16	18/08/2025	12	HAE	17,1	0	6,1	0	48,0	0	8,0	0	40,0	0	1006,69	5.k=1.moyenne	2933,2	ERA5
1066217	18/08/2025	17	18/08/2025	13	HAE	17,8	0	5,5	0	45,0	0	3,0	0	60,0	0	1006,6	5.k=1.moyenne	3110,9	ERA5
1066218	18/08/2025	18	18/08/2025	14	HAE	18,7	0	6,6	0	45,0	0	3,0	0	240,0	0	1006,56	5.k=1.moyenne	3047,2	ERA5
1066219	18/08/2025	19	18/08/2025	15	HAE	19,5	0	6,5	0	43,0	0	6,0	0	360,0	0	1006,3	5.k=1.moyenne	2865,8	ERA5
1066220	18/08/2025	20	18/08/2025	16	HAE	19,8	0	5,7	0	40,0	0	7,0	0	10,0	0	1006,28	5.k=1.moyenne	2428,6	ERA5
1066221	18/08/2025	21	18/08/2025	17	HAE	19,9	0	5,4	0	39,0	0	7,0	0	40,0	0	1006,34	5.k=1.moyenne	1881,6	ERA5
1066222	18/08/2025	22	18/08/2025	18	HAE	20,1	0	6,6	0	42,0	0	2,0	0	40,0	0	1006,7	5.k=1.moyenne	1326,8	ERA5
1066223	18/08/2025	23	18/08/2025	19	HAE	18,9	0	7,4	0	47,0	0	4,0	0	240,0	0	1006,87	5.k=1.moyenne	635,0	ERA5
1066224	19/08/2025	00	18/08/2025	20	HAE	15,3	0	10,1	0	71,0	0	2,0	0	160,0	0	1007,12	5.k=1.moyenne	85,6	ERA5
1066225	19/08/2025	01	18/08/2025	21	HAE	13,6	0	9,1	0	74,0	0	2,0	0	110,0	0	1007,46	5.k=1.moyenne	0,0	ERA5
1066226	19/08/2025	02	18/08/2025	22	HAE	12,3	0	9,4	0	82,0	0	0,0	0	0,0	0	1007,44	5.k=1.moyenne	0,0	ERA5
1066227	19/08/2025	03	18/08/2025	23	HAE	10,9	0	9,0	0	88,0	0	0,0	0	0,0	0	1007,4	5.k=1.moyenne	0,0	ERA5
1066228	19/08/2025	04	19/08/2025	00	HAE	11,0	0	9,2	0	89,0	0	0,0	0	0,0	0	1007,57	5.k=1.moyenne	0,0	ERA5
1066229	19/08/2025	05	19/08/2025	01	HAE	10,7	0	10,0	0	95,0	0	0,0	0	0,0	0	1007,58	5.k=1.moyenne	0,0	ERA5
1066230	19/08/2025	06	19/08/2025	02	HAE	10,4	0	9,4	0	94,0	0	0,0	0	0,0	0	1007,58	5.k=1.moyenne	0,0	ERA5
1066231	19/08/2025	07	19/08/2025	03	HAE	9,9	0	9,6	0	98,0	0	2,0	0	40,0	0	1007,59	5.k=1.moyenne	0,0	ERA5
1066232	19/08/2025	08	19/08/2025	04	HAE	9,6	0	9,5	0	99,0	0	0,0	0	0,0	0	1007,65	5.k=1.moyenne	0,0	ERA5
1066233	19/08/2025	09	19/08/2025	05	HAE	9,1	0	9,0	0	99,0	0	3,0	0	10,0	0	1007,81	5.k=1.moyenne	0,0	ERA5
1066234	19/08/2025	10	19/08/2025	06	HAE	10,0	0	9,4	0	96,0	0	3,0	0	30,0	0	1008,05	5.k=1.moyenne	0,0	ERA5
1066235	19/08/2025	11	19/08/2025	07	HAE	9,6	0	9,4	0	98,0	0	0,0	0	0,0	0	1008,2	5.k=1.moyenne	152,4	ERA5
1066236	19/08/2025	12	19/08/2025	08	HAE	11,8	0	10,1	0	89,0	0	4,0	0	50,0	0	1008,33	5.k=1.moyenne	642,5	ERA5
1066237	19/08/2025	13	19/08/2025	09	HAE	14,0	0	10,5	0	79,0	0	5,0	0	30,0	0	1008,34	5.k=1.moyenne	1219,2	ERA5
1066238	19/08/2025	14	19/08/2025	10	HAE	16,9	0	9,9	0	63,0	0	6,0	0	50,0	0	1008,01	5.k=1.moyenne	1818,2	ERA5
1066239	19/08/2025	15	19/08/2025	11	HAE	19,2	0	9,8	0	55,0	0	3,0	0	40,0	0	1007,51	5.k=1.moyenne	2167,2	ERA5
1066240	19/08/2025	16	19/08/2025	12	HAE	20,0	0	8,5	0	47,0	0	2,0	0	20,0	0	1007,1	5.k=1.moyenne	2405,0	ERA5
1066241	19/08/2025	17	19/08/2025	13	HAE	22,2	0	7,5	0	39,0	0	12,0	0	150,0	0	1006,57	5.k=1.moyenne	2767,0	ERA5
1066242	19/08/2025	18	19/08/2025	14	HAE	22,2	0	7,1	0	38,0	0	4,0	0	20,0	0	1006,1	5.k=1.moyenne	2966,0	ERA5
1066243	19/08/2025	19	19/08/2025	15	HAE	23,3	0	7,2	0	36,0	0	6,0	0	100,0	0	1005,76	5.k=1.moyenne	2287,9	ERA5
1066244	19/08/2025	20	19/08/2025	16	HAE	22,9	0	7,0	0	36,0	0	7,0	0	130,0	0	1005,44	5.k=1.moyenne	2083,7	ERA5
1066245	19/08/2025	21	19/08/2025	17	HAE	22,3	0	9,2	0	43,0	0	3,0	0	210,0	0	1005,08	5.k=1.moyenne	1452,0	ERA5
1066246	19/08/2025	22	19/08/2025	18	HAE	21,9	0	9,3	0	45,0	0	3,0	0	100,0	0	1004,92	5.k=1.moyenne	464,7	ERA5
1066247	19/08/2025	23	19/08/2025	19	HAE	20,4	0	11,8	0	58,0	0	2,0	0	110,0	0	1004,8	5.k=1.moyenne	170,3	ERA5
1066248	20/08/2025	00	19/08/2025	20	HAE	19,5	0	12,4	0	64,0	0	2,0	0	40,0	0	1004,96	5.k=1.moyenne	29,6	ERA5
1066249	20/08/2025	01	19/08/2025	21	HAE	18,6	0	11,8	0	65,0	0	4,0	0	50,0	0	1005,03	5.k=1.moyenne	0,0	ERA5
1066250	20/08/2025	02	19/08/2025	22	HAE	17,8	0	12,9	0	73,0	0	5,0	0	40,0	0	1005,07	5.k=1.moyenne	0,0	ERA5
1066251	20/08/2025	03	19/08/2025	23	HAE	17,2	0	13,5	0	79,0	0	1,0	0	40,0	0	1005,07	5.k=1.moyenne	0,0	ERA5
1066252	20/08/2025	04	20/08/2025	00	HAE	16,9	0	13,4	0	80,0	0	3,0	0	70,0	0	1005,02	5.k=1.moyenne	0,0	ERA5
1066253	20/08/2025	05	20/08/2025	01	HAE	17,8	0	12,5	0	71,0	0	5,0	0	40,0	0	1004,85	5.k=1.moyenne	0,0	ERA5
1066254	20/08/2025	06	20/08/2025	02	HAE	16,7	0	12,7	0	77,0	0	5,0	0	30,0	0	1004,85	5.k=1.moyenne	0,0	ERA5
1066255	20/08/2025	07	20/08/2025	03	HAE	16,4	0	12,7	0	79,0	0	2,0	0	50,0	0	1004,76	5.k=1.moyenne	0,0	ERA5
1066256	20/08/2025	08	20/08/2025	04	HAE	15,1	0	12,9	0	86,0	0	4,0	0	60,0	0	1004,76	5.k=1.moyenne	0,0	ERA5
1066257	20/08/2025	09	20/08/2025	05	HAE	14,9	0	13,0	0	88,0	0	3,0	0	20,0	0	1004,9	5.k=1.moyenne	0,0	ERA5
1066258	20/08/2025	10	20/08/2025	06	HAE	14,1	0	13,1	0	94,0	0	8,0	0	30,0	0	1005,04	5.k=1.moyenne	0,0	ERA5
1066259	20/08/2025	11	20/08/2025	07	HAE	13,6	0	12,5	0	93,0	0	3,0	0	10,0	0	1005,23	5.k=1.moyenne	125,9	ERA5
1066260	20/08/2025	12	20/08/2025	08	HAE	14,0	0	12,5	0	91,0	0	5,0	0	30,0	0	1005,41	5.k=1.moyenne	579,4	ERA5
1066261	20/08/2025	13	20/08/2025	09	HAE	17,8	0	14,0	0	78,0	0	6,0	0	210,0	0	1005,43	5.k=1.moyenne	1062,5	ERA5
1066262	20/08/2025	14	20/08/2025	10	HAE	19,8	0	13,7	0	68,0	0	13,0	0	180,0	0	1005,36	5.k=1.moyenne	1726,3	ERA5
1066263	20/08/2025	15	20/08/2025	11	HAE	21,6	0	12,8	0	57,0	0	17,0	0	170,0	0	1005,27	5.k=1.moyenne	2226,6	ERA5
1066264	20/08/2025	16	20/08/2025	12	HAE	22,7	0	12,6	0	53,0	0	18,0	0	150,0	0	1004,84	5.k=1.moyenne	2647,4	ERA5
1066265	20/08/2025	17	20/08/2025	13	HAE	22,7	0	13,0	0	54,0	0	20,0	0	180,0	0	1004,51	5.k=1.moyenne	2865,1	ERA5
1066266	20/08/2025	18	20/08/2025	14	HAE	22,5	0	12,3	0	53,0	0	20,0	0	190,0	0	1004,27	5.k=1.moyenne	2322,5	ERA5
1066267	20/08/2025	19	20/08/2025	15	HAE	23,0	0	12,5	0	52,0	0	18,0	0	200,0	0	1004,08	5.k=1.moyenne	1728,3	ERA5
1066268	20/08/2025	20	20/08/2025	16	HAE	22,9	0	13,0	0	54,0	0	15,0	0	180,0	0	1004,0	5.k=1.moyenne	1233,7	ERA5
1066269	20/08/2025	21	20/08/2025	17	HAE	22,9	0	12,8	0	53,0	0	13,0	0	190,0	0	1003,83	5.k=1.moyenne	1299,9	ERA5
1066270	20/08/2025	22	20/08/2025	18	HAE	21,9	0	11,7	0	52,0	0	13,0	0	190,0	0	1003,83	5.k=1.moyenne	995,3	ERA5
1066271	20/08/2025	23	20/08/2025	19	HAE	20,7	0	11,6	0	56,0	0	8,0	0	190,0	0	1003,87	5.k=1.moyenne	494,7	ERA5
1066272	21/08/2025	00	20/08/2025	20	HAE	17,6	0	12,1	0	70,0	0	4,0	0	160,0	0	1004,01	5.k=1.moyenne	68,5	ERA5
1066273	21/08/2025	01	20/08/2025	21	HAE	16,0	0	11,9	0	77,0	0	1,0	0	130,0	0	1004,4	5.k=1.moyenne	0,0	ERA5
1066274	21/08/2025	02	20/08/2025	22	HAE	13,9	0	11,8	0	87,0	0	3,0	0	190,0	0	1004,26	5.k=1.moyenne	0,0	ERA5
1066275	21/08/2025	03	20/08/2025	23	HAE	13,9	0	11,5	0	86,0	0	2,0	0	170,0	0	1004,27	5.k=1.moyenne	0,0	ERA5
1066276	21/08/2025	04	21/08/2025	00	HAE	13,0	0	10,9	0	87,0	0	2,0	0	170,0	0	1004,19	5.k=1.moyenne	0,0	ERA5
1066277	21/08/2025	05	21/08/2025	01	HAE	12,6	0	11,4	0	92,0	0	2,0	0	150,0	0	1004,05	5.k=1.moyenne	0,0	ERA5
1066278	21/08/2025	06	21/08/2025	02	HAE	12,2	0	10,4	0	89,0	0	7,0	0	170,0	0	1004,05	5.k=1.moyenne	0,0	ERA5
1066279	21/08/2025	07	21/08/2025	03	HAE	12,5	0	10,8	0	89,0	0	0,0	0	130,0	0	1004,02	5.k=1.moyenne	0,0	ERA5
1066280	21/08/2025	08	21/08/2025	04	HAE	12,0	0	10,8	0	92,0	0	1,0	0	80,0	0	1003,93	5.k=1.moyenne	0,0	ERA5
1066281	21/08/2025	09	21/08/2025	05	HAE	11,6	0	10,9	0	96,0	0	3,0	0	30,0	0	1003,91	5.k=1.moyenne	0,0	ERA5
1066282	21/08/2025	10	21/08/2025	06	HAE	11,9	0	11,5	0	98,0	0	2,0	0	50,0	0	1003,99	5.k=1.moyenne	0,0	ERA5
1066283	21/08/2025	11	21/08/2025	07	HAE	13,3	0	12,0	0	92,0	0	1,0	0	80,0	0	1004,05	5.k=1.moyenne	130,9	ERA5
1066284	21/08/2025	12	21/08/2025	08	HAE	16,6	0	11,9	0	74,0	0	3,0	0	60,0	0	1004,12	5.k=1.moyenne	548,6	ERA5
1066285	21/08/2025	13	21/08/2025	09	HAE	18,7	0	12,2	0	66,0	0	2,0	0	200,0	0	1004,24	5.k=1.moyenne	1199,6	ERA5
1066286	21/08/2025	14	21/08/2025	10	HAE	20,0	0	10,5	0	54,0	0	1,0	0	70,0	0	1004,18	5.k=1.moyenne	1839,3	ERA5
1066287	21/08/2025	15	21/08/2025	11	HAE	22,0	0	12,3	0	54,0	0	1,0	0	80,0	0	1003,97	5.k=1.moyenne	2328,8	ERA5
1066288	21/08/2025	16	21/08/2025	12	HAE	22,7	0	13,0	0	55,0	0	9,0	0	70,0	0	1003,34	5.k=1.moyenne	2720,8	ERA5
1066289	21/08/2025	17	21/08/2025	13	HAE	23,7	0	12,6	0	50,0	0	10,0	0	10,0	0	1003,03	5.k=1.moyenne	2932,7	ERA5
1066290	21/08/2025	18	21/08/2025	14	HAE	24,3	0	12,7	0	48,0	0	4,0	0	10,0	0	1002,46	5.k=1.moyenne	2777,2	ERA5
1066291	21/08/2025	19	21/08/2025	15	HAE	25,0	0	11,9	0	44,0	0	4,0	0	40,0	0	1001,84	5.k=1.moyenne	2268,8	ERA5
1066292	21/08/2025	20	21/08/2025	16	HAE	25,4	0	11,4	0	42,0	0	6,0	0	50,0	0	1001,38	5.k=1.moyenne	1726,6	ERA5
1066293	21/08/2025	21	21/08/2025	17	HAE	25,8	0	10,6	0	38,0	0	7,0	0	330,0	0	1001,17	5.k=1.moyenne	1517,8	ERA5
1066294	21/08/2025	22	21/08/2025	18	HAE	25,3	0	10,0	0	38,0	0	5,0	0	360,0	0	1000,92	5.k=1.moyenne	1030,2	ERA5
1066295	21/08/2025	23	21/08/2025	19	HAE	23,7	0	10,2	0	43,0	0	5,0	0	10,0	0	1000,91	5.k=1.moyenne	466,5	ERA5
1066296	22/08/2025	00	21/08/2025	20	HAE	20,0	0	11,9	0	60,0	0	3,0	0	20,0	0	1000,97	5.k=1.moyenne	85,4	ERA5
1066297	22/08/2025	01	21/08/2025	21	HAE	17,2	0	11,8	0	70,0	0	0,0	0	30,0	0	1001,14	5.k=1.moyenne	0,0	ERA5
1066298	22/08/2025	02	21/08/2025	22	HAE	16,2	0	11,8	0	75,0	0	2,0	0	360,0	0	1000,97	5.k=1.moyenne	0,0	ERA5
1066299	22/08/2025	03	21/08/2025	23	HAE	15,4	0	11,9	0	80,0	0	2,0	0	20,0	0	1000,73	5.k=1.moyenne	0,0	ERA5
1066300	22/08/2025	04	22/08/2025	00	HAE	15,8	0	12,4	0	80,0	0	4,0	0	20,0	0	1000,5	5.k=1.moyenne	0,0	ERA5
1066301	22/08/2025	05	22/08/2025	01	HAE	14,0	0	11,5	0	85,0	0	1,0	0	10,0	0	1000,3	5.k=1.moyenne	0,0	ERA5
1066302	22/08/2025	06	22/08/2025	02	HAE	12,9	0	11,7	0	93,0	0	0,0	0	0,0	0	1000,3	5.k=1.moyenne	0,0	ERA5
1066303	22/08/2025	07	22/08/2025	03	HAE	12,5	0	11,7	0	95,0	0	1,0	0	320,0	0	1000,35	5.k=1.moyenne	0,0	ERA5
1066304	22/08/2025	08	22/08/2025	04	HAE	12,4	0	11,9	0	97,0	0	3,0	0	20,0	0	1000,4	5.k=1.moyenne	0,0	ERA5
1066305	22/08/2025	09	22/08/2025	05	HAE	12,7	0	12,4	0	98,0	0	3,0	0	360,0	0	1000,36	5.k=1.moyenne	0,0	ERA5
1066306	22/08/2025	10	22/08/2025	06	HAE	13,0	0	12,6	0	98,0	0	2,0	0	350,0	0	1000,56	5.k=1.moyenne	0,0	ERA5
1066307	22/08/2025	11	22/08/2025	07	HAE	14,4	0	13,3	0	93,0	0	2,0	0	30,0	0	1000,71	5.k=1.moyenne	141,3	ERA5
1066308	22/08/2025	12	22/08/2025	08	HAE	17,2	0	14,0	0	81,0	0	5,0	0	270,0	0	1000,61	5.k=1.moyenne	681,7	ERA5
1066309	22/08/2025	13	22/08/2025	09	HAE	19,2	0	14,4	0	74,0	0	7,0	0	320,0	0	1000,56	5.k=1.moyenne	1329,8	ERA5
1066310	22/08/2025	14	22/08/2025	10	HAE	22,9	0	14,1	0	58,0	0	5,0	0	330,0	0	1000,39	5.k=1.moyenne	1945,6	ERA5
1066311	22/08/2025	15	22/08/2025	11	HAE	24,5	0	14,4	0	53,0	0	5,0	0	250,0	0	1000,04	5.k=1.moyenne	2459,4	ERA5
1066312	22/08/2025	16	22/08/2025	12	HAE	26,4	0	13,9	0	46,0	0	10,0	0	280,0	0	999,482	5.k=1.moyenne	2823,6	ERA5
1066313	22/08/2025	17	22/08/2025	13	HAE	27,1	0	12,9	0	42,0	0	9,0	0	280,0	0	998,904	5.k=1.moyenne	3009,6	ERA5
1066314	22/08/2025	18	22/08/2025	14	HAE	27,5	0	11,5	0	37,0	0	8,0	0	250,0	0	998,49	5.k=1.moyenne	2954,9	ERA5
1066315	22/08/2025	19	22/08/2025	15	HAE	28,4	0	11,9	0	36,0	0	8,0	0	270,0	0	998,118	5.k=1.moyenne	2640,3	ERA5
1066316	22/08/2025	20	22/08/2025	16	HAE	28,3	0	11,8	0	36,0	0	5,0	0	310,0	0	997,823	5.k=1.moyenne	2166,8	ERA5
1066317	22/08/2025	21	22/08/2025	17	HAE	28,2	0	11,4	0	35,0	0	5,0	0	270,0	0	997,568	5.k=1.moyenne	1663,8	ERA5
1066318	22/08/2025	22	22/08/2025	18	HAE	27,9	0	12,5	0	39,0	0	7,0	0	240,0	0	997,314	5.k=1.moyenne	1103,3	ERA5
1066319	22/08/2025	23	22/08/2025	19	HAE	25,9	0	12,8	0	44,0	0	6,0	0	250,0	0	997,227	5.k=1.moyenne	527,0	ERA5
1066320	23/08/2025	00	22/08/2025	20	HAE	22,4	0	13,5	0	57,0	0	4,0	0	240,0	0	997,287	5.k=1.moyenne	85,1	ERA5
1066321	23/08/2025	01	22/08/2025	21	HAE	18,4	0	13,4	0	73,0	0	7,0	0	180,0	0	997,513	5.k=1.moyenne	0,0	ERA5
1066322	23/08/2025	02	22/08/2025	22	HAE	17,6	0	13,3	0	76,0	0	7,0	0	170,0	0	997,468	5.k=1.moyenne	0,0	ERA5
1066323	23/08/2025	03	22/08/2025	23	HAE	17,7	0	13,8	0	78,0	0	5,0	0	190,0	0	997,341	5.k=1.moyenne	0,0	ERA5
1066324	23/08/2025	04	23/08/2025	00	HAE	16,5	0	13,3	0	81,0	0	6,0	0	190,0	0	997,109	5.k=1.moyenne	0,0	ERA5
1066325	23/08/2025	05	23/08/2025	01	HAE	16,2	0	13,5	0	84,0	0	4,0	0	180,0	0	996,899	5.k=1.moyenne	0,0	ERA5
1066326	23/08/2025	06	23/08/2025	02	HAE	16,0	0	12,8	0	81,0	0	4,0	0	190,0	0	996,899	5.k=1.moyenne	0,0	ERA5
1066327	23/08/2025	07	23/08/2025	03	HAE	15,4	0	12,3	0	82,0	0	5,0	0	180,0	0	996,848	5.k=1.moyenne	0,0	ERA5
1066328	23/08/2025	08	23/08/2025	04	HAE	15,9	0	12,8	0	82,0	0	9,0	0	170,0	0	996,675	5.k=1.moyenne	0,0	ERA5
1066329	23/08/2025	09	23/08/2025	05	HAE	14,9	0	12,6	0	86,0	0	10,0	0	160,0	0	996,4	5.k=1.moyenne	0,0	ERA5
1066330	23/08/2025	10	23/08/2025	06	HAE	14,5	0	13,6	0	94,0	0	6,0	0	180,0	0	996,461	5.k=1.moyenne	0,0	ERA5
1066331	23/08/2025	11	23/08/2025	07	HAE	16,3	0	15,8	0	97,0	0	5,0	0	180,0	0	996,523	5.k=1.moyenne	114,4	ERA5
1066332	23/08/2025	12	23/08/2025	08	HAE	19,2	0	16,3	0	84,0	0	7,0	0	180,0	0	996,545	5.k=1.moyenne	648,3	ERA5
1066333	23/08/2025	13	23/08/2025	09	HAE	22,3	0	16,2	0	68,0	0	14,0	0	180,0	0	996,382	5.k=1.moyenne	1276,8	ERA5
1066334	23/08/2025	14	23/08/2025	10	HAE	23,4	0	15,8	0	62,0	0	12,0	0	170,0	0	995,991	5.k=1.moyenne	1848,9	ERA5
1066335	23/08/2025	15	23/08/2025	11	HAE	24,8	0	15,1	0	55,0	0	14,0	0	180,0	0	995,601	5.k=1.moyenne	2293,6	ERA5
1066336	23/08/2025	16	23/08/2025	12	HAE	26,4	0	15,2	0	50,0	0	11,0	0	170,0	0	995,129	5.k=1.moyenne	2628,2	ERA5
1066337	23/08/2025	17	23/08/2025	13	HAE	27,7	0	14,2	0	44,0	0	17,0	0	180,0	0	994,846	5.k=1.moyenne	2811,4	ERA5
1066338	23/08/2025	18	23/08/2025	14	HAE	27,7	0	14,7	0	45,0	0	20,0	0	180,0	0	994,334	5.k=1.moyenne	2383,6	ERA5
1066339	23/08/2025	19	23/08/2025	15	HAE	28,2	0	15,4	0	46,0	0	17,0	0	180,0	0	993,865	5.k=1.moyenne	1266,9	ERA5
1066340	23/08/2025	20	23/08/2025	16	HAE	28,4	0	15,2	0	45,0	0	18,0	0	170,0	0	993,397	5.k=1.moyenne	1246,2	ERA5
1066341	23/08/2025	21	23/08/2025	17	HAE	28,3	0	15,3	0	45,0	0	12,0	0	190,0	0	993,159	5.k=1.moyenne	1011,2	ERA5
1066342	23/08/2025	22	23/08/2025	18	HAE	28,0	0	15,4	0	46,0	0	14,0	0	180,0	0	992,881	5.k=1.moyenne	686,8	ERA5
1066343	23/08/2025	23	23/08/2025	19	HAE	26,3	0	15,3	0	51,0	0	8,0	0	190,0	0	992,644	5.k=1.moyenne	319,8	ERA5
1066344	24/08/2025	00	23/08/2025	20	HAE	24,4	0	15,2	0	56,0	0	12,0	0	180,0	0	992,658	5.k=1.moyenne	52,4	ERA5
1066345	24/08/2025	01	23/08/2025	21	HAE	24,8	0	15,3	0	56,0	0	15,0	0	180,0	0	992,61	5.k=1.moyenne	0,0	ERA5
1066346	24/08/2025	02	23/08/2025	22	HAE	25,0	0	15,7	0	56,0	0	17,0	0	190,0	0	992,542	5.k=1.moyenne	0,0	ERA5
1066347	24/08/2025	03	23/08/2025	23	HAE	24,7	0	15,0	0	55,0	0	20,0	0	220,0	0	992,349	5.k=1.moyenne	0,0	ERA5
1066348	24/08/2025	04	24/08/2025	00	HAE	20,4	0	17,4	0	83,0	0	5,0	0	170,0	0	992,157	5.k=1.moyenne	0,0	ERA5
1066349	24/08/2025	05	24/08/2025	01	HAE	20,7	0	16,7	0	78,0	0	10,0	0	170,0	0	992,09	5.k=1.moyenne	0,0	ERA5
1066350	24/08/2025	06	24/08/2025	02	HAE	21,3	0	14,8	0	66,0	0	11,0	0	190,0	0	992,09	5.k=1.moyenne	0,0	ERA5
1066351	24/08/2025	07	24/08/2025	03	HAE	21,4	0	14,4	0	64,0	0	20,0	0	180,0	0	991,859	5.k=1.moyenne	0,0	ERA5
1066352	24/08/2025	08	24/08/2025	04	HAE	18,0	0	16,3	0	90,0	0	12,0	0	190,0	0	991,65	5.k=1.moyenne	0,0	ERA5
1066353	24/08/2025	09	24/08/2025	05	HAE	18,0	0	16,0	0	88,0	0	12,0	0	160,0	0	991,672	5.k=1.moyenne	0,0	ERA5
1066354	24/08/2025	10	24/08/2025	06	HAE	17,5	0	16,2	0	92,0	0	17,0	0	180,0	0	991,821	5.k=1.moyenne	0,0	ERA5
1066355	24/08/2025	11	24/08/2025	07	HAE	17,9	0	16,4	0	91,0	0	12,0	0	190,0	0	991,93	5.k=1.moyenne	54,5	ERA5
1066356	24/08/2025	12	24/08/2025	08	HAE	18,7	0	15,6	0	82,0	0	15,0	0	180,0	0	992,04	5.k=1.moyenne	255,0	ERA5
1066357	24/08/2025	13	24/08/2025	09	HAE	20,3	0	16,2	0	78,0	0	19,0	0	180,0	0	992,068	5.k=1.moyenne	669,1	ERA5
1066358	24/08/2025	14	24/08/2025	10	HAE	20,6	0	16,1	0	75,0	0	25,0	0	190,0	0	992,138	5.k=1.moyenne	1216,4	ERA5
1066359	24/08/2025	15	24/08/2025	11	HAE	22,3	0	17,0	0	72,0	0	29,0	0	180,0	0	992,106	5.k=1.moyenne	1562,7	ERA5
1066360	24/08/2025	16	24/08/2025	12	HAE	23,5	0	17,2	0	67,0	0	24,0	0	180,0	0	991,929	5.k=1.moyenne	1857,4	ERA5
1066361	24/08/2025	17	24/08/2025	13	HAE	24,3	0	17,2	0	65,0	0	24,0	0	170,0	0	991,732	5.k=1.moyenne	1916,9	ERA5
1066362	24/08/2025	18	24/08/2025	14	HAE	24,7	0	17,5	0	64,0	0	23,0	0	180,0	0	991,369	5.k=1.moyenne	1478,8	ERA5
1066363	24/08/2025	19	24/08/2025	15	HAE	25,0	0	17,8	0	64,0	0	19,0	0	180,0	0	991,173	5.k=1.moyenne	1732,6	ERA5
1066364	24/08/2025	20	24/08/2025	16	HAE	20,4	0	20,0	0	97,0	0	1,0	0	240,0	0	991,784	5.k=1.moyenne	530,9	ERA5
1066365	24/08/2025	21	24/08/2025	17	HAE	21,8	0	19,5	0	87,0	0	13,0	0	190,0	0	991,863	5.k=1.moyenne	540,6	ERA5
1066366	24/08/2025	22	24/08/2025	18	HAE	23,0	0	18,2	0	74,0	0	20,0	0	200,0	0	991,899	5.k=1.moyenne	683,0	ERA5
1066367	24/08/2025	23	24/08/2025	19	HAE	22,5	0	18,1	0	76,0	0	15,0	0	180,0	0	992,085	5.k=1.moyenne	371,8	ERA5
1066368	25/08/2025	00	24/08/2025	20	HAE	21,8	0	18,1	0	79,0	0	17,0	0	180,0	0	992,398	5.k=1.moyenne	42,7	ERA5
1066369	25/08/2025	01	24/08/2025	21	HAE	21,1	0	18,1	0	83,0	0	13,0	0	180,0	0	992,649	5.k=1.moyenne	0,0	ERA5
1066370	25/08/2025	02	24/08/2025	22	HAE	21,1	0	18,0	0	83,0	0	17,0	0	180,0	0	992,559	5.k=1.moyenne	0,0	ERA5
1066371	25/08/2025	03	24/08/2025	23	HAE	21,0	0	18,1	0	84,0	0	14,0	0	180,0	0	992,406	5.k=1.moyenne	0,0	ERA5
1066372	25/08/2025	04	25/08/2025	00	HAE	21,1	0	18,1	0	83,0	0	16,0	0	170,0	0	992,339	5.k=1.moyenne	0,0	ERA5
1066373	25/08/2025	05	25/08/2025	01	HAE	20,9	0	18,3	0	85,0	0	15,0	0	190,0	0	992,272	5.k=1.moyenne	0,0	ERA5
1066374	25/08/2025	06	25/08/2025	02	HAE	20,2	0	17,8	0	86,0	0	15,0	0	200,0	0	992,272	5.k=1.moyenne	0,0	ERA5
1066375	25/08/2025	07	25/08/2025	03	HAE	19,1	0	17,2	0	89,0	0	12,0	0	210,0	0	992,193	5.k=1.moyenne	0,0	ERA5
1066376	25/08/2025	08	25/08/2025	04	HAE	17,9	0	17,0	0	95,0	0	10,0	0	180,0	0	991,817	5.k=1.moyenne	0,0	ERA5
1066377	25/08/2025	09	25/08/2025	05	HAE	17,6	0	17,3	0	98,0	0	15,0	0	170,0	0	991,697	5.k=1.moyenne	0,0	ERA5
1066378	25/08/2025	10	25/08/2025	06	HAE	17,4	0	16,7	0	96,0	0	13,0	0	190,0	0	991,749	5.k=1.moyenne	0,0	ERA5
1066379	25/08/2025	11	25/08/2025	07	HAE	17,4	0	16,9	0	97,0	0	9,0	0	180,0	0	991,663	5.k=1.moyenne	57,7	ERA5
1066380	25/08/2025	12	25/08/2025	08	HAE	18,2	0	17,3	0	95,0	0	13,0	0	200,0	0	991,757	5.k=1.moyenne	304,8	ERA5
1066381	25/08/2025	13	25/08/2025	09	HAE	20,4	0	17,1	0	81,0	0	12,0	0	220,0	0	991,163	5.k=1.moyenne	1011,2	ERA5
1066382	25/08/2025	14	25/08/2025	10	HAE	21,8	0	17,1	0	75,0	0	10,0	0	260,0	0	991,216	5.k=1.moyenne	1532,2	ERA5
1066383	25/08/2025	15	25/08/2025	11	HAE	22,7	0	16,1	0	66,0	0	7,0	0	270,0	0	991,096	5.k=1.moyenne	1927,2	ERA5
1066384	25/08/2025	16	25/08/2025	12	HAE	23,9	0	15,1	0	58,0	0	14,0	0	260,0	0	990,711	5.k=1.moyenne	2191,1	ERA5
1066385	25/08/2025	17	25/08/2025	13	HAE	23,8	0	14,2	0	55,0	0	15,0	0	270,0	0	990,337	5.k=1.moyenne	2246,0	ERA5
1066386	25/08/2025	18	25/08/2025	14	HAE	23,9	0	14,6	0	56,0	0	13,0	0	260,0	0	990,137	5.k=1.moyenne	2721,4	ERA5
1066387	25/08/2025	19	25/08/2025	15	HAE	23,8	0	13,4	0	52,0	0	16,0	0	240,0	0	989,917	5.k=1.moyenne	2077,5	ERA5
1066388	25/08/2025	20	25/08/2025	16	HAE	24,8	0	13,4	0	49,0	0	14,0	0	260,0	0	989,708	5.k=1.moyenne	1786,1	ERA5
1066389	25/08/2025	21	25/08/2025	17	HAE	22,8	0	11,1	0	47,0	0	18,0	0	230,0	0	989,643	5.k=1.moyenne	1248,3	ERA5
1066390	25/08/2025	22	25/08/2025	18	HAE	24,2	0	11,6	0	45,0	0	7,0	0	260,0	0	989,863	5.k=1.moyenne	949,1	ERA5
1066391	25/08/2025	23	25/08/2025	19	HAE	22,4	0	10,9	0	48,0	0	12,0	0	270,0	0	990,022	5.k=1.moyenne	430,3	ERA5
1066392	26/08/2025	00	25/08/2025	20	HAE	19,8	0	12,0	0	61,0	0	12,0	0	240,0	0	990,427	5.k=1.moyenne	60,8	ERA5
1066393	26/08/2025	01	25/08/2025	21	HAE	19,6	0	11,8	0	61,0	0	9,0	0	270,0	0	990,852	5.k=1.moyenne	0,0	ERA5
1066394	26/08/2025	02	25/08/2025	22	HAE	16,2	0	12,3	0	78,0	0	9,0	0	160,0	0	990,829	5.k=1.moyenne	0,0	ERA5
1066395	26/08/2025	03	25/08/2025	23	HAE	17,0	0	11,5	0	70,0	0	10,0	0	240,0	0	990,806	5.k=1.moyenne	0,0	ERA5
1066396	26/08/2025	04	26/08/2025	00	HAE	16,3	0	12,2	0	76,0	0	12,0	0	230,0	0	990,742	5.k=1.moyenne	0,0	ERA5
1066397	26/08/2025	05	26/08/2025	01	HAE	16,6	0	12,5	0	77,0	0	11,0	0	220,0	0	990,515	5.k=1.moyenne	0,0	ERA5
1066398	26/08/2025	06	26/08/2025	02	HAE	16,3	0	12,7	0	79,0	0	8,0	0	230,0	0	990,515	5.k=1.moyenne	0,0	ERA5
1066399	26/08/2025	07	26/08/2025	03	HAE	16,1	0	12,8	0	81,0	0	10,0	0	250,0	0	990,443	5.k=1.moyenne	0,0	ERA5
1066400	26/08/2025	08	26/08/2025	04	HAE	16,1	0	12,6	0	80,0	0	11,0	0	250,0	0	990,475	5.k=1.moyenne	0,0	ERA5
1066401	26/08/2025	09	26/08/2025	05	HAE	15,7	0	12,4	0	81,0	0	9,0	0	250,0	0	990,55	5.k=1.moyenne	0,0	ERA5
1066402	26/08/2025	10	26/08/2025	06	HAE	14,1	0	12,0	0	88,0	0	9,0	0	220,0	0	990,876	5.k=1.moyenne	0,0	ERA5
1066403	26/08/2025	11	26/08/2025	07	HAE	14,7	0	12,1	0	84,0	0	8,0	0	240,0	0	991,342	5.k=1.moyenne	79,2	ERA5
1066404	26/08/2025	12	26/08/2025	08	HAE	15,7	0	11,5	0	76,0	0	15,0	0	250,0	0	991,561	5.k=1.moyenne	432,3	ERA5
1066405	26/08/2025	13	26/08/2025	09	HAE	15,5	0	11,5	0	77,0	0	13,0	0	260,0	0	991,902	5.k=1.moyenne	757,0	ERA5
1066406	26/08/2025	14	26/08/2025	10	HAE	16,0	0	10,8	0	71,0	0	14,0	0	250,0	0	991,757	5.k=1.moyenne	1271,5	ERA5
1066407	26/08/2025	15	26/08/2025	11	HAE	16,8	0	10,2	0	65,0	0	14,0	0	260,0	0	991,784	5.k=1.moyenne	1725,9	ERA5
1066408	26/08/2025	16	26/08/2025	12	HAE	17,6	0	10,4	0	63,0	0	18,0	0	270,0	0	991,779	5.k=1.moyenne	1828,6	ERA5
1066409	26/08/2025	17	26/08/2025	13	HAE	18,7	0	10,6	0	59,0	0	14,0	0	260,0	0	991,712	5.k=1.moyenne	1490,6	ERA5
1066410	26/08/2025	18	26/08/2025	14	HAE	18,5	0	9,8	0	57,0	0	18,0	0	260,0	0	991,771	5.k=1.moyenne	1131,7	ERA5
1066411	26/08/2025	19	26/08/2025	15	HAE	18,7	0	10,6	0	59,0	0	8,0	0	260,0	0	992,181	5.k=1.moyenne	1755,3	ERA5
1066412	26/08/2025	20	26/08/2025	16	HAE	19,7	0	9,2	0	51,0	0	19,0	0	250,0	0	992,505	5.k=1.moyenne	1173,6	ERA5
1066413	26/08/2025	21	26/08/2025	17	HAE	18,6	0	9,8	0	56,0	0	16,0	0	250,0	0	992,645	5.k=1.moyenne	832,4	ERA5
1066414	26/08/2025	22	26/08/2025	18	HAE	18,3	0	10,4	0	60,0	0	10,0	0	240,0	0	993,091	5.k=1.moyenne	655,5	ERA5
1066415	26/08/2025	23	26/08/2025	19	HAE	17,9	0	10,5	0	62,0	0	12,0	0	240,0	0	993,578	5.k=1.moyenne	472,5	ERA5
1066416	27/08/2025	00	26/08/2025	20	HAE	16,1	0	10,7	0	71,0	0	9,0	0	220,0	0	994,168	5.k=1.moyenne	53,8	ERA5
1066417	27/08/2025	01	26/08/2025	21	HAE	14,6	0	10,5	0	77,0	0	8,0	0	240,0	0	994,676	5.k=1.moyenne	0,0	ERA5
1066418	27/08/2025	02	26/08/2025	22	HAE	13,2	0	10,3	0	83,0	0	3,0	0	180,0	0	994,817	5.k=1.moyenne	0,0	ERA5
1066419	27/08/2025	03	26/08/2025	23	HAE	11,5	0	10,5	0	94,0	0	7,0	0	220,0	0	995,101	5.k=1.moyenne	0,0	ERA5
1066420	27/08/2025	04	27/08/2025	00	HAE	12,8	0	11,1	0	89,0	0	8,0	0	240,0	0	995,181	5.k=1.moyenne	0,0	ERA5
1066421	27/08/2025	05	27/08/2025	01	HAE	12,7	0	11,5	0	92,0	0	5,0	0	280,0	0	995,2	5.k=1.moyenne	0,0	ERA5
1066422	27/08/2025	06	27/08/2025	02	HAE	12,1	0	11,1	0	93,0	0	6,0	0	270,0	0	995,2	5.k=1.moyenne	0,0	ERA5
1066423	27/08/2025	07	27/08/2025	03	HAE	11,2	0	10,7	0	97,0	0	9,0	0	240,0	0	995,324	5.k=1.moyenne	0,0	ERA5
1066424	27/08/2025	08	27/08/2025	04	HAE	11,3	0	11,1	0	99,0	0	6,0	0	250,0	0	995,49	5.k=1.moyenne	0,0	ERA5
1066425	27/08/2025	09	27/08/2025	05	HAE	11,3	0	11,1	0	99,0	0	4,0	0	260,0	0	995,635	5.k=1.moyenne	0,0	ERA5
1066426	27/08/2025	10	27/08/2025	06	HAE	9,2	0	9,2	0	100,0	0	3,0	0	230,0	0	996,03	5.k=1.moyenne	0,0	ERA5
1066427	27/08/2025	11	27/08/2025	07	HAE	11,0	0	11,0	0	100,0	0	7,0	0	250,0	0	996,55	5.k=1.moyenne	80,8	ERA5
1066428	27/08/2025	12	27/08/2025	08	HAE	13,4	0	12,6	0	95,0	0	7,0	0	260,0	0	996,924	5.k=1.moyenne	513,9	ERA5
1066429	27/08/2025	13	27/08/2025	09	HAE	14,1	0	12,5	0	90,0	0	5,0	0	250,0	0	997,049	5.k=1.moyenne	1052,8	ERA5
1066430	27/08/2025	14	27/08/2025	10	HAE	16,3	0	11,5	0	73,0	0	9,0	0	240,0	0	997,048	5.k=1.moyenne	1480,7	ERA5
1066431	27/08/2025	15	27/08/2025	11	HAE	17,5	0	10,6	0	64,0	0	8,0	0	270,0	0	996,964	5.k=1.moyenne	1631,0	ERA5
1066432	27/08/2025	16	27/08/2025	12	HAE	18,7	0	7,8	0	49,0	0	11,0	0	300,0	0	996,859	5.k=1.moyenne	2103,7	ERA5
1066433	27/08/2025	17	27/08/2025	13	HAE	19,4	0	6,9	0	44,0	0	18,0	0	300,0	0	996,651	5.k=1.moyenne	1922,8	ERA5
1066434	27/08/2025	18	27/08/2025	14	HAE	20,1	0	8,0	0	46,0	0	9,0	0	280,0	0	996,379	5.k=1.moyenne	1921,8	ERA5
1066435	27/08/2025	19	27/08/2025	15	HAE	19,2	0	8,0	0	48,0	0	9,0	0	290,0	0	996,171	5.k=1.moyenne	2222,6	ERA5
1066436	27/08/2025	20	27/08/2025	16	HAE	20,4	0	8,0	0	45,0	0	15,0	0	260,0	0	996,15	5.k=1.moyenne	1778,3	ERA5
1066437	27/08/2025	21	27/08/2025	17	HAE	20,2	0	8,0	0	45,0	0	12,0	0	280,0	0	996,279	5.k=1.moyenne	959,1	ERA5
1066438	27/08/2025	22	27/08/2025	18	HAE	20,2	0	8,1	0	46,0	0	8,0	0	270,0	0	996,391	5.k=1.moyenne	520,1	ERA5
1066439	27/08/2025	23	27/08/2025	19	HAE	18,5	0	8,2	0	51,0	0	8,0	0	240,0	0	996,452	5.k=1.moyenne	299,1	ERA5
1066440	28/08/2025	00	27/08/2025	20	HAE	15,7	0	8,1	0	61,0	0	7,0	0	240,0	0	996,86	5.k=1.moyenne	51,0	ERA5
1066441	28/08/2025	01	27/08/2025	21	HAE	13,5	0	8,5	0	71,0	0	5,0	0	220,0	0	997,166	5.k=1.moyenne	0,0	ERA5
1066442	28/08/2025	02	27/08/2025	22	HAE	11,9	0	8,5	0	80,0	0	4,0	0	200,0	0	997,308	5.k=1.moyenne	0,0	ERA5
1066443	28/08/2025	03	27/08/2025	23	HAE	10,7	0	8,5	0	86,0	0	5,0	0	190,0	0	997,39	5.k=1.moyenne	0,0	ERA5
1066444	28/08/2025	04	28/08/2025	00	HAE	10,8	0	8,8	0	88,0	0	6,0	0	190,0	0	997,492	5.k=1.moyenne	0,0	ERA5
1066445	28/08/2025	05	28/08/2025	01	HAE	9,9	0	8,3	0	90,0	0	5,0	0	180,0	0	997,696	5.k=1.moyenne	0,0	ERA5
1066446	28/08/2025	06	28/08/2025	02	HAE	9,4	0	8,0	0	91,0	0	8,0	0	170,0	0	997,696	5.k=1.moyenne	0,0	ERA5
1066447	28/08/2025	07	28/08/2025	03	HAE	9,9	0	8,8	0	93,0	0	8,0	0	160,0	0	997,827	5.k=1.moyenne	0,0	ERA5
1066448	28/08/2025	08	28/08/2025	04	HAE	9,9	0	8,9	0	94,0	0	9,0	0	160,0	0	997,937	5.k=1.moyenne	0,0	ERA5
1066449	28/08/2025	09	28/08/2025	05	HAE	9,3	0	8,6	0	96,0	0	9,0	0	160,0	0	998,13	5.k=1.moyenne	0,0	ERA5
1066450	28/08/2025	10	28/08/2025	06	HAE	10,4	0	9,3	0	93,0	0	6,0	0	170,0	0	998,364	5.k=1.moyenne	0,0	ERA5
1066451	28/08/2025	11	28/08/2025	07	HAE	12,2	0	10,3	0	88,0	0	3,0	0	210,0	0	998,584	5.k=1.moyenne	48,4	ERA5
1066452	28/08/2025	12	28/08/2025	08	HAE	14,2	0	12,0	0	87,0	0	13,0	0	160,0	0	998,792	5.k=1.moyenne	207,6	ERA5
1066453	28/08/2025	13	28/08/2025	09	HAE	15,1	0	12,4	0	84,0	0	17,0	0	170,0	0	999,0	5.k=1.moyenne	542,2	ERA5
1066454	28/08/2025	14	28/08/2025	10	HAE	15,3	0	12,3	0	82,0	0	16,0	0	170,0	0	999,146	5.k=1.moyenne	590,6	ERA5
1066455	28/08/2025	15	28/08/2025	11	HAE	16,0	0	12,2	0	78,0	0	12,0	0	170,0	0	999,251	5.k=1.moyenne	714,7	ERA5
1066456	28/08/2025	16	28/08/2025	12	HAE	18,4	0	12,2	0	67,0	0	13,0	0	160,0	0	999,214	5.k=1.moyenne	1132,8	ERA5
1066457	28/08/2025	17	28/08/2025	13	HAE	20,3	0	12,3	0	60,0	0	16,0	0	180,0	0	999,012	5.k=1.moyenne	1202,4	ERA5
1066458	28/08/2025	18	28/08/2025	14	HAE	21,9	0	12,4	0	55,0	0	19,0	0	180,0	0	998,974	5.k=1.moyenne	1928,1	ERA5
1066459	28/08/2025	19	28/08/2025	15	HAE	23,4	0	11,9	0	48,0	0	23,0	0	170,0	0	998,711	5.k=1.moyenne	1102,1	ERA5
1066460	28/08/2025	20	28/08/2025	16	HAE	23,4	0	11,5	0	47,0	0	20,0	0	180,0	0	998,811	5.k=1.moyenne	1123,0	ERA5
1066461	28/08/2025	21	28/08/2025	17	HAE	23,1	0	11,2	0	47,0	0	17,0	0	190,0	0	999,021	5.k=1.moyenne	583,8	ERA5
1066462	28/08/2025	22	28/08/2025	18	HAE	18,5	0	13,9	0	74,0	0	7,0	0	330,0	0	999,336	5.k=1.moyenne	265,8	ERA5
1066463	28/08/2025	23	28/08/2025	19	HAE	17,5	0	13,7	0	78,0	0	3,0	0	20,0	0	999,525	5.k=1.moyenne	194,7	ERA5
1066464	29/08/2025	00	28/08/2025	20	HAE	16,2	0	15,3	0	94,0	0	1,0	0	360,0	0	1000,07	5.k=1.moyenne	21,6	ERA5
1066465	29/08/2025	01	28/08/2025	21	HAE	15,9	0	15,3	0	97,0	0	0,0	0	300,0	0	1000,4	5.k=1.moyenne	0,0	ERA5
1066466	29/08/2025	02	28/08/2025	22	HAE	15,7	0	14,0	0	89,0	0	7,0	0	180,0	0	1000,3	5.k=1.moyenne	0,0	ERA5
1066467	29/08/2025	03	28/08/2025	23	HAE	15,1	0	14,4	0	95,0	0	8,0	0	170,0	0	1000,34	5.k=1.moyenne	0,0	ERA5
1066468	29/08/2025	04	29/08/2025	00	HAE	14,8	0	14,2	0	96,0	0	9,0	0	180,0	0	1000,24	5.k=1.moyenne	0,0	ERA5
1066469	29/08/2025	05	29/08/2025	01	HAE	14,5	0	14,1	0	97,0	0	8,0	0	160,0	0	1000,09	5.k=1.moyenne	0,0	ERA5
1066470	29/08/2025	06	29/08/2025	02	HAE	14,4	0	14,2	0	99,0	0	7,0	0	170,0	0	1000,09	5.k=1.moyenne	0,0	ERA5
1066471	29/08/2025	07	29/08/2025	03	HAE	14,6	0	14,1	0	97,0	0	10,0	0	160,0	0	999,878	5.k=1.moyenne	0,0	ERA5
1066472	29/08/2025	08	29/08/2025	04	HAE	14,5	0	14,0	0	97,0	0	10,0	0	170,0	0	999,667	5.k=1.moyenne	0,0	ERA5
1066473	29/08/2025	09	29/08/2025	05	HAE	14,5	0	14,3	0	99,0	0	7,0	0	140,0	0	999,501	5.k=1.moyenne	0,0	ERA5
1066474	29/08/2025	10	29/08/2025	06	HAE	14,3	0	14,2	0	99,0	0	3,0	0	160,0	0	999,69	5.k=1.moyenne	0,0	ERA5
1066475	29/08/2025	11	29/08/2025	07	HAE	14,4	0	14,4	0	100,0	0	3,0	0	150,0	0	999,622	5.k=1.moyenne	13,3	ERA5
1066476	29/08/2025	12	29/08/2025	08	HAE	14,7	0	14,7	0	99,0	4.lineaire	6,0	0	220,0	0	999,769	5.k=1.moyenne	79,4	ERA5
1066477	29/08/2025	13	29/08/2025	09	HAE	14,8	0	14,6	0	98,0	0	10,0	0	240,0	0	999,775	5.k=1.moyenne	317,8	ERA5
1066478	29/08/2025	14	29/08/2025	10	HAE	15,9	0	13,2	0	84,0	0	14,0	0	260,0	0	999,7	5.k=1.moyenne	830,3	ERA5
1066479	29/08/2025	15	29/08/2025	11	HAE	17,1	0	13,2	0	78,0	0	11,0	0	270,0	0	999,483	5.k=1.moyenne	1541,3	ERA5
1066480	29/08/2025	16	29/08/2025	12	HAE	17,2	0	12,9	0	76,0	0	13,0	0	260,0	0	999,247	5.k=1.moyenne	1773,6	ERA5
1066481	29/08/2025	17	29/08/2025	13	HAE	17,9	0	12,6	0	71,0	0	10,0	0	260,0	0	998,931	5.k=1.moyenne	1955,9	ERA5
1066482	29/08/2025	18	29/08/2025	14	HAE	19,4	0	11,6	0	61,0	0	13,0	0	280,0	0	998,834	5.k=1.moyenne	1847,2	ERA5
1066483	29/08/2025	19	29/08/2025	15	HAE	20,6	0	12,8	0	61,0	0	6,0	0	280,0	0	998,409	5.k=1.moyenne	1477,3	ERA5
1066484	29/08/2025	20	29/08/2025	16	HAE	19,7	0	11,0	0	57,0	0	15,0	0	270,0	0	998,151	5.k=1.moyenne	1615,1	ERA5
1066485	29/08/2025	21	29/08/2025	17	HAE	19,2	0	10,8	0	58,0	0	18,0	0	260,0	0	998,123	5.k=1.moyenne	1383,5	ERA5
1066486	29/08/2025	22	29/08/2025	18	HAE	18,7	0	11,0	0	61,0	0	13,0	0	250,0	0	998,158	5.k=1.moyenne	950,0	ERA5
1066487	29/08/2025	23	29/08/2025	19	HAE	17,4	0	10,9	0	66,0	0	12,0	0	240,0	0	998,151	5.k=1.moyenne	306,5	ERA5
1066488	30/08/2025	00	29/08/2025	20	HAE	15,1	0	10,9	0	76,0	0	7,0	0	250,0	0	998,083	5.k=1.moyenne	29,5	ERA5
1066489	30/08/2025	01	29/08/2025	21	HAE	13,4	0	10,5	0	83,0	0	8,0	0	220,0	0	998,182	5.k=1.moyenne	0,0	ERA5
1066490	30/08/2025	02	29/08/2025	22	HAE	12,7	0	10,5	0	86,0	0	6,0	0	240,0	0	997,969	5.k=1.moyenne	0,0	ERA5
1066491	30/08/2025	03	29/08/2025	23	HAE	12,1	0	11,0	0	93,0	0	7,0	0	250,0	0	997,652	5.k=1.moyenne	0,0	ERA5
1066492	30/08/2025	04	30/08/2025	00	HAE	11,6	0	11,1	0	97,0	0	7,0	0	250,0	0	997,482	5.k=1.moyenne	0,0	ERA5
1066493	30/08/2025	05	30/08/2025	01	HAE	11,0	0	10,6	0	97,0	0	6,0	0	230,0	0	997,353	5.k=1.moyenne	0,0	ERA5
1066494	30/08/2025	06	30/08/2025	02	HAE	11,3	0	10,7	0	96,0	0	7,0	0	270,0	0	997,353	5.k=1.moyenne	0,0	ERA5
1066495	30/08/2025	07	30/08/2025	03	HAE	11,2	0	10,6	0	97,0	0	3,0	0	280,0	0	997,232	5.k=1.moyenne	0,0	ERA5
1066496	30/08/2025	08	30/08/2025	04	HAE	10,7	0	10,3	0	98,0	0	6,0	0	240,0	0	997,028	5.k=1.moyenne	0,0	ERA5
1066497	30/08/2025	09	30/08/2025	05	HAE	11,0	0	10,8	0	99,0	0	8,0	0	230,0	0	996,993	5.k=1.moyenne	0,0	ERA5
1066498	30/08/2025	10	30/08/2025	06	HAE	11,3	0	11,1	0	99,0	0	6,0	0	220,0	0	997,271	5.k=1.moyenne	0,0	ERA5
1066499	30/08/2025	11	30/08/2025	07	HAE	11,8	0	11,0	0	95,0	0	11,0	0	230,0	0	997,483	5.k=1.moyenne	69,1	ERA5
1066500	30/08/2025	12	30/08/2025	08	HAE	12,9	0	10,8	0	87,0	0	14,0	0	240,0	0	997,633	5.k=1.moyenne	461,3	ERA5
1066501	30/08/2025	13	30/08/2025	09	HAE	13,1	0	10,7	0	85,0	0	15,0	0	230,0	0	997,805	5.k=1.moyenne	824,7	ERA5
1066502	30/08/2025	14	30/08/2025	10	HAE	12,4	0	10,8	0	90,0	0	12,0	0	220,0	0	997,978	5.k=1.moyenne	891,7	ERA5
1066503	30/08/2025	15	30/08/2025	11	HAE	12,3	0	11,1	0	92,0	0	17,0	0	230,0	0	998,053	5.k=1.moyenne	600,2	ERA5
1066504	30/08/2025	16	30/08/2025	12	HAE	12,2	0	11,5	0	96,0	0	13,0	0	240,0	0	997,878	5.k=1.moyenne	938,7	ERA5
1066505	30/08/2025	17	30/08/2025	13	HAE	12,1	0	11,6	0	97,0	0	13,0	0	230,0	0	997,83	5.k=1.moyenne	427,0	ERA5
1066506	30/08/2025	18	30/08/2025	14	HAE	13,3	0	12,0	0	92,0	0	10,0	0	240,0	0	997,885	5.k=1.moyenne	549,3	ERA5
1066507	30/08/2025	19	30/08/2025	15	HAE	14,2	0	12,5	0	90,0	0	11,0	0	250,0	0	997,859	5.k=1.moyenne	514,1	ERA5
1066508	30/08/2025	20	30/08/2025	16	HAE	15,6	0	14,3	0	92,0	0	5,0	0	340,0	0	998,061	5.k=1.moyenne	547,1	ERA5
1066509	30/08/2025	21	30/08/2025	17	HAE	16,4	0	13,7	0	84,0	0	6,0	0	0,0	0	998,265	5.k=1.moyenne	616,9	ERA5
1066510	30/08/2025	22	30/08/2025	18	HAE	16,9	0	11,6	0	71,0	0	7,0	0	320,0	0	998,635	5.k=1.moyenne	640,7	ERA5
1066511	30/08/2025	23	30/08/2025	19	HAE	15,9	0	12,6	0	81,0	0	2,0	0	20,0	0	999,006	5.k=1.moyenne	332,2	ERA5
1066512	31/08/2025	00	30/08/2025	20	HAE	12,8	0	11,9	0	94,0	0	0,0	0	280,0	0	999,564	5.k=1.moyenne	24,4	ERA5
1066513	31/08/2025	01	30/08/2025	21	HAE	11,9	0	11,7	0	99,0	0	2,0	0	170,0	0	1000,14	5.k=1.moyenne	0,0	ERA5
1066514	31/08/2025	02	30/08/2025	22	HAE	10,6	0	10,6	0	100,0	0	3,0	0	180,0	0	1000,41	5.k=1.moyenne	0,0	ERA5
1066515	31/08/2025	03	30/08/2025	23	HAE	10,2	0	10,2	0	100,0	0	3,0	0	190,0	0	1000,55	5.k=1.moyenne	0,0	ERA5
1066516	31/08/2025	04	31/08/2025	00	HAE	10,2	0	10,2	0	100,0	0	5,0	0	250,0	0	1000,76	5.k=1.moyenne	0,0	ERA5
1066517	31/08/2025	05	31/08/2025	01	HAE	9,5	0	9,5	0	100,0	0	4,0	0	160,0	0	1001,07	5.k=1.moyenne	0,0	ERA5
1066518	31/08/2025	06	31/08/2025	02	HAE	8,9	0	8,9	0	100,0	4.lineaire	5,0	0	220,0	0	1001,07	5.k=1.moyenne	0,0	ERA5
1066519	31/08/2025	07	31/08/2025	03	HAE	8,8	0	8,8	0	100,0	0	4,0	0	180,0	0	1001,31	5.k=1.moyenne	0,0	ERA5
1066520	31/08/2025	08	31/08/2025	04	HAE	9,6	0	9,6	0	100,0	0	2,0	0	250,0	0	1001,54	5.k=1.moyenne	0,0	ERA5
1066521	31/08/2025	09	31/08/2025	05	HAE	8,1	0	8,1	0	100,0	0	3,0	0	210,0	0	1001,77	5.k=1.moyenne	0,0	ERA5
1066522	31/08/2025	10	31/08/2025	06	HAE	7,3	0	7,3	0	100,0	0	3,0	0	170,0	0	1002,43	5.k=1.moyenne	0,0	ERA5
1066523	31/08/2025	11	31/08/2025	07	HAE	7,8	0	7,8	0	100,0	0	5,0	0	180,0	0	1003,2	5.k=1.moyenne	78,7	ERA5
1066524	31/08/2025	12	31/08/2025	08	HAE	12,4	0	12,4	0	94,0	4.lineaire	4,0	0	210,0	0	1003,87	5.k=1.moyenne	581,5	ERA5
1066525	31/08/2025	13	31/08/2025	09	HAE	14,5	0	12,5	0	88,0	0	8,0	0	250,0	0	1004,17	5.k=1.moyenne	1224,7	ERA5
1066526	31/08/2025	14	31/08/2025	10	HAE	16,9	0	13,8	0	82,0	0	5,0	0	280,0	0	1004,48	5.k=1.moyenne	1831,1	ERA5
1066527	31/08/2025	15	31/08/2025	11	HAE	18,7	0	14,7	0	78,0	0	5,0	0	250,0	0	1004,59	5.k=1.moyenne	2102,2	ERA5
1066528	31/08/2025	16	31/08/2025	12	HAE	20,0	0	13,8	0	68,0	0	8,0	0	270,0	0	1004,61	5.k=1.moyenne	2694,6	ERA5
1066529	31/08/2025	17	31/08/2025	13	HAE	21,6	0	13,2	0	59,0	0	6,0	0	260,0	0	1004,53	5.k=1.moyenne	2680,6	ERA5
1066530	31/08/2025	18	31/08/2025	14	HAE	22,5	0	11,1	0	49,0	0	6,0	0	10,0	0	1004,43	5.k=1.moyenne	2599,1	ERA5
1066531	31/08/2025	19	31/08/2025	15	HAE	23,2	0	11,8	0	49,0	0	5,0	0	290,0	0	1004,45	5.k=1.moyenne	2102,7	ERA5
1066532	31/08/2025	20	31/08/2025	16	HAE	23,4	0	11,6	0	47,0	0	6,0	0	270,0	0	1004,52	5.k=1.moyenne	1841,2	ERA5
1066533	31/08/2025	21	31/08/2025	17	HAE	23,8	0	11,1	0	45,0	0	2,0	0	320,0	0	1004,71	5.k=1.moyenne	1328,5	ERA5
1066534	31/08/2025	22	31/08/2025	18	HAE	23,4	0	12,3	0	50,0	0	5,0	0	230,0	0	1004,92	5.k=1.moyenne	910,3	ERA5
1066535	31/08/2025	23	31/08/2025	19	HAE	21,2	0	15,2	0	69,0	0	3,0	0	190,0	0	1005,32	5.k=1.moyenne	409,2	ERA5
1066536	01/09/2025	00	31/08/2025	20	HAE	18,3	0	14,2	0	77,0	0	2,0	0	160,0	0	1005,84	5.k=1.moyenne	29,9	ERA5
1066537	01/09/2025	01	31/08/2025	21	HAE	16,4	0	13,3	0	82,0	0	2,0	0	170,0	0	1006,34	5.k=1.moyenne	0,0	ERA5
1066538	01/09/2025	02	31/08/2025	22	HAE	14,1	0	13,2	0	94,0	0	4,0	0	180,0	0	1006,59	5.k=1.moyenne	0,0	ERA5
1066539	01/09/2025	03	31/08/2025	23	HAE	13,7	0	12,4	0	92,0	0	4,0	0	190,0	0	1006,76	5.k=1.moyenne	0,0	ERA5
1066540	01/09/2025	04	01/09/2025	00	HAE	13,1	0	12,1	0	93,0	0	4,0	0	190,0	0	1006,86	5.k=1.moyenne	0,0	ERA5
1066541	01/09/2025	05	01/09/2025	01	HAE	12,7	0	11,8	0	94,0	0	4,0	0	170,0	0	1007,24	5.k=1.moyenne	0,0	ERA5
1066542	01/09/2025	06	01/09/2025	02	HAE	11,3	0	10,5	0	95,0	0	0,0	0	0,0	0	1007,24	5.k=1.moyenne	0,0	ERA5
1066543	01/09/2025	07	01/09/2025	03	HAE	11,0	0	11,0	0	100,0	0	0,0	0	0,0	0	1007,26	5.k=1.moyenne	0,0	ERA5
1066544	01/09/2025	08	01/09/2025	04	HAE	10,0	0	10,0	0	100,0	0	4,0	0	200,0	0	1007,57	5.k=1.moyenne	0,0	ERA5
1066545	01/09/2025	09	01/09/2025	05	HAE	10,3	0	10,3	0	99,6667	4.lineaire	3,0	0	190,0	0	1007,81	5.k=1.moyenne	0,0	ERA5
1066546	01/09/2025	10	01/09/2025	06	HAE	9,7	0	9,7	0	99,3333	4.lineaire	2,0	0	190,0	0	1008,32	5.k=1.moyenne	0,0	ERA5
1066547	01/09/2025	11	01/09/2025	07	HAE	10,3	0	10,2	0	99,0	0	5,0	0	170,0	0	1008,65	5.k=1.moyenne	48,8	ERA5
1066548	01/09/2025	12	01/09/2025	08	HAE	13,8	0	12,7	0	93,0	0	3,0	0	200,0	0	1009,04	5.k=1.moyenne	339,6	ERA5
1066549	01/09/2025	13	01/09/2025	09	HAE	16,7	0	12,8	0	78,0	0	6,0	0	170,0	0	1009,17	5.k=1.moyenne	768,3	ERA5
1066550	01/09/2025	14	01/09/2025	10	HAE	19,6	0	13,9	0	70,0	0	5,0	0	210,0	0	1009,12	5.k=1.moyenne	1339,2	ERA5
1066551	01/09/2025	15	01/09/2025	11	HAE	21,5	0	14,5	0	64,0	0	5,0	0	160,0	0	1008,9	5.k=1.moyenne	1950,5	ERA5
1066552	01/09/2025	16	01/09/2025	12	HAE	22,6	0	14,0	0	58,0	0	2,0	0	160,0	0	1008,6	5.k=1.moyenne	2694,0	ERA5
1066553	01/09/2025	17	01/09/2025	13	HAE	24,2	0	13,5	0	51,0	0	4,0	0	190,0	0	1007,98	5.k=1.moyenne	2886,2	ERA5
1066554	01/09/2025	18	01/09/2025	14	HAE	25,0	0	12,9	0	47,0	0	4,0	0	100,0	0	1007,63	5.k=1.moyenne	2866,0	ERA5
1066555	01/09/2025	19	01/09/2025	15	HAE	25,6	0	10,6	0	39,0	0	6,0	0	130,0	0	1007,18	5.k=1.moyenne	2628,6	ERA5
1066556	01/09/2025	20	01/09/2025	16	HAE	25,3	0	10,6	0	40,0	0	4,0	0	180,0	0	1006,87	5.k=1.moyenne	2178,6	ERA5
1066557	01/09/2025	21	01/09/2025	17	HAE	24,7	0	12,7	0	47,0	0	5,0	0	170,0	0	1006,59	5.k=1.moyenne	1604,9	ERA5
1066558	01/09/2025	22	01/09/2025	18	HAE	23,7	0	15,9	0	62,0	0	2,0	0	190,0	0	1006,34	5.k=1.moyenne	809,6	ERA5
1066559	01/09/2025	23	01/09/2025	19	HAE	21,4	0	15,9	0	71,0	0	4,0	0	180,0	0	1006,05	5.k=1.moyenne	284,3	ERA5
1066560	02/09/2025	00	01/09/2025	20	HAE	19,1	0	15,2	0	78,0	0	3,0	0	160,0	0	1006,12	5.k=1.moyenne	20,0	ERA5
1066561	02/09/2025	01	01/09/2025	21	HAE	17,0	0	14,5	0	85,0	0	4,0	0	160,0	0	1006,15	5.k=1.moyenne	0,0	ERA5
1066562	02/09/2025	02	01/09/2025	22	HAE	16,3	0	14,2	0	88,0	0	2,0	0	140,0	0	1006,0	5.k=1.moyenne	0,0	ERA5
1066563	02/09/2025	03	01/09/2025	23	HAE	15,5	0	13,1	0	86,0	0	2,0	0	190,0	0	1005,71	5.k=1.moyenne	0,0	ERA5
1066564	02/09/2025	04	02/09/2025	00	HAE	14,2	0	13,6	0	96,0	0	4,0	0	180,0	0	1005,49	5.k=1.moyenne	0,0	ERA5
1066565	02/09/2025	05	02/09/2025	01	HAE	14,6	0	13,8	0	95,0	0	3,0	0	230,0	0	1005,28	5.k=1.moyenne	0,0	ERA5
1066566	02/09/2025	06	02/09/2025	02	HAE	14,2	0	13,5	0	96,0	0	0,0	0	0,0	0	1005,28	5.k=1.moyenne	0,0	ERA5
1066567	02/09/2025	07	02/09/2025	03	HAE	13,6	0	13,2	0	98,0	0	2,0	0	200,0	0	1005,11	5.k=1.moyenne	0,0	ERA5
1066568	02/09/2025	08	02/09/2025	04	HAE	14,3	0	13,8	0	97,0	0	4,0	0	140,0	0	1004,97	5.k=1.moyenne	0,0	ERA5
1066569	02/09/2025	09	02/09/2025	05	HAE	14,5	0	13,6	0	94,0	0	1,0	0	40,0	0	1004,95	5.k=1.moyenne	0,0	ERA5
1066570	02/09/2025	10	02/09/2025	06	HAE	14,6	0	14,1	0	97,0	0	4,0	0	130,0	0	1004,91	5.k=1.moyenne	0,0	ERA5
1066571	02/09/2025	11	02/09/2025	07	HAE	14,6	0	14,4	0	99,0	0	3,0	0	140,0	0	1004,83	5.k=1.moyenne	43,7	ERA5
1066572	02/09/2025	12	02/09/2025	08	HAE	15,7	0	15,3	0	97,0	0	4,0	0	180,0	0	1004,66	5.k=1.moyenne	250,5	ERA5
1066573	02/09/2025	13	02/09/2025	09	HAE	18,8	0	14,7	0	77,0	0	6,0	0	190,0	0	1004,43	5.k=1.moyenne	613,1	ERA5
1066574	02/09/2025	14	02/09/2025	10	HAE	21,5	0	14,1	0	63,0	0	6,0	0	180,0	0	1004,15	5.k=1.moyenne	1294,1	ERA5
1066575	02/09/2025	15	02/09/2025	11	HAE	23,0	0	12,1	0	50,0	0	9,0	0	210,0	0	1003,57	5.k=1.moyenne	1957,9	ERA5
1066576	02/09/2025	16	02/09/2025	12	HAE	24,0	0	11,8	0	47,0	0	5,0	0	290,0	0	1002,87	5.k=1.moyenne	2387,9	ERA5
1066577	02/09/2025	17	02/09/2025	13	HAE	24,4	0	10,6	0	42,0	0	2,0	0	80,0	0	1002,22	5.k=1.moyenne	2477,8	ERA5
1066578	02/09/2025	18	02/09/2025	14	HAE	25,5	0	10,9	0	40,0	0	2,0	0	40,0	0	1001,62	5.k=1.moyenne	2257,7	ERA5
1066579	02/09/2025	19	02/09/2025	15	HAE	25,7	0	10,9	0	40,0	0	4,0	0	270,0	0	1000,94	5.k=1.moyenne	2058,4	ERA5
1066580	02/09/2025	20	02/09/2025	16	HAE	26,2	0	12,5	0	43,0	0	5,0	0	210,0	0	1000,44	5.k=1.moyenne	1765,2	ERA5
1066581	02/09/2025	21	02/09/2025	17	HAE	25,0	0	13,3	0	48,0	0	2,0	0	300,0	0	999,805	5.k=1.moyenne	1406,6	ERA5
1066582	02/09/2025	22	02/09/2025	18	HAE	21,6	0	14,2	0	63,0	0	5,0	0	280,0	0	999,452	5.k=1.moyenne	832,3	ERA5
1066583	02/09/2025	23	02/09/2025	19	HAE	20,0	0	14,4	0	70,0	0	1,0	0	90,0	0	999,345	5.k=1.moyenne	360,5	ERA5
1066584	03/09/2025	00	02/09/2025	20	HAE	17,4	0	15,1	0	87,0	0	3,0	0	180,0	0	999,156	5.k=1.moyenne	19,8	ERA5
1066585	03/09/2025	01	02/09/2025	21	HAE	16,4	0	14,1	0	86,0	0	3,0	0	170,0	0	998,948	5.k=1.moyenne	0,0	ERA5
1066586	03/09/2025	02	02/09/2025	22	HAE	15,9	0	14,1	0	89,0	0	5,0	0	140,0	0	998,658	5.k=1.moyenne	0,0	ERA5
1066587	03/09/2025	03	02/09/2025	23	HAE	14,8	0	14,2	0	96,0	0	7,0	0	180,0	0	998,266	5.k=1.moyenne	0,0	ERA5
1066588	03/09/2025	04	03/09/2025	00	HAE	14,3	0	13,2	0	93,0	0	5,0	0	190,0	0	997,936	5.k=1.moyenne	0,0	ERA5
1066589	03/09/2025	05	03/09/2025	01	HAE	15,3	0	13,7	0	91,0	0	2,0	0	330,0	0	997,749	5.k=1.moyenne	0,0	ERA5
1066590	03/09/2025	06	03/09/2025	02	HAE	14,2	0	13,4	0	95,0	0	2,0	0	180,0	0	997,749	5.k=1.moyenne	0,0	ERA5
1066591	03/09/2025	07	03/09/2025	03	HAE	13,2	0	12,5	0	96,0	0	3,0	0	140,0	0	997,494	5.k=1.moyenne	0,0	ERA5
1066592	03/09/2025	08	03/09/2025	04	HAE	12,8	0	12,6	0	99,0	0	6,0	0	160,0	0	997,623	5.k=1.moyenne	0,0	ERA5
1066593	03/09/2025	09	03/09/2025	05	HAE	12,5	0	12,5	0	98,3333	4.lineaire	0,0	0	0,0	0	997,453	5.k=1.moyenne	0,0	ERA5
1066594	03/09/2025	10	03/09/2025	06	HAE	12,4	0	12,4	0	97,6667	4.lineaire	5,0	0	170,0	0	997,348	5.k=1.moyenne	0,0	ERA5
1066595	03/09/2025	11	03/09/2025	07	HAE	12,2	0	11,8	0	97,0	0	5,0	0	180,0	0	997,327	5.k=1.moyenne	63,3	ERA5
1066596	03/09/2025	12	03/09/2025	08	HAE	15,5	0	14,8	0	95,0	0	5,0	0	170,0	0	997,036	5.k=1.moyenne	491,8	ERA5
1066597	03/09/2025	13	03/09/2025	09	HAE	18,3	0	15,3	0	82,0	0	10,0	0	180,0	0	996,914	5.k=1.moyenne	1087,7	ERA5
1066598	03/09/2025	14	03/09/2025	10	HAE	20,6	0	14,7	0	69,0	0	10,0	0	190,0	0	996,645	5.k=1.moyenne	1783,2	ERA5
1066599	03/09/2025	15	03/09/2025	11	HAE	22,6	0	14,1	0	58,0	0	8,0	0	230,0	0	996,1	5.k=1.moyenne	2163,3	ERA5
1066600	03/09/2025	16	03/09/2025	12	HAE	23,5	0	13,5	0	53,0	0	5,0	0	180,0	0	995,428	5.k=1.moyenne	2607,6	ERA5
1066601	03/09/2025	17	03/09/2025	13	HAE	24,4	0	12,7	0	48,0	0	5,0	0	200,0	0	994,737	5.k=1.moyenne	2799,7	ERA5
1066602	03/09/2025	18	03/09/2025	14	HAE	25,4	0	11,8	0	43,0	0	10,0	0	160,0	0	994,025	5.k=1.moyenne	2697,6	ERA5
1066603	03/09/2025	19	03/09/2025	15	HAE	25,9	0	11,9	0	42,0	0	2,0	0	160,0	0	993,292	5.k=1.moyenne	2577,2	ERA5
1066604	03/09/2025	20	03/09/2025	16	HAE	26,3	0	11,6	0	40,0	0	12,0	0	190,0	0	993,301	5.k=1.moyenne	2069,3	ERA5
1066605	03/09/2025	21	03/09/2025	17	HAE	25,8	0	11,1	0	40,0	0	11,0	0	190,0	0	992,897	5.k=1.moyenne	1286,2	ERA5
1066606	03/09/2025	22	03/09/2025	18	HAE	24,9	0	12,2	0	45,0	0	8,0	0	180,0	0	992,744	5.k=1.moyenne	956,8	ERA5
1066607	03/09/2025	23	03/09/2025	19	HAE	23,0	0	12,3	0	51,0	0	2,0	0	100,0	0	992,613	5.k=1.moyenne	363,7	ERA5
1066608	04/09/2025	00	03/09/2025	20	HAE	19,9	0	12,9	0	64,0	0	2,0	0	90,0	0	992,794	5.k=1.moyenne	18,4	ERA5
1066609	04/09/2025	01	03/09/2025	21	HAE	19,9	0	11,6	0	59,0	0	8,0	0	140,0	0	992,831	5.k=1.moyenne	0,0	ERA5
1066610	04/09/2025	02	03/09/2025	22	HAE	16,7	0	12,3	0	75,0	0	7,0	0	150,0	0	992,721	5.k=1.moyenne	0,0	ERA5
1066611	04/09/2025	03	03/09/2025	23	HAE	14,9	0	12,1	0	83,0	0	8,0	0	140,0	0	992,654	5.k=1.moyenne	0,0	ERA5
1066612	04/09/2025	04	04/09/2025	00	HAE	14,2	0	12,2	0	88,0	0	6,0	0	180,0	0	992,4	5.k=1.moyenne	0,0	ERA5
1066613	04/09/2025	05	04/09/2025	01	HAE	13,8	0	12,2	0	90,0	0	9,0	0	160,0	0	992,334	5.k=1.moyenne	0,0	ERA5
1066614	04/09/2025	06	04/09/2025	02	HAE	15,7	0	12,7	0	83,0	0	11,0	0	150,0	0	992,334	5.k=1.moyenne	0,0	ERA5
1066615	04/09/2025	07	04/09/2025	03	HAE	14,4	0	12,1	0	86,0	0	5,0	0	170,0	0	992,184	5.k=1.moyenne	0,0	ERA5
1066616	04/09/2025	08	04/09/2025	04	HAE	15,3	0	12,2	0	81,0	0	10,0	0	160,0	0	992,204	5.k=1.moyenne	0,0	ERA5
1066617	04/09/2025	09	04/09/2025	05	HAE	15,9	0	11,6	0	76,0	0	14,0	0	150,0	0	992,16	5.k=1.moyenne	0,0	ERA5
1066618	04/09/2025	10	04/09/2025	06	HAE	15,2	0	12,0	0	81,0	0	12,0	0	160,0	0	992,202	5.k=1.moyenne	0,0	ERA5
1066619	04/09/2025	11	04/09/2025	07	HAE	16,0	0	12,7	0	81,0	0	12,0	0	160,0	0	992,343	5.k=1.moyenne	65,2	ERA5
1066620	04/09/2025	12	04/09/2025	08	HAE	18,3	0	13,7	0	74,0	0	19,0	0	150,0	0	992,488	5.k=1.moyenne	537,7	ERA5
1066621	04/09/2025	13	04/09/2025	09	HAE	20,2	0	14,0	0	68,0	0	24,0	0	160,0	0	992,571	5.k=1.moyenne	1172,4	ERA5
1066622	04/09/2025	14	04/09/2025	10	HAE	22,1	0	14,3	0	61,0	0	23,0	0	170,0	0	992,445	5.k=1.moyenne	1786,1	ERA5
1066623	04/09/2025	15	04/09/2025	11	HAE	23,0	0	13,3	0	54,0	0	29,0	0	170,0	0	992,132	5.k=1.moyenne	2304,3	ERA5
1066624	04/09/2025	16	04/09/2025	12	HAE	24,4	0	13,2	0	50,0	0	33,0	0	170,0	0	991,59	5.k=1.moyenne	2643,6	ERA5
1066625	04/09/2025	17	04/09/2025	13	HAE	25,8	0	12,7	0	44,0	0	37,0	0	160,0	0	991,027	5.k=1.moyenne	2754,4	ERA5
1066626	04/09/2025	18	04/09/2025	14	HAE	26,8	0	12,7	0	42,0	0	35,0	0	170,0	0	990,568	5.k=1.moyenne	2671,3	ERA5
1066627	04/09/2025	19	04/09/2025	15	HAE	27,2	0	11,7	0	38,0	0	34,0	0	170,0	0	990,151	5.k=1.moyenne	2205,6	ERA5
1066628	04/09/2025	20	04/09/2025	16	HAE	27,8	0	11,6	0	37,0	0	33,0	0	180,0	0	989,775	5.k=1.moyenne	1600,7	ERA5
1066629	04/09/2025	21	04/09/2025	17	HAE	26,7	0	11,5	0	39,0	0	38,0	0	170,0	0	989,879	5.k=1.moyenne	1222,6	ERA5
1066630	04/09/2025	22	04/09/2025	18	HAE	21,4	0	15,0	0	67,0	0	22,0	0	270,0	0	990,254	5.k=1.moyenne	625,0	ERA5
1066631	04/09/2025	23	04/09/2025	19	HAE	18,1	0	17,3	0	95,0	0	9,0	0	250,0	0	990,545	5.k=1.moyenne	103,6	ERA5
1066632	05/09/2025	00	04/09/2025	20	HAE	17,9	0	17,3	0	96,0	0	6,0	0	240,0	0	991,128	5.k=1.moyenne	2,9	ERA5
1066633	05/09/2025	01	04/09/2025	21	HAE	17,7	0	17,5	0	98,0	0	4,0	0	230,0	0	991,503	5.k=1.moyenne	0,0	ERA5
1066634	05/09/2025	02	04/09/2025	22	HAE	17,5	0	17,4	0	99,0	0	11,0	0	200,0	0	991,773	5.k=1.moyenne	0,0	ERA5
1066635	05/09/2025	03	04/09/2025	23	HAE	17,5	0	17,4	0	100,0	0	8,0	0	210,0	0	992,127	5.k=1.moyenne	0,0	ERA5
1066636	05/09/2025	04	05/09/2025	00	HAE	17,4	0	16,9	0	97,0	0	13,0	0	230,0	0	992,294	5.k=1.moyenne	0,0	ERA5
1066637	05/09/2025	05	05/09/2025	01	HAE	15,0	0	14,0	0	93,0	0	8,0	0	260,0	0	992,627	5.k=1.moyenne	0,0	ERA5
1066638	05/09/2025	06	05/09/2025	02	HAE	14,4	0	13,2	0	93,0	0	7,0	0	240,0	0	992,627	5.k=1.moyenne	0,0	ERA5
1066639	05/09/2025	07	05/09/2025	03	HAE	14,1	0	11,8	0	86,0	0	9,0	0	250,0	0	992,838	5.k=1.moyenne	0,0	ERA5
1066640	05/09/2025	08	05/09/2025	04	HAE	13,3	0	10,8	0	85,0	0	6,0	0	260,0	0	993,094	5.k=1.moyenne	0,0	ERA5
1066641	05/09/2025	09	05/09/2025	05	HAE	11,7	0	10,1	0	90,0	0	5,0	0	240,0	0	993,501	5.k=1.moyenne	0,0	ERA5
1066642	05/09/2025	10	05/09/2025	06	HAE	10,3	0	9,8	0	97,0	0	9,0	0	160,0	0	993,864	5.k=1.moyenne	0,0	ERA5
1066643	05/09/2025	11	05/09/2025	07	HAE	10,8	0	10,2	0	96,0	0	3,0	0	140,0	0	994,153	5.k=1.moyenne	61,0	ERA5
1066644	05/09/2025	12	05/09/2025	08	HAE	13,2	0	11,7	0	91,0	0	6,0	0	160,0	0	994,346	5.k=1.moyenne	535,0	ERA5
1066645	05/09/2025	13	05/09/2025	09	HAE	15,3	0	10,8	0	75,0	0	8,0	0	160,0	0	994,461	5.k=1.moyenne	1114,7	ERA5
1066646	05/09/2025	14	05/09/2025	10	HAE	17,0	0	10,8	0	67,0	0	13,0	0	150,0	0	994,388	5.k=1.moyenne	1724,1	ERA5
1066647	05/09/2025	15	05/09/2025	11	HAE	18,7	0	12,0	0	65,0	0	10,0	0	150,0	0	994,064	5.k=1.moyenne	2260,7	ERA5
1066648	05/09/2025	16	05/09/2025	12	HAE	19,8	0	12,1	0	61,0	0	14,0	0	160,0	0	993,802	5.k=1.moyenne	2304,7	ERA5
1066649	05/09/2025	17	05/09/2025	13	HAE	21,2	0	13,1	0	60,0	0	18,0	0	200,0	0	993,122	5.k=1.moyenne	1993,5	ERA5
1066650	05/09/2025	18	05/09/2025	14	HAE	22,1	0	12,6	0	55,0	0	20,0	0	190,0	0	992,588	5.k=1.moyenne	2306,2	ERA5
1066651	05/09/2025	19	05/09/2025	15	HAE	22,8	0	12,9	0	53,0	0	23,0	0	180,0	0	992,011	5.k=1.moyenne	2112,4	ERA5
1066652	05/09/2025	20	05/09/2025	16	HAE	23,6	0	13,3	0	52,0	0	19,0	0	190,0	0	991,487	5.k=1.moyenne	1798,5	ERA5
1066653	05/09/2025	21	05/09/2025	17	HAE	23,8	0	13,0	0	51,0	0	24,0	0	180,0	0	991,024	5.k=1.moyenne	914,2	ERA5
1066654	05/09/2025	22	05/09/2025	18	HAE	22,7	0	14,3	0	59,0	0	19,0	0	180,0	0	990,944	5.k=1.moyenne	545,8	ERA5
1066655	05/09/2025	23	05/09/2025	19	HAE	21,7	0	15,0	0	65,0	0	13,0	0	180,0	0	990,821	5.k=1.moyenne	250,2	ERA5
1066656	06/09/2025	00	05/09/2025	20	HAE	21,4	0	15,2	0	68,0	0	13,0	0	190,0	0	990,847	5.k=1.moyenne	10,9	ERA5
1066657	06/09/2025	01	05/09/2025	21	HAE	20,2	0	14,8	0	71,0	0	10,0	0	190,0	0	991,021	5.k=1.moyenne	0,0	ERA5
1066658	06/09/2025	02	05/09/2025	22	HAE	20,5	0	15,2	0	72,0	0	15,0	0	190,0	0	991,024	5.k=1.moyenne	0,0	ERA5
1066659	06/09/2025	03	05/09/2025	23	HAE	19,9	0	15,3	0	75,0	0	10,0	0	200,0	0	991,134	5.k=1.moyenne	0,0	ERA5
1066660	06/09/2025	04	06/09/2025	00	HAE	17,0	0	15,0	0	88,0	0	18,0	0	240,0	0	991,201	5.k=1.moyenne	0,0	ERA5
1066661	06/09/2025	05	06/09/2025	01	HAE	16,4	0	14,6	0	89,0	0	10,0	0	260,0	0	991,651	5.k=1.moyenne	0,0	ERA5
1066662	06/09/2025	06	06/09/2025	02	HAE	14,9	0	13,8	0	93,0	0	7,0	0	210,0	0	991,651	5.k=1.moyenne	0,0	ERA5
1066663	06/09/2025	07	06/09/2025	03	HAE	14,6	0	10,8	0	78,0	0	10,0	0	270,0	0	991,987	5.k=1.moyenne	0,0	ERA5
1066664	06/09/2025	08	06/09/2025	04	HAE	12,8	0	11,2	0	90,0	0	9,0	0	220,0	0	992,406	5.k=1.moyenne	0,0	ERA5
1066665	06/09/2025	09	06/09/2025	05	HAE	12,5	0	11,2	0	92,0	0	3,0	0	250,0	0	992,888	5.k=1.moyenne	0,0	ERA5
1066666	06/09/2025	10	06/09/2025	06	HAE	12,2	0	11,7	0	96,0	0	2,0	0	190,0	0	993,433	5.k=1.moyenne	0,0	ERA5
1066667	06/09/2025	11	06/09/2025	07	HAE	12,9	0	11,9	0	94,0	0	1,0	0	160,0	0	993,828	5.k=1.moyenne	42,1	ERA5
1066668	06/09/2025	12	06/09/2025	08	HAE	13,4	0	12,7	0	95,0	0	4,0	0	160,0	0	994,2	5.k=1.moyenne	159,6	ERA5
1066669	06/09/2025	13	06/09/2025	09	HAE	14,0	0	12,8	0	93,0	0	5,0	0	200,0	0	994,7	5.k=1.moyenne	181,5	ERA5
1066670	06/09/2025	14	06/09/2025	10	HAE	14,3	0	12,1	0	87,0	0	9,0	0	200,0	0	995,028	5.k=1.moyenne	258,4	ERA5
1066671	06/09/2025	15	06/09/2025	11	HAE	14,5	0	12,4	0	87,0	0	11,0	0	190,0	0	995,185	5.k=1.moyenne	356,0	ERA5
1066672	06/09/2025	16	06/09/2025	12	HAE	14,5	0	12,5	0	88,0	0	12,0	0	180,0	0	995,235	5.k=1.moyenne	326,8	ERA5
1066673	06/09/2025	17	06/09/2025	13	HAE	14,7	0	13,4	0	92,0	0	12,0	0	180,0	0	995,264	5.k=1.moyenne	358,1	ERA5
1066674	06/09/2025	18	06/09/2025	14	HAE	14,7	0	13,3	0	92,0	0	12,0	0	180,0	0	995,504	5.k=1.moyenne	210,0	ERA5
1066675	06/09/2025	19	06/09/2025	15	HAE	14,2	0	13,3	0	94,0	0	11,0	0	190,0	0	995,382	5.k=1.moyenne	305,3	ERA5
1066676	06/09/2025	20	06/09/2025	16	HAE	14,4	0	13,2	0	92,0	0	9,0	0	180,0	0	995,494	5.k=1.moyenne	299,7	ERA5
1066677	06/09/2025	21	06/09/2025	17	HAE	15,9	0	14,5	0	92,0	0	8,0	0	160,0	0	995,584	5.k=1.moyenne	481,7	ERA5
1066678	06/09/2025	22	06/09/2025	18	HAE	15,9	0	14,3	0	90,0	0	7,0	0	140,0	0	995,801	5.k=1.moyenne	622,9	ERA5
1066679	06/09/2025	23	06/09/2025	19	HAE	14,7	0	13,9	0	95,0	0	6,0	0	190,0	0	996,125	5.k=1.moyenne	237,3	ERA5
1066680	07/09/2025	00	06/09/2025	20	HAE	13,5	0	13,3	0	98,0	0	7,0	0	170,0	0	996,448	5.k=1.moyenne	8,2	ERA5
1066681	07/09/2025	01	06/09/2025	21	HAE	12,7	0	12,6	0	99,0	0	5,0	0	150,0	0	996,791	5.k=1.moyenne	0,0	ERA5
1066682	07/09/2025	02	06/09/2025	22	HAE	11,3	0	11,2	0	99,0	0	6,0	0	190,0	0	997,007	5.k=1.moyenne	0,0	ERA5
1066683	07/09/2025	03	06/09/2025	23	HAE	11,1	0	11,1	0	100,0	0	6,0	0	180,0	0	997,117	5.k=1.moyenne	0,0	ERA5
1066684	07/09/2025	04	07/09/2025	00	HAE	10,6	0	10,6	0	100,0	0	7,0	0	170,0	0	997,311	5.k=1.moyenne	0,0	ERA5
1066685	07/09/2025	05	07/09/2025	01	HAE	9,5	0	9,5	0	100,0	0	5,0	0	180,0	0	997,356	5.k=1.moyenne	0,0	ERA5
1066686	07/09/2025	06	07/09/2025	02	HAE	10,1	0	10,1	0	100,0	0	6,0	0	160,0	0	997,356	5.k=1.moyenne	0,0	ERA5
1066687	07/09/2025	07	07/09/2025	03	HAE	9,2	0	8,6	0	96,0	0	7,0	0	170,0	0	997,138	5.k=1.moyenne	0,0	ERA5
1066688	07/09/2025	08	07/09/2025	04	HAE	9,0	0	8,8	0	99,0	0	4,0	0	180,0	0	997,091	5.k=1.moyenne	0,0	ERA5
1066689	07/09/2025	09	07/09/2025	05	HAE	9,6	0	9,4	0	99,0	0	7,0	0	170,0	0	997,236	5.k=1.moyenne	0,0	ERA5
1066690	07/09/2025	10	07/09/2025	06	HAE	9,7	0	9,4	0	98,0	0	4,0	0	170,0	0	997,424	5.k=1.moyenne	0,0	ERA5
1066691	07/09/2025	11	07/09/2025	07	HAE	10,1	0	9,5	0	96,0	0	6,0	0	160,0	0	997,804	5.k=1.moyenne	34,4	ERA5
1066692	07/09/2025	12	07/09/2025	08	HAE	12,0	0	11,0	0	94,0	0	5,0	0	190,0	0	998,098	5.k=1.moyenne	280,0	ERA5
1066693	07/09/2025	13	07/09/2025	09	HAE	13,9	0	12,5	0	91,0	0	7,0	0	180,0	0	998,138	5.k=1.moyenne	659,9	ERA5
1066694	07/09/2025	14	07/09/2025	10	HAE	15,0	0	12,2	0	83,0	0	10,0	0	200,0	0	998,157	5.k=1.moyenne	1092,0	ERA5
1066695	07/09/2025	15	07/09/2025	11	HAE	17,4	0	12,0	0	70,0	0	15,0	0	200,0	0	998,09	5.k=1.moyenne	1719,2	ERA5
1066696	07/09/2025	16	07/09/2025	12	HAE	18,2	0	11,6	0	65,0	0	9,0	0	210,0	0	997,726	5.k=1.moyenne	2087,5	ERA5
1066697	07/09/2025	17	07/09/2025	13	HAE	18,9	0	11,6	0	62,0	0	8,0	0	220,0	0	997,363	5.k=1.moyenne	2436,9	ERA5
1066698	07/09/2025	18	07/09/2025	14	HAE	15,7	0	11,7	0	77,0	0	16,0	0	270,0	0	997,084	5.k=1.moyenne	1450,4	ERA5
1066699	07/09/2025	19	07/09/2025	15	HAE	15,6	0	10,5	0	71,0	0	12,0	0	240,0	0	996,891	5.k=1.moyenne	1411,2	ERA5
1066700	07/09/2025	20	07/09/2025	16	HAE	17,8	0	11,9	0	69,0	0	13,0	0	230,0	0	996,975	5.k=1.moyenne	1386,3	ERA5
1066701	07/09/2025	21	07/09/2025	17	HAE	16,5	0	9,9	0	65,0	0	11,0	0	260,0	0	997,058	5.k=1.moyenne	1055,0	ERA5
1066702	07/09/2025	22	07/09/2025	18	HAE	16,5	0	10,3	0	67,0	0	14,0	0	220,0	0	997,44	5.k=1.moyenne	761,3	ERA5
1066703	07/09/2025	23	07/09/2025	19	HAE	14,9	0	9,8	0	71,0	0	9,0	0	250,0	0	997,715	5.k=1.moyenne	256,5	ERA5
1066704	08/09/2025	00	07/09/2025	20	HAE	13,6	0	10,1	0	79,0	0	6,0	0	260,0	0	998,204	5.k=1.moyenne	7,5	ERA5
1066705	08/09/2025	01	07/09/2025	21	HAE	12,0	0	9,6	0	85,0	0	5,0	0	240,0	0	998,798	5.k=1.moyenne	0,0	ERA5
1066706	08/09/2025	02	07/09/2025	22	HAE	9,5	0	8,8	0	95,0	0	6,0	0	170,0	0	999,138	5.k=1.moyenne	0,0	ERA5
1066707	08/09/2025	03	07/09/2025	23	HAE	8,5	0	8,3	0	98,0	0	5,0	0	180,0	0	999,371	5.k=1.moyenne	0,0	ERA5
1066708	08/09/2025	04	08/09/2025	00	HAE	9,1	0	8,8	0	98,0	0	6,0	0	190,0	0	999,626	5.k=1.moyenne	0,0	ERA5
1066709	08/09/2025	05	08/09/2025	01	HAE	9,1	0	8,7	0	97,0	0	6,0	0	180,0	0	999,923	5.k=1.moyenne	0,0	ERA5
1066710	08/09/2025	06	08/09/2025	02	HAE	10,9	0	9,6	0	92,0	0	6,0	0	230,0	0	999,923	5.k=1.moyenne	0,0	ERA5
1066711	08/09/2025	07	08/09/2025	03	HAE	9,4	0	8,5	0	94,0	0	7,0	0	220,0	0	1000,18	5.k=1.moyenne	0,0	ERA5
1066712	08/09/2025	08	08/09/2025	04	HAE	10,3	0	8,5	0	88,0	0	8,0	0	250,0	0	1000,6	5.k=1.moyenne	0,0	ERA5
1066713	08/09/2025	09	08/09/2025	05	HAE	10,1	0	7,7	0	85,0	0	6,0	0	260,0	0	1001,24	5.k=1.moyenne	0,0	ERA5
1066714	08/09/2025	10	08/09/2025	06	HAE	9,4	0	7,6	0	89,0	0	9,0	0	250,0	0	1001,91	5.k=1.moyenne	0,0	ERA5
1066715	08/09/2025	11	08/09/2025	07	HAE	9,1	0	7,8	0	92,0	0	6,0	0	230,0	0	1002,63	5.k=1.moyenne	47,8	ERA5
1066716	08/09/2025	12	08/09/2025	08	HAE	10,9	0	9,1	0	89,0	0	7,0	0	250,0	0	1003,31	5.k=1.moyenne	492,3	ERA5
1066717	08/09/2025	13	08/09/2025	09	HAE	12,7	0	9,5	0	81,0	0	9,0	0	240,0	0	1003,74	5.k=1.moyenne	1144,0	ERA5
1066718	08/09/2025	14	08/09/2025	10	HAE	14,2	0	10,4	0	78,0	0	7,0	0	250,0	0	1004,11	5.k=1.moyenne	1777,7	ERA5
1066719	08/09/2025	15	08/09/2025	11	HAE	15,2	0	9,0	0	67,0	0	8,0	0	260,0	0	1004,37	5.k=1.moyenne	2310,5	ERA5
1066720	08/09/2025	16	08/09/2025	12	HAE	16,9	0	8,8	0	59,0	0	14,0	0	250,0	0	1004,63	5.k=1.moyenne	2517,6	ERA5
1066721	08/09/2025	17	08/09/2025	13	HAE	17,6	0	6,8	0	49,0	0	12,0	0	260,0	0	1004,82	5.k=1.moyenne	2438,0	ERA5
1066722	08/09/2025	18	08/09/2025	14	HAE	18,3	0	5,5	0	43,0	0	15,0	0	250,0	0	1004,98	5.k=1.moyenne	2444,6	ERA5
1066723	08/09/2025	19	08/09/2025	15	HAE	18,8	0	6,0	0	43,0	0	13,0	0	230,0	0	1004,94	5.k=1.moyenne	1721,1	ERA5
1066724	08/09/2025	20	08/09/2025	16	HAE	18,9	0	5,9	0	42,0	0	13,0	0	260,0	0	1004,97	5.k=1.moyenne	1361,3	ERA5
1066725	08/09/2025	21	08/09/2025	17	HAE	19,0	0	6,4	0	44,0	0	9,0	0	270,0	0	1005,25	5.k=1.moyenne	1270,6	ERA5
1066726	08/09/2025	22	08/09/2025	18	HAE	18,3	0	6,7	0	47,0	0	6,0	0	270,0	0	1005,75	5.k=1.moyenne	820,6	ERA5
1066727	08/09/2025	23	08/09/2025	19	HAE	16,5	0	7,1	0	54,0	0	3,0	0	290,0	0	1006,09	5.k=1.moyenne	295,8	ERA5
1066728	09/09/2025	00	08/09/2025	20	HAE	14,5	0	7,2	0	61,0	0	2,0	0	270,0	0	1006,72	5.k=1.moyenne	5,7	ERA5
1066729	09/09/2025	01	08/09/2025	21	HAE	10,1	0	7,9	0	86,0	0	5,0	0	150,0	0	1007,29	5.k=1.moyenne	0,0	ERA5
1066730	09/09/2025	02	08/09/2025	22	HAE	10,0	0	7,8	0	87,0	0	3,0	0	180,0	0	1007,69	5.k=1.moyenne	0,0	ERA5
1066731	09/09/2025	03	08/09/2025	23	HAE	9,5	0	7,0	0	84,0	0	5,0	0	230,0	0	1007,98	5.k=1.moyenne	0,0	ERA5
1066732	09/09/2025	04	09/09/2025	00	HAE	7,9	0	7,2	0	95,0	0	4,0	0	190,0	0	1008,21	5.k=1.moyenne	0,0	ERA5
1066733	09/09/2025	05	09/09/2025	01	HAE	8,8	0	7,6	0	92,0	0	3,0	0	260,0	0	1008,78	5.k=1.moyenne	0,0	ERA5
1066734	09/09/2025	06	09/09/2025	02	HAE	7,8	0	7,2	0	96,0	0	2,0	0	190,0	0	1008,78	5.k=1.moyenne	0,0	ERA5
1066735	09/09/2025	07	09/09/2025	03	HAE	7,2	0	6,9	0	98,0	0	2,0	0	180,0	0	1008,96	5.k=1.moyenne	0,0	ERA5
1066736	09/09/2025	08	09/09/2025	04	HAE	6,5	0	6,3	0	99,0	0	3,0	0	170,0	0	1009,1	5.k=1.moyenne	0,0	ERA5
1066737	09/09/2025	09	09/09/2025	05	HAE	6,0	0	5,9	0	99,0	0	2,0	0	160,0	0	1009,44	5.k=1.moyenne	0,0	ERA5
1066738	09/09/2025	10	09/09/2025	06	HAE	5,5	0	5,5	0	100,0	0	3,0	0	170,0	0	1009,65	5.k=1.moyenne	0,0	ERA5
1066739	09/09/2025	11	09/09/2025	07	HAE	5,7	0	5,7	0	100,0	0	3,0	0	190,0	0	1010,12	5.k=1.moyenne	30,5	ERA5
1066740	09/09/2025	12	09/09/2025	08	HAE	8,5	0	8,2	0	98,0	0	2,0	0	180,0	0	1010,42	5.k=1.moyenne	325,6	ERA5
1066741	09/09/2025	13	09/09/2025	09	HAE	11,5	0	9,9	0	89,0	0	5,0	0	180,0	0	1010,52	5.k=1.moyenne	725,7	ERA5
1066742	09/09/2025	14	09/09/2025	10	HAE	14,9	0	11,4	0	80,0	0	7,0	0	210,0	0	1010,55	5.k=1.moyenne	1374,8	ERA5
1066743	09/09/2025	15	09/09/2025	11	HAE	17,1	0	10,5	0	65,0	0	7,0	0	170,0	0	1010,58	5.k=1.moyenne	2254,3	ERA5
1066744	09/09/2025	16	09/09/2025	12	HAE	18,4	0	9,7	0	57,0	0	7,0	0	160,0	0	1010,37	5.k=1.moyenne	2621,2	ERA5
1066745	09/09/2025	17	09/09/2025	13	HAE	19,5	0	9,7	0	53,0	0	5,0	0	190,0	0	1009,96	5.k=1.moyenne	2793,1	ERA5
1066746	09/09/2025	18	09/09/2025	14	HAE	20,3	0	9,3	0	49,0	0	5,0	0	240,0	0	1009,5	5.k=1.moyenne	2769,2	ERA5
1066747	09/09/2025	19	09/09/2025	15	HAE	20,8	0	9,0	0	46,0	0	2,0	0	320,0	0	1009,05	5.k=1.moyenne	2540,9	ERA5
1066748	09/09/2025	20	09/09/2025	16	HAE	20,7	0	8,2	0	45,0	0	1,0	0	330,0	0	1008,62	5.k=1.moyenne	2055,6	ERA5
1066749	09/09/2025	21	09/09/2025	17	HAE	21,0	0	9,8	0	49,0	0	9,0	0	150,0	0	1008,38	5.k=1.moyenne	1558,0	ERA5
1066750	09/09/2025	22	09/09/2025	18	HAE	20,0	0	11,6	0	58,0	0	4,0	0	170,0	0	1008,41	5.k=1.moyenne	919,3	ERA5
1066751	09/09/2025	23	09/09/2025	19	HAE	17,4	0	12,4	0	72,0	0	0,0	0	0,0	0	1008,35	5.k=1.moyenne	299,5	ERA5
1066752	10/09/2025	00	09/09/2025	20	HAE	14,6	0	12,3	0	86,0	0	1,0	0	80,0	0	1008,49	5.k=1.moyenne	4,0	ERA5
1066753	10/09/2025	01	09/09/2025	21	HAE	12,9	0	11,6	0	92,0	0	2,0	0	40,0	0	1008,37	5.k=1.moyenne	0,0	ERA5
1066754	10/09/2025	02	09/09/2025	22	HAE	11,9	0	10,9	0	94,0	0	0,0	0	0,0	0	1008,25	5.k=1.moyenne	0,0	ERA5
1066755	10/09/2025	03	09/09/2025	23	HAE	10,6	0	10,1	0	97,0	0	0,0	0	0,0	0	1008,23	5.k=1.moyenne	0,0	ERA5
1066756	10/09/2025	04	10/09/2025	00	HAE	10,0	0	9,8	0	99,0	0	1,0	0	160,0	0	1008,22	5.k=1.moyenne	0,0	ERA5
1066757	10/09/2025	05	10/09/2025	01	HAE	9,5	0	9,3	0	99,0	0	3,0	0	220,0	0	1008,28	5.k=1.moyenne	0,0	ERA5
1066758	10/09/2025	06	10/09/2025	02	HAE	9,6	0	9,4	0	99,0	0	8,0	0	150,0	0	1008,28	5.k=1.moyenne	0,0	ERA5
1066759	10/09/2025	07	10/09/2025	03	HAE	8,7	0	8,5	0	99,0	0	5,0	0	170,0	0	1008,17	5.k=1.moyenne	0,0	ERA5
1066760	10/09/2025	08	10/09/2025	04	HAE	9,0	0	9,0	0	100,0	0	10,0	0	160,0	0	1007,98	5.k=1.moyenne	0,0	ERA5
1066761	10/09/2025	09	10/09/2025	05	HAE	9,8	0	9,7	0	100,0	0	8,0	0	170,0	0	1007,96	5.k=1.moyenne	0,0	ERA5
1066762	10/09/2025	10	10/09/2025	06	HAE	10,1	0	9,7	0	97,0	0	9,0	0	160,0	0	1007,92	5.k=1.moyenne	0,0	ERA5
1066763	10/09/2025	11	10/09/2025	07	HAE	9,7	0	9,4	0	98,0	0	7,0	0	170,0	0	1007,98	5.k=1.moyenne	38,9	ERA5
1066764	10/09/2025	12	10/09/2025	08	HAE	12,7	0	12,1	0	96,0	0	4,0	0	190,0	0	1007,87	5.k=1.moyenne	457,5	ERA5
1066765	10/09/2025	13	10/09/2025	09	HAE	15,5	0	13,1	0	86,0	0	10,0	0	180,0	0	1007,83	5.k=1.moyenne	1052,5	ERA5
1066766	10/09/2025	14	10/09/2025	10	HAE	18,0	0	13,2	0	73,0	0	14,0	0	200,0	0	1007,52	5.k=1.moyenne	1709,1	ERA5
1066767	10/09/2025	15	10/09/2025	11	HAE	20,2	0	12,6	0	62,0	0	10,0	0	170,0	0	1007,2	5.k=1.moyenne	2209,2	ERA5
1066768	10/09/2025	16	10/09/2025	12	HAE	21,1	0	11,4	0	54,0	0	5,0	0	270,0	0	1006,75	5.k=1.moyenne	2596,0	ERA5
1066769	10/09/2025	17	10/09/2025	13	HAE	21,6	0	11,5	0	53,0	0	4,0	0	250,0	0	1006,26	5.k=1.moyenne	2757,2	ERA5
1066770	10/09/2025	18	10/09/2025	14	HAE	22,2	0	10,6	0	48,0	0	3,0	0	170,0	0	1005,88	5.k=1.moyenne	2724,6	ERA5
1066771	10/09/2025	19	10/09/2025	15	HAE	22,9	0	10,8	0	46,0	0	4,0	0	300,0	0	1005,33	5.k=1.moyenne	2446,6	ERA5
1066772	10/09/2025	20	10/09/2025	16	HAE	22,4	0	9,6	0	44,0	0	3,0	0	150,0	0	1004,92	5.k=1.moyenne	2063,3	ERA5
1066773	10/09/2025	21	10/09/2025	17	HAE	23,0	0	10,8	0	46,0	0	3,0	0	280,0	0	1004,65	5.k=1.moyenne	1497,1	ERA5
1066774	10/09/2025	22	10/09/2025	18	HAE	21,8	0	10,9	0	50,0	0	3,0	0	360,0	0	1004,52	5.k=1.moyenne	863,1	ERA5
1066775	10/09/2025	23	10/09/2025	19	HAE	19,4	0	12,2	0	63,0	0	0,0	0	0,0	0	1004,38	5.k=1.moyenne	254,1	ERA5
1066776	11/09/2025	00	10/09/2025	20	HAE	15,5	0	12,6	0	83,0	0	3,0	0	170,0	0	1004,29	5.k=1.moyenne	2,3	ERA5
1066777	11/09/2025	01	10/09/2025	21	HAE	14,2	0	11,7	0	85,0	0	4,0	0	190,0	0	1004,31	5.k=1.moyenne	0,0	ERA5
1066778	11/09/2025	02	10/09/2025	22	HAE	13,4	0	11,6	0	89,0	0	4,0	0	160,0	0	1004,15	5.k=1.moyenne	0,0	ERA5
1066779	11/09/2025	03	10/09/2025	23	HAE	12,2	0	10,9	0	92,0	0	4,0	0	180,0	0	1004,04	5.k=1.moyenne	0,0	ERA5
1066780	11/09/2025	04	11/09/2025	00	HAE	11,4	0	10,8	0	96,0	0	4,0	0	180,0	0	1003,9	5.k=1.moyenne	0,0	ERA5
1066781	11/09/2025	05	11/09/2025	01	HAE	11,2	0	10,6	0	96,0	0	2,0	0	180,0	0	1003,85	5.k=1.moyenne	0,0	ERA5
1066782	11/09/2025	06	11/09/2025	02	HAE	10,4	0	10,1	0	99,0	0	1,0	0	190,0	0	1003,85	5.k=1.moyenne	0,0	ERA5
1066783	11/09/2025	07	11/09/2025	03	HAE	9,6	0	9,2	0	97,0	0	5,0	0	160,0	0	1003,55	5.k=1.moyenne	0,0	ERA5
1066784	11/09/2025	08	11/09/2025	04	HAE	8,7	0	8,6	0	99,0	0	3,0	0	180,0	0	1003,41	5.k=1.moyenne	0,0	ERA5
1066785	11/09/2025	09	11/09/2025	05	HAE	8,5	0	8,4	0	99,0	0	6,0	0	170,0	0	1003,49	5.k=1.moyenne	0,0	ERA5
1066786	11/09/2025	10	11/09/2025	06	HAE	8,5	0	8,4	0	100,0	0	2,0	0	190,0	0	1003,69	5.k=1.moyenne	0,0	ERA5
1066787	11/09/2025	11	11/09/2025	07	HAE	9,9	0	9,9	0	100,0	0	4,0	0	340,0	0	1003,93	5.k=1.moyenne	27,7	ERA5
1066788	11/09/2025	12	11/09/2025	08	HAE	13,6	0	12,5	0	93,0	0	2,0	0	220,0	0	1004,15	5.k=1.moyenne	356,6	ERA5
1066789	11/09/2025	13	11/09/2025	09	HAE	15,7	0	13,5	0	87,0	0	4,0	0	290,0	0	1004,62	5.k=1.moyenne	734,1	ERA5
1066790	11/09/2025	14	11/09/2025	10	HAE	17,9	0	13,1	0	74,0	0	6,0	0	10,0	0	1004,69	5.k=1.moyenne	1114,5	ERA5
1066791	11/09/2025	15	11/09/2025	11	HAE	19,3	0	12,8	0	66,0	0	8,0	0	20,0	0	1004,69	5.k=1.moyenne	1555,0	ERA5
1066792	11/09/2025	16	11/09/2025	12	HAE	20,3	0	12,8	0	62,0	0	8,0	0	340,0	0	1004,57	5.k=1.moyenne	2366,6	ERA5
1066793	11/09/2025	17	11/09/2025	13	HAE	20,8	0	12,2	0	58,0	0	6,0	0	340,0	0	1004,44	5.k=1.moyenne	2246,7	ERA5
1066794	11/09/2025	18	11/09/2025	14	HAE	21,3	0	11,8	0	55,0	0	5,0	0	310,0	0	1004,24	5.k=1.moyenne	1863,6	ERA5
1066795	11/09/2025	19	11/09/2025	15	HAE	21,7	0	10,3	0	48,0	0	4,0	0	310,0	0	1003,94	5.k=1.moyenne	2010,4	ERA5
1066796	11/09/2025	20	11/09/2025	16	HAE	22,5	0	11,4	0	49,0	0	6,0	0	360,0	0	1004,05	5.k=1.moyenne	1680,0	ERA5
1066797	11/09/2025	21	11/09/2025	17	HAE	21,5	0	12,8	0	58,0	0	3,0	0	10,0	0	1004,06	5.k=1.moyenne	1391,7	ERA5
1066798	11/09/2025	22	11/09/2025	18	HAE	20,8	0	11,4	0	55,0	0	3,0	0	50,0	0	1004,09	5.k=1.moyenne	735,5	ERA5
1066799	11/09/2025	23	11/09/2025	19	HAE	19,2	0	11,0	0	59,0	0	6,0	0	30,0	0	1004,28	5.k=1.moyenne	230,4	ERA5
1066800	12/09/2025	00	11/09/2025	20	HAE	17,4	0	8,9	0	57,0	0	7,0	0	40,0	0	1004,6	5.k=1.moyenne	1,3	ERA5
1066801	12/09/2025	01	11/09/2025	21	HAE	14,1	0	9,7	0	75,0	0	4,0	0	20,0	0	1004,89	5.k=1.moyenne	0,0	ERA5
1066802	12/09/2025	02	11/09/2025	22	HAE	12,7	0	8,7	0	76,0	0	4,0	0	20,0	0	1004,96	5.k=1.moyenne	0,0	ERA5
1066803	12/09/2025	03	11/09/2025	23	HAE	11,5	0	8,2	0	80,0	0	1,0	0	20,0	0	1005,13	5.k=1.moyenne	0,0	ERA5
1066804	12/09/2025	04	12/09/2025	00	HAE	10,2	0	9,1	0	92,0	0	0,0	0	0,0	0	1005,18	5.k=1.moyenne	0,0	ERA5
1066805	12/09/2025	05	12/09/2025	01	HAE	9,2	0	8,6	0	96,0	0	1,0	0	50,0	0	1005,22	5.k=1.moyenne	0,0	ERA5
1066806	12/09/2025	06	12/09/2025	02	HAE	8,2	0	7,9	0	98,0	0	1,0	0	20,0	0	1005,22	5.k=1.moyenne	0,0	ERA5
1066807	12/09/2025	07	12/09/2025	03	HAE	7,5	0	7,4	0	99,0	0	0,0	0	0,0	0	1005,33	5.k=1.moyenne	0,0	ERA5
1066808	12/09/2025	08	12/09/2025	04	HAE	7,0	0	7,0	0	100,0	0	1,0	0	10,0	0	1005,48	5.k=1.moyenne	0,0	ERA5
1066809	12/09/2025	09	12/09/2025	05	HAE	6,8	0	6,8	0	100,0	0	3,0	0	360,0	0	1005,86	5.k=1.moyenne	0,0	ERA5
1066810	12/09/2025	10	12/09/2025	06	HAE	6,5	0	6,5	0	100,0	0	3,0	0	10,0	0	1006,35	5.k=1.moyenne	0,0	ERA5
1066811	12/09/2025	11	12/09/2025	07	HAE	6,5	0	6,5	0	100,0	0	3,0	0	10,0	0	1006,81	5.k=1.moyenne	34,1	ERA5
1066812	12/09/2025	12	12/09/2025	08	HAE	9,5	0	9,0	0	97,0	0	3,0	0	40,0	0	1007,06	5.k=1.moyenne	465,6	ERA5
1066813	12/09/2025	13	12/09/2025	09	HAE	12,6	0	8,7	0	77,0	0	5,0	0	50,0	0	1007,21	5.k=1.moyenne	1113,9	ERA5
1066814	12/09/2025	14	12/09/2025	10	HAE	14,5	0	7,8	0	64,0	0	8,0	0	30,0	0	1007,27	5.k=1.moyenne	1742,6	ERA5
1066815	12/09/2025	15	12/09/2025	11	HAE	16,3	0	7,3	0	55,0	0	5,0	0	80,0	0	1007,21	5.k=1.moyenne	2263,2	ERA5
1066816	12/09/2025	16	12/09/2025	12	HAE	17,4	0	5,2	0	44,0	0	4,0	0	30,0	0	1006,95	5.k=1.moyenne	2621,5	ERA5
1066817	12/09/2025	17	12/09/2025	13	HAE	18,9	0	7,1	0	46,0	0	5,0	0	160,0	0	1006,56	5.k=1.moyenne	2790,1	ERA5
1066818	12/09/2025	18	12/09/2025	14	HAE	18,7	0	6,1	0	43,0	0	6,0	0	40,0	0	1006,06	5.k=1.moyenne	2752,0	ERA5
1066819	12/09/2025	19	12/09/2025	15	HAE	19,5	0	6,3	0	42,0	0	4,0	0	280,0	0	1005,71	5.k=1.moyenne	2513,6	ERA5
1066820	12/09/2025	20	12/09/2025	16	HAE	20,2	0	6,9	0	42,0	0	3,0	0	270,0	0	1005,33	5.k=1.moyenne	2098,3	ERA5
1066821	12/09/2025	21	12/09/2025	17	HAE	19,5	0	6,0	0	41,0	0	2,0	0	50,0	0	1005,13	5.k=1.moyenne	1531,6	ERA5
1066822	12/09/2025	22	12/09/2025	18	HAE	18,4	0	8,3	0	52,0	0	2,0	0	40,0	0	1005,02	5.k=1.moyenne	850,7	ERA5
1066823	12/09/2025	23	12/09/2025	19	HAE	15,7	0	10,0	0	69,0	0	0,0	0	100,0	0	1004,75	5.k=1.moyenne	242,8	ERA5
1066824	13/09/2025	00	12/09/2025	20	HAE	13,1	0	9,4	0	78,0	0	1,0	0	150,0	0	1004,69	5.k=1.moyenne	0,8	ERA5
1066825	13/09/2025	01	12/09/2025	21	HAE	11,3	0	8,6	0	84,0	0	2,0	0	200,0	0	1004,65	5.k=1.moyenne	0,0	ERA5
1066826	13/09/2025	02	12/09/2025	22	HAE	10,3	0	8,7	0	90,0	0	1,0	0	50,0	0	1004,49	5.k=1.moyenne	0,0	ERA5
1066827	13/09/2025	03	12/09/2025	23	HAE	8,5	0	7,3	0	92,0	0	3,0	0	140,0	0	1004,26	5.k=1.moyenne	0,0	ERA5
1066828	13/09/2025	04	13/09/2025	00	HAE	10,2	0	8,2	0	87,0	0	3,0	0	180,0	0	1004,22	5.k=1.moyenne	0,0	ERA5
1066829	13/09/2025	05	13/09/2025	01	HAE	9,6	0	8,4	0	92,0	0	1,0	0	170,0	0	1004,09	5.k=1.moyenne	0,0	ERA5
1066830	13/09/2025	06	13/09/2025	02	HAE	9,4	0	8,6	0	95,0	0	2,0	0	180,0	0	1004,09	5.k=1.moyenne	0,0	ERA5
1066831	13/09/2025	07	13/09/2025	03	HAE	9,7	0	9,2	0	97,0	0	3,0	0	110,0	0	1003,67	5.k=1.moyenne	0,0	ERA5
1066832	13/09/2025	08	13/09/2025	04	HAE	10,3	0	9,6	0	95,0	0	5,0	0	140,0	0	1003,23	5.k=1.moyenne	0,0	ERA5
1066833	13/09/2025	09	13/09/2025	05	HAE	10,7	0	9,9	0	94,0	0	6,0	0	150,0	0	1002,88	5.k=1.moyenne	0,0	ERA5
1066834	13/09/2025	10	13/09/2025	06	HAE	10,4	0	9,8	0	96,0	0	1,0	0	130,0	0	1002,81	5.k=1.moyenne	0,0	ERA5
1066835	13/09/2025	11	13/09/2025	07	HAE	10,7	0	10,2	0	96,0	0	4,0	0	130,0	0	1002,76	5.k=1.moyenne	15,2	ERA5
1066836	13/09/2025	12	13/09/2025	08	HAE	11,6	0	10,8	0	94,0	0	6,0	0	170,0	0	1002,51	5.k=1.moyenne	201,5	ERA5
1066837	13/09/2025	13	13/09/2025	09	HAE	14,3	0	12,0	0	86,0	0	9,0	0	180,0	0	1002,37	5.k=1.moyenne	657,3	ERA5
1066838	13/09/2025	14	13/09/2025	10	HAE	15,3	0	12,3	0	83,0	0	7,0	0	220,0	0	1001,98	5.k=1.moyenne	1188,2	ERA5
1066839	13/09/2025	15	13/09/2025	11	HAE	17,7	0	11,9	0	69,0	0	8,0	0	200,0	0	1001,62	5.k=1.moyenne	1701,8	ERA5
1066840	13/09/2025	16	13/09/2025	12	HAE	18,8	0	11,0	0	61,0	0	9,0	0	210,0	0	1001,0	5.k=1.moyenne	1917,6	ERA5
1066841	13/09/2025	17	13/09/2025	13	HAE	20,3	0	11,8	0	58,0	0	6,0	0	220,0	0	1000,55	5.k=1.moyenne	1921,2	ERA5
1066842	13/09/2025	18	13/09/2025	14	HAE	21,4	0	12,2	0	56,0	0	10,0	0	200,0	0	999,959	5.k=1.moyenne	1994,9	ERA5
1066843	13/09/2025	19	13/09/2025	15	HAE	21,8	0	12,3	0	55,0	0	4,0	0	260,0	0	999,555	5.k=1.moyenne	2225,1	ERA5
1066844	13/09/2025	20	13/09/2025	16	HAE	22,2	0	12,8	0	55,0	0	9,0	0	300,0	0	999,255	5.k=1.moyenne	1749,6	ERA5
1066845	13/09/2025	21	13/09/2025	17	HAE	21,4	0	13,8	0	62,0	0	8,0	0	200,0	0	999,06	5.k=1.moyenne	1355,3	ERA5
1066846	13/09/2025	22	13/09/2025	18	HAE	20,5	0	13,5	0	64,0	0	9,0	0	200,0	0	999,012	5.k=1.moyenne	704,5	ERA5
1066847	13/09/2025	23	13/09/2025	19	HAE	18,5	0	14,1	0	76,0	0	5,0	0	190,0	0	998,985	5.k=1.moyenne	207,1	ERA5
1066848	14/09/2025	00	13/09/2025	20	HAE	17,3	0	14,3	0	83,0	0	4,0	0	180,0	0	999,146	5.k=1.moyenne	0,2	ERA5
1066849	14/09/2025	01	13/09/2025	21	HAE	16,5	0	13,7	0	83,0	0	3,0	0	230,0	0	999,391	5.k=1.moyenne	0,0	ERA5
1066850	14/09/2025	02	13/09/2025	22	HAE	17,3	0	13,0	0	76,0	0	4,0	0	240,0	0	999,448	5.k=1.moyenne	0,0	ERA5
1066851	14/09/2025	03	13/09/2025	23	HAE	16,3	0	13,2	0	82,0	0	3,0	0	230,0	0	999,506	5.k=1.moyenne	0,0	ERA5
1066852	14/09/2025	04	14/09/2025	00	HAE	15,3	0	13,1	0	87,0	0	4,0	0	210,0	0	999,315	5.k=1.moyenne	0,0	ERA5
1066853	14/09/2025	05	14/09/2025	01	HAE	16,0	0	13,1	0	83,0	0	5,0	0	250,0	0	999,249	5.k=1.moyenne	0,0	ERA5
1066854	14/09/2025	06	14/09/2025	02	HAE	15,5	0	13,1	0	86,0	0	3,0	0	230,0	0	999,249	5.k=1.moyenne	0,0	ERA5
1066855	14/09/2025	07	14/09/2025	03	HAE	15,2	0	13,6	0	90,0	0	6,0	0	260,0	0	999,103	5.k=1.moyenne	0,0	ERA5
1066856	14/09/2025	08	14/09/2025	04	HAE	15,2	0	13,2	0	88,0	0	3,0	0	260,0	0	999,187	5.k=1.moyenne	0,0	ERA5
1066857	14/09/2025	09	14/09/2025	05	HAE	14,1	0	12,9	0	93,0	0	5,0	0	240,0	0	999,499	5.k=1.moyenne	0,0	ERA5
1066858	14/09/2025	10	14/09/2025	06	HAE	12,3	0	11,0	0	92,0	0	5,0	0	250,0	0	999,958	5.k=1.moyenne	0,0	ERA5
1066859	14/09/2025	11	14/09/2025	07	HAE	11,6	0	11,5	0	99,0	0	3,0	0	230,0	0	1000,52	5.k=1.moyenne	20,4	ERA5
1066860	14/09/2025	12	14/09/2025	08	HAE	15,0	0	14,2	0	95,0	0	1,0	0	290,0	0	1000,96	5.k=1.moyenne	347,0	ERA5
1066861	14/09/2025	13	14/09/2025	09	HAE	17,7	0	15,4	0	86,0	0	7,0	0	290,0	0	1001,48	5.k=1.moyenne	910,4	ERA5
1066862	14/09/2025	14	14/09/2025	10	HAE	19,3	0	14,7	0	75,0	0	7,0	0	310,0	0	1001,78	5.k=1.moyenne	1591,7	ERA5
1066863	14/09/2025	15	14/09/2025	11	HAE	20,6	0	13,8	0	65,0	0	3,0	0	340,0	0	1002,12	5.k=1.moyenne	2133,2	ERA5
1066864	14/09/2025	16	14/09/2025	12	HAE	21,2	0	13,6	0	62,0	0	3,0	0	360,0	0	1002,23	5.k=1.moyenne	2460,4	ERA5
1066865	14/09/2025	17	14/09/2025	13	HAE	22,1	0	13,3	0	58,0	0	7,0	0	20,0	0	1002,31	5.k=1.moyenne	2464,4	ERA5
1066866	14/09/2025	18	14/09/2025	14	HAE	23,1	0	13,9	0	56,0	0	7,0	0	20,0	0	1002,44	5.k=1.moyenne	1975,8	ERA5
1066867	14/09/2025	19	14/09/2025	15	HAE	22,9	0	12,7	0	53,0	0	6,0	0	330,0	0	1002,71	5.k=1.moyenne	1900,0	ERA5
1066868	14/09/2025	20	14/09/2025	16	HAE	22,9	0	11,7	0	49,0	0	7,0	0	350,0	0	1002,92	5.k=1.moyenne	1597,0	ERA5
1066869	14/09/2025	21	14/09/2025	17	HAE	22,7	0	12,8	0	54,0	0	5,0	0	20,0	0	1003,23	5.k=1.moyenne	1248,6	ERA5
1066870	14/09/2025	22	14/09/2025	18	HAE	21,3	0	13,0	0	59,0	0	6,0	0	10,0	0	1003,75	5.k=1.moyenne	757,0	ERA5
1066871	14/09/2025	23	14/09/2025	19	HAE	19,2	0	13,6	0	70,0	0	1,0	0	10,0	0	1004,02	5.k=1.moyenne	207,6	ERA5
1066872	15/09/2025	00	14/09/2025	20	HAE	16,6	0	12,4	0	76,0	0	5,0	0	30,0	0	1004,73	5.k=1.moyenne	0,0	ERA5
1066873	15/09/2025	01	14/09/2025	21	HAE	16,2	0	11,7	0	75,0	0	4,0	0	40,0	0	1005,33	5.k=1.moyenne	0,0	ERA5
1066874	15/09/2025	02	14/09/2025	22	HAE	16,7	0	11,5	0	71,0	0	7,0	0	40,0	0	1005,56	5.k=1.moyenne	0,0	ERA5
1066875	15/09/2025	03	14/09/2025	23	HAE	15,6	0	11,0	0	74,0	0	6,0	0	20,0	0	1005,96	5.k=1.moyenne	0,0	ERA5
1066876	15/09/2025	04	15/09/2025	00	HAE	13,6	0	10,9	0	84,0	0	4,0	0	20,0	0	1006,19	5.k=1.moyenne	0,0	ERA5
1066877	15/09/2025	05	15/09/2025	01	HAE	14,3	0	11,0	0	81,0	0	5,0	0	40,0	0	1006,44	5.k=1.moyenne	0,0	ERA5
1066878	15/09/2025	06	15/09/2025	02	HAE	13,0	0	10,3	0	83,0	0	5,0	0	20,0	0	1006,44	5.k=1.moyenne	0,0	ERA5
1066879	15/09/2025	07	15/09/2025	03	HAE	10,7	0	9,8	0	94,0	0	4,0	0	360,0	0	1006,8	5.k=1.moyenne	0,0	ERA5
1066880	15/09/2025	08	15/09/2025	04	HAE	10,4	0	10,1	0	98,0	0	3,0	0	10,0	0	1007,12	5.k=1.moyenne	0,0	ERA5
1066881	15/09/2025	09	15/09/2025	05	HAE	9,6	0	9,5	0	100,0	0	1,0	0	360,0	0	1007,52	5.k=1.moyenne	0,0	ERA5
1066882	15/09/2025	10	15/09/2025	06	HAE	8,8	0	8,7	0	100,0	0	2,0	0	10,0	0	1008,04	5.k=1.moyenne	0,0	ERA5
1066883	15/09/2025	11	15/09/2025	07	HAE	8,7	0	8,7	0	98,0	4.lineaire	2,0	0	20,0	0	1008,68	5.k=1.moyenne	23,4	ERA5
1066884	15/09/2025	12	15/09/2025	08	HAE	11,8	0	11,1	0	96,0	0	4,0	0	20,0	0	1009,13	5.k=1.moyenne	416,2	ERA5
1066885	15/09/2025	13	15/09/2025	09	HAE	14,0	0	10,5	0	79,0	0	10,0	0	20,0	0	1010,59	5.k=1.moyenne	1040,5	ERA5
1066886	15/09/2025	14	15/09/2025	10	HAE	15,8	0	10,4	0	70,0	0	2,0	0	90,0	0	1010,65	5.k=1.moyenne	1653,7	ERA5
1066887	15/09/2025	15	15/09/2025	11	HAE	17,7	0	10,8	0	64,0	0	5,0	0	350,0	0	1010,59	5.k=1.moyenne	2157,4	ERA5
1066888	15/09/2025	16	15/09/2025	12	HAE	18,9	0	9,6	0	55,0	0	6,0	0	330,0	0	1010,34	5.k=1.moyenne	2514,0	ERA5
1066889	15/09/2025	17	15/09/2025	13	HAE	20,3	0	9,8	0	51,0	0	7,0	0	290,0	0	1009,94	5.k=1.moyenne	2676,2	ERA5
1066890	15/09/2025	18	15/09/2025	14	HAE	21,0	0	9,8	0	49,0	0	6,0	0	360,0	0	1009,53	5.k=1.moyenne	2599,9	ERA5
1066891	15/09/2025	19	15/09/2025	15	HAE	21,6	0	10,7	0	50,0	0	6,0	0	10,0	0	1009,23	5.k=1.moyenne	2358,8	ERA5
1066892	15/09/2025	20	15/09/2025	16	HAE	21,4	0	9,0	0	45,0	0	6,0	0	360,0	0	1008,92	5.k=1.moyenne	1970,9	ERA5
1066893	15/09/2025	21	15/09/2025	17	HAE	21,4	0	9,4	0	46,0	0	5,0	0	40,0	0	1008,83	5.k=1.moyenne	1429,0	ERA5
1066894	15/09/2025	22	15/09/2025	18	HAE	20,6	0	9,7	0	50,0	0	5,0	0	40,0	0	1008,88	5.k=1.moyenne	793,6	ERA5
1066895	15/09/2025	23	15/09/2025	19	HAE	18,2	0	10,4	0	61,0	0	2,0	0	60,0	0	1009,03	5.k=1.moyenne	206,3	ERA5
1066896	16/09/2025	00	15/09/2025	20	HAE	14,7	0	10,3	0	75,0	0	0,0	0	0,0	0	1009,39	5.k=1.moyenne	0,0	ERA5
1066897	16/09/2025	01	15/09/2025	21	HAE	12,7	0	10,1	0	84,0	0	1,0	0	190,0	0	1009,42	5.k=1.moyenne	0,0	ERA5
1066898	16/09/2025	02	15/09/2025	22	HAE	11,4	0	10,0	0	91,0	0	2,0	0	210,0	0	1009,44	5.k=1.moyenne	0,0	ERA5
1066899	16/09/2025	03	15/09/2025	23	HAE	10,9	0	10,3	0	96,0	0	0,0	0	0,0	0	1009,55	5.k=1.moyenne	0,0	ERA5
1066900	16/09/2025	04	16/09/2025	00	HAE	10,5	0	10,3	0	98,0	0	0,0	0	0,0	0	1009,6	5.k=1.moyenne	0,0	ERA5
1066901	16/09/2025	05	16/09/2025	01	HAE	9,9	0	9,7	0	99,0	0	0,0	0	20,0	0	1009,73	5.k=1.moyenne	0,0	ERA5
1066902	16/09/2025	06	16/09/2025	02	HAE	9,2	0	9,1	0	99,0	0	0,0	0	0,0	0	1009,73	5.k=1.moyenne	0,0	ERA5
1066903	16/09/2025	07	16/09/2025	03	HAE	7,7	0	7,4	0	98,0	0	3,0	0	190,0	0	1009,6	5.k=1.moyenne	0,0	ERA5
1066904	16/09/2025	08	16/09/2025	04	HAE	8,2	0	8,2	0	100,0	0	1,0	0	30,0	0	1009,61	5.k=1.moyenne	0,0	ERA5
1066905	16/09/2025	09	16/09/2025	05	HAE	8,0	0	8,0	0	100,0	0	0,0	0	0,0	0	1009,66	5.k=1.moyenne	0,0	ERA5
1066906	16/09/2025	10	16/09/2025	06	HAE	8,2	0	8,2	0	100,0	0	4,0	0	20,0	0	1009,93	5.k=1.moyenne	0,0	ERA5
1066907	16/09/2025	11	16/09/2025	07	HAE	8,3	0	8,3	0	100,0	0	2,0	0	10,0	0	1010,04	5.k=1.moyenne	13,5	ERA5
1066908	16/09/2025	12	16/09/2025	08	HAE	10,0	0	10,0	0	92,5	4.lineaire	0,0	0	0,0	0	1010,25	5.k=1.moyenne	232,6	ERA5
1066909	16/09/2025	13	16/09/2025	09	HAE	13,7	0	11,3	0	85,0	0	3,0	0	50,0	0	1010,2	5.k=1.moyenne	659,6	ERA5
1066910	16/09/2025	14	16/09/2025	10	HAE	17,4	0	12,6	0	73,0	0	5,0	0	50,0	0	1010,07	5.k=1.moyenne	1246,8	ERA5
1066911	16/09/2025	15	16/09/2025	11	HAE	19,9	0	11,8	0	60,0	0	6,0	0	70,0	0	1009,78	5.k=1.moyenne	2103,2	ERA5
1066912	16/09/2025	16	16/09/2025	12	HAE	21,4	0	11,6	0	54,0	0	8,0	0	60,0	0	1009,26	5.k=1.moyenne	2488,7	ERA5
1066913	16/09/2025	17	16/09/2025	13	HAE	22,0	0	11,8	0	52,0	0	4,0	0	340,0	0	1008,6	5.k=1.moyenne	2649,1	ERA5
1066914	16/09/2025	18	16/09/2025	14	HAE	22,9	0	10,6	0	46,0	0	7,0	0	60,0	0	1007,8	5.k=1.moyenne	2606,4	ERA5
1066915	16/09/2025	19	16/09/2025	15	HAE	24,2	0	11,4	0	45,0	0	4,0	0	70,0	0	1008,2	5.k=1.moyenne	2368,1	ERA5
1066916	16/09/2025	20	16/09/2025	16	HAE	24,1	0	10,4	0	42,0	0	9,0	0	30,0	0	1007,69	5.k=1.moyenne	1951,0	ERA5
1066917	16/09/2025	21	16/09/2025	17	HAE	24,0	0	10,5	0	43,0	0	5,0	0	40,0	0	1007,23	5.k=1.moyenne	1395,2	ERA5
1066918	16/09/2025	22	16/09/2025	18	HAE	23,0	0	11,8	0	49,0	0	5,0	0	30,0	0	1007,19	5.k=1.moyenne	764,0	ERA5
1066919	16/09/2025	23	16/09/2025	19	HAE	19,5	0	12,4	0	64,0	0	2,0	0	10,0	0	1007,0	5.k=1.moyenne	187,4	ERA5
1066920	17/09/2025	00	16/09/2025	20	HAE	17,1	0	12,2	0	73,0	0	3,0	0	30,0	0	1006,94	5.k=1.moyenne	0,0	ERA5
1066921	17/09/2025	01	16/09/2025	21	HAE	15,3	0	11,7	0	79,0	0	1,0	0	10,0	0	1006,72	5.k=1.moyenne	0,0	ERA5
1066922	17/09/2025	02	16/09/2025	22	HAE	14,0	0	11,4	0	84,0	0	1,0	0	20,0	0	1006,51	5.k=1.moyenne	0,0	ERA5
1066923	17/09/2025	03	16/09/2025	23	HAE	12,8	0	11,0	0	88,0	0	2,0	0	30,0	0	1006,16	5.k=1.moyenne	0,0	ERA5
1066924	17/09/2025	04	17/09/2025	00	HAE	12,0	0	11,6	0	98,0	0	0,0	0	0,0	0	1005,88	5.k=1.moyenne	0,0	ERA5
1066925	17/09/2025	05	17/09/2025	01	HAE	11,4	0	11,0	0	97,0	0	0,0	0	0,0	0	1005,6	5.k=1.moyenne	0,0	ERA5
1066926	17/09/2025	06	17/09/2025	02	HAE	10,8	0	10,8	0	100,0	0	0,0	0	0,0	0	1005,6	5.k=1.moyenne	0,0	ERA5
1066927	17/09/2025	07	17/09/2025	03	HAE	10,4	0	10,4	0	100,0	0	1,0	0	40,0	0	1005,09	5.k=1.moyenne	0,0	ERA5
1066928	17/09/2025	08	17/09/2025	04	HAE	10,2	0	10,0	0	99,0	0	2,0	0	360,0	0	1004,09	5.k=1.moyenne	0,0	ERA5
1066929	17/09/2025	09	17/09/2025	05	HAE	10,0	0	10,0	0	100,0	0	0,0	0	0,0	0	1003,97	5.k=1.moyenne	0,0	ERA5
1066930	17/09/2025	10	17/09/2025	06	HAE	10,1	0	10,1	0	100,0	0	1,0	0	10,0	0	1003,8	5.k=1.moyenne	0,0	ERA5
1066931	17/09/2025	11	17/09/2025	07	HAE	11,3	0	11,3	0	100,0	0	5,0	0	180,0	0	1003,77	5.k=1.moyenne	13,9	ERA5
1066932	17/09/2025	12	17/09/2025	08	HAE	13,8	0	13,7	0	99,0	0	6,0	0	170,0	0	1003,56	5.k=1.moyenne	280,3	ERA5
1066933	17/09/2025	13	17/09/2025	09	HAE	17,1	0	14,0	0	82,0	0	8,0	0	210,0	0	1004,06	5.k=1.moyenne	856,6	ERA5
1066934	17/09/2025	14	17/09/2025	10	HAE	20,3	0	14,6	0	69,0	0	9,0	0	190,0	0	1003,64	5.k=1.moyenne	1461,4	ERA5
1066935	17/09/2025	15	17/09/2025	11	HAE	21,8	0	13,3	0	59,0	0	11,0	0	180,0	0	1003,12	5.k=1.moyenne	1924,0	ERA5
1066936	17/09/2025	16	17/09/2025	12	HAE	23,5	0	12,5	0	50,0	0	12,0	0	170,0	0	1002,5	5.k=1.moyenne	2255,3	ERA5
1066937	17/09/2025	17	17/09/2025	13	HAE	23,8	0	13,1	0	51,0	0	8,0	0	180,0	0	1001,9	5.k=1.moyenne	2377,5	ERA5
1066938	17/09/2025	18	17/09/2025	14	HAE	24,0	0	12,2	0	48,0	0	6,0	0	180,0	0	1001,14	5.k=1.moyenne	2239,5	ERA5
1066939	17/09/2025	19	17/09/2025	15	HAE	25,1	0	12,5	0	45,0	0	3,0	0	190,0	0	999,921	5.k=1.moyenne	1787,5	ERA5
1066940	17/09/2025	20	17/09/2025	16	HAE	24,3	0	11,7	0	45,0	0	14,0	0	170,0	0	999,215	5.k=1.moyenne	1340,9	ERA5
1066941	17/09/2025	21	17/09/2025	17	HAE	22,9	0	7,1	0	36,0	0	11,0	0	190,0	0	998,837	5.k=1.moyenne	891,4	ERA5
1066942	17/09/2025	22	17/09/2025	18	HAE	21,8	0	10,0	0	47,0	0	9,0	0	180,0	0	998,296	5.k=1.moyenne	443,9	ERA5
1066943	17/09/2025	23	17/09/2025	19	HAE	18,0	0	10,8	0	63,0	0	9,0	0	170,0	0	998,042	5.k=1.moyenne	121,5	ERA5
1066944	18/09/2025	00	17/09/2025	20	HAE	14,6	0	11,0	0	79,0	0	9,0	0	160,0	0	997,849	5.k=1.moyenne	0,0	ERA5
1066945	18/09/2025	01	17/09/2025	21	HAE	13,9	0	10,9	0	82,0	0	9,0	0	160,0	0	997,821	5.k=1.moyenne	0,0	ERA5
1066946	18/09/2025	02	17/09/2025	22	HAE	13,1	0	11,1	0	88,0	0	8,0	0	170,0	0	997,671	5.k=1.moyenne	0,0	ERA5
1066947	18/09/2025	03	17/09/2025	23	HAE	12,2	0	11,5	0	96,0	0	7,0	0	160,0	0	997,379	5.k=1.moyenne	0,0	ERA5
1066948	18/09/2025	04	18/09/2025	00	HAE	13,1	0	12,5	0	96,0	0	2,0	0	140,0	0	996,944	5.k=1.moyenne	0,0	ERA5
1066949	18/09/2025	05	18/09/2025	01	HAE	13,8	0	12,8	0	94,0	0	3,0	0	170,0	0	996,653	5.k=1.moyenne	0,0	ERA5
1066950	18/09/2025	06	18/09/2025	02	HAE	12,1	0	11,7	0	97,0	0	5,0	0	180,0	0	996,653	5.k=1.moyenne	0,0	ERA5
1066951	18/09/2025	07	18/09/2025	03	HAE	12,3	0	12,0	0	98,0	0	4,0	0	180,0	0	996,173	5.k=1.moyenne	0,0	ERA5
1066952	18/09/2025	08	18/09/2025	04	HAE	11,9	0	11,3	0	96,0	0	6,0	0	180,0	0	995,945	5.k=1.moyenne	0,0	ERA5
1066953	18/09/2025	09	18/09/2025	05	HAE	11,5	0	11,1	0	98,0	0	7,0	0	170,0	0	995,656	5.k=1.moyenne	0,0	ERA5
1066954	18/09/2025	10	18/09/2025	06	HAE	10,9	0	10,6	0	98,0	0	6,0	0	180,0	0	995,557	5.k=1.moyenne	0,0	ERA5
1066955	18/09/2025	11	18/09/2025	07	HAE	11,2	0	10,7	0	97,0	0	5,0	0	190,0	0	995,432	5.k=1.moyenne	12,8	ERA5
1066956	18/09/2025	12	18/09/2025	08	HAE	13,5	0	12,4	0	93,0	0	4,0	0	190,0	0	995,459	5.k=1.moyenne	312,8	ERA5
1066957	18/09/2025	13	18/09/2025	09	HAE	18,0	0	14,2	0	78,0	0	8,0	0	190,0	0	995,557	5.k=1.moyenne	971,4	ERA5
1066958	18/09/2025	14	18/09/2025	10	HAE	21,0	0	12,3	0	58,0	0	10,0	0	240,0	0	995,482	5.k=1.moyenne	1589,1	ERA5
1066959	18/09/2025	15	18/09/2025	11	HAE	22,5	0	12,0	0	51,0	0	12,0	0	240,0	0	995,097	5.k=1.moyenne	2084,4	ERA5
1066960	18/09/2025	16	18/09/2025	12	HAE	24,1	0	12,8	0	49,0	0	13,0	0	250,0	0	994,566	5.k=1.moyenne	2437,7	ERA5
1066961	18/09/2025	17	18/09/2025	13	HAE	25,3	0	12,4	0	45,0	0	12,0	0	250,0	0	994,245	5.k=1.moyenne	2603,2	ERA5
1066962	18/09/2025	18	18/09/2025	14	HAE	26,5	0	12,5	0	42,0	0	17,0	0	250,0	0	993,945	5.k=1.moyenne	2551,2	ERA5
1066963	18/09/2025	19	18/09/2025	15	HAE	26,8	0	11,5	0	39,0	0	17,0	0	250,0	0	993,532	5.k=1.moyenne	2347,7	ERA5
1066964	18/09/2025	20	18/09/2025	16	HAE	25,1	0	14,0	0	50,0	0	13,0	0	260,0	0	993,576	5.k=1.moyenne	1869,2	ERA5
1066965	18/09/2025	21	18/09/2025	17	HAE	25,9	0	14,4	0	49,0	0	16,0	0	280,0	0	993,591	5.k=1.moyenne	1092,1	ERA5
1066966	18/09/2025	22	18/09/2025	18	HAE	24,9	0	15,3	0	55,0	0	12,0	0	270,0	0	993,939	5.k=1.moyenne	570,2	ERA5
1066967	18/09/2025	23	18/09/2025	19	HAE	22,9	0	16,4	0	67,0	0	13,0	0	280,0	0	994,538	5.k=1.moyenne	80,8	ERA5
1066968	19/09/2025	00	18/09/2025	20	HAE	21,4	0	16,4	0	73,0	0	6,0	0	310,0	0	995,075	5.k=1.moyenne	0,0	ERA5
1066969	19/09/2025	01	18/09/2025	21	HAE	20,5	0	15,7	0	74,0	0	5,0	0	300,0	0	995,403	5.k=1.moyenne	0,0	ERA5
1066970	19/09/2025	02	18/09/2025	22	HAE	19,8	0	15,4	0	76,0	0	8,0	0	290,0	0	995,754	5.k=1.moyenne	0,0	ERA5
1066971	19/09/2025	03	18/09/2025	23	HAE	19,7	0	15,3	0	76,0	0	3,0	0	320,0	0	996,104	5.k=1.moyenne	0,0	ERA5
1066972	19/09/2025	04	19/09/2025	00	HAE	19,1	0	14,2	0	73,0	0	9,0	0	350,0	0	996,225	5.k=1.moyenne	0,0	ERA5
1066973	19/09/2025	05	19/09/2025	01	HAE	17,7	0	12,5	0	72,0	0	9,0	0	360,0	0	996,576	5.k=1.moyenne	0,0	ERA5
1066974	19/09/2025	06	19/09/2025	02	HAE	16,4	0	9,5	0	64,0	0	11,0	0	360,0	0	996,576	5.k=1.moyenne	0,0	ERA5
1066975	19/09/2025	07	19/09/2025	03	HAE	15,1	0	7,7	0	61,0	0	9,0	0	0,0	0	996,643	5.k=1.moyenne	0,0	ERA5
1066976	19/09/2025	08	19/09/2025	04	HAE	13,7	0	7,4	0	66,0	0	4,0	0	350,0	0	996,834	5.k=1.moyenne	0,0	ERA5
1066977	19/09/2025	09	19/09/2025	05	HAE	12,1	0	6,9	0	70,0	0	4,0	0	340,0	0	997,233	5.k=1.moyenne	0,0	ERA5
1066978	19/09/2025	10	19/09/2025	06	HAE	10,3	0	6,9	0	80,0	0	5,0	0	340,0	0	997,767	5.k=1.moyenne	0,0	ERA5
1066979	19/09/2025	11	19/09/2025	07	HAE	10,2	0	6,9	0	80,0	0	5,0	0	340,0	0	998,468	5.k=1.moyenne	12,1	ERA5
1066980	19/09/2025	12	19/09/2025	08	HAE	12,3	0	6,9	0	69,0	0	6,0	0	360,0	0	999,054	5.k=1.moyenne	362,1	ERA5
1066981	19/09/2025	13	19/09/2025	09	HAE	13,5	0	5,5	0	58,0	0	10,0	0	360,0	0	999,515	5.k=1.moyenne	899,8	ERA5
1066982	19/09/2025	14	19/09/2025	10	HAE	14,3	0	5,4	0	55,0	0	6,0	0	10,0	0	999,83	5.k=1.moyenne	1599,1	ERA5
1066983	19/09/2025	15	19/09/2025	11	HAE	15,2	0	5,5	0	52,0	0	8,0	0	360,0	0	999,894	5.k=1.moyenne	2004,0	ERA5
1066984	19/09/2025	16	19/09/2025	12	HAE	16,5	0	6,8	0	53,0	0	9,0	0	300,0	0	999,771	5.k=1.moyenne	2464,7	ERA5
1066985	19/09/2025	17	19/09/2025	13	HAE	16,4	0	5,1	0	47,0	0	12,0	0	290,0	0	999,71	5.k=1.moyenne	2577,0	ERA5
1066986	19/09/2025	18	19/09/2025	14	HAE	18,5	0	6,8	0	46,0	0	9,0	0	320,0	0	999,608	5.k=1.moyenne	2573,4	ERA5
1066987	19/09/2025	19	19/09/2025	15	HAE	18,5	0	5,8	0	43,0	0	10,0	0	270,0	0	999,693	5.k=1.moyenne	2327,1	ERA5
1066988	19/09/2025	20	19/09/2025	16	HAE	19,1	0	4,9	0	39,0	0	11,0	0	320,0	0	999,944	5.k=1.moyenne	1874,4	ERA5
1066989	19/09/2025	21	19/09/2025	17	HAE	19,2	0	3,2	0	35,0	0	6,0	0	330,0	0	1000,26	5.k=1.moyenne	1373,5	ERA5
1066990	19/09/2025	22	19/09/2025	18	HAE	18,0	0	3,0	0	37,0	0	6,0	0	10,0	0	1000,86	5.k=1.moyenne	731,4	ERA5
1066991	19/09/2025	23	19/09/2025	19	HAE	15,0	0	3,6	0	46,0	0	3,0	0	360,0	0	1001,47	5.k=1.moyenne	155,7	ERA5
1066992	20/09/2025	00	19/09/2025	20	HAE	10,2	0	5,2	0	71,0	0	1,0	0	290,0	0	1002,28	5.k=1.moyenne	0,0	ERA5
1066993	20/09/2025	01	19/09/2025	21	HAE	10,1	0	3,8	0	65,0	0	1,0	0	290,0	0	1002,84	5.k=1.moyenne	0,0	ERA5
1066994	20/09/2025	02	19/09/2025	22	HAE	10,9	0	2,2	0	55,0	0	6,0	0	350,0	0	1003,35	5.k=1.moyenne	0,0	ERA5
1066995	20/09/2025	03	19/09/2025	23	HAE	8,7	0	2,2	0	63,0	0	2,0	0	10,0	0	1003,76	5.k=1.moyenne	0,0	ERA5
1066996	20/09/2025	04	20/09/2025	00	HAE	5,9	0	2,0	0	76,0	0	0,0	0	330,0	0	1004,14	5.k=1.moyenne	0,0	ERA5
1066997	20/09/2025	05	20/09/2025	01	HAE	7,9	0	1,9	0	66,0	0	5,0	0	350,0	0	1004,58	5.k=1.moyenne	0,0	ERA5
1066998	20/09/2025	06	20/09/2025	02	HAE	5,1	0	1,5	0	77,0	0	2,0	0	140,0	0	1004,58	5.k=1.moyenne	0,0	ERA5
1066999	20/09/2025	07	20/09/2025	03	HAE	4,1	0	2,1	0	87,0	0	0,0	0	20,0	0	1004,7	5.k=1.moyenne	0,0	ERA5
1067000	20/09/2025	08	20/09/2025	04	HAE	2,0	0	0,7	0	91,0	0	1,0	0	270,0	0	1004,97	5.k=1.moyenne	0,0	ERA5
1067001	20/09/2025	09	20/09/2025	05	HAE	2,2	0	1,5	0	95,0	0	0,0	0	0,0	0	1005,17	5.k=1.moyenne	0,0	ERA5
1067002	20/09/2025	10	20/09/2025	06	HAE	2,0	0	1,2	0	95,0	0	0,0	0	0,0	0	1005,64	5.k=1.moyenne	0,0	ERA5
1067003	20/09/2025	11	20/09/2025	07	HAE	1,3	0	0,7	0	96,0	0	1,0	0	190,0	0	1006,23	5.k=1.moyenne	13,1	ERA5
1067004	20/09/2025	12	20/09/2025	08	HAE	6,2	0	4,3	0	88,0	0	0,0	0	0,0	0	1006,67	5.k=1.moyenne	387,4	ERA5
1067005	20/09/2025	13	20/09/2025	09	HAE	9,2	0	2,2	0	61,0	0	6,0	0	360,0	0	1007,09	5.k=1.moyenne	1038,5	ERA5
1067006	20/09/2025	14	20/09/2025	10	HAE	10,7	0	1,9	0	54,0	0	6,0	0	10,0	0	1007,24	5.k=1.moyenne	1671,0	ERA5
1067007	20/09/2025	15	20/09/2025	11	HAE	12,1	0	-0,3	0	42,0	0	3,0	0	10,0	0	1007,47	5.k=1.moyenne	2188,8	ERA5
1067008	20/09/2025	16	20/09/2025	12	HAE	13,6	0	0,6	0	41,0	0	9,0	0	360,0	0	1007,35	5.k=1.moyenne	2541,7	ERA5
1067009	20/09/2025	17	20/09/2025	13	HAE	14,5	0	-1,2	0	34,0	0	3,0	0	310,0	0	1007,25	5.k=1.moyenne	2697,5	ERA5
1067010	20/09/2025	18	20/09/2025	14	HAE	15,1	0	-2,6	0	29,0	0	5,0	0	260,0	0	1007,22	5.k=1.moyenne	2644,4	ERA5
1067011	20/09/2025	19	20/09/2025	15	HAE	15,7	0	-2,2	0	29,0	0	1,0	0	50,0	0	1007,14	5.k=1.moyenne	2386,8	ERA5
1067012	20/09/2025	20	20/09/2025	16	HAE	16,8	0	-2,1	0	27,0	0	4,0	0	80,0	0	1007,1	5.k=1.moyenne	1950,4	ERA5
1067013	20/09/2025	21	20/09/2025	17	HAE	16,8	0	-2,7	0	26,0	0	4,0	0	280,0	0	1007,3	5.k=1.moyenne	1373,9	ERA5
1067014	20/09/2025	22	20/09/2025	18	HAE	16,2	0	-1,8	0	29,0	0	2,0	0	350,0	0	1007,45	5.k=1.moyenne	722,1	ERA5
1067015	20/09/2025	23	20/09/2025	19	HAE	11,8	0	3,3	0	56,0	0	2,0	0	180,0	0	1007,7	5.k=1.moyenne	144,9	ERA5
1067016	21/09/2025	00	20/09/2025	20	HAE	8,2	0	2,9	0	69,0	0	1,0	0	160,0	0	1008,23	5.k=1.moyenne	0,0	ERA5
1067017	21/09/2025	01	20/09/2025	21	HAE	6,7	0	2,8	0	76,0	0	1,0	0	170,0	0	1008,52	5.k=1.moyenne	0,0	ERA5
1067018	21/09/2025	02	20/09/2025	22	HAE	5,1	0	2,3	0	82,0	0	3,0	0	180,0	0	1008,63	5.k=1.moyenne	0,0	ERA5
1067019	21/09/2025	03	20/09/2025	23	HAE	4,2	0	1,8	0	84,0	0	2,0	0	220,0	0	1008,82	5.k=1.moyenne	0,0	ERA5
1067020	21/09/2025	04	21/09/2025	00	HAE	4,6	0	2,1	0	84,0	0	0,0	0	0,0	0	1008,97	5.k=1.moyenne	0,0	ERA5
1067021	21/09/2025	05	21/09/2025	01	HAE	3,9	0	2,0	0	87,0	0	3,0	0	50,0	0	1008,93	5.k=1.moyenne	0,0	ERA5
1067022	21/09/2025	06	21/09/2025	02	HAE	2,0	0	0,7	0	91,0	0	3,0	0	160,0	0	1008,93	5.k=1.moyenne	0,0	ERA5
1067023	21/09/2025	07	21/09/2025	03	HAE	1,9	0	0,9	0	92,0	0	2,0	0	60,0	0	1008,7	5.k=1.moyenne	0,0	ERA5
1067024	21/09/2025	08	21/09/2025	04	HAE	2,7	0	1,6	0	93,0	0	2,0	0	60,0	0	1008,66	5.k=1.moyenne	0,0	ERA5
1067025	21/09/2025	09	21/09/2025	05	HAE	2,3	0	1,7	0	96,0	0	1,0	0	60,0	0	1008,69	5.k=1.moyenne	0,0	ERA5
1067026	21/09/2025	10	21/09/2025	06	HAE	2,1	0	0,9	0	92,0	0	0,0	0	90,0	0	1008,79	5.k=1.moyenne	0,0	ERA5
1067027	21/09/2025	11	21/09/2025	07	HAE	2,3	0	1,5	0	94,0	0	2,0	0	90,0	0	1008,88	5.k=1.moyenne	11,0	ERA5
1067028	21/09/2025	12	21/09/2025	08	HAE	7,0	0	3,5	0	78,0	0	3,0	0	120,0	0	1008,8	5.k=1.moyenne	373,7	ERA5
1067029	21/09/2025	13	21/09/2025	09	HAE	10,1	0	5,2	0	72,0	0	7,0	0	130,0	0	1008,48	5.k=1.moyenne	1018,2	ERA5
1067030	21/09/2025	14	21/09/2025	10	HAE	13,5	0	4,9	0	56,0	0	15,0	0	160,0	0	1008,07	5.k=1.moyenne	1646,9	ERA5
1067031	21/09/2025	15	21/09/2025	11	HAE	16,3	0	5,2	0	48,0	0	16,0	0	150,0	0	1007,47	5.k=1.moyenne	2163,1	ERA5
1067032	21/09/2025	16	21/09/2025	12	HAE	18,8	0	5,9	0	43,0	0	14,0	0	180,0	0	1006,74	5.k=1.moyenne	2504,8	ERA5
1067033	21/09/2025	17	21/09/2025	13	HAE	20,1	0	4,9	0	37,0	0	12,0	0	170,0	0	1006,16	5.k=1.moyenne	2658,5	ERA5
1067034	21/09/2025	18	21/09/2025	14	HAE	22,0	0	5,8	0	35,0	0	13,0	0	160,0	0	1005,43	5.k=1.moyenne	2592,7	ERA5
1067035	21/09/2025	19	21/09/2025	15	HAE	22,3	0	7,9	0	40,0	0	14,0	0	150,0	0	1004,53	5.k=1.moyenne	2292,4	ERA5
1067036	21/09/2025	20	21/09/2025	16	HAE	22,7	0	7,9	0	39,0	0	15,0	0	170,0	0	1003,68	5.k=1.moyenne	1832,8	ERA5
1067037	21/09/2025	21	21/09/2025	17	HAE	22,1	0	8,5	0	42,0	0	16,0	0	170,0	0	1002,99	5.k=1.moyenne	1289,8	ERA5
1067038	21/09/2025	22	21/09/2025	18	HAE	21,2	0	8,6	0	44,0	0	13,0	0	170,0	0	1002,68	5.k=1.moyenne	668,4	ERA5
1067039	21/09/2025	23	21/09/2025	19	HAE	18,4	0	9,1	0	55,0	0	8,0	0	140,0	0	1002,43	5.k=1.moyenne	124,7	ERA5
1067040	22/09/2025	00	21/09/2025	20	HAE	18,0	0	9,8	0	58,0	0	12,0	0	160,0	0	1002,31	5.k=1.moyenne	0,0	ERA5
1067041	22/09/2025	01	21/09/2025	21	HAE	17,1	0	9,7	0	61,0	0	12,0	0	150,0	0	1002,16	5.k=1.moyenne	0,0	ERA5
1067042	22/09/2025	02	21/09/2025	22	HAE	16,1	0	8,9	0	62,0	0	12,0	0	160,0	0	1001,91	5.k=1.moyenne	0,0	ERA5
1067043	22/09/2025	03	21/09/2025	23	HAE	13,4	0	8,6	0	73,0	0	10,0	0	170,0	0	1001,6	5.k=1.moyenne	0,0	ERA5
1067044	22/09/2025	04	22/09/2025	00	HAE	14,2	0	9,5	0	73,0	0	10,0	0	170,0	0	1001,35	5.k=1.moyenne	0,0	ERA5
1067045	22/09/2025	05	22/09/2025	01	HAE	14,6	0	8,5	0	67,0	0	11,0	0	160,0	0	1001,25	5.k=1.moyenne	0,0	ERA5
1067046	22/09/2025	06	22/09/2025	02	HAE	13,7	0	8,4	0	70,0	0	12,0	0	160,0	0	1001,25	5.k=1.moyenne	0,0	ERA5
1067047	22/09/2025	07	22/09/2025	03	HAE	14,1	0	7,4	0	64,0	0	12,0	0	160,0	0	1000,96	5.k=1.moyenne	0,0	ERA5
1067048	22/09/2025	08	22/09/2025	04	HAE	13,9	0	7,1	0	64,0	0	14,0	0	170,0	0	1000,67	5.k=1.moyenne	0,0	ERA5
1067049	22/09/2025	09	22/09/2025	05	HAE	13,7	0	7,5	0	66,0	0	13,0	0	160,0	0	1000,63	5.k=1.moyenne	0,0	ERA5
1067050	22/09/2025	10	22/09/2025	06	HAE	13,9	0	7,8	0	67,0	0	12,0	0	160,0	0	1000,61	5.k=1.moyenne	0,0	ERA5
1067051	22/09/2025	11	22/09/2025	07	HAE	13,6	0	7,8	0	68,0	0	13,0	0	160,0	0	1000,53	5.k=1.moyenne	5,8	ERA5
1067052	22/09/2025	12	22/09/2025	08	HAE	14,6	0	8,2	0	65,0	0	19,0	0	170,0	0	1000,25	5.k=1.moyenne	208,2	ERA5
1067053	22/09/2025	13	22/09/2025	09	HAE	16,2	0	8,4	0	60,0	0	19,0	0	170,0	0	1000,12	5.k=1.moyenne	840,3	ERA5
1067054	22/09/2025	14	22/09/2025	10	HAE	16,5	0	8,9	0	61,0	0	18,0	0	160,0	0	999,676	5.k=1.moyenne	1310,0	ERA5
1067055	22/09/2025	15	22/09/2025	11	HAE	17,7	0	9,5	0	59,0	0	19,0	0	160,0	0	999,278	5.k=1.moyenne	1595,1	ERA5
1067056	22/09/2025	16	22/09/2025	12	HAE	20,1	0	10,2	0	53,0	0	20,0	0	180,0	0	998,778	5.k=1.moyenne	2085,2	ERA5
1067057	22/09/2025	17	22/09/2025	13	HAE	21,6	0	11,4	0	52,0	0	15,0	0	180,0	0	998,28	5.k=1.moyenne	2023,6	ERA5
1067058	22/09/2025	18	22/09/2025	14	HAE	20,7	0	10,6	0	53,0	0	15,0	0	190,0	0	997,68	5.k=1.moyenne	1902,8	ERA5
1067059	22/09/2025	19	22/09/2025	15	HAE	21,6	0	11,8	0	53,0	0	17,0	0	170,0	0	997,203	5.k=1.moyenne	1130,6	ERA5
1067060	22/09/2025	20	22/09/2025	16	HAE	21,3	0	12,1	0	56,0	0	12,0	0	190,0	0	996,89	5.k=1.moyenne	1011,3	ERA5
1067061	22/09/2025	21	22/09/2025	17	HAE	20,1	0	13,4	0	65,0	0	12,0	0	170,0	0	996,619	5.k=1.moyenne	713,2	ERA5
1067062	22/09/2025	22	22/09/2025	18	HAE	19,7	0	14,6	0	72,0	0	1,0	0	150,0	0	996,552	5.k=1.moyenne	366,9	ERA5
1067063	22/09/2025	23	22/09/2025	19	HAE	18,9	0	14,4	0	75,0	0	7,0	0	320,0	0	996,506	5.k=1.moyenne	61,6	ERA5
1067064	23/09/2025	00	22/09/2025	20	HAE	16,5	0	16,1	0	98,0	0	2,0	0	300,0	0	996,636	5.k=1.moyenne	0,0	ERA5
1067065	23/09/2025	01	22/09/2025	21	HAE	16,2	0	16,2	0	98,0	5.k=1.STE-CLOTHILDE	4,0	0	160,0	0	996,527	5.k=1.moyenne	0,0	ERA5
1067066	23/09/2025	02	22/09/2025	22	HAE	16,0	0	16,0	0	98,4285	5.k=1.STE-CLOTHILDE	0,0	0	0,0	0	996,377	5.k=1.moyenne	0,0	ERA5
1067067	23/09/2025	03	22/09/2025	23	HAE	16,0	0	16,0	0	97,9999	5.k=1.STE-CLOTHILDE	4,0	0	180,0	0	996,269	5.k=1.moyenne	0,0	ERA5
1067068	23/09/2025	04	23/09/2025	00	HAE	16,1	0	16,1	0	97,5714	5.k=1.STE-CLOTHILDE	4,0	0	180,0	0	996,391	5.k=1.moyenne	0,0	ERA5
1067069	23/09/2025	05	23/09/2025	01	HAE	16,4	0	16,4	0	97,1428	5.k=1.STE-CLOTHILDE	0,0	0	170,0	0	996,388	5.k=1.moyenne	0,0	ERA5
1067070	23/09/2025	06	23/09/2025	02	HAE	16,6	0	16,6	0	97,1428	5.k=1.STE-CLOTHILDE	4,0	0	170,0	0	996,388	5.k=1.moyenne	0,0	ERA5
1067071	23/09/2025	07	23/09/2025	03	HAE	16,8	0	16,8	0	96,6428	5.k=1.STE-CLOTHILDE	4,0	0	220,0	0	996,271	5.k=1.moyenne	0,0	ERA5
1067072	23/09/2025	08	23/09/2025	04	HAE	16,8	0	16,8	0	96,9999	5.k=1.STE-CLOTHILDE	1,0	0	70,0	0	996,257	5.k=1.moyenne	0,0	ERA5
1067073	23/09/2025	09	23/09/2025	05	HAE	16,8	0	16,8	0	95,6429	5.k=1.STE-CLOTHILDE	1,0	0	0,0	0	996,305	5.k=1.moyenne	0,0	ERA5
1067074	23/09/2025	10	23/09/2025	06	HAE	16,6	0	16,6	0	95,9999	5.k=1.STE-CLOTHILDE	0,0	0	180,0	0	996,498	5.k=1.moyenne	0,0	ERA5
1067075	23/09/2025	11	23/09/2025	07	HAE	16,7	0	16,7	0	95,5	5.k=1.STE-CLOTHILDE	2,0	0	40,0	0	997,043	5.k=1.moyenne	2,0	ERA5
1067076	23/09/2025	12	23/09/2025	08	HAE	16,8	0	16,8	0	95,0	5.k=1.STE-CLOTHILDE	0,0	0	100,0	0	997,558	5.k=1.moyenne	51,4	ERA5
1067077	23/09/2025	13	23/09/2025	09	HAE	17,0	0	16,3	0	95,0	0	0,0	0	150,0	0	998,012	5.k=1.moyenne	229,5	ERA5
1067078	23/09/2025	14	23/09/2025	10	HAE	16,8	0	16,4	0	98,0	0	1,0	0	90,0	0	998,199	5.k=1.moyenne	241,9	ERA5
1067079	23/09/2025	15	23/09/2025	11	HAE	17,1	0	16,5	0	96,0	0	4,0	0	130,0	0	998,469	5.k=1.moyenne	313,9	ERA5
1067080	23/09/2025	16	23/09/2025	12	HAE	18,0	0	16,4	0	90,0	0	1,0	0	40,0	0	998,39	5.k=1.moyenne	435,4	ERA5
1067081	23/09/2025	17	23/09/2025	13	HAE	19,0	0	16,5	0	86,0	0	5,0	0	40,0	0	998,21	5.k=1.moyenne	555,8	ERA5
1067082	23/09/2025	18	23/09/2025	14	HAE	19,4	0	17,1	0	86,0	0	4,0	0	130,0	0	998,315	5.k=1.moyenne	608,5	ERA5
1067083	23/09/2025	19	23/09/2025	15	HAE	20,8	0	17,6	0	81,0	0	1,0	0	190,0	0	998,481	5.k=1.moyenne	755,6	ERA5
1067084	23/09/2025	20	23/09/2025	16	HAE	20,7	0	17,3	0	81,0	0	4,0	0	100,0	0	998,83	5.k=1.moyenne	738,2	ERA5
1067085	23/09/2025	21	23/09/2025	17	HAE	19,9	0	17,1	0	84,0	0	4,0	0	40,0	0	999,179	5.k=1.moyenne	469,1	ERA5
1067086	23/09/2025	22	23/09/2025	18	HAE	20,1	0	16,6	0	80,0	0	5,0	0	50,0	0	999,794	5.k=1.moyenne	269,8	ERA5
1067087	23/09/2025	23	23/09/2025	19	HAE	17,8	0	17,0	0	95,0	0	0,0	0	110,0	0	1000,22	5.k=1.moyenne	71,3	ERA5
1067088	24/09/2025	00	23/09/2025	20	HAE	16,0	0	15,9	0	100,0	0	1,0	0	300,0	0	1000,72	5.k=1.moyenne	-0,0	ERA5
1067089	24/09/2025	01	23/09/2025	21	HAE	15,4	0	15,4	0	100,0	5.k=1.STE-CLOTHILDE	0,0	0	0,0	0	1001,21	5.k=1.moyenne	0,0	ERA5
1067090	24/09/2025	02	23/09/2025	22	HAE	14,5	0	14,5	0	100,0	5.k=1.STE-CLOTHILDE	0,0	0	0,0	0	1001,6	5.k=1.moyenne	0,0	ERA5
1067091	24/09/2025	03	23/09/2025	23	HAE	13,5	0	13,5	0	99,1574	5.k=1.STE-CLOTHILDE	0,0	0	0,0	0	1001,96	5.k=1.moyenne	0,0	ERA5
1067092	24/09/2025	04	24/09/2025	00	HAE	13,2	0	13,2	0	98,3076	5.k=1.STE-CLOTHILDE	3,0	0	10,0	0	1002,33	5.k=1.moyenne	0,0	ERA5
1067093	24/09/2025	05	24/09/2025	01	HAE	13,4	0	13,4	0	97,4578	5.k=1.STE-CLOTHILDE	2,0	0	20,0	0	1002,91	5.k=1.moyenne	0,0	ERA5
1067094	24/09/2025	06	24/09/2025	02	HAE	13,1	0	13,1	0	97,4578	5.k=1.STE-CLOTHILDE	0,0	0	0,0	0	1002,91	5.k=1.moyenne	0,0	ERA5
1067095	24/09/2025	07	24/09/2025	03	HAE	13,2	0	13,2	0	97,4043	5.k=1.STE-CLOTHILDE	3,0	0	30,0	0	1003,17	5.k=1.moyenne	0,0	ERA5
1067096	24/09/2025	08	24/09/2025	04	HAE	13,4	0	13,4	0	96,4938	5.k=1.STE-CLOTHILDE	2,0	0	350,0	0	1003,44	5.k=1.moyenne	0,0	ERA5
1067097	24/09/2025	09	24/09/2025	05	HAE	13,0	0	13,0	0	95,5833	5.k=1.STE-CLOTHILDE	5,0	0	30,0	0	1003,86	5.k=1.moyenne	0,0	ERA5
1067098	24/09/2025	10	24/09/2025	06	HAE	13,9	0	13,9	0	94,6729	5.k=1.STE-CLOTHILDE	6,0	0	40,0	0	1004,35	5.k=1.moyenne	0,0	ERA5
1067099	24/09/2025	11	24/09/2025	07	HAE	13,8	0	13,8	0	93,7624	5.k=1.STE-CLOTHILDE	5,0	0	30,0	0	1004,96	5.k=1.moyenne	3,3	ERA5
1067100	24/09/2025	12	24/09/2025	08	HAE	13,6	0	13,6	0	92,8519	5.k=1.STE-CLOTHILDE	6,0	0	30,0	0	1005,42	5.k=1.moyenne	168,3	ERA5
1067101	24/09/2025	13	24/09/2025	09	HAE	13,6	5.k=1.ST-HUBERT	13,6	5.k=1.ST-HUBERT	91,9414	5.k=1.STE-CLOTHILDE	6,0	5.k=1.ST-HUBERT	30,0	5.k=1.STE-CLOTHILDE	1005,73	5.k=1.moyenne	574,0	ERA5
1067102	24/09/2025	14	24/09/2025	10	HAE	13,8919	5.k=1.ST-HUBERT	13,8981	5.k=1.ST-HUBERT	91,0309	5.k=1.STE-CLOTHILDE	5,89343	5.k=1.ST-HUBERT	50,0	5.k=1.STE-CLOTHILDE	1005,83	5.k=1.moyenne	779,9	ERA5
1067103	24/09/2025	15	24/09/2025	11	HAE	14,7796	5.k=1.ST-HUBERT	14,6876	5.k=1.ST-HUBERT	89,2634	5.k=1.STE-CLOTHILDE	6,95086	5.k=1.ST-HUBERT	30,0	5.k=1.STE-CLOTHILDE	1005,66	5.k=1.moyenne	1296,1	ERA5
1067104	24/09/2025	16	24/09/2025	12	HAE	15,0715	5.k=1.ST-HUBERT	14,5925	5.k=1.ST-HUBERT	87,4959	5.k=1.STE-CLOTHILDE	5,68029	5.k=1.ST-HUBERT	50,0	5.k=1.STE-CLOTHILDE	1005,45	5.k=1.moyenne	1617,9	ERA5
1067105	24/09/2025	17	24/09/2025	13	HAE	16,3565	5.k=1.ST-HUBERT	14,7922	5.k=1.ST-HUBERT	82,3005	5.k=1.STE-CLOTHILDE	5,57371	5.k=1.ST-HUBERT	20,0	5.k=1.STE-CLOTHILDE	1005,05	5.k=1.moyenne	1892,5	ERA5
1067106	24/09/2025	18	24/09/2025	14	HAE	18,0386	5.k=1.ST-HUBERT	14,7954	5.k=1.ST-HUBERT	73,677	5.k=1.STE-CLOTHILDE	4,30314	5.k=1.ST-HUBERT	30,0	5.k=1.STE-CLOTHILDE	1004,77	5.k=1.moyenne	1380,1	ERA5
1067107	24/09/2025	19	24/09/2025	15	HAE	20,5151	5.k=1.ST-HUBERT	14,9951	5.k=1.ST-HUBERT	67,6245	5.k=1.STE-CLOTHILDE	6,52457	5.k=1.ST-HUBERT	20,0	5.k=1.STE-CLOTHILDE	1004,26	5.k=1.moyenne	1033,6	ERA5
1067108	24/09/2025	20	24/09/2025	16	HAE	21,8	5.k=1.ST-HUBERT	14,9	5.k=1.ST-HUBERT	65,0	5.k=1.STE-CLOTHILDE	7,0	5.k=1.ST-HUBERT	40,0	5.k=1.STE-CLOTHILDE	1003,9	5.k=1.moyenne	562,0	ERA5
1067109	24/09/2025	21	24/09/2025	17	HAE	21,8	0	14,9	0	65,0	0	7,0	0	30,0	0	1003,76	5.k=1.moyenne	443,3	ERA5
1067110	24/09/2025	22	24/09/2025	18	HAE	20,8	0	15,3	0	71,0	0	4,0	0	10,0	0	1003,87	5.k=1.moyenne	159,1	ERA5
1067111	24/09/2025	23	24/09/2025	19	HAE	19,4	0	15,3	0	77,0	0	5,0	0	10,0	0	1003,92	5.k=1.moyenne	21,3	ERA5
1067112	25/09/2025	00	24/09/2025	20	HAE	18,5	0	14,6	0	78,0	0	7,0	0	30,0	0	1003,89	5.k=1.moyenne	-0,0	ERA5
1067113	25/09/2025	01	24/09/2025	21	HAE	17,9	0	14,3	0	79,0	0	2,0	0	320,0	0	1003,74	5.k=1.moyenne	0,0	ERA5
1067114	25/09/2025	02	24/09/2025	22	HAE	17,3	0	13,5	0	78,0	0	4,0	0	10,0	0	1003,64	5.k=1.moyenne	0,0	ERA5
1067115	25/09/2025	03	24/09/2025	23	HAE	16,6	0	14,0	0	84,0	0	0,0	0	90,0	0	1003,28	5.k=1.moyenne	0,0	ERA5
1067116	25/09/2025	04	25/09/2025	00	HAE	17,2	0	15,9	0	93,0	0	2,0	0	100,0	0	1003,06	5.k=1.moyenne	0,0	ERA5
1067117	25/09/2025	05	25/09/2025	01	HAE	17,2	0	16,8	0	97,0	0	5,0	0	70,0	0	1002,72	5.k=1.moyenne	0,0	ERA5
1067118	25/09/2025	06	25/09/2025	02	HAE	17,7	0	16,9	0	95,0	0	7,0	0	80,0	0	1002,72	5.k=1.moyenne	0,0	ERA5
1067119	25/09/2025	07	25/09/2025	03	HAE	17,9	0	16,3	0	90,0	0	5,0	0	120,0	0	1002,05	5.k=1.moyenne	0,0	ERA5
1067120	25/09/2025	08	25/09/2025	04	HAE	17,9	0	15,5	0	86,0	0	8,0	0	120,0	0	1001,71	5.k=1.moyenne	0,0	ERA5
1067121	25/09/2025	09	25/09/2025	05	HAE	17,6	0	15,2	0	86,0	0	7,0	0	110,0	0	1001,17	5.k=1.moyenne	0,0	ERA5
1067122	25/09/2025	10	25/09/2025	06	HAE	17,1	0	15,2	0	88,0	0	5,0	0	90,0	0	1000,94	5.k=1.moyenne	0,0	ERA5
1067123	25/09/2025	11	25/09/2025	07	HAE	17,0	0	15,3	0	90,0	0	8,0	0	130,0	0	1000,6	5.k=1.moyenne	1,8	ERA5
1067124	25/09/2025	12	25/09/2025	08	HAE	16,9	0	15,5	0	91,0	0	6,0	0	110,0	0	1000,24	5.k=1.moyenne	67,6	ERA5
1067125	25/09/2025	13	25/09/2025	09	HAE	16,9	0	16,0	0	95,0	0	2,0	0	110,0	0	999,675	5.k=1.moyenne	266,5	ERA5
1067126	25/09/2025	14	25/09/2025	10	HAE	16,9	5.k=1.ST-HUBERT	16,0	5.k=1.ST-HUBERT	95,0	5.k=1.STE-CLOTHILDE	2,0	5.k=1.ST-HUBERT	120,0	5.k=1.STE-CLOTHILDE	998,947	5.k=1.moyenne	319,3	ERA5
1067127	25/09/2025	15	25/09/2025	11	HAE	17,3382	5.k=1.ST-HUBERT	16,7718	5.k=1.ST-HUBERT	93,886	5.k=1.STE-CLOTHILDE	4,3312	5.k=1.ST-HUBERT	120,0	5.k=1.STE-CLOTHILDE	998,077	5.k=1.moyenne	217,2	ERA5
1067128	25/09/2025	16	25/09/2025	12	HAE	17,5778	5.k=1.ST-HUBERT	17,0522	5.k=1.ST-HUBERT	96,2	5.k=1.STE-CLOTHILDE	3,1704	5.k=1.ST-HUBERT	120,0	5.k=1.STE-CLOTHILDE	997,025	5.k=1.moyenne	326,8	ERA5
1067129	25/09/2025	17	25/09/2025	13	HAE	17,9166	5.k=1.ST-HUBERT	17,5291	5.k=1.ST-HUBERT	97,657	5.k=1.STE-CLOTHILDE	4,3376	5.k=1.ST-HUBERT	100,0	5.k=1.STE-CLOTHILDE	996,035	5.k=1.moyenne	445,4	ERA5
1067130	25/09/2025	18	25/09/2025	14	HAE	17,759	5.k=1.ST-HUBERT	17,6129	5.k=1.ST-HUBERT	99,114	5.k=1.STE-CLOTHILDE	5,5048	5.k=1.ST-HUBERT	110,0	5.k=1.STE-CLOTHILDE	995,025	5.k=1.moyenne	573,4	ERA5
1067131	25/09/2025	19	25/09/2025	15	HAE	17,8	5.k=1.ST-HUBERT	17,5	5.k=1.ST-HUBERT	98,0	5.k=1.STE-CLOTHILDE	9,0	5.k=1.ST-HUBERT	120,0	5.k=1.STE-CLOTHILDE	993,904	5.k=1.moyenne	288,5	ERA5
1067132	25/09/2025	20	25/09/2025	16	HAE	17,8	0	17,5	0	98,0	0	9,0	0	150,0	0	992,881	5.k=1.moyenne	192,6	ERA5
1067133	25/09/2025	21	25/09/2025	17	HAE	17,9	0	17,8	0	99,0	0	6,0	0	140,0	0	991,978	5.k=1.moyenne	79,9	ERA5
1067134	25/09/2025	22	25/09/2025	18	HAE	17,8	0	17,8	0	100,0	0	2,0	0	100,0	0	991,305	5.k=1.moyenne	26,0	ERA5
1067135	25/09/2025	23	25/09/2025	19	HAE	17,6	0	17,6	0	100,0	5.k=1.STE-CLOTHILDE	0,0	0	110,0	0	990,611	5.k=1.moyenne	6,6	ERA5
1067136	26/09/2025	00	25/09/2025	20	HAE	17,5	0	17,5	0	99,8333	5.k=1.STE-CLOTHILDE	0,0	0	0,0	0	990,105	5.k=1.moyenne	0,0	ERA5
1067137	26/09/2025	01	25/09/2025	21	HAE	17,5	0	17,5	0	99,6667	5.k=1.STE-CLOTHILDE	4,0	0	350,0	0	989,537	5.k=1.moyenne	0,0	ERA5
1067138	26/09/2025	02	25/09/2025	22	HAE	17,6	0	17,6	0	100,0	5.k=1.STE-CLOTHILDE	0,0	0	0,0	0	988,887	5.k=1.moyenne	0,0	ERA5
1067139	26/09/2025	03	25/09/2025	23	HAE	17,5	0	17,5	0	99,3333	5.k=1.STE-CLOTHILDE	4,0	0	270,0	0	988,236	5.k=1.moyenne	0,0	ERA5
1067140	26/09/2025	04	26/09/2025	00	HAE	16,8	0	16,8	0	99,1667	5.k=1.STE-CLOTHILDE	8,0	0	280,0	0	987,899	5.k=1.moyenne	0,0	ERA5
1067141	26/09/2025	05	26/09/2025	01	HAE	16,4	0	16,4	0	99,0	5.k=1.STE-CLOTHILDE	7,0	0	290,0	0	987,499	5.k=1.moyenne	0,0	ERA5
1067142	26/09/2025	06	26/09/2025	02	HAE	16,6	0	16,5	0	99,0	0	6,0	0	260,0	0	987,499	5.k=1.moyenne	0,0	ERA5
1067143	26/09/2025	07	26/09/2025	03	HAE	16,7	0	16,5	0	98,0	0	11,0	0	270,0	0	987,022	5.k=1.moyenne	0,0	ERA5
1067144	26/09/2025	08	26/09/2025	04	HAE	16,5	0	16,2	0	99,0	0	8,0	0	290,0	0	986,819	5.k=1.moyenne	0,0	ERA5
1067145	26/09/2025	09	26/09/2025	05	HAE	16,2	0	15,7	0	97,0	0	9,0	0	260,0	0	986,681	5.k=1.moyenne	0,0	ERA5
1067146	26/09/2025	10	26/09/2025	06	HAE	15,1	0	14,2	0	94,0	0	8,0	0	280,0	0	986,754	5.k=1.moyenne	0,0	ERA5
1067147	26/09/2025	11	26/09/2025	07	HAE	14,4	0	14,4	0	100,0	0	4,0	0	230,0	0	986,901	5.k=1.moyenne	1,4	ERA5
1067148	26/09/2025	12	26/09/2025	08	HAE	15,6	0	15,2	0	97,0	0	4,0	0	240,0	0	987,304	5.k=1.moyenne	105,1	ERA5
1067149	26/09/2025	13	26/09/2025	09	HAE	17,1	0	15,3	0	89,0	0	11,0	0	270,0	0	987,383	5.k=1.moyenne	308,7	ERA5
1067150	26/09/2025	14	26/09/2025	10	HAE	17,8	0	15,9	0	89,0	0	8,0	0	270,0	0	987,443	5.k=1.moyenne	709,5	ERA5
1067151	26/09/2025	15	26/09/2025	11	HAE	17,9	0	15,8	0	88,0	0	16,0	0	250,0	0	987,504	5.k=1.moyenne	738,9	ERA5
1067152	26/09/2025	16	26/09/2025	12	HAE	17,8	0	16,0	0	89,0	0	10,0	0	270,0	0	987,792	5.k=1.moyenne	1065,0	ERA5
1067153	26/09/2025	17	26/09/2025	13	HAE	18,6	0	15,6	0	83,0	0	12,0	0	270,0	0	987,857	5.k=1.moyenne	1274,2	ERA5
1067154	26/09/2025	18	26/09/2025	14	HAE	18,6	0	15,9	0	84,0	0	14,0	0	260,0	0	987,76	5.k=1.moyenne	1135,1	ERA5
1067155	26/09/2025	19	26/09/2025	15	HAE	20,2	0	16,1	0	78,0	0	16,0	0	250,0	0	987,95	5.k=1.moyenne	1043,4	ERA5
1067156	26/09/2025	20	26/09/2025	16	HAE	21,0	0	15,6	0	71,0	0	14,0	0	270,0	0	988,371	5.k=1.moyenne	735,1	ERA5
1067157	26/09/2025	21	26/09/2025	17	HAE	18,9	0	16,1	0	84,0	0	8,0	0	260,0	0	988,63	5.k=1.moyenne	681,6	ERA5
1067158	26/09/2025	22	26/09/2025	18	HAE	19,0	0	16,6	0	86,0	0	6,0	0	270,0	0	989,265	5.k=1.moyenne	397,6	ERA5
1067159	26/09/2025	23	26/09/2025	19	HAE	18,0	0	16,3	0	90,0	0	7,0	0	290,0	0	990,005	5.k=1.moyenne	55,5	ERA5
1067160	27/09/2025	00	26/09/2025	20	HAE	17,0	0	14,8	0	87,0	0	5,0	0	260,0	0	990,621	5.k=1.moyenne	0,0	ERA5
1067161	27/09/2025	01	26/09/2025	21	HAE	16,3	0	14,2	0	88,0	0	5,0	0	290,0	0	991,05	5.k=1.moyenne	0,0	ERA5
1067162	27/09/2025	02	26/09/2025	22	HAE	16,3	0	13,6	0	84,0	0	3,0	0	310,0	0	991,522	5.k=1.moyenne	0,0	ERA5
1067163	27/09/2025	03	26/09/2025	23	HAE	15,9	0	13,4	0	85,0	0	6,0	0	290,0	0	991,681	5.k=1.moyenne	0,0	ERA5
1067164	27/09/2025	04	27/09/2025	00	HAE	15,5	0	13,3	0	87,0	0	3,0	0	300,0	0	991,821	5.k=1.moyenne	0,0	ERA5
1067165	27/09/2025	05	27/09/2025	01	HAE	13,5	0	11,1	0	85,0	0	3,0	0	270,0	0	992,169	5.k=1.moyenne	0,0	ERA5
1067166	27/09/2025	06	27/09/2025	02	HAE	12,6	0	10,7	0	88,0	0	4,0	0	280,0	0	992,169	5.k=1.moyenne	0,0	ERA5
1067167	27/09/2025	07	27/09/2025	03	HAE	10,7	0	10,0	0	95,0	0	2,0	0	310,0	0	992,565	5.k=1.moyenne	0,0	ERA5
1067168	27/09/2025	08	27/09/2025	04	HAE	11,0	0	9,3	0	90,0	0	2,0	0	270,0	0	993,021	5.k=1.moyenne	0,0	ERA5
1067169	27/09/2025	09	27/09/2025	05	HAE	8,5	0	8,2	0	98,0	0	1,0	0	220,0	0	993,747	5.k=1.moyenne	0,0	ERA5
1067170	27/09/2025	10	27/09/2025	06	HAE	8,9	0	8,9	0	98,0	4.lineaire	0,0	0	230,0	0	994,554	5.k=1.moyenne	0,0	ERA5
1067171	27/09/2025	11	27/09/2025	07	HAE	9,5	0	9,5	0	98,0	4.lineaire	0,0	0	0,0	0	995,36	5.k=1.moyenne	2,4	ERA5
1067172	27/09/2025	12	27/09/2025	08	HAE	11,4	0	11,1	0	98,0	0	1,0	0	30,0	0	996,02	5.k=1.moyenne	215,0	ERA5
1067173	27/09/2025	13	27/09/2025	09	HAE	14,0	0	9,3	0	73,0	0	6,0	0	30,0	0	996,407	5.k=1.moyenne	550,6	ERA5
1067174	27/09/2025	14	27/09/2025	10	HAE	15,9	0	8,4	0	61,0	0	4,0	0	70,0	0	996,564	5.k=1.moyenne	1229,5	ERA5
1067175	27/09/2025	15	27/09/2025	11	HAE	16,8	0	7,0	0	52,0	0	8,0	0	130,0	0	996,574	5.k=1.moyenne	1677,1	ERA5
1067176	27/09/2025	16	27/09/2025	12	HAE	17,8	0	7,6	0	51,0	0	4,0	0	70,0	0	996,375	5.k=1.moyenne	2210,2	ERA5
1067177	27/09/2025	17	27/09/2025	13	HAE	19,3	0	6,7	0	44,0	0	2,0	0	80,0	0	995,988	5.k=1.moyenne	2225,6	ERA5
1067178	27/09/2025	18	27/09/2025	14	HAE	20,1	0	8,8	0	48,0	0	11,0	0	190,0	0	995,538	5.k=1.moyenne	2245,7	ERA5
1067179	27/09/2025	19	27/09/2025	15	HAE	20,4	0	9,6	0	50,0	0	10,0	0	130,0	0	995,087	5.k=1.moyenne	2050,6	ERA5
1067180	27/09/2025	20	27/09/2025	16	HAE	20,8	0	10,9	0	53,0	0	9,0	0	210,0	0	994,927	5.k=1.moyenne	1543,0	ERA5
1067181	27/09/2025	21	27/09/2025	17	HAE	19,9	0	12,0	0	60,0	0	9,0	0	190,0	0	994,599	5.k=1.moyenne	999,4	ERA5
1067182	27/09/2025	22	27/09/2025	18	HAE	18,4	0	12,8	0	70,0	0	3,0	0	170,0	0	994,73	5.k=1.moyenne	355,4	ERA5
1067183	27/09/2025	23	27/09/2025	19	HAE	16,7	0	12,8	0	77,0	0	6,0	0	170,0	0	994,964	5.k=1.moyenne	34,8	ERA5
1067184	28/09/2025	00	27/09/2025	20	HAE	15,2	0	12,5	0	84,0	0	5,0	0	150,0	0	995,052	5.k=1.moyenne	0,0	ERA5
1067185	28/09/2025	01	27/09/2025	21	HAE	14,7	0	12,9	0	89,0	0	6,0	0	150,0	0	995,119	5.k=1.moyenne	0,0	ERA5
1067186	28/09/2025	02	27/09/2025	22	HAE	15,7	0	14,5	0	93,0	0	9,0	0	160,0	0	994,998	5.k=1.moyenne	0,0	ERA5
1067187	28/09/2025	03	27/09/2025	23	HAE	15,5	0	14,4	0	93,0	0	7,0	0	160,0	0	994,898	5.k=1.moyenne	0,0	ERA5
1067188	28/09/2025	04	28/09/2025	00	HAE	14,9	0	14,8	0	99,0	0	6,0	0	170,0	0	994,63	5.k=1.moyenne	0,0	ERA5
1067189	28/09/2025	05	28/09/2025	01	HAE	15,0	0	14,9	0	99,0	0	7,0	0	170,0	0	994,55	5.k=1.moyenne	0,0	ERA5
1067190	28/09/2025	06	28/09/2025	02	HAE	16,0	0	16,0	0	99,5	4.lineaire	7,0	0	170,0	0	994,55	5.k=1.moyenne	0,0	ERA5
1067191	28/09/2025	07	28/09/2025	03	HAE	16,0	0	15,9	0	100,0	0	6,0	0	180,0	0	994,051	5.k=1.moyenne	0,0	ERA5
1067192	28/09/2025	08	28/09/2025	04	HAE	16,1	0	15,7	0	97,0	0	8,0	0	180,0	0	993,7	5.k=1.moyenne	0,0	ERA5
1067193	28/09/2025	09	28/09/2025	05	HAE	16,6	0	15,9	0	96,0	0	8,0	0	190,0	0	993,662	5.k=1.moyenne	0,0	ERA5
1067194	28/09/2025	10	28/09/2025	06	HAE	15,9	0	15,4	0	97,0	0	10,0	0	200,0	0	993,709	5.k=1.moyenne	0,0	ERA5
1067195	28/09/2025	11	28/09/2025	07	HAE	15,5	0	15,0	0	97,0	0	9,0	0	190,0	0	993,904	5.k=1.moyenne	1,8	ERA5
1067196	28/09/2025	12	28/09/2025	08	HAE	16,3	0	15,4	0	94,0	0	9,0	0	200,0	0	994,162	5.k=1.moyenne	260,7	ERA5
1067197	28/09/2025	13	28/09/2025	09	HAE	19,3	0	15,3	0	78,0	0	12,0	0	240,0	0	994,338	5.k=1.moyenne	819,1	ERA5
1067198	28/09/2025	14	28/09/2025	10	HAE	20,0	0	15,5	0	76,0	0	12,0	0	250,0	0	994,452	5.k=1.moyenne	1323,3	ERA5
1067199	28/09/2025	15	28/09/2025	11	HAE	21,0	0	15,2	0	70,0	0	14,0	0	260,0	0	994,525	5.k=1.moyenne	1746,6	ERA5
1067200	28/09/2025	16	28/09/2025	12	HAE	22,2	0	14,5	0	62,0	0	16,0	0	280,0	0	994,558	5.k=1.moyenne	1762,7	ERA5
1067201	28/09/2025	17	28/09/2025	13	HAE	22,9	0	15,1	0	61,0	0	9,0	0	310,0	0	994,591	5.k=1.moyenne	2015,3	ERA5
1067202	28/09/2025	18	28/09/2025	14	HAE	23,6	0	11,7	0	47,0	0	10,0	0	290,0	0	994,834	5.k=1.moyenne	2270,6	ERA5
1067203	28/09/2025	19	28/09/2025	15	HAE	23,8	0	9,5	0	40,0	0	12,0	0	290,0	0	995,118	5.k=1.moyenne	2144,2	ERA5
1067204	28/09/2025	20	28/09/2025	16	HAE	23,7	0	6,9	0	34,0	0	13,0	0	300,0	0	995,549	5.k=1.moyenne	1725,1	ERA5
1067205	28/09/2025	21	28/09/2025	17	HAE	23,5	0	6,2	0	33,0	0	11,0	0	290,0	0	995,939	5.k=1.moyenne	1157,7	ERA5
1067206	28/09/2025	22	28/09/2025	18	HAE	22,1	0	5,9	0	35,0	0	9,0	0	290,0	0	996,497	5.k=1.moyenne	533,7	ERA5
1067207	28/09/2025	23	28/09/2025	19	HAE	19,3	0	6,4	0	43,0	0	5,0	0	290,0	0	996,992	5.k=1.moyenne	59,7	ERA5
1067208	29/09/2025	00	28/09/2025	20	HAE	13,9	0	8,4	0	69,0	0	5,0	0	200,0	0	997,633	5.k=1.moyenne	0,0	ERA5
1067209	29/09/2025	01	28/09/2025	21	HAE	12,1	0	8,4	0	78,0	0	3,0	0	220,0	0	998,046	5.k=1.moyenne	0,0	ERA5
1067210	29/09/2025	02	28/09/2025	22	HAE	10,3	0	7,4	0	82,0	0	4,0	0	200,0	0	998,479	5.k=1.moyenne	0,0	ERA5
1067211	29/09/2025	03	28/09/2025	23	HAE	11,5	0	7,6	0	77,0	0	3,0	0	220,0	0	998,663	5.k=1.moyenne	0,0	ERA5
1067212	29/09/2025	04	29/09/2025	00	HAE	9,4	0	7,8	0	89,0	0	7,0	0	180,0	0	999,014	5.k=1.moyenne	0,0	ERA5
1067213	29/09/2025	05	29/09/2025	01	HAE	9,2	0	7,7	0	91,0	0	5,0	0	200,0	0	999,136	5.k=1.moyenne	0,0	ERA5
1067214	29/09/2025	06	29/09/2025	02	HAE	9,4	0	7,5	0	88,0	0	5,0	0	190,0	0	999,136	5.k=1.moyenne	0,0	ERA5
1067215	29/09/2025	07	29/09/2025	03	HAE	8,8	0	6,9	0	88,0	0	6,0	0	200,0	0	999,553	5.k=1.moyenne	0,0	ERA5
1067216	29/09/2025	08	29/09/2025	04	HAE	11,6	0	7,0	0	73,0	0	6,0	0	230,0	0	999,886	5.k=1.moyenne	0,0	ERA5
1067217	29/09/2025	09	29/09/2025	05	HAE	10,5	0	7,5	0	82,0	0	8,0	0	220,0	0	1000,11	5.k=1.moyenne	0,0	ERA5
1067218	29/09/2025	10	29/09/2025	06	HAE	9,3	0	6,9	0	85,0	0	6,0	0	200,0	0	1000,4	5.k=1.moyenne	0,0	ERA5
1067219	29/09/2025	11	29/09/2025	07	HAE	7,9	0	6,4	0	90,0	0	5,0	0	170,0	0	1000,92	5.k=1.moyenne	1,3	ERA5
1067220	29/09/2025	12	29/09/2025	08	HAE	11,0	0	8,4	0	84,0	0	3,0	0	200,0	0	1001,2	5.k=1.moyenne	261,6	ERA5
1067221	29/09/2025	13	29/09/2025	09	HAE	17,2	0	8,9	0	58,0	0	8,0	0	240,0	0	1001,5	5.k=1.moyenne	853,2	ERA5
1067222	29/09/2025	14	29/09/2025	10	HAE	19,1	0	8,9	0	51,0	0	12,0	0	250,0	0	1001,43	5.k=1.moyenne	1451,4	ERA5
1067223	29/09/2025	15	29/09/2025	11	HAE	20,9	0	8,9	0	46,0	0	11,0	0	260,0	0	1001,17	5.k=1.moyenne	1944,9	ERA5
1067224	29/09/2025	16	29/09/2025	12	HAE	22,5	0	9,9	0	45,0	0	14,0	0	220,0	0	1000,91	5.k=1.moyenne	2276,5	ERA5
1067225	29/09/2025	17	29/09/2025	13	HAE	23,7	0	10,1	0	42,0	0	15,0	0	250,0	0	1000,59	5.k=1.moyenne	2414,0	ERA5
1067226	29/09/2025	18	29/09/2025	14	HAE	24,6	0	9,2	0	38,0	0	14,0	0	250,0	0	1000,39	5.k=1.moyenne	2352,6	ERA5
1067227	29/09/2025	19	29/09/2025	15	HAE	25,4	0	10,0	0	38,0	0	14,0	0	240,0	0	1000,25	5.k=1.moyenne	2101,9	ERA5
1067228	29/09/2025	20	29/09/2025	16	HAE	25,5	0	9,7	0	37,0	0	17,0	0	250,0	0	1000,51	5.k=1.moyenne	1677,4	ERA5
1067229	29/09/2025	21	29/09/2025	17	HAE	25,0	0	9,2	0	37,0	0	12,0	0	250,0	0	1000,78	5.k=1.moyenne	1121,4	ERA5
1067230	29/09/2025	22	29/09/2025	18	HAE	23,5	0	9,7	0	41,0	0	8,0	0	250,0	0	1001,06	5.k=1.moyenne	509,2	ERA5
1067231	29/09/2025	23	29/09/2025	19	HAE	19,8	0	10,1	0	54,0	0	5,0	0	240,0	0	1001,52	5.k=1.moyenne	51,4	ERA5
1067232	30/09/2025	00	29/09/2025	20	HAE	19,0	0	10,0	0	56,0	0	9,0	0	220,0	0	1001,86	5.k=1.moyenne	0,0	ERA5
1067233	30/09/2025	01	29/09/2025	21	HAE	17,2	0	10,0	0	63,0	0	10,0	0	230,0	0	1002,24	5.k=1.moyenne	0,0	ERA5
1067234	30/09/2025	02	29/09/2025	22	HAE	16,2	0	10,3	0	68,0	0	7,0	0	230,0	0	1002,41	5.k=1.moyenne	0,0	ERA5
1067235	30/09/2025	03	29/09/2025	23	HAE	16,5	0	9,8	0	64,0	0	5,0	0	230,0	0	1002,52	5.k=1.moyenne	0,0	ERA5
1067236	30/09/2025	04	30/09/2025	00	HAE	17,9	0	8,9	0	56,0	0	9,0	0	280,0	0	1002,77	5.k=1.moyenne	0,0	ERA5
1067237	30/09/2025	05	30/09/2025	01	HAE	15,0	0	9,2	0	69,0	0	4,0	0	30,0	0	1003,17	5.k=1.moyenne	0,0	ERA5
1067238	30/09/2025	06	30/09/2025	02	HAE	14,2	0	10,0	0	76,0	0	4,0	0	350,0	0	1003,17	5.k=1.moyenne	0,0	ERA5
1067239	30/09/2025	07	30/09/2025	03	HAE	12,5	0	9,8	0	84,0	0	2,0	0	0,0	0	1003,41	5.k=1.moyenne	0,0	ERA5
1067240	30/09/2025	08	30/09/2025	04	HAE	11,8	0	9,4	0	85,0	0	3,0	0	20,0	0	1003,69	5.k=1.moyenne	0,0	ERA5
1067241	30/09/2025	09	30/09/2025	05	HAE	11,5	0	9,5	0	88,0	0	1,0	0	360,0	0	1004,16	5.k=1.moyenne	0,0	ERA5
1067242	30/09/2025	10	30/09/2025	06	HAE	10,7	0	8,6	0	87,0	0	1,0	0	20,0	0	1004,9	5.k=1.moyenne	0,0	ERA5
1067243	30/09/2025	11	30/09/2025	07	HAE	12,3	0	10,0	0	86,0	0	5,0	0	360,0	0	1005,59	5.k=1.moyenne	0,8	ERA5
1067244	30/09/2025	12	30/09/2025	08	HAE	13,5	0	9,9	0	79,0	0	6,0	0	10,0	0	1006,19	5.k=1.moyenne	249,1	ERA5
1067245	30/09/2025	13	30/09/2025	09	HAE	15,4	0	8,8	0	65,0	0	8,0	0	20,0	0	1006,9	5.k=1.moyenne	847,9	ERA5
1067246	30/09/2025	14	30/09/2025	10	HAE	17,3	0	6,0	0	47,0	0	13,0	0	20,0	0	1007,13	5.k=1.moyenne	1464,4	ERA5
1067247	30/09/2025	15	30/09/2025	11	HAE	17,9	0	7,3	0	50,0	0	10,0	0	30,0	0	1007,46	5.k=1.moyenne	1928,9	ERA5
1067248	30/09/2025	16	30/09/2025	12	HAE	18,9	0	6,4	0	44,0	0	5,0	0	360,0	0	1007,43	5.k=1.moyenne	2339,1	ERA5
1067249	30/09/2025	17	30/09/2025	13	HAE	18,5	0	5,5	0	42,0	0	7,0	0	20,0	0	1007,36	5.k=1.moyenne	2480,4	ERA5
1067250	30/09/2025	18	30/09/2025	14	HAE	18,4	0	6,1	0	44,0	0	9,0	0	350,0	0	1007,38	5.k=1.moyenne	2427,5	ERA5
1067251	30/09/2025	19	30/09/2025	15	HAE	17,6	0	3,3	0	38,0	0	11,0	0	350,0	0	1007,3	5.k=1.moyenne	2151,1	ERA5
1067252	30/09/2025	20	30/09/2025	16	HAE	17,3	0	4,0	0	41,0	0	12,0	0	30,0	0	1007,29	5.k=1.moyenne	1705,0	ERA5
1067253	30/09/2025	21	30/09/2025	17	HAE	16,5	0	3,3	0	41,0	0	11,0	0	30,0	0	1007,4	5.k=1.moyenne	1129,6	ERA5
1067254	30/09/2025	22	30/09/2025	18	HAE	15,1	0	3,9	0	47,0	0	5,0	0	20,0	0	1007,69	5.k=1.moyenne	501,8	ERA5
1067255	30/09/2025	23	30/09/2025	19	HAE	12,9	0	4,2	0	55,0	0	3,0	0	50,0	0	1008,03	5.k=1.moyenne	46,3	ERA5
1067256	01/10/2025	00	30/09/2025	20	HAE	9,9	0	4,1	0	67,0	0	0,0	0	0,0	0	1008,52	5.k=1.moyenne	0,0	ERA5
1067257	01/10/2025	01	30/09/2025	21	HAE	8,6	0	5,1	0	79,0	0	0,0	0	10,0	0	1008,77	5.k=1.moyenne	0,0	ERA5
1067258	01/10/2025	02	30/09/2025	22	HAE	8,1	0	5,5	0	84,0	0	3,0	0	10,0	0	1009,05	5.k=1.moyenne	0,0	ERA5
1067259	01/10/2025	03	30/09/2025	23	HAE	7,3	0	5,1	0	86,0	0	1,0	0	340,0	0	1008,91	5.k=1.moyenne	0,0	ERA5
1067260	01/10/2025	04	01/10/2025	00	HAE	5,9	0	4,9	0	93,0	0	1,0	0	360,0	0	1009,0	5.k=1.moyenne	0,0	ERA5
1067261	01/10/2025	05	01/10/2025	01	HAE	6,2	0	4,7	0	91,0	0	3,0	0	360,0	0	1009,21	5.k=1.moyenne	0,0	ERA5
1067262	01/10/2025	06	01/10/2025	02	HAE	6,8	0	4,3	0	84,0	0	4,0	0	10,0	0	1009,21	5.k=1.moyenne	0,0	ERA5
1067263	01/10/2025	07	01/10/2025	03	HAE	6,3	0	4,0	0	85,0	0	6,0	0	20,0	0	1009,19	5.k=1.moyenne	0,0	ERA5
1067264	01/10/2025	08	01/10/2025	04	HAE	5,7	0	3,7	0	87,0	0	3,0	0	20,0	0	1009,25	5.k=1.moyenne	0,0	ERA5
1067265	01/10/2025	09	01/10/2025	05	HAE	5,2	0	3,4	0	88,0	0	5,0	0	0,0	0	1009,69	5.k=1.moyenne	0,0	ERA5
1067266	01/10/2025	10	01/10/2025	06	HAE	5,3	0	3,0	0	86,0	0	4,0	0	0,0	0	1010,02	5.k=1.moyenne	0,0	ERA5
1067267	01/10/2025	11	01/10/2025	07	HAE	3,5	0	2,4	0	93,0	0	1,0	0	20,0	0	1010,27	5.k=1.moyenne	0,4	ERA5
1067268	01/10/2025	12	01/10/2025	08	HAE	5,8	0	3,5	0	85,0	0	7,0	0	10,0	0	1010,84	5.k=1.moyenne	246,2	ERA5
1067269	01/10/2025	13	01/10/2025	09	HAE	8,6	0	4,0	0	73,0	0	8,0	0	20,0	0	1011,18	5.k=1.moyenne	843,2	ERA5
1067270	01/10/2025	14	01/10/2025	10	HAE	9,9	0	4,4	0	68,0	0	8,0	0	30,0	0	1011,26	5.k=1.moyenne	1449,6	ERA5
1067271	01/10/2025	15	01/10/2025	11	HAE	11,1	0	3,8	0	61,0	0	10,0	0	20,0	0	1011,39	5.k=1.moyenne	1951,1	ERA5
1067272	01/10/2025	16	01/10/2025	12	HAE	12,6	0	4,2	0	56,0	0	9,0	0	20,0	0	1011,31	5.k=1.moyenne	2279,6	ERA5
1067273	01/10/2025	17	01/10/2025	13	HAE	13,4	0	3,5	0	51,0	0	14,0	0	20,0	0	1011,06	5.k=1.moyenne	2432,1	ERA5
1067274	01/10/2025	18	01/10/2025	14	HAE	15,1	0	3,7	0	46,0	0	5,0	0	330,0	0	1010,82	5.k=1.moyenne	2328,0	ERA5
1067275	01/10/2025	19	01/10/2025	15	HAE	15,1	0	1,1	0	39,0	0	11,0	0	360,0	0	1010,55	5.k=1.moyenne	2100,3	ERA5
1067276	01/10/2025	20	01/10/2025	16	HAE	15,1	0	-0,5	0	34,0	0	12,0	0	30,0	0	1010,37	5.k=1.moyenne	1696,2	ERA5
1067277	01/10/2025	21	01/10/2025	17	HAE	14,9	0	-0,7	0	34,0	0	11,0	0	20,0	0	1010,39	5.k=1.moyenne	1117,9	ERA5
1067278	01/10/2025	22	01/10/2025	18	HAE	13,5	0	0,8	0	42,0	0	5,0	0	30,0	0	1010,69	5.k=1.moyenne	487,9	ERA5
1067279	01/10/2025	23	01/10/2025	19	HAE	10,3	0	1,6	0	55,0	0	0,0	0	310,0	0	1011,12	5.k=1.moyenne	40,5	ERA5
1067280	02/10/2025	00	01/10/2025	20	HAE	8,1	0	2,3	0	67,0	0	1,0	0	40,0	0	1011,57	5.k=1.moyenne	0,0	ERA5
1067281	02/10/2025	01	01/10/2025	21	HAE	6,3	0	2,4	0	76,0	0	0,0	0	0,0	0	1011,92	5.k=1.moyenne	0,0	ERA5
1067282	02/10/2025	02	01/10/2025	22	HAE	5,3	0	2,8	0	84,0	0	1,0	0	30,0	0	1012,04	5.k=1.moyenne	0,0	ERA5
1067283	02/10/2025	03	01/10/2025	23	HAE	5,1	0	2,5	0	84,0	0	3,0	0	40,0	0	1012,22	5.k=1.moyenne	0,0	ERA5
1067284	02/10/2025	04	02/10/2025	00	HAE	5,7	0	2,1	0	77,0	0	3,0	0	10,0	0	1012,35	5.k=1.moyenne	0,0	ERA5
1067285	02/10/2025	05	02/10/2025	01	HAE	5,3	0	2,0	0	79,0	0	3,0	0	30,0	0	1012,53	5.k=1.moyenne	0,0	ERA5
1067286	02/10/2025	06	02/10/2025	02	HAE	3,3	0	1,4	0	87,0	0	0,0	0	0,0	0	1012,53	5.k=1.moyenne	0,0	ERA5
1067287	02/10/2025	07	02/10/2025	03	HAE	2,6	0	2,1	0	97,0	0	0,0	0	350,0	0	1012,61	5.k=1.moyenne	0,0	ERA5
1067288	02/10/2025	08	02/10/2025	04	HAE	1,7	0	1,5	0	98,0	0	1,0	0	90,0	0	1012,77	5.k=1.moyenne	0,0	ERA5
1067289	02/10/2025	09	02/10/2025	05	HAE	1,6	0	1,4	0	99,0	0	2,0	0	10,0	0	1012,9	5.k=1.moyenne	0,0	ERA5
1067290	02/10/2025	10	02/10/2025	06	HAE	1,7	0	1,6	0	99,0	0	1,0	0	360,0	0	1013,23	5.k=1.moyenne	0,0	ERA5
1067291	02/10/2025	11	02/10/2025	07	HAE	0,7	0	0,4	0	98,0	0	0,0	0	300,0	0	1013,47	5.k=1.moyenne	0,2	ERA5
1067292	02/10/2025	12	02/10/2025	08	HAE	3,6	0	3,6	0	100,0	0	3,0	0	30,0	0	1013,6	5.k=1.moyenne	229,1	ERA5
1067293	02/10/2025	13	02/10/2025	09	HAE	7,8	0	4,5	0	80,0	0	1,0	0	70,0	0	1013,55	5.k=1.moyenne	780,9	ERA5
1067294	02/10/2025	14	02/10/2025	10	HAE	10,5	0	3,2	0	61,0	0	4,0	0	150,0	0	1013,45	5.k=1.moyenne	1411,4	ERA5
1067295	02/10/2025	15	02/10/2025	11	HAE	12,4	0	3,5	0	55,0	0	3,0	0	90,0	0	1012,9	5.k=1.moyenne	1908,1	ERA5
1067296	02/10/2025	16	02/10/2025	12	HAE	14,8	0	3,1	0	45,0	0	9,0	0	210,0	0	1012,11	5.k=1.moyenne	2228,0	ERA5
1067297	02/10/2025	17	02/10/2025	13	HAE	15,7	0	1,6	0	39,0	0	6,0	0	180,0	0	1011,24	5.k=1.moyenne	2331,7	ERA5
1067298	02/10/2025	18	02/10/2025	14	HAE	16,7	0	1,7	0	36,0	0	12,0	0	160,0	0	1010,47	5.k=1.moyenne	2286,7	ERA5
1067299	02/10/2025	19	02/10/2025	15	HAE	17,1	0	1,7	0	35,0	0	8,0	0	230,0	0	1009,66	5.k=1.moyenne	2048,5	ERA5
1067300	02/10/2025	20	02/10/2025	16	HAE	17,2	0	1,5	0	35,0	0	8,0	0	160,0	0	1008,89	5.k=1.moyenne	1634,3	ERA5
1067301	02/10/2025	21	02/10/2025	17	HAE	17,0	0	2,1	0	37,0	0	6,0	0	130,0	0	1008,48	5.k=1.moyenne	1068,2	ERA5
1067302	02/10/2025	22	02/10/2025	18	HAE	15,3	0	3,4	0	45,0	0	6,0	0	130,0	0	1008,16	5.k=1.moyenne	457,3	ERA5
1067303	02/10/2025	23	02/10/2025	19	HAE	11,3	0	3,8	0	60,0	0	0,0	0	0,0	0	1007,9	5.k=1.moyenne	33,6	ERA5
1067304	03/10/2025	00	02/10/2025	20	HAE	8,9	0	4,4	0	73,0	0	0,0	0	0,0	0	1007,66	5.k=1.moyenne	0,0	ERA5
1067305	03/10/2025	01	02/10/2025	21	HAE	7,4	0	4,5	0	82,0	0	0,0	0	0,0	0	1007,27	5.k=1.moyenne	0,0	ERA5
1067306	03/10/2025	02	02/10/2025	22	HAE	6,2	0	4,2	0	87,0	0	1,0	0	190,0	0	1007,01	5.k=1.moyenne	0,0	ERA5
1067307	03/10/2025	03	02/10/2025	23	HAE	6,0	0	3,9	0	86,0	0	3,0	0	170,0	0	1006,52	5.k=1.moyenne	0,0	ERA5
1067308	03/10/2025	04	03/10/2025	00	HAE	4,4	0	3,5	0	94,0	0	6,0	0	170,0	0	1006,18	5.k=1.moyenne	0,0	ERA5
1067309	03/10/2025	05	03/10/2025	01	HAE	6,5	0	4,7	0	88,0	0	11,0	0	160,0	0	1005,89	5.k=1.moyenne	0,0	ERA5
1067310	03/10/2025	06	03/10/2025	02	HAE	5,8	0	4,5	0	91,0	0	5,0	0	190,0	0	1005,89	5.k=1.moyenne	0,0	ERA5
1067311	03/10/2025	07	03/10/2025	03	HAE	5,8	0	4,5	0	91,0	0	6,0	0	190,0	0	1005,44	5.k=1.moyenne	0,0	ERA5
1067312	03/10/2025	08	03/10/2025	04	HAE	5,9	0	4,8	0	92,0	0	6,0	0	180,0	0	1005,03	5.k=1.moyenne	0,0	ERA5
1067313	03/10/2025	09	03/10/2025	05	HAE	6,7	0	5,4	0	91,0	0	7,0	0	170,0	0	1004,56	5.k=1.moyenne	0,0	ERA5
1067314	03/10/2025	10	03/10/2025	06	HAE	5,2	0	4,7	0	97,0	0	8,0	0	170,0	0	1004,33	5.k=1.moyenne	0,0	ERA5
1067315	03/10/2025	11	03/10/2025	07	HAE	5,1	0	5,0	0	99,0	0	8,0	0	160,0	0	1004,24	5.k=1.moyenne	0,1	ERA5
1067316	03/10/2025	12	03/10/2025	08	HAE	8,1	0	7,5	0	96,0	0	4,0	0	190,0	0	1004,26	5.k=1.moyenne	222,2	ERA5
1067317	03/10/2025	13	03/10/2025	09	HAE	12,9	0	8,7	0	76,0	0	11,0	0	180,0	0	1003,99	5.k=1.moyenne	802,0	ERA5
1067318	03/10/2025	14	03/10/2025	10	HAE	15,2	0	8,0	0	62,0	0	11,0	0	180,0	0	1003,68	5.k=1.moyenne	1391,8	ERA5
1067319	03/10/2025	15	03/10/2025	11	HAE	17,5	0	7,5	0	52,0	0	9,0	0	250,0	0	1003,1	5.k=1.moyenne	1878,4	ERA5
1067320	03/10/2025	16	03/10/2025	12	HAE	19,1	0	9,7	0	54,0	0	12,0	0	240,0	0	1002,51	5.k=1.moyenne	2207,9	ERA5
1067321	03/10/2025	17	03/10/2025	13	HAE	20,0	0	9,6	0	51,0	0	14,0	0	160,0	0	1001,88	5.k=1.moyenne	2352,1	ERA5
1067322	03/10/2025	18	03/10/2025	14	HAE	20,8	0	9,4	0	48,0	0	12,0	0	200,0	0	1001,38	5.k=1.moyenne	2286,7	ERA5
1067323	03/10/2025	19	03/10/2025	15	HAE	21,3	0	9,4	0	47,0	0	13,0	0	180,0	0	1000,94	5.k=1.moyenne	2026,1	ERA5
1067324	03/10/2025	20	03/10/2025	16	HAE	21,4	0	9,2	0	46,0	0	15,0	0	180,0	0	1000,62	5.k=1.moyenne	1545,4	ERA5
1067325	03/10/2025	21	03/10/2025	17	HAE	20,4	0	9,4	0	49,0	0	13,0	0	180,0	0	1000,78	5.k=1.moyenne	986,4	ERA5
1067326	03/10/2025	22	03/10/2025	18	HAE	18,4	0	9,1	0	54,0	0	7,0	0	180,0	0	1000,98	5.k=1.moyenne	429,8	ERA5
1067327	03/10/2025	23	03/10/2025	19	HAE	14,3	0	9,2	0	71,0	0	7,0	0	170,0	0	1001,22	5.k=1.moyenne	28,3	ERA5
1067328	04/10/2025	00	03/10/2025	20	HAE	12,2	0	8,6	0	78,0	0	3,0	0	190,0	0	1001,47	5.k=1.moyenne	0,0	ERA5
1067329	04/10/2025	01	03/10/2025	21	HAE	13,6	0	9,5	0	76,0	0	5,0	0	190,0	0	1001,56	5.k=1.moyenne	0,0	ERA5
1067330	04/10/2025	02	03/10/2025	22	HAE	14,8	0	10,4	0	74,0	0	7,0	0	170,0	0	1001,66	5.k=1.moyenne	0,0	ERA5
1067331	04/10/2025	03	03/10/2025	23	HAE	15,1	0	10,2	0	73,0	0	7,0	0	200,0	0	1001,74	5.k=1.moyenne	0,0	ERA5
1067332	04/10/2025	04	04/10/2025	00	HAE	14,6	0	9,8	0	73,0	0	6,0	0	190,0	0	1001,73	5.k=1.moyenne	0,0	ERA5
1067333	04/10/2025	05	04/10/2025	01	HAE	14,7	0	9,9	0	73,0	0	5,0	0	170,0	0	1001,81	5.k=1.moyenne	0,0	ERA5
1067334	04/10/2025	06	04/10/2025	02	HAE	13,5	0	9,9	0	79,0	0	7,0	0	180,0	0	1001,81	5.k=1.moyenne	0,0	ERA5
1067335	04/10/2025	07	04/10/2025	03	HAE	11,8	0	9,3	0	84,0	0	2,0	0	200,0	0	1001,91	5.k=1.moyenne	0,0	ERA5
1067336	04/10/2025	08	04/10/2025	04	HAE	11,8	0	9,4	0	85,0	0	4,0	0	190,0	0	1002,17	5.k=1.moyenne	0,0	ERA5
1067337	04/10/2025	09	04/10/2025	05	HAE	12,6	0	10,4	0	86,0	0	3,0	0	170,0	0	1002,56	5.k=1.moyenne	0,0	ERA5
1067338	04/10/2025	10	04/10/2025	06	HAE	11,6	0	9,9	0	90,0	0	4,0	0	190,0	0	1003,07	5.k=1.moyenne	0,0	ERA5
1067339	04/10/2025	11	04/10/2025	07	HAE	11,3	0	10,8	0	97,0	0	3,0	0	190,0	0	1003,5	5.k=1.moyenne	0,0	ERA5
1067340	04/10/2025	12	04/10/2025	08	HAE	14,0	0	12,9	0	93,0	0	4,0	0	180,0	0	1004,06	5.k=1.moyenne	190,8	ERA5
1067341	04/10/2025	13	04/10/2025	09	HAE	17,2	0	11,3	0	68,0	0	10,0	0	220,0	0	1004,6	5.k=1.moyenne	711,1	ERA5
1067342	04/10/2025	14	04/10/2025	10	HAE	19,6	0	11,3	0	59,0	0	6,0	0	260,0	0	1004,76	5.k=1.moyenne	1288,3	ERA5
1067343	04/10/2025	15	04/10/2025	11	HAE	20,8	0	11,8	0	56,0	0	9,0	0	260,0	0	1004,61	5.k=1.moyenne	1811,3	ERA5
1067344	04/10/2025	16	04/10/2025	12	HAE	23,0	0	12,4	0	51,0	0	13,0	0	230,0	0	1004,29	5.k=1.moyenne	2141,3	ERA5
1067345	04/10/2025	17	04/10/2025	13	HAE	23,7	0	12,5	0	50,0	0	11,0	0	300,0	0	1004,12	5.k=1.moyenne	2279,1	ERA5
1067346	04/10/2025	18	04/10/2025	14	HAE	24,4	0	12,7	0	48,0	0	5,0	0	260,0	0	1003,99	5.k=1.moyenne	2194,5	ERA5
1067347	04/10/2025	19	04/10/2025	15	HAE	25,2	0	13,1	0	47,0	0	8,0	0	270,0	0	1003,99	5.k=1.moyenne	1969,2	ERA5
1067348	04/10/2025	20	04/10/2025	16	HAE	25,1	0	13,1	0	47,0	0	8,0	0	310,0	0	1003,93	5.k=1.moyenne	1543,4	ERA5
1067349	04/10/2025	21	04/10/2025	17	HAE	25,2	0	13,3	0	47,0	0	2,0	0	340,0	0	1003,72	5.k=1.moyenne	992,7	ERA5
1067350	04/10/2025	22	04/10/2025	18	HAE	21,6	0	13,9	0	61,0	0	2,0	0	130,0	0	1003,8	5.k=1.moyenne	399,6	ERA5
1067351	04/10/2025	23	04/10/2025	19	HAE	17,8	0	13,1	0	74,0	0	0,0	0	0,0	0	1004,04	5.k=1.moyenne	22,6	ERA5
1067352	05/10/2025	00	04/10/2025	20	HAE	15,1	0	12,8	0	86,0	0	6,0	0	150,0	0	1004,38	5.k=1.moyenne	0,0	ERA5
1067353	05/10/2025	01	04/10/2025	21	HAE	16,1	0	12,4	0	79,0	0	8,0	0	170,0	0	1004,5	5.k=1.moyenne	0,0	ERA5
1067354	05/10/2025	02	04/10/2025	22	HAE	14,8	0	11,7	0	81,0	0	5,0	0	170,0	0	1004,43	5.k=1.moyenne	0,0	ERA5
1067355	05/10/2025	03	04/10/2025	23	HAE	14,6	0	11,8	0	84,0	0	7,0	0	140,0	0	1004,41	5.k=1.moyenne	0,0	ERA5
1067356	05/10/2025	04	05/10/2025	00	HAE	13,2	0	12,0	0	93,0	0	9,0	0	170,0	0	1004,39	5.k=1.moyenne	0,0	ERA5
1067357	05/10/2025	05	05/10/2025	01	HAE	13,4	0	12,5	0	95,0	0	7,0	0	190,0	0	1004,41	5.k=1.moyenne	0,0	ERA5
1067358	05/10/2025	06	05/10/2025	02	HAE	14,0	0	12,7	0	92,0	0	8,0	0	160,0	0	1004,41	5.k=1.moyenne	0,0	ERA5
1067359	05/10/2025	07	05/10/2025	03	HAE	13,3	0	12,0	0	92,0	0	7,0	0	170,0	0	1004,25	5.k=1.moyenne	0,0	ERA5
1067360	05/10/2025	08	05/10/2025	04	HAE	14,0	0	13,3	0	95,0	0	7,0	0	190,0	0	1004,12	5.k=1.moyenne	0,0	ERA5
1067361	05/10/2025	09	05/10/2025	05	HAE	13,4	0	12,8	0	96,0	0	7,0	0	170,0	0	1004,0	5.k=1.moyenne	0,0	ERA5
1067362	05/10/2025	10	05/10/2025	06	HAE	14,0	0	13,4	0	96,0	0	10,0	0	170,0	0	1004,26	5.k=1.moyenne	0,0	ERA5
1067363	05/10/2025	11	05/10/2025	07	HAE	13,9	0	13,8	0	99,0	0	9,0	0	160,0	0	1004,44	5.k=1.moyenne	0,0	ERA5
1067364	05/10/2025	12	05/10/2025	08	HAE	15,4	0	14,8	0	96,0	0	8,0	0	170,0	0	1004,57	5.k=1.moyenne	187,5	ERA5
1067365	05/10/2025	13	05/10/2025	09	HAE	18,3	0	15,3	0	83,0	0	9,0	0	180,0	0	1004,73	5.k=1.moyenne	730,1	ERA5
1067366	05/10/2025	14	05/10/2025	10	HAE	20,9	0	15,1	0	69,0	0	12,0	0	160,0	0	1004,51	5.k=1.moyenne	1306,1	ERA5
1067367	05/10/2025	15	05/10/2025	11	HAE	23,3	0	15,2	0	60,0	0	15,0	0	160,0	0	1003,98	5.k=1.moyenne	1784,2	ERA5
1067368	05/10/2025	16	05/10/2025	12	HAE	25,6	0	14,2	0	50,0	0	14,0	0	180,0	0	1003,57	5.k=1.moyenne	2109,6	ERA5
1067369	05/10/2025	17	05/10/2025	13	HAE	26,9	0	14,4	0	46,0	0	16,0	0	160,0	0	1002,96	5.k=1.moyenne	2249,0	ERA5
1067370	05/10/2025	18	05/10/2025	14	HAE	27,6	0	14,2	0	44,0	0	14,0	0	170,0	0	1002,2	5.k=1.moyenne	2193,5	ERA5
1067371	05/10/2025	19	05/10/2025	15	HAE	28,3	0	14,2	0	42,0	0	18,0	0	170,0	0	1001,8	5.k=1.moyenne	1951,0	ERA5
1067372	05/10/2025	20	05/10/2025	16	HAE	28,3	0	14,6	0	43,0	0	16,0	0	180,0	0	1001,46	5.k=1.moyenne	1524,1	ERA5
1067373	05/10/2025	21	05/10/2025	17	HAE	27,5	0	15,2	0	47,0	0	11,0	0	170,0	0	1001,31	5.k=1.moyenne	972,9	ERA5
1067374	05/10/2025	22	05/10/2025	18	HAE	25,0	0	15,4	0	55,0	0	7,0	0	200,0	0	1001,14	5.k=1.moyenne	384,7	ERA5
1067375	05/10/2025	23	05/10/2025	19	HAE	20,4	0	15,3	0	72,0	0	3,0	0	180,0	0	1001,2	5.k=1.moyenne	18,7	ERA5
1067376	06/10/2025	00	05/10/2025	20	HAE	19,1	0	14,5	0	75,0	0	7,0	0	160,0	0	1001,25	5.k=1.moyenne	0,0	ERA5
1067377	06/10/2025	01	05/10/2025	21	HAE	17,0	0	13,9	0	82,0	0	6,0	0	150,0	0	1001,17	5.k=1.moyenne	0,0	ERA5
1067378	06/10/2025	02	05/10/2025	22	HAE	15,3	0	12,8	0	85,0	0	5,0	0	180,0	0	1001,08	5.k=1.moyenne	0,0	ERA5
1067379	06/10/2025	03	05/10/2025	23	HAE	14,5	0	12,5	0	88,0	0	6,0	0	190,0	0	1000,91	5.k=1.moyenne	0,0	ERA5
1067380	06/10/2025	04	06/10/2025	00	HAE	14,1	0	13,2	0	94,0	0	7,0	0	180,0	0	1000,85	5.k=1.moyenne	0,0	ERA5
1067381	06/10/2025	05	06/10/2025	01	HAE	14,1	0	13,4	0	95,0	0	7,0	0	160,0	0	1000,7	5.k=1.moyenne	0,0	ERA5
1067382	06/10/2025	06	06/10/2025	02	HAE	13,7	0	13,3	0	98,0	0	5,0	0	180,0	0	1000,7	5.k=1.moyenne	0,0	ERA5
1067383	06/10/2025	07	06/10/2025	03	HAE	13,1	0	12,2	0	94,0	0	8,0	0	170,0	0	1000,46	5.k=1.moyenne	0,0	ERA5
1067384	06/10/2025	08	06/10/2025	04	HAE	13,2	0	11,5	0	89,0	0	10,0	0	160,0	0	1000,42	5.k=1.moyenne	0,0	ERA5
1067385	06/10/2025	09	06/10/2025	05	HAE	13,7	0	12,0	0	90,0	0	10,0	0	170,0	0	1000,35	5.k=1.moyenne	0,0	ERA5
1067386	06/10/2025	10	06/10/2025	06	HAE	13,8	0	12,9	0	95,0	0	10,0	0	160,0	0	1000,56	5.k=1.moyenne	0,0	ERA5
1067387	06/10/2025	11	06/10/2025	07	HAE	14,6	0	13,4	0	93,0	0	11,0	0	170,0	0	1000,59	5.k=1.moyenne	0,0	ERA5
1067388	06/10/2025	12	06/10/2025	08	HAE	16,4	0	14,3	0	88,0	0	11,0	0	170,0	0	1000,72	5.k=1.moyenne	182,6	ERA5
1067389	06/10/2025	13	06/10/2025	09	HAE	18,9	0	14,6	0	76,0	0	14,0	0	180,0	0	1000,91	5.k=1.moyenne	724,0	ERA5
1067390	06/10/2025	14	06/10/2025	10	HAE	21,3	0	14,2	0	64,0	0	14,0	0	170,0	0	1000,79	5.k=1.moyenne	1299,5	ERA5
1067391	06/10/2025	15	06/10/2025	11	HAE	23,8	0	13,2	0	51,0	0	10,0	0	200,0	0	1000,34	5.k=1.moyenne	1769,1	ERA5
1067392	06/10/2025	16	06/10/2025	12	HAE	24,9	0	12,2	0	45,0	0	14,0	0	190,0	0	1000,08	5.k=1.moyenne	2088,3	ERA5
1067393	06/10/2025	17	06/10/2025	13	HAE	26,4	0	12,8	0	43,0	0	14,0	0	170,0	0	999,559	5.k=1.moyenne	2256,3	ERA5
1067394	06/10/2025	18	06/10/2025	14	HAE	27,2	0	11,8	0	38,0	0	14,0	0	190,0	0	998,941	5.k=1.moyenne	2198,5	ERA5
1067395	06/10/2025	19	06/10/2025	15	HAE	27,8	0	12,5	0	39,0	0	18,0	0	190,0	0	998,588	5.k=1.moyenne	1960,9	ERA5
1067396	06/10/2025	20	06/10/2025	16	HAE	27,5	0	12,0	0	38,0	0	16,0	0	170,0	0	998,47	5.k=1.moyenne	1513,7	ERA5
1067397	06/10/2025	21	06/10/2025	17	HAE	26,6	0	12,6	0	42,0	0	16,0	0	180,0	0	998,403	5.k=1.moyenne	958,1	ERA5
1067398	06/10/2025	22	06/10/2025	18	HAE	24,1	0	12,8	0	49,0	0	11,0	0	200,0	0	998,378	5.k=1.moyenne	368,6	ERA5
1067399	06/10/2025	23	06/10/2025	19	HAE	19,6	0	12,5	0	64,0	0	8,0	0	190,0	0	998,666	5.k=1.moyenne	15,5	ERA5
1067400	07/10/2025	00	06/10/2025	20	HAE	18,2	0	11,9	0	67,0	0	7,0	0	200,0	0	998,787	5.k=1.moyenne	0,0	ERA5
1067401	07/10/2025	01	06/10/2025	21	HAE	18,9	0	11,2	0	61,0	0	8,0	0	220,0	0	998,784	5.k=1.moyenne	0,0	ERA5
1067402	07/10/2025	02	06/10/2025	22	HAE	15,6	0	10,7	0	73,0	0	10,0	0	190,0	0	998,698	5.k=1.moyenne	0,0	ERA5
1067403	07/10/2025	03	06/10/2025	23	HAE	15,6	0	10,7	0	73,0	0	7,0	0	200,0	0	998,508	5.k=1.moyenne	0,0	ERA5
1067404	07/10/2025	04	07/10/2025	00	HAE	16,7	0	10,4	0	66,0	0	11,0	0	190,0	0	998,339	5.k=1.moyenne	0,0	ERA5
1067405	07/10/2025	05	07/10/2025	01	HAE	14,3	0	10,5	0	78,0	0	8,0	0	200,0	0	998,233	5.k=1.moyenne	0,0	ERA5
1067406	07/10/2025	06	07/10/2025	02	HAE	14,0	0	10,9	0	81,0	0	7,0	0	180,0	0	998,233	5.k=1.moyenne	0,0	ERA5
1067407	07/10/2025	07	07/10/2025	03	HAE	15,0	0	12,1	0	83,0	0	9,0	0	170,0	0	997,899	5.k=1.moyenne	0,0	ERA5
1067408	07/10/2025	08	07/10/2025	04	HAE	16,4	0	12,5	0	78,0	0	12,0	0	170,0	0	997,692	5.k=1.moyenne	0,0	ERA5
1067409	07/10/2025	09	07/10/2025	05	HAE	16,5	0	12,7	0	78,0	0	13,0	0	180,0	0	997,612	5.k=1.moyenne	0,0	ERA5
1067410	07/10/2025	10	07/10/2025	06	HAE	16,5	0	12,4	0	76,0	0	9,0	0	180,0	0	997,7	5.k=1.moyenne	0,0	ERA5
1067411	07/10/2025	11	07/10/2025	07	HAE	16,9	0	12,8	0	77,0	0	15,0	0	170,0	0	997,532	5.k=1.moyenne	0,0	ERA5
1067412	07/10/2025	12	07/10/2025	08	HAE	17,6	0	13,1	0	75,0	0	18,0	0	170,0	0	997,518	5.k=1.moyenne	144,7	ERA5
1067413	07/10/2025	13	07/10/2025	09	HAE	19,5	0	13,3	0	67,0	0	28,0	0	170,0	0	997,465	5.k=1.moyenne	543,4	ERA5
1067414	07/10/2025	14	07/10/2025	10	HAE	21,6	0	13,4	0	60,0	0	29,0	0	180,0	0	997,025	5.k=1.moyenne	1109,8	ERA5
1067415	07/10/2025	15	07/10/2025	11	HAE	22,3	0	13,7	0	58,0	0	28,0	0	180,0	0	996,366	5.k=1.moyenne	1271,2	ERA5
1067416	07/10/2025	16	07/10/2025	12	HAE	21,4	0	13,9	0	62,0	0	18,0	0	190,0	0	996,055	5.k=1.moyenne	1547,0	ERA5
1067417	07/10/2025	17	07/10/2025	13	HAE	18,8	0	16,6	0	87,0	0	4,0	0	270,0	0	995,317	5.k=1.moyenne	1536,6	ERA5
1067418	07/10/2025	18	07/10/2025	14	HAE	18,7	0	17,9	0	95,0	0	8,0	0	170,0	0	994,906	5.k=1.moyenne	867,9	ERA5
1067419	07/10/2025	19	07/10/2025	15	HAE	19,7	0	18,4	0	92,0	0	8,0	0	170,0	0	994,582	5.k=1.moyenne	525,7	ERA5
1067420	07/10/2025	20	07/10/2025	16	HAE	19,5	0	17,9	0	90,0	0	4,0	0	210,0	0	993,422	5.k=1.moyenne	143,3	ERA5
1067421	07/10/2025	21	07/10/2025	17	HAE	19,4	0	18,3	0	93,0	0	8,0	0	180,0	0	993,497	5.k=1.moyenne	123,6	ERA5
1067422	07/10/2025	22	07/10/2025	18	HAE	19,0	0	18,1	0	95,0	0	21,0	0	180,0	0	993,614	5.k=1.moyenne	49,7	ERA5
1067423	07/10/2025	23	07/10/2025	19	HAE	18,6	0	18,0	0	96,0	0	20,0	0	190,0	0	993,588	5.k=1.moyenne	1,7	ERA5
1067424	08/10/2025	00	07/10/2025	20	HAE	18,4	0	18,1	0	98,0	0	10,0	0	190,0	0	993,665	5.k=1.moyenne	0,0	ERA5
1067425	08/10/2025	01	07/10/2025	21	HAE	18,2	0	18,2	0	99,0	4.lineaire	11,0	0	190,0	0	993,926	5.k=1.moyenne	0,0	ERA5
1067426	08/10/2025	02	07/10/2025	22	HAE	18,1	0	18,1	0	100,0	0	12,0	0	210,0	0	994,187	5.k=1.moyenne	0,0	ERA5
1067427	08/10/2025	03	07/10/2025	23	HAE	15,0	0	14,8	0	99,0	0	11,0	0	350,0	0	994,347	5.k=1.moyenne	0,0	ERA5
1067428	08/10/2025	04	08/10/2025	00	HAE	12,8	0	11,8	0	94,0	0	8,0	0	340,0	0	994,446	5.k=1.moyenne	0,0	ERA5
1067429	08/10/2025	05	08/10/2025	01	HAE	12,5	0	12,1	0	97,0	0	3,0	0	350,0	0	994,749	5.k=1.moyenne	0,0	ERA5
1067430	08/10/2025	06	08/10/2025	02	HAE	12,4	0	12,1	0	98,0	0	4,0	0	320,0	0	994,749	5.k=1.moyenne	0,0	ERA5
1067431	08/10/2025	07	08/10/2025	03	HAE	12,3	0	12,2	0	99,0	0	0,0	0	0,0	0	995,015	5.k=1.moyenne	0,0	ERA5
1067432	08/10/2025	08	08/10/2025	04	HAE	12,3	0	12,0	0	98,0	0	3,0	0	330,0	0	995,442	5.k=1.moyenne	0,0	ERA5
1067433	08/10/2025	09	08/10/2025	05	HAE	12,2	0	11,1	0	94,0	0	6,0	0	340,0	0	997,077	5.k=1.moyenne	0,0	ERA5
1067434	08/10/2025	10	08/10/2025	06	HAE	11,7	0	9,9	0	89,0	0	6,0	0	350,0	0	997,823	5.k=1.moyenne	0,0	ERA5
1067435	08/10/2025	11	08/10/2025	07	HAE	11,3	0	9,6	0	89,0	0	6,0	0	350,0	0	998,348	5.k=1.moyenne	0,0	ERA5
1067436	08/10/2025	12	08/10/2025	08	HAE	11,4	0	10,0	0	91,0	0	5,0	0	330,0	0	999,157	5.k=1.moyenne	92,6	ERA5
1067437	08/10/2025	13	08/10/2025	09	HAE	12,0	0	9,1	0	82,0	0	5,0	0	340,0	0	999,965	5.k=1.moyenne	357,7	ERA5
1067438	08/10/2025	14	08/10/2025	10	HAE	13,2	0	7,9	0	70,0	0	8,0	0	10,0	0	1000,61	5.k=1.moyenne	681,7	ERA5
1067439	08/10/2025	15	08/10/2025	11	HAE	14,1	0	7,9	0	66,0	0	11,0	0	10,0	0	1000,93	5.k=1.moyenne	1100,4	ERA5
1067440	08/10/2025	16	08/10/2025	12	HAE	14,1	0	7,0	0	62,0	0	13,0	0	20,0	0	1000,13	5.k=1.moyenne	1926,4	ERA5
1067441	08/10/2025	17	08/10/2025	13	HAE	14,6	0	6,7	0	59,0	0	8,0	0	340,0	0	1000,4	5.k=1.moyenne	2174,3	ERA5
1067442	08/10/2025	18	08/10/2025	14	HAE	14,0	0	6,0	0	58,0	0	9,0	0	20,0	0	1000,49	5.k=1.moyenne	2044,8	ERA5
1067443	08/10/2025	19	08/10/2025	15	HAE	14,0	0	5,0	0	55,0	0	11,0	0	10,0	0	1000,88	5.k=1.moyenne	1438,9	ERA5
1067444	08/10/2025	20	08/10/2025	16	HAE	14,0	0	3,9	0	50,0	0	13,0	0	10,0	0	1001,33	5.k=1.moyenne	1002,3	ERA5
1067445	08/10/2025	21	08/10/2025	17	HAE	13,5	0	3,9	0	52,0	0	10,0	0	350,0	0	1002,03	5.k=1.moyenne	723,4	ERA5
1067446	08/10/2025	22	08/10/2025	18	HAE	12,0	0	3,2	0	55,0	0	7,0	0	360,0	0	1002,77	5.k=1.moyenne	279,9	ERA5
1067447	08/10/2025	23	08/10/2025	19	HAE	10,8	0	2,6	0	57,0	0	13,0	0	360,0	0	1003,6	5.k=1.moyenne	8,6	ERA5
1067448	09/10/2025	00	08/10/2025	20	HAE	9,1	0	2,1	0	61,0	0	6,0	0	350,0	0	1004,25	5.k=1.moyenne	0,0	ERA5
1067449	09/10/2025	01	08/10/2025	21	HAE	9,4	0	1,8	0	59,0	0	9,0	0	350,0	0	1004,91	5.k=1.moyenne	0,0	ERA5
1067450	09/10/2025	02	08/10/2025	22	HAE	8,5	0	0,6	0	57,0	0	9,0	0	360,0	0	1005,3	5.k=1.moyenne	0,0	ERA5
1067451	09/10/2025	03	08/10/2025	23	HAE	7,1	0	0,2	0	61,0	0	5,0	0	350,0	0	1005,78	5.k=1.moyenne	0,0	ERA5
1067452	09/10/2025	04	09/10/2025	00	HAE	6,1	0	-0,8	0	61,0	0	6,0	0	340,0	0	1006,04	5.k=1.moyenne	0,0	ERA5
1067453	09/10/2025	05	09/10/2025	01	HAE	4,6	0	-1,8	0	63,0	0	4,0	0	340,0	0	1006,29	5.k=1.moyenne	0,0	ERA5
1067454	09/10/2025	06	09/10/2025	02	HAE	5,6	0	-2,7	0	55,0	0	9,0	0	320,0	0	1006,29	5.k=1.moyenne	0,0	ERA5
1067455	09/10/2025	07	09/10/2025	03	HAE	4,5	0	-2,0	0	63,0	0	4,0	0	350,0	0	1006,65	5.k=1.moyenne	0,0	ERA5
1067456	09/10/2025	08	09/10/2025	04	HAE	3,9	0	-2,0	0	65,0	0	7,0	0	340,0	0	1007,19	5.k=1.moyenne	0,0	ERA5
1067457	09/10/2025	09	09/10/2025	05	HAE	3,4	0	-1,4	0	71,0	0	5,0	0	340,0	0	1007,81	5.k=1.moyenne	0,0	ERA5
1067458	09/10/2025	10	09/10/2025	06	HAE	3,8	0	-1,6	0	68,0	0	8,0	0	340,0	0	1008,48	5.k=1.moyenne	0,0	ERA5
1067459	09/10/2025	11	09/10/2025	07	HAE	3,0	0	-1,4	0	73,0	0	8,0	0	330,0	0	1009,09	5.k=1.moyenne	0,0	ERA5
1067460	09/10/2025	12	09/10/2025	08	HAE	4,1	0	-0,9	0	70,0	0	7,0	0	330,0	0	1009,73	5.k=1.moyenne	171,6	ERA5
1067461	09/10/2025	13	09/10/2025	09	HAE	5,9	0	-0,6	0	63,0	0	6,0	0	350,0	0	1010,37	5.k=1.moyenne	746,5	ERA5
1067462	09/10/2025	14	09/10/2025	10	HAE	6,7	0	-1,0	0	58,0	0	9,0	0	10,0	0	1010,81	5.k=1.moyenne	1355,8	ERA5
1067463	09/10/2025	15	09/10/2025	11	HAE	7,8	0	-0,3	0	56,0	0	7,0	0	340,0	0	1010,86	5.k=1.moyenne	1852,0	ERA5
1067464	09/10/2025	16	09/10/2025	12	HAE	9,2	0	-0,2	0	52,0	0	3,0	0	70,0	0	1010,84	5.k=1.moyenne	2165,3	ERA5
1067465	09/10/2025	17	09/10/2025	13	HAE	10,0	0	0,3	0	51,0	0	4,0	0	340,0	0	1010,47	5.k=1.moyenne	2232,4	ERA5
1067466	09/10/2025	18	09/10/2025	14	HAE	10,6	0	-1,5	0	43,0	0	10,0	0	320,0	0	1010,16	5.k=1.moyenne	2140,3	ERA5
1067467	09/10/2025	19	09/10/2025	15	HAE	10,8	0	-2,3	0	40,0	0	12,0	0	300,0	0	1009,78	5.k=1.moyenne	1673,4	ERA5
1067468	09/10/2025	20	09/10/2025	16	HAE	11,0	0	-2,3	0	39,0	0	12,0	0	280,0	0	1009,66	5.k=1.moyenne	1343,6	ERA5
1067469	09/10/2025	21	09/10/2025	17	HAE	11,1	0	-1,7	0	41,0	0	6,0	0	280,0	0	1009,65	5.k=1.moyenne	882,7	ERA5
1067470	09/10/2025	22	09/10/2025	18	HAE	9,4	0	-1,5	0	46,0	0	6,0	0	250,0	0	1009,62	5.k=1.moyenne	340,0	ERA5
1067471	09/10/2025	23	09/10/2025	19	HAE	6,7	0	-0,8	0	59,0	0	9,0	0	230,0	0	1009,83	5.k=1.moyenne	7,6	ERA5
1067472	10/10/2025	00	09/10/2025	20	HAE	3,4	0	0,3	0	80,0	0	3,0	0	200,0	0	1009,92	5.k=1.moyenne	0,0	ERA5
1067473	10/10/2025	01	09/10/2025	21	HAE	4,1	0	-1,0	0	69,0	0	7,0	0	210,0	0	1010,09	5.k=1.moyenne	0,0	ERA5
1067474	10/10/2025	02	09/10/2025	22	HAE	4,2	0	-1,0	0	69,0	0	7,0	0	240,0	0	1010,32	5.k=1.moyenne	0,0	ERA5
1067475	10/10/2025	03	09/10/2025	23	HAE	3,2	0	-0,8	0	75,0	0	6,0	0	230,0	0	1010,22	5.k=1.moyenne	0,0	ERA5
1067476	10/10/2025	04	10/10/2025	00	HAE	0,6	0	-1,1	0	88,0	0	7,0	0	200,0	0	1010,05	5.k=1.moyenne	0,0	ERA5
1067477	10/10/2025	05	10/10/2025	01	HAE	0,4	0	-1,4	0	88,0	0	5,0	0	190,0	0	1009,97	5.k=1.moyenne	0,0	ERA5
1067478	10/10/2025	06	10/10/2025	02	HAE	0,3	0	-1,0	0	91,0	0	11,0	0	160,0	0	1009,97	5.k=1.moyenne	0,0	ERA5
1067479	10/10/2025	07	10/10/2025	03	HAE	-0,1	0	-1,7	0	89,0	0	6,0	0	170,0	0	1009,84	5.k=1.moyenne	0,0	ERA5
1067480	10/10/2025	08	10/10/2025	04	HAE	-0,2	0	-1,8	0	89,0	0	7,0	0	170,0	0	1009,7	5.k=1.moyenne	0,0	ERA5
1067481	10/10/2025	09	10/10/2025	05	HAE	-0,7	0	-2,0	0	91,0	0	6,0	0	150,0	0	1009,51	5.k=1.moyenne	0,0	ERA5
1067482	10/10/2025	10	10/10/2025	06	HAE	-1,1	0	-2,3	0	91,0	0	4,0	0	210,0	0	1009,36	5.k=1.moyenne	0,0	ERA5
1067483	10/10/2025	11	10/10/2025	07	HAE	-0,5	0	-1,0	0	96,0	0	7,0	0	160,0	0	1009,17	5.k=1.moyenne	0,0	ERA5
1067484	10/10/2025	12	10/10/2025	08	HAE	1,1	0	0,5	0	95,0	0	4,0	0	190,0	0	1008,94	5.k=1.moyenne	160,7	ERA5
1067485	10/10/2025	13	10/10/2025	09	HAE	5,0	0	4,0	0	93,0	0	15,0	0	170,0	0	1008,64	5.k=1.moyenne	726,1	ERA5
1067486	10/10/2025	14	10/10/2025	10	HAE	8,6	0	4,0	0	73,0	0	13,0	0	180,0	0	1008,05	5.k=1.moyenne	1327,0	ERA5
1067487	10/10/2025	15	10/10/2025	11	HAE	10,4	0	3,9	0	64,0	0	17,0	0	170,0	0	1007,28	5.k=1.moyenne	1820,9	ERA5
1067488	10/10/2025	16	10/10/2025	12	HAE	11,6	0	2,7	0	55,0	0	12,0	0	180,0	0	1006,4	5.k=1.moyenne	2131,3	ERA5
1067489	10/10/2025	17	10/10/2025	13	HAE	12,6	0	2,1	0	49,0	0	12,0	0	170,0	0	1005,21	5.k=1.moyenne	2265,2	ERA5
1067490	10/10/2025	18	10/10/2025	14	HAE	14,0	0	1,6	0	43,0	0	15,0	0	180,0	0	1004,35	5.k=1.moyenne	2209,1	ERA5
1067491	10/10/2025	19	10/10/2025	15	HAE	14,3	0	0,7	0	39,0	0	17,0	0	190,0	0	1003,46	5.k=1.moyenne	1944,1	ERA5
1067492	10/10/2025	20	10/10/2025	16	HAE	14,0	0	-0,2	0	38,0	0	17,0	0	180,0	0	1002,69	5.k=1.moyenne	1500,4	ERA5
1067493	10/10/2025	21	10/10/2025	17	HAE	13,5	0	1,3	0	43,0	0	16,0	0	190,0	0	1002,32	5.k=1.moyenne	921,0	ERA5
1067494	10/10/2025	22	10/10/2025	18	HAE	11,2	0	1,6	0	51,0	0	10,0	0	180,0	0	1002,03	5.k=1.moyenne	310,5	ERA5
1067495	10/10/2025	23	10/10/2025	19	HAE	9,1	0	1,8	0	60,0	0	9,0	0	170,0	0	1002,07	5.k=1.moyenne	5,3	ERA5
1067496	11/10/2025	00	10/10/2025	20	HAE	8,0	0	1,6	0	64,0	0	6,0	0	180,0	0	1002,07	5.k=1.moyenne	0,0	ERA5
1067497	11/10/2025	01	10/10/2025	21	HAE	8,0	0	3,0	0	71,0	0	10,0	0	210,0	0	1001,86	5.k=1.moyenne	0,0	ERA5
1067498	11/10/2025	02	10/10/2025	22	HAE	8,4	0	2,1	0	65,0	0	8,0	0	190,0	0	1001,74	5.k=1.moyenne	0,0	ERA5
1067499	11/10/2025	03	10/10/2025	23	HAE	7,8	0	1,9	0	66,0	0	8,0	0	180,0	0	1001,67	5.k=1.moyenne	0,0	ERA5
1067500	11/10/2025	04	11/10/2025	00	HAE	8,1	0	2,0	0	65,0	0	12,0	0	190,0	0	1001,43	5.k=1.moyenne	0,0	ERA5
1067501	11/10/2025	05	11/10/2025	01	HAE	7,8	0	3,0	0	71,0	0	8,0	0	180,0	0	1001,43	5.k=1.moyenne	0,0	ERA5
1067502	11/10/2025	06	11/10/2025	02	HAE	6,4	0	3,6	0	82,0	0	9,0	0	170,0	0	1001,43	5.k=1.moyenne	0,0	ERA5
1067503	11/10/2025	07	11/10/2025	03	HAE	5,7	0	3,8	0	88,0	0	9,0	0	170,0	0	1001,21	5.k=1.moyenne	0,0	ERA5
1067504	11/10/2025	08	11/10/2025	04	HAE	6,4	0	4,5	0	88,0	0	8,0	0	160,0	0	1001,23	5.k=1.moyenne	0,0	ERA5
1067505	11/10/2025	09	11/10/2025	05	HAE	6,9	0	5,1	0	88,0	0	10,0	0	160,0	0	1001,49	5.k=1.moyenne	0,0	ERA5
1067506	11/10/2025	10	11/10/2025	06	HAE	5,9	0	5,3	0	96,0	0	9,0	0	180,0	0	1001,76	5.k=1.moyenne	0,0	ERA5
1067507	11/10/2025	11	11/10/2025	07	HAE	7,1	0	6,5	0	96,0	0	9,0	0	150,0	0	1002,1	5.k=1.moyenne	0,0	ERA5
1067508	11/10/2025	12	11/10/2025	08	HAE	8,2	0	7,3	0	94,0	0	5,0	0	180,0	0	1002,74	5.k=1.moyenne	139,5	ERA5
1067509	11/10/2025	13	11/10/2025	09	HAE	11,4	0	7,9	0	79,0	0	13,0	0	180,0	0	1003,14	5.k=1.moyenne	641,4	ERA5
1067510	11/10/2025	14	11/10/2025	10	HAE	13,2	0	7,6	0	69,0	0	15,0	0	180,0	0	1003,53	5.k=1.moyenne	1225,4	ERA5
1067511	11/10/2025	15	11/10/2025	11	HAE	14,4	0	7,4	0	63,0	0	12,0	0	190,0	0	1003,84	5.k=1.moyenne	1731,5	ERA5
1067512	11/10/2025	16	11/10/2025	12	HAE	16,1	0	7,1	0	55,0	0	8,0	0	200,0	0	1004,18	5.k=1.moyenne	2054,7	ERA5
1067513	11/10/2025	17	11/10/2025	13	HAE	16,7	0	6,5	0	51,0	0	11,0	0	210,0	0	1004,23	5.k=1.moyenne	2187,5	ERA5
1067514	11/10/2025	18	11/10/2025	14	HAE	17,1	0	6,2	0	49,0	0	11,0	0	170,0	0	1004,43	5.k=1.moyenne	2113,8	ERA5
1067515	11/10/2025	19	11/10/2025	15	HAE	17,8	0	6,8	0	48,0	0	6,0	0	190,0	0	1004,53	5.k=1.moyenne	1859,0	ERA5
1067516	11/10/2025	20	11/10/2025	16	HAE	17,7	0	6,3	0	47,0	0	2,0	0	80,0	0	1004,94	5.k=1.moyenne	1424,3	ERA5
1067517	11/10/2025	21	11/10/2025	17	HAE	18,1	0	5,8	0	44,0	0	0,0	0	140,0	0	1005,27	5.k=1.moyenne	869,3	ERA5
1067518	11/10/2025	22	11/10/2025	18	HAE	15,3	0	6,5	0	56,0	0	0,0	0	120,0	0	1005,96	5.k=1.moyenne	292,6	ERA5
1067519	11/10/2025	23	11/10/2025	19	HAE	11,5	0	7,1	0	74,0	0	0,0	0	0,0	0	1006,86	5.k=1.moyenne	3,7	ERA5
1067520	12/10/2025	00	11/10/2025	20	HAE	9,1	0	7,1	0	88,0	0	1,0	0	20,0	0	1007,57	5.k=1.moyenne	0,0	ERA5
1067521	12/10/2025	01	11/10/2025	21	HAE	7,8	0	6,1	0	90,0	0	2,0	0	200,0	0	1008,18	5.k=1.moyenne	0,0	ERA5
1067522	12/10/2025	02	11/10/2025	22	HAE	7,8	0	6,7	0	93,0	0	1,0	0	60,0	0	1008,67	5.k=1.moyenne	0,0	ERA5
1067523	12/10/2025	03	11/10/2025	23	HAE	6,7	0	6,2	0	97,0	0	4,0	0	30,0	0	1009,06	5.k=1.moyenne	0,0	ERA5
1067524	12/10/2025	04	12/10/2025	00	HAE	6,9	0	6,1	0	94,0	0	1,0	0	80,0	0	1009,16	5.k=1.moyenne	0,0	ERA5
1067525	12/10/2025	05	12/10/2025	01	HAE	6,7	0	5,4	0	92,0	0	1,0	0	90,0	0	1009,33	5.k=1.moyenne	0,0	ERA5
1067526	12/10/2025	06	12/10/2025	02	HAE	7,9	0	5,6	0	85,0	0	4,0	0	50,0	0	1009,33	5.k=1.moyenne	0,0	ERA5
1067527	12/10/2025	07	12/10/2025	03	HAE	7,0	0	5,8	0	92,0	0	4,0	0	30,0	0	1009,62	5.k=1.moyenne	0,0	ERA5
1067528	12/10/2025	08	12/10/2025	04	HAE	5,9	0	5,3	0	96,0	0	6,0	0	20,0	0	1009,85	5.k=1.moyenne	0,0	ERA5
1067529	12/10/2025	09	12/10/2025	05	HAE	5,4	0	4,7	0	95,0	0	4,0	0	10,0	0	1009,96	5.k=1.moyenne	0,0	ERA5
1067530	12/10/2025	10	12/10/2025	06	HAE	4,0	0	3,8	0	99,0	0	2,0	0	10,0	0	1010,26	5.k=1.moyenne	0,0	ERA5
1067531	12/10/2025	11	12/10/2025	07	HAE	4,4	0	4,4	0	100,0	0	3,0	0	30,0	0	1010,67	5.k=1.moyenne	0,0	ERA5
1067532	12/10/2025	12	12/10/2025	08	HAE	5,1	0	4,9	0	99,0	0	7,0	0	20,0	0	1011,2	5.k=1.moyenne	136,6	ERA5
1067533	12/10/2025	13	12/10/2025	09	HAE	8,8	0	6,0	0	83,0	0	6,0	0	40,0	0	1011,52	5.k=1.moyenne	671,1	ERA5
1067534	12/10/2025	14	12/10/2025	10	HAE	12,0	0	5,8	0	66,0	0	9,0	0	30,0	0	1011,68	5.k=1.moyenne	1261,2	ERA5
1067535	12/10/2025	15	12/10/2025	11	HAE	14,2	0	6,1	0	58,0	0	9,0	0	30,0	0	1011,55	5.k=1.moyenne	1750,6	ERA5
1067536	12/10/2025	16	12/10/2025	12	HAE	17,0	0	6,2	0	49,0	0	7,0	0	80,0	0	1011,4	5.k=1.moyenne	2072,5	ERA5
1067537	12/10/2025	17	12/10/2025	13	HAE	18,8	0	4,8	0	40,0	0	10,0	0	90,0	0	1010,86	5.k=1.moyenne	2203,6	ERA5
1067538	12/10/2025	18	12/10/2025	14	HAE	19,6	0	5,2	0	39,0	0	9,0	0	70,0	0	1010,5	5.k=1.moyenne	2127,4	ERA5
1067539	12/10/2025	19	12/10/2025	15	HAE	19,7	0	5,4	0	39,0	0	12,0	0	60,0	0	1010,0	5.k=1.moyenne	1863,1	ERA5
1067540	12/10/2025	20	12/10/2025	16	HAE	19,9	0	6,1	0	40,0	0	7,0	0	50,0	0	1009,72	5.k=1.moyenne	1420,1	ERA5
1067541	12/10/2025	21	12/10/2025	17	HAE	19,5	0	5,1	0	39,0	0	7,0	0	80,0	0	1009,52	5.k=1.moyenne	854,2	ERA5
1067542	12/10/2025	22	12/10/2025	18	HAE	17,7	0	5,3	0	44,0	0	4,0	0	60,0	0	1009,63	5.k=1.moyenne	274,6	ERA5
1067543	12/10/2025	23	12/10/2025	19	HAE	15,8	0	5,5	0	50,0	0	7,0	0	70,0	0	1009,78	5.k=1.moyenne	2,4	ERA5
1067544	13/10/2025	00	12/10/2025	20	HAE	15,2	0	5,2	0	51,0	0	7,0	0	100,0	0	1009,79	5.k=1.moyenne	0,0	ERA5
1067545	13/10/2025	01	12/10/2025	21	HAE	13,8	0	4,7	0	54,0	0	4,0	0	100,0	0	1009,61	5.k=1.moyenne	0,0	ERA5
1067546	13/10/2025	02	12/10/2025	22	HAE	13,5	0	5,2	0	57,0	0	6,0	0	130,0	0	1009,68	5.k=1.moyenne	0,0	ERA5
1067547	13/10/2025	03	12/10/2025	23	HAE	11,9	0	5,0	0	62,0	0	3,0	0	90,0	0	1009,48	5.k=1.moyenne	0,0	ERA5
1067548	13/10/2025	04	13/10/2025	00	HAE	9,0	0	5,1	0	77,0	0	4,0	0	10,0	0	1009,34	5.k=1.moyenne	0,0	ERA5
1067549	13/10/2025	05	13/10/2025	01	HAE	8,3	0	5,3	0	81,0	0	3,0	0	40,0	0	1009,32	5.k=1.moyenne	0,0	ERA5
1067550	13/10/2025	06	13/10/2025	02	HAE	8,6	0	5,8	0	82,0	0	5,0	0	20,0	0	1009,32	5.k=1.moyenne	0,0	ERA5
1067551	13/10/2025	07	13/10/2025	03	HAE	7,0	0	5,1	0	88,0	0	5,0	0	30,0	0	1009,24	5.k=1.moyenne	0,0	ERA5
1067552	13/10/2025	08	13/10/2025	04	HAE	8,5	0	5,8	0	83,0	0	6,0	0	40,0	0	1009,26	5.k=1.moyenne	0,0	ERA5
1067553	13/10/2025	09	13/10/2025	05	HAE	8,1	0	5,6	0	84,0	0	6,0	0	30,0	0	1009,4	5.k=1.moyenne	0,0	ERA5
1067554	13/10/2025	10	13/10/2025	06	HAE	7,4	0	5,2	0	86,0	0	5,0	0	10,0	0	1009,57	5.k=1.moyenne	0,0	ERA5
1067555	13/10/2025	11	13/10/2025	07	HAE	7,5	0	5,1	0	85,0	0	8,0	0	20,0	0	1009,67	5.k=1.moyenne	0,0	ERA5
1067556	13/10/2025	12	13/10/2025	08	HAE	7,8	0	5,0	0	82,0	0	9,0	0	30,0	0	1009,98	5.k=1.moyenne	82,2	ERA5
1067557	13/10/2025	13	13/10/2025	09	HAE	9,3	0	5,1	0	75,0	0	6,0	0	30,0	0	1010,0	5.k=1.moyenne	457,9	ERA5
1067558	13/10/2025	14	13/10/2025	10	HAE	10,6	0	5,3	0	70,0	0	6,0	0	40,0	0	1009,92	5.k=1.moyenne	948,3	ERA5
1067559	13/10/2025	15	13/10/2025	11	HAE	12,2	0	5,8	0	65,0	0	6,0	0	40,0	0	1009,63	5.k=1.moyenne	1397,5	ERA5
1067560	13/10/2025	16	13/10/2025	12	HAE	13,2	0	4,8	0	57,0	0	10,0	0	40,0	0	1009,12	5.k=1.moyenne	1676,7	ERA5
1067561	13/10/2025	17	13/10/2025	13	HAE	14,5	0	5,4	0	54,0	0	8,0	0	40,0	0	1008,28	5.k=1.moyenne	1585,3	ERA5
1067562	13/10/2025	18	13/10/2025	14	HAE	15,2	0	4,9	0	50,0	0	7,0	0	80,0	0	1007,49	5.k=1.moyenne	802,7	ERA5
1067563	13/10/2025	19	13/10/2025	15	HAE	16,4	0	5,3	0	47,0	0	6,0	0	60,0	0	1006,9	5.k=1.moyenne	1231,6	ERA5
1067564	13/10/2025	20	13/10/2025	16	HAE	16,8	0	3,2	0	40,0	0	10,0	0	60,0	0	1006,49	5.k=1.moyenne	763,9	ERA5
1067565	13/10/2025	21	13/10/2025	17	HAE	16,7	0	5,2	0	47,0	0	5,0	0	70,0	0	1006,35	5.k=1.moyenne	337,6	ERA5
1067566	13/10/2025	22	13/10/2025	18	HAE	16,2	0	2,8	0	41,0	0	4,0	0	60,0	0	1006,12	5.k=1.moyenne	65,3	ERA5
1067567	13/10/2025	23	13/10/2025	19	HAE	15,9	0	4,0	0	45,0	0	10,0	0	90,0	0	1006,06	5.k=1.moyenne	0,2	ERA5
1067568	14/10/2025	00	13/10/2025	20	HAE	12,9	0	6,2	0	64,0	0	10,0	0	180,0	0	1005,92	5.k=1.moyenne	0,0	ERA5
1067569	14/10/2025	01	13/10/2025	21	HAE	12,5	0	6,0	0	64,0	0	9,0	0	140,0	0	1005,63	5.k=1.moyenne	0,0	ERA5
1067570	14/10/2025	02	13/10/2025	22	HAE	12,9	0	5,7	0	62,0	0	8,0	0	100,0	0	1005,47	5.k=1.moyenne	0,0	ERA5
1067571	14/10/2025	03	13/10/2025	23	HAE	12,3	0	6,5	0	68,0	0	8,0	0	100,0	0	1005,12	5.k=1.moyenne	0,0	ERA5
1067572	14/10/2025	04	14/10/2025	00	HAE	10,9	0	7,2	0	78,0	0	7,0	0	120,0	0	1004,86	5.k=1.moyenne	0,0	ERA5
1067573	14/10/2025	05	14/10/2025	01	HAE	9,7	0	8,8	0	94,0	0	5,0	0	70,0	0	1004,67	5.k=1.moyenne	0,0	ERA5
1067574	14/10/2025	06	14/10/2025	02	HAE	9,5	0	9,4	0	100,0	0	7,0	0	60,0	0	1004,67	5.k=1.moyenne	0,0	ERA5
1067575	14/10/2025	07	14/10/2025	03	HAE	9,4	0	9,2	0	99,0	0	6,0	0	90,0	0	1004,34	5.k=1.moyenne	0,0	ERA5
1067576	14/10/2025	08	14/10/2025	04	HAE	9,5	0	9,2	0	98,0	0	3,0	0	340,0	0	1004,11	5.k=1.moyenne	0,0	ERA5
1067577	14/10/2025	09	14/10/2025	05	HAE	9,2	0	9,2	0	100,0	0	4,0	0	20,0	0	1003,87	5.k=1.moyenne	0,0	ERA5
1067578	14/10/2025	10	14/10/2025	06	HAE	9,2	0	9,2	0	100,0	4.lineaire	4,0	0	30,0	0	1003,75	5.k=1.moyenne	0,0	ERA5
1067579	14/10/2025	11	14/10/2025	07	HAE	9,1	0	9,1	0	100,0	4.lineaire	3,0	0	60,0	0	1003,57	5.k=1.moyenne	0,0	ERA5
1067580	14/10/2025	12	14/10/2025	08	HAE	9,6	0	9,5	0	100,0	0	0,0	0	40,0	0	1003,51	5.k=1.moyenne	9,5	ERA5
1067581	14/10/2025	13	14/10/2025	09	HAE	9,8	0	9,5	0	97,0	0	2,0	0	340,0	0	1003,4	5.k=1.moyenne	82,8	ERA5
1067582	14/10/2025	14	14/10/2025	10	HAE	10,2	0	9,2	0	94,0	0	2,0	0	270,0	0	1003,32	5.k=1.moyenne	201,0	ERA5
1067583	14/10/2025	15	14/10/2025	11	HAE	10,7	0	9,5	0	92,0	0	2,0	0	310,0	0	1002,73	5.k=1.moyenne	167,3	ERA5
1067584	14/10/2025	16	14/10/2025	12	HAE	11,4	0	9,8	0	90,0	0	2,0	0	290,0	0	1002,1	5.k=1.moyenne	198,7	ERA5
1067585	14/10/2025	17	14/10/2025	13	HAE	12,4	0	9,5	0	83,0	0	5,0	0	350,0	0	1001,19	5.k=1.moyenne	227,0	ERA5
1067586	14/10/2025	18	14/10/2025	14	HAE	13,4	0	10,0	0	80,0	0	1,0	0	290,0	0	1000,56	5.k=1.moyenne	304,7	ERA5
1067587	14/10/2025	19	14/10/2025	15	HAE	14,5	0	9,8	0	74,0	0	4,0	0	220,0	0	1000,01	5.k=1.moyenne	384,0	ERA5
1067588	14/10/2025	20	14/10/2025	16	HAE	15,7	0	9,6	0	67,0	0	6,0	0	220,0	0	999,744	5.k=1.moyenne	482,8	ERA5
1067589	14/10/2025	21	14/10/2025	17	HAE	16,6	0	8,4	0	58,0	0	5,0	0	280,0	0	999,557	5.k=1.moyenne	419,2	ERA5
1067590	14/10/2025	22	14/10/2025	18	HAE	12,8	0	10,2	0	84,0	0	8,0	0	140,0	0	999,703	5.k=1.moyenne	171,1	ERA5
1067591	14/10/2025	23	14/10/2025	19	HAE	11,3	0	10,6	0	96,0	0	11,0	0	160,0	0	999,819	5.k=1.moyenne	0,5	ERA5
1067592	15/10/2025	00	14/10/2025	20	HAE	9,6	0	9,3	0	98,0	0	6,0	0	170,0	0	999,712	5.k=1.moyenne	0,0	ERA5
1067593	15/10/2025	01	14/10/2025	21	HAE	8,9	0	8,9	0	99,0	4.lineaire	10,0	0	170,0	0	999,768	5.k=1.moyenne	0,0	ERA5
1067594	15/10/2025	02	14/10/2025	22	HAE	6,6	0	6,6	0	100,0	0	4,0	0	190,0	0	999,764	5.k=1.moyenne	0,0	ERA5
1067595	15/10/2025	03	14/10/2025	23	HAE	7,6	0	7,6	0	100,0	0	4,0	0	180,0	0	999,678	5.k=1.moyenne	0,0	ERA5
1067596	15/10/2025	04	15/10/2025	00	HAE	8,6	0	8,6	0	100,0	0	6,0	0	200,0	0	999,491	5.k=1.moyenne	0,0	ERA5
1067597	15/10/2025	05	15/10/2025	01	HAE	9,4	0	9,4	0	100,0	4.constant	4,0	0	270,0	0	999,365	5.k=1.moyenne	0,0	ERA5
1067598	15/10/2025	06	15/10/2025	02	HAE	9,8	0	9,5	0	98,0	0	5,0	0	330,0	0	999,365	5.k=1.moyenne	0,0	ERA5
1067599	15/10/2025	07	15/10/2025	03	HAE	9,3	0	9,2	0	99,0	0	3,0	0	340,0	0	999,149	5.k=1.moyenne	0,0	ERA5
1067600	15/10/2025	08	15/10/2025	04	HAE	9,9	0	6,5	0	79,0	0	5,0	0	350,0	0	999,035	5.k=1.moyenne	0,0	ERA5
1067601	15/10/2025	09	15/10/2025	05	HAE	9,8	0	3,1	0	63,0	0	9,0	0	350,0	0	999,124	5.k=1.moyenne	0,0	ERA5
1067602	15/10/2025	10	15/10/2025	06	HAE	8,6	0	2,1	0	64,0	0	9,0	0	360,0	0	999,396	5.k=1.moyenne	0,0	ERA5
1067603	15/10/2025	11	15/10/2025	07	HAE	6,7	0	0,6	0	65,0	0	6,0	0	350,0	0	999,443	5.k=1.moyenne	0,0	ERA5
1067604	15/10/2025	12	15/10/2025	08	HAE	7,2	0	0,2	0	61,0	0	9,0	0	350,0	0	999,673	5.k=1.moyenne	94,7	ERA5
1067605	15/10/2025	13	15/10/2025	09	HAE	7,7	0	0,7	0	61,0	0	7,0	0	340,0	0	999,76	5.k=1.moyenne	538,2	ERA5
1067606	15/10/2025	14	15/10/2025	10	HAE	9,1	0	0,3	0	54,0	0	12,0	0	330,0	0	999,519	5.k=1.moyenne	1015,4	ERA5
1067607	15/10/2025	15	15/10/2025	11	HAE	9,6	0	-0,2	0	50,0	0	10,0	0	10,0	0	999,152	5.k=1.moyenne	1650,9	ERA5
1067608	15/10/2025	16	15/10/2025	12	HAE	10,4	0	0,6	0	51,0	0	8,0	0	340,0	0	998,776	5.k=1.moyenne	1679,0	ERA5
1067609	15/10/2025	17	15/10/2025	13	HAE	11,8	0	0,1	0	45,0	0	13,0	0	320,0	0	998,22	5.k=1.moyenne	1747,5	ERA5
1067610	15/10/2025	18	15/10/2025	14	HAE	11,8	0	1,0	0	48,0	0	11,0	0	320,0	0	997,763	5.k=1.moyenne	1456,8	ERA5
1067611	15/10/2025	19	15/10/2025	15	HAE	11,1	0	0,9	0	49,0	0	7,0	0	300,0	0	997,666	5.k=1.moyenne	809,2	ERA5
1067612	15/10/2025	20	15/10/2025	16	HAE	11,4	0	1,5	0	50,0	0	5,0	0	360,0	0	997,569	5.k=1.moyenne	520,9	ERA5
1067613	15/10/2025	21	15/10/2025	17	HAE	11,3	0	1,3	0	50,0	0	5,0	0	360,0	0	997,632	5.k=1.moyenne	314,7	ERA5
1067614	15/10/2025	22	15/10/2025	18	HAE	10,1	0	1,6	0	56,0	0	3,0	0	360,0	0	997,709	5.k=1.moyenne	114,7	ERA5
1067615	15/10/2025	23	15/10/2025	19	HAE	7,3	0	2,2	0	70,0	0	1,0	0	260,0	0	997,854	5.k=1.moyenne	0,2	ERA5
1067616	16/10/2025	00	15/10/2025	20	HAE	5,8	0	1,8	0	75,0	0	4,0	0	260,0	0	997,815	5.k=1.moyenne	0,0	ERA5
1067617	16/10/2025	01	15/10/2025	21	HAE	8,4	0	1,3	0	61,0	0	5,0	0	360,0	0	997,837	5.k=1.moyenne	0,0	ERA5
1067618	16/10/2025	02	15/10/2025	22	HAE	6,3	0	0,8	0	68,0	0	4,0	0	350,0	0	997,757	5.k=1.moyenne	0,0	ERA5
1067619	16/10/2025	03	15/10/2025	23	HAE	6,6	0	0,2	0	64,0	0	8,0	0	340,0	0	997,718	5.k=1.moyenne	0,0	ERA5
1067620	16/10/2025	04	16/10/2025	00	HAE	6,8	0	-0,5	0	60,0	0	11,0	0	330,0	0	997,658	5.k=1.moyenne	0,0	ERA5
1067621	16/10/2025	05	16/10/2025	01	HAE	5,8	0	-0,6	0	63,0	0	7,0	0	10,0	0	997,639	5.k=1.moyenne	0,0	ERA5
1067622	16/10/2025	06	16/10/2025	02	HAE	4,3	0	-0,8	0	69,0	0	7,0	0	340,0	0	997,639	5.k=1.moyenne	0,0	ERA5
1067623	16/10/2025	07	16/10/2025	03	HAE	3,6	0	-0,9	0	72,0	0	5,0	0	330,0	0	997,621	5.k=1.moyenne	0,0	ERA5
1067624	16/10/2025	08	16/10/2025	04	HAE	3,6	0	-1,0	0	72,0	0	6,0	0	330,0	0	997,645	5.k=1.moyenne	0,0	ERA5
1067625	16/10/2025	09	16/10/2025	05	HAE	4,0	0	-1,2	0	69,0	0	7,0	0	330,0	0	997,871	5.k=1.moyenne	0,0	ERA5
1067626	16/10/2025	10	16/10/2025	06	HAE	3,0	0	-1,5	0	72,0	0	5,0	0	340,0	0	997,996	5.k=1.moyenne	0,0	ERA5
1067627	16/10/2025	11	16/10/2025	07	HAE	3,1	0	-1,5	0	72,0	0	8,0	0	330,0	0	998,386	5.k=1.moyenne	0,0	ERA5
1067628	16/10/2025	12	16/10/2025	08	HAE	4,2	0	-1,2	0	68,0	0	8,0	0	330,0	0	998,714	5.k=1.moyenne	92,2	ERA5
1067629	16/10/2025	13	16/10/2025	09	HAE	6,3	0	-1,5	0	58,0	0	14,0	0	330,0	0	998,879	5.k=1.moyenne	515,1	ERA5
1067630	16/10/2025	14	16/10/2025	10	HAE	7,0	0	-1,8	0	53,0	0	10,0	0	350,0	0	998,983	5.k=1.moyenne	1040,5	ERA5
1067631	16/10/2025	15	16/10/2025	11	HAE	7,8	0	-2,0	0	50,0	0	14,0	0	330,0	0	998,844	5.k=1.moyenne	1371,6	ERA5
1067632	16/10/2025	16	16/10/2025	12	HAE	9,3	0	-1,2	0	48,0	0	10,0	0	320,0	0	998,726	5.k=1.moyenne	1647,7	ERA5
1067633	16/10/2025	17	16/10/2025	13	HAE	10,5	0	-2,4	0	41,0	0	14,0	0	350,0	0	998,427	5.k=1.moyenne	1739,3	ERA5
1067634	16/10/2025	18	16/10/2025	14	HAE	11,9	0	-2,8	0	36,0	0	13,0	0	320,0	0	998,228	5.k=1.moyenne	1669,1	ERA5
1067635	16/10/2025	19	16/10/2025	15	HAE	12,7	0	-3,0	0	33,0	0	10,0	0	330,0	0	998,289	5.k=1.moyenne	1387,5	ERA5
1067636	16/10/2025	20	16/10/2025	16	HAE	12,8	0	-4,2	0	30,0	0	11,0	0	360,0	0	998,35	5.k=1.moyenne	1208,0	ERA5
1067637	16/10/2025	21	16/10/2025	17	HAE	12,2	0	-4,1	0	32,0	0	8,0	0	360,0	0	998,644	5.k=1.moyenne	796,1	ERA5
1067638	16/10/2025	22	16/10/2025	18	HAE	9,9	0	-2,9	0	41,0	0	2,0	0	20,0	0	999,032	5.k=1.moyenne	224,0	ERA5
1067639	16/10/2025	23	16/10/2025	19	HAE	6,1	0	-2,3	0	55,0	0	0,0	0	0,0	0	999,472	5.k=1.moyenne	0,0	ERA5
1067640	17/10/2025	00	16/10/2025	20	HAE	5,5	0	-1,9	0	59,0	0	3,0	0	40,0	0	999,605	5.k=1.moyenne	0,0	ERA5
1067641	17/10/2025	01	16/10/2025	21	HAE	5,2	0	-2,1	0	59,0	0	3,0	0	10,0	0	999,687	5.k=1.moyenne	0,0	ERA5
1067642	17/10/2025	02	16/10/2025	22	HAE	3,6	0	-1,6	0	68,0	0	1,0	0	340,0	0	999,545	5.k=1.moyenne	0,0	ERA5
1067643	17/10/2025	03	16/10/2025	23	HAE	2,6	0	-1,4	0	75,0	0	1,0	0	330,0	0	999,301	5.k=1.moyenne	0,0	ERA5
1067644	17/10/2025	04	17/10/2025	00	HAE	1,8	0	-1,9	0	76,0	0	0,0	0	360,0	0	999,138	5.k=1.moyenne	0,0	ERA5
1067645	17/10/2025	05	17/10/2025	01	HAE	1,7	0	-1,8	0	78,0	0	1,0	0	340,0	0	999,036	5.k=1.moyenne	0,0	ERA5
1067646	17/10/2025	06	17/10/2025	02	HAE	2,1	0	-1,7	0	76,0	0	2,0	0	30,0	0	999,036	5.k=1.moyenne	0,0	ERA5
1067647	17/10/2025	07	17/10/2025	03	HAE	1,8	0	-1,5	0	78,0	0	3,0	0	300,0	0	998,916	5.k=1.moyenne	0,0	ERA5
1067648	17/10/2025	08	17/10/2025	04	HAE	1,1	0	-1,8	0	81,0	0	1,0	0	300,0	0	999,04	5.k=1.moyenne	0,0	ERA5
1067649	17/10/2025	09	17/10/2025	05	HAE	0,45	4.lineaire	-2,1	0	86,0	0	1,0	0	310,0	0	999,287	5.k=1.moyenne	0,0	ERA5
1067650	17/10/2025	10	17/10/2025	06	HAE	-0,2	0	-1,9	0	89,0	0	1,0	0	290,0	0	999,615	5.k=1.moyenne	0,0	ERA5
1067651	17/10/2025	11	17/10/2025	07	HAE	-0,7	0	-2,4	0	88,0	0	0,0	0	0,0	0	999,616	5.k=1.moyenne	0,0	ERA5
1067652	17/10/2025	12	17/10/2025	08	HAE	-0,7	0	-1,8	0	92,0	0	1,0	0	220,0	0	999,618	5.k=1.moyenne	98,8	ERA5
1067653	17/10/2025	13	17/10/2025	09	HAE	4,1	0	0,3	0	76,0	0	4,0	0	280,0	0	999,558	5.k=1.moyenne	605,5	ERA5
1067654	17/10/2025	14	17/10/2025	10	HAE	6,8	0	-0,3	0	61,0	0	4,0	0	280,0	0	999,467	5.k=1.moyenne	1186,0	ERA5
1067655	17/10/2025	15	17/10/2025	11	HAE	8,7	0	0,4	0	56,0	0	7,0	0	300,0	0	999,108	5.k=1.moyenne	1671,4	ERA5
1067656	17/10/2025	16	17/10/2025	12	HAE	10,0	0	-0,2	0	49,0	0	6,0	0	290,0	0	998,729	5.k=1.moyenne	1990,9	ERA5
1067657	17/10/2025	17	17/10/2025	13	HAE	11,5	0	0,5	0	47,0	0	9,0	0	260,0	0	997,97	5.k=1.moyenne	2126,3	ERA5
1067658	17/10/2025	18	17/10/2025	14	HAE	12,2	0	-0,1	0	43,0	0	5,0	0	240,0	0	997,491	5.k=1.moyenne	2048,6	ERA5
1067659	17/10/2025	19	17/10/2025	15	HAE	12,4	0	-0,8	0	40,0	0	7,0	0	260,0	0	996,952	5.k=1.moyenne	1777,4	ERA5
1067660	17/10/2025	20	17/10/2025	16	HAE	12,5	0	-0,5	0	40,0	0	9,0	0	300,0	0	996,686	5.k=1.moyenne	1318,6	ERA5
1067661	17/10/2025	21	17/10/2025	17	HAE	12,0	0	0,7	0	46,0	0	8,0	0	270,0	0	996,442	5.k=1.moyenne	758,0	ERA5
1067662	17/10/2025	22	17/10/2025	18	HAE	9,9	0	0,2	0	51,0	0	4,0	0	250,0	0	996,341	5.k=1.moyenne	199,7	ERA5
1067663	17/10/2025	23	17/10/2025	19	HAE	7,9	0	-0,7	0	54,0	0	3,0	0	240,0	0	996,484	5.k=1.moyenne	0,0	ERA5
1067664	18/10/2025	00	17/10/2025	20	HAE	6,1	0	-0,4	0	63,0	0	3,0	0	220,0	0	996,382	5.k=1.moyenne	0,0	ERA5
1067665	18/10/2025	01	17/10/2025	21	HAE	3,3	0	-0,5	0	76,0	0	4,0	0	190,0	0	996,322	5.k=1.moyenne	0,0	ERA5
1067666	18/10/2025	02	17/10/2025	22	HAE	3,5	0	-0,6	0	75,0	0	5,0	0	170,0	0	996,302	5.k=1.moyenne	0,0	ERA5
1067667	18/10/2025	03	17/10/2025	23	HAE	2,1	0	-0,8	0	81,0	0	6,0	0	170,0	0	996,22	5.k=1.moyenne	0,0	ERA5
1067668	18/10/2025	04	18/10/2025	00	HAE	1,9	0	-0,7	0	83,0	0	5,0	0	170,0	0	995,976	5.k=1.moyenne	0,0	ERA5
1067669	18/10/2025	05	18/10/2025	01	HAE	1,1	0	-1,3	0	84,0	0	6,0	0	170,0	0	995,793	5.k=1.moyenne	0,0	ERA5
1067670	18/10/2025	06	18/10/2025	02	HAE	0,4	0	-1,4	0	88,0	0	4,0	0	180,0	0	995,793	5.k=1.moyenne	0,0	ERA5
1067671	18/10/2025	07	18/10/2025	03	HAE	-0,1	0	-1,6	0	90,0	0	7,0	0	160,0	0	995,616	5.k=1.moyenne	0,0	ERA5
1067672	18/10/2025	08	18/10/2025	04	HAE	0,3	0	-1,2	0	90,0	0	3,0	0	150,0	0	995,543	5.k=1.moyenne	0,0	ERA5
1067673	18/10/2025	09	18/10/2025	05	HAE	2,6	0	2,1	0	97,0	0	5,0	0	140,0	0	995,654	5.k=1.moyenne	0,0	ERA5
1067674	18/10/2025	10	18/10/2025	06	HAE	4,8	0	3,6	0	92,0	0	7,0	0	160,0	0	995,787	5.k=1.moyenne	0,0	ERA5
1067675	18/10/2025	11	18/10/2025	07	HAE	5,6	0	3,7	0	88,0	0	8,0	0	150,0	0	995,798	5.k=1.moyenne	0,0	ERA5
1067676	18/10/2025	12	18/10/2025	08	HAE	5,3	0	4,1	0	92,0	0	4,0	0	150,0	0	996,136	5.k=1.moyenne	62,3	ERA5
1067677	18/10/2025	13	18/10/2025	09	HAE	6,6	0	5,0	0	90,0	0	9,0	0	160,0	0	996,189	5.k=1.moyenne	368,7	ERA5
1067678	18/10/2025	14	18/10/2025	10	HAE	7,5	0	5,8	0	89,0	0	12,0	0	160,0	0	996,141	5.k=1.moyenne	570,4	ERA5
1067679	18/10/2025	15	18/10/2025	11	HAE	8,4	0	6,7	0	89,0	0	10,0	0	160,0	0	996,032	5.k=1.moyenne	707,9	ERA5
1067680	18/10/2025	16	18/10/2025	12	HAE	9,8	0	5,9	0	77,0	0	15,0	0	170,0	0	995,72	5.k=1.moyenne	942,9	ERA5
1067681	18/10/2025	17	18/10/2025	13	HAE	11,5	0	5,2	0	65,0	0	14,0	0	170,0	0	995,245	5.k=1.moyenne	1046,4	ERA5
1067682	18/10/2025	18	18/10/2025	14	HAE	13,1	0	4,3	0	55,0	0	18,0	0	150,0	0	994,812	5.k=1.moyenne	571,8	ERA5
1067683	18/10/2025	19	18/10/2025	15	HAE	13,5	0	3,9	0	52,0	0	17,0	0	150,0	0	994,623	5.k=1.moyenne	482,6	ERA5
1067684	18/10/2025	20	18/10/2025	16	HAE	14,2	0	3,6	0	49,0	0	17,0	0	170,0	0	994,598	5.k=1.moyenne	725,1	ERA5
1067685	18/10/2025	21	18/10/2025	17	HAE	13,8	0	3,4	0	49,0	0	14,0	0	160,0	0	994,697	5.k=1.moyenne	574,4	ERA5
1067686	18/10/2025	22	18/10/2025	18	HAE	12,6	0	3,8	0	55,0	0	7,0	0	130,0	0	994,917	5.k=1.moyenne	161,0	ERA5
1067687	18/10/2025	23	18/10/2025	19	HAE	11,8	0	3,8	0	58,0	0	10,0	0	130,0	0	995,077	5.k=1.moyenne	0,0	ERA5
1067688	19/10/2025	00	18/10/2025	20	HAE	12,1	0	3,8	0	57,0	0	11,0	0	130,0	0	995,115	5.k=1.moyenne	0,0	ERA5
1067689	19/10/2025	01	18/10/2025	21	HAE	11,5	0	3,8	0	59,0	0	12,0	0	130,0	0	995,112	5.k=1.moyenne	0,0	ERA5
1067690	19/10/2025	02	18/10/2025	22	HAE	11,0	0	4,0	0	62,0	0	10,0	0	150,0	0	995,273	5.k=1.moyenne	0,0	ERA5
1067691	19/10/2025	03	18/10/2025	23	HAE	12,4	0	5,1	0	61,0	0	15,0	0	160,0	0	995,679	5.k=1.moyenne	0,0	ERA5
1067692	19/10/2025	04	19/10/2025	00	HAE	13,0	0	6,6	0	65,0	0	13,0	0	170,0	0	995,718	5.k=1.moyenne	0,0	ERA5
1067693	19/10/2025	05	19/10/2025	01	HAE	12,9	0	6,6	0	66,0	0	15,0	0	170,0	0	995,614	5.k=1.moyenne	0,0	ERA5
1067694	19/10/2025	06	19/10/2025	02	HAE	12,8	0	6,3	0	65,0	0	17,0	0	170,0	0	995,614	5.k=1.moyenne	0,0	ERA5
1067695	19/10/2025	07	19/10/2025	03	HAE	12,5	0	6,2	0	66,0	0	17,0	0	170,0	0	995,444	5.k=1.moyenne	0,0	ERA5
1067696	19/10/2025	08	19/10/2025	04	HAE	12,2	0	6,1	0	66,0	0	18,0	0	160,0	0	995,172	5.k=1.moyenne	0,0	ERA5
1067697	19/10/2025	09	19/10/2025	05	HAE	12,0	0	6,1	0	67,0	0	16,0	0	150,0	0	995,248	5.k=1.moyenne	0,0	ERA5
1067698	19/10/2025	10	19/10/2025	06	HAE	11,7	0	6,3	0	70,0	0	16,0	0	150,0	0	994,977	5.k=1.moyenne	0,0	ERA5
1067699	19/10/2025	11	19/10/2025	07	HAE	11,0	0	6,3	0	73,0	0	13,0	0	150,0	0	994,932	5.k=1.moyenne	0,0	ERA5
1067700	19/10/2025	12	19/10/2025	08	HAE	11,9	0	6,5	0	70,0	0	13,0	0	160,0	0	995,029	5.k=1.moyenne	79,9	ERA5
1067701	19/10/2025	13	19/10/2025	09	HAE	14,2	0	6,9	0	62,0	0	25,0	0	160,0	0	994,821	5.k=1.moyenne	543,4	ERA5
1067702	19/10/2025	14	19/10/2025	10	HAE	16,6	0	6,9	0	53,0	0	31,0	0	160,0	0	994,491	5.k=1.moyenne	1086,0	ERA5
1067703	19/10/2025	15	19/10/2025	11	HAE	17,9	0	7,0	0	49,0	0	37,0	0	170,0	0	993,895	5.k=1.moyenne	1547,9	ERA5
1067704	19/10/2025	16	19/10/2025	12	HAE	19,4	0	7,2	0	45,0	0	34,0	0	160,0	0	993,382	5.k=1.moyenne	1797,1	ERA5
1067705	19/10/2025	17	19/10/2025	13	HAE	20,5	0	7,7	0	43,0	0	43,0	0	160,0	0	992,583	5.k=1.moyenne	1899,5	ERA5
1067706	19/10/2025	18	19/10/2025	14	HAE	21,7	0	8,9	0	44,0	0	36,0	0	150,0	0	991,989	5.k=1.moyenne	1785,8	ERA5
1067707	19/10/2025	19	19/10/2025	15	HAE	22,2	0	10,0	0	46,0	0	32,0	0	160,0	0	991,496	5.k=1.moyenne	1571,6	ERA5
1067708	19/10/2025	20	19/10/2025	16	HAE	22,5	0	9,0	0	42,0	0	35,0	0	160,0	0	990,943	5.k=1.moyenne	1145,4	ERA5
1067709	19/10/2025	21	19/10/2025	17	HAE	21,9	0	9,1	0	44,0	0	26,0	0	170,0	0	990,757	5.k=1.moyenne	618,5	ERA5
1067710	19/10/2025	22	19/10/2025	18	HAE	19,2	0	9,4	0	53,0	0	16,0	0	150,0	0	990,755	5.k=1.moyenne	161,3	ERA5
1067711	19/10/2025	23	19/10/2025	19	HAE	19,5	0	9,0	0	51,0	0	28,0	0	150,0	0	990,754	5.k=1.moyenne	0,0	ERA5
1067712	20/10/2025	00	19/10/2025	20	HAE	19,1	0	10,5	0	57,0	0	33,0	0	150,0	0	990,466	5.k=1.moyenne	0,0	ERA5
1067713	20/10/2025	01	19/10/2025	21	HAE	19,1	0	10,2	0	56,0	0	37,0	0	170,0	0	990,343	5.k=1.moyenne	0,0	ERA5
1067714	20/10/2025	02	19/10/2025	22	HAE	19,1	0	9,3	0	53,0	0	33,0	0	150,0	0	990,668	5.k=1.moyenne	0,0	ERA5
1067715	20/10/2025	03	19/10/2025	23	HAE	18,6	0	9,0	0	54,0	0	9,0	0	140,0	0	990,952	5.k=1.moyenne	0,0	ERA5
1067716	20/10/2025	04	20/10/2025	00	HAE	17,0	0	9,3	0	60,0	0	10,0	0	160,0	0	990,869	5.k=1.moyenne	0,0	ERA5
1067717	20/10/2025	05	20/10/2025	01	HAE	17,9	0	8,7	0	55,0	0	39,0	0	160,0	0	990,93	5.k=1.moyenne	0,0	ERA5
1067718	20/10/2025	06	20/10/2025	02	HAE	17,3	0	8,3	0	56,0	0	25,0	0	150,0	0	990,93	5.k=1.moyenne	0,0	ERA5
1067719	20/10/2025	07	20/10/2025	03	HAE	17,4	0	9,2	0	59,0	0	23,0	0	160,0	0	990,895	5.k=1.moyenne	0,0	ERA5
1067720	20/10/2025	08	20/10/2025	04	HAE	17,5	0	10,2	0	62,0	0	26,0	0	160,0	0	990,922	5.k=1.moyenne	0,0	ERA5
1067721	20/10/2025	09	20/10/2025	05	HAE	17,5	0	10,9	0	65,0	0	33,0	0	150,0	0	991,012	5.k=1.moyenne	0,0	ERA5
1067722	20/10/2025	10	20/10/2025	06	HAE	17,6	0	11,4	0	67,0	0	23,0	0	140,0	0	991,083	5.k=1.moyenne	0,0	ERA5
1067723	20/10/2025	11	20/10/2025	07	HAE	17,8	0	12,1	0	69,0	0	20,0	0	140,0	0	991,013	5.k=1.moyenne	0,0	ERA5
1067724	20/10/2025	12	20/10/2025	08	HAE	17,8	0	12,7	0	72,0	0	14,0	0	130,0	0	991,204	5.k=1.moyenne	40,1	ERA5
1067725	20/10/2025	13	20/10/2025	09	HAE	18,4	0	13,1	0	71,0	0	17,0	0	130,0	0	991,415	5.k=1.moyenne	245,1	ERA5
1067726	20/10/2025	14	20/10/2025	10	HAE	19,4	0	13,5	0	68,0	0	18,0	0	130,0	0	991,447	5.k=1.moyenne	476,9	ERA5
1067727	20/10/2025	15	20/10/2025	11	HAE	21,0	0	13,5	0	62,0	0	34,0	0	140,0	0	991,5	5.k=1.moyenne	499,6	ERA5
1067728	20/10/2025	16	20/10/2025	12	HAE	19,7	0	14,0	0	70,0	0	26,0	0	150,0	0	991,593	5.k=1.moyenne	971,1	ERA5
1067729	20/10/2025	17	20/10/2025	13	HAE	18,5	0	14,3	0	77,0	0	23,0	0	140,0	0	991,427	5.k=1.moyenne	1197,3	ERA5
1067730	20/10/2025	18	20/10/2025	14	HAE	18,2	0	14,6	0	80,0	0	12,0	0	140,0	0	991,442	5.k=1.moyenne	832,5	ERA5
1067731	20/10/2025	19	20/10/2025	15	HAE	17,3	0	15,4	0	88,0	0	11,0	0	130,0	0	991,526	5.k=1.moyenne	101,7	ERA5
1067732	20/10/2025	20	20/10/2025	16	HAE	16,6	0	15,8	0	95,0	0	3,0	0	90,0	0	991,46	5.k=1.moyenne	216,1	ERA5
1067733	20/10/2025	21	20/10/2025	17	HAE	15,9	0	15,1	0	95,0	0	4,0	0	90,0	0	991,558	5.k=1.moyenne	101,9	ERA5
1067734	20/10/2025	22	20/10/2025	18	HAE	15,2	0	15,0	0	99,0	0	5,0	0	270,0	0	991,758	5.k=1.moyenne	16,8	ERA5
1067735	20/10/2025	23	20/10/2025	19	HAE	14,8	0	14,7	0	100,0	0	4,0	0	310,0	0	991,856	5.k=1.moyenne	-0,0	ERA5
1067736	21/10/2025	00	20/10/2025	20	HAE	12,5	0	12,4	0	99,0	0	15,0	0	250,0	0	991,812	5.k=1.moyenne	0,0	ERA5
1067737	21/10/2025	01	20/10/2025	21	HAE	12,4	0	12,1	0	98,0	0	10,0	0	250,0	0	992,034	5.k=1.moyenne	0,0	ERA5
1067738	21/10/2025	02	20/10/2025	22	HAE	12,3	0	12,2	0	100,0	0	3,0	0	90,0	0	992,01	5.k=1.moyenne	0,0	ERA5
1067739	21/10/2025	03	20/10/2025	23	HAE	11,7	0	11,7	0	100,0	0	10,0	0	120,0	0	991,885	5.k=1.moyenne	0,0	ERA5
1067740	21/10/2025	04	21/10/2025	00	HAE	10,9	0	10,7	0	99,0	0	11,0	0	100,0	0	991,781	5.k=1.moyenne	0,0	ERA5
1067741	21/10/2025	05	21/10/2025	01	HAE	10,7	0	10,6	0	99,0	0	14,0	0	120,0	0	991,84	5.k=1.moyenne	0,0	ERA5
1067742	21/10/2025	06	21/10/2025	02	HAE	10,6	0	10,3	0	98,0	0	4,0	0	130,0	0	991,84	5.k=1.moyenne	0,0	ERA5
1067743	21/10/2025	07	21/10/2025	03	HAE	10,3	0	10,3	0	100,0	0	2,0	0	80,0	0	991,767	5.k=1.moyenne	0,0	ERA5
1067744	21/10/2025	08	21/10/2025	04	HAE	10,1	0	10,1	0	99,6667	4.lineaire	3,0	0	280,0	0	991,817	5.k=1.moyenne	0,0	ERA5
1067745	21/10/2025	09	21/10/2025	05	HAE	10,2	0	10,2	0	99,3333	4.lineaire	3,0	0	300,0	0	991,766	5.k=1.moyenne	0,0	ERA5
1067746	21/10/2025	10	21/10/2025	06	HAE	9,5	0	9,4	0	99,0	0	14,0	0	260,0	0	991,797	5.k=1.moyenne	0,0	ERA5
1067747	21/10/2025	11	21/10/2025	07	HAE	9,3	0	8,8	0	97,0	0	17,0	0	250,0	0	992,095	5.k=1.moyenne	0,0	ERA5
1067748	21/10/2025	12	21/10/2025	08	HAE	8,8	0	8,0	0	95,0	0	19,0	0	260,0	0	992,027	5.k=1.moyenne	11,3	ERA5
1067749	21/10/2025	13	21/10/2025	09	HAE	8,7	0	7,5	0	92,0	0	17,0	0	260,0	0	992,324	5.k=1.moyenne	76,3	ERA5
1067750	21/10/2025	14	21/10/2025	10	HAE	8,7	0	7,3	0	91,0	0	18,0	0	230,0	0	991,958	5.k=1.moyenne	151,3	ERA5
1067751	21/10/2025	15	21/10/2025	11	HAE	9,5	0	7,5	0	87,0	0	17,0	0	230,0	0	991,733	5.k=1.moyenne	295,3	ERA5
1067752	21/10/2025	16	21/10/2025	12	HAE	11,5	0	8,3	0	81,0	0	15,0	0	230,0	0	991,457	5.k=1.moyenne	406,0	ERA5
1067753	21/10/2025	17	21/10/2025	13	HAE	11,8	0	7,8	0	77,0	0	16,0	0	200,0	0	990,91	5.k=1.moyenne	649,9	ERA5
1067754	21/10/2025	18	21/10/2025	14	HAE	12,4	0	7,4	0	71,0	0	13,0	0	200,0	0	990,551	5.k=1.moyenne	889,2	ERA5
1067755	21/10/2025	19	21/10/2025	15	HAE	14,3	0	6,2	0	58,0	0	7,0	0	250,0	0	990,297	5.k=1.moyenne	443,8	ERA5
1067756	21/10/2025	20	21/10/2025	16	HAE	13,7	0	8,2	0	69,0	0	10,0	0	160,0	0	990,272	5.k=1.moyenne	618,4	ERA5
1067757	21/10/2025	21	21/10/2025	17	HAE	13,5	0	7,9	0	69,0	0	2,0	0	120,0	0	990,144	5.k=1.moyenne	562,9	ERA5
1067758	21/10/2025	22	21/10/2025	18	HAE	12,6	0	8,7	0	77,0	0	2,0	0	120,0	0	990,398	5.k=1.moyenne	125,9	ERA5
1067759	21/10/2025	23	21/10/2025	19	HAE	12,5	0	8,1	0	74,0	0	1,0	0	70,0	0	990,2	5.k=1.moyenne	0,0	ERA5
1067760	22/10/2025	00	21/10/2025	20	HAE	11,6	0	8,8	0	83,0	0	2,0	0	90,0	0	990,218	5.k=1.moyenne	0,0	ERA5
1067761	22/10/2025	01	21/10/2025	21	HAE	11,9	0	8,0	0	77,0	0	8,0	0	150,0	0	990,424	5.k=1.moyenne	0,0	ERA5
1067762	22/10/2025	02	21/10/2025	22	HAE	12,1	0	8,2	0	77,0	0	11,0	0	170,0	0	990,422	5.k=1.moyenne	0,0	ERA5
1067763	22/10/2025	03	21/10/2025	23	HAE	12,0	0	8,7	0	80,0	0	8,0	0	160,0	0	990,232	5.k=1.moyenne	0,0	ERA5
1067764	22/10/2025	04	22/10/2025	00	HAE	12,3	0	8,9	0	80,0	0	7,0	0	160,0	0	990,188	5.k=1.moyenne	0,0	ERA5
1067765	22/10/2025	05	22/10/2025	01	HAE	10,7	0	8,0	0	83,0	0	3,0	0	150,0	0	990,02	5.k=1.moyenne	0,0	ERA5
1067766	22/10/2025	06	22/10/2025	02	HAE	8,2	0	7,4	0	95,0	0	0,0	0	0,0	0	990,02	5.k=1.moyenne	0,0	ERA5
1067767	22/10/2025	07	22/10/2025	03	HAE	9,3	0	8,9	0	97,0	0	2,0	0	140,0	0	989,859	5.k=1.moyenne	0,0	ERA5
1067768	22/10/2025	08	22/10/2025	04	HAE	9,6	0	8,9	0	95,0	0	4,0	0	40,0	0	989,594	5.k=1.moyenne	0,0	ERA5
1067769	22/10/2025	09	22/10/2025	05	HAE	11,3	0	7,6	0	78,0	0	8,0	0	140,0	0	989,623	5.k=1.moyenne	0,0	ERA5
1067770	22/10/2025	10	22/10/2025	06	HAE	10,8	0	7,7	0	81,0	0	5,0	0	110,0	0	989,507	5.k=1.moyenne	0,0	ERA5
1067771	22/10/2025	11	22/10/2025	07	HAE	10,8	0	7,5	0	80,0	0	11,0	0	130,0	0	989,447	5.k=1.moyenne	0,0	ERA5
1067772	22/10/2025	12	22/10/2025	08	HAE	10,6	0	8,2	0	85,0	0	10,0	0	120,0	0	989,376	5.k=1.moyenne	8,6	ERA5
1067773	22/10/2025	13	22/10/2025	09	HAE	11,0	0	8,6	0	85,0	0	14,0	0	140,0	0	989,163	5.k=1.moyenne	105,0	ERA5
1067774	22/10/2025	14	22/10/2025	10	HAE	11,9	0	9,1	0	83,0	0	14,0	0	150,0	0	988,909	5.k=1.moyenne	400,8	ERA5
1067775	22/10/2025	15	22/10/2025	11	HAE	11,1	0	10,4	0	95,0	0	15,0	0	170,0	0	988,514	5.k=1.moyenne	335,1	ERA5
1067776	22/10/2025	16	22/10/2025	12	HAE	11,8	0	9,9	0	88,0	0	18,0	0	190,0	0	988,017	5.k=1.moyenne	712,6	ERA5
1067777	22/10/2025	17	22/10/2025	13	HAE	11,3	0	10,4	0	94,0	0	9,0	0	270,0	0	987,459	5.k=1.moyenne	883,9	ERA5
1067778	22/10/2025	18	22/10/2025	14	HAE	11,0	0	8,9	0	87,0	0	10,0	0	280,0	0	986,902	5.k=1.moyenne	1049,7	ERA5
1067779	22/10/2025	19	22/10/2025	15	HAE	11,0	0	7,2	0	77,0	0	13,0	0	250,0	0	986,509	5.k=1.moyenne	825,8	ERA5
1067780	22/10/2025	20	22/10/2025	16	HAE	10,6	0	7,6	0	82,0	0	13,0	0	230,0	0	986,443	5.k=1.moyenne	434,5	ERA5
1067781	22/10/2025	21	22/10/2025	17	HAE	10,3	0	8,3	0	87,0	0	11,0	0	200,0	0	986,357	5.k=1.moyenne	458,4	ERA5
1067782	22/10/2025	22	22/10/2025	18	HAE	9,5	0	7,7	0	89,0	0	8,0	0	190,0	0	986,421	5.k=1.moyenne	103,6	ERA5
1067783	22/10/2025	23	22/10/2025	19	HAE	9,1	0	5,7	0	79,0	0	12,0	0	210,0	0	986,355	5.k=1.moyenne	0,0	ERA5
1067784	23/10/2025	00	22/10/2025	20	HAE	8,3	0	5,2	0	81,0	0	14,0	0	210,0	0	986,247	5.k=1.moyenne	0,0	ERA5
1067785	23/10/2025	01	22/10/2025	21	HAE	7,1	0	5,0	0	86,0	0	16,0	0	200,0	0	986,098	5.k=1.moyenne	0,0	ERA5
1067786	23/10/2025	02	22/10/2025	22	HAE	6,8	0	5,1	0	89,0	0	10,0	0	190,0	0	985,887	5.k=1.moyenne	0,0	ERA5
1067787	23/10/2025	03	22/10/2025	23	HAE	5,7	0	4,8	0	94,0	0	9,0	0	190,0	0	985,738	5.k=1.moyenne	0,0	ERA5
1067788	23/10/2025	04	23/10/2025	00	HAE	6,7	0	5,8	0	94,0	0	6,0	0	190,0	0	985,548	5.k=1.moyenne	0,0	ERA5
1067789	23/10/2025	05	23/10/2025	01	HAE	7,3	0	6,1	0	93,0	0	6,0	0	180,0	0	985,421	5.k=1.moyenne	0,0	ERA5
1067790	23/10/2025	06	23/10/2025	02	HAE	7,1	0	6,3	0	95,0	0	6,0	0	170,0	0	985,421	5.k=1.moyenne	0,0	ERA5
1067791	23/10/2025	07	23/10/2025	03	HAE	7,9	0	6,3	0	90,0	0	7,0	0	180,0	0	985,355	5.k=1.moyenne	0,0	ERA5
1067792	23/10/2025	08	23/10/2025	04	HAE	7,4	0	6,1	0	91,0	0	8,0	0	160,0	0	985,434	5.k=1.moyenne	0,0	ERA5
1067793	23/10/2025	09	23/10/2025	05	HAE	7,8	0	5,7	0	87,0	0	5,0	0	180,0	0	985,702	5.k=1.moyenne	0,0	ERA5
1067794	23/10/2025	10	23/10/2025	06	HAE	7,8	0	6,7	0	93,0	0	8,0	0	190,0	0	986,032	5.k=1.moyenne	0,0	ERA5
1067795	23/10/2025	11	23/10/2025	07	HAE	8,0	0	7,1	0	94,0	0	9,0	0	150,0	0	986,193	5.k=1.moyenne	0,0	ERA5
1067796	23/10/2025	12	23/10/2025	08	HAE	8,2	0	6,0	0	86,0	0	13,0	0	240,0	0	986,782	5.k=1.moyenne	31,6	ERA5
1067797	23/10/2025	13	23/10/2025	09	HAE	8,2	0	6,6	0	90,0	0	7,0	0	210,0	0	987,229	5.k=1.moyenne	241,0	ERA5
1067798	23/10/2025	14	23/10/2025	10	HAE	9,4	0	6,4	0	82,0	0	12,0	0	200,0	0	987,513	5.k=1.moyenne	689,0	ERA5
1067799	23/10/2025	15	23/10/2025	11	HAE	11,1	0	6,5	0	73,0	0	12,0	0	230,0	0	987,613	5.k=1.moyenne	885,0	ERA5
1067800	23/10/2025	16	23/10/2025	12	HAE	11,5	0	6,1	0	69,0	0	4,0	0	230,0	0	987,693	5.k=1.moyenne	1453,4	ERA5
1067801	23/10/2025	17	23/10/2025	13	HAE	9,6	0	6,2	0	80,0	0	8,0	0	210,0	0	987,671	5.k=1.moyenne	1673,8	ERA5
1067802	23/10/2025	18	23/10/2025	14	HAE	10,6	0	6,8	0	77,0	0	4,0	0	220,0	0	987,853	5.k=1.moyenne	1472,9	ERA5
1067803	23/10/2025	19	23/10/2025	15	HAE	10,3	0	7,0	0	80,0	0	11,0	0	210,0	0	988,199	5.k=1.moyenne	1140,1	ERA5
1067804	23/10/2025	20	23/10/2025	16	HAE	11,5	0	7,4	0	76,0	0	12,0	0	220,0	0	988,626	5.k=1.moyenne	711,9	ERA5
1067805	23/10/2025	21	23/10/2025	17	HAE	10,7	0	7,1	0	78,0	0	10,0	0	230,0	0	989,074	5.k=1.moyenne	308,6	ERA5
1067806	23/10/2025	22	23/10/2025	18	HAE	8,7	0	7,8	0	95,0	0	7,0	0	230,0	0	989,685	5.k=1.moyenne	91,8	ERA5
1067807	23/10/2025	23	23/10/2025	19	HAE	8,9	0	7,6	0	92,0	0	10,0	0	240,0	0	990,65	5.k=1.moyenne	0,0	ERA5
1067808	24/10/2025	00	23/10/2025	20	HAE	9,2	0	7,6	0	90,0	0	12,0	0	260,0	0	991,03	5.k=1.moyenne	0,0	ERA5
1067809	24/10/2025	01	23/10/2025	21	HAE	9,1	0	7,0	0	87,0	0	10,0	0	250,0	0	991,269	5.k=1.moyenne	0,0	ERA5
1067810	24/10/2025	02	23/10/2025	22	HAE	9,1	0	5,9	0	81,0	0	8,0	0	270,0	0	991,748	5.k=1.moyenne	0,0	ERA5
1067811	24/10/2025	03	23/10/2025	23	HAE	7,7	0	5,2	0	84,0	0	4,0	0	270,0	0	991,947	5.k=1.moyenne	0,0	ERA5
1067812	24/10/2025	04	24/10/2025	00	HAE	5,2	0	4,3	0	94,0	0	6,0	0	210,0	0	992,067	5.k=1.moyenne	0,0	ERA5
1067813	24/10/2025	05	24/10/2025	01	HAE	5,1	0	4,6	0	97,0	0	4,0	0	250,0	0	992,426	5.k=1.moyenne	0,0	ERA5
1067814	24/10/2025	06	24/10/2025	02	HAE	3,7	0	3,0	0	95,0	0	5,0	0	220,0	0	992,426	5.k=1.moyenne	0,0	ERA5
1067815	24/10/2025	07	24/10/2025	03	HAE	3,1	0	3,0	0	100,0	0	7,0	0	190,0	0	992,761	5.k=1.moyenne	0,0	ERA5
1067816	24/10/2025	08	24/10/2025	04	HAE	3,2	0	3,2	0	100,0	0	4,0	0	200,0	0	993,216	5.k=1.moyenne	0,0	ERA5
1067817	24/10/2025	09	24/10/2025	05	HAE	4,1	0	4,1	0	100,0	0	5,0	0	170,0	0	993,71	5.k=1.moyenne	0,0	ERA5
1067818	24/10/2025	10	24/10/2025	06	HAE	4,5	0	4,3	0	99,0	0	2,0	0	190,0	0	994,243	5.k=1.moyenne	0,0	ERA5
1067819	24/10/2025	11	24/10/2025	07	HAE	4,5	0	4,5	0	99,0	0	4,0	0	180,0	0	994,814	5.k=1.moyenne	0,0	ERA5
1067820	24/10/2025	12	24/10/2025	08	HAE	5,2	0	4,9	0	98,0	0	5,0	0	180,0	0	995,513	5.k=1.moyenne	35,0	ERA5
1067821	24/10/2025	13	24/10/2025	09	HAE	5,7	0	5,4	0	98,0	0	1,0	0	160,0	0	996,15	5.k=1.moyenne	285,5	ERA5
1067822	24/10/2025	14	24/10/2025	10	HAE	7,1	0	6,3	0	95,0	0	5,0	0	200,0	0	996,486	5.k=1.moyenne	649,9	ERA5
1067823	24/10/2025	15	24/10/2025	11	HAE	8,2	0	5,4	0	83,0	0	4,0	0	270,0	0	996,7	5.k=1.moyenne	1051,6	ERA5
1067824	24/10/2025	16	24/10/2025	12	HAE	8,3	0	5,4	0	82,0	0	5,0	0	300,0	0	997,054	5.k=1.moyenne	1291,2	ERA5
1067825	24/10/2025	17	24/10/2025	13	HAE	9,5	0	4,3	0	70,0	0	3,0	0	310,0	0	997,176	5.k=1.moyenne	1344,2	ERA5
1067826	24/10/2025	18	24/10/2025	14	HAE	9,7	0	3,6	0	66,0	0	11,0	0	260,0	0	997,377	5.k=1.moyenne	1391,2	ERA5
1067827	24/10/2025	19	24/10/2025	15	HAE	10,4	0	3,7	0	63,0	0	6,0	0	270,0	0	997,587	5.k=1.moyenne	1090,9	ERA5
1067828	24/10/2025	20	24/10/2025	16	HAE	10,4	0	4,1	0	65,0	0	8,0	0	280,0	0	998,039	5.k=1.moyenne	887,6	ERA5
1067829	24/10/2025	21	24/10/2025	17	HAE	9,4	0	3,6	0	67,0	0	5,0	0	280,0	0	998,64	5.k=1.moyenne	430,9	ERA5
1067830	24/10/2025	22	24/10/2025	18	HAE	8,8	0	4,0	0	72,0	0	5,0	0	260,0	0	999,28	5.k=1.moyenne	97,3	ERA5
1067831	24/10/2025	23	24/10/2025	19	HAE	7,7	0	4,3	0	79,0	0	4,0	0	260,0	0	1000,04	5.k=1.moyenne	0,0	ERA5
1067832	25/10/2025	00	24/10/2025	20	HAE	7,6	0	3,7	0	76,0	0	4,0	0	280,0	0	1000,46	5.k=1.moyenne	0,0	ERA5
1067833	25/10/2025	01	24/10/2025	21	HAE	7,1	0	3,5	0	78,0	0	5,0	0	280,0	0	1000,89	5.k=1.moyenne	0,0	ERA5
1067834	25/10/2025	02	24/10/2025	22	HAE	5,2	0	2,9	0	85,0	0	4,0	0	240,0	0	1001,31	5.k=1.moyenne	0,0	ERA5
1067835	25/10/2025	03	24/10/2025	23	HAE	5,8	0	3,3	0	84,0	0	4,0	0	270,0	0	1001,54	5.k=1.moyenne	0,0	ERA5
1067836	25/10/2025	04	25/10/2025	00	HAE	6,1	0	2,9	0	80,0	0	5,0	0	310,0	0	1001,81	5.k=1.moyenne	0,0	ERA5
1067837	25/10/2025	05	25/10/2025	01	HAE	6,2	0	2,4	0	77,0	0	4,0	0	310,0	0	1002,16	5.k=1.moyenne	0,0	ERA5
1067838	25/10/2025	06	25/10/2025	02	HAE	5,9	0	2,8	0	80,0	0	2,0	0	230,0	0	1002,16	5.k=1.moyenne	0,0	ERA5
1067839	25/10/2025	07	25/10/2025	03	HAE	5,9	0	3,3	0	83,0	0	4,0	0	240,0	0	1002,6	5.k=1.moyenne	0,0	ERA5
1067840	25/10/2025	08	25/10/2025	04	HAE	5,9	0	3,3	0	84,0	0	5,0	0	250,0	0	1002,94	5.k=1.moyenne	0,0	ERA5
1067841	25/10/2025	09	25/10/2025	05	HAE	5,9	0	3,4	0	84,0	0	6,0	0	240,0	0	1003,38	5.k=1.moyenne	0,0	ERA5
1067842	25/10/2025	10	25/10/2025	06	HAE	5,7	0	3,4	0	85,0	0	4,0	0	250,0	0	1003,94	5.k=1.moyenne	0,0	ERA5
1067843	25/10/2025	11	25/10/2025	07	HAE	5,9	0	3,5	0	85,0	0	7,0	0	250,0	0	1004,54	5.k=1.moyenne	0,0	ERA5
1067844	25/10/2025	12	25/10/2025	08	HAE	6,0	0	3,7	0	86,0	0	7,0	0	250,0	0	1005,13	5.k=1.moyenne	42,7	ERA5
1067845	25/10/2025	13	25/10/2025	09	HAE	6,4	0	4,1	0	85,0	0	10,0	0	260,0	0	1005,81	5.k=1.moyenne	413,7	ERA5
1067846	25/10/2025	14	25/10/2025	10	HAE	7,0	0	4,0	0	81,0	0	10,0	0	270,0	0	1006,03	5.k=1.moyenne	705,5	ERA5
1067847	25/10/2025	15	25/10/2025	11	HAE	7,5	0	3,7	0	77,0	0	13,0	0	270,0	0	1006,27	5.k=1.moyenne	718,9	ERA5
1067848	25/10/2025	16	25/10/2025	12	HAE	8,4	0	3,6	0	72,0	0	11,0	0	270,0	0	1006,43	5.k=1.moyenne	1012,1	ERA5
1067849	25/10/2025	17	25/10/2025	13	HAE	9,0	0	3,4	0	68,0	0	11,0	0	280,0	0	1006,39	5.k=1.moyenne	1180,2	ERA5
1067850	25/10/2025	18	25/10/2025	14	HAE	9,9	0	2,8	0	61,0	0	11,0	0	260,0	0	1006,34	5.k=1.moyenne	1306,8	ERA5
1067851	25/10/2025	19	25/10/2025	15	HAE	9,6	0	1,6	0	58,0	0	11,0	0	290,0	0	1006,39	5.k=1.moyenne	1013,8	ERA5
1067852	25/10/2025	20	25/10/2025	16	HAE	9,8	0	1,6	0	56,0	0	13,0	0	280,0	0	1006,59	5.k=1.moyenne	664,4	ERA5
1067853	25/10/2025	21	25/10/2025	17	HAE	8,8	0	2,1	0	63,0	0	5,0	0	280,0	0	1006,84	5.k=1.moyenne	419,3	ERA5
1067854	25/10/2025	22	25/10/2025	18	HAE	7,9	0	2,3	0	68,0	0	3,0	0	290,0	0	1007,1	5.k=1.moyenne	82,9	ERA5
1067855	25/10/2025	23	25/10/2025	19	HAE	7,4	0	2,1	0	69,0	0	2,0	0	290,0	0	1007,72	5.k=1.moyenne	0,0	ERA5
1067856	26/10/2025	00	25/10/2025	20	HAE	7,0	0	2,9	0	75,0	0	3,0	0	290,0	0	1007,99	5.k=1.moyenne	0,0	ERA5
1067857	26/10/2025	01	25/10/2025	21	HAE	7,1	0	2,1	0	71,0	0	2,0	0	300,0	0	1008,18	5.k=1.moyenne	0,0	ERA5
1067858	26/10/2025	02	25/10/2025	22	HAE	6,4	0	2,6	0	76,0	0	3,0	0	290,0	0	1008,39	5.k=1.moyenne	0,0	ERA5
1067859	26/10/2025	03	25/10/2025	23	HAE	5,9	0	2,4	0	78,0	0	4,0	0	300,0	0	1008,34	5.k=1.moyenne	0,0	ERA5
1067860	26/10/2025	04	26/10/2025	00	HAE	5,5	0	2,5	0	81,0	0	3,0	0	300,0	0	1008,43	5.k=1.moyenne	0,0	ERA5
1067861	26/10/2025	05	26/10/2025	01	HAE	5,4	0	2,7	0	83,0	0	3,0	0	290,0	0	1008,64	5.k=1.moyenne	0,0	ERA5
1067862	26/10/2025	06	26/10/2025	02	HAE	5,2	0	3,0	0	86,0	0	2,0	0	270,0	0	1008,64	5.k=1.moyenne	0,0	ERA5
1067863	26/10/2025	07	26/10/2025	03	HAE	5,0	0	2,9	0	86,0	0	1,0	0	310,0	0	1008,78	5.k=1.moyenne	0,0	ERA5
1067864	26/10/2025	08	26/10/2025	04	HAE	5,1	0	2,9	0	86,0	0	4,0	0	290,0	0	1009,05	5.k=1.moyenne	0,0	ERA5
1067865	26/10/2025	09	26/10/2025	05	HAE	5,0	0	3,1	0	88,0	0	1,0	0	280,0	0	1009,49	5.k=1.moyenne	0,0	ERA5
1067866	26/10/2025	10	26/10/2025	06	HAE	4,5	0	3,1	0	91,0	0	1,0	0	270,0	0	1009,95	5.k=1.moyenne	0,0	ERA5
1067867	26/10/2025	11	26/10/2025	07	HAE	3,9	0	3,0	0	94,0	0	3,0	0	300,0	0	1010,37	5.k=1.moyenne	0,0	ERA5
1067868	26/10/2025	12	26/10/2025	08	HAE	4,5	0	2,6	0	88,0	0	2,0	0	310,0	0	1010,87	5.k=1.moyenne	37,7	ERA5
1067869	26/10/2025	13	26/10/2025	09	HAE	5,9	0	2,5	0	79,0	0	4,0	0	320,0	0	1011,32	5.k=1.moyenne	395,9	ERA5
1067870	26/10/2025	14	26/10/2025	10	HAE	6,6	0	2,1	0	73,0	0	6,0	0	360,0	0	1011,49	5.k=1.moyenne	884,4	ERA5
1067871	26/10/2025	15	26/10/2025	11	HAE	7,0	0	2,5	0	73,0	0	2,0	0	10,0	0	1011,6	5.k=1.moyenne	1035,8	ERA5
1067872	26/10/2025	16	26/10/2025	12	HAE	7,4	0	1,7	0	67,0	0	3,0	0	50,0	0	1011,53	5.k=1.moyenne	1090,3	ERA5
1067873	26/10/2025	17	26/10/2025	13	HAE	7,9	0	1,4	0	64,0	0	6,0	0	310,0	0	1011,27	5.k=1.moyenne	941,5	ERA5
1067874	26/10/2025	18	26/10/2025	14	HAE	8,3	0	1,0	0	60,0	0	9,0	0	290,0	0	1011,11	5.k=1.moyenne	1055,6	ERA5
1067875	26/10/2025	19	26/10/2025	15	HAE	8,6	0	1,2	0	59,0	0	5,0	0	320,0	0	1011,11	5.k=1.moyenne	583,1	ERA5
1067876	26/10/2025	20	26/10/2025	16	HAE	8,6	0	1,5	0	61,0	0	5,0	0	290,0	0	1011,24	5.k=1.moyenne	323,3	ERA5
1067877	26/10/2025	21	26/10/2025	17	HAE	8,1	0	2,0	0	65,0	0	9,0	0	270,0	0	1011,28	5.k=1.moyenne	188,6	ERA5
1067878	26/10/2025	22	26/10/2025	18	HAE	7,6	0	2,1	0	68,0	0	8,0	0	270,0	0	1011,55	5.k=1.moyenne	45,6	ERA5
1067879	26/10/2025	23	26/10/2025	19	HAE	7,3	0	2,4	0	71,0	0	6,0	0	270,0	0	1011,78	5.k=1.moyenne	0,0	ERA5
1067880	27/10/2025	00	26/10/2025	20	HAE	7,1	0	2,1	0	71,0	0	7,0	0	260,0	0	1011,89	5.k=1.moyenne	0,0	ERA5
1067881	27/10/2025	01	26/10/2025	21	HAE	6,7	0	2,5	0	74,0	0	5,0	0	260,0	0	1012,07	5.k=1.moyenne	0,0	ERA5
1067882	27/10/2025	02	26/10/2025	22	HAE	6,3	0	2,3	0	76,0	0	4,0	0	290,0	0	1012,24	5.k=1.moyenne	0,0	ERA5
1067883	27/10/2025	03	26/10/2025	23	HAE	5,7	0	2,5	0	80,0	0	5,0	0	310,0	0	1012,16	5.k=1.moyenne	0,0	ERA5
1067884	27/10/2025	04	27/10/2025	00	HAE	5,9	0	2,9	0	81,0	0	2,0	0	350,0	0	1012,2	5.k=1.moyenne	0,0	ERA5
1067885	27/10/2025	05	27/10/2025	01	HAE	6,0	0	2,4	0	78,0	0	3,0	0	340,0	0	1012,47	5.k=1.moyenne	0,0	ERA5
1067886	27/10/2025	06	27/10/2025	02	HAE	5,7	0	2,0	0	77,0	0	3,0	0	340,0	0	1012,47	5.k=1.moyenne	0,0	ERA5
1067887	27/10/2025	07	27/10/2025	03	HAE	4,6	0	2,1	0	83,0	0	3,0	0	30,0	0	1012,39	5.k=1.moyenne	0,0	ERA5
1067888	27/10/2025	08	27/10/2025	04	HAE	3,7	0	1,4	0	85,0	0	2,0	0	290,0	0	1012,44	5.k=1.moyenne	0,0	ERA5
1067889	27/10/2025	09	27/10/2025	05	HAE	3,5	0	2,2	0	91,0	0	3,0	0	330,0	0	1012,77	5.k=1.moyenne	0,0	ERA5
1067890	27/10/2025	10	27/10/2025	06	HAE	3,3	0	2,1	0	92,0	0	3,0	0	340,0	0	1013,08	5.k=1.moyenne	0,0	ERA5
1067891	27/10/2025	11	27/10/2025	07	HAE	3,0	0	1,5	0	90,0	0	0,0	0	0,0	0	1013,06	5.k=1.moyenne	0,0	ERA5
1067892	27/10/2025	12	27/10/2025	08	HAE	2,0	0	1,2	0	95,0	0	2,0	0	240,0	0	1013,5	5.k=1.moyenne	35,1	ERA5
1067893	27/10/2025	13	27/10/2025	09	HAE	4,7	0	2,3	0	84,0	0	3,0	0	300,0	0	1014,11	5.k=1.moyenne	394,4	ERA5
1067894	27/10/2025	14	27/10/2025	10	HAE	6,6	0	2,3	0	74,0	0	5,0	0	340,0	0	1014,07	5.k=1.moyenne	959,1	ERA5
1067895	27/10/2025	15	27/10/2025	11	HAE	7,6	0	1,7	0	66,0	0	3,0	0	10,0	0	1013,93	5.k=1.moyenne	1431,5	ERA5
1067896	27/10/2025	16	27/10/2025	12	HAE	9,2	0	2,8	0	64,0	0	5,0	0	340,0	0	1013,72	5.k=1.moyenne	1743,9	ERA5
1067897	27/10/2025	17	27/10/2025	13	HAE	9,6	0	3,1	0	64,0	0	5,0	0	350,0	0	1013,41	5.k=1.moyenne	1596,7	ERA5
1067898	27/10/2025	18	27/10/2025	14	HAE	9,8	0	3,2	0	63,0	0	3,0	0	340,0	0	1013,06	5.k=1.moyenne	997,6	ERA5
1067899	27/10/2025	19	27/10/2025	15	HAE	9,8	0	3,2	0	64,0	0	6,0	0	10,0	0	1012,58	5.k=1.moyenne	634,5	ERA5
1067900	27/10/2025	20	27/10/2025	16	HAE	9,7	0	3,2	0	64,0	0	3,0	0	350,0	0	1012,48	5.k=1.moyenne	408,3	ERA5
1067901	27/10/2025	21	27/10/2025	17	HAE	9,7	0	3,7	0	66,0	0	5,0	0	350,0	0	1012,54	5.k=1.moyenne	272,1	ERA5
1067902	27/10/2025	22	27/10/2025	18	HAE	9,1	0	4,0	0	70,0	0	2,0	0	20,0	0	1012,72	5.k=1.moyenne	43,6	ERA5
1067903	27/10/2025	23	27/10/2025	19	HAE	8,5	0	4,5	0	76,0	0	1,0	0	360,0	0	1013,01	5.k=1.moyenne	0,0	ERA5
1067904	28/10/2025	00	27/10/2025	20	HAE	8,4	0	4,0	0	74,0	0	1,0	0	20,0	0	1013,21	5.k=1.moyenne	0,0	ERA5
1067905	28/10/2025	01	27/10/2025	21	HAE	8,0	0	4,2	0	77,0	0	3,0	0	30,0	0	1013,38	5.k=1.moyenne	0,0	ERA5
1067906	28/10/2025	02	27/10/2025	22	HAE	7,4	0	4,8	0	84,0	0	2,0	0	20,0	0	1013,5	5.k=1.moyenne	0,0	ERA5
1067907	28/10/2025	03	27/10/2025	23	HAE	7,6	0	4,0	0	78,0	0	2,0	0	360,0	0	1013,54	5.k=1.moyenne	0,0	ERA5
1067908	28/10/2025	04	28/10/2025	00	HAE	7,3	0	4,3	0	82,0	0	2,0	0	360,0	0	1013,58	5.k=1.moyenne	0,0	ERA5
1067909	28/10/2025	05	28/10/2025	01	HAE	7,1	0	3,9	0	81,0	0	4,0	0	10,0	0	1013,56	5.k=1.moyenne	0,0	ERA5
1067910	28/10/2025	06	28/10/2025	02	HAE	6,8	0	4,1	0	83,0	0	2,0	0	10,0	0	1013,56	5.k=1.moyenne	0,0	ERA5
1067911	28/10/2025	07	28/10/2025	03	HAE	5,9	0	3,8	0	86,0	0	4,0	0	30,0	0	1013,6	5.k=1.moyenne	0,0	ERA5
1067912	28/10/2025	08	28/10/2025	04	HAE	4,8	0	3,0	0	88,0	0	4,0	0	20,0	0	1013,5	5.k=1.moyenne	0,0	ERA5
1067913	28/10/2025	09	28/10/2025	05	HAE	3,4	0	2,8	0	96,0	0	3,0	0	360,0	0	1013,71	5.k=1.moyenne	0,0	ERA5
1067914	28/10/2025	10	28/10/2025	06	HAE	2,6	0	2,1	0	97,0	0	2,0	0	10,0	0	1013,97	5.k=1.moyenne	0,0	ERA5
1067915	28/10/2025	11	28/10/2025	07	HAE	1,8	0	1,4	0	97,0	0	4,0	0	20,0	0	1014,15	5.k=1.moyenne	0,0	ERA5
1067916	28/10/2025	12	28/10/2025	08	HAE	2,5	0	1,7	0	95,0	0	5,0	0	20,0	0	1014,53	5.k=1.moyenne	36,0	ERA5
1067917	28/10/2025	13	28/10/2025	09	HAE	5,5	0	3,1	0	84,0	0	9,0	0	50,0	0	1014,97	5.k=1.moyenne	440,7	ERA5
1067918	28/10/2025	14	28/10/2025	10	HAE	7,5	0	2,6	0	71,0	0	12,0	0	40,0	0	1015,01	5.k=1.moyenne	975,1	ERA5
1067919	28/10/2025	15	28/10/2025	11	HAE	7,8	0	3,2	0	72,0	0	10,0	0	40,0	0	1014,9	5.k=1.moyenne	1447,6	ERA5
1067920	28/10/2025	16	28/10/2025	12	HAE	9,6	0	3,2	0	64,0	0	10,0	0	30,0	0	1014,43	5.k=1.moyenne	1754,3	ERA5
1067921	28/10/2025	17	28/10/2025	13	HAE	10,6	0	3,2	0	60,0	0	8,0	0	70,0	0	1013,61	5.k=1.moyenne	1891,4	ERA5
1067922	28/10/2025	18	28/10/2025	14	HAE	10,9	0	2,8	0	57,0	0	13,0	0	20,0	0	1012,89	5.k=1.moyenne	1816,1	ERA5
1067923	28/10/2025	19	28/10/2025	15	HAE	11,5	0	2,7	0	55,0	0	9,0	0	50,0	0	1012,32	5.k=1.moyenne	1547,0	ERA5
1067924	28/10/2025	20	28/10/2025	16	HAE	11,6	0	1,4	0	49,0	0	11,0	0	40,0	0	1011,94	5.k=1.moyenne	1108,4	ERA5
1067925	28/10/2025	21	28/10/2025	17	HAE	10,8	0	2,0	0	54,0	0	5,0	0	30,0	0	1011,84	5.k=1.moyenne	566,2	ERA5
1067926	28/10/2025	22	28/10/2025	18	HAE	8,0	0	2,2	0	67,0	0	2,0	0	10,0	0	1011,78	5.k=1.moyenne	88,6	ERA5
1067927	28/10/2025	23	28/10/2025	19	HAE	5,7	0	1,7	0	75,0	0	3,0	0	10,0	0	1012,1	5.k=1.moyenne	0,0	ERA5
1067928	29/10/2025	00	28/10/2025	20	HAE	5,3	0	1,5	0	76,0	0	3,0	0	20,0	0	1011,94	5.k=1.moyenne	0,0	ERA5
1067929	29/10/2025	01	28/10/2025	21	HAE	4,8	0	1,1	0	77,0	0	5,0	0	20,0	0	1011,92	5.k=1.moyenne	0,0	ERA5
1067930	29/10/2025	02	28/10/2025	22	HAE	4,1	0	0,6	0	78,0	0	4,0	0	40,0	0	1011,79	5.k=1.moyenne	0,0	ERA5
1067931	29/10/2025	03	28/10/2025	23	HAE	2,5	0	0,35	4.lineaire	84,0	0	3,0	0	20,0	0	1011,41	5.k=1.moyenne	0,0	ERA5
1067932	29/10/2025	04	29/10/2025	00	HAE	2,8	0	0,1	0	82,0	0	3,0	0	30,0	0	1010,94	5.k=1.moyenne	0,0	ERA5
1067933	29/10/2025	05	29/10/2025	01	HAE	2,6	0	-0,2	0	82,0	0	4,0	0	30,0	0	1010,57	5.k=1.moyenne	0,0	ERA5
1067934	29/10/2025	06	29/10/2025	02	HAE	1,8	0	-0,2	0	87,0	0	4,0	0	20,0	0	1010,57	5.k=1.moyenne	0,0	ERA5
1067935	29/10/2025	07	29/10/2025	03	HAE	1,4	0	-0,2	0	89,0	0	5,0	0	10,0	0	1010,39	5.k=1.moyenne	0,0	ERA5
1067936	29/10/2025	08	29/10/2025	04	HAE	0,8	0	0,15	4.lineaire	94,0	0	5,0	0	10,0	0	1010,07	5.k=1.moyenne	0,0	ERA5
1067937	29/10/2025	09	29/10/2025	05	HAE	0,9	0	0,5	0	97,0	0	4,0	0	10,0	0	1009,81	5.k=1.moyenne	0,0	ERA5
1067938	29/10/2025	10	29/10/2025	06	HAE	0,6	0	0,3	0	98,0	0	6,0	0	20,0	0	1009,7	5.k=1.moyenne	0,0	ERA5
1067939	29/10/2025	11	29/10/2025	07	HAE	0,6	0	0,3	0	98,0	0	4,0	0	10,0	0	1009,69	5.k=1.moyenne	0,0	ERA5
1067940	29/10/2025	12	29/10/2025	08	HAE	0,9	0	0,6	0	98,0	0	5,0	0	10,0	0	1009,82	5.k=1.moyenne	27,9	ERA5
1067941	29/10/2025	13	29/10/2025	09	HAE	2,9	0	0,8	0	86,0	0	6,0	0	30,0	0	1009,69	5.k=1.moyenne	371,4	ERA5
1067942	29/10/2025	14	29/10/2025	10	HAE	5,6	0	0,6	0	70,0	0	10,0	0	50,0	0	1009,26	5.k=1.moyenne	854,1	ERA5
1067943	29/10/2025	15	29/10/2025	11	HAE	7,2	0	1,1	0	65,0	0	8,0	0	50,0	0	1008,85	5.k=1.moyenne	1332,8	ERA5
1067944	29/10/2025	16	29/10/2025	12	HAE	8,8	0	2,1	0	63,0	0	6,0	0	30,0	0	1008,06	5.k=1.moyenne	1717,7	ERA5
1067945	29/10/2025	17	29/10/2025	13	HAE	10,1	0	0,9	0	53,0	0	7,0	0	80,0	0	1007,26	5.k=1.moyenne	1873,5	ERA5
1067946	29/10/2025	18	29/10/2025	14	HAE	11,0	0	0,9	0	50,0	0	4,0	0	60,0	0	1006,77	5.k=1.moyenne	1812,0	ERA5
1067947	29/10/2025	19	29/10/2025	15	HAE	11,4	0	0,8	0	48,0	0	2,0	0	10,0	0	1006,48	5.k=1.moyenne	1519,7	ERA5
1067948	29/10/2025	20	29/10/2025	16	HAE	11,9	0	1,3	0	48,0	0	5,0	0	350,0	0	1005,81	5.k=1.moyenne	1075,1	ERA5
1067949	29/10/2025	21	29/10/2025	17	HAE	11,3	0	1,2	0	50,0	0	6,0	0	360,0	0	1005,58	5.k=1.moyenne	490,3	ERA5
1067950	29/10/2025	22	29/10/2025	18	HAE	9,0	0	1,8	0	61,0	0	5,0	0	20,0	0	1005,45	5.k=1.moyenne	70,3	ERA5
1067951	29/10/2025	23	29/10/2025	19	HAE	7,0	0	1,9	0	70,0	0	4,0	0	10,0	0	1005,51	5.k=1.moyenne	0,0	ERA5
1067952	30/10/2025	00	29/10/2025	20	HAE	5,7	0	1,7	0	75,0	0	5,0	0	20,0	0	1005,26	5.k=1.moyenne	0,0	ERA5
1067953	30/10/2025	01	29/10/2025	21	HAE	5,6	0	1,9	0	77,0	0	7,0	0	20,0	0	1005,01	5.k=1.moyenne	0,0	ERA5
1067954	30/10/2025	02	29/10/2025	22	HAE	4,5	0	1,1	0	79,0	0	5,0	0	30,0	0	1004,81	5.k=1.moyenne	0,0	ERA5
1067955	30/10/2025	03	29/10/2025	23	HAE	2,8	0	0,6	0	86,0	0	0,0	0	0,0	0	1004,46	5.k=1.moyenne	0,0	ERA5
1067956	30/10/2025	04	30/10/2025	00	HAE	0,7	0	-0,5	0	92,0	0	3,0	0	180,0	0	1004,17	5.k=1.moyenne	0,0	ERA5
1067957	30/10/2025	05	30/10/2025	01	HAE	0,7	0	0,4	0	98,0	0	2,0	0	60,0	0	1003,92	5.k=1.moyenne	0,0	ERA5
1067958	30/10/2025	06	30/10/2025	02	HAE	0,1	0	-0,2	0	98,0	0	0,0	0	130,0	0	1003,92	5.k=1.moyenne	0,0	ERA5
1067959	30/10/2025	07	30/10/2025	03	HAE	-0,2	0	-0,3	0	99,0	0	1,0	0	20,0	0	1003,66	5.k=1.moyenne	0,0	ERA5
1067960	30/10/2025	08	30/10/2025	04	HAE	-0,3	4.lineaire	-0,4	4.lineaire	100,0	0	1,0	0	360,0	0	1003,29	5.k=1.moyenne	0,0	ERA5
1067961	30/10/2025	09	30/10/2025	05	HAE	-0,4	0	-0,5	0	100,0	0	1,0	0	40,0	0	1002,89	5.k=1.moyenne	0,0	ERA5
1067962	30/10/2025	10	30/10/2025	06	HAE	1,5	0	1,5	0	94,5	4.lineaire	4,0	0	130,0	0	1002,62	5.k=1.moyenne	0,0	ERA5
1067963	30/10/2025	11	30/10/2025	07	HAE	3,1	0	1,5	0	89,0	0	2,0	0	90,0	0	1002,28	5.k=1.moyenne	0,0	ERA5
1067964	30/10/2025	12	30/10/2025	08	HAE	3,7	0	1,9	0	87,0	0	3,0	0	20,0	0	1002,09	5.k=1.moyenne	11,6	ERA5
1067965	30/10/2025	13	30/10/2025	09	HAE	3,7	0	3,1	0	96,0	0	3,0	0	20,0	0	1001,83	5.k=1.moyenne	121,1	ERA5
1067966	30/10/2025	14	30/10/2025	10	HAE	4,4	0	3,8	0	96,0	0	4,0	0	50,0	0	1001,32	5.k=1.moyenne	216,7	ERA5
1067967	30/10/2025	15	30/10/2025	11	HAE	4,8	0	4,4	0	97,0	0	5,0	0	50,0	0	1000,82	5.k=1.moyenne	188,4	ERA5
1067968	30/10/2025	16	30/10/2025	12	HAE	5,1	0	4,7	0	97,0	0	4,0	0	40,0	0	1000,17	5.k=1.moyenne	189,5	ERA5
1067969	30/10/2025	17	30/10/2025	13	HAE	5,5	0	5,3	0	98,0	0	7,0	0	30,0	0	999,113	5.k=1.moyenne	229,8	ERA5
1067970	30/10/2025	18	30/10/2025	14	HAE	6,0	0	5,3	0	95,0	0	11,0	0	50,0	0	998,079	5.k=1.moyenne	224,1	ERA5
1067971	30/10/2025	19	30/10/2025	15	HAE	6,7	0	5,8	0	94,0	0	11,0	0	60,0	0	997,088	5.k=1.moyenne	406,7	ERA5
1067972	30/10/2025	20	30/10/2025	16	HAE	6,6	0	4,7	0	87,0	0	13,0	0	70,0	0	996,241	5.k=1.moyenne	448,0	ERA5
1067973	30/10/2025	21	30/10/2025	17	HAE	6,7	0	4,8	0	88,0	0	9,0	0	40,0	0	995,7	5.k=1.moyenne	128,5	ERA5
1067974	30/10/2025	22	30/10/2025	18	HAE	6,4	0	5,7	0	95,0	0	11,0	0	70,0	0	995,303	5.k=1.moyenne	14,6	ERA5
1067975	30/10/2025	23	30/10/2025	19	HAE	6,6	0	6,1	0	97,0	0	15,0	0	60,0	0	994,642	5.k=1.moyenne	0,0	ERA5
1067976	31/10/2025	00	30/10/2025	20	HAE	6,9	0	6,4	0	97,0	0	15,0	0	60,0	0	993,798	5.k=1.moyenne	0,0	ERA5
1067977	31/10/2025	01	30/10/2025	21	HAE	7,2	0	6,8	0	97,0	0	9,0	0	60,0	0	992,974	5.k=1.moyenne	0,0	ERA5
1067978	31/10/2025	02	30/10/2025	22	HAE	7,3	0	7,1	0	98,0	0	6,0	0	30,0	0	991,927	5.k=1.moyenne	0,0	ERA5
1067979	31/10/2025	03	30/10/2025	23	HAE	7,7	0	7,5	0	99,0	0	8,0	0	40,0	0	990,942	5.k=1.moyenne	0,0	ERA5
1067980	31/10/2025	04	31/10/2025	00	HAE	8,3	0	7,8	0	97,0	0	8,0	0	30,0	0	989,692	5.k=1.moyenne	0,0	ERA5
1067981	31/10/2025	05	31/10/2025	01	HAE	8,7	0	8,1	0	96,0	0	8,0	0	50,0	0	988,421	5.k=1.moyenne	0,0	ERA5
1067982	31/10/2025	06	31/10/2025	02	HAE	9,1	0	8,2	0	94,0	0	9,0	0	40,0	0	988,421	5.k=1.moyenne	0,0	ERA5
1067983	31/10/2025	07	31/10/2025	03	HAE	8,9	0	8,4	0	97,0	0	10,0	0	40,0	0	986,799	5.k=1.moyenne	0,0	ERA5
1067984	31/10/2025	08	31/10/2025	04	HAE	9,0	0	8,6	0	97,0	0	10,0	0	40,0	0	985,188	5.k=1.moyenne	0,0	ERA5
1067985	31/10/2025	09	31/10/2025	05	HAE	8,9	0	8,8	0	100,0	0	13,0	0	40,0	0	983,71	5.k=1.moyenne	0,0	ERA5
1067986	31/10/2025	10	31/10/2025	06	HAE	9,1	0	9,1	0	100,0	0	12,0	0	40,0	0	982,366	5.k=1.moyenne	0,0	ERA5
1067987	31/10/2025	11	31/10/2025	07	HAE	8,8	0	8,8	0	100,0	0	9,0	0	10,0	0	980,947	5.k=1.moyenne	0,0	ERA5
1067988	31/10/2025	12	31/10/2025	08	HAE	8,5	0	8,5	0	100,0	4.lineaire	8,0	0	10,0	0	979,66	5.k=1.moyenne	3,1	ERA5
1067989	31/10/2025	13	31/10/2025	09	HAE	8,4	0	8,4	0	100,0	4.lineaire	7,0	0	360,0	0	978,087	5.k=1.moyenne	26,0	ERA5
1067990	31/10/2025	14	31/10/2025	10	HAE	8,5	0	8,5	0	100,0	4.lineaire	8,0	0	340,0	0	976,75	5.k=1.moyenne	35,8	ERA5
1067991	31/10/2025	15	31/10/2025	11	HAE	8,7	0	8,7	0	100,0	4.lineaire	14,0	0	260,0	0	975,377	5.k=1.moyenne	113,8	ERA5
1067992	31/10/2025	16	31/10/2025	12	HAE	8,7	0	8,6	0	100,0	0	17,0	0	270,0	0	973,946	5.k=1.moyenne	100,6	ERA5
1067993	31/10/2025	17	31/10/2025	13	HAE	8,8	0	8,4	0	98,0	0	20,0	0	250,0	0	972,374	5.k=1.moyenne	200,0	ERA5
1067994	31/10/2025	18	31/10/2025	14	HAE	7,6	0	7,0	0	96,0	0	19,0	0	250,0	0	971,14	5.k=1.moyenne	117,4	ERA5
1067995	31/10/2025	19	31/10/2025	15	HAE	7,3	0	6,5	0	95,0	0	21,0	0	240,0	0	970,222	5.k=1.moyenne	136,7	ERA5
1067996	31/10/2025	20	31/10/2025	16	HAE	7,2	0	6,3	0	94,0	0	23,0	0	240,0	0	969,537	5.k=1.moyenne	60,4	ERA5
1067997	31/10/2025	21	31/10/2025	17	HAE	6,8	0	5,3	0	90,0	0	27,0	0	240,0	0	969,23	5.k=1.moyenne	32,3	ERA5
1067998	31/10/2025	22	31/10/2025	18	HAE	5,5	0	4,2	0	92,0	0	28,0	0	240,0	0	968,968	5.k=1.moyenne	4,9	ERA5
1067999	31/10/2025	23	31/10/2025	19	HAE	4,7	0	3,7	0	93,0	0	22,0	0	250,0	0	968,959	5.k=1.moyenne	0,0	ERA5
1068000	01/11/2025	00	31/10/2025	20	HAE	4,1	0	3,3	0	95,0	0	25,0	0	250,0	0	968,972	5.k=1.moyenne	0,0	ERA5
1068001	01/11/2025	01	31/10/2025	21	HAE	4,4	0	3,8	0	96,0	0	31,0	0	250,0	0	969,114	5.k=1.moyenne	0,0	ERA5
1068002	01/11/2025	02	31/10/2025	22	HAE	5,2	0	4,7	0	96,0	0	25,0	0	260,0	0	969,444	5.k=1.moyenne	0,0	ERA5
1068003	01/11/2025	03	31/10/2025	23	HAE	6,1	0	5,4	0	95,0	0	20,0	0	260,0	0	969,715	5.k=1.moyenne	0,0	ERA5
1068004	01/11/2025	04	01/11/2025	00	HAE	6,0	0	5,1	0	94,0	0	22,0	0	270,0	0	970,133	5.k=1.moyenne	0,0	ERA5
1068005	01/11/2025	05	01/11/2025	01	HAE	6,0	0	5,1	0	94,0	0	20,0	0	270,0	0	970,656	5.k=1.moyenne	0,0	ERA5
1068006	01/11/2025	06	01/11/2025	02	HAE	5,8	0	4,8	0	94,0	0	22,0	0	260,0	0	970,656	5.k=1.moyenne	0,0	ERA5
1068007	01/11/2025	07	01/11/2025	03	HAE	5,7	0	4,3	0	91,0	0	22,0	0	260,0	0	971,515	5.k=1.moyenne	0,0	ERA5
1068008	01/11/2025	08	01/11/2025	04	HAE	5,8	0	3,8	0	87,0	0	21,0	0	270,0	0	972,244	5.k=1.moyenne	0,0	ERA5
1068009	01/11/2025	09	01/11/2025	05	HAE	5,8	0	3,4	0	85,0	0	23,0	0	270,0	0	973,304	5.k=1.moyenne	0,0	ERA5
1068010	01/11/2025	10	01/11/2025	06	HAE	5,6	0	3,1	0	84,0	0	18,0	0	270,0	0	974,506	5.k=1.moyenne	0,0	ERA5
1068011	01/11/2025	11	01/11/2025	07	HAE	5,6	0	2,6	0	81,0	0	19,0	0	270,0	0	975,559	5.k=1.moyenne	0,0	ERA5
1068012	01/11/2025	12	01/11/2025	08	HAE	5,3	0	2,1	0	80,0	0	20,0	0	270,0	0	976,901	5.k=1.moyenne	8,7	ERA5
1068013	01/11/2025	13	01/11/2025	09	HAE	5,1	0	1,7	0	79,0	0	20,0	0	260,0	0	978,199	5.k=1.moyenne	234,0	ERA5
1068014	01/11/2025	14	01/11/2025	10	HAE	5,1	0	1,4	0	77,0	0	15,0	0	260,0	0	979,308	5.k=1.moyenne	530,9	ERA5
1068015	01/11/2025	15	01/11/2025	11	HAE	5,7	0	1,5	0	74,0	0	16,0	0	270,0	0	980,435	5.k=1.moyenne	1027,1	ERA5
1068016	01/11/2025	16	01/11/2025	12	HAE	5,8	0	0,9	0	70,0	0	20,0	0	270,0	0	981,456	5.k=1.moyenne	983,1	ERA5
1068017	01/11/2025	17	01/11/2025	13	HAE	5,8	0	0,8	0	70,0	0	13,0	0	290,0	0	982,434	5.k=1.moyenne	1012,8	ERA5
1068018	01/11/2025	18	01/11/2025	14	HAE	5,9	0	0,4	0	68,0	0	16,0	0	260,0	0	983,514	5.k=1.moyenne	901,4	ERA5
1068019	01/11/2025	19	01/11/2025	15	HAE	5,8	0	0,3	0	68,0	0	18,0	0	270,0	0	984,572	5.k=1.moyenne	510,4	ERA5
1068020	01/11/2025	20	01/11/2025	16	HAE	5,8	0	-0,6	0	63,0	0	16,0	0	280,0	0	985,878	5.k=1.moyenne	435,5	ERA5
1068021	01/11/2025	21	01/11/2025	17	HAE	5,5	0	-0,1	0	67,0	0	13,0	0	260,0	0	987,1	5.k=1.moyenne	218,3	ERA5
1068022	01/11/2025	22	01/11/2025	18	HAE	5,3	0	-0,7	0	65,0	0	12,0	0	280,0	0	988,55	5.k=1.moyenne	31,8	ERA5
1068023	01/11/2025	23	01/11/2025	19	HAE	5,2	0	-0,6	0	66,0	0	10,0	0	270,0	0	989,728	5.k=1.moyenne	0,0	ERA5
1068024	02/11/2025	00	01/11/2025	20	HAE	4,1	0	-1,1	0	69,0	0	8,0	0	290,0	0	990,718	5.k=1.moyenne	0,0	ERA5
1068025	02/11/2025	01	01/11/2025	21	HAE	2,9	0	-1,2	0	74,0	0	4,0	0	260,0	0	991,769	5.k=1.moyenne	0,0	ERA5
1068026	02/11/2025	02	01/11/2025	22	HAE	0,7	0	-1,7	0	84,0	0	4,0	0	170,0	0	992,695	5.k=1.moyenne	0,0	ERA5
1068027	02/11/2025	03	01/11/2025	23	HAE	2,0	0	-0,3	0	85,0	0	6,0	0	240,0	0	993,369	5.k=1.moyenne	0,0	ERA5
1068028	02/11/2025	04	02/11/2025	00	HAE	3,2	0	0,2	0	81,0	0	5,0	0	250,0	0	994,023	5.k=1.moyenne	0,0	ERA5
1068029	02/11/2025	05	02/11/2025	01	HAE	3,2	4.constant	0,2	4.constant	81,0	4.constant	5,0	4.constant	250,0	4.constant	994,029	5.k=1.moyenne	0,0	ERA5
1068030	02/11/2025	06	02/11/2025	01	HNE	3,9	0	1,0	0	81,0	0	5,0	0	260,0	0	994,029	5.k=1.moyenne	0,0	ERA5
1068031	02/11/2025	07	02/11/2025	02	HNE	4,2	0	0,9	0	79,0	0	9,0	0	250,0	0	994,968	5.k=1.moyenne	0,0	ERA5
1068032	02/11/2025	08	02/11/2025	03	HNE	4,0	0	0,8	0	80,0	0	7,0	0	250,0	0	995,698	5.k=1.moyenne	0,0	ERA5
1068033	02/11/2025	09	02/11/2025	04	HNE	3,9	0	0,8	0	80,0	0	4,0	0	250,0	0	996,73	5.k=1.moyenne	0,0	ERA5
1068034	02/11/2025	10	02/11/2025	05	HNE	4,0	0	0,4	0	78,0	0	5,0	0	260,0	0	997,607	5.k=1.moyenne	0,0	ERA5
1068035	02/11/2025	11	02/11/2025	06	HNE	3,8	0	0,5	0	79,0	0	3,0	0	270,0	0	998,412	5.k=1.moyenne	0,0	ERA5
1068036	02/11/2025	12	02/11/2025	07	HNE	3,4	0	1,1	0	85,0	0	1,0	0	120,0	0	999,293	5.k=1.moyenne	17,9	ERA5
1068037	02/11/2025	13	02/11/2025	08	HNE	4,5	0	-0,3	0	71,0	0	3,0	0	300,0	0	999,978	5.k=1.moyenne	311,8	ERA5
1068038	02/11/2025	14	02/11/2025	09	HNE	5,0	0	-0,5	0	67,0	0	6,0	0	290,0	0	1000,43	5.k=1.moyenne	799,8	ERA5
1068039	02/11/2025	15	02/11/2025	10	HNE	5,4	0	-1,3	0	62,0	0	7,0	0	260,0	0	1000,52	5.k=1.moyenne	1215,2	ERA5
1068040	02/11/2025	16	02/11/2025	11	HNE	5,6	0	-2,5	0	56,0	0	10,0	0	290,0	0	1000,39	5.k=1.moyenne	1287,8	ERA5
1068041	02/11/2025	17	02/11/2025	12	HNE	5,9	0	-2,2	0	56,0	0	14,0	0	280,0	0	999,971	5.k=1.moyenne	1230,2	ERA5
1068042	02/11/2025	18	02/11/2025	13	HNE	6,1	0	-1,8	0	57,0	0	10,0	0	270,0	0	999,732	5.k=1.moyenne	547,7	ERA5
1068043	02/11/2025	19	02/11/2025	14	HNE	6,3	0	-2,1	0	55,0	0	12,0	0	260,0	0	999,635	5.k=1.moyenne	698,1	ERA5
1068044	02/11/2025	20	02/11/2025	15	HNE	6,5	0	-1,2	0	58,0	0	11,0	0	250,0	0	999,679	5.k=1.moyenne	657,8	ERA5
1068045	02/11/2025	21	02/11/2025	16	HNE	6,7	0	-1,4	0	56,0	0	9,0	0	250,0	0	1000,09	5.k=1.moyenne	267,0	ERA5
1068046	02/11/2025	22	02/11/2025	17	HNE	4,9	0	-1,4	0	64,0	0	6,0	0	250,0	0	1000,26	5.k=1.moyenne	32,7	ERA5
1068047	02/11/2025	23	02/11/2025	18	HNE	1,8	0	-1,5	0	78,0	0	5,0	0	180,0	0	1000,5	5.k=1.moyenne	0,0	ERA5
1068048	03/11/2025	00	02/11/2025	19	HNE	0,4	0	-1,6	0	87,0	0	8,0	0	180,0	0	1000,49	5.k=1.moyenne	0,0	ERA5
1068049	03/11/2025	01	02/11/2025	20	HNE	-0,3	0	-1,7	0	90,0	0	5,0	0	170,0	0	1000,31	5.k=1.moyenne	0,0	ERA5
1068050	03/11/2025	02	02/11/2025	21	HNE	-0,6	0	-1,9	0	91,0	0	6,0	0	180,0	0	1000,11	5.k=1.moyenne	0,0	ERA5
1068051	03/11/2025	03	02/11/2025	22	HNE	-0,4	0	-1,6	0	92,0	0	10,0	0	180,0	0	999,63	5.k=1.moyenne	0,0	ERA5
1068052	03/11/2025	04	02/11/2025	23	HNE	0,4	0	-0,6	0	93,0	0	7,0	0	190,0	0	999,111	5.k=1.moyenne	0,0	ERA5
1068053	03/11/2025	05	03/11/2025	00	HNE	1,0	0	-0,9	0	87,0	0	9,0	0	180,0	0	998,569	5.k=1.moyenne	0,0	ERA5
1068054	03/11/2025	06	03/11/2025	01	HNE	2,6	0	0,6	0	87,0	0	11,0	0	160,0	0	998,569	5.k=1.moyenne	0,0	ERA5
1068055	03/11/2025	07	03/11/2025	02	HNE	3,4	0	2,3	0	92,0	0	11,0	0	170,0	0	997,997	5.k=1.moyenne	0,0	ERA5
1068056	03/11/2025	08	03/11/2025	03	HNE	4,2	0	2,3	0	88,0	0	15,0	0	160,0	0	997,176	5.k=1.moyenne	0,0	ERA5
1068057	03/11/2025	09	03/11/2025	04	HNE	5,0	0	3,0	0	87,0	0	18,0	0	170,0	0	996,439	5.k=1.moyenne	0,0	ERA5
1068058	03/11/2025	10	03/11/2025	05	HNE	5,0	0	2,8	0	85,0	0	20,0	0	170,0	0	995,849	5.k=1.moyenne	0,0	ERA5
1068059	03/11/2025	11	03/11/2025	06	HNE	5,4	0	3,1	0	85,0	0	22,0	0	170,0	0	995,092	5.k=1.moyenne	0,0	ERA5
1068060	03/11/2025	12	03/11/2025	07	HNE	6,3	0	3,4	0	82,0	0	24,0	0	180,0	0	994,535	5.k=1.moyenne	12,8	ERA5
1068061	03/11/2025	13	03/11/2025	08	HNE	6,6	0	3,6	0	81,0	0	24,0	0	190,0	0	994,04	5.k=1.moyenne	216,6	ERA5
1068062	03/11/2025	14	03/11/2025	09	HNE	7,3	0	4,1	0	80,0	0	26,0	0	180,0	0	993,157	5.k=1.moyenne	411,1	ERA5
1068063	03/11/2025	15	03/11/2025	10	HNE	8,7	0	4,2	0	73,0	0	31,0	0	170,0	0	992,091	5.k=1.moyenne	737,9	ERA5
1068064	03/11/2025	16	03/11/2025	11	HNE	9,5	0	4,5	0	71,0	0	24,0	0	180,0	0	990,883	5.k=1.moyenne	708,3	ERA5
1068065	03/11/2025	17	03/11/2025	12	HNE	10,2	0	4,9	0	70,0	0	25,0	0	180,0	0	989,532	5.k=1.moyenne	810,9	ERA5
1068066	03/11/2025	18	03/11/2025	13	HNE	11,1	0	5,3	0	67,0	0	27,0	0	180,0	0	988,304	5.k=1.moyenne	830,5	ERA5
1068067	03/11/2025	19	03/11/2025	14	HNE	10,3	0	6,0	0	74,0	0	21,0	0	190,0	0	987,199	5.k=1.moyenne	588,3	ERA5
1068068	03/11/2025	20	03/11/2025	15	HNE	9,7	0	6,4	0	80,0	0	24,0	0	180,0	0	986,441	5.k=1.moyenne	218,0	ERA5
1068069	03/11/2025	21	03/11/2025	16	HNE	8,8	0	7,1	0	89,0	0	13,0	0	260,0	0	985,989	5.k=1.moyenne	65,2	ERA5
1068070	03/11/2025	22	03/11/2025	17	HNE	8,2	0	6,2	0	87,0	0	17,0	0	240,0	0	985,673	5.k=1.moyenne	5,3	ERA5
1068071	03/11/2025	23	03/11/2025	18	HNE	8,0	0	5,9	0	87,0	0	14,0	0	240,0	0	985,338	5.k=1.moyenne	0,0	ERA5
1068072	04/11/2025	00	03/11/2025	19	HNE	7,6	0	6,0	0	89,0	0	20,0	0	220,0	0	984,981	5.k=1.moyenne	0,0	ERA5
1068073	04/11/2025	01	03/11/2025	20	HNE	7,6	0	5,3	0	86,0	0	16,0	0	240,0	0	984,5	5.k=1.moyenne	0,0	ERA5
1068074	04/11/2025	02	03/11/2025	21	HNE	7,4	0	5,6	0	88,0	0	19,0	0	240,0	0	984,165	5.k=1.moyenne	0,0	ERA5
1068075	04/11/2025	03	03/11/2025	22	HNE	7,3	0	4,7	0	84,0	0	18,0	0	240,0	0	983,747	5.k=1.moyenne	0,0	ERA5
1068076	04/11/2025	04	03/11/2025	23	HNE	7,3	0	4,2	0	81,0	0	18,0	0	250,0	0	983,412	5.k=1.moyenne	0,0	ERA5
1068077	04/11/2025	05	04/11/2025	00	HNE	7,2	0	3,9	0	80,0	0	21,0	0	260,0	0	983,036	5.k=1.moyenne	0,0	ERA5
1068078	04/11/2025	06	04/11/2025	01	HNE	6,4	0	4,3	0	86,0	0	17,0	0	270,0	0	983,036	5.k=1.moyenne	0,0	ERA5
1068079	04/11/2025	07	04/11/2025	02	HNE	6,4	0	4,1	0	85,0	0	19,0	0	290,0	0	983,083	5.k=1.moyenne	0,0	ERA5
1068080	04/11/2025	08	04/11/2025	03	HNE	6,4	0	4,0	0	85,0	0	15,0	0	290,0	0	983,278	5.k=1.moyenne	0,0	ERA5
1068081	04/11/2025	09	04/11/2025	04	HNE	6,5	0	3,5	0	81,0	0	19,0	0	280,0	0	983,64	5.k=1.moyenne	0,0	ERA5
1068082	04/11/2025	10	04/11/2025	05	HNE	6,1	0	2,9	0	80,0	0	15,0	0	270,0	0	983,983	5.k=1.moyenne	0,0	ERA5
1068083	04/11/2025	11	04/11/2025	06	HNE	6,0	0	2,2	0	77,0	0	14,0	0	280,0	0	984,18	5.k=1.moyenne	0,0	ERA5
1068084	04/11/2025	12	04/11/2025	07	HNE	5,9	0	1,9	0	76,0	0	14,0	0	280,0	0	984,761	5.k=1.moyenne	9,0	ERA5
1068085	04/11/2025	13	04/11/2025	08	HNE	5,9	0	1,2	0	72,0	0	19,0	0	280,0	0	985,16	5.k=1.moyenne	236,0	ERA5
1068086	04/11/2025	14	04/11/2025	09	HNE	6,3	0	2,3	0	76,0	0	18,0	0	280,0	0	985,478	5.k=1.moyenne	663,2	ERA5
1068087	04/11/2025	15	04/11/2025	10	HNE	7,2	0	2,4	0	71,0	0	17,0	0	280,0	0	985,553	5.k=1.moyenne	1007,5	ERA5
1068088	04/11/2025	16	04/11/2025	11	HNE	8,4	0	1,9	0	64,0	0	21,0	0	280,0	0	985,403	5.k=1.moyenne	1432,7	ERA5
1068089	04/11/2025	17	04/11/2025	12	HNE	9,5	0	0,8	0	55,0	0	16,0	0	280,0	0	985,213	5.k=1.moyenne	1356,4	ERA5
1068090	04/11/2025	18	04/11/2025	13	HNE	9,6	0	0,45	4.lineaire	51,0	0	17,0	0	270,0	0	985,207	5.k=1.moyenne	1425,0	ERA5
1068091	04/11/2025	19	04/11/2025	14	HNE	9,6	0	0,1	0	52,0	0	18,0	0	280,0	0	985,467	5.k=1.moyenne	1082,4	ERA5
1068092	04/11/2025	20	04/11/2025	15	HNE	10,0	0	0,8	0	53,0	0	10,0	0	290,0	0	985,727	5.k=1.moyenne	870,5	ERA5
1068093	04/11/2025	21	04/11/2025	16	HNE	9,7	0	-0,4	0	50,0	0	14,0	0	280,0	0	986,417	5.k=1.moyenne	399,6	ERA5
1068094	04/11/2025	22	04/11/2025	17	HNE	8,1	0	-0,3	0	56,0	0	8,0	0	280,0	0	987,241	5.k=1.moyenne	44,5	ERA5
1068095	04/11/2025	23	04/11/2025	18	HNE	7,4	0	-0,8	0	56,0	0	7,0	0	280,0	0	988,025	5.k=1.moyenne	0,0	ERA5
1068096	05/11/2025	00	04/11/2025	19	HNE	6,1	0	-0,2	0	64,0	0	6,0	0	270,0	0	988,565	5.k=1.moyenne	0,0	ERA5
1068097	05/11/2025	01	04/11/2025	20	HNE	5,8	0	-0,5	0	64,0	0	6,0	0	270,0	0	988,859	5.k=1.moyenne	0,0	ERA5
1068098	05/11/2025	02	04/11/2025	21	HNE	5,5	0	-0,7	0	64,0	0	4,0	0	270,0	0	989,277	5.k=1.moyenne	0,0	ERA5
1068099	05/11/2025	03	04/11/2025	22	HNE	4,6	0	-1,2	0	66,0	0	6,0	0	240,0	0	989,437	5.k=1.moyenne	0,0	ERA5
1068100	05/11/2025	04	04/11/2025	23	HNE	4,0	0	-1,1	0	70,0	0	7,0	0	250,0	0	989,639	5.k=1.moyenne	0,0	ERA5
1068101	05/11/2025	05	05/11/2025	00	HNE	3,7	0	-1,3	0	69,0	0	8,0	0	250,0	0	989,698	5.k=1.moyenne	0,0	ERA5
1068102	05/11/2025	06	05/11/2025	01	HNE	4,4	0	-0,7	0	70,0	0	6,0	0	240,0	0	989,698	5.k=1.moyenne	0,0	ERA5
1068103	05/11/2025	07	05/11/2025	02	HNE	4,0	0	-0,9	0	71,0	0	4,0	0	240,0	0	989,768	5.k=1.moyenne	0,0	ERA5
1068104	05/11/2025	08	05/11/2025	03	HNE	1,7	0	-1,1	0	81,0	0	3,0	0	260,0	0	989,657	5.k=1.moyenne	0,0	ERA5
1068105	05/11/2025	09	05/11/2025	04	HNE	0,6	0	-1,6	0	85,0	0	4,0	0	190,0	0	989,698	5.k=1.moyenne	0,0	ERA5
1068106	05/11/2025	10	05/11/2025	05	HNE	1,0	0	-1,6	0	83,0	0	5,0	0	230,0	0	989,643	5.k=1.moyenne	0,0	ERA5
1068107	05/11/2025	11	05/11/2025	06	HNE	1,9	0	-1,0	0	81,0	0	5,0	0	230,0	0	989,642	5.k=1.moyenne	0,0	ERA5
1068108	05/11/2025	12	05/11/2025	07	HNE	2,1	0	-0,8	0	81,0	0	5,0	0	210,0	0	989,907	5.k=1.moyenne	8,2	ERA5
1068109	05/11/2025	13	05/11/2025	08	HNE	2,3	0	0,15	4.lineaire	85,0	0	7,0	0	170,0	0	989,653	5.k=1.moyenne	170,2	ERA5
1068110	05/11/2025	14	05/11/2025	09	HNE	4,2	0	1,1	0	80,0	0	10,0	0	190,0	0	989,277	5.k=1.moyenne	367,5	ERA5
1068111	05/11/2025	15	05/11/2025	10	HNE	5,3	0	2,6	0	83,0	0	13,0	0	180,0	0	988,582	5.k=1.moyenne	388,3	ERA5
1068112	05/11/2025	16	05/11/2025	11	HNE	5,7	0	3,9	0	88,0	0	11,0	0	180,0	0	987,766	5.k=1.moyenne	343,6	ERA5
1068113	05/11/2025	17	05/11/2025	12	HNE	5,5	0	4,8	0	95,0	0	14,0	0	190,0	0	986,786	5.k=1.moyenne	350,8	ERA5
1068114	05/11/2025	18	05/11/2025	13	HNE	5,3	0	4,6	0	95,0	0	15,0	0	180,0	0	985,923	5.k=1.moyenne	381,5	ERA5
1068115	05/11/2025	19	05/11/2025	14	HNE	5,3	0	4,4	0	94,0	0	14,0	0	160,0	0	985,02	5.k=1.moyenne	340,0	ERA5
1068116	05/11/2025	20	05/11/2025	15	HNE	4,8	0	4,3	0	96,0	0	10,0	0	160,0	0	984,504	5.k=1.moyenne	144,4	ERA5
1068117	05/11/2025	21	05/11/2025	16	HNE	4,8	0	4,1	0	95,0	0	16,0	0	160,0	0	984,296	5.k=1.moyenne	64,0	ERA5
1068118	05/11/2025	22	05/11/2025	17	HNE	4,6	0	3,8	0	94,0	0	12,0	0	140,0	0	984,128	5.k=1.moyenne	6,4	ERA5
1068119	05/11/2025	23	05/11/2025	18	HNE	4,2	0	3,8	0	98,0	0	3,0	0	80,0	0	983,9	5.k=1.moyenne	0,0	ERA5
1068120	06/11/2025	00	05/11/2025	19	HNE	3,9	0	3,6	0	98,0	0	4,0	0	30,0	0	983,651	5.k=1.moyenne	0,0	ERA5
1068121	06/11/2025	01	05/11/2025	20	HNE	3,8	0	3,5	0	98,0	0	3,0	0	360,0	0	983,536	5.k=1.moyenne	0,0	ERA5
1068122	06/11/2025	02	05/11/2025	21	HNE	3,9	0	3,8	0	99,0	0	5,0	0	360,0	0	983,616	5.k=1.moyenne	0,0	ERA5
1068123	06/11/2025	03	05/11/2025	22	HNE	3,0	0	2,6	0	97,0	0	7,0	0	340,0	0	983,572	5.k=1.moyenne	0,0	ERA5
1068124	06/11/2025	04	05/11/2025	23	HNE	2,9	0	2,5	0	98,0	0	6,0	0	320,0	0	983,757	5.k=1.moyenne	0,0	ERA5
1068125	06/11/2025	05	06/11/2025	00	HNE	2,9	0	2,6	0	98,0	0	7,0	0	290,0	0	983,921	5.k=1.moyenne	0,0	ERA5
1068126	06/11/2025	06	06/11/2025	01	HNE	3,0	0	2,4	0	96,0	0	9,0	0	290,0	0	983,921	5.k=1.moyenne	0,0	ERA5
1068127	06/11/2025	07	06/11/2025	02	HNE	3,6	0	2,5	0	93,0	0	12,0	0	290,0	0	984,337	5.k=1.moyenne	0,0	ERA5
1068128	06/11/2025	08	06/11/2025	03	HNE	3,8	0	2,7	0	92,0	0	10,0	0	280,0	0	984,646	5.k=1.moyenne	0,0	ERA5
1068129	06/11/2025	09	06/11/2025	04	HNE	3,7	0	2,6	0	93,0	0	7,0	0	280,0	0	985,252	5.k=1.moyenne	0,0	ERA5
1068130	06/11/2025	10	06/11/2025	05	HNE	3,6	0	2,5	0	93,0	0	10,0	0	290,0	0	985,644	5.k=1.moyenne	0,0	ERA5
1068131	06/11/2025	11	06/11/2025	06	HNE	3,7	0	2,2	0	90,0	0	9,0	0	290,0	0	986,227	5.k=1.moyenne	0,0	ERA5
1068132	06/11/2025	12	06/11/2025	07	HNE	3,9	0	1,5	0	84,0	0	11,0	0	290,0	0	987,119	5.k=1.moyenne	7,9	ERA5
1068133	06/11/2025	13	06/11/2025	08	HNE	3,0	0	-0,1	0	80,0	0	9,0	0	310,0	0	987,81	5.k=1.moyenne	263,2	ERA5
1068134	06/11/2025	14	06/11/2025	09	HNE	4,4	0	-1,2	0	67,0	0	15,0	0	310,0	0	988,398	5.k=1.moyenne	796,4	ERA5
1068135	06/11/2025	15	06/11/2025	10	HNE	4,8	0	-0,6	0	68,0	0	13,0	0	300,0	0	988,629	5.k=1.moyenne	1136,3	ERA5
1068136	06/11/2025	16	06/11/2025	11	HNE	4,9	0	-1,4	0	64,0	0	20,0	0	290,0	0	988,756	5.k=1.moyenne	1462,7	ERA5
1068137	06/11/2025	17	06/11/2025	12	HNE	5,2	0	-1,7	0	61,0	0	13,0	0	280,0	0	988,863	5.k=1.moyenne	1446,5	ERA5
1068138	06/11/2025	18	06/11/2025	13	HNE	5,1	0	-0,9	0	65,0	0	11,0	0	290,0	0	988,888	5.k=1.moyenne	1255,8	ERA5
1068139	06/11/2025	19	06/11/2025	14	HNE	4,9	0	-1,5	0	63,0	0	13,0	0	280,0	0	989,321	5.k=1.moyenne	1185,4	ERA5
1068140	06/11/2025	20	06/11/2025	15	HNE	4,2	0	-2,2	0	63,0	0	23,0	0	260,0	0	989,774	5.k=1.moyenne	699,0	ERA5
1068141	06/11/2025	21	06/11/2025	16	HNE	3,8	0	-2,3	0	65,0	0	16,0	0	270,0	0	990,405	5.k=1.moyenne	351,3	ERA5
1068142	06/11/2025	22	06/11/2025	17	HNE	3,2	0	-3,2	0	63,0	0	15,0	0	280,0	0	991,294	5.k=1.moyenne	32,5	ERA5
1068143	06/11/2025	23	06/11/2025	18	HNE	2,8	0	-2,6	0	68,0	0	13,0	0	260,0	0	991,872	5.k=1.moyenne	0,0	ERA5
1068144	07/11/2025	00	06/11/2025	19	HNE	2,0	0	-4,1	0	64,0	0	15,0	0	260,0	0	992,13	5.k=1.moyenne	0,0	ERA5
1068145	07/11/2025	01	06/11/2025	20	HNE	0,7	0	-4,7	0	67,0	0	9,0	0	260,0	0	992,413	5.k=1.moyenne	0,0	ERA5
1068146	07/11/2025	02	06/11/2025	21	HNE	-0,1	0	-4,3	0	74,0	0	7,0	0	250,0	0	992,635	5.k=1.moyenne	0,0	ERA5
1068147	07/11/2025	03	06/11/2025	22	HNE	-1,1	0	-3,9	0	81,0	0	8,0	0	220,0	0	992,557	5.k=1.moyenne	0,0	ERA5
1068148	07/11/2025	04	06/11/2025	23	HNE	-1,2	0	-4,0	0	81,0	0	4,0	0	240,0	0	992,559	5.k=1.moyenne	0,0	ERA5
1068149	07/11/2025	05	07/11/2025	00	HNE	-1,6	0	-4,0	0	84,0	0	3,0	0	220,0	0	992,581	5.k=1.moyenne	0,0	ERA5
1068150	07/11/2025	06	07/11/2025	01	HNE	-2,5	0	-3,9	0	91,0	0	5,0	0	200,0	0	992,581	5.k=1.moyenne	0,0	ERA5
1068151	07/11/2025	07	07/11/2025	02	HNE	-1,6	0	-4,4	0	81,0	0	7,0	0	230,0	0	992,754	5.k=1.moyenne	0,0	ERA5
1068152	07/11/2025	08	07/11/2025	03	HNE	-2,7	0	-4,2	0	89,0	0	6,0	0	190,0	0	992,64	5.k=1.moyenne	0,0	ERA5
1068153	07/11/2025	09	07/11/2025	04	HNE	-2,9	0	-3,9	0	93,0	0	3,0	0	190,0	0	992,444	5.k=1.moyenne	0,0	ERA5
1068154	07/11/2025	10	07/11/2025	05	HNE	-2,7	0	-4,1	0	91,0	0	6,0	0	160,0	0	992,471	5.k=1.moyenne	0,0	ERA5
1068155	07/11/2025	11	07/11/2025	06	HNE	-2,1	0	-4,0	0	87,0	0	6,0	0	170,0	0	992,417	5.k=1.moyenne	0,0	ERA5
1068156	07/11/2025	12	07/11/2025	07	HNE	-1,4	0	-3,2	0	88,0	0	6,0	0	170,0	0	992,473	5.k=1.moyenne	5,2	ERA5
1068157	07/11/2025	13	07/11/2025	08	HNE	-0,1	0	-2,3	0	85,0	0	8,0	0	140,0	0	992,099	5.k=1.moyenne	157,9	ERA5
1068158	07/11/2025	14	07/11/2025	09	HNE	0,8	0	-1,4	0	85,0	0	8,0	0	160,0	0	991,684	5.k=1.moyenne	332,5	ERA5
1068159	07/11/2025	15	07/11/2025	10	HNE	2,0	0	-0,5	0	83,0	0	11,0	0	150,0	0	991,228	5.k=1.moyenne	385,9	ERA5
1068160	07/11/2025	16	07/11/2025	11	HNE	3,5	0	-0,7	0	74,0	0	23,0	0	150,0	0	990,333	5.k=1.moyenne	377,1	ERA5
1068161	07/11/2025	17	07/11/2025	12	HNE	4,8	0	-1,1	0	66,0	0	25,0	0	160,0	0	989,437	5.k=1.moyenne	428,5	ERA5
1068162	07/11/2025	18	07/11/2025	13	HNE	5,9	0	0,4	0	68,0	0	19,0	0	160,0	0	988,44	5.k=1.moyenne	535,7	ERA5
1068163	07/11/2025	19	07/11/2025	14	HNE	6,6	0	-0,5	0	61,0	0	27,0	0	160,0	0	987,584	5.k=1.moyenne	759,0	ERA5
1068164	07/11/2025	20	07/11/2025	15	HNE	6,6	0	-1,3	0	57,0	0	22,0	0	140,0	0	986,747	5.k=1.moyenne	326,3	ERA5
1068165	07/11/2025	21	07/11/2025	16	HNE	6,4	0	-1,1	0	58,0	0	18,0	0	150,0	0	986,112	5.k=1.moyenne	105,0	ERA5
1068166	07/11/2025	22	07/11/2025	17	HNE	5,1	0	2,9	0	86,0	0	24,0	0	150,0	0	985,666	5.k=1.moyenne	3,5	ERA5
1068167	07/11/2025	23	07/11/2025	18	HNE	4,4	0	2,9	0	90,0	0	16,0	0	140,0	0	985,138	5.k=1.moyenne	0,0	ERA5
1068168	08/11/2025	00	07/11/2025	19	HNE	4,9	0	2,9	0	87,0	0	17,0	0	150,0	0	984,629	5.k=1.moyenne	0,0	ERA5
1068169	08/11/2025	01	07/11/2025	20	HNE	5,7	0	4,0	0	89,0	0	18,0	0	160,0	0	984,121	5.k=1.moyenne	0,0	ERA5
1068170	08/11/2025	02	07/11/2025	21	HNE	7,5	0	5,0	0	84,0	0	25,0	0	180,0	0	983,49	5.k=1.moyenne	0,0	ERA5
1068171	08/11/2025	03	07/11/2025	22	HNE	8,1	0	5,7	0	85,0	0	25,0	0	180,0	0	983,074	5.k=1.moyenne	0,0	ERA5
1068172	08/11/2025	04	07/11/2025	23	HNE	8,3	0	5,9	0	85,0	0	23,0	0	190,0	0	982,555	5.k=1.moyenne	0,0	ERA5
1068173	08/11/2025	05	08/11/2025	00	HNE	8,7	0	6,0	0	83,0	0	24,0	0	190,0	0	982,27	5.k=1.moyenne	0,0	ERA5
1068174	08/11/2025	06	08/11/2025	01	HNE	8,7	0	6,4	0	85,0	0	21,0	0	190,0	0	982,27	5.k=1.moyenne	0,0	ERA5
1068175	08/11/2025	07	08/11/2025	02	HNE	9,2	0	6,7	0	84,0	0	20,0	0	180,0	0	982,142	5.k=1.moyenne	0,0	ERA5
1068176	08/11/2025	08	08/11/2025	03	HNE	9,1	0	6,8	0	86,0	0	17,0	0	190,0	0	981,935	5.k=1.moyenne	0,0	ERA5
1068177	08/11/2025	09	08/11/2025	04	HNE	9,6	0	7,2	0	85,0	0	19,0	0	210,0	0	981,995	5.k=1.moyenne	0,0	ERA5
1068178	08/11/2025	10	08/11/2025	05	HNE	9,7	0	7,5	0	86,0	0	11,0	0	250,0	0	982,383	5.k=1.moyenne	0,0	ERA5
1068179	08/11/2025	11	08/11/2025	06	HNE	8,9	0	5,8	0	81,0	0	14,0	0	260,0	0	982,875	5.k=1.moyenne	0,0	ERA5
1068180	08/11/2025	12	08/11/2025	07	HNE	8,0	0	3,4	0	73,0	0	15,0	0	280,0	0	983,735	5.k=1.moyenne	2,8	ERA5
1068181	08/11/2025	13	08/11/2025	08	HNE	6,6	0	2,1	0	73,0	0	13,0	0	270,0	0	984,618	5.k=1.moyenne	200,7	ERA5
1068182	08/11/2025	14	08/11/2025	09	HNE	5,8	0	0,9	0	71,0	0	17,0	0	270,0	0	985,175	5.k=1.moyenne	400,8	ERA5
1068183	08/11/2025	15	08/11/2025	10	HNE	6,2	0	0,3	0	66,0	0	11,0	0	290,0	0	985,877	5.k=1.moyenne	617,4	ERA5
1068184	08/11/2025	16	08/11/2025	11	HNE	5,9	0	-0,5	0	63,0	0	18,0	0	270,0	0	986,375	5.k=1.moyenne	570,1	ERA5
1068185	08/11/2025	17	08/11/2025	12	HNE	5,3	0	-0,6	0	66,0	0	14,0	0	270,0	0	986,977	5.k=1.moyenne	774,3	ERA5
1068186	08/11/2025	18	08/11/2025	13	HNE	4,8	0	-0,6	0	68,0	0	15,0	0	250,0	0	987,456	5.k=1.moyenne	756,8	ERA5
1068187	08/11/2025	19	08/11/2025	14	HNE	4,5	0	-0,7	0	69,0	0	9,0	0	270,0	0	988,304	5.k=1.moyenne	498,8	ERA5
1068188	08/11/2025	20	08/11/2025	15	HNE	3,9	0	-1,7	0	67,0	0	15,0	0	270,0	0	989,276	5.k=1.moyenne	310,7	ERA5
1068189	08/11/2025	21	08/11/2025	16	HNE	3,1	0	-2,2	0	68,0	0	14,0	0	260,0	0	990,268	5.k=1.moyenne	131,7	ERA5
1068190	08/11/2025	22	08/11/2025	17	HNE	2,0	0	-2,8	0	70,0	0	8,0	0	270,0	0	991,261	5.k=1.moyenne	10,2	ERA5
1068191	08/11/2025	23	08/11/2025	18	HNE	1,0	0	-3,1	0	74,0	0	6,0	0	270,0	0	992,091	5.k=1.moyenne	0,0	ERA5
1068192	09/11/2025	00	08/11/2025	19	HNE	0,4	0	-2,8	0	79,0	0	1,0	0	300,0	0	992,902	5.k=1.moyenne	0,0	ERA5
1068193	09/11/2025	01	08/11/2025	20	HNE	-0,2	0	-4,0	0	76,0	0	3,0	0	320,0	0	993,366	5.k=1.moyenne	0,0	ERA5
1068194	09/11/2025	02	08/11/2025	21	HNE	-0,9	0	-3,8	0	81,0	0	2,0	0	320,0	0	993,932	5.k=1.moyenne	0,0	ERA5
1068195	09/11/2025	03	08/11/2025	22	HNE	-0,8	0	-3,6	0	81,0	0	1,0	0	40,0	0	994,254	5.k=1.moyenne	0,0	ERA5
1068196	09/11/2025	04	08/11/2025	23	HNE	-0,7	0	-3,4	0	82,0	0	2,0	0	350,0	0	994,985	5.k=1.moyenne	0,0	ERA5
1068197	09/11/2025	05	09/11/2025	00	HNE	-0,9	0	-3,4	0	83,0	0	2,0	0	50,0	0	995,675	5.k=1.moyenne	0,0	ERA5
1068198	09/11/2025	06	09/11/2025	01	HNE	-0,8	0	-3,9	0	79,0	0	4,0	0	10,0	0	995,675	5.k=1.moyenne	0,0	ERA5
1068199	09/11/2025	07	09/11/2025	02	HNE	-0,8	0	-3,7	0	81,0	0	5,0	0	30,0	0	996,442	5.k=1.moyenne	0,0	ERA5
1068200	09/11/2025	08	09/11/2025	03	HNE	-0,9	0	-3,7	0	81,0	0	5,0	0	30,0	0	996,878	5.k=1.moyenne	0,0	ERA5
1068201	09/11/2025	09	09/11/2025	04	HNE	-1,1	0	-4,7	0	76,0	0	7,0	0	30,0	0	997,453	5.k=1.moyenne	0,0	ERA5
1068202	09/11/2025	10	09/11/2025	05	HNE	-1,0	0	-5,1	0	74,0	0	9,0	0	30,0	0	998,044	5.k=1.moyenne	0,0	ERA5
1068203	09/11/2025	11	09/11/2025	06	HNE	-1,0	0	-5,4	0	72,0	0	12,0	0	40,0	0	998,653	5.k=1.moyenne	0,0	ERA5
1068204	09/11/2025	12	09/11/2025	07	HNE	-0,9	0	-4,7	0	76,0	0	7,0	0	40,0	0	999,227	5.k=1.moyenne	2,2	ERA5
1068205	09/11/2025	13	09/11/2025	08	HNE	-0,7	0	-4,9	0	73,0	0	7,0	0	50,0	0	999,677	5.k=1.moyenne	79,7	ERA5
1068206	09/11/2025	14	09/11/2025	09	HNE	-0,3	0	-4,9	0	71,0	0	13,0	0	40,0	0	1000,07	5.k=1.moyenne	229,5	ERA5
1068207	09/11/2025	15	09/11/2025	10	HNE	-0,6	0	-3,8	0	79,0	0	13,0	0	40,0	0	1000,51	5.k=1.moyenne	355,0	ERA5
1068208	09/11/2025	16	09/11/2025	11	HNE	-0,8	0	-3,7	0	81,0	0	11,0	0	50,0	0	1000,49	5.k=1.moyenne	517,5	ERA5
1068209	09/11/2025	17	09/11/2025	12	HNE	-0,8	0	-3,0	0	85,0	0	11,0	0	40,0	0	1000,33	5.k=1.moyenne	633,0	ERA5
1068210	09/11/2025	18	09/11/2025	13	HNE	-0,6	0	-3,0	0	84,0	0	13,0	0	30,0	0	1000,33	5.k=1.moyenne	372,3	ERA5
1068211	09/11/2025	19	09/11/2025	14	HNE	-1,0	0	-1,8	0	94,0	0	16,0	0	40,0	0	1000,41	5.k=1.moyenne	271,7	ERA5
1068212	09/11/2025	20	09/11/2025	15	HNE	-0,7	0	-1,2	0	96,0	0	17,0	0	50,0	0	1000,59	5.k=1.moyenne	196,8	ERA5
1068213	09/11/2025	21	09/11/2025	16	HNE	-0,4	0	-0,8	0	97,0	0	11,0	0	50,0	0	1000,79	5.k=1.moyenne	95,0	ERA5
1068214	09/11/2025	22	09/11/2025	17	HNE	-0,1	0	-0,3	0	98,0	0	9,0	0	30,0	0	1000,95	5.k=1.moyenne	5,1	ERA5
1068215	09/11/2025	23	09/11/2025	18	HNE	0,0	4.lineaire	-0,2	0	99,0	0	7,0	0	40,0	0	1001,04	5.k=1.moyenne	0,0	ERA5
1068216	10/11/2025	00	09/11/2025	19	HNE	0,1	0	0,0	4.lineaire	99,0	0	7,0	0	50,0	0	1000,79	5.k=1.moyenne	0,0	ERA5
1068217	10/11/2025	01	09/11/2025	20	HNE	0,3	0	0,2	0	99,0	0	7,0	0	30,0	0	1000,41	5.k=1.moyenne	0,0	ERA5
1068218	10/11/2025	02	09/11/2025	21	HNE	0,4	0	0,4	0	100,0	0	8,0	0	30,0	0	1000,24	5.k=1.moyenne	0,0	ERA5
1068219	10/11/2025	03	09/11/2025	22	HNE	0,6	0	0,6	0	100,0	0	2,0	0	350,0	0	999,817	5.k=1.moyenne	0,0	ERA5
1068220	10/11/2025	04	09/11/2025	23	HNE	0,6	0	0,5	0	100,0	0	8,0	0	20,0	0	999,58	5.k=1.moyenne	0,0	ERA5
1068221	10/11/2025	05	10/11/2025	00	HNE	1,2	0	1,1	0	100,0	0	8,0	0	40,0	0	999,2	5.k=1.moyenne	0,0	ERA5
1068222	10/11/2025	06	10/11/2025	01	HNE	1,1	0	1,1	0	100,0	0	4,0	0	340,0	0	999,2	5.k=1.moyenne	0,0	ERA5
1068223	10/11/2025	07	10/11/2025	02	HNE	0,7	0	0,7	0	100,0	0	7,0	0	10,0	0	998,984	5.k=1.moyenne	0,0	ERA5
1068224	10/11/2025	08	10/11/2025	03	HNE	0,5	0	0,5	0	100,0	0	2,0	0	350,0	0	998,443	5.k=1.moyenne	0,0	ERA5
1068225	10/11/2025	09	10/11/2025	04	HNE	0,9	0	0,9	0	100,0	0	5,0	0	310,0	0	997,903	5.k=1.moyenne	0,0	ERA5
1068226	10/11/2025	10	10/11/2025	05	HNE	0,8	0	0,8	0	100,0	0	9,0	0	270,0	0	997,465	5.k=1.moyenne	0,0	ERA5
1068227	10/11/2025	11	10/11/2025	06	HNE	0,9	0	0,8	0	100,0	0	6,0	0	280,0	0	997,151	5.k=1.moyenne	0,0	ERA5
1068228	10/11/2025	12	10/11/2025	07	HNE	0,9	0	0,8	0	99,0	0	10,0	0	270,0	0	997,142	5.k=1.moyenne	0,4	ERA5
1068229	10/11/2025	13	10/11/2025	08	HNE	0,2	0	0,1	0	99,0	0	14,0	0	280,0	0	996,916	5.k=1.moyenne	48,0	ERA5
1068230	10/11/2025	14	10/11/2025	09	HNE	0,1	0	0,0333333	4.lineaire	100,0	0	7,0	0	270,0	0	996,529	5.k=1.moyenne	113,6	ERA5
1068231	10/11/2025	15	10/11/2025	10	HNE	-1,38778e-17	4.lineaire	-0,0333333	4.lineaire	100,0	0	11,0	0	270,0	0	996,103	5.k=1.moyenne	119,9	ERA5
1068232	10/11/2025	16	10/11/2025	11	HNE	-0,1	4.lineaire	-0,1	0	100,0	0	11,0	0	270,0	0	995,378	5.k=1.moyenne	168,4	ERA5
1068233	10/11/2025	17	10/11/2025	12	HNE	-0,2	0	-0,3	0	100,0	0	11,0	0	290,0	0	994,593	5.k=1.moyenne	139,7	ERA5
1068234	10/11/2025	18	10/11/2025	13	HNE	-0,2	0	-0,4	0	99,0	0	13,0	0	280,0	0	993,849	5.k=1.moyenne	229,4	ERA5
1068235	10/11/2025	19	10/11/2025	14	HNE	-0,2	0	-0,5	0	98,0	0	11,0	0	310,0	0	993,185	5.k=1.moyenne	208,3	ERA5
1068236	10/11/2025	20	10/11/2025	15	HNE	-0,3	0	-0,4	0	99,0	0	5,0	0	290,0	0	992,661	5.k=1.moyenne	143,5	ERA5
1068237	10/11/2025	21	10/11/2025	16	HNE	-0,1	4.lineaire	-0,15	4.lineaire	100,0	0	4,0	0	290,0	0	992,058	5.k=1.moyenne	75,9	ERA5
1068238	10/11/2025	22	10/11/2025	17	HNE	0,1	0	0,1	0	100,0	0	4,0	0	300,0	0	991,259	5.k=1.moyenne	4,6	ERA5
1068239	10/11/2025	23	10/11/2025	18	HNE	-0,6	0	-0,6	0	100,0	0	9,0	0	250,0	0	990,399	5.k=1.moyenne	0,0	ERA5
1068240	11/11/2025	00	10/11/2025	19	HNE	-1,3	0	-1,4	0	99,0	0	17,0	0	260,0	0	989,356	5.k=1.moyenne	0,0	ERA5
1068241	11/11/2025	01	10/11/2025	20	HNE	-1,5	0	-1,6	0	99,0	0	15,0	0	280,0	0	988,394	5.k=1.moyenne	0,0	ERA5
1068242	11/11/2025	02	10/11/2025	21	HNE	-1,5	0	-1,6	0	99,0	0	15,0	0	260,0	0	987,188	5.k=1.moyenne	0,0	ERA5
1068243	11/11/2025	03	10/11/2025	22	HNE	-1,8	0	-1,9	0	99,0	0	12,0	0	270,0	0	985,839	5.k=1.moyenne	0,0	ERA5
1068244	11/11/2025	04	10/11/2025	23	HNE	-2,3	0	-2,5	0	99,0	0	18,0	0	250,0	0	984,143	5.k=1.moyenne	0,0	ERA5
1068245	11/11/2025	05	11/11/2025	00	HNE	-2,5	0	-2,9	0	98,0	0	16,0	0	250,0	0	982,753	5.k=1.moyenne	0,0	ERA5
1068246	11/11/2025	06	11/11/2025	01	HNE	-2,5	0	-2,9	0	97,0	0	19,0	0	250,0	0	982,753	5.k=1.moyenne	0,0	ERA5
1068247	11/11/2025	07	11/11/2025	02	HNE	-2,6	0	-3,0	0	97,0	0	21,0	0	250,0	0	981,551	5.k=1.moyenne	0,0	ERA5
1068248	11/11/2025	08	11/11/2025	03	HNE	-2,7	0	-3,3	0	96,0	0	14,0	0	240,0	0	980,739	5.k=1.moyenne	0,0	ERA5
1068249	11/11/2025	09	11/11/2025	04	HNE	-2,7	0	-3,3	0	95,0	0	15,0	0	240,0	0	979,738	5.k=1.moyenne	0,0	ERA5
1068250	11/11/2025	10	11/11/2025	05	HNE	-2,6	0	-3,3	0	95,0	0	18,0	0	250,0	0	979,161	5.k=1.moyenne	0,0	ERA5
1068251	11/11/2025	11	11/11/2025	06	HNE	-2,6	0	-3,4	0	94,0	0	20,0	0	240,0	0	978,862	5.k=1.moyenne	0,0	ERA5
1068252	11/11/2025	12	11/11/2025	07	HNE	-2,7	0	-3,6	0	94,0	0	18,0	0	240,0	0	978,448	5.k=1.moyenne	0,8	ERA5
1068253	11/11/2025	13	11/11/2025	08	HNE	-2,7	0	-3,6	0	93,0	0	14,0	0	250,0	0	978,266	5.k=1.moyenne	74,9	ERA5
1068254	11/11/2025	14	11/11/2025	09	HNE	-2,5	0	-3,6	0	93,0	0	15,0	0	250,0	0	977,879	5.k=1.moyenne	327,0	ERA5
1068255	11/11/2025	15	11/11/2025	10	HNE	-2,2	0	-3,4	0	91,0	0	20,0	0	250,0	0	977,71	5.k=1.moyenne	526,8	ERA5
1068256	11/11/2025	16	11/11/2025	11	HNE	-2,2	0	-3,1	0	93,0	0	18,0	0	250,0	0	977,204	5.k=1.moyenne	670,8	ERA5
1068257	11/11/2025	17	11/11/2025	12	HNE	-2,2	0	-3,1	0	94,0	0	14,0	0	260,0	0	976,788	5.k=1.moyenne	767,0	ERA5
1068258	11/11/2025	18	11/11/2025	13	HNE	-2,0	0	-3,1	0	92,0	0	16,0	0	250,0	0	976,587	5.k=1.moyenne	577,5	ERA5
1068259	11/11/2025	19	11/11/2025	14	HNE	-2,2	0	-3,6	0	90,0	0	22,0	0	260,0	0	976,613	5.k=1.moyenne	434,8	ERA5
1068260	11/11/2025	20	11/11/2025	15	HNE	-2,3	0	-3,7	0	90,0	0	20,0	0	270,0	0	976,84	5.k=1.moyenne	263,1	ERA5
1068261	11/11/2025	21	11/11/2025	16	HNE	-2,1	0	-4,0	0	87,0	0	17,0	0	280,0	0	976,908	5.k=1.moyenne	119,3	ERA5
1068262	11/11/2025	22	11/11/2025	17	HNE	-1,9	0	-4,6	0	82,0	0	20,0	0	280,0	0	977,202	5.k=1.moyenne	8,6	ERA5
1068263	11/11/2025	23	11/11/2025	18	HNE	-2,7	0	-6,3	0	76,0	0	16,0	0	270,0	0	977,437	5.k=1.moyenne	0,0	ERA5
1068264	12/11/2025	00	11/11/2025	19	HNE	-2,1	0	-5,5	0	77,0	0	18,0	0	280,0	0	977,619	5.k=1.moyenne	0,0	ERA5
1068265	12/11/2025	01	11/11/2025	20	HNE	-1,3	0	-4,7	0	77,0	0	14,0	0	270,0	0	977,843	5.k=1.moyenne	0,0	ERA5
1068266	12/11/2025	02	11/11/2025	21	HNE	-1,0	0	-3,8	0	81,0	0	14,0	0	260,0	0	977,619	5.k=1.moyenne	0,0	ERA5
1068267	12/11/2025	03	11/11/2025	22	HNE	-0,3	0	-3,2	0	80,0	0	15,0	0	270,0	0	977,132	5.k=1.moyenne	0,0	ERA5
1068268	12/11/2025	04	11/11/2025	23	HNE	-0,25	4.lineaire	-3,3	0	79,0	0	13,0	0	270,0	0	977,055	5.k=1.moyenne	0,0	ERA5
1068269	12/11/2025	05	12/11/2025	00	HNE	-0,2	0	-3,1	0	81,0	0	13,0	0	260,0	0	977,02	5.k=1.moyenne	0,0	ERA5
1068270	12/11/2025	06	12/11/2025	01	HNE	-0,3	0	-3,0	0	82,0	0	16,0	0	260,0	0	977,02	5.k=1.moyenne	0,0	ERA5
1068271	12/11/2025	07	12/11/2025	02	HNE	-1,3	0	-4,0	0	81,0	0	12,0	0	260,0	0	977,301	5.k=1.moyenne	0,0	ERA5
1068272	12/11/2025	08	12/11/2025	03	HNE	-2,3	0	-4,6	0	84,0	0	8,0	0	240,0	0	977,48	5.k=1.moyenne	0,0	ERA5
1068273	12/11/2025	09	12/11/2025	04	HNE	-5,8	0	-7,9	0	85,0	0	7,0	0	170,0	0	977,598	5.k=1.moyenne	0,0	ERA5
1068274	12/11/2025	10	12/11/2025	05	HNE	-4,7	0	-5,9	0	91,0	0	9,0	0	170,0	0	977,88	5.k=1.moyenne	0,0	ERA5
1068275	12/11/2025	11	12/11/2025	06	HNE	-2,4	0	-4,2	0	87,0	0	7,0	0	160,0	0	978,223	5.k=1.moyenne	0,0	ERA5
1068276	12/11/2025	12	12/11/2025	07	HNE	-0,3	0	-2,6	0	85,0	0	12,0	0	190,0	0	978,836	5.k=1.moyenne	1,3	ERA5
1068277	12/11/2025	13	12/11/2025	08	HNE	0,3	0	-0,1	0	97,0	0	13,0	0	180,0	0	979,133	5.k=1.moyenne	139,9	ERA5
1068278	12/11/2025	14	12/11/2025	09	HNE	0,5	0	0,1	0	97,0	0	12,0	0	190,0	0	979,26	5.k=1.moyenne	331,1	ERA5
1068279	12/11/2025	15	12/11/2025	10	HNE	0,8	0	0,2	0	96,0	0	12,0	0	180,0	0	979,468	5.k=1.moyenne	599,2	ERA5
1068280	12/11/2025	16	12/11/2025	11	HNE	1,4	0	-0,2	0	89,0	0	16,0	0	190,0	0	979,285	5.k=1.moyenne	846,0	ERA5
1068281	12/11/2025	17	12/11/2025	12	HNE	2,2	0	-0,1	0	85,0	0	17,0	0	190,0	0	979,163	5.k=1.moyenne	1025,0	ERA5
1068282	12/11/2025	18	12/11/2025	13	HNE	2,0	0	-0,1	0	86,0	0	20,0	0	170,0	0	979,321	5.k=1.moyenne	784,9	ERA5
1068283	12/11/2025	19	12/11/2025	14	HNE	1,7	0	0,5	0	91,0	0	16,0	0	170,0	0	979,448	5.k=1.moyenne	503,9	ERA5
1068284	12/11/2025	20	12/11/2025	15	HNE	1,5	0	0,6	0	94,0	0	15,0	0	170,0	0	979,855	5.k=1.moyenne	349,4	ERA5
1068285	12/11/2025	21	12/11/2025	16	HNE	1,4	0	0,4	0	93,0	0	12,0	0	180,0	0	980,527	5.k=1.moyenne	155,5	ERA5
1068286	12/11/2025	22	12/11/2025	17	HNE	1,4	0	0,6	0	94,0	0	12,0	0	180,0	0	981,078	5.k=1.moyenne	9,5	ERA5
1068287	12/11/2025	23	12/11/2025	18	HNE	1,3	0	0,6	0	95,0	0	10,0	0	190,0	0	981,66	5.k=1.moyenne	0,0	ERA5
1068288	13/11/2025	00	12/11/2025	19	HNE	1,1	0	0,6	0	97,0	0	10,0	0	190,0	0	982,242	5.k=1.moyenne	0,0	ERA5
1068289	13/11/2025	01	12/11/2025	20	HNE	0,7	0	0,5	0	98,0	0	12,0	0	200,0	0	982,741	5.k=1.moyenne	0,0	ERA5
1068290	13/11/2025	02	12/11/2025	21	HNE	0,5	0	0,4	0	99,0	0	6,0	0	200,0	0	983,198	5.k=1.moyenne	0,0	ERA5
1068291	13/11/2025	03	12/11/2025	22	HNE	0,8	0	0,6	0	99,0	0	6,0	0	240,0	0	983,572	5.k=1.moyenne	0,0	ERA5
1068292	13/11/2025	04	12/11/2025	23	HNE	0,7	0	0,5	0	99,0	0	6,0	0	250,0	0	984,092	5.k=1.moyenne	0,0	ERA5
1068293	13/11/2025	05	13/11/2025	00	HNE	0,8	0	0,6	0	99,0	0	5,0	0	270,0	0	984,696	5.k=1.moyenne	0,0	ERA5
1068294	13/11/2025	06	13/11/2025	01	HNE	0,8	0	0,6	0	99,0	0	6,0	0	270,0	0	984,696	5.k=1.moyenne	0,0	ERA5
1068295	13/11/2025	07	13/11/2025	02	HNE	0,8	0	0,6	0	98,0	0	5,0	0	260,0	0	985,515	5.k=1.moyenne	0,0	ERA5
1068296	13/11/2025	08	13/11/2025	03	HNE	0,8	0	0,6	0	99,0	0	6,0	0	270,0	0	986,479	5.k=1.moyenne	0,0	ERA5
1068297	13/11/2025	09	13/11/2025	04	HNE	0,8	0	0,6	0	99,0	0	1,0	0	300,0	0	987,041	5.k=1.moyenne	0,0	ERA5
1068298	13/11/2025	10	13/11/2025	05	HNE	0,6	0	0,5	0	99,0	0	2,0	0	200,0	0	987,579	5.k=1.moyenne	0,0	ERA5
1068299	13/11/2025	11	13/11/2025	06	HNE	0,8	0	0,7	0	99,0	0	6,0	0	230,0	0	988,052	5.k=1.moyenne	0,0	ERA5
1068300	13/11/2025	12	13/11/2025	07	HNE	0,8	0	0,7	0	99,0	0	3,0	0	190,0	0	988,585	5.k=1.moyenne	0,5	ERA5
1068301	13/11/2025	13	13/11/2025	08	HNE	0,9	0	0,8	0	99,0	0	3,0	0	200,0	0	989,217	5.k=1.moyenne	90,1	ERA5
1068302	13/11/2025	14	13/11/2025	09	HNE	1,1	0	0,9	0	99,0	0	4,0	0	250,0	0	989,163	5.k=1.moyenne	349,8	ERA5
1068303	13/11/2025	15	13/11/2025	10	HNE	1,1	0	0,8	0	97,0	0	4,0	0	260,0	0	989,468	5.k=1.moyenne	550,5	ERA5
1068304	13/11/2025	16	13/11/2025	11	HNE	1,7	0	1,1	0	96,0	0	5,0	0	260,0	0	989,65	5.k=1.moyenne	751,5	ERA5
1068305	13/11/2025	17	13/11/2025	12	HNE	1,7	0	1,0	0	95,0	0	5,0	0	270,0	0	989,771	5.k=1.moyenne	754,1	ERA5
1068306	13/11/2025	18	13/11/2025	13	HNE	1,7	0	1,0	0	95,0	0	7,0	0	270,0	0	990,19	5.k=1.moyenne	827,4	ERA5
1068307	13/11/2025	19	13/11/2025	14	HNE	1,7	0	1,2	0	96,0	0	4,0	0	290,0	0	990,688	5.k=1.moyenne	502,7	ERA5
1068308	13/11/2025	20	13/11/2025	15	HNE	1,9	0	1,4	0	97,0	0	6,0	0	290,0	0	991,304	5.k=1.moyenne	417,4	ERA5
1068309	13/11/2025	21	13/11/2025	16	HNE	1,9	0	1,4	0	96,0	0	6,0	0	280,0	0	991,998	5.k=1.moyenne	134,7	ERA5
1068310	13/11/2025	22	13/11/2025	17	HNE	2,0	0	0,9	0	93,0	0	5,0	0	270,0	0	992,712	5.k=1.moyenne	8,0	ERA5
1068311	13/11/2025	23	13/11/2025	18	HNE	2,0	0	0,4	0	89,0	0	6,0	0	270,0	0	993,144	5.k=1.moyenne	0,0	ERA5
1068312	14/11/2025	00	13/11/2025	19	HNE	2,1	0	-0,1	0	85,0	0	9,0	0	280,0	0	993,595	5.k=1.moyenne	0,0	ERA5
1068313	14/11/2025	01	13/11/2025	20	HNE	2,0	0	-0,4	0	84,0	0	7,0	0	270,0	0	993,906	5.k=1.moyenne	0,0	ERA5
1068314	14/11/2025	02	13/11/2025	21	HNE	1,8	0	-0,5	0	85,0	0	7,0	0	280,0	0	994,079	5.k=1.moyenne	0,0	ERA5
1068315	14/11/2025	03	13/11/2025	22	HNE	1,5	0	-0,4	0	87,0	0	7,0	0	280,0	0	994,251	5.k=1.moyenne	0,0	ERA5
1068316	14/11/2025	04	13/11/2025	23	HNE	1,6	0	-0,4	0	87,0	0	9,0	0	300,0	0	994,463	5.k=1.moyenne	0,0	ERA5
1068317	14/11/2025	05	14/11/2025	00	HNE	1,5	0	-0,4	0	87,0	0	5,0	0	300,0	0	994,532	5.k=1.moyenne	0,0	ERA5
1068318	14/11/2025	06	14/11/2025	01	HNE	1,5	0	-0,4	0	87,0	0	4,0	0	300,0	0	994,532	5.k=1.moyenne	0,0	ERA5
1068319	14/11/2025	07	14/11/2025	02	HNE	0,9	0	-0,6	0	90,0	0	5,0	0	300,0	0	994,916	5.k=1.moyenne	0,0	ERA5
1068320	14/11/2025	08	14/11/2025	03	HNE	1,2	0	-0,6	0	88,0	0	8,0	0	280,0	0	995,075	5.k=1.moyenne	0,0	ERA5
1068321	14/11/2025	09	14/11/2025	04	HNE	0,9	0	-0,9	0	88,0	0	8,0	0	300,0	0	995,313	5.k=1.moyenne	0,0	ERA5
1068322	14/11/2025	10	14/11/2025	05	HNE	0,6	0	-0,9	0	90,0	0	5,0	0	280,0	0	995,49	5.k=1.moyenne	0,0	ERA5
1068323	14/11/2025	11	14/11/2025	06	HNE	0,05	4.lineaire	-1,4	0	91,0	0	7,0	0	300,0	0	995,665	5.k=1.moyenne	0,0	ERA5
1068324	14/11/2025	12	14/11/2025	07	HNE	-0,5	0	-1,5	0	93,0	0	5,0	0	270,0	0	996,1	5.k=1.moyenne	0,5	ERA5
1068325	14/11/2025	13	14/11/2025	08	HNE	0,4	0	-1,0	0	91,0	0	6,0	0	260,0	0	996,21	5.k=1.moyenne	206,7	ERA5
1068326	14/11/2025	14	14/11/2025	09	HNE	0,6	0	-0,3	0	94,0	0	6,0	0	270,0	0	996,099	5.k=1.moyenne	654,8	ERA5
1068327	14/11/2025	15	14/11/2025	10	HNE	1,2	0	-0,1	0	91,0	0	6,0	0	260,0	0	995,987	5.k=1.moyenne	1005,8	ERA5
1068328	14/11/2025	16	14/11/2025	11	HNE	2,2	0	0,1	0	86,0	0	7,0	0	270,0	0	995,435	5.k=1.moyenne	1271,7	ERA5
1068329	14/11/2025	17	14/11/2025	12	HNE	2,4	0	0,1	0	85,0	0	7,0	0	290,0	0	995,092	5.k=1.moyenne	1304,0	ERA5
1068330	14/11/2025	18	14/11/2025	13	HNE	1,7	0	-0,3	0	86,0	0	9,0	0	290,0	0	994,749	5.k=1.moyenne	1225,8	ERA5
1068331	14/11/2025	19	14/11/2025	14	HNE	1,5	0	-0,4	0	87,0	0	5,0	0	310,0	0	994,575	5.k=1.moyenne	803,7	ERA5
1068332	14/11/2025	20	14/11/2025	15	HNE	1,5	0	-0,25	4.lineaire	90,0	0	5,0	0	310,0	0	994,56	5.k=1.moyenne	575,7	ERA5
1068333	14/11/2025	21	14/11/2025	16	HNE	1,3	0	-0,1	0	91,0	0	3,0	0	350,0	0	994,545	5.k=1.moyenne	253,7	ERA5
1068334	14/11/2025	22	14/11/2025	17	HNE	1,0	0	0,0	4.lineaire	93,0	0	3,0	0	290,0	0	994,65	5.k=1.moyenne	12,0	ERA5
1068335	14/11/2025	23	14/11/2025	18	HNE	1,0	0	0,1	0	94,0	0	4,0	0	290,0	0	994,586	5.k=1.moyenne	0,0	ERA5
1068336	15/11/2025	00	14/11/2025	19	HNE	0,9	0	0,0	4.lineaire	93,0	0	7,0	0	290,0	0	994,345	5.k=1.moyenne	0,0	ERA5
1068337	15/11/2025	01	14/11/2025	20	HNE	0,7	0	-0,1	0	94,0	0	4,0	0	280,0	0	994,165	5.k=1.moyenne	0,0	ERA5
1068338	15/11/2025	02	14/11/2025	21	HNE	0,6	0	0,1	0	96,0	0	5,0	0	280,0	0	993,862	5.k=1.moyenne	0,0	ERA5
1068339	15/11/2025	03	14/11/2025	22	HNE	0,6	0	0,1	0	96,0	0	5,0	0	290,0	0	993,518	5.k=1.moyenne	0,0	ERA5
1068340	15/11/2025	04	14/11/2025	23	HNE	0,5	0	-0,2	0	95,0	0	5,0	0	290,0	0	993,235	5.k=1.moyenne	0,0	ERA5
1068341	15/11/2025	05	15/11/2025	00	HNE	0,5	0	-0,6	0	93,0	0	6,0	0	310,0	0	992,911	5.k=1.moyenne	0,0	ERA5
1068342	15/11/2025	06	15/11/2025	01	HNE	0,3	0	-1,3	0	89,0	0	4,0	0	300,0	0	992,911	5.k=1.moyenne	0,0	ERA5
1068343	15/11/2025	07	15/11/2025	02	HNE	0,1	0	-1,6	0	88,0	0	4,0	0	290,0	0	992,651	5.k=1.moyenne	0,0	ERA5
1068344	15/11/2025	08	15/11/2025	03	HNE	0,1	0	-2,0	0	86,0	0	5,0	0	290,0	0	992,125	5.k=1.moyenne	0,0	ERA5
1068345	15/11/2025	09	15/11/2025	04	HNE	-0,4	0	-2,3	0	87,0	0	3,0	0	280,0	0	991,56	5.k=1.moyenne	0,0	ERA5
1068346	15/11/2025	10	15/11/2025	05	HNE	-0,8	0	-1,6	0	94,0	0	3,0	0	270,0	0	990,979	5.k=1.moyenne	0,0	ERA5
1068347	15/11/2025	11	15/11/2025	06	HNE	-0,8	0	-1,4	0	95,0	0	5,0	0	260,0	0	990,338	5.k=1.moyenne	0,0	ERA5
1068348	15/11/2025	12	15/11/2025	07	HNE	-0,9	0	-1,8	0	94,0	0	4,0	0	270,0	0	989,857	5.k=1.moyenne	0,3	ERA5
1068349	15/11/2025	13	15/11/2025	08	HNE	-0,9	0	-2,0	0	92,0	0	6,0	0	280,0	0	989,112	5.k=1.moyenne	204,6	ERA5
1068350	15/11/2025	14	15/11/2025	09	HNE	-0,6	0	-2,2	0	89,0	0	8,0	0	250,0	0	988,146	5.k=1.moyenne	605,6	ERA5
1068351	15/11/2025	15	15/11/2025	10	HNE	0,1	4.lineaire	-2,6	0	82,0	0	8,0	0	280,0	0	987,14	5.k=1.moyenne	897,5	ERA5
1068352	15/11/2025	16	15/11/2025	11	HNE	0,8	0	-3,0	0	76,0	0	10,0	0	240,0	0	985,872	5.k=1.moyenne	1015,6	ERA5
1068353	15/11/2025	17	15/11/2025	12	HNE	0,9	0	-3,1	0	75,0	0	8,0	0	260,0	0	984,626	5.k=1.moyenne	941,4	ERA5
1068354	15/11/2025	18	15/11/2025	13	HNE	1,3	0	-2,7	0	75,0	0	8,0	0	240,0	0	983,422	5.k=1.moyenne	741,6	ERA5
1068355	15/11/2025	19	15/11/2025	14	HNE	1,4	0	-3,1	0	72,0	0	7,0	0	250,0	0	982,384	5.k=1.moyenne	717,0	ERA5
1068356	15/11/2025	20	15/11/2025	15	HNE	1,6	0	-3,3	0	70,0	0	3,0	0	250,0	0	981,367	5.k=1.moyenne	366,0	ERA5
1068357	15/11/2025	21	15/11/2025	16	HNE	0,9	0	-2,5	0	78,0	0	3,0	0	90,0	0	980,331	5.k=1.moyenne	169,6	ERA5
1068358	15/11/2025	22	15/11/2025	17	HNE	0,4	0	-2,8	0	79,0	0	6,0	0	90,0	0	979,44	5.k=1.moyenne	10,0	ERA5
1068359	15/11/2025	23	15/11/2025	18	HNE	0,8	0	-2,7	0	78,0	0	8,0	0	120,0	0	978,509	5.k=1.moyenne	0,0	ERA5
1068360	16/11/2025	00	15/11/2025	19	HNE	0,8	0	-2,5	0	78,0	0	8,0	0	100,0	0	977,436	5.k=1.moyenne	0,0	ERA5
1068361	16/11/2025	01	15/11/2025	20	HNE	0,9	0	-2,2	0	80,0	0	10,0	0	100,0	0	976,608	5.k=1.moyenne	0,0	ERA5
1068362	16/11/2025	02	15/11/2025	21	HNE	0,5	0	-1,8	0	85,0	0	8,0	0	100,0	0	975,782	5.k=1.moyenne	0,0	ERA5
1068363	16/11/2025	03	15/11/2025	22	HNE	0,3	0	-1,6	0	87,0	0	9,0	0	90,0	0	974,753	5.k=1.moyenne	0,0	ERA5
1068364	16/11/2025	04	15/11/2025	23	HNE	0,2	0	-0,7	0	94,0	0	8,0	0	110,0	0	973,847	5.k=1.moyenne	0,0	ERA5
1068365	16/11/2025	05	16/11/2025	00	HNE	0,1	0	-0,5	0	96,0	0	9,0	0	90,0	0	972,921	5.k=1.moyenne	0,0	ERA5
1068366	16/11/2025	06	16/11/2025	01	HNE	0,1	0	-0,2	0	97,0	0	9,0	0	80,0	0	972,921	5.k=1.moyenne	0,0	ERA5
1068367	16/11/2025	07	16/11/2025	02	HNE	0,3	0	-0,266667	4.lineaire	98,0	0	4,0	0	90,0	0	972,186	5.k=1.moyenne	0,0	ERA5
1068368	16/11/2025	08	16/11/2025	03	HNE	0,1	0	-0,333333	4.lineaire	99,0	0	6,0	0	20,0	0	971,772	5.k=1.moyenne	0,0	ERA5
1068369	16/11/2025	09	16/11/2025	04	HNE	-0,3	0	-0,4	0	99,0	0	6,0	0	340,0	0	971,676	5.k=1.moyenne	0,0	ERA5
1068370	16/11/2025	10	16/11/2025	05	HNE	-1,0	0	-1,2	0	99,0	0	6,0	0	330,0	0	971,587	5.k=1.moyenne	0,0	ERA5
1068371	16/11/2025	11	16/11/2025	06	HNE	-1,1	0	-1,4	0	98,0	0	6,0	0	300,0	0	971,712	5.k=1.moyenne	0,0	ERA5
1068372	16/11/2025	12	16/11/2025	07	HNE	-1,6	0	-2,2	0	96,0	0	7,0	0	280,0	0	972,123	5.k=1.moyenne	0,1	ERA5
1068373	16/11/2025	13	16/11/2025	08	HNE	-1,4	0	-2,0	0	96,0	0	3,0	0	290,0	0	972,336	5.k=1.moyenne	59,3	ERA5
1068374	16/11/2025	14	16/11/2025	09	HNE	-1,1	0	-1,5	0	97,0	0	0,0	0	350,0	0	972,369	5.k=1.moyenne	249,7	ERA5
1068375	16/11/2025	15	16/11/2025	10	HNE	-0,7	0	-1,3	0	95,0	0	0,0	0	0,0	0	972,427	5.k=1.moyenne	423,9	ERA5
1068376	16/11/2025	16	16/11/2025	11	HNE	0,8	0	-1,0	0	88,0	0	11,0	0	280,0	0	972,223	5.k=1.moyenne	599,4	ERA5
1068377	16/11/2025	17	16/11/2025	12	HNE	1,8	0	-1,9	0	77,0	0	17,0	0	270,0	0	972,145	5.k=1.moyenne	882,5	ERA5
1068378	16/11/2025	18	16/11/2025	13	HNE	1,6	0	-1,5	0	79,0	0	12,0	0	280,0	0	972,172	5.k=1.moyenne	1028,3	ERA5
1068379	16/11/2025	19	16/11/2025	14	HNE	1,8	0	-2,0	0	76,0	0	18,0	0	280,0	0	972,528	5.k=1.moyenne	646,2	ERA5
1068380	16/11/2025	20	16/11/2025	15	HNE	1,6	0	-2,0	0	77,0	0	13,0	0	290,0	0	972,928	5.k=1.moyenne	525,4	ERA5
1068381	16/11/2025	21	16/11/2025	16	HNE	1,6	0	-3,6	0	68,0	0	17,0	0	290,0	0	973,514	5.k=1.moyenne	220,3	ERA5
1068382	16/11/2025	22	16/11/2025	17	HNE	1,3	0	-3,1	0	73,0	0	14,0	0	280,0	0	973,939	5.k=1.moyenne	8,1	ERA5
1068383	16/11/2025	23	16/11/2025	18	HNE	0,7	0	-2,1	0	82,0	0	14,0	0	280,0	0	974,427	5.k=1.moyenne	0,0	ERA5
1068384	17/11/2025	00	16/11/2025	19	HNE	0,5	0	-2,5	0	80,0	0	13,0	0	280,0	0	974,427	5.k=1.moyenne	0,0	ERA5
1068385	17/11/2025	01	16/11/2025	20	HNE	0,2	0	-2,4	0	83,0	0	16,0	0	270,0	0	974,388	5.k=1.moyenne	0,0	ERA5
1068386	17/11/2025	02	16/11/2025	21	HNE	-0,4	0	-1,9	0	90,0	0	12,0	0	270,0	0	974,351	5.k=1.moyenne	0,0	ERA5
1068387	17/11/2025	03	16/11/2025	22	HNE	-0,8	0	-1,5	0	95,0	0	17,0	0	280,0	0	974,253	5.k=1.moyenne	0,0	ERA5
1068388	17/11/2025	04	16/11/2025	23	HNE	-1,2	0	-2,2	0	93,0	0	15,0	0	280,0	0	974,157	5.k=1.moyenne	0,0	ERA5
1068389	17/11/2025	05	17/11/2025	00	HNE	-1,6	0	-2,8	0	92,0	0	19,0	0	280,0	0	974,042	5.k=1.moyenne	0,0	ERA5
1068390	17/11/2025	06	17/11/2025	01	HNE	-1,5	0	-3,5	0	86,0	0	16,0	0	280,0	0	974,042	5.k=1.moyenne	0,0	ERA5
1068391	17/11/2025	07	17/11/2025	02	HNE	-1,8	0	-3,1	0	90,0	0	14,0	0	280,0	0	974,152	5.k=1.moyenne	0,0	ERA5
1068392	17/11/2025	08	17/11/2025	03	HNE	-1,8	0	-3,4	0	89,0	0	17,0	0	280,0	0	974,182	5.k=1.moyenne	0,0	ERA5
1068393	17/11/2025	09	17/11/2025	04	HNE	-1,9	0	-3,4	0	89,0	0	17,0	0	270,0	0	974,437	5.k=1.moyenne	0,0	ERA5
1068394	17/11/2025	10	17/11/2025	05	HNE	-1,9	0	-3,4	0	89,0	0	18,0	0	280,0	0	974,653	5.k=1.moyenne	0,0	ERA5
1068395	17/11/2025	11	17/11/2025	06	HNE	-2,1	0	-3,2	0	92,0	0	16,0	0	280,0	0	975,052	5.k=1.moyenne	0,0	ERA5
1068396	17/11/2025	12	17/11/2025	07	HNE	-2,1	0	-3,1	0	92,0	0	15,0	0	280,0	0	975,525	5.k=1.moyenne	0,0	ERA5
1068397	17/11/2025	13	17/11/2025	08	HNE	-1,9	0	-3,3	0	91,0	0	15,0	0	270,0	0	976,198	5.k=1.moyenne	71,9	ERA5
1068398	17/11/2025	14	17/11/2025	09	HNE	-1,9	0	-3,5	0	89,0	0	15,0	0	270,0	0	976,552	5.k=1.moyenne	257,7	ERA5
1068399	17/11/2025	15	17/11/2025	10	HNE	-1,5	0	-3,8	0	84,0	0	16,0	0	280,0	0	976,946	5.k=1.moyenne	455,8	ERA5
1068400	17/11/2025	16	17/11/2025	11	HNE	-1,0	0	-4,5	0	77,0	0	20,0	0	280,0	0	977,18	5.k=1.moyenne	527,9	ERA5
1068401	17/11/2025	17	17/11/2025	12	HNE	-0,6	0	-4,5	0	75,0	0	15,0	0	270,0	0	977,335	5.k=1.moyenne	625,5	ERA5
1068402	17/11/2025	18	17/11/2025	13	HNE	-0,5	0	-4,7	0	73,0	0	24,0	0	270,0	0	977,611	5.k=1.moyenne	536,0	ERA5
1068403	17/11/2025	19	17/11/2025	14	HNE	-0,2	0	-4,6	0	72,0	0	15,0	0	270,0	0	978,047	5.k=1.moyenne	575,5	ERA5
1068404	17/11/2025	20	17/11/2025	15	HNE	-0,1	0	-4,6	0	72,0	0	20,0	0	280,0	0	978,783	5.k=1.moyenne	459,1	ERA5
1068405	17/11/2025	21	17/11/2025	16	HNE	-0,15	4.lineaire	-4,2	0	73,0	0	18,0	0	270,0	0	979,499	5.k=1.moyenne	247,0	ERA5
1068406	17/11/2025	22	17/11/2025	17	HNE	-0,2	0	-3,9	0	76,0	0	19,0	0	270,0	0	980,336	5.k=1.moyenne	7,2	ERA5
1068407	17/11/2025	23	17/11/2025	18	HNE	-0,2	0	-3,7	0	77,0	0	21,0	0	270,0	0	980,873	5.k=1.moyenne	0,0	ERA5
1068408	18/11/2025	00	17/11/2025	19	HNE	-0,3	0	-3,8	0	77,0	0	22,0	0	270,0	0	980,785	5.k=1.moyenne	0,0	ERA5
1068409	18/11/2025	01	17/11/2025	20	HNE	-0,3	0	-3,8	0	77,0	0	20,0	0	270,0	0	981,211	5.k=1.moyenne	0,0	ERA5
1068410	18/11/2025	02	17/11/2025	21	HNE	-0,4	0	-3,8	0	78,0	0	18,0	0	270,0	0	981,495	5.k=1.moyenne	0,0	ERA5
1068411	18/11/2025	03	17/11/2025	22	HNE	-0,4	0	-3,9	0	78,0	0	19,0	0	280,0	0	981,962	5.k=1.moyenne	0,0	ERA5
1068412	18/11/2025	04	17/11/2025	23	HNE	-0,4	0	-3,9	0	77,0	0	16,0	0	270,0	0	982,327	5.k=1.moyenne	0,0	ERA5
1068413	18/11/2025	05	18/11/2025	00	HNE	-0,5	0	-4,3	0	75,0	0	16,0	0	280,0	0	982,652	5.k=1.moyenne	0,0	ERA5
1068414	18/11/2025	06	18/11/2025	01	HNE	-0,7	0	-4,4	0	76,0	0	14,0	0	280,0	0	982,652	5.k=1.moyenne	0,0	ERA5
1068415	18/11/2025	07	18/11/2025	02	HNE	-0,8	0	-4,4	0	77,0	0	13,0	0	280,0	0	983,243	5.k=1.moyenne	0,0	ERA5
1068416	18/11/2025	08	18/11/2025	03	HNE	-0,9	0	-4,4	0	77,0	0	16,0	0	280,0	0	983,831	5.k=1.moyenne	0,0	ERA5
1068417	18/11/2025	09	18/11/2025	04	HNE	-1,1	0	-4,4	0	78,0	0	16,0	0	270,0	0	984,414	5.k=1.moyenne	0,0	ERA5
1068418	18/11/2025	10	18/11/2025	05	HNE	-1,1	0	-4,2	0	80,0	0	17,0	0	280,0	0	985,078	5.k=1.moyenne	0,0	ERA5
1068419	18/11/2025	11	18/11/2025	06	HNE	-1,2	0	-4,7	0	77,0	0	18,0	0	270,0	0	985,842	5.k=1.moyenne	0,0	ERA5
1068420	18/11/2025	12	18/11/2025	07	HNE	-1,0	0	-4,1	0	79,0	0	18,0	0	270,0	0	986,706	5.k=1.moyenne	0,0	ERA5
1068421	18/11/2025	13	18/11/2025	08	HNE	-0,9	0	-4,0	0	79,0	0	15,0	0	270,0	0	987,42	5.k=1.moyenne	152,2	ERA5
1068422	18/11/2025	14	18/11/2025	09	HNE	-0,1	0	-4,0	0	75,0	0	20,0	0	270,0	0	987,845	5.k=1.moyenne	626,4	ERA5
1068423	18/11/2025	15	18/11/2025	10	HNE	0,2	0	-3,7	0	75,0	0	11,0	0	270,0	0	988,543	5.k=1.moyenne	1006,6	ERA5
1068424	18/11/2025	16	18/11/2025	11	HNE	0,5	0	-3,7	0	73,0	0	21,0	0	270,0	0	988,647	5.k=1.moyenne	1158,7	ERA5
1068425	18/11/2025	17	18/11/2025	12	HNE	0,4	0	-3,4	0	76,0	0	19,0	0	260,0	0	988,852	5.k=1.moyenne	975,5	ERA5
1068426	18/11/2025	18	18/11/2025	13	HNE	0,6	0	-3,4	0	75,0	0	22,0	0	270,0	0	989,055	5.k=1.moyenne	763,2	ERA5
1068427	18/11/2025	19	18/11/2025	14	HNE	0,333333	4.lineaire	-2,7	0	82,0	0	17,0	0	250,0	0	989,46	5.k=1.moyenne	698,8	ERA5
1068428	18/11/2025	20	18/11/2025	15	HNE	0,0666667	4.lineaire	-3,0	0	80,0	0	16,0	0	250,0	0	990,088	5.k=1.moyenne	468,8	ERA5
1068429	18/11/2025	21	18/11/2025	16	HNE	-0,2	0	-3,3	0	80,0	0	13,0	0	270,0	0	990,634	5.k=1.moyenne	178,3	ERA5
1068430	18/11/2025	22	18/11/2025	17	HNE	-0,4	0	-3,5	0	79,0	0	14,0	0	260,0	0	991,382	5.k=1.moyenne	6,9	ERA5
1068431	18/11/2025	23	18/11/2025	18	HNE	-0,8	0	-4,0	0	79,0	0	10,0	0	270,0	0	991,904	5.k=1.moyenne	0,0	ERA5
1068432	19/11/2025	00	18/11/2025	19	HNE	-1,0	0	-4,2	0	79,0	0	11,0	0	270,0	0	992,222	5.k=1.moyenne	0,0	ERA5
1068433	19/11/2025	01	18/11/2025	20	HNE	-1,5	0	-4,3	0	81,0	0	8,0	0	280,0	0	992,641	5.k=1.moyenne	0,0	ERA5
1068434	19/11/2025	02	18/11/2025	21	HNE	-2,0	0	-4,4	0	84,0	0	7,0	0	260,0	0	993,079	5.k=1.moyenne	0,0	ERA5
1068435	19/11/2025	03	18/11/2025	22	HNE	-2,6	0	-4,6	0	86,0	0	6,0	0	250,0	0	993,251	5.k=1.moyenne	0,0	ERA5
1068436	19/11/2025	04	18/11/2025	23	HNE	-3,9	0	-5,3	0	90,0	0	6,0	0	190,0	0	993,585	5.k=1.moyenne	0,0	ERA5
1068437	19/11/2025	05	19/11/2025	00	HNE	-3,3	0	-4,4	0	93,0	0	8,0	0	220,0	0	993,878	5.k=1.moyenne	0,0	ERA5
1068438	19/11/2025	06	19/11/2025	01	HNE	-3,6	0	-4,7	0	92,0	0	10,0	0	210,0	0	993,878	5.k=1.moyenne	0,0	ERA5
1068439	19/11/2025	07	19/11/2025	02	HNE	-4,5	0	-5,4	0	93,0	0	8,0	0	210,0	0	994,404	5.k=1.moyenne	0,0	ERA5
1068440	19/11/2025	08	19/11/2025	03	HNE	-4,2	0	-5,2	0	92,0	0	7,0	0	220,0	0	994,842	5.k=1.moyenne	0,0	ERA5
1068441	19/11/2025	09	19/11/2025	04	HNE	-5,3	0	-6,2	0	93,0	0	4,0	0	190,0	0	995,215	5.k=1.moyenne	0,0	ERA5
1068442	19/11/2025	10	19/11/2025	05	HNE	-5,8	0	-6,5	0	95,0	0	2,0	0	140,0	0	995,751	5.k=1.moyenne	0,0	ERA5
1068443	19/11/2025	11	19/11/2025	06	HNE	-4,4	0	-5,1	0	95,0	0	8,0	0	230,0	0	996,471	5.k=1.moyenne	0,0	ERA5
1068444	19/11/2025	12	19/11/2025	07	HNE	-4,2	0	-5,1	0	93,0	0	8,0	0	250,0	0	997,239	5.k=1.moyenne	0,0	ERA5
1068445	19/11/2025	13	19/11/2025	08	HNE	-3,6	0	-5,0	0	90,0	0	9,0	0	270,0	0	997,818	5.k=1.moyenne	157,2	ERA5
1068446	19/11/2025	14	19/11/2025	09	HNE	-2,6	0	-4,4	0	88,0	0	9,0	0	260,0	0	998,333	5.k=1.moyenne	521,2	ERA5
1068447	19/11/2025	15	19/11/2025	10	HNE	-1,6	0	-3,9	0	84,0	0	9,0	0	260,0	0	998,642	5.k=1.moyenne	959,6	ERA5
1068448	19/11/2025	16	19/11/2025	11	HNE	-2,0	0	-4,2	0	85,0	0	10,0	0	280,0	0	998,663	5.k=1.moyenne	1336,2	ERA5
1068449	19/11/2025	17	19/11/2025	12	HNE	-2,2	0	-3,9	0	88,0	0	8,0	0	290,0	0	998,826	5.k=1.moyenne	1314,1	ERA5
1068450	19/11/2025	18	19/11/2025	13	HNE	-2,4	0	-3,7	0	91,0	0	7,0	0	280,0	0	998,782	5.k=1.moyenne	1199,6	ERA5
1068451	19/11/2025	19	19/11/2025	14	HNE	-2,2	0	-3,7	0	89,0	0	11,0	0	280,0	0	999,174	5.k=1.moyenne	957,1	ERA5
1068452	19/11/2025	20	19/11/2025	15	HNE	-2,1	0	-3,9	0	87,0	0	8,0	0	260,0	0	999,897	5.k=1.moyenne	531,5	ERA5
1068453	19/11/2025	21	19/11/2025	16	HNE	-2,4	0	-3,6	0	91,0	0	9,0	0	260,0	0	1000,39	5.k=1.moyenne	205,4	ERA5
1068454	19/11/2025	22	19/11/2025	17	HNE	-2,7	0	-3,7	0	93,0	0	7,0	0	300,0	0	1000,9	5.k=1.moyenne	6,0	ERA5
1068455	19/11/2025	23	19/11/2025	18	HNE	-2,8	0	-3,6	0	95,0	0	6,0	0	270,0	0	1001,23	5.k=1.moyenne	0,0	ERA5
1068456	20/11/2025	00	19/11/2025	19	HNE	-2,9	0	-3,4	0	96,0	0	5,0	0	240,0	0	1001,49	5.k=1.moyenne	0,0	ERA5
1068457	20/11/2025	01	19/11/2025	20	HNE	-2,6	0	-3,3	0	95,0	0	4,0	0	260,0	0	1001,79	5.k=1.moyenne	0,0	ERA5
1068458	20/11/2025	02	19/11/2025	21	HNE	-2,5	0	-3,3	0	95,0	0	4,0	0	260,0	0	1001,94	5.k=1.moyenne	0,0	ERA5
1068459	20/11/2025	03	19/11/2025	22	HNE	-2,4	0	-3,4	0	93,0	0	4,0	0	290,0	0	1002,01	5.k=1.moyenne	0,0	ERA5
1068460	20/11/2025	04	19/11/2025	23	HNE	-2,3	0	-3,4	0	93,0	0	3,0	0	260,0	0	1002,23	5.k=1.moyenne	0,0	ERA5
1068461	20/11/2025	05	20/11/2025	00	HNE	-2,5	0	-3,6	0	92,0	0	3,0	0	280,0	0	1002,26	5.k=1.moyenne	0,0	ERA5
1068462	20/11/2025	06	20/11/2025	01	HNE	-2,6	0	-3,5	0	94,0	0	2,0	0	290,0	0	1002,26	5.k=1.moyenne	0,0	ERA5
1068463	20/11/2025	07	20/11/2025	02	HNE	-2,8	0	-3,6	0	94,0	0	1,0	0	300,0	0	1002,51	5.k=1.moyenne	0,0	ERA5
1068464	20/11/2025	08	20/11/2025	03	HNE	-3,1	0	-3,8	0	95,0	0	1,0	0	310,0	0	1002,56	5.k=1.moyenne	0,0	ERA5
1068465	20/11/2025	09	20/11/2025	04	HNE	-3,2	0	-3,8	0	96,0	0	3,0	0	190,0	0	1002,65	5.k=1.moyenne	0,0	ERA5
1068466	20/11/2025	10	20/11/2025	05	HNE	-3,3	0	-3,7	0	98,0	0	6,0	0	180,0	0	1002,81	5.k=1.moyenne	0,0	ERA5
1068467	20/11/2025	11	20/11/2025	06	HNE	-3,6	0	-3,8	0	98,0	0	2,0	0	90,0	0	1002,99	5.k=1.moyenne	0,0	ERA5
1068468	20/11/2025	12	20/11/2025	07	HNE	-3,5	0	-3,6	0	99,0	0	3,0	0	190,0	0	1003,31	5.k=1.moyenne	0,0	ERA5
1068469	20/11/2025	13	20/11/2025	08	HNE	-3,2	0	-3,3	0	99,0	0	7,0	0	200,0	0	1003,51	5.k=1.moyenne	81,4	ERA5
1068470	20/11/2025	14	20/11/2025	09	HNE	-3,2	0	-3,4	0	99,0	0	1,0	0	160,0	0	1003,46	5.k=1.moyenne	301,0	ERA5
1068471	20/11/2025	15	20/11/2025	10	HNE	-3,2	0	-3,3	0	99,0	0	8,0	0	160,0	0	1003,41	5.k=1.moyenne	567,0	ERA5
1068472	20/11/2025	16	20/11/2025	11	HNE	-3,4	0	-3,6	0	98,0	0	3,0	0	290,0	0	1002,83	5.k=1.moyenne	666,8	ERA5
1068473	20/11/2025	17	20/11/2025	12	HNE	-2,8	0	-3,1	0	98,0	0	8,0	0	190,0	0	1002,27	5.k=1.moyenne	1014,3	ERA5
1068474	20/11/2025	18	20/11/2025	13	HNE	-2,5	0	-3,3	0	95,0	0	2,0	0	200,0	0	1001,69	5.k=1.moyenne	989,4	ERA5
1068475	20/11/2025	19	20/11/2025	14	HNE	-2,3	0	-3,5	0	91,0	0	5,0	0	210,0	0	1001,53	5.k=1.moyenne	714,7	ERA5
1068476	20/11/2025	20	20/11/2025	15	HNE	-2,1	0	-3,7	0	88,0	0	3,0	0	70,0	0	1001,48	5.k=1.moyenne	369,3	ERA5
1068477	20/11/2025	21	20/11/2025	16	HNE	-1,9	0	-3,1	0	91,0	0	5,0	0	150,0	0	1001,33	5.k=1.moyenne	206,1	ERA5
1068478	20/11/2025	22	20/11/2025	17	HNE	-2,4	0	-3,2	0	94,0	0	3,0	0	100,0	0	1001,07	5.k=1.moyenne	4,7	ERA5
1068479	20/11/2025	23	20/11/2025	18	HNE	-2,9	0	-3,4	0	97,0	0	5,0	0	110,0	0	1000,79	5.k=1.moyenne	0,0	ERA5
1068480	21/11/2025	00	20/11/2025	19	HNE	-3,0	0	-3,6	0	96,0	0	1,0	0	60,0	0	1000,59	5.k=1.moyenne	0,0	ERA5
1068481	21/11/2025	01	20/11/2025	20	HNE	-3,2	0	-3,6	0	97,0	0	1,0	0	350,0	0	1000,25	5.k=1.moyenne	0,0	ERA5
1068482	21/11/2025	02	20/11/2025	21	HNE	-3,3	0	-3,7	0	97,0	0	2,0	0	40,0	0	999,988	5.k=1.moyenne	0,0	ERA5
1068483	21/11/2025	03	20/11/2025	22	HNE	-3,5	0	-4,0	0	97,0	0	4,0	0	40,0	0	999,604	5.k=1.moyenne	0,0	ERA5
1068484	21/11/2025	04	20/11/2025	23	HNE	-3,7	0	-4,0	0	98,0	0	3,0	0	70,0	0	999,2	5.k=1.moyenne	0,0	ERA5
1068485	21/11/2025	05	21/11/2025	00	HNE	-3,9	0	-4,3	0	97,0	0	1,0	0	310,0	0	998,571	5.k=1.moyenne	0,0	ERA5
1068486	21/11/2025	06	21/11/2025	01	HNE	-4,0	0	-4,4	0	97,0	0	2,0	0	50,0	0	998,571	5.k=1.moyenne	0,0	ERA5
1068487	21/11/2025	07	21/11/2025	02	HNE	-3,3	0	-4,0	0	94,0	0	3,0	0	80,0	0	997,898	5.k=1.moyenne	0,0	ERA5
1068488	21/11/2025	08	21/11/2025	03	HNE	-2,9	0	-3,6	0	95,0	0	4,0	0	120,0	0	997,23	5.k=1.moyenne	0,0	ERA5
1068489	21/11/2025	09	21/11/2025	04	HNE	-2,5	0	-3,0	0	96,0	0	2,0	0	70,0	0	996,794	5.k=1.moyenne	0,0	ERA5
1068490	21/11/2025	10	21/11/2025	05	HNE	-2,5	0	-3,0	0	97,0	0	2,0	0	110,0	0	996,299	5.k=1.moyenne	0,0	ERA5
1068491	21/11/2025	11	21/11/2025	06	HNE	0,1	0	-1,4	0	90,0	0	8,0	0	180,0	0	995,953	5.k=1.moyenne	0,0	ERA5
1068492	21/11/2025	12	21/11/2025	07	HNE	0,8	0	-0,6	0	90,0	0	14,0	0	170,0	0	995,381	5.k=1.moyenne	0,0	ERA5
1068493	21/11/2025	13	21/11/2025	08	HNE	1,1	0	-0,3	0	91,0	0	18,0	0	170,0	0	995,045	5.k=1.moyenne	53,1	ERA5
1068494	21/11/2025	14	21/11/2025	09	HNE	1,2	0	-0,1	0	91,0	0	14,0	0	180,0	0	994,489	5.k=1.moyenne	349,9	ERA5
1068495	21/11/2025	15	21/11/2025	10	HNE	1,5	0	0,2	0	91,0	0	16,0	0	170,0	0	993,844	5.k=1.moyenne	251,8	ERA5
1068496	21/11/2025	16	21/11/2025	11	HNE	1,3	0	0,6	0	95,0	0	20,0	0	170,0	0	992,948	5.k=1.moyenne	189,0	ERA5
1068497	21/11/2025	17	21/11/2025	12	HNE	1,5	0	1,0	0	96,0	0	16,0	0	160,0	0	992,199	5.k=1.moyenne	206,2	ERA5
1068498	21/11/2025	18	21/11/2025	13	HNE	1,9	0	1,6	0	98,0	0	18,0	0	180,0	0	991,555	5.k=1.moyenne	223,0	ERA5
1068499	21/11/2025	19	21/11/2025	14	HNE	1,9	0	1,8	0	99,0	0	13,0	0	190,0	0	991,164	5.k=1.moyenne	150,8	ERA5
1068500	21/11/2025	20	21/11/2025	15	HNE	2,0	0	1,5	0	96,0	0	11,0	0	190,0	0	991,312	5.k=1.moyenne	101,6	ERA5
1068501	21/11/2025	21	21/11/2025	16	HNE	2,1	0	1,7	0	97,0	0	6,0	0	170,0	0	991,114	5.k=1.moyenne	50,8	ERA5
1068502	21/11/2025	22	21/11/2025	17	HNE	1,6	0	1,3	0	98,0	0	3,0	0	220,0	0	991,081	5.k=1.moyenne	1,1	ERA5
1068503	21/11/2025	23	21/11/2025	18	HNE	1,8	0	1,5	0	98,0	0	7,0	0	190,0	0	991,008	5.k=1.moyenne	0,0	ERA5
1068504	22/11/2025	00	21/11/2025	19	HNE	2,3	0	1,9	0	97,0	0	8,0	0	320,0	0	990,752	5.k=1.moyenne	0,0	ERA5
1068505	22/11/2025	01	21/11/2025	20	HNE	1,4	0	1,2	0	99,0	0	6,0	0	230,0	0	990,558	5.k=1.moyenne	0,0	ERA5
1068506	22/11/2025	02	21/11/2025	21	HNE	2,1	0	2,0	0	99,0	0	7,0	0	250,0	0	990,284	5.k=1.moyenne	0,0	ERA5
1068507	22/11/2025	03	21/11/2025	22	HNE	2,4	0	1,7	0	96,0	0	8,0	0	260,0	0	989,97	5.k=1.moyenne	0,0	ERA5
1068508	22/11/2025	04	21/11/2025	23	HNE	1,3	0	0,9	0	97,0	0	6,0	0	250,0	0	989,819	5.k=1.moyenne	0,0	ERA5
1068509	22/11/2025	05	22/11/2025	00	HNE	1,5	0	0,7	0	94,0	0	6,0	0	260,0	0	989,771	5.k=1.moyenne	0,0	ERA5
1068510	22/11/2025	06	22/11/2025	01	HNE	1,0	0	0,5	0	96,0	0	4,0	0	280,0	0	989,771	5.k=1.moyenne	0,0	ERA5
1068511	22/11/2025	07	22/11/2025	02	HNE	0,9	0	0,6	0	98,0	0	3,0	0	300,0	0	989,736	5.k=1.moyenne	0,0	ERA5
1068512	22/11/2025	08	22/11/2025	03	HNE	0,3	0	0,1	0	98,0	0	3,0	0	240,0	0	989,54	5.k=1.moyenne	0,0	ERA5
1068513	22/11/2025	09	22/11/2025	04	HNE	0,2	0	0,1	0	100,0	0	8,0	0	220,0	0	989,472	5.k=1.moyenne	0,0	ERA5
1068514	22/11/2025	10	22/11/2025	05	HNE	0,3	0	0,2	0	100,0	0	3,0	0	250,0	0	989,242	5.k=1.moyenne	0,0	ERA5
1068515	22/11/2025	11	22/11/2025	06	HNE	0,3	0	0,3	0	100,0	0	6,0	0	210,0	0	989,265	5.k=1.moyenne	0,0	ERA5
1068516	22/11/2025	12	22/11/2025	07	HNE	0,3	0	0,2	0	100,0	0	8,0	0	250,0	0	989,437	5.k=1.moyenne	0,0	ERA5
1068517	22/11/2025	13	22/11/2025	08	HNE	0,4	0	-1,0	0	91,0	0	7,0	0	260,0	0	989,654	5.k=1.moyenne	114,4	ERA5
1068518	22/11/2025	14	22/11/2025	09	HNE	1,3	0	-0,4	0	88,0	0	11,0	0	270,0	0	989,812	5.k=1.moyenne	452,4	ERA5
1068519	22/11/2025	15	22/11/2025	10	HNE	2,2	0	-0,25	4.lineaire	85,0	0	12,0	0	280,0	0	989,888	5.k=1.moyenne	777,8	ERA5
1068520	22/11/2025	16	22/11/2025	11	HNE	2,6	0	-0,1	0	82,0	0	13,0	0	280,0	0	989,738	5.k=1.moyenne	795,0	ERA5
1068521	22/11/2025	17	22/11/2025	12	HNE	3,0	0	-0,5	0	78,0	0	12,0	0	270,0	0	989,61	5.k=1.moyenne	786,5	ERA5
1068522	22/11/2025	18	22/11/2025	13	HNE	3,4	0	-2,0	0	68,0	0	11,0	0	270,0	0	989,589	5.k=1.moyenne	735,5	ERA5
1068523	22/11/2025	19	22/11/2025	14	HNE	3,8	0	-1,6	0	68,0	0	8,0	0	270,0	0	989,778	5.k=1.moyenne	1140,4	ERA5
1068524	22/11/2025	20	22/11/2025	15	HNE	3,7	0	-3,7	0	58,0	0	12,0	0	290,0	0	990,322	5.k=1.moyenne	678,5	ERA5
1068525	22/11/2025	21	22/11/2025	16	HNE	2,3	0	-2,3	0	72,0	0	6,0	0	280,0	0	990,618	5.k=1.moyenne	264,8	ERA5
1068526	22/11/2025	22	22/11/2025	17	HNE	0,8	0	-2,1	0	81,0	0	4,0	0	250,0	0	990,978	5.k=1.moyenne	4,9	ERA5
1068527	22/11/2025	23	22/11/2025	18	HNE	0,7	0	-2,9	0	77,0	0	7,0	0	260,0	0	991,256	5.k=1.moyenne	0,0	ERA5
1068528	23/11/2025	00	22/11/2025	19	HNE	0,5	0	-3,4	0	75,0	0	5,0	0	270,0	0	991,452	5.k=1.moyenne	0,0	ERA5
1068529	23/11/2025	01	22/11/2025	20	HNE	-0,7	0	-3,5	0	81,0	0	2,0	0	270,0	0	991,357	5.k=1.moyenne	0,0	ERA5
1068530	23/11/2025	02	22/11/2025	21	HNE	-1,0	0	-3,7	0	81,0	0	6,0	0	250,0	0	991,43	5.k=1.moyenne	0,0	ERA5
1068531	23/11/2025	03	22/11/2025	22	HNE	-1,5	0	-3,5	0	86,0	0	4,0	0	250,0	0	991,399	5.k=1.moyenne	0,0	ERA5
1068532	23/11/2025	04	22/11/2025	23	HNE	-2,0	0	-4,2	0	85,0	0	4,0	0	220,0	0	991,286	5.k=1.moyenne	0,0	ERA5
1068533	23/11/2025	05	23/11/2025	00	HNE	-2,0	0	-4,3	0	84,0	0	5,0	0	240,0	0	991,049	5.k=1.moyenne	0,0	ERA5
1068534	23/11/2025	06	23/11/2025	01	HNE	-2,4	0	-4,4	0	86,0	0	7,0	0	220,0	0	991,049	5.k=1.moyenne	0,0	ERA5
1068535	23/11/2025	07	23/11/2025	02	HNE	-3,1	0	-5,0	0	87,0	0	3,0	0	170,0	0	991,123	5.k=1.moyenne	0,0	ERA5
1068536	23/11/2025	08	23/11/2025	03	HNE	-3,8	0	-4,7	0	94,0	0	6,0	0	190,0	0	990,969	5.k=1.moyenne	0,0	ERA5
1068537	23/11/2025	09	23/11/2025	04	HNE	-4,4	0	-5,3	0	94,0	0	6,0	0	220,0	0	990,94	5.k=1.moyenne	0,0	ERA5
1068538	23/11/2025	10	23/11/2025	05	HNE	-4,2	0	-5,1	0	93,0	0	5,0	0	170,0	0	990,766	5.k=1.moyenne	0,0	ERA5
1068539	23/11/2025	11	23/11/2025	06	HNE	-3,6	0	-4,8	0	91,0	0	7,0	0	160,0	0	990,676	5.k=1.moyenne	0,0	ERA5
1068540	23/11/2025	12	23/11/2025	07	HNE	-3,8	0	-5,0	0	91,0	0	8,0	0	170,0	0	990,733	5.k=1.moyenne	0,0	ERA5
1068541	23/11/2025	13	23/11/2025	08	HNE	-1,7	0	-3,7	0	86,0	0	6,0	0	150,0	0	990,831	5.k=1.moyenne	83,7	ERA5
1068542	23/11/2025	14	23/11/2025	09	HNE	-1,0	0	-2,5	0	89,0	0	8,0	0	160,0	0	990,889	5.k=1.moyenne	306,8	ERA5
1068543	23/11/2025	15	23/11/2025	10	HNE	-0,5	0	-2,2	0	88,0	0	5,0	0	210,0	0	990,884	5.k=1.moyenne	530,7	ERA5
1068544	23/11/2025	16	23/11/2025	11	HNE	-0,6	0	-1,8	0	92,0	0	7,0	0	190,0	0	990,672	5.k=1.moyenne	416,4	ERA5
1068545	23/11/2025	17	23/11/2025	12	HNE	-0,2	0	-0,5	0	98,0	0	7,0	0	180,0	0	990,418	5.k=1.moyenne	598,0	ERA5
1068546	23/11/2025	18	23/11/2025	13	HNE	0,3	0	-0,1	0	97,0	0	7,0	0	150,0	0	990,393	5.k=1.moyenne	602,1	ERA5
1068547	23/11/2025	19	23/11/2025	14	HNE	0,4	0	-0,2	0	95,0	0	9,0	0	170,0	0	990,494	5.k=1.moyenne	504,1	ERA5
1068548	23/11/2025	20	23/11/2025	15	HNE	0,3	0	-0,2	4.lineaire	98,0	0	6,0	0	130,0	0	990,762	5.k=1.moyenne	363,4	ERA5
1068549	23/11/2025	21	23/11/2025	16	HNE	0,1	0	-0,2	0	98,0	0	7,0	0	120,0	0	991,155	5.k=1.moyenne	143,8	ERA5
1068550	23/11/2025	22	23/11/2025	17	HNE	0,1	0	-0,1	0	99,0	0	7,0	0	120,0	0	991,778	5.k=1.moyenne	2,8	ERA5
1068551	23/11/2025	23	23/11/2025	18	HNE	0,1	0	-0,1	0	99,0	0	5,0	0	120,0	0	992,109	5.k=1.moyenne	0,0	ERA5
1068552	24/11/2025	00	23/11/2025	19	HNE	0,2	0	0,1	0	99,0	0	4,0	0	90,0	0	992,336	5.k=1.moyenne	0,0	ERA5
1068553	24/11/2025	01	23/11/2025	20	HNE	0,3	0	0,2	0	99,0	0	4,0	0	100,0	0	992,646	5.k=1.moyenne	0,0	ERA5
1068554	24/11/2025	02	23/11/2025	21	HNE	0,3	0	0,2	0	99,0	0	3,0	0	120,0	0	992,895	5.k=1.moyenne	0,0	ERA5
1068555	24/11/2025	03	23/11/2025	22	HNE	0,3	0	0,2	0	100,0	0	0,0	0	0,0	0	993,101	5.k=1.moyenne	0,0	ERA5
1068556	24/11/2025	04	23/11/2025	23	HNE	0,3	0	0,2	0	100,0	0	2,0	0	110,0	0	993,287	5.k=1.moyenne	0,0	ERA5
1068557	24/11/2025	05	24/11/2025	00	HNE	0,2	0	0,1	0	100,0	0	3,0	0	10,0	0	993,64	5.k=1.moyenne	0,0	ERA5
1068558	24/11/2025	06	24/11/2025	01	HNE	0,2	0	0,1	0	100,0	0	2,0	0	360,0	0	993,64	5.k=1.moyenne	0,0	ERA5
1068559	24/11/2025	07	24/11/2025	02	HNE	0,0	4.lineaire	-0,1	4.lineaire	100,0	0	4,0	0	340,0	0	994,248	5.k=1.moyenne	0,0	ERA5
1068560	24/11/2025	08	24/11/2025	03	HNE	-0,2	0	-0,3	0	100,0	0	4,0	0	320,0	0	994,625	5.k=1.moyenne	0,0	ERA5
1068561	24/11/2025	09	24/11/2025	04	HNE	-0,3	0	-0,5	0	99,0	0	3,0	0	330,0	0	995,187	5.k=1.moyenne	0,0	ERA5
1068562	24/11/2025	10	24/11/2025	05	HNE	-0,2	0	-0,4	0	99,0	0	7,0	0	290,0	0	995,748	5.k=1.moyenne	0,0	ERA5
1068563	24/11/2025	11	24/11/2025	06	HNE	-0,2	0	-0,2	0	100,0	0	6,0	0	280,0	0	996,412	5.k=1.moyenne	0,0	ERA5
1068564	24/11/2025	12	24/11/2025	07	HNE	0,0	4.lineaire	-0,15	4.lineaire	100,0	0	6,0	0	260,0	0	996,966	5.k=1.moyenne	0,0	ERA5
1068565	24/11/2025	13	24/11/2025	08	HNE	0,2	0	-0,1	0	98,0	0	3,0	0	260,0	0	997,552	5.k=1.moyenne	53,1	ERA5
1068566	24/11/2025	14	24/11/2025	09	HNE	0,6	0	0,0	4.lineaire	96,0	0	9,0	0	270,0	0	997,994	5.k=1.moyenne	331,9	ERA5
1068567	24/11/2025	15	24/11/2025	10	HNE	1,3	0	0,1	0	92,0	0	7,0	0	260,0	0	998,744	5.k=1.moyenne	726,6	ERA5
1068568	24/11/2025	16	24/11/2025	11	HNE	2,7	0	0,5	0	85,0	0	7,0	0	280,0	0	998,615	5.k=1.moyenne	878,7	ERA5
1068569	24/11/2025	17	24/11/2025	12	HNE	3,5	0	-0,3	0	76,0	0	14,0	0	270,0	0	998,486	5.k=1.moyenne	832,6	ERA5
1068570	24/11/2025	18	24/11/2025	13	HNE	2,8	0	-1,7	0	72,0	0	12,0	0	270,0	0	998,435	5.k=1.moyenne	901,8	ERA5
1068571	24/11/2025	19	24/11/2025	14	HNE	2,4	0	-1,4	0	76,0	0	8,0	0	280,0	0	998,504	5.k=1.moyenne	650,8	ERA5
1068572	24/11/2025	20	24/11/2025	15	HNE	2,1	0	-1,2	0	79,0	0	6,0	0	270,0	0	998,812	5.k=1.moyenne	373,5	ERA5
1068573	24/11/2025	21	24/11/2025	16	HNE	1,8	0	-1,0	0	82,0	0	4,0	0	230,0	0	998,999	5.k=1.moyenne	124,6	ERA5
1068574	24/11/2025	22	24/11/2025	17	HNE	1,5	0	-0,8	0	84,0	0	7,0	0	230,0	0	999,186	5.k=1.moyenne	2,1	ERA5
1068575	24/11/2025	23	24/11/2025	18	HNE	1,3	0	-0,8	0	86,0	0	3,0	0	190,0	0	999,352	5.k=1.moyenne	0,0	ERA5
1068576	25/11/2025	00	24/11/2025	19	HNE	0,3	0	-0,9	0	92,0	0	8,0	0	150,0	0	999,238	5.k=1.moyenne	0,0	ERA5
1068577	25/11/2025	01	24/11/2025	20	HNE	0,45	4.lineaire	-0,9	0	94,0	0	8,0	0	160,0	0	999,003	5.k=1.moyenne	0,0	ERA5
1068578	25/11/2025	02	24/11/2025	21	HNE	0,6	0	-0,6	0	92,0	0	11,0	0	180,0	0	998,568	5.k=1.moyenne	0,0	ERA5
1068579	25/11/2025	03	24/11/2025	22	HNE	0,9	0	-0,8	0	89,0	0	13,0	0	170,0	0	998,092	5.k=1.moyenne	0,0	ERA5
1068580	25/11/2025	04	24/11/2025	23	HNE	1,0	0	-0,3	0	91,0	0	13,0	0	170,0	0	997,836	5.k=1.moyenne	0,0	ERA5
1068581	25/11/2025	05	25/11/2025	00	HNE	1,1	0	0,3	0	94,0	0	12,0	0	200,0	0	997,78	5.k=1.moyenne	0,0	ERA5
1068582	25/11/2025	06	25/11/2025	01	HNE	2,2	0	0,4	0	88,0	0	15,0	0	180,0	0	997,78	5.k=1.moyenne	0,0	ERA5
1068583	25/11/2025	07	25/11/2025	02	HNE	2,4	0	0,3	0	86,0	0	20,0	0	180,0	0	997,841	5.k=1.moyenne	0,0	ERA5
1068584	25/11/2025	08	25/11/2025	03	HNE	2,1	0	-0,1	0	85,0	0	18,0	0	180,0	0	997,636	5.k=1.moyenne	0,0	ERA5
1068585	25/11/2025	09	25/11/2025	04	HNE	2,6	0	0,8	0	88,0	0	17,0	0	170,0	0	997,534	5.k=1.moyenne	0,0	ERA5
1068586	25/11/2025	10	25/11/2025	05	HNE	3,1	0	1,0	0	86,0	0	15,0	0	180,0	0	997,493	5.k=1.moyenne	0,0	ERA5
1068587	25/11/2025	11	25/11/2025	06	HNE	3,4	0	0,9	0	83,0	0	8,0	0	210,0	0	997,697	5.k=1.moyenne	0,0	ERA5
1068588	25/11/2025	12	25/11/2025	07	HNE	2,9	0	1,2	0	89,0	0	11,0	0	180,0	0	998,023	5.k=1.moyenne	0,0	ERA5
1068589	25/11/2025	13	25/11/2025	08	HNE	3,4	0	1,3	0	86,0	0	11,0	0	170,0	0	998,082	5.k=1.moyenne	44,5	ERA5
1068590	25/11/2025	14	25/11/2025	09	HNE	4,7	0	2,1	0	84,0	0	16,0	0	180,0	0	998,302	5.k=1.moyenne	231,0	ERA5
1068591	25/11/2025	15	25/11/2025	10	HNE	5,7	0	2,5	0	80,0	0	14,0	0	180,0	0	998,402	5.k=1.moyenne	524,7	ERA5
1068592	25/11/2025	16	25/11/2025	11	HNE	6,0	0	2,1	0	76,0	0	18,0	0	170,0	0	998,122	5.k=1.moyenne	869,1	ERA5
1068593	25/11/2025	17	25/11/2025	12	HNE	6,8	0	2,4	0	73,0	0	16,0	0	180,0	0	997,782	5.k=1.moyenne	1085,1	ERA5
1068594	25/11/2025	18	25/11/2025	13	HNE	7,3	0	2,7	0	73,0	0	14,0	0	180,0	0	997,562	5.k=1.moyenne	913,8	ERA5
1068595	25/11/2025	19	25/11/2025	14	HNE	7,7	0	2,3	0	69,0	0	16,0	0	180,0	0	997,361	5.k=1.moyenne	1066,1	ERA5
1068596	25/11/2025	20	25/11/2025	15	HNE	6,9	0	2,3	0	73,0	0	11,0	0	180,0	0	997,401	5.k=1.moyenne	601,8	ERA5
1068597	25/11/2025	21	25/11/2025	16	HNE	6,6	0	1,6	0	70,0	0	11,0	0	160,0	0	997,701	5.k=1.moyenne	189,8	ERA5
1068598	25/11/2025	22	25/11/2025	17	HNE	6,8	0	0,8	0	66,0	0	11,0	0	140,0	0	997,681	5.k=1.moyenne	2,3	ERA5
1068599	25/11/2025	23	25/11/2025	18	HNE	6,1	0	1,3	0	71,0	0	8,0	0	120,0	0	997,601	5.k=1.moyenne	0,0	ERA5
1068600	26/11/2025	00	25/11/2025	19	HNE	5,8	0	1,1	0	71,0	0	7,0	0	120,0	0	997,401	5.k=1.moyenne	0,0	ERA5
1068601	26/11/2025	01	25/11/2025	20	HNE	5,8	0	1,1	0	72,0	0	10,0	0	130,0	0	997,266	5.k=1.moyenne	0,0	ERA5
1068602	26/11/2025	02	25/11/2025	21	HNE	6,5	0	2,3	0	75,0	0	16,0	0	170,0	0	997,021	5.k=1.moyenne	0,0	ERA5
1068603	26/11/2025	03	25/11/2025	22	HNE	6,5	0	3,7	0	82,0	0	24,0	0	180,0	0	996,919	5.k=1.moyenne	0,0	ERA5
1068604	26/11/2025	04	25/11/2025	23	HNE	6,0	0	5,0	0	94,0	0	19,0	0	170,0	0	996,674	5.k=1.moyenne	0,0	ERA5
1068605	26/11/2025	05	26/11/2025	00	HNE	5,9	0	5,5	0	98,0	0	11,0	0	150,0	0	996,368	5.k=1.moyenne	0,0	ERA5
1068606	26/11/2025	06	26/11/2025	01	HNE	5,8	0	5,5	0	98,0	0	10,0	0	150,0	0	996,368	5.k=1.moyenne	0,0	ERA5
1068607	26/11/2025	07	26/11/2025	02	HNE	5,5	0	5,5	0	100,0	0	3,0	0	100,0	0	996,086	5.k=1.moyenne	0,0	ERA5
1068608	26/11/2025	08	26/11/2025	03	HNE	5,0	0	4,9	0	100,0	0	3,0	0	70,0	0	995,745	5.k=1.moyenne	0,0	ERA5
1068609	26/11/2025	09	26/11/2025	04	HNE	4,6	0	4,4	0	99,0	0	4,0	0	70,0	0	995,469	5.k=1.moyenne	0,0	ERA5
1068610	26/11/2025	10	26/11/2025	05	HNE	4,5	0	4,4	0	99,0	0	4,0	0	50,0	0	995,256	5.k=1.moyenne	0,0	ERA5
1068611	26/11/2025	11	26/11/2025	06	HNE	4,4	0	4,3	0	99,0	0	4,0	0	40,0	0	995,046	5.k=1.moyenne	0,0	ERA5
1068612	26/11/2025	12	26/11/2025	07	HNE	4,3	0	4,3	0	100,0	0	4,0	0	40,0	0	994,797	5.k=1.moyenne	0,0	ERA5
1068613	26/11/2025	13	26/11/2025	08	HNE	4,4	0	4,4	0	100,0	0	6,0	0	40,0	0	994,51	5.k=1.moyenne	11,6	ERA5
1068614	26/11/2025	14	26/11/2025	09	HNE	4,9	0	4,9	0	100,0	0	6,0	0	40,0	0	994,204	5.k=1.moyenne	37,4	ERA5
1068615	26/11/2025	15	26/11/2025	10	HNE	5,3	0	5,2	0	99,0	0	5,0	0	30,0	0	993,838	5.k=1.moyenne	113,4	ERA5
1068616	26/11/2025	16	26/11/2025	11	HNE	5,6	0	5,5	0	99,0	0	6,0	0	50,0	0	992,888	5.k=1.moyenne	164,5	ERA5
1068617	26/11/2025	17	26/11/2025	12	HNE	6,3	0	6,0	0	98,0	0	5,0	0	70,0	0	992,333	5.k=1.moyenne	252,4	ERA5
1068618	26/11/2025	18	26/11/2025	13	HNE	6,0	0	5,8	0	98,0	0	4,0	0	20,0	0	991,518	5.k=1.moyenne	272,3	ERA5
1068619	26/11/2025	19	26/11/2025	14	HNE	7,3	0	7,3	0	98,5	4.lineaire	3,0	0	80,0	0	991,045	5.k=1.moyenne	335,7	ERA5
1068620	26/11/2025	20	26/11/2025	15	HNE	7,1	0	7,0	0	99,0	0	5,0	0	40,0	0	990,733	5.k=1.moyenne	201,6	ERA5
1068621	26/11/2025	21	26/11/2025	16	HNE	6,9	0	6,9	0	99,0	5.k=1.STE-CLOTHILDE	6,0	0	50,0	0	990,342	5.k=1.moyenne	46,7	ERA5
1068622	26/11/2025	22	26/11/2025	17	HNE	6,3	0	6,3	0	98,107	5.k=1.STE-CLOTHILDE	4,0	0	30,0	0	990,132	5.k=1.moyenne	0,7	ERA5
1068623	26/11/2025	23	26/11/2025	18	HNE	6,4	0	6,4	0	97,214	5.k=1.STE-CLOTHILDE	6,0	0	40,0	0	989,776	5.k=1.moyenne	0,0	ERA5
1068624	27/11/2025	00	26/11/2025	19	HNE	6,3	0	6,3	0	96,321	5.k=1.STE-CLOTHILDE	3,0	0	20,0	0	989,135	5.k=1.moyenne	0,0	ERA5
1068625	27/11/2025	01	26/11/2025	20	HNE	4,8	0	4,8	0	92,0	5.k=1.STE-CLOTHILDE	7,0	0	280,0	0	988,902	5.k=1.moyenne	0,0	ERA5
1068626	27/11/2025	02	26/11/2025	21	HNE	5,2	0	4,0	0	92,0	0	15,0	0	290,0	0	988,467	5.k=1.moyenne	0,0	ERA5
1068627	27/11/2025	03	26/11/2025	22	HNE	5,2	0	2,4	0	82,0	0	29,0	0	270,0	0	987,868	5.k=1.moyenne	0,0	ERA5
1068628	27/11/2025	04	26/11/2025	23	HNE	4,6	0	2,0	0	83,0	0	13,0	0	240,0	0	987,475	5.k=1.moyenne	0,0	ERA5
1068629	27/11/2025	05	27/11/2025	00	HNE	4,4	0	1,0	0	78,0	0	15,0	0	240,0	0	987,102	5.k=1.moyenne	0,0	ERA5
1068630	27/11/2025	06	27/11/2025	01	HNE	3,9	0	0,1	0	76,0	0	27,0	0	230,0	0	987,102	5.k=1.moyenne	0,0	ERA5
1068631	27/11/2025	07	27/11/2025	02	HNE	3,8	0	-0,3	0	74,0	0	19,0	0	240,0	0	986,775	5.k=1.moyenne	0,0	ERA5
1068632	27/11/2025	08	27/11/2025	03	HNE	3,0	0	-0,8	0	76,0	0	19,0	0	230,0	0	986,228	5.k=1.moyenne	0,0	ERA5
1068633	27/11/2025	09	27/11/2025	04	HNE	2,5	0	-1,5	0	75,0	0	21,0	0	230,0	0	985,806	5.k=1.moyenne	0,0	ERA5
1068634	27/11/2025	10	27/11/2025	05	HNE	2,7	0	-1,6	0	73,0	0	11,0	0	230,0	0	985,325	5.k=1.moyenne	0,0	ERA5
1068635	27/11/2025	11	27/11/2025	06	HNE	2,5	0	-2,0	0	72,0	0	18,0	0	230,0	0	984,95	5.k=1.moyenne	0,0	ERA5
1068636	27/11/2025	12	27/11/2025	07	HNE	2,0	0	-2,2	0	74,0	0	19,0	0	230,0	0	984,711	5.k=1.moyenne	0,0	ERA5
1068637	27/11/2025	13	27/11/2025	08	HNE	1,6	0	-1,1	0	82,0	0	18,0	0	210,0	0	984,386	5.k=1.moyenne	89,8	ERA5
1068638	27/11/2025	14	27/11/2025	09	HNE	2,5	0	-1,0	0	78,0	0	18,0	0	200,0	0	984,004	5.k=1.moyenne	361,1	ERA5
1068639	27/11/2025	15	27/11/2025	10	HNE	3,3	0	-1,7	0	70,0	0	24,0	0	230,0	0	983,884	5.k=1.moyenne	439,8	ERA5
1068640	27/11/2025	16	27/11/2025	11	HNE	3,2	0	-0,8	0	75,0	0	26,0	0	220,0	0	983,485	5.k=1.moyenne	431,4	ERA5
1068641	27/11/2025	17	27/11/2025	12	HNE	3,7	0	-0,8	0	72,0	0	28,0	0	220,0	0	983,088	5.k=1.moyenne	552,0	ERA5
1068642	27/11/2025	18	27/11/2025	13	HNE	5,0	0	-1,6	0	62,0	0	28,0	0	240,0	0	982,989	5.k=1.moyenne	508,8	ERA5
1068643	27/11/2025	19	27/11/2025	14	HNE	5,0	0	-1,6	0	62,0	0	22,0	0	240,0	0	983,036	5.k=1.moyenne	531,9	ERA5
1068644	27/11/2025	20	27/11/2025	15	HNE	4,1	0	-1,5	0	67,0	0	26,0	0	220,0	0	983,288	5.k=1.moyenne	438,7	ERA5
1068645	27/11/2025	21	27/11/2025	16	HNE	3,6	0	-2,3	0	65,0	0	25,0	0	230,0	0	983,5	5.k=1.moyenne	183,0	ERA5
1068646	27/11/2025	22	27/11/2025	17	HNE	1,2	0	-0,4	0	89,0	0	20,0	0	230,0	0	983,857	5.k=1.moyenne	1,9	ERA5
1068647	27/11/2025	23	27/11/2025	18	HNE	2,0	0	-1,1	0	80,0	0	23,0	0	200,0	0	983,969	5.k=1.moyenne	0,0	ERA5
1068648	28/11/2025	00	27/11/2025	19	HNE	2,4	0	-2,0	0	73,0	0	21,0	0	210,0	0	983,817	5.k=1.moyenne	0,0	ERA5
1068649	28/11/2025	01	27/11/2025	20	HNE	2,2	0	-2,4	0	71,0	0	18,0	0	220,0	0	983,584	5.k=1.moyenne	0,0	ERA5
1068650	28/11/2025	02	27/11/2025	21	HNE	2,0	0	-3,3	0	68,0	0	24,0	0	230,0	0	983,351	5.k=1.moyenne	0,0	ERA5
1068651	28/11/2025	03	27/11/2025	22	HNE	1,4	0	-3,1	0	72,0	0	21,0	0	220,0	0	983,14	5.k=1.moyenne	0,0	ERA5
1068652	28/11/2025	04	27/11/2025	23	HNE	1,4	0	-3,1	0	72,0	0	20,0	0	230,0	0	983,011	5.k=1.moyenne	0,0	ERA5
1068653	28/11/2025	05	28/11/2025	00	HNE	1,0	0	-2,9	0	75,0	0	18,0	0	230,0	0	982,862	5.k=1.moyenne	0,0	ERA5
1068654	28/11/2025	06	28/11/2025	01	HNE	0,9	0	-3,3	0	74,0	0	19,0	0	230,0	0	982,862	5.k=1.moyenne	0,0	ERA5
1068655	28/11/2025	07	28/11/2025	02	HNE	0,7	0	-3,2	0	76,0	0	16,0	0	230,0	0	983,016	5.k=1.moyenne	0,0	ERA5
1068656	28/11/2025	08	28/11/2025	03	HNE	0,1	0	-3,5	0	76,0	0	17,0	0	220,0	0	982,906	5.k=1.moyenne	0,0	ERA5
1068657	28/11/2025	09	28/11/2025	04	HNE	0,1	0	-3,8	0	75,0	0	14,0	0	220,0	0	982,776	5.k=1.moyenne	0,0	ERA5
1068658	28/11/2025	10	28/11/2025	05	HNE	0,2	0	-5,1	0	68,0	0	23,0	0	230,0	0	982,708	5.k=1.moyenne	0,0	ERA5
1068659	28/11/2025	11	28/11/2025	06	HNE	-0,2	0	-5,4	0	68,0	0	13,0	0	250,0	0	982,947	5.k=1.moyenne	0,0	ERA5
1068660	28/11/2025	12	28/11/2025	07	HNE	-0,8	0	-5,4	0	71,0	0	11,0	0	260,0	0	983,063	5.k=1.moyenne	0,0	ERA5
1068661	28/11/2025	13	28/11/2025	08	HNE	-1,5	0	-6,8	0	67,0	0	16,0	0	250,0	0	983,201	5.k=1.moyenne	76,0	ERA5
1068662	28/11/2025	14	28/11/2025	09	HNE	-1,4	0	-5,9	0	71,0	0	13,0	0	260,0	0	983,257	5.k=1.moyenne	358,5	ERA5
1068663	28/11/2025	15	28/11/2025	10	HNE	-1,5	0	-5,0	0	77,0	0	16,0	0	240,0	0	983,375	5.k=1.moyenne	531,7	ERA5
1068664	28/11/2025	16	28/11/2025	11	HNE	-1,8	0	-4,1	0	84,0	0	21,0	0	250,0	0	983,086	5.k=1.moyenne	755,9	ERA5
1068665	28/11/2025	17	28/11/2025	12	HNE	-1,7	0	-4,1	0	84,0	0	19,0	0	240,0	0	983,021	5.k=1.moyenne	722,4	ERA5
1068666	28/11/2025	18	28/11/2025	13	HNE	-1,7	0	-4,0	0	84,0	0	16,0	0	250,0	0	983,078	5.k=1.moyenne	659,3	ERA5
1068667	28/11/2025	19	28/11/2025	14	HNE	-1,6	0	-4,1	0	83,0	0	19,0	0	260,0	0	983,586	5.k=1.moyenne	521,3	ERA5
1068668	28/11/2025	20	28/11/2025	15	HNE	-1,3	0	-4,8	0	77,0	0	14,0	0	260,0	0	984,195	5.k=1.moyenne	363,0	ERA5
1068669	28/11/2025	21	28/11/2025	16	HNE	-1,5	0	-5,5	0	74,0	0	19,0	0	270,0	0	984,825	5.k=1.moyenne	141,8	ERA5
1068670	28/11/2025	22	28/11/2025	17	HNE	-1,8	0	-5,4	0	76,0	0	14,0	0	270,0	0	985,394	5.k=1.moyenne	1,7	ERA5
1068671	28/11/2025	23	28/11/2025	18	HNE	-1,7	0	-6,3	0	71,0	0	19,0	0	270,0	0	985,984	5.k=1.moyenne	0,0	ERA5
1068672	29/11/2025	00	28/11/2025	19	HNE	-2,0	0	-6,2	0	73,0	0	17,0	0	270,0	0	986,675	5.k=1.moyenne	0,0	ERA5
1068673	29/11/2025	01	28/11/2025	20	HNE	-2,3	0	-5,9	0	76,0	0	21,0	0	270,0	0	987,082	5.k=1.moyenne	0,0	ERA5
1068674	29/11/2025	02	28/11/2025	21	HNE	-2,2	0	-6,2	0	74,0	0	22,0	0	270,0	0	987,692	5.k=1.moyenne	0,0	ERA5
1068675	29/11/2025	03	28/11/2025	22	HNE	-2,1	0	-6,2	0	73,0	0	19,0	0	270,0	0	988,283	5.k=1.moyenne	0,0	ERA5
1068676	29/11/2025	04	28/11/2025	23	HNE	-2,0	0	-6,5	0	71,0	0	17,0	0	270,0	0	989,179	5.k=1.moyenne	0,0	ERA5
1068677	29/11/2025	05	29/11/2025	00	HNE	-2,0	0	-6,5	0	71,0	0	14,0	0	280,0	0	989,831	5.k=1.moyenne	0,0	ERA5
1068678	29/11/2025	06	29/11/2025	01	HNE	-1,8	0	-6,8	0	69,0	0	18,0	0	270,0	0	989,831	5.k=1.moyenne	0,0	ERA5
1068679	29/11/2025	07	29/11/2025	02	HNE	-2,1	0	-7,0	0	69,0	0	19,0	0	270,0	0	991,007	5.k=1.moyenne	0,0	ERA5
1068680	29/11/2025	08	29/11/2025	03	HNE	-1,9	0	-6,8	0	69,0	0	16,0	0	260,0	0	992,074	5.k=1.moyenne	0,0	ERA5
1068681	29/11/2025	09	29/11/2025	04	HNE	-1,9	0	-6,7	0	70,0	0	14,0	0	260,0	0	993,054	5.k=1.moyenne	0,0	ERA5
1068682	29/11/2025	10	29/11/2025	05	HNE	-2,2	0	-7,1	0	69,0	0	19,0	0	270,0	0	994,193	5.k=1.moyenne	0,0	ERA5
1068683	29/11/2025	11	29/11/2025	06	HNE	-2,4	0	-6,9	0	71,0	0	13,0	0	270,0	0	995,51	5.k=1.moyenne	0,0	ERA5
1068684	29/11/2025	12	29/11/2025	07	HNE	-2,9	0	-7,5	0	70,0	0	21,0	0	270,0	0	996,68	5.k=1.moyenne	0,0	ERA5
1068685	29/11/2025	13	29/11/2025	08	HNE	-2,9	0	-7,8	0	69,0	0	20,0	0	270,0	0	997,785	5.k=1.moyenne	83,5	ERA5
1068686	29/11/2025	14	29/11/2025	09	HNE	-2,4	0	-7,5	0	68,0	0	19,0	0	270,0	0	999,008	5.k=1.moyenne	390,8	ERA5
1068687	29/11/2025	15	29/11/2025	10	HNE	-1,8	0	-7,4	0	65,0	0	17,0	0	280,0	0	1000,05	5.k=1.moyenne	694,2	ERA5
1068688	29/11/2025	16	29/11/2025	11	HNE	-1,2	0	-7,2	0	64,0	0	16,0	0	270,0	0	1000,9	5.k=1.moyenne	957,1	ERA5
1068689	29/11/2025	17	29/11/2025	12	HNE	-0,7	0	-6,6	0	64,0	0	16,0	0	260,0	0	1001,68	5.k=1.moyenne	733,8	ERA5
1068690	29/11/2025	18	29/11/2025	13	HNE	-0,6	0	-6,3	0	65,0	0	19,0	0	270,0	0	1002,3	5.k=1.moyenne	653,3	ERA5
1068691	29/11/2025	19	29/11/2025	14	HNE	0,1	0	-5,8	0	64,0	0	14,0	0	270,0	0	1003,57	5.k=1.moyenne	514,0	ERA5
1068692	29/11/2025	20	29/11/2025	15	HNE	-0,1	0	-6,3	0	63,0	0	13,0	0	260,0	0	1004,84	5.k=1.moyenne	422,5	ERA5
1068693	29/11/2025	21	29/11/2025	16	HNE	-1,0	0	-6,2	0	68,0	0	10,0	0	260,0	0	1005,98	5.k=1.moyenne	148,5	ERA5
1068694	29/11/2025	22	29/11/2025	17	HNE	-1,7	0	-6,3	0	70,0	0	7,0	0	260,0	0	1006,8	5.k=1.moyenne	1,4	ERA5
1068695	29/11/2025	23	29/11/2025	18	HNE	-2,4	0	-6,5	0	73,0	0	6,0	0	270,0	0	1007,59	5.k=1.moyenne	0,0	ERA5
1068696	30/11/2025	00	29/11/2025	19	HNE	-2,8	0	-6,8	0	74,0	0	3,0	0	330,0	0	1008,33	5.k=1.moyenne	0,0	ERA5
1068697	30/11/2025	01	29/11/2025	20	HNE	-3,9	0	-6,8	0	80,0	0	3,0	0	230,0	0	1008,65	5.k=1.moyenne	0,0	ERA5
1068698	30/11/2025	02	29/11/2025	21	HNE	-4,4	0	-7,1	0	81,0	0	5,0	0	140,0	0	1008,7	5.k=1.moyenne	0,0	ERA5
1068699	30/11/2025	03	29/11/2025	22	HNE	-5,8	0	-7,4	0	89,0	0	6,0	0	170,0	0	1009,04	5.k=1.moyenne	0,0	ERA5
1068700	30/11/2025	04	29/11/2025	23	HNE	-5,9	0	-7,8	0	86,0	0	4,0	0	160,0	0	1009,5	5.k=1.moyenne	0,0	ERA5
1068701	30/11/2025	05	30/11/2025	00	HNE	-5,8	0	-8,0	0	85,0	0	4,0	0	160,0	0	1009,62	5.k=1.moyenne	0,0	ERA5
1068702	30/11/2025	06	30/11/2025	01	HNE	-4,8	0	-6,9	0	85,0	0	0,0	0	0,0	0	1009,62	5.k=1.moyenne	0,0	ERA5
1068703	30/11/2025	07	30/11/2025	02	HNE	-4,2	0	-6,5	0	84,0	0	5,0	0	120,0	0	1009,79	5.k=1.moyenne	0,0	ERA5
1068704	30/11/2025	08	30/11/2025	03	HNE	-3,7	0	-6,2	0	83,0	0	7,0	0	120,0	0	1010,04	5.k=1.moyenne	0,0	ERA5
1068705	30/11/2025	09	30/11/2025	04	HNE	-3,4	0	-6,2	0	81,0	0	8,0	0	120,0	0	1009,67	5.k=1.moyenne	0,0	ERA5
1068706	30/11/2025	10	30/11/2025	05	HNE	-2,9	0	-6,4	0	77,0	0	11,0	0	120,0	0	1009,18	5.k=1.moyenne	0,0	ERA5
1068707	30/11/2025	11	30/11/2025	06	HNE	-2,6	0	-6,4	0	75,0	0	10,0	0	120,0	0	1008,49	5.k=1.moyenne	0,0	ERA5
1068708	30/11/2025	12	30/11/2025	07	HNE	-2,2	0	-7,0	0	69,0	0	9,0	0	110,0	0	1007,87	5.k=1.moyenne	0,0	ERA5
1068709	30/11/2025	13	30/11/2025	08	HNE	-1,5	0	-7,4	0	64,0	0	21,0	0	140,0	0	1007,15	5.k=1.moyenne	39,8	ERA5
1068710	30/11/2025	14	30/11/2025	09	HNE	-1,3	0	-5,6	0	72,0	0	30,0	0	150,0	0	1006,39	5.k=1.moyenne	199,9	ERA5
1068711	30/11/2025	15	30/11/2025	10	HNE	-1,0	0	-4,7	0	76,0	0	23,0	0	160,0	0	1005,53	5.k=1.moyenne	277,8	ERA5
1068712	30/11/2025	16	30/11/2025	11	HNE	-1,8	0	-3,6	0	88,0	0	17,0	0	120,0	0	1004,15	5.k=1.moyenne	438,8	ERA5
1068713	30/11/2025	17	30/11/2025	12	HNE	-1,1	0	-3,6	0	83,0	0	16,0	0	130,0	0	1002,76	5.k=1.moyenne	504,3	ERA5
1068714	30/11/2025	18	30/11/2025	13	HNE	-0,1	4.lineaire	-3,4	0	78,0	0	26,0	0	150,0	0	1001,28	5.k=1.moyenne	398,7	ERA5
1068715	30/11/2025	19	30/11/2025	14	HNE	0,9	0	-2,0	0	81,0	0	25,0	0	170,0	0	999,979	5.k=1.moyenne	236,1	ERA5
1068716	30/11/2025	20	30/11/2025	15	HNE	1,4	0	-1,2	0	83,0	0	30,0	0	170,0	0	999,008	5.k=1.moyenne	114,8	ERA5
1068717	30/11/2025	21	30/11/2025	16	HNE	1,3	0	-0,6	0	88,0	0	26,0	0	170,0	0	998,301	5.k=1.moyenne	38,2	ERA5
1068718	30/11/2025	22	30/11/2025	17	HNE	1,5	0	0,3	0	92,0	0	24,0	0	180,0	0	997,533	5.k=1.moyenne	0,3	ERA5
1068719	30/11/2025	23	30/11/2025	18	HNE	1,3	0	0,7	0	96,0	0	21,0	0	180,0	0	996,907	5.k=1.moyenne	0,0	ERA5
1068720	01/12/2025	00	30/11/2025	19	HNE	1,7	0	0,7	0	93,0	0	15,0	0	190,0	0	996,464	5.k=1.moyenne	0,0	ERA5
1068721	01/12/2025	01	30/11/2025	20	HNE	1,8	0	0,7	0	92,0	0	18,0	0	190,0	0	995,939	5.k=1.moyenne	0,0	ERA5
1068722	01/12/2025	02	30/11/2025	21	HNE	1,8	0	0,3	0	90,0	0	14,0	0	200,0	0	995,291	5.k=1.moyenne	0,0	ERA5
1068723	01/12/2025	03	30/11/2025	22	HNE	2,0	0	-0,2	0	85,0	0	12,0	0	210,0	0	994,745	5.k=1.moyenne	0,0	ERA5
1068724	01/12/2025	04	30/11/2025	23	HNE	2,5	0	-1,0	0	77,0	0	19,0	0	230,0	0	994,647	5.k=1.moyenne	0,0	ERA5
1068725	01/12/2025	05	01/12/2025	00	HNE	2,7	0	-1,6	0	73,0	0	20,0	0	230,0	0	994,406	5.k=1.moyenne	0,0	ERA5
1068726	01/12/2025	06	01/12/2025	01	HNE	2,1	0	-0,6	0	82,0	0	18,0	0	240,0	0	994,406	5.k=1.moyenne	0,0	ERA5
1068727	01/12/2025	07	01/12/2025	02	HNE	1,5	0	-0,3	0	87,0	0	18,0	0	240,0	0	994,801	5.k=1.moyenne	0,0	ERA5
1068728	01/12/2025	08	01/12/2025	03	HNE	0,7	0	-1,1	0	88,0	0	17,0	0	280,0	0	995,46	5.k=1.moyenne	0,0	ERA5
1068729	01/12/2025	09	01/12/2025	04	HNE	-0,15	4.lineaire	-4,3	0	73,0	0	22,0	0	280,0	0	996,221	5.k=1.moyenne	0,0	ERA5
1068730	01/12/2025	10	01/12/2025	05	HNE	-1,0	0	-6,0	0	69,0	0	23,0	0	290,0	0	997,043	5.k=1.moyenne	0,0	ERA5
1068731	01/12/2025	11	01/12/2025	06	HNE	-1,8	0	-6,8	0	69,0	0	15,0	0	290,0	0	998,15	5.k=1.moyenne	0,0	ERA5
1068732	01/12/2025	12	01/12/2025	07	HNE	-3,1	0	-7,9	0	69,0	0	12,0	0	300,0	0	999,33	5.k=1.moyenne	0,0	ERA5
1068733	01/12/2025	13	01/12/2025	08	HNE	-3,7	0	-8,9	0	67,0	0	16,0	0	290,0	0	1000,47	5.k=1.moyenne	62,1	ERA5
1068734	01/12/2025	14	01/12/2025	09	HNE	-4,8	0	-9,7	0	68,0	0	17,0	0	290,0	0	1001,22	5.k=1.moyenne	335,6	ERA5
1068735	01/12/2025	15	01/12/2025	10	HNE	-5,3	0	-10,7	0	66,0	0	15,0	0	300,0	0	1001,96	5.k=1.moyenne	657,7	ERA5
1068736	01/12/2025	16	01/12/2025	11	HNE	-5,5	0	-10,0	0	71,0	0	12,0	0	270,0	0	1002,28	5.k=1.moyenne	902,4	ERA5
1068737	01/12/2025	17	01/12/2025	12	HNE	-5,8	0	-10,7	0	68,0	0	12,0	0	290,0	0	1002,47	5.k=1.moyenne	1026,1	ERA5
1068738	01/12/2025	18	01/12/2025	13	HNE	-5,9	0	-11,7	0	64,0	0	11,0	0	300,0	0	1002,57	5.k=1.moyenne	843,9	ERA5
1068739	01/12/2025	19	01/12/2025	14	HNE	-6,6	0	-11,9	0	66,0	0	14,0	0	290,0	0	1002,87	5.k=1.moyenne	652,9	ERA5
1068740	01/12/2025	20	01/12/2025	15	HNE	-6,7	0	-11,2	0	70,0	0	14,0	0	260,0	0	1003,42	5.k=1.moyenne	390,3	ERA5
1068741	01/12/2025	21	01/12/2025	16	HNE	-7,2	0	-11,3	0	72,0	0	8,0	0	300,0	0	1003,88	5.k=1.moyenne	152,3	ERA5
1068742	01/12/2025	22	01/12/2025	17	HNE	-7,0	0	-11,2	0	72,0	0	6,0	0	280,0	0	1004,4	5.k=1.moyenne	1,2	ERA5
1068743	01/12/2025	23	01/12/2025	18	HNE	-7,2	0	-11,5	0	71,0	0	6,0	0	280,0	0	1004,74	5.k=1.moyenne	0,0	ERA5
1068744	02/12/2025	00	01/12/2025	19	HNE	-7,9	0	-11,7	0	74,0	0	5,0	0	320,0	0	1004,8	5.k=1.moyenne	0,0	ERA5
1068745	02/12/2025	01	01/12/2025	20	HNE	-8,5	0	-11,6	0	79,0	0	1,0	0	300,0	0	1004,76	5.k=1.moyenne	0,0	ERA5
1068746	02/12/2025	02	01/12/2025	21	HNE	-9,1	0	-10,9	0	87,0	0	5,0	0	160,0	0	1004,55	5.k=1.moyenne	0,0	ERA5
1068747	02/12/2025	03	01/12/2025	22	HNE	-8,9	0	-11,7	0	80,0	0	1,0	0	230,0	0	1004,17	5.k=1.moyenne	0,0	ERA5
1068748	02/12/2025	04	01/12/2025	23	HNE	-8,5	0	-11,0	0	82,0	0	3,0	0	160,0	0	1003,85	5.k=1.moyenne	0,0	ERA5
1068749	02/12/2025	05	02/12/2025	00	HNE	-8,5	0	-11,5	0	79,0	0	1,0	0	90,0	0	1003,47	5.k=1.moyenne	0,0	ERA5
1068750	02/12/2025	06	02/12/2025	01	HNE	-8,1	0	-11,0	0	80,0	0	3,0	0	130,0	0	1003,47	5.k=1.moyenne	0,0	ERA5
1068751	02/12/2025	07	02/12/2025	02	HNE	-7,8	0	-10,7	0	80,0	0	10,0	0	160,0	0	1003,1	5.k=1.moyenne	0,0	ERA5
1068752	02/12/2025	08	02/12/2025	03	HNE	-7,5	0	-10,6	0	78,0	0	6,0	0	130,0	0	1002,52	5.k=1.moyenne	0,0	ERA5
1068753	02/12/2025	09	02/12/2025	04	HNE	-7,3	0	-10,6	0	77,0	0	5,0	0	130,0	0	1001,88	5.k=1.moyenne	0,0	ERA5
1068754	02/12/2025	10	02/12/2025	05	HNE	-7,0	0	-10,3	0	78,0	0	5,0	0	110,0	0	1001,25	5.k=1.moyenne	0,0	ERA5
1068755	02/12/2025	11	02/12/2025	06	HNE	-6,9	0	-9,4	0	82,0	0	11,0	0	140,0	0	1001,34	5.k=1.moyenne	0,0	ERA5
1068756	02/12/2025	12	02/12/2025	07	HNE	-7,0	0	-8,8	0	87,0	0	5,0	0	120,0	0	1001,24	5.k=1.moyenne	0,0	ERA5
1068757	02/12/2025	13	02/12/2025	08	HNE	-6,7	0	-8,2	0	89,0	0	2,0	0	90,0	0	1001,12	5.k=1.moyenne	35,7	ERA5
1068758	02/12/2025	14	02/12/2025	09	HNE	-6,2	0	-7,8	0	88,0	0	5,0	0	60,0	0	1000,89	5.k=1.moyenne	162,1	ERA5
1068759	02/12/2025	15	02/12/2025	10	HNE	-5,9	0	-7,2	0	90,0	0	5,0	0	30,0	0	1000,58	5.k=1.moyenne	318,3	ERA5
1068760	02/12/2025	16	02/12/2025	11	HNE	-5,8	0	-7,1	0	91,0	0	6,0	0	20,0	0	999,891	5.k=1.moyenne	418,5	ERA5
1068761	02/12/2025	17	02/12/2025	12	HNE	-5,6	0	-7,1	0	89,0	0	7,0	0	40,0	0	999,105	5.k=1.moyenne	404,5	ERA5
1068762	02/12/2025	18	02/12/2025	13	HNE	-5,3	0	-7,1	0	87,0	0	6,0	0	40,0	0	998,681	5.k=1.moyenne	406,8	ERA5
1068763	02/12/2025	19	02/12/2025	14	HNE	-5,3	0	-7,0	0	88,0	0	5,0	0	30,0	0	998,179	5.k=1.moyenne	381,4	ERA5
1068764	02/12/2025	20	02/12/2025	15	HNE	-5,3	0	-6,9	0	88,0	0	8,0	0	20,0	0	998,039	5.k=1.moyenne	288,3	ERA5
1068765	02/12/2025	21	02/12/2025	16	HNE	-5,6	0	-7,1	0	89,0	0	7,0	0	20,0	0	997,781	5.k=1.moyenne	108,9	ERA5
1068766	02/12/2025	22	02/12/2025	17	HNE	-6,3	0	-7,8	0	89,0	0	5,0	0	20,0	0	997,484	5.k=1.moyenne	0,8	ERA5
1068767	02/12/2025	23	02/12/2025	18	HNE	-6,9	0	-7,9	0	93,0	0	7,0	0	20,0	0	997,149	5.k=1.moyenne	0,0	ERA5
1068768	03/12/2025	00	02/12/2025	19	HNE	-7,8	0	-9,1	0	90,0	0	6,0	0	10,0	0	996,795	5.k=1.moyenne	0,0	ERA5
1068769	03/12/2025	01	02/12/2025	20	HNE	-8,7	0	-9,9	0	91,0	0	4,0	0	360,0	0	996,382	5.k=1.moyenne	0,0	ERA5
1068770	03/12/2025	02	02/12/2025	21	HNE	-8,5	0	-10,1	0	88,0	0	9,0	0	360,0	0	996,07	5.k=1.moyenne	0,0	ERA5
1068771	03/12/2025	03	02/12/2025	22	HNE	-8,8	0	-10,3	0	89,0	0	5,0	0	10,0	0	995,899	5.k=1.moyenne	0,0	ERA5
1068772	03/12/2025	04	02/12/2025	23	HNE	-9,3	0	-10,3	0	93,0	0	5,0	0	330,0	0	995,669	5.k=1.moyenne	0,0	ERA5
1068773	03/12/2025	05	03/12/2025	00	HNE	-9,6	0	-10,8	0	91,0	0	4,0	0	320,0	0	995,42	5.k=1.moyenne	0,0	ERA5
1068774	03/12/2025	06	03/12/2025	01	HNE	-9,2	0	-10,4	0	92,0	0	7,0	0	320,0	0	995,42	5.k=1.moyenne	0,0	ERA5
1068775	03/12/2025	07	03/12/2025	02	HNE	-10,2	0	-11,3	0	91,0	0	4,0	0	310,0	0	995,05	5.k=1.moyenne	0,0	ERA5
1068776	03/12/2025	08	03/12/2025	03	HNE	-11,4	0	-12,8	0	90,0	0	5,0	0	270,0	0	994,539	5.k=1.moyenne	0,0	ERA5
1068777	03/12/2025	09	03/12/2025	04	HNE	-11,9	0	-13,2	0	90,0	0	5,0	0	280,0	0	994,032	5.k=1.moyenne	0,0	ERA5
1068778	03/12/2025	10	03/12/2025	05	HNE	-11,6	0	-12,8	0	90,0	0	2,0	0	190,0	0	993,967	5.k=1.moyenne	0,0	ERA5
1068779	03/12/2025	11	03/12/2025	06	HNE	-10,5	0	-11,8	0	90,0	0	2,0	0	180,0	0	993,906	5.k=1.moyenne	0,0	ERA5
1068780	03/12/2025	12	03/12/2025	07	HNE	-9,9	0	-11,2	0	90,0	0	4,0	0	170,0	0	994,124	5.k=1.moyenne	0,0	ERA5
1068781	03/12/2025	13	03/12/2025	08	HNE	-9,8	0	-11,0	0	91,0	0	4,0	0	180,0	0	993,947	5.k=1.moyenne	67,5	ERA5
1068782	03/12/2025	14	03/12/2025	09	HNE	-10,0	0	-11,4	0	89,0	0	6,0	0	180,0	0	993,732	5.k=1.moyenne	447,4	ERA5
1068783	03/12/2025	15	03/12/2025	10	HNE	-8,2	0	-10,2	0	85,0	0	6,0	0	180,0	0	993,496	5.k=1.moyenne	897,1	ERA5
1068784	03/12/2025	16	03/12/2025	11	HNE	-7,4	0	-9,3	0	86,0	0	14,0	0	180,0	0	992,93	5.k=1.moyenne	1098,8	ERA5
1068785	03/12/2025	17	03/12/2025	12	HNE	-6,6	0	-8,9	0	84,0	0	17,0	0	160,0	0	992,285	5.k=1.moyenne	935,6	ERA5
1068786	03/12/2025	18	03/12/2025	13	HNE	-5,7	0	-8,1	0	83,0	0	19,0	0	150,0	0	991,783	5.k=1.moyenne	925,3	ERA5
1068787	03/12/2025	19	03/12/2025	14	HNE	-3,8	0	-6,3	0	83,0	0	23,0	0	170,0	0	991,543	5.k=1.moyenne	708,6	ERA5
1068788	03/12/2025	20	03/12/2025	15	HNE	-3,3	0	-5,5	0	85,0	0	21,0	0	170,0	0	991,544	5.k=1.moyenne	488,3	ERA5
1068789	03/12/2025	21	03/12/2025	16	HNE	-3,1	0	-5,3	0	85,0	0	24,0	0	170,0	0	991,407	5.k=1.moyenne	169,7	ERA5
1068790	03/12/2025	22	03/12/2025	17	HNE	-2,6	0	-4,6	0	86,0	0	27,0	0	180,0	0	991,376	5.k=1.moyenne	0,9	ERA5
1068791	03/12/2025	23	03/12/2025	18	HNE	-2,1	0	-4,2	0	86,0	0	28,0	0	180,0	0	991,239	5.k=1.moyenne	0,0	ERA5
1068792	04/12/2025	00	03/12/2025	19	HNE	-1,7	0	-3,6	0	87,0	0	26,0	0	180,0	0	991,226	5.k=1.moyenne	0,0	ERA5
1068793	04/12/2025	01	03/12/2025	20	HNE	-1,3	0	-3,3	0	86,0	0	24,0	0	180,0	0	990,969	5.k=1.moyenne	0,0	ERA5
1068794	04/12/2025	02	03/12/2025	21	HNE	-1,0	0	-2,9	0	87,0	0	20,0	0	180,0	0	990,713	5.k=1.moyenne	0,0	ERA5
1068795	04/12/2025	03	03/12/2025	22	HNE	-0,9	0	-2,7	0	88,0	0	25,0	0	180,0	0	990,397	5.k=1.moyenne	0,0	ERA5
1068796	04/12/2025	04	03/12/2025	23	HNE	-0,8	0	-2,3	0	90,0	0	21,0	0	180,0	0	990,061	5.k=1.moyenne	0,0	ERA5
1068797	04/12/2025	05	04/12/2025	00	HNE	-0,7	0	-2,2	0	89,0	0	21,0	0	190,0	0	989,808	5.k=1.moyenne	0,0	ERA5
1068798	04/12/2025	06	04/12/2025	01	HNE	-0,3	0	-2,5	0	85,0	0	25,0	0	200,0	0	989,808	5.k=1.moyenne	0,0	ERA5
1068799	04/12/2025	07	04/12/2025	02	HNE	-0,5	0	-2,4	0	87,0	0	22,0	0	190,0	0	989,829	5.k=1.moyenne	0,0	ERA5
1068800	04/12/2025	08	04/12/2025	03	HNE	-0,4	0	-2,0	0	89,0	0	13,0	0	210,0	0	989,546	5.k=1.moyenne	0,0	ERA5
1068801	04/12/2025	09	04/12/2025	04	HNE	-0,2	0	-1,4	0	92,0	0	12,0	0	230,0	0	989,407	5.k=1.moyenne	0,0	ERA5
1068802	04/12/2025	10	04/12/2025	05	HNE	-1,1	0	-3,7	0	83,0	0	11,0	0	270,0	0	989,494	5.k=1.moyenne	0,0	ERA5
1068803	04/12/2025	11	04/12/2025	06	HNE	-2,9	0	-6,0	0	79,0	0	14,0	0	290,0	0	989,806	5.k=1.moyenne	0,0	ERA5
1068804	04/12/2025	12	04/12/2025	07	HNE	-4,1	0	-6,4	0	84,0	0	10,0	0	300,0	0	990,1	5.k=1.moyenne	0,0	ERA5
1068805	04/12/2025	13	04/12/2025	08	HNE	-6,1	0	-8,2	0	85,0	0	8,0	0	300,0	0	990,489	5.k=1.moyenne	19,7	ERA5
1068806	04/12/2025	14	04/12/2025	09	HNE	-5,6	0	-9,8	0	72,0	0	8,0	0	280,0	0	990,698	5.k=1.moyenne	156,8	ERA5
1068807	04/12/2025	15	04/12/2025	10	HNE	-5,9	0	-13,1	0	57,0	0	10,0	0	280,0	0	991,008	5.k=1.moyenne	450,5	ERA5
1068808	04/12/2025	16	04/12/2025	11	HNE	-6,8	0	-15,8	0	49,0	0	14,0	0	310,0	0	990,899	5.k=1.moyenne	843,1	ERA5
1068809	04/12/2025	17	04/12/2025	12	HNE	-7,9	0	-16,2	0	51,0	0	19,0	0	320,0	0	990,791	5.k=1.moyenne	1173,4	ERA5
1068810	04/12/2025	18	04/12/2025	13	HNE	-9,0	0	-15,5	0	59,0	0	16,0	0	290,0	0	990,903	5.k=1.moyenne	981,7	ERA5
1068811	04/12/2025	19	04/12/2025	14	HNE	-9,0	0	-16,6	0	54,0	0	18,0	0	280,0	0	991,536	5.k=1.moyenne	824,6	ERA5
1068812	04/12/2025	20	04/12/2025	15	HNE	-9,6	0	-18,6	0	48,0	0	13,0	0	280,0	0	992,07	5.k=1.moyenne	610,0	ERA5
1068813	04/12/2025	21	04/12/2025	16	HNE	-10,4	0	-16,1	0	63,0	0	22,0	0	300,0	0	993,044	5.k=1.moyenne	229,1	ERA5
1068814	04/12/2025	22	04/12/2025	17	HNE	-12,4	0	-20,8	0	49,0	0	16,0	0	310,0	0	994,239	5.k=1.moyenne	1,0	ERA5
1068815	04/12/2025	23	04/12/2025	18	HNE	-13,4	0	-22,7	0	46,0	0	16,0	0	310,0	0	995,194	5.k=1.moyenne	0,0	ERA5
1068816	05/12/2025	00	04/12/2025	19	HNE	-13,8	0	-22,2	0	49,0	0	10,0	0	290,0	0	995,927	5.k=1.moyenne	0,0	ERA5
1068817	05/12/2025	01	04/12/2025	20	HNE	-14,1	0	-21,9	0	52,0	0	17,0	0	270,0	0	996,658	5.k=1.moyenne	0,0	ERA5
1068818	05/12/2025	02	04/12/2025	21	HNE	-14,6	0	-21,9	0	54,0	0	12,0	0	260,0	0	997,184	5.k=1.moyenne	0,0	ERA5
1068819	05/12/2025	03	04/12/2025	22	HNE	-14,6	0	-21,8	0	54,0	0	11,0	0	280,0	0	997,732	5.k=1.moyenne	0,0	ERA5
1068820	05/12/2025	04	04/12/2025	23	HNE	-15,3	0	-21,8	0	57,0	0	9,0	0	270,0	0	998,096	5.k=1.moyenne	0,0	ERA5
1068821	05/12/2025	05	05/12/2025	00	HNE	-15,2	0	-21,5	0	58,0	0	11,0	0	280,0	0	998,379	5.k=1.moyenne	0,0	ERA5
1068822	05/12/2025	06	05/12/2025	01	HNE	-15,6	0	-21,5	0	60,0	0	10,0	0	260,0	0	998,379	5.k=1.moyenne	0,0	ERA5
1068823	05/12/2025	07	05/12/2025	02	HNE	-16,4	0	-21,6	0	64,0	0	5,0	0	260,0	0	998,621	5.k=1.moyenne	0,0	ERA5
1068824	05/12/2025	08	05/12/2025	03	HNE	-17,0	0	-21,9	0	66,0	0	6,0	0	240,0	0	998,535	5.k=1.moyenne	0,0	ERA5
1068825	05/12/2025	09	05/12/2025	04	HNE	-17,1	0	-21,9	0	66,0	0	8,0	0	250,0	0	998,367	5.k=1.moyenne	0,0	ERA5
1068826	05/12/2025	10	05/12/2025	05	HNE	-18,1	0	-22,0	0	72,0	0	9,0	0	200,0	0	998,135	5.k=1.moyenne	0,0	ERA5
1068827	05/12/2025	11	05/12/2025	06	HNE	-18,7	0	-22,4	0	72,0	0	6,0	0	180,0	0	998,25	5.k=1.moyenne	0,0	ERA5
1068828	05/12/2025	12	05/12/2025	07	HNE	-18,6	0	-22,3	0	72,0	0	5,0	0	150,0	0	998,294	5.k=1.moyenne	0,0	ERA5
1068829	05/12/2025	13	05/12/2025	08	HNE	-17,4	0	-22,1	0	67,0	0	7,0	0	170,0	0	998,224	5.k=1.moyenne	66,1	ERA5
1068830	05/12/2025	14	05/12/2025	09	HNE	-14,4	0	-19,6	0	64,0	0	14,0	0	160,0	0	998,174	5.k=1.moyenne	460,9	ERA5
1068831	05/12/2025	15	05/12/2025	10	HNE	-11,7	0	-18,6	0	57,0	0	27,0	0	180,0	0	998,003	5.k=1.moyenne	874,4	ERA5
1068832	05/12/2025	16	05/12/2025	11	HNE	-9,9	0	-16,6	0	58,0	0	22,0	0	180,0	0	997,491	5.k=1.moyenne	1066,8	ERA5
1068833	05/12/2025	17	05/12/2025	12	HNE	-9,2	0	-15,2	0	62,0	0	17,0	0	160,0	0	996,638	5.k=1.moyenne	1131,8	ERA5
1068834	05/12/2025	18	05/12/2025	13	HNE	-8,3	0	-13,6	0	66,0	0	17,0	0	160,0	0	995,885	5.k=1.moyenne	1058,1	ERA5
1068835	05/12/2025	19	05/12/2025	14	HNE	-8,3	0	-14,7	0	60,0	0	22,0	0	170,0	0	995,371	5.k=1.moyenne	889,5	ERA5
1068836	05/12/2025	20	05/12/2025	15	HNE	-8,2	0	-15,5	0	56,0	0	15,0	0	150,0	0	995,037	5.k=1.moyenne	656,2	ERA5
1068837	05/12/2025	21	05/12/2025	16	HNE	-8,6	0	-15,3	0	58,0	0	7,0	0	140,0	0	994,862	5.k=1.moyenne	195,4	ERA5
1068838	05/12/2025	22	05/12/2025	17	HNE	-10,0	0	-15,7	0	63,0	0	3,0	0	100,0	0	994,845	5.k=1.moyenne	0,8	ERA5
1068839	05/12/2025	23	05/12/2025	18	HNE	-9,5	0	-16,7	0	56,0	0	7,0	0	120,0	0	994,523	5.k=1.moyenne	0,0	ERA5
1068840	06/12/2025	00	05/12/2025	19	HNE	-9,0	0	-16,2	0	56,0	0	12,0	0	150,0	0	994,466	5.k=1.moyenne	0,0	ERA5
1068841	06/12/2025	01	05/12/2025	20	HNE	-8,6	0	-14,7	0	61,0	0	11,0	0	160,0	0	994,163	5.k=1.moyenne	0,0	ERA5
1068842	06/12/2025	02	05/12/2025	21	HNE	-9,1	0	-14,2	0	66,0	0	10,0	0	170,0	0	993,861	5.k=1.moyenne	0,0	ERA5
1068843	06/12/2025	03	05/12/2025	22	HNE	-8,0	0	-13,4	0	65,0	0	15,0	0	160,0	0	993,537	5.k=1.moyenne	0,0	ERA5
1068844	06/12/2025	04	05/12/2025	23	HNE	-7,5	0	-12,1	0	70,0	0	12,0	0	170,0	0	993,316	5.k=1.moyenne	0,0	ERA5
1068845	06/12/2025	05	06/12/2025	00	HNE	-6,5	0	-10,6	0	72,0	0	17,0	0	180,0	0	992,89	5.k=1.moyenne	0,0	ERA5
1068846	06/12/2025	06	06/12/2025	01	HNE	-6,8	0	-10,4	0	75,0	0	13,0	0	170,0	0	992,89	5.k=1.moyenne	0,0	ERA5
1068847	06/12/2025	07	06/12/2025	02	HNE	-6,5	0	-10,0	0	76,0	0	16,0	0	170,0	0	992,68	5.k=1.moyenne	0,0	ERA5
1068848	06/12/2025	08	06/12/2025	03	HNE	-6,6	0	-10,1	0	77,0	0	13,0	0	180,0	0	992,166	5.k=1.moyenne	0,0	ERA5
1068849	06/12/2025	09	06/12/2025	04	HNE	-6,4	0	-9,7	0	77,0	0	15,0	0	170,0	0	991,654	5.k=1.moyenne	0,0	ERA5
1068850	06/12/2025	10	06/12/2025	05	HNE	-6,3	0	-9,4	0	78,0	0	15,0	0	160,0	0	991,184	5.k=1.moyenne	0,0	ERA5
1068851	06/12/2025	11	06/12/2025	06	HNE	-6,7	0	-9,4	0	81,0	0	14,0	0	170,0	0	990,859	5.k=1.moyenne	0,0	ERA5
1068852	06/12/2025	12	06/12/2025	07	HNE	-6,1	0	-8,7	0	82,0	0	14,0	0	170,0	0	990,618	5.k=1.moyenne	0,0	ERA5
1068853	06/12/2025	13	06/12/2025	08	HNE	-5,1	0	-7,8	0	82,0	0	13,0	0	170,0	0	990,316	5.k=1.moyenne	34,2	ERA5
1068854	06/12/2025	14	06/12/2025	09	HNE	-4,1	0	-6,3	0	85,0	0	22,0	0	170,0	0	990,138	5.k=1.moyenne	278,9	ERA5
1068855	06/12/2025	15	06/12/2025	10	HNE	-3,1	0	-5,6	0	83,0	0	25,0	0	160,0	0	989,921	5.k=1.moyenne	414,9	ERA5
1068856	06/12/2025	16	06/12/2025	11	HNE	-1,8	0	-5,3	0	77,0	0	28,0	0	170,0	0	989,399	5.k=1.moyenne	570,0	ERA5
1068857	06/12/2025	17	06/12/2025	12	HNE	-1,4	0	-4,4	0	80,0	0	25,0	0	180,0	0	988,837	5.k=1.moyenne	806,4	ERA5
1068858	06/12/2025	18	06/12/2025	13	HNE	-1,2	0	-3,9	0	82,0	0	19,0	0	180,0	0	988,378	5.k=1.moyenne	505,2	ERA5
1068859	06/12/2025	19	06/12/2025	14	HNE	-0,9	0	-3,6	0	82,0	0	19,0	0	180,0	0	988,225	5.k=1.moyenne	259,1	ERA5
1068860	06/12/2025	20	06/12/2025	15	HNE	-0,8	0	-3,2	0	84,0	0	19,0	0	200,0	0	988,115	5.k=1.moyenne	234,4	ERA5
1068861	06/12/2025	21	06/12/2025	16	HNE	-1,5	0	-2,6	0	92,0	0	13,0	0	190,0	0	988,372	5.k=1.moyenne	86,2	ERA5
1068862	06/12/2025	22	06/12/2025	17	HNE	-1,1	0	-2,9	0	87,0	0	15,0	0	200,0	0	988,651	5.k=1.moyenne	0,4	ERA5
1068863	06/12/2025	23	06/12/2025	18	HNE	-1,3	0	-2,7	0	90,0	0	13,0	0	200,0	0	989,093	5.k=1.moyenne	0,0	ERA5
1068864	07/12/2025	00	06/12/2025	19	HNE	-0,2	0	-2,7	0	83,0	0	12,0	0	210,0	0	989,556	5.k=1.moyenne	0,0	ERA5
1068865	07/12/2025	01	06/12/2025	20	HNE	-0,1	0	-3,0	0	81,0	0	13,0	0	220,0	0	990,02	5.k=1.moyenne	0,0	ERA5
1068866	07/12/2025	02	06/12/2025	21	HNE	0,4	0	-3,1	0	77,0	0	11,0	0	250,0	0	990,607	5.k=1.moyenne	0,0	ERA5
1068867	07/12/2025	03	06/12/2025	22	HNE	-2,1	0	-5,9	0	76,0	0	10,0	0	330,0	0	991,48	5.k=1.moyenne	0,0	ERA5
1068868	07/12/2025	04	06/12/2025	23	HNE	-3,0	0	-8,4	0	66,0	0	10,0	0	330,0	0	992,169	5.k=1.moyenne	0,0	ERA5
1068869	07/12/2025	05	07/12/2025	00	HNE	-4,5	0	-11,2	0	59,0	0	7,0	0	330,0	0	992,819	5.k=1.moyenne	0,0	ERA5
1068870	07/12/2025	06	07/12/2025	01	HNE	-5,9	0	-12,3	0	60,0	0	7,0	0	280,0	0	992,819	5.k=1.moyenne	0,0	ERA5
1068871	07/12/2025	07	07/12/2025	02	HNE	-6,9	0	-14,0	0	57,0	0	8,0	0	290,0	0	993,754	5.k=1.moyenne	0,0	ERA5
1068872	07/12/2025	08	07/12/2025	03	HNE	-8,6	0	-14,9	0	60,0	0	5,0	0	320,0	0	994,46	5.k=1.moyenne	0,0	ERA5
1068873	07/12/2025	09	07/12/2025	04	HNE	-10,9	0	-16,0	0	66,0	0	2,0	0	300,0	0	994,978	5.k=1.moyenne	0,0	ERA5
1068874	07/12/2025	10	07/12/2025	05	HNE	-12,6	0	-16,5	0	72,0	0	2,0	0	330,0	0	995,369	5.k=1.moyenne	0,0	ERA5
1068875	07/12/2025	11	07/12/2025	06	HNE	-13,9	0	-17,1	0	77,0	0	2,0	0	340,0	0	995,961	5.k=1.moyenne	0,0	ERA5
1068876	07/12/2025	12	07/12/2025	07	HNE	-14,3	0	-18,0	0	73,0	0	0,0	0	0,0	0	996,427	5.k=1.moyenne	0,0	ERA5
1068877	07/12/2025	13	07/12/2025	08	HNE	-14,0	0	-17,5	0	75,0	0	3,0	0	120,0	0	996,726	5.k=1.moyenne	57,7	ERA5
1068878	07/12/2025	14	07/12/2025	09	HNE	-12,0	0	-17,1	0	66,0	0	2,0	0	20,0	0	997,063	5.k=1.moyenne	438,2	ERA5
1068879	07/12/2025	15	07/12/2025	10	HNE	-10,7	0	-17,4	0	58,0	0	2,0	0	50,0	0	997,357	5.k=1.moyenne	818,0	ERA5
1068880	07/12/2025	16	07/12/2025	11	HNE	-10,2	0	-17,4	0	56,0	0	7,0	0	60,0	0	997,057	5.k=1.moyenne	872,6	ERA5
1068881	07/12/2025	17	07/12/2025	12	HNE	-10,1	0	-17,1	0	56,0	0	7,0	0	80,0	0	996,877	5.k=1.moyenne	754,9	ERA5
1068882	07/12/2025	18	07/12/2025	13	HNE	-9,5	0	-16,3	0	57,0	0	3,0	0	40,0	0	996,593	5.k=1.moyenne	686,6	ERA5
1068883	07/12/2025	19	07/12/2025	14	HNE	-9,3	0	-16,1	0	58,0	0	7,0	0	50,0	0	996,532	5.k=1.moyenne	544,8	ERA5
1068884	07/12/2025	20	07/12/2025	15	HNE	-9,6	0	-13,8	0	71,0	0	7,0	0	50,0	0	996,653	5.k=1.moyenne	299,2	ERA5
1068885	07/12/2025	21	07/12/2025	16	HNE	-9,9	0	-12,4	0	82,0	0	6,0	0	30,0	0	997,017	5.k=1.moyenne	84,2	ERA5
1068886	07/12/2025	22	07/12/2025	17	HNE	-10,3	0	-12,5	0	84,0	0	8,0	0	20,0	0	997,032	5.k=1.moyenne	0,3	ERA5
1068887	07/12/2025	23	07/12/2025	18	HNE	-10,8	0	-12,6	0	86,0	0	7,0	0	360,0	0	996,985	5.k=1.moyenne	0,0	ERA5
1068888	08/12/2025	00	07/12/2025	19	HNE	-10,9	0	-12,8	0	86,0	0	8,0	0	360,0	0	996,876	5.k=1.moyenne	0,0	ERA5
1068889	08/12/2025	01	07/12/2025	20	HNE	-10,9	0	-12,8	0	86,0	0	6,0	0	340,0	0	996,827	5.k=1.moyenne	0,0	ERA5
1068890	08/12/2025	02	07/12/2025	21	HNE	-11,0	0	-12,9	0	86,0	0	3,0	0	340,0	0	996,756	5.k=1.moyenne	0,0	ERA5
1068891	08/12/2025	03	07/12/2025	22	HNE	-11,3	0	-13,2	0	86,0	0	2,0	0	300,0	0	996,827	5.k=1.moyenne	0,0	ERA5
1068892	08/12/2025	04	07/12/2025	23	HNE	-10,8	0	-12,6	0	86,0	0	5,0	0	290,0	0	997,204	5.k=1.moyenne	0,0	ERA5
1068893	08/12/2025	05	08/12/2025	00	HNE	-12,2	0	-14,0	0	87,0	0	6,0	0	270,0	0	997,396	5.k=1.moyenne	0,0	ERA5
1068894	08/12/2025	06	08/12/2025	01	HNE	-13,2	0	-14,9	0	87,0	0	5,0	0	280,0	0	997,396	5.k=1.moyenne	0,0	ERA5
1068895	08/12/2025	07	08/12/2025	02	HNE	-11,0	0	-13,0	0	85,0	0	11,0	0	290,0	0	997,911	5.k=1.moyenne	0,0	ERA5
1068896	08/12/2025	08	08/12/2025	03	HNE	-10,7	0	-12,5	0	86,0	0	9,0	0	290,0	0	998,035	5.k=1.moyenne	0,0	ERA5
1068897	08/12/2025	09	08/12/2025	04	HNE	-11,5	0	-14,8	0	76,0	0	11,0	0	310,0	0	998,383	5.k=1.moyenne	0,0	ERA5
1068898	08/12/2025	10	08/12/2025	05	HNE	-14,1	0	-19,4	0	64,0	0	15,0	0	300,0	0	998,769	5.k=1.moyenne	0,0	ERA5
1068899	08/12/2025	11	08/12/2025	06	HNE	-15,6	0	-21,2	0	62,0	0	18,0	0	310,0	0	999,46	5.k=1.moyenne	0,0	ERA5
1068900	08/12/2025	12	08/12/2025	07	HNE	-16,9	0	-23,0	0	59,0	0	9,0	0	310,0	0	1000,09	5.k=1.moyenne	0,0	ERA5
1068901	08/12/2025	13	08/12/2025	08	HNE	-17,3	0	-23,5	0	59,0	0	10,0	0	280,0	0	1000,47	5.k=1.moyenne	56,8	ERA5
1068902	08/12/2025	14	08/12/2025	09	HNE	-16,6	0	-23,1	0	57,0	0	9,0	0	260,0	0	1000,89	5.k=1.moyenne	459,6	ERA5
1068903	08/12/2025	15	08/12/2025	10	HNE	-15,7	0	-22,3	0	57,0	0	9,0	0	260,0	0	1001,19	5.k=1.moyenne	907,3	ERA5
1068904	08/12/2025	16	08/12/2025	11	HNE	-15,1	0	-21,8	0	57,0	0	10,0	0	250,0	0	1000,79	5.k=1.moyenne	1220,8	ERA5
1068905	08/12/2025	17	08/12/2025	12	HNE	-14,5	0	-21,0	0	58,0	0	15,0	0	280,0	0	1000,38	5.k=1.moyenne	1372,2	ERA5
1068906	08/12/2025	18	08/12/2025	13	HNE	-13,9	0	-20,0	0	60,0	0	10,0	0	280,0	0	999,915	5.k=1.moyenne	1316,3	ERA5
1068907	08/12/2025	19	08/12/2025	14	HNE	-13,5	0	-19,3	0	62,0	0	12,0	0	270,0	0	999,639	5.k=1.moyenne	1027,8	ERA5
1068908	08/12/2025	20	08/12/2025	15	HNE	-13,7	0	-19,4	0	62,0	0	11,0	0	280,0	0	999,565	5.k=1.moyenne	624,3	ERA5
1068909	08/12/2025	21	08/12/2025	16	HNE	-14,7	0	-20,2	0	63,0	0	4,0	0	270,0	0	999,695	5.k=1.moyenne	191,7	ERA5
1068910	08/12/2025	22	08/12/2025	17	HNE	-16,2	0	-20,2	0	71,0	0	3,0	0	290,0	0	999,722	5.k=1.moyenne	0,7	ERA5
1068911	08/12/2025	23	08/12/2025	18	HNE	-18,9	0	-21,7	0	79,0	0	4,0	0	170,0	0	999,708	5.k=1.moyenne	0,0	ERA5
1068912	09/12/2025	00	08/12/2025	19	HNE	-21,0	0	-24,1	0	76,0	0	7,0	0	200,0	0	999,713	5.k=1.moyenne	0,0	ERA5
1068913	09/12/2025	01	08/12/2025	20	HNE	-17,9	0	-20,8	0	78,0	0	9,0	0	220,0	0	999,555	5.k=1.moyenne	0,0	ERA5
1068914	09/12/2025	02	08/12/2025	21	HNE	-21,2	0	-24,0	0	78,0	0	6,0	0	190,0	0	999,315	5.k=1.moyenne	0,0	ERA5
1068915	09/12/2025	03	08/12/2025	22	HNE	-21,0	0	-23,0	0	84,0	0	7,0	0	180,0	0	998,952	5.k=1.moyenne	0,0	ERA5
1068916	09/12/2025	04	08/12/2025	23	HNE	-20,5	0	-22,4	0	85,0	0	7,0	0	170,0	0	998,752	5.k=1.moyenne	0,0	ERA5
1068917	09/12/2025	05	09/12/2025	00	HNE	-21,8	0	-24,0	0	82,0	0	5,0	0	170,0	0	998,449	5.k=1.moyenne	0,0	ERA5
1068918	09/12/2025	06	09/12/2025	01	HNE	-22,3	0	-24,7	0	81,0	0	5,0	0	180,0	0	998,449	5.k=1.moyenne	0,0	ERA5
1068919	09/12/2025	07	09/12/2025	02	HNE	-22,5	0	-24,8	0	82,0	0	6,0	0	190,0	0	998,313	5.k=1.moyenne	0,0	ERA5
1068920	09/12/2025	08	09/12/2025	03	HNE	-22,0	0	-24,6	0	79,0	0	5,0	0	180,0	0	997,954	5.k=1.moyenne	0,0	ERA5
1068921	09/12/2025	09	09/12/2025	04	HNE	-22,7	0	-25,2	0	80,0	0	6,0	0	180,0	0	997,554	5.k=1.moyenne	0,0	ERA5
1068922	09/12/2025	10	09/12/2025	05	HNE	-21,9	0	-24,4	0	80,0	0	6,0	0	170,0	0	997,238	5.k=1.moyenne	0,0	ERA5
1068923	09/12/2025	11	09/12/2025	06	HNE	-22,3	0	-24,7	0	81,0	0	5,0	0	170,0	0	997,065	5.k=1.moyenne	0,0	ERA5
1068924	09/12/2025	12	09/12/2025	07	HNE	-22,0	0	-24,5	0	81,0	0	5,0	0	160,0	0	996,73	5.k=1.moyenne	0,0	ERA5
1068925	09/12/2025	13	09/12/2025	08	HNE	-20,9	0	-23,5	0	79,0	0	5,0	0	160,0	0	996,354	5.k=1.moyenne	49,5	ERA5
1068926	09/12/2025	14	09/12/2025	09	HNE	-17,4	0	-20,3	0	78,0	0	10,0	0	150,0	0	995,959	5.k=1.moyenne	410,8	ERA5
1068927	09/12/2025	15	09/12/2025	10	HNE	-14,9	0	-17,2	0	83,0	0	9,0	0	150,0	0	995,32	5.k=1.moyenne	802,1	ERA5
1068928	09/12/2025	16	09/12/2025	11	HNE	-12,7	0	-15,5	0	80,0	0	10,0	0	160,0	0	994,497	5.k=1.moyenne	1155,6	ERA5
1068929	09/12/2025	17	09/12/2025	12	HNE	-10,5	0	-12,9	0	83,0	0	10,0	0	170,0	0	993,553	5.k=1.moyenne	1219,4	ERA5
1068930	09/12/2025	18	09/12/2025	13	HNE	-8,5	0	-11,2	0	81,0	0	17,0	0	170,0	0	992,813	5.k=1.moyenne	992,8	ERA5
1068931	09/12/2025	19	09/12/2025	14	HNE	-7,7	0	-11,2	0	76,0	0	19,0	0	170,0	0	992,196	5.k=1.moyenne	703,5	ERA5
1068932	09/12/2025	20	09/12/2025	15	HNE	-7,5	0	-12,2	0	69,0	0	20,0	0	160,0	0	991,885	5.k=1.moyenne	464,1	ERA5
1068933	09/12/2025	21	09/12/2025	16	HNE	-7,7	0	-12,7	0	68,0	0	12,0	0	140,0	0	991,208	5.k=1.moyenne	144,9	ERA5
1068934	09/12/2025	22	09/12/2025	17	HNE	-7,8	0	-13,9	0	61,0	0	20,0	0	140,0	0	990,796	5.k=1.moyenne	0,6	ERA5
1068935	09/12/2025	23	09/12/2025	18	HNE	-8,7	0	-14,9	0	61,0	0	17,0	0	130,0	0	990,262	5.k=1.moyenne	0,0	ERA5
1068936	10/12/2025	00	09/12/2025	19	HNE	-8,5	0	-14,4	0	62,0	0	11,0	0	140,0	0	989,83	5.k=1.moyenne	0,0	ERA5
1068937	10/12/2025	01	09/12/2025	20	HNE	-5,9	0	-9,3	0	77,0	0	23,0	0	190,0	0	989,317	5.k=1.moyenne	0,0	ERA5
1068938	10/12/2025	02	09/12/2025	21	HNE	-5,6	0	-10,3	0	69,0	0	18,0	0	190,0	0	988,927	5.k=1.moyenne	0,0	ERA5
1068939	10/12/2025	03	09/12/2025	22	HNE	-6,3	0	-8,7	0	83,0	0	14,0	0	170,0	0	988,21	5.k=1.moyenne	0,0	ERA5
1068940	10/12/2025	04	09/12/2025	23	HNE	-5,9	0	-7,8	0	86,0	0	14,0	0	170,0	0	987,779	5.k=1.moyenne	0,0	ERA5
1068941	10/12/2025	05	10/12/2025	00	HNE	-5,8	0	-7,4	0	89,0	0	19,0	0	170,0	0	987,41	5.k=1.moyenne	0,0	ERA5
1068942	10/12/2025	06	10/12/2025	01	HNE	-5,3	0	-6,6	0	90,0	0	17,0	0	170,0	0	987,41	5.k=1.moyenne	0,0	ERA5
1068943	10/12/2025	07	10/12/2025	02	HNE	-4,8	0	-6,2	0	90,0	0	19,0	0	170,0	0	987,218	5.k=1.moyenne	0,0	ERA5
1068944	10/12/2025	08	10/12/2025	03	HNE	-4,0	0	-6,0	0	86,0	0	24,0	0	180,0	0	986,803	5.k=1.moyenne	0,0	ERA5
1068945	10/12/2025	09	10/12/2025	04	HNE	-3,5	0	-6,1	0	82,0	0	23,0	0	180,0	0	986,371	5.k=1.moyenne	0,0	ERA5
1068946	10/12/2025	10	10/12/2025	05	HNE	-3,3	0	-6,3	0	80,0	0	21,0	0	180,0	0	986,185	5.k=1.moyenne	0,0	ERA5
1068947	10/12/2025	11	10/12/2025	06	HNE	-3,2	0	-5,9	0	82,0	0	22,0	0	180,0	0	986,001	5.k=1.moyenne	0,0	ERA5
1068948	10/12/2025	12	10/12/2025	07	HNE	-3,1	0	-6,1	0	80,0	0	23,0	0	180,0	0	985,778	5.k=1.moyenne	0,0	ERA5
1068949	10/12/2025	13	10/12/2025	08	HNE	-2,6	0	-5,8	0	78,0	0	21,0	0	180,0	0	985,516	5.k=1.moyenne	20,4	ERA5
1068950	10/12/2025	14	10/12/2025	09	HNE	-1,7	0	-4,8	0	79,0	0	20,0	0	170,0	0	985,317	5.k=1.moyenne	194,7	ERA5
1068951	10/12/2025	15	10/12/2025	10	HNE	-1,8	0	-4,3	0	83,0	0	27,0	0	170,0	0	984,955	5.k=1.moyenne	434,8	ERA5
1068952	10/12/2025	16	10/12/2025	11	HNE	-2,1	0	-3,8	0	89,0	0	18,0	0	150,0	0	984,044	5.k=1.moyenne	515,5	ERA5
1068953	10/12/2025	17	10/12/2025	12	HNE	-1,9	0	-2,7	0	94,0	0	16,0	0	150,0	0	983,175	5.k=1.moyenne	420,2	ERA5
1068954	10/12/2025	18	10/12/2025	13	HNE	-1,7	0	-2,4	0	95,0	0	9,0	0	100,0	0	982,429	5.k=1.moyenne	231,5	ERA5
1068955	10/12/2025	19	10/12/2025	14	HNE	-1,6	0	-2,3	0	95,0	0	9,0	0	120,0	0	981,929	5.k=1.moyenne	241,0	ERA5
1068956	10/12/2025	20	10/12/2025	15	HNE	-1,7	0	-2,4	0	96,0	0	6,0	0	100,0	0	981,654	5.k=1.moyenne	143,2	ERA5
1068957	10/12/2025	21	10/12/2025	16	HNE	-1,8	0	-2,2	0	97,0	0	6,0	0	100,0	0	981,217	5.k=1.moyenne	49,2	ERA5
1068958	10/12/2025	22	10/12/2025	17	HNE	-1,6	0	-1,9	0	98,0	0	5,0	0	110,0	0	981,046	5.k=1.moyenne	0,2	ERA5
1068959	10/12/2025	23	10/12/2025	18	HNE	-1,5	0	-1,7	0	98,0	0	2,0	0	80,0	0	980,773	5.k=1.moyenne	0,0	ERA5
1068960	11/12/2025	00	10/12/2025	19	HNE	-1,4	0	-1,5	0	99,0	0	2,0	0	360,0	0	980,522	5.k=1.moyenne	0,0	ERA5
1068961	11/12/2025	01	10/12/2025	20	HNE	-1,6	0	-1,8	0	99,0	0	4,0	0	10,0	0	980,046	5.k=1.moyenne	0,0	ERA5
1068962	11/12/2025	02	10/12/2025	21	HNE	-4,2	0	-4,8	0	95,0	0	10,0	0	30,0	0	979,469	5.k=1.moyenne	0,0	ERA5
1068963	11/12/2025	03	10/12/2025	22	HNE	-4,7	0	-5,4	0	95,0	0	9,0	0	20,0	0	978,791	5.k=1.moyenne	0,0	ERA5
1068964	11/12/2025	04	10/12/2025	23	HNE	-4,9	0	-5,7	0	95,0	0	8,0	0	10,0	0	978,337	5.k=1.moyenne	0,0	ERA5
1068965	11/12/2025	05	11/12/2025	00	HNE	-5,0	0	-5,8	0	94,0	0	7,0	0	10,0	0	977,721	5.k=1.moyenne	0,0	ERA5
1068966	11/12/2025	06	11/12/2025	01	HNE	-5,0	0	-5,9	0	94,0	0	9,0	0	320,0	0	977,721	5.k=1.moyenne	0,0	ERA5
1068967	11/12/2025	07	11/12/2025	02	HNE	-4,9	0	-5,8	0	93,0	0	8,0	0	280,0	0	977,435	5.k=1.moyenne	0,0	ERA5
1068968	11/12/2025	08	11/12/2025	03	HNE	-4,9	0	-6,1	0	91,0	0	12,0	0	280,0	0	976,99	5.k=1.moyenne	0,0	ERA5
1068969	11/12/2025	09	11/12/2025	04	HNE	-4,8	0	-6,1	0	91,0	0	12,0	0	270,0	0	976,734	5.k=1.moyenne	0,0	ERA5
1068970	11/12/2025	10	11/12/2025	05	HNE	-4,9	0	-6,3	0	90,0	0	11,0	0	270,0	0	976,32	5.k=1.moyenne	0,0	ERA5
1068971	11/12/2025	11	11/12/2025	06	HNE	-5,6	0	-7,5	0	87,0	0	28,0	0	260,0	0	976,02	5.k=1.moyenne	0,0	ERA5
1068972	11/12/2025	12	11/12/2025	07	HNE	-7,9	0	-10,0	0	85,0	0	27,0	0	260,0	0	976,06	5.k=1.moyenne	0,0	ERA5
1068973	11/12/2025	13	11/12/2025	08	HNE	-9,1	0	-11,5	0	82,0	0	23,0	0	250,0	0	975,903	5.k=1.moyenne	26,4	ERA5
1068974	11/12/2025	14	11/12/2025	09	HNE	-9,7	0	-12,7	0	79,0	0	21,0	0	250,0	0	976,043	5.k=1.moyenne	243,7	ERA5
1068975	11/12/2025	15	11/12/2025	10	HNE	-10,1	0	-13,2	0	78,0	0	24,0	0	250,0	0	976,012	5.k=1.moyenne	539,8	ERA5
1068976	11/12/2025	16	11/12/2025	11	HNE	-10,3	0	-13,9	0	75,0	0	24,0	0	260,0	0	975,596	5.k=1.moyenne	842,4	ERA5
1068977	11/12/2025	17	11/12/2025	12	HNE	-10,5	0	-13,9	0	76,0	0	23,0	0	260,0	0	975,244	5.k=1.moyenne	752,7	ERA5
1068978	11/12/2025	18	11/12/2025	13	HNE	-10,4	0	-13,4	0	79,0	0	20,0	0	250,0	0	975,118	5.k=1.moyenne	568,8	ERA5
1068979	11/12/2025	19	11/12/2025	14	HNE	-10,3	0	-12,8	0	82,0	0	16,0	0	250,0	0	975,137	5.k=1.moyenne	683,8	ERA5
1068980	11/12/2025	20	11/12/2025	15	HNE	-10,1	0	-13,1	0	79,0	0	19,0	0	260,0	0	975,628	5.k=1.moyenne	383,7	ERA5
1068981	11/12/2025	21	11/12/2025	16	HNE	-9,8	0	-12,6	0	80,0	0	22,0	0	260,0	0	975,977	5.k=1.moyenne	121,0	ERA5
1068982	11/12/2025	22	11/12/2025	17	HNE	-9,6	0	-12,2	0	81,0	0	24,0	0	270,0	0	976,409	5.k=1.moyenne	0,6	ERA5
1068983	11/12/2025	23	11/12/2025	18	HNE	-9,6	0	-11,6	0	85,0	0	24,0	0	270,0	0	976,536	5.k=1.moyenne	0,0	ERA5
1068984	12/12/2025	00	11/12/2025	19	HNE	-9,3	0	-11,6	0	83,0	0	18,0	0	270,0	0	976,686	5.k=1.moyenne	0,0	ERA5
1068985	12/12/2025	01	11/12/2025	20	HNE	-9,4	0	-11,6	0	84,0	0	18,0	0	270,0	0	976,795	5.k=1.moyenne	0,0	ERA5
1068986	12/12/2025	02	11/12/2025	21	HNE	-9,4	0	-12,0	0	81,0	0	20,0	0	270,0	0	976,885	5.k=1.moyenne	0,0	ERA5
1068987	12/12/2025	03	11/12/2025	22	HNE	-9,3	0	-12,1	0	80,0	0	19,0	0	270,0	0	976,936	5.k=1.moyenne	0,0	ERA5
1068988	12/12/2025	04	11/12/2025	23	HNE	-9,4	0	-12,2	0	80,0	0	15,0	0	270,0	0	976,967	5.k=1.moyenne	0,0	ERA5
1068989	12/12/2025	05	12/12/2025	00	HNE	-9,1	0	-13,0	0	74,0	0	18,0	0	260,0	0	976,876	5.k=1.moyenne	0,0	ERA5
1068990	12/12/2025	06	12/12/2025	01	HNE	-9,2	0	-12,6	0	76,0	0	20,0	0	270,0	0	976,876	5.k=1.moyenne	0,0	ERA5
1068991	12/12/2025	07	12/12/2025	02	HNE	-9,7	0	-12,7	0	79,0	0	22,0	0	260,0	0	977,13	5.k=1.moyenne	0,0	ERA5
1068992	12/12/2025	08	12/12/2025	03	HNE	-10,0	0	-13,3	0	77,0	0	20,0	0	260,0	0	977,119	5.k=1.moyenne	0,0	ERA5
1068993	12/12/2025	09	12/12/2025	04	HNE	-10,3	0	-13,3	0	79,0	0	22,0	0	250,0	0	977,007	5.k=1.moyenne	0,0	ERA5
1068994	12/12/2025	10	12/12/2025	05	HNE	-10,6	0	-13,3	0	80,0	0	22,0	0	250,0	0	977,039	5.k=1.moyenne	0,0	ERA5
1068995	12/12/2025	11	12/12/2025	06	HNE	-10,7	0	-13,3	0	81,0	0	19,0	0	270,0	0	977,704	5.k=1.moyenne	0,0	ERA5
1068996	12/12/2025	12	12/12/2025	07	HNE	-10,1	0	-13,2	0	78,0	0	20,0	0	260,0	0	978,268	5.k=1.moyenne	0,0	ERA5
1068997	12/12/2025	13	12/12/2025	08	HNE	-9,6	0	-12,9	0	77,0	0	18,0	0	250,0	0	978,852	5.k=1.moyenne	30,0	ERA5
1068998	12/12/2025	14	12/12/2025	09	HNE	-9,1	0	-12,3	0	78,0	0	18,0	0	260,0	0	979,499	5.k=1.moyenne	287,9	ERA5
1068999	12/12/2025	15	12/12/2025	10	HNE	-8,1	0	-12,0	0	73,0	0	17,0	0	260,0	0	979,983	5.k=1.moyenne	529,6	ERA5
1069000	12/12/2025	16	12/12/2025	11	HNE	-7,5	0	-11,9	0	70,0	0	22,0	0	260,0	0	980,304	5.k=1.moyenne	814,5	ERA5
1069001	12/12/2025	17	12/12/2025	12	HNE	-7,1	0	-11,3	0	72,0	0	15,0	0	270,0	0	980,707	5.k=1.moyenne	1053,4	ERA5
1069002	12/12/2025	18	12/12/2025	13	HNE	-6,8	0	-10,9	0	72,0	0	15,0	0	260,0	0	981,295	5.k=1.moyenne	1071,5	ERA5
1069003	12/12/2025	19	12/12/2025	14	HNE	-6,4	0	-10,8	0	71,0	0	21,0	0	270,0	0	981,984	5.k=1.moyenne	659,9	ERA5
1069004	12/12/2025	20	12/12/2025	15	HNE	-5,7	0	-10,9	0	67,0	0	17,0	0	250,0	0	983,205	5.k=1.moyenne	362,5	ERA5
1069005	12/12/2025	21	12/12/2025	16	HNE	-6,1	0	-10,7	0	70,0	0	15,0	0	250,0	0	984,242	5.k=1.moyenne	109,7	ERA5
1069006	12/12/2025	22	12/12/2025	17	HNE	-6,8	0	-11,0	0	72,0	0	10,0	0	260,0	0	985,402	5.k=1.moyenne	0,6	ERA5
1069007	12/12/2025	23	12/12/2025	18	HNE	-6,9	0	-10,9	0	73,0	0	11,0	0	250,0	0	986,318	5.k=1.moyenne	0,0	ERA5
1069008	13/12/2025	00	12/12/2025	19	HNE	-7,7	0	-11,4	0	75,0	0	6,0	0	250,0	0	987,111	5.k=1.moyenne	0,0	ERA5
1069009	13/12/2025	01	12/12/2025	20	HNE	-8,5	0	-11,9	0	76,0	0	7,0	0	250,0	0	987,823	5.k=1.moyenne	0,0	ERA5
1069010	13/12/2025	02	12/12/2025	21	HNE	-9,4	0	-12,7	0	77,0	0	9,0	0	240,0	0	988,351	5.k=1.moyenne	0,0	ERA5
1069011	13/12/2025	03	12/12/2025	22	HNE	-9,5	0	-12,6	0	78,0	0	9,0	0	250,0	0	989,002	5.k=1.moyenne	0,0	ERA5
1069012	13/12/2025	04	12/12/2025	23	HNE	-10,1	0	-12,7	0	82,0	0	9,0	0	220,0	0	989,592	5.k=1.moyenne	0,0	ERA5
1069013	13/12/2025	05	13/12/2025	00	HNE	-10,0	0	-12,7	0	80,0	0	8,0	0	220,0	0	990,203	5.k=1.moyenne	0,0	ERA5
1069014	13/12/2025	06	13/12/2025	01	HNE	-13,1	0	-15,2	0	84,0	0	7,0	0	220,0	0	990,203	5.k=1.moyenne	0,0	ERA5
1069015	13/12/2025	07	13/12/2025	02	HNE	-14,0	0	-15,7	0	87,0	0	6,0	0	180,0	0	990,997	5.k=1.moyenne	0,0	ERA5
1069016	13/12/2025	08	13/12/2025	03	HNE	-13,7	0	-15,4	0	87,0	0	6,0	0	170,0	0	991,441	5.k=1.moyenne	0,0	ERA5
1069017	13/12/2025	09	13/12/2025	04	HNE	-13,2	0	-14,7	0	88,0	0	3,0	0	150,0	0	991,678	5.k=1.moyenne	0,0	ERA5
1069018	13/12/2025	10	13/12/2025	05	HNE	-15,0	0	-16,7	0	86,0	0	4,0	0	120,0	0	991,872	5.k=1.moyenne	0,0	ERA5
1069019	13/12/2025	11	13/12/2025	06	HNE	-12,9	0	-14,3	0	89,0	0	4,0	0	130,0	0	992,185	5.k=1.moyenne	0,0	ERA5
1069020	13/12/2025	12	13/12/2025	07	HNE	-10,7	0	-12,1	0	90,0	0	7,0	0	120,0	0	992,537	5.k=1.moyenne	0,0	ERA5
1069021	13/12/2025	13	13/12/2025	08	HNE	-9,1	0	-10,6	0	89,0	0	7,0	0	120,0	0	992,54	5.k=1.moyenne	29,0	ERA5
1069022	13/12/2025	14	13/12/2025	09	HNE	-8,2	0	-10,2	0	86,0	0	6,0	0	150,0	0	992,765	5.k=1.moyenne	267,7	ERA5
1069023	13/12/2025	15	13/12/2025	10	HNE	-5,7	0	-8,2	0	83,0	0	6,0	0	150,0	0	993,03	5.k=1.moyenne	546,2	ERA5
1069024	13/12/2025	16	13/12/2025	11	HNE	-4,7	0	-6,8	0	85,0	0	2,0	0	200,0	0	992,517	5.k=1.moyenne	727,8	ERA5
1069025	13/12/2025	17	13/12/2025	12	HNE	-3,7	0	-5,8	0	85,0	0	2,0	0	220,0	0	992,125	5.k=1.moyenne	801,4	ERA5
1069026	13/12/2025	18	13/12/2025	13	HNE	-2,5	0	-4,0	0	89,0	0	17,0	0	180,0	0	991,753	5.k=1.moyenne	631,3	ERA5
1069027	13/12/2025	19	13/12/2025	14	HNE	-2,3	0	-3,7	0	90,0	0	16,0	0	170,0	0	991,705	5.k=1.moyenne	568,5	ERA5
1069028	13/12/2025	20	13/12/2025	15	HNE	-2,2	0	-5,0	0	81,0	0	19,0	0	170,0	0	991,922	5.k=1.moyenne	383,8	ERA5
1069029	13/12/2025	21	13/12/2025	16	HNE	-2,1	0	-4,3	0	85,0	0	19,0	0	190,0	0	992,342	5.k=1.moyenne	134,7	ERA5
1069030	13/12/2025	22	13/12/2025	17	HNE	-2,3	0	-4,5	0	85,0	0	19,0	0	180,0	0	992,74	5.k=1.moyenne	0,6	ERA5
1069031	13/12/2025	23	13/12/2025	18	HNE	-2,7	0	-5,6	0	80,0	0	21,0	0	190,0	0	993,26	5.k=1.moyenne	0,0	ERA5
1069032	14/12/2025	00	13/12/2025	19	HNE	-2,6	0	-7,5	0	69,0	0	17,0	0	230,0	0	993,616	5.k=1.moyenne	0,0	ERA5
1069033	14/12/2025	01	13/12/2025	20	HNE	-2,7	0	-8,9	0	62,0	0	17,0	0	230,0	0	993,828	5.k=1.moyenne	0,0	ERA5
1069034	14/12/2025	02	13/12/2025	21	HNE	-5,2	0	-10,3	0	67,0	0	7,0	0	230,0	0	993,917	5.k=1.moyenne	0,0	ERA5
1069035	14/12/2025	03	13/12/2025	22	HNE	-6,5	0	-10,8	0	71,0	0	4,0	0	240,0	0	993,965	5.k=1.moyenne	0,0	ERA5
1069036	14/12/2025	04	13/12/2025	23	HNE	-8,8	0	-12,4	0	75,0	0	9,0	0	180,0	0	994,339	5.k=1.moyenne	0,0	ERA5
1069037	14/12/2025	05	14/12/2025	00	HNE	-8,9	0	-12,3	0	76,0	0	9,0	0	210,0	0	994,61	5.k=1.moyenne	0,0	ERA5
1069038	14/12/2025	06	14/12/2025	01	HNE	-9,6	0	-12,8	0	77,0	0	2,0	0	240,0	0	994,61	5.k=1.moyenne	0,0	ERA5
1069039	14/12/2025	07	14/12/2025	02	HNE	-11,0	0	-13,1	0	84,0	0	5,0	0	230,0	0	995,037	5.k=1.moyenne	0,0	ERA5
1069040	14/12/2025	08	14/12/2025	03	HNE	-7,0	0	-11,2	0	72,0	0	7,0	0	250,0	0	995,461	5.k=1.moyenne	0,0	ERA5
1069041	14/12/2025	09	14/12/2025	04	HNE	-6,8	0	-11,2	0	71,0	0	6,0	0	270,0	0	995,514	5.k=1.moyenne	0,0	ERA5
1069042	14/12/2025	10	14/12/2025	05	HNE	-7,1	0	-11,5	0	71,0	0	5,0	0	270,0	0	995,728	5.k=1.moyenne	0,0	ERA5
1069043	14/12/2025	11	14/12/2025	06	HNE	-7,4	0	-11,4	0	73,0	0	5,0	0	280,0	0	996,307	5.k=1.moyenne	0,0	ERA5
1069044	14/12/2025	12	14/12/2025	07	HNE	-8,0	0	-11,4	0	77,0	0	6,0	0	260,0	0	996,781	5.k=1.moyenne	0,0	ERA5
1069045	14/12/2025	13	14/12/2025	08	HNE	-8,0	0	-11,3	0	77,0	0	6,0	0	270,0	0	997,335	5.k=1.moyenne	33,5	ERA5
1069046	14/12/2025	14	14/12/2025	09	HNE	-7,8	0	-11,1	0	77,0	0	9,0	0	300,0	0	997,765	5.k=1.moyenne	372,8	ERA5
1069047	14/12/2025	15	14/12/2025	10	HNE	-6,7	0	-11,1	0	71,0	0	5,0	0	330,0	0	998,05	5.k=1.moyenne	804,9	ERA5
1069048	14/12/2025	16	14/12/2025	11	HNE	-6,5	0	-12,3	0	63,0	0	4,0	0	330,0	0	997,782	5.k=1.moyenne	1087,6	ERA5
1069049	14/12/2025	17	14/12/2025	12	HNE	-6,2	0	-16,5	0	44,0	0	5,0	0	350,0	0	997,431	5.k=1.moyenne	1166,3	ERA5
1069050	14/12/2025	18	14/12/2025	13	HNE	-6,3	0	-16,5	0	44,0	0	9,0	0	300,0	0	997,303	5.k=1.moyenne	1145,8	ERA5
1069051	14/12/2025	19	14/12/2025	14	HNE	-6,8	0	-16,8	0	45,0	0	8,0	0	280,0	0	997,378	5.k=1.moyenne	1095,9	ERA5
1069052	14/12/2025	20	14/12/2025	15	HNE	-8,1	0	-16,7	0	50,0	0	11,0	0	270,0	0	997,718	5.k=1.moyenne	702,6	ERA5
1069053	14/12/2025	21	14/12/2025	16	HNE	-10,1	0	-17,2	0	56,0	0	9,0	0	270,0	0	997,954	5.k=1.moyenne	226,7	ERA5
1069054	14/12/2025	22	14/12/2025	17	HNE	-11,0	0	-17,6	0	58,0	0	10,0	0	270,0	0	998,352	5.k=1.moyenne	1,0	ERA5
1069055	14/12/2025	23	14/12/2025	18	HNE	-11,0	0	-17,5	0	59,0	0	10,0	0	280,0	0	998,627	5.k=1.moyenne	0,0	ERA5
1069056	15/12/2025	00	14/12/2025	19	HNE	-11,5	0	-17,3	0	62,0	0	9,0	0	300,0	0	998,697	5.k=1.moyenne	0,0	ERA5
1069057	15/12/2025	01	14/12/2025	20	HNE	-12,0	0	-17,3	0	65,0	0	10,0	0	310,0	0	998,685	5.k=1.moyenne	0,0	ERA5
1069058	15/12/2025	02	14/12/2025	21	HNE	-12,9	0	-17,6	0	68,0	0	8,0	0	300,0	0	998,366	5.k=1.moyenne	0,0	ERA5
1069059	15/12/2025	03	14/12/2025	22	HNE	-13,7	0	-17,7	0	72,0	0	7,0	0	290,0	0	998,006	5.k=1.moyenne	0,0	ERA5
1069060	15/12/2025	04	14/12/2025	23	HNE	-14,0	0	-17,7	0	74,0	0	11,0	0	270,0	0	997,563	5.k=1.moyenne	0,0	ERA5
1069061	15/12/2025	05	15/12/2025	00	HNE	-14,3	0	-17,4	0	77,0	0	15,0	0	270,0	0	997,099	5.k=1.moyenne	0,0	ERA5
1069062	15/12/2025	06	15/12/2025	01	HNE	-13,8	0	-17,0	0	77,0	0	14,0	0	270,0	0	997,099	5.k=1.moyenne	0,0	ERA5
1069063	15/12/2025	07	15/12/2025	02	HNE	-14,1	0	-17,4	0	76,0	0	14,0	0	280,0	0	997,002	5.k=1.moyenne	0,0	ERA5
1069064	15/12/2025	08	15/12/2025	03	HNE	-14,6	0	-18,1	0	74,0	0	13,0	0	260,0	0	996,784	5.k=1.moyenne	0,0	ERA5
1069065	15/12/2025	09	15/12/2025	04	HNE	-13,9	0	-17,1	0	77,0	0	18,0	0	280,0	0	996,282	5.k=1.moyenne	0,0	ERA5
1069066	15/12/2025	10	15/12/2025	05	HNE	-14,0	0	-16,8	0	79,0	0	17,0	0	270,0	0	995,944	5.k=1.moyenne	0,0	ERA5
1069067	15/12/2025	11	15/12/2025	06	HNE	-14,0	0	-17,4	0	75,0	0	16,0	0	270,0	0	995,79	5.k=1.moyenne	0,0	ERA5
1069068	15/12/2025	12	15/12/2025	07	HNE	-13,7	0	-16,7	0	78,0	0	15,0	0	250,0	0	995,457	5.k=1.moyenne	0,0	ERA5
1069069	15/12/2025	13	15/12/2025	08	HNE	-13,6	0	-16,5	0	79,0	0	19,0	0	260,0	0	995,378	5.k=1.moyenne	33,0	ERA5
1069070	15/12/2025	14	15/12/2025	09	HNE	-12,9	0	-15,9	0	78,0	0	17,0	0	260,0	0	995,03	5.k=1.moyenne	327,6	ERA5
1069071	15/12/2025	15	15/12/2025	10	HNE	-12,1	0	-15,4	0	76,0	0	17,0	0	270,0	0	994,543	5.k=1.moyenne	725,8	ERA5
1069072	15/12/2025	16	15/12/2025	11	HNE	-11,4	0	-14,9	0	75,0	0	14,0	0	270,0	0	993,516	5.k=1.moyenne	1024,8	ERA5
1069073	15/12/2025	17	15/12/2025	12	HNE	-10,3	0	-14,8	0	70,0	0	15,0	0	260,0	0	992,529	5.k=1.moyenne	1132,8	ERA5
1069074	15/12/2025	18	15/12/2025	13	HNE	-9,7	0	-14,5	0	68,0	0	14,0	0	250,0	0	991,904	5.k=1.moyenne	1148,0	ERA5
1069075	15/12/2025	19	15/12/2025	14	HNE	-9,0	0	-14,0	0	67,0	0	13,0	0	270,0	0	991,758	5.k=1.moyenne	929,9	ERA5
1069076	15/12/2025	20	15/12/2025	15	HNE	-8,3	0	-13,6	0	65,0	0	12,0	0	270,0	0	991,89	5.k=1.moyenne	532,0	ERA5
1069077	15/12/2025	21	15/12/2025	16	HNE	-8,2	0	-13,1	0	68,0	0	10,0	0	250,0	0	992,029	5.k=1.moyenne	175,6	ERA5
1069078	15/12/2025	22	15/12/2025	17	HNE	-8,1	0	-13,0	0	67,0	0	7,0	0	250,0	0	992,127	5.k=1.moyenne	1,0	ERA5
1069079	15/12/2025	23	15/12/2025	18	HNE	-8,2	0	-12,7	0	70,0	0	5,0	0	240,0	0	992,266	5.k=1.moyenne	0,0	ERA5
1069080	16/12/2025	00	15/12/2025	19	HNE	-8,5	0	-11,5	0	79,0	0	7,0	0	180,0	0	992,446	5.k=1.moyenne	0,0	ERA5
1069081	16/12/2025	01	15/12/2025	20	HNE	-8,5	0	-11,2	0	80,0	0	9,0	0	190,0	0	992,422	5.k=1.moyenne	0,0	ERA5
1069082	16/12/2025	02	15/12/2025	21	HNE	-8,4	0	-11,0	0	82,0	0	8,0	0	180,0	0	992,399	5.k=1.moyenne	0,0	ERA5
1069083	16/12/2025	03	15/12/2025	22	HNE	-8,2	0	-10,3	0	85,0	0	8,0	0	190,0	0	992,294	5.k=1.moyenne	0,0	ERA5
1069084	16/12/2025	04	15/12/2025	23	HNE	-8,6	0	-10,3	0	88,0	0	9,0	0	170,0	0	992,231	5.k=1.moyenne	0,0	ERA5
1069085	16/12/2025	05	16/12/2025	00	HNE	-10,3	0	-11,9	0	88,0	0	10,0	0	180,0	0	992,331	5.k=1.moyenne	0,0	ERA5
1069086	16/12/2025	06	16/12/2025	01	HNE	-7,6	0	-9,4	0	87,0	0	11,0	0	190,0	0	992,331	5.k=1.moyenne	0,0	ERA5
1069087	16/12/2025	07	16/12/2025	02	HNE	-6,6	0	-8,7	0	85,0	0	9,0	0	180,0	0	992,982	5.k=1.moyenne	0,0	ERA5
1069088	16/12/2025	08	16/12/2025	03	HNE	-7,0	0	-9,5	0	82,0	0	10,0	0	200,0	0	993,427	5.k=1.moyenne	0,0	ERA5
1069089	16/12/2025	09	16/12/2025	04	HNE	-7,1	0	-9,3	0	84,0	0	5,0	0	180,0	0	993,912	5.k=1.moyenne	0,0	ERA5
1069090	16/12/2025	10	16/12/2025	05	HNE	-6,9	0	-9,1	0	84,0	0	5,0	0	180,0	0	994,477	5.k=1.moyenne	0,0	ERA5
1069091	16/12/2025	11	16/12/2025	06	HNE	-4,8	0	-7,8	0	79,0	0	7,0	0	240,0	0	994,898	5.k=1.moyenne	0,0	ERA5
1069092	16/12/2025	12	16/12/2025	07	HNE	-5,2	0	-7,8	0	82,0	0	7,0	0	220,0	0	995,169	5.k=1.moyenne	0,0	ERA5
1069093	16/12/2025	13	16/12/2025	08	HNE	-6,4	0	-8,6	0	85,0	0	7,0	0	190,0	0	995,38	5.k=1.moyenne	31,2	ERA5
1069094	16/12/2025	14	16/12/2025	09	HNE	-6,0	0	-8,3	0	83,0	0	9,0	0	200,0	0	995,65	5.k=1.moyenne	349,1	ERA5
1069095	16/12/2025	15	16/12/2025	10	HNE	-4,9	0	-7,9	0	79,0	0	9,0	0	200,0	0	995,419	5.k=1.moyenne	745,4	ERA5
1069096	16/12/2025	16	16/12/2025	11	HNE	-3,8	0	-7,8	0	74,0	0	14,0	0	220,0	0	994,728	5.k=1.moyenne	1108,7	ERA5
1069097	16/12/2025	17	16/12/2025	12	HNE	-3,0	0	-7,9	0	69,0	0	12,0	0	220,0	0	994,055	5.k=1.moyenne	1272,3	ERA5
1069098	16/12/2025	18	16/12/2025	13	HNE	-1,9	0	-8,1	0	62,0	0	13,0	0	220,0	0	993,403	5.k=1.moyenne	1132,9	ERA5
1069099	16/12/2025	19	16/12/2025	14	HNE	-1,5	0	-8,2	0	60,0	0	8,0	0	230,0	0	992,889	5.k=1.moyenne	928,5	ERA5
1069100	16/12/2025	20	16/12/2025	15	HNE	-1,7	0	-8,2	0	61,0	0	8,0	0	240,0	0	992,635	5.k=1.moyenne	508,9	ERA5
1069101	16/12/2025	21	16/12/2025	16	HNE	-2,3	0	-8,6	0	62,0	0	14,0	0	210,0	0	992,022	5.k=1.moyenne	154,6	ERA5
1069102	16/12/2025	22	16/12/2025	17	HNE	-2,6	0	-7,8	0	67,0	0	9,0	0	210,0	0	991,639	5.k=1.moyenne	0,8	ERA5
1069103	16/12/2025	23	16/12/2025	18	HNE	-3,5	0	-7,9	0	72,0	0	14,0	0	160,0	0	990,664	5.k=1.moyenne	0,0	ERA5
1069104	17/12/2025	00	16/12/2025	19	HNE	-3,5	0	-6,9	0	77,0	0	12,0	0	200,0	0	989,893	5.k=1.moyenne	0,0	ERA5
1069105	17/12/2025	01	16/12/2025	20	HNE	-4,4	0	-7,5	0	79,0	0	11,0	0	200,0	0	988,978	5.k=1.moyenne	0,0	ERA5
1069106	17/12/2025	02	16/12/2025	21	HNE	-4,6	0	-7,5	0	80,0	0	11,0	0	200,0	0	987,941	5.k=1.moyenne	0,0	ERA5
1069107	17/12/2025	03	16/12/2025	22	HNE	-4,1	0	-7,3	0	78,0	0	12,0	0	170,0	0	987,005	5.k=1.moyenne	0,0	ERA5
1069108	17/12/2025	04	16/12/2025	23	HNE	-3,9	0	-7,3	0	77,0	0	17,0	0	180,0	0	986,212	5.k=1.moyenne	0,0	ERA5
1069109	17/12/2025	05	17/12/2025	00	HNE	-2,4	0	-6,3	0	75,0	0	26,0	0	190,0	0	985,133	5.k=1.moyenne	0,0	ERA5
1069110	17/12/2025	06	17/12/2025	01	HNE	-1,8	0	-5,6	0	75,0	0	24,0	0	180,0	0	985,133	5.k=1.moyenne	0,0	ERA5
1069111	17/12/2025	07	17/12/2025	02	HNE	-1,8	0	-5,9	0	74,0	0	28,0	0	180,0	0	984,484	5.k=1.moyenne	0,0	ERA5
1069112	17/12/2025	08	17/12/2025	03	HNE	-1,7	0	-5,8	0	73,0	0	32,0	0	180,0	0	983,638	5.k=1.moyenne	0,0	ERA5
1069113	17/12/2025	09	17/12/2025	04	HNE	-1,7	0	-5,8	0	73,0	0	29,0	0	180,0	0	982,716	5.k=1.moyenne	0,0	ERA5
1069114	17/12/2025	10	17/12/2025	05	HNE	-1,5	0	-5,8	0	72,0	0	26,0	0	180,0	0	982,125	5.k=1.moyenne	0,0	ERA5
1069115	17/12/2025	11	17/12/2025	06	HNE	-1,2	0	-4,8	0	77,0	0	22,0	0	190,0	0	981,887	5.k=1.moyenne	0,0	ERA5
1069116	17/12/2025	12	17/12/2025	07	HNE	-1,5	0	-5,0	0	76,0	0	27,0	0	180,0	0	981,611	5.k=1.moyenne	0,0	ERA5
1069117	17/12/2025	13	17/12/2025	08	HNE	-1,4	0	-5,2	0	75,0	0	27,0	0	180,0	0	981,445	5.k=1.moyenne	20,5	ERA5
1069118	17/12/2025	14	17/12/2025	09	HNE	-1,5	0	-5,0	0	77,0	0	31,0	0	180,0	0	981,603	5.k=1.moyenne	190,3	ERA5
1069119	17/12/2025	15	17/12/2025	10	HNE	-0,8	0	-4,0	0	79,0	0	31,0	0	180,0	0	981,625	5.k=1.moyenne	381,8	ERA5
1069120	17/12/2025	16	17/12/2025	11	HNE	-0,4	0	-3,5	0	79,0	0	24,0	0	190,0	0	981,289	5.k=1.moyenne	374,7	ERA5
1069121	17/12/2025	17	17/12/2025	12	HNE	-0,4	0	-2,1	0	88,0	0	19,0	0	190,0	0	981,037	5.k=1.moyenne	335,0	ERA5
1069122	17/12/2025	18	17/12/2025	13	HNE	-0,1	0	-1,7	0	89,0	0	23,0	0	180,0	0	981,205	5.k=1.moyenne	427,9	ERA5
1069123	17/12/2025	19	17/12/2025	14	HNE	0,6	0	-0,5	0	93,0	0	14,0	0	200,0	0	981,994	5.k=1.moyenne	207,2	ERA5
1069124	17/12/2025	20	17/12/2025	15	HNE	3,6	0	0,6	0	80,0	0	22,0	0	240,0	0	983,112	5.k=1.moyenne	160,8	ERA5
1069125	17/12/2025	21	17/12/2025	16	HNE	3,1	0	0,9	0	85,0	0	20,0	0	250,0	0	984,211	5.k=1.moyenne	47,3	ERA5
1069126	17/12/2025	22	17/12/2025	17	HNE	2,6	0	0,9	0	89,0	0	18,0	0	260,0	0	985,517	5.k=1.moyenne	0,5	ERA5
1069127	17/12/2025	23	17/12/2025	18	HNE	2,5	0	0,9	0	89,0	0	14,0	0	250,0	0	986,844	5.k=1.moyenne	0,0	ERA5
1069128	18/12/2025	00	17/12/2025	19	HNE	2,7	0	0,7	0	87,0	0	18,0	0	270,0	0	988,48	5.k=1.moyenne	0,0	ERA5
1069129	18/12/2025	01	17/12/2025	20	HNE	2,2	0	-1,2	0	78,0	0	16,0	0	290,0	0	990,158	5.k=1.moyenne	0,0	ERA5
1069130	18/12/2025	02	17/12/2025	21	HNE	1,3	0	-2,4	0	77,0	0	17,0	0	290,0	0	991,796	5.k=1.moyenne	0,0	ERA5
1069131	18/12/2025	03	17/12/2025	22	HNE	1,0	0	-3,7	0	71,0	0	12,0	0	290,0	0	993,272	5.k=1.moyenne	0,0	ERA5
1069132	18/12/2025	04	17/12/2025	23	HNE	0,4	0	-4,4	0	70,0	0	8,0	0	300,0	0	994,607	5.k=1.moyenne	0,0	ERA5
1069133	18/12/2025	05	18/12/2025	00	HNE	-1,1	0	-5,2	0	73,0	0	7,0	0	290,0	0	995,452	5.k=1.moyenne	0,0	ERA5
1069134	18/12/2025	06	18/12/2025	01	HNE	-3,2	0	-5,8	0	82,0	0	4,0	0	230,0	0	995,452	5.k=1.moyenne	0,0	ERA5
1069135	18/12/2025	07	18/12/2025	02	HNE	-5,2	0	-6,9	0	88,0	0	2,0	0	180,0	0	996,493	5.k=1.moyenne	0,0	ERA5
1069136	18/12/2025	08	18/12/2025	03	HNE	-6,1	0	-7,1	0	93,0	0	7,0	0	160,0	0	997,241	5.k=1.moyenne	0,0	ERA5
1069137	18/12/2025	09	18/12/2025	04	HNE	-6,1	0	-6,6	0	96,0	0	3,0	0	170,0	0	997,86	5.k=1.moyenne	0,0	ERA5
1069138	18/12/2025	10	18/12/2025	05	HNE	-7,4	0	-8,1	0	95,0	0	0,0	0	0,0	0	998,331	5.k=1.moyenne	0,0	ERA5
1069139	18/12/2025	11	18/12/2025	06	HNE	-6,5	0	-7,7	0	91,0	0	4,0	0	160,0	0	999,184	5.k=1.moyenne	0,0	ERA5
1069140	18/12/2025	12	18/12/2025	07	HNE	-6,7	0	-7,8	0	92,0	0	2,0	0	130,0	0	999,96	5.k=1.moyenne	0,0	ERA5
1069141	18/12/2025	13	18/12/2025	08	HNE	-4,0	0	-7,0	0	80,0	0	10,0	0	130,0	0	1000,09	5.k=1.moyenne	16,4	ERA5
1069142	18/12/2025	14	18/12/2025	09	HNE	-2,1	0	-5,7	0	76,0	0	12,0	0	140,0	0	1000,09	5.k=1.moyenne	227,7	ERA5
1069143	18/12/2025	15	18/12/2025	10	HNE	-1,2	0	-4,8	0	76,0	0	10,0	0	140,0	0	1000,05	5.k=1.moyenne	561,9	ERA5
1069144	18/12/2025	16	18/12/2025	11	HNE	1,4	0	-2,9	0	73,0	0	20,0	0	160,0	0	999,391	5.k=1.moyenne	958,4	ERA5
1069145	18/12/2025	17	18/12/2025	12	HNE	2,6	0	-2,3	0	70,0	0	26,0	0	170,0	0	998,425	5.k=1.moyenne	1270,0	ERA5
1069146	18/12/2025	18	18/12/2025	13	HNE	2,9	0	-2,0	0	71,0	0	28,0	0	170,0	0	997,516	5.k=1.moyenne	1203,4	ERA5
1069147	18/12/2025	19	18/12/2025	14	HNE	3,3	0	-2,2	0	67,0	0	30,0	0	170,0	0	996,405	5.k=1.moyenne	900,1	ERA5
1069148	18/12/2025	20	18/12/2025	15	HNE	4,0	0	-2,4	0	63,0	0	32,0	0	170,0	0	995,491	5.k=1.moyenne	520,7	ERA5
1069149	18/12/2025	21	18/12/2025	16	HNE	4,4	0	-2,6	0	60,0	0	35,0	0	180,0	0	994,49	5.k=1.moyenne	190,8	ERA5
1069150	18/12/2025	22	18/12/2025	17	HNE	4,8	0	-2,4	0	59,0	0	33,0	0	180,0	0	993,737	5.k=1.moyenne	1,2	ERA5
1069151	18/12/2025	23	18/12/2025	18	HNE	5,0	0	-2,3	0	59,0	0	37,0	0	180,0	0	993,002	5.k=1.moyenne	0,0	ERA5
1069152	19/12/2025	00	18/12/2025	19	HNE	5,0	0	-2,1	0	60,0	0	38,0	0	180,0	0	992,347	5.k=1.moyenne	0,0	ERA5
1069153	19/12/2025	01	18/12/2025	20	HNE	5,0	0	-1,8	0	62,0	0	38,0	0	170,0	0	991,548	5.k=1.moyenne	0,0	ERA5
1069154	19/12/2025	02	18/12/2025	21	HNE	4,9	0	-1,6	0	63,0	0	30,0	0	190,0	0	990,686	5.k=1.moyenne	0,0	ERA5
1069155	19/12/2025	03	18/12/2025	22	HNE	5,2	0	-1,1	0	64,0	0	45,0	0	180,0	0	989,639	5.k=1.moyenne	0,0	ERA5
1069156	19/12/2025	04	18/12/2025	23	HNE	5,2	0	0,1	0	70,0	0	46,0	0	170,0	0	988,774	5.k=1.moyenne	0,0	ERA5
1069157	19/12/2025	05	19/12/2025	00	HNE	5,6	0	1,6	0	75,0	0	51,0	0	170,0	0	987,664	5.k=1.moyenne	0,0	ERA5
1069158	19/12/2025	06	19/12/2025	01	HNE	5,7	0	2,2	0	78,0	0	48,0	0	180,0	0	987,664	5.k=1.moyenne	0,0	ERA5
1069159	19/12/2025	07	19/12/2025	02	HNE	6,0	0	3,0	0	81,0	0	39,0	0	170,0	0	986,808	5.k=1.moyenne	0,0	ERA5
1069160	19/12/2025	08	19/12/2025	03	HNE	6,4	0	3,7	0	83,0	0	41,0	0	170,0	0	985,791	5.k=1.moyenne	0,0	ERA5
1069161	19/12/2025	09	19/12/2025	04	HNE	7,0	0	3,4	0	78,0	0	49,0	0	170,0	0	984,288	5.k=1.moyenne	0,0	ERA5
1069162	19/12/2025	10	19/12/2025	05	HNE	7,4	0	4,5	0	81,0	0	48,0	0	160,0	0	982,911	5.k=1.moyenne	0,0	ERA5
1069163	19/12/2025	11	19/12/2025	06	HNE	8,6	0	6,5	0	87,0	0	49,0	0	170,0	0	981,76	5.k=1.moyenne	0,0	ERA5
1069164	19/12/2025	12	19/12/2025	07	HNE	9,8	0	7,2	0	84,0	0	48,0	0	160,0	0	980,305	5.k=1.moyenne	0,0	ERA5
1069165	19/12/2025	13	19/12/2025	08	HNE	9,8	0	6,7	0	81,0	0	42,0	0	160,0	0	978,833	5.k=1.moyenne	17,7	ERA5
1069166	19/12/2025	14	19/12/2025	09	HNE	9,7	0	6,8	0	82,0	0	32,0	0	160,0	0	977,138	5.k=1.moyenne	139,6	ERA5
1069167	19/12/2025	15	19/12/2025	10	HNE	11,2	0	6,8	0	74,0	0	15,0	0	130,0	0	975,791	5.k=1.moyenne	413,5	ERA5
1069168	19/12/2025	16	19/12/2025	11	HNE	11,5	0	7,7	0	77,0	0	31,0	0	230,0	0	974,609	5.k=1.moyenne	423,4	ERA5
1069169	19/12/2025	17	19/12/2025	12	HNE	7,7	0	6,4	0	91,0	0	26,0	0	240,0	0	973,266	5.k=1.moyenne	252,8	ERA5
1069170	19/12/2025	18	19/12/2025	13	HNE	5,4	0	4,2	0	92,0	0	15,0	0	260,0	0	972,19	5.k=1.moyenne	120,7	ERA5
1069171	19/12/2025	19	19/12/2025	14	HNE	4,5	0	3,0	0	90,0	0	23,0	0	250,0	0	971,298	5.k=1.moyenne	68,5	ERA5
1069172	19/12/2025	20	19/12/2025	15	HNE	3,4	0	2,4	0	93,0	0	12,0	0	240,0	0	970,714	5.k=1.moyenne	219,7	ERA5
1069173	19/12/2025	21	19/12/2025	16	HNE	3,3	0	1,7	0	89,0	0	14,0	0	250,0	0	970,008	5.k=1.moyenne	44,4	ERA5
1069174	19/12/2025	22	19/12/2025	17	HNE	3,5	0	1,2	0	85,0	0	23,0	0	240,0	0	969,671	5.k=1.moyenne	0,6	ERA5
1069175	19/12/2025	23	19/12/2025	18	HNE	2,0	0	-0,65	4.lineaire	87,0	0	23,0	0	250,0	0	969,395	5.k=1.moyenne	0,0	ERA5
1069176	20/12/2025	00	19/12/2025	19	HNE	0,9	0	-2,5	0	78,0	0	29,0	0	240,0	0	969,304	5.k=1.moyenne	0,0	ERA5
1069177	20/12/2025	01	19/12/2025	20	HNE	0,4	0	-3,2	0	77,0	0	32,0	0	240,0	0	969,337	5.k=1.moyenne	0,0	ERA5
1069178	20/12/2025	02	19/12/2025	21	HNE	0,2	0	-5,8	0	64,0	0	35,0	0	250,0	0	969,574	5.k=1.moyenne	0,0	ERA5
1069179	20/12/2025	03	19/12/2025	22	HNE	-0,3	0	-6,4	0	64,0	0	31,0	0	250,0	0	970,526	5.k=1.moyenne	0,0	ERA5
1069180	20/12/2025	04	19/12/2025	23	HNE	-2,9	0	-4,8	0	86,0	0	21,0	0	260,0	0	971,867	5.k=1.moyenne	0,0	ERA5
1069181	20/12/2025	05	20/12/2025	00	HNE	-3,5	0	-10,2	0	60,0	0	24,0	0	300,0	0	973,187	5.k=1.moyenne	0,0	ERA5
1069182	20/12/2025	06	20/12/2025	01	HNE	-4,1	0	-10,4	0	62,0	0	21,0	0	280,0	0	973,187	5.k=1.moyenne	0,0	ERA5
1069183	20/12/2025	07	20/12/2025	02	HNE	-4,7	0	-12,0	0	57,0	0	31,0	0	280,0	0	975,6	5.k=1.moyenne	0,0	ERA5
1069184	20/12/2025	08	20/12/2025	03	HNE	-5,7	0	-12,3	0	60,0	0	27,0	0	280,0	0	977,817	5.k=1.moyenne	0,0	ERA5
1069185	20/12/2025	09	20/12/2025	04	HNE	-6,6	0	-12,9	0	61,0	0	23,0	0	280,0	0	979,716	5.k=1.moyenne	0,0	ERA5
1069186	20/12/2025	10	20/12/2025	05	HNE	-7,0	0	-13,6	0	59,0	0	26,0	0	290,0	0	982,034	5.k=1.moyenne	0,0	ERA5
1069187	20/12/2025	11	20/12/2025	06	HNE	-7,5	0	-13,3	0	63,0	0	21,0	0	270,0	0	984,118	5.k=1.moyenne	0,0	ERA5
1069188	20/12/2025	12	20/12/2025	07	HNE	-7,9	0	-13,4	0	65,0	0	14,0	0	280,0	0	986,111	5.k=1.moyenne	0,0	ERA5
1069189	20/12/2025	13	20/12/2025	08	HNE	-8,1	0	-13,6	0	65,0	0	13,0	0	280,0	0	987,995	5.k=1.moyenne	28,0	ERA5
1069190	20/12/2025	14	20/12/2025	09	HNE	-7,6	0	-13,5	0	62,0	0	12,0	0	270,0	0	989,463	5.k=1.moyenne	378,3	ERA5
1069191	20/12/2025	15	20/12/2025	10	HNE	-7,1	0	-13,2	0	62,0	0	12,0	0	270,0	0	990,455	5.k=1.moyenne	827,6	ERA5
1069192	20/12/2025	16	20/12/2025	11	HNE	-6,1	0	-12,1	0	63,0	0	13,0	0	260,0	0	990,767	5.k=1.moyenne	1141,6	ERA5
1069193	20/12/2025	17	20/12/2025	12	HNE	-5,3	0	-11,6	0	61,0	0	15,0	0	260,0	0	991,176	5.k=1.moyenne	1230,6	ERA5
1069194	20/12/2025	18	20/12/2025	13	HNE	-4,9	0	-10,7	0	64,0	0	10,0	0	280,0	0	991,294	5.k=1.moyenne	1230,1	ERA5
1069195	20/12/2025	19	20/12/2025	14	HNE	-4,8	0	-10,4	0	65,0	0	5,0	0	260,0	0	991,591	5.k=1.moyenne	518,4	ERA5
1069196	20/12/2025	20	20/12/2025	15	HNE	-4,2	0	-9,7	0	65,0	0	8,0	0	220,0	0	992,047	5.k=1.moyenne	333,1	ERA5
1069197	20/12/2025	21	20/12/2025	16	HNE	-4,0	0	-9,9	0	64,0	0	16,0	0	130,0	0	991,764	5.k=1.moyenne	101,6	ERA5
1069198	20/12/2025	22	20/12/2025	17	HNE	-3,2	0	-8,5	0	67,0	0	15,0	0	150,0	0	991,437	5.k=1.moyenne	0,9	ERA5
1069199	20/12/2025	23	20/12/2025	18	HNE	-2,5	0	-8,1	0	65,0	0	15,0	0	130,0	0	990,698	5.k=1.moyenne	0,0	ERA5
1069200	21/12/2025	00	20/12/2025	19	HNE	-1,1	0	-8,1	0	59,0	0	32,0	0	170,0	0	990,079	5.k=1.moyenne	0,0	ERA5
1069201	21/12/2025	01	20/12/2025	20	HNE	-0,7	0	-6,4	0	65,0	0	43,0	0	180,0	0	989,436	5.k=1.moyenne	0,0	ERA5
1069202	21/12/2025	02	20/12/2025	21	HNE	-0,3	0	-5,9	0	66,0	0	33,0	0	180,0	0	988,689	5.k=1.moyenne	0,0	ERA5
1069203	21/12/2025	03	20/12/2025	22	HNE	0,0	4.lineaire	-5,2	0	68,0	0	34,0	0	180,0	0	988,062	5.k=1.moyenne	0,0	ERA5
1069204	21/12/2025	04	20/12/2025	23	HNE	0,3	0	-4,8	0	69,0	0	30,0	0	170,0	0	987,514	5.k=1.moyenne	0,0	ERA5
1069205	21/12/2025	05	21/12/2025	00	HNE	0,4	0	-4,2	0	71,0	0	22,0	0	190,0	0	987,046	5.k=1.moyenne	0,0	ERA5
1069206	21/12/2025	06	21/12/2025	01	HNE	0,6	0	-4,4	0	69,0	0	18,0	0	190,0	0	987,046	5.k=1.moyenne	0,0	ERA5
1069207	21/12/2025	07	21/12/2025	02	HNE	1,0	0	-3,7	0	71,0	0	21,0	0	190,0	0	986,823	5.k=1.moyenne	0,0	ERA5
1069208	21/12/2025	08	21/12/2025	03	HNE	1,1	0	-3,2	0	73,0	0	17,0	0	190,0	0	986,397	5.k=1.moyenne	0,0	ERA5
1069209	21/12/2025	09	21/12/2025	04	HNE	1,3	0	-3,2	0	72,0	0	18,0	0	190,0	0	985,891	5.k=1.moyenne	0,0	ERA5
1069210	21/12/2025	10	21/12/2025	05	HNE	3,3	0	-4,0	0	59,0	0	21,0	0	230,0	0	985,519	5.k=1.moyenne	0,0	ERA5
1069211	21/12/2025	11	21/12/2025	06	HNE	3,8	0	-4,1	0	56,0	0	32,0	0	230,0	0	985,638	5.k=1.moyenne	0,0	ERA5
1069212	21/12/2025	12	21/12/2025	07	HNE	0,1	0	-2,2	0	85,0	0	23,0	0	260,0	0	986,095	5.k=1.moyenne	0,0	ERA5
1069213	21/12/2025	13	21/12/2025	08	HNE	-0,1	0	-7,3	0	58,0	0	30,0	0	260,0	0	986,9	5.k=1.moyenne	15,2	ERA5
1069214	21/12/2025	14	21/12/2025	09	HNE	-1,4	0	-10,1	0	52,0	0	23,0	0	260,0	0	987,89	5.k=1.moyenne	310,2	ERA5
1069215	21/12/2025	15	21/12/2025	10	HNE	-1,5	0	-10,9	0	48,0	0	30,0	0	270,0	0	988,901	5.k=1.moyenne	794,8	ERA5
1069216	21/12/2025	16	21/12/2025	11	HNE	-1,5	0	-10,9	0	48,0	0	31,0	0	270,0	0	989,606	5.k=1.moyenne	1044,3	ERA5
1069217	21/12/2025	17	21/12/2025	12	HNE	-1,4	0	-9,5	0	54,0	0	20,0	0	280,0	0	990,19	5.k=1.moyenne	753,0	ERA5
1069218	21/12/2025	18	21/12/2025	13	HNE	-2,1	0	-9,6	0	57,0	0	23,0	0	280,0	0	990,816	5.k=1.moyenne	757,3	ERA5
1069219	21/12/2025	19	21/12/2025	14	HNE	-2,3	0	-9,8	0	57,0	0	17,0	0	270,0	0	991,993	5.k=1.moyenne	575,3	ERA5
1069220	21/12/2025	20	21/12/2025	15	HNE	-2,5	0	-11,0	0	52,0	0	16,0	0	280,0	0	993,252	5.k=1.moyenne	482,3	ERA5
1069221	21/12/2025	21	21/12/2025	16	HNE	-2,9	0	-10,7	0	55,0	0	19,0	0	270,0	0	994,634	5.k=1.moyenne	175,8	ERA5
1069222	21/12/2025	22	21/12/2025	17	HNE	-3,4	0	-11,0	0	56,0	0	16,0	0	280,0	0	995,69	5.k=1.moyenne	1,7	ERA5
1069223	21/12/2025	23	21/12/2025	18	HNE	-4,2	0	-10,1	0	63,0	0	16,0	0	300,0	0	997,032	5.k=1.moyenne	0,0	ERA5
1069224	22/12/2025	00	21/12/2025	19	HNE	-5,1	0	-12,8	0	55,0	0	14,0	0	310,0	0	998,415	5.k=1.moyenne	0,0	ERA5
1069225	22/12/2025	01	21/12/2025	20	HNE	-7,1	0	-14,7	0	55,0	0	14,0	0	310,0	0	999,35	5.k=1.moyenne	0,0	ERA5
1069226	22/12/2025	02	21/12/2025	21	HNE	-8,3	0	-14,7	0	60,0	0	17,0	0	310,0	0	1000,33	5.k=1.moyenne	0,0	ERA5
1069227	22/12/2025	03	21/12/2025	22	HNE	-8,9	0	-14,9	0	62,0	0	10,0	0	300,0	0	1000,96	5.k=1.moyenne	0,0	ERA5
1069228	22/12/2025	04	21/12/2025	23	HNE	-9,3	0	-14,8	0	64,0	0	9,0	0	290,0	0	1001,63	5.k=1.moyenne	0,0	ERA5
1069229	22/12/2025	05	22/12/2025	00	HNE	-9,9	0	-14,5	0	69,0	0	12,0	0	270,0	0	1002,19	5.k=1.moyenne	0,0	ERA5
1069230	22/12/2025	06	22/12/2025	01	HNE	-10,3	0	-14,8	0	70,0	0	10,0	0	270,0	0	1002,19	5.k=1.moyenne	0,0	ERA5
1069231	22/12/2025	07	22/12/2025	02	HNE	-10,4	0	-15,0	0	69,0	0	11,0	0	280,0	0	1003,16	5.k=1.moyenne	0,0	ERA5
1069232	22/12/2025	08	22/12/2025	03	HNE	-10,5	0	-15,0	0	69,0	0	11,0	0	280,0	0	1003,97	5.k=1.moyenne	0,0	ERA5
1069233	22/12/2025	09	22/12/2025	04	HNE	-10,8	0	-14,3	0	76,0	0	13,0	0	280,0	0	1004,45	5.k=1.moyenne	0,0	ERA5
1069234	22/12/2025	10	22/12/2025	05	HNE	-11,3	0	-14,0	0	80,0	0	12,0	0	270,0	0	1005,06	5.k=1.moyenne	0,0	ERA5
1069235	22/12/2025	11	22/12/2025	06	HNE	-11,6	0	-14,8	0	77,0	0	10,0	0	280,0	0	1005,85	5.k=1.moyenne	0,0	ERA5
1069236	22/12/2025	12	22/12/2025	07	HNE	-11,8	0	-15,8	0	72,0	0	11,0	0	270,0	0	1006,42	5.k=1.moyenne	0,0	ERA5
1069237	22/12/2025	13	22/12/2025	08	HNE	-11,8	0	-15,8	0	72,0	0	10,0	0	270,0	0	1006,74	5.k=1.moyenne	24,9	ERA5
1069238	22/12/2025	14	22/12/2025	09	HNE	-10,7	0	-16,0	0	65,0	0	12,0	0	260,0	0	1006,99	5.k=1.moyenne	362,2	ERA5
1069239	22/12/2025	15	22/12/2025	10	HNE	-9,9	0	-14,3	0	70,0	0	11,0	0	280,0	0	1007,16	5.k=1.moyenne	793,4	ERA5
1069240	22/12/2025	16	22/12/2025	11	HNE	-9,3	0	-13,5	0	71,0	0	6,0	0	280,0	0	1006,68	5.k=1.moyenne	1073,6	ERA5
1069241	22/12/2025	17	22/12/2025	12	HNE	-8,3	0	-13,3	0	67,0	0	11,0	0	270,0	0	1006,17	5.k=1.moyenne	1128,1	ERA5
1069242	22/12/2025	18	22/12/2025	13	HNE	-7,8	0	-12,5	0	69,0	0	11,0	0	240,0	0	1005,7	5.k=1.moyenne	854,3	ERA5
1069243	22/12/2025	19	22/12/2025	14	HNE	-7,8	0	-11,3	0	76,0	0	8,0	0	230,0	0	1005,56	5.k=1.moyenne	707,3	ERA5
1069244	22/12/2025	20	22/12/2025	15	HNE	-7,5	0	-10,5	0	79,0	0	11,0	0	190,0	0	1005,56	5.k=1.moyenne	414,8	ERA5
1069245	22/12/2025	21	22/12/2025	16	HNE	-7,9	0	-10,0	0	85,0	0	11,0	0	140,0	0	1005,61	5.k=1.moyenne	124,5	ERA5
1069246	22/12/2025	22	22/12/2025	17	HNE	-7,8	0	-9,5	0	87,0	0	8,0	0	140,0	0	1005,69	5.k=1.moyenne	1,5	ERA5
1069247	22/12/2025	23	22/12/2025	18	HNE	-7,5	0	-9,0	0	89,0	0	5,0	0	100,0	0	1005,62	5.k=1.moyenne	0,0	ERA5
1069248	23/12/2025	00	22/12/2025	19	HNE	-7,2	0	-8,5	0	90,0	0	2,0	0	280,0	0	1005,57	5.k=1.moyenne	0,0	ERA5
1069249	23/12/2025	01	22/12/2025	20	HNE	-7,2	0	-8,5	0	90,0	0	4,0	0	20,0	0	1005,42	5.k=1.moyenne	0,0	ERA5
1069250	23/12/2025	02	22/12/2025	21	HNE	-7,9	0	-9,2	0	90,0	0	6,0	0	10,0	0	1005,45	5.k=1.moyenne	0,0	ERA5
1069251	23/12/2025	03	22/12/2025	22	HNE	-8,6	0	-9,9	0	90,0	0	3,0	0	70,0	0	1005,16	5.k=1.moyenne	0,0	ERA5
1069252	23/12/2025	04	22/12/2025	23	HNE	-8,2	0	-9,7	0	89,0	0	2,0	0	120,0	0	1004,94	5.k=1.moyenne	0,0	ERA5
1069253	23/12/2025	05	23/12/2025	00	HNE	-8,0	0	-9,3	0	90,0	0	3,0	0	190,0	0	1004,81	5.k=1.moyenne	0,0	ERA5
1069254	23/12/2025	06	23/12/2025	01	HNE	-7,6	0	-8,9	0	90,0	0	2,0	0	160,0	0	1004,81	5.k=1.moyenne	0,0	ERA5
1069255	23/12/2025	07	23/12/2025	02	HNE	-7,2	0	-8,5	0	90,0	0	4,0	0	80,0	0	1005,11	5.k=1.moyenne	0,0	ERA5
1069256	23/12/2025	08	23/12/2025	03	HNE	-6,8	0	-8,1	0	90,0	0	1,0	0	40,0	0	1005,23	5.k=1.moyenne	0,0	ERA5
1069257	23/12/2025	09	23/12/2025	04	HNE	-6,7	0	-8,3	0	88,0	0	4,0	0	60,0	0	1004,97	5.k=1.moyenne	0,0	ERA5
1069258	23/12/2025	10	23/12/2025	05	HNE	-6,5	0	-8,6	0	85,0	0	6,0	0	50,0	0	1004,78	5.k=1.moyenne	0,0	ERA5
1069259	23/12/2025	11	23/12/2025	06	HNE	-6,5	0	-8,7	0	84,0	0	4,0	0	80,0	0	1004,73	5.k=1.moyenne	0,0	ERA5
1069260	23/12/2025	12	23/12/2025	07	HNE	-6,6	0	-8,5	0	86,0	0	7,0	0	40,0	0	1004,66	5.k=1.moyenne	0,0	ERA5
1069261	23/12/2025	13	23/12/2025	08	HNE	-6,7	0	-9,0	0	83,0	0	8,0	0	50,0	0	1004,47	5.k=1.moyenne	8,3	ERA5
1069262	23/12/2025	14	23/12/2025	09	HNE	-6,5	0	-8,8	0	84,0	0	7,0	0	50,0	0	1004,5	5.k=1.moyenne	153,1	ERA5
1069263	23/12/2025	15	23/12/2025	10	HNE	-6,3	0	-8,6	0	84,0	0	7,0	0	20,0	0	1004,24	5.k=1.moyenne	301,8	ERA5
1069264	23/12/2025	16	23/12/2025	11	HNE	-6,3	0	-8,7	0	83,0	0	6,0	0	30,0	0	1003,43	5.k=1.moyenne	364,4	ERA5
1069265	23/12/2025	17	23/12/2025	12	HNE	-6,0	0	-8,3	0	83,0	0	7,0	0	50,0	0	1002,22	5.k=1.moyenne	453,1	ERA5
1069266	23/12/2025	18	23/12/2025	13	HNE	-5,5	0	-7,9	0	84,0	0	7,0	0	20,0	0	1001,41	5.k=1.moyenne	516,7	ERA5
1069267	23/12/2025	19	23/12/2025	14	HNE	-5,2	0	-7,5	0	84,0	0	10,0	0	30,0	0	1000,68	5.k=1.moyenne	249,4	ERA5
1069268	23/12/2025	20	23/12/2025	15	HNE	-5,7	0	-7,2	0	89,0	0	10,0	0	30,0	0	1000,44	5.k=1.moyenne	218,5	ERA5
1069269	23/12/2025	21	23/12/2025	16	HNE	-6,4	0	-7,5	0	92,0	0	10,0	0	30,0	0	1000,08	5.k=1.moyenne	83,6	ERA5
1069270	23/12/2025	22	23/12/2025	17	HNE	-6,5	0	-7,6	0	92,0	0	11,0	0	40,0	0	999,575	5.k=1.moyenne	1,0	ERA5
1069271	23/12/2025	23	23/12/2025	18	HNE	-6,6	0	-7,6	0	92,0	0	9,0	0	30,0	0	999,111	5.k=1.moyenne	0,0	ERA5
1069272	24/12/2025	00	23/12/2025	19	HNE	-6,7	0	-7,7	0	93,0	0	7,0	0	30,0	0	998,462	5.k=1.moyenne	0,0	ERA5
1069273	24/12/2025	01	23/12/2025	20	HNE	-6,3	0	-7,2	0	94,0	0	7,0	0	40,0	0	997,833	5.k=1.moyenne	0,0	ERA5
1069274	24/12/2025	02	23/12/2025	21	HNE	-5,9	0	-6,7	0	94,0	0	5,0	0	20,0	0	997,225	5.k=1.moyenne	0,0	ERA5
1069275	24/12/2025	03	23/12/2025	22	HNE	-5,6	0	-6,3	0	95,0	0	6,0	0	30,0	0	996,657	5.k=1.moyenne	0,0	ERA5
1069276	24/12/2025	04	23/12/2025	23	HNE	-5,2	0	-5,9	0	95,0	0	6,0	0	20,0	0	996,374	5.k=1.moyenne	0,0	ERA5
1069277	24/12/2025	05	24/12/2025	00	HNE	-5,4	0	-6,1	0	95,0	0	7,0	0	340,0	0	996,254	5.k=1.moyenne	0,0	ERA5
1069278	24/12/2025	06	24/12/2025	01	HNE	-6,4	0	-7,5	0	92,0	0	7,0	0	310,0	0	996,254	5.k=1.moyenne	0,0	ERA5
1069279	24/12/2025	07	24/12/2025	02	HNE	-6,6	0	-7,6	0	92,0	0	7,0	0	320,0	0	996,828	5.k=1.moyenne	0,0	ERA5
1069280	24/12/2025	08	24/12/2025	03	HNE	-6,6	0	-7,6	0	92,0	0	7,0	0	310,0	0	997,441	5.k=1.moyenne	0,0	ERA5
1069281	24/12/2025	09	24/12/2025	04	HNE	-6,8	0	-7,9	0	91,0	0	10,0	0	310,0	0	998,358	5.k=1.moyenne	0,0	ERA5
1069282	24/12/2025	10	24/12/2025	05	HNE	-6,8	0	-8,2	0	90,0	0	9,0	0	310,0	0	999,315	5.k=1.moyenne	0,0	ERA5
1069283	24/12/2025	11	24/12/2025	06	HNE	-6,5	0	-8,3	0	87,0	0	13,0	0	320,0	0	1000,54	5.k=1.moyenne	0,0	ERA5
1069284	24/12/2025	12	24/12/2025	07	HNE	-6,3	0	-8,5	0	84,0	0	12,0	0	330,0	0	1001,73	5.k=1.moyenne	0,0	ERA5
1069285	24/12/2025	13	24/12/2025	08	HNE	-6,2	0	-8,5	0	84,0	0	7,0	0	350,0	0	1002,81	5.k=1.moyenne	12,4	ERA5
1069286	24/12/2025	14	24/12/2025	09	HNE	-6,3	0	-8,7	0	83,0	0	9,0	0	330,0	0	1003,86	5.k=1.moyenne	175,2	ERA5
1069287	24/12/2025	15	24/12/2025	10	HNE	-6,1	0	-9,0	0	80,0	0	7,0	0	340,0	0	1004,57	5.k=1.moyenne	456,6	ERA5
1069288	24/12/2025	16	24/12/2025	11	HNE	-5,9	0	-9,1	0	78,0	0	7,0	0	330,0	0	1004,62	5.k=1.moyenne	749,9	ERA5
1069289	24/12/2025	17	24/12/2025	12	HNE	-5,4	0	-9,3	0	74,0	0	3,0	0	330,0	0	1004,51	5.k=1.moyenne	975,6	ERA5
1069290	24/12/2025	18	24/12/2025	13	HNE	-4,7	0	-9,7	0	68,0	0	7,0	0	320,0	0	1004,43	5.k=1.moyenne	1091,9	ERA5
1069291	24/12/2025	19	24/12/2025	14	HNE	-4,6	0	-9,2	0	70,0	0	7,0	0	280,0	0	1004,6	5.k=1.moyenne	843,9	ERA5
1069292	24/12/2025	20	24/12/2025	15	HNE	-4,4	0	-10,0	0	65,0	0	7,0	0	270,0	0	1004,96	5.k=1.moyenne	543,9	ERA5
1069293	24/12/2025	21	24/12/2025	16	HNE	-6,6	0	-10,5	0	74,0	0	4,0	0	240,0	0	1005,19	5.k=1.moyenne	169,6	ERA5
1069294	24/12/2025	22	24/12/2025	17	HNE	-11,9	0	-14,2	0	83,0	0	7,0	0	170,0	0	1005,01	5.k=1.moyenne	2,6	ERA5
1069295	24/12/2025	23	24/12/2025	18	HNE	-9,1	0	-11,3	0	84,0	0	6,0	0	190,0	0	1004,94	5.k=1.moyenne	0,0	ERA5
1069296	25/12/2025	00	24/12/2025	19	HNE	-4,6	0	-7,4	0	81,0	0	8,0	0	250,0	0	1004,68	5.k=1.moyenne	0,0	ERA5
1069297	25/12/2025	01	24/12/2025	20	HNE	-4,9	0	-8,1	0	78,0	0	15,0	0	230,0	0	1003,91	5.k=1.moyenne	0,0	ERA5
1069298	25/12/2025	02	24/12/2025	21	HNE	-5,1	0	-8,0	0	80,0	0	12,0	0	230,0	0	1002,97	5.k=1.moyenne	0,0	ERA5
1069299	25/12/2025	03	24/12/2025	22	HNE	-5,2	0	-8,2	0	80,0	0	7,0	0	240,0	0	1001,87	5.k=1.moyenne	0,0	ERA5
1069300	25/12/2025	04	24/12/2025	23	HNE	-5,3	0	-8,2	0	80,0	0	9,0	0	250,0	0	1001,02	5.k=1.moyenne	0,0	ERA5
1069301	25/12/2025	05	25/12/2025	00	HNE	-5,7	0	-7,7	0	85,0	0	7,0	0	200,0	0	1000,09	5.k=1.moyenne	0,0	ERA5
1069302	25/12/2025	06	25/12/2025	01	HNE	-5,7	0	-7,6	0	86,0	0	7,0	0	190,0	0	1000,09	5.k=1.moyenne	0,0	ERA5
1069303	25/12/2025	07	25/12/2025	02	HNE	-5,7	0	-7,3	0	88,0	0	7,0	0	200,0	0	999,424	5.k=1.moyenne	0,0	ERA5
1069304	25/12/2025	08	25/12/2025	03	HNE	-4,9	0	-5,7	0	94,0	0	16,0	0	200,0	0	998,581	5.k=1.moyenne	0,0	ERA5
1069305	25/12/2025	09	25/12/2025	04	HNE	-4,3	0	-5,0	0	95,0	0	22,0	0	190,0	0	997,356	5.k=1.moyenne	0,0	ERA5
1069306	25/12/2025	10	25/12/2025	05	HNE	-4,2	0	-4,9	0	95,0	0	19,0	0	200,0	0	996,544	5.k=1.moyenne	0,0	ERA5
1069307	25/12/2025	11	25/12/2025	06	HNE	-4,0	0	-4,9	0	93,0	0	11,0	0	230,0	0	996,308	5.k=1.moyenne	0,0	ERA5
1069308	25/12/2025	12	25/12/2025	07	HNE	-3,9	0	-4,3	0	96,0	0	9,0	0	280,0	0	996,26	5.k=1.moyenne	0,0	ERA5
1069309	25/12/2025	13	25/12/2025	08	HNE	-4,2	0	-5,2	0	92,0	0	8,0	0	300,0	0	996,482	5.k=1.moyenne	5,5	ERA5
1069310	25/12/2025	14	25/12/2025	09	HNE	-4,3	0	-6,4	0	85,0	0	9,0	0	300,0	0	996,911	5.k=1.moyenne	182,9	ERA5
1069311	25/12/2025	15	25/12/2025	10	HNE	-4,5	0	-7,0	0	82,0	0	8,0	0	310,0	0	997,181	5.k=1.moyenne	434,0	ERA5
1069312	25/12/2025	16	25/12/2025	11	HNE	-4,3	0	-8,5	0	72,0	0	11,0	0	310,0	0	997,004	5.k=1.moyenne	773,7	ERA5
1069313	25/12/2025	17	25/12/2025	12	HNE	-4,8	0	-9,3	0	71,0	0	14,0	0	330,0	0	997,055	5.k=1.moyenne	989,3	ERA5
1069314	25/12/2025	18	25/12/2025	13	HNE	-5,5	0	-12,0	0	60,0	0	10,0	0	350,0	0	997,577	5.k=1.moyenne	996,8	ERA5
1069315	25/12/2025	19	25/12/2025	14	HNE	-6,0	0	-13,2	0	56,0	0	14,0	0	330,0	0	998,735	5.k=1.moyenne	906,2	ERA5
1069316	25/12/2025	20	25/12/2025	15	HNE	-6,9	0	-14,9	0	53,0	0	13,0	0	350,0	0	999,67	5.k=1.moyenne	640,5	ERA5
1069317	25/12/2025	21	25/12/2025	16	HNE	-8,7	0	-15,5	0	58,0	0	7,0	0	350,0	0	1000,73	5.k=1.moyenne	255,8	ERA5
1069318	25/12/2025	22	25/12/2025	17	HNE	-8,9	0	-15,4	0	59,0	0	12,0	0	340,0	0	1001,73	5.k=1.moyenne	3,8	ERA5
1069319	25/12/2025	23	25/12/2025	18	HNE	-10,4	0	-17,1	0	58,0	0	11,0	0	330,0	0	1002,49	5.k=1.moyenne	0,0	ERA5
1069320	26/12/2025	00	25/12/2025	19	HNE	-12,3	0	-18,2	0	61,0	0	5,0	0	340,0	0	1003,14	5.k=1.moyenne	0,0	ERA5
1069321	26/12/2025	01	25/12/2025	20	HNE	-12,4	0	-18,6	0	60,0	0	8,0	0	340,0	0	1003,6	5.k=1.moyenne	0,0	ERA5
1069322	26/12/2025	02	25/12/2025	21	HNE	-13,5	0	-19,3	0	62,0	0	5,0	0	350,0	0	1003,93	5.k=1.moyenne	0,0	ERA5
1069323	26/12/2025	03	25/12/2025	22	HNE	-14,0	0	-19,2	0	65,0	0	5,0	0	330,0	0	1004,31	5.k=1.moyenne	0,0	ERA5
1069324	26/12/2025	04	25/12/2025	23	HNE	-14,5	0	-20,2	0	62,0	0	6,0	0	340,0	0	1004,66	5.k=1.moyenne	0,0	ERA5
1069325	26/12/2025	05	26/12/2025	00	HNE	-14,9	0	-19,7	0	67,0	0	10,0	0	330,0	0	1004,77	5.k=1.moyenne	0,0	ERA5
1069326	26/12/2025	06	26/12/2025	01	HNE	-15,9	0	-20,7	0	66,0	0	8,0	0	340,0	0	1004,77	5.k=1.moyenne	0,0	ERA5
1069327	26/12/2025	07	26/12/2025	02	HNE	-16,2	0	-21,0	0	67,0	0	8,0	0	340,0	0	1005,32	5.k=1.moyenne	0,0	ERA5
1069328	26/12/2025	08	26/12/2025	03	HNE	-16,7	0	-21,4	0	67,0	0	9,0	0	340,0	0	1005,6	5.k=1.moyenne	0,0	ERA5
1069329	26/12/2025	09	26/12/2025	04	HNE	-17,0	0	-21,9	0	66,0	0	6,0	0	340,0	0	1005,82	5.k=1.moyenne	0,0	ERA5
1069330	26/12/2025	10	26/12/2025	05	HNE	-19,7	0	-23,7	0	71,0	0	3,0	0	50,0	0	1005,96	5.k=1.moyenne	0,0	ERA5
1069331	26/12/2025	11	26/12/2025	06	HNE	-22,2	0	-25,3	0	76,0	0	5,0	0	220,0	0	1006,06	5.k=1.moyenne	0,0	ERA5
1069332	26/12/2025	12	26/12/2025	07	HNE	-25,1	0	-27,9	0	77,0	0	3,0	0	200,0	0	1006,15	5.k=1.moyenne	0,0	ERA5
1069333	26/12/2025	13	26/12/2025	08	HNE	-24,0	0	-26,5	0	80,0	0	2,0	0	250,0	0	1006,22	5.k=1.moyenne	23,3	ERA5
1069334	26/12/2025	14	26/12/2025	09	HNE	-24,1	0	-28,0	0	70,0	0	5,0	0	190,0	0	1006,38	5.k=1.moyenne	373,8	ERA5
1069335	26/12/2025	15	26/12/2025	10	HNE	-19,0	0	-23,3	0	69,0	0	2,0	0	150,0	0	1006,02	5.k=1.moyenne	763,9	ERA5
1069336	26/12/2025	16	26/12/2025	11	HNE	-16,0	0	-22,5	0	57,0	0	5,0	0	70,0	0	1005,23	5.k=1.moyenne	904,8	ERA5
1069337	26/12/2025	17	26/12/2025	12	HNE	-16,5	0	-21,7	0	64,0	0	4,0	0	220,0	0	1004,5	5.k=1.moyenne	1005,7	ERA5
1069338	26/12/2025	18	26/12/2025	13	HNE	-16,0	0	-21,8	0	61,0	0	3,0	0	140,0	0	1003,67	5.k=1.moyenne	876,0	ERA5
1069339	26/12/2025	19	26/12/2025	14	HNE	-16,0	0	-21,9	0	60,0	0	8,0	0	50,0	0	1003,13	5.k=1.moyenne	637,9	ERA5
1069340	26/12/2025	20	26/12/2025	15	HNE	-16,0	0	-21,6	0	62,0	0	7,0	0	60,0	0	1002,71	5.k=1.moyenne	465,3	ERA5
1069341	26/12/2025	21	26/12/2025	16	HNE	-16,1	0	-21,4	0	64,0	0	8,0	0	60,0	0	1002,41	5.k=1.moyenne	166,1	ERA5
1069342	26/12/2025	22	26/12/2025	17	HNE	-17,0	0	-21,7	0	67,0	0	5,0	0	30,0	0	1002,02	5.k=1.moyenne	3,5	ERA5
1069343	26/12/2025	23	26/12/2025	18	HNE	-17,4	0	-21,5	0	70,0	0	4,0	0	40,0	0	1001,95	5.k=1.moyenne	0,0	ERA5
1069344	27/12/2025	00	26/12/2025	19	HNE	-16,5	0	-20,9	0	68,0	0	5,0	0	40,0	0	1001,87	5.k=1.moyenne	0,0	ERA5
1069345	27/12/2025	01	26/12/2025	20	HNE	-15,9	0	-20,2	0	70,0	0	12,0	0	40,0	0	1001,92	5.k=1.moyenne	0,0	ERA5
1069346	27/12/2025	02	26/12/2025	21	HNE	-15,1	0	-19,6	0	69,0	0	7,0	0	40,0	0	1002,08	5.k=1.moyenne	0,0	ERA5
1069347	27/12/2025	03	26/12/2025	22	HNE	-14,8	0	-19,5	0	67,0	0	7,0	0	40,0	0	1002,12	5.k=1.moyenne	0,0	ERA5
1069348	27/12/2025	04	26/12/2025	23	HNE	-14,1	0	-19,1	0	66,0	0	11,0	0	50,0	0	1002,07	5.k=1.moyenne	0,0	ERA5
1069349	27/12/2025	05	27/12/2025	00	HNE	-14,0	0	-18,5	0	69,0	0	8,0	0	40,0	0	1001,79	5.k=1.moyenne	0,0	ERA5
1069350	27/12/2025	06	27/12/2025	01	HNE	-13,7	0	-18,2	0	69,0	0	7,0	0	30,0	0	1001,79	5.k=1.moyenne	0,0	ERA5
1069351	27/12/2025	07	27/12/2025	02	HNE	-13,4	0	-17,9	0	69,0	0	8,0	0	10,0	0	1002,15	5.k=1.moyenne	0,0	ERA5
1069352	27/12/2025	08	27/12/2025	03	HNE	-13,2	0	-16,9	0	74,0	0	9,0	0	40,0	0	1002,31	5.k=1.moyenne	0,0	ERA5
1069353	27/12/2025	09	27/12/2025	04	HNE	-13,1	0	-17,1	0	72,0	0	9,0	0	40,0	0	1002,26	5.k=1.moyenne	0,0	ERA5
1069354	27/12/2025	10	27/12/2025	05	HNE	-13,2	0	-16,1	0	79,0	0	8,0	0	30,0	0	1002,52	5.k=1.moyenne	0,0	ERA5
1069355	27/12/2025	11	27/12/2025	06	HNE	-13,0	0	-16,5	0	75,0	0	11,0	0	30,0	0	1003,16	5.k=1.moyenne	0,0	ERA5
1069356	27/12/2025	12	27/12/2025	07	HNE	-12,8	0	-16,8	0	72,0	0	6,0	0	10,0	0	1003,91	5.k=1.moyenne	0,0	ERA5
1069357	27/12/2025	13	27/12/2025	08	HNE	-12,9	0	-17,3	0	70,0	0	10,0	0	20,0	0	1004,35	5.k=1.moyenne	17,4	ERA5
1069358	27/12/2025	14	27/12/2025	09	HNE	-13,4	0	-18,1	0	68,0	0	5,0	0	20,0	0	1004,58	5.k=1.moyenne	319,8	ERA5
1069359	27/12/2025	15	27/12/2025	10	HNE	-12,3	0	-18,4	0	60,0	0	6,0	0	10,0	0	1004,65	5.k=1.moyenne	796,4	ERA5
1069360	27/12/2025	16	27/12/2025	11	HNE	-11,4	0	-18,1	0	57,0	0	7,0	0	10,0	0	1004,21	5.k=1.moyenne	1146,7	ERA5
1069361	27/12/2025	17	27/12/2025	12	HNE	-10,8	0	-18,3	0	54,0	0	5,0	0	320,0	0	1003,7	5.k=1.moyenne	1328,6	ERA5
1069362	27/12/2025	18	27/12/2025	13	HNE	-10,2	0	-17,7	0	54,0	0	4,0	0	20,0	0	1003,44	5.k=1.moyenne	1315,5	ERA5
1069363	27/12/2025	19	27/12/2025	14	HNE	-9,8	0	-17,9	0	52,0	0	4,0	0	360,0	0	1003,45	5.k=1.moyenne	1107,6	ERA5
1069364	27/12/2025	20	27/12/2025	15	HNE	-10,0	0	-17,9	0	52,0	0	4,0	0	30,0	0	1003,72	5.k=1.moyenne	734,2	ERA5
1069365	27/12/2025	21	27/12/2025	16	HNE	-10,8	0	-17,5	0	57,0	0	2,0	0	40,0	0	1003,79	5.k=1.moyenne	271,0	ERA5
1069366	27/12/2025	22	27/12/2025	17	HNE	-13,4	0	-17,6	0	71,0	0	0,0	0	0,0	0	1003,89	5.k=1.moyenne	4,9	ERA5
1069367	27/12/2025	23	27/12/2025	18	HNE	-15,6	0	-18,7	0	77,0	0	1,0	0	290,0	0	1003,98	5.k=1.moyenne	0,0	ERA5
1069368	28/12/2025	00	27/12/2025	19	HNE	-17,7	0	-19,8	0	84,0	0	2,0	0	210,0	0	1003,82	5.k=1.moyenne	0,0	ERA5
1069369	28/12/2025	01	27/12/2025	20	HNE	-19,2	0	-20,9	0	86,0	0	3,0	0	190,0	0	1003,43	5.k=1.moyenne	0,0	ERA5
1069370	28/12/2025	02	27/12/2025	21	HNE	-18,9	0	-20,8	0	85,0	0	4,0	0	170,0	0	1003,15	5.k=1.moyenne	0,0	ERA5
1069371	28/12/2025	03	27/12/2025	22	HNE	-19,1	0	-20,8	0	86,0	0	3,0	0	170,0	0	1002,7	5.k=1.moyenne	0,0	ERA5
1069372	28/12/2025	04	27/12/2025	23	HNE	-19,9	0	-22,0	0	83,0	0	5,0	0	180,0	0	1002,2	5.k=1.moyenne	0,0	ERA5
1069373	28/12/2025	05	28/12/2025	00	HNE	-21,5	0	-23,9	0	81,0	0	4,0	0	190,0	0	1001,71	5.k=1.moyenne	0,0	ERA5
1069374	28/12/2025	06	28/12/2025	01	HNE	-21,6	0	-23,9	0	82,0	0	2,0	0	170,0	0	1001,71	5.k=1.moyenne	0,0	ERA5
1069375	28/12/2025	07	28/12/2025	02	HNE	-21,8	0	-24,1	0	81,0	0	5,0	0	150,0	0	1001,67	5.k=1.moyenne	0,0	ERA5
1069376	28/12/2025	08	28/12/2025	03	HNE	-21,5	0	-23,9	0	81,0	0	3,0	0	180,0	0	1001,48	5.k=1.moyenne	0,0	ERA5
1069377	28/12/2025	09	28/12/2025	04	HNE	-21,2	0	-23,6	0	81,0	0	4,0	0	180,0	0	1001,0	5.k=1.moyenne	0,0	ERA5
1069378	28/12/2025	10	28/12/2025	05	HNE	-21,2	0	-23,6	0	82,0	0	1,0	0	110,0	0	1000,58	5.k=1.moyenne	0,0	ERA5
1069379	28/12/2025	11	28/12/2025	06	HNE	-18,7	0	-21,0	0	82,0	0	8,0	0	170,0	0	1000,3	5.k=1.moyenne	0,0	ERA5
1069380	28/12/2025	12	28/12/2025	07	HNE	-20,6	0	-22,9	0	81,0	0	6,0	0	150,0	0	999,841	5.k=1.moyenne	0,0	ERA5
1069381	28/12/2025	13	28/12/2025	08	HNE	-18,6	0	-20,8	0	83,0	0	6,0	0	130,0	0	999,526	5.k=1.moyenne	16,6	ERA5
1069382	28/12/2025	14	28/12/2025	09	HNE	-16,2	0	-18,5	0	82,0	0	6,0	0	150,0	0	999,253	5.k=1.moyenne	263,3	ERA5
1069383	28/12/2025	15	28/12/2025	10	HNE	-13,6	0	-15,3	0	87,0	0	4,0	0	100,0	0	998,755	5.k=1.moyenne	672,6	ERA5
1069384	28/12/2025	16	28/12/2025	11	HNE	-11,8	0	-13,3	0	88,0	0	12,0	0	130,0	0	997,749	5.k=1.moyenne	1014,9	ERA5
1069385	28/12/2025	17	28/12/2025	12	HNE	-10,1	0	-12,5	0	83,0	0	9,0	0	130,0	0	996,722	5.k=1.moyenne	1175,6	ERA5
1069386	28/12/2025	18	28/12/2025	13	HNE	-9,3	0	-13,7	0	70,0	0	7,0	0	110,0	0	995,971	5.k=1.moyenne	1124,8	ERA5
1069387	28/12/2025	19	28/12/2025	14	HNE	-7,7	0	-13,2	0	65,0	0	8,0	0	80,0	0	995,425	5.k=1.moyenne	965,2	ERA5
1069388	28/12/2025	20	28/12/2025	15	HNE	-7,9	0	-12,6	0	69,0	0	7,0	0	60,0	0	995,033	5.k=1.moyenne	571,0	ERA5
1069389	28/12/2025	21	28/12/2025	16	HNE	-8,8	0	-14,3	0	64,0	0	10,0	0	40,0	0	994,518	5.k=1.moyenne	215,6	ERA5
1069390	28/12/2025	22	28/12/2025	17	HNE	-8,9	0	-14,2	0	65,0	0	8,0	0	60,0	0	994,269	5.k=1.moyenne	4,7	ERA5
1069391	28/12/2025	23	28/12/2025	18	HNE	-8,8	0	-13,7	0	68,0	0	8,0	0	50,0	0	993,735	5.k=1.moyenne	0,0	ERA5
1069392	29/12/2025	00	28/12/2025	19	HNE	-8,8	0	-13,4	0	69,0	0	8,0	0	40,0	0	993,201	5.k=1.moyenne	0,0	ERA5
1069393	29/12/2025	01	28/12/2025	20	HNE	-8,9	0	-13,3	0	71,0	0	7,0	0	40,0	0	992,443	5.k=1.moyenne	0,0	ERA5
1069394	29/12/2025	02	28/12/2025	21	HNE	-8,8	0	-12,7	0	73,0	0	4,0	0	20,0	0	991,521	5.k=1.moyenne	0,0	ERA5
1069395	29/12/2025	03	28/12/2025	22	HNE	-8,0	0	-12,8	0	68,0	0	8,0	0	40,0	0	990,58	5.k=1.moyenne	0,0	ERA5
1069396	29/12/2025	04	28/12/2025	23	HNE	-7,3	0	-11,9	0	70,0	0	7,0	0	50,0	0	989,496	5.k=1.moyenne	0,0	ERA5
1069397	29/12/2025	05	29/12/2025	00	HNE	-6,5	0	-9,3	0	80,0	0	11,0	0	50,0	0	988,392	5.k=1.moyenne	0,0	ERA5
1069398	29/12/2025	06	29/12/2025	01	HNE	-5,7	0	-7,9	0	84,0	0	8,0	0	50,0	0	988,392	5.k=1.moyenne	0,0	ERA5
1069399	29/12/2025	07	29/12/2025	02	HNE	-5,0	0	-6,4	0	90,0	0	9,0	0	60,0	0	987,433	5.k=1.moyenne	0,0	ERA5
1069400	29/12/2025	08	29/12/2025	03	HNE	-4,6	0	-5,2	0	96,0	0	12,0	0	50,0	0	986,42	5.k=1.moyenne	0,0	ERA5
1069401	29/12/2025	09	29/12/2025	04	HNE	-3,4	0	-3,8	0	97,0	0	6,0	0	80,0	0	985,008	5.k=1.moyenne	0,0	ERA5
1069402	29/12/2025	10	29/12/2025	05	HNE	-1,5	0	-1,9	0	97,0	0	6,0	0	100,0	0	983,704	5.k=1.moyenne	0,0	ERA5
1069403	29/12/2025	11	29/12/2025	06	HNE	1,4	0	0,5	0	93,0	0	23,0	0	140,0	0	982,693	5.k=1.moyenne	0,0	ERA5
1069404	29/12/2025	12	29/12/2025	07	HNE	1,9	0	0,5	0	91,0	0	45,0	0	160,0	0	981,521	5.k=1.moyenne	0,0	ERA5
1069405	29/12/2025	13	29/12/2025	08	HNE	1,7	0	0,6	0	93,0	0	38,0	0	160,0	0	980,648	5.k=1.moyenne	2,2	ERA5
1069406	29/12/2025	14	29/12/2025	09	HNE	2,5	0	1,0	0	90,0	0	39,0	0	170,0	0	979,654	5.k=1.moyenne	63,1	ERA5
1069407	29/12/2025	15	29/12/2025	10	HNE	2,5	0	1,1	0	91,0	0	36,0	0	160,0	0	978,791	5.k=1.moyenne	107,3	ERA5
1069408	29/12/2025	16	29/12/2025	11	HNE	2,2	0	1,6	0	96,0	0	31,0	0	170,0	0	977,411	5.k=1.moyenne	187,2	ERA5
1069409	29/12/2025	17	29/12/2025	12	HNE	1,4	0	1,1	0	98,0	0	15,0	0	180,0	0	976,035	5.k=1.moyenne	170,7	ERA5
1069410	29/12/2025	18	29/12/2025	13	HNE	1,7	0	1,4	0	98,0	0	14,0	0	160,0	0	975,141	5.k=1.moyenne	181,4	ERA5
1069411	29/12/2025	19	29/12/2025	14	HNE	1,5	0	1,2	0	98,0	0	11,0	0	190,0	0	974,785	5.k=1.moyenne	185,7	ERA5
1069412	29/12/2025	20	29/12/2025	15	HNE	3,3	0	-1,1	0	73,0	0	21,0	0	250,0	0	974,425	5.k=1.moyenne	170,2	ERA5
1069413	29/12/2025	21	29/12/2025	16	HNE	2,6	0	-2,6	0	69,0	0	21,0	0	260,0	0	974,211	5.k=1.moyenne	80,3	ERA5
1069414	29/12/2025	22	29/12/2025	17	HNE	1,6	0	-3,6	0	68,0	0	20,0	0	260,0	0	974,081	5.k=1.moyenne	2,6	ERA5
1069415	29/12/2025	23	29/12/2025	18	HNE	0,5	0	-4,9	0	67,0	0	17,0	0	250,0	0	973,933	5.k=1.moyenne	0,0	ERA5
1069416	30/12/2025	00	29/12/2025	19	HNE	-0,2	0	-5,6	0	67,0	0	20,0	0	240,0	0	973,685	5.k=1.moyenne	0,0	ERA5
1069417	30/12/2025	01	29/12/2025	20	HNE	-0,8	0	-5,7	0	69,0	0	20,0	0	240,0	0	973,174	5.k=1.moyenne	0,0	ERA5
1069418	30/12/2025	02	29/12/2025	21	HNE	-1,2	0	-5,7	0	71,0	0	13,0	0	240,0	0	972,4	5.k=1.moyenne	0,0	ERA5
1069419	30/12/2025	03	29/12/2025	22	HNE	-1,6	0	-6,0	0	72,0	0	18,0	0	250,0	0	971,708	5.k=1.moyenne	0,0	ERA5
1069420	30/12/2025	04	29/12/2025	23	HNE	-2,4	0	-7,5	0	68,0	0	23,0	0	250,0	0	971,039	5.k=1.moyenne	0,0	ERA5
1069421	30/12/2025	05	30/12/2025	00	HNE	-5,0	0	-10,6	0	65,0	0	20,0	0	270,0	0	970,248	5.k=1.moyenne	0,0	ERA5
1069422	30/12/2025	06	30/12/2025	01	HNE	-7,5	0	-10,8	0	77,0	0	25,0	0	250,0	0	970,248	5.k=1.moyenne	0,0	ERA5
1069423	30/12/2025	07	30/12/2025	02	HNE	-8,6	0	-12,7	0	72,0	0	31,0	0	260,0	0	970,176	5.k=1.moyenne	0,0	ERA5
1069424	30/12/2025	08	30/12/2025	03	HNE	-8,8	0	-12,7	0	73,0	0	22,0	0	260,0	0	969,944	5.k=1.moyenne	0,0	ERA5
1069425	30/12/2025	09	30/12/2025	04	HNE	-9,4	0	-15,5	0	61,0	0	29,0	0	270,0	0	969,734	5.k=1.moyenne	0,0	ERA5
1069426	30/12/2025	10	30/12/2025	05	HNE	-10,4	0	-16,5	0	61,0	0	30,0	0	270,0	0	969,527	5.k=1.moyenne	0,0	ERA5
1069427	30/12/2025	11	30/12/2025	06	HNE	-11,1	0	-17,1	0	61,0	0	27,0	0	280,0	0	969,587	5.k=1.moyenne	0,0	ERA5
1069428	30/12/2025	12	30/12/2025	07	HNE	-11,7	0	-17,7	0	61,0	0	25,0	0	270,0	0	969,393	5.k=1.moyenne	0,0	ERA5
1069429	30/12/2025	13	30/12/2025	08	HNE	-11,9	0	-18,1	0	60,0	0	28,0	0	270,0	0	969,365	5.k=1.moyenne	17,5	ERA5
1069430	30/12/2025	14	30/12/2025	09	HNE	-12,3	0	-18,4	0	60,0	0	22,0	0	270,0	0	969,45	5.k=1.moyenne	274,9	ERA5
1069431	30/12/2025	15	30/12/2025	10	HNE	-12,4	0	-18,6	0	59,0	0	22,0	0	270,0	0	969,292	5.k=1.moyenne	627,5	ERA5
1069432	30/12/2025	16	30/12/2025	11	HNE	-12,7	0	-18,0	0	64,0	0	26,0	0	260,0	0	968,706	5.k=1.moyenne	898,5	ERA5
1069433	30/12/2025	17	30/12/2025	12	HNE	-12,6	0	-19,3	0	57,0	0	29,0	0	280,0	0	968,183	5.k=1.moyenne	1110,0	ERA5
1069434	30/12/2025	18	30/12/2025	13	HNE	-13,0	0	-20,0	0	56,0	0	27,0	0	270,0	0	968,069	5.k=1.moyenne	954,9	ERA5
1069435	30/12/2025	19	30/12/2025	14	HNE	-13,0	0	-19,9	0	56,0	0	25,0	0	270,0	0	968,222	5.k=1.moyenne	927,3	ERA5
1069436	30/12/2025	20	30/12/2025	15	HNE	-13,1	0	-20,2	0	55,0	0	25,0	0	260,0	0	968,599	5.k=1.moyenne	589,5	ERA5
1069437	30/12/2025	21	30/12/2025	16	HNE	-13,4	0	-20,4	0	56,0	0	20,0	0	270,0	0	969,019	5.k=1.moyenne	192,1	ERA5
1069438	30/12/2025	22	30/12/2025	17	HNE	-13,4	0	-20,4	0	55,0	0	21,0	0	280,0	0	969,459	5.k=1.moyenne	5,5	ERA5
1069439	30/12/2025	23	30/12/2025	18	HNE	-13,3	0	-19,4	0	60,0	0	17,0	0	270,0	0	969,982	5.k=1.moyenne	0,0	ERA5
1069440	31/12/2025	00	30/12/2025	19	HNE	-13,4	0	-19,2	0	61,0	0	15,0	0	280,0	0	970,343	5.k=1.moyenne	0,0	ERA5
1069441	31/12/2025	01	30/12/2025	20	HNE	-13,7	0	-19,5	0	62,0	0	21,0	0	280,0	0	970,765	5.k=1.moyenne	0,0	ERA5
1069442	31/12/2025	02	30/12/2025	21	HNE	-14,3	0	-18,3	0	72,0	0	22,0	0	280,0	0	971,188	5.k=1.moyenne	0,0	ERA5
1069443	31/12/2025	03	30/12/2025	22	HNE	-14,6	0	-18,7	0	71,0	0	18,0	0	270,0	0	971,468	5.k=1.moyenne	0,0	ERA5
1069444	31/12/2025	04	30/12/2025	23	HNE	-14,8	0	-19,5	0	68,0	0	17,0	0	270,0	0	971,83	5.k=1.moyenne	0,0	ERA5
1069445	31/12/2025	05	31/12/2025	00	HNE	-14,5	0	-19,5	0	66,0	0	17,0	0	270,0	0	972,111	5.k=1.moyenne	0,0	ERA5
1069446	31/12/2025	06	31/12/2025	01	HNE	-14,1	0	-18,9	0	67,0	0	25,0	0	260,0	0	972,111	5.k=1.moyenne	0,0	ERA5
1069447	31/12/2025	07	31/12/2025	02	HNE	-13,9	0	-18,2	0	70,0	0	19,0	0	270,0	0	972,879	5.k=1.moyenne	0,0	ERA5
1069448	31/12/2025	08	31/12/2025	03	HNE	-13,6	0	-18,8	0	65,0	0	11,0	0	280,0	0	973,236	5.k=1.moyenne	0,0	ERA5
1069449	31/12/2025	09	31/12/2025	04	HNE	-13,0	0	-17,7	0	68,0	0	12,0	0	240,0	0	973,631	5.k=1.moyenne	0,0	ERA5
1069450	31/12/2025	10	31/12/2025	05	HNE	-14,5	0	-18,3	0	73,0	0	15,0	0	210,0	0	975,135	5.k=1.moyenne	0,0	ERA5
1069451	31/12/2025	11	31/12/2025	06	HNE	-13,7	0	-19,3	0	63,0	0	16,0	0	220,0	0	975,742	5.k=1.moyenne	0,0	ERA5
1069452	31/12/2025	12	31/12/2025	07	HNE	-13,3	0	-19,7	0	59,0	0	14,0	0	230,0	0	976,513	5.k=1.moyenne	0,0	ERA5
1069453	31/12/2025	13	31/12/2025	08	HNE	-13,0	0	-19,8	0	57,0	0	11,0	0	240,0	0	977,283	5.k=1.moyenne	20,2	ERA5
1069454	31/12/2025	14	31/12/2025	09	HNE	-11,2	0	-19,2	0	52,0	0	20,0	0	250,0	0	977,988	5.k=1.moyenne	357,4	ERA5
1069455	31/12/2025	15	31/12/2025	10	HNE	-10,5	0	-18,2	0	53,0	0	18,0	0	260,0	0	978,672	5.k=1.moyenne	801,4	ERA5
1069456	31/12/2025	16	31/12/2025	11	HNE	-9,9	0	-17,3	0	55,0	0	14,0	0	240,0	0	978,895	5.k=1.moyenne	1177,7	ERA5
1069457	31/12/2025	17	31/12/2025	12	HNE	-8,1	0	-15,8	0	54,0	0	13,0	0	260,0	0	977,785	5.k=1.moyenne	1223,0	ERA5
1069458	31/12/2025	18	31/12/2025	13	HNE	-8,3	0	-15,5	0	56,0	0	11,0	0	260,0	0	978,145	5.k=1.moyenne	1296,2	ERA5
1069459	31/12/2025	19	31/12/2025	14	HNE	-7,3	0	-14,9	0	55,0	0	15,0	0	250,0	0	978,789	5.k=1.moyenne	1059,5	ERA5
1069460	31/12/2025	20	31/12/2025	15	HNE	-6,5	0	-14,9	0	51,0	0	16,0	0	240,0	0	979,392	5.k=1.moyenne	657,0	ERA5
1069461	31/12/2025	21	31/12/2025	16	HNE	-6,9	0	-15,1	0	52,0	0	10,0	0	240,0	0	979,994	5.k=1.moyenne	241,9	ERA5
1069462	31/12/2025	22	31/12/2025	17	HNE	-8,4	0	-14,8	0	60,0	0	5,0	0	250,0	0	980,758	5.k=1.moyenne	5,2	ERA5
1069463	31/12/2025	23	31/12/2025	18	HNE	-8,3	0	-13,8	0	65,0	0	3,0	0	220,0	0	981,358	5.k=1.moyenne	0,0	ERA5
1069464	01/01/2026	00	31/12/2025	19	HNE	-8,0	0	-11,4	0	76,0	0	3,0	0	230,0	0	981,753	5.k=1.moyenne	0,0	ERA5
1069465	01/01/2026	01	31/12/2025	20	HNE	-7,7	0	-10,5	0	81,0	0	2,0	0	30,0	0	981,923	5.k=1.moyenne	0,0	ERA5
1069466	01/01/2026	02	31/12/2025	21	HNE	-7,7	0	-10,0	0	83,0	0	2,0	0	70,0	0	982,012	5.k=1.moyenne	0,0	ERA5
1069467	01/01/2026	03	31/12/2025	22	HNE	-7,7	0	-9,4	0	88,0	0	8,0	0	100,0	0	982,038	5.k=1.moyenne	0,0	ERA5
1069468	01/01/2026	04	31/12/2025	23	HNE	-7,6	0	-9,1	0	89,0	0	10,0	0	80,0	0	982,227	5.k=1.moyenne	0,0	ERA5
1069469	01/01/2026	05	01/01/2026	00	HNE	-7,1	0	-8,4	0	91,0	0	8,0	0	70,0	0	982,211	5.k=1.moyenne	0,0	ERA5
1069470	01/01/2026	06	01/01/2026	01	HNE	-6,4	0	-7,3	0	93,0	0	6,0	0	90,0	0	982,211	5.k=1.moyenne	0,0	ERA5
1069471	01/01/2026	07	01/01/2026	02	HNE	-5,7	0	-6,4	0	94,0	0	3,0	0	100,0	0	982,665	5.k=1.moyenne	0,0	ERA5
1069472	01/01/2026	08	01/01/2026	03	HNE	-7,1	0	-8,6	0	89,0	0	5,0	0	30,0	0	982,893	5.k=1.moyenne	0,0	ERA5
1069473	01/01/2026	09	01/01/2026	04	HNE	-9,6	0	-11,1	0	89,0	0	9,0	0	360,0	0	982,856	5.k=1.moyenne	0,0	ERA5
1069474	01/01/2026	10	01/01/2026	05	HNE	-10,5	0	-12,3	0	86,0	0	8,0	0	340,0	0	983,207	5.k=1.moyenne	0,0	ERA5
1069475	01/01/2026	11	01/01/2026	06	HNE	-11,1	0	-13,2	0	84,0	0	13,0	0	310,0	0	983,802	5.k=1.moyenne	0,0	ERA5
1069476	01/01/2026	12	01/01/2026	07	HNE	-11,3	0	-13,3	0	85,0	0	10,0	0	290,0	0	984,356	5.k=1.moyenne	0,0	ERA5
1069477	01/01/2026	13	01/01/2026	08	HNE	-11,4	0	-13,4	0	85,0	0	11,0	0	270,0	0	984,807	5.k=1.moyenne	12,9	ERA5
1069478	01/01/2026	14	01/01/2026	09	HNE	-12,2	0	-14,9	0	80,0	0	14,0	0	260,0	0	985,422	5.k=1.moyenne	221,0	ERA5
1069479	01/01/2026	15	01/01/2026	10	HNE	-13,3	0	-17,3	0	72,0	0	12,0	0	270,0	0	985,628	5.k=1.moyenne	520,8	ERA5
1069480	01/01/2026	16	01/01/2026	11	HNE	-14,1	0	-18,8	0	67,0	0	20,0	0	260,0	0	985,487	5.k=1.moyenne	824,3	ERA5
1069481	01/01/2026	17	01/01/2026	12	HNE	-14,4	0	-19,5	0	65,0	0	16,0	0	260,0	0	985,122	5.k=1.moyenne	1159,6	ERA5
1069482	01/01/2026	18	01/01/2026	13	HNE	-14,4	0	-20,2	0	61,0	0	16,0	0	260,0	0	984,899	5.k=1.moyenne	1189,8	ERA5
1069483	01/01/2026	19	01/01/2026	14	HNE	-14,2	0	-20,1	0	61,0	0	13,0	0	260,0	0	984,901	5.k=1.moyenne	1057,2	ERA5
1069484	01/01/2026	20	01/01/2026	15	HNE	-14,5	0	-21,1	0	57,0	0	13,0	0	270,0	0	984,923	5.k=1.moyenne	717,5	ERA5
1069485	01/01/2026	21	01/01/2026	16	HNE	-15,3	0	-21,3	0	60,0	0	15,0	0	280,0	0	985,189	5.k=1.moyenne	298,2	ERA5
1069486	01/01/2026	22	01/01/2026	17	HNE	-16,1	0	-21,5	0	63,0	0	6,0	0	270,0	0	985,17	5.k=1.moyenne	10,0	ERA5
1069487	01/01/2026	23	01/01/2026	18	HNE	-18,3	0	-22,9	0	67,0	0	7,0	0	200,0	0	985,273	5.k=1.moyenne	0,0	ERA5
1069488	02/01/2026	00	01/01/2026	19	HNE	-18,1	0	-22,0	0	72,0	0	6,0	0	220,0	0	985,091	5.k=1.moyenne	0,0	ERA5
1069489	02/01/2026	01	01/01/2026	20	HNE	-21,9	0	-24,6	0	78,0	0	6,0	0	230,0	0	984,867	5.k=1.moyenne	0,0	ERA5
1069490	02/01/2026	02	01/01/2026	21	HNE	-22,6	0	-25,4	0	78,0	0	5,0	0	190,0	0	984,603	5.k=1.moyenne	0,0	ERA5
1069491	02/01/2026	03	01/01/2026	22	HNE	-22,3	0	-24,6	0	81,0	0	3,0	0	130,0	0	984,359	5.k=1.moyenne	0,0	ERA5
1069492	02/01/2026	04	01/01/2026	23	HNE	-23,8	0	-26,2	0	80,0	0	2,0	0	190,0	0	983,87	5.k=1.moyenne	0,0	ERA5
1069493	02/01/2026	05	02/01/2026	00	HNE	-24,1	0	-26,2	0	83,0	0	3,0	0	140,0	0	983,197	5.k=1.moyenne	0,0	ERA5
