nbreheures1904	date utc	heure utc	date locale	heure locale	tsl	t	err t	td	err td	hr	err hr	vv	err vv	vd	err vd	psta	err psta	rf1e	err rf1e
h utc	date utc	heure loc	date loc	heure	HAE/HNE	C	Err	C	Err	0-100	Err	km/h	Err	0-360	Err	hPa	Err	kJ/m2/h	Err
1051926	01/01/2024	06	01/01/2024	01	HNE	-8,4	0	-11,0	0	82,0	0	2,0	0	270,0	0	987,0	0	0,0	ERA5
1051927	01/01/2024	07	01/01/2024	02	HNE	-8,2	0	-10,8	0	81,0	0	3,0	0	230,0	0	987,0	0	0,0	ERA5
1051928	01/01/2024	08	01/01/2024	03	HNE	-8,0	0	-10,9	0	80,0	0	2,0	0	280,0	0	987,0	0	0,0	ERA5
1051929	01/01/2024	09	01/01/2024	04	HNE	-8,0	0	-10,5	0	82,0	0	2,0	0	260,0	0	987,0	0	0,0	ERA5
1051930	01/01/2024	10	01/01/2024	05	HNE	-8,0	0	-10,6	0	81,0	0	1,0	0	290,0	0	987,0	0	0,0	ERA5
1051931	01/01/2024	11	01/01/2024	06	HNE	-8,0	0	-10,1	0	84,0	0	1,0	0	290,0	0	987,0	0	0,0	ERA5
1051932	01/01/2024	12	01/01/2024	07	HNE	-8,0	0	-9,9	0	86,0	0	4,0	0	320,0	0	988,0	0	0,0	ERA5
1051933	01/01/2024	13	01/01/2024	08	HNE	-8,1	0	-9,9	0	87,0	0	2,0	0	330,0	0	988,0	0	26,9	ERA5
1051934	01/01/2024	14	01/01/2024	09	HNE	-8,1	0	-10,5	0	83,0	0	2,0	0	310,0	0	988,0	0	370,2	ERA5
1051935	01/01/2024	15	01/01/2024	10	HNE	-7,7	0	-10,4	0	81,0	0	4,0	0	320,0	0	988,0	0	747,8	ERA5
1051936	01/01/2024	16	01/01/2024	11	HNE	-7,4	0	-10,4	0	79,0	0	4,0	0	290,0	0	988,0	0	1006,6	ERA5
1051937	01/01/2024	17	01/01/2024	12	HNE	-7,0	0	-10,7	0	75,0	0	3,0	0	320,0	0	988,0	0	1089,8	ERA5
1051938	01/01/2024	18	01/01/2024	13	HNE	-6,9	0	-11,5	0	70,0	0	2,0	0	220,0	0	987,0	0	1021,8	ERA5
1051939	01/01/2024	19	01/01/2024	14	HNE	-6,9	0	-11,6	0	69,0	0	6,0	0	290,0	0	988,0	0	758,7	ERA5
1051940	01/01/2024	20	01/01/2024	15	HNE	-7,1	0	-10,8	0	75,0	0	1,0	0	320,0	0	988,0	0	441,7	ERA5
1051941	01/01/2024	21	01/01/2024	16	HNE	-7,6	0	-11,3	0	75,0	0	6,0	0	310,0	0	988,0	0	134,2	ERA5
1051942	01/01/2024	22	01/01/2024	17	HNE	-7,8	0	-11,2	0	77,0	0	1,0	0	290,0	0	988,0	0	0,1	ERA5
1051943	01/01/2024	23	01/01/2024	18	HNE	-7,8	0	-11,2	0	77,0	0	5,0	0	300,0	0	988,0	0	0,0	ERA5
1051944	02/01/2024	00	01/01/2024	19	HNE	-7,7	0	-11,2	0	76,0	0	2,0	0	250,0	0	988,0	0	0,0	ERA5
1051945	02/01/2024	01	01/01/2024	20	HNE	-7,7	0	-11,4	0	75,0	0	4,0	0	280,0	0	988,0	0	0,0	ERA5
1051946	02/01/2024	02	01/01/2024	21	HNE	-7,8	0	-11,7	0	74,0	0	5,0	0	220,0	0	988,0	0	0,0	ERA5
1051947	02/01/2024	03	01/01/2024	22	HNE	-7,9	0	-11,6	0	75,0	0	2,0	0	280,0	0	988,0	0	0,0	ERA5
1051948	02/01/2024	04	01/01/2024	23	HNE	-7,8	0	-11,4	0	75,0	0	2,0	0	260,0	0	988,0	0	0,0	ERA5
1051949	02/01/2024	05	02/01/2024	00	HNE	-7,7	0	-11,2	0	76,0	0	2,0	0	320,0	0	987,0	0	0,0	ERA5
1051950	02/01/2024	06	02/01/2024	01	HNE	-7,6	0	-10,8	0	77,0	0	5,0	0	250,0	0	987,0	0	0,0	ERA5
1051951	02/01/2024	07	02/01/2024	02	HNE	-7,6	0	-10,8	0	78,0	0	2,0	0	230,0	0	987,0	0	0,0	ERA5
1051952	02/01/2024	08	02/01/2024	03	HNE	-7,5	0	-10,5	0	79,0	0	5,0	0	240,0	0	986,0	0	0,0	ERA5
1051953	02/01/2024	09	02/01/2024	04	HNE	-8,1	0	-10,6	0	82,0	0	0,0	0	70,0	0	986,0	0	0,0	ERA5
1051954	02/01/2024	10	02/01/2024	05	HNE	-7,6	0	-10,3	0	81,0	0	1,0	0	170,0	0	986,0	0	0,0	ERA5
1051955	02/01/2024	11	02/01/2024	06	HNE	-7,8	0	-10,1	0	84,0	0	4,0	0	110,0	0	986,0	0	0,0	ERA5
1051956	02/01/2024	12	02/01/2024	07	HNE	-7,6	0	-9,8	0	84,0	0	4,0	0	170,0	0	986,0	0	0,0	ERA5
1051957	02/01/2024	13	02/01/2024	08	HNE	-7,3	0	-9,4	0	85,0	0	3,0	0	130,0	0	985,0	0	33,0	ERA5
1051958	02/01/2024	14	02/01/2024	09	HNE	-6,5	0	-8,9	0	83,0	0	3,0	0	340,0	0	986,0	0	358,4	ERA5
1051959	02/01/2024	15	02/01/2024	10	HNE	-5,3	0	-8,4	0	79,0	0	6,0	0	220,0	0	986,0	0	711,9	ERA5
1051960	02/01/2024	16	02/01/2024	11	HNE	-4,7	0	-8,0	0	78,0	0	4,0	0	280,0	0	985,0	0	1006,9	ERA5
1051961	02/01/2024	17	02/01/2024	12	HNE	-4,4	0	-6,9	0	82,0	0	6,0	0	260,0	0	985,0	0	1016,5	ERA5
1051962	02/01/2024	18	02/01/2024	13	HNE	-3,7	0	-6,5	0	81,0	0	3,0	0	220,0	0	984,0	0	798,4	ERA5
1051963	02/01/2024	19	02/01/2024	14	HNE	-3,4	0	-6,4	0	80,0	0	5,0	0	290,0	0	984,0	0	483,6	ERA5
1051964	02/01/2024	20	02/01/2024	15	HNE	-3,4	0	-6,5	0	79,0	0	5,0	0	280,0	0	984,0	0	292,4	ERA5
1051965	02/01/2024	21	02/01/2024	16	HNE	-3,3	0	-6,2	0	80,0	0	4,0	0	230,0	0	984,0	0	85,2	ERA5
1051966	02/01/2024	22	02/01/2024	17	HNE	-3,0	0	-5,7	0	81,0	0	4,0	0	260,0	0	984,0	0	0,1	ERA5
1051967	02/01/2024	23	02/01/2024	18	HNE	-2,6	0	-5,2	0	82,0	0	6,0	0	280,0	0	983,0	0	0,0	ERA5
1051968	03/01/2024	00	02/01/2024	19	HNE	-2,0	0	-4,9	0	81,0	0	4,0	0	310,0	0	983,0	0	0,0	ERA5
1051969	03/01/2024	01	02/01/2024	20	HNE	-1,7	0	-4,5	0	82,0	0	4,0	0	310,0	0	983,0	0	0,0	ERA5
1051970	03/01/2024	02	02/01/2024	21	HNE	-2,2	0	-4,7	0	83,0	0	8,0	0	290,0	0	983,0	0	0,0	ERA5
1051971	03/01/2024	03	02/01/2024	22	HNE	-2,3	0	-4,7	0	84,0	0	2,0	0	310,0	0	983,0	0	0,0	ERA5
1051972	03/01/2024	04	02/01/2024	23	HNE	-2,3	0	-4,8	0	83,0	0	1,0	0	120,0	0	983,0	0	0,0	ERA5
1051973	03/01/2024	05	03/01/2024	00	HNE	-1,8	0	-4,8	0	79,0	0	7,0	0	210,0	0	982,0	0	0,0	ERA5
1051974	03/01/2024	06	03/01/2024	01	HNE	-1,7	0	-5,0	0	78,0	0	5,0	0	250,0	0	982,0	0	0,0	ERA5
1051975	03/01/2024	07	03/01/2024	02	HNE	-1,8	0	-4,9	0	79,0	0	9,0	0	220,0	0	982,0	0	0,0	ERA5
1051976	03/01/2024	08	03/01/2024	03	HNE	-1,7	0	-4,7	0	80,0	0	5,0	0	210,0	0	982,0	0	0,0	ERA5
1051977	03/01/2024	09	03/01/2024	04	HNE	-1,6	0	-3,9	0	84,0	0	8,0	0	230,0	0	982,0	0	0,0	ERA5
1051978	03/01/2024	10	03/01/2024	05	HNE	-1,7	0	-3,1	0	90,0	0	6,0	0	210,0	0	982,0	0	0,0	ERA5
1051979	03/01/2024	11	03/01/2024	06	HNE	-1,6	0	-3,2	0	89,0	0	7,0	0	230,0	0	983,0	0	0,0	ERA5
1051980	03/01/2024	12	03/01/2024	07	HNE	-1,5	0	-3,2	0	88,0	0	7,0	0	220,0	0	983,0	0	0,0	ERA5
1051981	03/01/2024	13	03/01/2024	08	HNE	-1,5	0	-2,8	0	90,0	0	3,0	0	200,0	0	983,0	0	11,1	ERA5
1051982	03/01/2024	14	03/01/2024	09	HNE	-1,1	0	-3,1	0	87,0	0	3,0	0	200,0	0	983,0	0	104,9	ERA5
1051983	03/01/2024	15	03/01/2024	10	HNE	-0,8	0	-3,0	0	85,0	0	0,0	0	0,0	0	984,0	0	276,0	ERA5
1051984	03/01/2024	16	03/01/2024	11	HNE	-0,5	0	-3,1	0	83,0	0	3,0	0	220,0	0	983,0	0	442,2	ERA5
1051985	03/01/2024	17	03/01/2024	12	HNE	-0,2	0	-2,9	0	82,0	0	3,0	0	190,0	0	983,0	0	486,8	ERA5
1051986	03/01/2024	18	03/01/2024	13	HNE	-0,1	0	-2,8	0	82,0	0	8,0	0	210,0	0	982,0	0	498,3	ERA5
1051987	03/01/2024	19	03/01/2024	14	HNE	0,1	0	-2,3	0	83,0	0	5,0	0	200,0	0	982,0	0	591,1	ERA5
1051988	03/01/2024	20	03/01/2024	15	HNE	0,1	0	-2,1	0	85,0	0	3,0	0	200,0	0	982,0	0	296,6	ERA5
1051989	03/01/2024	21	03/01/2024	16	HNE	-0,2	0	-2,1	0	87,0	0	3,0	0	220,0	0	983,0	0	137,1	ERA5
1051990	03/01/2024	22	03/01/2024	17	HNE	-0,3	0	-1,9	0	89,0	0	5,0	0	200,0	0	983,0	0	0,3	ERA5
1051991	03/01/2024	23	03/01/2024	18	HNE	-0,4	0	-1,8	0	91,0	0	4,0	0	190,0	0	983,0	0	0,0	ERA5
1051992	04/01/2024	00	03/01/2024	19	HNE	-0,5	0	-2,0	0	90,0	0	2,0	0	220,0	0	983,0	0	0,0	ERA5
1051993	04/01/2024	01	03/01/2024	20	HNE	-0,6	0	-1,7	0	93,0	0	4,0	0	190,0	0	982,0	0	0,0	ERA5
1051994	04/01/2024	02	03/01/2024	21	HNE	-0,3	0	-1,8	0	90,0	0	2,0	0	200,0	0	982,0	0	0,0	ERA5
1051995	04/01/2024	03	03/01/2024	22	HNE	-0,4	0	-1,7	0	91,0	0	2,0	0	190,0	0	983,0	0	0,0	ERA5
1051996	04/01/2024	04	03/01/2024	23	HNE	-0,6	0	-1,9	0	91,0	0	3,0	0	170,0	0	982,0	0	0,0	ERA5
1051997	04/01/2024	05	04/01/2024	00	HNE	-1,1	0	-2,0	0	94,0	0	0,0	0	170,0	0	982,0	0	0,0	ERA5
1051998	04/01/2024	06	04/01/2024	01	HNE	-0,9	0	-1,9	0	93,0	0	4,0	0	180,0	0	981,0	0	0,0	ERA5
1051999	04/01/2024	07	04/01/2024	02	HNE	-1,1	0	-1,8	0	95,0	0	3,0	0	150,0	0	981,0	0	0,0	ERA5
1052000	04/01/2024	08	04/01/2024	03	HNE	-1,1	0	-1,8	0	94,0	0	6,0	0	170,0	0	981,0	0	0,0	ERA5
1052001	04/01/2024	09	04/01/2024	04	HNE	-1,2	0	-1,9	0	95,0	0	4,0	0	160,0	0	981,0	0	0,0	ERA5
1052002	04/01/2024	10	04/01/2024	05	HNE	-1,1	0	-1,9	0	94,0	0	3,0	0	150,0	0	980,0	0	0,0	ERA5
1052003	04/01/2024	11	04/01/2024	06	HNE	-1,1	0	-2,0	0	94,0	0	5,0	0	130,0	0	980,0	0	0,0	ERA5
1052004	04/01/2024	12	04/01/2024	07	HNE	-1,2	0	-2,0	0	94,0	0	3,0	0	130,0	0	980,0	0	0,0	ERA5
1052005	04/01/2024	13	04/01/2024	08	HNE	-0,8	0	-1,2	0	97,0	0	4,0	0	150,0	0	979,0	0	14,2	ERA5
1052006	04/01/2024	14	04/01/2024	09	HNE	-1,9	4.lineaire	-1,3	0	91,0	0	4,0	0	220,0	0	979,0	0	116,7	ERA5
1052007	04/01/2024	15	04/01/2024	10	HNE	-3,0	0	-5,8	0	81,0	0	10,0	0	290,0	0	980,0	0	395,7	ERA5
1052008	04/01/2024	16	04/01/2024	11	HNE	-6,3	0	-9,9	0	76,0	0	11,0	0	280,0	0	982,0	0	652,8	ERA5
1052009	04/01/2024	17	04/01/2024	12	HNE	-7,1	0	-11,4	0	72,0	0	6,0	0	300,0	0	982,0	0	1043,8	ERA5
1052010	04/01/2024	18	04/01/2024	13	HNE	-8,1	0	-13,5	0	65,0	0	13,0	0	270,0	0	983,0	0	1137,5	ERA5
1052011	04/01/2024	19	04/01/2024	14	HNE	-8,3	0	-13,9	0	64,0	0	5,0	0	270,0	0	985,0	0	1048,4	ERA5
1052012	04/01/2024	20	04/01/2024	15	HNE	-9,4	0	-15,0	0	64,0	0	11,0	0	290,0	0	986,0	0	659,1	ERA5
1052013	04/01/2024	21	04/01/2024	16	HNE	-10,0	0	-15,1	0	66,0	0	10,0	0	310,0	0	987,0	0	181,1	ERA5
1052014	04/01/2024	22	04/01/2024	17	HNE	-10,4	0	-15,3	0	67,0	0	11,0	0	300,0	0	988,0	0	0,6	ERA5
1052015	04/01/2024	23	04/01/2024	18	HNE	-10,3	0	-14,9	0	69,0	0	11,0	0	290,0	0	988,0	0	0,0	ERA5
1052016	05/01/2024	00	04/01/2024	19	HNE	-10,8	0	-15,6	0	68,0	0	6,0	0	290,0	0	989,0	0	0,0	ERA5
1052017	05/01/2024	01	04/01/2024	20	HNE	-11,0	0	-15,5	0	69,0	0	1,0	0	290,0	0	989,0	0	0,0	ERA5
1052018	05/01/2024	02	04/01/2024	21	HNE	-11,4	0	-16,0	0	69,0	0	12,0	0	300,0	0	989,0	0	0,0	ERA5
1052019	05/01/2024	03	04/01/2024	22	HNE	-11,6	0	-16,1	0	69,0	0	9,0	0	290,0	0	989,0	0	0,0	ERA5
1052020	05/01/2024	04	04/01/2024	23	HNE	-12,2	0	-16,3	0	71,0	0	6,0	0	280,0	0	990,0	0	0,0	ERA5
1052021	05/01/2024	05	05/01/2024	00	HNE	-12,8	0	-16,4	0	74,0	0	4,0	0	270,0	0	990,0	0	0,0	ERA5
1052022	05/01/2024	06	05/01/2024	01	HNE	-12,7	0	-16,4	0	74,0	0	8,0	0	290,0	0	990,0	0	0,0	ERA5
1052023	05/01/2024	07	05/01/2024	02	HNE	-13,2	0	-16,6	0	75,0	0	6,0	0	300,0	0	990,0	0	0,0	ERA5
1052024	05/01/2024	08	05/01/2024	03	HNE	-13,5	0	-16,6	0	77,0	0	4,0	0	290,0	0	990,0	0	0,0	ERA5
1052025	05/01/2024	09	05/01/2024	04	HNE	-14,2	0	-17,3	0	78,0	0	5,0	0	290,0	0	990,0	0	0,0	ERA5
1052026	05/01/2024	10	05/01/2024	05	HNE	-14,4	0	-17,4	0	78,0	0	3,0	0	280,0	0	990,0	0	0,0	ERA5
1052027	05/01/2024	11	05/01/2024	06	HNE	-15,0	0	-17,8	0	79,0	0	4,0	0	260,0	0	991,0	0	0,0	ERA5
1052028	05/01/2024	12	05/01/2024	07	HNE	-14,9	0	-17,4	0	81,0	0	4,0	0	300,0	0	991,0	0	0,0	ERA5
1052029	05/01/2024	13	05/01/2024	08	HNE	-14,3	0	-17,4	0	78,0	0	4,0	0	330,0	0	991,0	0	34,3	ERA5
1052030	05/01/2024	14	05/01/2024	09	HNE	-14,2	0	-18,1	0	72,0	0	3,0	0	240,0	0	991,0	0	380,2	ERA5
1052031	05/01/2024	15	05/01/2024	10	HNE	-13,2	0	-18,2	0	66,0	0	14,0	0	230,0	0	991,0	0	758,6	ERA5
1052032	05/01/2024	16	05/01/2024	11	HNE	-11,4	0	-17,3	0	62,0	0	3,0	0	240,0	0	991,0	0	1055,8	ERA5
1052033	05/01/2024	17	05/01/2024	12	HNE	-10,9	0	-16,8	0	62,0	0	4,0	0	260,0	0	990,0	0	1205,4	ERA5
1052034	05/01/2024	18	05/01/2024	13	HNE	-9,9	0	-16,4	0	59,0	0	3,0	0	270,0	0	989,0	0	1235,5	ERA5
1052035	05/01/2024	19	05/01/2024	14	HNE	-9,6	0	-16,5	0	57,0	0	4,0	0	280,0	0	989,0	0	991,6	ERA5
1052036	05/01/2024	20	05/01/2024	15	HNE	-9,6	0	-15,9	0	60,0	0	6,0	0	290,0	0	989,0	0	627,4	ERA5
1052037	05/01/2024	21	05/01/2024	16	HNE	-10,2	0	-15,0	0	68,0	0	4,0	0	240,0	0	988,0	0	201,7	ERA5
1052038	05/01/2024	22	05/01/2024	17	HNE	-10,0	0	-14,4	0	70,0	0	7,0	0	230,0	0	988,0	0	1,0	ERA5
1052039	05/01/2024	23	05/01/2024	18	HNE	-9,8	0	-13,6	0	74,0	0	5,0	0	260,0	0	988,0	0	0,0	ERA5
1052040	06/01/2024	00	05/01/2024	19	HNE	-9,2	0	-12,6	0	76,0	0	4,0	0	280,0	0	988,0	0	0,0	ERA5
1052041	06/01/2024	01	05/01/2024	20	HNE	-8,6	0	-11,6	0	79,0	0	2,0	0	270,0	0	987,0	0	0,0	ERA5
1052042	06/01/2024	02	05/01/2024	21	HNE	-7,6	0	-10,6	0	79,0	0	5,0	0	230,0	0	987,0	0	0,0	ERA5
1052043	06/01/2024	03	05/01/2024	22	HNE	-6,9	0	-9,2	0	83,0	0	1,0	0	220,0	0	987,0	0	0,0	ERA5
1052044	06/01/2024	04	05/01/2024	23	HNE	-5,8	0	-9,1	0	78,0	0	10,0	0	290,0	0	988,0	0	0,0	ERA5
1052045	06/01/2024	05	06/01/2024	00	HNE	-6,6	0	-10,3	0	75,0	0	14,0	0	320,0	0	988,0	0	0,0	ERA5
1052046	06/01/2024	06	06/01/2024	01	HNE	-9,3	0	-13,5	0	71,0	0	7,0	0	320,0	0	990,0	0	0,0	ERA5
1052047	06/01/2024	07	06/01/2024	02	HNE	-10,7	0	-14,9	0	71,0	0	9,0	0	290,0	0	992,0	0	0,0	ERA5
1052048	06/01/2024	08	06/01/2024	03	HNE	-11,7	0	-16,3	0	69,0	0	11,0	0	310,0	0	993,0	0	0,0	ERA5
1052049	06/01/2024	09	06/01/2024	04	HNE	-12,6	0	-18,5	0	61,0	0	3,0	0	320,0	0	993,0	0	0,0	ERA5
1052050	06/01/2024	10	06/01/2024	05	HNE	-13,7	0	-18,6	0	66,0	0	2,0	0	240,0	0	994,0	0	0,0	ERA5
1052051	06/01/2024	11	06/01/2024	06	HNE	-15,7	0	-19,3	0	74,0	0	5,0	0	300,0	0	995,0	0	0,0	ERA5
1052052	06/01/2024	12	06/01/2024	07	HNE	-16,6	0	-19,6	0	77,0	0	4,0	0	280,0	0	996,0	0	0,0	ERA5
1052053	06/01/2024	13	06/01/2024	08	HNE	-16,9	0	-19,9	0	77,0	0	2,0	0	200,0	0	996,0	0	38,7	ERA5
1052054	06/01/2024	14	06/01/2024	09	HNE	-14,4	0	-18,6	0	71,0	0	0,0	0	140,0	0	997,0	0	414,3	ERA5
1052055	06/01/2024	15	06/01/2024	10	HNE	-12,0	0	-17,7	0	62,0	0	0,0	0	100,0	0	998,0	0	855,5	ERA5
1052056	06/01/2024	16	06/01/2024	11	HNE	-11,3	0	-19,2	0	52,0	0	6,0	0	110,0	0	997,0	0	979,5	ERA5
1052057	06/01/2024	17	06/01/2024	12	HNE	-11,0	0	-19,2	0	50,0	0	4,0	0	140,0	0	996,0	0	1036,5	ERA5
1052058	06/01/2024	18	06/01/2024	13	HNE	-10,5	0	-18,4	0	52,0	0	8,0	0	80,0	0	995,0	0	879,8	ERA5
1052059	06/01/2024	19	06/01/2024	14	HNE	-10,4	0	-17,7	0	55,0	0	6,0	0	150,0	0	995,0	0	607,2	ERA5
1052060	06/01/2024	20	06/01/2024	15	HNE	-10,4	0	-17,0	0	58,0	0	7,0	0	80,0	0	994,0	0	360,5	ERA5
1052061	06/01/2024	21	06/01/2024	16	HNE	-10,4	0	-16,4	0	61,0	0	4,0	0	90,0	0	994,0	0	127,4	ERA5
1052062	06/01/2024	22	06/01/2024	17	HNE	-10,6	0	-15,9	0	65,0	0	12,0	0	80,0	0	993,0	0	1,0	ERA5
1052063	06/01/2024	23	06/01/2024	18	HNE	-11,1	0	-15,9	0	68,0	0	6,0	0	110,0	0	993,0	0	0,0	ERA5
1052064	07/01/2024	00	06/01/2024	19	HNE	-11,0	0	-15,2	0	71,0	0	9,0	0	120,0	0	994,0	0	0,0	ERA5
1052065	07/01/2024	01	06/01/2024	20	HNE	-11,0	0	-15,6	0	69,0	0	10,0	0	120,0	0	993,0	0	0,0	ERA5
1052066	07/01/2024	02	06/01/2024	21	HNE	-11,1	0	-15,6	0	70,0	0	17,0	0	130,0	0	992,0	0	0,0	ERA5
1052067	07/01/2024	03	06/01/2024	22	HNE	-11,2	0	-15,4	0	71,0	0	10,0	0	120,0	0	992,0	0	0,0	ERA5
1052068	07/01/2024	04	06/01/2024	23	HNE	-11,1	0	-15,2	0	72,0	0	12,0	0	140,0	0	991,0	0	0,0	ERA5
1052069	07/01/2024	05	07/01/2024	00	HNE	-10,8	0	-14,9	0	72,0	0	11,0	0	130,0	0	990,0	0	0,0	ERA5
1052070	07/01/2024	06	07/01/2024	01	HNE	-10,5	0	-14,5	0	72,0	0	14,0	0	130,0	0	989,0	0	0,0	ERA5
1052071	07/01/2024	07	07/01/2024	02	HNE	-10,4	0	-14,8	0	70,0	0	11,0	0	130,0	0	989,0	0	0,0	ERA5
1052072	07/01/2024	08	07/01/2024	03	HNE	-10,7	0	-13,7	0	79,0	0	7,0	0	130,0	0	988,0	0	0,0	ERA5
1052073	07/01/2024	09	07/01/2024	04	HNE	-11,2	0	-13,3	0	84,0	0	11,0	0	120,0	0	987,0	0	0,0	ERA5
1052074	07/01/2024	10	07/01/2024	05	HNE	-11,3	0	-13,3	0	85,0	0	9,0	0	120,0	0	987,0	0	0,0	ERA5
1052075	07/01/2024	11	07/01/2024	06	HNE	-11,1	0	-13,8	0	81,0	0	15,0	0	130,0	0	986,0	0	0,0	ERA5
1052076	07/01/2024	12	07/01/2024	07	HNE	-11,2	0	-14,5	0	77,0	0	17,0	0	120,0	0	986,0	0	0,0	ERA5
1052077	07/01/2024	13	07/01/2024	08	HNE	-11,1	0	-15,0	0	73,0	0	14,0	0	130,0	0	985,0	0	17,8	ERA5
1052078	07/01/2024	14	07/01/2024	09	HNE	-11,1	0	-14,4	0	76,0	0	12,0	0	120,0	0	985,0	0	163,3	ERA5
1052079	07/01/2024	15	07/01/2024	10	HNE	-10,6	0	-13,6	0	79,0	0	15,0	0	120,0	0	984,0	0	416,8	ERA5
1052080	07/01/2024	16	07/01/2024	11	HNE	-9,8	0	-13,4	0	75,0	0	11,0	0	100,0	0	983,0	0	593,8	ERA5
1052081	07/01/2024	17	07/01/2024	12	HNE	-9,4	0	-12,5	0	78,0	0	9,0	0	100,0	0	982,0	0	614,3	ERA5
1052082	07/01/2024	18	07/01/2024	13	HNE	-9,3	0	-11,6	0	83,0	0	8,0	0	110,0	0	981,0	0	474,3	ERA5
1052083	07/01/2024	19	07/01/2024	14	HNE	-8,7	0	-10,9	0	84,0	0	7,0	0	110,0	0	981,0	0	401,9	ERA5
1052084	07/01/2024	20	07/01/2024	15	HNE	-8,4	0	-11,3	0	79,0	0	8,0	0	60,0	0	981,0	0	243,9	ERA5
1052085	07/01/2024	21	07/01/2024	16	HNE	-8,8	0	-11,3	0	82,0	0	9,0	0	100,0	0	981,0	0	89,6	ERA5
1052086	07/01/2024	22	07/01/2024	17	HNE	-8,9	0	-11,5	0	82,0	0	7,0	0	70,0	0	981,0	0	1,1	ERA5
1052087	07/01/2024	23	07/01/2024	18	HNE	-9,4	0	-11,5	0	84,0	0	4,0	0	90,0	0	982,0	0	0,0	ERA5
1052088	08/01/2024	00	07/01/2024	19	HNE	-9,2	0	-11,7	0	82,0	0	4,0	0	100,0	0	982,0	0	0,0	ERA5
1052089	08/01/2024	01	07/01/2024	20	HNE	-9,4	0	-11,5	0	85,0	0	3,0	0	110,0	0	983,0	0	0,0	ERA5
1052090	08/01/2024	02	07/01/2024	21	HNE	-9,7	0	-11,5	0	86,0	0	3,0	0	130,0	0	983,0	0	0,0	ERA5
1052091	08/01/2024	03	07/01/2024	22	HNE	-9,9	0	-11,5	0	87,0	0	1,0	0	250,0	0	983,0	0	0,0	ERA5
1052092	08/01/2024	04	07/01/2024	23	HNE	-9,8	0	-11,3	0	89,0	0	1,0	0	110,0	0	984,0	0	0,0	ERA5
1052093	08/01/2024	05	08/01/2024	00	HNE	-9,7	0	-11,1	0	89,0	0	0,0	0	0,0	0	984,0	0	0,0	ERA5
1052094	08/01/2024	06	08/01/2024	01	HNE	-9,9	0	-11,4	0	89,0	0	3,0	0	300,0	0	985,0	0	0,0	ERA5
1052095	08/01/2024	07	08/01/2024	02	HNE	-9,9	0	-11,4	0	89,0	0	4,0	0	310,0	0	986,0	0	0,0	ERA5
1052096	08/01/2024	08	08/01/2024	03	HNE	-9,9	0	-11,4	0	89,0	0	2,0	0	280,0	0	987,0	0	0,0	ERA5
1052097	08/01/2024	09	08/01/2024	04	HNE	-9,8	0	-11,4	0	88,0	0	3,0	0	320,0	0	988,0	0	0,0	ERA5
1052098	08/01/2024	10	08/01/2024	05	HNE	-9,7	0	-11,2	0	88,0	0	1,0	0	210,0	0	988,0	0	0,0	ERA5
1052099	08/01/2024	11	08/01/2024	06	HNE	-9,4	0	-11,5	0	84,0	0	6,0	0	290,0	0	990,0	0	0,0	ERA5
1052100	08/01/2024	12	08/01/2024	07	HNE	-10,5	0	-12,2	0	87,0	0	3,0	0	310,0	0	991,0	0	0,0	ERA5
1052101	08/01/2024	13	08/01/2024	08	HNE	-10,0	0	-11,9	0	86,0	0	2,0	0	280,0	0	992,0	0	33,7	ERA5
1052102	08/01/2024	14	08/01/2024	09	HNE	-9,0	0	-11,9	0	80,0	0	4,0	0	270,0	0	993,0	0	355,1	ERA5
1052103	08/01/2024	15	08/01/2024	10	HNE	-7,8	0	-11,1	0	77,0	0	5,0	0	280,0	0	994,0	0	791,4	ERA5
1052104	08/01/2024	16	08/01/2024	11	HNE	-7,1	0	-11,1	0	73,0	0	10,0	0	300,0	0	994,0	0	1091,9	ERA5
1052105	08/01/2024	17	08/01/2024	12	HNE	-6,1	0	-11,2	0	67,0	0	15,0	0	300,0	0	994,0	0	1265,2	ERA5
1052106	08/01/2024	18	08/01/2024	13	HNE	-5,4	0	-10,8	0	65,0	0	10,0	0	290,0	0	994,0	0	1196,7	ERA5
1052107	08/01/2024	19	08/01/2024	14	HNE	-5,0	0	-10,5	0	65,0	0	6,0	0	280,0	0	995,0	0	1020,1	ERA5
1052108	08/01/2024	20	08/01/2024	15	HNE	-5,5	0	-10,1	0	70,0	0	15,0	0	300,0	0	995,0	0	705,4	ERA5
1052109	08/01/2024	21	08/01/2024	16	HNE	-6,5	0	-10,0	0	76,0	0	5,0	0	280,0	0	996,0	0	251,5	ERA5
1052110	08/01/2024	22	08/01/2024	17	HNE	-7,6	0	-10,4	0	80,0	0	3,0	0	320,0	0	997,0	0	2,9	ERA5
1052111	08/01/2024	23	08/01/2024	18	HNE	-8,4	0	-10,8	0	83,0	0	1,0	0	310,0	0	998,0	0	0,0	ERA5
1052112	09/01/2024	00	08/01/2024	19	HNE	-7,4	0	-9,2	0	87,0	0	3,0	0	260,0	0	998,0	0	0,0	ERA5
1052113	09/01/2024	01	08/01/2024	20	HNE	-6,8	0	-8,5	0	88,0	0	2,0	0	250,0	0	999,0	0	0,0	ERA5
1052114	09/01/2024	02	08/01/2024	21	HNE	-6,4	0	-7,9	0	89,0	0	1,0	0	230,0	0	999,0	0	0,0	ERA5
1052115	09/01/2024	03	08/01/2024	22	HNE	-6,1	0	-8,1	0	86,0	0	6,0	0	290,0	0	999,0	0	0,0	ERA5
1052116	09/01/2024	04	08/01/2024	23	HNE	-6,9	0	-9,5	0	82,0	0	6,0	0	310,0	0	999,0	0	0,0	ERA5
1052117	09/01/2024	05	09/01/2024	00	HNE	-8,5	0	-11,7	0	77,0	0	5,0	0	260,0	0	999,0	0	0,0	ERA5
1052118	09/01/2024	06	09/01/2024	01	HNE	-10,6	0	-13,4	0	80,0	0	1,0	0	260,0	0	999,0	0	0,0	ERA5
1052119	09/01/2024	07	09/01/2024	02	HNE	-10,4	0	-13,2	0	80,0	0	5,0	0	230,0	0	1000,0	0	0,0	ERA5
1052120	09/01/2024	08	09/01/2024	03	HNE	-10,7	0	-13,4	0	80,0	0	5,0	0	240,0	0	1001,0	0	0,0	ERA5
1052121	09/01/2024	09	09/01/2024	04	HNE	-12,5	0	-15,1	0	81,0	0	0,0	0	160,0	0	1001,0	0	0,0	ERA5
1052122	09/01/2024	10	09/01/2024	05	HNE	-12,7	0	-14,4	0	87,0	0	3,0	0	240,0	0	1000,0	0	0,0	ERA5
1052123	09/01/2024	11	09/01/2024	06	HNE	-14,6	0	-16,1	0	88,0	0	0,0	0	0,0	0	1001,0	0	0,0	ERA5
1052124	09/01/2024	12	09/01/2024	07	HNE	-14,5	0	-16,0	0	89,0	0	2,0	0	180,0	0	1000,0	0	0,0	ERA5
1052125	09/01/2024	13	09/01/2024	08	HNE	-15,4	0	-17,0	0	87,0	0	4,0	0	170,0	0	1001,0	0	34,3	ERA5
1052126	09/01/2024	14	09/01/2024	09	HNE	-14,1	0	-15,9	0	87,0	0	2,0	0	190,0	0	1000,0	0	292,2	ERA5
1052127	09/01/2024	15	09/01/2024	10	HNE	-12,2	0	-14,4	0	83,0	0	3,0	0	150,0	0	999,0	0	623,6	ERA5
1052128	09/01/2024	16	09/01/2024	11	HNE	-11,0	0	-13,5	0	82,0	0	6,0	0	150,0	0	998,0	0	863,4	ERA5
1052129	09/01/2024	17	09/01/2024	12	HNE	-9,4	0	-12,2	0	80,0	0	1,0	0	90,0	0	997,0	0	929,8	ERA5
1052130	09/01/2024	18	09/01/2024	13	HNE	-7,8	0	-11,0	0	78,0	0	3,0	0	140,0	0	996,0	0	827,0	ERA5
1052131	09/01/2024	19	09/01/2024	14	HNE	-6,7	0	-9,9	0	77,0	0	2,0	0	140,0	0	996,0	0	456,3	ERA5
1052132	09/01/2024	20	09/01/2024	15	HNE	-5,6	0	-9,5	0	74,0	0	2,0	0	140,0	0	994,0	0	321,2	ERA5
1052133	09/01/2024	21	09/01/2024	16	HNE	-5,0	0	-9,4	0	71,0	0	15,0	0	130,0	0	993,0	0	115,0	ERA5
1052134	09/01/2024	22	09/01/2024	17	HNE	-5,0	0	-9,1	0	73,0	0	12,0	0	140,0	0	991,0	0	1,7	ERA5
1052135	09/01/2024	23	09/01/2024	18	HNE	-5,1	0	-8,6	0	77,0	0	9,0	0	140,0	0	990,0	0	0,0	ERA5
1052136	10/01/2024	00	09/01/2024	19	HNE	-4,7	0	-7,8	0	79,0	0	7,0	0	150,0	0	989,0	0	0,0	ERA5
1052137	10/01/2024	01	09/01/2024	20	HNE	-4,6	0	-5,8	0	91,0	0	11,0	0	140,0	0	988,0	0	0,0	ERA5
1052138	10/01/2024	02	09/01/2024	21	HNE	-4,5	0	-5,5	0	92,0	0	11,0	0	130,0	0	986,0	0	0,0	ERA5
1052139	10/01/2024	03	09/01/2024	22	HNE	-4,2	0	-6,0	0	88,0	0	17,0	0	140,0	0	984,0	0	0,0	ERA5
1052140	10/01/2024	04	09/01/2024	23	HNE	-4,2	0	-4,9	0	95,0	0	19,0	0	130,0	0	982,0	0	0,0	ERA5
1052141	10/01/2024	05	10/01/2024	00	HNE	-4,0	0	-4,5	0	96,0	0	29,0	0	120,0	0	978,0	0	0,0	ERA5
1052142	10/01/2024	06	10/01/2024	01	HNE	-2,7	0	-5,0	0	84,0	0	28,0	0	130,0	0	975,0	0	0,0	ERA5
1052143	10/01/2024	07	10/01/2024	02	HNE	-1,6	0	-4,2	0	82,0	0	38,0	0	130,0	0	973,0	0	0,0	ERA5
1052144	10/01/2024	08	10/01/2024	03	HNE	-1,3	0	-3,4	0	85,0	0	26,0	0	140,0	0	970,0	0	0,0	ERA5
1052145	10/01/2024	09	10/01/2024	04	HNE	-0,8	0	-2,8	0	86,0	0	21,0	0	130,0	0	967,0	0	0,0	ERA5
1052146	10/01/2024	10	10/01/2024	05	HNE	0,2	0	-2,6	0	81,0	0	36,0	0	140,0	0	964,0	0	0,0	ERA5
1052147	10/01/2024	11	10/01/2024	06	HNE	0,9	0	-1,6	0	83,0	0	29,0	0	140,0	0	963,0	0	0,0	ERA5
1052148	10/01/2024	12	10/01/2024	07	HNE	1,9	0	-1,5	0	78,0	0	28,0	0	110,0	0	959,0	0	0,0	ERA5
1052149	10/01/2024	13	10/01/2024	08	HNE	2,4	0	-1,4	0	76,0	0	24,0	0	120,0	0	957,0	0	9,8	ERA5
1052150	10/01/2024	14	10/01/2024	09	HNE	2,7	0	-0,1	0	82,0	0	28,0	0	120,0	0	955,0	0	70,7	ERA5
1052151	10/01/2024	15	10/01/2024	10	HNE	3,3	0	0,7	0	83,0	0	23,0	0	130,0	0	952,0	0	107,7	ERA5
1052152	10/01/2024	16	10/01/2024	11	HNE	2,3	0	0,8	0	90,0	0	3,0	0	230,0	0	953,0	0	201,4	ERA5
1052153	10/01/2024	17	10/01/2024	12	HNE	0,7	0	0,3	0	98,0	0	8,0	0	340,0	0	952,0	0	251,1	ERA5
1052154	10/01/2024	18	10/01/2024	13	HNE	1,2	0	0,7	0	97,0	0	3,0	0	190,0	0	952,0	0	180,3	ERA5
1052155	10/01/2024	19	10/01/2024	14	HNE	1,1	0	0,7	0	98,0	0	0,0	0	0,0	0	953,0	0	223,8	ERA5
1052156	10/01/2024	20	10/01/2024	15	HNE	1,8	0	1,0	0	94,0	0	3,0	0	200,0	0	955,0	0	191,3	ERA5
1052157	10/01/2024	21	10/01/2024	16	HNE	3,0	0	0,9	0	86,0	0	8,0	0	270,0	0	956,0	0	81,1	ERA5
1052158	10/01/2024	22	10/01/2024	17	HNE	3,0	0	0,5	0	84,0	0	4,0	0	230,0	0	957,0	0	2,4	ERA5
1052159	10/01/2024	23	10/01/2024	18	HNE	3,1	0	0,5	0	83,0	0	9,0	0	240,0	0	958,0	0	0,0	ERA5
1052160	11/01/2024	00	10/01/2024	19	HNE	2,9	0	-0,2	0	80,0	0	6,0	0	200,0	0	960,0	0	0,0	ERA5
1052161	11/01/2024	01	10/01/2024	20	HNE	2,0	0	-0,6	0	82,0	0	2,0	0	200,0	0	961,0	0	0,0	ERA5
1052162	11/01/2024	02	10/01/2024	21	HNE	1,9	0	-1,1	0	81,0	0	5,0	0	230,0	0	962,0	0	0,0	ERA5
1052163	11/01/2024	03	10/01/2024	22	HNE	1,9	0	-1,1	0	80,0	0	6,0	0	250,0	0	963,0	0	0,0	ERA5
1052164	11/01/2024	04	10/01/2024	23	HNE	1,3	0	-1,3	0	83,0	0	11,0	0	230,0	0	964,0	0	0,0	ERA5
1052165	11/01/2024	05	11/01/2024	00	HNE	1,0	0	-1,8	0	81,0	0	9,0	0	260,0	0	965,0	0	0,0	ERA5
1052166	11/01/2024	06	11/01/2024	01	HNE	0,4	0	-2,0	0	84,0	0	7,0	0	210,0	0	966,0	0	0,0	ERA5
1052167	11/01/2024	07	11/01/2024	02	HNE	0,2	0	-2,5	0	82,0	0	7,0	0	230,0	0	968,0	0	0,0	ERA5
1052168	11/01/2024	08	11/01/2024	03	HNE	-0,5	0	-4,4	0	75,0	0	15,0	0	240,0	0	969,0	0	0,0	ERA5
1052169	11/01/2024	09	11/01/2024	04	HNE	-1,7	0	-4,8	0	79,0	0	10,0	0	230,0	0	970,0	0	0,0	ERA5
1052170	11/01/2024	10	11/01/2024	05	HNE	-2,5	0	-5,7	0	79,0	0	6,0	0	240,0	0	971,0	0	0,0	ERA5
1052171	11/01/2024	11	11/01/2024	06	HNE	-3,2	0	-6,1	0	80,0	0	7,0	0	230,0	0	972,0	0	0,0	ERA5
1052172	11/01/2024	12	11/01/2024	07	HNE	-3,7	0	-7,5	0	75,0	0	8,0	0	250,0	0	973,0	0	0,0	ERA5
1052173	11/01/2024	13	11/01/2024	08	HNE	-4,3	0	-8,4	0	73,0	0	9,0	0	250,0	0	975,0	0	21,3	ERA5
1052174	11/01/2024	14	11/01/2024	09	HNE	-4,5	0	-8,3	0	75,0	0	5,0	0	280,0	0	976,0	0	221,1	ERA5
1052175	11/01/2024	15	11/01/2024	10	HNE	-4,5	0	-8,8	0	72,0	0	6,0	0	300,0	0	976,0	0	435,1	ERA5
1052176	11/01/2024	16	11/01/2024	11	HNE	-4,1	0	-9,7	0	65,0	0	11,0	0	260,0	0	977,0	0	669,7	ERA5
1052177	11/01/2024	17	11/01/2024	12	HNE	-3,9	0	-10,3	0	61,0	0	6,0	0	220,0	0	976,0	0	886,1	ERA5
1052178	11/01/2024	18	11/01/2024	13	HNE	-4,1	0	-9,8	0	65,0	0	4,0	0	290,0	0	976,0	0	858,9	ERA5
1052179	11/01/2024	19	11/01/2024	14	HNE	-3,8	0	-10,2	0	61,0	0	6,0	0	230,0	0	977,0	0	780,9	ERA5
1052180	11/01/2024	20	11/01/2024	15	HNE	-4,2	0	-10,2	0	63,0	0	3,0	0	250,0	0	978,0	0	491,0	ERA5
1052181	11/01/2024	21	11/01/2024	16	HNE	-4,9	0	-10,3	0	66,0	0	2,0	0	350,0	0	978,0	0	148,3	ERA5
1052182	11/01/2024	22	11/01/2024	17	HNE	-5,5	0	-10,3	0	69,0	0	1,0	0	340,0	0	979,0	0	3,7	ERA5
1052183	11/01/2024	23	11/01/2024	18	HNE	-5,9	0	-10,5	0	70,0	0	5,0	0	290,0	0	979,0	0	0,0	ERA5
1052184	12/01/2024	00	11/01/2024	19	HNE	-6,1	0	-10,5	0	71,0	0	5,0	0	320,0	0	980,0	0	0,0	ERA5
1052185	12/01/2024	01	11/01/2024	20	HNE	-6,3	0	-10,5	0	72,0	0	3,0	0	300,0	0	981,0	0	0,0	ERA5
1052186	12/01/2024	02	11/01/2024	21	HNE	-6,6	0	-10,7	0	72,0	0	2,0	0	340,0	0	981,0	0	0,0	ERA5
1052187	12/01/2024	03	11/01/2024	22	HNE	-6,6	0	-10,4	0	74,0	0	2,0	0	290,0	0	982,0	0	0,0	ERA5
1052188	12/01/2024	04	11/01/2024	23	HNE	-6,8	0	-9,7	0	80,0	0	1,0	0	280,0	0	982,0	0	0,0	ERA5
1052189	12/01/2024	05	12/01/2024	00	HNE	-6,8	0	-9,8	0	80,0	0	5,0	0	290,0	0	983,0	0	0,0	ERA5
1052190	12/01/2024	06	12/01/2024	01	HNE	-7,4	0	-10,8	0	77,0	0	3,0	0	290,0	0	984,0	0	0,0	ERA5
1052191	12/01/2024	07	12/01/2024	02	HNE	-8,7	0	-12,5	0	74,0	0	7,0	0	310,0	0	986,0	0	0,0	ERA5
1052192	12/01/2024	08	12/01/2024	03	HNE	-9,7	0	-13,2	0	76,0	0	3,0	0	10,0	0	987,0	0	0,0	ERA5
1052193	12/01/2024	09	12/01/2024	04	HNE	-10,1	0	-13,7	0	75,0	0	3,0	0	280,0	0	987,0	0	0,0	ERA5
1052194	12/01/2024	10	12/01/2024	05	HNE	-10,9	0	-14,1	0	78,0	0	4,0	0	280,0	0	988,0	0	0,0	ERA5
1052195	12/01/2024	11	12/01/2024	06	HNE	-11,7	0	-14,5	0	80,0	0	3,0	0	310,0	0	989,0	0	0,0	ERA5
1052196	12/01/2024	12	12/01/2024	07	HNE	-12,5	0	-14,6	0	84,0	0	3,0	0	350,0	0	990,0	0	0,0	ERA5
1052197	12/01/2024	13	12/01/2024	08	HNE	-11,9	0	-14,6	0	80,0	0	0,0	0	0,0	0	990,0	0	44,6	ERA5
1052198	12/01/2024	14	12/01/2024	09	HNE	-10,5	0	-15,2	0	68,0	0	6,0	0	300,0	0	992,0	0	435,2	ERA5
1052199	12/01/2024	15	12/01/2024	10	HNE	-9,5	0	-15,2	0	63,0	0	7,0	0	300,0	0	994,0	0	904,3	ERA5
1052200	12/01/2024	16	12/01/2024	11	HNE	-7,8	0	-14,8	0	57,0	0	5,0	0	300,0	0	993,0	0	1254,0	ERA5
1052201	12/01/2024	17	12/01/2024	12	HNE	-5,9	0	-14,0	0	53,0	0	2,0	0	70,0	0	993,0	0	1421,0	ERA5
1052202	12/01/2024	18	12/01/2024	13	HNE	-5,0	0	-13,7	0	50,0	0	2,0	0	290,0	0	993,0	0	1381,5	ERA5
1052203	12/01/2024	19	12/01/2024	14	HNE	-4,9	0	-14,8	0	46,0	0	3,0	0	210,0	0	993,0	0	1152,1	ERA5
1052204	12/01/2024	20	12/01/2024	15	HNE	-5,6	0	-14,6	0	49,0	0	3,0	0	320,0	0	993,0	0	778,4	ERA5
1052205	12/01/2024	21	12/01/2024	16	HNE	-6,3	0	-14,2	0	53,0	0	1,0	0	280,0	0	993,0	0	302,6	ERA5
1052206	12/01/2024	22	12/01/2024	17	HNE	-8,2	0	-14,1	0	63,0	0	3,0	0	230,0	0	994,0	0	7,8	ERA5
1052207	12/01/2024	23	12/01/2024	18	HNE	-10,4	0	-14,4	0	72,0	0	0,0	0	190,0	0	993,0	0	0,0	ERA5
1052208	13/01/2024	00	12/01/2024	19	HNE	-11,2	0	-15,1	0	73,0	0	3,0	0	330,0	0	993,0	0	0,0	ERA5
1052209	13/01/2024	01	12/01/2024	20	HNE	-13,5	0	-16,5	0	78,0	0	2,0	0	140,0	0	992,0	0	0,0	ERA5
1052210	13/01/2024	02	12/01/2024	21	HNE	-12,5	0	-14,7	0	83,0	0	4,0	0	190,0	0	991,0	0	0,0	ERA5
1052211	13/01/2024	03	12/01/2024	22	HNE	-12,8	0	-16,1	0	76,0	0	0,0	0	80,0	0	992,0	0	0,0	ERA5
1052212	13/01/2024	04	12/01/2024	23	HNE	-12,7	0	-14,9	0	84,0	0	5,0	0	210,0	0	990,0	0	0,0	ERA5
1052213	13/01/2024	05	13/01/2024	00	HNE	-11,5	0	-14,9	0	76,0	0	2,0	0	100,0	0	989,0	0	0,0	ERA5
1052214	13/01/2024	06	13/01/2024	01	HNE	-10,3	0	-14,3	0	72,0	0	5,0	0	170,0	0	989,0	0	0,0	ERA5
1052215	13/01/2024	07	13/01/2024	02	HNE	-9,4	0	-13,8	0	70,0	0	14,0	0	140,0	0	988,0	0	0,0	ERA5
1052216	13/01/2024	08	13/01/2024	03	HNE	-8,7	0	-13,4	0	69,0	0	9,0	0	120,0	0	987,0	0	0,0	ERA5
1052217	13/01/2024	09	13/01/2024	04	HNE	-7,6	0	-12,8	0	66,0	0	13,0	0	140,0	0	986,0	0	0,0	ERA5
1052218	13/01/2024	10	13/01/2024	05	HNE	-7,9	0	-8,9	0	92,0	0	18,0	0	130,0	0	983,0	0	0,0	ERA5
1052219	13/01/2024	11	13/01/2024	06	HNE	-7,6	0	-9,0	0	89,0	0	13,0	0	130,0	0	981,0	0	0,0	ERA5
1052220	13/01/2024	12	13/01/2024	07	HNE	-4,4	0	-7,0	0	82,0	0	34,0	0	130,0	0	977,0	0	0,0	ERA5
1052221	13/01/2024	13	13/01/2024	08	HNE	-4,5	0	-7,6	0	79,0	0	30,0	0	120,0	0	975,0	0	12,0	ERA5
1052222	13/01/2024	14	13/01/2024	09	HNE	-3,7	0	-7,8	0	73,0	0	35,0	0	120,0	0	973,0	0	148,3	ERA5
1052223	13/01/2024	15	13/01/2024	10	HNE	-4,2	0	-7,1	0	80,0	0	34,0	0	130,0	0	971,0	0	387,4	ERA5
1052224	13/01/2024	16	13/01/2024	11	HNE	-3,9	0	-7,5	0	76,0	0	30,0	0	120,0	0	968,0	0	385,6	ERA5
1052225	13/01/2024	17	13/01/2024	12	HNE	-3,0	0	-6,6	0	76,0	0	28,0	0	120,0	0	966,0	0	722,9	ERA5
1052226	13/01/2024	18	13/01/2024	13	HNE	-2,8	0	-5,9	0	79,0	0	19,0	0	100,0	0	964,0	0	628,3	ERA5
1052227	13/01/2024	19	13/01/2024	14	HNE	-2,8	0	-5,5	0	82,0	0	24,0	0	110,0	0	962,0	0	418,7	ERA5
1052228	13/01/2024	20	13/01/2024	15	HNE	-2,8	0	-5,0	0	85,0	0	29,0	0	120,0	0	960,0	0	215,8	ERA5
1052229	13/01/2024	21	13/01/2024	16	HNE	-3,0	0	-4,1	0	93,0	0	10,0	0	150,0	0	959,0	0	103,2	ERA5
1052230	13/01/2024	22	13/01/2024	17	HNE	-2,7	0	-4,1	0	90,0	0	4,0	0	350,0	0	958,0	0	3,4	ERA5
1052231	13/01/2024	23	13/01/2024	18	HNE	-3,8	0	-4,4	0	96,0	0	6,0	0	360,0	0	959,0	0	0,0	ERA5
1052232	14/01/2024	00	13/01/2024	19	HNE	-3,8	0	-4,6	0	94,0	0	3,0	0	270,0	0	959,0	0	0,0	ERA5
1052233	14/01/2024	01	13/01/2024	20	HNE	-3,8	0	-4,3	0	97,0	0	4,0	0	120,0	0	960,0	0	0,0	ERA5
1052234	14/01/2024	02	13/01/2024	21	HNE	-0,8	0	-2,2	0	90,0	0	5,0	0	250,0	0	961,0	0	0,0	ERA5
1052235	14/01/2024	03	13/01/2024	22	HNE	-0,5	0	-3,4	0	81,0	0	7,0	0	250,0	0	961,0	0	0,0	ERA5
1052236	14/01/2024	04	13/01/2024	23	HNE	-0,4	0	-3,8	0	78,0	0	5,0	0	230,0	0	962,0	0	0,0	ERA5
1052237	14/01/2024	05	14/01/2024	00	HNE	-0,6	0	-3,7	0	80,0	0	5,0	0	220,0	0	963,0	0	0,0	ERA5
1052238	14/01/2024	06	14/01/2024	01	HNE	-0,8	0	-3,8	0	80,0	0	4,0	0	230,0	0	963,0	0	0,0	ERA5
1052239	14/01/2024	07	14/01/2024	02	HNE	-1,5	0	-5,1	0	76,0	0	11,0	0	220,0	0	965,0	0	0,0	ERA5
1052240	14/01/2024	08	14/01/2024	03	HNE	-2,5	0	-8,0	0	66,0	0	8,0	0	260,0	0	967,0	0	0,0	ERA5
1052241	14/01/2024	09	14/01/2024	04	HNE	-3,2	0	-7,0	0	75,0	0	7,0	0	220,0	0	968,0	0	0,0	ERA5
1052242	14/01/2024	10	14/01/2024	05	HNE	-3,4	0	-9,2	0	64,0	0	8,0	0	210,0	0	968,0	0	0,0	ERA5
1052243	14/01/2024	11	14/01/2024	06	HNE	-4,2	0	-10,2	0	63,0	0	6,0	0	250,0	0	970,0	0	0,0	ERA5
1052244	14/01/2024	12	14/01/2024	07	HNE	-4,4	0	-9,3	0	68,0	0	6,0	0	230,0	0	970,0	0	0,0	ERA5
1052245	14/01/2024	13	14/01/2024	08	HNE	-4,1	0	-9,9	0	64,0	0	10,0	0	230,0	0	971,0	0	38,6	ERA5
1052246	14/01/2024	14	14/01/2024	09	HNE	-3,0	0	-9,6	0	60,0	0	5,0	0	210,0	0	971,0	0	392,5	ERA5
1052247	14/01/2024	15	14/01/2024	10	HNE	-2,9	0	-9,6	0	60,0	0	7,0	0	210,0	0	972,0	0	883,0	ERA5
1052248	14/01/2024	16	14/01/2024	11	HNE	-2,6	0	-8,5	0	64,0	0	9,0	0	200,0	0	972,0	0	1173,0	ERA5
1052249	14/01/2024	17	14/01/2024	12	HNE	-2,9	0	-7,7	0	69,0	0	7,0	0	210,0	0	972,0	0	994,8	ERA5
1052250	14/01/2024	18	14/01/2024	13	HNE	-3,7	0	-5,5	0	87,0	0	3,0	0	280,0	0	971,0	0	773,7	ERA5
1052251	14/01/2024	19	14/01/2024	14	HNE	-4,0	0	-5,0	0	93,0	0	4,0	0	80,0	0	971,0	0	464,8	ERA5
1052252	14/01/2024	20	14/01/2024	15	HNE	-4,1	0	-5,1	0	93,0	0	0,0	0	0,0	0	972,0	0	338,9	ERA5
1052253	14/01/2024	21	14/01/2024	16	HNE	-4,1	0	-6,7	0	82,0	0	5,0	0	200,0	0	973,0	0	177,2	ERA5
1052254	14/01/2024	22	14/01/2024	17	HNE	-5,2	0	-8,6	0	77,0	0	4,0	0	230,0	0	974,0	0	7,5	ERA5
1052255	14/01/2024	23	14/01/2024	18	HNE	-6,1	0	-9,0	0	80,0	0	1,0	0	340,0	0	975,0	0	0,0	ERA5
1052256	15/01/2024	00	14/01/2024	19	HNE	-6,2	0	-8,9	0	81,0	0	2,0	0	250,0	0	976,0	0	0,0	ERA5
1052257	15/01/2024	01	14/01/2024	20	HNE	-5,5	0	-9,4	0	74,0	0	11,0	0	260,0	0	976,0	0	0,0	ERA5
1052258	15/01/2024	02	14/01/2024	21	HNE	-5,9	0	-8,7	0	81,0	0	5,0	0	250,0	0	977,0	0	0,0	ERA5
1052259	15/01/2024	03	14/01/2024	22	HNE	-6,9	0	-8,7	0	87,0	0	7,0	0	280,0	0	978,0	0	0,0	ERA5
1052260	15/01/2024	04	14/01/2024	23	HNE	-8,0	0	-10,0	0	86,0	0	7,0	0	300,0	0	980,0	0	0,0	ERA5
1052261	15/01/2024	05	15/01/2024	00	HNE	-9,1	0	-12,7	0	75,0	0	7,0	0	300,0	0	981,0	0	0,0	ERA5
1052262	15/01/2024	06	15/01/2024	01	HNE	-9,3	0	-13,4	0	72,0	0	9,0	0	310,0	0	982,0	0	0,0	ERA5
1052263	15/01/2024	07	15/01/2024	02	HNE	-9,9	0	-13,9	0	72,0	0	7,0	0	290,0	0	984,0	0	0,0	ERA5
1052264	15/01/2024	08	15/01/2024	03	HNE	-10,8	0	-14,6	0	74,0	0	6,0	0	310,0	0	985,0	0	0,0	ERA5
1052265	15/01/2024	09	15/01/2024	04	HNE	-11,0	0	-13,8	0	80,0	0	2,0	0	340,0	0	985,0	0	0,0	ERA5
1052266	15/01/2024	10	15/01/2024	05	HNE	-12,0	0	-14,6	0	81,0	0	4,0	0	310,0	0	986,0	0	0,0	ERA5
1052267	15/01/2024	11	15/01/2024	06	HNE	-11,2	0	-14,0	0	79,0	0	6,0	0	300,0	0	987,0	0	0,0	ERA5
1052268	15/01/2024	12	15/01/2024	07	HNE	-10,4	0	-14,2	0	74,0	0	1,0	0	240,0	0	987,0	0	0,0	ERA5
1052269	15/01/2024	13	15/01/2024	08	HNE	-10,8	0	-13,6	0	80,0	0	4,0	0	180,0	0	988,0	0	28,9	ERA5
1052270	15/01/2024	14	15/01/2024	09	HNE	-9,7	0	-12,7	0	79,0	0	6,0	0	190,0	0	988,0	0	216,2	ERA5
1052271	15/01/2024	15	15/01/2024	10	HNE	-8,0	0	-12,0	0	73,0	0	5,0	0	220,0	0	988,0	0	512,5	ERA5
1052272	15/01/2024	16	15/01/2024	11	HNE	-7,2	0	-10,8	0	75,0	0	7,0	0	210,0	0	988,0	0	768,5	ERA5
1052273	15/01/2024	17	15/01/2024	12	HNE	-6,5	0	-10,7	0	72,0	0	5,0	0	210,0	0	988,0	0	739,9	ERA5
1052274	15/01/2024	18	15/01/2024	13	HNE	-6,0	0	-11,4	0	65,0	0	8,0	0	210,0	0	988,0	0	840,4	ERA5
1052275	15/01/2024	19	15/01/2024	14	HNE	-6,5	0	-9,2	0	81,0	0	5,0	0	210,0	0	989,0	0	513,1	ERA5
1052276	15/01/2024	20	15/01/2024	15	HNE	-6,5	0	-11,2	0	69,0	0	7,0	0	210,0	0	989,0	0	530,0	ERA5
1052277	15/01/2024	21	15/01/2024	16	HNE	-7,1	0	-11,3	0	72,0	0	7,0	0	200,0	0	990,0	0	237,4	ERA5
1052278	15/01/2024	22	15/01/2024	17	HNE	-8,1	0	-11,3	0	78,0	0	5,0	0	190,0	0	990,0	0	11,2	ERA5
1052279	15/01/2024	23	15/01/2024	18	HNE	-8,5	0	-11,8	0	77,0	0	8,0	0	200,0	0	991,0	0	0,0	ERA5
1052280	16/01/2024	00	15/01/2024	19	HNE	-9,4	0	-12,4	0	79,0	0	3,0	0	200,0	0	991,0	0	0,0	ERA5
1052281	16/01/2024	01	15/01/2024	20	HNE	-10,1	0	-12,5	0	83,0	0	7,0	0	160,0	0	991,0	0	0,0	ERA5
1052282	16/01/2024	02	15/01/2024	21	HNE	-11,7	0	-14,4	0	80,0	0	4,0	0	170,0	0	991,0	0	0,0	ERA5
1052283	16/01/2024	03	15/01/2024	22	HNE	-11,9	0	-13,9	0	85,0	0	2,0	0	210,0	0	991,0	0	0,0	ERA5
1052284	16/01/2024	04	15/01/2024	23	HNE	-12,3	0	-14,0	0	87,0	0	6,0	0	180,0	0	991,0	0	0,0	ERA5
1052285	16/01/2024	05	16/01/2024	00	HNE	-13,3	0	-14,9	0	87,0	0	3,0	0	190,0	0	991,0	0	0,0	ERA5
1052286	16/01/2024	06	16/01/2024	01	HNE	-14,5	0	-16,3	0	87,0	0	2,0	0	190,0	0	992,0	0	0,0	ERA5
1052287	16/01/2024	07	16/01/2024	02	HNE	-15,0	0	-16,7	0	87,0	0	3,0	0	210,0	0	992,0	0	0,0	ERA5
1052288	16/01/2024	08	16/01/2024	03	HNE	-17,2	0	-18,9	0	86,0	0	3,0	0	160,0	0	992,0	0	0,0	ERA5
1052289	16/01/2024	09	16/01/2024	04	HNE	-16,6	0	-18,3	0	87,0	0	5,0	0	170,0	0	992,0	0	0,0	ERA5
1052290	16/01/2024	10	16/01/2024	05	HNE	-18,0	0	-20,4	0	82,0	0	3,0	0	170,0	0	991,0	0	0,0	ERA5
1052291	16/01/2024	11	16/01/2024	06	HNE	-17,7	0	-19,7	0	85,0	0	3,0	0	170,0	0	991,0	0	0,0	ERA5
1052292	16/01/2024	12	16/01/2024	07	HNE	-17,2	0	-19,1	0	85,0	0	2,0	0	190,0	0	990,0	0	0,0	ERA5
1052293	16/01/2024	13	16/01/2024	08	HNE	-16,8	0	-18,8	0	84,0	0	3,0	0	180,0	0	990,0	0	33,2	ERA5
1052294	16/01/2024	14	16/01/2024	09	HNE	-15,4	0	-17,6	0	83,0	0	1,0	0	90,0	0	990,0	0	272,2	ERA5
1052295	16/01/2024	15	16/01/2024	10	HNE	-13,6	0	-16,1	0	82,0	0	2,0	0	150,0	0	989,0	0	589,2	ERA5
1052296	16/01/2024	16	16/01/2024	11	HNE	-10,2	0	-13,9	0	74,0	0	3,0	0	160,0	0	987,0	0	875,4	ERA5
1052297	16/01/2024	17	16/01/2024	12	HNE	-8,0	0	-12,3	0	71,0	0	3,0	0	150,0	0	986,0	0	802,0	ERA5
1052298	16/01/2024	18	16/01/2024	13	HNE	-6,9	0	-11,2	0	72,0	0	11,0	0	130,0	0	983,0	0	638,8	ERA5
1052299	16/01/2024	19	16/01/2024	14	HNE	-7,2	0	-10,2	0	79,0	0	12,0	0	120,0	0	982,0	0	516,4	ERA5
1052300	16/01/2024	20	16/01/2024	15	HNE	-7,5	0	-9,0	0	89,0	0	5,0	0	120,0	0	981,0	0	298,9	ERA5
1052301	16/01/2024	21	16/01/2024	16	HNE	-7,6	0	-8,9	0	90,0	0	6,0	0	100,0	0	980,0	0	99,2	ERA5
1052302	16/01/2024	22	16/01/2024	17	HNE	-8,0	0	-9,5	0	89,0	0	6,0	0	110,0	0	979,0	0	5,2	ERA5
1052303	16/01/2024	23	16/01/2024	18	HNE	-8,1	0	-9,7	0	88,0	0	4,0	0	100,0	0	978,0	0	0,0	ERA5
1052304	17/01/2024	00	16/01/2024	19	HNE	-8,2	0	-9,4	0	91,0	0	6,0	0	330,0	0	977,0	0	0,0	ERA5
1052305	17/01/2024	01	16/01/2024	20	HNE	-8,4	0	-9,5	0	92,0	0	5,0	0	320,0	0	977,0	0	0,0	ERA5
1052306	17/01/2024	02	16/01/2024	21	HNE	-8,4	0	-9,6	0	91,0	0	6,0	0	310,0	0	976,0	0	0,0	ERA5
1052307	17/01/2024	03	16/01/2024	22	HNE	-8,6	0	-10,2	0	89,0	0	5,0	0	290,0	0	975,0	0	0,0	ERA5
1052308	17/01/2024	04	16/01/2024	23	HNE	-9,0	0	-10,8	0	87,0	0	6,0	0	300,0	0	975,0	0	0,0	ERA5
1052309	17/01/2024	05	17/01/2024	00	HNE	-9,2	0	-11,2	0	86,0	0	4,0	0	260,0	0	974,0	0	0,0	ERA5
1052310	17/01/2024	06	17/01/2024	01	HNE	-9,4	0	-11,3	0	86,0	0	7,0	0	300,0	0	974,0	0	0,0	ERA5
1052311	17/01/2024	07	17/01/2024	02	HNE	-9,3	0	-11,5	0	84,0	0	6,0	0	310,0	0	974,0	0	0,0	ERA5
1052312	17/01/2024	08	17/01/2024	03	HNE	-10,7	0	-13,2	0	82,0	0	2,0	0	280,0	0	974,0	0	0,0	ERA5
1052313	17/01/2024	09	17/01/2024	04	HNE	-11,4	0	-13,8	0	83,0	0	3,0	0	290,0	0	975,0	0	0,0	ERA5
1052314	17/01/2024	10	17/01/2024	05	HNE	-11,4	0	-13,8	0	82,0	0	4,0	0	240,0	0	975,0	0	0,0	ERA5
1052315	17/01/2024	11	17/01/2024	06	HNE	-11,5	0	-13,9	0	82,0	0	10,0	0	240,0	0	975,0	0	0,0	ERA5
1052316	17/01/2024	12	17/01/2024	07	HNE	-12,1	0	-14,7	0	81,0	0	11,0	0	230,0	0	975,0	0	0,0	ERA5
1052317	17/01/2024	13	17/01/2024	08	HNE	-12,7	0	-15,3	0	80,0	0	5,0	0	250,0	0	976,0	0	37,3	ERA5
1052318	17/01/2024	14	17/01/2024	09	HNE	-11,7	0	-15,2	0	75,0	0	5,0	0	270,0	0	976,0	0	277,8	ERA5
1052319	17/01/2024	15	17/01/2024	10	HNE	-10,7	0	-14,6	0	73,0	0	5,0	0	270,0	0	976,0	0	590,0	ERA5
1052320	17/01/2024	16	17/01/2024	11	HNE	-9,1	0	-13,9	0	68,0	0	10,0	0	250,0	0	976,0	0	777,2	ERA5
1052321	17/01/2024	17	17/01/2024	12	HNE	-9,0	0	-13,9	0	67,0	0	9,0	0	260,0	0	976,0	0	911,6	ERA5
1052322	17/01/2024	18	17/01/2024	13	HNE	-8,4	0	-13,9	0	65,0	0	12,0	0	240,0	0	976,0	0	873,8	ERA5
1052323	17/01/2024	19	17/01/2024	14	HNE	-9,5	0	-13,9	0	70,0	0	5,0	0	240,0	0	976,0	0	740,4	ERA5
1052324	17/01/2024	20	17/01/2024	15	HNE	-9,2	0	-13,9	0	69,0	0	2,0	0	290,0	0	976,0	0	520,0	ERA5
1052325	17/01/2024	21	17/01/2024	16	HNE	-10,1	0	-14,6	0	70,0	0	5,0	0	250,0	0	976,0	0	270,4	ERA5
1052326	17/01/2024	22	17/01/2024	17	HNE	-10,8	0	-15,7	0	67,0	0	11,0	0	230,0	0	977,0	0	14,2	ERA5
1052327	17/01/2024	23	17/01/2024	18	HNE	-10,9	0	-15,2	0	70,0	0	7,0	0	230,0	0	977,0	0	0,0	ERA5
1052328	18/01/2024	00	17/01/2024	19	HNE	-11,1	0	-15,4	0	71,0	0	7,0	0	230,0	0	977,0	0	0,0	ERA5
1052329	18/01/2024	01	17/01/2024	20	HNE	-11,5	0	-15,2	0	74,0	0	9,0	0	230,0	0	978,0	0	0,0	ERA5
1052330	18/01/2024	02	17/01/2024	21	HNE	-11,4	0	-15,4	0	73,0	0	6,0	0	230,0	0	978,0	0	0,0	ERA5
1052331	18/01/2024	03	17/01/2024	22	HNE	-11,4	0	-14,7	0	77,0	0	2,0	0	260,0	0	978,0	0	0,0	ERA5
1052332	18/01/2024	04	17/01/2024	23	HNE	-11,5	0	-15,1	0	75,0	0	5,0	0	260,0	0	979,0	0	0,0	ERA5
1052333	18/01/2024	05	18/01/2024	00	HNE	-11,6	0	-14,7	0	78,0	0	6,0	0	230,0	0	979,0	0	0,0	ERA5
1052334	18/01/2024	06	18/01/2024	01	HNE	-11,1	0	-13,8	0	81,0	0	2,0	0	230,0	0	979,0	0	0,0	ERA5
1052335	18/01/2024	07	18/01/2024	02	HNE	-11,0	0	-14,0	0	79,0	0	2,0	0	270,0	0	980,0	0	0,0	ERA5
1052336	18/01/2024	08	18/01/2024	03	HNE	-11,1	0	-14,8	0	74,0	0	6,0	0	250,0	0	980,0	0	0,0	ERA5
1052337	18/01/2024	09	18/01/2024	04	HNE	-11,1	0	-15,0	0	73,0	0	4,0	0	270,0	0	981,0	0	0,0	ERA5
1052338	18/01/2024	10	18/01/2024	05	HNE	-12,1	0	-15,9	0	73,0	0	4,0	0	260,0	0	982,0	0	0,0	ERA5
1052339	18/01/2024	11	18/01/2024	06	HNE	-12,3	0	-15,9	0	75,0	0	5,0	0	210,0	0	983,0	0	0,0	ERA5
1052340	18/01/2024	12	18/01/2024	07	HNE	-12,5	0	-15,5	0	78,0	0	4,0	0	230,0	0	983,0	0	0,0	ERA5
1052341	18/01/2024	13	18/01/2024	08	HNE	-13,0	0	-16,1	0	77,0	0	5,0	0	240,0	0	983,0	0	30,6	ERA5
1052342	18/01/2024	14	18/01/2024	09	HNE	-12,0	0	-15,8	0	73,0	0	8,0	0	250,0	0	983,0	0	324,1	ERA5
1052343	18/01/2024	15	18/01/2024	10	HNE	-10,0	0	-14,7	0	68,0	0	8,0	0	280,0	0	984,0	0	600,5	ERA5
1052344	18/01/2024	16	18/01/2024	11	HNE	-9,2	0	-14,6	0	65,0	0	7,0	0	240,0	0	983,0	0	783,9	ERA5
1052345	18/01/2024	17	18/01/2024	12	HNE	-8,6	0	-14,4	0	63,0	0	9,0	0	240,0	0	983,0	0	1216,6	ERA5
1052346	18/01/2024	18	18/01/2024	13	HNE	-8,6	0	-15,7	0	56,0	0	7,0	0	290,0	0	983,0	0	1144,6	ERA5
1052347	18/01/2024	19	18/01/2024	14	HNE	-7,8	0	-16,2	0	51,0	0	6,0	0	280,0	0	983,0	0	1029,9	ERA5
1052348	18/01/2024	20	18/01/2024	15	HNE	-8,6	0	-16,7	0	52,0	0	10,0	0	280,0	0	983,0	0	686,5	ERA5
1052349	18/01/2024	21	18/01/2024	16	HNE	-9,6	0	-16,3	0	58,0	0	5,0	0	290,0	0	983,0	0	334,4	ERA5
1052350	18/01/2024	22	18/01/2024	17	HNE	-10,2	0	-15,8	0	64,0	0	4,0	0	250,0	0	984,0	0	20,3	ERA5
1052351	18/01/2024	23	18/01/2024	18	HNE	-11,4	0	-15,4	0	72,0	0	3,0	0	290,0	0	984,0	0	0,0	ERA5
1052352	19/01/2024	00	18/01/2024	19	HNE	-11,9	0	-15,5	0	75,0	0	3,0	0	280,0	0	984,0	0	0,0	ERA5
1052353	19/01/2024	01	18/01/2024	20	HNE	-11,4	0	-14,8	0	76,0	0	4,0	0	250,0	0	985,0	0	0,0	ERA5
1052354	19/01/2024	02	18/01/2024	21	HNE	-10,8	0	-13,7	0	79,0	0	3,0	0	270,0	0	985,0	0	0,0	ERA5
1052355	19/01/2024	03	18/01/2024	22	HNE	-11,3	0	-15,1	0	73,0	0	8,0	0	320,0	0	985,0	0	0,0	ERA5
1052356	19/01/2024	04	18/01/2024	23	HNE	-13,1	0	-17,6	0	69,0	0	10,0	0	300,0	0	985,0	0	0,0	ERA5
1052357	19/01/2024	05	19/01/2024	00	HNE	-13,9	0	-18,5	0	68,0	0	4,0	0	310,0	0	986,0	0	0,0	ERA5
1052358	19/01/2024	06	19/01/2024	01	HNE	-15,6	0	-20,6	0	65,0	0	3,0	0	290,0	0	986,0	0	0,0	ERA5
1052359	19/01/2024	07	19/01/2024	02	HNE	-16,8	0	-21,5	0	67,0	0	2,0	0	270,0	0	986,0	0	0,0	ERA5
1052360	19/01/2024	08	19/01/2024	03	HNE	-17,7	0	-22,2	0	68,0	0	5,0	0	230,0	0	986,0	0	0,0	ERA5
1052361	19/01/2024	09	19/01/2024	04	HNE	-18,4	0	-22,8	0	68,0	0	5,0	0	240,0	0	985,0	0	0,0	ERA5
1052362	19/01/2024	10	19/01/2024	05	HNE	-19,5	0	-23,9	0	68,0	0	1,0	0	220,0	0	985,0	0	0,0	ERA5
1052363	19/01/2024	11	19/01/2024	06	HNE	-19,9	0	-23,9	0	70,0	0	2,0	0	250,0	0	985,0	0	0,0	ERA5
1052364	19/01/2024	12	19/01/2024	07	HNE	-21,5	0	-24,8	0	75,0	0	2,0	0	220,0	0	985,0	0	0,0	ERA5
1052365	19/01/2024	13	19/01/2024	08	HNE	-19,9	0	-24,5	0	66,0	0	4,0	0	260,0	0	985,0	0	64,3	ERA5
1052366	19/01/2024	14	19/01/2024	09	HNE	-19,3	0	-25,1	0	60,0	0	4,0	0	120,0	0	985,0	0	500,5	ERA5
1052367	19/01/2024	15	19/01/2024	10	HNE	-16,4	0	-24,3	0	51,0	0	2,0	0	270,0	0	985,0	0	998,9	ERA5
1052368	19/01/2024	16	19/01/2024	11	HNE	-15,2	0	-23,3	0	50,0	0	4,0	0	210,0	0	984,0	0	1358,6	ERA5
1052369	19/01/2024	17	19/01/2024	12	HNE	-13,5	0	-21,9	0	49,0	0	5,0	0	280,0	0	982,0	0	1536,8	ERA5
1052370	19/01/2024	18	19/01/2024	13	HNE	-14,1	0	-22,4	0	49,0	0	10,0	0	350,0	0	981,0	0	1507,4	ERA5
1052371	19/01/2024	19	19/01/2024	14	HNE	-13,4	0	-21,0	0	53,0	0	10,0	0	330,0	0	980,0	0	1281,7	ERA5
1052372	19/01/2024	20	19/01/2024	15	HNE	-13,3	0	-20,3	0	55,0	0	5,0	0	310,0	0	980,0	0	895,8	ERA5
1052373	19/01/2024	21	19/01/2024	16	HNE	-14,1	0	-20,4	0	59,0	0	2,0	0	260,0	0	980,0	0	391,8	ERA5
1052374	19/01/2024	22	19/01/2024	17	HNE	-15,8	0	-21,2	0	63,0	0	7,0	0	270,0	0	980,0	0	24,6	ERA5
1052375	19/01/2024	23	19/01/2024	18	HNE	-16,6	0	-21,5	0	66,0	0	4,0	0	280,0	0	980,0	0	0,0	ERA5
1052376	20/01/2024	00	19/01/2024	19	HNE	-16,8	0	-21,2	0	68,0	0	5,0	0	280,0	0	980,0	0	0,0	ERA5
1052377	20/01/2024	01	19/01/2024	20	HNE	-16,6	0	-21,0	0	69,0	0	6,0	0	250,0	0	980,0	0	0,0	ERA5
1052378	20/01/2024	02	19/01/2024	21	HNE	-16,7	0	-20,9	0	70,0	0	4,0	0	240,0	0	979,0	0	0,0	ERA5
1052379	20/01/2024	03	19/01/2024	22	HNE	-16,8	0	-20,7	0	72,0	0	2,0	0	230,0	0	978,0	0	0,0	ERA5
1052380	20/01/2024	04	19/01/2024	23	HNE	-16,7	0	-20,5	0	72,0	0	2,0	0	160,0	0	978,0	0	0,0	ERA5
1052381	20/01/2024	05	20/01/2024	00	HNE	-16,3	0	-20,0	0	73,0	0	5,0	0	260,0	0	978,0	0	0,0	ERA5
1052382	20/01/2024	06	20/01/2024	01	HNE	-16,3	0	-19,9	0	73,0	0	3,0	0	270,0	0	979,0	0	0,0	ERA5
1052383	20/01/2024	07	20/01/2024	02	HNE	-16,2	0	-20,0	0	73,0	0	5,0	0	230,0	0	979,0	0	0,0	ERA5
1052384	20/01/2024	08	20/01/2024	03	HNE	-16,1	0	-19,9	0	72,0	0	2,0	0	280,0	0	979,0	0	0,0	ERA5
1052385	20/01/2024	09	20/01/2024	04	HNE	-16,1	0	-19,5	0	75,0	0	2,0	0	300,0	0	979,0	0	0,0	ERA5
1052386	20/01/2024	10	20/01/2024	05	HNE	-16,2	0	-19,0	0	79,0	0	1,0	0	290,0	0	979,0	0	0,0	ERA5
1052387	20/01/2024	11	20/01/2024	06	HNE	-15,9	0	-19,0	0	77,0	0	1,0	0	250,0	0	980,0	0	0,0	ERA5
1052388	20/01/2024	12	20/01/2024	07	HNE	-15,6	0	-18,8	0	76,0	0	3,0	0	230,0	0	980,0	0	0,0	ERA5
1052389	20/01/2024	13	20/01/2024	08	HNE	-15,3	0	-18,8	0	75,0	0	2,0	0	220,0	0	980,0	0	37,7	ERA5
1052390	20/01/2024	14	20/01/2024	09	HNE	-14,6	0	-18,3	0	74,0	0	4,0	0	280,0	0	981,0	0	295,6	ERA5
1052391	20/01/2024	15	20/01/2024	10	HNE	-13,9	0	-17,8	0	72,0	0	3,0	0	230,0	0	981,0	0	558,9	ERA5
1052392	20/01/2024	16	20/01/2024	11	HNE	-12,8	0	-17,4	0	69,0	0	3,0	0	290,0	0	981,0	0	806,7	ERA5
1052393	20/01/2024	17	20/01/2024	12	HNE	-11,7	0	-17,0	0	65,0	0	4,0	0	300,0	0	981,0	0	1106,2	ERA5
1052394	20/01/2024	18	20/01/2024	13	HNE	-11,6	0	-16,6	0	66,0	0	4,0	0	280,0	0	981,0	0	971,7	ERA5
1052395	20/01/2024	19	20/01/2024	14	HNE	-11,4	0	-16,3	0	67,0	0	6,0	0	270,0	0	981,0	0	945,7	ERA5
1052396	20/01/2024	20	20/01/2024	15	HNE	-11,2	0	-15,6	0	70,0	0	7,0	0	270,0	0	981,0	0	615,1	ERA5
1052397	20/01/2024	21	20/01/2024	16	HNE	-11,3	0	-15,1	0	73,0	0	3,0	0	260,0	0	982,0	0	297,0	ERA5
1052398	20/01/2024	22	20/01/2024	17	HNE	-11,2	0	-14,6	0	76,0	0	3,0	0	250,0	0	982,0	0	18,6	ERA5
1052399	20/01/2024	23	20/01/2024	18	HNE	-11,0	0	-14,2	0	77,0	0	2,0	0	260,0	0	983,0	0	0,0	ERA5
1052400	21/01/2024	00	20/01/2024	19	HNE	-10,7	0	-13,7	0	78,0	0	2,0	0	300,0	0	983,0	0	0,0	ERA5
1052401	21/01/2024	01	20/01/2024	20	HNE	-10,5	0	-13,4	0	79,0	0	6,0	0	290,0	0	984,0	0	0,0	ERA5
1052402	21/01/2024	02	20/01/2024	21	HNE	-10,6	0	-13,2	0	81,0	0	3,0	0	320,0	0	984,0	0	0,0	ERA5
1052403	21/01/2024	03	20/01/2024	22	HNE	-10,8	0	-13,7	0	79,0	0	4,0	0	280,0	0	985,0	0	0,0	ERA5
1052404	21/01/2024	04	20/01/2024	23	HNE	-11,0	0	-14,1	0	78,0	0	6,0	0	240,0	0	985,0	0	0,0	ERA5
1052405	21/01/2024	05	21/01/2024	00	HNE	-11,1	0	-14,4	0	76,0	0	5,0	0	250,0	0	985,0	0	0,0	ERA5
1052406	21/01/2024	06	21/01/2024	01	HNE	-11,3	0	-14,6	0	77,0	0	7,0	0	250,0	0	986,0	0	0,0	ERA5
1052407	21/01/2024	07	21/01/2024	02	HNE	-11,3	0	-14,4	0	77,0	0	6,0	0	250,0	0	986,0	0	0,0	ERA5
1052408	21/01/2024	08	21/01/2024	03	HNE	-11,1	0	-14,3	0	78,0	0	7,0	0	240,0	0	986,0	0	0,0	ERA5
1052409	21/01/2024	09	21/01/2024	04	HNE	-11,1	0	-14,2	0	78,0	0	6,0	0	260,0	0	987,0	0	0,0	ERA5
1052410	21/01/2024	10	21/01/2024	05	HNE	-11,2	0	-14,5	0	77,0	0	4,0	0	280,0	0	988,0	0	0,0	ERA5
1052411	21/01/2024	11	21/01/2024	06	HNE	-11,9	0	-14,7	0	80,0	0	8,0	0	270,0	0	989,0	0	0,0	ERA5
1052412	21/01/2024	12	21/01/2024	07	HNE	-12,4	0	-15,7	0	77,0	0	11,0	0	290,0	0	990,0	0	0,0	ERA5
1052413	21/01/2024	13	21/01/2024	08	HNE	-12,7	0	-15,9	0	77,0	0	4,0	0	280,0	0	991,0	0	52,7	ERA5
1052414	21/01/2024	14	21/01/2024	09	HNE	-12,8	0	-16,5	0	74,0	0	12,0	0	300,0	0	992,0	0	336,0	ERA5
1052415	21/01/2024	15	21/01/2024	10	HNE	-12,7	0	-16,5	0	73,0	0	10,0	0	290,0	0	993,0	0	787,3	ERA5
1052416	21/01/2024	16	21/01/2024	11	HNE	-12,8	0	-17,4	0	69,0	0	14,0	0	280,0	0	993,0	0	954,7	ERA5
1052417	21/01/2024	17	21/01/2024	12	HNE	-13,0	0	-18,7	0	62,0	0	10,0	0	280,0	0	993,0	0	1293,7	ERA5
1052418	21/01/2024	18	21/01/2024	13	HNE	-12,9	0	-18,5	0	63,0	0	11,0	0	290,0	0	993,0	0	1307,8	ERA5
1052419	21/01/2024	19	21/01/2024	14	HNE	-13,0	0	-18,3	0	65,0	0	4,0	0	280,0	0	994,0	0	1224,8	ERA5
1052420	21/01/2024	20	21/01/2024	15	HNE	-13,1	0	-18,5	0	64,0	0	3,0	0	290,0	0	994,0	0	833,4	ERA5
1052421	21/01/2024	21	21/01/2024	16	HNE	-13,9	0	-18,8	0	67,0	0	6,0	0	300,0	0	995,0	0	372,4	ERA5
1052422	21/01/2024	22	21/01/2024	17	HNE	-14,8	0	-19,4	0	68,0	0	3,0	0	280,0	0	996,0	0	30,6	ERA5
1052423	21/01/2024	23	21/01/2024	18	HNE	-16,4	0	-20,0	0	74,0	0	1,0	0	320,0	0	997,0	0	0,0	ERA5
1052424	22/01/2024	00	21/01/2024	19	HNE	-16,6	0	-19,9	0	76,0	0	2,0	0	310,0	0	998,0	0	0,0	ERA5
1052425	22/01/2024	01	21/01/2024	20	HNE	-17,5	0	-20,1	0	80,0	0	0,0	0	130,0	0	998,0	0	0,0	ERA5
1052426	22/01/2024	02	21/01/2024	21	HNE	-17,2	0	-19,2	0	84,0	0	1,0	0	330,0	0	998,0	0	0,0	ERA5
1052427	22/01/2024	03	21/01/2024	22	HNE	-17,6	0	-19,8	0	83,0	0	0,0	0	10,0	0	999,0	0	0,0	ERA5
1052428	22/01/2024	04	21/01/2024	23	HNE	-18,1	0	-20,2	0	84,0	0	1,0	0	130,0	0	999,0	0	0,0	ERA5
1052429	22/01/2024	05	22/01/2024	00	HNE	-17,4	0	-19,4	0	84,0	0	3,0	0	190,0	0	999,0	0	0,0	ERA5
1052430	22/01/2024	06	22/01/2024	01	HNE	-17,0	0	-19,7	0	80,0	0	5,0	0	180,0	0	1000,0	0	0,0	ERA5
1052431	22/01/2024	07	22/01/2024	02	HNE	-17,5	0	-19,8	0	82,0	0	1,0	0	50,0	0	999,0	0	0,0	ERA5
1052432	22/01/2024	08	22/01/2024	03	HNE	-16,1	0	-18,7	0	80,0	0	5,0	0	170,0	0	999,0	0	0,0	ERA5
1052433	22/01/2024	09	22/01/2024	04	HNE	-16,5	0	-18,7	0	83,0	0	6,0	0	160,0	0	999,0	0	0,0	ERA5
1052434	22/01/2024	10	22/01/2024	05	HNE	-16,9	0	-19,0	0	83,0	0	2,0	0	150,0	0	998,0	0	0,0	ERA5
1052435	22/01/2024	11	22/01/2024	06	HNE	-16,0	0	-18,3	0	83,0	0	2,0	0	210,0	0	998,0	0	0,0	ERA5
1052436	22/01/2024	12	22/01/2024	07	HNE	-16,0	0	-18,2	0	83,0	0	3,0	0	360,0	0	997,0	0	0,0	ERA5
1052437	22/01/2024	13	22/01/2024	08	HNE	-14,4	0	-16,6	0	84,0	0	2,0	0	170,0	0	997,0	0	48,4	ERA5
1052438	22/01/2024	14	22/01/2024	09	HNE	-9,7	0	-12,9	0	78,0	0	6,0	0	180,0	0	996,0	0	336,5	ERA5
1052439	22/01/2024	15	22/01/2024	10	HNE	-7,0	0	-11,2	0	72,0	0	9,0	0	200,0	0	996,0	0	766,5	ERA5
1052440	22/01/2024	16	22/01/2024	11	HNE	-5,2	0	-10,2	0	67,0	0	9,0	0	220,0	0	995,0	0	1079,2	ERA5
1052441	22/01/2024	17	22/01/2024	12	HNE	-2,9	0	-9,2	0	62,0	0	6,0	0	230,0	0	994,0	0	1203,3	ERA5
1052442	22/01/2024	18	22/01/2024	13	HNE	-2,0	0	-9,8	0	55,0	0	10,0	0	200,0	0	993,0	0	1124,1	ERA5
1052443	22/01/2024	19	22/01/2024	14	HNE	-1,5	0	-10,2	0	51,0	0	10,0	0	210,0	0	992,0	0	1145,3	ERA5
1052444	22/01/2024	20	22/01/2024	15	HNE	-1,5	0	-9,9	0	53,0	0	12,0	0	220,0	0	992,0	0	716,1	ERA5
1052445	22/01/2024	21	22/01/2024	16	HNE	-2,1	0	-9,0	0	59,0	0	10,0	0	220,0	0	992,0	0	283,3	ERA5
1052446	22/01/2024	22	22/01/2024	17	HNE	-2,4	0	-8,7	0	62,0	0	10,0	0	240,0	0	992,0	0	26,0	ERA5
1052447	22/01/2024	23	22/01/2024	18	HNE	-2,3	0	-8,5	0	63,0	0	8,0	0	240,0	0	992,0	0	0,0	ERA5
1052448	23/01/2024	00	22/01/2024	19	HNE	-2,2	0	-7,8	0	66,0	0	4,0	0	250,0	0	991,0	0	0,0	ERA5
1052449	23/01/2024	01	22/01/2024	20	HNE	-2,3	0	-6,8	0	71,0	0	8,0	0	230,0	0	991,0	0	0,0	ERA5
1052450	23/01/2024	02	22/01/2024	21	HNE	-2,5	0	-6,2	0	76,0	0	9,0	0	270,0	0	991,0	0	0,0	ERA5
1052451	23/01/2024	03	22/01/2024	22	HNE	-2,9	0	-5,3	0	83,0	0	6,0	0	290,0	0	991,0	0	0,0	ERA5
1052452	23/01/2024	04	22/01/2024	23	HNE	-2,7	0	-5,2	0	83,0	0	5,0	0	280,0	0	991,0	0	0,0	ERA5
1052453	23/01/2024	05	23/01/2024	00	HNE	-2,5	0	-5,3	0	81,0	0	7,0	0	270,0	0	991,0	0	0,0	ERA5
1052454	23/01/2024	06	23/01/2024	01	HNE	-2,4	0	-5,3	0	80,0	0	8,0	0	280,0	0	991,0	0	0,0	ERA5
1052455	23/01/2024	07	23/01/2024	02	HNE	-2,5	0	-5,1	0	82,0	0	8,0	0	290,0	0	992,0	0	0,0	ERA5
1052456	23/01/2024	08	23/01/2024	03	HNE	-2,5	0	-4,9	0	83,0	0	6,0	0	290,0	0	993,0	0	0,0	ERA5
1052457	23/01/2024	09	23/01/2024	04	HNE	-2,2	0	-5,5	0	78,0	0	5,0	0	290,0	0	993,0	0	0,0	ERA5
1052458	23/01/2024	10	23/01/2024	05	HNE	-2,2	0	-6,2	0	74,0	0	6,0	0	300,0	0	994,0	0	0,0	ERA5
1052459	23/01/2024	11	23/01/2024	06	HNE	-2,2	0	-6,1	0	75,0	0	11,0	0	290,0	0	995,0	0	0,0	ERA5
1052460	23/01/2024	12	23/01/2024	07	HNE	-2,4	0	-6,9	0	71,0	0	11,0	0	300,0	0	996,0	0	0,0	ERA5
1052461	23/01/2024	13	23/01/2024	08	HNE	-3,2	0	-7,5	0	72,0	0	11,0	0	310,0	0	997,0	0	62,7	ERA5
1052462	23/01/2024	14	23/01/2024	09	HNE	-4,7	0	-11,7	0	58,0	0	16,0	0	310,0	0	999,0	0	438,0	ERA5
1052463	23/01/2024	15	23/01/2024	10	HNE	-5,2	0	-12,2	0	58,0	0	12,0	0	330,0	0	1001,0	0	883,5	ERA5
1052464	23/01/2024	16	23/01/2024	11	HNE	-5,8	0	-13,8	0	53,0	0	9,0	0	350,0	0	1002,0	0	1302,4	ERA5
1052465	23/01/2024	17	23/01/2024	12	HNE	-6,4	0	-14,6	0	52,0	0	12,0	0	330,0	0	1003,0	0	1555,2	ERA5
1052466	23/01/2024	18	23/01/2024	13	HNE	-6,8	0	-16,0	0	48,0	0	10,0	0	340,0	0	1003,0	0	1463,6	ERA5
1052467	23/01/2024	19	23/01/2024	14	HNE	-6,9	0	-16,1	0	48,0	0	8,0	0	300,0	0	1004,0	0	1183,1	ERA5
1052468	23/01/2024	20	23/01/2024	15	HNE	-7,4	0	-17,5	0	44,0	0	8,0	0	310,0	0	1004,0	0	849,5	ERA5
1052469	23/01/2024	21	23/01/2024	16	HNE	-8,1	0	-17,7	0	46,0	0	6,0	0	300,0	0	1005,0	0	356,8	ERA5
1052470	23/01/2024	22	23/01/2024	17	HNE	-9,1	0	-18,3	0	47,0	0	5,0	0	290,0	0	1006,0	0	32,2	ERA5
1052471	23/01/2024	23	23/01/2024	18	HNE	-10,5	0	-18,1	0	54,0	0	2,0	0	360,0	0	1007,0	0	0,0	ERA5
1052472	24/01/2024	00	23/01/2024	19	HNE	-11,1	0	-18,1	0	57,0	0	3,0	0	300,0	0	1007,0	0	0,0	ERA5
1052473	24/01/2024	01	23/01/2024	20	HNE	-12,8	0	-18,7	0	61,0	0	3,0	0	250,0	0	1008,0	0	0,0	ERA5
1052474	24/01/2024	02	23/01/2024	21	HNE	-15,6	0	-19,6	0	71,0	0	2,0	0	160,0	0	1008,0	0	0,0	ERA5
1052475	24/01/2024	03	23/01/2024	22	HNE	-13,2	0	-20,3	0	55,0	0	3,0	0	120,0	0	1008,0	0	0,0	ERA5
1052476	24/01/2024	04	23/01/2024	23	HNE	-13,4	0	-21,1	0	53,0	0	4,0	0	170,0	0	1008,0	0	0,0	ERA5
1052477	24/01/2024	05	24/01/2024	00	HNE	-17,3	0	-21,0	0	73,0	0	3,0	0	150,0	0	1008,0	0	0,0	ERA5
1052478	24/01/2024	06	24/01/2024	01	HNE	-16,6	0	-20,7	0	70,0	0	3,0	0	160,0	0	1008,0	0	0,0	ERA5
1052479	24/01/2024	07	24/01/2024	02	HNE	-17,2	0	-22,0	0	67,0	0	3,0	0	180,0	0	1008,0	0	0,0	ERA5
1052480	24/01/2024	08	24/01/2024	03	HNE	-16,4	0	-20,8	0	69,0	0	2,0	0	180,0	0	1007,0	0	0,0	ERA5
1052481	24/01/2024	09	24/01/2024	04	HNE	-16,9	0	-21,0	0	71,0	0	3,0	0	190,0	0	1007,0	0	0,0	ERA5
1052482	24/01/2024	10	24/01/2024	05	HNE	-17,1	0	-20,6	0	74,0	0	4,0	0	180,0	0	1006,0	0	0,0	ERA5
1052483	24/01/2024	11	24/01/2024	06	HNE	-15,9	0	-20,5	0	67,0	0	5,0	0	190,0	0	1006,0	0	0,0	ERA5
1052484	24/01/2024	12	24/01/2024	07	HNE	-16,3	0	-20,0	0	73,0	0	2,0	0	190,0	0	1006,0	0	0,0	ERA5
1052485	24/01/2024	13	24/01/2024	08	HNE	-15,4	0	-19,7	0	70,0	0	1,0	0	110,0	0	1005,0	0	52,6	ERA5
1052486	24/01/2024	14	24/01/2024	09	HNE	-13,8	0	-19,5	0	62,0	0	4,0	0	160,0	0	1005,0	0	328,0	ERA5
1052487	24/01/2024	15	24/01/2024	10	HNE	-12,3	0	-18,1	0	62,0	0	5,0	0	130,0	0	1004,0	0	535,4	ERA5
1052488	24/01/2024	16	24/01/2024	11	HNE	-11,4	0	-17,4	0	61,0	0	8,0	0	130,0	0	1004,0	0	464,9	ERA5
1052489	24/01/2024	17	24/01/2024	12	HNE	-10,1	0	-16,2	0	61,0	0	6,0	0	120,0	0	1002,0	0	607,2	ERA5
1052490	24/01/2024	18	24/01/2024	13	HNE	-8,4	0	-14,6	0	61,0	0	6,0	0	130,0	0	1001,0	0	589,7	ERA5
1052491	24/01/2024	19	24/01/2024	14	HNE	-6,8	0	-13,2	0	61,0	0	6,0	0	140,0	0	1000,0	0	496,9	ERA5
1052492	24/01/2024	20	24/01/2024	15	HNE	-5,9	0	-12,1	0	61,0	0	4,0	0	150,0	0	999,0	0	332,8	ERA5
1052493	24/01/2024	21	24/01/2024	16	HNE	-5,1	0	-11,0	0	63,0	0	8,0	0	180,0	0	999,0	0	116,8	ERA5
1052494	24/01/2024	22	24/01/2024	17	HNE	-4,7	0	-10,3	0	65,0	0	4,0	0	160,0	0	998,0	0	10,1	ERA5
1052495	24/01/2024	23	24/01/2024	18	HNE	-4,7	0	-8,8	0	73,0	0	5,0	0	180,0	0	997,0	0	0,0	ERA5
1052496	25/01/2024	00	24/01/2024	19	HNE	-4,5	0	-8,5	0	74,0	0	1,0	0	200,0	0	997,0	0	0,0	ERA5
1052497	25/01/2024	01	24/01/2024	20	HNE	-4,4	0	-6,7	0	84,0	0	5,0	0	180,0	0	996,0	0	0,0	ERA5
1052498	25/01/2024	02	24/01/2024	21	HNE	-3,9	0	-6,3	0	83,0	0	4,0	0	170,0	0	995,0	0	0,0	ERA5
1052499	25/01/2024	03	24/01/2024	22	HNE	-3,6	0	-6,0	0	83,0	0	3,0	0	170,0	0	994,0	0	0,0	ERA5
1052500	25/01/2024	04	24/01/2024	23	HNE	-3,6	0	-5,7	0	85,0	0	3,0	0	140,0	0	993,0	0	0,0	ERA5
1052501	25/01/2024	05	25/01/2024	00	HNE	-3,3	0	-5,3	0	86,0	0	2,0	0	150,0	0	992,0	0	0,0	ERA5
1052502	25/01/2024	06	25/01/2024	01	HNE	-3,6	0	-4,4	0	94,0	0	4,0	0	180,0	0	991,0	0	0,0	ERA5
1052503	25/01/2024	07	25/01/2024	02	HNE	-3,4	0	-4,1	0	95,0	0	5,0	0	180,0	0	991,0	0	0,0	ERA5
1052504	25/01/2024	08	25/01/2024	03	HNE	-3,0	0	-3,7	0	95,0	0	3,0	0	170,0	0	990,0	0	0,0	ERA5
1052505	25/01/2024	09	25/01/2024	04	HNE	-3,7	0	-4,4	0	95,0	0	2,0	0	150,0	0	989,0	0	0,0	ERA5
1052506	25/01/2024	10	25/01/2024	05	HNE	-3,4	0	-4,0	0	96,0	0	3,0	0	30,0	0	989,0	0	0,0	ERA5
1052507	25/01/2024	11	25/01/2024	06	HNE	-3,5	0	-4,0	0	96,0	0	0,0	0	0,0	0	990,0	0	0,0	ERA5
1052508	25/01/2024	12	25/01/2024	07	HNE	-3,6	0	-4,2	0	96,0	0	0,0	0	0,0	0	990,0	0	0,0	ERA5
1052509	25/01/2024	13	25/01/2024	08	HNE	-3,1	0	-3,8	0	95,0	0	0,0	0	0,0	0	991,0	0	41,8	ERA5
1052510	25/01/2024	14	25/01/2024	09	HNE	-2,1	0	-3,4	0	91,0	0	2,0	0	20,0	0	991,0	0	252,2	ERA5
1052511	25/01/2024	15	25/01/2024	10	HNE	-0,8	0	-2,2	0	90,0	0	3,0	0	340,0	0	992,0	0	522,4	ERA5
1052512	25/01/2024	16	25/01/2024	11	HNE	-0,5	0	-2,1	0	89,0	0	4,0	0	340,0	0	993,0	0	908,4	ERA5
1052513	25/01/2024	17	25/01/2024	12	HNE	0,2	0	-1,8	0	86,0	0	4,0	0	340,0	0	993,0	0	1263,3	ERA5
1052514	25/01/2024	18	25/01/2024	13	HNE	0,9	0	-1,8	0	82,0	0	3,0	0	290,0	0	993,0	0	1424,8	ERA5
1052515	25/01/2024	19	25/01/2024	14	HNE	0,7	0	-2,6	0	78,0	0	6,0	0	300,0	0	993,0	0	1099,5	ERA5
1052516	25/01/2024	20	25/01/2024	15	HNE	0,7	0	-2,5	0	79,0	0	5,0	0	350,0	0	994,0	0	775,6	ERA5
1052517	25/01/2024	21	25/01/2024	16	HNE	0,4	0	-2,4	0	82,0	0	5,0	0	310,0	0	995,0	0	350,2	ERA5
1052518	25/01/2024	22	25/01/2024	17	HNE	0,1	0	-2,4	0	83,0	0	3,0	0	330,0	0	996,0	0	41,5	ERA5
1052519	25/01/2024	23	25/01/2024	18	HNE	-0,1	0	-2,4	0	85,0	0	2,0	0	310,0	0	996,0	0	0,0	ERA5
1052520	26/01/2024	00	25/01/2024	19	HNE	-0,2	0	-2,2	0	86,0	0	1,0	0	140,0	0	997,0	0	0,0	ERA5
1052521	26/01/2024	01	25/01/2024	20	HNE	-0,5	0	-2,0	0	89,0	0	0,0	0	160,0	0	997,0	0	0,0	ERA5
1052522	26/01/2024	02	25/01/2024	21	HNE	-0,7	0	-1,9	0	92,0	0	0,0	0	0,0	0	997,0	0	0,0	ERA5
1052523	26/01/2024	03	25/01/2024	22	HNE	-0,3	0	-2,5	0	86,0	0	6,0	0	100,0	0	997,0	0	0,0	ERA5
1052524	26/01/2024	04	25/01/2024	23	HNE	-1,1	0	-3,5	0	83,0	0	8,0	0	140,0	0	998,0	0	0,0	ERA5
1052525	26/01/2024	05	26/01/2024	00	HNE	-1,7	0	-3,8	0	86,0	0	8,0	0	150,0	0	997,0	0	0,0	ERA5
1052526	26/01/2024	06	26/01/2024	01	HNE	-1,5	0	-3,6	0	86,0	0	8,0	0	140,0	0	997,0	0	0,0	ERA5
1052527	26/01/2024	07	26/01/2024	02	HNE	-1,3	0	-3,6	0	85,0	0	3,0	0	140,0	0	997,0	0	0,0	ERA5
1052528	26/01/2024	08	26/01/2024	03	HNE	-1,4	0	-3,5	0	85,0	0	9,0	0	170,0	0	996,0	0	0,0	ERA5
1052529	26/01/2024	09	26/01/2024	04	HNE	-1,5	0	-3,5	0	87,0	0	7,0	0	160,0	0	995,0	0	0,0	ERA5
1052530	26/01/2024	10	26/01/2024	05	HNE	-1,7	0	-3,4	0	88,0	0	11,0	0	140,0	0	994,0	0	0,0	ERA5
1052531	26/01/2024	11	26/01/2024	06	HNE	-1,5	0	-3,2	0	89,0	0	9,0	0	160,0	0	993,0	0	0,0	ERA5
1052532	26/01/2024	12	26/01/2024	07	HNE	-1,4	0	-3,2	0	88,0	0	9,0	0	140,0	0	993,0	0	0,0	ERA5
1052533	26/01/2024	13	26/01/2024	08	HNE	-1,2	0	-3,4	0	85,0	0	9,0	0	170,0	0	993,0	0	21,2	ERA5
1052534	26/01/2024	14	26/01/2024	09	HNE	-1,2	0	-3,2	0	86,0	0	9,0	0	150,0	0	993,0	0	141,7	ERA5
1052535	26/01/2024	15	26/01/2024	10	HNE	-1,8	0	-2,3	0	96,0	0	10,0	0	150,0	0	993,0	0	262,8	ERA5
1052536	26/01/2024	16	26/01/2024	11	HNE	-1,6	0	-1,8	0	98,0	0	8,0	0	120,0	0	992,0	0	245,5	ERA5
1052537	26/01/2024	17	26/01/2024	12	HNE	-1,2	0	-1,5	0	98,0	0	7,0	0	120,0	0	991,0	0	314,4	ERA5
1052538	26/01/2024	18	26/01/2024	13	HNE	-0,9	0	-1,1	0	99,0	0	7,0	0	120,0	0	990,0	0	267,5	ERA5
1052539	26/01/2024	19	26/01/2024	14	HNE	-0,8	0	-0,9	0	99,0	0	6,0	0	120,0	0	990,0	0	186,1	ERA5
1052540	26/01/2024	20	26/01/2024	15	HNE	-0,5	0	-0,7	0	99,0	0	0,0	0	0,0	0	991,0	0	126,8	ERA5
1052541	26/01/2024	21	26/01/2024	16	HNE	-0,5	0	-0,6	0	99,0	0	0,0	0	0,0	0	991,0	0	79,4	ERA5
1052542	26/01/2024	22	26/01/2024	17	HNE	-0,8	0	-0,9	0	99,0	0	0,0	0	0,0	0	991,0	0	15,8	ERA5
1052543	26/01/2024	23	26/01/2024	18	HNE	-1,0	0	-1,3	0	97,0	0	0,0	0	0,0	0	991,0	0	0,0	ERA5
1052544	27/01/2024	00	26/01/2024	19	HNE	-1,0	0	-1,6	0	96,0	0	0,0	0	0,0	0	992,0	0	0,0	ERA5
1052545	27/01/2024	01	26/01/2024	20	HNE	-1,5	0	-2,3	0	94,0	0	0,0	0	0,0	0	991,0	0	0,0	ERA5
1052546	27/01/2024	02	26/01/2024	21	HNE	-1,9	0	-2,7	0	94,0	0	0,0	0	0,0	0	992,0	0	0,0	ERA5
1052547	27/01/2024	03	26/01/2024	22	HNE	-2,3	0	-2,8	0	96,0	0	0,0	0	0,0	0	992,0	0	0,0	ERA5
1052548	27/01/2024	04	26/01/2024	23	HNE	-2,2	0	-2,8	0	96,0	0	0,0	0	0,0	0	993,0	0	0,0	ERA5
1052549	27/01/2024	05	27/01/2024	00	HNE	-2,4	0	-3,0	0	95,0	0	0,0	0	0,0	0	994,0	0	0,0	ERA5
1052550	27/01/2024	06	27/01/2024	01	HNE	-2,6	0	-3,1	0	96,0	0	0,0	0	0,0	0	994,0	0	0,0	ERA5
1052551	27/01/2024	07	27/01/2024	02	HNE	-2,9	0	-3,5	0	96,0	0	0,0	0	0,0	0	993,0	0	0,0	ERA5
1052552	27/01/2024	08	27/01/2024	03	HNE	-3,1	0	-3,7	0	96,0	0	0,0	0	0,0	0	993,0	0	0,0	ERA5
1052553	27/01/2024	09	27/01/2024	04	HNE	-3,4	0	-3,8	0	97,0	0	0,0	0	0,0	0	993,0	0	0,0	ERA5
1052554	27/01/2024	10	27/01/2024	05	HNE	-3,4	0	-3,8	0	97,0	0	0,0	0	0,0	0	993,0	0	0,0	ERA5
1052555	27/01/2024	11	27/01/2024	06	HNE	-3,1	0	-4,3	0	91,0	0	0,0	0	0,0	0	994,0	0	0,0	ERA5
1052556	27/01/2024	12	27/01/2024	07	HNE	-3,1	0	-4,4	0	91,0	0	0,0	0	0,0	0	994,0	0	0,0	ERA5
1052557	27/01/2024	13	27/01/2024	08	HNE	-3,0	0	-4,3	0	90,0	0	0,0	0	0,0	0	995,0	0	45,5	ERA5
1052558	27/01/2024	14	27/01/2024	09	HNE	-2,5	0	-4,2	0	88,0	0	0,0	0	0,0	0	995,0	0	275,4	ERA5
1052559	27/01/2024	15	27/01/2024	10	HNE	-2,1	0	-4,0	0	87,0	0	0,0	0	0,0	0	995,0	0	436,6	ERA5
1052560	27/01/2024	16	27/01/2024	11	HNE	-1,5	0	-3,9	0	84,0	0	2,0	0	160,0	0	995,0	0	865,7	ERA5
1052561	27/01/2024	17	27/01/2024	12	HNE	-0,9	0	-3,4	0	83,0	0	4,0	0	70,0	0	995,0	0	1300,7	ERA5
1052562	27/01/2024	18	27/01/2024	13	HNE	-0,8	0	-3,0	0	85,0	0	2,0	0	100,0	0	995,0	0	1445,1	ERA5
1052563	27/01/2024	19	27/01/2024	14	HNE	-0,5	0	-2,6	0	86,0	0	3,0	0	150,0	0	993,0	0	1054,2	ERA5
1052564	27/01/2024	20	27/01/2024	15	HNE	-0,7	0	-2,3	0	89,0	0	3,0	0	140,0	0	993,0	0	847,0	ERA5
1052565	27/01/2024	21	27/01/2024	16	HNE	-0,9	0	-1,9	0	93,0	0	1,0	0	90,0	0	993,0	0	385,3	ERA5
1052566	27/01/2024	22	27/01/2024	17	HNE	-1,1	0	-2,0	0	93,0	0	1,0	0	140,0	0	993,0	0	40,0	ERA5
1052567	27/01/2024	23	27/01/2024	18	HNE	-0,7	0	-2,2	0	89,0	0	3,0	0	200,0	0	993,0	0	0,0	ERA5
1052568	28/01/2024	00	27/01/2024	19	HNE	-0,8	0	-2,0	0	91,0	0	1,0	0	230,0	0	993,0	0	0,0	ERA5
1052569	28/01/2024	01	27/01/2024	20	HNE	-1,0	0	-2,0	0	93,0	0	2,0	0	230,0	0	992,0	0	0,0	ERA5
1052570	28/01/2024	02	27/01/2024	21	HNE	-1,0	0	-2,1	0	92,0	0	0,0	0	260,0	0	992,0	0	0,0	ERA5
1052571	28/01/2024	03	27/01/2024	22	HNE	-1,1	0	-2,0	0	94,0	0	1,0	0	340,0	0	992,0	0	0,0	ERA5
1052572	28/01/2024	04	27/01/2024	23	HNE	-1,0	0	-2,0	0	93,0	0	1,0	0	320,0	0	992,0	0	0,0	ERA5
1052573	28/01/2024	05	28/01/2024	00	HNE	-1,0	0	-2,1	0	92,0	0	3,0	0	310,0	0	992,0	0	0,0	ERA5
1052574	28/01/2024	06	28/01/2024	01	HNE	-1,0	0	-2,3	0	91,0	0	2,0	0	270,0	0	991,0	0	0,0	ERA5
1052575	28/01/2024	07	28/01/2024	02	HNE	-1,0	0	-2,3	0	91,0	0	0,0	0	170,0	0	991,0	0	0,0	ERA5
1052576	28/01/2024	08	28/01/2024	03	HNE	-1,0	0	-2,4	0	91,0	0	4,0	0	230,0	0	990,0	0	0,0	ERA5
1052577	28/01/2024	09	28/01/2024	04	HNE	-1,1	0	-2,3	0	91,0	0	3,0	0	330,0	0	990,0	0	0,0	ERA5
1052578	28/01/2024	10	28/01/2024	05	HNE	-1,1	0	-2,5	0	90,0	0	4,0	0	280,0	0	990,0	0	0,0	ERA5
1052579	28/01/2024	11	28/01/2024	06	HNE	-1,5	0	-2,4	0	94,0	0	2,0	0	40,0	0	989,0	0	0,0	ERA5
1052580	28/01/2024	12	28/01/2024	07	HNE	-1,3	0	-2,7	0	90,0	0	2,0	0	160,0	0	989,0	0	0,0	ERA5
1052581	28/01/2024	13	28/01/2024	08	HNE	-1,6	0	-2,4	0	94,0	0	0,0	0	0,0	0	988,0	0	50,0	ERA5
1052582	28/01/2024	14	28/01/2024	09	HNE	-1,4	0	-2,3	0	93,0	0	0,0	0	0,0	0	989,0	0	314,1	ERA5
1052583	28/01/2024	15	28/01/2024	10	HNE	-0,5	0	-2,3	0	88,0	0	0,0	0	350,0	0	988,0	0	587,2	ERA5
1052584	28/01/2024	16	28/01/2024	11	HNE	-0,2	0	-2,3	0	86,0	0	1,0	0	100,0	0	987,0	0	937,8	ERA5
1052585	28/01/2024	17	28/01/2024	12	HNE	-0,05	4.lineaire	-2,0	0	87,0	0	1,0	0	160,0	0	987,0	0	1009,3	ERA5
1052586	28/01/2024	18	28/01/2024	13	HNE	0,1	0	-2,0	0	86,0	0	1,0	0	20,0	0	986,0	0	679,9	ERA5
1052587	28/01/2024	19	28/01/2024	14	HNE	-0,3	0	-2,0	0	88,0	0	4,0	0	350,0	0	985,0	0	541,0	ERA5
1052588	28/01/2024	20	28/01/2024	15	HNE	-0,4	0	-2,3	0	87,0	0	4,0	0	320,0	0	984,0	0	390,9	ERA5
1052589	28/01/2024	21	28/01/2024	16	HNE	-0,6	0	-2,5	0	87,0	0	3,0	0	330,0	0	984,0	0	231,9	ERA5
1052590	28/01/2024	22	28/01/2024	17	HNE	-0,9	0	-2,4	0	90,0	0	5,0	0	310,0	0	984,0	0	33,7	ERA5
1052591	28/01/2024	23	28/01/2024	18	HNE	-1,1	0	-2,7	0	89,0	0	1,0	0	360,0	0	984,0	0	0,0	ERA5
1052592	29/01/2024	00	28/01/2024	19	HNE	-1,3	0	-2,8	0	89,0	0	2,0	0	350,0	0	984,0	0	0,0	ERA5
1052593	29/01/2024	01	28/01/2024	20	HNE	-1,4	0	-2,9	0	90,0	0	7,0	0	10,0	0	983,0	0	0,0	ERA5
1052594	29/01/2024	02	28/01/2024	21	HNE	-1,5	0	-2,9	0	90,0	0	4,0	0	20,0	0	983,0	0	0,0	ERA5
1052595	29/01/2024	03	28/01/2024	22	HNE	-1,6	0	-3,0	0	91,0	0	5,0	0	330,0	0	982,0	0	0,0	ERA5
1052596	29/01/2024	04	28/01/2024	23	HNE	-1,7	0	-3,3	0	89,0	0	8,0	0	60,0	0	982,0	0	0,0	ERA5
1052597	29/01/2024	05	29/01/2024	00	HNE	-1,6	0	-3,5	0	87,0	0	12,0	0	70,0	0	982,0	0	0,0	ERA5
1052598	29/01/2024	06	29/01/2024	01	HNE	-1,7	0	-3,7	0	86,0	0	9,0	0	60,0	0	982,0	0	0,0	ERA5
1052599	29/01/2024	07	29/01/2024	02	HNE	-1,7	0	-3,9	0	85,0	0	8,0	0	20,0	0	982,0	0	0,0	ERA5
1052600	29/01/2024	08	29/01/2024	03	HNE	-1,6	0	-4,7	0	79,0	0	5,0	0	20,0	0	981,0	0	0,0	ERA5
1052601	29/01/2024	09	29/01/2024	04	HNE	-2,1	0	-4,2	0	85,0	0	7,0	0	330,0	0	981,0	0	0,0	ERA5
1052602	29/01/2024	10	29/01/2024	05	HNE	-2,3	0	-4,2	0	87,0	0	8,0	0	320,0	0	981,0	0	0,0	ERA5
1052603	29/01/2024	11	29/01/2024	06	HNE	-2,4	0	-4,3	0	87,0	0	6,0	0	340,0	0	981,0	0	0,0	ERA5
1052604	29/01/2024	12	29/01/2024	07	HNE	-2,4	0	-5,3	0	80,0	0	9,0	0	10,0	0	982,0	0	0,0	ERA5
1052605	29/01/2024	13	29/01/2024	08	HNE	-2,6	0	-5,5	0	80,0	0	7,0	0	10,0	0	983,0	0	52,1	ERA5
1052606	29/01/2024	14	29/01/2024	09	HNE	-2,9	0	-5,5	0	82,0	0	11,0	0	330,0	0	984,0	0	315,6	ERA5
1052607	29/01/2024	15	29/01/2024	10	HNE	-3,1	0	-5,9	0	81,0	0	8,0	0	360,0	0	984,0	0	531,8	ERA5
1052608	29/01/2024	16	29/01/2024	11	HNE	-3,0	0	-6,2	0	79,0	0	7,0	0	10,0	0	984,0	0	588,6	ERA5
1052609	29/01/2024	17	29/01/2024	12	HNE	-3,0	0	-6,3	0	78,0	0	11,0	0	350,0	0	985,0	0	617,7	ERA5
1052610	29/01/2024	18	29/01/2024	13	HNE	-3,7	0	-7,0	0	77,0	0	10,0	0	360,0	0	985,0	0	622,4	ERA5
1052611	29/01/2024	19	29/01/2024	14	HNE	-4,0	0	-7,6	0	76,0	0	10,0	0	350,0	0	986,0	0	719,0	ERA5
1052612	29/01/2024	20	29/01/2024	15	HNE	-4,5	0	-8,3	0	75,0	0	11,0	0	340,0	0	987,0	0	492,7	ERA5
1052613	29/01/2024	21	29/01/2024	16	HNE	-5,7	0	-9,2	0	76,0	0	7,0	0	350,0	0	988,0	0	300,6	ERA5
1052614	29/01/2024	22	29/01/2024	17	HNE	-6,5	0	-10,1	0	76,0	0	2,0	0	340,0	0	989,0	0	56,8	ERA5
1052615	29/01/2024	23	29/01/2024	18	HNE	-7,1	0	-10,7	0	76,0	0	6,0	0	0,0	0	990,0	0	0,0	ERA5
1052616	30/01/2024	00	29/01/2024	19	HNE	-7,4	0	-11,2	0	74,0	0	5,0	0	300,0	0	991,0	0	0,0	ERA5
1052617	30/01/2024	01	29/01/2024	20	HNE	-8,6	0	-12,6	0	73,0	0	4,0	0	360,0	0	992,0	0	0,0	ERA5
1052618	30/01/2024	02	29/01/2024	21	HNE	-10,5	0	-14,0	0	75,0	0	8,0	0	340,0	0	993,0	0	0,0	ERA5
1052619	30/01/2024	03	29/01/2024	22	HNE	-12,3	0	-15,5	0	77,0	0	6,0	0	330,0	0	993,0	0	0,0	ERA5
1052620	30/01/2024	04	29/01/2024	23	HNE	-12,8	0	-18,2	0	64,0	0	6,0	0	30,0	0	994,0	0	0,0	ERA5
1052621	30/01/2024	05	30/01/2024	00	HNE	-14,6	0	-17,5	0	79,0	0	5,0	0	150,0	0	994,0	0	0,0	ERA5
1052622	30/01/2024	06	30/01/2024	01	HNE	-14,7	0	-17,3	0	81,0	0	3,0	0	170,0	0	995,0	0	0,0	ERA5
1052623	30/01/2024	07	30/01/2024	02	HNE	-15,4	0	-18,5	0	77,0	0	3,0	0	40,0	0	996,0	0	0,0	ERA5
1052624	30/01/2024	08	30/01/2024	03	HNE	-18,0	0	-20,6	0	80,0	0	3,0	0	170,0	0	996,0	0	0,0	ERA5
1052625	30/01/2024	09	30/01/2024	04	HNE	-17,0	0	-19,4	0	81,0	0	4,0	0	190,0	0	996,0	0	0,0	ERA5
1052626	30/01/2024	10	30/01/2024	05	HNE	-17,7	0	-20,2	0	81,0	0	3,0	0	180,0	0	996,0	0	0,0	ERA5
1052627	30/01/2024	11	30/01/2024	06	HNE	-19,5	0	-21,8	0	82,0	0	3,0	0	170,0	0	997,0	0	0,0	ERA5
1052628	30/01/2024	12	30/01/2024	07	HNE	-18,9	0	-21,4	0	81,0	0	5,0	0	170,0	0	997,0	0	0,0	ERA5
1052629	30/01/2024	13	30/01/2024	08	HNE	-17,9	0	-20,9	0	77,0	0	8,0	0	140,0	0	997,0	0	100,0	ERA5
1052630	30/01/2024	14	30/01/2024	09	HNE	-16,7	0	-20,4	0	73,0	0	10,0	0	140,0	0	998,0	0	506,1	ERA5
1052631	30/01/2024	15	30/01/2024	10	HNE	-14,9	0	-19,4	0	69,0	0	9,0	0	150,0	0	998,0	0	1052,0	ERA5
1052632	30/01/2024	16	30/01/2024	11	HNE	-12,8	0	-19,5	0	57,0	0	4,0	0	80,0	0	998,0	0	1504,9	ERA5
1052633	30/01/2024	17	30/01/2024	12	HNE	-11,5	0	-19,4	0	52,0	0	7,0	0	130,0	0	997,0	0	1732,7	ERA5
1052634	30/01/2024	18	30/01/2024	13	HNE	-9,9	0	-17,8	0	53,0	0	9,0	0	150,0	0	996,0	0	1715,3	ERA5
1052635	30/01/2024	19	30/01/2024	14	HNE	-8,1	0	-16,3	0	52,0	0	6,0	0	140,0	0	996,0	0	1498,0	ERA5
1052636	30/01/2024	20	30/01/2024	15	HNE	-7,1	0	-16,1	0	49,0	0	3,0	0	190,0	0	995,0	0	1045,8	ERA5
1052637	30/01/2024	21	30/01/2024	16	HNE	-8,1	0	-14,7	0	59,0	0	3,0	0	240,0	0	995,0	0	524,4	ERA5
1052638	30/01/2024	22	30/01/2024	17	HNE	-10,1	0	-15,5	0	65,0	0	1,0	0	290,0	0	994,0	0	69,6	ERA5
1052639	30/01/2024	23	30/01/2024	18	HNE	-11,4	0	-15,6	0	71,0	0	0,0	0	0,0	0	994,0	0	0,0	ERA5
1052640	31/01/2024	00	30/01/2024	19	HNE	-13,5	0	-16,7	0	77,0	0	0,0	0	230,0	0	994,0	0	0,0	ERA5
1052641	31/01/2024	01	30/01/2024	20	HNE	-14,1	0	-16,4	0	82,0	0	0,0	0	0,0	0	994,0	0	0,0	ERA5
1052642	31/01/2024	02	30/01/2024	21	HNE	-16,2	0	-18,3	0	84,0	0	0,0	0	0,0	0	994,0	0	0,0	ERA5
1052643	31/01/2024	03	30/01/2024	22	HNE	-16,9	0	-18,5	0	87,0	0	3,0	0	170,0	0	993,0	0	0,0	ERA5
1052644	31/01/2024	04	30/01/2024	23	HNE	-17,1	0	-19,5	0	82,0	0	1,0	0	140,0	0	993,0	0	0,0	ERA5
1052645	31/01/2024	05	31/01/2024	00	HNE	-16,3	0	-18,2	0	85,0	0	2,0	0	180,0	0	993,0	0	0,0	ERA5
1052646	31/01/2024	06	31/01/2024	01	HNE	-15,7	0	-17,8	0	84,0	0	2,0	0	180,0	0	993,0	0	0,0	ERA5
1052647	31/01/2024	07	31/01/2024	02	HNE	-15,3	0	-17,6	0	82,0	0	5,0	0	140,0	0	992,0	0	0,0	ERA5
1052648	31/01/2024	08	31/01/2024	03	HNE	-14,7	0	-16,9	0	84,0	0	3,0	0	150,0	0	991,0	0	0,0	ERA5
1052649	31/01/2024	09	31/01/2024	04	HNE	-14,0	0	-16,4	0	82,0	0	1,0	0	100,0	0	991,0	0	0,0	ERA5
1052650	31/01/2024	10	31/01/2024	05	HNE	-13,4	0	-15,8	0	82,0	0	1,0	0	150,0	0	990,0	0	0,0	ERA5
1052651	31/01/2024	11	31/01/2024	06	HNE	-13,0	0	-15,4	0	82,0	0	2,0	0	140,0	0	990,0	0	0,0	ERA5
1052652	31/01/2024	12	31/01/2024	07	HNE	-12,3	0	-14,5	0	84,0	0	4,0	0	140,0	0	990,0	0	0,0	ERA5
1052653	31/01/2024	13	31/01/2024	08	HNE	-12,1	0	-14,5	0	82,0	0	4,0	0	160,0	0	990,0	0	86,4	ERA5
1052654	31/01/2024	14	31/01/2024	09	HNE	-10,9	0	-13,4	0	82,0	0	2,0	0	150,0	0	989,0	0	417,1	ERA5
1052655	31/01/2024	15	31/01/2024	10	HNE	-8,5	0	-11,4	0	80,0	0	2,0	0	160,0	0	989,0	0	632,0	ERA5
1052656	31/01/2024	16	31/01/2024	11	HNE	-3,6	0	-5,8	0	85,0	0	2,0	0	190,0	0	988,0	0	1071,6	ERA5
1052657	31/01/2024	17	31/01/2024	12	HNE	-2,9	0	-5,3	0	84,0	0	5,0	0	190,0	0	988,0	0	1290,4	ERA5
1052658	31/01/2024	18	31/01/2024	13	HNE	-2,3	0	-4,9	0	82,0	0	6,0	0	200,0	0	987,0	0	961,1	ERA5
1052659	31/01/2024	19	31/01/2024	14	HNE	-1,7	0	-4,5	0	81,0	0	8,0	0	200,0	0	986,0	0	712,5	ERA5
1052660	31/01/2024	20	31/01/2024	15	HNE	-1,4	0	-4,1	0	82,0	0	3,0	0	180,0	0	986,0	0	475,8	ERA5
1052661	31/01/2024	21	31/01/2024	16	HNE	-1,4	0	-3,9	0	83,0	0	4,0	0	170,0	0	986,0	0	249,3	ERA5
1052662	31/01/2024	22	31/01/2024	17	HNE	-1,4	0	-3,7	0	84,0	0	4,0	0	200,0	0	986,0	0	37,4	ERA5
1052663	31/01/2024	23	31/01/2024	18	HNE	-1,5	0	-3,6	0	85,0	0	3,0	0	180,0	0	986,0	0	0,0	ERA5
1052664	01/02/2024	00	31/01/2024	19	HNE	-1,6	0	-3,3	0	88,0	0	2,0	0	250,0	0	986,0	0	0,0	ERA5
1052665	01/02/2024	01	31/01/2024	20	HNE	-1,6	0	-3,0	0	90,0	0	1,0	0	160,0	0	985,0	0	0,0	ERA5
1052666	01/02/2024	02	31/01/2024	21	HNE	-1,6	0	-2,6	0	93,0	0	1,0	0	90,0	0	985,0	0	0,0	ERA5
1052667	01/02/2024	03	31/01/2024	22	HNE	-1,3	0	-2,1	0	95,0	0	2,0	0	210,0	0	985,0	0	0,0	ERA5
1052668	01/02/2024	04	31/01/2024	23	HNE	-1,4	0	-2,0	0	96,0	0	1,0	0	70,0	0	984,0	0	0,0	ERA5
1052669	01/02/2024	05	01/02/2024	00	HNE	-1,3	0	-1,9	0	96,0	0	2,0	0	150,0	0	984,0	0	0,0	ERA5
1052670	01/02/2024	06	01/02/2024	01	HNE	-1,2	0	-2,0	0	94,0	0	1,0	0	170,0	0	984,0	0	0,0	ERA5
1052671	01/02/2024	07	01/02/2024	02	HNE	-1,2	0	-1,8	0	95,0	0	3,0	0	160,0	0	984,0	0	0,0	ERA5
1052672	01/02/2024	08	01/02/2024	03	HNE	-1,2	0	-1,7	0	96,0	0	3,0	0	180,0	0	984,0	0	0,0	ERA5
1052673	01/02/2024	09	01/02/2024	04	HNE	-1,1	0	-1,5	0	97,0	0	2,0	0	140,0	0	984,0	0	0,0	ERA5
1052674	01/02/2024	10	01/02/2024	05	HNE	-1,2	0	-1,4	0	98,0	0	4,0	0	160,0	0	983,0	0	0,0	ERA5
1052675	01/02/2024	11	01/02/2024	06	HNE	-1,0	0	-1,1	0	99,0	0	3,0	0	160,0	0	983,0	0	0,0	ERA5
1052676	01/02/2024	12	01/02/2024	07	HNE	-0,7	0	-0,8	0	99,0	0	4,0	0	140,0	0	983,0	0	0,0	ERA5
1052677	01/02/2024	13	01/02/2024	08	HNE	-0,3	0	-0,4	0	99,0	0	5,0	0	140,0	0	983,0	0	26,8	ERA5
1052678	01/02/2024	14	01/02/2024	09	HNE	-0,05	4.lineaire	-0,1	0	99,0	0	3,0	0	140,0	0	983,0	0	140,7	ERA5
1052679	01/02/2024	15	01/02/2024	10	HNE	0,2	0	0,0	4.lineaire	99,0	0	4,0	0	130,0	0	983,0	0	262,4	ERA5
1052680	01/02/2024	16	01/02/2024	11	HNE	0,3	0	0,1	0	99,0	0	1,0	0	130,0	0	983,0	0	348,1	ERA5
1052681	01/02/2024	17	01/02/2024	12	HNE	0,5	0	0,3	0	99,0	0	4,0	0	120,0	0	982,0	0	406,6	ERA5
1052682	01/02/2024	18	01/02/2024	13	HNE	0,3	0	0,2	0	99,0	0	4,0	0	140,0	0	982,0	0	327,5	ERA5
1052683	01/02/2024	19	01/02/2024	14	HNE	0,5	0	0,4	0	99,0	0	3,0	0	160,0	0	981,0	0	276,6	ERA5
1052684	01/02/2024	20	01/02/2024	15	HNE	0,6	0	0,4	0	98,0	0	3,0	0	130,0	0	981,0	0	306,4	ERA5
1052685	01/02/2024	21	01/02/2024	16	HNE	0,6	0	0,4	0	99,0	0	2,0	0	140,0	0	981,0	0	113,0	ERA5
1052686	01/02/2024	22	01/02/2024	17	HNE	0,5	0	0,3	0	99,0	0	3,0	0	160,0	0	981,0	0	23,4	ERA5
1052687	01/02/2024	23	01/02/2024	18	HNE	0,5	0	0,4	0	99,0	0	2,0	0	160,0	0	981,0	0	0,0	ERA5
1052688	02/02/2024	00	01/02/2024	19	HNE	0,4	0	0,3	0	99,0	0	5,0	0	160,0	0	981,0	0	0,0	ERA5
1052689	02/02/2024	01	01/02/2024	20	HNE	0,4	0	0,3	0	99,0	0	0,0	0	150,0	0	981,0	0	0,0	ERA5
1052690	02/02/2024	02	01/02/2024	21	HNE	0,1	0	-0,633333	4.lineaire	99,0	0	3,0	0	150,0	0	981,0	0	0,0	ERA5
1052691	02/02/2024	03	01/02/2024	22	HNE	0,1	0	-1,56667	4.lineaire	100,0	0	0,0	0	0,0	0	981,0	0	0,0	ERA5
1052692	02/02/2024	04	01/02/2024	23	HNE	-2,2	0	-2,5	0	98,0	0	7,0	0	330,0	0	981,0	0	0,0	ERA5
1052693	02/02/2024	05	02/02/2024	00	HNE	-3,0	0	-3,4	0	97,0	0	5,0	0	340,0	0	981,0	0	0,0	ERA5
1052694	02/02/2024	06	02/02/2024	01	HNE	-3,6	0	-4,1	0	96,0	0	1,0	0	350,0	0	981,0	0	0,0	ERA5
1052695	02/02/2024	07	02/02/2024	02	HNE	-4,1	0	-4,8	0	95,0	0	6,0	0	330,0	0	982,0	0	0,0	ERA5
1052696	02/02/2024	08	02/02/2024	03	HNE	-4,8	0	-5,6	0	94,0	0	4,0	0	340,0	0	982,0	0	0,0	ERA5
1052697	02/02/2024	09	02/02/2024	04	HNE	-5,1	0	-5,9	0	94,0	0	5,0	0	340,0	0	983,0	0	0,0	ERA5
1052698	02/02/2024	10	02/02/2024	05	HNE	-5,2	0	-6,2	0	93,0	0	6,0	0	330,0	0	983,0	0	0,0	ERA5
1052699	02/02/2024	11	02/02/2024	06	HNE	-5,4	0	-6,6	0	92,0	0	7,0	0	330,0	0	984,0	0	0,0	ERA5
1052700	02/02/2024	12	02/02/2024	07	HNE	-5,5	0	-6,7	0	91,0	0	5,0	0	330,0	0	985,0	0	0,0	ERA5
1052701	02/02/2024	13	02/02/2024	08	HNE	-5,4	0	-6,6	0	91,0	0	7,0	0	310,0	0	986,0	0	51,5	ERA5
1052702	02/02/2024	14	02/02/2024	09	HNE	-5,1	0	-6,3	0	91,0	0	8,0	0	320,0	0	986,0	0	317,8	ERA5
1052703	02/02/2024	15	02/02/2024	10	HNE	-4,8	0	-6,3	0	90,0	0	10,0	0	320,0	0	987,0	0	549,5	ERA5
1052704	02/02/2024	16	02/02/2024	11	HNE	-4,5	0	-6,2	0	88,0	0	6,0	0	320,0	0	987,0	0	785,2	ERA5
1052705	02/02/2024	17	02/02/2024	12	HNE	-4,3	0	-6,1	0	87,0	0	8,0	0	330,0	0	987,0	0	947,6	ERA5
1052706	02/02/2024	18	02/02/2024	13	HNE	-4,3	0	-6,3	0	86,0	0	10,0	0	330,0	0	988,0	0	1146,4	ERA5
1052707	02/02/2024	19	02/02/2024	14	HNE	-4,6	0	-7,0	0	83,0	0	10,0	0	340,0	0	988,0	0	790,5	ERA5
1052708	02/02/2024	20	02/02/2024	15	HNE	-4,6	0	-6,9	0	84,0	0	9,0	0	340,0	0	988,0	0	715,9	ERA5
1052709	02/02/2024	21	02/02/2024	16	HNE	-5,0	0	-7,2	0	85,0	0	8,0	0	330,0	0	989,0	0	436,2	ERA5
1052710	02/02/2024	22	02/02/2024	17	HNE	-5,5	0	-7,7	0	85,0	0	11,0	0	330,0	0	990,0	0	73,8	ERA5
1052711	02/02/2024	23	02/02/2024	18	HNE	-5,7	0	-8,0	0	84,0	0	4,0	0	340,0	0	990,0	0	0,0	ERA5
1052712	03/02/2024	00	02/02/2024	19	HNE	-6,2	0	-8,9	0	81,0	0	8,0	0	330,0	0	991,0	0	0,0	ERA5
1052713	03/02/2024	01	02/02/2024	20	HNE	-6,5	0	-9,2	0	81,0	0	10,0	0	330,0	0	991,0	0	0,0	ERA5
1052714	03/02/2024	02	02/02/2024	21	HNE	-7,2	0	-9,8	0	82,0	0	7,0	0	340,0	0	991,0	0	0,0	ERA5
1052715	03/02/2024	03	02/02/2024	22	HNE	-7,6	0	-10,2	0	82,0	0	6,0	0	340,0	0	991,0	0	0,0	ERA5
1052716	03/02/2024	04	02/02/2024	23	HNE	-7,9	0	-10,4	0	82,0	0	7,0	0	340,0	0	992,0	0	0,0	ERA5
1052717	03/02/2024	05	03/02/2024	00	HNE	-8,2	0	-10,1	0	86,0	0	5,0	0	300,0	0	992,0	0	0,0	ERA5
1052718	03/02/2024	06	03/02/2024	01	HNE	-8,2	0	-10,3	0	85,0	0	4,0	0	350,0	0	991,0	0	0,0	ERA5
1052719	03/02/2024	07	03/02/2024	02	HNE	-8,3	0	-10,3	0	85,0	0	4,0	0	310,0	0	992,0	0	0,0	ERA5
1052720	03/02/2024	08	03/02/2024	03	HNE	-8,2	0	-10,2	0	85,0	0	5,0	0	330,0	0	992,0	0	0,0	ERA5
1052721	03/02/2024	09	03/02/2024	04	HNE	-8,3	0	-10,5	0	84,0	0	6,0	0	350,0	0	992,0	0	0,0	ERA5
1052722	03/02/2024	10	03/02/2024	05	HNE	-8,4	0	-10,5	0	85,0	0	6,0	0	340,0	0	992,0	0	0,0	ERA5
1052723	03/02/2024	11	03/02/2024	06	HNE	-8,6	0	-10,8	0	84,0	0	6,0	0	350,0	0	992,0	0	0,0	ERA5
1052724	03/02/2024	12	03/02/2024	07	HNE	-9,1	0	-11,3	0	84,0	0	5,0	0	310,0	0	992,0	0	0,0	ERA5
1052725	03/02/2024	13	03/02/2024	08	HNE	-8,4	0	-11,2	0	80,0	0	0,0	0	0,0	0	992,0	0	120,0	ERA5
1052726	03/02/2024	14	03/02/2024	09	HNE	-7,9	0	-11,4	0	76,0	0	7,0	0	340,0	0	993,0	0	592,4	ERA5
1052727	03/02/2024	15	03/02/2024	10	HNE	-7,2	0	-11,2	0	73,0	0	8,0	0	350,0	0	992,0	0	1065,6	ERA5
1052728	03/02/2024	16	03/02/2024	11	HNE	-6,0	0	-12,0	0	63,0	0	7,0	0	330,0	0	992,0	0	1462,9	ERA5
1052729	03/02/2024	17	03/02/2024	12	HNE	-5,4	0	-12,7	0	57,0	0	6,0	0	350,0	0	991,0	0	1715,3	ERA5
1052730	03/02/2024	18	03/02/2024	13	HNE	-4,9	0	-12,1	0	57,0	0	7,0	0	320,0	0	991,0	0	1683,5	ERA5
1052731	03/02/2024	19	03/02/2024	14	HNE	-4,7	0	-12,3	0	55,0	0	9,0	0	340,0	0	990,0	0	1507,3	ERA5
1052732	03/02/2024	20	03/02/2024	15	HNE	-5,0	0	-13,0	0	54,0	0	10,0	0	320,0	0	990,0	0	1093,0	ERA5
1052733	03/02/2024	21	03/02/2024	16	HNE	-6,0	0	-12,7	0	59,0	0	6,0	0	310,0	0	990,0	0	592,3	ERA5
1052734	03/02/2024	22	03/02/2024	17	HNE	-7,0	0	-12,2	0	66,0	0	4,0	0	320,0	0	990,0	0	111,7	ERA5
1052735	03/02/2024	23	03/02/2024	18	HNE	-7,5	0	-11,4	0	73,0	0	4,0	0	330,0	0	990,0	0	-0,0	ERA5
1052736	04/02/2024	00	03/02/2024	19	HNE	-8,1	0	-11,3	0	78,0	0	3,0	0	320,0	0	991,0	0	0,0	ERA5
1052737	04/02/2024	01	03/02/2024	20	HNE	-9,4	0	-11,6	0	84,0	0	3,0	0	310,0	0	991,0	0	0,0	ERA5
1052738	04/02/2024	02	03/02/2024	21	HNE	-9,6	0	-11,3	0	88,0	0	5,0	0	310,0	0	991,0	0	0,0	ERA5
1052739	04/02/2024	03	03/02/2024	22	HNE	-12,7	0	-15,7	0	79,0	0	1,0	0	130,0	0	991,0	0	0,0	ERA5
1052740	04/02/2024	04	03/02/2024	23	HNE	-14,4	0	-15,7	0	90,0	0	0,0	0	130,0	0	990,0	0	0,0	ERA5
1052741	04/02/2024	05	04/02/2024	00	HNE	-14,0	0	-15,5	0	89,0	0	0,0	0	170,0	0	990,0	0	0,0	ERA5
1052742	04/02/2024	06	04/02/2024	01	HNE	-14,3	0	-15,4	0	91,0	0	5,0	0	200,0	0	990,0	0	0,0	ERA5
1052743	04/02/2024	07	04/02/2024	02	HNE	-15,3	0	-16,7	0	89,0	0	1,0	0	180,0	0	990,0	0	0,0	ERA5
1052744	04/02/2024	08	04/02/2024	03	HNE	-17,7	0	-19,4	0	86,0	0	3,0	0	160,0	0	990,0	0	0,0	ERA5
1052745	04/02/2024	09	04/02/2024	04	HNE	-17,6	0	-19,3	0	86,0	0	2,0	0	200,0	0	990,0	0	0,0	ERA5
1052746	04/02/2024	10	04/02/2024	05	HNE	-18,2	0	-20,0	0	85,0	0	3,0	0	190,0	0	990,0	0	0,0	ERA5
1052747	04/02/2024	11	04/02/2024	06	HNE	-18,6	0	-20,5	0	85,0	0	3,0	0	180,0	0	991,0	0	0,0	ERA5
1052748	04/02/2024	12	04/02/2024	07	HNE	-19,1	0	-21,0	0	85,0	0	2,0	0	140,0	0	991,0	0	0,0	ERA5
1052749	04/02/2024	13	04/02/2024	08	HNE	-19,3	0	-20,9	0	87,0	0	2,0	0	140,0	0	990,0	0	156,0	ERA5
1052750	04/02/2024	14	04/02/2024	09	HNE	-17,0	0	-18,6	0	88,0	0	0,0	0	0,0	0	990,0	0	676,4	ERA5
1052751	04/02/2024	15	04/02/2024	10	HNE	-14,2	0	-16,8	0	81,0	0	0,0	0	0,0	0	990,0	0	1187,2	ERA5
1052752	04/02/2024	16	04/02/2024	11	HNE	-11,3	0	-16,1	0	68,0	0	1,0	0	70,0	0	989,0	0	1572,7	ERA5
1052753	04/02/2024	17	04/02/2024	12	HNE	-7,6	0	-13,3	0	64,0	0	5,0	0	320,0	0	988,0	0	1772,9	ERA5
1052754	04/02/2024	18	04/02/2024	13	HNE	-5,8	0	-12,9	0	57,0	0	8,0	0	330,0	0	987,0	0	1761,8	ERA5
1052755	04/02/2024	19	04/02/2024	14	HNE	-4,9	0	-12,6	0	55,0	0	9,0	0	310,0	0	987,0	0	1524,9	ERA5
1052756	04/02/2024	20	04/02/2024	15	HNE	-4,6	0	-12,7	0	53,0	0	5,0	0	340,0	0	987,0	0	1153,2	ERA5
1052757	04/02/2024	21	04/02/2024	16	HNE	-5,6	0	-13,2	0	55,0	0	6,0	0	300,0	0	988,0	0	632,5	ERA5
1052758	04/02/2024	22	04/02/2024	17	HNE	-6,6	0	-13,4	0	58,0	0	6,0	0	290,0	0	988,0	0	124,0	ERA5
1052759	04/02/2024	23	04/02/2024	18	HNE	-8,4	0	-13,5	0	67,0	0	1,0	0	260,0	0	988,0	0	0,0	ERA5
1052760	05/02/2024	00	04/02/2024	19	HNE	-9,5	0	-13,6	0	72,0	0	4,0	0	210,0	0	988,0	0	0,0	ERA5
1052761	05/02/2024	01	04/02/2024	20	HNE	-10,8	0	-14,3	0	75,0	0	0,0	0	270,0	0	988,0	0	0,0	ERA5
1052762	05/02/2024	02	04/02/2024	21	HNE	-11,7	0	-14,2	0	82,0	0	0,0	0	0,0	0	988,0	0	0,0	ERA5
1052763	05/02/2024	03	04/02/2024	22	HNE	-11,8	0	-14,0	0	84,0	0	0,0	0	350,0	0	988,0	0	0,0	ERA5
1052764	05/02/2024	04	04/02/2024	23	HNE	-13,3	0	-15,3	0	85,0	0	1,0	0	190,0	0	988,0	0	0,0	ERA5
1052765	05/02/2024	05	05/02/2024	00	HNE	-14,8	0	-16,5	0	87,0	0	2,0	0	330,0	0	987,0	0	0,0	ERA5
1052766	05/02/2024	06	05/02/2024	01	HNE	-15,5	0	-17,2	0	87,0	0	1,0	0	210,0	0	987,0	0	0,0	ERA5
1052767	05/02/2024	07	05/02/2024	02	HNE	-17,5	0	-19,1	0	87,0	0	2,0	0	160,0	0	987,0	0	0,0	ERA5
1052768	05/02/2024	08	05/02/2024	03	HNE	-17,8	0	-19,4	0	87,0	0	1,0	0	210,0	0	987,0	0	0,0	ERA5
1052769	05/02/2024	09	05/02/2024	04	HNE	-18,0	0	-19,8	0	86,0	0	3,0	0	190,0	0	987,0	0	0,0	ERA5
1052770	05/02/2024	10	05/02/2024	05	HNE	-19,1	0	-21,0	0	85,0	0	1,0	0	210,0	0	987,0	0	0,0	ERA5
1052771	05/02/2024	11	05/02/2024	06	HNE	-20,3	0	-22,3	0	84,0	0	4,0	0	190,0	0	988,0	0	0,0	ERA5
1052772	05/02/2024	12	05/02/2024	07	HNE	-20,8	0	-23,0	0	82,0	0	3,0	0	180,0	0	988,0	0	0,0	ERA5
1052773	05/02/2024	13	05/02/2024	08	HNE	-20,0	0	-22,6	0	79,0	0	2,0	0	160,0	0	989,0	0	170,8	ERA5
1052774	05/02/2024	14	05/02/2024	09	HNE	-18,7	0	-21,9	0	76,0	0	4,0	0	130,0	0	989,0	0	716,1	ERA5
1052775	05/02/2024	15	05/02/2024	10	HNE	-15,0	0	-20,6	0	62,0	0	5,0	0	100,0	0	989,0	0	1243,9	ERA5
1052776	05/02/2024	16	05/02/2024	11	HNE	-7,9	0	-14,0	0	61,0	0	5,0	0	10,0	0	988,0	0	1621,2	ERA5
1052777	05/02/2024	17	05/02/2024	12	HNE	-5,7	0	-14,0	0	52,0	0	8,0	0	320,0	0	988,0	0	1819,0	ERA5
1052778	05/02/2024	18	05/02/2024	13	HNE	-3,7	0	-12,7	0	50,0	0	17,0	0	360,0	0	988,0	0	1797,8	ERA5
1052779	05/02/2024	19	05/02/2024	14	HNE	-3,2	0	-11,5	0	53,0	0	11,0	0	360,0	0	988,0	0	1544,1	ERA5
1052780	05/02/2024	20	05/02/2024	15	HNE	-3,6	0	-11,2	0	56,0	0	11,0	0	20,0	0	989,0	0	1071,5	ERA5
1052781	05/02/2024	21	05/02/2024	16	HNE	-4,0	0	-10,2	0	62,0	0	5,0	0	360,0	0	989,0	0	569,2	ERA5
1052782	05/02/2024	22	05/02/2024	17	HNE	-4,8	0	-10,0	0	67,0	0	12,0	0	10,0	0	990,0	0	107,8	ERA5
1052783	05/02/2024	23	05/02/2024	18	HNE	-6,0	0	-10,1	0	73,0	0	5,0	0	330,0	0	990,0	0	0,0	ERA5
1052784	06/02/2024	00	05/02/2024	19	HNE	-6,7	0	-10,3	0	76,0	0	4,0	0	320,0	0	991,0	0	0,0	ERA5
1052785	06/02/2024	01	05/02/2024	20	HNE	-6,4	0	-9,7	0	77,0	0	4,0	0	350,0	0	992,0	0	0,0	ERA5
1052786	06/02/2024	02	05/02/2024	21	HNE	-6,2	0	-9,7	0	76,0	0	3,0	0	360,0	0	992,0	0	0,0	ERA5
1052787	06/02/2024	03	05/02/2024	22	HNE	-6,5	0	-9,9	0	77,0	0	6,0	0	360,0	0	992,0	0	0,0	ERA5
1052788	06/02/2024	04	05/02/2024	23	HNE	-7,1	0	-10,5	0	77,0	0	5,0	0	330,0	0	993,0	0	0,0	ERA5
1052789	06/02/2024	05	06/02/2024	00	HNE	-9,4	0	-11,3	0	86,0	0	0,0	0	160,0	0	993,0	0	0,0	ERA5
1052790	06/02/2024	06	06/02/2024	01	HNE	-9,6	0	-11,0	0	90,0	0	1,0	0	290,0	0	993,0	0	0,0	ERA5
1052791	06/02/2024	07	06/02/2024	02	HNE	-10,4	0	-11,8	0	89,0	0	0,0	0	0,0	0	993,0	0	0,0	ERA5
1052792	06/02/2024	08	06/02/2024	03	HNE	-11,5	0	-12,7	0	90,0	0	0,0	0	0,0	0	993,0	0	0,0	ERA5
1052793	06/02/2024	09	06/02/2024	04	HNE	-10,9	0	-12,2	0	89,0	0	2,0	0	180,0	0	994,0	0	0,0	ERA5
1052794	06/02/2024	10	06/02/2024	05	HNE	-13,1	0	-14,8	0	87,0	0	1,0	0	90,0	0	995,0	0	0,0	ERA5
1052795	06/02/2024	11	06/02/2024	06	HNE	-14,1	0	-15,6	0	88,0	0	1,0	0	180,0	0	995,0	0	0,0	ERA5
1052796	06/02/2024	12	06/02/2024	07	HNE	-14,4	0	-16,0	0	87,0	0	4,0	0	200,0	0	996,0	0	0,0	ERA5
1052797	06/02/2024	13	06/02/2024	08	HNE	-13,1	0	-15,2	0	84,0	0	2,0	0	140,0	0	996,0	0	146,8	ERA5
1052798	06/02/2024	14	06/02/2024	09	HNE	-11,5	0	-15,2	0	74,0	0	1,0	0	80,0	0	997,0	0	571,8	ERA5
1052799	06/02/2024	15	06/02/2024	10	HNE	-7,9	0	-13,1	0	66,0	0	5,0	0	60,0	0	997,0	0	921,0	ERA5
1052800	06/02/2024	16	06/02/2024	11	HNE	-5,0	0	-11,1	0	62,0	0	7,0	0	350,0	0	997,0	0	1316,4	ERA5
1052801	06/02/2024	17	06/02/2024	12	HNE	-3,3	0	-10,7	0	57,0	0	3,0	0	330,0	0	996,0	0	1673,7	ERA5
1052802	06/02/2024	18	06/02/2024	13	HNE	-2,5	0	-9,9	0	57,0	0	7,0	0	360,0	0	996,0	0	1739,2	ERA5
1052803	06/02/2024	19	06/02/2024	14	HNE	-2,3	0	-9,4	0	58,0	0	11,0	0	340,0	0	996,0	0	1527,7	ERA5
1052804	06/02/2024	20	06/02/2024	15	HNE	-2,4	0	-8,9	0	61,0	0	7,0	0	330,0	0	996,0	0	1151,2	ERA5
1052805	06/02/2024	21	06/02/2024	16	HNE	-3,3	0	-8,6	0	67,0	0	4,0	0	340,0	0	996,0	0	642,8	ERA5
1052806	06/02/2024	22	06/02/2024	17	HNE	-3,9	0	-8,5	0	70,0	0	3,0	0	330,0	0	996,0	0	137,6	ERA5
1052807	06/02/2024	23	06/02/2024	18	HNE	-4,8	0	-8,9	0	73,0	0	6,0	0	320,0	0	996,0	0	0,0	ERA5
1052808	07/02/2024	00	06/02/2024	19	HNE	-5,6	0	-9,0	0	77,0	0	1,0	0	80,0	0	997,0	0	0,0	ERA5
1052809	07/02/2024	01	06/02/2024	20	HNE	-7,5	0	-9,9	0	82,0	0	1,0	0	200,0	0	997,0	0	0,0	ERA5
1052810	07/02/2024	02	06/02/2024	21	HNE	-8,3	0	-10,5	0	84,0	0	1,0	0	150,0	0	997,0	0	0,0	ERA5
1052811	07/02/2024	03	06/02/2024	22	HNE	-9,5	0	-11,0	0	89,0	0	0,0	0	0,0	0	998,0	0	0,0	ERA5
1052812	07/02/2024	04	06/02/2024	23	HNE	-10,4	0	-11,7	0	90,0	0	0,0	0	0,0	0	998,0	0	0,0	ERA5
1052813	07/02/2024	05	07/02/2024	00	HNE	-11,5	0	-12,9	0	89,0	0	1,0	0	60,0	0	998,0	0	0,0	ERA5
1052814	07/02/2024	06	07/02/2024	01	HNE	-12,0	0	-13,2	0	91,0	0	3,0	0	190,0	0	998,0	0	0,0	ERA5
1052815	07/02/2024	07	07/02/2024	02	HNE	-11,8	0	-12,9	0	92,0	0	4,0	0	180,0	0	997,0	0	0,0	ERA5
1052816	07/02/2024	08	07/02/2024	03	HNE	-12,6	0	-14,0	0	89,0	0	0,0	0	130,0	0	997,0	0	0,0	ERA5
1052817	07/02/2024	09	07/02/2024	04	HNE	-13,4	0	-14,7	0	90,0	0	5,0	0	180,0	0	997,0	0	0,0	ERA5
1052818	07/02/2024	10	07/02/2024	05	HNE	-13,7	0	-15,1	0	89,0	0	5,0	0	200,0	0	998,0	0	0,0	ERA5
1052819	07/02/2024	11	07/02/2024	06	HNE	-15,0	0	-16,8	0	86,0	0	5,0	0	170,0	0	998,0	0	0,0	ERA5
1052820	07/02/2024	12	07/02/2024	07	HNE	-14,2	0	-15,9	0	87,0	0	4,0	0	180,0	0	999,0	0	0,0	ERA5
1052821	07/02/2024	13	07/02/2024	08	HNE	-14,1	0	-16,3	0	83,0	0	3,0	0	140,0	0	999,0	0	166,8	ERA5
1052822	07/02/2024	14	07/02/2024	09	HNE	-12,3	0	-15,3	0	79,0	0	3,0	0	140,0	0	999,0	0	680,7	ERA5
1052823	07/02/2024	15	07/02/2024	10	HNE	-9,3	0	-13,7	0	71,0	0	5,0	0	140,0	0	999,0	0	1218,4	ERA5
1052824	07/02/2024	16	07/02/2024	11	HNE	-4,8	0	-11,1	0	61,0	0	1,0	0	100,0	0	999,0	0	1601,8	ERA5
1052825	07/02/2024	17	07/02/2024	12	HNE	-2,3	0	-10,4	0	54,0	0	1,0	0	90,0	0	998,0	0	1769,2	ERA5
1052826	07/02/2024	18	07/02/2024	13	HNE	0,1	0	-9,0	0	50,0	0	4,0	0	10,0	0	997,0	0	1742,2	ERA5
1052827	07/02/2024	19	07/02/2024	14	HNE	-0,05	4.lineaire	-8,3	0	54,0	0	8,0	0	320,0	0	997,0	0	1330,1	ERA5
1052828	07/02/2024	20	07/02/2024	15	HNE	-0,2	0	-7,8	0	57,0	0	6,0	0	330,0	0	997,0	0	911,8	ERA5
1052829	07/02/2024	21	07/02/2024	16	HNE	-0,5	0	-7,9	0	57,0	0	7,0	0	300,0	0	997,0	0	532,9	ERA5
1052830	07/02/2024	22	07/02/2024	17	HNE	-1,5	0	-7,4	0	64,0	0	3,0	0	300,0	0	997,0	0	106,6	ERA5
1052831	07/02/2024	23	07/02/2024	18	HNE	-2,3	0	-7,4	0	68,0	0	1,0	0	130,0	0	997,0	0	0,0	ERA5
1052832	08/02/2024	00	07/02/2024	19	HNE	-2,8	0	-7,3	0	71,0	0	0,0	0	310,0	0	997,0	0	0,0	ERA5
1052833	08/02/2024	01	07/02/2024	20	HNE	-3,0	0	-7,2	0	73,0	0	1,0	0	120,0	0	997,0	0	0,0	ERA5
1052834	08/02/2024	02	07/02/2024	21	HNE	-3,3	0	-6,7	0	77,0	0	0,0	0	0,0	0	997,0	0	0,0	ERA5
1052835	08/02/2024	03	07/02/2024	22	HNE	-3,4	0	-7,2	0	75,0	0	0,0	0	200,0	0	997,0	0	0,0	ERA5
1052836	08/02/2024	04	07/02/2024	23	HNE	-3,5	0	-6,9	0	77,0	0	0,0	0	0,0	0	997,0	0	0,0	ERA5
1052837	08/02/2024	05	08/02/2024	00	HNE	-3,8	0	-6,3	0	83,0	0	0,0	0	0,0	0	997,0	0	0,0	ERA5
1052838	08/02/2024	06	08/02/2024	01	HNE	-3,6	0	-6,7	0	79,0	0	2,0	0	180,0	0	997,0	0	0,0	ERA5
1052839	08/02/2024	07	08/02/2024	02	HNE	-3,8	0	-6,5	0	81,0	0	1,0	0	150,0	0	998,0	0	0,0	ERA5
1052840	08/02/2024	08	08/02/2024	03	HNE	-3,7	0	-6,7	0	79,0	0	2,0	0	160,0	0	997,0	0	0,0	ERA5
1052841	08/02/2024	09	08/02/2024	04	HNE	-3,9	0	-6,3	0	83,0	0	1,0	0	160,0	0	998,0	0	0,0	ERA5
1052842	08/02/2024	10	08/02/2024	05	HNE	-4,1	0	-6,3	0	85,0	0	0,0	0	100,0	0	998,0	0	0,0	ERA5
1052843	08/02/2024	11	08/02/2024	06	HNE	-4,8	0	-6,8	0	85,0	0	3,0	0	180,0	0	998,0	0	0,0	ERA5
1052844	08/02/2024	12	08/02/2024	07	HNE	-5,6	0	-7,3	0	88,0	0	3,0	0	190,0	0	998,0	0	0,0	ERA5
1052845	08/02/2024	13	08/02/2024	08	HNE	-6,4	0	-8,8	0	83,0	0	1,0	0	80,0	0	998,0	0	133,8	ERA5
1052846	08/02/2024	14	08/02/2024	09	HNE	-4,3	0	-7,2	0	81,0	0	0,0	0	0,0	0	999,0	0	555,4	ERA5
1052847	08/02/2024	15	08/02/2024	10	HNE	-2,6	0	-6,8	0	73,0	0	2,0	0	90,0	0	998,0	0	1060,7	ERA5
1052848	08/02/2024	16	08/02/2024	11	HNE	-0,4	0	-5,8	0	67,0	0	6,0	0	130,0	0	998,0	0	1521,3	ERA5
1052849	08/02/2024	17	08/02/2024	12	HNE	1,1	0	-5,5	0	62,0	0	8,0	0	130,0	0	997,0	0	1726,3	ERA5
1052850	08/02/2024	18	08/02/2024	13	HNE	2,7	0	-6,8	0	50,0	0	5,0	0	120,0	0	997,0	0	1680,2	ERA5
1052851	08/02/2024	19	08/02/2024	14	HNE	3,7	0	-6,6	0	47,0	0	3,0	0	30,0	0	996,0	0	1493,0	ERA5
1052852	08/02/2024	20	08/02/2024	15	HNE	3,7	0	-6,4	0	48,0	0	5,0	0	120,0	0	996,0	0	1157,4	ERA5
1052853	08/02/2024	21	08/02/2024	16	HNE	3,1	0	-5,5	0	53,0	0	4,0	0	140,0	0	996,0	0	671,4	ERA5
1052854	08/02/2024	22	08/02/2024	17	HNE	1,8	0	-5,2	0	60,0	0	2,0	0	160,0	0	995,0	0	155,2	ERA5
1052855	08/02/2024	23	08/02/2024	18	HNE	0,8	0	-5,2	0	64,0	0	3,0	0	230,0	0	996,0	0	-0,0	ERA5
1052856	09/02/2024	00	08/02/2024	19	HNE	-2,6	0	-5,4	0	81,0	0	6,0	0	170,0	0	995,0	0	0,0	ERA5
1052857	09/02/2024	01	08/02/2024	20	HNE	-2,8	0	-5,8	0	80,0	0	3,0	0	140,0	0	995,0	0	0,0	ERA5
1052858	09/02/2024	02	08/02/2024	21	HNE	-4,0	0	-6,3	0	84,0	0	5,0	0	160,0	0	994,0	0	0,0	ERA5
1052859	09/02/2024	03	08/02/2024	22	HNE	-2,7	0	-5,5	0	81,0	0	4,0	0	210,0	0	994,0	0	0,0	ERA5
1052860	09/02/2024	04	08/02/2024	23	HNE	-3,6	0	-6,2	0	82,0	0	2,0	0	170,0	0	994,0	0	0,0	ERA5
1052861	09/02/2024	05	09/02/2024	00	HNE	-4,3	0	-6,1	0	87,0	0	4,0	0	160,0	0	994,0	0	0,0	ERA5
1052862	09/02/2024	06	09/02/2024	01	HNE	-6,0	0	-7,3	0	90,0	0	5,0	0	150,0	0	993,0	0	0,0	ERA5
1052863	09/02/2024	07	09/02/2024	02	HNE	-6,2	0	-7,3	0	92,0	0	2,0	0	150,0	0	992,0	0	0,0	ERA5
1052864	09/02/2024	08	09/02/2024	03	HNE	-7,1	0	-9,0	0	86,0	0	4,0	0	190,0	0	992,0	0	0,0	ERA5
1052865	09/02/2024	09	09/02/2024	04	HNE	-6,9	0	-7,9	0	93,0	0	4,0	0	160,0	0	992,0	0	0,0	ERA5
1052866	09/02/2024	10	09/02/2024	05	HNE	-7,2	0	-8,0	0	94,0	0	3,0	0	170,0	0	991,0	0	0,0	ERA5
1052867	09/02/2024	11	09/02/2024	06	HNE	-8,1	0	-9,0	0	94,0	0	4,0	0	160,0	0	990,0	0	0,0	ERA5
1052868	09/02/2024	12	09/02/2024	07	HNE	-7,7	0	-8,6	0	93,0	0	3,0	0	180,0	0	990,0	0	0,0	ERA5
1052869	09/02/2024	13	09/02/2024	08	HNE	-6,2	0	-7,9	0	88,0	0	1,0	0	60,0	0	990,0	0	133,1	ERA5
1052870	09/02/2024	14	09/02/2024	09	HNE	-5,1	0	-6,8	0	88,0	0	7,0	0	150,0	0	989,0	0	408,7	ERA5
1052871	09/02/2024	15	09/02/2024	10	HNE	-3,8	0	-6,3	0	83,0	0	2,0	0	190,0	0	988,0	0	766,9	ERA5
1052872	09/02/2024	16	09/02/2024	11	HNE	-2,0	0	-5,1	0	79,0	0	8,0	0	130,0	0	987,0	0	707,4	ERA5
1052873	09/02/2024	17	09/02/2024	12	HNE	-0,2	0	-4,1	0	75,0	0	7,0	0	140,0	0	986,0	0	811,0	ERA5
1052874	09/02/2024	18	09/02/2024	13	HNE	1,0	0	-3,5	0	72,0	0	3,0	0	120,0	0	985,0	0	991,6	ERA5
1052875	09/02/2024	19	09/02/2024	14	HNE	2,8	0	-2,9	0	66,0	0	2,0	0	160,0	0	985,0	0	1069,9	ERA5
1052876	09/02/2024	20	09/02/2024	15	HNE	4,5	0	-2,9	0	59,0	0	6,0	0	120,0	0	984,0	0	989,3	ERA5
1052877	09/02/2024	21	09/02/2024	16	HNE	5,1	0	-2,5	0	58,0	0	2,0	0	170,0	0	984,0	0	598,6	ERA5
1052878	09/02/2024	22	09/02/2024	17	HNE	4,1	0	-1,9	0	65,0	0	8,0	0	170,0	0	983,0	0	145,9	ERA5
1052879	09/02/2024	23	09/02/2024	18	HNE	3,8	0	-2,4	0	64,0	0	4,0	0	160,0	0	983,0	0	-0,0	ERA5
1052880	10/02/2024	00	09/02/2024	19	HNE	2,6	0	-2,5	0	69,0	0	10,0	0	140,0	0	983,0	0	0,0	ERA5
1052881	10/02/2024	01	09/02/2024	20	HNE	2,1	0	-2,6	0	71,0	0	7,0	0	150,0	0	983,0	0	0,0	ERA5
1052882	10/02/2024	02	09/02/2024	21	HNE	1,7	0	-2,5	0	74,0	0	7,0	0	140,0	0	983,0	0	0,0	ERA5
1052883	10/02/2024	03	09/02/2024	22	HNE	1,5	0	-2,5	0	75,0	0	8,0	0	140,0	0	982,0	0	0,0	ERA5
1052884	10/02/2024	04	09/02/2024	23	HNE	1,6	0	-2,4	0	75,0	0	6,0	0	170,0	0	981,0	0	0,0	ERA5
1052885	10/02/2024	05	10/02/2024	00	HNE	0,9	0	-1,0	0	87,0	0	8,0	0	170,0	0	981,0	0	0,0	ERA5
1052886	10/02/2024	06	10/02/2024	01	HNE	0,7	0	-0,6	0	91,0	0	6,0	0	150,0	0	980,0	0	0,0	ERA5
1052887	10/02/2024	07	10/02/2024	02	HNE	1,2	0	-0,2	0	90,0	0	4,0	0	180,0	0	980,0	0	0,0	ERA5
1052888	10/02/2024	08	10/02/2024	03	HNE	1,1	0	0,5	0	96,0	0	6,0	0	170,0	0	979,0	0	0,0	ERA5
1052889	10/02/2024	09	10/02/2024	04	HNE	1,0	0	0,7	0	98,0	0	6,0	0	170,0	0	978,0	0	0,0	ERA5
1052890	10/02/2024	10	10/02/2024	05	HNE	1,2	0	0,9	0	98,0	0	6,0	0	170,0	0	978,0	0	0,0	ERA5
1052891	10/02/2024	11	10/02/2024	06	HNE	1,4	0	1,2	0	98,0	0	4,0	0	200,0	0	978,0	0	0,0	ERA5
1052892	10/02/2024	12	10/02/2024	07	HNE	1,8	0	1,6	0	98,0	0	5,0	0	170,0	0	977,0	0	0,0	ERA5
1052893	10/02/2024	13	10/02/2024	08	HNE	2,2	0	1,6	0	96,0	0	5,0	0	180,0	0	977,0	0	129,6	ERA5
1052894	10/02/2024	14	10/02/2024	09	HNE	2,6	0	1,8	0	95,0	0	6,0	0	150,0	0	977,0	0	476,3	ERA5
1052895	10/02/2024	15	10/02/2024	10	HNE	4,1	0	2,5	0	89,0	0	1,0	0	80,0	0	976,0	0	692,7	ERA5
1052896	10/02/2024	16	10/02/2024	11	HNE	7,5	0	4,3	0	80,0	0	4,0	0	190,0	0	976,0	0	814,8	ERA5
1052897	10/02/2024	17	10/02/2024	12	HNE	8,4	0	3,8	0	73,0	0	10,0	0	240,0	0	975,0	0	798,0	ERA5
1052898	10/02/2024	18	10/02/2024	13	HNE	7,6	0	2,9	0	72,0	0	3,0	0	270,0	0	975,0	0	964,3	ERA5
1052899	10/02/2024	19	10/02/2024	14	HNE	7,8	0	2,1	0	67,0	0	4,0	0	250,0	0	975,0	0	1085,8	ERA5
1052900	10/02/2024	20	10/02/2024	15	HNE	7,2	0	2,0	0	70,0	0	4,0	0	260,0	0	975,0	0	777,3	ERA5
1052901	10/02/2024	21	10/02/2024	16	HNE	6,7	0	1,7	0	71,0	0	3,0	0	240,0	0	975,0	0	373,2	ERA5
1052902	10/02/2024	22	10/02/2024	17	HNE	5,8	0	1,6	0	74,0	0	1,0	0	350,0	0	975,0	0	105,7	ERA5
1052903	10/02/2024	23	10/02/2024	18	HNE	5,3	0	1,2	0	75,0	0	1,0	0	160,0	0	975,0	0	0,0	ERA5
1052904	11/02/2024	00	10/02/2024	19	HNE	4,6	0	0,9	0	77,0	0	0,0	0	270,0	0	975,0	0	0,0	ERA5
1052905	11/02/2024	01	10/02/2024	20	HNE	4,2	0	1,3	0	82,0	0	5,0	0	300,0	0	976,0	0	0,0	ERA5
1052906	11/02/2024	02	10/02/2024	21	HNE	3,6	0	1,0	0	83,0	0	6,0	0	290,0	0	976,0	0	0,0	ERA5
1052907	11/02/2024	03	10/02/2024	22	HNE	3,0	0	0,8	0	86,0	0	3,0	0	260,0	0	976,0	0	0,0	ERA5
1052908	11/02/2024	04	10/02/2024	23	HNE	3,0	0	0,8	0	86,0	0	6,0	0	250,0	0	976,0	0	0,0	ERA5
1052909	11/02/2024	05	11/02/2024	00	HNE	2,9	0	0,7	0	85,0	0	2,0	0	240,0	0	977,0	0	0,0	ERA5
1052910	11/02/2024	06	11/02/2024	01	HNE	2,9	0	0,7	0	86,0	0	3,0	0	320,0	0	977,0	0	0,0	ERA5
1052911	11/02/2024	07	11/02/2024	02	HNE	2,8	0	0,7	0	86,0	0	3,0	0	280,0	0	977,0	0	0,0	ERA5
1052912	11/02/2024	08	11/02/2024	03	HNE	2,7	0	0,3	0	84,0	0	5,0	0	310,0	0	977,0	0	0,0	ERA5
1052913	11/02/2024	09	11/02/2024	04	HNE	2,7	0	0,3	0	85,0	0	3,0	0	260,0	0	978,0	0	0,0	ERA5
1052914	11/02/2024	10	11/02/2024	05	HNE	2,5	0	0,3	0	86,0	0	3,0	0	290,0	0	978,0	0	0,0	ERA5
1052915	11/02/2024	11	11/02/2024	06	HNE	2,0	0	0,7	0	91,0	0	7,0	0	230,0	0	978,0	0	0,0	ERA5
1052916	11/02/2024	12	11/02/2024	07	HNE	1,8	0	0,6	0	92,0	0	2,0	0	230,0	0	978,0	0	0,1	ERA5
1052917	11/02/2024	13	11/02/2024	08	HNE	1,6	0	0,5	0	92,0	0	5,0	0	300,0	0	979,0	0	96,3	ERA5
1052918	11/02/2024	14	11/02/2024	09	HNE	1,8	0	0,4	0	90,0	0	2,0	0	290,0	0	979,0	0	347,5	ERA5
1052919	11/02/2024	15	11/02/2024	10	HNE	2,3	0	0,2	0	86,0	0	3,0	0	260,0	0	979,0	0	502,3	ERA5
1052920	11/02/2024	16	11/02/2024	11	HNE	2,6	0	-0,1	0	82,0	0	3,0	0	300,0	0	980,0	0	801,7	ERA5
1052921	11/02/2024	17	11/02/2024	12	HNE	3,0	0	0,1	0	81,0	0	7,0	0	230,0	0	979,0	0	743,0	ERA5
1052922	11/02/2024	18	11/02/2024	13	HNE	3,0	0	-0,4	0	78,0	0	4,0	0	250,0	0	979,0	0	924,7	ERA5
1052923	11/02/2024	19	11/02/2024	14	HNE	2,2	0	0,1	0	86,0	0	3,0	0	240,0	0	979,0	0	716,1	ERA5
1052924	11/02/2024	20	11/02/2024	15	HNE	2,1	0	-0,7	0	81,0	0	7,0	0	250,0	0	980,0	0	490,5	ERA5
1052925	11/02/2024	21	11/02/2024	16	HNE	1,5	0	-0,4	0	87,0	0	6,0	0	220,0	0	980,0	0	261,4	ERA5
1052926	11/02/2024	22	11/02/2024	17	HNE	1,3	0	-0,6	0	87,0	0	7,0	0	240,0	0	980,0	0	68,4	ERA5
1052927	11/02/2024	23	11/02/2024	18	HNE	1,3	0	-1,4	0	82,0	0	11,0	0	220,0	0	981,0	0	0,0	ERA5
1052928	12/02/2024	00	11/02/2024	19	HNE	1,1	0	-1,3	0	84,0	0	8,0	0	240,0	0	981,0	0	0,0	ERA5
1052929	12/02/2024	01	11/02/2024	20	HNE	0,9	0	-1,4	0	84,0	0	5,0	0	280,0	0	981,0	0	0,0	ERA5
1052930	12/02/2024	02	11/02/2024	21	HNE	1,2	0	-1,7	0	81,0	0	6,0	0	290,0	0	981,0	0	0,0	ERA5
1052931	12/02/2024	03	11/02/2024	22	HNE	1,0	0	-2,4	0	78,0	0	2,0	0	310,0	0	981,0	0	0,0	ERA5
1052932	12/02/2024	04	11/02/2024	23	HNE	0,9	0	-3,5	0	73,0	0	7,0	0	290,0	0	981,0	0	0,0	ERA5
1052933	12/02/2024	05	12/02/2024	00	HNE	0,7	0	-3,3	0	74,0	0	2,0	0	350,0	0	981,0	0	0,0	ERA5
1052934	12/02/2024	06	12/02/2024	01	HNE	0,4	0	-3,3	0	76,0	0	3,0	0	300,0	0	981,0	0	0,0	ERA5
1052935	12/02/2024	07	12/02/2024	02	HNE	0,2	0	-3,9	0	74,0	0	6,0	0	300,0	0	981,0	0	0,0	ERA5
1052936	12/02/2024	08	12/02/2024	03	HNE	-0,1	0	-4,5	0	72,0	0	7,0	0	300,0	0	981,0	0	0,0	ERA5
1052937	12/02/2024	09	12/02/2024	04	HNE	-0,4	0	-5,1	0	70,0	0	8,0	0	290,0	0	981,0	0	0,0	ERA5
1052938	12/02/2024	10	12/02/2024	05	HNE	-0,8	0	-5,2	0	72,0	0	4,0	0	310,0	0	982,0	0	0,0	ERA5
1052939	12/02/2024	11	12/02/2024	06	HNE	-1,0	0	-5,2	0	73,0	0	2,0	0	50,0	0	982,0	0	0,0	ERA5
1052940	12/02/2024	12	12/02/2024	07	HNE	-1,5	0	-5,9	0	72,0	0	7,0	0	290,0	0	982,0	0	0,4	ERA5
1052941	12/02/2024	13	12/02/2024	08	HNE	-1,6	0	-6,2	0	71,0	0	3,0	0	290,0	0	983,0	0	232,3	ERA5
1052942	12/02/2024	14	12/02/2024	09	HNE	-1,4	0	-6,3	0	69,0	0	4,0	0	310,0	0	983,0	0	569,2	ERA5
1052943	12/02/2024	15	12/02/2024	10	HNE	-1,0	0	-6,0	0	69,0	0	6,0	0	230,0	0	982,0	0	895,3	ERA5
1052944	12/02/2024	16	12/02/2024	11	HNE	-0,6	0	-5,7	0	68,0	0	4,0	0	290,0	0	982,0	0	1040,2	ERA5
1052945	12/02/2024	17	12/02/2024	12	HNE	-0,5	0	-5,2	0	71,0	0	7,0	0	240,0	0	982,0	0	1005,3	ERA5
1052946	12/02/2024	18	12/02/2024	13	HNE	-0,6	0	-4,0	0	78,0	0	2,0	0	260,0	0	981,0	0	988,0	ERA5
1052947	12/02/2024	19	12/02/2024	14	HNE	-0,3	0	-4,1	0	76,0	0	3,0	0	260,0	0	981,0	0	1216,3	ERA5
1052948	12/02/2024	20	12/02/2024	15	HNE	0,4	0	-5,4	0	65,0	0	1,0	0	300,0	0	981,0	0	838,3	ERA5
1052949	12/02/2024	21	12/02/2024	16	HNE	0,1	0	-7,1	0	58,0	0	4,0	0	290,0	0	981,0	0	474,1	ERA5
1052950	12/02/2024	22	12/02/2024	17	HNE	-0,6	0	-7,2	0	61,0	0	2,0	0	250,0	0	982,0	0	152,1	ERA5
1052951	12/02/2024	23	12/02/2024	18	HNE	-1,9	0	-7,2	0	67,0	0	2,0	0	240,0	0	982,0	0	-0,0	ERA5
1052952	13/02/2024	00	12/02/2024	19	HNE	-2,4	0	-6,9	0	72,0	0	5,0	0	220,0	0	982,0	0	0,0	ERA5
1052953	13/02/2024	01	12/02/2024	20	HNE	-3,6	0	-6,8	0	78,0	0	3,0	0	310,0	0	982,0	0	0,0	ERA5
1052954	13/02/2024	02	12/02/2024	21	HNE	-4,5	0	-7,0	0	83,0	0	0,0	0	50,0	0	982,0	0	0,0	ERA5
1052955	13/02/2024	03	12/02/2024	22	HNE	-5,0	0	-7,0	0	86,0	0	0,0	0	170,0	0	982,0	0	0,0	ERA5
1052956	13/02/2024	04	12/02/2024	23	HNE	-6,4	0	-8,2	0	88,0	0	0,0	0	130,0	0	981,0	0	0,0	ERA5
1052957	13/02/2024	05	13/02/2024	00	HNE	-7,7	0	-8,7	0	93,0	0	2,0	0	160,0	0	981,0	0	0,0	ERA5
1052958	13/02/2024	06	13/02/2024	01	HNE	-6,8	0	-7,6	0	94,0	0	5,0	0	180,0	0	981,0	0	0,0	ERA5
1052959	13/02/2024	07	13/02/2024	02	HNE	-6,9	0	-7,8	0	93,0	0	4,0	0	230,0	0	981,0	0	0,0	ERA5
1052960	13/02/2024	08	13/02/2024	03	HNE	-7,2	0	-7,9	0	95,0	0	3,0	0	210,0	0	980,0	0	0,0	ERA5
1052961	13/02/2024	09	13/02/2024	04	HNE	-7,3	0	-8,4	0	92,0	0	0,0	0	0,0	0	981,0	0	0,0	ERA5
1052962	13/02/2024	10	13/02/2024	05	HNE	-6,2	0	-7,1	0	93,0	0	2,0	0	290,0	0	980,0	0	0,0	ERA5
1052963	13/02/2024	11	13/02/2024	06	HNE	-6,4	0	-7,6	0	91,0	0	1,0	0	150,0	0	980,0	0	0,0	ERA5
1052964	13/02/2024	12	13/02/2024	07	HNE	-6,1	0	-7,1	0	92,0	0	0,0	0	0,0	0	980,0	0	0,8	ERA5
1052965	13/02/2024	13	13/02/2024	08	HNE	-5,8	0	-6,9	0	92,0	0	1,0	0	140,0	0	979,0	0	185,6	ERA5
1052966	13/02/2024	14	13/02/2024	09	HNE	-5,1	0	-6,6	0	90,0	0	1,0	0	190,0	0	979,0	0	576,5	ERA5
1052967	13/02/2024	15	13/02/2024	10	HNE	-3,4	0	-6,4	0	80,0	0	2,0	0	190,0	0	978,0	0	1211,8	ERA5
1052968	13/02/2024	16	13/02/2024	11	HNE	-1,6	0	-7,4	0	65,0	0	4,0	0	70,0	0	978,0	0	1616,5	ERA5
1052969	13/02/2024	17	13/02/2024	12	HNE	-0,5	0	-7,1	0	61,0	0	3,0	0	320,0	0	977,0	0	1881,4	ERA5
1052970	13/02/2024	18	13/02/2024	13	HNE	0,6	0	-11,3	0	41,0	0	4,0	0	340,0	0	975,0	0	1879,4	ERA5
1052971	13/02/2024	19	13/02/2024	14	HNE	0,7	0	-10,4	0	43,0	0	9,0	0	320,0	0	975,0	0	1492,5	ERA5
1052972	13/02/2024	20	13/02/2024	15	HNE	0,2	0	-9,6	0	48,0	0	6,0	0	320,0	0	974,0	0	1001,3	ERA5
1052973	13/02/2024	21	13/02/2024	16	HNE	-0,6	0	-9,7	0	50,0	0	5,0	0	310,0	0	974,0	0	543,0	ERA5
1052974	13/02/2024	22	13/02/2024	17	HNE	-1,4	0	-9,4	0	54,0	0	6,0	0	300,0	0	974,0	0	207,1	ERA5
1052975	13/02/2024	23	13/02/2024	18	HNE	-2,1	0	-7,8	0	65,0	0	4,0	0	330,0	0	974,0	0	0,0	ERA5
1052976	14/02/2024	00	13/02/2024	19	HNE	-2,7	0	-7,8	0	67,0	0	2,0	0	290,0	0	974,0	0	0,0	ERA5
1052977	14/02/2024	01	13/02/2024	20	HNE	-2,9	0	-6,9	0	74,0	0	3,0	0	310,0	0	974,0	0	0,0	ERA5
1052978	14/02/2024	02	13/02/2024	21	HNE	-3,3	0	-6,6	0	78,0	0	5,0	0	300,0	0	974,0	0	0,0	ERA5
1052979	14/02/2024	03	13/02/2024	22	HNE	-4,0	0	-6,6	0	82,0	0	7,0	0	320,0	0	974,0	0	0,0	ERA5
1052980	14/02/2024	04	13/02/2024	23	HNE	-4,8	0	-7,0	0	84,0	0	10,0	0	320,0	0	974,0	0	0,0	ERA5
1052981	14/02/2024	05	14/02/2024	00	HNE	-5,3	0	-6,7	0	90,0	0	9,0	0	310,0	0	974,0	0	0,0	ERA5
1052982	14/02/2024	06	14/02/2024	01	HNE	-8,2	0	-11,2	0	79,0	0	7,0	0	330,0	0	974,0	0	0,0	ERA5
1052983	14/02/2024	07	14/02/2024	02	HNE	-9,5	0	-13,1	0	75,0	0	14,0	0	310,0	0	975,0	0	0,0	ERA5
1052984	14/02/2024	08	14/02/2024	03	HNE	-10,1	0	-15,2	0	66,0	0	13,0	0	300,0	0	976,0	0	0,0	ERA5
1052985	14/02/2024	09	14/02/2024	04	HNE	-10,4	0	-15,9	0	64,0	0	7,0	0	330,0	0	977,0	0	0,0	ERA5
1052986	14/02/2024	10	14/02/2024	05	HNE	-11,4	0	-17,0	0	63,0	0	12,0	0	300,0	0	978,0	0	0,0	ERA5
1052987	14/02/2024	11	14/02/2024	06	HNE	-11,7	0	-17,2	0	64,0	0	13,0	0	290,0	0	978,0	0	0,0	ERA5
1052988	14/02/2024	12	14/02/2024	07	HNE	-12,0	0	-17,8	0	62,0	0	13,0	0	280,0	0	978,0	0	1,5	ERA5
1052989	14/02/2024	13	14/02/2024	08	HNE	-12,2	0	-17,7	0	63,0	0	7,0	0	260,0	0	979,0	0	255,3	ERA5
1052990	14/02/2024	14	14/02/2024	09	HNE	-12,2	0	-18,2	0	61,0	0	17,0	0	290,0	0	978,0	0	779,0	ERA5
1052991	14/02/2024	15	14/02/2024	10	HNE	-12,0	0	-18,6	0	58,0	0	16,0	0	300,0	0	979,0	0	1246,6	ERA5
1052992	14/02/2024	16	14/02/2024	11	HNE	-11,7	0	-18,8	0	56,0	0	14,0	0	300,0	0	979,0	0	1409,5	ERA5
1052993	14/02/2024	17	14/02/2024	12	HNE	-11,4	0	-18,2	0	57,0	0	13,0	0	310,0	0	978,0	0	1481,1	ERA5
1052994	14/02/2024	18	14/02/2024	13	HNE	-11,1	0	-16,7	0	63,0	0	14,0	0	300,0	0	978,0	0	1536,9	ERA5
1052995	14/02/2024	19	14/02/2024	14	HNE	-10,5	0	-17,7	0	55,0	0	12,0	0	310,0	0	979,0	0	1423,3	ERA5
1052996	14/02/2024	20	14/02/2024	15	HNE	-10,3	0	-17,4	0	56,0	0	15,0	0	290,0	0	979,0	0	1141,7	ERA5
1052997	14/02/2024	21	14/02/2024	16	HNE	-10,5	0	-14,5	0	72,0	0	8,0	0	300,0	0	980,0	0	633,1	ERA5
1052998	14/02/2024	22	14/02/2024	17	HNE	-9,9	0	-15,8	0	62,0	0	13,0	0	300,0	0	980,0	0	195,4	ERA5
1052999	14/02/2024	23	14/02/2024	18	HNE	-10,0	0	-16,0	0	62,0	0	8,0	0	300,0	0	981,0	0	0,2	ERA5
1053000	15/02/2024	00	14/02/2024	19	HNE	-10,3	0	-15,2	0	67,0	0	12,0	0	300,0	0	982,0	0	0,0	ERA5
1053001	15/02/2024	01	14/02/2024	20	HNE	-10,3	0	-15,3	0	67,0	0	11,0	0	270,0	0	982,0	0	0,0	ERA5
1053002	15/02/2024	02	14/02/2024	21	HNE	-10,3	0	-15,0	0	69,0	0	8,0	0	280,0	0	983,0	0	0,0	ERA5
1053003	15/02/2024	03	14/02/2024	22	HNE	-10,3	0	-15,7	0	65,0	0	9,0	0	280,0	0	983,0	0	0,0	ERA5
1053004	15/02/2024	04	14/02/2024	23	HNE	-10,7	0	-15,9	0	66,0	0	7,0	0	290,0	0	984,0	0	0,0	ERA5
1053005	15/02/2024	05	15/02/2024	00	HNE	-10,9	0	-16,0	0	66,0	0	7,0	0	290,0	0	985,0	0	0,0	ERA5
1053006	15/02/2024	06	15/02/2024	01	HNE	-11,5	0	-16,3	0	67,0	0	3,0	0	250,0	0	985,0	0	0,0	ERA5
1053007	15/02/2024	07	15/02/2024	02	HNE	-12,0	0	-16,7	0	68,0	0	6,0	0	270,0	0	986,0	0	0,0	ERA5
1053008	15/02/2024	08	15/02/2024	03	HNE	-12,2	0	-17,0	0	67,0	0	5,0	0	260,0	0	986,0	0	0,0	ERA5
1053009	15/02/2024	09	15/02/2024	04	HNE	-12,4	0	-17,5	0	65,0	0	8,0	0	240,0	0	987,0	0	0,0	ERA5
1053010	15/02/2024	10	15/02/2024	05	HNE	-13,1	0	-18,2	0	65,0	0	5,0	0	260,0	0	987,0	0	0,0	ERA5
1053011	15/02/2024	11	15/02/2024	06	HNE	-13,3	0	-18,5	0	65,0	0	6,0	0	250,0	0	987,0	0	0,0	ERA5
1053012	15/02/2024	12	15/02/2024	07	HNE	-13,2	0	-18,6	0	64,0	0	7,0	0	250,0	0	988,0	0	2,3	ERA5
1053013	15/02/2024	13	15/02/2024	08	HNE	-12,3	0	-18,5	0	60,0	0	5,0	0	270,0	0	988,0	0	261,6	ERA5
1053014	15/02/2024	14	15/02/2024	09	HNE	-10,6	0	-18,1	0	54,0	0	5,0	0	230,0	0	988,0	0	804,4	ERA5
1053015	15/02/2024	15	15/02/2024	10	HNE	-9,3	0	-17,9	0	50,0	0	9,0	0	230,0	0	988,0	0	1330,6	ERA5
1053016	15/02/2024	16	15/02/2024	11	HNE	-8,0	0	-17,4	0	46,0	0	5,0	0	210,0	0	988,0	0	1802,5	ERA5
1053017	15/02/2024	17	15/02/2024	12	HNE	-5,7	0	-17,8	0	38,0	0	9,0	0	230,0	0	986,0	0	2025,8	ERA5
1053018	15/02/2024	18	15/02/2024	13	HNE	-4,7	0	-17,2	0	37,0	0	4,0	0	310,0	0	986,0	0	2020,1	ERA5
1053019	15/02/2024	19	15/02/2024	14	HNE	-5,0	0	-18,2	0	35,0	0	8,0	0	310,0	0	985,0	0	1802,6	ERA5
1053020	15/02/2024	20	15/02/2024	15	HNE	-4,7	0	-18,0	0	34,0	0	9,0	0	330,0	0	984,0	0	1404,5	ERA5
1053021	15/02/2024	21	15/02/2024	16	HNE	-4,6	0	-18,1	0	34,0	0	3,0	0	290,0	0	984,0	0	858,1	ERA5
1053022	15/02/2024	22	15/02/2024	17	HNE	-5,8	0	-17,1	0	40,0	0	2,0	0	260,0	0	983,0	0	242,5	ERA5
1053023	15/02/2024	23	15/02/2024	18	HNE	-7,1	0	-17,2	0	44,0	0	2,0	0	290,0	0	982,0	0	0,5	ERA5
1053024	16/02/2024	00	15/02/2024	19	HNE	-8,5	0	-16,4	0	53,0	0	4,0	0	330,0	0	981,0	0	0,0	ERA5
1053025	16/02/2024	01	15/02/2024	20	HNE	-9,8	0	-15,7	0	62,0	0	0,0	0	290,0	0	980,0	0	0,0	ERA5
1053026	16/02/2024	02	15/02/2024	21	HNE	-10,2	0	-15,7	0	64,0	0	2,0	0	200,0	0	979,0	0	0,0	ERA5
1053027	16/02/2024	03	15/02/2024	22	HNE	-10,2	0	-15,3	0	66,0	0	3,0	0	170,0	0	979,0	0	0,0	ERA5
1053028	16/02/2024	04	15/02/2024	23	HNE	-9,8	0	-14,7	0	67,0	0	1,0	0	100,0	0	978,0	0	0,0	ERA5
1053029	16/02/2024	05	16/02/2024	00	HNE	-9,6	0	-14,9	0	65,0	0	1,0	0	160,0	0	977,0	0	0,0	ERA5
1053030	16/02/2024	06	16/02/2024	01	HNE	-9,1	0	-15,4	0	60,0	0	3,0	0	180,0	0	976,0	0	0,0	ERA5
1053031	16/02/2024	07	16/02/2024	02	HNE	-10,2	0	-11,9	0	87,0	0	2,0	0	130,0	0	975,0	0	0,0	ERA5
1053032	16/02/2024	08	16/02/2024	03	HNE	-9,9	0	-11,6	0	88,0	0	3,0	0	360,0	0	974,0	0	0,0	ERA5
1053033	16/02/2024	09	16/02/2024	04	HNE	-10,2	0	-11,9	0	87,0	0	5,0	0	310,0	0	973,0	0	0,0	ERA5
1053034	16/02/2024	10	16/02/2024	05	HNE	-10,0	0	-11,6	0	88,0	0	6,0	0	300,0	0	974,0	0	0,0	ERA5
1053035	16/02/2024	11	16/02/2024	06	HNE	-9,9	0	-11,3	0	89,0	0	7,0	0	310,0	0	974,0	0	0,0	ERA5
1053036	16/02/2024	12	16/02/2024	07	HNE	-9,6	0	-11,0	0	90,0	0	6,0	0	320,0	0	975,0	0	1,7	ERA5
1053037	16/02/2024	13	16/02/2024	08	HNE	-9,3	0	-11,2	0	86,0	0	6,0	0	330,0	0	975,0	0	123,1	ERA5
1053038	16/02/2024	14	16/02/2024	09	HNE	-8,8	0	-11,2	0	82,0	0	7,0	0	340,0	0	976,0	0	419,3	ERA5
1053039	16/02/2024	15	16/02/2024	10	HNE	-8,2	0	-11,1	0	80,0	0	8,0	0	340,0	0	976,0	0	691,3	ERA5
1053040	16/02/2024	16	16/02/2024	11	HNE	-7,5	0	-11,6	0	72,0	0	14,0	0	310,0	0	977,0	0	1036,8	ERA5
1053041	16/02/2024	17	16/02/2024	12	HNE	-6,9	0	-10,7	0	75,0	0	8,0	0	340,0	0	977,0	0	1560,2	ERA5
1053042	16/02/2024	18	16/02/2024	13	HNE	-5,9	0	-10,7	0	69,0	0	8,0	0	320,0	0	977,0	0	1349,6	ERA5
1053043	16/02/2024	19	16/02/2024	14	HNE	-6,1	0	-10,8	0	69,0	0	8,0	0	250,0	0	977,0	0	1194,2	ERA5
1053044	16/02/2024	20	16/02/2024	15	HNE	-5,8	0	-11,3	0	65,0	0	4,0	0	270,0	0	978,0	0	884,9	ERA5
1053045	16/02/2024	21	16/02/2024	16	HNE	-6,3	0	-12,9	0	59,0	0	4,0	0	330,0	0	978,0	0	549,1	ERA5
1053046	16/02/2024	22	16/02/2024	17	HNE	-6,3	0	-13,6	0	56,0	0	5,0	0	270,0	0	979,0	0	205,1	ERA5
1053047	16/02/2024	23	16/02/2024	18	HNE	-7,5	0	-14,9	0	56,0	0	2,0	0	270,0	0	979,0	0	1,0	ERA5
1053048	17/02/2024	00	16/02/2024	19	HNE	-8,7	0	-14,7	0	62,0	0	2,0	0	260,0	0	980,0	0	0,0	ERA5
1053049	17/02/2024	01	16/02/2024	20	HNE	-8,4	0	-12,4	0	73,0	0	4,0	0	250,0	0	980,0	0	0,0	ERA5
1053050	17/02/2024	02	16/02/2024	21	HNE	-8,3	0	-10,8	0	83,0	0	2,0	0	260,0	0	980,0	0	0,0	ERA5
1053051	17/02/2024	03	16/02/2024	22	HNE	-7,0	0	-9,4	0	82,0	0	5,0	0	220,0	0	980,0	0	0,0	ERA5
1053052	17/02/2024	04	16/02/2024	23	HNE	-8,1	0	-10,4	0	84,0	0	1,0	0	270,0	0	979,0	0	0,0	ERA5
1053053	17/02/2024	05	17/02/2024	00	HNE	-7,9	0	-9,9	0	86,0	0	1,0	0	10,0	0	979,0	0	0,0	ERA5
1053054	17/02/2024	06	17/02/2024	01	HNE	-8,0	0	-9,6	0	88,0	0	2,0	0	220,0	0	978,0	0	0,0	ERA5
1053055	17/02/2024	07	17/02/2024	02	HNE	-8,6	0	-10,3	0	88,0	0	0,0	0	0,0	0	979,0	0	0,0	ERA5
1053056	17/02/2024	08	17/02/2024	03	HNE	-8,5	0	-10,0	0	89,0	0	1,0	0	330,0	0	979,0	0	0,0	ERA5
1053057	17/02/2024	09	17/02/2024	04	HNE	-9,0	0	-10,3	0	91,0	0	1,0	0	160,0	0	978,0	0	0,0	ERA5
1053058	17/02/2024	10	17/02/2024	05	HNE	-8,6	0	-10,2	0	88,0	0	1,0	0	290,0	0	978,0	0	0,0	ERA5
1053059	17/02/2024	11	17/02/2024	06	HNE	-9,0	0	-10,2	0	91,0	0	1,0	0	190,0	0	977,0	0	0,0	ERA5
1053060	17/02/2024	12	17/02/2024	07	HNE	-9,0	0	-10,3	0	90,0	0	0,0	0	0,0	0	977,0	0	3,3	ERA5
1053061	17/02/2024	13	17/02/2024	08	HNE	-8,7	0	-10,0	0	90,0	0	0,0	0	0,0	0	977,0	0	160,0	ERA5
1053062	17/02/2024	14	17/02/2024	09	HNE	-7,9	0	-11,1	0	78,0	0	1,0	0	50,0	0	976,0	0	470,1	ERA5
1053063	17/02/2024	15	17/02/2024	10	HNE	-6,5	0	-10,1	0	76,0	0	5,0	0	240,0	0	976,0	0	816,7	ERA5
1053064	17/02/2024	16	17/02/2024	11	HNE	-5,7	0	-12,1	0	61,0	0	4,0	0	290,0	0	975,0	0	1172,0	ERA5
1053065	17/02/2024	17	17/02/2024	12	HNE	-5,7	0	-12,0	0	61,0	0	5,0	0	250,0	0	974,0	0	1429,5	ERA5
1053066	17/02/2024	18	17/02/2024	13	HNE	-5,3	0	-11,8	0	60,0	0	6,0	0	190,0	0	974,0	0	1348,0	ERA5
1053067	17/02/2024	19	17/02/2024	14	HNE	-5,6	0	-15,2	0	47,0	0	8,0	0	260,0	0	973,0	0	991,9	ERA5
1053068	17/02/2024	20	17/02/2024	15	HNE	-6,0	0	-15,9	0	45,0	0	9,0	0	220,0	0	973,0	0	1040,3	ERA5
1053069	17/02/2024	21	17/02/2024	16	HNE	-7,2	0	-15,4	0	52,0	0	7,0	0	260,0	0	974,0	0	696,2	ERA5
1053070	17/02/2024	22	17/02/2024	17	HNE	-9,6	0	-16,4	0	58,0	0	9,0	0	280,0	0	975,0	0	254,4	ERA5
1053071	17/02/2024	23	17/02/2024	18	HNE	-10,4	0	-16,6	0	60,0	0	9,0	0	240,0	0	975,0	0	1,5	ERA5
1053072	18/02/2024	00	17/02/2024	19	HNE	-11,5	0	-18,4	0	57,0	0	6,0	0	260,0	0	975,0	0	0,0	ERA5
1053073	18/02/2024	01	17/02/2024	20	HNE	-12,1	0	-17,1	0	66,0	0	7,0	0	290,0	0	976,0	0	0,0	ERA5
1053074	18/02/2024	02	17/02/2024	21	HNE	-13,2	0	-19,8	0	58,0	0	6,0	0	260,0	0	976,0	0	0,0	ERA5
1053075	18/02/2024	03	17/02/2024	22	HNE	-14,0	0	-20,6	0	57,0	0	5,0	0	280,0	0	976,0	0	0,0	ERA5
1053076	18/02/2024	04	17/02/2024	23	HNE	-14,6	0	-21,2	0	57,0	0	2,0	0	230,0	0	976,0	0	0,0	ERA5
1053077	18/02/2024	05	18/02/2024	00	HNE	-15,4	0	-21,1	0	61,0	0	2,0	0	290,0	0	976,0	0	0,0	ERA5
1053078	18/02/2024	06	18/02/2024	01	HNE	-15,9	0	-21,0	0	65,0	0	3,0	0	280,0	0	977,0	0	0,0	ERA5
1053079	18/02/2024	07	18/02/2024	02	HNE	-16,2	0	-21,1	0	66,0	0	3,0	0	240,0	0	977,0	0	0,0	ERA5
1053080	18/02/2024	08	18/02/2024	03	HNE	-17,1	0	-21,5	0	68,0	0	2,0	0	220,0	0	977,0	0	0,0	ERA5
1053081	18/02/2024	09	18/02/2024	04	HNE	-17,6	0	-21,8	0	70,0	0	3,0	0	260,0	0	977,0	0	0,0	ERA5
1053082	18/02/2024	10	18/02/2024	05	HNE	-18,2	0	-22,0	0	72,0	0	2,0	0	200,0	0	977,0	0	0,0	ERA5
1053083	18/02/2024	11	18/02/2024	06	HNE	-19,5	0	-22,5	0	77,0	0	0,0	0	40,0	0	977,0	0	0,0	ERA5
1053084	18/02/2024	12	18/02/2024	07	HNE	-20,6	0	-23,5	0	78,0	0	3,0	0	170,0	0	977,0	0	7,2	ERA5
1053085	18/02/2024	13	18/02/2024	08	HNE	-18,7	0	-22,3	0	73,0	0	6,0	0	160,0	0	977,0	0	335,9	ERA5
1053086	18/02/2024	14	18/02/2024	09	HNE	-15,8	0	-20,6	0	66,0	0	6,0	0	110,0	0	976,0	0	936,3	ERA5
1053087	18/02/2024	15	18/02/2024	10	HNE	-13,6	0	-19,4	0	62,0	0	9,0	0	130,0	0	975,0	0	1375,4	ERA5
1053088	18/02/2024	16	18/02/2024	11	HNE	-11,7	0	-18,3	0	58,0	0	7,0	0	140,0	0	975,0	0	1656,0	ERA5
1053089	18/02/2024	17	18/02/2024	12	HNE	-9,1	0	-16,2	0	56,0	0	7,0	0	100,0	0	974,0	0	1938,0	ERA5
1053090	18/02/2024	18	18/02/2024	13	HNE	-7,1	0	-13,3	0	61,0	0	8,0	0	140,0	0	973,0	0	1701,7	ERA5
1053091	18/02/2024	19	18/02/2024	14	HNE	-5,3	0	-12,1	0	59,0	0	8,0	0	200,0	0	972,0	0	1163,2	ERA5
1053092	18/02/2024	20	18/02/2024	15	HNE	-5,3	0	-10,1	0	69,0	0	6,0	0	170,0	0	972,0	0	760,7	ERA5
1053093	18/02/2024	21	18/02/2024	16	HNE	-4,9	0	-9,6	0	69,0	0	8,0	0	180,0	0	972,0	0	523,7	ERA5
1053094	18/02/2024	22	18/02/2024	17	HNE	-4,6	0	-9,9	0	67,0	0	3,0	0	180,0	0	972,0	0	163,9	ERA5
1053095	18/02/2024	23	18/02/2024	18	HNE	-5,1	0	-7,3	0	85,0	0	3,0	0	130,0	0	972,0	0	1,6	ERA5
1053096	19/02/2024	00	18/02/2024	19	HNE	-5,3	0	-6,7	0	90,0	0	5,0	0	150,0	0	972,0	0	0,0	ERA5
1053097	19/02/2024	01	18/02/2024	20	HNE	-5,4	0	-6,9	0	89,0	0	6,0	0	160,0	0	973,0	0	0,0	ERA5
1053098	19/02/2024	02	18/02/2024	21	HNE	-5,3	0	-7,2	0	86,0	0	8,0	0	170,0	0	973,0	0	0,0	ERA5
1053099	19/02/2024	03	18/02/2024	22	HNE	-5,6	0	-7,6	0	86,0	0	4,0	0	180,0	0	973,0	0	0,0	ERA5
1053100	19/02/2024	04	18/02/2024	23	HNE	-5,7	0	-7,3	0	88,0	0	4,0	0	150,0	0	972,0	0	0,0	ERA5
1053101	19/02/2024	05	19/02/2024	00	HNE	-5,5	0	-7,1	0	89,0	0	5,0	0	170,0	0	973,0	0	0,0	ERA5
1053102	19/02/2024	06	19/02/2024	01	HNE	-6,1	0	-9,3	0	78,0	0	9,0	0	280,0	0	974,0	0	0,0	ERA5
1053103	19/02/2024	07	19/02/2024	02	HNE	-7,7	0	-11,5	0	74,0	0	8,0	0	290,0	0	976,0	0	0,0	ERA5
1053104	19/02/2024	08	19/02/2024	03	HNE	-8,8	0	-12,1	0	77,0	0	4,0	0	290,0	0	977,0	0	0,0	ERA5
1053105	19/02/2024	09	19/02/2024	04	HNE	-9,2	0	-12,3	0	78,0	0	2,0	0	230,0	0	979,0	0	0,0	ERA5
1053106	19/02/2024	10	19/02/2024	05	HNE	-9,8	0	-13,1	0	76,0	0	7,0	0	280,0	0	980,0	0	0,0	ERA5
1053107	19/02/2024	11	19/02/2024	06	HNE	-10,5	0	-13,8	0	77,0	0	6,0	0	270,0	0	982,0	0	0,0	ERA5
1053108	19/02/2024	12	19/02/2024	07	HNE	-11,0	0	-14,1	0	78,0	0	5,0	0	280,0	0	984,0	0	8,2	ERA5
1053109	19/02/2024	13	19/02/2024	08	HNE	-11,3	0	-16,6	0	65,0	0	11,0	0	290,0	0	985,0	0	326,4	ERA5
1053110	19/02/2024	14	19/02/2024	09	HNE	-11,6	0	-17,2	0	63,0	0	10,0	0	300,0	0	987,0	0	797,1	ERA5
1053111	19/02/2024	15	19/02/2024	10	HNE	-10,9	0	-17,5	0	58,0	0	5,0	0	290,0	0	988,0	0	1267,3	ERA5
1053112	19/02/2024	16	19/02/2024	11	HNE	-10,8	0	-17,0	0	60,0	0	13,0	0	300,0	0	988,0	0	1448,3	ERA5
1053113	19/02/2024	17	19/02/2024	12	HNE	-9,9	0	-17,4	0	54,0	0	7,0	0	270,0	0	989,0	0	1801,4	ERA5
1053114	19/02/2024	18	19/02/2024	13	HNE	-9,7	0	-17,4	0	54,0	0	9,0	0	250,0	0	989,0	0	1854,6	ERA5
1053115	19/02/2024	19	19/02/2024	14	HNE	-9,8	0	-18,0	0	51,0	0	9,0	0	250,0	0	990,0	0	1541,0	ERA5
1053116	19/02/2024	20	19/02/2024	15	HNE	-9,9	0	-18,4	0	50,0	0	6,0	0	250,0	0	990,0	0	1254,1	ERA5
1053117	19/02/2024	21	19/02/2024	16	HNE	-10,8	0	-18,6	0	53,0	0	10,0	0	290,0	0	991,0	0	836,7	ERA5
1053118	19/02/2024	22	19/02/2024	17	HNE	-11,5	0	-18,4	0	57,0	0	6,0	0	290,0	0	992,0	0	226,8	ERA5
1053119	19/02/2024	23	19/02/2024	18	HNE	-12,3	0	-18,5	0	60,0	0	2,0	0	260,0	0	993,0	0	3,6	ERA5
1053120	20/02/2024	00	19/02/2024	19	HNE	-13,6	0	-18,6	0	66,0	0	1,0	0	240,0	0	994,0	0	0,0	ERA5
1053121	20/02/2024	01	19/02/2024	20	HNE	-13,2	0	-18,5	0	64,0	0	4,0	0	230,0	0	994,0	0	0,0	ERA5
1053122	20/02/2024	02	19/02/2024	21	HNE	-13,5	0	-17,9	0	70,0	0	3,0	0	230,0	0	995,0	0	0,0	ERA5
1053123	20/02/2024	03	19/02/2024	22	HNE	-13,8	0	-17,0	0	77,0	0	5,0	0	230,0	0	995,0	0	0,0	ERA5
1053124	20/02/2024	04	19/02/2024	23	HNE	-13,8	0	-17,0	0	77,0	0	7,0	0	240,0	0	996,0	0	0,0	ERA5
1053125	20/02/2024	05	20/02/2024	00	HNE	-14,1	0	-17,4	0	76,0	0	7,0	0	240,0	0	996,0	0	0,0	ERA5
1053126	20/02/2024	06	20/02/2024	01	HNE	-13,9	0	-17,7	0	73,0	0	7,0	0	240,0	0	997,0	0	0,0	ERA5
1053127	20/02/2024	07	20/02/2024	02	HNE	-14,6	0	-18,5	0	72,0	0	3,0	0	240,0	0	997,0	0	0,0	ERA5
1053128	20/02/2024	08	20/02/2024	03	HNE	-16,8	0	-19,3	0	81,0	0	0,0	0	330,0	0	998,0	0	0,0	ERA5
1053129	20/02/2024	09	20/02/2024	04	HNE	-18,7	0	-21,0	0	82,0	0	2,0	0	60,0	0	998,0	0	0,0	ERA5
1053130	20/02/2024	10	20/02/2024	05	HNE	-18,4	0	-20,7	0	82,0	0	3,0	0	20,0	0	999,0	0	0,0	ERA5
1053131	20/02/2024	11	20/02/2024	06	HNE	-19,1	0	-21,5	0	81,0	0	0,0	0	180,0	0	999,0	0	0,0	ERA5
1053132	20/02/2024	12	20/02/2024	07	HNE	-19,7	0	-22,1	0	81,0	0	0,0	0	290,0	0	1000,0	0	12,8	ERA5
1053133	20/02/2024	13	20/02/2024	08	HNE	-18,0	0	-21,8	0	72,0	0	1,0	0	110,0	0	1001,0	0	388,5	ERA5
1053134	20/02/2024	14	20/02/2024	09	HNE	-15,1	0	-21,6	0	57,0	0	5,0	0	330,0	0	1001,0	0	1009,6	ERA5
1053135	20/02/2024	15	20/02/2024	10	HNE	-13,9	0	-21,8	0	51,0	0	6,0	0	350,0	0	1002,0	0	1560,9	ERA5
1053136	20/02/2024	16	20/02/2024	11	HNE	-12,9	0	-22,1	0	46,0	0	8,0	0	320,0	0	1002,0	0	1956,3	ERA5
1053137	20/02/2024	17	20/02/2024	12	HNE	-11,4	0	-21,7	0	42,0	0	8,0	0	330,0	0	1001,0	0	2155,5	ERA5
1053138	20/02/2024	18	20/02/2024	13	HNE	-10,4	0	-21,3	0	40,0	0	8,0	0	280,0	0	1001,0	0	2146,0	ERA5
1053139	20/02/2024	19	20/02/2024	14	HNE	-9,7	0	-20,8	0	40,0	0	3,0	0	270,0	0	1001,0	0	1919,2	ERA5
1053140	20/02/2024	20	20/02/2024	15	HNE	-10,1	0	-20,6	0	42,0	0	10,0	0	330,0	0	1002,0	0	1504,6	ERA5
1053141	20/02/2024	21	20/02/2024	16	HNE	-9,9	0	-19,7	0	45,0	0	4,0	0	300,0	0	1002,0	0	943,4	ERA5
1053142	20/02/2024	22	20/02/2024	17	HNE	-10,8	0	-20,1	0	46,0	0	3,0	0	290,0	0	1003,0	0	331,7	ERA5
1053143	20/02/2024	23	20/02/2024	18	HNE	-12,0	0	-20,2	0	51,0	0	3,0	0	300,0	0	1003,0	0	5,2	ERA5
1053144	21/02/2024	00	20/02/2024	19	HNE	-13,4	0	-20,2	0	57,0	0	2,0	0	280,0	0	1004,0	0	0,0	ERA5
1053145	21/02/2024	01	20/02/2024	20	HNE	-14,1	0	-20,0	0	61,0	0	2,0	0	220,0	0	1004,0	0	0,0	ERA5
1053146	21/02/2024	02	20/02/2024	21	HNE	-16,2	0	-20,5	0	69,0	0	0,0	0	0,0	0	1004,0	0	0,0	ERA5
1053147	21/02/2024	03	20/02/2024	22	HNE	-16,6	0	-20,5	0	72,0	0	5,0	0	200,0	0	1004,0	0	0,0	ERA5
1053148	21/02/2024	04	20/02/2024	23	HNE	-18,7	0	-22,9	0	70,0	0	2,0	0	180,0	0	1004,0	0	0,0	ERA5
1053149	21/02/2024	05	21/02/2024	00	HNE	-18,1	0	-21,4	0	75,0	0	6,0	0	170,0	0	1004,0	0	0,0	ERA5
1053150	21/02/2024	06	21/02/2024	01	HNE	-19,1	0	-22,1	0	77,0	0	4,0	0	170,0	0	1004,0	0	0,0	ERA5
1053151	21/02/2024	07	21/02/2024	02	HNE	-21,6	0	-24,3	0	79,0	0	1,0	0	140,0	0	1004,0	0	0,0	ERA5
1053152	21/02/2024	08	21/02/2024	03	HNE	-19,4	0	-22,0	0	80,0	0	5,0	0	190,0	0	1004,0	0	0,0	ERA5
1053153	21/02/2024	09	21/02/2024	04	HNE	-21,3	0	-23,8	0	80,0	0	4,0	0	160,0	0	1004,0	0	0,0	ERA5
1053154	21/02/2024	10	21/02/2024	05	HNE	-21,0	0	-23,6	0	80,0	0	6,0	0	170,0	0	1004,0	0	0,0	ERA5
1053155	21/02/2024	11	21/02/2024	06	HNE	-21,2	0	-24,1	0	77,0	0	6,0	0	160,0	0	1003,0	0	0,0	ERA5
1053156	21/02/2024	12	21/02/2024	07	HNE	-22,2	0	-25,0	0	78,0	0	3,0	0	160,0	0	1003,0	0	14,5	ERA5
1053157	21/02/2024	13	21/02/2024	08	HNE	-18,9	0	-22,6	0	73,0	0	5,0	0	160,0	0	1003,0	0	382,5	ERA5
1053158	21/02/2024	14	21/02/2024	09	HNE	-14,7	0	-20,7	0	60,0	0	8,0	0	140,0	0	1003,0	0	947,7	ERA5
1053159	21/02/2024	15	21/02/2024	10	HNE	-11,3	0	-18,4	0	56,0	0	7,0	0	130,0	0	1002,0	0	1434,5	ERA5
1053160	21/02/2024	16	21/02/2024	11	HNE	-6,1	0	-15,1	0	49,0	0	8,0	0	130,0	0	1001,0	0	1900,6	ERA5
1053161	21/02/2024	17	21/02/2024	12	HNE	-0,9	0	-11,1	0	46,0	0	14,0	0	120,0	0	999,0	0	2124,8	ERA5
1053162	21/02/2024	18	21/02/2024	13	HNE	1,0	0	-10,5	0	42,0	0	10,0	0	130,0	0	998,0	0	2118,0	ERA5
1053163	21/02/2024	19	21/02/2024	14	HNE	1,7	0	-10,7	0	39,0	0	13,0	0	110,0	0	997,0	0	1881,9	ERA5
1053164	21/02/2024	20	21/02/2024	15	HNE	3,0	0	-10,5	0	36,0	0	13,0	0	160,0	0	996,0	0	1486,7	ERA5
1053165	21/02/2024	21	21/02/2024	16	HNE	2,6	0	-10,4	0	38,0	0	13,0	0	140,0	0	995,0	0	938,4	ERA5
1053166	21/02/2024	22	21/02/2024	17	HNE	1,5	0	-10,7	0	40,0	0	7,0	0	150,0	0	994,0	0	334,4	ERA5
1053167	21/02/2024	23	21/02/2024	18	HNE	-0,3	0	-10,7	0	45,0	0	7,0	0	170,0	0	994,0	0	6,6	ERA5
1053168	22/02/2024	00	21/02/2024	19	HNE	-1,1	0	-10,1	0	51,0	0	10,0	0	130,0	0	994,0	0	0,0	ERA5
1053169	22/02/2024	01	21/02/2024	20	HNE	-1,7	0	-9,8	0	54,0	0	10,0	0	130,0	0	994,0	0	0,0	ERA5
1053170	22/02/2024	02	21/02/2024	21	HNE	-2,5	0	-9,8	0	57,0	0	10,0	0	140,0	0	994,0	0	0,0	ERA5
1053171	22/02/2024	03	21/02/2024	22	HNE	-3,3	0	-9,9	0	60,0	0	8,0	0	160,0	0	993,0	0	0,0	ERA5
1053172	22/02/2024	04	21/02/2024	23	HNE	-3,8	0	-9,9	0	62,0	0	8,0	0	140,0	0	992,0	0	0,0	ERA5
1053173	22/02/2024	05	22/02/2024	00	HNE	-4,2	0	-9,8	0	65,0	0	11,0	0	140,0	0	991,0	0	0,0	ERA5
1053174	22/02/2024	06	22/02/2024	01	HNE	-4,4	0	-9,5	0	68,0	0	10,0	0	170,0	0	991,0	0	0,0	ERA5
1053175	22/02/2024	07	22/02/2024	02	HNE	-4,8	0	-9,3	0	71,0	0	6,0	0	160,0	0	990,0	0	0,0	ERA5
1053176	22/02/2024	08	22/02/2024	03	HNE	-5,8	0	-9,7	0	74,0	0	6,0	0	170,0	0	990,0	0	0,0	ERA5
1053177	22/02/2024	09	22/02/2024	04	HNE	-6,6	0	-9,8	0	78,0	0	6,0	0	160,0	0	989,0	0	0,0	ERA5
1053178	22/02/2024	10	22/02/2024	05	HNE	-7,9	0	-10,6	0	81,0	0	1,0	0	90,0	0	988,0	0	0,0	ERA5
1053179	22/02/2024	11	22/02/2024	06	HNE	-8,4	0	-10,6	0	85,0	0	4,0	0	140,0	0	987,0	0	0,0	ERA5
1053180	22/02/2024	12	22/02/2024	07	HNE	-9,0	0	-12,1	0	78,0	0	4,0	0	130,0	0	987,0	0	11,4	ERA5
1053181	22/02/2024	13	22/02/2024	08	HNE	-7,3	0	-10,4	0	79,0	0	6,0	0	160,0	0	986,0	0	249,3	ERA5
1053182	22/02/2024	14	22/02/2024	09	HNE	-5,8	0	-9,5	0	75,0	0	7,0	0	130,0	0	985,0	0	746,9	ERA5
1053183	22/02/2024	15	22/02/2024	10	HNE	-3,8	0	-8,7	0	69,0	0	10,0	0	130,0	0	984,0	0	1170,6	ERA5
1053184	22/02/2024	16	22/02/2024	11	HNE	-0,5	0	-7,6	0	59,0	0	4,0	0	110,0	0	983,0	0	1355,2	ERA5
1053185	22/02/2024	17	22/02/2024	12	HNE	1,0	0	-6,8	0	56,0	0	9,0	0	120,0	0	981,0	0	1184,5	ERA5
1053186	22/02/2024	18	22/02/2024	13	HNE	3,1	0	-6,4	0	50,0	0	13,0	0	110,0	0	980,0	0	1435,5	ERA5
1053187	22/02/2024	19	22/02/2024	14	HNE	4,2	0	-5,9	0	48,0	0	10,0	0	120,0	0	978,0	0	981,4	ERA5
1053188	22/02/2024	20	22/02/2024	15	HNE	4,2	0	-5,5	0	49,0	0	7,0	0	130,0	0	978,0	0	1177,2	ERA5
1053189	22/02/2024	21	22/02/2024	16	HNE	4,6	0	-5,4	0	48,0	0	6,0	0	140,0	0	977,0	0	820,7	ERA5
1053190	22/02/2024	22	22/02/2024	17	HNE	4,3	0	-5,0	0	50,0	0	4,0	0	170,0	0	977,0	0	195,8	ERA5
1053191	22/02/2024	23	22/02/2024	18	HNE	3,6	0	-4,4	0	56,0	0	5,0	0	170,0	0	976,0	0	3,7	ERA5
1053192	23/02/2024	00	22/02/2024	19	HNE	2,9	0	-4,4	0	59,0	0	3,0	0	140,0	0	976,0	0	0,0	ERA5
1053193	23/02/2024	01	22/02/2024	20	HNE	2,3	0	-4,2	0	62,0	0	6,0	0	140,0	0	976,0	0	0,0	ERA5
1053194	23/02/2024	02	22/02/2024	21	HNE	1,7	0	-4,2	0	65,0	0	3,0	0	160,0	0	975,0	0	0,0	ERA5
1053195	23/02/2024	03	22/02/2024	22	HNE	1,4	0	-4,2	0	67,0	0	2,0	0	160,0	0	975,0	0	0,0	ERA5
1053196	23/02/2024	04	22/02/2024	23	HNE	1,1	0	-3,8	0	69,0	0	3,0	0	180,0	0	974,0	0	0,0	ERA5
1053197	23/02/2024	05	23/02/2024	00	HNE	1,1	0	-3,5	0	71,0	0	1,0	0	150,0	0	974,0	0	0,0	ERA5
1053198	23/02/2024	06	23/02/2024	01	HNE	1,3	0	-2,7	0	75,0	0	1,0	0	80,0	0	973,0	0	0,0	ERA5
1053199	23/02/2024	07	23/02/2024	02	HNE	2,2	0	-1,0	0	79,0	0	3,0	0	190,0	0	973,0	0	0,0	ERA5
1053200	23/02/2024	08	23/02/2024	03	HNE	1,9	0	-1,1	0	81,0	0	2,0	0	170,0	0	972,0	0	0,0	ERA5
1053201	23/02/2024	09	23/02/2024	04	HNE	1,6	0	-1,1	0	82,0	0	3,0	0	180,0	0	972,0	0	0,0	ERA5
1053202	23/02/2024	10	23/02/2024	05	HNE	1,6	0	-0,7	0	84,0	0	4,0	0	170,0	0	971,0	0	0,0	ERA5
1053203	23/02/2024	11	23/02/2024	06	HNE	1,3	0	-1,3	0	83,0	0	2,0	0	160,0	0	971,0	0	0,0	ERA5
1053204	23/02/2024	12	23/02/2024	07	HNE	1,4	0	-0,5	0	87,0	0	3,0	0	170,0	0	971,0	0	4,7	ERA5
1053205	23/02/2024	13	23/02/2024	08	HNE	1,5	0	-0,2	0	88,0	0	1,0	0	100,0	0	971,0	0	142,5	ERA5
1053206	23/02/2024	14	23/02/2024	09	HNE	2,0	0	0,3	0	89,0	0	6,0	0	160,0	0	971,0	0	352,0	ERA5
1053207	23/02/2024	15	23/02/2024	10	HNE	2,5	0	0,6	0	88,0	0	8,0	0	170,0	0	970,0	0	541,5	ERA5
1053208	23/02/2024	16	23/02/2024	11	HNE	3,3	0	0,6	0	82,0	0	6,0	0	190,0	0	970,0	0	687,3	ERA5
1053209	23/02/2024	17	23/02/2024	12	HNE	4,2	0	0,5	0	77,0	0	5,0	0	190,0	0	969,0	0	768,6	ERA5
1053210	23/02/2024	18	23/02/2024	13	HNE	5,0	0	0,1	0	70,0	0	5,0	0	200,0	0	969,0	0	1268,8	ERA5
1053211	23/02/2024	19	23/02/2024	14	HNE	5,9	0	-0,7	0	62,0	0	5,0	0	240,0	0	968,0	0	690,4	ERA5
1053212	23/02/2024	20	23/02/2024	15	HNE	6,0	0	-0,8	0	62,0	0	4,0	0	220,0	0	969,0	0	723,5	ERA5
1053213	23/02/2024	21	23/02/2024	16	HNE	6,0	0	-1,1	0	60,0	0	4,0	0	210,0	0	968,0	0	457,7	ERA5
1053214	23/02/2024	22	23/02/2024	17	HNE	5,6	0	-0,7	0	64,0	0	3,0	0	210,0	0	969,0	0	148,0	ERA5
1053215	23/02/2024	23	23/02/2024	18	HNE	4,2	0	-1,4	0	67,0	0	3,0	0	340,0	0	969,0	0	5,1	ERA5
1053216	24/02/2024	00	23/02/2024	19	HNE	3,6	0	-1,1	0	71,0	0	0,0	0	290,0	0	969,0	0	0,0	ERA5
1053217	24/02/2024	01	23/02/2024	20	HNE	4,0	0	-0,9	0	70,0	0	2,0	0	230,0	0	969,0	0	0,0	ERA5
1053218	24/02/2024	02	23/02/2024	21	HNE	1,9	0	-0,9	0	81,0	0	10,0	0	310,0	0	970,0	0	0,0	ERA5
1053219	24/02/2024	03	23/02/2024	22	HNE	-1,4	0	-4,5	0	79,0	0	13,0	0	310,0	0	971,0	0	0,0	ERA5
1053220	24/02/2024	04	23/02/2024	23	HNE	-2,9	0	-6,0	0	79,0	0	9,0	0	340,0	0	971,0	0	0,0	ERA5
1053221	24/02/2024	05	24/02/2024	00	HNE	-4,1	0	-7,4	0	78,0	0	9,0	0	330,0	0	972,0	0	0,0	ERA5
1053222	24/02/2024	06	24/02/2024	01	HNE	-5,9	0	-9,8	0	74,0	0	9,0	0	310,0	0	972,0	0	0,0	ERA5
1053223	24/02/2024	07	24/02/2024	02	HNE	-8,2	0	-12,3	0	72,0	0	13,0	0	340,0	0	973,0	0	0,0	ERA5
1053224	24/02/2024	08	24/02/2024	03	HNE	-9,9	0	-14,0	0	72,0	0	11,0	0	330,0	0	973,0	0	0,0	ERA5
1053225	24/02/2024	09	24/02/2024	04	HNE	-11,8	0	-15,9	0	72,0	0	12,0	0	340,0	0	974,0	0	0,0	ERA5
1053226	24/02/2024	10	24/02/2024	05	HNE	-13,0	0	-17,3	0	70,0	0	5,0	0	250,0	0	975,0	0	0,0	ERA5
1053227	24/02/2024	11	24/02/2024	06	HNE	-14,0	0	-17,6	0	74,0	0	7,0	0	320,0	0	976,0	0	0,0	ERA5
1053228	24/02/2024	12	24/02/2024	07	HNE	-14,6	0	-18,2	0	74,0	0	4,0	0	300,0	0	977,0	0	17,7	ERA5
1053229	24/02/2024	13	24/02/2024	08	HNE	-14,7	0	-18,6	0	72,0	0	6,0	0	290,0	0	978,0	0	292,7	ERA5
1053230	24/02/2024	14	24/02/2024	09	HNE	-14,0	0	-18,6	0	68,0	0	6,0	0	300,0	0	978,0	0	778,2	ERA5
1053231	24/02/2024	15	24/02/2024	10	HNE	-13,7	0	-18,5	0	67,0	0	10,0	0	340,0	0	978,0	0	1365,3	ERA5
1053232	24/02/2024	16	24/02/2024	11	HNE	-12,5	0	-18,5	0	61,0	0	11,0	0	320,0	0	978,0	0	1799,7	ERA5
1053233	24/02/2024	17	24/02/2024	12	HNE	-12,0	0	-18,6	0	58,0	0	10,0	0	340,0	0	979,0	0	2128,8	ERA5
1053234	24/02/2024	18	24/02/2024	13	HNE	-11,4	0	-19,3	0	52,0	0	10,0	0	320,0	0	978,0	0	2205,5	ERA5
1053235	24/02/2024	19	24/02/2024	14	HNE	-11,2	0	-21,2	0	43,0	0	7,0	0	270,0	0	979,0	0	2013,0	ERA5
1053236	24/02/2024	20	24/02/2024	15	HNE	-10,8	0	-21,0	0	43,0	0	8,0	0	320,0	0	979,0	0	1565,8	ERA5
1053237	24/02/2024	21	24/02/2024	16	HNE	-11,4	0	-20,5	0	47,0	0	6,0	0	310,0	0	980,0	0	1044,5	ERA5
1053238	24/02/2024	22	24/02/2024	17	HNE	-12,2	0	-20,7	0	49,0	0	5,0	0	270,0	0	981,0	0	405,0	ERA5
1053239	24/02/2024	23	24/02/2024	18	HNE	-13,1	0	-20,6	0	54,0	0	3,0	0	290,0	0	982,0	0	14,2	ERA5
1053240	25/02/2024	00	24/02/2024	19	HNE	-13,5	0	-20,4	0	56,0	0	7,0	0	290,0	0	983,0	0	0,0	ERA5
1053241	25/02/2024	01	24/02/2024	20	HNE	-14,0	0	-20,5	0	58,0	0	4,0	0	290,0	0	984,0	0	0,0	ERA5
1053242	25/02/2024	02	24/02/2024	21	HNE	-14,0	0	-21,0	0	55,0	0	7,0	0	290,0	0	984,0	0	0,0	ERA5
1053243	25/02/2024	03	24/02/2024	22	HNE	-14,5	0	-20,9	0	58,0	0	5,0	0	220,0	0	984,0	0	0,0	ERA5
1053244	25/02/2024	04	24/02/2024	23	HNE	-15,3	0	-21,1	0	61,0	0	7,0	0	220,0	0	985,0	0	0,0	ERA5
1053245	25/02/2024	05	25/02/2024	00	HNE	-15,6	0	-21,7	0	60,0	0	6,0	0	220,0	0	985,0	0	0,0	ERA5
1053246	25/02/2024	06	25/02/2024	01	HNE	-16,3	0	-22,0	0	61,0	0	7,0	0	230,0	0	986,0	0	0,0	ERA5
1053247	25/02/2024	07	25/02/2024	02	HNE	-16,5	0	-22,4	0	60,0	0	5,0	0	240,0	0	986,0	0	0,0	ERA5
1053248	25/02/2024	08	25/02/2024	03	HNE	-16,6	0	-22,3	0	61,0	0	6,0	0	240,0	0	987,0	0	0,0	ERA5
1053249	25/02/2024	09	25/02/2024	04	HNE	-16,4	0	-21,6	0	64,0	0	5,0	0	220,0	0	987,0	0	0,0	ERA5
1053250	25/02/2024	10	25/02/2024	05	HNE	-16,2	0	-21,2	0	65,0	0	7,0	0	220,0	0	988,0	0	0,0	ERA5
1053251	25/02/2024	11	25/02/2024	06	HNE	-16,6	0	-21,5	0	66,0	0	1,0	0	110,0	0	988,0	0	0,0	ERA5
1053252	25/02/2024	12	25/02/2024	07	HNE	-16,3	0	-20,7	0	69,0	0	2,0	0	220,0	0	988,0	0	32,0	ERA5
1053253	25/02/2024	13	25/02/2024	08	HNE	-13,9	0	-19,9	0	60,0	0	5,0	0	200,0	0	989,0	0	469,5	ERA5
1053254	25/02/2024	14	25/02/2024	09	HNE	-11,1	0	-19,3	0	51,0	0	5,0	0	200,0	0	989,0	0	1083,1	ERA5
1053255	25/02/2024	15	25/02/2024	10	HNE	-9,7	0	-20,0	0	43,0	0	6,0	0	190,0	0	988,0	0	1641,2	ERA5
1053256	25/02/2024	16	25/02/2024	11	HNE	-7,0	0	-18,9	0	38,0	0	9,0	0	210,0	0	988,0	0	2036,7	ERA5
1053257	25/02/2024	17	25/02/2024	12	HNE	-5,7	0	-18,0	0	37,0	0	6,0	0	200,0	0	987,0	0	2237,7	ERA5
1053258	25/02/2024	18	25/02/2024	13	HNE	-4,0	0	-16,9	0	36,0	0	5,0	0	190,0	0	986,0	0	2195,1	ERA5
1053259	25/02/2024	19	25/02/2024	14	HNE	-2,4	0	-16,5	0	33,0	0	3,0	0	190,0	0	985,0	0	1981,1	ERA5
1053260	25/02/2024	20	25/02/2024	15	HNE	-1,8	0	-16,4	0	32,0	0	11,0	0	170,0	0	985,0	0	1569,8	ERA5
1053261	25/02/2024	21	25/02/2024	16	HNE	-1,6	0	-15,7	0	33,0	0	5,0	0	200,0	0	984,0	0	1018,1	ERA5
1053262	25/02/2024	22	25/02/2024	17	HNE	-2,3	0	-14,5	0	39,0	0	1,0	0	210,0	0	984,0	0	397,0	ERA5
1053263	25/02/2024	23	25/02/2024	18	HNE	-3,7	0	-13,6	0	46,0	0	3,0	0	210,0	0	984,0	0	15,5	ERA5
1053264	26/02/2024	00	25/02/2024	19	HNE	-3,7	0	-14,6	0	42,0	0	4,0	0	180,0	0	984,0	0	0,0	ERA5
1053265	26/02/2024	01	25/02/2024	20	HNE	-4,2	0	-14,1	0	46,0	0	6,0	0	170,0	0	983,0	0	0,0	ERA5
1053266	26/02/2024	02	25/02/2024	21	HNE	-5,0	0	-13,6	0	51,0	0	6,0	0	170,0	0	983,0	0	0,0	ERA5
1053267	26/02/2024	03	25/02/2024	22	HNE	-4,8	0	-13,6	0	50,0	0	7,0	0	180,0	0	983,0	0	0,0	ERA5
1053268	26/02/2024	04	25/02/2024	23	HNE	-5,2	0	-13,6	0	52,0	0	3,0	0	170,0	0	983,0	0	0,0	ERA5
1053269	26/02/2024	05	26/02/2024	00	HNE	-5,3	0	-13,2	0	54,0	0	3,0	0	190,0	0	983,0	0	0,0	ERA5
1053270	26/02/2024	06	26/02/2024	01	HNE	-5,1	0	-13,1	0	54,0	0	6,0	0	170,0	0	983,0	0	0,0	ERA5
1053271	26/02/2024	07	26/02/2024	02	HNE	-5,2	0	-12,4	0	57,0	0	4,0	0	190,0	0	982,0	0	0,0	ERA5
1053272	26/02/2024	08	26/02/2024	03	HNE	-5,0	0	-12,3	0	57,0	0	4,0	0	200,0	0	982,0	0	0,0	ERA5
1053273	26/02/2024	09	26/02/2024	04	HNE	-4,3	0	-8,3	0	74,0	0	2,0	0	130,0	0	982,0	0	0,0	ERA5
1053274	26/02/2024	10	26/02/2024	05	HNE	-4,1	0	-5,2	0	92,0	0	4,0	0	180,0	0	982,0	0	0,0	ERA5
1053275	26/02/2024	11	26/02/2024	06	HNE	-3,8	0	-4,8	0	93,0	0	3,0	0	150,0	0	981,0	0	0,0	ERA5
1053276	26/02/2024	12	26/02/2024	07	HNE	-3,5	0	-4,5	0	93,0	0	5,0	0	190,0	0	981,0	0	18,1	ERA5
1053277	26/02/2024	13	26/02/2024	08	HNE	-2,9	0	-4,2	0	91,0	0	4,0	0	200,0	0	981,0	0	369,6	ERA5
1053278	26/02/2024	14	26/02/2024	09	HNE	-1,4	0	-3,4	0	86,0	0	1,0	0	70,0	0	981,0	0	1055,0	ERA5
1053279	26/02/2024	15	26/02/2024	10	HNE	1,2	0	-3,3	0	72,0	0	5,0	0	210,0	0	981,0	0	1458,8	ERA5
1053280	26/02/2024	16	26/02/2024	11	HNE	1,6	0	-2,8	0	72,0	0	6,0	0	220,0	0	981,0	0	1263,4	ERA5
1053281	26/02/2024	17	26/02/2024	12	HNE	1,2	0	-1,9	0	80,0	0	7,0	0	220,0	0	982,0	0	795,5	ERA5
1053282	26/02/2024	18	26/02/2024	13	HNE	2,2	0	-2,4	0	71,0	0	5,0	0	220,0	0	982,0	0	961,5	ERA5
1053283	26/02/2024	19	26/02/2024	14	HNE	2,3	0	-4,8	0	59,0	0	9,0	0	250,0	0	982,0	0	1410,3	ERA5
1053284	26/02/2024	20	26/02/2024	15	HNE	3,1	0	-6,9	0	48,0	0	7,0	0	250,0	0	983,0	0	1462,2	ERA5
1053285	26/02/2024	21	26/02/2024	16	HNE	2,9	0	-6,2	0	51,0	0	4,0	0	250,0	0	983,0	0	932,8	ERA5
1053286	26/02/2024	22	26/02/2024	17	HNE	2,0	0	-6,2	0	55,0	0	3,0	0	300,0	0	984,0	0	367,3	ERA5
1053287	26/02/2024	23	26/02/2024	18	HNE	0,4	0	-3,9	0	73,0	0	6,0	0	240,0	0	986,0	0	18,9	ERA5
1053288	27/02/2024	00	26/02/2024	19	HNE	-0,2	0	-7,5	0	58,0	0	4,0	0	260,0	0	987,0	0	0,0	ERA5
1053289	27/02/2024	01	26/02/2024	20	HNE	-1,0	0	-8,3	0	58,0	0	6,0	0	290,0	0	988,0	0	0,0	ERA5
1053290	27/02/2024	02	26/02/2024	21	HNE	-2,3	0	-8,2	0	64,0	0	4,0	0	300,0	0	989,0	0	0,0	ERA5
1053291	27/02/2024	03	26/02/2024	22	HNE	-3,2	0	-8,6	0	66,0	0	6,0	0	290,0	0	989,0	0	0,0	ERA5
1053292	27/02/2024	04	26/02/2024	23	HNE	-5,2	0	-9,4	0	72,0	0	2,0	0	180,0	0	989,0	0	0,0	ERA5
1053293	27/02/2024	05	27/02/2024	00	HNE	-5,3	0	-10,3	0	68,0	0	2,0	0	170,0	0	989,0	0	0,0	ERA5
1053294	27/02/2024	06	27/02/2024	01	HNE	-5,5	0	-9,0	0	77,0	0	4,0	0	170,0	0	989,0	0	0,0	ERA5
1053295	27/02/2024	07	27/02/2024	02	HNE	-6,3	0	-9,2	0	80,0	0	6,0	0	180,0	0	989,0	0	0,0	ERA5
1053296	27/02/2024	08	27/02/2024	03	HNE	-6,1	0	-8,8	0	81,0	0	5,0	0	160,0	0	989,0	0	0,0	ERA5
1053297	27/02/2024	09	27/02/2024	04	HNE	-5,9	0	-8,7	0	81,0	0	6,0	0	170,0	0	989,0	0	0,0	ERA5
1053298	27/02/2024	10	27/02/2024	05	HNE	-6,2	0	-8,6	0	83,0	0	5,0	0	150,0	0	988,0	0	0,0	ERA5
1053299	27/02/2024	11	27/02/2024	06	HNE	-5,7	0	-8,6	0	80,0	0	8,0	0	150,0	0	987,0	0	0,0	ERA5
1053300	27/02/2024	12	27/02/2024	07	HNE	-5,3	0	-8,6	0	78,0	0	7,0	0	160,0	0	987,0	0	26,6	ERA5
1053301	27/02/2024	13	27/02/2024	08	HNE	-4,3	0	-8,2	0	74,0	0	5,0	0	110,0	0	987,0	0	340,4	ERA5
1053302	27/02/2024	14	27/02/2024	09	HNE	-1,0	0	-7,3	0	62,0	0	4,0	0	150,0	0	986,0	0	1063,9	ERA5
1053303	27/02/2024	15	27/02/2024	10	HNE	2,8	0	-6,4	0	51,0	0	6,0	0	100,0	0	986,0	0	1591,5	ERA5
1053304	27/02/2024	16	27/02/2024	11	HNE	6,9	0	-4,9	0	43,0	0	6,0	0	150,0	0	985,0	0	1985,8	ERA5
1053305	27/02/2024	17	27/02/2024	12	HNE	12,6	0	-2,7	0	34,0	0	7,0	0	170,0	0	984,0	0	2172,8	ERA5
1053306	27/02/2024	18	27/02/2024	13	HNE	13,4	0	-3,2	0	32,0	0	14,0	0	170,0	0	984,0	0	2165,1	ERA5
1053307	27/02/2024	19	27/02/2024	14	HNE	13,9	0	-3,1	0	31,0	0	17,0	0	160,0	0	983,0	0	1926,5	ERA5
1053308	27/02/2024	20	27/02/2024	15	HNE	14,4	0	-3,0	0	30,0	0	17,0	0	170,0	0	983,0	0	1542,1	ERA5
1053309	27/02/2024	21	27/02/2024	16	HNE	13,7	0	-2,5	0	32,0	0	16,0	0	160,0	0	982,0	0	998,0	ERA5
1053310	27/02/2024	22	27/02/2024	17	HNE	12,1	0	-2,2	0	37,0	0	14,0	0	150,0	0	983,0	0	408,1	ERA5
1053311	27/02/2024	23	27/02/2024	18	HNE	9,1	0	-1,6	0	47,0	0	15,0	0	150,0	0	983,0	0	20,8	ERA5
1053312	28/02/2024	00	27/02/2024	19	HNE	7,4	0	-1,3	0	54,0	0	7,0	0	130,0	0	983,0	0	0,0	ERA5
1053313	28/02/2024	01	27/02/2024	20	HNE	6,3	0	-0,8	0	60,0	0	6,0	0	160,0	0	983,0	0	0,0	ERA5
1053314	28/02/2024	02	27/02/2024	21	HNE	5,4	0	-0,7	0	65,0	0	12,0	0	160,0	0	982,0	0	0,0	ERA5
1053315	28/02/2024	03	27/02/2024	22	HNE	5,2	0	-0,5	0	67,0	0	7,0	0	170,0	0	982,0	0	0,0	ERA5
1053316	28/02/2024	04	27/02/2024	23	HNE	4,2	0	-1,0	0	69,0	0	7,0	0	150,0	0	981,0	0	0,0	ERA5
1053317	28/02/2024	05	28/02/2024	00	HNE	5,1	0	0,1	0	70,0	0	10,0	0	170,0	0	981,0	0	0,0	ERA5
1053318	28/02/2024	06	28/02/2024	01	HNE	3,9	0	-0,1	0	75,0	0	8,0	0	150,0	0	980,0	0	0,0	ERA5
1053319	28/02/2024	07	28/02/2024	02	HNE	3,8	0	0,6	0	79,0	0	5,0	0	150,0	0	979,0	0	0,0	ERA5
1053320	28/02/2024	08	28/02/2024	03	HNE	5,7	0	2,1	0	78,0	0	8,0	0	170,0	0	978,0	0	0,0	ERA5
1053321	28/02/2024	09	28/02/2024	04	HNE	4,8	0	3,3	0	91,0	0	10,0	0	160,0	0	978,0	0	0,0	ERA5
1053322	28/02/2024	10	28/02/2024	05	HNE	5,2	0	4,7	0	97,0	0	11,0	0	160,0	0	977,0	0	0,0	ERA5
1053323	28/02/2024	11	28/02/2024	06	HNE	5,7	0	5,2	0	97,0	0	6,0	0	150,0	0	977,0	0	0,0	ERA5
1053324	28/02/2024	12	28/02/2024	07	HNE	5,6	0	5,0	0	96,0	0	6,0	0	170,0	0	977,0	0	4,9	ERA5
1053325	28/02/2024	13	28/02/2024	08	HNE	5,5	0	4,9	0	96,0	0	9,0	0	140,0	0	976,0	0	112,4	ERA5
1053326	28/02/2024	14	28/02/2024	09	HNE	6,1	0	5,6	0	96,0	0	8,0	0	160,0	0	975,0	0	456,7	ERA5
1053327	28/02/2024	15	28/02/2024	10	HNE	8,0	0	6,0	0	88,0	0	12,0	0	130,0	0	974,0	0	915,9	ERA5
1053328	28/02/2024	16	28/02/2024	11	HNE	10,7	0	6,6	0	76,0	0	15,0	0	140,0	0	972,0	0	1169,8	ERA5
1053329	28/02/2024	17	28/02/2024	12	HNE	11,1	0	6,8	0	75,0	0	13,0	0	140,0	0	971,0	0	855,7	ERA5
1053330	28/02/2024	18	28/02/2024	13	HNE	11,2	0	6,5	0	73,0	0	14,0	0	140,0	0	969,0	0	636,9	ERA5
1053331	28/02/2024	19	28/02/2024	14	HNE	10,3	0	6,2	0	76,0	0	13,0	0	140,0	0	968,0	0	931,7	ERA5
1053332	28/02/2024	20	28/02/2024	15	HNE	10,5	0	6,5	0	76,0	0	19,0	0	150,0	0	967,0	0	510,5	ERA5
1053333	28/02/2024	21	28/02/2024	16	HNE	10,6	0	6,4	0	75,0	0	15,0	0	140,0	0	966,0	0	346,5	ERA5
1053334	28/02/2024	22	28/02/2024	17	HNE	10,2	0	6,6	0	78,0	0	10,0	0	140,0	0	964,0	0	206,2	ERA5
1053335	28/02/2024	23	28/02/2024	18	HNE	9,4	0	6,7	0	83,0	0	14,0	0	160,0	0	964,0	0	5,5	ERA5
1053336	29/02/2024	00	28/02/2024	19	HNE	9,1	0	7,0	0	86,0	0	13,0	0	170,0	0	962,0	0	0,0	ERA5
1053337	29/02/2024	01	28/02/2024	20	HNE	8,9	0	8,0	0	94,0	0	11,0	0	140,0	0	962,0	0	0,0	ERA5
1053338	29/02/2024	02	28/02/2024	21	HNE	8,3	0	7,7	0	96,0	0	11,0	0	150,0	0	960,0	0	0,0	ERA5
1053339	29/02/2024	03	28/02/2024	22	HNE	5,8	0	3,0	0	82,0	0	13,0	0	240,0	0	965,0	0	0,0	ERA5
1053340	29/02/2024	04	28/02/2024	23	HNE	1,5	0	0,45	4.lineaire	90,0	0	9,0	0	220,0	0	967,0	0	0,0	ERA5
1053341	29/02/2024	05	29/02/2024	00	HNE	0,1	0	-2,1	0	85,0	0	12,0	0	230,0	0	969,0	0	0,0	ERA5
1053342	29/02/2024	06	29/02/2024	01	HNE	-2,7	0	-4,0	0	91,0	0	18,0	0	280,0	0	970,0	0	0,0	ERA5
1053343	29/02/2024	07	29/02/2024	02	HNE	-5,1	0	-7,6	0	83,0	0	14,0	0	300,0	0	972,0	0	0,0	ERA5
1053344	29/02/2024	08	29/02/2024	03	HNE	-9,6	0	-13,0	0	76,0	0	15,0	0	280,0	0	976,0	0	0,0	ERA5
1053345	29/02/2024	09	29/02/2024	04	HNE	-14,1	0	-18,0	0	73,0	0	16,0	0	290,0	0	978,0	0	0,0	ERA5
1053346	29/02/2024	10	29/02/2024	05	HNE	-14,9	0	-18,6	0	73,0	0	9,0	0	300,0	0	981,0	0	0,0	ERA5
1053347	29/02/2024	11	29/02/2024	06	HNE	-14,9	0	-19,1	0	70,0	0	17,0	0	300,0	0	982,0	0	0,0	ERA5
1053348	29/02/2024	12	29/02/2024	07	HNE	-14,9	0	-19,7	0	67,0	0	12,0	0	290,0	0	983,0	0	53,2	ERA5
1053349	29/02/2024	13	29/02/2024	08	HNE	-14,6	0	-20,3	0	62,0	0	11,0	0	280,0	0	984,0	0	530,8	ERA5
1053350	29/02/2024	14	29/02/2024	09	HNE	-13,8	0	-19,5	0	62,0	0	14,0	0	290,0	0	985,0	0	1157,2	ERA5
1053351	29/02/2024	15	29/02/2024	10	HNE	-13,0	0	-18,5	0	63,0	0	9,0	0	270,0	0	986,0	0	1678,9	ERA5
1053352	29/02/2024	16	29/02/2024	11	HNE	-12,5	0	-19,2	0	57,0	0	9,0	0	280,0	0	986,0	0	2045,4	ERA5
1053353	29/02/2024	17	29/02/2024	12	HNE	-12,0	0	-19,6	0	53,0	0	12,0	0	300,0	0	986,0	0	2267,5	ERA5
1053354	29/02/2024	18	29/02/2024	13	HNE	-12,3	0	-18,3	0	61,0	0	6,0	0	280,0	0	986,0	0	2244,1	ERA5
1053355	29/02/2024	19	29/02/2024	14	HNE	-12,4	0	-18,4	0	61,0	0	15,0	0	290,0	0	987,0	0	1993,7	ERA5
1053356	29/02/2024	20	29/02/2024	15	HNE	-12,4	0	-19,0	0	58,0	0	11,0	0	310,0	0	988,0	0	1456,4	ERA5
1053357	29/02/2024	21	29/02/2024	16	HNE	-13,3	0	-15,6	0	83,0	0	11,0	0	270,0	0	988,0	0	968,4	ERA5
1053358	29/02/2024	22	29/02/2024	17	HNE	-13,4	0	-20,2	0	57,0	0	8,0	0	300,0	0	990,0	0	396,4	ERA5
1053359	29/02/2024	23	29/02/2024	18	HNE	-14,4	0	-19,5	0	65,0	0	8,0	0	300,0	0	991,0	0	28,5	ERA5
1053360	01/03/2024	00	29/02/2024	19	HNE	-14,8	0	-22,2	0	53,0	0	14,0	0	310,0	0	993,0	0	0,0	ERA5
1053361	01/03/2024	01	29/02/2024	20	HNE	-15,4	0	-21,8	0	58,0	0	19,0	0	290,0	0	994,0	0	0,0	ERA5
1053362	01/03/2024	02	29/02/2024	21	HNE	-15,8	0	-22,9	0	54,0	0	7,0	0	300,0	0	995,0	0	0,0	ERA5
1053363	01/03/2024	03	29/02/2024	22	HNE	-15,9	0	-22,6	0	57,0	0	7,0	0	290,0	0	995,0	0	0,0	ERA5
1053364	01/03/2024	04	29/02/2024	23	HNE	-16,2	0	-22,7	0	57,0	0	6,0	0	260,0	0	996,0	0	0,0	ERA5
1053365	01/03/2024	05	01/03/2024	00	HNE	-16,4	0	-23,0	0	57,0	0	7,0	0	280,0	0	997,0	0	0,0	ERA5
1053366	01/03/2024	06	01/03/2024	01	HNE	-16,6	0	-22,7	0	59,0	0	7,0	0	280,0	0	997,0	0	0,0	ERA5
1053367	01/03/2024	07	01/03/2024	02	HNE	-16,8	0	-23,2	0	57,0	0	8,0	0	280,0	0	998,0	0	0,0	ERA5
1053368	01/03/2024	08	01/03/2024	03	HNE	-16,9	0	-23,0	0	59,0	0	4,0	0	280,0	0	998,0	0	0,0	ERA5
1053369	01/03/2024	09	01/03/2024	04	HNE	-16,9	0	-22,7	0	60,0	0	3,0	0	250,0	0	999,0	0	0,0	ERA5
1053370	01/03/2024	10	01/03/2024	05	HNE	-17,0	0	-22,5	0	63,0	0	3,0	0	270,0	0	999,0	0	0,0	ERA5
1053371	01/03/2024	11	01/03/2024	06	HNE	-17,2	0	-22,2	0	65,0	0	2,0	0	210,0	0	1000,0	0	0,0	ERA5
1053372	01/03/2024	12	01/03/2024	07	HNE	-16,3	0	-21,6	0	63,0	0	1,0	0	320,0	0	1001,0	0	68,8	ERA5
1053373	01/03/2024	13	01/03/2024	08	HNE	-14,6	0	-21,2	0	57,0	0	3,0	0	230,0	0	1001,0	0	599,5	ERA5
1053374	01/03/2024	14	01/03/2024	09	HNE	-12,6	0	-20,2	0	53,0	0	8,0	0	230,0	0	1001,0	0	1259,9	ERA5
1053375	01/03/2024	15	01/03/2024	10	HNE	-11,1	0	-19,6	0	49,0	0	7,0	0	280,0	0	1001,0	0	1823,1	ERA5
1053376	01/03/2024	16	01/03/2024	11	HNE	-9,7	0	-20,3	0	42,0	0	10,0	0	300,0	0	1001,0	0	2222,7	ERA5
1053377	01/03/2024	17	01/03/2024	12	HNE	-8,9	0	-19,0	0	44,0	0	12,0	0	300,0	0	1001,0	0	2424,0	ERA5
1053378	01/03/2024	18	01/03/2024	13	HNE	-6,9	0	-17,0	0	44,0	0	8,0	0	280,0	0	1000,0	0	2404,3	ERA5
1053379	01/03/2024	19	01/03/2024	14	HNE	-5,7	0	-17,5	0	39,0	0	8,0	0	290,0	0	1000,0	0	2156,8	ERA5
1053380	01/03/2024	20	01/03/2024	15	HNE	-5,7	0	-17,0	0	40,0	0	4,0	0	280,0	0	1000,0	0	1732,0	ERA5
1053381	01/03/2024	21	01/03/2024	16	HNE	-4,4	0	-14,4	0	46,0	0	4,0	0	250,0	0	1000,0	0	1146,4	ERA5
1053382	01/03/2024	22	01/03/2024	17	HNE	-4,7	0	-12,7	0	54,0	0	4,0	0	300,0	0	1000,0	0	493,1	ERA5
1053383	01/03/2024	23	01/03/2024	18	HNE	-4,2	0	-11,0	0	59,0	0	2,0	0	290,0	0	1000,0	0	32,7	ERA5
1053384	02/03/2024	00	01/03/2024	19	HNE	-4,2	0	-9,7	0	66,0	0	2,0	0	120,0	0	1000,0	0	0,0	ERA5
1053385	02/03/2024	01	01/03/2024	20	HNE	-4,4	0	-9,2	0	69,0	0	1,0	0	110,0	0	1000,0	0	0,0	ERA5
1053386	02/03/2024	02	01/03/2024	21	HNE	-5,2	0	-9,5	0	71,0	0	0,0	0	180,0	0	1000,0	0	0,0	ERA5
1053387	02/03/2024	03	01/03/2024	22	HNE	-6,3	0	-9,7	0	77,0	0	2,0	0	190,0	0	1000,0	0	0,0	ERA5
1053388	02/03/2024	04	01/03/2024	23	HNE	-8,3	0	-10,6	0	83,0	0	2,0	0	180,0	0	999,0	0	0,0	ERA5
1053389	02/03/2024	05	02/03/2024	00	HNE	-7,2	0	-9,7	0	82,0	0	4,0	0	170,0	0	999,0	0	0,0	ERA5
1053390	02/03/2024	06	02/03/2024	01	HNE	-7,9	0	-10,2	0	84,0	0	2,0	0	170,0	0	1000,0	0	0,0	ERA5
1053391	02/03/2024	07	02/03/2024	02	HNE	-10,2	0	-11,8	0	88,0	0	0,0	0	0,0	0	1000,0	0	0,0	ERA5
1053392	02/03/2024	08	02/03/2024	03	HNE	-9,8	0	-11,0	0	91,0	0	5,0	0	170,0	0	1000,0	0	0,0	ERA5
1053393	02/03/2024	09	02/03/2024	04	HNE	-10,2	0	-11,5	0	90,0	0	5,0	0	180,0	0	1000,0	0	0,0	ERA5
1053394	02/03/2024	10	02/03/2024	05	HNE	-11,6	0	-13,1	0	89,0	0	6,0	0	170,0	0	1000,0	0	0,0	ERA5
1053395	02/03/2024	11	02/03/2024	06	HNE	-10,6	0	-11,9	0	90,0	0	5,0	0	180,0	0	1000,0	0	0,0	ERA5
1053396	02/03/2024	12	02/03/2024	07	HNE	-10,8	0	-12,3	0	89,0	0	3,0	0	170,0	0	999,0	0	70,1	ERA5
1053397	02/03/2024	13	02/03/2024	08	HNE	-7,7	0	-10,5	0	80,0	0	7,0	0	170,0	0	999,0	0	567,8	ERA5
1053398	02/03/2024	14	02/03/2024	09	HNE	-4,3	0	-9,2	0	68,0	0	4,0	0	120,0	0	999,0	0	1188,2	ERA5
1053399	02/03/2024	15	02/03/2024	10	HNE	0,1	0	-7,4	0	57,0	0	4,0	0	110,0	0	998,0	0	1704,2	ERA5
1053400	02/03/2024	16	02/03/2024	11	HNE	6,5	0	-5,6	0	42,0	0	8,0	0	190,0	0	997,0	0	2069,6	ERA5
1053401	02/03/2024	17	02/03/2024	12	HNE	7,5	0	-5,8	0	38,0	0	9,0	0	200,0	0	997,0	0	2252,8	ERA5
1053402	02/03/2024	18	02/03/2024	13	HNE	8,6	0	-4,4	0	40,0	0	1,0	0	190,0	0	997,0	0	2091,8	ERA5
1053403	02/03/2024	19	02/03/2024	14	HNE	8,2	0	-3,2	0	44,0	0	5,0	0	210,0	0	996,0	0	1587,3	ERA5
1053404	02/03/2024	20	02/03/2024	15	HNE	6,4	0	1,9	0	73,0	0	6,0	0	200,0	0	997,0	0	719,9	ERA5
1053405	02/03/2024	21	02/03/2024	16	HNE	5,0	0	3,0	0	87,0	0	0,0	0	160,0	0	997,0	0	287,2	ERA5
1053406	02/03/2024	22	02/03/2024	17	HNE	4,7	0	3,6	0	93,0	0	3,0	0	180,0	0	996,0	0	158,4	ERA5
1053407	02/03/2024	23	02/03/2024	18	HNE	3,8	0	3,0	0	95,0	0	4,0	0	180,0	0	996,0	0	11,3	ERA5
1053408	03/03/2024	00	02/03/2024	19	HNE	3,4	0	2,7	0	95,0	0	1,0	0	210,0	0	996,0	0	0,0	ERA5
1053409	03/03/2024	01	02/03/2024	20	HNE	3,1	0	2,9	0	98,0	0	0,0	0	170,0	0	996,0	0	0,0	ERA5
1053410	03/03/2024	02	02/03/2024	21	HNE	3,1	0	2,9	0	99,0	0	6,0	0	180,0	0	996,0	0	0,0	ERA5
1053411	03/03/2024	03	02/03/2024	22	HNE	3,3	0	3,2	0	99,0	0	2,0	0	150,0	0	996,0	0	0,0	ERA5
1053412	03/03/2024	04	02/03/2024	23	HNE	3,1	0	3,0	0	99,0	0	2,0	0	180,0	0	996,0	0	0,0	ERA5
1053413	03/03/2024	05	03/03/2024	00	HNE	3,1	0	3,0	0	99,0	0	4,0	0	180,0	0	995,0	0	0,0	ERA5
1053414	03/03/2024	06	03/03/2024	01	HNE	3,1	0	3,0	0	99,0	0	3,0	0	210,0	0	995,0	0	0,0	ERA5
1053415	03/03/2024	07	03/03/2024	02	HNE	3,2	0	3,1	0	99,0	0	2,0	0	210,0	0	995,0	0	0,0	ERA5
1053416	03/03/2024	08	03/03/2024	03	HNE	2,1	0	1,9	0	99,0	0	4,0	0	170,0	0	995,0	0	0,0	ERA5
1053417	03/03/2024	09	03/03/2024	04	HNE	2,1	0	2,0	0	99,0	0	6,0	0	180,0	0	995,0	0	0,0	ERA5
1053418	03/03/2024	10	03/03/2024	05	HNE	2,8	0	2,8	0	100,0	0	0,0	0	0,0	0	995,0	0	0,0	ERA5
1053419	03/03/2024	11	03/03/2024	06	HNE	1,6	0	1,5	0	100,0	0	2,0	0	340,0	0	995,0	0	0,0	ERA5
1053420	03/03/2024	12	03/03/2024	07	HNE	2,6	0	2,6	0	100,0	0	3,0	0	280,0	0	996,0	0	27,1	ERA5
1053421	03/03/2024	13	03/03/2024	08	HNE	2,2	0	2,2	0	100,0	0	2,0	0	120,0	0	996,0	0	193,0	ERA5
1053422	03/03/2024	14	03/03/2024	09	HNE	3,7	0	3,7	0	100,0	0	1,0	0	50,0	0	996,0	0	562,9	ERA5
1053423	03/03/2024	15	03/03/2024	10	HNE	4,4	0	4,3	0	100,0	0	5,0	0	310,0	0	996,0	0	619,4	ERA5
1053424	03/03/2024	16	03/03/2024	11	HNE	5,1	0	4,9	0	99,0	0	4,0	0	320,0	0	996,0	0	686,3	ERA5
1053425	03/03/2024	17	03/03/2024	12	HNE	6,4	0	6,0	0	97,0	0	5,0	0	360,0	0	995,0	0	716,8	ERA5
1053426	03/03/2024	18	03/03/2024	13	HNE	7,3	0	6,3	0	94,0	0	5,0	0	330,0	0	995,0	0	950,3	ERA5
1053427	03/03/2024	19	03/03/2024	14	HNE	7,2	0	6,5	0	96,0	0	7,0	0	330,0	0	995,0	0	313,2	ERA5
1053428	03/03/2024	20	03/03/2024	15	HNE	7,2	0	6,3	0	94,0	0	7,0	0	320,0	0	995,0	0	271,4	ERA5
1053429	03/03/2024	21	03/03/2024	16	HNE	6,1	0	5,3	0	95,0	0	9,0	0	340,0	0	995,0	0	136,2	ERA5
1053430	03/03/2024	22	03/03/2024	17	HNE	5,5	0	4,9	0	96,0	0	8,0	0	320,0	0	995,0	0	94,5	ERA5
1053431	03/03/2024	23	03/03/2024	18	HNE	5,2	0	4,8	0	98,0	0	7,0	0	320,0	0	996,0	0	16,8	ERA5
1053432	04/03/2024	00	03/03/2024	19	HNE	5,1	0	4,8	0	98,0	0	8,0	0	310,0	0	997,0	0	0,0	ERA5
1053433	04/03/2024	01	03/03/2024	20	HNE	4,7	0	4,5	0	99,0	0	1,0	0	250,0	0	997,0	0	0,0	ERA5
1053434	04/03/2024	02	03/03/2024	21	HNE	4,0	0	3,8	0	99,0	0	0,0	0	230,0	0	998,0	0	0,0	ERA5
1053435	04/03/2024	03	03/03/2024	22	HNE	3,0	0	2,9	0	99,0	0	0,0	0	0,0	0	998,0	0	0,0	ERA5
1053436	04/03/2024	04	03/03/2024	23	HNE	2,3	0	2,2	0	100,0	0	2,0	0	310,0	0	998,0	0	0,0	ERA5
1053437	04/03/2024	05	04/03/2024	00	HNE	1,2	0	1,1	0	100,0	0	0,0	0	0,0	0	999,0	0	0,0	ERA5
1053438	04/03/2024	06	04/03/2024	01	HNE	0,6	0	0,6	0	100,0	0	0,0	0	0,0	0	1000,0	0	0,0	ERA5
1053439	04/03/2024	07	04/03/2024	02	HNE	-0,1	0	-0,1	0	100,0	0	1,0	0	310,0	0	1000,0	0	0,0	ERA5
1053440	04/03/2024	08	04/03/2024	03	HNE	-0,1	0	-0,1	0	100,0	0	0,0	0	160,0	0	1000,0	0	0,0	ERA5
1053441	04/03/2024	09	04/03/2024	04	HNE	-0,7	0	-0,7	0	100,0	0	1,0	0	170,0	0	1001,0	0	0,0	ERA5
1053442	04/03/2024	10	04/03/2024	05	HNE	-1,4	0	-1,5	0	100,0	0	0,0	0	0,0	0	1001,0	0	0,0	ERA5
1053443	04/03/2024	11	04/03/2024	06	HNE	-2,0	0	-2,0	0	100,0	0	1,0	0	350,0	0	1002,0	0	0,0	ERA5
1053444	04/03/2024	12	04/03/2024	07	HNE	-1,9	0	-2,0	0	99,0	0	1,0	0	20,0	0	1002,0	0	82,8	ERA5
1053445	04/03/2024	13	04/03/2024	08	HNE	-1,2	0	-1,2	0	99,0	0	0,0	0	170,0	0	1003,0	0	555,5	ERA5
1053446	04/03/2024	14	04/03/2024	09	HNE	-0,1	0	-0,1	0	100,0	0	3,0	0	140,0	0	1003,0	0	1186,7	ERA5
1053447	04/03/2024	15	04/03/2024	10	HNE	2,6	0	2,0	0	96,0	0	10,0	0	160,0	0	1002,0	0	1739,8	ERA5
1053448	04/03/2024	16	04/03/2024	11	HNE	4,8	0	1,2	0	78,0	0	6,0	0	160,0	0	1002,0	0	1997,4	ERA5
1053449	04/03/2024	17	04/03/2024	12	HNE	6,6	0	0,9	0	67,0	0	8,0	0	150,0	0	1001,0	0	2232,7	ERA5
1053450	04/03/2024	18	04/03/2024	13	HNE	7,9	0	1,5	0	64,0	0	2,0	0	130,0	0	1000,0	0	2101,1	ERA5
1053451	04/03/2024	19	04/03/2024	14	HNE	8,5	0	2,6	0	67,0	0	8,0	0	120,0	0	1000,0	0	885,2	ERA5
1053452	04/03/2024	20	04/03/2024	15	HNE	9,9	0	2,4	0	60,0	0	14,0	0	150,0	0	999,0	0	706,9	ERA5
1053453	04/03/2024	21	04/03/2024	16	HNE	9,5	0	2,1	0	60,0	0	9,0	0	130,0	0	999,0	0	621,7	ERA5
1053454	04/03/2024	22	04/03/2024	17	HNE	9,2	0	2,0	0	61,0	0	9,0	0	170,0	0	999,0	0	347,6	ERA5
1053455	04/03/2024	23	04/03/2024	18	HNE	8,0	0	1,7	0	64,0	0	8,0	0	160,0	0	999,0	0	33,2	ERA5
1053456	05/03/2024	00	04/03/2024	19	HNE	8,1	0	1,2	0	62,0	0	7,0	0	170,0	0	999,0	0	0,0	ERA5
1053457	05/03/2024	01	04/03/2024	20	HNE	7,7	0	1,6	0	65,0	0	10,0	0	170,0	0	999,0	0	0,0	ERA5
1053458	05/03/2024	02	04/03/2024	21	HNE	6,9	0	1,8	0	70,0	0	11,0	0	160,0	0	999,0	0	0,0	ERA5
1053459	05/03/2024	03	04/03/2024	22	HNE	5,8	0	1,8	0	75,0	0	9,0	0	160,0	0	999,0	0	0,0	ERA5
1053460	05/03/2024	04	04/03/2024	23	HNE	4,1	0	0,8	0	79,0	0	8,0	0	140,0	0	999,0	0	0,0	ERA5
1053461	05/03/2024	05	05/03/2024	00	HNE	3,0	0	-0,7	0	76,0	0	8,0	0	140,0	0	999,0	0	0,0	ERA5
1053462	05/03/2024	06	05/03/2024	01	HNE	2,4	0	-1,8	0	74,0	0	7,0	0	150,0	0	999,0	0	0,0	ERA5
1053463	05/03/2024	07	05/03/2024	02	HNE	2,1	0	-1,6	0	77,0	0	6,0	0	160,0	0	998,0	0	0,0	ERA5
1053464	05/03/2024	08	05/03/2024	03	HNE	2,3	0	-0,7	0	81,0	0	7,0	0	150,0	0	997,0	0	0,0	ERA5
1053465	05/03/2024	09	05/03/2024	04	HNE	2,3	0	-0,1	0	84,0	0	7,0	0	160,0	0	997,0	0	0,0	ERA5
1053466	05/03/2024	10	05/03/2024	05	HNE	2,3	0	0,4	0	87,0	0	10,0	0	160,0	0	996,0	0	0,0	ERA5
1053467	05/03/2024	11	05/03/2024	06	HNE	1,7	0	0,2	0	90,0	0	9,0	0	150,0	0	996,0	0	0,0	ERA5
1053468	05/03/2024	12	05/03/2024	07	HNE	2,2	0	0,5	0	89,0	0	10,0	0	150,0	0	996,0	0	61,4	ERA5
1053469	05/03/2024	13	05/03/2024	08	HNE	4,1	0	1,2	0	82,0	0	13,0	0	130,0	0	996,0	0	493,8	ERA5
1053470	05/03/2024	14	05/03/2024	09	HNE	6,4	0	1,8	0	72,0	0	11,0	0	120,0	0	995,0	0	824,3	ERA5
1053471	05/03/2024	15	05/03/2024	10	HNE	9,9	0	3,6	0	65,0	0	16,0	0	160,0	0	994,0	0	1359,6	ERA5
1053472	05/03/2024	16	05/03/2024	11	HNE	10,9	0	4,2	0	64,0	0	17,0	0	150,0	0	993,0	0	1774,0	ERA5
1053473	05/03/2024	17	05/03/2024	12	HNE	11,2	0	3,8	0	60,0	0	18,0	0	160,0	0	992,0	0	2025,6	ERA5
1053474	05/03/2024	18	05/03/2024	13	HNE	11,6	0	3,1	0	56,0	0	19,0	0	150,0	0	990,0	0	2192,1	ERA5
1053475	05/03/2024	19	05/03/2024	14	HNE	12,1	0	3,5	0	56,0	0	11,0	0	120,0	0	990,0	0	1735,6	ERA5
1053476	05/03/2024	20	05/03/2024	15	HNE	12,3	0	3,6	0	55,0	0	10,0	0	130,0	0	989,0	0	1319,0	ERA5
1053477	05/03/2024	21	05/03/2024	16	HNE	10,4	0	3,3	0	61,0	0	9,0	0	120,0	0	989,0	0	700,6	ERA5
1053478	05/03/2024	22	05/03/2024	17	HNE	9,6	0	3,0	0	63,0	0	7,0	0	150,0	0	988,0	0	254,6	ERA5
1053479	05/03/2024	23	05/03/2024	18	HNE	8,3	0	2,4	0	67,0	0	6,0	0	130,0	0	988,0	0	18,8	ERA5
1053480	06/03/2024	00	05/03/2024	19	HNE	7,1	0	2,4	0	72,0	0	8,0	0	130,0	0	988,0	0	0,0	ERA5
1053481	06/03/2024	01	05/03/2024	20	HNE	6,9	0	2,9	0	75,0	0	6,0	0	150,0	0	988,0	0	0,0	ERA5
1053482	06/03/2024	02	05/03/2024	21	HNE	6,5	0	3,4	0	80,0	0	6,0	0	130,0	0	988,0	0	0,0	ERA5
1053483	06/03/2024	03	05/03/2024	22	HNE	6,2	0	3,5	0	83,0	0	2,0	0	100,0	0	987,0	0	0,0	ERA5
1053484	06/03/2024	04	05/03/2024	23	HNE	6,1	0	3,7	0	84,0	0	3,0	0	170,0	0	987,0	0	0,0	ERA5
1053485	06/03/2024	05	06/03/2024	00	HNE	5,5	0	4,7	0	95,0	0	4,0	0	200,0	0	987,0	0	0,0	ERA5
1053486	06/03/2024	06	06/03/2024	01	HNE	4,7	0	4,3	0	97,0	0	0,0	0	180,0	0	986,0	0	0,0	ERA5
1053487	06/03/2024	07	06/03/2024	02	HNE	4,2	0	3,8	0	97,0	0	3,0	0	170,0	0	986,0	0	0,0	ERA5
1053488	06/03/2024	08	06/03/2024	03	HNE	4,2	0	4,0	0	99,0	0	0,0	0	0,0	0	986,0	0	0,0	ERA5
1053489	06/03/2024	09	06/03/2024	04	HNE	3,7	0	3,6	0	99,0	0	0,0	0	0,0	0	986,0	0	0,0	ERA5
1053490	06/03/2024	10	06/03/2024	05	HNE	3,8	0	3,7	0	99,0	0	0,0	0	0,0	0	987,0	0	0,0	ERA5
1053491	06/03/2024	11	06/03/2024	06	HNE	3,8	0	3,7	0	100,0	0	0,0	0	0,0	0	988,0	0	0,0	ERA5
1053492	06/03/2024	12	06/03/2024	07	HNE	3,6	0	3,6	0	100,0	0	0,0	0	0,0	0	988,0	0	5,9	ERA5
1053493	06/03/2024	13	06/03/2024	08	HNE	3,7	0	3,6	0	99,0	0	3,0	0	200,0	0	989,0	0	56,4	ERA5
1053494	06/03/2024	14	06/03/2024	09	HNE	4,7	0	4,7	0	100,0	0	0,0	0	180,0	0	990,0	0	146,2	ERA5
1053495	06/03/2024	15	06/03/2024	10	HNE	4,8	0	4,6	0	99,0	0	3,0	0	110,0	0	991,0	0	125,1	ERA5
1053496	06/03/2024	16	06/03/2024	11	HNE	5,1	0	4,3	0	95,0	0	3,0	0	80,0	0	991,0	0	306,7	ERA5
1053497	06/03/2024	17	06/03/2024	12	HNE	5,2	0	4,1	0	92,0	0	5,0	0	10,0	0	991,0	0	315,4	ERA5
1053498	06/03/2024	18	06/03/2024	13	HNE	5,2	0	3,4	0	88,0	0	9,0	0	50,0	0	991,0	0	430,1	ERA5
1053499	06/03/2024	19	06/03/2024	14	HNE	5,5	0	4,1	0	91,0	0	6,0	0	50,0	0	991,0	0	281,1	ERA5
1053500	06/03/2024	20	06/03/2024	15	HNE	5,2	0	4,0	0	92,0	0	4,0	0	60,0	0	991,0	0	205,5	ERA5
1053501	06/03/2024	21	06/03/2024	16	HNE	5,0	0	3,9	0	93,0	0	3,0	0	40,0	0	991,0	0	150,2	ERA5
1053502	06/03/2024	22	06/03/2024	17	HNE	4,6	0	3,6	0	93,0	0	2,0	0	50,0	0	991,0	0	62,5	ERA5
1053503	06/03/2024	23	06/03/2024	18	HNE	4,4	0	3,6	0	95,0	0	9,0	0	60,0	0	992,0	0	5,1	ERA5
1053504	07/03/2024	00	06/03/2024	19	HNE	3,1	0	1,4	0	89,0	0	8,0	0	20,0	0	992,0	0	0,0	ERA5
1053505	07/03/2024	01	06/03/2024	20	HNE	2,4	0	1,2	0	92,0	0	4,0	0	70,0	0	993,0	0	0,0	ERA5
1053506	07/03/2024	02	06/03/2024	21	HNE	1,9	0	0,9	0	93,0	0	4,0	0	80,0	0	993,0	0	0,0	ERA5
1053507	07/03/2024	03	06/03/2024	22	HNE	1,5	0	0,6	0	93,0	0	2,0	0	360,0	0	993,0	0	0,0	ERA5
1053508	07/03/2024	04	06/03/2024	23	HNE	1,4	0	0,6	0	94,0	0	7,0	0	310,0	0	992,0	0	0,0	ERA5
1053509	07/03/2024	05	07/03/2024	00	HNE	1,2	0	0,7	0	97,0	0	8,0	0	320,0	0	992,0	0	0,0	ERA5
1053510	07/03/2024	06	07/03/2024	01	HNE	1,5	0	0,8	0	95,0	0	5,0	0	10,0	0	992,0	0	0,0	ERA5
1053511	07/03/2024	07	07/03/2024	02	HNE	0,8	0	0,2	0	96,0	0	7,0	0	330,0	0	991,0	0	0,0	ERA5
1053512	07/03/2024	08	07/03/2024	03	HNE	0,8	0	0,4	0	97,0	0	10,0	0	320,0	0	991,0	0	0,0	ERA5
1053513	07/03/2024	09	07/03/2024	04	HNE	0,9	0	0,5	0	97,0	0	6,0	0	320,0	0	991,0	0	0,0	ERA5
1053514	07/03/2024	10	07/03/2024	05	HNE	1,4	0	0,4	0	93,0	0	4,0	0	20,0	0	990,0	0	0,0	ERA5
1053515	07/03/2024	11	07/03/2024	06	HNE	1,6	0	0,3	0	91,0	0	7,0	0	350,0	0	990,0	0	0,0	ERA5
1053516	07/03/2024	12	07/03/2024	07	HNE	1,5	0	0,3	0	92,0	0	7,0	0	320,0	0	991,0	0	23,2	ERA5
1053517	07/03/2024	13	07/03/2024	08	HNE	1,5	0	0,4	0	92,0	0	8,0	0	330,0	0	992,0	0	157,0	ERA5
1053518	07/03/2024	14	07/03/2024	09	HNE	2,2	0	0,6	0	89,0	0	6,0	0	360,0	0	992,0	0	326,6	ERA5
1053519	07/03/2024	15	07/03/2024	10	HNE	3,0	0	-0,2	0	80,0	0	17,0	0	70,0	0	992,0	0	637,3	ERA5
1053520	07/03/2024	16	07/03/2024	11	HNE	3,3	0	-0,2	0	78,0	0	14,0	0	80,0	0	992,0	0	964,7	ERA5
1053521	07/03/2024	17	07/03/2024	12	HNE	3,8	0	0,2	0	77,0	0	10,0	0	10,0	0	992,0	0	955,3	ERA5
1053522	07/03/2024	18	07/03/2024	13	HNE	4,5	0	-0,3	0	71,0	0	14,0	0	40,0	0	992,0	0	1094,6	ERA5
1053523	07/03/2024	19	07/03/2024	14	HNE	4,1	0	0,2	0	76,0	0	10,0	0	360,0	0	993,0	0	1081,4	ERA5
1053524	07/03/2024	20	07/03/2024	15	HNE	4,5	0	-0,4	0	70,0	0	5,0	0	30,0	0	993,0	0	968,6	ERA5
1053525	07/03/2024	21	07/03/2024	16	HNE	5,0	0	-1,0	0	65,0	0	5,0	0	10,0	0	993,0	0	841,7	ERA5
1053526	07/03/2024	22	07/03/2024	17	HNE	4,3	0	-2,5	0	61,0	0	8,0	0	330,0	0	994,0	0	392,1	ERA5
1053527	07/03/2024	23	07/03/2024	18	HNE	1,6	0	-2,8	0	72,0	0	5,0	0	310,0	0	995,0	0	54,6	ERA5
1053528	08/03/2024	00	07/03/2024	19	HNE	0,1	0	-2,9	0	80,0	0	5,0	0	320,0	0	995,0	0	0,0	ERA5
1053529	08/03/2024	01	07/03/2024	20	HNE	-1,0	0	-3,2	0	85,0	0	4,0	0	320,0	0	996,0	0	0,0	ERA5
1053530	08/03/2024	02	07/03/2024	21	HNE	-1,5	0	-3,4	0	86,0	0	7,0	0	300,0	0	997,0	0	0,0	ERA5
1053531	08/03/2024	03	07/03/2024	22	HNE	-2,3	0	-3,6	0	91,0	0	4,0	0	310,0	0	997,0	0	0,0	ERA5
1053532	08/03/2024	04	07/03/2024	23	HNE	-2,8	0	-4,1	0	91,0	0	2,0	0	350,0	0	997,0	0	0,0	ERA5
1053533	08/03/2024	05	08/03/2024	00	HNE	-2,4	0	-4,3	0	87,0	0	9,0	0	310,0	0	997,0	0	0,0	ERA5
1053534	08/03/2024	06	08/03/2024	01	HNE	-2,6	0	-6,3	0	76,0	0	1,0	0	330,0	0	998,0	0	0,0	ERA5
1053535	08/03/2024	07	08/03/2024	02	HNE	-4,4	0	-5,5	0	92,0	0	0,0	0	120,0	0	998,0	0	0,0	ERA5
1053536	08/03/2024	08	08/03/2024	03	HNE	-4,8	0	-5,7	0	93,0	0	2,0	0	210,0	0	998,0	0	0,0	ERA5
1053537	08/03/2024	09	08/03/2024	04	HNE	-5,4	0	-6,4	0	93,0	0	3,0	0	360,0	0	998,0	0	0,0	ERA5
1053538	08/03/2024	10	08/03/2024	05	HNE	-5,4	0	-6,9	0	89,0	0	0,0	0	60,0	0	999,0	0	0,0	ERA5
1053539	08/03/2024	11	08/03/2024	06	HNE	-5,8	0	-7,3	0	89,0	0	1,0	0	100,0	0	999,0	0	0,0	ERA5
1053540	08/03/2024	12	08/03/2024	07	HNE	-4,8	0	-7,4	0	82,0	0	4,0	0	330,0	0	1000,0	0	133,7	ERA5
1053541	08/03/2024	13	08/03/2024	08	HNE	-3,7	0	-7,9	0	73,0	0	5,0	0	340,0	0	1000,0	0	708,8	ERA5
1053542	08/03/2024	14	08/03/2024	09	HNE	-1,6	0	-7,7	0	63,0	0	3,0	0	120,0	0	1000,0	0	1349,3	ERA5
1053543	08/03/2024	15	08/03/2024	10	HNE	0,2	0	-7,0	0	58,0	0	2,0	0	150,0	0	1000,0	0	1898,2	ERA5
1053544	08/03/2024	16	08/03/2024	11	HNE	1,3	0	-7,7	0	51,0	0	2,0	0	80,0	0	1000,0	0	2284,6	ERA5
1053545	08/03/2024	17	08/03/2024	12	HNE	3,2	0	-8,0	0	44,0	0	2,0	0	50,0	0	1000,0	0	2472,6	ERA5
1053546	08/03/2024	18	08/03/2024	13	HNE	4,3	0	-9,3	0	36,0	0	9,0	0	150,0	0	999,0	0	2447,7	ERA5
1053547	08/03/2024	19	08/03/2024	14	HNE	4,6	0	-10,2	0	33,0	0	7,0	0	120,0	0	999,0	0	2234,3	ERA5
1053548	08/03/2024	20	08/03/2024	15	HNE	5,5	0	-8,8	0	35,0	0	8,0	0	70,0	0	999,0	0	1809,6	ERA5
1053549	08/03/2024	21	08/03/2024	16	HNE	4,3	0	-6,2	0	46,0	0	6,0	0	320,0	0	998,0	0	1237,4	ERA5
1053550	08/03/2024	22	08/03/2024	17	HNE	3,1	0	-4,7	0	56,0	0	5,0	0	320,0	0	998,0	0	588,2	ERA5
1053551	08/03/2024	23	08/03/2024	18	HNE	1,8	0	-4,9	0	61,0	0	3,0	0	300,0	0	999,0	0	71,1	ERA5
1053552	09/03/2024	00	08/03/2024	19	HNE	1,1	0	-4,6	0	66,0	0	3,0	0	180,0	0	998,0	0	0,0	ERA5
1053553	09/03/2024	01	08/03/2024	20	HNE	-1,1	0	-5,5	0	72,0	0	1,0	0	140,0	0	999,0	0	0,0	ERA5
1053554	09/03/2024	02	08/03/2024	21	HNE	-2,7	0	-5,2	0	83,0	0	0,0	0	160,0	0	998,0	0	0,0	ERA5
1053555	09/03/2024	03	08/03/2024	22	HNE	-3,1	0	-5,1	0	86,0	0	0,0	0	0,0	0	998,0	0	0,0	ERA5
1053556	09/03/2024	04	08/03/2024	23	HNE	-2,1	0	-5,3	0	79,0	0	5,0	0	170,0	0	997,0	0	0,0	ERA5
1053557	09/03/2024	05	09/03/2024	00	HNE	-2,5	0	-5,3	0	81,0	0	4,0	0	190,0	0	997,0	0	0,0	ERA5
1053558	09/03/2024	06	09/03/2024	01	HNE	-3,5	0	-5,9	0	83,0	0	2,0	0	170,0	0	997,0	0	0,0	ERA5
1053559	09/03/2024	07	09/03/2024	02	HNE	-3,2	0	-6,4	0	78,0	0	7,0	0	170,0	0	997,0	0	0,0	ERA5
1053560	09/03/2024	08	09/03/2024	03	HNE	-3,3	0	-6,6	0	77,0	0	7,0	0	170,0	0	996,0	0	0,0	ERA5
1053561	09/03/2024	09	09/03/2024	04	HNE	-3,3	0	-6,6	0	78,0	0	8,0	0	170,0	0	996,0	0	0,0	ERA5
1053562	09/03/2024	10	09/03/2024	05	HNE	-3,1	0	-6,6	0	77,0	0	7,0	0	180,0	0	995,0	0	0,0	ERA5
1053563	09/03/2024	11	09/03/2024	06	HNE	-3,7	0	-6,4	0	82,0	0	10,0	0	160,0	0	995,0	0	0,0	ERA5
1053564	09/03/2024	12	09/03/2024	07	HNE	-2,9	0	-6,0	0	79,0	0	9,0	0	160,0	0	994,0	0	121,9	ERA5
1053565	09/03/2024	13	09/03/2024	08	HNE	-0,4	0	-4,7	0	73,0	0	5,0	0	130,0	0	994,0	0	686,2	ERA5
1053566	09/03/2024	14	09/03/2024	09	HNE	1,3	0	-6,2	0	57,0	0	15,0	0	130,0	0	994,0	0	1340,1	ERA5
1053567	09/03/2024	15	09/03/2024	10	HNE	3,6	0	-7,2	0	45,0	0	16,0	0	150,0	0	993,0	0	1554,3	ERA5
1053568	09/03/2024	16	09/03/2024	11	HNE	4,1	0	-7,0	0	44,0	0	17,0	0	140,0	0	992,0	0	1499,3	ERA5
1053569	09/03/2024	17	09/03/2024	12	HNE	5,5	0	-7,7	0	38,0	0	23,0	0	140,0	0	991,0	0	1458,3	ERA5
1053570	09/03/2024	18	09/03/2024	13	HNE	6,0	0	-9,2	0	33,0	0	20,0	0	120,0	0	989,0	0	1078,8	ERA5
1053571	09/03/2024	19	09/03/2024	14	HNE	6,0	0	-8,1	0	36,0	0	24,0	0	160,0	0	989,0	0	1733,6	ERA5
1053572	09/03/2024	20	09/03/2024	15	HNE	5,8	0	-7,0	0	39,0	0	20,0	0	130,0	0	987,0	0	1341,9	ERA5
1053573	09/03/2024	21	09/03/2024	16	HNE	4,9	0	-5,5	0	47,0	0	23,0	0	160,0	0	987,0	0	623,0	ERA5
1053574	09/03/2024	22	09/03/2024	17	HNE	4,0	0	-5,0	0	52,0	0	21,0	0	150,0	0	986,0	0	226,1	ERA5
1053575	09/03/2024	23	09/03/2024	18	HNE	3,2	0	-4,8	0	56,0	0	20,0	0	150,0	0	986,0	0	24,3	ERA5
1053576	10/03/2024	00	09/03/2024	19	HNE	2,7	0	-5,3	0	56,0	0	19,0	0	150,0	0	986,0	0	0,0	ERA5
1053577	10/03/2024	01	09/03/2024	20	HNE	2,3	0	-4,7	0	60,0	0	16,0	0	140,0	0	985,0	0	0,0	ERA5
1053578	10/03/2024	02	09/03/2024	21	HNE	2,1	0	-4,9	0	60,0	0	18,0	0	150,0	0	984,0	0	0,0	ERA5
1053579	10/03/2024	03	09/03/2024	22	HNE	0,6	0	-2,3	0	81,0	0	21,0	0	140,0	0	983,0	0	0,0	ERA5
1053580	10/03/2024	04	09/03/2024	23	HNE	0,5	0	-2,7	0	79,0	0	17,0	0	140,0	0	982,0	0	0,0	ERA5
1053581	10/03/2024	05	10/03/2024	00	HNE	0,3	0	-1,4	0	89,0	0	13,0	0	140,0	0	982,0	0	0,0	ERA5
1053582	10/03/2024	06	10/03/2024	01	HNE	0,2	0	-1,3	0	89,0	0	16,0	0	160,0	0	980,0	0	0,0	ERA5
1053583	10/03/2024	07	10/03/2024	03	HAE	0,0666667	4.lineaire	-0,9	4.lineaire	92,5	4.lineaire	13,5	4.lineaire	150,0	4.lineaire	978,5	4.lineaire	0,0	ERA5
1053584	10/03/2024	08	10/03/2024	04	HAE	-0,0666667	4.lineaire	-0,5	0	96,0	0	11,0	0	140,0	0	977,0	0	0,0	ERA5
1053585	10/03/2024	09	10/03/2024	05	HAE	-0,2	0	-0,9	0	95,0	0	11,0	0	130,0	0	976,0	0	0,0	ERA5
1053586	10/03/2024	10	10/03/2024	06	HAE	-0,4	0	-0,7	0	98,0	0	12,0	0	140,0	0	974,0	0	0,0	ERA5
1053587	10/03/2024	11	10/03/2024	07	HAE	-0,1	4.lineaire	-0,85	4.lineaire	95,0	4.lineaire	9,5	4.lineaire	140,0	4.lineaire	972,5	4.lineaire	0,0	ERA5
1053588	10/03/2024	12	10/03/2024	08	HAE	0,2	0	-1,0	0	92,0	0	7,0	0	140,0	0	971,0	0	11,9	ERA5
1053589	10/03/2024	13	10/03/2024	09	HAE	-0,1	0	-0,8	0	95,0	0	4,0	0	20,0	0	970,0	0	55,9	ERA5
1053590	10/03/2024	14	10/03/2024	10	HAE	0,1	4.lineaire	-0,5	0	96,0	0	4,0	0	50,0	0	969,0	0	130,1	ERA5
1053591	10/03/2024	15	10/03/2024	11	HAE	0,3	0	-0,2	0	97,0	0	4,0	0	60,0	0	967,0	0	150,6	ERA5
1053592	10/03/2024	16	10/03/2024	12	HAE	0,8	4.lineaire	-0,05	4.lineaire	94,5	4.lineaire	6,5	4.lineaire	55,0	4.lineaire	965,0	4.lineaire	200,5	ERA5
1053593	10/03/2024	17	10/03/2024	13	HAE	1,3	0	0,1	0	92,0	0	9,0	0	50,0	0	963,0	0	560,9	ERA5
1053594	10/03/2024	18	10/03/2024	14	HAE	0,5	0	0,1	4.lineaire	96,0	0	9,0	0	320,0	0	962,0	0	556,0	ERA5
1053595	10/03/2024	19	10/03/2024	15	HAE	0,6	0	0,1	0	97,0	0	7,0	0	310,0	0	961,0	0	393,7	ERA5
1053596	10/03/2024	20	10/03/2024	16	HAE	0,6	0	0,2	0	97,0	0	8,0	0	320,0	0	960,0	0	383,6	ERA5
1053597	10/03/2024	21	10/03/2024	17	HAE	1,0	0	0,6	0	97,0	0	5,0	0	330,0	0	959,0	0	356,8	ERA5
1053598	10/03/2024	22	10/03/2024	18	HAE	0,5	0	0,2	0	98,0	0	3,0	0	330,0	0	960,0	0	234,9	ERA5
1053599	10/03/2024	23	10/03/2024	19	HAE	0,4	0	0,0	4.lineaire	98,0	0	4,0	0	320,0	0	960,0	0	34,3	ERA5
1053600	11/03/2024	00	10/03/2024	20	HAE	0,15	4.lineaire	-0,2	0	99,0	0	2,0	0	310,0	0	959,0	0	0,0	ERA5
1053601	11/03/2024	01	10/03/2024	21	HAE	-0,1	0	-0,3	0	99,0	0	6,0	0	300,0	0	959,0	0	0,0	ERA5
1053602	11/03/2024	02	10/03/2024	22	HAE	-0,3	0	-1,2	0	93,0	0	7,0	0	300,0	0	960,0	0	0,0	ERA5
1053603	11/03/2024	03	10/03/2024	23	HAE	-0,3	0	-1,0	0	95,0	0	8,0	0	300,0	0	960,0	0	0,0	ERA5
1053604	11/03/2024	04	11/03/2024	00	HAE	-0,4	0	-1,1	0	95,0	0	6,0	0	300,0	0	959,0	0	0,0	ERA5
1053605	11/03/2024	05	11/03/2024	01	HAE	-0,5	0	-1,1	0	96,0	0	3,0	0	280,0	0	959,0	0	0,0	ERA5
1053606	11/03/2024	06	11/03/2024	02	HAE	-0,5	0	-1,0	0	97,0	0	2,0	0	360,0	0	959,0	0	0,0	ERA5
1053607	11/03/2024	07	11/03/2024	03	HAE	-0,6	0	-1,0	0	97,0	0	5,0	0	310,0	0	959,0	0	0,0	ERA5
1053608	11/03/2024	08	11/03/2024	04	HAE	-0,7	0	-1,5	0	95,0	0	5,0	0	290,0	0	959,0	0	0,0	ERA5
1053609	11/03/2024	09	11/03/2024	05	HAE	-1,2	0	-2,2	0	93,0	0	4,0	0	280,0	0	959,0	0	0,0	ERA5
1053610	11/03/2024	10	11/03/2024	06	HAE	-1,6	0	-2,7	0	92,0	0	2,0	0	270,0	0	960,0	0	0,0	ERA5
1053611	11/03/2024	11	11/03/2024	07	HAE	-2,0	0	-3,2	0	91,0	0	6,0	0	290,0	0	960,0	0	0,0	ERA5
1053612	11/03/2024	12	11/03/2024	08	HAE	-2,0	0	-3,4	0	90,0	0	6,0	0	280,0	0	961,0	0	45,8	ERA5
1053613	11/03/2024	13	11/03/2024	09	HAE	-1,3	0	-2,9	0	89,0	0	4,0	0	310,0	0	961,0	0	204,9	ERA5
1053614	11/03/2024	14	11/03/2024	10	HAE	-0,8	0	-3,0	0	86,0	0	5,0	0	300,0	0	962,0	0	483,9	ERA5
1053615	11/03/2024	15	11/03/2024	11	HAE	-1,2	0	-3,1	0	87,0	0	4,0	0	250,0	0	963,0	0	863,2	ERA5
1053616	11/03/2024	16	11/03/2024	12	HAE	-0,4	0	-2,9	0	83,0	0	12,0	0	260,0	0	963,0	0	1124,7	ERA5
1053617	11/03/2024	17	11/03/2024	13	HAE	-0,8	0	-3,1	0	84,0	0	8,0	0	310,0	0	964,0	0	1190,6	ERA5
1053618	11/03/2024	18	11/03/2024	14	HAE	-0,4	0	-3,2	0	82,0	0	3,0	0	250,0	0	964,0	0	1010,6	ERA5
1053619	11/03/2024	19	11/03/2024	15	HAE	-0,6	0	-3,3	0	82,0	0	12,0	0	280,0	0	965,0	0	953,1	ERA5
1053620	11/03/2024	20	11/03/2024	16	HAE	-0,7	0	-3,7	0	80,0	0	11,0	0	310,0	0	966,0	0	757,5	ERA5
1053621	11/03/2024	21	11/03/2024	17	HAE	-0,9	0	-4,0	0	79,0	0	10,0	0	290,0	0	967,0	0	551,5	ERA5
1053622	11/03/2024	22	11/03/2024	18	HAE	-1,4	0	-4,2	0	81,0	0	14,0	0	280,0	0	968,0	0	241,3	ERA5
1053623	11/03/2024	23	11/03/2024	19	HAE	-1,9	0	-4,6	0	82,0	0	10,0	0	310,0	0	969,0	0	39,4	ERA5
1053624	12/03/2024	00	11/03/2024	20	HAE	-3,0	0	-4,8	0	88,0	0	13,0	0	290,0	0	970,0	0	0,0	ERA5
1053625	12/03/2024	01	11/03/2024	21	HAE	-3,0	0	-5,3	0	84,0	0	12,0	0	290,0	0	971,0	0	0,0	ERA5
1053626	12/03/2024	02	11/03/2024	22	HAE	-2,9	0	-6,0	0	79,0	0	11,0	0	290,0	0	971,0	0	0,0	ERA5
1053627	12/03/2024	03	11/03/2024	23	HAE	-3,3	0	-5,5	0	85,0	0	9,0	0	290,0	0	971,0	0	0,0	ERA5
1053628	12/03/2024	04	12/03/2024	00	HAE	-3,2	0	-5,9	0	81,0	0	17,0	0	300,0	0	971,0	0	0,0	ERA5
1053629	12/03/2024	05	12/03/2024	01	HAE	-3,4	0	-5,4	0	86,0	0	9,0	0	320,0	0	972,0	0	0,0	ERA5
1053630	12/03/2024	06	12/03/2024	02	HAE	-3,4	0	-5,9	0	83,0	0	7,0	0	300,0	0	972,0	0	0,0	ERA5
1053631	12/03/2024	07	12/03/2024	03	HAE	-3,5	0	-6,3	0	81,0	0	16,0	0	290,0	0	972,0	0	0,0	ERA5
1053632	12/03/2024	08	12/03/2024	04	HAE	-3,6	0	-6,7	0	79,0	0	11,0	0	310,0	0	973,0	0	0,0	ERA5
1053633	12/03/2024	09	12/03/2024	05	HAE	-3,8	0	-6,7	0	80,0	0	8,0	0	280,0	0	973,0	0	0,0	ERA5
1053634	12/03/2024	10	12/03/2024	06	HAE	-3,7	0	-6,8	0	79,0	0	13,0	0	300,0	0	974,0	0	0,0	ERA5
1053635	12/03/2024	11	12/03/2024	07	HAE	-3,7	0	-6,8	0	79,0	0	11,0	0	310,0	0	975,0	0	0,0	ERA5
1053636	12/03/2024	12	12/03/2024	08	HAE	-3,6	0	-6,8	0	78,0	0	13,0	0	300,0	0	975,0	0	148,7	ERA5
1053637	12/03/2024	13	12/03/2024	09	HAE	-2,8	0	-6,8	0	74,0	0	7,0	0	310,0	0	975,0	0	712,6	ERA5
1053638	12/03/2024	14	12/03/2024	10	HAE	-2,6	0	-7,0	0	71,0	0	11,0	0	320,0	0	975,0	0	1289,3	ERA5
1053639	12/03/2024	15	12/03/2024	11	HAE	-1,5	0	-6,7	0	68,0	0	11,0	0	310,0	0	976,0	0	1795,1	ERA5
1053640	12/03/2024	16	12/03/2024	12	HAE	-1,0	0	-6,3	0	68,0	0	8,0	0	310,0	0	976,0	0	2280,6	ERA5
1053641	12/03/2024	17	12/03/2024	13	HAE	-0,1	0	-5,9	0	65,0	0	9,0	0	310,0	0	976,0	0	2502,4	ERA5
1053642	12/03/2024	18	12/03/2024	14	HAE	0,1	0	-5,1	0	68,0	0	7,0	0	260,0	0	977,0	0	2350,1	ERA5
1053643	12/03/2024	19	12/03/2024	15	HAE	0,2	0	-5,0	0	68,0	0	6,0	0	300,0	0	977,0	0	1909,6	ERA5
1053644	12/03/2024	20	12/03/2024	16	HAE	0,5	0	-4,9	0	67,0	0	12,0	0	290,0	0	978,0	0	1244,8	ERA5
1053645	12/03/2024	21	12/03/2024	17	HAE	0,2	0	-4,6	0	71,0	0	12,0	0	300,0	0	978,0	0	813,3	ERA5
1053646	12/03/2024	22	12/03/2024	18	HAE	-0,05	4.lineaire	-4,6	0	71,0	0	13,0	0	300,0	0	979,0	0	435,2	ERA5
1053647	12/03/2024	23	12/03/2024	19	HAE	-0,3	0	-4,2	0	75,0	0	10,0	0	300,0	0	980,0	0	75,8	ERA5
1053648	13/03/2024	00	12/03/2024	20	HAE	-0,8	0	-4,3	0	77,0	0	4,0	0	290,0	0	981,0	0	0,0	ERA5
1053649	13/03/2024	01	12/03/2024	21	HAE	-0,5	0	-4,0	0	77,0	0	5,0	0	310,0	0	981,0	0	0,0	ERA5
1053650	13/03/2024	02	12/03/2024	22	HAE	-0,8	0	-4,1	0	79,0	0	5,0	0	350,0	0	982,0	0	0,0	ERA5
1053651	13/03/2024	03	12/03/2024	23	HAE	-1,9	0	-4,6	0	82,0	0	2,0	0	150,0	0	982,0	0	0,0	ERA5
1053652	13/03/2024	04	13/03/2024	00	HAE	-2,4	0	-5,0	0	82,0	0	5,0	0	260,0	0	982,0	0	0,0	ERA5
1053653	13/03/2024	05	13/03/2024	01	HAE	-2,7	0	-5,2	0	83,0	0	1,0	0	270,0	0	982,0	0	0,0	ERA5
1053654	13/03/2024	06	13/03/2024	02	HAE	-3,7	0	-5,4	0	88,0	0	2,0	0	10,0	0	983,0	0	0,0	ERA5
1053655	13/03/2024	07	13/03/2024	03	HAE	-5,1	0	-6,7	0	88,0	0	0,0	0	120,0	0	983,0	0	0,0	ERA5
1053656	13/03/2024	08	13/03/2024	04	HAE	-5,3	0	-6,3	0	92,0	0	0,0	0	190,0	0	983,0	0	0,0	ERA5
1053657	13/03/2024	09	13/03/2024	05	HAE	-6,7	0	-8,2	0	89,0	0	0,0	0	190,0	0	984,0	0	0,0	ERA5
1053658	13/03/2024	10	13/03/2024	06	HAE	-7,5	0	-8,3	0	94,0	0	2,0	0	180,0	0	984,0	0	0,0	ERA5
1053659	13/03/2024	11	13/03/2024	07	HAE	-6,8	0	-7,7	0	93,0	0	3,0	0	170,0	0	985,0	0	0,0	ERA5
1053660	13/03/2024	12	13/03/2024	08	HAE	-5,7	0	-6,9	0	91,0	0	3,0	0	160,0	0	985,0	0	188,1	ERA5
1053661	13/03/2024	13	13/03/2024	09	HAE	-3,4	0	-6,9	0	77,0	0	3,0	0	90,0	0	986,0	0	675,0	ERA5
1053662	13/03/2024	14	13/03/2024	10	HAE	-2,2	0	-6,1	0	75,0	0	7,0	0	100,0	0	986,0	0	1407,1	ERA5
1053663	13/03/2024	15	13/03/2024	11	HAE	0,7	0	-5,8	0	62,0	0	3,0	0	160,0	0	986,0	0	1970,0	ERA5
1053664	13/03/2024	16	13/03/2024	12	HAE	2,1	0	-4,4	0	62,0	0	7,0	0	120,0	0	986,0	0	2353,4	ERA5
1053665	13/03/2024	17	13/03/2024	13	HAE	4,3	0	-3,0	0	59,0	0	5,0	0	210,0	0	986,0	0	2573,7	ERA5
1053666	13/03/2024	18	13/03/2024	14	HAE	5,3	0	-3,3	0	54,0	0	2,0	0	80,0	0	985,0	0	2524,1	ERA5
1053667	13/03/2024	19	13/03/2024	15	HAE	6,2	0	-2,0	0	55,0	0	4,0	0	20,0	0	985,0	0	2242,1	ERA5
1053668	13/03/2024	20	13/03/2024	16	HAE	6,1	0	-1,7	0	57,0	0	3,0	0	330,0	0	985,0	0	1827,7	ERA5
1053669	13/03/2024	21	13/03/2024	17	HAE	6,3	0	-0,9	0	60,0	0	6,0	0	10,0	0	985,0	0	1264,0	ERA5
1053670	13/03/2024	22	13/03/2024	18	HAE	5,3	0	-0,3	0	67,0	0	4,0	0	330,0	0	985,0	0	512,8	ERA5
1053671	13/03/2024	23	13/03/2024	19	HAE	3,6	0	-0,6	0	74,0	0	2,0	0	310,0	0	986,0	0	85,4	ERA5
1053672	14/03/2024	00	13/03/2024	20	HAE	3,5	0	-1,0	0	72,0	0	6,0	0	310,0	0	986,0	0	0,0	ERA5
1053673	14/03/2024	01	13/03/2024	21	HAE	2,4	0	-0,6	0	80,0	0	0,0	0	0,0	0	986,0	0	0,0	ERA5
1053674	14/03/2024	02	13/03/2024	22	HAE	2,1	0	-0,1	0	85,0	0	2,0	0	210,0	0	986,0	0	0,0	ERA5
1053675	14/03/2024	03	13/03/2024	23	HAE	3,3	0	0,5	0	82,0	0	4,0	0	170,0	0	986,0	0	0,0	ERA5
1053676	14/03/2024	04	14/03/2024	00	HAE	1,8	0	-0,5	0	85,0	0	0,0	0	170,0	0	986,0	0	0,0	ERA5
1053677	14/03/2024	05	14/03/2024	01	HAE	1,0	0	-0,2	0	91,0	0	0,0	0	0,0	0	986,0	0	0,0	ERA5
1053678	14/03/2024	06	14/03/2024	02	HAE	2,1	0	0,3	0	88,0	0	5,0	0	190,0	0	986,0	0	0,0	ERA5
1053679	14/03/2024	07	14/03/2024	03	HAE	2,3	0	-0,5	0	82,0	0	9,0	0	170,0	0	986,0	0	0,0	ERA5
1053680	14/03/2024	08	14/03/2024	04	HAE	1,6	0	-0,9	0	84,0	0	4,0	0	170,0	0	986,0	0	0,0	ERA5
1053681	14/03/2024	09	14/03/2024	05	HAE	-0,8	0	-1,6	0	94,0	0	0,0	0	0,0	0	986,0	0	0,0	ERA5
1053682	14/03/2024	10	14/03/2024	06	HAE	-0,4	0	-1,4	0	93,0	0	1,0	0	170,0	0	986,0	0	0,0	ERA5
1053683	14/03/2024	11	14/03/2024	07	HAE	0,7	0	-1,0	0	89,0	0	4,0	0	180,0	0	987,0	0	0,0	ERA5
1053684	14/03/2024	12	14/03/2024	08	HAE	1,1	0	-0,9	0	86,0	0	4,0	0	170,0	0	987,0	0	130,0	ERA5
1053685	14/03/2024	13	14/03/2024	09	HAE	1,6	0	-0,9	0	83,0	0	3,0	0	150,0	0	987,0	0	583,2	ERA5
1053686	14/03/2024	14	14/03/2024	10	HAE	2,9	0	-0,6	0	78,0	0	2,0	0	140,0	0	988,0	0	1021,1	ERA5
1053687	14/03/2024	15	14/03/2024	11	HAE	4,0	0	-0,5	0	73,0	0	4,0	0	100,0	0	988,0	0	1263,4	ERA5
1053688	14/03/2024	16	14/03/2024	12	HAE	5,6	0	-0,6	0	64,0	0	2,0	0	40,0	0	988,0	0	1787,9	ERA5
1053689	14/03/2024	17	14/03/2024	13	HAE	6,7	0	-0,4	0	61,0	0	8,0	0	340,0	0	988,0	0	2062,3	ERA5
1053690	14/03/2024	18	14/03/2024	14	HAE	6,7	0	-0,4	0	60,0	0	9,0	0	330,0	0	988,0	0	2209,1	ERA5
1053691	14/03/2024	19	14/03/2024	15	HAE	7,6	0	0,2	0	60,0	0	8,0	0	350,0	0	988,0	0	1795,6	ERA5
1053692	14/03/2024	20	14/03/2024	16	HAE	7,5	0	-0,1	0	59,0	0	6,0	0	340,0	0	989,0	0	1030,9	ERA5
1053693	14/03/2024	21	14/03/2024	17	HAE	7,4	0	0,3	0	60,0	0	6,0	0	330,0	0	989,0	0	688,0	ERA5
1053694	14/03/2024	22	14/03/2024	18	HAE	6,6	0	-0,3	0	61,0	0	5,0	0	290,0	0	988,0	0	397,7	ERA5
1053695	14/03/2024	23	14/03/2024	19	HAE	4,8	0	-1,0	0	66,0	0	3,0	0	250,0	0	989,0	0	83,4	ERA5
1053696	15/03/2024	00	14/03/2024	20	HAE	3,3	0	-0,6	0	75,0	0	1,0	0	250,0	0	989,0	0	0,0	ERA5
1053697	15/03/2024	01	14/03/2024	21	HAE	1,8	0	-1,0	0	81,0	0	2,0	0	210,0	0	989,0	0	0,0	ERA5
1053698	15/03/2024	02	14/03/2024	22	HAE	0,9	0	-1,0	0	87,0	0	1,0	0	290,0	0	989,0	0	0,0	ERA5
1053699	15/03/2024	03	14/03/2024	23	HAE	0,3	0	-1,1	0	90,0	0	1,0	0	190,0	0	988,0	0	0,0	ERA5
1053700	15/03/2024	04	15/03/2024	00	HAE	0,2	0	-1,6	0	88,0	0	4,0	0	210,0	0	988,0	0	0,0	ERA5
1053701	15/03/2024	05	15/03/2024	01	HAE	0,1	0	-1,5	0	89,0	0	3,0	0	180,0	0	987,0	0	0,0	ERA5
1053702	15/03/2024	06	15/03/2024	02	HAE	-1,0	0	-2,1	0	93,0	0	1,0	0	150,0	0	987,0	0	0,0	ERA5
1053703	15/03/2024	07	15/03/2024	03	HAE	-0,4	0	-1,8	0	90,0	0	3,0	0	170,0	0	986,0	0	0,0	ERA5
1053704	15/03/2024	08	15/03/2024	04	HAE	-0,7	0	-1,8	0	92,0	0	1,0	0	200,0	0	985,0	0	0,0	ERA5
1053705	15/03/2024	09	15/03/2024	05	HAE	-0,7	0	-1,9	0	92,0	0	0,0	0	0,0	0	985,0	0	0,0	ERA5
1053706	15/03/2024	10	15/03/2024	06	HAE	-0,6	0	-1,5	0	93,0	0	1,0	0	360,0	0	985,0	0	0,0	ERA5
1053707	15/03/2024	11	15/03/2024	07	HAE	-0,8	0	-1,6	0	94,0	0	3,0	0	180,0	0	985,0	0	0,0	ERA5
1053708	15/03/2024	12	15/03/2024	08	HAE	0,6	0	-1,1	0	89,0	0	5,0	0	170,0	0	985,0	0	60,1	ERA5
1053709	15/03/2024	13	15/03/2024	09	HAE	1,5	0	-1,0	0	84,0	0	0,0	0	0,0	0	984,0	0	325,5	ERA5
1053710	15/03/2024	14	15/03/2024	10	HAE	2,2	0	-0,7	0	81,0	0	5,0	0	140,0	0	984,0	0	856,2	ERA5
1053711	15/03/2024	15	15/03/2024	11	HAE	3,1	0	-1,4	0	72,0	0	8,0	0	80,0	0	983,0	0	1139,4	ERA5
1053712	15/03/2024	16	15/03/2024	12	HAE	3,5	0	-1,5	0	70,0	0	8,0	0	70,0	0	983,0	0	1116,1	ERA5
1053713	15/03/2024	17	15/03/2024	13	HAE	4,7	0	-0,8	0	67,0	0	5,0	0	140,0	0	982,0	0	1390,0	ERA5
1053714	15/03/2024	18	15/03/2024	14	HAE	5,6	0	-1,0	0	62,0	0	8,0	0	170,0	0	981,0	0	1617,3	ERA5
1053715	15/03/2024	19	15/03/2024	15	HAE	7,4	0	-0,4	0	57,0	0	3,0	0	130,0	0	981,0	0	1459,1	ERA5
1053716	15/03/2024	20	15/03/2024	16	HAE	6,8	0	-1,0	0	57,0	0	5,0	0	330,0	0	980,0	0	1388,0	ERA5
1053717	15/03/2024	21	15/03/2024	17	HAE	7,1	0	-1,3	0	55,0	0	7,0	0	320,0	0	980,0	0	978,1	ERA5
1053718	15/03/2024	22	15/03/2024	18	HAE	5,8	0	-1,5	0	59,0	0	6,0	0	320,0	0	980,0	0	520,6	ERA5
1053719	15/03/2024	23	15/03/2024	19	HAE	4,5	0	-1,6	0	65,0	0	7,0	0	310,0	0	980,0	0	103,4	ERA5
1053720	16/03/2024	00	15/03/2024	20	HAE	3,9	0	-2,0	0	66,0	0	4,0	0	310,0	0	980,0	0	0,0	ERA5
1053721	16/03/2024	01	15/03/2024	21	HAE	0,9	0	-2,4	0	78,0	0	0,0	0	0,0	0	980,0	0	0,0	ERA5
1053722	16/03/2024	02	15/03/2024	22	HAE	0,4	0	-1,7	0	86,0	0	2,0	0	230,0	0	980,0	0	0,0	ERA5
1053723	16/03/2024	03	15/03/2024	23	HAE	-0,6	0	-2,7	0	86,0	0	3,0	0	180,0	0	980,0	0	0,0	ERA5
1053724	16/03/2024	04	16/03/2024	00	HAE	-0,3	0	-2,4	0	86,0	0	5,0	0	170,0	0	980,0	0	0,0	ERA5
1053725	16/03/2024	05	16/03/2024	01	HAE	-0,8	0	-2,6	0	88,0	0	2,0	0	290,0	0	980,0	0	0,0	ERA5
1053726	16/03/2024	06	16/03/2024	02	HAE	-0,7	0	-2,2	0	89,0	0	1,0	0	230,0	0	980,0	0	0,0	ERA5
1053727	16/03/2024	07	16/03/2024	03	HAE	-1,5	0	-2,5	0	93,0	0	5,0	0	200,0	0	979,0	0	0,0	ERA5
1053728	16/03/2024	08	16/03/2024	04	HAE	-0,8	0	-2,4	0	89,0	0	1,0	0	20,0	0	979,0	0	0,0	ERA5
1053729	16/03/2024	09	16/03/2024	05	HAE	0,3	0	-3,2	0	77,0	0	4,0	0	190,0	0	979,0	0	0,0	ERA5
1053730	16/03/2024	10	16/03/2024	06	HAE	-0,2	0	-2,7	0	83,0	0	4,0	0	170,0	0	979,0	0	0,0	ERA5
1053731	16/03/2024	11	16/03/2024	07	HAE	-0,5	0	-2,6	0	85,0	0	6,0	0	140,0	0	979,0	0	0,2	ERA5
1053732	16/03/2024	12	16/03/2024	08	HAE	-0,9	0	-2,1	0	92,0	0	8,0	0	140,0	0	980,0	0	125,1	ERA5
1053733	16/03/2024	13	16/03/2024	09	HAE	-0,8	0	-1,4	0	96,0	0	4,0	0	330,0	0	980,0	0	223,2	ERA5
1053734	16/03/2024	14	16/03/2024	10	HAE	-0,2	0	-1,7	0	89,0	0	3,0	0	130,0	0	980,0	0	295,9	ERA5
1053735	16/03/2024	15	16/03/2024	11	HAE	0,4	0	-1,7	0	86,0	0	6,0	0	130,0	0	980,0	0	444,5	ERA5
1053736	16/03/2024	16	16/03/2024	12	HAE	0,5	0	-1,3	0	87,0	0	1,0	0	130,0	0	979,0	0	674,7	ERA5
1053737	16/03/2024	17	16/03/2024	13	HAE	1,0	0	-1,1	0	86,0	0	1,0	0	330,0	0	979,0	0	1073,1	ERA5
1053738	16/03/2024	18	16/03/2024	14	HAE	1,4	0	-1,1	0	84,0	0	2,0	0	50,0	0	979,0	0	955,7	ERA5
1053739	16/03/2024	19	16/03/2024	15	HAE	1,3	0	-0,8	0	85,0	0	2,0	0	350,0	0	979,0	0	1223,5	ERA5
1053740	16/03/2024	20	16/03/2024	16	HAE	1,6	0	-0,5	0	86,0	0	1,0	0	70,0	0	979,0	0	918,0	ERA5
1053741	16/03/2024	21	16/03/2024	17	HAE	1,7	0	-0,4	0	86,0	0	2,0	0	10,0	0	978,0	0	673,5	ERA5
1053742	16/03/2024	22	16/03/2024	18	HAE	1,6	0	-0,4	0	86,0	0	3,0	0	160,0	0	978,0	0	360,2	ERA5
1053743	16/03/2024	23	16/03/2024	19	HAE	1,1	0	-0,3	0	90,0	0	4,0	0	170,0	0	978,0	0	78,0	ERA5
1053744	17/03/2024	00	16/03/2024	20	HAE	0,5	0	-0,6	0	92,0	0	2,0	0	220,0	0	978,0	0	-0,0	ERA5
1053745	17/03/2024	01	16/03/2024	21	HAE	-0,3	0	-0,9	0	95,0	0	0,0	0	150,0	0	978,0	0	0,0	ERA5
1053746	17/03/2024	02	16/03/2024	22	HAE	-0,1	0	-0,7	0	96,0	0	4,0	0	180,0	0	978,0	0	0,0	ERA5
1053747	17/03/2024	03	16/03/2024	23	HAE	-0,8	0	-1,3	0	96,0	0	3,0	0	170,0	0	977,0	0	0,0	ERA5
1053748	17/03/2024	04	17/03/2024	00	HAE	-0,8	0	-1,1	0	98,0	0	5,0	0	180,0	0	976,0	0	0,0	ERA5
1053749	17/03/2024	05	17/03/2024	01	HAE	-0,9	0	-1,4	0	97,0	0	4,0	0	180,0	0	975,0	0	0,0	ERA5
1053750	17/03/2024	06	17/03/2024	02	HAE	-0,3	0	-1,0	0	95,0	0	6,0	0	180,0	0	975,0	0	0,0	ERA5
1053751	17/03/2024	07	17/03/2024	03	HAE	-0,7	0	-1,1	0	97,0	0	5,0	0	170,0	0	974,0	0	0,0	ERA5
1053752	17/03/2024	08	17/03/2024	04	HAE	-0,2	0	-0,8	0	95,0	0	6,0	0	180,0	0	972,0	0	0,0	ERA5
1053753	17/03/2024	09	17/03/2024	05	HAE	-0,2	0	-0,9	0	95,0	0	7,0	0	160,0	0	972,0	0	0,0	ERA5
1053754	17/03/2024	10	17/03/2024	06	HAE	0,05	4.lineaire	-0,4	0	97,0	0	8,0	0	150,0	0	971,0	0	0,0	ERA5
1053755	17/03/2024	11	17/03/2024	07	HAE	0,3	0	-0,25	4.lineaire	98,0	0	7,0	0	150,0	0	970,0	0	0,2	ERA5
1053756	17/03/2024	12	17/03/2024	08	HAE	0,1	0	-0,1	0	99,0	0	7,0	0	140,0	0	969,0	0	29,6	ERA5
1053757	17/03/2024	13	17/03/2024	09	HAE	0,2	0	0,1	0	99,0	0	11,0	0	140,0	0	968,0	0	74,9	ERA5
1053758	17/03/2024	14	17/03/2024	10	HAE	0,6	0	0,4	0	99,0	0	8,0	0	140,0	0	967,0	0	217,8	ERA5
1053759	17/03/2024	15	17/03/2024	11	HAE	0,8	0	0,5	0	98,0	0	5,0	0	150,0	0	967,0	0	426,7	ERA5
1053760	17/03/2024	16	17/03/2024	12	HAE	1,7	0	1,3	0	97,0	0	3,0	0	130,0	0	967,0	0	931,4	ERA5
1053761	17/03/2024	17	17/03/2024	13	HAE	3,5	0	2,6	0	94,0	0	1,0	0	130,0	0	966,0	0	1110,7	ERA5
1053762	17/03/2024	18	17/03/2024	14	HAE	4,2	0	2,5	0	89,0	0	5,0	0	240,0	0	966,0	0	966,7	ERA5
1053763	17/03/2024	19	17/03/2024	15	HAE	4,0	0	2,1	0	88,0	0	2,0	0	230,0	0	967,0	0	927,5	ERA5
1053764	17/03/2024	20	17/03/2024	16	HAE	3,4	0	1,4	0	87,0	0	2,0	0	290,0	0	968,0	0	865,6	ERA5
1053765	17/03/2024	21	17/03/2024	17	HAE	3,3	0	0,9	0	84,0	0	4,0	0	270,0	0	968,0	0	926,0	ERA5
1053766	17/03/2024	22	17/03/2024	18	HAE	3,0	0	0,7	0	85,0	0	4,0	0	280,0	0	968,0	0	522,5	ERA5
1053767	17/03/2024	23	17/03/2024	19	HAE	2,1	0	0,9	0	92,0	0	3,0	0	310,0	0	969,0	0	108,4	ERA5
1053768	18/03/2024	00	17/03/2024	20	HAE	0,9	0	0,1	0	94,0	0	4,0	0	280,0	0	970,0	0	-0,0	ERA5
1053769	18/03/2024	01	17/03/2024	21	HAE	0,6	0	0,1	0	97,0	0	0,0	0	160,0	0	970,0	0	0,0	ERA5
1053770	18/03/2024	02	17/03/2024	22	HAE	1,0	0	0,1	0	94,0	0	5,0	0	320,0	0	970,0	0	0,0	ERA5
1053771	18/03/2024	03	17/03/2024	23	HAE	2,0	0	0,1	0	87,0	0	4,0	0	240,0	0	970,0	0	0,0	ERA5
1053772	18/03/2024	04	18/03/2024	00	HAE	2,0	0	0,1	0	87,0	0	1,0	0	180,0	0	970,0	0	0,0	ERA5
1053773	18/03/2024	05	18/03/2024	01	HAE	1,5	0	0,3	0	92,0	0	2,0	0	190,0	0	969,0	0	0,0	ERA5
1053774	18/03/2024	06	18/03/2024	02	HAE	1,2	0	0,5	0	95,0	0	2,0	0	170,0	0	969,0	0	0,0	ERA5
1053775	18/03/2024	07	18/03/2024	03	HAE	1,3	0	0,1	0	92,0	0	4,0	0	220,0	0	969,0	0	0,0	ERA5
1053776	18/03/2024	08	18/03/2024	04	HAE	1,0	0	-0,05	4.lineaire	93,0	0	7,0	0	230,0	0	969,0	0	0,0	ERA5
1053777	18/03/2024	09	18/03/2024	05	HAE	1,0	0	-0,2	0	92,0	0	6,0	0	230,0	0	969,0	0	0,0	ERA5
1053778	18/03/2024	10	18/03/2024	06	HAE	0,7	0	-0,8	0	90,0	0	10,0	0	230,0	0	969,0	0	0,0	ERA5
1053779	18/03/2024	11	18/03/2024	07	HAE	0,1	0	-1,9	0	86,0	0	4,0	0	230,0	0	969,0	0	0,7	ERA5
1053780	18/03/2024	12	18/03/2024	08	HAE	-0,3	0	-2,3	0	86,0	0	8,0	0	240,0	0	969,0	0	84,7	ERA5
1053781	18/03/2024	13	18/03/2024	09	HAE	-0,2	0	-2,1	0	88,0	0	6,0	0	220,0	0	970,0	0	410,2	ERA5
1053782	18/03/2024	14	18/03/2024	10	HAE	0,1	0	-2,1	0	85,0	0	6,0	0	220,0	0	970,0	0	880,8	ERA5
1053783	18/03/2024	15	18/03/2024	11	HAE	0,7	0	-1,8	0	84,0	0	2,0	0	260,0	0	970,0	0	1219,1	ERA5
1053784	18/03/2024	16	18/03/2024	12	HAE	1,3	0	-2,0	0	79,0	0	6,0	0	270,0	0	970,0	0	1345,3	ERA5
1053785	18/03/2024	17	18/03/2024	13	HAE	1,6	0	-1,7	0	79,0	0	7,0	0	250,0	0	970,0	0	1675,2	ERA5
1053786	18/03/2024	18	18/03/2024	14	HAE	1,5	0	-2,1	0	77,0	0	6,0	0	260,0	0	970,0	0	1672,5	ERA5
1053787	18/03/2024	19	18/03/2024	15	HAE	1,7	0	-1,9	0	77,0	0	7,0	0	240,0	0	970,0	0	1413,2	ERA5
1053788	18/03/2024	20	18/03/2024	16	HAE	1,6	0	-1,2	0	82,0	0	7,0	0	310,0	0	970,0	0	1348,3	ERA5
1053789	18/03/2024	21	18/03/2024	17	HAE	2,0	0	-2,4	0	72,0	0	9,0	0	300,0	0	970,0	0	1017,2	ERA5
1053790	18/03/2024	22	18/03/2024	18	HAE	1,5	0	-2,4	0	75,0	0	5,0	0	290,0	0	971,0	0	579,4	ERA5
1053791	18/03/2024	23	18/03/2024	19	HAE	0,8	0	-2,0	0	82,0	0	5,0	0	250,0	0	971,0	0	121,9	ERA5
1053792	19/03/2024	00	18/03/2024	20	HAE	0,4	0	-1,1	0	90,0	0	1,0	0	210,0	0	971,0	0	0,0	ERA5
1053793	19/03/2024	01	18/03/2024	21	HAE	0,2	0	-1,4	0	89,0	0	3,0	0	210,0	0	971,0	0	0,0	ERA5
1053794	19/03/2024	02	18/03/2024	22	HAE	-0,1	0	-1,5	0	90,0	0	0,0	0	290,0	0	971,0	0	0,0	ERA5
1053795	19/03/2024	03	18/03/2024	23	HAE	-0,5	0	-2,1	0	89,0	0	0,0	0	10,0	0	971,0	0	0,0	ERA5
1053796	19/03/2024	04	19/03/2024	00	HAE	-0,7	0	-2,3	0	89,0	0	4,0	0	330,0	0	970,0	0	0,0	ERA5
1053797	19/03/2024	05	19/03/2024	01	HAE	-0,7	0	-3,2	0	83,0	0	4,0	0	310,0	0	970,0	0	0,0	ERA5
1053798	19/03/2024	06	19/03/2024	02	HAE	-1,4	0	-4,1	0	82,0	0	2,0	0	290,0	0	970,0	0	0,0	ERA5
1053799	19/03/2024	07	19/03/2024	03	HAE	-2,0	0	-4,7	0	82,0	0	4,0	0	300,0	0	970,0	0	0,0	ERA5
1053800	19/03/2024	08	19/03/2024	04	HAE	-2,0	0	-4,9	0	81,0	0	7,0	0	330,0	0	970,0	0	0,0	ERA5
1053801	19/03/2024	09	19/03/2024	05	HAE	-2,6	0	-5,4	0	81,0	0	3,0	0	360,0	0	970,0	0	0,0	ERA5
1053802	19/03/2024	10	19/03/2024	06	HAE	-3,1	0	-6,1	0	80,0	0	9,0	0	320,0	0	971,0	0	0,0	ERA5
1053803	19/03/2024	11	19/03/2024	07	HAE	-3,5	0	-6,7	0	79,0	0	5,0	0	290,0	0	971,0	0	1,9	ERA5
1053804	19/03/2024	12	19/03/2024	08	HAE	-3,8	0	-7,4	0	76,0	0	11,0	0	290,0	0	971,0	0	192,7	ERA5
1053805	19/03/2024	13	19/03/2024	09	HAE	-3,4	0	-7,4	0	74,0	0	8,0	0	300,0	0	972,0	0	636,6	ERA5
1053806	19/03/2024	14	19/03/2024	10	HAE	-3,3	0	-7,4	0	73,0	0	7,0	0	300,0	0	972,0	0	1175,0	ERA5
1053807	19/03/2024	15	19/03/2024	11	HAE	-1,8	0	-6,8	0	69,0	0	2,0	0	260,0	0	972,0	0	1342,1	ERA5
1053808	19/03/2024	16	19/03/2024	12	HAE	-1,3	0	-7,0	0	65,0	0	5,0	0	250,0	0	972,0	0	2098,0	ERA5
1053809	19/03/2024	17	19/03/2024	13	HAE	-2,4	0	-8,3	0	64,0	0	4,0	0	270,0	0	972,0	0	2439,6	ERA5
1053810	19/03/2024	18	19/03/2024	14	HAE	-2,8	0	-8,1	0	67,0	0	6,0	0	260,0	0	972,0	0	2313,5	ERA5
1053811	19/03/2024	19	19/03/2024	15	HAE	-2,3	0	-8,0	0	65,0	0	12,0	0	240,0	0	972,0	0	1950,7	ERA5
1053812	19/03/2024	20	19/03/2024	16	HAE	-2,1	0	-8,6	0	61,0	0	6,0	0	250,0	0	972,0	0	1815,3	ERA5
1053813	19/03/2024	21	19/03/2024	17	HAE	-2,6	0	-8,7	0	63,0	0	12,0	0	260,0	0	972,0	0	1255,4	ERA5
1053814	19/03/2024	22	19/03/2024	18	HAE	-3,4	0	-8,5	0	68,0	0	7,0	0	260,0	0	973,0	0	548,3	ERA5
1053815	19/03/2024	23	19/03/2024	19	HAE	-3,7	0	-9,1	0	66,0	0	5,0	0	200,0	0	973,0	0	114,8	ERA5
1053816	20/03/2024	00	19/03/2024	20	HAE	-4,3	0	-9,5	0	67,0	0	1,0	0	150,0	0	973,0	0	0,0	ERA5
1053817	20/03/2024	01	19/03/2024	21	HAE	-5,0	0	-9,0	0	73,0	0	0,0	0	320,0	0	974,0	0	0,0	ERA5
1053818	20/03/2024	02	19/03/2024	22	HAE	-5,2	0	-8,6	0	77,0	0	2,0	0	30,0	0	974,0	0	0,0	ERA5
1053819	20/03/2024	03	19/03/2024	23	HAE	-5,6	0	-8,4	0	81,0	0	1,0	0	130,0	0	974,0	0	0,0	ERA5
1053820	20/03/2024	04	20/03/2024	00	HAE	-6,1	0	-8,2	0	85,0	0	3,0	0	150,0	0	974,0	0	0,0	ERA5
1053821	20/03/2024	05	20/03/2024	01	HAE	-6,0	0	-8,1	0	85,0	0	3,0	0	170,0	0	974,0	0	0,0	ERA5
1053822	20/03/2024	06	20/03/2024	02	HAE	-5,9	0	-7,7	0	87,0	0	4,0	0	160,0	0	974,0	0	0,0	ERA5
1053823	20/03/2024	07	20/03/2024	03	HAE	-5,6	0	-7,5	0	86,0	0	5,0	0	140,0	0	973,0	0	0,0	ERA5
1053824	20/03/2024	08	20/03/2024	04	HAE	-5,0	0	-6,9	0	87,0	0	7,0	0	150,0	0	973,0	0	0,0	ERA5
1053825	20/03/2024	09	20/03/2024	05	HAE	-4,9	0	-6,1	0	91,0	0	9,0	0	140,0	0	973,0	0	0,0	ERA5
1053826	20/03/2024	10	20/03/2024	06	HAE	-4,9	0	-5,8	0	94,0	0	9,0	0	140,0	0	973,0	0	0,0	ERA5
1053827	20/03/2024	11	20/03/2024	07	HAE	-4,7	0	-5,4	0	94,0	0	10,0	0	120,0	0	973,0	0	2,5	ERA5
1053828	20/03/2024	12	20/03/2024	08	HAE	-4,1	0	-5,1	0	93,0	0	9,0	0	120,0	0	973,0	0	155,2	ERA5
1053829	20/03/2024	13	20/03/2024	09	HAE	-2,9	0	-4,6	0	88,0	0	9,0	0	120,0	0	972,0	0	433,6	ERA5
1053830	20/03/2024	14	20/03/2024	10	HAE	-1,6	0	-4,4	0	81,0	0	10,0	0	110,0	0	972,0	0	917,0	ERA5
1053831	20/03/2024	15	20/03/2024	11	HAE	0,6	0	-3,4	0	75,0	0	10,0	0	140,0	0	972,0	0	1413,0	ERA5
1053832	20/03/2024	16	20/03/2024	12	HAE	0,3	0	-1,4	0	88,0	0	14,0	0	140,0	0	972,0	0	1809,9	ERA5
1053833	20/03/2024	17	20/03/2024	13	HAE	1,5	0	-0,8	0	84,0	0	12,0	0	170,0	0	972,0	0	1845,7	ERA5
1053834	20/03/2024	18	20/03/2024	14	HAE	0,6	0	-0,6	0	92,0	0	6,0	0	140,0	0	972,0	0	1834,8	ERA5
1053835	20/03/2024	19	20/03/2024	15	HAE	1,8	0	-2,0	0	76,0	0	4,0	0	230,0	0	972,0	0	1691,8	ERA5
1053836	20/03/2024	20	20/03/2024	16	HAE	2,1	0	-2,5	0	72,0	0	14,0	0	120,0	0	971,0	0	1336,9	ERA5
1053837	20/03/2024	21	20/03/2024	17	HAE	2,0	0	-1,9	0	75,0	0	13,0	0	120,0	0	971,0	0	1123,9	ERA5
1053838	20/03/2024	22	20/03/2024	18	HAE	1,9	0	-1,8	0	77,0	0	8,0	0	130,0	0	972,0	0	632,8	ERA5
1053839	20/03/2024	23	20/03/2024	19	HAE	1,3	0	-2,1	0	78,0	0	0,0	0	170,0	0	972,0	0	141,9	ERA5
1053840	21/03/2024	00	20/03/2024	20	HAE	-0,5	0	-1,4	0	93,0	0	10,0	0	320,0	0	973,0	0	0,0	ERA5
1053841	21/03/2024	01	20/03/2024	21	HAE	-0,8	0	-1,3	0	97,0	0	3,0	0	340,0	0	973,0	0	0,0	ERA5
1053842	21/03/2024	02	20/03/2024	22	HAE	-1,5	0	-2,1	0	96,0	0	3,0	0	300,0	0	973,0	0	0,0	ERA5
1053843	21/03/2024	03	20/03/2024	23	HAE	-1,7	0	-2,2	0	97,0	0	5,0	0	310,0	0	973,0	0	0,0	ERA5
1053844	21/03/2024	04	21/03/2024	00	HAE	-1,8	0	-2,3	0	96,0	0	4,0	0	310,0	0	972,0	0	0,0	ERA5
1053845	21/03/2024	05	21/03/2024	01	HAE	-2,0	0	-2,5	0	97,0	0	5,0	0	310,0	0	972,0	0	0,0	ERA5
1053846	21/03/2024	06	21/03/2024	02	HAE	-2,3	0	-2,8	0	96,0	0	10,0	0	330,0	0	971,0	0	0,0	ERA5
1053847	21/03/2024	07	21/03/2024	03	HAE	-2,6	0	-3,2	0	96,0	0	8,0	0	290,0	0	971,0	0	0,0	ERA5
1053848	21/03/2024	08	21/03/2024	04	HAE	-4,1	0	-5,2	0	92,0	0	8,0	0	290,0	0	971,0	0	0,0	ERA5
1053849	21/03/2024	09	21/03/2024	05	HAE	-4,8	0	-6,3	0	90,0	0	12,0	0	280,0	0	971,0	0	0,0	ERA5
1053850	21/03/2024	10	21/03/2024	06	HAE	-5,3	0	-7,3	0	86,0	0	8,0	0	300,0	0	972,0	0	0,0	ERA5
1053851	21/03/2024	11	21/03/2024	07	HAE	-6,3	0	-8,7	0	83,0	0	13,0	0	290,0	0	972,0	0	3,3	ERA5
1053852	21/03/2024	12	21/03/2024	08	HAE	-7,0	0	-9,1	0	85,0	0	11,0	0	260,0	0	972,0	0	169,5	ERA5
1053853	21/03/2024	13	21/03/2024	09	HAE	-7,7	0	-9,6	0	86,0	0	9,0	0	250,0	0	973,0	0	414,3	ERA5
1053854	21/03/2024	14	21/03/2024	10	HAE	-8,3	0	-10,2	0	86,0	0	8,0	0	260,0	0	974,0	0	718,7	ERA5
1053855	21/03/2024	15	21/03/2024	11	HAE	-8,8	0	-11,0	0	84,0	0	9,0	0	300,0	0	975,0	0	981,5	ERA5
1053856	21/03/2024	16	21/03/2024	12	HAE	-8,9	0	-11,5	0	81,0	0	13,0	0	290,0	0	976,0	0	1194,3	ERA5
1053857	21/03/2024	17	21/03/2024	13	HAE	-8,5	0	-12,0	0	76,0	0	15,0	0	300,0	0	977,0	0	1531,7	ERA5
1053858	21/03/2024	18	21/03/2024	14	HAE	-7,8	0	-12,2	0	70,0	0	10,0	0	280,0	0	977,0	0	1795,7	ERA5
1053859	21/03/2024	19	21/03/2024	15	HAE	-7,4	0	-12,4	0	68,0	0	10,0	0	280,0	0	978,0	0	1943,1	ERA5
1053860	21/03/2024	20	21/03/2024	16	HAE	-7,1	0	-12,2	0	67,0	0	10,0	0	280,0	0	979,0	0	1820,0	ERA5
1053861	21/03/2024	21	21/03/2024	17	HAE	-6,3	0	-13,2	0	58,0	0	13,0	0	290,0	0	979,0	0	1212,8	ERA5
1053862	21/03/2024	22	21/03/2024	18	HAE	-5,9	0	-12,8	0	58,0	0	12,0	0	280,0	0	980,0	0	460,0	ERA5
1053863	21/03/2024	23	21/03/2024	19	HAE	-5,9	0	-12,6	0	59,0	0	7,0	0	320,0	0	981,0	0	121,8	ERA5
1053864	22/03/2024	00	21/03/2024	20	HAE	-6,5	0	-11,7	0	67,0	0	17,0	0	300,0	0	982,0	0	0,0	ERA5
1053865	22/03/2024	01	21/03/2024	21	HAE	-7,4	0	-11,8	0	71,0	0	13,0	0	290,0	0	984,0	0	0,0	ERA5
1053866	22/03/2024	02	21/03/2024	22	HAE	-8,6	0	-11,3	0	81,0	0	12,0	0	310,0	0	985,0	0	0,0	ERA5
1053867	22/03/2024	03	21/03/2024	23	HAE	-9,5	0	-12,9	0	76,0	0	11,0	0	290,0	0	986,0	0	0,0	ERA5
1053868	22/03/2024	04	22/03/2024	00	HAE	-10,3	0	-13,5	0	77,0	0	14,0	0	290,0	0	987,0	0	0,0	ERA5
1053869	22/03/2024	05	22/03/2024	01	HAE	-11,1	0	-16,1	0	66,0	0	10,0	0	290,0	0	988,0	0	0,0	ERA5
1053870	22/03/2024	06	22/03/2024	02	HAE	-11,5	0	-17,5	0	61,0	0	13,0	0	290,0	0	989,0	0	0,0	ERA5
1053871	22/03/2024	07	22/03/2024	03	HAE	-12,2	0	-18,1	0	61,0	0	11,0	0	300,0	0	990,0	0	0,0	ERA5
1053872	22/03/2024	08	22/03/2024	04	HAE	-12,6	0	-18,6	0	61,0	0	8,0	0	300,0	0	991,0	0	0,0	ERA5
1053873	22/03/2024	09	22/03/2024	05	HAE	-12,9	0	-18,9	0	61,0	0	16,0	0	300,0	0	992,0	0	0,0	ERA5
1053874	22/03/2024	10	22/03/2024	06	HAE	-13,3	0	-19,4	0	60,0	0	9,0	0	300,0	0	993,0	0	0,0	ERA5
1053875	22/03/2024	11	22/03/2024	07	HAE	-13,7	0	-20,0	0	59,0	0	10,0	0	290,0	0	994,0	0	8,7	ERA5
1053876	22/03/2024	12	22/03/2024	08	HAE	-13,4	0	-21,5	0	51,0	0	13,0	0	290,0	0	995,0	0	373,7	ERA5
1053877	22/03/2024	13	22/03/2024	09	HAE	-12,7	0	-21,7	0	47,0	0	12,0	0	290,0	0	996,0	0	1072,1	ERA5
1053878	22/03/2024	14	22/03/2024	10	HAE	-11,7	0	-22,0	0	42,0	0	15,0	0	300,0	0	995,0	0	1763,3	ERA5
1053879	22/03/2024	15	22/03/2024	11	HAE	-9,9	0	-21,1	0	40,0	0	4,0	0	320,0	0	995,0	0	2336,2	ERA5
1053880	22/03/2024	16	22/03/2024	12	HAE	-9,4	0	-20,9	0	39,0	0	11,0	0	260,0	0	995,0	0	2725,0	ERA5
1053881	22/03/2024	17	22/03/2024	13	HAE	-8,3	0	-21,1	0	35,0	0	7,0	0	290,0	0	995,0	0	2903,5	ERA5
1053882	22/03/2024	18	22/03/2024	14	HAE	-7,7	0	-20,6	0	35,0	0	12,0	0	290,0	0	995,0	0	2833,2	ERA5
1053883	22/03/2024	19	22/03/2024	15	HAE	-6,7	0	-20,2	0	33,0	0	14,0	0	300,0	0	995,0	0	2456,8	ERA5
1053884	22/03/2024	20	22/03/2024	16	HAE	-6,9	0	-20,4	0	33,0	0	16,0	0	310,0	0	995,0	0	2134,4	ERA5
1053885	22/03/2024	21	22/03/2024	17	HAE	-6,6	0	-19,4	0	35,0	0	10,0	0	300,0	0	996,0	0	1527,0	ERA5
1053886	22/03/2024	22	22/03/2024	18	HAE	-6,9	0	-18,6	0	39,0	0	3,0	0	280,0	0	996,0	0	831,6	ERA5
1053887	22/03/2024	23	22/03/2024	19	HAE	-7,6	0	-18,2	0	43,0	0	3,0	0	290,0	0	996,0	0	191,8	ERA5
1053888	23/03/2024	00	22/03/2024	20	HAE	-9,1	0	-17,4	0	51,0	0	3,0	0	230,0	0	997,0	0	0,0	ERA5
1053889	23/03/2024	01	22/03/2024	21	HAE	-9,4	0	-17,1	0	53,0	0	2,0	0	210,0	0	997,0	0	0,0	ERA5
1053890	23/03/2024	02	22/03/2024	22	HAE	-9,2	0	-17,2	0	52,0	0	3,0	0	240,0	0	998,0	0	0,0	ERA5
1053891	23/03/2024	03	22/03/2024	23	HAE	-10,2	0	-17,2	0	56,0	0	2,0	0	220,0	0	998,0	0	0,0	ERA5
1053892	23/03/2024	04	23/03/2024	00	HAE	-12,4	0	-17,8	0	64,0	0	3,0	0	190,0	0	998,0	0	0,0	ERA5
1053893	23/03/2024	05	23/03/2024	01	HAE	-12,4	0	-17,2	0	67,0	0	3,0	0	210,0	0	998,0	0	0,0	ERA5
1053894	23/03/2024	06	23/03/2024	02	HAE	-13,4	0	-17,2	0	73,0	0	2,0	0	150,0	0	998,0	0	0,0	ERA5
1053895	23/03/2024	07	23/03/2024	03	HAE	-14,1	0	-17,8	0	74,0	0	1,0	0	160,0	0	997,0	0	0,0	ERA5
1053896	23/03/2024	08	23/03/2024	04	HAE	-13,2	0	-16,4	0	77,0	0	3,0	0	190,0	0	997,0	0	0,0	ERA5
1053897	23/03/2024	09	23/03/2024	05	HAE	-13,0	0	-16,1	0	77,0	0	3,0	0	160,0	0	997,0	0	0,0	ERA5
1053898	23/03/2024	10	23/03/2024	06	HAE	-12,7	0	-16,0	0	77,0	0	3,0	0	180,0	0	996,0	0	0,0	ERA5
1053899	23/03/2024	11	23/03/2024	07	HAE	-12,3	0	-15,8	0	75,0	0	3,0	0	160,0	0	996,0	0	5,0	ERA5
1053900	23/03/2024	12	23/03/2024	08	HAE	-11,8	0	-15,0	0	77,0	0	5,0	0	150,0	0	997,0	0	128,3	ERA5
1053901	23/03/2024	13	23/03/2024	09	HAE	-10,9	0	-12,9	0	85,0	0	1,0	0	180,0	0	996,0	0	349,1	ERA5
1053902	23/03/2024	14	23/03/2024	10	HAE	-9,5	0	-12,1	0	82,0	0	0,0	0	320,0	0	996,0	0	612,6	ERA5
1053903	23/03/2024	15	23/03/2024	11	HAE	-8,7	0	-10,7	0	85,0	0	3,0	0	120,0	0	995,0	0	772,0	ERA5
1053904	23/03/2024	16	23/03/2024	12	HAE	-7,7	0	-10,1	0	83,0	0	10,0	0	50,0	0	995,0	0	641,3	ERA5
1053905	23/03/2024	17	23/03/2024	13	HAE	-7,4	0	-9,3	0	86,0	0	6,0	0	110,0	0	994,0	0	590,7	ERA5
1053906	23/03/2024	18	23/03/2024	14	HAE	-7,1	0	-9,2	0	85,0	0	11,0	0	110,0	0	993,0	0	520,3	ERA5
1053907	23/03/2024	19	23/03/2024	15	HAE	-7,0	0	-8,8	0	87,0	0	8,0	0	90,0	0	992,0	0	461,5	ERA5
1053908	23/03/2024	20	23/03/2024	16	HAE	-7,1	0	-9,1	0	86,0	0	10,0	0	100,0	0	991,0	0	242,2	ERA5
1053909	23/03/2024	21	23/03/2024	17	HAE	-7,4	0	-8,9	0	89,0	0	7,0	0	60,0	0	990,0	0	252,3	ERA5
1053910	23/03/2024	22	23/03/2024	18	HAE	-7,5	0	-9,0	0	89,0	0	5,0	0	30,0	0	990,0	0	113,1	ERA5
1053911	23/03/2024	23	23/03/2024	19	HAE	-7,8	0	-9,4	0	89,0	0	8,0	0	50,0	0	989,0	0	32,4	ERA5
1053912	24/03/2024	00	23/03/2024	20	HAE	-8,2	0	-9,8	0	88,0	0	4,0	0	30,0	0	989,0	0	0,0	ERA5
1053913	24/03/2024	01	23/03/2024	21	HAE	-8,5	0	-9,8	0	90,0	0	5,0	0	350,0	0	988,0	0	0,0	ERA5
1053914	24/03/2024	02	23/03/2024	22	HAE	-8,8	0	-10,1	0	91,0	0	7,0	0	320,0	0	987,0	0	0,0	ERA5
1053915	24/03/2024	03	23/03/2024	23	HAE	-8,7	0	-9,9	0	91,0	0	10,0	0	330,0	0	986,0	0	0,0	ERA5
1053916	24/03/2024	04	24/03/2024	00	HAE	-9,1	0	-10,6	0	89,0	0	8,0	0	320,0	0	986,0	0	0,0	ERA5
1053917	24/03/2024	05	24/03/2024	01	HAE	-9,0	0	-11,1	0	85,0	0	8,0	0	320,0	0	986,0	0	0,0	ERA5
1053918	24/03/2024	06	24/03/2024	02	HAE	-8,6	0	-10,5	0	87,0	0	14,0	0	320,0	0	986,0	0	0,0	ERA5
1053919	24/03/2024	07	24/03/2024	03	HAE	-8,6	0	-10,1	0	89,0	0	12,0	0	320,0	0	986,0	0	0,0	ERA5
1053920	24/03/2024	08	24/03/2024	04	HAE	-8,6	0	-10,4	0	87,0	0	6,0	0	330,0	0	987,0	0	0,0	ERA5
1053921	24/03/2024	09	24/03/2024	05	HAE	-8,5	0	-10,7	0	84,0	0	4,0	0	360,0	0	988,0	0	0,0	ERA5
1053922	24/03/2024	10	24/03/2024	06	HAE	-10,4	0	-12,7	0	83,0	0	2,0	0	350,0	0	989,0	0	0,0	ERA5
1053923	24/03/2024	11	24/03/2024	07	HAE	-10,8	0	-12,9	0	85,0	0	3,0	0	300,0	0	991,0	0	14,5	ERA5
1053924	24/03/2024	12	24/03/2024	08	HAE	-9,8	0	-12,9	0	78,0	0	6,0	0	360,0	0	992,0	0	422,6	ERA5
1053925	24/03/2024	13	24/03/2024	09	HAE	-7,9	0	-12,8	0	68,0	0	4,0	0	50,0	0	992,0	0	1131,7	ERA5
1053926	24/03/2024	14	24/03/2024	10	HAE	-7,1	0	-14,9	0	53,0	0	9,0	0	350,0	0	994,0	0	1804,2	ERA5
1053927	24/03/2024	15	24/03/2024	11	HAE	-5,6	0	-15,1	0	47,0	0	9,0	0	340,0	0	994,0	0	2362,5	ERA5
1053928	24/03/2024	16	24/03/2024	12	HAE	-4,6	0	-15,5	0	42,0	0	7,0	0	360,0	0	995,0	0	2755,6	ERA5
1053929	24/03/2024	17	24/03/2024	13	HAE	-3,9	0	-15,8	0	39,0	0	13,0	0	340,0	0	995,0	0	2931,6	ERA5
1053930	24/03/2024	18	24/03/2024	14	HAE	-2,3	0	-14,8	0	38,0	0	7,0	0	360,0	0	996,0	0	2887,5	ERA5
1053931	24/03/2024	19	24/03/2024	15	HAE	-1,3	0	-14,8	0	35,0	0	9,0	0	330,0	0	996,0	0	2618,7	ERA5
1053932	24/03/2024	20	24/03/2024	16	HAE	-0,8	0	-15,1	0	33,0	0	12,0	0	310,0	0	997,0	0	2157,2	ERA5
1053933	24/03/2024	21	24/03/2024	17	HAE	-1,2	0	-14,1	0	37,0	0	6,0	0	280,0	0	998,0	0	1559,4	ERA5
1053934	24/03/2024	22	24/03/2024	18	HAE	-1,7	0	-14,9	0	36,0	0	6,0	0	280,0	0	999,0	0	862,8	ERA5
1053935	24/03/2024	23	24/03/2024	19	HAE	-3,6	0	-12,9	0	48,0	0	2,0	0	290,0	0	1000,0	0	215,9	ERA5
1053936	25/03/2024	00	24/03/2024	20	HAE	-4,2	0	-14,1	0	46,0	0	4,0	0	240,0	0	1001,0	0	0,0	ERA5
1053937	25/03/2024	01	24/03/2024	21	HAE	-6,1	0	-12,5	0	60,0	0	0,0	0	0,0	0	1002,0	0	0,0	ERA5
1053938	25/03/2024	02	24/03/2024	22	HAE	-6,7	0	-13,5	0	58,0	0	1,0	0	210,0	0	1003,0	0	0,0	ERA5
1053939	25/03/2024	03	24/03/2024	23	HAE	-8,3	0	-13,0	0	69,0	0	5,0	0	210,0	0	1004,0	0	0,0	ERA5
1053940	25/03/2024	04	25/03/2024	00	HAE	-10,1	0	-14,2	0	72,0	0	0,0	0	320,0	0	1004,0	0	0,0	ERA5
1053941	25/03/2024	05	25/03/2024	01	HAE	-10,7	0	-12,9	0	84,0	0	7,0	0	180,0	0	1005,0	0	0,0	ERA5
1053942	25/03/2024	06	25/03/2024	02	HAE	-11,2	0	-13,5	0	83,0	0	2,0	0	230,0	0	1006,0	0	0,0	ERA5
1053943	25/03/2024	07	25/03/2024	03	HAE	-13,8	0	-15,9	0	84,0	0	1,0	0	110,0	0	1006,0	0	0,0	ERA5
1053944	25/03/2024	08	25/03/2024	04	HAE	-13,7	0	-15,2	0	88,0	0	6,0	0	170,0	0	1007,0	0	0,0	ERA5
1053945	25/03/2024	09	25/03/2024	05	HAE	-15,4	0	-18,5	0	77,0	0	3,0	0	180,0	0	1007,0	0	0,0	ERA5
1053946	25/03/2024	10	25/03/2024	06	HAE	-15,2	0	-16,6	0	89,0	0	3,0	0	160,0	0	1007,0	0	0,0	ERA5
1053947	25/03/2024	11	25/03/2024	07	HAE	-14,9	0	-17,1	0	83,0	0	4,0	0	170,0	0	1008,0	0	18,4	ERA5
1053948	25/03/2024	12	25/03/2024	08	HAE	-14,5	0	-16,9	0	82,0	0	0,0	0	150,0	0	1009,0	0	424,1	ERA5
1053949	25/03/2024	13	25/03/2024	09	HAE	-11,3	0	-15,7	0	70,0	0	0,0	0	100,0	0	1008,0	0	1101,0	ERA5
1053950	25/03/2024	14	25/03/2024	10	HAE	-6,4	0	-14,4	0	53,0	0	4,0	0	130,0	0	1008,0	0	1755,1	ERA5
1053951	25/03/2024	15	25/03/2024	11	HAE	-2,2	0	-11,8	0	48,0	0	5,0	0	120,0	0	1007,0	0	2279,2	ERA5
1053952	25/03/2024	16	25/03/2024	12	HAE	1,1	0	-12,4	0	36,0	0	4,0	0	120,0	0	1007,0	0	2640,8	ERA5
1053953	25/03/2024	17	25/03/2024	13	HAE	2,6	0	-12,2	0	33,0	0	10,0	0	110,0	0	1006,0	0	2836,8	ERA5
1053954	25/03/2024	18	25/03/2024	14	HAE	3,7	0	-12,4	0	30,0	0	8,0	0	110,0	0	1006,0	0	2793,6	ERA5
1053955	25/03/2024	19	25/03/2024	15	HAE	4,8	0	-12,1	0	28,0	0	8,0	0	100,0	0	1005,0	0	2535,0	ERA5
1053956	25/03/2024	20	25/03/2024	16	HAE	5,5	0	-11,9	0	27,0	0	11,0	0	160,0	0	1004,0	0	2099,9	ERA5
1053957	25/03/2024	21	25/03/2024	17	HAE	5,5	0	-10,8	0	30,0	0	15,0	0	130,0	0	1004,0	0	1503,0	ERA5
1053958	25/03/2024	22	25/03/2024	18	HAE	5,6	0	-10,1	0	31,0	0	18,0	0	120,0	0	1003,0	0	804,2	ERA5
1053959	25/03/2024	23	25/03/2024	19	HAE	4,2	0	-10,2	0	34,0	0	9,0	0	130,0	0	1003,0	0	213,2	ERA5
1053960	26/03/2024	00	25/03/2024	20	HAE	2,8	0	-11,6	0	34,0	0	9,0	0	140,0	0	1004,0	0	0,0	ERA5
1053961	26/03/2024	01	25/03/2024	21	HAE	1,7	0	-11,5	0	37,0	0	10,0	0	150,0	0	1004,0	0	0,0	ERA5
1053962	26/03/2024	02	25/03/2024	22	HAE	0,9	0	-11,1	0	40,0	0	9,0	0	140,0	0	1004,0	0	0,0	ERA5
1053963	26/03/2024	03	25/03/2024	23	HAE	-0,1	0	-10,8	0	44,0	0	14,0	0	150,0	0	1003,0	0	0,0	ERA5
1053964	26/03/2024	04	26/03/2024	00	HAE	-0,8	0	-11,0	0	46,0	0	6,0	0	160,0	0	1003,0	0	0,0	ERA5
1053965	26/03/2024	05	26/03/2024	01	HAE	-1,2	0	-11,5	0	46,0	0	2,0	0	180,0	0	1004,0	0	0,0	ERA5
1053966	26/03/2024	06	26/03/2024	02	HAE	-1,8	0	-11,2	0	49,0	0	4,0	0	150,0	0	1003,0	0	0,0	ERA5
1053967	26/03/2024	07	26/03/2024	03	HAE	-2,2	0	-10,6	0	52,0	0	13,0	0	150,0	0	1002,0	0	0,0	ERA5
1053968	26/03/2024	08	26/03/2024	04	HAE	-2,9	0	-10,2	0	57,0	0	9,0	0	160,0	0	1002,0	0	0,0	ERA5
1053969	26/03/2024	09	26/03/2024	05	HAE	-3,2	0	-9,8	0	60,0	0	9,0	0	150,0	0	1002,0	0	0,0	ERA5
1053970	26/03/2024	10	26/03/2024	06	HAE	-3,7	0	-9,8	0	63,0	0	5,0	0	180,0	0	1002,0	0	0,0	ERA5
1053971	26/03/2024	11	26/03/2024	07	HAE	-3,5	0	-10,0	0	61,0	0	5,0	0	140,0	0	1002,0	0	22,0	ERA5
1053972	26/03/2024	12	26/03/2024	08	HAE	-2,6	0	-9,7	0	58,0	0	10,0	0	140,0	0	1002,0	0	430,2	ERA5
1053973	26/03/2024	13	26/03/2024	09	HAE	-1,0	0	-10,0	0	51,0	0	15,0	0	130,0	0	1001,0	0	1087,9	ERA5
1053974	26/03/2024	14	26/03/2024	10	HAE	1,4	0	-9,6	0	44,0	0	16,0	0	120,0	0	1000,0	0	1734,4	ERA5
1053975	26/03/2024	15	26/03/2024	11	HAE	5,2	0	-10,6	0	31,0	0	13,0	0	120,0	0	1000,0	0	2169,0	ERA5
1053976	26/03/2024	16	26/03/2024	12	HAE	7,2	0	-6,9	0	36,0	0	13,0	0	110,0	0	1000,0	0	2246,3	ERA5
1053977	26/03/2024	17	26/03/2024	13	HAE	8,5	0	-2,7	0	45,0	0	14,0	0	120,0	0	999,0	0	1994,2	ERA5
1053978	26/03/2024	18	26/03/2024	14	HAE	9,2	0	-1,1	0	48,0	0	16,0	0	130,0	0	998,0	0	2013,3	ERA5
1053979	26/03/2024	19	26/03/2024	15	HAE	9,2	0	-0,5	0	51,0	0	16,0	0	110,0	0	997,0	0	1764,1	ERA5
1053980	26/03/2024	20	26/03/2024	16	HAE	9,1	0	0,6	0	55,0	0	14,0	0	100,0	0	997,0	0	1176,8	ERA5
1053981	26/03/2024	21	26/03/2024	17	HAE	8,8	0	0,4	0	56,0	0	14,0	0	110,0	0	997,0	0	656,8	ERA5
1053982	26/03/2024	22	26/03/2024	18	HAE	8,1	0	0,3	0	58,0	0	13,0	0	130,0	0	996,0	0	223,3	ERA5
1053983	26/03/2024	23	26/03/2024	19	HAE	6,7	0	-2,6	0	52,0	0	14,0	0	110,0	0	996,0	0	63,6	ERA5
1053984	27/03/2024	00	26/03/2024	20	HAE	6,0	0	-2,8	0	54,0	0	18,0	0	120,0	0	996,0	0	0,0	ERA5
1053985	27/03/2024	01	26/03/2024	21	HAE	5,4	0	-3,3	0	53,0	0	12,0	0	110,0	0	995,0	0	0,0	ERA5
1053986	27/03/2024	02	26/03/2024	22	HAE	4,7	0	-3,7	0	54,0	0	10,0	0	120,0	0	994,0	0	0,0	ERA5
1053987	27/03/2024	03	26/03/2024	23	HAE	4,2	0	-2,4	0	62,0	0	5,0	0	140,0	0	994,0	0	0,0	ERA5
1053988	27/03/2024	04	27/03/2024	00	HAE	3,1	0	-0,75	4.lineaire	80,0	0	7,0	0	150,0	0	994,0	0	0,0	ERA5
1053989	27/03/2024	05	27/03/2024	01	HAE	3,1	0	0,9	0	86,0	0	9,0	0	140,0	0	992,0	0	0,0	ERA5
1053990	27/03/2024	06	27/03/2024	02	HAE	3,0	0	0,9	0	86,0	0	15,0	0	120,0	0	991,0	0	0,0	ERA5
1053991	27/03/2024	07	27/03/2024	03	HAE	2,8	0	0,7	0	86,0	0	13,0	0	140,0	0	991,0	0	0,0	ERA5
1053992	27/03/2024	08	27/03/2024	04	HAE	2,6	0	0,6	0	87,0	0	7,0	0	150,0	0	990,0	0	0,0	ERA5
1053993	27/03/2024	09	27/03/2024	05	HAE	2,7	0	0,6	0	86,0	0	10,0	0	140,0	0	989,0	0	0,0	ERA5
1053994	27/03/2024	10	27/03/2024	06	HAE	2,7	0	0,7	0	87,0	0	5,0	0	170,0	0	990,0	0	0,0	ERA5
1053995	27/03/2024	11	27/03/2024	07	HAE	2,6	0	0,8	0	88,0	0	11,0	0	140,0	0	990,0	0	4,5	ERA5
1053996	27/03/2024	12	27/03/2024	08	HAE	2,6	0	1,9	0	95,0	0	10,0	0	150,0	0	989,0	0	49,0	ERA5
1053997	27/03/2024	13	27/03/2024	09	HAE	3,1	0	2,4	0	95,0	0	6,0	0	140,0	0	990,0	0	161,7	ERA5
1053998	27/03/2024	14	27/03/2024	10	HAE	4,7	0	3,3	0	91,0	0	6,0	0	120,0	0	990,0	0	205,1	ERA5
1053999	27/03/2024	15	27/03/2024	11	HAE	5,9	0	3,4	0	84,0	0	9,0	0	130,0	0	990,0	0	579,8	ERA5
1054000	27/03/2024	16	27/03/2024	12	HAE	6,2	0	4,4	0	88,0	0	7,0	0	140,0	0	990,0	0	771,3	ERA5
1054001	27/03/2024	17	27/03/2024	13	HAE	6,5	0	5,3	0	92,0	0	3,0	0	180,0	0	990,0	0	455,6	ERA5
1054002	27/03/2024	18	27/03/2024	14	HAE	6,4	0	6,0	0	97,0	0	5,0	0	230,0	0	988,0	0	769,5	ERA5
1054003	27/03/2024	19	27/03/2024	15	HAE	6,4	0	5,8	0	96,0	0	8,0	0	290,0	0	989,0	0	1998,8	ERA5
1054004	27/03/2024	20	27/03/2024	16	HAE	6,5	0	6,0	0	97,0	0	4,0	0	190,0	0	988,0	0	1344,9	ERA5
1054005	27/03/2024	21	27/03/2024	17	HAE	6,2	0	5,8	0	97,0	0	1,0	0	250,0	0	988,0	0	676,5	ERA5
1054006	27/03/2024	22	27/03/2024	18	HAE	7,0	0	6,9	0	99,0	0	5,0	0	170,0	0	987,0	0	398,6	ERA5
1054007	27/03/2024	23	27/03/2024	19	HAE	6,1	0	5,8	0	98,0	0	3,0	0	310,0	0	988,0	0	56,2	ERA5
1054008	28/03/2024	00	27/03/2024	20	HAE	6,3	0	6,1	0	99,0	0	4,0	0	240,0	0	989,0	0	0,1	ERA5
1054009	28/03/2024	01	27/03/2024	21	HAE	5,4	0	5,3	0	99,0	0	4,0	0	220,0	0	989,0	0	0,0	ERA5
1054010	28/03/2024	02	27/03/2024	22	HAE	5,6	0	5,5	0	99,0	0	5,0	0	210,0	0	989,0	0	0,0	ERA5
1054011	28/03/2024	03	27/03/2024	23	HAE	4,2	0	4,1	0	99,0	0	1,0	0	60,0	0	989,0	0	0,0	ERA5
1054012	28/03/2024	04	28/03/2024	00	HAE	3,5	0	3,4	0	99,0	0	0,0	0	0,0	0	988,0	0	0,0	ERA5
1054013	28/03/2024	05	28/03/2024	01	HAE	2,8	0	2,8	0	100,0	0	0,0	0	0,0	0	988,0	0	0,0	ERA5
1054014	28/03/2024	06	28/03/2024	02	HAE	2,8	0	2,8	0	100,0	0	5,0	0	190,0	0	988,0	0	0,0	ERA5
1054015	28/03/2024	07	28/03/2024	03	HAE	2,9	0	2,9	0	100,0	0	7,0	0	180,0	0	988,0	0	0,0	ERA5
1054016	28/03/2024	08	28/03/2024	04	HAE	2,9	0	2,9	0	100,0	0	6,0	0	170,0	0	988,0	0	0,0	ERA5
1054017	28/03/2024	09	28/03/2024	05	HAE	2,6	0	2,5	0	100,0	0	2,0	0	170,0	0	987,0	0	0,0	ERA5
1054018	28/03/2024	10	28/03/2024	06	HAE	2,8	0	2,7	0	100,0	0	2,0	0	200,0	0	987,0	0	0,0	ERA5
1054019	28/03/2024	11	28/03/2024	07	HAE	2,3	0	2,3	0	100,0	0	0,0	0	0,0	0	988,0	0	13,2	ERA5
1054020	28/03/2024	12	28/03/2024	08	HAE	2,6	0	2,6	0	100,0	0	3,0	0	160,0	0	988,0	0	146,5	ERA5
1054021	28/03/2024	13	28/03/2024	09	HAE	2,6	0	2,6	0	100,0	0	1,0	0	360,0	0	988,0	0	284,9	ERA5
1054022	28/03/2024	14	28/03/2024	10	HAE	3,3	0	3,3	0	100,0	0	0,0	0	0,0	0	988,0	0	314,2	ERA5
1054023	28/03/2024	15	28/03/2024	11	HAE	3,7	0	3,7	0	100,0	0	0,0	0	150,0	0	987,0	0	610,6	ERA5
1054024	28/03/2024	16	28/03/2024	12	HAE	4,8	0	4,8	0	100,0	0	3,0	0	110,0	0	987,0	0	822,8	ERA5
1054025	28/03/2024	17	28/03/2024	13	HAE	5,8	0	5,7	0	100,0	0	2,0	0	190,0	0	986,0	0	847,0	ERA5
1054026	28/03/2024	18	28/03/2024	14	HAE	6,4	0	5,5	0	94,0	0	4,0	0	220,0	0	986,0	0	719,2	ERA5
1054027	28/03/2024	19	28/03/2024	15	HAE	6,4	0	5,0	0	91,0	0	2,0	0	320,0	0	985,0	0	653,6	ERA5
1054028	28/03/2024	20	28/03/2024	16	HAE	6,3	0	4,6	0	89,0	0	2,0	0	210,0	0	985,0	0	477,2	ERA5
1054029	28/03/2024	21	28/03/2024	17	HAE	6,1	0	4,7	0	91,0	0	2,0	0	20,0	0	983,0	0	383,7	ERA5
1054030	28/03/2024	22	28/03/2024	18	HAE	5,7	0	4,0	0	89,0	0	2,0	0	280,0	0	985,0	0	281,3	ERA5
1054031	28/03/2024	23	28/03/2024	19	HAE	4,7	0	3,9	0	95,0	0	2,0	0	300,0	0	985,0	0	81,0	ERA5
1054032	29/03/2024	00	28/03/2024	20	HAE	4,1	0	3,5	0	96,0	0	2,0	0	200,0	0	984,0	0	0,1	ERA5
1054033	29/03/2024	01	28/03/2024	21	HAE	4,0	0	3,2	0	94,0	0	3,0	0	250,0	0	984,0	0	0,0	ERA5
1054034	29/03/2024	02	28/03/2024	22	HAE	3,4	0	2,9	0	96,0	0	1,0	0	320,0	0	984,0	0	0,0	ERA5
1054035	29/03/2024	03	28/03/2024	23	HAE	3,2	0	2,8	0	97,0	0	2,0	0	310,0	0	983,0	0	0,0	ERA5
1054036	29/03/2024	04	29/03/2024	00	HAE	3,5	0	1,2	0	85,0	0	2,0	0	230,0	0	983,0	0	0,0	ERA5
1054037	29/03/2024	05	29/03/2024	01	HAE	2,5	0	1,8	0	95,0	0	0,0	0	290,0	0	982,0	0	0,0	ERA5
1054038	29/03/2024	06	29/03/2024	02	HAE	2,2	0	1,4	0	95,0	0	0,0	0	360,0	0	982,0	0	0,0	ERA5
1054039	29/03/2024	07	29/03/2024	03	HAE	2,7	0	-0,9	0	77,0	0	2,0	0	250,0	0	981,0	0	0,0	ERA5
1054040	29/03/2024	08	29/03/2024	04	HAE	2,0	0	0,1	0	87,0	0	3,0	0	220,0	0	980,0	0	0,0	ERA5
1054041	29/03/2024	09	29/03/2024	05	HAE	1,4	0	-0,25	4.lineaire	90,0	0	4,0	0	320,0	0	979,0	0	0,0	ERA5
1054042	29/03/2024	10	29/03/2024	06	HAE	1,5	0	-0,6	0	85,0	0	6,0	0	330,0	0	979,0	0	0,0	ERA5
1054043	29/03/2024	11	29/03/2024	07	HAE	1,3	0	-0,9	0	85,0	0	4,0	0	310,0	0	979,0	0	15,4	ERA5
1054044	29/03/2024	12	29/03/2024	08	HAE	1,5	0	-0,8	0	84,0	0	7,0	0	300,0	0	978,0	0	176,3	ERA5
1054045	29/03/2024	13	29/03/2024	09	HAE	2,3	0	-0,2	4.lineaire	84,0	0	2,0	0	320,0	0	978,0	0	528,5	ERA5
1054046	29/03/2024	14	29/03/2024	10	HAE	3,4	0	0,4	0	81,0	0	6,0	0	300,0	0	977,0	0	816,8	ERA5
1054047	29/03/2024	15	29/03/2024	11	HAE	4,6	0	-0,2	0	71,0	0	10,0	0	310,0	0	976,0	0	941,4	ERA5
1054048	29/03/2024	16	29/03/2024	12	HAE	4,8	0	-2,8	0	58,0	0	10,0	0	320,0	0	975,0	0	1280,8	ERA5
1054049	29/03/2024	17	29/03/2024	13	HAE	4,7	0	-1,8	0	63,0	0	12,0	0	350,0	0	974,0	0	1692,1	ERA5
1054050	29/03/2024	18	29/03/2024	14	HAE	5,6	0	-5,0	0	46,0	0	9,0	0	330,0	0	973,0	0	1426,2	ERA5
1054051	29/03/2024	19	29/03/2024	15	HAE	6,6	0	-6,2	0	40,0	0	6,0	0	310,0	0	972,0	0	1360,8	ERA5
1054052	29/03/2024	20	29/03/2024	16	HAE	6,9	0	-6,4	0	38,0	0	6,0	0	320,0	0	971,0	0	1040,1	ERA5
1054053	29/03/2024	21	29/03/2024	17	HAE	6,7	0	-7,0	0	37,0	0	12,0	0	290,0	0	970,0	0	634,7	ERA5
1054054	29/03/2024	22	29/03/2024	18	HAE	6,3	0	-7,2	0	37,0	0	11,0	0	300,0	0	970,0	0	322,2	ERA5
1054055	29/03/2024	23	29/03/2024	19	HAE	5,6	0	-6,7	0	41,0	0	12,0	0	310,0	0	970,0	0	83,8	ERA5
1054056	30/03/2024	00	29/03/2024	20	HAE	5,0	0	-7,2	0	41,0	0	13,0	0	320,0	0	970,0	0	0,2	ERA5
1054057	30/03/2024	01	29/03/2024	21	HAE	4,7	0	-6,2	0	45,0	0	11,0	0	320,0	0	969,0	0	0,0	ERA5
1054058	30/03/2024	02	29/03/2024	22	HAE	4,2	0	-5,5	0	49,0	0	8,0	0	310,0	0	969,0	0	0,0	ERA5
1054059	30/03/2024	03	29/03/2024	23	HAE	3,2	0	-5,7	0	52,0	0	17,0	0	300,0	0	968,0	0	0,0	ERA5
1054060	30/03/2024	04	30/03/2024	00	HAE	2,1	0	-5,7	0	56,0	0	11,0	0	310,0	0	968,0	0	0,0	ERA5
1054061	30/03/2024	05	30/03/2024	01	HAE	1,3	0	-6,4	0	56,0	0	17,0	0	290,0	0	968,0	0	0,0	ERA5
1054062	30/03/2024	06	30/03/2024	02	HAE	0,9	0	-6,5	0	58,0	0	15,0	0	290,0	0	969,0	0	0,0	ERA5
1054063	30/03/2024	07	30/03/2024	03	HAE	0,5	0	-6,1	0	61,0	0	12,0	0	290,0	0	969,0	0	0,0	ERA5
1054064	30/03/2024	08	30/03/2024	04	HAE	-0,1	0	-6,4	0	62,0	0	10,0	0	300,0	0	969,0	0	0,0	ERA5
1054065	30/03/2024	09	30/03/2024	05	HAE	-0,7	0	-6,9	0	62,0	0	17,0	0	280,0	0	969,0	0	0,0	ERA5
1054066	30/03/2024	10	30/03/2024	06	HAE	-1,1	0	-8,1	0	59,0	0	19,0	0	300,0	0	970,0	0	0,0	ERA5
1054067	30/03/2024	11	30/03/2024	07	HAE	-1,6	0	-8,6	0	59,0	0	21,0	0	290,0	0	970,0	0	27,8	ERA5
1054068	30/03/2024	12	30/03/2024	08	HAE	-1,8	0	-8,7	0	59,0	0	15,0	0	290,0	0	971,0	0	324,1	ERA5
1054069	30/03/2024	13	30/03/2024	09	HAE	-1,9	0	-9,2	0	57,0	0	25,0	0	300,0	0	971,0	0	922,6	ERA5
1054070	30/03/2024	14	30/03/2024	10	HAE	-1,7	0	-9,5	0	55,0	0	21,0	0	300,0	0	972,0	0	1571,0	ERA5
1054071	30/03/2024	15	30/03/2024	11	HAE	-0,9	0	-9,5	0	52,0	0	18,0	0	290,0	0	972,0	0	2213,5	ERA5
1054072	30/03/2024	16	30/03/2024	12	HAE	-1,4	0	-10,1	0	52,0	0	14,0	0	300,0	0	973,0	0	2576,1	ERA5
1054073	30/03/2024	17	30/03/2024	13	HAE	-1,2	0	-9,3	0	54,0	0	14,0	0	270,0	0	974,0	0	2942,7	ERA5
1054074	30/03/2024	18	30/03/2024	14	HAE	0,6	0	-9,9	0	45,0	0	9,0	0	300,0	0	973,0	0	2968,0	ERA5
1054075	30/03/2024	19	30/03/2024	15	HAE	2,0	0	-10,2	0	40,0	0	11,0	0	280,0	0	973,0	0	2676,6	ERA5
1054076	30/03/2024	20	30/03/2024	16	HAE	2,6	0	-10,6	0	37,0	0	8,0	0	300,0	0	973,0	0	2255,1	ERA5
1054077	30/03/2024	21	30/03/2024	17	HAE	2,5	0	-10,6	0	37,0	0	13,0	0	290,0	0	973,0	0	1649,1	ERA5
1054078	30/03/2024	22	30/03/2024	18	HAE	2,3	0	-11,4	0	36,0	0	12,0	0	300,0	0	973,0	0	955,8	ERA5
1054079	30/03/2024	23	30/03/2024	19	HAE	1,7	0	-10,7	0	39,0	0	8,0	0	290,0	0	974,0	0	287,5	ERA5
1054080	31/03/2024	00	30/03/2024	20	HAE	0,9	0	-10,3	0	43,0	0	8,0	0	280,0	0	974,0	0	1,2	ERA5
1054081	31/03/2024	01	30/03/2024	21	HAE	0,4	0	-10,0	0	46,0	0	9,0	0	300,0	0	975,0	0	0,0	ERA5
1054082	31/03/2024	02	30/03/2024	22	HAE	-0,6	0	-9,8	0	50,0	0	9,0	0	300,0	0	975,0	0	0,0	ERA5
1054083	31/03/2024	03	30/03/2024	23	HAE	-1,2	0	-10,0	0	51,0	0	9,0	0	310,0	0	975,0	0	0,0	ERA5
1054084	31/03/2024	04	31/03/2024	00	HAE	-1,5	0	-10,1	0	52,0	0	11,0	0	300,0	0	975,0	0	0,0	ERA5
1054085	31/03/2024	05	31/03/2024	01	HAE	-1,8	0	-10,2	0	53,0	0	12,0	0	290,0	0	975,0	0	0,0	ERA5
1054086	31/03/2024	06	31/03/2024	02	HAE	-2,3	0	-10,1	0	55,0	0	7,0	0	290,0	0	975,0	0	0,0	ERA5
1054087	31/03/2024	07	31/03/2024	03	HAE	-2,9	0	-10,1	0	58,0	0	4,0	0	240,0	0	976,0	0	0,0	ERA5
1054088	31/03/2024	08	31/03/2024	04	HAE	-3,3	0	-10,0	0	60,0	0	2,0	0	310,0	0	976,0	0	0,0	ERA5
1054089	31/03/2024	09	31/03/2024	05	HAE	-3,8	0	-9,9	0	63,0	0	2,0	0	260,0	0	977,0	0	0,0	ERA5
1054090	31/03/2024	10	31/03/2024	06	HAE	-3,8	0	-9,7	0	64,0	0	7,0	0	280,0	0	977,0	0	0,0	ERA5
1054091	31/03/2024	11	31/03/2024	07	HAE	-3,6	0	-9,7	0	62,0	0	3,0	0	320,0	0	978,0	0	48,7	ERA5
1054092	31/03/2024	12	31/03/2024	08	HAE	-2,2	0	-9,5	0	58,0	0	8,0	0	320,0	0	979,0	0	550,0	ERA5
1054093	31/03/2024	13	31/03/2024	09	HAE	-0,5	0	-9,3	0	52,0	0	10,0	0	320,0	0	979,0	0	1227,1	ERA5
1054094	31/03/2024	14	31/03/2024	10	HAE	0,8	0	-9,2	0	47,0	0	8,0	0	310,0	0	979,0	0	1814,0	ERA5
1054095	31/03/2024	15	31/03/2024	11	HAE	2,0	0	-9,3	0	43,0	0	9,0	0	290,0	0	979,0	0	2259,1	ERA5
1054096	31/03/2024	16	31/03/2024	12	HAE	2,9	0	-10,5	0	37,0	0	11,0	0	300,0	0	979,0	0	2632,0	ERA5
1054097	31/03/2024	17	31/03/2024	13	HAE	3,1	0	-10,8	0	35,0	0	11,0	0	320,0	0	980,0	0	2681,0	ERA5
1054098	31/03/2024	18	31/03/2024	14	HAE	3,7	0	-10,2	0	35,0	0	11,0	0	300,0	0	980,0	0	2428,6	ERA5
1054099	31/03/2024	19	31/03/2024	15	HAE	4,4	0	-10,7	0	32,0	0	7,0	0	320,0	0	980,0	0	2311,5	ERA5
1054100	31/03/2024	20	31/03/2024	16	HAE	4,1	0	-11,9	0	30,0	0	18,0	0	290,0	0	981,0	0	1874,5	ERA5
1054101	31/03/2024	21	31/03/2024	17	HAE	4,7	0	-10,9	0	31,0	0	9,0	0	300,0	0	981,0	0	1143,5	ERA5
1054102	31/03/2024	22	31/03/2024	18	HAE	4,5	0	-11,3	0	31,0	0	11,0	0	320,0	0	982,0	0	724,6	ERA5
1054103	31/03/2024	23	31/03/2024	19	HAE	3,0	0	-10,2	0	37,0	0	6,0	0	290,0	0	982,0	0	247,9	ERA5
1054104	01/04/2024	00	31/03/2024	20	HAE	0,8	0	-9,9	0	45,0	0	2,0	0	270,0	0	983,0	0	1,7	ERA5
1054105	01/04/2024	01	31/03/2024	21	HAE	-0,3	0	-8,6	0	53,0	0	0,0	0	140,0	0	983,0	0	0,0	ERA5
1054106	01/04/2024	02	31/03/2024	22	HAE	-2,6	0	-8,2	0	65,0	0	0,0	0	140,0	0	984,0	0	0,0	ERA5
1054107	01/04/2024	03	31/03/2024	23	HAE	-3,3	0	-7,7	0	71,0	0	3,0	0	180,0	0	985,0	0	0,0	ERA5
1054108	01/04/2024	04	01/04/2024	00	HAE	-3,3	0	-7,9	0	70,0	0	5,0	0	170,0	0	985,0	0	0,0	ERA5
1054109	01/04/2024	05	01/04/2024	01	HAE	-3,1	0	-8,1	0	68,0	0	6,0	0	190,0	0	986,0	0	0,0	ERA5
1054110	01/04/2024	06	01/04/2024	02	HAE	-3,8	0	-7,7	0	74,0	0	4,0	0	190,0	0	986,0	0	0,0	ERA5
1054111	01/04/2024	07	01/04/2024	03	HAE	-3,9	0	-7,4	0	77,0	0	5,0	0	180,0	0	987,0	0	0,0	ERA5
1054112	01/04/2024	08	01/04/2024	04	HAE	-4,9	0	-7,9	0	79,0	0	1,0	0	170,0	0	987,0	0	0,0	ERA5
1054113	01/04/2024	09	01/04/2024	05	HAE	-6,5	0	-8,0	0	89,0	0	3,0	0	160,0	0	987,0	0	0,0	ERA5
1054114	01/04/2024	10	01/04/2024	06	HAE	-6,0	0	-8,3	0	83,0	0	4,0	0	170,0	0	987,0	0	0,0	ERA5
1054115	01/04/2024	11	01/04/2024	07	HAE	-5,8	0	-7,6	0	87,0	0	5,0	0	160,0	0	988,0	0	59,3	ERA5
1054116	01/04/2024	12	01/04/2024	08	HAE	-3,6	0	-7,7	0	73,0	0	7,0	0	160,0	0	988,0	0	561,0	ERA5
1054117	01/04/2024	13	01/04/2024	09	HAE	-1,0	0	-7,7	0	60,0	0	7,0	0	80,0	0	988,0	0	1231,0	ERA5
1054118	01/04/2024	14	01/04/2024	10	HAE	2,4	0	-6,8	0	51,0	0	3,0	0	50,0	0	988,0	0	1717,4	ERA5
1054119	01/04/2024	15	01/04/2024	11	HAE	4,9	0	-7,1	0	42,0	0	1,0	0	160,0	0	987,0	0	2117,2	ERA5
1054120	01/04/2024	16	01/04/2024	12	HAE	6,6	0	-6,5	0	38,0	0	5,0	0	350,0	0	987,0	0	2299,0	ERA5
1054121	01/04/2024	17	01/04/2024	13	HAE	6,8	0	-6,1	0	39,0	0	8,0	0	350,0	0	987,0	0	2036,8	ERA5
1054122	01/04/2024	18	01/04/2024	14	HAE	5,7	0	-4,0	0	49,0	0	9,0	0	360,0	0	987,0	0	1311,5	ERA5
1054123	01/04/2024	19	01/04/2024	15	HAE	5,7	0	-1,9	0	58,0	0	9,0	0	330,0	0	986,0	0	940,8	ERA5
1054124	01/04/2024	20	01/04/2024	16	HAE	5,5	0	-2,1	0	58,0	0	10,0	0	30,0	0	986,0	0	1063,0	ERA5
1054125	01/04/2024	21	01/04/2024	17	HAE	3,6	0	-1,2	0	71,0	0	7,0	0	350,0	0	987,0	0	647,7	ERA5
1054126	01/04/2024	22	01/04/2024	18	HAE	0,7	0	-0,2	0	94,0	0	11,0	0	320,0	0	987,0	0	235,0	ERA5
1054127	01/04/2024	23	01/04/2024	19	HAE	0,2	0	-0,1	0	98,0	0	7,0	0	320,0	0	988,0	0	53,8	ERA5
1054128	02/04/2024	00	01/04/2024	20	HAE	0,1	0	-0,1	0	98,0	0	4,0	0	330,0	0	989,0	0	0,5	ERA5
1054129	02/04/2024	01	01/04/2024	21	HAE	0,2	0	0,0	4.lineaire	99,0	0	1,0	0	320,0	0	990,0	0	0,0	ERA5
1054130	02/04/2024	02	01/04/2024	22	HAE	0,3	0	0,1	0	99,0	0	0,0	0	0,0	0	990,0	0	0,0	ERA5
1054131	02/04/2024	03	01/04/2024	23	HAE	-0,6	0	-0,9	0	98,0	0	5,0	0	310,0	0	990,0	0	0,0	ERA5
1054132	02/04/2024	04	02/04/2024	00	HAE	-1,1	0	-1,3	0	98,0	0	6,0	0	320,0	0	990,0	0	0,0	ERA5
1054133	02/04/2024	05	02/04/2024	01	HAE	-1,6	0	-1,7	0	99,0	0	3,0	0	320,0	0	991,0	0	0,0	ERA5
1054134	02/04/2024	06	02/04/2024	02	HAE	-1,8	0	-2,0	0	99,0	0	2,0	0	290,0	0	991,0	0	0,0	ERA5
1054135	02/04/2024	07	02/04/2024	03	HAE	-2,2	0	-2,3	0	99,0	0	1,0	0	350,0	0	991,0	0	0,0	ERA5
1054136	02/04/2024	08	02/04/2024	04	HAE	-2,4	0	-2,5	0	99,0	0	4,0	0	320,0	0	991,0	0	0,0	ERA5
1054137	02/04/2024	09	02/04/2024	05	HAE	-3,1	0	-3,3	0	99,0	0	4,0	0	330,0	0	991,0	0	0,0	ERA5
1054138	02/04/2024	10	02/04/2024	06	HAE	-3,9	0	-4,2	0	98,0	0	0,0	0	250,0	0	992,0	0	0,0	ERA5
1054139	02/04/2024	11	02/04/2024	07	HAE	-4,1	0	-4,4	0	97,0	0	2,0	0	350,0	0	992,0	0	59,4	ERA5
1054140	02/04/2024	12	02/04/2024	08	HAE	-3,6	0	-4,0	0	97,0	0	1,0	0	90,0	0	993,0	0	512,4	ERA5
1054141	02/04/2024	13	02/04/2024	09	HAE	-3,2	0	-3,7	0	96,0	0	3,0	0	70,0	0	992,0	0	1157,6	ERA5
1054142	02/04/2024	14	02/04/2024	10	HAE	-2,3	0	-3,0	0	95,0	0	3,0	0	70,0	0	993,0	0	1852,7	ERA5
1054143	02/04/2024	15	02/04/2024	11	HAE	0,4	0	-2,1	0	83,0	0	2,0	0	10,0	0	993,0	0	2394,2	ERA5
1054144	02/04/2024	16	02/04/2024	12	HAE	3,2	0	-2,2	0	68,0	0	6,0	0	10,0	0	992,0	0	2819,2	ERA5
1054145	02/04/2024	17	02/04/2024	13	HAE	5,4	0	-0,5	0	66,0	0	4,0	0	320,0	0	991,0	0	2844,6	ERA5
1054146	02/04/2024	18	02/04/2024	14	HAE	6,1	0	-2,2	0	55,0	0	9,0	0	310,0	0	990,0	0	2834,8	ERA5
1054147	02/04/2024	19	02/04/2024	15	HAE	7,1	0	-4,1	0	45,0	0	7,0	0	280,0	0	990,0	0	2285,3	ERA5
1054148	02/04/2024	20	02/04/2024	16	HAE	7,6	0	-5,5	0	39,0	0	5,0	0	20,0	0	990,0	0	1859,2	ERA5
1054149	02/04/2024	21	02/04/2024	17	HAE	7,6	0	-5,3	0	39,0	0	7,0	0	320,0	0	989,0	0	1487,9	ERA5
1054150	02/04/2024	22	02/04/2024	18	HAE	8,1	0	-5,8	0	37,0	0	8,0	0	80,0	0	989,0	0	859,8	ERA5
1054151	02/04/2024	23	02/04/2024	19	HAE	6,0	0	-4,4	0	47,0	0	0,0	0	0,0	0	989,0	0	318,2	ERA5
1054152	03/04/2024	00	02/04/2024	20	HAE	3,3	0	-4,7	0	56,0	0	0,0	0	360,0	0	990,0	0	3,6	ERA5
1054153	03/04/2024	01	02/04/2024	21	HAE	2,4	0	-5,3	0	57,0	0	2,0	0	260,0	0	990,0	0	0,0	ERA5
1054154	03/04/2024	02	02/04/2024	22	HAE	0,9	0	-7,0	0	55,0	0	1,0	0	140,0	0	989,0	0	0,0	ERA5
1054155	03/04/2024	03	02/04/2024	23	HAE	2,2	0	-8,0	0	47,0	0	7,0	0	180,0	0	989,0	0	0,0	ERA5
1054156	03/04/2024	04	03/04/2024	00	HAE	0,9	0	-7,9	0	52,0	0	4,0	0	190,0	0	990,0	0	0,0	ERA5
1054157	03/04/2024	05	03/04/2024	01	HAE	0,9	4.constant	-7,6	0	57,0	0	5,0	0	170,0	0	990,0	0	0,0	ERA5
1054158	03/04/2024	06	03/04/2024	02	HAE	-0,4	0	-7,6	0	58,0	0	5,0	0	140,0	0	989,0	0	0,0	ERA5
1054159	03/04/2024	07	03/04/2024	03	HAE	-0,3	0	-7,3	0	59,0	0	4,0	0	160,0	0	989,0	0	0,0	ERA5
1054160	03/04/2024	08	03/04/2024	04	HAE	-1,3	0	-6,9	0	66,0	0	7,0	0	160,0	0	989,0	0	0,0	ERA5
1054161	03/04/2024	09	03/04/2024	05	HAE	-1,7	0	-6,2	0	71,0	0	12,0	0	130,0	0	989,0	0	0,0	ERA5
1054162	03/04/2024	10	03/04/2024	06	HAE	-1,9	0	-6,0	0	74,0	0	9,0	0	130,0	0	989,0	0	0,0	ERA5
1054163	03/04/2024	11	03/04/2024	07	HAE	-1,2	0	-4,7	0	77,0	0	7,0	0	110,0	0	990,0	0	60,7	ERA5
1054164	03/04/2024	12	03/04/2024	08	HAE	0,7	0	-3,9	0	71,0	0	16,0	0	90,0	0	990,0	0	387,5	ERA5
1054165	03/04/2024	13	03/04/2024	09	HAE	2,5	0	-4,6	0	60,0	0	20,0	0	100,0	0	990,0	0	1034,6	ERA5
1054166	03/04/2024	14	03/04/2024	10	HAE	3,8	0	-5,0	0	53,0	0	11,0	0	100,0	0	990,0	0	1447,5	ERA5
1054167	03/04/2024	15	03/04/2024	11	HAE	4,3	0	-5,7	0	48,0	0	24,0	0	70,0	0	989,0	0	2064,6	ERA5
1054168	03/04/2024	16	03/04/2024	12	HAE	5,6	0	-6,9	0	40,0	0	29,0	0	110,0	0	989,0	0	2509,0	ERA5
1054169	03/04/2024	17	03/04/2024	13	HAE	7,0	0	-7,1	0	36,0	0	20,0	0	100,0	0	988,0	0	2795,7	ERA5
1054170	03/04/2024	18	03/04/2024	14	HAE	7,5	0	-7,4	0	34,0	0	22,0	0	120,0	0	988,0	0	2819,6	ERA5
1054171	03/04/2024	19	03/04/2024	15	HAE	7,1	0	-7,0	0	36,0	0	26,0	0	130,0	0	987,0	0	2217,7	ERA5
1054172	03/04/2024	20	03/04/2024	16	HAE	6,5	0	-7,5	0	36,0	0	35,0	0	140,0	0	987,0	0	1689,5	ERA5
1054173	03/04/2024	21	03/04/2024	17	HAE	6,1	0	-6,9	0	39,0	0	21,0	0	140,0	0	986,0	0	957,3	ERA5
1054174	03/04/2024	22	03/04/2024	18	HAE	5,3	0	-7,0	0	41,0	0	22,0	0	110,0	0	986,0	0	442,7	ERA5
1054175	03/04/2024	23	03/04/2024	19	HAE	4,3	0	-6,5	0	45,0	0	27,0	0	110,0	0	986,0	0	129,9	ERA5
1054176	04/04/2024	00	03/04/2024	20	HAE	3,6	0	-6,8	0	46,0	0	16,0	0	110,0	0	987,0	0	2,3	ERA5
1054177	04/04/2024	01	03/04/2024	21	HAE	3,4	0	-6,9	0	47,0	0	19,0	0	110,0	0	987,0	0	0,0	ERA5
1054178	04/04/2024	02	03/04/2024	22	HAE	2,8	0	-7,2	0	48,0	0	29,0	0	110,0	0	986,0	0	0,0	ERA5
1054179	04/04/2024	03	03/04/2024	23	HAE	2,3	0	-7,2	0	49,0	0	21,0	0	110,0	0	987,0	0	0,0	ERA5
1054180	04/04/2024	04	04/04/2024	00	HAE	1,7	0	-8,8	0	46,0	0	24,0	0	100,0	0	986,0	0	0,0	ERA5
1054181	04/04/2024	05	04/04/2024	01	HAE	0,9	0	-10,1	0	44,0	0	29,0	0	110,0	0	986,0	0	0,0	ERA5
1054182	04/04/2024	06	04/04/2024	02	HAE	0,5	0	-9,3	0	48,0	0	27,0	0	110,0	0	985,0	0	0,0	ERA5
1054183	04/04/2024	07	04/04/2024	03	HAE	0,1	0	-8,8	0	51,0	0	21,0	0	110,0	0	984,0	0	0,0	ERA5
1054184	04/04/2024	08	04/04/2024	04	HAE	-2,1	0	-4,8	0	81,0	0	18,0	0	110,0	0	984,0	0	0,0	ERA5
1054185	04/04/2024	09	04/04/2024	05	HAE	-1,1	0	-6,9	0	65,0	0	15,0	0	110,0	0	983,0	0	0,0	ERA5
1054186	04/04/2024	10	04/04/2024	06	HAE	-1,0	0	-8,6	0	56,0	0	18,0	0	100,0	0	982,0	0	0,0	ERA5
1054187	04/04/2024	11	04/04/2024	07	HAE	-1,1	0	-7,3	0	63,0	0	23,0	0	80,0	0	982,0	0	23,6	ERA5
1054188	04/04/2024	12	04/04/2024	08	HAE	-2,1	0	-4,4	0	84,0	0	14,0	0	90,0	0	982,0	0	124,3	ERA5
1054189	04/04/2024	13	04/04/2024	09	HAE	-1,4	0	-4,2	0	81,0	0	25,0	0	60,0	0	981,0	0	214,7	ERA5
1054190	04/04/2024	14	04/04/2024	10	HAE	-1,7	0	-3,2	0	89,0	0	21,0	0	70,0	0	980,0	0	296,6	ERA5
1054191	04/04/2024	15	04/04/2024	11	HAE	-0,7	0	-3,9	0	78,0	0	17,0	0	70,0	0	980,0	0	282,4	ERA5
1054192	04/04/2024	16	04/04/2024	12	HAE	-0,1	0	-3,5	0	78,0	0	25,0	0	70,0	0	979,0	0	568,0	ERA5
1054193	04/04/2024	17	04/04/2024	13	HAE	-0,1	0	-1,9	0	88,0	0	17,0	0	70,0	0	979,0	0	591,9	ERA5
1054194	04/04/2024	18	04/04/2024	14	HAE	-0,5	0	-1,5	0	93,0	0	18,0	0	40,0	0	979,0	0	578,9	ERA5
1054195	04/04/2024	19	04/04/2024	15	HAE	-0,5	0	-1,9	0	90,0	0	15,0	0	40,0	0	978,0	0	547,6	ERA5
1054196	04/04/2024	20	04/04/2024	16	HAE	-0,4	0	-1,2	0	94,0	0	10,0	0	50,0	0	977,0	0	385,7	ERA5
1054197	04/04/2024	21	04/04/2024	17	HAE	0,2	0	-1,7	0	87,0	0	16,0	0	50,0	0	977,0	0	250,4	ERA5
1054198	04/04/2024	22	04/04/2024	18	HAE	0,1	0	-1,2	0	91,0	0	12,0	0	40,0	0	977,0	0	213,8	ERA5
1054199	04/04/2024	23	04/04/2024	19	HAE	0,2	0	-2,0	0	85,0	0	17,0	0	30,0	0	976,0	0	52,6	ERA5
1054200	05/04/2024	00	04/04/2024	20	HAE	0,1	0	-2,0	0	86,0	0	13,0	0	60,0	0	976,0	0	1,4	ERA5
1054201	05/04/2024	01	04/04/2024	21	HAE	0,2	0	-2,2	0	83,0	0	13,0	0	40,0	0	975,0	0	0,0	ERA5
1054202	05/04/2024	02	04/04/2024	22	HAE	0,2	0	-2,3	0	83,0	0	12,0	0	60,0	0	975,0	0	0,0	ERA5
1054203	05/04/2024	03	04/04/2024	23	HAE	0,3	0	-1,9	0	85,0	0	11,0	0	50,0	0	974,0	0	0,0	ERA5
1054204	05/04/2024	04	05/04/2024	00	HAE	0,55	4.lineaire	-1,1	0	92,0	0	4,0	0	40,0	0	974,0	0	0,0	ERA5
1054205	05/04/2024	05	05/04/2024	01	HAE	0,8	0	-1,4	0	85,0	0	8,0	0	40,0	0	973,0	0	0,0	ERA5
1054206	05/04/2024	06	05/04/2024	02	HAE	0,9	0	-1,1	0	87,0	0	7,0	0	30,0	0	972,0	0	0,0	ERA5
1054207	05/04/2024	07	05/04/2024	03	HAE	0,9	0	-0,8	0	88,0	0	8,0	0	30,0	0	972,0	0	0,0	ERA5
1054208	05/04/2024	08	05/04/2024	04	HAE	1,4	0	-0,7	0	86,0	0	11,0	0	50,0	0	971,0	0	0,0	ERA5
1054209	05/04/2024	09	05/04/2024	05	HAE	1,5	0	-0,7	0	85,0	0	7,0	0	60,0	0	971,0	0	0,0	ERA5
1054210	05/04/2024	10	05/04/2024	06	HAE	1,8	0	-0,5	0	85,0	0	10,0	0	40,0	0	971,0	0	0,0	ERA5
1054211	05/04/2024	11	05/04/2024	07	HAE	2,0	0	-0,6	0	83,0	0	14,0	0	40,0	0	971,0	0	29,1	ERA5
1054212	05/04/2024	12	05/04/2024	08	HAE	2,2	0	-0,7	0	81,0	0	12,0	0	40,0	0	971,0	0	153,1	ERA5
1054213	05/04/2024	13	05/04/2024	09	HAE	3,1	0	-0,8	0	76,0	0	13,0	0	30,0	0	972,0	0	286,4	ERA5
1054214	05/04/2024	14	05/04/2024	10	HAE	4,1	0	-1,2	0	68,0	0	18,0	0	40,0	0	972,0	0	624,5	ERA5
1054215	05/04/2024	15	05/04/2024	11	HAE	4,3	0	-1,4	0	67,0	0	21,0	0	30,0	0	972,0	0	718,0	ERA5
1054216	05/04/2024	16	05/04/2024	12	HAE	4,5	0	-1,0	0	68,0	0	18,0	0	60,0	0	972,0	0	1064,0	ERA5
1054217	05/04/2024	17	05/04/2024	13	HAE	4,1	0	-1,1	0	69,0	0	17,0	0	40,0	0	972,0	0	1029,2	ERA5
1054218	05/04/2024	18	05/04/2024	14	HAE	3,0	0	-0,2	0	79,0	0	20,0	0	360,0	0	972,0	0	981,8	ERA5
1054219	05/04/2024	19	05/04/2024	15	HAE	3,8	0	-0,9	0	71,0	0	11,0	0	30,0	0	973,0	0	821,8	ERA5
1054220	05/04/2024	20	05/04/2024	16	HAE	1,2	0	0,1	0	93,0	0	11,0	0	340,0	0	973,0	0	548,5	ERA5
1054221	05/04/2024	21	05/04/2024	17	HAE	0,8	0	0,2	0	96,0	0	6,0	0	310,0	0	974,0	0	555,9	ERA5
1054222	05/04/2024	22	05/04/2024	18	HAE	0,8	0	-0,2	0	93,0	0	11,0	0	340,0	0	975,0	0	345,3	ERA5
1054223	05/04/2024	23	05/04/2024	19	HAE	0,5	0	-1,0	0	90,0	0	13,0	0	330,0	0	975,0	0	167,2	ERA5
1054224	06/04/2024	00	05/04/2024	20	HAE	0,233333	4.lineaire	-1,3	0	91,0	0	11,0	0	330,0	0	976,0	0	4,1	ERA5
1054225	06/04/2024	01	05/04/2024	21	HAE	-0,0333333	4.lineaire	-1,8	0	88,0	0	9,0	0	330,0	0	976,0	0	0,0	ERA5
1054226	06/04/2024	02	05/04/2024	22	HAE	-0,3	0	-2,2	0	87,0	0	11,0	0	340,0	0	977,0	0	0,0	ERA5
1054227	06/04/2024	03	05/04/2024	23	HAE	-0,2	0	-2,3	0	86,0	0	13,0	0	330,0	0	977,0	0	0,0	ERA5
1054228	06/04/2024	04	06/04/2024	00	HAE	-0,3	0	-2,0	0	88,0	0	11,0	0	320,0	0	977,0	0	0,0	ERA5
1054229	06/04/2024	05	06/04/2024	01	HAE	-0,2	0	-1,8	0	89,0	0	7,0	0	340,0	0	977,0	0	0,0	ERA5
1054230	06/04/2024	06	06/04/2024	02	HAE	-0,2	0	-2,0	0	87,0	0	11,0	0	340,0	0	977,0	0	0,0	ERA5
1054231	06/04/2024	07	06/04/2024	03	HAE	-0,15	4.lineaire	-2,4	0	84,0	0	9,0	0	330,0	0	978,0	0	0,0	ERA5
1054232	06/04/2024	08	06/04/2024	04	HAE	-0,1	0	-2,0	0	87,0	0	9,0	0	320,0	0	978,0	0	0,0	ERA5
1054233	06/04/2024	09	06/04/2024	05	HAE	-0,3	0	-1,7	0	91,0	0	9,0	0	340,0	0	979,0	0	0,0	ERA5
1054234	06/04/2024	10	06/04/2024	06	HAE	-0,5	0	-1,5	0	93,0	0	11,0	0	330,0	0	979,0	0	0,0	ERA5
1054235	06/04/2024	11	06/04/2024	07	HAE	-0,2	4.lineaire	-2,0	0	86,0	0	11,0	0	330,0	0	980,0	0	40,6	ERA5
1054236	06/04/2024	12	06/04/2024	08	HAE	0,1	0	-1,6	0	88,0	0	11,0	0	330,0	0	981,0	0	198,9	ERA5
1054237	06/04/2024	13	06/04/2024	09	HAE	0,3	0	-0,9	0	91,0	0	10,0	0	330,0	0	981,0	0	504,4	ERA5
1054238	06/04/2024	14	06/04/2024	10	HAE	1,8	0	-1,45	4.lineaire	88,0	0	11,0	0	350,0	0	982,0	0	622,8	ERA5
1054239	06/04/2024	15	06/04/2024	11	HAE	3,0	0	-2,0	0	70,0	0	15,0	0	40,0	0	982,0	0	1189,4	ERA5
1054240	06/04/2024	16	06/04/2024	12	HAE	3,8	0	-1,3	0	70,0	0	9,0	0	30,0	0	983,0	0	1278,7	ERA5
1054241	06/04/2024	17	06/04/2024	13	HAE	4,3	0	-1,0	0	68,0	0	16,0	0	50,0	0	983,0	0	1237,1	ERA5
1054242	06/04/2024	18	06/04/2024	14	HAE	2,7	0	-0,2	0	81,0	0	8,0	0	350,0	0	984,0	0	1352,5	ERA5
1054243	06/04/2024	19	06/04/2024	15	HAE	3,0	0	-1,8	0	71,0	0	13,0	0	360,0	0	984,0	0	1449,2	ERA5
1054244	06/04/2024	20	06/04/2024	16	HAE	3,3	0	-2,0	0	68,0	0	14,0	0	20,0	0	984,0	0	1208,0	ERA5
1054245	06/04/2024	21	06/04/2024	17	HAE	3,1	0	-2,4	0	67,0	0	19,0	0	10,0	0	985,0	0	681,3	ERA5
1054246	06/04/2024	22	06/04/2024	18	HAE	2,3	0	-2,2	0	72,0	0	9,0	0	10,0	0	986,0	0	466,8	ERA5
1054247	06/04/2024	23	06/04/2024	19	HAE	1,6	0	-2,4	0	75,0	0	12,0	0	10,0	0	986,0	0	185,8	ERA5
1054248	07/04/2024	00	06/04/2024	20	HAE	1,1	0	-2,3	0	78,0	0	8,0	0	360,0	0	987,0	0	5,4	ERA5
1054249	07/04/2024	01	06/04/2024	21	HAE	0,7	0	-2,6	0	78,0	0	4,0	0	10,0	0	987,0	0	0,0	ERA5
1054250	07/04/2024	02	06/04/2024	22	HAE	0,1	0	-2,7	0	81,0	0	7,0	0	340,0	0	988,0	0	0,0	ERA5
1054251	07/04/2024	03	06/04/2024	23	HAE	-0,2	0	-2,6	0	84,0	0	7,0	0	320,0	0	988,0	0	0,0	ERA5
1054252	07/04/2024	04	07/04/2024	00	HAE	-0,5	0	-2,5	0	86,0	0	9,0	0	310,0	0	988,0	0	0,0	ERA5
1054253	07/04/2024	05	07/04/2024	01	HAE	-0,6	0	-2,2	0	89,0	0	6,0	0	320,0	0	988,0	0	0,0	ERA5
1054254	07/04/2024	06	07/04/2024	02	HAE	-0,9	0	-2,4	0	90,0	0	7,0	0	300,0	0	988,0	0	0,0	ERA5
1054255	07/04/2024	07	07/04/2024	03	HAE	-1,1	0	-2,5	0	90,0	0	7,0	0	310,0	0	988,0	0	0,0	ERA5
1054256	07/04/2024	08	07/04/2024	04	HAE	-1,1	0	-2,5	0	90,0	0	6,0	0	320,0	0	989,0	0	0,0	ERA5
1054257	07/04/2024	09	07/04/2024	05	HAE	-1,0	0	-2,5	0	90,0	0	4,0	0	320,0	0	989,0	0	0,0	ERA5
1054258	07/04/2024	10	07/04/2024	06	HAE	-1,1	0	-2,8	0	88,0	0	7,0	0	340,0	0	990,0	0	0,0	ERA5
1054259	07/04/2024	11	07/04/2024	07	HAE	-1,8	0	-3,3	0	90,0	0	5,0	0	300,0	0	991,0	0	87,9	ERA5
1054260	07/04/2024	12	07/04/2024	08	HAE	-0,5	0	-3,5	0	80,0	0	10,0	0	330,0	0	991,0	0	550,5	ERA5
1054261	07/04/2024	13	07/04/2024	09	HAE	2,0	0	-3,8	0	65,0	0	13,0	0	340,0	0	991,0	0	1147,2	ERA5
1054262	07/04/2024	14	07/04/2024	10	HAE	4,9	0	-4,3	0	51,0	0	11,0	0	30,0	0	991,0	0	1831,7	ERA5
1054263	07/04/2024	15	07/04/2024	11	HAE	6,7	0	-3,6	0	48,0	0	9,0	0	20,0	0	991,0	0	2504,4	ERA5
1054264	07/04/2024	16	07/04/2024	12	HAE	7,6	0	-3,2	0	46,0	0	10,0	0	20,0	0	991,0	0	2959,5	ERA5
1054265	07/04/2024	17	07/04/2024	13	HAE	8,8	0	-3,6	0	41,0	0	12,0	0	30,0	0	991,0	0	3096,5	ERA5
1054266	07/04/2024	18	07/04/2024	14	HAE	9,7	0	-4,1	0	38,0	0	13,0	0	30,0	0	991,0	0	3038,0	ERA5
1054267	07/04/2024	19	07/04/2024	15	HAE	9,2	0	-5,2	0	36,0	0	17,0	0	20,0	0	991,0	0	2774,4	ERA5
1054268	07/04/2024	20	07/04/2024	16	HAE	10,4	0	-5,9	0	31,0	0	13,0	0	360,0	0	990,0	0	2328,2	ERA5
1054269	07/04/2024	21	07/04/2024	17	HAE	10,7	0	-4,7	0	33,0	0	10,0	0	20,0	0	990,0	0	1736,5	ERA5
1054270	07/04/2024	22	07/04/2024	18	HAE	10,0	0	-2,4	0	42,0	0	9,0	0	340,0	0	990,0	0	1054,9	ERA5
1054271	07/04/2024	23	07/04/2024	19	HAE	7,6	0	-1,4	0	53,0	0	6,0	0	310,0	0	990,0	0	380,4	ERA5
1054272	08/04/2024	00	07/04/2024	20	HAE	6,0	0	-1,5	0	59,0	0	6,0	0	310,0	0	991,0	0	11,2	ERA5
1054273	08/04/2024	01	07/04/2024	21	HAE	5,1	0	-0,8	0	66,0	0	6,0	0	290,0	0	991,0	0	0,0	ERA5
1054274	08/04/2024	02	07/04/2024	22	HAE	1,9	0	-2,4	0	73,0	0	0,0	0	290,0	0	991,0	0	0,0	ERA5
1054275	08/04/2024	03	07/04/2024	23	HAE	0,4	0	-2,5	0	81,0	0	1,0	0	260,0	0	991,0	0	0,0	ERA5
1054276	08/04/2024	04	08/04/2024	00	HAE	-0,6	0	-2,4	0	87,0	0	1,0	0	50,0	0	991,0	0	0,0	ERA5
1054277	08/04/2024	05	08/04/2024	01	HAE	-2,0	0	-3,4	0	90,0	0	0,0	0	0,0	0	991,0	0	0,0	ERA5
1054278	08/04/2024	06	08/04/2024	02	HAE	-1,7	0	-3,3	0	89,0	0	6,0	0	180,0	0	990,0	0	0,0	ERA5
1054279	08/04/2024	07	08/04/2024	03	HAE	-1,8	0	-3,3	0	89,0	0	3,0	0	180,0	0	991,0	0	0,0	ERA5
1054280	08/04/2024	08	08/04/2024	04	HAE	-2,1	0	-3,9	0	88,0	0	1,0	0	240,0	0	991,0	0	0,0	ERA5
1054281	08/04/2024	09	08/04/2024	05	HAE	-2,9	0	-3,9	0	93,0	0	4,0	0	170,0	0	990,0	0	0,0	ERA5
1054282	08/04/2024	10	08/04/2024	06	HAE	-3,1	0	-4,2	0	92,0	0	4,0	0	170,0	0	990,0	0	0,0	ERA5
1054283	08/04/2024	11	08/04/2024	07	HAE	-2,7	0	-4,0	0	90,0	0	6,0	0	160,0	0	991,0	0	126,6	ERA5
1054284	08/04/2024	12	08/04/2024	08	HAE	-0,4	0	-2,6	0	85,0	0	6,0	0	130,0	0	990,0	0	707,9	ERA5
1054285	08/04/2024	13	08/04/2024	09	HAE	2,3	0	-2,2	0	72,0	0	5,0	0	130,0	0	990,0	0	1404,2	ERA5
1054286	08/04/2024	14	08/04/2024	10	HAE	6,7	0	-0,7	0	59,0	0	1,0	0	330,0	0	990,0	0	2052,4	ERA5
1054287	08/04/2024	15	08/04/2024	11	HAE	11,4	0	0,4	0	47,0	0	8,0	0	360,0	0	989,0	0	2575,9	ERA5
1054288	08/04/2024	16	08/04/2024	12	HAE	14,3	0	-7,4	0	22,0	0	10,0	0	330,0	0	988,0	0	2931,9	ERA5
1054289	08/04/2024	17	08/04/2024	13	HAE	15,0	0	-9,8	0	17,0	0	10,0	0	300,0	0	988,0	0	3090,0	ERA5
1054290	08/04/2024	18	08/04/2024	14	HAE	15,4	0	-8,5	0	18,0	0	15,0	0	310,0	0	987,0	0	3035,6	ERA5
1054291	08/04/2024	19	08/04/2024	15	HAE	15,3	0	-9,0	0	18,0	0	8,0	0	310,0	0	987,0	0	2763,5	ERA5
1054292	08/04/2024	20	08/04/2024	16	HAE	13,3	0	-7,5	0	23,0	0	8,0	0	290,0	0	986,0	0	2317,0	ERA5
1054293	08/04/2024	21	08/04/2024	17	HAE	14,9	0	-7,5	0	21,0	0	8,0	0	270,0	0	986,0	0	1726,1	ERA5
1054294	08/04/2024	22	08/04/2024	18	HAE	14,8	0	-7,6	0	20,0	0	5,0	0	290,0	0	986,0	0	1048,8	ERA5
1054295	08/04/2024	23	08/04/2024	19	HAE	12,9	0	-6,0	0	26,0	0	2,0	0	240,0	0	986,0	0	382,9	ERA5
1054296	09/04/2024	00	08/04/2024	20	HAE	9,6	0	-5,0	0	35,0	0	2,0	0	290,0	0	986,0	0	13,0	ERA5
1054297	09/04/2024	01	08/04/2024	21	HAE	8,6	0	-4,6	0	39,0	0	0,0	0	0,0	0	987,0	0	0,0	ERA5
1054298	09/04/2024	02	08/04/2024	22	HAE	4,8	0	-4,0	0	53,0	0	5,0	0	210,0	0	987,0	0	0,0	ERA5
1054299	09/04/2024	03	08/04/2024	23	HAE	4,4	0	-3,6	0	56,0	0	2,0	0	20,0	0	987,0	0	0,0	ERA5
1054300	09/04/2024	04	09/04/2024	00	HAE	3,8	0	-3,5	0	59,0	0	2,0	0	300,0	0	988,0	0	0,0	ERA5
1054301	09/04/2024	05	09/04/2024	01	HAE	0,1	0	-4,7	0	70,0	0	2,0	0	290,0	0	988,0	0	0,0	ERA5
1054302	09/04/2024	06	09/04/2024	02	HAE	-1,0	0	-4,7	0	76,0	0	0,0	0	0,0	0	988,0	0	0,0	ERA5
1054303	09/04/2024	07	09/04/2024	03	HAE	-0,7	0	-4,5	0	76,0	0	4,0	0	220,0	0	989,0	0	0,0	ERA5
1054304	09/04/2024	08	09/04/2024	04	HAE	-2,5	0	-5,0	0	83,0	0	4,0	0	170,0	0	989,0	0	0,0	ERA5
1054305	09/04/2024	09	09/04/2024	05	HAE	-2,0	0	-5,0	0	80,0	0	1,0	0	220,0	0	989,0	0	0,0	ERA5
1054306	09/04/2024	10	09/04/2024	06	HAE	-3,0	0	-5,1	0	85,0	0	1,0	0	20,0	0	990,0	0	0,0	ERA5
1054307	09/04/2024	11	09/04/2024	07	HAE	-2,1	0	-4,2	0	86,0	0	1,0	0	140,0	0	991,0	0	137,5	ERA5
1054308	09/04/2024	12	09/04/2024	08	HAE	0,7	0	-3,2	0	75,0	0	1,0	0	90,0	0	991,0	0	723,2	ERA5
1054309	09/04/2024	13	09/04/2024	09	HAE	5,2	0	-2,4	0	58,0	0	5,0	0	120,0	0	991,0	0	1413,3	ERA5
1054310	09/04/2024	14	09/04/2024	10	HAE	7,1	0	-4,8	0	42,0	0	5,0	0	140,0	0	991,0	0	2055,2	ERA5
1054311	09/04/2024	15	09/04/2024	11	HAE	9,0	0	-5,5	0	35,0	0	8,0	0	110,0	0	991,0	0	2577,5	ERA5
1054312	09/04/2024	16	09/04/2024	12	HAE	10,3	0	-7,2	0	29,0	0	3,0	0	10,0	0	991,0	0	2923,3	ERA5
1054313	09/04/2024	17	09/04/2024	13	HAE	11,4	0	-6,6	0	28,0	0	6,0	0	50,0	0	990,0	0	3085,8	ERA5
1054314	09/04/2024	18	09/04/2024	14	HAE	12,5	0	-5,2	0	29,0	0	4,0	0	320,0	0	991,0	0	3028,7	ERA5
1054315	09/04/2024	19	09/04/2024	15	HAE	13,1	0	-6,6	0	25,0	0	11,0	0	330,0	0	990,0	0	2786,4	ERA5
1054316	09/04/2024	20	09/04/2024	16	HAE	13,6	0	-7,5	0	22,0	0	6,0	0	300,0	0	990,0	0	2340,0	ERA5
1054317	09/04/2024	21	09/04/2024	17	HAE	13,1	0	-9,7	0	19,0	0	4,0	0	260,0	0	989,0	0	1749,3	ERA5
1054318	09/04/2024	22	09/04/2024	18	HAE	12,8	0	-9,1	0	21,0	0	6,0	0	310,0	0	989,0	0	1070,0	ERA5
1054319	09/04/2024	23	09/04/2024	19	HAE	10,0	0	-2,0	0	43,0	0	8,0	0	340,0	0	990,0	0	398,3	ERA5
1054320	10/04/2024	00	09/04/2024	20	HAE	7,3	0	-2,0	0	52,0	0	4,0	0	360,0	0	990,0	0	15,5	ERA5
1054321	10/04/2024	01	09/04/2024	21	HAE	5,3	0	-3,6	0	53,0	0	2,0	0	320,0	0	991,0	0	0,0	ERA5
1054322	10/04/2024	02	09/04/2024	22	HAE	6,0	0	-7,8	0	36,0	0	5,0	0	180,0	0	991,0	0	0,0	ERA5
1054323	10/04/2024	03	09/04/2024	23	HAE	4,6	0	-11,6	0	30,0	0	13,0	0	170,0	0	991,0	0	0,0	ERA5
1054324	10/04/2024	04	10/04/2024	00	HAE	3,6	0	-10,8	0	34,0	0	9,0	0	150,0	0	991,0	0	0,0	ERA5
1054325	10/04/2024	05	10/04/2024	01	HAE	2,7	0	-9,5	0	40,0	0	7,0	0	170,0	0	991,0	0	0,0	ERA5
1054326	10/04/2024	06	10/04/2024	02	HAE	2,5	0	-8,7	0	44,0	0	6,0	0	160,0	0	991,0	0	0,0	ERA5
1054327	10/04/2024	07	10/04/2024	03	HAE	1,8	0	-8,2	0	48,0	0	5,0	0	180,0	0	990,0	0	0,0	ERA5
1054328	10/04/2024	08	10/04/2024	04	HAE	1,4	0	-7,7	0	51,0	0	6,0	0	180,0	0	990,0	0	0,0	ERA5
1054329	10/04/2024	09	10/04/2024	05	HAE	-0,5	0	-6,4	0	64,0	0	0,0	0	0,0	0	990,0	0	0,0	ERA5
1054330	10/04/2024	10	10/04/2024	06	HAE	0,2	0	-6,5	0	61,0	0	7,0	0	160,0	0	990,0	0	0,0	ERA5
1054331	10/04/2024	11	10/04/2024	07	HAE	1,2	0	-5,8	0	60,0	0	5,0	0	160,0	0	990,0	0	99,7	ERA5
1054332	10/04/2024	12	10/04/2024	08	HAE	2,1	0	-5,0	0	59,0	0	7,0	0	160,0	0	990,0	0	492,9	ERA5
1054333	10/04/2024	13	10/04/2024	09	HAE	3,9	0	-3,8	0	57,0	0	7,0	0	130,0	0	990,0	0	1013,9	ERA5
1054334	10/04/2024	14	10/04/2024	10	HAE	5,6	0	-3,3	0	52,0	0	10,0	0	130,0	0	990,0	0	1241,5	ERA5
1054335	10/04/2024	15	10/04/2024	11	HAE	8,6	0	-2,5	0	46,0	0	10,0	0	110,0	0	989,0	0	1930,8	ERA5
1054336	10/04/2024	16	10/04/2024	12	HAE	10,6	0	-2,2	0	41,0	0	10,0	0	140,0	0	989,0	0	2410,1	ERA5
1054337	10/04/2024	17	10/04/2024	13	HAE	12,6	0	-1,7	0	37,0	0	11,0	0	110,0	0	989,0	0	2474,2	ERA5
1054338	10/04/2024	18	10/04/2024	14	HAE	14,1	0	0,1	0	38,0	0	13,0	0	110,0	0	988,0	0	2202,2	ERA5
1054339	10/04/2024	19	10/04/2024	15	HAE	14,0	0	0,9	0	41,0	0	12,0	0	120,0	0	988,0	0	1639,0	ERA5
1054340	10/04/2024	20	10/04/2024	16	HAE	10,5	0	2,1	0	56,0	0	23,0	0	140,0	0	989,0	0	1592,7	ERA5
1054341	10/04/2024	21	10/04/2024	17	HAE	7,9	0	5,9	0	87,0	0	10,0	0	130,0	0	989,0	0	1085,7	ERA5
1054342	10/04/2024	22	10/04/2024	18	HAE	6,4	0	4,8	0	90,0	0	15,0	0	140,0	0	989,0	0	537,5	ERA5
1054343	10/04/2024	23	10/04/2024	19	HAE	5,7	0	4,8	0	94,0	0	12,0	0	140,0	0	989,0	0	209,5	ERA5
1054344	11/04/2024	00	10/04/2024	20	HAE	5,3	0	4,4	0	94,0	0	9,0	0	140,0	0	990,0	0	6,7	ERA5
1054345	11/04/2024	01	10/04/2024	21	HAE	4,8	0	4,0	0	95,0	0	12,0	0	140,0	0	990,0	0	0,0	ERA5
1054346	11/04/2024	02	10/04/2024	22	HAE	4,9	0	3,9	0	94,0	0	9,0	0	160,0	0	990,0	0	0,0	ERA5
1054347	11/04/2024	03	10/04/2024	23	HAE	4,6	0	4,1	0	97,0	0	10,0	0	160,0	0	990,0	0	0,0	ERA5
1054348	11/04/2024	04	11/04/2024	00	HAE	4,6	0	4,1	0	97,0	0	6,0	0	130,0	0	990,0	0	0,0	ERA5
1054349	11/04/2024	05	11/04/2024	01	HAE	4,4	0	4,1	0	98,0	0	9,0	0	140,0	0	990,0	0	0,0	ERA5
1054350	11/04/2024	06	11/04/2024	02	HAE	4,5	0	4,1	0	97,0	0	9,0	0	150,0	0	990,0	0	0,0	ERA5
1054351	11/04/2024	07	11/04/2024	03	HAE	4,3	0	3,9	0	97,0	0	6,0	0	160,0	0	990,0	0	0,0	ERA5
1054352	11/04/2024	08	11/04/2024	04	HAE	4,2	0	3,6	0	96,0	0	8,0	0	160,0	0	990,0	0	0,0	ERA5
1054353	11/04/2024	09	11/04/2024	05	HAE	4,1	0	3,7	0	97,0	0	8,0	0	160,0	0	990,0	0	0,0	ERA5
1054354	11/04/2024	10	11/04/2024	06	HAE	4,4	0	3,8	0	96,0	0	9,0	0	170,0	0	990,0	0	0,0	ERA5
1054355	11/04/2024	11	11/04/2024	07	HAE	4,4	0	3,9	0	96,0	0	8,0	0	170,0	0	990,0	0	58,6	ERA5
1054356	11/04/2024	12	11/04/2024	08	HAE	5,3	0	4,6	0	96,0	0	13,0	0	150,0	0	991,0	0	257,6	ERA5
1054357	11/04/2024	13	11/04/2024	09	HAE	6,4	0	5,3	0	92,0	0	12,0	0	130,0	0	991,0	0	182,7	ERA5
1054358	11/04/2024	14	11/04/2024	10	HAE	8,9	0	6,8	0	87,0	0	14,0	0	120,0	0	990,0	0	185,8	ERA5
1054359	11/04/2024	15	11/04/2024	11	HAE	10,8	0	6,5	0	75,0	0	15,0	0	110,0	0	990,0	0	423,4	ERA5
1054360	11/04/2024	16	11/04/2024	12	HAE	9,6	0	5,6	0	76,0	0	24,0	0	150,0	0	990,0	0	660,5	ERA5
1054361	11/04/2024	17	11/04/2024	13	HAE	9,8	0	6,0	0	77,0	0	13,0	0	120,0	0	990,0	0	603,2	ERA5
1054362	11/04/2024	18	11/04/2024	14	HAE	10,1	0	5,6	0	73,0	0	14,0	0	140,0	0	989,0	0	600,5	ERA5
1054363	11/04/2024	19	11/04/2024	15	HAE	8,6	0	5,3	0	80,0	0	20,0	0	130,0	0	989,0	0	747,1	ERA5
1054364	11/04/2024	20	11/04/2024	16	HAE	7,2	0	6,6	0	96,0	0	11,0	0	150,0	0	988,0	0	456,0	ERA5
1054365	11/04/2024	21	11/04/2024	17	HAE	7,1	0	6,7	0	97,0	0	11,0	0	150,0	0	988,0	0	183,9	ERA5
1054366	11/04/2024	22	11/04/2024	18	HAE	6,8	0	6,4	0	97,0	0	16,0	0	140,0	0	987,0	0	116,2	ERA5
1054367	11/04/2024	23	11/04/2024	19	HAE	6,5	0	5,7	0	95,0	0	11,0	0	150,0	0	987,0	0	60,9	ERA5
1054368	12/04/2024	00	11/04/2024	20	HAE	6,2	0	5,6	0	96,0	0	11,0	0	140,0	0	987,0	0	3,7	ERA5
1054369	12/04/2024	01	11/04/2024	21	HAE	6,1	0	5,6	0	96,0	0	12,0	0	140,0	0	987,0	0	0,0	ERA5
1054370	12/04/2024	02	11/04/2024	22	HAE	6,0	0	5,5	0	97,0	0	14,0	0	140,0	0	986,0	0	0,0	ERA5
1054371	12/04/2024	03	11/04/2024	23	HAE	5,9	0	5,3	0	96,0	0	11,0	0	150,0	0	986,0	0	0,0	ERA5
1054372	12/04/2024	04	12/04/2024	00	HAE	6,0	0	5,3	0	96,0	0	14,0	0	140,0	0	984,0	0	0,0	ERA5
1054373	12/04/2024	05	12/04/2024	01	HAE	6,0	0	5,4	0	96,0	0	11,0	0	160,0	0	984,0	0	0,0	ERA5
1054374	12/04/2024	06	12/04/2024	02	HAE	6,2	0	5,6	0	96,0	0	13,0	0	150,0	0	983,0	0	0,0	ERA5
1054375	12/04/2024	07	12/04/2024	03	HAE	6,7	0	6,0	0	95,0	0	13,0	0	160,0	0	982,0	0	0,0	ERA5
1054376	12/04/2024	08	12/04/2024	04	HAE	7,0	0	6,4	0	96,0	0	15,0	0	150,0	0	981,0	0	0,0	ERA5
1054377	12/04/2024	09	12/04/2024	05	HAE	7,4	0	7,0	0	98,0	0	9,0	0	160,0	0	979,0	0	0,0	ERA5
1054378	12/04/2024	10	12/04/2024	06	HAE	8,2	0	7,3	0	94,0	0	8,0	0	180,0	0	978,0	0	0,0	ERA5
1054379	12/04/2024	11	12/04/2024	07	HAE	8,4	0	7,5	0	94,0	0	8,0	0	160,0	0	977,0	0	35,7	ERA5
1054380	12/04/2024	12	12/04/2024	08	HAE	10,0	0	9,2	0	94,0	0	8,0	0	140,0	0	977,0	0	157,7	ERA5
1054381	12/04/2024	13	12/04/2024	09	HAE	11,5	0	10,2	0	92,0	0	15,0	0	140,0	0	975,0	0	260,0	ERA5
1054382	12/04/2024	14	12/04/2024	10	HAE	11,2	0	9,9	0	92,0	0	17,0	0	150,0	0	974,0	0	706,3	ERA5
1054383	12/04/2024	15	12/04/2024	11	HAE	11,9	0	11,0	0	94,0	0	24,0	0	140,0	0	972,0	0	655,5	ERA5
1054384	12/04/2024	16	12/04/2024	12	HAE	11,8	0	11,3	0	97,0	0	14,0	0	140,0	0	971,0	0	655,7	ERA5
1054385	12/04/2024	17	12/04/2024	13	HAE	13,5	0	11,8	0	90,0	0	14,0	0	150,0	0	970,0	0	1014,9	ERA5
1054386	12/04/2024	18	12/04/2024	14	HAE	14,7	0	12,2	0	85,0	0	19,0	0	150,0	0	968,0	0	650,9	ERA5
1054387	12/04/2024	19	12/04/2024	15	HAE	15,7	0	12,5	0	81,0	0	20,0	0	140,0	0	967,0	0	432,0	ERA5
1054388	12/04/2024	20	12/04/2024	16	HAE	16,1	0	12,2	0	78,0	0	15,0	0	150,0	0	966,0	0	472,6	ERA5
1054389	12/04/2024	21	12/04/2024	17	HAE	15,9	0	12,0	0	78,0	0	22,0	0	140,0	0	966,0	0	580,9	ERA5
1054390	12/04/2024	22	12/04/2024	18	HAE	15,8	0	11,6	0	76,0	0	27,0	0	150,0	0	965,0	0	546,6	ERA5
1054391	12/04/2024	23	12/04/2024	19	HAE	15,2	0	11,0	0	76,0	0	19,0	0	150,0	0	964,0	0	168,8	ERA5
1054392	13/04/2024	00	12/04/2024	20	HAE	14,1	0	10,3	0	78,0	0	19,0	0	140,0	0	964,0	0	9,4	ERA5
1054393	13/04/2024	01	12/04/2024	21	HAE	13,8	0	10,3	0	79,0	0	22,0	0	150,0	0	964,0	0	0,0	ERA5
1054394	13/04/2024	02	12/04/2024	22	HAE	13,7	0	10,5	0	81,0	0	22,0	0	160,0	0	964,0	0	0,0	ERA5
1054395	13/04/2024	03	12/04/2024	23	HAE	13,1	0	9,9	0	81,0	0	24,0	0	160,0	0	964,0	0	0,0	ERA5
1054396	13/04/2024	04	13/04/2024	00	HAE	9,5	0	8,4	0	93,0	0	4,0	0	200,0	0	966,0	0	0,0	ERA5
1054397	13/04/2024	05	13/04/2024	01	HAE	8,8	0	8,1	0	95,0	0	5,0	0	130,0	0	967,0	0	0,0	ERA5
1054398	13/04/2024	06	13/04/2024	02	HAE	8,4	0	8,1	0	98,0	0	5,0	0	120,0	0	967,0	0	0,0	ERA5
1054399	13/04/2024	07	13/04/2024	03	HAE	8,3	0	8,1	0	99,0	0	12,0	0	150,0	0	967,0	0	0,0	ERA5
1054400	13/04/2024	08	13/04/2024	04	HAE	8,4	0	8,1	0	98,0	0	9,0	0	140,0	0	966,0	0	0,0	ERA5
1054401	13/04/2024	09	13/04/2024	05	HAE	7,8	0	7,4	0	97,0	0	10,0	0	160,0	0	967,0	0	0,0	ERA5
1054402	13/04/2024	10	13/04/2024	06	HAE	7,1	0	6,6	0	97,0	0	5,0	0	150,0	0	966,0	0	0,0	ERA5
1054403	13/04/2024	11	13/04/2024	07	HAE	7,8	0	7,0	0	94,0	0	10,0	0	150,0	0	967,0	0	151,3	ERA5
1054404	13/04/2024	12	13/04/2024	08	HAE	9,8	0	7,7	0	87,0	0	13,0	0	150,0	0	967,0	0	627,1	ERA5
1054405	13/04/2024	13	13/04/2024	09	HAE	11,0	0	7,4	0	79,0	0	18,0	0	140,0	0	967,0	0	1162,5	ERA5
1054406	13/04/2024	14	13/04/2024	10	HAE	12,5	0	6,7	0	68,0	0	24,0	0	160,0	0	967,0	0	1748,2	ERA5
1054407	13/04/2024	15	13/04/2024	11	HAE	13,0	0	6,4	0	64,0	0	17,0	0	170,0	0	966,0	0	2025,8	ERA5
1054408	13/04/2024	16	13/04/2024	12	HAE	14,4	0	6,1	0	57,0	0	26,0	0	160,0	0	966,0	0	2234,5	ERA5
1054409	13/04/2024	17	13/04/2024	13	HAE	14,0	0	4,8	0	54,0	0	25,0	0	150,0	0	965,0	0	2216,0	ERA5
1054410	13/04/2024	18	13/04/2024	14	HAE	10,1	0	6,9	0	81,0	0	3,0	0	290,0	0	966,0	0	2157,8	ERA5
1054411	13/04/2024	19	13/04/2024	15	HAE	9,6	0	7,5	0	87,0	0	4,0	0	270,0	0	966,0	0	728,6	ERA5
1054412	13/04/2024	20	13/04/2024	16	HAE	8,2	0	6,8	0	91,0	0	4,0	0	290,0	0	966,0	0	1092,0	ERA5
1054413	13/04/2024	21	13/04/2024	17	HAE	8,3	0	6,5	0	88,0	0	4,0	0	300,0	0	967,0	0	588,8	ERA5
1054414	13/04/2024	22	13/04/2024	18	HAE	7,6	0	5,2	0	84,0	0	3,0	0	310,0	0	967,0	0	551,5	ERA5
1054415	13/04/2024	23	13/04/2024	19	HAE	6,3	0	3,5	0	82,0	0	6,0	0	300,0	0	968,0	0	202,7	ERA5
1054416	14/04/2024	00	13/04/2024	20	HAE	5,7	0	2,9	0	82,0	0	3,0	0	290,0	0	969,0	0	12,8	ERA5
1054417	14/04/2024	01	13/04/2024	21	HAE	5,3	0	2,6	0	83,0	0	4,0	0	240,0	0	969,0	0	0,0	ERA5
1054418	14/04/2024	02	13/04/2024	22	HAE	4,6	0	2,8	0	88,0	0	5,0	0	210,0	0	970,0	0	0,0	ERA5
1054419	14/04/2024	03	13/04/2024	23	HAE	3,4	0	1,4	0	87,0	0	7,0	0	290,0	0	970,0	0	0,0	ERA5
1054420	14/04/2024	04	14/04/2024	00	HAE	2,3	0	0,4	4.lineaire	84,0	0	10,0	0	280,0	0	971,0	0	0,0	ERA5
1054421	14/04/2024	05	14/04/2024	01	HAE	2,0	0	-0,6	0	83,0	0	8,0	0	280,0	0	972,0	0	0,0	ERA5
1054422	14/04/2024	06	14/04/2024	02	HAE	1,8	0	-0,6	0	84,0	0	8,0	0	280,0	0	973,0	0	0,0	ERA5
1054423	14/04/2024	07	14/04/2024	03	HAE	1,7	0	-1,1	0	82,0	0	8,0	0	280,0	0	974,0	0	0,0	ERA5
1054424	14/04/2024	08	14/04/2024	04	HAE	1,5	0	-0,8	0	84,0	0	7,0	0	290,0	0	975,0	0	0,0	ERA5
1054425	14/04/2024	09	14/04/2024	05	HAE	1,6	0	-0,8	0	84,0	0	4,0	0	270,0	0	975,0	0	0,0	ERA5
1054426	14/04/2024	10	14/04/2024	06	HAE	1,9	0	-1,3	0	79,0	0	12,0	0	290,0	0	976,0	0	0,0	ERA5
1054427	14/04/2024	11	14/04/2024	07	HAE	2,0	0	-0,7	0	83,0	0	6,0	0	290,0	0	977,0	0	110,0	ERA5
1054428	14/04/2024	12	14/04/2024	08	HAE	2,9	0	-0,1	0	80,0	0	3,0	0	300,0	0	977,0	0	539,5	ERA5
1054429	14/04/2024	13	14/04/2024	09	HAE	3,6	0	-0,1	0	77,0	0	6,0	0	270,0	0	977,0	0	1175,3	ERA5
1054430	14/04/2024	14	14/04/2024	10	HAE	4,4	0	0,4	0	75,0	0	3,0	0	220,0	0	978,0	0	1134,1	ERA5
1054431	14/04/2024	15	14/04/2024	11	HAE	5,4	0	-0,4	0	66,0	0	9,0	0	300,0	0	977,0	0	1479,7	ERA5
1054432	14/04/2024	16	14/04/2024	12	HAE	6,8	0	-0,3	0	60,0	0	7,0	0	280,0	0	977,0	0	2298,6	ERA5
1054433	14/04/2024	17	14/04/2024	13	HAE	7,7	0	-0,9	0	54,0	0	10,0	0	300,0	0	977,0	0	2722,0	ERA5
1054434	14/04/2024	18	14/04/2024	14	HAE	9,2	0	-1,1	0	48,0	0	10,0	0	300,0	0	977,0	0	2688,0	ERA5
1054435	14/04/2024	19	14/04/2024	15	HAE	10,7	0	-1,4	0	43,0	0	4,0	0	270,0	0	976,0	0	1511,7	ERA5
1054436	14/04/2024	20	14/04/2024	16	HAE	11,7	0	-2,1	0	38,0	0	7,0	0	270,0	0	976,0	0	1040,2	ERA5
1054437	14/04/2024	21	14/04/2024	17	HAE	11,2	0	-0,6	0	44,0	0	6,0	0	260,0	0	976,0	0	870,4	ERA5
1054438	14/04/2024	22	14/04/2024	18	HAE	10,4	0	-0,1	0	48,0	0	6,0	0	230,0	0	976,0	0	516,1	ERA5
1054439	14/04/2024	23	14/04/2024	19	HAE	8,8	0	2,0	0	62,0	0	4,0	0	200,0	0	976,0	0	301,9	ERA5
1054440	15/04/2024	00	14/04/2024	20	HAE	7,7	0	2,4	0	69,0	0	7,0	0	230,0	0	977,0	0	19,2	ERA5
1054441	15/04/2024	01	14/04/2024	21	HAE	7,1	0	3,2	0	76,0	0	5,0	0	210,0	0	977,0	0	0,0	ERA5
1054442	15/04/2024	02	14/04/2024	22	HAE	6,6	0	3,1	0	78,0	0	4,0	0	110,0	0	977,0	0	0,0	ERA5
1054443	15/04/2024	03	14/04/2024	23	HAE	6,1	0	3,1	0	81,0	0	2,0	0	180,0	0	977,0	0	0,0	ERA5
1054444	15/04/2024	04	15/04/2024	00	HAE	5,4	0	3,2	0	86,0	0	3,0	0	170,0	0	977,0	0	0,0	ERA5
1054445	15/04/2024	05	15/04/2024	01	HAE	5,5	0	3,4	0	86,0	0	3,0	0	180,0	0	977,0	0	0,0	ERA5
1054446	15/04/2024	06	15/04/2024	02	HAE	5,4	0	3,8	0	90,0	0	3,0	0	160,0	0	977,0	0	0,0	ERA5
1054447	15/04/2024	07	15/04/2024	03	HAE	5,0	0	3,9	0	93,0	0	3,0	0	170,0	0	977,0	0	0,0	ERA5
1054448	15/04/2024	08	15/04/2024	04	HAE	5,3	0	4,3	0	93,0	0	3,0	0	190,0	0	976,0	0	0,0	ERA5
1054449	15/04/2024	09	15/04/2024	05	HAE	5,2	0	4,5	0	96,0	0	4,0	0	210,0	0	976,0	0	0,0	ERA5
1054450	15/04/2024	10	15/04/2024	06	HAE	5,0	0	4,5	0	96,0	0	1,0	0	170,0	0	977,0	0	0,0	ERA5
1054451	15/04/2024	11	15/04/2024	07	HAE	5,6	0	4,7	0	94,0	0	1,0	0	200,0	0	978,0	0	24,4	ERA5
1054452	15/04/2024	12	15/04/2024	08	HAE	5,7	0	4,8	0	94,0	0	2,0	0	260,0	0	978,0	0	109,8	ERA5
1054453	15/04/2024	13	15/04/2024	09	HAE	5,7	0	4,2	0	90,0	0	4,0	0	250,0	0	979,0	0	327,0	ERA5
1054454	15/04/2024	14	15/04/2024	10	HAE	6,6	0	4,3	0	85,0	0	6,0	0	250,0	0	979,0	0	1032,7	ERA5
1054455	15/04/2024	15	15/04/2024	11	HAE	7,8	0	2,4	0	69,0	0	6,0	0	290,0	0	980,0	0	1376,7	ERA5
1054456	15/04/2024	16	15/04/2024	12	HAE	9,6	0	0,9	0	54,0	0	7,0	0	270,0	0	980,0	0	2266,1	ERA5
1054457	15/04/2024	17	15/04/2024	13	HAE	9,6	0	-1,4	0	46,0	0	11,0	0	320,0	0	980,0	0	2299,5	ERA5
1054458	15/04/2024	18	15/04/2024	14	HAE	11,1	0	-3,3	0	36,0	0	5,0	0	260,0	0	980,0	0	2370,4	ERA5
1054459	15/04/2024	19	15/04/2024	15	HAE	11,8	0	-4,8	0	31,0	0	9,0	0	290,0	0	980,0	0	2157,0	ERA5
1054460	15/04/2024	20	15/04/2024	16	HAE	10,9	0	-3,5	0	36,0	0	8,0	0	290,0	0	980,0	0	1734,9	ERA5
1054461	15/04/2024	21	15/04/2024	17	HAE	11,4	0	-4,0	0	34,0	0	8,0	0	280,0	0	981,0	0	1398,3	ERA5
1054462	15/04/2024	22	15/04/2024	18	HAE	11,0	0	-4,8	0	33,0	0	15,0	0	310,0	0	982,0	0	962,7	ERA5
1054463	15/04/2024	23	15/04/2024	19	HAE	10,0	0	-4,5	0	36,0	0	6,0	0	280,0	0	982,0	0	379,1	ERA5
1054464	16/04/2024	00	15/04/2024	20	HAE	7,4	0	-3,2	0	47,0	0	2,0	0	240,0	0	983,0	0	30,1	ERA5
1054465	16/04/2024	01	15/04/2024	21	HAE	6,4	0	-3,0	0	51,0	0	2,0	0	230,0	0	983,0	0	0,0	ERA5
1054466	16/04/2024	02	15/04/2024	22	HAE	2,7	0	-2,6	0	68,0	0	2,0	0	160,0	0	983,0	0	0,0	ERA5
1054467	16/04/2024	03	15/04/2024	23	HAE	3,0	0	-2,1	0	69,0	0	7,0	0	170,0	0	983,0	0	0,0	ERA5
1054468	16/04/2024	04	16/04/2024	00	HAE	3,4	0	-1,4	0	71,0	0	1,0	0	120,0	0	983,0	0	0,0	ERA5
1054469	16/04/2024	05	16/04/2024	01	HAE	5,7	0	1,1	0	72,0	0	2,0	0	170,0	0	983,0	0	0,0	ERA5
1054470	16/04/2024	06	16/04/2024	02	HAE	6,3	0	1,3	0	70,0	0	2,0	0	260,0	0	984,0	0	0,0	ERA5
1054471	16/04/2024	07	16/04/2024	03	HAE	4,4	0	2,8	0	89,0	0	5,0	0	330,0	0	985,0	0	0,0	ERA5
1054472	16/04/2024	08	16/04/2024	04	HAE	2,7	0	1,1	0	89,0	0	2,0	0	310,0	0	985,0	0	0,0	ERA5
1054473	16/04/2024	09	16/04/2024	05	HAE	2,5	0	0,6	0	87,0	0	1,0	0	300,0	0	986,0	0	0,0	ERA5
1054474	16/04/2024	10	16/04/2024	06	HAE	2,8	0	0,5	0	85,0	0	4,0	0	280,0	0	986,0	0	0,1	ERA5
1054475	16/04/2024	11	16/04/2024	07	HAE	2,8	0	-0,5	0	79,0	0	9,0	0	320,0	0	987,0	0	182,3	ERA5
1054476	16/04/2024	12	16/04/2024	08	HAE	3,0	0	-2,9	0	65,0	0	8,0	0	310,0	0	988,0	0	598,7	ERA5
1054477	16/04/2024	13	16/04/2024	09	HAE	3,6	0	-3,3	0	61,0	0	4,0	0	290,0	0	989,0	0	932,9	ERA5
1054478	16/04/2024	14	16/04/2024	10	HAE	3,9	0	-4,3	0	55,0	0	13,0	0	320,0	0	989,0	0	1687,9	ERA5
1054479	16/04/2024	15	16/04/2024	11	HAE	4,5	0	-4,5	0	52,0	0	9,0	0	310,0	0	989,0	0	2362,3	ERA5
1054480	16/04/2024	16	16/04/2024	12	HAE	4,7	0	-4,0	0	53,0	0	12,0	0	310,0	0	989,0	0	2662,5	ERA5
1054481	16/04/2024	17	16/04/2024	13	HAE	5,4	0	-3,7	0	52,0	0	8,0	0	320,0	0	990,0	0	2560,5	ERA5
1054482	16/04/2024	18	16/04/2024	14	HAE	5,6	0	-3,6	0	52,0	0	8,0	0	310,0	0	990,0	0	2129,0	ERA5
1054483	16/04/2024	19	16/04/2024	15	HAE	5,1	0	-3,7	0	53,0	0	13,0	0	300,0	0	991,0	0	1886,4	ERA5
1054484	16/04/2024	20	16/04/2024	16	HAE	4,2	0	-3,4	0	58,0	0	14,0	0	310,0	0	992,0	0	1413,8	ERA5
1054485	16/04/2024	21	16/04/2024	17	HAE	3,9	0	-4,0	0	56,0	0	12,0	0	300,0	0	992,0	0	862,1	ERA5
1054486	16/04/2024	22	16/04/2024	18	HAE	3,4	0	-4,7	0	55,0	0	10,0	0	310,0	0	993,0	0	396,1	ERA5
1054487	16/04/2024	23	16/04/2024	19	HAE	3,5	0	-5,2	0	53,0	0	10,0	0	290,0	0	993,0	0	184,1	ERA5
1054488	17/04/2024	00	16/04/2024	20	HAE	3,1	0	-5,4	0	53,0	0	7,0	0	290,0	0	994,0	0	23,0	ERA5
1054489	17/04/2024	01	16/04/2024	21	HAE	3,0	0	-5,5	0	54,0	0	4,0	0	280,0	0	994,0	0	0,0	ERA5
1054490	17/04/2024	02	16/04/2024	22	HAE	3,0	0	-5,5	0	54,0	0	8,0	0	310,0	0	995,0	0	0,0	ERA5
1054491	17/04/2024	03	16/04/2024	23	HAE	2,6	0	-5,2	0	56,0	0	3,0	0	270,0	0	994,0	0	0,0	ERA5
1054492	17/04/2024	04	17/04/2024	00	HAE	2,3	0	-5,1	0	58,0	0	4,0	0	290,0	0	994,0	0	0,0	ERA5
1054493	17/04/2024	05	17/04/2024	01	HAE	2,1	0	-5,3	0	58,0	0	4,0	0	280,0	0	994,0	0	0,0	ERA5
1054494	17/04/2024	06	17/04/2024	02	HAE	1,9	0	-5,2	0	59,0	0	4,0	0	290,0	0	995,0	0	0,0	ERA5
1054495	17/04/2024	07	17/04/2024	03	HAE	1,8	0	-5,2	0	59,0	0	2,0	0	270,0	0	995,0	0	0,0	ERA5
1054496	17/04/2024	08	17/04/2024	04	HAE	1,6	0	-5,1	0	61,0	0	7,0	0	310,0	0	995,0	0	0,0	ERA5
1054497	17/04/2024	09	17/04/2024	05	HAE	1,4	0	-5,1	0	62,0	0	5,0	0	310,0	0	995,0	0	0,0	ERA5
1054498	17/04/2024	10	17/04/2024	06	HAE	1,1	0	-4,8	0	65,0	0	3,0	0	350,0	0	995,0	0	0,3	ERA5
1054499	17/04/2024	11	17/04/2024	07	HAE	1,2	0	-4,3	0	67,0	0	4,0	0	340,0	0	996,0	0	239,2	ERA5
1054500	17/04/2024	12	17/04/2024	08	HAE	1,7	0	-4,4	0	64,0	0	8,0	0	340,0	0	996,0	0	848,8	ERA5
1054501	17/04/2024	13	17/04/2024	09	HAE	2,4	0	-5,0	0	58,0	0	6,0	0	300,0	0	996,0	0	1531,6	ERA5
1054502	17/04/2024	14	17/04/2024	10	HAE	3,3	0	-4,4	0	57,0	0	2,0	0	180,0	0	996,0	0	2171,1	ERA5
1054503	17/04/2024	15	17/04/2024	11	HAE	3,4	0	-5,3	0	53,0	0	7,0	0	340,0	0	996,0	0	2654,3	ERA5
1054504	17/04/2024	16	17/04/2024	12	HAE	6,0	0	-4,5	0	47,0	0	4,0	0	310,0	0	995,0	0	3017,8	ERA5
1054505	17/04/2024	17	17/04/2024	13	HAE	5,1	0	-4,3	0	51,0	0	4,0	0	300,0	0	995,0	0	3066,5	ERA5
1054506	17/04/2024	18	17/04/2024	14	HAE	5,7	0	-5,3	0	45,0	0	13,0	0	340,0	0	995,0	0	3080,9	ERA5
1054507	17/04/2024	19	17/04/2024	15	HAE	7,1	0	-4,1	0	45,0	0	3,0	0	20,0	0	994,0	0	2600,2	ERA5
1054508	17/04/2024	20	17/04/2024	16	HAE	7,4	0	-3,9	0	44,0	0	9,0	0	320,0	0	994,0	0	2292,6	ERA5
1054509	17/04/2024	21	17/04/2024	17	HAE	8,4	0	-4,0	0	41,0	0	4,0	0	280,0	0	994,0	0	1658,6	ERA5
1054510	17/04/2024	22	17/04/2024	18	HAE	8,6	0	-4,1	0	40,0	0	8,0	0	10,0	0	993,0	0	1056,1	ERA5
1054511	17/04/2024	23	17/04/2024	19	HAE	8,0	0	-4,6	0	40,0	0	9,0	0	30,0	0	994,0	0	447,8	ERA5
1054512	18/04/2024	00	17/04/2024	20	HAE	6,4	0	-4,7	0	45,0	0	10,0	0	70,0	0	994,0	0	36,7	ERA5
1054513	18/04/2024	01	17/04/2024	21	HAE	4,8	0	-4,5	0	51,0	0	4,0	0	90,0	0	995,0	0	0,0	ERA5
1054514	18/04/2024	02	17/04/2024	22	HAE	3,9	0	-4,3	0	55,0	0	4,0	0	160,0	0	995,0	0	0,0	ERA5
1054515	18/04/2024	03	17/04/2024	23	HAE	3,0	0	-4,2	0	59,0	0	3,0	0	200,0	0	996,0	0	0,0	ERA5
1054516	18/04/2024	04	18/04/2024	00	HAE	1,5	0	-4,5	0	64,0	0	5,0	0	190,0	0	996,0	0	0,0	ERA5
1054517	18/04/2024	05	18/04/2024	01	HAE	-0,8	0	-4,0	0	79,0	0	1,0	0	170,0	0	996,0	0	0,0	ERA5
1054518	18/04/2024	06	18/04/2024	02	HAE	-1,5	0	-4,7	0	79,0	0	1,0	0	260,0	0	995,0	0	0,0	ERA5
1054519	18/04/2024	07	18/04/2024	03	HAE	-2,0	0	-4,6	0	82,0	0	2,0	0	230,0	0	995,0	0	0,0	ERA5
1054520	18/04/2024	08	18/04/2024	04	HAE	-1,2	0	-4,3	0	80,0	0	5,0	0	170,0	0	994,0	0	0,0	ERA5
1054521	18/04/2024	09	18/04/2024	05	HAE	-1,3	0	-4,6	0	78,0	0	4,0	0	150,0	0	994,0	0	0,0	ERA5
1054522	18/04/2024	10	18/04/2024	06	HAE	-1,7	0	-4,8	0	79,0	0	3,0	0	200,0	0	994,0	0	0,8	ERA5
1054523	18/04/2024	11	18/04/2024	07	HAE	-0,7	0	-4,3	0	77,0	0	4,0	0	170,0	0	995,0	0	223,7	ERA5
1054524	18/04/2024	12	18/04/2024	08	HAE	1,9	0	-3,3	0	69,0	0	10,0	0	130,0	0	995,0	0	776,6	ERA5
1054525	18/04/2024	13	18/04/2024	09	HAE	5,8	0	-1,9	0	58,0	0	7,0	0	140,0	0	995,0	0	1547,4	ERA5
1054526	18/04/2024	14	18/04/2024	10	HAE	8,6	0	-3,2	0	43,0	0	19,0	0	150,0	0	994,0	0	2188,6	ERA5
1054527	18/04/2024	15	18/04/2024	11	HAE	9,9	0	-3,9	0	38,0	0	23,0	0	120,0	0	994,0	0	2709,0	ERA5
1054528	18/04/2024	16	18/04/2024	12	HAE	11,5	0	-3,3	0	35,0	0	19,0	0	120,0	0	993,0	0	3051,5	ERA5
1054529	18/04/2024	17	18/04/2024	13	HAE	12,4	0	-3,6	0	32,0	0	17,0	0	110,0	0	993,0	0	3177,0	ERA5
1054530	18/04/2024	18	18/04/2024	14	HAE	13,0	0	-3,5	0	32,0	0	23,0	0	130,0	0	992,0	0	3139,0	ERA5
1054531	18/04/2024	19	18/04/2024	15	HAE	14,2	0	-3,8	0	28,0	0	24,0	0	130,0	0	992,0	0	2864,6	ERA5
1054532	18/04/2024	20	18/04/2024	16	HAE	14,6	0	-3,5	0	28,0	0	20,0	0	140,0	0	991,0	0	2421,5	ERA5
1054533	18/04/2024	21	18/04/2024	17	HAE	14,1	0	-2,9	0	31,0	0	15,0	0	150,0	0	992,0	0	1835,0	ERA5
1054534	18/04/2024	22	18/04/2024	18	HAE	13,4	0	-2,0	0	34,0	0	6,0	0	150,0	0	992,0	0	1180,8	ERA5
1054535	18/04/2024	23	18/04/2024	19	HAE	12,0	0	-1,7	0	39,0	0	5,0	0	170,0	0	992,0	0	511,7	ERA5
1054536	19/04/2024	00	18/04/2024	20	HAE	10,8	0	-1,6	0	42,0	0	4,0	0	160,0	0	992,0	0	43,4	ERA5
1054537	19/04/2024	01	18/04/2024	21	HAE	9,2	0	-1,2	0	48,0	0	6,0	0	160,0	0	992,0	0	0,0	ERA5
1054538	19/04/2024	02	18/04/2024	22	HAE	6,6	0	-0,7	0	60,0	0	1,0	0	180,0	0	992,0	0	0,0	ERA5
1054539	19/04/2024	03	18/04/2024	23	HAE	6,5	0	-0,4	0	61,0	0	5,0	0	180,0	0	993,0	0	0,0	ERA5
1054540	19/04/2024	04	19/04/2024	00	HAE	6,5	0	1,9	0	72,0	0	1,0	0	180,0	0	993,0	0	0,0	ERA5
1054541	19/04/2024	05	19/04/2024	01	HAE	5,8	0	1,8	0	75,0	0	0,0	0	0,0	0	993,0	0	0,0	ERA5
1054542	19/04/2024	06	19/04/2024	02	HAE	4,4	0	1,6	0	82,0	0	0,0	0	0,0	0	993,0	0	0,0	ERA5
1054543	19/04/2024	07	19/04/2024	03	HAE	4,0	0	0,9	0	80,0	0	5,0	0	170,0	0	992,0	0	0,0	ERA5
1054544	19/04/2024	08	19/04/2024	04	HAE	4,0	0	0,9	0	80,0	0	0,0	0	160,0	0	992,0	0	0,0	ERA5
1054545	19/04/2024	09	19/04/2024	05	HAE	3,6	0	0,9	0	82,0	0	0,0	0	0,0	0	993,0	0	0,0	ERA5
1054546	19/04/2024	10	19/04/2024	06	HAE	3,7	0	0,9	0	82,0	0	3,0	0	120,0	0	992,0	0	0,8	ERA5
1054547	19/04/2024	11	19/04/2024	07	HAE	3,7	0	1,0	0	83,0	0	8,0	0	150,0	0	992,0	0	116,7	ERA5
1054548	19/04/2024	12	19/04/2024	08	HAE	5,2	0	1,4	0	76,0	0	4,0	0	150,0	0	992,0	0	343,3	ERA5
1054549	19/04/2024	13	19/04/2024	09	HAE	6,8	0	1,2	0	67,0	0	8,0	0	130,0	0	991,0	0	775,4	ERA5
1054550	19/04/2024	14	19/04/2024	10	HAE	9,4	0	0,9	0	55,0	0	9,0	0	120,0	0	990,0	0	1120,1	ERA5
1054551	19/04/2024	15	19/04/2024	11	HAE	13,0	0	-2,8	0	33,0	0	19,0	0	150,0	0	989,0	0	1251,3	ERA5
1054552	19/04/2024	16	19/04/2024	12	HAE	14,0	0	-1,1	0	35,0	0	20,0	0	170,0	0	988,0	0	1774,4	ERA5
1054553	19/04/2024	17	19/04/2024	13	HAE	15,1	0	-0,4	0	35,0	0	18,0	0	170,0	0	987,0	0	1067,1	ERA5
1054554	19/04/2024	18	19/04/2024	14	HAE	15,3	0	0,7	0	37,0	0	18,0	0	140,0	0	987,0	0	781,5	ERA5
1054555	19/04/2024	19	19/04/2024	15	HAE	15,2	0	0,3	0	36,0	0	20,0	0	170,0	0	986,0	0	1329,5	ERA5
1054556	19/04/2024	20	19/04/2024	16	HAE	14,8	0	-0,2	0	36,0	0	28,0	0	160,0	0	985,0	0	921,1	ERA5
1054557	19/04/2024	21	19/04/2024	17	HAE	14,5	0	-0,3	0	36,0	0	24,0	0	150,0	0	984,0	0	824,5	ERA5
1054558	19/04/2024	22	19/04/2024	18	HAE	13,2	0	-1,0	0	37,0	0	20,0	0	140,0	0	983,0	0	530,8	ERA5
1054559	19/04/2024	23	19/04/2024	19	HAE	12,5	0	-0,7	0	40,0	0	15,0	0	170,0	0	983,0	0	205,8	ERA5
1054560	20/04/2024	00	19/04/2024	20	HAE	11,7	0	0,2	0	45,0	0	12,0	0	160,0	0	983,0	0	11,1	ERA5
1054561	20/04/2024	01	19/04/2024	21	HAE	10,2	0	1,8	0	56,0	0	9,0	0	160,0	0	983,0	0	0,0	ERA5
1054562	20/04/2024	02	19/04/2024	22	HAE	10,5	0	2,2	0	56,0	0	14,0	0	160,0	0	983,0	0	0,0	ERA5
1054563	20/04/2024	03	19/04/2024	23	HAE	10,1	0	2,1	0	58,0	0	12,0	0	160,0	0	982,0	0	0,0	ERA5
1054564	20/04/2024	04	20/04/2024	00	HAE	10,0	0	2,6	0	60,0	0	6,0	0	160,0	0	982,0	0	0,0	ERA5
1054565	20/04/2024	05	20/04/2024	01	HAE	10,6	0	3,5	0	62,0	0	9,0	0	160,0	0	981,0	0	0,0	ERA5
1054566	20/04/2024	06	20/04/2024	02	HAE	10,4	0	3,7	0	63,0	0	6,0	0	190,0	0	981,0	0	0,0	ERA5
1054567	20/04/2024	07	20/04/2024	03	HAE	9,6	0	4,9	0	72,0	0	7,0	0	200,0	0	981,0	0	0,0	ERA5
1054568	20/04/2024	08	20/04/2024	04	HAE	9,6	0	2,3	0	61,0	0	6,0	0	210,0	0	982,0	0	0,0	ERA5
1054569	20/04/2024	09	20/04/2024	05	HAE	8,6	0	1,2	0	60,0	0	3,0	0	220,0	0	982,0	0	0,0	ERA5
1054570	20/04/2024	10	20/04/2024	06	HAE	7,6	0	-0,1	0	58,0	0	2,0	0	280,0	0	982,0	0	1,0	ERA5
1054571	20/04/2024	11	20/04/2024	07	HAE	7,2	0	1,2	0	66,0	0	2,0	0	150,0	0	983,0	0	125,3	ERA5
1054572	20/04/2024	12	20/04/2024	08	HAE	7,5	0	-0,4	0	57,0	0	5,0	0	210,0	0	983,0	0	537,4	ERA5
1054573	20/04/2024	13	20/04/2024	09	HAE	7,7	0	-0,9	0	54,0	0	6,0	0	190,0	0	982,0	0	1068,9	ERA5
1054574	20/04/2024	14	20/04/2024	10	HAE	8,8	0	-4,0	0	40,0	0	14,0	0	230,0	0	982,0	0	1634,9	ERA5
1054575	20/04/2024	15	20/04/2024	11	HAE	9,4	0	-5,1	0	36,0	0	10,0	0	210,0	0	981,0	0	2200,7	ERA5
1054576	20/04/2024	16	20/04/2024	12	HAE	11,6	0	-7,1	0	26,0	0	8,0	0	250,0	0	981,0	0	2646,0	ERA5
1054577	20/04/2024	17	20/04/2024	13	HAE	11,1	0	-7,3	0	27,0	0	9,0	0	260,0	0	980,0	0	3182,1	ERA5
1054578	20/04/2024	18	20/04/2024	14	HAE	9,8	0	-6,1	0	32,0	0	9,0	0	200,0	0	980,0	0	2627,7	ERA5
1054579	20/04/2024	19	20/04/2024	15	HAE	10,3	0	-6,1	0	31,0	0	11,0	0	250,0	0	979,0	0	2434,4	ERA5
1054580	20/04/2024	20	20/04/2024	16	HAE	10,5	0	-5,7	0	31,0	0	9,0	0	260,0	0	979,0	0	2103,5	ERA5
1054581	20/04/2024	21	20/04/2024	17	HAE	10,2	0	-5,7	0	32,0	0	10,0	0	230,0	0	979,0	0	1471,2	ERA5
1054582	20/04/2024	22	20/04/2024	18	HAE	9,1	0	-5,2	0	36,0	0	8,0	0	250,0	0	979,0	0	919,0	ERA5
1054583	20/04/2024	23	20/04/2024	19	HAE	8,4	0	-4,9	0	38,0	0	6,0	0	270,0	0	979,0	0	358,7	ERA5
1054584	21/04/2024	00	20/04/2024	20	HAE	6,6	0	-3,5	0	49,0	0	2,0	0	280,0	0	980,0	0	36,3	ERA5
1054585	21/04/2024	01	20/04/2024	21	HAE	6,0	0	-2,1	0	56,0	0	4,0	0	240,0	0	981,0	0	0,0	ERA5
1054586	21/04/2024	02	20/04/2024	22	HAE	4,6	0	0,8	0	76,0	0	5,0	0	210,0	0	981,0	0	0,0	ERA5
1054587	21/04/2024	03	20/04/2024	23	HAE	4,4	0	0,8	0	78,0	0	5,0	0	220,0	0	982,0	0	0,0	ERA5
1054588	21/04/2024	04	21/04/2024	00	HAE	3,7	0	0,1	4.lineaire	77,0	0	6,0	0	220,0	0	982,0	0	0,0	ERA5
1054589	21/04/2024	05	21/04/2024	01	HAE	3,7	0	-0,6	0	73,0	0	6,0	0	240,0	0	982,0	0	0,0	ERA5
1054590	21/04/2024	06	21/04/2024	02	HAE	3,5	0	-0,4	0	76,0	0	8,0	0	220,0	0	982,0	0	0,0	ERA5
1054591	21/04/2024	07	21/04/2024	03	HAE	2,7	0	-0,7	0	78,0	0	6,0	0	230,0	0	981,0	0	0,0	ERA5
1054592	21/04/2024	08	21/04/2024	04	HAE	2,6	0	-0,5	0	80,0	0	7,0	0	230,0	0	981,0	0	0,0	ERA5
1054593	21/04/2024	09	21/04/2024	05	HAE	1,5	0	-0,7	0	85,0	0	3,0	0	180,0	0	982,0	0	0,0	ERA5
1054594	21/04/2024	10	21/04/2024	06	HAE	1,1	0	-0,8	0	87,0	0	3,0	0	160,0	0	982,0	0	3,0	ERA5
1054595	21/04/2024	11	21/04/2024	07	HAE	2,6	0	-0,2	0	82,0	0	10,0	0	200,0	0	983,0	0	215,3	ERA5
1054596	21/04/2024	12	21/04/2024	08	HAE	3,0	0	0,9	0	86,0	0	8,0	0	200,0	0	983,0	0	593,4	ERA5
1054597	21/04/2024	13	21/04/2024	09	HAE	3,4	0	0,1	0	79,0	0	9,0	0	230,0	0	983,0	0	989,0	ERA5
1054598	21/04/2024	14	21/04/2024	10	HAE	3,6	0	-0,4	0	75,0	0	5,0	0	220,0	0	983,0	0	1639,5	ERA5
1054599	21/04/2024	15	21/04/2024	11	HAE	5,3	0	-1,2	0	63,0	0	7,0	0	210,0	0	983,0	0	2110,4	ERA5
1054600	21/04/2024	16	21/04/2024	12	HAE	5,5	0	-0,9	0	63,0	0	5,0	0	270,0	0	982,0	0	2691,8	ERA5
1054601	21/04/2024	17	21/04/2024	13	HAE	6,5	0	-2,4	0	53,0	0	10,0	0	210,0	0	981,0	0	2317,4	ERA5
1054602	21/04/2024	18	21/04/2024	14	HAE	6,1	0	-2,7	0	54,0	0	8,0	0	220,0	0	981,0	0	2337,4	ERA5
1054603	21/04/2024	19	21/04/2024	15	HAE	5,0	0	-1,3	0	64,0	0	3,0	0	230,0	0	981,0	0	2364,1	ERA5
1054604	21/04/2024	20	21/04/2024	16	HAE	4,9	0	-1,8	0	62,0	0	2,0	0	220,0	0	980,0	0	2123,0	ERA5
1054605	21/04/2024	21	21/04/2024	17	HAE	4,7	0	-1,2	0	66,0	0	4,0	0	220,0	0	980,0	0	1472,7	ERA5
1054606	21/04/2024	22	21/04/2024	18	HAE	5,3	0	-2,9	0	56,0	0	4,0	0	220,0	0	980,0	0	959,2	ERA5
1054607	21/04/2024	23	21/04/2024	19	HAE	4,7	0	-2,8	0	58,0	0	5,0	0	190,0	0	980,0	0	332,2	ERA5
1054608	22/04/2024	00	21/04/2024	20	HAE	4,4	0	-2,8	0	59,0	0	1,0	0	190,0	0	980,0	0	49,2	ERA5
1054609	22/04/2024	01	21/04/2024	21	HAE	3,7	0	-3,0	0	61,0	0	3,0	0	200,0	0	980,0	0	0,0	ERA5
1054610	22/04/2024	02	21/04/2024	22	HAE	1,6	0	-3,4	0	69,0	0	2,0	0	150,0	0	980,0	0	0,0	ERA5
1054611	22/04/2024	03	21/04/2024	23	HAE	1,5	0	-3,7	0	68,0	0	4,0	0	190,0	0	979,0	0	0,0	ERA5
1054612	22/04/2024	04	22/04/2024	00	HAE	0,1	0	-3,8	0	75,0	0	0,0	0	310,0	0	978,0	0	0,0	ERA5
1054613	22/04/2024	05	22/04/2024	01	HAE	0,4	0	-1,7	0	86,0	0	11,0	0	300,0	0	979,0	0	0,0	ERA5
1054614	22/04/2024	06	22/04/2024	02	HAE	-0,3	0	-1,6	0	91,0	0	3,0	0	300,0	0	980,0	0	0,0	ERA5
1054615	22/04/2024	07	22/04/2024	03	HAE	-2,0	0	-3,8	0	88,0	0	17,0	0	330,0	0	981,0	0	0,0	ERA5
1054616	22/04/2024	08	22/04/2024	04	HAE	-2,8	0	-6,6	0	75,0	0	11,0	0	310,0	0	983,0	0	0,0	ERA5
1054617	22/04/2024	09	22/04/2024	05	HAE	-4,2	0	-11,3	0	58,0	0	12,0	0	290,0	0	984,0	0	0,0	ERA5
1054618	22/04/2024	10	22/04/2024	06	HAE	-5,4	0	-11,3	0	63,0	0	8,0	0	280,0	0	985,0	0	4,6	ERA5
1054619	22/04/2024	11	22/04/2024	07	HAE	-4,7	0	-11,7	0	58,0	0	9,0	0	300,0	0	986,0	0	327,1	ERA5
1054620	22/04/2024	12	22/04/2024	08	HAE	-4,0	0	-11,8	0	55,0	0	10,0	0	310,0	0	987,0	0	1049,0	ERA5
1054621	22/04/2024	13	22/04/2024	09	HAE	-3,9	0	-11,5	0	55,0	0	13,0	0	320,0	0	987,0	0	1753,1	ERA5
1054622	22/04/2024	14	22/04/2024	10	HAE	-2,4	0	-10,6	0	53,0	0	9,0	0	300,0	0	988,0	0	2355,5	ERA5
1054623	22/04/2024	15	22/04/2024	11	HAE	-2,1	0	-10,0	0	55,0	0	11,0	0	290,0	0	988,0	0	2835,8	ERA5
1054624	22/04/2024	16	22/04/2024	12	HAE	-0,9	0	-11,4	0	45,0	0	14,0	0	300,0	0	988,0	0	3133,7	ERA5
1054625	22/04/2024	17	22/04/2024	13	HAE	0,5	0	-13,1	0	35,0	0	9,0	0	310,0	0	988,0	0	3231,2	ERA5
1054626	22/04/2024	18	22/04/2024	14	HAE	0,7	0	-12,6	0	36,0	0	11,0	0	270,0	0	988,0	0	2915,8	ERA5
1054627	22/04/2024	19	22/04/2024	15	HAE	2,3	0	-12,0	0	34,0	0	17,0	0	310,0	0	988,0	0	2516,1	ERA5
1054628	22/04/2024	20	22/04/2024	16	HAE	3,3	0	-12,8	0	29,0	0	13,0	0	320,0	0	988,0	0	1985,1	ERA5
1054629	22/04/2024	21	22/04/2024	17	HAE	3,8	0	-11,0	0	33,0	0	6,0	0	340,0	0	988,0	0	1645,7	ERA5
1054630	22/04/2024	22	22/04/2024	18	HAE	3,2	0	-12,5	0	31,0	0	6,0	0	280,0	0	988,0	0	1029,1	ERA5
1054631	22/04/2024	23	22/04/2024	19	HAE	2,6	0	-11,8	0	34,0	0	5,0	0	260,0	0	989,0	0	482,5	ERA5
1054632	23/04/2024	00	22/04/2024	20	HAE	0,5	0	-10,6	0	43,0	0	1,0	0	270,0	0	989,0	0	65,8	ERA5
1054633	23/04/2024	01	22/04/2024	21	HAE	-1,3	0	-9,6	0	53,0	0	3,0	0	180,0	0	990,0	0	0,0	ERA5
1054634	23/04/2024	02	22/04/2024	22	HAE	-2,2	0	-9,2	0	59,0	0	2,0	0	160,0	0	990,0	0	0,0	ERA5
1054635	23/04/2024	03	22/04/2024	23	HAE	-1,1	0	-8,8	0	56,0	0	6,0	0	170,0	0	989,0	0	0,0	ERA5
1054636	23/04/2024	04	23/04/2024	00	HAE	-1,8	0	-8,4	0	61,0	0	6,0	0	170,0	0	989,0	0	0,0	ERA5
1054637	23/04/2024	05	23/04/2024	01	HAE	-2,1	0	-8,4	0	62,0	0	6,0	0	180,0	0	989,0	0	0,0	ERA5
1054638	23/04/2024	06	23/04/2024	02	HAE	-2,5	0	-8,3	0	64,0	0	7,0	0	170,0	0	989,0	0	0,0	ERA5
1054639	23/04/2024	07	23/04/2024	03	HAE	-2,4	0	-8,5	0	63,0	0	5,0	0	170,0	0	989,0	0	0,0	ERA5
1054640	23/04/2024	08	23/04/2024	04	HAE	-2,2	0	-8,7	0	61,0	0	6,0	0	170,0	0	989,0	0	0,0	ERA5
1054641	23/04/2024	09	23/04/2024	05	HAE	-2,4	0	-8,4	0	64,0	0	3,0	0	180,0	0	989,0	0	0,0	ERA5
1054642	23/04/2024	10	23/04/2024	06	HAE	-2,2	0	-7,8	0	66,0	0	5,0	0	190,0	0	989,0	0	6,7	ERA5
1054643	23/04/2024	11	23/04/2024	07	HAE	-0,5	0	-7,3	0	60,0	0	3,0	0	190,0	0	989,0	0	326,2	ERA5
1054644	23/04/2024	12	23/04/2024	08	HAE	3,3	0	-6,4	0	49,0	0	4,0	0	150,0	0	989,0	0	969,7	ERA5
1054645	23/04/2024	13	23/04/2024	09	HAE	7,2	0	-5,5	0	40,0	0	10,0	0	130,0	0	989,0	0	1651,4	ERA5
1054646	23/04/2024	14	23/04/2024	10	HAE	13,4	0	-6,2	0	25,0	0	12,0	0	190,0	0	988,0	0	2237,3	ERA5
1054647	23/04/2024	15	23/04/2024	11	HAE	15,1	0	-4,5	0	26,0	0	17,0	0	170,0	0	987,0	0	2750,8	ERA5
1054648	23/04/2024	16	23/04/2024	12	HAE	16,2	0	-8,4	0	18,0	0	10,0	0	200,0	0	986,0	0	3084,0	ERA5
1054649	23/04/2024	17	23/04/2024	13	HAE	16,4	0	-4,6	0	23,0	0	13,0	0	180,0	0	985,0	0	3241,0	ERA5
1054650	23/04/2024	18	23/04/2024	14	HAE	17,4	0	-4,2	0	23,0	0	7,0	0	160,0	0	984,0	0	3169,1	ERA5
1054651	23/04/2024	19	23/04/2024	15	HAE	17,7	0	-4,1	0	22,0	0	9,0	0	210,0	0	983,0	0	2913,7	ERA5
1054652	23/04/2024	20	23/04/2024	16	HAE	18,1	0	-4,5	0	21,0	0	9,0	0	190,0	0	982,0	0	2427,2	ERA5
1054653	23/04/2024	21	23/04/2024	17	HAE	17,9	0	-4,6	0	21,0	0	7,0	0	210,0	0	981,0	0	1686,1	ERA5
1054654	23/04/2024	22	23/04/2024	18	HAE	17,4	0	-4,1	0	23,0	0	7,0	0	180,0	0	982,0	0	1129,9	ERA5
1054655	23/04/2024	23	23/04/2024	19	HAE	16,0	0	-3,7	0	26,0	0	6,0	0	170,0	0	981,0	0	430,1	ERA5
1054656	24/04/2024	00	23/04/2024	20	HAE	13,0	0	-2,9	0	33,0	0	16,0	0	150,0	0	981,0	0	55,1	ERA5
1054657	24/04/2024	01	23/04/2024	21	HAE	11,1	0	-3,2	0	37,0	0	15,0	0	150,0	0	982,0	0	0,0	ERA5
1054658	24/04/2024	02	23/04/2024	22	HAE	10,7	0	-3,2	0	38,0	0	13,0	0	170,0	0	982,0	0	0,0	ERA5
1054659	24/04/2024	03	23/04/2024	23	HAE	9,7	0	-3,0	0	40,0	0	13,0	0	160,0	0	982,0	0	0,0	ERA5
1054660	24/04/2024	04	24/04/2024	00	HAE	8,5	0	-2,8	0	45,0	0	8,0	0	150,0	0	981,0	0	0,0	ERA5
1054661	24/04/2024	05	24/04/2024	01	HAE	8,1	0	-2,6	0	47,0	0	7,0	0	160,0	0	981,0	0	0,0	ERA5
1054662	24/04/2024	06	24/04/2024	02	HAE	7,7	0	-2,4	0	49,0	0	7,0	0	160,0	0	981,0	0	0,0	ERA5
1054663	24/04/2024	07	24/04/2024	03	HAE	7,4	0	-2,0	0	51,0	0	5,0	0	180,0	0	981,0	0	0,0	ERA5
1054664	24/04/2024	08	24/04/2024	04	HAE	7,1	0	-0,8	0	57,0	0	4,0	0	180,0	0	980,0	0	0,0	ERA5
1054665	24/04/2024	09	24/04/2024	05	HAE	6,7	0	0,3	0	64,0	0	4,0	0	170,0	0	979,0	0	0,0	ERA5
1054666	24/04/2024	10	24/04/2024	06	HAE	6,2	0	1,1	0	70,0	0	4,0	0	170,0	0	979,0	0	2,7	ERA5
1054667	24/04/2024	11	24/04/2024	07	HAE	6,3	0	1,7	0	73,0	0	5,0	0	170,0	0	979,0	0	69,5	ERA5
1054668	24/04/2024	12	24/04/2024	08	HAE	6,9	0	2,9	0	76,0	0	4,0	0	130,0	0	979,0	0	166,3	ERA5
1054669	24/04/2024	13	24/04/2024	09	HAE	8,2	0	3,3	0	72,0	0	5,0	0	130,0	0	978,0	0	221,1	ERA5
1054670	24/04/2024	14	24/04/2024	10	HAE	8,3	0	4,3	0	76,0	0	4,0	0	140,0	0	978,0	0	466,2	ERA5
1054671	24/04/2024	15	24/04/2024	11	HAE	8,2	0	5,9	0	86,0	0	5,0	0	190,0	0	978,0	0	685,8	ERA5
1054672	24/04/2024	16	24/04/2024	12	HAE	8,7	0	5,7	0	81,0	0	1,0	0	100,0	0	978,0	0	880,9	ERA5
1054673	24/04/2024	17	24/04/2024	13	HAE	4,2	0	3,0	0	92,0	0	8,0	0	320,0	0	979,0	0	737,9	ERA5
1054674	24/04/2024	18	24/04/2024	14	HAE	0,6	0	-0,1	0	95,0	0	10,0	0	320,0	0	980,0	0	403,9	ERA5
1054675	24/04/2024	19	24/04/2024	15	HAE	-0,6	0	-1,1	0	96,0	0	9,0	0	300,0	0	982,0	0	384,5	ERA5
1054676	24/04/2024	20	24/04/2024	16	HAE	-1,8	0	-3,5	0	88,0	0	11,0	0	300,0	0	984,0	0	299,3	ERA5
1054677	24/04/2024	21	24/04/2024	17	HAE	-2,4	0	-5,9	0	77,0	0	9,0	0	300,0	0	986,0	0	816,0	ERA5
1054678	24/04/2024	22	24/04/2024	18	HAE	-2,0	0	-7,7	0	65,0	0	8,0	0	320,0	0	987,0	0	881,3	ERA5
1054679	24/04/2024	23	24/04/2024	19	HAE	-2,9	0	-10,5	0	56,0	0	14,0	0	310,0	0	988,0	0	518,9	ERA5
1054680	25/04/2024	00	24/04/2024	20	HAE	-3,7	0	-10,6	0	59,0	0	9,0	0	300,0	0	989,0	0	74,8	ERA5
1054681	25/04/2024	01	24/04/2024	21	HAE	-4,3	0	-10,9	0	60,0	0	7,0	0	290,0	0	991,0	0	0,0	ERA5
1054682	25/04/2024	02	24/04/2024	22	HAE	-4,8	0	-12,2	0	56,0	0	5,0	0	300,0	0	992,0	0	0,0	ERA5
1054683	25/04/2024	03	24/04/2024	23	HAE	-5,0	0	-12,7	0	55,0	0	9,0	0	300,0	0	992,0	0	0,0	ERA5
1054684	25/04/2024	04	25/04/2024	00	HAE	-5,4	0	-13,1	0	55,0	0	8,0	0	300,0	0	993,0	0	0,0	ERA5
1054685	25/04/2024	05	25/04/2024	01	HAE	-5,2	0	-13,4	0	52,0	0	9,0	0	300,0	0	993,0	0	0,0	ERA5
1054686	25/04/2024	06	25/04/2024	02	HAE	-5,1	0	-11,5	0	60,0	0	1,0	0	340,0	0	993,0	0	0,0	ERA5
1054687	25/04/2024	07	25/04/2024	03	HAE	-4,7	0	-12,2	0	56,0	0	13,0	0	300,0	0	994,0	0	0,0	ERA5
1054688	25/04/2024	08	25/04/2024	04	HAE	-4,8	0	-11,7	0	58,0	0	7,0	0	290,0	0	994,0	0	0,0	ERA5
1054689	25/04/2024	09	25/04/2024	05	HAE	-5,3	0	-12,1	0	59,0	0	6,0	0	300,0	0	995,0	0	0,0	ERA5
1054690	25/04/2024	10	25/04/2024	06	HAE	-5,4	0	-12,5	0	57,0	0	11,0	0	280,0	0	995,0	0	11,9	ERA5
1054691	25/04/2024	11	25/04/2024	07	HAE	-4,6	0	-12,1	0	56,0	0	6,0	0	300,0	0	996,0	0	372,2	ERA5
1054692	25/04/2024	12	25/04/2024	08	HAE	-3,6	0	-12,2	0	51,0	0	10,0	0	320,0	0	997,0	0	1041,2	ERA5
1054693	25/04/2024	13	25/04/2024	09	HAE	-2,2	0	-11,4	0	49,0	0	6,0	0	320,0	0	998,0	0	1742,9	ERA5
1054694	25/04/2024	14	25/04/2024	10	HAE	-1,1	0	-11,2	0	46,0	0	9,0	0	340,0	0	998,0	0	2377,5	ERA5
1054695	25/04/2024	15	25/04/2024	11	HAE	0,5	0	-10,0	0	45,0	0	11,0	0	330,0	0	998,0	0	2874,1	ERA5
1054696	25/04/2024	16	25/04/2024	12	HAE	1,6	0	-10,6	0	40,0	0	19,0	0	340,0	0	998,0	0	3206,1	ERA5
1054697	25/04/2024	17	25/04/2024	13	HAE	2,7	0	-11,1	0	35,0	0	17,0	0	330,0	0	998,0	0	3345,6	ERA5
1054698	25/04/2024	18	25/04/2024	14	HAE	3,6	0	-11,2	0	33,0	0	9,0	0	330,0	0	998,0	0	3285,5	ERA5
1054699	25/04/2024	19	25/04/2024	15	HAE	4,5	0	-12,0	0	29,0	0	12,0	0	300,0	0	997,0	0	2771,1	ERA5
1054700	25/04/2024	20	25/04/2024	16	HAE	5,4	0	-10,9	0	30,0	0	12,0	0	310,0	0	997,0	0	2184,4	ERA5
1054701	25/04/2024	21	25/04/2024	17	HAE	5,0	0	-11,3	0	30,0	0	14,0	0	340,0	0	997,0	0	1576,2	ERA5
1054702	25/04/2024	22	25/04/2024	18	HAE	4,7	0	-10,4	0	32,0	0	7,0	0	250,0	0	997,0	0	1074,6	ERA5
1054703	25/04/2024	23	25/04/2024	19	HAE	3,7	0	-9,8	0	36,0	0	1,0	0	280,0	0	997,0	0	400,2	ERA5
1054704	26/04/2024	00	25/04/2024	20	HAE	2,5	0	-9,0	0	42,0	0	2,0	0	290,0	0	997,0	0	74,0	ERA5
1054705	26/04/2024	01	25/04/2024	21	HAE	1,4	0	-8,3	0	48,0	0	1,0	0	50,0	0	998,0	0	0,0	ERA5
1054706	26/04/2024	02	25/04/2024	22	HAE	-1,0	0	-7,8	0	60,0	0	0,0	0	0,0	0	998,0	0	0,0	ERA5
1054707	26/04/2024	03	25/04/2024	23	HAE	-1,4	0	-7,6	0	63,0	0	1,0	0	100,0	0	999,0	0	0,0	ERA5
1054708	26/04/2024	04	26/04/2024	00	HAE	0,5	0	-7,9	0	53,0	0	3,0	0	300,0	0	999,0	0	0,0	ERA5
1054709	26/04/2024	05	26/04/2024	01	HAE	-1,0	0	-7,6	0	61,0	0	3,0	0	320,0	0	1000,0	0	0,0	ERA5
1054710	26/04/2024	06	26/04/2024	02	HAE	-1,8	0	-7,1	0	67,0	0	1,0	0	360,0	0	1000,0	0	0,0	ERA5
1054711	26/04/2024	07	26/04/2024	03	HAE	-2,9	0	-7,4	0	71,0	0	0,0	0	0,0	0	1001,0	0	0,0	ERA5
1054712	26/04/2024	08	26/04/2024	04	HAE	-3,6	0	-7,3	0	75,0	0	2,0	0	30,0	0	1001,0	0	0,0	ERA5
1054713	26/04/2024	09	26/04/2024	05	HAE	-3,6	0	-7,1	0	77,0	0	3,0	0	230,0	0	1002,0	0	0,0	ERA5
1054714	26/04/2024	10	26/04/2024	06	HAE	-5,3	0	-7,5	0	84,0	0	4,0	0	170,0	0	1003,0	0	14,1	ERA5
1054715	26/04/2024	11	26/04/2024	07	HAE	-2,8	0	-6,1	0	78,0	0	4,0	0	130,0	0	1004,0	0	379,2	ERA5
1054716	26/04/2024	12	26/04/2024	08	HAE	-0,3	0	-5,5	0	68,0	0	2,0	0	120,0	0	1004,0	0	1033,3	ERA5
1054717	26/04/2024	13	26/04/2024	09	HAE	4,6	0	-5,8	0	47,0	0	4,0	0	40,0	0	1004,0	0	1727,2	ERA5
1054718	26/04/2024	14	26/04/2024	10	HAE	5,7	0	-7,8	0	37,0	0	5,0	0	350,0	0	1004,0	0	2348,6	ERA5
1054719	26/04/2024	15	26/04/2024	11	HAE	6,7	0	-8,9	0	32,0	0	10,0	0	50,0	0	1003,0	0	2851,5	ERA5
1054720	26/04/2024	16	26/04/2024	12	HAE	8,7	0	-7,7	0	31,0	0	7,0	0	330,0	0	1003,0	0	3139,1	ERA5
1054721	26/04/2024	17	26/04/2024	13	HAE	9,9	0	-7,0	0	30,0	0	12,0	0	360,0	0	1003,0	0	3177,2	ERA5
1054722	26/04/2024	18	26/04/2024	14	HAE	10,5	0	-6,1	0	30,0	0	12,0	0	20,0	0	1003,0	0	2948,4	ERA5
1054723	26/04/2024	19	26/04/2024	15	HAE	10,5	0	-7,4	0	28,0	0	15,0	0	360,0	0	1002,0	0	2549,8	ERA5
1054724	26/04/2024	20	26/04/2024	16	HAE	10,7	0	-7,8	0	27,0	0	6,0	0	360,0	0	1002,0	0	1987,1	ERA5
1054725	26/04/2024	21	26/04/2024	17	HAE	11,0	0	-8,4	0	25,0	0	8,0	0	300,0	0	1002,0	0	1540,7	ERA5
1054726	26/04/2024	22	26/04/2024	18	HAE	11,3	0	-7,8	0	25,0	0	6,0	0	270,0	0	1002,0	0	1127,3	ERA5
1054727	26/04/2024	23	26/04/2024	19	HAE	10,5	0	-6,9	0	29,0	0	5,0	0	300,0	0	1002,0	0	611,0	ERA5
1054728	27/04/2024	00	26/04/2024	20	HAE	7,5	0	-5,1	0	40,0	0	4,0	0	240,0	0	1002,0	0	87,2	ERA5
1054729	27/04/2024	01	26/04/2024	21	HAE	3,8	0	-4,9	0	53,0	0	2,0	0	200,0	0	1002,0	0	0,0	ERA5
1054730	27/04/2024	02	26/04/2024	22	HAE	1,9	0	-4,4	0	63,0	0	3,0	0	180,0	0	1002,0	0	0,0	ERA5
1054731	27/04/2024	03	26/04/2024	23	HAE	2,4	0	-4,9	0	58,0	0	4,0	0	180,0	0	1003,0	0	0,0	ERA5
1054732	27/04/2024	04	27/04/2024	00	HAE	1,6	0	-4,4	0	64,0	0	4,0	0	160,0	0	1003,0	0	0,0	ERA5
1054733	27/04/2024	05	27/04/2024	01	HAE	-0,4	0	-5,0	0	71,0	0	1,0	0	210,0	0	1004,0	0	0,0	ERA5
1054734	27/04/2024	06	27/04/2024	02	HAE	-1,0	0	-4,9	0	75,0	0	7,0	0	170,0	0	1003,0	0	0,0	ERA5
1054735	27/04/2024	07	27/04/2024	03	HAE	-1,6	0	-4,7	0	79,0	0	5,0	0	170,0	0	1003,0	0	0,0	ERA5
1054736	27/04/2024	08	27/04/2024	04	HAE	-2,1	0	-4,9	0	81,0	0	6,0	0	160,0	0	1003,0	0	0,0	ERA5
1054737	27/04/2024	09	27/04/2024	05	HAE	-1,9	0	-5,2	0	78,0	0	1,0	0	190,0	0	1004,0	0	0,0	ERA5
1054738	27/04/2024	10	27/04/2024	06	HAE	-3,9	0	-5,9	0	86,0	0	4,0	0	150,0	0	1004,0	0	16,9	ERA5
1054739	27/04/2024	11	27/04/2024	07	HAE	-1,1	0	-4,6	0	77,0	0	3,0	0	130,0	0	1005,0	0	391,3	ERA5
1054740	27/04/2024	12	27/04/2024	08	HAE	1,2	0	-3,6	0	70,0	0	6,0	0	140,0	0	1005,0	0	1048,2	ERA5
1054741	27/04/2024	13	27/04/2024	09	HAE	5,0	0	-3,2	0	55,0	0	11,0	0	130,0	0	1005,0	0	1730,5	ERA5
1054742	27/04/2024	14	27/04/2024	10	HAE	9,5	0	-3,0	0	41,0	0	4,0	0	100,0	0	1004,0	0	2349,1	ERA5
1054743	27/04/2024	15	27/04/2024	11	HAE	13,8	0	-3,5	0	30,0	0	9,0	0	110,0	0	1002,0	0	2842,6	ERA5
1054744	27/04/2024	16	27/04/2024	12	HAE	14,5	0	-4,9	0	26,0	0	14,0	0	140,0	0	1001,0	0	3152,0	ERA5
1054745	27/04/2024	17	27/04/2024	13	HAE	16,3	0	-3,7	0	25,0	0	7,0	0	110,0	0	1000,0	0	3278,3	ERA5
1054746	27/04/2024	18	27/04/2024	14	HAE	17,3	0	-6,8	0	19,0	0	12,0	0	150,0	0	999,0	0	3107,6	ERA5
1054747	27/04/2024	19	27/04/2024	15	HAE	17,4	0	-7,2	0	18,0	0	12,0	0	140,0	0	998,0	0	2737,9	ERA5
1054748	27/04/2024	20	27/04/2024	16	HAE	17,7	0	-5,7	0	20,0	0	6,0	0	150,0	0	997,0	0	2436,0	ERA5
1054749	27/04/2024	21	27/04/2024	17	HAE	17,8	0	-8,4	0	16,0	0	9,0	0	200,0	0	996,0	0	1883,8	ERA5
1054750	27/04/2024	22	27/04/2024	18	HAE	17,7	0	-7,7	0	17,0	0	9,0	0	180,0	0	996,0	0	1025,8	ERA5
1054751	27/04/2024	23	27/04/2024	19	HAE	16,1	0	-6,9	0	20,0	0	4,0	0	180,0	0	995,0	0	368,1	ERA5
1054752	28/04/2024	00	27/04/2024	20	HAE	14,1	0	-5,4	0	26,0	0	3,0	0	170,0	0	995,0	0	44,6	ERA5
1054753	28/04/2024	01	27/04/2024	21	HAE	12,3	0	-4,9	0	30,0	0	3,0	0	180,0	0	995,0	0	0,0	ERA5
1054754	28/04/2024	02	27/04/2024	22	HAE	10,8	0	-3,5	0	37,0	0	6,0	0	170,0	0	994,0	0	0,0	ERA5
1054755	28/04/2024	03	27/04/2024	23	HAE	10,7	0	-3,7	0	36,0	0	5,0	0	150,0	0	994,0	0	0,0	ERA5
1054756	28/04/2024	04	28/04/2024	00	HAE	10,3	0	-3,2	0	38,0	0	5,0	0	170,0	0	994,0	0	0,0	ERA5
1054757	28/04/2024	05	28/04/2024	01	HAE	9,8	0	-2,8	0	41,0	0	7,0	0	140,0	0	994,0	0	0,0	ERA5
1054758	28/04/2024	06	28/04/2024	02	HAE	9,2	0	-1,0	0	49,0	0	4,0	0	170,0	0	993,0	0	0,0	ERA5
1054759	28/04/2024	07	28/04/2024	03	HAE	8,6	0	0,3	0	56,0	0	4,0	0	170,0	0	993,0	0	0,0	ERA5
1054760	28/04/2024	08	28/04/2024	04	HAE	7,0	0	3,1	0	76,0	0	5,0	0	160,0	0	991,0	0	0,0	ERA5
1054761	28/04/2024	09	28/04/2024	05	HAE	6,8	0	4,5	0	85,0	0	8,0	0	180,0	0	991,0	0	0,0	ERA5
1054762	28/04/2024	10	28/04/2024	06	HAE	7,5	0	3,2	0	74,0	0	6,0	0	170,0	0	990,0	0	5,6	ERA5
1054763	28/04/2024	11	28/04/2024	07	HAE	7,9	0	2,8	0	70,0	0	4,0	0	180,0	0	991,0	0	80,5	ERA5
1054764	28/04/2024	12	28/04/2024	08	HAE	6,0	0	5,3	0	96,0	0	7,0	0	160,0	0	991,0	0	229,3	ERA5
1054765	28/04/2024	13	28/04/2024	09	HAE	6,6	0	5,6	0	93,0	0	8,0	0	130,0	0	991,0	0	419,9	ERA5
1054766	28/04/2024	14	28/04/2024	10	HAE	8,1	0	7,4	0	96,0	0	10,0	0	130,0	0	989,0	0	460,7	ERA5
1054767	28/04/2024	15	28/04/2024	11	HAE	9,6	0	8,4	0	92,0	0	8,0	0	130,0	0	989,0	0	511,8	ERA5
1054768	28/04/2024	16	28/04/2024	12	HAE	9,9	0	8,5	0	91,0	0	8,0	0	150,0	0	988,0	0	1002,8	ERA5
1054769	28/04/2024	17	28/04/2024	13	HAE	11,8	0	10,0	0	88,0	0	5,0	0	120,0	0	987,0	0	1025,0	ERA5
1054770	28/04/2024	18	28/04/2024	14	HAE	13,3	0	11,1	0	87,0	0	4,0	0	120,0	0	987,0	0	934,1	ERA5
1054771	28/04/2024	19	28/04/2024	15	HAE	13,8	0	11,9	0	88,0	0	4,0	0	150,0	0	986,0	0	755,5	ERA5
1054772	28/04/2024	20	28/04/2024	16	HAE	14,4	0	12,5	0	89,0	0	3,0	0	160,0	0	985,0	0	704,8	ERA5
1054773	28/04/2024	21	28/04/2024	17	HAE	15,4	0	12,8	0	85,0	0	3,0	0	280,0	0	985,0	0	372,1	ERA5
1054774	28/04/2024	22	28/04/2024	18	HAE	15,4	0	12,5	0	83,0	0	4,0	0	260,0	0	985,0	0	241,9	ERA5
1054775	28/04/2024	23	28/04/2024	19	HAE	14,5	0	11,4	0	82,0	0	10,0	0	290,0	0	985,0	0	89,5	ERA5
1054776	29/04/2024	00	28/04/2024	20	HAE	13,9	0	11,2	0	84,0	0	2,0	0	320,0	0	986,0	0	26,3	ERA5
1054777	29/04/2024	01	28/04/2024	21	HAE	13,2	0	11,4	0	89,0	0	5,0	0	270,0	0	986,0	0	0,0	ERA5
1054778	29/04/2024	02	28/04/2024	22	HAE	12,4	0	10,4	0	88,0	0	10,0	0	300,0	0	986,0	0	0,0	ERA5
1054779	29/04/2024	03	28/04/2024	23	HAE	9,6	0	6,8	0	83,0	0	9,0	0	300,0	0	987,0	0	0,0	ERA5
1054780	29/04/2024	04	29/04/2024	00	HAE	8,6	0	5,7	0	82,0	0	8,0	0	290,0	0	987,0	0	0,0	ERA5
1054781	29/04/2024	05	29/04/2024	01	HAE	7,4	0	4,2	0	80,0	0	9,0	0	310,0	0	988,0	0	0,0	ERA5
1054782	29/04/2024	06	29/04/2024	02	HAE	6,3	0	3,0	0	79,0	0	8,0	0	320,0	0	988,0	0	0,0	ERA5
1054783	29/04/2024	07	29/04/2024	03	HAE	5,0	0	1,3	0	77,0	0	10,0	0	290,0	0	989,0	0	0,0	ERA5
1054784	29/04/2024	08	29/04/2024	04	HAE	3,8	0	0,5	0	79,0	0	5,0	0	270,0	0	989,0	0	0,0	ERA5
1054785	29/04/2024	09	29/04/2024	05	HAE	3,1	0	0,2	0	81,0	0	6,0	0	310,0	0	990,0	0	0,0	ERA5
1054786	29/04/2024	10	29/04/2024	06	HAE	2,0	0	-0,3	0	85,0	0	1,0	0	290,0	0	990,0	0	15,0	ERA5
1054787	29/04/2024	11	29/04/2024	07	HAE	2,2	0	0,7	0	90,0	0	5,0	0	170,0	0	991,0	0	245,7	ERA5
1054788	29/04/2024	12	29/04/2024	08	HAE	5,0	0	0,1	0	71,0	0	7,0	0	30,0	0	992,0	0	656,0	ERA5
1054789	29/04/2024	13	29/04/2024	09	HAE	7,3	0	1,1	0	65,0	0	7,0	0	20,0	0	992,0	0	1022,0	ERA5
1054790	29/04/2024	14	29/04/2024	10	HAE	8,1	0	1,2	0	62,0	0	13,0	0	340,0	0	992,0	0	1567,8	ERA5
1054791	29/04/2024	15	29/04/2024	11	HAE	8,7	0	0,5	0	56,0	0	12,0	0	340,0	0	992,0	0	2221,7	ERA5
1054792	29/04/2024	16	29/04/2024	12	HAE	10,2	0	1,2	0	53,0	0	12,0	0	30,0	0	992,0	0	2755,5	ERA5
1054793	29/04/2024	17	29/04/2024	13	HAE	11,1	0	0,9	0	49,0	0	12,0	0	330,0	0	992,0	0	2962,0	ERA5
1054794	29/04/2024	18	29/04/2024	14	HAE	11,7	0	0,9	0	48,0	0	7,0	0	10,0	0	992,0	0	3129,8	ERA5
1054795	29/04/2024	19	29/04/2024	15	HAE	12,6	0	1,2	0	46,0	0	13,0	0	330,0	0	992,0	0	2486,1	ERA5
1054796	29/04/2024	20	29/04/2024	16	HAE	13,5	0	0,9	0	42,0	0	15,0	0	330,0	0	991,0	0	2285,4	ERA5
1054797	29/04/2024	21	29/04/2024	17	HAE	14,0	0	0,3	0	39,0	0	10,0	0	350,0	0	991,0	0	1917,8	ERA5
1054798	29/04/2024	22	29/04/2024	18	HAE	13,2	0	-0,7	0	38,0	0	11,0	0	10,0	0	991,0	0	1293,7	ERA5
1054799	29/04/2024	23	29/04/2024	19	HAE	11,7	0	-0,6	0	43,0	0	9,0	0	40,0	0	992,0	0	613,0	ERA5
1054800	30/04/2024	00	29/04/2024	20	HAE	10,2	0	0,5	0	51,0	0	9,0	0	20,0	0	992,0	0	102,8	ERA5
1054801	30/04/2024	01	29/04/2024	21	HAE	8,3	0	0,2	0	57,0	0	7,0	0	30,0	0	993,0	0	0,0	ERA5
1054802	30/04/2024	02	29/04/2024	22	HAE	6,9	0	-0,1	0	61,0	0	6,0	0	40,0	0	992,0	0	0,0	ERA5
1054803	30/04/2024	03	29/04/2024	23	HAE	5,2	0	-0,4	0	67,0	0	2,0	0	340,0	0	992,0	0	0,0	ERA5
1054804	30/04/2024	04	30/04/2024	00	HAE	3,8	0	-0,2	0	75,0	0	3,0	0	290,0	0	993,0	0	0,0	ERA5
1054805	30/04/2024	05	30/04/2024	01	HAE	2,8	0	0,1	0	82,0	0	4,0	0	160,0	0	993,0	0	0,0	ERA5
1054806	30/04/2024	06	30/04/2024	02	HAE	3,6	0	0,2	0	78,0	0	2,0	0	190,0	0	993,0	0	0,0	ERA5
1054807	30/04/2024	07	30/04/2024	03	HAE	3,2	0	0,4	0	82,0	0	2,0	0	70,0	0	993,0	0	0,0	ERA5
1054808	30/04/2024	08	30/04/2024	04	HAE	3,8	0	-1,2	0	70,0	0	1,0	0	120,0	0	992,0	0	0,0	ERA5
1054809	30/04/2024	09	30/04/2024	05	HAE	3,8	0	-3,5	0	59,0	0	3,0	0	80,0	0	992,0	0	0,0	ERA5
1054810	30/04/2024	10	30/04/2024	06	HAE	3,2	0	-4,7	0	56,0	0	7,0	0	160,0	0	993,0	0	10,9	ERA5
1054811	30/04/2024	11	30/04/2024	07	HAE	3,2	0	-5,2	0	54,0	0	8,0	0	130,0	0	993,0	0	128,7	ERA5
1054812	30/04/2024	12	30/04/2024	08	HAE	3,6	0	-6,0	0	50,0	0	7,0	0	120,0	0	993,0	0	491,5	ERA5
1054813	30/04/2024	13	30/04/2024	09	HAE	5,0	0	-6,1	0	44,0	0	6,0	0	120,0	0	992,0	0	600,9	ERA5
1054814	30/04/2024	14	30/04/2024	10	HAE	5,8	0	-5,6	0	43,0	0	10,0	0	140,0	0	991,0	0	497,2	ERA5
1054815	30/04/2024	15	30/04/2024	11	HAE	7,5	0	-5,1	0	40,0	0	4,0	0	100,0	0	990,0	0	849,4	ERA5
1054816	30/04/2024	16	30/04/2024	12	HAE	8,2	0	-5,0	0	39,0	0	10,0	0	140,0	0	989,0	0	1334,3	ERA5
1054817	30/04/2024	17	30/04/2024	13	HAE	8,9	0	-4,8	0	38,0	0	11,0	0	80,0	0	988,0	0	1789,3	ERA5
1054818	30/04/2024	18	30/04/2024	14	HAE	9,9	0	-3,9	0	38,0	0	5,0	0	110,0	0	988,0	0	1188,4	ERA5
1054819	30/04/2024	19	30/04/2024	15	HAE	10,7	0	-3,7	0	36,0	0	6,0	0	60,0	0	987,0	0	463,6	ERA5
1054820	30/04/2024	20	30/04/2024	16	HAE	10,7	0	-0,6	0	45,0	0	3,0	0	350,0	0	987,0	0	416,4	ERA5
1054821	30/04/2024	21	30/04/2024	17	HAE	8,8	0	0,7	0	57,0	0	9,0	0	320,0	0	987,0	0	319,8	ERA5
1054822	30/04/2024	22	30/04/2024	18	HAE	8,3	0	1,8	0	63,0	0	9,0	0	320,0	0	986,0	0	111,6	ERA5
1054823	30/04/2024	23	30/04/2024	19	HAE	7,8	0	2,8	0	70,0	0	2,0	0	340,0	0	987,0	0	66,0	ERA5
1054824	01/05/2024	00	30/04/2024	20	HAE	7,3	0	3,8	0	79,0	0	1,0	0	160,0	0	986,0	0	7,6	ERA5
1054825	01/05/2024	01	30/04/2024	21	HAE	7,2	0	3,1	0	76,0	0	3,0	0	310,0	0	986,0	0	0,0	ERA5
1054826	01/05/2024	02	30/04/2024	22	HAE	7,6	0	2,2	0	69,0	0	9,0	0	330,0	0	987,0	0	0,0	ERA5
1054827	01/05/2024	03	30/04/2024	23	HAE	7,5	0	2,2	0	69,0	0	8,0	0	300,0	0	987,0	0	0,0	ERA5
1054828	01/05/2024	04	01/05/2024	00	HAE	6,7	0	2,5	0	75,0	0	2,0	0	200,0	0	986,0	0	0,0	ERA5
1054829	01/05/2024	05	01/05/2024	01	HAE	7,0	0	0,4	0	63,0	0	8,0	0	170,0	0	986,0	0	0,0	ERA5
1054830	01/05/2024	06	01/05/2024	02	HAE	5,7	0	-0,8	0	63,0	0	0,0	0	100,0	0	986,0	0	0,0	ERA5
1054831	01/05/2024	07	01/05/2024	03	HAE	5,2	0	-1,1	0	63,0	0	1,0	0	270,0	0	986,0	0	0,0	ERA5
1054832	01/05/2024	08	01/05/2024	04	HAE	3,9	0	-0,8	0	72,0	0	2,0	0	100,0	0	986,0	0	0,0	ERA5
1054833	01/05/2024	09	01/05/2024	05	HAE	1,3	0	-1,1	0	84,0	0	1,0	0	60,0	0	986,0	0	0,0	ERA5
1054834	01/05/2024	10	01/05/2024	06	HAE	0,8	0	-1,1	0	87,0	0	1,0	0	180,0	0	987,0	0	26,1	ERA5
1054835	01/05/2024	11	01/05/2024	07	HAE	3,7	0	0,4	0	79,0	0	1,0	0	150,0	0	987,0	0	389,6	ERA5
1054836	01/05/2024	12	01/05/2024	08	HAE	6,8	0	-1,1	0	57,0	0	3,0	0	130,0	0	988,0	0	1002,4	ERA5
1054837	01/05/2024	13	01/05/2024	09	HAE	9,4	0	-0,8	0	49,0	0	10,0	0	120,0	0	988,0	0	1733,8	ERA5
1054838	01/05/2024	14	01/05/2024	10	HAE	11,0	0	-0,5	0	45,0	0	5,0	0	140,0	0	987,0	0	2402,0	ERA5
1054839	01/05/2024	15	01/05/2024	11	HAE	12,7	0	0,7	0	44,0	0	10,0	0	120,0	0	986,0	0	2887,5	ERA5
1054840	01/05/2024	16	01/05/2024	12	HAE	14,7	0	0,6	0	38,0	0	6,0	0	140,0	0	986,0	0	3159,8	ERA5
1054841	01/05/2024	17	01/05/2024	13	HAE	15,4	0	-1,1	0	32,0	0	10,0	0	120,0	0	985,0	0	3259,0	ERA5
1054842	01/05/2024	18	01/05/2024	14	HAE	16,5	0	0,2	0	33,0	0	7,0	0	30,0	0	985,0	0	3205,2	ERA5
1054843	01/05/2024	19	01/05/2024	15	HAE	16,5	0	-1,6	0	29,0	0	8,0	0	130,0	0	985,0	0	2813,1	ERA5
1054844	01/05/2024	20	01/05/2024	16	HAE	17,7	0	-0,6	0	29,0	0	6,0	0	300,0	0	984,0	0	2307,0	ERA5
1054845	01/05/2024	21	01/05/2024	17	HAE	18,1	0	-1,1	0	27,0	0	7,0	0	180,0	0	984,0	0	1784,5	ERA5
1054846	01/05/2024	22	01/05/2024	18	HAE	17,8	0	-0,2	0	30,0	0	6,0	0	360,0	0	985,0	0	915,7	ERA5
1054847	01/05/2024	23	01/05/2024	19	HAE	15,1	0	1,8	0	41,0	0	8,0	0	310,0	0	985,0	0	408,4	ERA5
1054848	02/05/2024	00	01/05/2024	20	HAE	13,8	0	2,0	0	45,0	0	8,0	0	310,0	0	985,0	0	89,7	ERA5
1054849	02/05/2024	01	01/05/2024	21	HAE	12,7	0	2,2	0	49,0	0	4,0	0	330,0	0	986,0	0	0,0	ERA5
1054850	02/05/2024	02	01/05/2024	22	HAE	11,2	0	1,7	0	52,0	0	3,0	0	260,0	0	986,0	0	0,0	ERA5
1054851	02/05/2024	03	01/05/2024	23	HAE	9,5	0	2,5	0	62,0	0	0,0	0	0,0	0	986,0	0	0,0	ERA5
1054852	02/05/2024	04	02/05/2024	00	HAE	9,1	0	2,9	0	65,0	0	3,0	0	140,0	0	986,0	0	0,0	ERA5
1054853	02/05/2024	05	02/05/2024	01	HAE	9,6	0	1,6	0	57,0	0	3,0	0	350,0	0	986,0	0	0,0	ERA5
1054854	02/05/2024	06	02/05/2024	02	HAE	9,0	0	1,4	0	59,0	0	8,0	0	160,0	0	986,0	0	0,0	ERA5
1054855	02/05/2024	07	02/05/2024	03	HAE	8,5	0	0,8	0	58,0	0	6,0	0	140,0	0	985,0	0	0,0	ERA5
1054856	02/05/2024	08	02/05/2024	04	HAE	8,0	0	1,5	0	64,0	0	1,0	0	70,0	0	985,0	0	0,0	ERA5
1054857	02/05/2024	09	02/05/2024	05	HAE	6,4	0	3,5	0	82,0	0	5,0	0	170,0	0	985,0	0	0,0	ERA5
1054858	02/05/2024	10	02/05/2024	06	HAE	5,7	0	4,7	0	93,0	0	0,0	0	100,0	0	986,0	0	17,9	ERA5
1054859	02/05/2024	11	02/05/2024	07	HAE	5,8	0	4,9	0	94,0	0	5,0	0	190,0	0	986,0	0	88,2	ERA5
1054860	02/05/2024	12	02/05/2024	08	HAE	5,7	0	5,2	0	97,0	0	19,0	0	140,0	0	984,0	0	274,1	ERA5
1054861	02/05/2024	13	02/05/2024	09	HAE	8,0	0	7,5	0	97,0	0	4,0	0	10,0	0	985,0	0	284,0	ERA5
1054862	02/05/2024	14	02/05/2024	10	HAE	8,8	0	7,7	0	93,0	0	1,0	0	50,0	0	985,0	0	787,5	ERA5
1054863	02/05/2024	15	02/05/2024	11	HAE	9,9	0	8,7	0	93,0	0	3,0	0	120,0	0	985,0	0	599,3	ERA5
1054864	02/05/2024	16	02/05/2024	12	HAE	10,7	0	9,3	0	91,0	0	6,0	0	150,0	0	985,0	0	1157,7	ERA5
1054865	02/05/2024	17	02/05/2024	13	HAE	9,9	0	9,3	0	96,0	0	8,0	0	140,0	0	986,0	0	788,6	ERA5
1054866	02/05/2024	18	02/05/2024	14	HAE	9,9	0	8,9	0	93,0	0	9,0	0	110,0	0	986,0	0	424,6	ERA5
1054867	02/05/2024	19	02/05/2024	15	HAE	10,1	0	8,8	0	92,0	0	12,0	0	120,0	0	987,0	0	366,6	ERA5
1054868	02/05/2024	20	02/05/2024	16	HAE	10,4	0	8,3	0	87,0	0	13,0	0	120,0	0	988,0	0	575,8	ERA5
1054869	02/05/2024	21	02/05/2024	17	HAE	10,2	0	8,0	0	86,0	0	12,0	0	120,0	0	989,0	0	668,8	ERA5
1054870	02/05/2024	22	02/05/2024	18	HAE	10,4	0	7,7	0	84,0	0	7,0	0	70,0	0	990,0	0	510,1	ERA5
1054871	02/05/2024	23	02/05/2024	19	HAE	10,1	0	7,8	0	86,0	0	4,0	0	110,0	0	991,0	0	395,5	ERA5
1054872	03/05/2024	00	02/05/2024	20	HAE	9,7	0	8,1	0	90,0	0	3,0	0	20,0	0	992,0	0	91,5	ERA5
1054873	03/05/2024	01	02/05/2024	21	HAE	8,1	0	7,3	0	94,0	0	1,0	0	190,0	0	992,0	0	0,0	ERA5
1054874	03/05/2024	02	02/05/2024	22	HAE	7,7	0	6,8	0	95,0	0	3,0	0	310,0	0	992,0	0	0,0	ERA5
1054875	03/05/2024	03	02/05/2024	23	HAE	6,1	0	5,5	0	96,0	0	0,0	0	0,0	0	992,0	0	0,0	ERA5
1054876	03/05/2024	04	03/05/2024	00	HAE	5,1	0	4,8	0	98,0	0	0,0	0	270,0	0	992,0	0	0,0	ERA5
1054877	03/05/2024	05	03/05/2024	01	HAE	4,5	0	4,0	0	96,0	0	0,0	0	0,0	0	993,0	0	0,0	ERA5
1054878	03/05/2024	06	03/05/2024	02	HAE	3,1	0	2,8	0	98,0	0	2,0	0	60,0	0	993,0	0	0,0	ERA5
1054879	03/05/2024	07	03/05/2024	03	HAE	3,0	0	2,8	0	98,0	0	2,0	0	330,0	0	994,0	0	0,0	ERA5
1054880	03/05/2024	08	03/05/2024	04	HAE	1,8	0	1,4	0	97,0	0	0,0	0	160,0	0	994,0	0	0,0	ERA5
1054881	03/05/2024	09	03/05/2024	05	HAE	1,1	0	0,9	0	99,0	0	1,0	0	360,0	0	995,0	0	0,0	ERA5
1054882	03/05/2024	10	03/05/2024	06	HAE	0,8	0	0,8	0	99,0	0	0,0	0	0,0	0	995,0	0	23,5	ERA5
1054883	03/05/2024	11	03/05/2024	07	HAE	1,6	0	1,5	0	99,0	0	2,0	0	140,0	0	996,0	0	269,3	ERA5
1054884	03/05/2024	12	03/05/2024	08	HAE	4,6	0	4,5	0	99,0	0	3,0	0	150,0	0	996,0	0	739,4	ERA5
1054885	03/05/2024	13	03/05/2024	09	HAE	8,6	0	6,5	0	87,0	0	3,0	0	110,0	0	996,0	0	1060,7	ERA5
1054886	03/05/2024	14	03/05/2024	10	HAE	11,2	0	6,9	0	75,0	0	4,0	0	150,0	0	996,0	0	1538,4	ERA5
1054887	03/05/2024	15	03/05/2024	11	HAE	12,2	0	6,9	0	70,0	0	5,0	0	40,0	0	996,0	0	2499,7	ERA5
1054888	03/05/2024	16	03/05/2024	12	HAE	13,4	0	6,4	0	62,0	0	7,0	0	80,0	0	996,0	0	2715,8	ERA5
1054889	03/05/2024	17	03/05/2024	13	HAE	14,8	0	6,4	0	57,0	0	2,0	0	310,0	0	995,0	0	2423,5	ERA5
1054890	03/05/2024	18	03/05/2024	14	HAE	15,5	0	6,5	0	55,0	0	3,0	0	360,0	0	995,0	0	1782,0	ERA5
1054891	03/05/2024	19	03/05/2024	15	HAE	16,0	0	5,7	0	51,0	0	5,0	0	20,0	0	995,0	0	1507,0	ERA5
1054892	03/05/2024	20	03/05/2024	16	HAE	17,2	0	5,6	0	46,0	0	6,0	0	40,0	0	995,0	0	1472,9	ERA5
1054893	03/05/2024	21	03/05/2024	17	HAE	16,3	0	6,5	0	52,0	0	7,0	0	330,0	0	995,0	0	1077,6	ERA5
1054894	03/05/2024	22	03/05/2024	18	HAE	16,5	0	5,7	0	49,0	0	8,0	0	90,0	0	994,0	0	637,0	ERA5
1054895	03/05/2024	23	03/05/2024	19	HAE	15,6	0	5,6	0	51,0	0	9,0	0	70,0	0	995,0	0	336,9	ERA5
1054896	04/05/2024	00	03/05/2024	20	HAE	11,8	0	6,1	0	68,0	0	8,0	0	320,0	0	995,0	0	70,5	ERA5
1054897	04/05/2024	01	03/05/2024	21	HAE	10,2	0	5,5	0	73,0	0	12,0	0	320,0	0	995,0	0	0,0	ERA5
1054898	04/05/2024	02	03/05/2024	22	HAE	9,1	0	5,5	0	78,0	0	3,0	0	160,0	0	996,0	0	0,0	ERA5
1054899	04/05/2024	03	03/05/2024	23	HAE	7,9	0	4,5	0	79,0	0	6,0	0	320,0	0	996,0	0	0,0	ERA5
1054900	04/05/2024	04	04/05/2024	00	HAE	6,8	0	4,3	0	84,0	0	0,0	0	340,0	0	997,0	0	0,0	ERA5
1054901	04/05/2024	05	04/05/2024	01	HAE	6,6	0	4,5	0	87,0	0	1,0	0	310,0	0	997,0	0	0,0	ERA5
1054902	04/05/2024	06	04/05/2024	02	HAE	7,8	0	4,1	0	78,0	0	4,0	0	150,0	0	997,0	0	0,0	ERA5
1054903	04/05/2024	07	04/05/2024	03	HAE	7,8	0	3,9	0	76,0	0	4,0	0	160,0	0	997,0	0	0,0	ERA5
1054904	04/05/2024	08	04/05/2024	04	HAE	6,9	0	4,4	0	84,0	0	2,0	0	200,0	0	997,0	0	0,0	ERA5
1054905	04/05/2024	09	04/05/2024	05	HAE	6,4	0	4,1	0	85,0	0	4,0	0	180,0	0	998,0	0	0,0	ERA5
1054906	04/05/2024	10	04/05/2024	06	HAE	4,8	0	3,1	0	89,0	0	3,0	0	150,0	0	998,0	0	28,5	ERA5
1054907	04/05/2024	11	04/05/2024	07	HAE	7,7	0	5,1	0	84,0	0	8,0	0	150,0	0	999,0	0	240,4	ERA5
1054908	04/05/2024	12	04/05/2024	08	HAE	8,8	0	4,8	0	76,0	0	13,0	0	130,0	0	999,0	0	410,3	ERA5
1054909	04/05/2024	13	04/05/2024	09	HAE	10,3	0	5,4	0	71,0	0	8,0	0	130,0	0	999,0	0	603,9	ERA5
1054910	04/05/2024	14	04/05/2024	10	HAE	12,2	0	5,4	0	63,0	0	3,0	0	80,0	0	999,0	0	810,3	ERA5
1054911	04/05/2024	15	04/05/2024	11	HAE	14,0	0	6,0	0	58,0	0	1,0	0	90,0	0	999,0	0	827,2	ERA5
1054912	04/05/2024	16	04/05/2024	12	HAE	14,6	0	6,4	0	58,0	0	3,0	0	90,0	0	999,0	0	801,1	ERA5
1054913	04/05/2024	17	04/05/2024	13	HAE	15,4	0	6,1	0	54,0	0	2,0	0	70,0	0	998,0	0	717,0	ERA5
1054914	04/05/2024	18	04/05/2024	14	HAE	16,2	0	6,5	0	52,0	0	6,0	0	80,0	0	998,0	0	1248,9	ERA5
1054915	04/05/2024	19	04/05/2024	15	HAE	16,8	0	6,5	0	50,0	0	8,0	0	120,0	0	998,0	0	2345,2	ERA5
1054916	04/05/2024	20	04/05/2024	16	HAE	17,3	0	6,5	0	49,0	0	9,0	0	110,0	0	998,0	0	1547,4	ERA5
1054917	04/05/2024	21	04/05/2024	17	HAE	17,7	0	6,9	0	49,0	0	15,0	0	140,0	0	997,0	0	877,4	ERA5
1054918	04/05/2024	22	04/05/2024	18	HAE	17,3	0	7,0	0	51,0	0	13,0	0	150,0	0	997,0	0	592,4	ERA5
1054919	04/05/2024	23	04/05/2024	19	HAE	16,5	0	7,2	0	54,0	0	14,0	0	140,0	0	998,0	0	166,1	ERA5
1054920	05/05/2024	00	04/05/2024	20	HAE	14,8	0	6,8	0	59,0	0	11,0	0	150,0	0	998,0	0	47,8	ERA5
1054921	05/05/2024	01	04/05/2024	21	HAE	13,1	0	6,8	0	66,0	0	5,0	0	170,0	0	998,0	0	0,0	ERA5
1054922	05/05/2024	02	04/05/2024	22	HAE	12,1	0	6,9	0	70,0	0	7,0	0	170,0	0	998,0	0	0,0	ERA5
1054923	05/05/2024	03	04/05/2024	23	HAE	10,7	0	6,6	0	76,0	0	10,0	0	150,0	0	998,0	0	0,0	ERA5
1054924	05/05/2024	04	05/05/2024	00	HAE	9,9	0	6,3	0	78,0	0	9,0	0	140,0	0	998,0	0	0,0	ERA5
1054925	05/05/2024	05	05/05/2024	01	HAE	9,2	0	6,3	0	82,0	0	5,0	0	160,0	0	997,0	0	0,0	ERA5
1054926	05/05/2024	06	05/05/2024	02	HAE	8,1	0	6,2	0	88,0	0	6,0	0	180,0	0	997,0	0	0,0	ERA5
1054927	05/05/2024	07	05/05/2024	03	HAE	8,5	0	6,3	0	86,0	0	4,0	0	160,0	0	997,0	0	0,0	ERA5
1054928	05/05/2024	08	05/05/2024	04	HAE	8,2	0	6,2	0	87,0	0	9,0	0	140,0	0	997,0	0	0,0	ERA5
1054929	05/05/2024	09	05/05/2024	05	HAE	8,3	0	6,1	0	86,0	0	6,0	0	160,0	0	996,0	0	0,0	ERA5
1054930	05/05/2024	10	05/05/2024	06	HAE	7,6	0	6,2	0	91,0	0	4,0	0	160,0	0	996,0	0	35,4	ERA5
1054931	05/05/2024	11	05/05/2024	07	HAE	8,4	0	6,1	0	86,0	0	8,0	0	130,0	0	996,0	0	362,5	ERA5
1054932	05/05/2024	12	05/05/2024	08	HAE	12,0	0	7,3	0	73,0	0	10,0	0	120,0	0	995,0	0	875,2	ERA5
1054933	05/05/2024	13	05/05/2024	09	HAE	13,1	0	6,2	0	63,0	0	17,0	0	170,0	0	995,0	0	1383,8	ERA5
1054934	05/05/2024	14	05/05/2024	10	HAE	14,5	0	6,9	0	60,0	0	20,0	0	140,0	0	994,0	0	1917,8	ERA5
1054935	05/05/2024	15	05/05/2024	11	HAE	13,8	0	6,5	0	61,0	0	15,0	0	170,0	0	994,0	0	2169,1	ERA5
1054936	05/05/2024	16	05/05/2024	12	HAE	13,1	0	6,5	0	64,0	0	11,0	0	150,0	0	993,0	0	2086,6	ERA5
1054937	05/05/2024	17	05/05/2024	13	HAE	11,4	0	8,6	0	83,0	0	13,0	0	150,0	0	993,0	0	1375,4	ERA5
1054938	05/05/2024	18	05/05/2024	14	HAE	10,7	0	9,6	0	93,0	0	13,0	0	150,0	0	992,0	0	948,8	ERA5
1054939	05/05/2024	19	05/05/2024	15	HAE	9,9	0	9,1	0	95,0	0	11,0	0	150,0	0	992,0	0	301,7	ERA5
1054940	05/05/2024	20	05/05/2024	16	HAE	9,8	0	9,0	0	95,0	0	13,0	0	150,0	0	991,0	0	249,3	ERA5
1054941	05/05/2024	21	05/05/2024	17	HAE	9,6	0	9,0	0	96,0	0	8,0	0	140,0	0	990,0	0	128,0	ERA5
1054942	05/05/2024	22	05/05/2024	18	HAE	9,3	0	8,4	0	94,0	0	11,0	0	160,0	0	990,0	0	74,0	ERA5
1054943	05/05/2024	23	05/05/2024	19	HAE	8,9	0	8,4	0	97,0	0	8,0	0	160,0	0	990,0	0	30,1	ERA5
1054944	06/05/2024	00	05/05/2024	20	HAE	8,7	0	8,4	0	98,0	0	5,0	0	150,0	0	989,0	0	6,8	ERA5
1054945	06/05/2024	01	05/05/2024	21	HAE	8,5	0	8,3	0	98,0	0	8,0	0	130,0	0	989,0	0	0,0	ERA5
1054946	06/05/2024	02	05/05/2024	22	HAE	8,4	0	8,2	0	99,0	0	4,0	0	130,0	0	989,0	0	0,0	ERA5
1054947	06/05/2024	03	05/05/2024	23	HAE	8,4	0	8,3	0	99,0	0	6,0	0	150,0	0	989,0	0	0,0	ERA5
1054948	06/05/2024	04	06/05/2024	00	HAE	8,5	0	8,4	0	99,0	0	4,0	0	160,0	0	988,0	0	0,0	ERA5
1054949	06/05/2024	05	06/05/2024	01	HAE	8,6	0	8,5	0	100,0	0	5,0	0	130,0	0	987,0	0	0,0	ERA5
1054950	06/05/2024	06	06/05/2024	02	HAE	8,8	0	8,8	0	100,0	0	2,0	0	220,0	0	987,0	0	0,0	ERA5
1054951	06/05/2024	07	06/05/2024	03	HAE	9,1	0	9,0	0	99,0	0	6,0	0	170,0	0	986,0	0	0,0	ERA5
1054952	06/05/2024	08	06/05/2024	04	HAE	9,1	0	8,9	0	98,0	0	5,0	0	170,0	0	986,0	0	0,0	ERA5
1054953	06/05/2024	09	06/05/2024	05	HAE	9,2	0	8,8	0	97,0	0	1,0	0	40,0	0	987,0	0	0,0	ERA5
1054954	06/05/2024	10	06/05/2024	06	HAE	9,2	0	8,9	0	98,0	0	0,0	0	0,0	0	986,0	0	3,9	ERA5
1054955	06/05/2024	11	06/05/2024	07	HAE	9,5	0	9,3	0	98,0	0	2,0	0	50,0	0	986,0	0	38,1	ERA5
1054956	06/05/2024	12	06/05/2024	08	HAE	10,0	0	9,7	0	98,0	0	3,0	0	130,0	0	986,0	0	125,8	ERA5
1054957	06/05/2024	13	06/05/2024	09	HAE	11,5	0	10,6	0	94,0	0	3,0	0	140,0	0	986,0	0	566,1	ERA5
1054958	06/05/2024	14	06/05/2024	10	HAE	14,1	0	11,5	0	84,0	0	8,0	0	180,0	0	986,0	0	790,7	ERA5
1054959	06/05/2024	15	06/05/2024	11	HAE	15,0	0	9,5	0	69,0	0	3,0	0	240,0	0	985,0	0	1585,1	ERA5
1054960	06/05/2024	16	06/05/2024	12	HAE	16,4	0	9,2	0	62,0	0	3,0	0	230,0	0	985,0	0	1931,6	ERA5
1054961	06/05/2024	17	06/05/2024	13	HAE	16,9	0	8,8	0	59,0	0	5,0	0	230,0	0	984,0	0	2109,5	ERA5
1054962	06/05/2024	18	06/05/2024	14	HAE	19,2	0	10,1	0	56,0	0	6,0	0	230,0	0	983,0	0	2073,5	ERA5
1054963	06/05/2024	19	06/05/2024	15	HAE	18,8	0	7,3	0	47,0	0	6,0	0	230,0	0	983,0	0	2158,4	ERA5
1054964	06/05/2024	20	06/05/2024	16	HAE	17,9	0	8,1	0	53,0	0	3,0	0	280,0	0	982,0	0	2042,5	ERA5
1054965	06/05/2024	21	06/05/2024	17	HAE	14,3	0	9,9	0	74,0	0	9,0	0	330,0	0	983,0	0	1371,8	ERA5
1054966	06/05/2024	22	06/05/2024	18	HAE	14,0	0	12,5	0	90,0	0	2,0	0	130,0	0	982,0	0	1016,8	ERA5
1054967	06/05/2024	23	06/05/2024	19	HAE	14,9	0	11,7	0	81,0	0	1,0	0	250,0	0	982,0	0	414,8	ERA5
1054968	07/05/2024	00	06/05/2024	20	HAE	14,2	0	10,3	0	77,0	0	3,0	0	260,0	0	982,0	0	98,1	ERA5
1054969	07/05/2024	01	06/05/2024	21	HAE	13,7	0	9,1	0	74,0	0	2,0	0	250,0	0	982,0	0	0,0	ERA5
1054970	07/05/2024	02	06/05/2024	22	HAE	12,9	0	5,3	0	60,0	0	6,0	0	290,0	0	983,0	0	0,0	ERA5
1054971	07/05/2024	03	06/05/2024	23	HAE	11,1	0	4,5	0	64,0	0	3,0	0	300,0	0	983,0	0	0,0	ERA5
1054972	07/05/2024	04	07/05/2024	00	HAE	8,6	0	5,8	0	83,0	0	2,0	0	170,0	0	983,0	0	0,0	ERA5
1054973	07/05/2024	05	07/05/2024	01	HAE	6,7	0	3,7	0	81,0	0	0,0	0	190,0	0	983,0	0	0,0	ERA5
1054974	07/05/2024	06	07/05/2024	02	HAE	4,9	0	3,5	0	90,0	0	0,0	0	230,0	0	983,0	0	0,0	ERA5
1054975	07/05/2024	07	07/05/2024	03	HAE	3,9	0	2,9	0	93,0	0	1,0	0	160,0	0	982,0	0	0,0	ERA5
1054976	07/05/2024	08	07/05/2024	04	HAE	3,1	0	2,5	0	95,0	0	0,0	0	0,0	0	982,0	0	0,0	ERA5
1054977	07/05/2024	09	07/05/2024	05	HAE	2,5	0	2,0	0	97,0	0	0,0	0	0,0	0	982,0	0	0,0	ERA5
1054978	07/05/2024	10	07/05/2024	06	HAE	3,2	0	2,7	0	97,0	0	0,0	0	0,0	0	982,0	0	55,6	ERA5
1054979	07/05/2024	11	07/05/2024	07	HAE	5,3	0	3,7	0	90,0	0	2,0	0	130,0	0	982,0	0	507,6	ERA5
1054980	07/05/2024	12	07/05/2024	08	HAE	9,9	0	5,2	0	73,0	0	6,0	0	350,0	0	982,0	0	1160,2	ERA5
1054981	07/05/2024	13	07/05/2024	09	HAE	12,0	0	3,7	0	56,0	0	10,0	0	350,0	0	982,0	0	1826,4	ERA5
1054982	07/05/2024	14	07/05/2024	10	HAE	12,9	0	2,4	0	49,0	0	6,0	0	300,0	0	981,0	0	2432,5	ERA5
1054983	07/05/2024	15	07/05/2024	11	HAE	13,6	0	1,5	0	44,0	0	12,0	0	310,0	0	981,0	0	2288,1	ERA5
1054984	07/05/2024	16	07/05/2024	12	HAE	13,5	0	2,4	0	47,0	0	4,0	0	260,0	0	980,0	0	2112,9	ERA5
1054985	07/05/2024	17	07/05/2024	13	HAE	14,5	0	2,0	0	43,0	0	16,0	0	320,0	0	980,0	0	1636,7	ERA5
1054986	07/05/2024	18	07/05/2024	14	HAE	15,2	0	1,5	0	39,0	0	10,0	0	330,0	0	979,0	0	1391,7	ERA5
1054987	07/05/2024	19	07/05/2024	15	HAE	16,4	0	0,7	0	34,0	0	11,0	0	270,0	0	979,0	0	1331,3	ERA5
1054988	07/05/2024	20	07/05/2024	16	HAE	16,7	0	1,1	0	35,0	0	9,0	0	280,0	0	978,0	0	1309,5	ERA5
1054989	07/05/2024	21	07/05/2024	17	HAE	17,7	0	0,5	0	31,0	0	10,0	0	300,0	0	978,0	0	999,8	ERA5
1054990	07/05/2024	22	07/05/2024	18	HAE	16,9	0	1,1	0	34,0	0	9,0	0	310,0	0	978,0	0	536,8	ERA5
1054991	07/05/2024	23	07/05/2024	19	HAE	16,1	0	1,1	0	36,0	0	3,0	0	310,0	0	978,0	0	492,7	ERA5
1054992	08/05/2024	00	07/05/2024	20	HAE	15,1	0	1,0	0	38,0	0	4,0	0	240,0	0	978,0	0	151,5	ERA5
1054993	08/05/2024	01	07/05/2024	21	HAE	12,4	0	1,7	0	48,0	0	3,0	0	300,0	0	978,0	0	0,0	ERA5
1054994	08/05/2024	02	07/05/2024	22	HAE	9,8	0	2,3	0	60,0	0	3,0	0	350,0	0	979,0	0	0,0	ERA5
1054995	08/05/2024	03	07/05/2024	23	HAE	9,6	0	1,7	0	58,0	0	10,0	0	100,0	0	980,0	0	0,0	ERA5
1054996	08/05/2024	04	08/05/2024	00	HAE	8,2	0	0,8	0	59,0	0	1,0	0	250,0	0	980,0	0	0,0	ERA5
1054997	08/05/2024	05	08/05/2024	01	HAE	7,5	0	0,8	0	63,0	0	3,0	0	70,0	0	981,0	0	0,0	ERA5
1054998	08/05/2024	06	08/05/2024	02	HAE	6,3	0	0,7	0	68,0	0	0,0	0	100,0	0	980,0	0	0,0	ERA5
1054999	08/05/2024	07	08/05/2024	03	HAE	5,8	0	0,8	0	70,0	0	4,0	0	150,0	0	980,0	0	0,0	ERA5
1055000	08/05/2024	08	08/05/2024	04	HAE	3,8	0	0,1	0	77,0	0	2,0	0	220,0	0	980,0	0	0,0	ERA5
1055001	08/05/2024	09	08/05/2024	05	HAE	3,2	0	1,1	0	86,0	0	2,0	0	170,0	0	980,0	0	0,0	ERA5
1055002	08/05/2024	10	08/05/2024	06	HAE	3,7	0	1,0	0	83,0	0	3,0	0	130,0	0	979,0	0	41,0	ERA5
1055003	08/05/2024	11	08/05/2024	07	HAE	5,9	0	2,2	0	77,0	0	5,0	0	140,0	0	980,0	0	350,0	ERA5
1055004	08/05/2024	12	08/05/2024	08	HAE	7,7	0	1,7	0	66,0	0	8,0	0	100,0	0	979,0	0	837,8	ERA5
1055005	08/05/2024	13	08/05/2024	09	HAE	9,2	0	1,7	0	59,0	0	12,0	0	110,0	0	979,0	0	1419,2	ERA5
1055006	08/05/2024	14	08/05/2024	10	HAE	11,9	0	2,5	0	53,0	0	13,0	0	140,0	0	978,0	0	2074,7	ERA5
1055007	08/05/2024	15	08/05/2024	11	HAE	13,7	0	3,0	0	48,0	0	13,0	0	130,0	0	977,0	0	2170,2	ERA5
1055008	08/05/2024	16	08/05/2024	12	HAE	13,7	0	2,8	0	48,0	0	15,0	0	120,0	0	975,0	0	1662,8	ERA5
1055009	08/05/2024	17	08/05/2024	13	HAE	13,6	0	2,9	0	48,0	0	13,0	0	90,0	0	975,0	0	2129,2	ERA5
1055010	08/05/2024	18	08/05/2024	14	HAE	12,2	0	4,4	0	59,0	0	13,0	0	140,0	0	976,0	0	2356,5	ERA5
1055011	08/05/2024	19	08/05/2024	15	HAE	9,0	0	7,6	0	91,0	0	6,0	0	110,0	0	976,0	0	639,2	ERA5
1055012	08/05/2024	20	08/05/2024	16	HAE	9,1	0	7,7	0	92,0	0	5,0	0	140,0	0	975,0	0	1024,2	ERA5
1055013	08/05/2024	21	08/05/2024	17	HAE	9,8	0	7,7	0	87,0	0	9,0	0	120,0	0	975,0	0	766,3	ERA5
1055014	08/05/2024	22	08/05/2024	18	HAE	8,9	0	7,8	0	93,0	0	9,0	0	120,0	0	975,0	0	213,0	ERA5
1055015	08/05/2024	23	08/05/2024	19	HAE	8,6	0	7,3	0	92,0	0	9,0	0	40,0	0	975,0	0	95,8	ERA5
1055016	09/05/2024	00	08/05/2024	20	HAE	8,0	0	7,1	0	94,0	0	6,0	0	350,0	0	976,0	0	16,3	ERA5
1055017	09/05/2024	01	08/05/2024	21	HAE	8,1	0	7,1	0	93,0	0	9,0	0	340,0	0	976,0	0	0,0	ERA5
1055018	09/05/2024	02	08/05/2024	22	HAE	8,0	0	6,6	0	91,0	0	9,0	0	60,0	0	976,0	0	0,0	ERA5
1055019	09/05/2024	03	08/05/2024	23	HAE	7,9	0	6,3	0	90,0	0	7,0	0	60,0	0	976,0	0	0,0	ERA5
1055020	09/05/2024	04	09/05/2024	00	HAE	7,6	0	5,9	0	89,0	0	8,0	0	320,0	0	977,0	0	0,0	ERA5
1055021	09/05/2024	05	09/05/2024	01	HAE	7,0	0	6,2	0	94,0	0	9,0	0	320,0	0	977,0	0	0,0	ERA5
1055022	09/05/2024	06	09/05/2024	02	HAE	6,2	0	5,8	0	97,0	0	9,0	0	310,0	0	977,0	0	0,0	ERA5
1055023	09/05/2024	07	09/05/2024	03	HAE	6,0	0	5,6	0	97,0	0	10,0	0	300,0	0	977,0	0	0,0	ERA5
1055024	09/05/2024	08	09/05/2024	04	HAE	5,6	0	5,1	0	97,0	0	9,0	0	310,0	0	978,0	0	0,0	ERA5
1055025	09/05/2024	09	09/05/2024	05	HAE	5,3	0	4,9	0	97,0	0	10,0	0	320,0	0	978,0	0	0,0	ERA5
1055026	09/05/2024	10	09/05/2024	06	HAE	5,1	0	4,7	0	97,0	0	12,0	0	320,0	0	979,0	0	10,7	ERA5
1055027	09/05/2024	11	09/05/2024	07	HAE	5,3	0	5,0	0	98,0	0	9,0	0	330,0	0	980,0	0	97,4	ERA5
1055028	09/05/2024	12	09/05/2024	08	HAE	5,4	0	4,9	0	97,0	0	10,0	0	310,0	0	980,0	0	248,2	ERA5
1055029	09/05/2024	13	09/05/2024	09	HAE	6,5	0	5,8	0	95,0	0	9,0	0	10,0	0	981,0	0	606,1	ERA5
1055030	09/05/2024	14	09/05/2024	10	HAE	7,6	0	5,9	0	89,0	0	6,0	0	10,0	0	982,0	0	982,5	ERA5
1055031	09/05/2024	15	09/05/2024	11	HAE	8,9	0	5,0	0	76,0	0	7,0	0	10,0	0	982,0	0	1189,6	ERA5
1055032	09/05/2024	16	09/05/2024	12	HAE	9,6	0	4,0	0	68,0	0	9,0	0	10,0	0	982,0	0	1470,9	ERA5
1055033	09/05/2024	17	09/05/2024	13	HAE	10,2	0	4,3	0	67,0	0	10,0	0	40,0	0	982,0	0	1539,0	ERA5
1055034	09/05/2024	18	09/05/2024	14	HAE	10,1	0	4,0	0	65,0	0	8,0	0	360,0	0	982,0	0	1475,0	ERA5
1055035	09/05/2024	19	09/05/2024	15	HAE	10,7	0	3,0	0	59,0	0	5,0	0	30,0	0	982,0	0	1352,2	ERA5
1055036	09/05/2024	20	09/05/2024	16	HAE	10,9	0	5,2	0	68,0	0	2,0	0	30,0	0	982,0	0	1201,0	ERA5
1055037	09/05/2024	21	09/05/2024	17	HAE	10,4	0	5,2	0	70,0	0	3,0	0	10,0	0	982,0	0	1178,3	ERA5
1055038	09/05/2024	22	09/05/2024	18	HAE	10,6	0	4,8	0	67,0	0	1,0	0	50,0	0	983,0	0	820,7	ERA5
1055039	09/05/2024	23	09/05/2024	19	HAE	10,2	0	4,1	0	66,0	0	2,0	0	70,0	0	983,0	0	546,4	ERA5
1055040	10/05/2024	00	09/05/2024	20	HAE	9,1	0	4,7	0	74,0	0	0,0	0	270,0	0	983,0	0	143,1	ERA5
1055041	10/05/2024	01	09/05/2024	21	HAE	7,5	0	5,2	0	85,0	0	3,0	0	310,0	0	984,0	0	0,0	ERA5
1055042	10/05/2024	02	09/05/2024	22	HAE	5,7	0	3,7	0	87,0	0	0,0	0	200,0	0	984,0	0	0,0	ERA5
1055043	10/05/2024	03	09/05/2024	23	HAE	4,4	0	3,4	0	94,0	0	1,0	0	170,0	0	984,0	0	0,0	ERA5
1055044	10/05/2024	04	10/05/2024	00	HAE	3,6	0	2,4	0	92,0	0	4,0	0	250,0	0	984,0	0	0,0	ERA5
1055045	10/05/2024	05	10/05/2024	01	HAE	1,9	0	1,3	0	96,0	0	0,0	0	290,0	0	983,0	0	0,0	ERA5
1055046	10/05/2024	06	10/05/2024	02	HAE	1,1	0	0,7	0	97,0	0	0,0	0	0,0	0	983,0	0	0,0	ERA5
1055047	10/05/2024	07	10/05/2024	03	HAE	0,5	0	0,3	0	99,0	0	1,0	0	190,0	0	983,0	0	0,0	ERA5
1055048	10/05/2024	08	10/05/2024	04	HAE	-0,4	0	-0,5	0	99,0	0	4,0	0	180,0	0	984,0	0	0,0	ERA5
1055049	10/05/2024	09	10/05/2024	05	HAE	-1,0	0	-1,1	0	100,0	0	1,0	0	190,0	0	984,0	0	0,0	ERA5
1055050	10/05/2024	10	10/05/2024	06	HAE	-1,2	0	-1,3	0	100,0	0	0,0	0	0,0	0	984,0	0	71,4	ERA5
1055051	10/05/2024	11	10/05/2024	07	HAE	-0,3	0	-0,4	0	99,0	0	3,0	0	150,0	0	984,0	0	551,7	ERA5
1055052	10/05/2024	12	10/05/2024	08	HAE	2,6	0	2,1	0	97,0	0	1,0	0	120,0	0	984,0	0	1214,2	ERA5
1055053	10/05/2024	13	10/05/2024	09	HAE	7,6	0	1,4	0	65,0	0	3,0	0	130,0	0	984,0	0	1885,6	ERA5
1055054	10/05/2024	14	10/05/2024	10	HAE	10,6	0	-0,7	0	46,0	0	3,0	0	90,0	0	983,0	0	2491,6	ERA5
1055055	10/05/2024	15	10/05/2024	11	HAE	12,7	0	-1,4	0	38,0	0	14,0	0	120,0	0	983,0	0	2992,2	ERA5
1055056	10/05/2024	16	10/05/2024	12	HAE	13,8	0	-2,4	0	33,0	0	13,0	0	140,0	0	983,0	0	3368,4	ERA5
1055057	10/05/2024	17	10/05/2024	13	HAE	13,7	0	-2,8	0	32,0	0	11,0	0	60,0	0	982,0	0	3241,1	ERA5
1055058	10/05/2024	18	10/05/2024	14	HAE	15,4	0	-1,5	0	31,0	0	7,0	0	120,0	0	982,0	0	2519,3	ERA5
1055059	10/05/2024	19	10/05/2024	15	HAE	15,0	0	-2,7	0	29,0	0	8,0	0	40,0	0	981,0	0	2116,2	ERA5
1055060	10/05/2024	20	10/05/2024	16	HAE	15,1	0	-2,8	0	29,0	0	10,0	0	130,0	0	981,0	0	1914,0	ERA5
1055061	10/05/2024	21	10/05/2024	17	HAE	15,4	0	-3,3	0	27,0	0	8,0	0	80,0	0	981,0	0	1540,9	ERA5
1055062	10/05/2024	22	10/05/2024	18	HAE	14,6	0	-2,9	0	30,0	0	9,0	0	130,0	0	981,0	0	921,4	ERA5
1055063	10/05/2024	23	10/05/2024	19	HAE	14,0	0	-1,9	0	33,0	0	13,0	0	110,0	0	982,0	0	565,2	ERA5
1055064	11/05/2024	00	10/05/2024	20	HAE	12,1	0	-0,7	0	41,0	0	6,0	0	150,0	0	982,0	0	157,8	ERA5
1055065	11/05/2024	01	10/05/2024	21	HAE	10,7	0	-0,4	0	46,0	0	6,0	0	140,0	0	983,0	0	0,0	ERA5
1055066	11/05/2024	02	10/05/2024	22	HAE	8,8	0	-0,4	0	53,0	0	2,0	0	120,0	0	983,0	0	0,0	ERA5
1055067	11/05/2024	03	10/05/2024	23	HAE	6,1	0	0,4	0	67,0	0	0,0	0	0,0	0	983,0	0	0,0	ERA5
1055068	11/05/2024	04	11/05/2024	00	HAE	6,0	0	0,2	0	66,0	0	3,0	0	220,0	0	983,0	0	0,0	ERA5
1055069	11/05/2024	05	11/05/2024	01	HAE	3,8	0	0,7	0	80,0	0	5,0	0	220,0	0	983,0	0	0,0	ERA5
1055070	11/05/2024	06	11/05/2024	02	HAE	2,6	0	0,2	0	84,0	0	4,0	0	210,0	0	983,0	0	0,0	ERA5
1055071	11/05/2024	07	11/05/2024	03	HAE	2,4	0	0,1	0	85,0	0	1,0	0	180,0	0	984,0	0	0,0	ERA5
1055072	11/05/2024	08	11/05/2024	04	HAE	1,5	0	-0,25	4.lineaire	90,0	0	3,0	0	170,0	0	984,0	0	0,0	ERA5
1055073	11/05/2024	09	11/05/2024	05	HAE	0,5	0	-0,6	0	92,0	0	6,0	0	170,0	0	984,0	0	0,0	ERA5
1055074	11/05/2024	10	11/05/2024	06	HAE	0,6	0	-0,4	0	93,0	0	5,0	0	170,0	0	984,0	0	75,7	ERA5
1055075	11/05/2024	11	11/05/2024	07	HAE	3,7	0	0,8	0	81,0	0	1,0	0	120,0	0	984,0	0	555,2	ERA5
1055076	11/05/2024	12	11/05/2024	08	HAE	7,3	0	1,9	0	69,0	0	5,0	0	110,0	0	985,0	0	1210,9	ERA5
1055077	11/05/2024	13	11/05/2024	09	HAE	10,8	0	3,4	0	60,0	0	4,0	0	70,0	0	984,0	0	1877,1	ERA5
1055078	11/05/2024	14	11/05/2024	10	HAE	12,7	0	1,7	0	47,0	0	11,0	0	130,0	0	984,0	0	2391,4	ERA5
1055079	11/05/2024	15	11/05/2024	11	HAE	12,6	0	0,5	0	43,0	0	7,0	0	130,0	0	984,0	0	2370,9	ERA5
1055080	11/05/2024	16	11/05/2024	12	HAE	13,1	0	-0,1	0	40,0	0	9,0	0	70,0	0	983,0	0	2343,9	ERA5
1055081	11/05/2024	17	11/05/2024	13	HAE	13,1	0	-0,6	0	39,0	0	12,0	0	110,0	0	983,0	0	2187,7	ERA5
1055082	11/05/2024	18	11/05/2024	14	HAE	13,5	0	-0,7	0	37,0	0	8,0	0	100,0	0	983,0	0	1924,0	ERA5
1055083	11/05/2024	19	11/05/2024	15	HAE	13,8	0	-0,7	0	37,0	0	12,0	0	120,0	0	983,0	0	1804,9	ERA5
1055084	11/05/2024	20	11/05/2024	16	HAE	14,2	0	-0,8	0	36,0	0	9,0	0	120,0	0	982,0	0	1810,7	ERA5
1055085	11/05/2024	21	11/05/2024	17	HAE	14,2	0	-0,6	0	36,0	0	12,0	0	120,0	0	982,0	0	1468,8	ERA5
1055086	11/05/2024	22	11/05/2024	18	HAE	13,5	0	0,7	0	41,0	0	13,0	0	130,0	0	982,0	0	749,8	ERA5
1055087	11/05/2024	23	11/05/2024	19	HAE	12,9	0	-0,6	0	39,0	0	10,0	0	140,0	0	983,0	0	565,1	ERA5
1055088	12/05/2024	00	11/05/2024	20	HAE	11,6	0	-0,1	0	44,0	0	5,0	0	140,0	0	983,0	0	165,8	ERA5
1055089	12/05/2024	01	11/05/2024	21	HAE	10,8	0	-0,2	0	46,0	0	4,0	0	150,0	0	983,0	0	0,0	ERA5
1055090	12/05/2024	02	11/05/2024	22	HAE	10,2	0	-0,1	0	49,0	0	3,0	0	140,0	0	983,0	0	0,0	ERA5
1055091	12/05/2024	03	11/05/2024	23	HAE	7,6	0	1,8	0	66,0	0	0,0	0	90,0	0	983,0	0	0,0	ERA5
1055092	12/05/2024	04	12/05/2024	00	HAE	7,8	0	1,2	0	63,0	0	3,0	0	210,0	0	983,0	0	0,0	ERA5
1055093	12/05/2024	05	12/05/2024	01	HAE	6,6	0	1,7	0	71,0	0	3,0	0	240,0	0	983,0	0	0,0	ERA5
1055094	12/05/2024	06	12/05/2024	02	HAE	4,7	0	1,8	0	82,0	0	1,0	0	190,0	0	983,0	0	0,0	ERA5
1055095	12/05/2024	07	12/05/2024	03	HAE	4,6	0	2,0	0	83,0	0	6,0	0	210,0	0	983,0	0	0,0	ERA5
1055096	12/05/2024	08	12/05/2024	04	HAE	5,0	0	2,1	0	82,0	0	4,0	0	170,0	0	983,0	0	0,0	ERA5
1055097	12/05/2024	09	12/05/2024	05	HAE	5,1	0	2,5	0	83,0	0	6,0	0	280,0	0	983,0	0	0,0	ERA5
1055098	12/05/2024	10	12/05/2024	06	HAE	4,9	0	3,1	0	88,0	0	2,0	0	190,0	0	984,0	0	67,5	ERA5
1055099	12/05/2024	11	12/05/2024	07	HAE	5,5	0	3,0	0	84,0	0	3,0	0	160,0	0	984,0	0	415,4	ERA5
1055100	12/05/2024	12	12/05/2024	08	HAE	7,2	0	3,4	0	77,0	0	1,0	0	110,0	0	984,0	0	884,7	ERA5
1055101	12/05/2024	13	12/05/2024	09	HAE	10,3	0	4,5	0	67,0	0	4,0	0	120,0	0	984,0	0	1525,6	ERA5
1055102	12/05/2024	14	12/05/2024	10	HAE	13,7	0	4,4	0	53,0	0	4,0	0	150,0	0	984,0	0	2160,3	ERA5
1055103	12/05/2024	15	12/05/2024	11	HAE	12,9	0	2,9	0	50,0	0	5,0	0	10,0	0	984,0	0	2333,0	ERA5
1055104	12/05/2024	16	12/05/2024	12	HAE	13,1	0	3,8	0	53,0	0	7,0	0	320,0	0	984,0	0	2224,0	ERA5
1055105	12/05/2024	17	12/05/2024	13	HAE	12,8	0	3,4	0	53,0	0	8,0	0	340,0	0	983,0	0	2200,3	ERA5
1055106	12/05/2024	18	12/05/2024	14	HAE	14,5	0	2,4	0	44,0	0	15,0	0	320,0	0	983,0	0	1832,8	ERA5
1055107	12/05/2024	19	12/05/2024	15	HAE	15,6	0	2,9	0	42,0	0	5,0	0	310,0	0	983,0	0	1789,8	ERA5
1055108	12/05/2024	20	12/05/2024	16	HAE	15,3	0	1,5	0	39,0	0	2,0	0	350,0	0	983,0	0	1649,7	ERA5
1055109	12/05/2024	21	12/05/2024	17	HAE	16,4	0	3,3	0	41,0	0	7,0	0	30,0	0	983,0	0	1103,5	ERA5
1055110	12/05/2024	22	12/05/2024	18	HAE	15,5	0	1,5	0	39,0	0	7,0	0	340,0	0	983,0	0	669,5	ERA5
1055111	12/05/2024	23	12/05/2024	19	HAE	14,5	0	1,9	0	42,0	0	3,0	0	320,0	0	983,0	0	390,9	ERA5
1055112	13/05/2024	00	12/05/2024	20	HAE	13,6	0	2,1	0	46,0	0	1,0	0	260,0	0	984,0	0	110,0	ERA5
1055113	13/05/2024	01	12/05/2024	21	HAE	12,5	0	2,7	0	51,0	0	1,0	0	300,0	0	984,0	0	0,1	ERA5
1055114	13/05/2024	02	12/05/2024	22	HAE	11,4	0	3,3	0	57,0	0	1,0	0	290,0	0	985,0	0	0,0	ERA5
1055115	13/05/2024	03	12/05/2024	23	HAE	10,2	0	4,0	0	65,0	0	0,0	0	130,0	0	985,0	0	0,0	ERA5
1055116	13/05/2024	04	13/05/2024	00	HAE	9,7	0	4,2	0	69,0	0	0,0	0	330,0	0	985,0	0	0,0	ERA5
1055117	13/05/2024	05	13/05/2024	01	HAE	8,6	0	3,7	0	71,0	0	0,0	0	360,0	0	985,0	0	0,0	ERA5
1055118	13/05/2024	06	13/05/2024	02	HAE	6,9	0	3,8	0	81,0	0	5,0	0	170,0	0	985,0	0	-0,0	ERA5
1055119	13/05/2024	07	13/05/2024	03	HAE	5,4	0	2,3	0	80,0	0	2,0	0	170,0	0	986,0	0	0,0	ERA5
1055120	13/05/2024	08	13/05/2024	04	HAE	6,0	0	3,7	0	85,0	0	2,0	0	190,0	0	986,0	0	0,0	ERA5
1055121	13/05/2024	09	13/05/2024	05	HAE	5,9	0	3,8	0	87,0	0	3,0	0	190,0	0	987,0	0	0,0	ERA5
1055122	13/05/2024	10	13/05/2024	06	HAE	5,6	0	3,6	0	87,0	0	5,0	0	170,0	0	988,0	0	80,6	ERA5
1055123	13/05/2024	11	13/05/2024	07	HAE	6,0	0	4,1	0	87,0	0	4,0	0	160,0	0	988,0	0	541,0	ERA5
1055124	13/05/2024	12	13/05/2024	08	HAE	8,4	0	5,1	0	80,0	0	2,0	0	120,0	0	988,0	0	1200,8	ERA5
1055125	13/05/2024	13	13/05/2024	09	HAE	12,2	0	6,1	0	66,0	0	7,0	0	110,0	0	988,0	0	1851,6	ERA5
1055126	13/05/2024	14	13/05/2024	10	HAE	15,6	0	6,2	0	53,0	0	6,0	0	100,0	0	987,0	0	2306,2	ERA5
1055127	13/05/2024	15	13/05/2024	11	HAE	16,2	0	1,8	0	38,0	0	10,0	0	210,0	0	987,0	0	2577,6	ERA5
1055128	13/05/2024	16	13/05/2024	12	HAE	18,0	0	2,1	0	35,0	0	6,0	0	190,0	0	986,0	0	2326,8	ERA5
1055129	13/05/2024	17	13/05/2024	13	HAE	18,6	0	2,4	0	34,0	0	8,0	0	200,0	0	986,0	0	2218,3	ERA5
1055130	13/05/2024	18	13/05/2024	14	HAE	18,8	0	1,7	0	32,0	0	12,0	0	180,0	0	986,0	0	1220,1	ERA5
1055131	13/05/2024	19	13/05/2024	15	HAE	18,2	0	2,3	0	35,0	0	4,0	0	190,0	0	985,0	0	1829,1	ERA5
1055132	13/05/2024	20	13/05/2024	16	HAE	18,6	0	1,6	0	32,0	0	10,0	0	180,0	0	985,0	0	1682,0	ERA5
1055133	13/05/2024	21	13/05/2024	17	HAE	18,9	0	1,7	0	32,0	0	2,0	0	200,0	0	985,0	0	971,6	ERA5
1055134	13/05/2024	22	13/05/2024	18	HAE	18,9	0	2,9	0	35,0	0	3,0	0	260,0	0	985,0	0	458,0	ERA5
1055135	13/05/2024	23	13/05/2024	19	HAE	17,8	0	4,2	0	41,0	0	3,0	0	180,0	0	985,0	0	485,4	ERA5
1055136	14/05/2024	00	13/05/2024	20	HAE	16,4	0	5,2	0	47,0	0	1,0	0	220,0	0	985,0	0	84,7	ERA5
1055137	14/05/2024	01	13/05/2024	21	HAE	15,6	0	5,7	0	52,0	0	3,0	0	220,0	0	985,0	0	0,1	ERA5
1055138	14/05/2024	02	13/05/2024	22	HAE	13,0	0	7,9	0	71,0	0	6,0	0	180,0	0	985,0	0	0,0	ERA5
1055139	14/05/2024	03	13/05/2024	23	HAE	14,5	0	5,9	0	56,0	0	10,0	0	160,0	0	985,0	0	0,0	ERA5
1055140	14/05/2024	04	14/05/2024	00	HAE	14,5	0	5,2	0	54,0	0	12,0	0	150,0	0	985,0	0	0,0	ERA5
1055141	14/05/2024	05	14/05/2024	01	HAE	13,9	0	5,5	0	57,0	0	9,0	0	120,0	0	985,0	0	-0,0	ERA5
1055142	14/05/2024	06	14/05/2024	02	HAE	12,7	0	6,1	0	64,0	0	10,0	0	140,0	0	985,0	0	0,0	ERA5
1055143	14/05/2024	07	14/05/2024	03	HAE	11,7	0	6,1	0	68,0	0	11,0	0	140,0	0	985,0	0	0,0	ERA5
1055144	14/05/2024	08	14/05/2024	04	HAE	11,2	0	6,4	0	72,0	0	10,0	0	140,0	0	985,0	0	0,0	ERA5
1055145	14/05/2024	09	14/05/2024	05	HAE	9,4	0	8,2	0	92,0	0	9,0	0	150,0	0	985,0	0	0,0	ERA5
1055146	14/05/2024	10	14/05/2024	06	HAE	9,2	0	8,2	0	94,0	0	9,0	0	140,0	0	984,0	0	12,5	ERA5
1055147	14/05/2024	11	14/05/2024	07	HAE	9,6	0	8,7	0	94,0	0	8,0	0	140,0	0	984,0	0	75,4	ERA5
1055148	14/05/2024	12	14/05/2024	08	HAE	10,1	0	9,4	0	95,0	0	5,0	0	140,0	0	985,0	0	99,4	ERA5
1055149	14/05/2024	13	14/05/2024	09	HAE	10,4	0	10,0	0	97,0	0	9,0	0	140,0	0	985,0	0	168,0	ERA5
1055150	14/05/2024	14	14/05/2024	10	HAE	11,4	0	11,1	0	98,0	0	9,0	0	130,0	0	985,0	0	640,5	ERA5
1055151	14/05/2024	15	14/05/2024	11	HAE	13,5	0	12,5	0	94,0	0	9,0	0	120,0	0	985,0	0	1062,0	ERA5
1055152	14/05/2024	16	14/05/2024	12	HAE	14,5	0	13,2	0	92,0	0	5,0	0	150,0	0	985,0	0	1192,7	ERA5
1055153	14/05/2024	17	14/05/2024	13	HAE	15,2	0	13,1	0	87,0	0	8,0	0	190,0	0	985,0	0	1172,9	ERA5
1055154	14/05/2024	18	14/05/2024	14	HAE	16,9	0	14,0	0	83,0	0	10,0	0	160,0	0	984,0	0	1129,8	ERA5
1055155	14/05/2024	19	14/05/2024	15	HAE	18,9	0	13,9	0	73,0	0	5,0	0	170,0	0	984,0	0	1977,0	ERA5
1055156	14/05/2024	20	14/05/2024	16	HAE	19,4	0	12,4	0	64,0	0	9,0	0	210,0	0	983,0	0	1291,4	ERA5
1055157	14/05/2024	21	14/05/2024	17	HAE	19,8	0	12,9	0	64,0	0	8,0	0	190,0	0	983,0	0	539,4	ERA5
1055158	14/05/2024	22	14/05/2024	18	HAE	19,5	0	12,7	0	65,0	0	7,0	0	200,0	0	983,0	0	326,0	ERA5
1055159	14/05/2024	23	14/05/2024	19	HAE	19,5	0	12,5	0	64,0	0	8,0	0	200,0	0	983,0	0	368,1	ERA5
1055160	15/05/2024	00	14/05/2024	20	HAE	17,9	0	12,5	0	71,0	0	3,0	0	220,0	0	983,0	0	101,6	ERA5
1055161	15/05/2024	01	14/05/2024	21	HAE	16,8	0	12,6	0	76,0	0	3,0	0	210,0	0	983,0	0	0,2	ERA5
1055162	15/05/2024	02	14/05/2024	22	HAE	16,0	0	13,0	0	82,0	0	4,0	0	180,0	0	983,0	0	0,0	ERA5
1055163	15/05/2024	03	14/05/2024	23	HAE	16,3	0	13,0	0	81,0	0	4,0	0	180,0	0	983,0	0	0,0	ERA5
1055164	15/05/2024	04	15/05/2024	00	HAE	14,7	0	12,6	0	87,0	0	1,0	0	200,0	0	983,0	0	0,0	ERA5
1055165	15/05/2024	05	15/05/2024	01	HAE	14,2	0	12,5	0	89,0	0	3,0	0	170,0	0	983,0	0	0,0	ERA5
1055166	15/05/2024	06	15/05/2024	02	HAE	14,6	0	12,9	0	90,0	0	3,0	0	230,0	0	983,0	0	0,0	ERA5
1055167	15/05/2024	07	15/05/2024	03	HAE	14,0	0	12,6	0	91,0	0	1,0	0	260,0	0	983,0	0	0,0	ERA5
1055168	15/05/2024	08	15/05/2024	04	HAE	12,1	0	11,4	0	95,0	0	4,0	0	180,0	0	983,0	0	0,0	ERA5
1055169	15/05/2024	09	15/05/2024	05	HAE	12,1	0	11,4	0	96,0	0	4,0	0	180,0	0	983,0	0	0,0	ERA5
1055170	15/05/2024	10	15/05/2024	06	HAE	12,6	0	12,1	0	97,0	0	1,0	0	280,0	0	983,0	0	66,2	ERA5
1055171	15/05/2024	11	15/05/2024	07	HAE	12,5	0	12,0	0	97,0	0	3,0	0	320,0	0	984,0	0	397,1	ERA5
1055172	15/05/2024	12	15/05/2024	08	HAE	13,3	0	12,6	0	95,0	0	6,0	0	340,0	0	984,0	0	802,6	ERA5
1055173	15/05/2024	13	15/05/2024	09	HAE	14,9	0	13,1	0	89,0	0	7,0	0	330,0	0	984,0	0	1266,4	ERA5
1055174	15/05/2024	14	15/05/2024	10	HAE	15,5	0	13,1	0	86,0	0	5,0	0	350,0	0	984,0	0	1800,8	ERA5
1055175	15/05/2024	15	15/05/2024	11	HAE	16,7	0	12,9	0	78,0	0	5,0	0	340,0	0	984,0	0	1947,9	ERA5
1055176	15/05/2024	16	15/05/2024	12	HAE	18,9	0	13,2	0	69,0	0	7,0	0	10,0	0	984,0	0	2415,6	ERA5
1055177	15/05/2024	17	15/05/2024	13	HAE	18,9	0	12,4	0	66,0	0	12,0	0	330,0	0	984,0	0	2680,5	ERA5
1055178	15/05/2024	18	15/05/2024	14	HAE	18,7	0	12,5	0	67,0	0	11,0	0	340,0	0	983,0	0	2572,9	ERA5
1055179	15/05/2024	19	15/05/2024	15	HAE	19,8	0	12,0	0	61,0	0	12,0	0	340,0	0	983,0	0	2067,7	ERA5
1055180	15/05/2024	20	15/05/2024	16	HAE	20,4	0	12,0	0	58,0	0	10,0	0	320,0	0	983,0	0	1481,9	ERA5
1055181	15/05/2024	21	15/05/2024	17	HAE	20,1	0	11,8	0	59,0	0	6,0	0	330,0	0	983,0	0	724,3	ERA5
1055182	15/05/2024	22	15/05/2024	18	HAE	19,7	0	11,1	0	58,0	0	6,0	0	310,0	0	983,0	0	944,7	ERA5
1055183	15/05/2024	23	15/05/2024	19	HAE	18,7	0	10,7	0	60,0	0	5,0	0	320,0	0	983,0	0	405,9	ERA5
1055184	16/05/2024	00	15/05/2024	20	HAE	18,1	0	8,8	0	54,0	0	3,0	0	240,0	0	983,0	0	79,3	ERA5
1055185	16/05/2024	01	15/05/2024	21	HAE	15,4	0	8,2	0	62,0	0	7,0	0	320,0	0	984,0	0	0,4	ERA5
1055186	16/05/2024	02	15/05/2024	22	HAE	14,7	0	9,0	0	69,0	0	1,0	0	320,0	0	984,0	0	-0,0	ERA5
1055187	16/05/2024	03	15/05/2024	23	HAE	12,6	0	11,5	0	93,0	0	2,0	0	280,0	0	984,0	0	0,0	ERA5
1055188	16/05/2024	04	16/05/2024	00	HAE	12,2	0	11,5	0	95,0	0	2,0	0	270,0	0	984,0	0	0,0	ERA5
1055189	16/05/2024	05	16/05/2024	01	HAE	12,2	0	11,3	0	94,0	0	0,0	0	0,0	0	984,0	0	0,0	ERA5
1055190	16/05/2024	06	16/05/2024	02	HAE	12,1	0	11,6	0	97,0	0	3,0	0	300,0	0	984,0	0	0,0	ERA5
1055191	16/05/2024	07	16/05/2024	03	HAE	12,0	0	11,7	0	98,0	0	3,0	0	160,0	0	984,0	0	0,0	ERA5
1055192	16/05/2024	08	16/05/2024	04	HAE	12,1	0	12,0	0	99,0	0	8,0	0	320,0	0	984,0	0	0,0	ERA5
1055193	16/05/2024	09	16/05/2024	05	HAE	12,3	0	12,1	0	99,0	0	0,0	0	290,0	0	984,0	0	0,0	ERA5
1055194	16/05/2024	10	16/05/2024	06	HAE	12,0	0	11,8	0	98,0	0	5,0	0	320,0	0	985,0	0	35,2	ERA5
1055195	16/05/2024	11	16/05/2024	07	HAE	12,3	0	11,4	0	94,0	0	9,0	0	60,0	0	985,0	0	244,9	ERA5
1055196	16/05/2024	12	16/05/2024	08	HAE	12,5	0	11,2	0	92,0	0	3,0	0	40,0	0	986,0	0	413,4	ERA5
1055197	16/05/2024	13	16/05/2024	09	HAE	12,9	0	11,9	0	94,0	0	3,0	0	310,0	0	986,0	0	597,3	ERA5
1055198	16/05/2024	14	16/05/2024	10	HAE	14,0	0	12,5	0	91,0	0	6,0	0	100,0	0	986,0	0	923,8	ERA5
1055199	16/05/2024	15	16/05/2024	11	HAE	14,7	0	12,4	0	86,0	0	10,0	0	140,0	0	986,0	0	1031,8	ERA5
1055200	16/05/2024	16	16/05/2024	12	HAE	15,5	0	13,4	0	87,0	0	4,0	0	190,0	0	986,0	0	1195,9	ERA5
1055201	16/05/2024	17	16/05/2024	13	HAE	16,8	0	13,7	0	82,0	0	4,0	0	140,0	0	986,0	0	928,5	ERA5
1055202	16/05/2024	18	16/05/2024	14	HAE	17,5	0	12,5	0	73,0	0	14,0	0	120,0	0	986,0	0	1319,6	ERA5
1055203	16/05/2024	19	16/05/2024	15	HAE	19,6	0	12,7	0	64,0	0	7,0	0	120,0	0	986,0	0	836,7	ERA5
1055204	16/05/2024	20	16/05/2024	16	HAE	20,2	0	12,2	0	60,0	0	7,0	0	130,0	0	985,0	0	1185,5	ERA5
1055205	16/05/2024	21	16/05/2024	17	HAE	20,8	0	11,8	0	56,0	0	5,0	0	130,0	0	985,0	0	1124,2	ERA5
1055206	16/05/2024	22	16/05/2024	18	HAE	20,6	0	10,4	0	52,0	0	1,0	0	140,0	0	986,0	0	940,4	ERA5
1055207	16/05/2024	23	16/05/2024	19	HAE	20,9	0	11,9	0	56,0	0	1,0	0	120,0	0	986,0	0	457,2	ERA5
1055208	17/05/2024	00	16/05/2024	20	HAE	19,0	0	12,7	0	66,0	0	8,0	0	170,0	0	986,0	0	128,4	ERA5
1055209	17/05/2024	01	16/05/2024	21	HAE	17,6	0	13,1	0	75,0	0	4,0	0	150,0	0	987,0	0	0,7	ERA5
1055210	17/05/2024	02	16/05/2024	22	HAE	16,5	0	13,4	0	82,0	0	6,0	0	150,0	0	987,0	0	-0,0	ERA5
1055211	17/05/2024	03	16/05/2024	23	HAE	15,9	0	13,5	0	85,0	0	4,0	0	150,0	0	987,0	0	0,0	ERA5
1055212	17/05/2024	04	17/05/2024	00	HAE	15,8	0	13,4	0	86,0	0	5,0	0	170,0	0	987,0	0	0,0	ERA5
1055213	17/05/2024	05	17/05/2024	01	HAE	15,0	0	13,6	0	91,0	0	3,0	0	190,0	0	987,0	0	0,0	ERA5
1055214	17/05/2024	06	17/05/2024	02	HAE	15,3	0	13,5	0	89,0	0	2,0	0	160,0	0	987,0	0	0,0	ERA5
1055215	17/05/2024	07	17/05/2024	03	HAE	14,5	0	13,4	0	93,0	0	4,0	0	180,0	0	987,0	0	0,0	ERA5
1055216	17/05/2024	08	17/05/2024	04	HAE	14,2	0	13,0	0	93,0	0	3,0	0	170,0	0	988,0	0	0,0	ERA5
1055217	17/05/2024	09	17/05/2024	05	HAE	14,4	0	12,7	0	89,0	0	3,0	0	160,0	0	988,0	0	0,0	ERA5
1055218	17/05/2024	10	17/05/2024	06	HAE	13,4	0	12,6	0	95,0	0	3,0	0	220,0	0	988,0	0	57,0	ERA5
1055219	17/05/2024	11	17/05/2024	07	HAE	14,6	0	13,0	0	90,0	0	2,0	0	160,0	0	989,0	0	303,1	ERA5
1055220	17/05/2024	12	17/05/2024	08	HAE	15,1	0	13,4	0	90,0	0	5,0	0	160,0	0	990,0	0	594,9	ERA5
1055221	17/05/2024	13	17/05/2024	09	HAE	16,6	0	14,0	0	85,0	0	8,0	0	120,0	0	990,0	0	1193,5	ERA5
1055222	17/05/2024	14	17/05/2024	10	HAE	18,5	0	14,3	0	77,0	0	9,0	0	120,0	0	990,0	0	1464,9	ERA5
1055223	17/05/2024	15	17/05/2024	11	HAE	20,7	0	13,6	0	64,0	0	7,0	0	120,0	0	989,0	0	1733,6	ERA5
1055224	17/05/2024	16	17/05/2024	12	HAE	21,9	0	11,2	0	51,0	0	11,0	0	130,0	0	989,0	0	1948,3	ERA5
1055225	17/05/2024	17	17/05/2024	13	HAE	20,4	0	14,3	0	68,0	0	4,0	0	300,0	0	988,0	0	2577,7	ERA5
1055226	17/05/2024	18	17/05/2024	14	HAE	20,9	0	13,5	0	63,0	0	6,0	0	320,0	0	988,0	0	2381,0	ERA5
1055227	17/05/2024	19	17/05/2024	15	HAE	22,1	0	13,4	0	58,0	0	9,0	0	310,0	0	987,0	0	2186,9	ERA5
1055228	17/05/2024	20	17/05/2024	16	HAE	22,6	0	13,3	0	56,0	0	11,0	0	80,0	0	987,0	0	1784,0	ERA5
1055229	17/05/2024	21	17/05/2024	17	HAE	23,3	0	12,2	0	50,0	0	16,0	0	70,0	0	987,0	0	1180,4	ERA5
1055230	17/05/2024	22	17/05/2024	18	HAE	22,3	0	11,4	0	50,0	0	11,0	0	120,0	0	987,0	0	899,4	ERA5
1055231	17/05/2024	23	17/05/2024	19	HAE	19,4	0	12,7	0	65,0	0	7,0	0	130,0	0	988,0	0	482,3	ERA5
1055232	18/05/2024	00	17/05/2024	20	HAE	16,9	0	14,9	0	88,0	0	4,0	0	280,0	0	988,0	0	122,0	ERA5
1055233	18/05/2024	01	17/05/2024	21	HAE	16,3	0	14,8	0	91,0	0	3,0	0	280,0	0	989,0	0	0,7	ERA5
1055234	18/05/2024	02	17/05/2024	22	HAE	15,9	0	14,7	0	93,0	0	1,0	0	210,0	0	989,0	0	-0,0	ERA5
1055235	18/05/2024	03	17/05/2024	23	HAE	15,3	0	14,4	0	94,0	0	3,0	0	180,0	0	989,0	0	0,0	ERA5
1055236	18/05/2024	04	18/05/2024	00	HAE	15,6	0	14,7	0	94,0	0	0,0	0	0,0	0	989,0	0	0,0	ERA5
1055237	18/05/2024	05	18/05/2024	01	HAE	15,1	0	14,6	0	97,0	0	1,0	0	220,0	0	989,0	0	0,0	ERA5
1055238	18/05/2024	06	18/05/2024	02	HAE	14,7	0	14,4	0	98,0	0	0,0	0	350,0	0	989,0	0	0,0	ERA5
1055239	18/05/2024	07	18/05/2024	03	HAE	14,1	0	13,9	0	99,0	0	2,0	0	300,0	0	989,0	0	0,0	ERA5
1055240	18/05/2024	08	18/05/2024	04	HAE	13,5	0	13,4	0	99,0	0	4,0	0	310,0	0	990,0	0	0,0	ERA5
1055241	18/05/2024	09	18/05/2024	05	HAE	13,3	0	13,2	0	99,0	0	0,0	0	0,0	0	990,0	0	0,0	ERA5
1055242	18/05/2024	10	18/05/2024	06	HAE	13,2	0	13,0	0	99,0	0	0,0	0	0,0	0	990,0	0	48,4	ERA5
1055243	18/05/2024	11	18/05/2024	07	HAE	13,4	0	13,3	0	99,0	0	3,0	0	240,0	0	991,0	0	235,1	ERA5
1055244	18/05/2024	12	18/05/2024	08	HAE	13,7	0	13,2	0	97,0	0	1,0	0	340,0	0	991,0	0	426,1	ERA5
1055245	18/05/2024	13	18/05/2024	09	HAE	14,7	0	13,9	0	95,0	0	2,0	0	20,0	0	991,0	0	576,1	ERA5
1055246	18/05/2024	14	18/05/2024	10	HAE	14,9	0	14,1	0	95,0	0	2,0	0	260,0	0	991,0	0	869,0	ERA5
1055247	18/05/2024	15	18/05/2024	11	HAE	15,2	0	14,1	0	93,0	0	3,0	0	310,0	0	992,0	0	1247,6	ERA5
1055248	18/05/2024	16	18/05/2024	12	HAE	15,5	0	14,4	0	93,0	0	1,0	0	330,0	0	992,0	0	1728,0	ERA5
1055249	18/05/2024	17	18/05/2024	13	HAE	15,2	0	13,4	0	88,0	0	2,0	0	330,0	0	991,0	0	2466,9	ERA5
1055250	18/05/2024	18	18/05/2024	14	HAE	15,7	0	13,4	0	86,0	0	6,0	0	340,0	0	991,0	0	1896,0	ERA5
1055251	18/05/2024	19	18/05/2024	15	HAE	16,5	0	13,4	0	82,0	0	4,0	0	340,0	0	991,0	0	1294,2	ERA5
1055252	18/05/2024	20	18/05/2024	16	HAE	16,7	0	13,9	0	83,0	0	5,0	0	140,0	0	990,0	0	589,8	ERA5
1055253	18/05/2024	21	18/05/2024	17	HAE	17,1	0	14,4	0	84,0	0	1,0	0	170,0	0	990,0	0	1342,6	ERA5
1055254	18/05/2024	22	18/05/2024	18	HAE	17,8	0	14,7	0	82,0	0	7,0	0	60,0	0	990,0	0	1226,6	ERA5
1055255	18/05/2024	23	18/05/2024	19	HAE	17,5	0	14,9	0	85,0	0	6,0	0	140,0	0	990,0	0	427,9	ERA5
1055256	19/05/2024	00	18/05/2024	20	HAE	16,2	0	11,9	0	75,0	0	8,0	0	150,0	0	990,0	0	75,4	ERA5
1055257	19/05/2024	01	18/05/2024	21	HAE	14,6	0	11,6	0	82,0	0	6,0	0	130,0	0	990,0	0	0,6	ERA5
1055258	19/05/2024	02	18/05/2024	22	HAE	13,7	0	10,9	0	83,0	0	5,0	0	150,0	0	990,0	0	0,0	ERA5
1055259	19/05/2024	03	18/05/2024	23	HAE	13,4	0	11,4	0	88,0	0	5,0	0	180,0	0	990,0	0	0,0	ERA5
1055260	19/05/2024	04	19/05/2024	00	HAE	12,9	0	10,9	0	87,0	0	0,0	0	130,0	0	990,0	0	0,0	ERA5
1055261	19/05/2024	05	19/05/2024	01	HAE	13,7	0	11,7	0	88,0	0	7,0	0	180,0	0	990,0	0	0,0	ERA5
1055262	19/05/2024	06	19/05/2024	02	HAE	13,5	0	12,1	0	91,0	0	8,0	0	170,0	0	990,0	0	-0,0	ERA5
1055263	19/05/2024	07	19/05/2024	03	HAE	13,4	0	12,1	0	92,0	0	6,0	0	160,0	0	990,0	0	0,0	ERA5
1055264	19/05/2024	08	19/05/2024	04	HAE	13,1	0	11,9	0	93,0	0	4,0	0	320,0	0	990,0	0	0,0	ERA5
1055265	19/05/2024	09	19/05/2024	05	HAE	12,9	0	12,1	0	95,0	0	3,0	0	310,0	0	990,0	0	0,0	ERA5
1055266	19/05/2024	10	19/05/2024	06	HAE	13,9	0	12,6	0	92,0	0	3,0	0	180,0	0	990,0	0	95,1	ERA5
1055267	19/05/2024	11	19/05/2024	07	HAE	13,9	0	12,4	0	91,0	0	9,0	0	130,0	0	990,0	0	452,2	ERA5
1055268	19/05/2024	12	19/05/2024	08	HAE	16,2	0	12,6	0	79,0	0	9,0	0	120,0	0	991,0	0	1038,8	ERA5
1055269	19/05/2024	13	19/05/2024	09	HAE	16,8	0	11,2	0	69,0	0	10,0	0	150,0	0	991,0	0	1608,4	ERA5
1055270	19/05/2024	14	19/05/2024	10	HAE	18,2	0	11,2	0	64,0	0	10,0	0	150,0	0	991,0	0	2000,3	ERA5
1055271	19/05/2024	15	19/05/2024	11	HAE	19,1	0	10,9	0	59,0	0	5,0	0	0,0	0	990,0	0	1871,6	ERA5
1055272	19/05/2024	16	19/05/2024	12	HAE	20,0	0	10,4	0	54,0	0	11,0	0	100,0	0	990,0	0	1823,9	ERA5
1055273	19/05/2024	17	19/05/2024	13	HAE	20,1	0	9,8	0	52,0	0	8,0	0	120,0	0	990,0	0	1427,1	ERA5
1055274	19/05/2024	18	19/05/2024	14	HAE	20,9	0	10,6	0	52,0	0	8,0	0	110,0	0	989,0	0	1330,8	ERA5
1055275	19/05/2024	19	19/05/2024	15	HAE	21,9	0	11,2	0	51,0	0	7,0	0	90,0	0	988,0	0	1221,8	ERA5
1055276	19/05/2024	20	19/05/2024	16	HAE	21,3	0	10,1	0	49,0	0	11,0	0	160,0	0	988,0	0	919,5	ERA5
1055277	19/05/2024	21	19/05/2024	17	HAE	21,5	0	9,9	0	47,0	0	10,0	0	180,0	0	988,0	0	859,2	ERA5
1055278	19/05/2024	22	19/05/2024	18	HAE	20,9	0	9,7	0	49,0	0	4,0	0	180,0	0	988,0	0	513,6	ERA5
1055279	19/05/2024	23	19/05/2024	19	HAE	20,3	0	10,4	0	53,0	0	4,0	0	180,0	0	988,0	0	306,9	ERA5
1055280	20/05/2024	00	19/05/2024	20	HAE	19,0	0	10,6	0	58,0	0	5,0	0	180,0	0	988,0	0	85,3	ERA5
1055281	20/05/2024	01	19/05/2024	21	HAE	17,2	0	11,1	0	67,0	0	4,0	0	180,0	0	988,0	0	1,3	ERA5
1055282	20/05/2024	02	19/05/2024	22	HAE	15,3	0	11,4	0	78,0	0	1,0	0	120,0	0	989,0	0	-0,0	ERA5
1055283	20/05/2024	03	19/05/2024	23	HAE	15,1	0	11,3	0	78,0	0	6,0	0	180,0	0	989,0	0	0,0	ERA5
1055284	20/05/2024	04	20/05/2024	00	HAE	13,9	0	11,2	0	84,0	0	6,0	0	190,0	0	988,0	0	0,0	ERA5
1055285	20/05/2024	05	20/05/2024	01	HAE	11,8	0	9,6	0	86,0	0	5,0	0	180,0	0	988,0	0	0,0	ERA5
1055286	20/05/2024	06	20/05/2024	02	HAE	11,0	0	9,9	0	93,0	0	0,0	0	210,0	0	988,0	0	0,0	ERA5
1055287	20/05/2024	07	20/05/2024	03	HAE	10,9	0	10,1	0	95,0	0	6,0	0	160,0	0	988,0	0	0,0	ERA5
1055288	20/05/2024	08	20/05/2024	04	HAE	10,0	0	9,5	0	96,0	0	4,0	0	170,0	0	988,0	0	0,0	ERA5
1055289	20/05/2024	09	20/05/2024	05	HAE	8,4	0	7,9	0	96,0	0	3,0	0	170,0	0	988,0	0	0,0	ERA5
1055290	20/05/2024	10	20/05/2024	06	HAE	9,2	0	8,9	0	98,0	0	5,0	0	160,0	0	988,0	0	104,2	ERA5
1055291	20/05/2024	11	20/05/2024	07	HAE	10,8	0	9,4	0	91,0	0	5,0	0	130,0	0	988,0	0	553,6	ERA5
1055292	20/05/2024	12	20/05/2024	08	HAE	13,6	0	10,8	0	83,0	0	7,0	0	140,0	0	988,0	0	1078,6	ERA5
1055293	20/05/2024	13	20/05/2024	09	HAE	15,7	0	12,3	0	80,0	0	6,0	0	140,0	0	988,0	0	1714,1	ERA5
1055294	20/05/2024	14	20/05/2024	10	HAE	19,8	0	13,7	0	68,0	0	9,0	0	180,0	0	988,0	0	2223,1	ERA5
1055295	20/05/2024	15	20/05/2024	11	HAE	21,4	0	14,4	0	64,0	0	7,0	0	160,0	0	987,0	0	2769,2	ERA5
1055296	20/05/2024	16	20/05/2024	12	HAE	24,4	0	14,8	0	55,0	0	4,0	0	180,0	0	987,0	0	3115,4	ERA5
1055297	20/05/2024	17	20/05/2024	13	HAE	25,2	0	13,7	0	49,0	0	6,0	0	220,0	0	986,0	0	3223,0	ERA5
1055298	20/05/2024	18	20/05/2024	14	HAE	26,8	0	15,8	0	51,0	0	6,0	0	180,0	0	985,0	0	2525,3	ERA5
1055299	20/05/2024	19	20/05/2024	15	HAE	27,4	0	15,8	0	49,0	0	6,0	0	200,0	0	985,0	0	2839,8	ERA5
1055300	20/05/2024	20	20/05/2024	16	HAE	27,7	0	13,9	0	43,0	0	3,0	0	280,0	0	984,0	0	2426,2	ERA5
1055301	20/05/2024	21	20/05/2024	17	HAE	27,7	0	13,3	0	41,0	0	6,0	0	280,0	0	984,0	0	1906,5	ERA5
1055302	20/05/2024	22	20/05/2024	18	HAE	26,8	0	13,7	0	44,0	0	2,0	0	320,0	0	984,0	0	1077,1	ERA5
1055303	20/05/2024	23	20/05/2024	19	HAE	25,8	0	13,0	0	45,0	0	4,0	0	260,0	0	984,0	0	596,4	ERA5
1055304	21/05/2024	00	20/05/2024	20	HAE	23,6	0	13,6	0	54,0	0	10,0	0	350,0	0	985,0	0	186,6	ERA5
1055305	21/05/2024	01	20/05/2024	21	HAE	20,4	0	10,0	0	51,0	0	6,0	0	340,0	0	985,0	0	3,1	ERA5
1055306	21/05/2024	02	20/05/2024	22	HAE	17,6	0	11,0	0	65,0	0	4,0	0	250,0	0	985,0	0	-0,0	ERA5
1055307	21/05/2024	03	20/05/2024	23	HAE	15,6	0	10,9	0	73,0	0	4,0	0	170,0	0	984,0	0	0,0	ERA5
1055308	21/05/2024	04	21/05/2024	00	HAE	15,4	0	11,3	0	76,0	0	3,0	0	280,0	0	984,0	0	0,0	ERA5
1055309	21/05/2024	05	21/05/2024	01	HAE	13,8	0	10,5	0	81,0	0	2,0	0	200,0	0	984,0	0	0,0	ERA5
1055310	21/05/2024	06	21/05/2024	02	HAE	14,4	0	11,1	0	81,0	0	6,0	0	170,0	0	984,0	0	-0,0	ERA5
1055311	21/05/2024	07	21/05/2024	03	HAE	14,1	0	11,3	0	83,0	0	5,0	0	200,0	0	983,0	0	0,0	ERA5
1055312	21/05/2024	08	21/05/2024	04	HAE	13,5	0	11,2	0	86,0	0	5,0	0	170,0	0	983,0	0	0,0	ERA5
1055313	21/05/2024	09	21/05/2024	05	HAE	13,5	0	11,6	0	88,0	0	3,0	0	180,0	0	984,0	0	0,0	ERA5
1055314	21/05/2024	10	21/05/2024	06	HAE	13,4	0	11,7	0	90,0	0	4,0	0	160,0	0	984,0	0	61,5	ERA5
1055315	21/05/2024	11	21/05/2024	07	HAE	14,3	0	12,4	0	88,0	0	1,0	0	180,0	0	984,0	0	345,2	ERA5
1055316	21/05/2024	12	21/05/2024	08	HAE	17,8	0	14,5	0	81,0	0	0,0	0	50,0	0	984,0	0	946,5	ERA5
1055317	21/05/2024	13	21/05/2024	09	HAE	22,6	0	15,1	0	63,0	0	7,0	0	180,0	0	984,0	0	1669,9	ERA5
1055318	21/05/2024	14	21/05/2024	10	HAE	22,5	0	14,5	0	61,0	0	4,0	0	160,0	0	984,0	0	2186,3	ERA5
1055319	21/05/2024	15	21/05/2024	11	HAE	26,3	0	13,7	0	46,0	0	6,0	0	220,0	0	984,0	0	2296,5	ERA5
1055320	21/05/2024	16	21/05/2024	12	HAE	26,9	0	13,2	0	43,0	0	3,0	0	170,0	0	983,0	0	2915,7	ERA5
1055321	21/05/2024	17	21/05/2024	13	HAE	29,0	0	10,5	0	32,0	0	9,0	0	290,0	0	983,0	0	3181,8	ERA5
1055322	21/05/2024	18	21/05/2024	14	HAE	28,4	0	10,5	0	33,0	0	9,0	0	250,0	0	983,0	0	2997,0	ERA5
1055323	21/05/2024	19	21/05/2024	15	HAE	27,1	0	12,3	0	40,0	0	4,0	0	270,0	0	983,0	0	2550,3	ERA5
1055324	21/05/2024	20	21/05/2024	16	HAE	26,7	0	12,4	0	41,0	0	9,0	0	230,0	0	983,0	0	1500,9	ERA5
1055325	21/05/2024	21	21/05/2024	17	HAE	25,3	0	11,9	0	43,0	0	9,0	0	240,0	0	983,0	0	1361,3	ERA5
1055326	21/05/2024	22	21/05/2024	18	HAE	24,4	0	13,4	0	51,0	0	5,0	0	260,0	0	983,0	0	695,3	ERA5
1055327	21/05/2024	23	21/05/2024	19	HAE	23,4	0	13,0	0	52,0	0	1,0	0	240,0	0	984,0	0	312,8	ERA5
1055328	22/05/2024	00	21/05/2024	20	HAE	22,4	0	14,1	0	59,0	0	1,0	0	230,0	0	984,0	0	91,7	ERA5
1055329	22/05/2024	01	21/05/2024	21	HAE	22,1	0	14,2	0	61,0	0	3,0	0	190,0	0	984,0	0	2,0	ERA5
1055330	22/05/2024	02	21/05/2024	22	HAE	21,7	0	15,1	0	66,0	0	4,0	0	220,0	0	984,0	0	-0,0	ERA5
1055331	22/05/2024	03	21/05/2024	23	HAE	20,9	0	14,5	0	67,0	0	1,0	0	190,0	0	984,0	0	0,0	ERA5
1055332	22/05/2024	04	22/05/2024	00	HAE	20,3	0	14,9	0	71,0	0	0,0	0	330,0	0	984,0	0	0,0	ERA5
1055333	22/05/2024	05	22/05/2024	01	HAE	19,5	0	15,6	0	78,0	0	5,0	0	180,0	0	983,0	0	0,0	ERA5
1055334	22/05/2024	06	22/05/2024	02	HAE	18,7	0	15,4	0	81,0	0	0,0	0	130,0	0	983,0	0	0,0	ERA5
1055335	22/05/2024	07	22/05/2024	03	HAE	17,6	0	15,1	0	85,0	0	2,0	0	230,0	0	983,0	0	0,0	ERA5
1055336	22/05/2024	08	22/05/2024	04	HAE	17,3	0	15,3	0	88,0	0	5,0	0	240,0	0	983,0	0	0,0	ERA5
1055337	22/05/2024	09	22/05/2024	05	HAE	17,6	0	15,9	0	90,0	0	5,0	0	200,0	0	983,0	0	0,0	ERA5
1055338	22/05/2024	10	22/05/2024	06	HAE	17,7	0	15,9	0	90,0	0	3,0	0	230,0	0	984,0	0	57,5	ERA5
1055339	22/05/2024	11	22/05/2024	07	HAE	18,2	0	16,1	0	88,0	0	2,0	0	90,0	0	984,0	0	177,8	ERA5
1055340	22/05/2024	12	22/05/2024	08	HAE	20,9	0	16,4	0	76,0	0	4,0	0	110,0	0	984,0	0	358,0	ERA5
1055341	22/05/2024	13	22/05/2024	09	HAE	21,4	0	15,6	0	70,0	0	3,0	0	190,0	0	984,0	0	877,9	ERA5
1055342	22/05/2024	14	22/05/2024	10	HAE	22,1	0	16,2	0	69,0	0	8,0	0	190,0	0	984,0	0	1250,6	ERA5
1055343	22/05/2024	15	22/05/2024	11	HAE	23,2	0	15,6	0	62,0	0	7,0	0	220,0	0	983,0	0	1764,8	ERA5
1055344	22/05/2024	16	22/05/2024	12	HAE	25,0	0	16,8	0	60,0	0	2,0	0	100,0	0	983,0	0	2906,7	ERA5
1055345	22/05/2024	17	22/05/2024	13	HAE	25,6	0	15,7	0	54,0	0	8,0	0	180,0	0	983,0	0	2621,2	ERA5
1055346	22/05/2024	18	22/05/2024	14	HAE	26,1	0	15,3	0	51,0	0	8,0	0	180,0	0	982,0	0	2111,0	ERA5
1055347	22/05/2024	19	22/05/2024	15	HAE	26,5	0	15,6	0	51,0	0	1,0	0	60,0	0	982,0	0	2248,6	ERA5
1055348	22/05/2024	20	22/05/2024	16	HAE	27,0	0	16,7	0	54,0	0	3,0	0	360,0	0	981,0	0	1652,7	ERA5
1055349	22/05/2024	21	22/05/2024	17	HAE	27,9	0	16,0	0	48,0	0	6,0	0	220,0	0	981,0	0	1139,7	ERA5
1055350	22/05/2024	22	22/05/2024	18	HAE	28,0	0	15,4	0	46,0	0	6,0	0	190,0	0	980,0	0	1054,2	ERA5
1055351	22/05/2024	23	22/05/2024	19	HAE	27,3	0	14,8	0	46,0	0	6,0	0	220,0	0	980,0	0	624,4	ERA5
1055352	23/05/2024	00	22/05/2024	20	HAE	24,2	0	15,8	0	59,0	0	5,0	0	240,0	0	980,0	0	222,8	ERA5
1055353	23/05/2024	01	22/05/2024	21	HAE	21,8	0	15,4	0	67,0	0	2,0	0	190,0	0	981,0	0	4,5	ERA5
1055354	23/05/2024	02	22/05/2024	22	HAE	20,3	0	15,8	0	75,0	0	7,0	0	190,0	0	980,0	0	0,0	ERA5
1055355	23/05/2024	03	22/05/2024	23	HAE	20,2	0	15,6	0	75,0	0	4,0	0	180,0	0	980,0	0	0,0	ERA5
1055356	23/05/2024	04	23/05/2024	00	HAE	20,6	0	15,2	0	71,0	0	1,0	0	60,0	0	980,0	0	0,0	ERA5
1055357	23/05/2024	05	23/05/2024	01	HAE	19,8	0	15,1	0	74,0	0	3,0	0	200,0	0	980,0	0	0,0	ERA5
1055358	23/05/2024	06	23/05/2024	02	HAE	18,3	0	14,8	0	80,0	0	4,0	0	200,0	0	979,0	0	-0,0	ERA5
1055359	23/05/2024	07	23/05/2024	03	HAE	17,7	0	15,2	0	85,0	0	5,0	0	180,0	0	979,0	0	0,0	ERA5
1055360	23/05/2024	08	23/05/2024	04	HAE	16,9	0	15,2	0	89,0	0	1,0	0	250,0	0	979,0	0	0,0	ERA5
1055361	23/05/2024	09	23/05/2024	05	HAE	17,4	0	15,3	0	87,0	0	0,0	0	140,0	0	979,0	0	0,0	ERA5
1055362	23/05/2024	10	23/05/2024	06	HAE	18,4	0	16,6	0	89,0	0	5,0	0	200,0	0	980,0	0	110,1	ERA5
1055363	23/05/2024	11	23/05/2024	07	HAE	17,3	0	16,4	0	94,0	0	2,0	0	70,0	0	980,0	0	251,2	ERA5
1055364	23/05/2024	12	23/05/2024	08	HAE	19,1	0	18,2	0	94,0	0	6,0	0	150,0	0	980,0	0	476,8	ERA5
1055365	23/05/2024	13	23/05/2024	09	HAE	20,8	0	17,7	0	83,0	0	4,0	0	240,0	0	980,0	0	810,1	ERA5
1055366	23/05/2024	14	23/05/2024	10	HAE	23,0	0	18,4	0	75,0	0	6,0	0	210,0	0	979,0	0	516,0	ERA5
1055367	23/05/2024	15	23/05/2024	11	HAE	24,2	0	17,2	0	65,0	0	9,0	0	220,0	0	979,0	0	621,1	ERA5
1055368	23/05/2024	16	23/05/2024	12	HAE	24,6	0	14,1	0	52,0	0	8,0	0	240,0	0	979,0	0	1412,4	ERA5
1055369	23/05/2024	17	23/05/2024	13	HAE	24,5	0	14,2	0	53,0	0	12,0	0	210,0	0	979,0	0	1796,9	ERA5
1055370	23/05/2024	18	23/05/2024	14	HAE	24,0	0	12,3	0	48,0	0	11,0	0	250,0	0	979,0	0	2710,6	ERA5
1055371	23/05/2024	19	23/05/2024	15	HAE	24,1	0	11,2	0	44,0	0	7,0	0	250,0	0	979,0	0	2329,9	ERA5
1055372	23/05/2024	20	23/05/2024	16	HAE	24,4	0	10,0	0	40,0	0	9,0	0	220,0	0	978,0	0	2499,0	ERA5
1055373	23/05/2024	21	23/05/2024	17	HAE	24,0	0	8,6	0	38,0	0	8,0	0	270,0	0	978,0	0	2166,0	ERA5
1055374	23/05/2024	22	23/05/2024	18	HAE	23,3	0	8,9	0	40,0	0	13,0	0	240,0	0	979,0	0	1498,7	ERA5
1055375	23/05/2024	23	23/05/2024	19	HAE	22,1	0	8,6	0	42,0	0	6,0	0	280,0	0	979,0	0	835,7	ERA5
1055376	24/05/2024	00	23/05/2024	20	HAE	19,6	0	9,5	0	52,0	0	1,0	0	290,0	0	979,0	0	268,4	ERA5
1055377	24/05/2024	01	23/05/2024	21	HAE	18,9	0	9,9	0	56,0	0	3,0	0	210,0	0	979,0	0	5,8	ERA5
1055378	24/05/2024	02	23/05/2024	22	HAE	18,0	0	10,0	0	60,0	0	1,0	0	210,0	0	979,0	0	0,0	ERA5
1055379	24/05/2024	03	23/05/2024	23	HAE	17,1	0	10,1	0	63,0	0	1,0	0	300,0	0	979,0	0	0,0	ERA5
1055380	24/05/2024	04	24/05/2024	00	HAE	16,0	0	9,8	0	67,0	0	3,0	0	190,0	0	979,0	0	0,0	ERA5
1055381	24/05/2024	05	24/05/2024	01	HAE	16,1	0	10,1	0	68,0	0	6,0	0	200,0	0	979,0	0	0,0	ERA5
1055382	24/05/2024	06	24/05/2024	02	HAE	15,5	0	9,5	0	68,0	0	3,0	0	180,0	0	979,0	0	0,0	ERA5
1055383	24/05/2024	07	24/05/2024	03	HAE	14,8	0	9,4	0	70,0	0	5,0	0	210,0	0	979,0	0	0,0	ERA5
1055384	24/05/2024	08	24/05/2024	04	HAE	14,4	0	8,2	0	66,0	0	7,0	0	190,0	0	978,0	0	0,0	ERA5
1055385	24/05/2024	09	24/05/2024	05	HAE	13,1	0	7,8	0	70,0	0	6,0	0	190,0	0	978,0	0	0,0	ERA5
1055386	24/05/2024	10	24/05/2024	06	HAE	12,4	0	8,5	0	77,0	0	7,0	0	170,0	0	977,0	0	136,8	ERA5
1055387	24/05/2024	11	24/05/2024	07	HAE	15,3	0	9,2	0	67,0	0	6,0	0	150,0	0	977,0	0	645,3	ERA5
1055388	24/05/2024	12	24/05/2024	08	HAE	18,2	0	8,8	0	54,0	0	5,0	0	190,0	0	977,0	0	1315,1	ERA5
1055389	24/05/2024	13	24/05/2024	09	HAE	19,8	0	8,6	0	48,0	0	6,0	0	190,0	0	976,0	0	1815,2	ERA5
1055390	24/05/2024	14	24/05/2024	10	HAE	17,8	0	5,0	0	43,0	0	9,0	0	250,0	0	976,0	0	1909,2	ERA5
1055391	24/05/2024	15	24/05/2024	11	HAE	17,0	0	8,3	0	56,0	0	13,0	0	210,0	0	976,0	0	1061,0	ERA5
1055392	24/05/2024	16	24/05/2024	12	HAE	15,2	0	8,0	0	62,0	0	5,0	0	310,0	0	976,0	0	743,6	ERA5
1055393	24/05/2024	17	24/05/2024	13	HAE	13,8	0	7,5	0	66,0	0	11,0	0	310,0	0	977,0	0	1117,3	ERA5
1055394	24/05/2024	18	24/05/2024	14	HAE	12,1	0	8,2	0	77,0	0	5,0	0	300,0	0	978,0	0	940,6	ERA5
1055395	24/05/2024	19	24/05/2024	15	HAE	12,9	0	6,1	0	64,0	0	10,0	0	300,0	0	979,0	0	2169,9	ERA5
1055396	24/05/2024	20	24/05/2024	16	HAE	14,9	0	5,3	0	52,0	0	11,0	0	300,0	0	979,0	0	1629,5	ERA5
1055397	24/05/2024	21	24/05/2024	17	HAE	14,5	0	4,9	0	53,0	0	11,0	0	310,0	0	980,0	0	1428,4	ERA5
1055398	24/05/2024	22	24/05/2024	18	HAE	14,5	0	5,0	0	53,0	0	7,0	0	300,0	0	980,0	0	906,1	ERA5
1055399	24/05/2024	23	24/05/2024	19	HAE	14,3	0	4,1	0	50,0	0	4,0	0	310,0	0	981,0	0	452,0	ERA5
1055400	25/05/2024	00	24/05/2024	20	HAE	12,9	0	4,0	0	55,0	0	3,0	0	270,0	0	981,0	0	177,6	ERA5
1055401	25/05/2024	01	24/05/2024	21	HAE	11,5	0	4,3	0	61,0	0	2,0	0	280,0	0	981,0	0	6,0	ERA5
1055402	25/05/2024	02	24/05/2024	22	HAE	11,3	0	4,6	0	63,0	0	5,0	0	310,0	0	982,0	0	0,0	ERA5
1055403	25/05/2024	03	24/05/2024	23	HAE	9,6	0	5,0	0	73,0	0	4,0	0	310,0	0	982,0	0	0,0	ERA5
1055404	25/05/2024	04	25/05/2024	00	HAE	8,8	0	5,0	0	77,0	0	7,0	0	230,0	0	982,0	0	0,0	ERA5
1055405	25/05/2024	05	25/05/2024	01	HAE	6,4	0	4,1	0	85,0	0	2,0	0	100,0	0	982,0	0	-0,0	ERA5
1055406	25/05/2024	06	25/05/2024	02	HAE	7,4	0	5,8	0	90,0	0	2,0	0	230,0	0	983,0	0	0,0	ERA5
1055407	25/05/2024	07	25/05/2024	03	HAE	5,8	0	4,8	0	93,0	0	1,0	0	260,0	0	983,0	0	0,0	ERA5
1055408	25/05/2024	08	25/05/2024	04	HAE	5,5	0	3,2	0	85,0	0	1,0	0	10,0	0	983,0	0	0,0	ERA5
1055409	25/05/2024	09	25/05/2024	05	HAE	7,0	0	5,2	0	88,0	0	3,0	0	250,0	0	983,0	0	0,0	ERA5
1055410	25/05/2024	10	25/05/2024	06	HAE	8,5	0	5,8	0	83,0	0	2,0	0	200,0	0	983,0	0	142,2	ERA5
1055411	25/05/2024	11	25/05/2024	07	HAE	10,8	0	7,0	0	77,0	0	2,0	0	240,0	0	984,0	0	652,3	ERA5
1055412	25/05/2024	12	25/05/2024	08	HAE	11,8	0	7,3	0	74,0	0	5,0	0	320,0	0	984,0	0	1305,4	ERA5
1055413	25/05/2024	13	25/05/2024	09	HAE	12,8	0	7,0	0	68,0	0	6,0	0	310,0	0	984,0	0	1927,8	ERA5
1055414	25/05/2024	14	25/05/2024	10	HAE	13,5	0	6,5	0	63,0	0	6,0	0	360,0	0	984,0	0	1996,5	ERA5
1055415	25/05/2024	15	25/05/2024	11	HAE	14,1	0	5,4	0	56,0	0	11,0	0	350,0	0	984,0	0	1936,2	ERA5
1055416	25/05/2024	16	25/05/2024	12	HAE	15,1	0	5,1	0	51,0	0	6,0	0	310,0	0	984,0	0	2480,0	ERA5
1055417	25/05/2024	17	25/05/2024	13	HAE	15,8	0	4,9	0	49,0	0	11,0	0	340,0	0	984,0	0	2977,6	ERA5
1055418	25/05/2024	18	25/05/2024	14	HAE	16,7	0	5,2	0	47,0	0	12,0	0	350,0	0	983,0	0	3288,6	ERA5
1055419	25/05/2024	19	25/05/2024	15	HAE	17,5	0	5,3	0	45,0	0	11,0	0	330,0	0	983,0	0	3038,1	ERA5
1055420	25/05/2024	20	25/05/2024	16	HAE	18,9	0	6,2	0	44,0	0	3,0	0	330,0	0	983,0	0	2738,7	ERA5
1055421	25/05/2024	21	25/05/2024	17	HAE	19,3	0	5,3	0	40,0	0	5,0	0	280,0	0	983,0	0	2088,6	ERA5
1055422	25/05/2024	22	25/05/2024	18	HAE	19,0	0	4,9	0	40,0	0	5,0	0	300,0	0	983,0	0	1413,2	ERA5
1055423	25/05/2024	23	25/05/2024	19	HAE	17,7	0	5,2	0	44,0	0	5,0	0	300,0	0	983,0	0	759,4	ERA5
1055424	26/05/2024	00	25/05/2024	20	HAE	15,6	0	6,1	0	53,0	0	2,0	0	260,0	0	984,0	0	278,0	ERA5
1055425	26/05/2024	01	25/05/2024	21	HAE	13,4	0	6,6	0	63,0	0	1,0	0	270,0	0	984,0	0	7,9	ERA5
1055426	26/05/2024	02	25/05/2024	22	HAE	11,1	0	7,3	0	77,0	0	3,0	0	160,0	0	984,0	0	0,0	ERA5
1055427	26/05/2024	03	25/05/2024	23	HAE	11,4	0	7,6	0	77,0	0	2,0	0	170,0	0	984,0	0	0,0	ERA5
1055428	26/05/2024	04	26/05/2024	00	HAE	11,6	0	7,8	0	78,0	0	2,0	0	190,0	0	984,0	0	0,0	ERA5
1055429	26/05/2024	05	26/05/2024	01	HAE	11,8	0	7,7	0	76,0	0	4,0	0	190,0	0	984,0	0	0,0	ERA5
1055430	26/05/2024	06	26/05/2024	02	HAE	10,9	0	8,0	0	82,0	0	4,0	0	180,0	0	985,0	0	0,0	ERA5
1055431	26/05/2024	07	26/05/2024	03	HAE	11,1	0	8,0	0	81,0	0	2,0	0	190,0	0	985,0	0	0,0	ERA5
1055432	26/05/2024	08	26/05/2024	04	HAE	11,1	0	7,9	0	81,0	0	4,0	0	160,0	0	985,0	0	0,0	ERA5
1055433	26/05/2024	09	26/05/2024	05	HAE	11,2	0	8,3	0	82,0	0	1,0	0	160,0	0	985,0	0	0,0	ERA5
1055434	26/05/2024	10	26/05/2024	06	HAE	10,9	0	8,2	0	83,0	0	1,0	0	80,0	0	986,0	0	67,8	ERA5
1055435	26/05/2024	11	26/05/2024	07	HAE	11,2	0	9,2	0	87,0	0	1,0	0	360,0	0	986,0	0	276,0	ERA5
1055436	26/05/2024	12	26/05/2024	08	HAE	11,7	0	9,4	0	86,0	0	4,0	0	130,0	0	987,0	0	574,8	ERA5
1055437	26/05/2024	13	26/05/2024	09	HAE	14,0	0	10,3	0	78,0	0	3,0	0	80,0	0	987,0	0	507,8	ERA5
1055438	26/05/2024	14	26/05/2024	10	HAE	16,2	0	10,4	0	69,0	0	1,0	0	150,0	0	987,0	0	1196,5	ERA5
1055439	26/05/2024	15	26/05/2024	11	HAE	18,4	0	5,7	0	43,0	0	5,0	0	310,0	0	988,0	0	1356,3	ERA5
1055440	26/05/2024	16	26/05/2024	12	HAE	18,8	0	7,5	0	48,0	0	4,0	0	300,0	0	988,0	0	1586,3	ERA5
1055441	26/05/2024	17	26/05/2024	13	HAE	18,1	0	9,5	0	57,0	0	4,0	0	350,0	0	988,0	0	2626,7	ERA5
1055442	26/05/2024	18	26/05/2024	14	HAE	19,6	0	7,9	0	47,0	0	6,0	0	40,0	0	988,0	0	2071,1	ERA5
1055443	26/05/2024	19	26/05/2024	15	HAE	20,4	0	6,9	0	41,0	0	4,0	0	70,0	0	988,0	0	1423,2	ERA5
1055444	26/05/2024	20	26/05/2024	16	HAE	21,3	0	7,6	0	41,0	0	5,0	0	300,0	0	988,0	0	1876,1	ERA5
1055445	26/05/2024	21	26/05/2024	17	HAE	20,7	0	7,4	0	42,0	0	5,0	0	60,0	0	988,0	0	1289,7	ERA5
1055446	26/05/2024	22	26/05/2024	18	HAE	21,1	0	7,8	0	42,0	0	5,0	0	190,0	0	988,0	0	541,3	ERA5
1055447	26/05/2024	23	26/05/2024	19	HAE	20,7	0	7,4	0	42,0	0	4,0	0	90,0	0	989,0	0	400,5	ERA5
1055448	27/05/2024	00	26/05/2024	20	HAE	18,0	0	7,8	0	51,0	0	3,0	0	160,0	0	989,0	0	151,1	ERA5
1055449	27/05/2024	01	26/05/2024	21	HAE	16,5	0	8,5	0	59,0	0	4,0	0	180,0	0	989,0	0	7,0	ERA5
1055450	27/05/2024	02	26/05/2024	22	HAE	15,8	0	7,8	0	59,0	0	6,0	0	170,0	0	990,0	0	0,0	ERA5
1055451	27/05/2024	03	26/05/2024	23	HAE	14,0	0	7,7	0	66,0	0	5,0	0	170,0	0	990,0	0	0,0	ERA5
1055452	27/05/2024	04	27/05/2024	00	HAE	13,6	0	8,2	0	70,0	0	6,0	0	170,0	0	990,0	0	0,0	ERA5
1055453	27/05/2024	05	27/05/2024	01	HAE	12,9	0	8,5	0	75,0	0	5,0	0	160,0	0	990,0	0	0,0	ERA5
1055454	27/05/2024	06	27/05/2024	02	HAE	12,0	0	8,8	0	80,0	0	3,0	0	180,0	0	990,0	0	0,0	ERA5
1055455	27/05/2024	07	27/05/2024	03	HAE	12,0	0	9,1	0	83,0	0	2,0	0	100,0	0	990,0	0	0,0	ERA5
1055456	27/05/2024	08	27/05/2024	04	HAE	12,5	0	9,4	0	81,0	0	6,0	0	150,0	0	989,0	0	0,0	ERA5
1055457	27/05/2024	09	27/05/2024	05	HAE	12,3	0	8,9	0	80,0	0	8,0	0	150,0	0	989,0	0	0,0	ERA5
1055458	27/05/2024	10	27/05/2024	06	HAE	12,8	0	8,6	0	76,0	0	6,0	0	170,0	0	990,0	0	80,8	ERA5
1055459	27/05/2024	11	27/05/2024	07	HAE	12,3	0	9,2	0	81,0	0	9,0	0	150,0	0	990,0	0	297,0	ERA5
1055460	27/05/2024	12	27/05/2024	08	HAE	12,1	0	9,8	0	86,0	0	13,0	0	150,0	0	990,0	0	484,3	ERA5
1055461	27/05/2024	13	27/05/2024	09	HAE	12,1	0	10,0	0	87,0	0	14,0	0	130,0	0	989,0	0	739,5	ERA5
1055462	27/05/2024	14	27/05/2024	10	HAE	13,7	0	10,0	0	78,0	0	17,0	0	120,0	0	988,0	0	1068,1	ERA5
1055463	27/05/2024	15	27/05/2024	11	HAE	16,1	0	11,0	0	72,0	0	20,0	0	120,0	0	988,0	0	1436,5	ERA5
1055464	27/05/2024	16	27/05/2024	12	HAE	17,0	0	10,6	0	66,0	0	22,0	0	120,0	0	987,0	0	1470,6	ERA5
1055465	27/05/2024	17	27/05/2024	13	HAE	16,9	0	12,5	0	75,0	0	26,0	0	160,0	0	986,0	0	1398,0	ERA5
1055466	27/05/2024	18	27/05/2024	14	HAE	14,3	0	13,0	0	92,0	0	17,0	0	160,0	0	986,0	0	1423,7	ERA5
1055467	27/05/2024	19	27/05/2024	15	HAE	14,2	0	12,8	0	91,0	0	12,0	0	140,0	0	985,0	0	1413,0	ERA5
1055468	27/05/2024	20	27/05/2024	16	HAE	15,3	0	12,8	0	85,0	0	25,0	0	130,0	0	983,0	0	1402,4	ERA5
1055469	27/05/2024	21	27/05/2024	17	HAE	15,6	0	12,0	0	79,0	0	32,0	0	140,0	0	983,0	0	1124,0	ERA5
1055470	27/05/2024	22	27/05/2024	18	HAE	15,3	0	11,7	0	79,0	0	27,0	0	160,0	0	982,0	0	693,6	ERA5
1055471	27/05/2024	23	27/05/2024	19	HAE	14,9	0	11,6	0	80,0	0	26,0	0	140,0	0	982,0	0	300,9	ERA5
1055472	28/05/2024	00	27/05/2024	20	HAE	14,3	0	11,3	0	83,0	0	22,0	0	130,0	0	981,0	0	91,8	ERA5
1055473	28/05/2024	01	27/05/2024	21	HAE	14,2	0	11,2	0	82,0	0	18,0	0	140,0	0	981,0	0	3,5	ERA5
1055474	28/05/2024	02	27/05/2024	22	HAE	14,0	0	11,1	0	83,0	0	13,0	0	150,0	0	980,0	0	0,0	ERA5
1055475	28/05/2024	03	27/05/2024	23	HAE	13,0	0	12,0	0	94,0	0	12,0	0	140,0	0	979,0	0	0,0	ERA5
1055476	28/05/2024	04	28/05/2024	00	HAE	13,0	0	12,3	0	95,0	0	10,0	0	160,0	0	977,0	0	0,0	ERA5
1055477	28/05/2024	05	28/05/2024	01	HAE	13,5	0	12,7	0	95,0	0	7,0	0	160,0	0	977,0	0	0,0	ERA5
1055478	28/05/2024	06	28/05/2024	02	HAE	13,3	0	12,9	0	97,0	0	5,0	0	320,0	0	977,0	0	0,0	ERA5
1055479	28/05/2024	07	28/05/2024	03	HAE	13,2	0	12,9	0	98,0	0	11,0	0	140,0	0	975,0	0	0,0	ERA5
1055480	28/05/2024	08	28/05/2024	04	HAE	13,3	0	12,9	0	98,0	0	8,0	0	150,0	0	975,0	0	0,0	ERA5
1055481	28/05/2024	09	28/05/2024	05	HAE	13,2	0	12,9	0	98,0	0	10,0	0	140,0	0	975,0	0	0,0	ERA5
1055482	28/05/2024	10	28/05/2024	06	HAE	13,3	0	13,1	0	98,0	0	6,0	0	160,0	0	975,0	0	60,1	ERA5
1055483	28/05/2024	11	28/05/2024	07	HAE	14,3	0	13,9	0	98,0	0	3,0	0	150,0	0	975,0	0	287,1	ERA5
1055484	28/05/2024	12	28/05/2024	08	HAE	16,7	0	15,0	0	90,0	0	8,0	0	130,0	0	974,0	0	447,9	ERA5
1055485	28/05/2024	13	28/05/2024	09	HAE	19,2	0	16,8	0	86,0	0	3,0	0	170,0	0	974,0	0	659,0	ERA5
1055486	28/05/2024	14	28/05/2024	10	HAE	19,8	0	15,3	0	75,0	0	9,0	0	180,0	0	974,0	0	1437,5	ERA5
1055487	28/05/2024	15	28/05/2024	11	HAE	20,5	0	13,4	0	64,0	0	16,0	0	190,0	0	973,0	0	2358,4	ERA5
1055488	28/05/2024	16	28/05/2024	12	HAE	20,9	0	14,3	0	66,0	0	7,0	0	190,0	0	973,0	0	2566,4	ERA5
1055489	28/05/2024	17	28/05/2024	13	HAE	21,5	0	13,4	0	60,0	0	6,0	0	200,0	0	973,0	0	2711,6	ERA5
1055490	28/05/2024	18	28/05/2024	14	HAE	19,0	0	14,6	0	76,0	0	4,0	0	220,0	0	973,0	0	2710,8	ERA5
1055491	28/05/2024	19	28/05/2024	15	HAE	20,2	0	12,0	0	59,0	0	6,0	0	280,0	0	973,0	0	2054,7	ERA5
1055492	28/05/2024	20	28/05/2024	16	HAE	21,0	0	12,1	0	57,0	0	10,0	0	220,0	0	973,0	0	2100,0	ERA5
1055493	28/05/2024	21	28/05/2024	17	HAE	21,6	0	11,8	0	53,0	0	5,0	0	190,0	0	973,0	0	1508,0	ERA5
1055494	28/05/2024	22	28/05/2024	18	HAE	20,4	0	11,5	0	57,0	0	10,0	0	220,0	0	973,0	0	911,6	ERA5
1055495	28/05/2024	23	28/05/2024	19	HAE	19,4	0	11,3	0	59,0	0	8,0	0	240,0	0	974,0	0	730,3	ERA5
1055496	29/05/2024	00	28/05/2024	20	HAE	17,0	0	11,2	0	69,0	0	8,0	0	240,0	0	975,0	0	273,8	ERA5
1055497	29/05/2024	01	28/05/2024	21	HAE	15,9	0	12,0	0	77,0	0	3,0	0	250,0	0	975,0	0	8,0	ERA5
1055498	29/05/2024	02	28/05/2024	22	HAE	14,4	0	13,0	0	91,0	0	3,0	0	270,0	0	976,0	0	0,0	ERA5
1055499	29/05/2024	03	28/05/2024	23	HAE	13,8	0	12,1	0	90,0	0	4,0	0	240,0	0	976,0	0	0,0	ERA5
1055500	29/05/2024	04	29/05/2024	00	HAE	13,1	0	11,1	0	87,0	0	7,0	0	260,0	0	977,0	0	0,0	ERA5
1055501	29/05/2024	05	29/05/2024	01	HAE	12,6	0	10,4	0	86,0	0	6,0	0	270,0	0	977,0	0	0,0	ERA5
1055502	29/05/2024	06	29/05/2024	02	HAE	12,5	0	10,0	0	85,0	0	4,0	0	290,0	0	978,0	0	0,0	ERA5
1055503	29/05/2024	07	29/05/2024	03	HAE	12,0	0	8,9	0	81,0	0	8,0	0	270,0	0	978,0	0	0,0	ERA5
1055504	29/05/2024	08	29/05/2024	04	HAE	11,7	0	8,2	0	79,0	0	2,0	0	280,0	0	979,0	0	0,0	ERA5
1055505	29/05/2024	09	29/05/2024	05	HAE	11,3	0	8,7	0	84,0	0	8,0	0	280,0	0	979,0	0	0,0	ERA5
1055506	29/05/2024	10	29/05/2024	06	HAE	11,1	0	8,3	0	83,0	0	4,0	0	260,0	0	980,0	0	75,0	ERA5
1055507	29/05/2024	11	29/05/2024	07	HAE	11,0	0	7,8	0	81,0	0	3,0	0	320,0	0	981,0	0	376,1	ERA5
1055508	29/05/2024	12	29/05/2024	08	HAE	11,6	0	7,3	0	75,0	0	5,0	0	260,0	0	981,0	0	899,3	ERA5
1055509	29/05/2024	13	29/05/2024	09	HAE	12,0	0	7,2	0	73,0	0	3,0	0	280,0	0	982,0	0	1729,2	ERA5
1055510	29/05/2024	14	29/05/2024	10	HAE	12,3	0	6,3	0	67,0	0	8,0	0	270,0	0	983,0	0	2300,7	ERA5
1055511	29/05/2024	15	29/05/2024	11	HAE	12,8	0	6,7	0	66,0	0	4,0	0	280,0	0	984,0	0	2794,8	ERA5
1055512	29/05/2024	16	29/05/2024	12	HAE	13,0	0	6,2	0	63,0	0	5,0	0	290,0	0	984,0	0	3023,2	ERA5
1055513	29/05/2024	17	29/05/2024	13	HAE	13,7	0	5,8	0	59,0	0	5,0	0	330,0	0	985,0	0	3331,9	ERA5
1055514	29/05/2024	18	29/05/2024	14	HAE	14,3	0	4,2	0	51,0	0	15,0	0	310,0	0	985,0	0	3178,2	ERA5
1055515	29/05/2024	19	29/05/2024	15	HAE	15,6	0	5,9	0	52,0	0	7,0	0	330,0	0	985,0	0	2565,9	ERA5
1055516	29/05/2024	20	29/05/2024	16	HAE	15,4	0	5,9	0	53,0	0	9,0	0	330,0	0	985,0	0	2085,9	ERA5
1055517	29/05/2024	21	29/05/2024	17	HAE	15,3	0	4,0	0	47,0	0	8,0	0	350,0	0	985,0	0	1743,4	ERA5
1055518	29/05/2024	22	29/05/2024	18	HAE	15,2	0	3,5	0	46,0	0	6,0	0	310,0	0	985,0	0	1159,5	ERA5
1055519	29/05/2024	23	29/05/2024	19	HAE	15,1	0	4,0	0	47,0	0	6,0	0	290,0	0	986,0	0	772,1	ERA5
1055520	30/05/2024	00	29/05/2024	20	HAE	12,6	0	5,4	0	61,0	0	1,0	0	230,0	0	986,0	0	287,6	ERA5
1055521	30/05/2024	01	29/05/2024	21	HAE	10,6	0	5,5	0	71,0	0	2,0	0	240,0	0	986,0	0	12,7	ERA5
1055522	30/05/2024	02	29/05/2024	22	HAE	8,9	0	5,6	0	80,0	0	2,0	0	190,0	0	986,0	0	0,0	ERA5
1055523	30/05/2024	03	29/05/2024	23	HAE	8,2	0	5,4	0	83,0	0	3,0	0	190,0	0	986,0	0	0,0	ERA5
1055524	30/05/2024	04	30/05/2024	00	HAE	7,3	0	5,5	0	88,0	0	5,0	0	180,0	0	987,0	0	0,0	ERA5
1055525	30/05/2024	05	30/05/2024	01	HAE	6,2	0	5,0	0	92,0	0	2,0	0	230,0	0	987,0	0	0,0	ERA5
1055526	30/05/2024	06	30/05/2024	02	HAE	4,0	0	3,1	0	94,0	0	2,0	0	170,0	0	987,0	0	0,0	ERA5
1055527	30/05/2024	07	30/05/2024	03	HAE	3,6	0	2,8	0	95,0	0	0,0	0	0,0	0	987,0	0	0,0	ERA5
1055528	30/05/2024	08	30/05/2024	04	HAE	4,0	0	3,6	0	97,0	0	3,0	0	230,0	0	988,0	0	0,0	ERA5
1055529	30/05/2024	09	30/05/2024	05	HAE	2,3	0	1,8	0	97,0	0	1,0	0	160,0	0	988,0	0	0,0	ERA5
1055530	30/05/2024	10	30/05/2024	06	HAE	2,7	0	2,6	0	99,0	0	0,0	0	150,0	0	988,0	0	168,4	ERA5
1055531	30/05/2024	11	30/05/2024	07	HAE	4,2	0	4,1	0	99,0	0	2,0	0	110,0	0	989,0	0	703,0	ERA5
1055532	30/05/2024	12	30/05/2024	08	HAE	7,2	0	5,9	0	91,0	0	3,0	0	60,0	0	989,0	0	1357,0	ERA5
1055533	30/05/2024	13	30/05/2024	09	HAE	10,9	0	4,8	0	66,0	0	11,0	0	330,0	0	989,0	0	2010,5	ERA5
1055534	30/05/2024	14	30/05/2024	10	HAE	13,3	0	5,1	0	58,0	0	5,0	0	330,0	0	988,0	0	2590,2	ERA5
1055535	30/05/2024	15	30/05/2024	11	HAE	14,8	0	2,2	0	42,0	0	8,0	0	360,0	0	988,0	0	3026,8	ERA5
1055536	30/05/2024	16	30/05/2024	12	HAE	15,7	0	1,8	0	39,0	0	7,0	0	340,0	0	988,0	0	3326,3	ERA5
1055537	30/05/2024	17	30/05/2024	13	HAE	16,7	0	1,4	0	35,0	0	9,0	0	320,0	0	988,0	0	3333,8	ERA5
1055538	30/05/2024	18	30/05/2024	14	HAE	16,8	0	1,0	0	34,0	0	12,0	0	310,0	0	987,0	0	3410,5	ERA5
1055539	30/05/2024	19	30/05/2024	15	HAE	18,0	0	3,3	0	38,0	0	7,0	0	320,0	0	987,0	0	2293,5	ERA5
1055540	30/05/2024	20	30/05/2024	16	HAE	17,9	0	1,4	0	33,0	0	11,0	0	290,0	0	987,0	0	1859,5	ERA5
1055541	30/05/2024	21	30/05/2024	17	HAE	18,0	0	1,5	0	33,0	0	10,0	0	340,0	0	987,0	0	963,3	ERA5
1055542	30/05/2024	22	30/05/2024	18	HAE	18,0	0	1,1	0	32,0	0	10,0	0	330,0	0	987,0	0	763,1	ERA5
1055543	30/05/2024	23	30/05/2024	19	HAE	16,5	0	2,3	0	38,0	0	3,0	0	290,0	0	987,0	0	444,0	ERA5
1055544	31/05/2024	00	30/05/2024	20	HAE	15,4	0	2,8	0	43,0	0	3,0	0	280,0	0	988,0	0	228,4	ERA5
1055545	31/05/2024	01	30/05/2024	21	HAE	13,3	0	4,1	0	53,0	0	4,0	0	290,0	0	988,0	0	12,3	ERA5
1055546	31/05/2024	02	30/05/2024	22	HAE	11,7	0	5,7	0	67,0	0	0,0	0	0,0	0	988,0	0	0,0	ERA5
1055547	31/05/2024	03	30/05/2024	23	HAE	10,8	0	6,1	0	72,0	0	0,0	0	0,0	0	988,0	0	0,0	ERA5
1055548	31/05/2024	04	31/05/2024	00	HAE	10,1	0	6,2	0	77,0	0	0,0	0	0,0	0	989,0	0	0,0	ERA5
1055549	31/05/2024	05	31/05/2024	01	HAE	8,9	0	5,4	0	79,0	0	2,0	0	260,0	0	988,0	0	0,0	ERA5
1055550	31/05/2024	06	31/05/2024	02	HAE	8,0	0	5,4	0	84,0	0	6,0	0	180,0	0	988,0	0	-0,0	ERA5
1055551	31/05/2024	07	31/05/2024	03	HAE	7,0	0	4,9	0	86,0	0	1,0	0	100,0	0	989,0	0	0,0	ERA5
1055552	31/05/2024	08	31/05/2024	04	HAE	6,7	0	4,8	0	88,0	0	3,0	0	230,0	0	989,0	0	0,0	ERA5
1055553	31/05/2024	09	31/05/2024	05	HAE	4,3	0	2,8	0	90,0	0	3,0	0	160,0	0	989,0	0	0,0	ERA5
1055554	31/05/2024	10	31/05/2024	06	HAE	5,8	0	4,6	0	92,0	0	4,0	0	150,0	0	990,0	0	166,3	ERA5
1055555	31/05/2024	11	31/05/2024	07	HAE	8,2	0	5,6	0	83,0	0	2,0	0	110,0	0	990,0	0	683,8	ERA5
1055556	31/05/2024	12	31/05/2024	08	HAE	10,5	0	6,4	0	76,0	0	2,0	0	90,0	0	990,0	0	1316,6	ERA5
1055557	31/05/2024	13	31/05/2024	09	HAE	13,9	0	7,2	0	64,0	0	6,0	0	70,0	0	990,0	0	1958,4	ERA5
1055558	31/05/2024	14	31/05/2024	10	HAE	16,0	0	7,7	0	58,0	0	8,0	0	340,0	0	989,0	0	2530,3	ERA5
1055559	31/05/2024	15	31/05/2024	11	HAE	17,8	0	7,1	0	50,0	0	4,0	0	20,0	0	989,0	0	2757,4	ERA5
1055560	31/05/2024	16	31/05/2024	12	HAE	19,6	0	4,3	0	36,0	0	7,0	0	310,0	0	989,0	0	2737,7	ERA5
1055561	31/05/2024	17	31/05/2024	13	HAE	20,2	0	3,7	0	34,0	0	10,0	0	320,0	0	989,0	0	2326,9	ERA5
1055562	31/05/2024	18	31/05/2024	14	HAE	19,4	0	1,9	0	31,0	0	11,0	0	310,0	0	988,0	0	2110,8	ERA5
1055563	31/05/2024	19	31/05/2024	15	HAE	19,6	0	1,9	0	31,0	0	13,0	0	300,0	0	988,0	0	2521,3	ERA5
1055564	31/05/2024	20	31/05/2024	16	HAE	20,0	0	2,0	0	30,0	0	9,0	0	340,0	0	988,0	0	1939,8	ERA5
1055565	31/05/2024	21	31/05/2024	17	HAE	20,8	0	1,8	0	28,0	0	6,0	0	330,0	0	988,0	0	1221,0	ERA5
1055566	31/05/2024	22	31/05/2024	18	HAE	20,2	0	0,1	0	26,0	0	7,0	0	310,0	0	988,0	0	721,1	ERA5
1055567	31/05/2024	23	31/05/2024	19	HAE	19,0	0	2,8	0	34,0	0	5,0	0	340,0	0	988,0	0	555,3	ERA5
1055568	01/06/2024	00	31/05/2024	20	HAE	17,0	0	5,5	0	47,0	0	4,0	0	170,0	0	989,0	0	279,1	ERA5
1055569	01/06/2024	01	31/05/2024	21	HAE	14,9	0	5,7	0	54,0	0	6,0	0	230,0	0	990,0	0	15,6	ERA5
1055570	01/06/2024	02	31/05/2024	22	HAE	13,0	0	5,7	0	61,0	0	5,0	0	230,0	0	991,0	0	0,0	ERA5
1055571	01/06/2024	03	31/05/2024	23	HAE	10,5	0	6,0	0	74,0	0	0,0	0	0,0	0	991,0	0	0,0	ERA5
1055572	01/06/2024	04	01/06/2024	00	HAE	8,4	0	5,7	0	83,0	0	1,0	0	280,0	0	991,0	0	0,0	ERA5
1055573	01/06/2024	05	01/06/2024	01	HAE	8,4	0	5,8	0	84,0	0	1,0	0	200,0	0	991,0	0	0,0	ERA5
1055574	01/06/2024	06	01/06/2024	02	HAE	6,3	0	5,3	0	93,0	0	4,0	0	190,0	0	991,0	0	0,0	ERA5
1055575	01/06/2024	07	01/06/2024	03	HAE	6,7	0	5,5	0	92,0	0	2,0	0	210,0	0	991,0	0	0,0	ERA5
1055576	01/06/2024	08	01/06/2024	04	HAE	5,4	0	4,7	0	95,0	0	2,0	0	200,0	0	991,0	0	0,0	ERA5
1055577	01/06/2024	09	01/06/2024	05	HAE	4,0	0	3,0	0	93,0	0	0,0	0	0,0	0	992,0	0	0,0	ERA5
1055578	01/06/2024	10	01/06/2024	06	HAE	5,4	0	4,2	0	92,0	0	0,0	0	0,0	0	992,0	0	171,3	ERA5
1055579	01/06/2024	11	01/06/2024	07	HAE	7,9	0	5,7	0	86,0	0	3,0	0	110,0	0	993,0	0	670,6	ERA5
1055580	01/06/2024	12	01/06/2024	08	HAE	12,7	0	8,3	0	74,0	0	3,0	0	90,0	0	993,0	0	1336,4	ERA5
1055581	01/06/2024	13	01/06/2024	09	HAE	15,3	0	6,5	0	56,0	0	8,0	0	30,0	0	993,0	0	1977,1	ERA5
1055582	01/06/2024	14	01/06/2024	10	HAE	18,9	0	9,5	0	55,0	0	3,0	0	50,0	0	992,0	0	2553,8	ERA5
1055583	01/06/2024	15	01/06/2024	11	HAE	20,4	0	6,1	0	39,0	0	7,0	0	340,0	0	992,0	0	3013,8	ERA5
1055584	01/06/2024	16	01/06/2024	12	HAE	22,3	0	4,7	0	32,0	0	7,0	0	320,0	0	992,0	0	3317,3	ERA5
1055585	01/06/2024	17	01/06/2024	13	HAE	23,1	0	6,0	0	33,0	0	8,0	0	30,0	0	991,0	0	3435,5	ERA5
1055586	01/06/2024	18	01/06/2024	14	HAE	23,0	0	3,8	0	28,0	0	10,0	0	270,0	0	991,0	0	3372,4	ERA5
1055587	01/06/2024	19	01/06/2024	15	HAE	23,2	0	4,2	0	29,0	0	12,0	0	340,0	0	990,0	0	3113,7	ERA5
1055588	01/06/2024	20	01/06/2024	16	HAE	23,4	0	5,3	0	31,0	0	13,0	0	330,0	0	990,0	0	2701,3	ERA5
1055589	01/06/2024	21	01/06/2024	17	HAE	23,0	0	4,9	0	31,0	0	11,0	0	300,0	0	990,0	0	2131,2	ERA5
1055590	01/06/2024	22	01/06/2024	18	HAE	23,0	0	5,8	0	33,0	0	3,0	0	280,0	0	990,0	0	1506,9	ERA5
1055591	01/06/2024	23	01/06/2024	19	HAE	22,2	0	5,0	0	33,0	0	5,0	0	10,0	0	990,0	0	884,0	ERA5
1055592	02/06/2024	00	01/06/2024	20	HAE	19,6	0	5,9	0	41,0	0	2,0	0	350,0	0	991,0	0	318,3	ERA5
1055593	02/06/2024	01	01/06/2024	21	HAE	17,7	0	5,8	0	46,0	0	1,0	0	210,0	0	991,0	0	15,7	ERA5
1055594	02/06/2024	02	01/06/2024	22	HAE	16,6	0	3,7	0	42,0	0	5,0	0	200,0	0	991,0	0	0,0	ERA5
1055595	02/06/2024	03	01/06/2024	23	HAE	12,6	0	4,8	0	59,0	0	2,0	0	160,0	0	991,0	0	0,0	ERA5
1055596	02/06/2024	04	02/06/2024	00	HAE	11,4	0	5,4	0	67,0	0	3,0	0	210,0	0	991,0	0	0,0	ERA5
1055597	02/06/2024	05	02/06/2024	01	HAE	9,5	0	4,3	0	70,0	0	1,0	0	110,0	0	991,0	0	0,0	ERA5
1055598	02/06/2024	06	02/06/2024	02	HAE	7,8	0	5,0	0	82,0	0	3,0	0	180,0	0	991,0	0	0,0	ERA5
1055599	02/06/2024	07	02/06/2024	03	HAE	8,6	0	5,0	0	78,0	0	6,0	0	200,0	0	991,0	0	0,0	ERA5
1055600	02/06/2024	08	02/06/2024	04	HAE	7,6	0	5,0	0	84,0	0	5,0	0	170,0	0	990,0	0	0,0	ERA5
1055601	02/06/2024	09	02/06/2024	05	HAE	5,2	0	3,8	0	90,0	0	1,0	0	150,0	0	990,0	0	0,0	ERA5
1055602	02/06/2024	10	02/06/2024	06	HAE	7,0	0	5,1	0	88,0	0	4,0	0	170,0	0	990,0	0	172,7	ERA5
1055603	02/06/2024	11	02/06/2024	07	HAE	9,6	0	6,4	0	80,0	0	3,0	0	130,0	0	991,0	0	692,9	ERA5
1055604	02/06/2024	12	02/06/2024	08	HAE	12,5	0	7,3	0	70,0	0	3,0	0	130,0	0	990,0	0	1326,5	ERA5
1055605	02/06/2024	13	02/06/2024	09	HAE	16,3	0	8,2	0	59,0	0	5,0	0	120,0	0	990,0	0	1961,1	ERA5
1055606	02/06/2024	14	02/06/2024	10	HAE	18,8	0	8,1	0	50,0	0	8,0	0	120,0	0	990,0	0	2530,9	ERA5
1055607	02/06/2024	15	02/06/2024	11	HAE	21,7	0	6,9	0	38,0	0	3,0	0	20,0	0	990,0	0	2984,2	ERA5
1055608	02/06/2024	16	02/06/2024	12	HAE	24,0	0	7,3	0	34,0	0	6,0	0	120,0	0	989,0	0	3285,9	ERA5
1055609	02/06/2024	17	02/06/2024	13	HAE	25,3	0	7,7	0	33,0	0	7,0	0	360,0	0	988,0	0	3361,4	ERA5
1055610	02/06/2024	18	02/06/2024	14	HAE	26,2	0	9,9	0	36,0	0	8,0	0	320,0	0	987,0	0	3340,9	ERA5
1055611	02/06/2024	19	02/06/2024	15	HAE	26,8	0	8,0	0	30,0	0	5,0	0	310,0	0	986,0	0	3066,8	ERA5
1055612	02/06/2024	20	02/06/2024	16	HAE	26,6	0	7,8	0	30,0	0	10,0	0	350,0	0	986,0	0	2660,8	ERA5
1055613	02/06/2024	21	02/06/2024	17	HAE	26,6	0	8,7	0	32,0	0	8,0	0	300,0	0	985,0	0	2191,0	ERA5
1055614	02/06/2024	22	02/06/2024	18	HAE	25,9	0	8,9	0	34,0	0	7,0	0	250,0	0	985,0	0	1563,5	ERA5
1055615	02/06/2024	23	02/06/2024	19	HAE	24,5	0	8,5	0	36,0	0	4,0	0	300,0	0	985,0	0	920,5	ERA5
1055616	03/06/2024	00	02/06/2024	20	HAE	21,6	0	10,1	0	48,0	0	2,0	0	250,0	0	985,0	0	337,6	ERA5
1055617	03/06/2024	01	02/06/2024	21	HAE	19,9	0	7,7	0	45,0	0	3,0	0	310,0	0	986,0	0	18,2	ERA5
1055618	03/06/2024	02	02/06/2024	22	HAE	16,5	0	8,8	0	60,0	0	3,0	0	180,0	0	986,0	0	0,0	ERA5
1055619	03/06/2024	03	02/06/2024	23	HAE	15,6	0	7,4	0	58,0	0	0,0	0	240,0	0	986,0	0	-0,0	ERA5
1055620	03/06/2024	04	03/06/2024	00	HAE	13,0	0	7,4	0	69,0	0	0,0	0	140,0	0	986,0	0	0,0	ERA5
1055621	03/06/2024	05	03/06/2024	01	HAE	11,2	0	7,5	0	78,0	0	0,0	0	0,0	0	986,0	0	0,0	ERA5
1055622	03/06/2024	06	03/06/2024	02	HAE	10,6	0	7,4	0	81,0	0	3,0	0	190,0	0	986,0	0	0,0	ERA5
1055623	03/06/2024	07	03/06/2024	03	HAE	11,1	0	8,8	0	86,0	0	4,0	0	180,0	0	985,0	0	0,0	ERA5
1055624	03/06/2024	08	03/06/2024	04	HAE	10,8	0	8,9	0	88,0	0	4,0	0	170,0	0	985,0	0	0,0	ERA5
1055625	03/06/2024	09	03/06/2024	05	HAE	9,2	0	8,0	0	92,0	0	5,0	0	210,0	0	986,0	0	0,0	ERA5
1055626	03/06/2024	10	03/06/2024	06	HAE	10,1	0	8,1	0	87,0	0	3,0	0	160,0	0	986,0	0	170,8	ERA5
1055627	03/06/2024	11	03/06/2024	07	HAE	12,5	0	9,7	0	83,0	0	4,0	0	150,0	0	987,0	0	680,4	ERA5
1055628	03/06/2024	12	03/06/2024	08	HAE	15,0	0	10,2	0	73,0	0	5,0	0	120,0	0	987,0	0	1304,9	ERA5
1055629	03/06/2024	13	03/06/2024	09	HAE	18,9	0	12,5	0	66,0	0	4,0	0	70,0	0	987,0	0	1934,5	ERA5
1055630	03/06/2024	14	03/06/2024	10	HAE	22,1	0	11,7	0	52,0	0	3,0	0	60,0	0	986,0	0	2489,4	ERA5
1055631	03/06/2024	15	03/06/2024	11	HAE	24,4	0	10,3	0	41,0	0	5,0	0	350,0	0	986,0	0	2949,1	ERA5
1055632	03/06/2024	16	03/06/2024	12	HAE	26,9	0	10,1	0	35,0	0	8,0	0	10,0	0	986,0	0	2839,1	ERA5
1055633	03/06/2024	17	03/06/2024	13	HAE	28,0	0	7,7	0	28,0	0	10,0	0	330,0	0	986,0	0	2725,8	ERA5
1055634	03/06/2024	18	03/06/2024	14	HAE	28,9	0	9,2	0	29,0	0	7,0	0	340,0	0	985,0	0	2548,9	ERA5
1055635	03/06/2024	19	03/06/2024	15	HAE	28,9	0	8,6	0	28,0	0	10,0	0	70,0	0	985,0	0	2618,3	ERA5
1055636	03/06/2024	20	03/06/2024	16	HAE	28,6	0	5,9	0	24,0	0	7,0	0	40,0	0	985,0	0	2519,3	ERA5
1055637	03/06/2024	21	03/06/2024	17	HAE	28,2	0	9,1	0	30,0	0	7,0	0	320,0	0	985,0	0	1955,2	ERA5
1055638	03/06/2024	22	03/06/2024	18	HAE	27,4	0	7,8	0	29,0	0	8,0	0	340,0	0	985,0	0	1311,4	ERA5
1055639	03/06/2024	23	03/06/2024	19	HAE	25,3	0	8,7	0	35,0	0	4,0	0	320,0	0	985,0	0	773,6	ERA5
1055640	04/06/2024	00	03/06/2024	20	HAE	22,3	0	9,4	0	44,0	0	10,0	0	300,0	0	986,0	0	297,2	ERA5
1055641	04/06/2024	01	03/06/2024	21	HAE	19,7	0	9,7	0	52,0	0	9,0	0	320,0	0	986,0	0	19,0	ERA5
1055642	04/06/2024	02	03/06/2024	22	HAE	17,9	0	10,2	0	61,0	0	3,0	0	260,0	0	987,0	0	0,0	ERA5
1055643	04/06/2024	03	03/06/2024	23	HAE	15,5	0	10,5	0	72,0	0	0,0	0	260,0	0	988,0	0	0,0	ERA5
1055644	04/06/2024	04	04/06/2024	00	HAE	14,9	0	10,8	0	77,0	0	0,0	0	210,0	0	988,0	0	0,0	ERA5
1055645	04/06/2024	05	04/06/2024	01	HAE	13,6	0	10,7	0	83,0	0	1,0	0	220,0	0	988,0	0	0,0	ERA5
1055646	04/06/2024	06	04/06/2024	02	HAE	12,7	0	10,6	0	87,0	0	3,0	0	280,0	0	988,0	0	-0,0	ERA5
1055647	04/06/2024	07	04/06/2024	03	HAE	11,8	0	10,4	0	91,0	0	2,0	0	330,0	0	989,0	0	0,0	ERA5
1055648	04/06/2024	08	04/06/2024	04	HAE	10,7	0	9,6	0	93,0	0	2,0	0	190,0	0	989,0	0	0,0	ERA5
1055649	04/06/2024	09	04/06/2024	05	HAE	10,4	0	9,4	0	94,0	0	0,0	0	0,0	0	989,0	0	0,0	ERA5
1055650	04/06/2024	10	04/06/2024	06	HAE	11,6	0	10,2	0	91,0	0	1,0	0	150,0	0	989,0	0	173,6	ERA5
1055651	04/06/2024	11	04/06/2024	07	HAE	13,8	0	11,1	0	84,0	0	4,0	0	120,0	0	990,0	0	691,1	ERA5
1055652	04/06/2024	12	04/06/2024	08	HAE	16,7	0	12,8	0	78,0	0	5,0	0	120,0	0	990,0	0	1311,7	ERA5
1055653	04/06/2024	13	04/06/2024	09	HAE	19,3	0	13,0	0	67,0	0	6,0	0	130,0	0	989,0	0	1934,4	ERA5
1055654	04/06/2024	14	04/06/2024	10	HAE	22,4	0	13,6	0	58,0	0	6,0	0	130,0	0	989,0	0	2499,0	ERA5
1055655	04/06/2024	15	04/06/2024	11	HAE	24,5	0	13,6	0	51,0	0	6,0	0	80,0	0	989,0	0	2949,8	ERA5
1055656	04/06/2024	16	04/06/2024	12	HAE	25,7	0	12,4	0	44,0	0	8,0	0	150,0	0	989,0	0	3272,3	ERA5
1055657	04/06/2024	17	04/06/2024	13	HAE	26,8	0	12,4	0	41,0	0	6,0	0	110,0	0	988,0	0	3374,4	ERA5
1055658	04/06/2024	18	04/06/2024	14	HAE	27,5	0	12,7	0	40,0	0	5,0	0	160,0	0	987,0	0	2755,3	ERA5
1055659	04/06/2024	19	04/06/2024	15	HAE	26,5	0	14,1	0	46,0	0	10,0	0	350,0	0	987,0	0	2287,9	ERA5
1055660	04/06/2024	20	04/06/2024	16	HAE	26,3	0	14,4	0	48,0	0	5,0	0	360,0	0	987,0	0	1993,9	ERA5
1055661	04/06/2024	21	04/06/2024	17	HAE	25,4	0	14,7	0	52,0	0	6,0	0	340,0	0	987,0	0	1470,5	ERA5
1055662	04/06/2024	22	04/06/2024	18	HAE	25,5	0	14,4	0	50,0	0	6,0	0	360,0	0	987,0	0	915,5	ERA5
1055663	04/06/2024	23	04/06/2024	19	HAE	25,1	0	11,3	0	42,0	0	5,0	0	20,0	0	986,0	0	434,9	ERA5
1055664	05/06/2024	00	04/06/2024	20	HAE	22,8	0	16,3	0	67,0	0	4,0	0	150,0	0	986,0	0	227,8	ERA5
1055665	05/06/2024	01	04/06/2024	21	HAE	21,1	0	16,1	0	73,0	0	1,0	0	270,0	0	987,0	0	13,9	ERA5
1055666	05/06/2024	02	04/06/2024	22	HAE	20,1	0	15,4	0	74,0	0	3,0	0	220,0	0	987,0	0	0,0	ERA5
1055667	05/06/2024	03	04/06/2024	23	HAE	18,4	0	14,7	0	79,0	0	2,0	0	240,0	0	986,0	0	-0,0	ERA5
1055668	05/06/2024	04	05/06/2024	00	HAE	17,0	0	14,6	0	86,0	0	2,0	0	220,0	0	986,0	0	0,0	ERA5
1055669	05/06/2024	05	05/06/2024	01	HAE	15,8	0	14,7	0	93,0	0	3,0	0	210,0	0	986,0	0	0,0	ERA5
1055670	05/06/2024	06	05/06/2024	02	HAE	15,0	0	13,6	0	91,0	0	1,0	0	320,0	0	986,0	0	0,0	ERA5
1055671	05/06/2024	07	05/06/2024	03	HAE	13,8	0	12,9	0	94,0	0	3,0	0	180,0	0	985,0	0	0,0	ERA5
1055672	05/06/2024	08	05/06/2024	04	HAE	13,1	0	12,4	0	95,0	0	0,0	0	0,0	0	985,0	0	0,0	ERA5
1055673	05/06/2024	09	05/06/2024	05	HAE	12,4	0	11,7	0	95,0	0	2,0	0	170,0	0	985,0	0	0,1	ERA5
1055674	05/06/2024	10	05/06/2024	06	HAE	13,5	0	13,3	0	99,0	0	3,0	0	200,0	0	986,0	0	159,6	ERA5
1055675	05/06/2024	11	05/06/2024	07	HAE	14,6	0	13,7	0	94,0	0	2,0	0	130,0	0	986,0	0	626,7	ERA5
1055676	05/06/2024	12	05/06/2024	08	HAE	17,2	0	14,5	0	84,0	0	6,0	0	120,0	0	986,0	0	1096,9	ERA5
1055677	05/06/2024	13	05/06/2024	09	HAE	20,0	0	15,1	0	74,0	0	4,0	0	70,0	0	985,0	0	1620,8	ERA5
1055678	05/06/2024	14	05/06/2024	10	HAE	22,7	0	16,1	0	67,0	0	5,0	0	100,0	0	985,0	0	2446,7	ERA5
1055679	05/06/2024	15	05/06/2024	11	HAE	24,6	0	13,6	0	51,0	0	3,0	0	210,0	0	984,0	0	2962,9	ERA5
1055680	05/06/2024	16	05/06/2024	12	HAE	28,0	0	16,2	0	49,0	0	4,0	0	120,0	0	983,0	0	2833,5	ERA5
1055681	05/06/2024	17	05/06/2024	13	HAE	27,6	0	11,0	0	36,0	0	8,0	0	350,0	0	982,0	0	2896,9	ERA5
1055682	05/06/2024	18	05/06/2024	14	HAE	28,4	0	10,9	0	34,0	0	5,0	0	260,0	0	982,0	0	2721,1	ERA5
1055683	05/06/2024	19	05/06/2024	15	HAE	27,2	0	13,7	0	44,0	0	7,0	0	250,0	0	981,0	0	2183,2	ERA5
1055684	05/06/2024	20	05/06/2024	16	HAE	25,8	0	15,0	0	51,0	0	8,0	0	10,0	0	981,0	0	1533,4	ERA5
1055685	05/06/2024	21	05/06/2024	17	HAE	27,3	0	12,4	0	40,0	0	6,0	0	330,0	0	980,0	0	1522,1	ERA5
1055686	05/06/2024	22	05/06/2024	18	HAE	24,7	0	14,7	0	54,0	0	7,0	0	150,0	0	981,0	0	1115,4	ERA5
1055687	05/06/2024	23	05/06/2024	19	HAE	23,8	0	14,7	0	57,0	0	6,0	0	190,0	0	981,0	0	647,7	ERA5
1055688	06/06/2024	00	05/06/2024	20	HAE	22,1	0	15,3	0	65,0	0	6,0	0	200,0	0	980,0	0	180,5	ERA5
1055689	06/06/2024	01	05/06/2024	21	HAE	20,4	0	15,3	0	72,0	0	3,0	0	220,0	0	980,0	0	16,4	ERA5
1055690	06/06/2024	02	05/06/2024	22	HAE	18,7	0	14,8	0	78,0	0	1,0	0	230,0	0	980,0	0	0,0	ERA5
1055691	06/06/2024	03	05/06/2024	23	HAE	18,2	0	14,8	0	80,0	0	3,0	0	220,0	0	980,0	0	-0,0	ERA5
1055692	06/06/2024	04	06/06/2024	00	HAE	16,1	0	14,2	0	88,0	0	3,0	0	230,0	0	980,0	0	0,0	ERA5
1055693	06/06/2024	05	06/06/2024	01	HAE	15,8	0	14,7	0	93,0	0	5,0	0	170,0	0	979,0	0	0,0	ERA5
1055694	06/06/2024	06	06/06/2024	02	HAE	13,8	0	12,6	0	92,0	0	4,0	0	180,0	0	979,0	0	0,0	ERA5
1055695	06/06/2024	07	06/06/2024	03	HAE	14,4	0	13,7	0	96,0	0	4,0	0	150,0	0	979,0	0	0,0	ERA5
1055696	06/06/2024	08	06/06/2024	04	HAE	14,6	0	13,5	0	93,0	0	6,0	0	200,0	0	979,0	0	0,0	ERA5
1055697	06/06/2024	09	06/06/2024	05	HAE	14,1	0	13,4	0	96,0	0	5,0	0	190,0	0	978,0	0	0,1	ERA5
1055698	06/06/2024	10	06/06/2024	06	HAE	14,1	0	13,0	0	93,0	0	5,0	0	150,0	0	978,0	0	133,8	ERA5
1055699	06/06/2024	11	06/06/2024	07	HAE	16,4	0	13,6	0	83,0	0	8,0	0	150,0	0	978,0	0	535,1	ERA5
1055700	06/06/2024	12	06/06/2024	08	HAE	19,0	0	13,7	0	71,0	0	5,0	0	110,0	0	978,0	0	1095,4	ERA5
1055701	06/06/2024	13	06/06/2024	09	HAE	22,2	0	14,8	0	63,0	0	6,0	0	120,0	0	977,0	0	1766,6	ERA5
1055702	06/06/2024	14	06/06/2024	10	HAE	24,8	0	15,6	0	57,0	0	10,0	0	110,0	0	977,0	0	2429,7	ERA5
1055703	06/06/2024	15	06/06/2024	11	HAE	26,4	0	14,0	0	46,0	0	17,0	0	150,0	0	977,0	0	2832,0	ERA5
1055704	06/06/2024	16	06/06/2024	12	HAE	27,3	0	13,3	0	42,0	0	18,0	0	140,0	0	976,0	0	3024,9	ERA5
1055705	06/06/2024	17	06/06/2024	13	HAE	27,6	0	14,3	0	44,0	0	24,0	0	120,0	0	976,0	0	2916,1	ERA5
1055706	06/06/2024	18	06/06/2024	14	HAE	27,0	0	15,3	0	49,0	0	24,0	0	120,0	0	975,0	0	2611,7	ERA5
1055707	06/06/2024	19	06/06/2024	15	HAE	26,6	0	16,0	0	52,0	0	14,0	0	150,0	0	974,0	0	2416,5	ERA5
1055708	06/06/2024	20	06/06/2024	16	HAE	22,3	0	18,1	0	77,0	0	13,0	0	150,0	0	974,0	0	1415,0	ERA5
1055709	06/06/2024	21	06/06/2024	17	HAE	24,7	0	17,2	0	63,0	0	14,0	0	140,0	0	973,0	0	986,4	ERA5
1055710	06/06/2024	22	06/06/2024	18	HAE	25,5	0	16,3	0	57,0	0	17,0	0	150,0	0	973,0	0	880,7	ERA5
1055711	06/06/2024	23	06/06/2024	19	HAE	24,1	0	16,3	0	62,0	0	11,0	0	140,0	0	973,0	0	469,8	ERA5
1055712	07/06/2024	00	06/06/2024	20	HAE	23,3	0	16,4	0	65,0	0	14,0	0	140,0	0	974,0	0	191,9	ERA5
1055713	07/06/2024	01	06/06/2024	21	HAE	22,2	0	15,9	0	68,0	0	15,0	0	150,0	0	974,0	0	13,8	ERA5
1055714	07/06/2024	02	06/06/2024	22	HAE	21,0	0	15,2	0	69,0	0	10,0	0	140,0	0	974,0	0	0,0	ERA5
1055715	07/06/2024	03	06/06/2024	23	HAE	20,1	0	15,5	0	75,0	0	13,0	0	150,0	0	974,0	0	0,0	ERA5
1055716	07/06/2024	04	07/06/2024	00	HAE	19,9	0	16,2	0	79,0	0	13,0	0	150,0	0	974,0	0	0,0	ERA5
1055717	07/06/2024	05	07/06/2024	01	HAE	19,5	0	16,1	0	80,0	0	5,0	0	140,0	0	974,0	0	0,0	ERA5
1055718	07/06/2024	06	07/06/2024	02	HAE	19,2	0	15,9	0	81,0	0	6,0	0	160,0	0	973,0	0	0,0	ERA5
1055719	07/06/2024	07	07/06/2024	03	HAE	18,4	0	16,4	0	88,0	0	8,0	0	150,0	0	973,0	0	0,0	ERA5
1055720	07/06/2024	08	07/06/2024	04	HAE	17,7	0	16,6	0	94,0	0	11,0	0	150,0	0	973,0	0	0,0	ERA5
1055721	07/06/2024	09	07/06/2024	05	HAE	17,5	0	16,7	0	95,0	0	11,0	0	140,0	0	973,0	0	0,0	ERA5
1055722	07/06/2024	10	07/06/2024	06	HAE	17,4	0	16,7	0	96,0	0	8,0	0	140,0	0	973,0	0	16,3	ERA5
1055723	07/06/2024	11	07/06/2024	07	HAE	17,2	0	16,6	0	96,0	0	8,0	0	150,0	0	973,0	0	72,7	ERA5
1055724	07/06/2024	12	07/06/2024	08	HAE	16,8	0	16,4	0	98,0	0	8,0	0	160,0	0	974,0	0	105,0	ERA5
1055725	07/06/2024	13	07/06/2024	09	HAE	15,5	0	14,9	0	96,0	0	4,0	0	140,0	0	974,0	0	109,2	ERA5
1055726	07/06/2024	14	07/06/2024	10	HAE	15,6	0	14,9	0	96,0	0	2,0	0	130,0	0	974,0	0	180,4	ERA5
1055727	07/06/2024	15	07/06/2024	11	HAE	16,9	0	16,2	0	96,0	0	11,0	0	120,0	0	974,0	0	440,1	ERA5
1055728	07/06/2024	16	07/06/2024	12	HAE	17,1	0	15,8	0	92,0	0	7,0	0	130,0	0	974,0	0	676,6	ERA5
1055729	07/06/2024	17	07/06/2024	13	HAE	18,1	0	16,3	0	89,0	0	6,0	0	120,0	0	974,0	0	690,6	ERA5
1055730	07/06/2024	18	07/06/2024	14	HAE	18,2	0	16,8	0	91,0	0	9,0	0	130,0	0	974,0	0	1097,7	ERA5
1055731	07/06/2024	19	07/06/2024	15	HAE	18,1	0	17,2	0	95,0	0	7,0	0	120,0	0	974,0	0	1558,3	ERA5
1055732	07/06/2024	20	07/06/2024	16	HAE	19,3	0	16,7	0	85,0	0	11,0	0	120,0	0	973,0	0	1297,3	ERA5
1055733	07/06/2024	21	07/06/2024	17	HAE	20,1	0	16,2	0	78,0	0	7,0	0	150,0	0	973,0	0	1375,7	ERA5
1055734	07/06/2024	22	07/06/2024	18	HAE	19,3	0	16,0	0	81,0	0	6,0	0	180,0	0	974,0	0	854,0	ERA5
1055735	07/06/2024	23	07/06/2024	19	HAE	14,4	0	13,6	0	95,0	0	5,0	0	340,0	0	975,0	0	349,2	ERA5
1055736	08/06/2024	00	07/06/2024	20	HAE	14,6	0	13,4	0	93,0	0	1,0	0	270,0	0	974,0	0	167,7	ERA5
1055737	08/06/2024	01	07/06/2024	21	HAE	14,4	0	13,4	0	94,0	0	5,0	0	180,0	0	975,0	0	14,3	ERA5
1055738	08/06/2024	02	07/06/2024	22	HAE	13,9	0	13,5	0	98,0	0	1,0	0	260,0	0	975,0	0	0,0	ERA5
1055739	08/06/2024	03	07/06/2024	23	HAE	13,7	0	13,4	0	98,0	0	3,0	0	180,0	0	974,0	0	0,0	ERA5
1055740	08/06/2024	04	08/06/2024	00	HAE	13,9	0	13,5	0	98,0	0	1,0	0	330,0	0	974,0	0	0,0	ERA5
1055741	08/06/2024	05	08/06/2024	01	HAE	13,5	0	13,2	0	98,0	0	0,0	0	0,0	0	974,0	0	0,0	ERA5
1055742	08/06/2024	06	08/06/2024	02	HAE	13,7	0	13,6	0	99,0	0	2,0	0	200,0	0	973,0	0	0,0	ERA5
1055743	08/06/2024	07	08/06/2024	03	HAE	13,8	0	13,6	0	99,0	0	0,0	0	0,0	0	973,0	0	0,0	ERA5
1055744	08/06/2024	08	08/06/2024	04	HAE	13,8	0	13,4	0	98,0	0	3,0	0	250,0	0	973,0	0	0,0	ERA5
1055745	08/06/2024	09	08/06/2024	05	HAE	13,3	0	12,9	0	97,0	0	3,0	0	160,0	0	973,0	0	0,1	ERA5
1055746	08/06/2024	10	08/06/2024	06	HAE	13,3	0	12,9	0	98,0	0	4,0	0	170,0	0	973,0	0	89,2	ERA5
1055747	08/06/2024	11	08/06/2024	07	HAE	13,5	0	12,9	0	97,0	0	3,0	0	190,0	0	973,0	0	345,9	ERA5
1055748	08/06/2024	12	08/06/2024	08	HAE	13,6	0	13,2	0	98,0	0	2,0	0	110,0	0	973,0	0	367,7	ERA5
1055749	08/06/2024	13	08/06/2024	09	HAE	14,2	0	12,9	0	92,0	0	3,0	0	180,0	0	973,0	0	728,2	ERA5
1055750	08/06/2024	14	08/06/2024	10	HAE	15,7	0	13,8	0	88,0	0	2,0	0	150,0	0	973,0	0	562,5	ERA5
1055751	08/06/2024	15	08/06/2024	11	HAE	15,7	0	13,2	0	85,0	0	4,0	0	260,0	0	973,0	0	662,9	ERA5
1055752	08/06/2024	16	08/06/2024	12	HAE	15,0	0	13,4	0	90,0	0	6,0	0	200,0	0	973,0	0	862,5	ERA5
1055753	08/06/2024	17	08/06/2024	13	HAE	15,7	0	13,9	0	89,0	0	4,0	0	230,0	0	973,0	0	1025,0	ERA5
1055754	08/06/2024	18	08/06/2024	14	HAE	17,0	0	14,3	0	84,0	0	6,0	0	230,0	0	973,0	0	1544,2	ERA5
1055755	08/06/2024	19	08/06/2024	15	HAE	15,5	0	11,7	0	78,0	0	9,0	0	260,0	0	973,0	0	1678,1	ERA5
1055756	08/06/2024	20	08/06/2024	16	HAE	16,4	0	13,2	0	82,0	0	4,0	0	260,0	0	973,0	0	1257,0	ERA5
1055757	08/06/2024	21	08/06/2024	17	HAE	17,6	0	13,8	0	78,0	0	4,0	0	290,0	0	973,0	0	1544,1	ERA5
1055758	08/06/2024	22	08/06/2024	18	HAE	18,0	0	13,5	0	75,0	0	5,0	0	290,0	0	973,0	0	1015,4	ERA5
1055759	08/06/2024	23	08/06/2024	19	HAE	16,3	0	13,4	0	83,0	0	1,0	0	280,0	0	974,0	0	308,4	ERA5
1055760	09/06/2024	00	08/06/2024	20	HAE	15,1	0	13,7	0	92,0	0	1,0	0	160,0	0	974,0	0	208,3	ERA5
1055761	09/06/2024	01	08/06/2024	21	HAE	14,9	0	14,0	0	95,0	0	1,0	0	120,0	0	974,0	0	18,5	ERA5
1055762	09/06/2024	02	08/06/2024	22	HAE	15,5	0	14,0	0	91,0	0	2,0	0	260,0	0	974,0	0	0,0	ERA5
1055763	09/06/2024	03	08/06/2024	23	HAE	15,3	0	14,1	0	93,0	0	2,0	0	250,0	0	973,0	0	0,0	ERA5
1055764	09/06/2024	04	09/06/2024	00	HAE	14,7	0	13,5	0	93,0	0	2,0	0	240,0	0	973,0	0	0,0	ERA5
1055765	09/06/2024	05	09/06/2024	01	HAE	14,9	0	13,7	0	93,0	0	2,0	0	280,0	0	973,0	0	0,0	ERA5
1055766	09/06/2024	06	09/06/2024	02	HAE	14,9	0	13,6	0	92,0	0	2,0	0	250,0	0	973,0	0	-0,0	ERA5
1055767	09/06/2024	07	09/06/2024	03	HAE	15,0	0	13,3	0	90,0	0	4,0	0	220,0	0	972,0	0	0,0	ERA5
1055768	09/06/2024	08	09/06/2024	04	HAE	14,3	0	12,9	0	91,0	0	2,0	0	280,0	0	972,0	0	0,0	ERA5
1055769	09/06/2024	09	09/06/2024	05	HAE	13,9	0	12,8	0	94,0	0	1,0	0	340,0	0	972,0	0	0,1	ERA5
1055770	09/06/2024	10	09/06/2024	06	HAE	13,4	0	12,8	0	96,0	0	2,0	0	340,0	0	972,0	0	84,6	ERA5
1055771	09/06/2024	11	09/06/2024	07	HAE	15,4	0	13,2	0	87,0	0	4,0	0	240,0	0	972,0	0	352,2	ERA5
1055772	09/06/2024	12	09/06/2024	08	HAE	15,4	0	12,7	0	84,0	0	4,0	0	220,0	0	972,0	0	697,7	ERA5
1055773	09/06/2024	13	09/06/2024	09	HAE	15,2	0	12,8	0	86,0	0	4,0	0	190,0	0	972,0	0	1049,9	ERA5
1055774	09/06/2024	14	09/06/2024	10	HAE	14,8	0	12,2	0	84,0	0	7,0	0	200,0	0	971,0	0	1371,5	ERA5
1055775	09/06/2024	15	09/06/2024	11	HAE	14,4	0	12,5	0	88,0	0	7,0	0	200,0	0	971,0	0	1635,7	ERA5
1055776	09/06/2024	16	09/06/2024	12	HAE	14,0	0	12,1	0	88,0	0	8,0	0	200,0	0	971,0	0	1511,4	ERA5
1055777	09/06/2024	17	09/06/2024	13	HAE	14,7	0	12,9	0	89,0	0	4,0	0	180,0	0	971,0	0	1055,7	ERA5
1055778	09/06/2024	18	09/06/2024	14	HAE	14,5	0	11,8	0	84,0	0	6,0	0	320,0	0	970,0	0	1214,1	ERA5
1055779	09/06/2024	19	09/06/2024	15	HAE	14,4	0	12,1	0	86,0	0	4,0	0	220,0	0	970,0	0	1512,9	ERA5
1055780	09/06/2024	20	09/06/2024	16	HAE	15,2	0	12,6	0	84,0	0	2,0	0	280,0	0	969,0	0	871,7	ERA5
1055781	09/06/2024	21	09/06/2024	17	HAE	15,1	0	12,2	0	83,0	0	1,0	0	210,0	0	969,0	0	735,0	ERA5
1055782	09/06/2024	22	09/06/2024	18	HAE	15,2	0	11,0	0	76,0	0	4,0	0	290,0	0	969,0	0	465,4	ERA5
1055783	09/06/2024	23	09/06/2024	19	HAE	14,4	0	11,6	0	83,0	0	2,0	0	270,0	0	969,0	0	355,3	ERA5
1055784	10/06/2024	00	09/06/2024	20	HAE	13,5	0	11,7	0	89,0	0	0,0	0	0,0	0	969,0	0	194,6	ERA5
1055785	10/06/2024	01	09/06/2024	21	HAE	12,8	0	11,3	0	91,0	0	0,0	0	290,0	0	969,0	0	15,5	ERA5
1055786	10/06/2024	02	09/06/2024	22	HAE	11,7	0	10,9	0	95,0	0	0,0	0	0,0	0	969,0	0	0,0	ERA5
1055787	10/06/2024	03	09/06/2024	23	HAE	11,8	0	11,1	0	96,0	0	0,0	0	90,0	0	969,0	0	0,0	ERA5
1055788	10/06/2024	04	10/06/2024	00	HAE	10,8	0	10,4	0	98,0	0	2,0	0	140,0	0	968,0	0	0,0	ERA5
1055789	10/06/2024	05	10/06/2024	01	HAE	11,1	0	10,6	0	97,0	0	1,0	0	190,0	0	968,0	0	0,0	ERA5
1055790	10/06/2024	06	10/06/2024	02	HAE	11,3	0	10,9	0	97,0	0	3,0	0	170,0	0	968,0	0	0,0	ERA5
1055791	10/06/2024	07	10/06/2024	03	HAE	11,0	0	10,7	0	98,0	0	2,0	0	20,0	0	968,0	0	0,0	ERA5
1055792	10/06/2024	08	10/06/2024	04	HAE	11,4	0	11,0	0	97,0	0	0,0	0	110,0	0	968,0	0	0,0	ERA5
1055793	10/06/2024	09	10/06/2024	05	HAE	12,6	0	12,0	0	96,0	0	0,0	0	220,0	0	968,0	0	0,1	ERA5
1055794	10/06/2024	10	10/06/2024	06	HAE	13,0	0	11,4	0	90,0	0	1,0	0	150,0	0	968,0	0	41,2	ERA5
1055795	10/06/2024	11	10/06/2024	07	HAE	13,4	0	11,5	0	88,0	0	1,0	0	220,0	0	969,0	0	171,2	ERA5
1055796	10/06/2024	12	10/06/2024	08	HAE	14,4	0	11,5	0	83,0	0	4,0	0	300,0	0	969,0	0	347,2	ERA5
1055797	10/06/2024	13	10/06/2024	09	HAE	15,3	0	11,9	0	80,0	0	6,0	0	230,0	0	969,0	0	515,2	ERA5
1055798	10/06/2024	14	10/06/2024	10	HAE	15,5	0	11,4	0	76,0	0	7,0	0	300,0	0	970,0	0	866,1	ERA5
1055799	10/06/2024	15	10/06/2024	11	HAE	16,1	0	12,1	0	77,0	0	5,0	0	260,0	0	970,0	0	1631,7	ERA5
1055800	10/06/2024	16	10/06/2024	12	HAE	17,0	0	12,3	0	74,0	0	11,0	0	310,0	0	970,0	0	1703,3	ERA5
1055801	10/06/2024	17	10/06/2024	13	HAE	16,2	0	12,1	0	77,0	0	7,0	0	290,0	0	971,0	0	2162,5	ERA5
1055802	10/06/2024	18	10/06/2024	14	HAE	17,7	0	12,8	0	73,0	0	3,0	0	250,0	0	971,0	0	1862,5	ERA5
1055803	10/06/2024	19	10/06/2024	15	HAE	18,4	0	11,9	0	66,0	0	7,0	0	280,0	0	972,0	0	1399,7	ERA5
1055804	10/06/2024	20	10/06/2024	16	HAE	17,4	0	12,2	0	72,0	0	8,0	0	230,0	0	973,0	0	1444,4	ERA5
1055805	10/06/2024	21	10/06/2024	17	HAE	17,7	0	12,2	0	70,0	0	5,0	0	280,0	0	973,0	0	1057,4	ERA5
1055806	10/06/2024	22	10/06/2024	18	HAE	17,2	0	12,1	0	72,0	0	3,0	0	290,0	0	974,0	0	833,9	ERA5
1055807	10/06/2024	23	10/06/2024	19	HAE	16,6	0	12,3	0	75,0	0	8,0	0	230,0	0	975,0	0	342,0	ERA5
1055808	11/06/2024	00	10/06/2024	20	HAE	15,4	0	12,3	0	82,0	0	3,0	0	240,0	0	976,0	0	182,2	ERA5
1055809	11/06/2024	01	10/06/2024	21	HAE	15,0	0	12,4	0	84,0	0	4,0	0	220,0	0	977,0	0	14,3	ERA5
1055810	11/06/2024	02	10/06/2024	22	HAE	14,6	0	12,2	0	86,0	0	6,0	0	220,0	0	977,0	0	0,0	ERA5
1055811	11/06/2024	03	10/06/2024	23	HAE	14,2	0	12,2	0	88,0	0	3,0	0	200,0	0	978,0	0	0,0	ERA5
1055812	11/06/2024	04	11/06/2024	00	HAE	14,2	0	12,4	0	89,0	0	1,0	0	230,0	0	978,0	0	0,0	ERA5
1055813	11/06/2024	05	11/06/2024	01	HAE	14,2	0	12,7	0	91,0	0	2,0	0	160,0	0	979,0	0	0,0	ERA5
1055814	11/06/2024	06	11/06/2024	02	HAE	14,4	0	12,8	0	90,0	0	3,0	0	240,0	0	979,0	0	0,0	ERA5
1055815	11/06/2024	07	11/06/2024	03	HAE	14,4	0	12,5	0	89,0	0	5,0	0	230,0	0	980,0	0	0,0	ERA5
1055816	11/06/2024	08	11/06/2024	04	HAE	14,0	0	12,2	0	89,0	0	5,0	0	230,0	0	981,0	0	0,0	ERA5
1055817	11/06/2024	09	11/06/2024	05	HAE	13,6	0	11,9	0	90,0	0	4,0	0	250,0	0	982,0	0	0,1	ERA5
1055818	11/06/2024	10	11/06/2024	06	HAE	13,2	0	11,7	0	91,0	0	4,0	0	250,0	0	982,0	0	101,6	ERA5
1055819	11/06/2024	11	11/06/2024	07	HAE	13,5	0	11,7	0	88,0	0	5,0	0	250,0	0	983,0	0	467,7	ERA5
1055820	11/06/2024	12	11/06/2024	08	HAE	14,3	0	11,6	0	84,0	0	7,0	0	230,0	0	984,0	0	899,8	ERA5
1055821	11/06/2024	13	11/06/2024	09	HAE	15,5	0	12,0	0	80,0	0	4,0	0	200,0	0	984,0	0	1068,2	ERA5
1055822	11/06/2024	14	11/06/2024	10	HAE	15,8	0	12,2	0	79,0	0	6,0	0	230,0	0	985,0	0	1438,0	ERA5
1055823	11/06/2024	15	11/06/2024	11	HAE	16,7	0	12,3	0	75,0	0	0,0	0	280,0	0	985,0	0	1483,0	ERA5
1055824	11/06/2024	16	11/06/2024	12	HAE	17,4	0	13,1	0	76,0	0	6,0	0	350,0	0	985,0	0	1799,0	ERA5
1055825	11/06/2024	17	11/06/2024	13	HAE	17,7	0	12,5	0	72,0	0	7,0	0	330,0	0	986,0	0	1371,4	ERA5
1055826	11/06/2024	18	11/06/2024	14	HAE	17,3	0	12,1	0	72,0	0	5,0	0	360,0	0	986,0	0	1471,8	ERA5
1055827	11/06/2024	19	11/06/2024	15	HAE	17,3	0	12,6	0	74,0	0	5,0	0	320,0	0	986,0	0	1425,5	ERA5
1055828	11/06/2024	20	11/06/2024	16	HAE	17,7	0	12,9	0	74,0	0	2,0	0	160,0	0	986,0	0	1445,6	ERA5
1055829	11/06/2024	21	11/06/2024	17	HAE	17,9	0	12,7	0	72,0	0	2,0	0	300,0	0	986,0	0	963,7	ERA5
1055830	11/06/2024	22	11/06/2024	18	HAE	17,8	0	13,4	0	75,0	0	4,0	0	330,0	0	986,0	0	708,3	ERA5
1055831	11/06/2024	23	11/06/2024	19	HAE	16,9	0	12,1	0	73,0	0	3,0	0	280,0	0	986,0	0	351,9	ERA5
1055832	12/06/2024	00	11/06/2024	20	HAE	15,7	0	12,3	0	80,0	0	2,0	0	230,0	0	987,0	0	184,6	ERA5
1055833	12/06/2024	01	11/06/2024	21	HAE	16,0	0	12,1	0	78,0	0	0,0	0	230,0	0	987,0	0	20,0	ERA5
1055834	12/06/2024	02	11/06/2024	22	HAE	15,8	0	11,9	0	77,0	0	1,0	0	250,0	0	988,0	0	0,0	ERA5
1055835	12/06/2024	03	11/06/2024	23	HAE	15,5	0	12,4	0	82,0	0	2,0	0	240,0	0	988,0	0	0,0	ERA5
1055836	12/06/2024	04	12/06/2024	00	HAE	14,9	0	12,5	0	86,0	0	4,0	0	300,0	0	989,0	0	0,0	ERA5
1055837	12/06/2024	05	12/06/2024	01	HAE	14,1	0	12,3	0	89,0	0	2,0	0	260,0	0	988,0	0	0,0	ERA5
1055838	12/06/2024	06	12/06/2024	02	HAE	13,2	0	12,0	0	92,0	0	0,0	0	0,0	0	988,0	0	0,0	ERA5
1055839	12/06/2024	07	12/06/2024	03	HAE	12,4	0	11,1	0	92,0	0	2,0	0	120,0	0	988,0	0	0,0	ERA5
1055840	12/06/2024	08	12/06/2024	04	HAE	11,8	0	11,1	0	96,0	0	2,0	0	290,0	0	988,0	0	0,0	ERA5
1055841	12/06/2024	09	12/06/2024	05	HAE	11,2	0	10,7	0	97,0	0	0,0	0	0,0	0	989,0	0	0,2	ERA5
1055842	12/06/2024	10	12/06/2024	06	HAE	11,5	0	11,1	0	97,0	0	0,0	0	0,0	0	989,0	0	115,1	ERA5
1055843	12/06/2024	11	12/06/2024	07	HAE	12,8	0	12,1	0	96,0	0	0,0	0	130,0	0	989,0	0	468,7	ERA5
1055844	12/06/2024	12	12/06/2024	08	HAE	14,7	0	12,3	0	86,0	0	1,0	0	360,0	0	989,0	0	947,8	ERA5
1055845	12/06/2024	13	12/06/2024	09	HAE	16,0	0	12,8	0	82,0	0	2,0	0	100,0	0	989,0	0	1381,7	ERA5
1055846	12/06/2024	14	12/06/2024	10	HAE	17,2	0	12,8	0	75,0	0	3,0	0	180,0	0	989,0	0	1431,1	ERA5
1055847	12/06/2024	15	12/06/2024	11	HAE	18,4	0	12,6	0	69,0	0	2,0	0	240,0	0	989,0	0	1724,6	ERA5
1055848	12/06/2024	16	12/06/2024	12	HAE	18,5	0	11,8	0	65,0	0	2,0	0	250,0	0	989,0	0	1878,0	ERA5
1055849	12/06/2024	17	12/06/2024	13	HAE	19,2	0	12,3	0	64,0	0	8,0	0	310,0	0	988,0	0	1334,2	ERA5
1055850	12/06/2024	18	12/06/2024	14	HAE	19,8	0	12,3	0	62,0	0	7,0	0	280,0	0	988,0	0	1728,0	ERA5
1055851	12/06/2024	19	12/06/2024	15	HAE	20,3	0	13,1	0	63,0	0	4,0	0	280,0	0	987,0	0	1797,7	ERA5
1055852	12/06/2024	20	12/06/2024	16	HAE	20,7	0	12,8	0	61,0	0	3,0	0	280,0	0	987,0	0	1864,3	ERA5
1055853	12/06/2024	21	12/06/2024	17	HAE	20,7	0	12,3	0	59,0	0	7,0	0	290,0	0	986,0	0	1431,8	ERA5
1055854	12/06/2024	22	12/06/2024	18	HAE	20,0	0	12,1	0	60,0	0	3,0	0	310,0	0	986,0	0	1114,6	ERA5
1055855	12/06/2024	23	12/06/2024	19	HAE	19,2	0	12,2	0	64,0	0	5,0	0	270,0	0	986,0	0	589,9	ERA5
1055856	13/06/2024	00	12/06/2024	20	HAE	17,9	0	11,7	0	67,0	0	5,0	0	260,0	0	986,0	0	288,4	ERA5
1055857	13/06/2024	01	12/06/2024	21	HAE	16,7	0	11,3	0	71,0	0	5,0	0	230,0	0	986,0	0	27,8	ERA5
1055858	13/06/2024	02	12/06/2024	22	HAE	14,2	0	11,2	0	82,0	0	3,0	0	240,0	0	987,0	0	0,0	ERA5
1055859	13/06/2024	03	12/06/2024	23	HAE	13,2	0	11,2	0	87,0	0	0,0	0	0,0	0	987,0	0	-0,0	ERA5
1055860	13/06/2024	04	13/06/2024	00	HAE	11,8	0	10,8	0	94,0	0	0,0	0	240,0	0	987,0	0	0,0	ERA5
1055861	13/06/2024	05	13/06/2024	01	HAE	10,5	0	9,4	0	93,0	0	0,0	0	0,0	0	986,0	0	0,0	ERA5
1055862	13/06/2024	06	13/06/2024	02	HAE	10,5	0	9,7	0	95,0	0	2,0	0	230,0	0	986,0	0	0,0	ERA5
1055863	13/06/2024	07	13/06/2024	03	HAE	9,6	0	8,9	0	95,0	0	3,0	0	210,0	0	986,0	0	0,0	ERA5
1055864	13/06/2024	08	13/06/2024	04	HAE	9,1	0	8,7	0	97,0	0	3,0	0	180,0	0	986,0	0	0,0	ERA5
1055865	13/06/2024	09	13/06/2024	05	HAE	9,2	0	8,9	0	98,0	0	2,0	0	200,0	0	986,0	0	0,3	ERA5
1055866	13/06/2024	10	13/06/2024	06	HAE	10,1	0	9,8	0	98,0	0	4,0	0	160,0	0	986,0	0	149,8	ERA5
1055867	13/06/2024	11	13/06/2024	07	HAE	11,9	0	10,8	0	93,0	0	6,0	0	120,0	0	987,0	0	612,5	ERA5
1055868	13/06/2024	12	13/06/2024	08	HAE	16,2	0	13,1	0	82,0	0	3,0	0	110,0	0	987,0	0	1241,0	ERA5
1055869	13/06/2024	13	13/06/2024	09	HAE	18,2	0	11,7	0	65,0	0	6,0	0	210,0	0	986,0	0	1902,6	ERA5
1055870	13/06/2024	14	13/06/2024	10	HAE	19,9	0	12,8	0	64,0	0	5,0	0	230,0	0	986,0	0	2486,4	ERA5
1055871	13/06/2024	15	13/06/2024	11	HAE	21,6	0	12,1	0	55,0	0	7,0	0	210,0	0	986,0	0	2780,4	ERA5
1055872	13/06/2024	16	13/06/2024	12	HAE	22,8	0	13,4	0	55,0	0	12,0	0	160,0	0	985,0	0	3014,6	ERA5
1055873	13/06/2024	17	13/06/2024	13	HAE	24,0	0	13,1	0	51,0	0	8,0	0	190,0	0	985,0	0	2577,8	ERA5
1055874	13/06/2024	18	13/06/2024	14	HAE	24,1	0	11,9	0	46,0	0	13,0	0	170,0	0	984,0	0	2704,7	ERA5
1055875	13/06/2024	19	13/06/2024	15	HAE	24,0	0	11,7	0	46,0	0	7,0	0	200,0	0	983,0	0	2642,9	ERA5
1055876	13/06/2024	20	13/06/2024	16	HAE	25,7	0	12,4	0	44,0	0	11,0	0	200,0	0	982,0	0	2109,9	ERA5
1055877	13/06/2024	21	13/06/2024	17	HAE	25,8	0	12,6	0	44,0	0	8,0	0	190,0	0	982,0	0	1501,2	ERA5
1055878	13/06/2024	22	13/06/2024	18	HAE	24,5	0	12,5	0	47,0	0	1,0	0	220,0	0	982,0	0	848,5	ERA5
1055879	13/06/2024	23	13/06/2024	19	HAE	20,0	0	16,4	0	80,0	0	7,0	0	180,0	0	983,0	0	325,7	ERA5
1055880	14/06/2024	00	13/06/2024	20	HAE	18,7	0	16,7	0	88,0	0	3,0	0	170,0	0	982,0	0	153,6	ERA5
1055881	14/06/2024	01	13/06/2024	21	HAE	18,0	0	16,5	0	91,0	0	9,0	0	150,0	0	981,0	0	19,4	ERA5
1055882	14/06/2024	02	13/06/2024	22	HAE	17,8	0	16,6	0	93,0	0	7,0	0	140,0	0	981,0	0	0,0	ERA5
1055883	14/06/2024	03	13/06/2024	23	HAE	17,2	0	16,4	0	95,0	0	6,0	0	160,0	0	980,0	0	0,0	ERA5
1055884	14/06/2024	04	14/06/2024	00	HAE	17,2	0	16,5	0	95,0	0	3,0	0	120,0	0	980,0	0	0,0	ERA5
1055885	14/06/2024	05	14/06/2024	01	HAE	16,8	0	16,4	0	98,0	0	7,0	0	150,0	0	979,0	0	0,0	ERA5
1055886	14/06/2024	06	14/06/2024	02	HAE	16,8	0	16,5	0	98,0	0	7,0	0	150,0	0	978,0	0	0,0	ERA5
1055887	14/06/2024	07	14/06/2024	03	HAE	16,3	0	15,9	0	97,0	0	6,0	0	160,0	0	978,0	0	0,0	ERA5
1055888	14/06/2024	08	14/06/2024	04	HAE	17,1	0	16,4	0	95,0	0	3,0	0	160,0	0	978,0	0	0,0	ERA5
1055889	14/06/2024	09	14/06/2024	05	HAE	17,3	0	15,8	0	91,0	0	3,0	0	20,0	0	978,0	0	0,1	ERA5
1055890	14/06/2024	10	14/06/2024	06	HAE	17,5	0	15,3	0	87,0	0	2,0	0	160,0	0	978,0	0	39,4	ERA5
1055891	14/06/2024	11	14/06/2024	07	HAE	18,3	0	14,9	0	81,0	0	2,0	0	230,0	0	979,0	0	179,0	ERA5
1055892	14/06/2024	12	14/06/2024	08	HAE	18,7	0	15,2	0	80,0	0	4,0	0	190,0	0	979,0	0	378,5	ERA5
1055893	14/06/2024	13	14/06/2024	09	HAE	19,1	0	16,0	0	82,0	0	4,0	0	190,0	0	979,0	0	728,8	ERA5
1055894	14/06/2024	14	14/06/2024	10	HAE	20,5	0	16,5	0	78,0	0	4,0	0	240,0	0	980,0	0	1166,0	ERA5
1055895	14/06/2024	15	14/06/2024	11	HAE	21,3	0	15,3	0	69,0	0	10,0	0	220,0	0	980,0	0	1521,7	ERA5
1055896	14/06/2024	16	14/06/2024	12	HAE	23,4	0	14,3	0	57,0	0	5,0	0	250,0	0	979,0	0	1990,8	ERA5
1055897	14/06/2024	17	14/06/2024	13	HAE	21,1	0	13,2	0	61,0	0	10,0	0	340,0	0	980,0	0	1881,3	ERA5
1055898	14/06/2024	18	14/06/2024	14	HAE	20,3	0	13,5	0	65,0	0	9,0	0	240,0	0	981,0	0	2177,9	ERA5
1055899	14/06/2024	19	14/06/2024	15	HAE	21,8	0	13,5	0	59,0	0	6,0	0	250,0	0	980,0	0	1907,2	ERA5
1055900	14/06/2024	20	14/06/2024	16	HAE	21,5	0	11,3	0	52,0	0	13,0	0	300,0	0	981,0	0	1875,8	ERA5
1055901	14/06/2024	21	14/06/2024	17	HAE	21,2	0	13,4	0	61,0	0	6,0	0	270,0	0	981,0	0	1247,9	ERA5
1055902	14/06/2024	22	14/06/2024	18	HAE	20,3	0	14,1	0	67,0	0	7,0	0	290,0	0	982,0	0	1111,2	ERA5
1055903	14/06/2024	23	14/06/2024	19	HAE	20,0	0	12,3	0	61,0	0	4,0	0	350,0	0	983,0	0	598,2	ERA5
1055904	15/06/2024	00	14/06/2024	20	HAE	18,3	0	11,9	0	66,0	0	7,0	0	310,0	0	983,0	0	243,5	ERA5
1055905	15/06/2024	01	14/06/2024	21	HAE	16,9	0	11,2	0	69,0	0	5,0	0	260,0	0	984,0	0	23,9	ERA5
1055906	15/06/2024	02	14/06/2024	22	HAE	15,8	0	9,3	0	65,0	0	8,0	0	300,0	0	984,0	0	0,0	ERA5
1055907	15/06/2024	03	14/06/2024	23	HAE	14,3	0	8,9	0	70,0	0	7,0	0	290,0	0	985,0	0	0,0	ERA5
1055908	15/06/2024	04	15/06/2024	00	HAE	13,0	0	8,7	0	75,0	0	6,0	0	290,0	0	986,0	0	0,0	ERA5
1055909	15/06/2024	05	15/06/2024	01	HAE	11,9	0	8,7	0	81,0	0	5,0	0	290,0	0	986,0	0	0,0	ERA5
1055910	15/06/2024	06	15/06/2024	02	HAE	10,5	0	8,3	0	86,0	0	0,0	0	10,0	0	986,0	0	-0,0	ERA5
1055911	15/06/2024	07	15/06/2024	03	HAE	9,9	0	8,0	0	88,0	0	1,0	0	260,0	0	986,0	0	0,0	ERA5
1055912	15/06/2024	08	15/06/2024	04	HAE	10,1	0	8,7	0	91,0	0	1,0	0	280,0	0	986,0	0	0,0	ERA5
1055913	15/06/2024	09	15/06/2024	05	HAE	9,8	0	8,6	0	93,0	0	0,0	0	0,0	0	987,0	0	0,3	ERA5
1055914	15/06/2024	10	15/06/2024	06	HAE	10,6	0	8,7	0	88,0	0	1,0	0	70,0	0	987,0	0	92,6	ERA5
1055915	15/06/2024	11	15/06/2024	07	HAE	10,9	0	8,8	0	87,0	0	4,0	0	340,0	0	988,0	0	389,3	ERA5
1055916	15/06/2024	12	15/06/2024	08	HAE	11,1	0	8,7	0	85,0	0	6,0	0	350,0	0	988,0	0	798,8	ERA5
1055917	15/06/2024	13	15/06/2024	09	HAE	12,3	0	7,8	0	74,0	0	6,0	0	350,0	0	989,0	0	1345,4	ERA5
1055918	15/06/2024	14	15/06/2024	10	HAE	12,9	0	8,0	0	72,0	0	11,0	0	320,0	0	989,0	0	1716,5	ERA5
1055919	15/06/2024	15	15/06/2024	11	HAE	12,6	0	6,0	0	64,0	0	9,0	0	340,0	0	989,0	0	2088,4	ERA5
1055920	15/06/2024	16	15/06/2024	12	HAE	14,6	0	5,7	0	55,0	0	12,0	0	360,0	0	989,0	0	2431,5	ERA5
1055921	15/06/2024	17	15/06/2024	13	HAE	15,4	0	5,4	0	51,0	0	13,0	0	320,0	0	989,0	0	2621,1	ERA5
1055922	15/06/2024	18	15/06/2024	14	HAE	15,5	0	3,9	0	46,0	0	8,0	0	330,0	0	989,0	0	2697,9	ERA5
1055923	15/06/2024	19	15/06/2024	15	HAE	16,3	0	4,5	0	46,0	0	8,0	0	300,0	0	989,0	0	2462,3	ERA5
1055924	15/06/2024	20	15/06/2024	16	HAE	16,8	0	4,8	0	45,0	0	12,0	0	310,0	0	989,0	0	2103,7	ERA5
1055925	15/06/2024	21	15/06/2024	17	HAE	16,5	0	3,8	0	43,0	0	6,0	0	300,0	0	989,0	0	1999,0	ERA5
1055926	15/06/2024	22	15/06/2024	18	HAE	16,8	0	4,9	0	45,0	0	5,0	0	360,0	0	990,0	0	1631,6	ERA5
1055927	15/06/2024	23	15/06/2024	19	HAE	16,2	0	3,6	0	43,0	0	6,0	0	300,0	0	990,0	0	852,7	ERA5
1055928	16/06/2024	00	15/06/2024	20	HAE	14,7	0	4,3	0	49,0	0	5,0	0	270,0	0	990,0	0	373,2	ERA5
1055929	16/06/2024	01	15/06/2024	21	HAE	13,6	0	3,7	0	51,0	0	4,0	0	280,0	0	991,0	0	33,9	ERA5
1055930	16/06/2024	02	15/06/2024	22	HAE	12,2	0	4,3	0	58,0	0	3,0	0	290,0	0	992,0	0	0,0	ERA5
1055931	16/06/2024	03	15/06/2024	23	HAE	9,2	0	5,0	0	75,0	0	1,0	0	220,0	0	992,0	0	0,0	ERA5
1055932	16/06/2024	04	16/06/2024	00	HAE	7,6	0	5,2	0	84,0	0	5,0	0	250,0	0	993,0	0	0,0	ERA5
1055933	16/06/2024	05	16/06/2024	01	HAE	5,5	0	4,1	0	91,0	0	0,0	0	0,0	0	994,0	0	0,0	ERA5
1055934	16/06/2024	06	16/06/2024	02	HAE	4,7	0	4,0	0	95,0	0	3,0	0	250,0	0	994,0	0	0,0	ERA5
1055935	16/06/2024	07	16/06/2024	03	HAE	4,4	0	3,7	0	95,0	0	1,0	0	10,0	0	994,0	0	0,0	ERA5
1055936	16/06/2024	08	16/06/2024	04	HAE	4,3	0	3,7	0	96,0	0	4,0	0	250,0	0	995,0	0	0,0	ERA5
1055937	16/06/2024	09	16/06/2024	05	HAE	2,1	0	1,6	0	96,0	0	2,0	0	190,0	0	995,0	0	0,3	ERA5
1055938	16/06/2024	10	16/06/2024	06	HAE	3,3	0	3,1	0	99,0	0	5,0	0	190,0	0	996,0	0	194,3	ERA5
1055939	16/06/2024	11	16/06/2024	07	HAE	4,9	0	4,8	0	99,0	0	5,0	0	180,0	0	996,0	0	725,0	ERA5
1055940	16/06/2024	12	16/06/2024	08	HAE	9,1	0	6,4	0	83,0	0	3,0	0	90,0	0	997,0	0	1346,1	ERA5
1055941	16/06/2024	13	16/06/2024	09	HAE	13,6	0	8,6	0	72,0	0	3,0	0	110,0	0	997,0	0	2015,9	ERA5
1055942	16/06/2024	14	16/06/2024	10	HAE	17,2	0	5,5	0	46,0	0	6,0	0	120,0	0	997,0	0	2572,0	ERA5
1055943	16/06/2024	15	16/06/2024	11	HAE	18,2	0	4,9	0	41,0	0	4,0	0	240,0	0	996,0	0	3031,0	ERA5
1055944	16/06/2024	16	16/06/2024	12	HAE	19,2	0	6,2	0	43,0	0	2,0	0	60,0	0	996,0	0	3338,9	ERA5
1055945	16/06/2024	17	16/06/2024	13	HAE	20,4	0	5,1	0	37,0	0	3,0	0	80,0	0	995,0	0	3470,6	ERA5
1055946	16/06/2024	18	16/06/2024	14	HAE	20,9	0	4,6	0	35,0	0	7,0	0	250,0	0	994,0	0	3419,4	ERA5
1055947	16/06/2024	19	16/06/2024	15	HAE	21,4	0	4,9	0	34,0	0	6,0	0	170,0	0	994,0	0	3181,7	ERA5
1055948	16/06/2024	20	16/06/2024	16	HAE	22,3	0	1,9	0	26,0	0	8,0	0	220,0	0	994,0	0	2779,3	ERA5
1055949	16/06/2024	21	16/06/2024	17	HAE	22,3	0	2,6	0	27,0	0	7,0	0	320,0	0	993,0	0	2196,5	ERA5
1055950	16/06/2024	22	16/06/2024	18	HAE	22,4	0	4,3	0	31,0	0	5,0	0	280,0	0	993,0	0	1595,6	ERA5
1055951	16/06/2024	23	16/06/2024	19	HAE	21,3	0	4,2	0	33,0	0	4,0	0	260,0	0	993,0	0	1013,3	ERA5
1055952	17/06/2024	00	16/06/2024	20	HAE	18,2	0	6,6	0	47,0	0	2,0	0	290,0	0	993,0	0	410,4	ERA5
1055953	17/06/2024	01	16/06/2024	21	HAE	15,6	0	6,5	0	55,0	0	3,0	0	260,0	0	993,0	0	36,8	ERA5
1055954	17/06/2024	02	16/06/2024	22	HAE	12,8	0	7,0	0	68,0	0	3,0	0	230,0	0	993,0	0	-0,0	ERA5
1055955	17/06/2024	03	16/06/2024	23	HAE	10,2	0	6,9	0	80,0	0	0,0	0	140,0	0	993,0	0	0,0	ERA5
1055956	17/06/2024	04	17/06/2024	00	HAE	10,6	0	6,7	0	77,0	0	1,0	0	190,0	0	993,0	0	0,0	ERA5
1055957	17/06/2024	05	17/06/2024	01	HAE	10,6	0	7,5	0	81,0	0	2,0	0	260,0	0	993,0	0	0,0	ERA5
1055958	17/06/2024	06	17/06/2024	02	HAE	8,1	0	6,8	0	91,0	0	5,0	0	190,0	0	993,0	0	0,0	ERA5
1055959	17/06/2024	07	17/06/2024	03	HAE	9,5	0	7,4	0	87,0	0	6,0	0	180,0	0	993,0	0	0,0	ERA5
1055960	17/06/2024	08	17/06/2024	04	HAE	9,2	0	7,4	0	89,0	0	6,0	0	160,0	0	993,0	0	0,0	ERA5
1055961	17/06/2024	09	17/06/2024	05	HAE	9,3	0	7,5	0	89,0	0	5,0	0	170,0	0	993,0	0	0,1	ERA5
1055962	17/06/2024	10	17/06/2024	06	HAE	9,3	0	7,8	0	90,0	0	6,0	0	150,0	0	993,0	0	41,8	ERA5
1055963	17/06/2024	11	17/06/2024	07	HAE	10,0	0	8,6	0	91,0	0	7,0	0	150,0	0	992,0	0	157,2	ERA5
1055964	17/06/2024	12	17/06/2024	08	HAE	11,6	0	9,4	0	87,0	0	6,0	0	120,0	0	992,0	0	234,2	ERA5
1055965	17/06/2024	13	17/06/2024	09	HAE	13,3	0	10,2	0	82,0	0	4,0	0	140,0	0	992,0	0	582,7	ERA5
1055966	17/06/2024	14	17/06/2024	10	HAE	14,3	0	10,6	0	78,0	0	4,0	0	150,0	0	991,0	0	727,3	ERA5
1055967	17/06/2024	15	17/06/2024	11	HAE	16,4	0	11,6	0	73,0	0	4,0	0	170,0	0	991,0	0	390,2	ERA5
1055968	17/06/2024	16	17/06/2024	12	HAE	17,3	0	11,8	0	70,0	0	5,0	0	160,0	0	991,0	0	395,3	ERA5
1055969	17/06/2024	17	17/06/2024	13	HAE	17,9	0	12,8	0	72,0	0	2,0	0	150,0	0	990,0	0	498,5	ERA5
1055970	17/06/2024	18	17/06/2024	14	HAE	18,8	0	14,3	0	75,0	0	5,0	0	180,0	0	990,0	0	1211,3	ERA5
1055971	17/06/2024	19	17/06/2024	15	HAE	19,5	0	15,2	0	76,0	0	4,0	0	160,0	0	990,0	0	1434,8	ERA5
1055972	17/06/2024	20	17/06/2024	16	HAE	21,7	0	14,5	0	64,0	0	12,0	0	200,0	0	990,0	0	1286,5	ERA5
1055973	17/06/2024	21	17/06/2024	17	HAE	22,7	0	15,5	0	64,0	0	7,0	0	200,0	0	989,0	0	856,7	ERA5
1055974	17/06/2024	22	17/06/2024	18	HAE	23,1	0	15,9	0	64,0	0	6,0	0	190,0	0	989,0	0	797,3	ERA5
1055975	17/06/2024	23	17/06/2024	19	HAE	23,0	0	16,6	0	67,0	0	3,0	0	150,0	0	989,0	0	591,9	ERA5
1055976	18/06/2024	00	17/06/2024	20	HAE	21,9	0	17,1	0	74,0	0	0,0	0	170,0	0	990,0	0	198,1	ERA5
1055977	18/06/2024	01	17/06/2024	21	HAE	21,4	0	17,1	0	77,0	0	4,0	0	170,0	0	990,0	0	18,7	ERA5
1055978	18/06/2024	02	17/06/2024	22	HAE	20,4	0	17,3	0	82,0	0	3,0	0	170,0	0	990,0	0	0,0	ERA5
1055979	18/06/2024	03	17/06/2024	23	HAE	20,4	0	17,3	0	82,0	0	2,0	0	220,0	0	990,0	0	0,0	ERA5
1055980	18/06/2024	04	18/06/2024	00	HAE	19,8	0	17,1	0	84,0	0	0,0	0	190,0	0	991,0	0	0,0	ERA5
1055981	18/06/2024	05	18/06/2024	01	HAE	19,1	0	17,3	0	89,0	0	6,0	0	190,0	0	991,0	0	0,0	ERA5
1055982	18/06/2024	06	18/06/2024	02	HAE	18,5	0	16,9	0	90,0	0	4,0	0	190,0	0	991,0	0	0,0	ERA5
1055983	18/06/2024	07	18/06/2024	03	HAE	16,8	0	15,8	0	94,0	0	4,0	0	180,0	0	991,0	0	0,0	ERA5
1055984	18/06/2024	08	18/06/2024	04	HAE	17,1	0	16,3	0	95,0	0	3,0	0	170,0	0	991,0	0	0,0	ERA5
1055985	18/06/2024	09	18/06/2024	05	HAE	17,0	0	16,3	0	96,0	0	4,0	0	190,0	0	992,0	0	0,3	ERA5
1055986	18/06/2024	10	18/06/2024	06	HAE	17,5	0	16,4	0	93,0	0	3,0	0	190,0	0	993,0	0	169,4	ERA5
1055987	18/06/2024	11	18/06/2024	07	HAE	18,6	0	16,8	0	89,0	0	4,0	0	150,0	0	993,0	0	610,3	ERA5
1055988	18/06/2024	12	18/06/2024	08	HAE	20,8	0	18,3	0	85,0	0	4,0	0	160,0	0	994,0	0	1148,0	ERA5
1055989	18/06/2024	13	18/06/2024	09	HAE	25,1	0	19,6	0	72,0	0	6,0	0	100,0	0	994,0	0	1671,8	ERA5
1055990	18/06/2024	14	18/06/2024	10	HAE	27,9	0	19,5	0	60,0	0	3,0	0	230,0	0	994,0	0	2224,7	ERA5
1055991	18/06/2024	15	18/06/2024	11	HAE	29,4	0	19,6	0	56,0	0	5,0	0	260,0	0	994,0	0	2744,9	ERA5
1055992	18/06/2024	16	18/06/2024	12	HAE	29,9	0	20,0	0	55,0	0	2,0	0	110,0	0	993,0	0	3136,5	ERA5
1055993	18/06/2024	17	18/06/2024	13	HAE	30,9	0	21,0	0	55,0	0	11,0	0	190,0	0	993,0	0	2967,7	ERA5
1055994	18/06/2024	18	18/06/2024	14	HAE	31,5	0	21,1	0	54,0	0	7,0	0	200,0	0	993,0	0	3075,7	ERA5
1055995	18/06/2024	19	18/06/2024	15	HAE	31,3	0	20,5	0	53,0	0	7,0	0	250,0	0	993,0	0	2959,3	ERA5
1055996	18/06/2024	20	18/06/2024	16	HAE	31,2	0	20,5	0	53,0	0	7,0	0	200,0	0	993,0	0	2325,1	ERA5
1055997	18/06/2024	21	18/06/2024	17	HAE	31,1	0	19,6	0	51,0	0	6,0	0	260,0	0	993,0	0	1658,9	ERA5
1055998	18/06/2024	22	18/06/2024	18	HAE	30,9	0	20,5	0	54,0	0	2,0	0	260,0	0	992,0	0	1416,8	ERA5
1055999	18/06/2024	23	18/06/2024	19	HAE	30,5	0	20,6	0	55,0	0	2,0	0	140,0	0	992,0	0	792,1	ERA5
1056000	19/06/2024	00	18/06/2024	20	HAE	28,0	0	20,5	0	64,0	0	3,0	0	270,0	0	993,0	0	346,6	ERA5
1056001	19/06/2024	01	18/06/2024	21	HAE	26,0	0	20,5	0	72,0	0	1,0	0	240,0	0	994,0	0	32,5	ERA5
1056002	19/06/2024	02	18/06/2024	22	HAE	24,2	0	19,9	0	77,0	0	0,0	0	210,0	0	994,0	0	0,0	ERA5
1056003	19/06/2024	03	18/06/2024	23	HAE	22,7	0	20,2	0	86,0	0	6,0	0	180,0	0	994,0	0	-0,0	ERA5
1056004	19/06/2024	04	19/06/2024	00	HAE	22,2	0	19,9	0	87,0	0	5,0	0	180,0	0	994,0	0	0,0	ERA5
1056005	19/06/2024	05	19/06/2024	01	HAE	22,1	0	20,3	0	89,0	0	5,0	0	190,0	0	994,0	0	0,0	ERA5
1056006	19/06/2024	06	19/06/2024	02	HAE	21,0	0	19,6	0	92,0	0	2,0	0	180,0	0	994,0	0	0,0	ERA5
1056007	19/06/2024	07	19/06/2024	03	HAE	21,5	0	20,1	0	92,0	0	2,0	0	190,0	0	994,0	0	0,0	ERA5
1056008	19/06/2024	08	19/06/2024	04	HAE	20,8	0	19,5	0	92,0	0	1,0	0	80,0	0	995,0	0	0,0	ERA5
1056009	19/06/2024	09	19/06/2024	05	HAE	20,9	0	20,1	0	95,0	0	3,0	0	180,0	0	995,0	0	0,3	ERA5
1056010	19/06/2024	10	19/06/2024	06	HAE	21,3	0	20,2	0	93,0	0	3,0	0	180,0	0	996,0	0	146,5	ERA5
1056011	19/06/2024	11	19/06/2024	07	HAE	24,1	0	21,5	0	86,0	0	2,0	0	90,0	0	996,0	0	610,1	ERA5
1056012	19/06/2024	12	19/06/2024	08	HAE	27,1	0	21,9	0	74,0	0	5,0	0	200,0	0	996,0	0	1185,1	ERA5
1056013	19/06/2024	13	19/06/2024	09	HAE	28,9	0	22,7	0	70,0	0	6,0	0	190,0	0	996,0	0	1799,9	ERA5
1056014	19/06/2024	14	19/06/2024	10	HAE	30,2	0	22,9	0	65,0	0	5,0	0	230,0	0	995,0	0	2333,3	ERA5
1056015	19/06/2024	15	19/06/2024	11	HAE	31,4	0	22,4	0	59,0	0	7,0	0	200,0	0	995,0	0	2791,6	ERA5
1056016	19/06/2024	16	19/06/2024	12	HAE	32,5	0	21,6	0	53,0	0	8,0	0	220,0	0	995,0	0	2879,8	ERA5
1056017	19/06/2024	17	19/06/2024	13	HAE	33,1	0	22,1	0	53,0	0	6,0	0	210,0	0	995,0	0	2805,0	ERA5
1056018	19/06/2024	18	19/06/2024	14	HAE	33,2	0	20,9	0	49,0	0	9,0	0	230,0	0	994,0	0	3023,4	ERA5
1056019	19/06/2024	19	19/06/2024	15	HAE	32,9	0	20,9	0	49,0	0	6,0	0	210,0	0	994,0	0	2772,4	ERA5
1056020	19/06/2024	20	19/06/2024	16	HAE	32,2	0	21,8	0	54,0	0	8,0	0	210,0	0	993,0	0	2386,2	ERA5
1056021	19/06/2024	21	19/06/2024	17	HAE	33,1	0	20,3	0	47,0	0	8,0	0	250,0	0	993,0	0	1725,3	ERA5
1056022	19/06/2024	22	19/06/2024	18	HAE	30,9	0	22,2	0	60,0	0	12,0	0	200,0	0	993,0	0	1146,5	ERA5
1056023	19/06/2024	23	19/06/2024	19	HAE	29,7	0	22,7	0	66,0	0	6,0	0	180,0	0	993,0	0	735,2	ERA5
1056024	20/06/2024	00	19/06/2024	20	HAE	28,5	0	22,5	0	70,0	0	6,0	0	200,0	0	993,0	0	283,0	ERA5
1056025	20/06/2024	01	19/06/2024	21	HAE	28,0	0	22,5	0	72,0	0	5,0	0	210,0	0	993,0	0	22,7	ERA5
1056026	20/06/2024	02	19/06/2024	22	HAE	27,5	0	22,6	0	75,0	0	4,0	0	240,0	0	993,0	0	0,0	ERA5
1056027	20/06/2024	03	19/06/2024	23	HAE	26,9	0	22,9	0	79,0	0	9,0	0	220,0	0	993,0	0	0,0	ERA5
1056028	20/06/2024	04	20/06/2024	00	HAE	26,3	0	22,7	0	81,0	0	5,0	0	250,0	0	993,0	0	0,0	ERA5
1056029	20/06/2024	05	20/06/2024	01	HAE	26,3	0	21,8	0	76,0	0	4,0	0	250,0	0	992,0	0	0,0	ERA5
1056030	20/06/2024	06	20/06/2024	02	HAE	25,0	0	21,1	0	79,0	0	1,0	0	250,0	0	993,0	0	0,0	ERA5
1056031	20/06/2024	07	20/06/2024	03	HAE	25,8	0	21,0	0	75,0	0	4,0	0	200,0	0	993,0	0	0,0	ERA5
1056032	20/06/2024	08	20/06/2024	04	HAE	25,9	0	20,9	0	74,0	0	8,0	0	220,0	0	993,0	0	0,0	ERA5
1056033	20/06/2024	09	20/06/2024	05	HAE	24,7	0	20,9	0	79,0	0	2,0	0	290,0	0	993,0	0	0,3	ERA5
1056034	20/06/2024	10	20/06/2024	06	HAE	24,3	0	21,0	0	82,0	0	2,0	0	350,0	0	993,0	0	152,9	ERA5
1056035	20/06/2024	11	20/06/2024	07	HAE	25,1	0	21,5	0	80,0	0	4,0	0	240,0	0	994,0	0	459,6	ERA5
1056036	20/06/2024	12	20/06/2024	08	HAE	26,5	0	21,0	0	72,0	0	9,0	0	300,0	0	994,0	0	927,1	ERA5
1056037	20/06/2024	13	20/06/2024	09	HAE	26,2	0	21,0	0	73,0	0	7,0	0	290,0	0	994,0	0	1686,3	ERA5
1056038	20/06/2024	14	20/06/2024	10	HAE	28,0	0	19,7	0	61,0	0	10,0	0	300,0	0	994,0	0	1675,9	ERA5
1056039	20/06/2024	15	20/06/2024	11	HAE	28,7	0	20,0	0	59,0	0	9,0	0	300,0	0	994,0	0	2667,0	ERA5
1056040	20/06/2024	16	20/06/2024	12	HAE	28,8	0	20,2	0	60,0	0	10,0	0	290,0	0	994,0	0	2969,0	ERA5
1056041	20/06/2024	17	20/06/2024	13	HAE	28,0	0	20,2	0	63,0	0	5,0	0	310,0	0	995,0	0	2883,0	ERA5
1056042	20/06/2024	18	20/06/2024	14	HAE	28,6	0	18,4	0	54,0	0	9,0	0	320,0	0	994,0	0	2748,1	ERA5
1056043	20/06/2024	19	20/06/2024	15	HAE	28,5	0	17,5	0	51,0	0	10,0	0	310,0	0	994,0	0	2276,4	ERA5
1056044	20/06/2024	20	20/06/2024	16	HAE	29,5	0	16,3	0	45,0	0	4,0	0	300,0	0	994,0	0	2087,7	ERA5
1056045	20/06/2024	21	20/06/2024	17	HAE	28,8	0	15,8	0	45,0	0	7,0	0	290,0	0	993,0	0	1657,5	ERA5
1056046	20/06/2024	22	20/06/2024	18	HAE	27,5	0	15,0	0	46,0	0	10,0	0	310,0	0	993,0	0	1280,9	ERA5
1056047	20/06/2024	23	20/06/2024	19	HAE	26,1	0	15,1	0	51,0	0	6,0	0	320,0	0	994,0	0	827,7	ERA5
1056048	21/06/2024	00	20/06/2024	20	HAE	24,2	0	14,4	0	55,0	0	4,0	0	280,0	0	995,0	0	271,7	ERA5
1056049	21/06/2024	01	20/06/2024	21	HAE	21,7	0	15,0	0	66,0	0	1,0	0	350,0	0	995,0	0	20,1	ERA5
1056050	21/06/2024	02	20/06/2024	22	HAE	22,1	0	14,5	0	62,0	0	6,0	0	300,0	0	995,0	0	0,0	ERA5
1056051	21/06/2024	03	20/06/2024	23	HAE	21,6	0	14,3	0	63,0	0	4,0	0	320,0	0	995,0	0	0,0	ERA5
1056052	21/06/2024	04	21/06/2024	00	HAE	20,8	0	14,8	0	68,0	0	7,0	0	300,0	0	995,0	0	0,0	ERA5
1056053	21/06/2024	05	21/06/2024	01	HAE	20,0	0	12,7	0	63,0	0	3,0	0	310,0	0	996,0	0	0,0	ERA5
1056054	21/06/2024	06	21/06/2024	02	HAE	18,5	0	13,1	0	71,0	0	5,0	0	320,0	0	995,0	0	0,0	ERA5
1056055	21/06/2024	07	21/06/2024	03	HAE	16,5	0	12,3	0	77,0	0	0,0	0	340,0	0	996,0	0	0,0	ERA5
1056056	21/06/2024	08	21/06/2024	04	HAE	15,4	0	11,7	0	79,0	0	1,0	0	320,0	0	996,0	0	0,0	ERA5
1056057	21/06/2024	09	21/06/2024	05	HAE	13,7	0	11,5	0	86,0	0	0,0	0	310,0	0	996,0	0	0,2	ERA5
1056058	21/06/2024	10	21/06/2024	06	HAE	14,1	0	11,6	0	85,0	0	0,0	0	0,0	0	997,0	0	178,3	ERA5
1056059	21/06/2024	11	21/06/2024	07	HAE	16,2	0	13,0	0	82,0	0	2,0	0	140,0	0	997,0	0	698,3	ERA5
1056060	21/06/2024	12	21/06/2024	08	HAE	17,4	0	12,1	0	71,0	0	4,0	0	120,0	0	998,0	0	1243,3	ERA5
1056061	21/06/2024	13	21/06/2024	09	HAE	18,6	0	11,1	0	62,0	0	2,0	0	120,0	0	998,0	0	1650,5	ERA5
1056062	21/06/2024	14	21/06/2024	10	HAE	19,1	0	12,5	0	66,0	0	5,0	0	340,0	0	997,0	0	1844,9	ERA5
1056063	21/06/2024	15	21/06/2024	11	HAE	18,7	0	12,9	0	69,0	0	5,0	0	330,0	0	998,0	0	2285,0	ERA5
1056064	21/06/2024	16	21/06/2024	12	HAE	20,2	0	10,1	0	52,0	0	6,0	0	100,0	0	997,0	0	2475,6	ERA5
1056065	21/06/2024	17	21/06/2024	13	HAE	19,7	0	12,2	0	62,0	0	3,0	0	160,0	0	997,0	0	2574,7	ERA5
1056066	21/06/2024	18	21/06/2024	14	HAE	19,9	0	11,2	0	57,0	0	4,0	0	350,0	0	996,0	0	2563,8	ERA5
1056067	21/06/2024	19	21/06/2024	15	HAE	20,3	0	12,8	0	62,0	0	3,0	0	320,0	0	996,0	0	2516,3	ERA5
1056068	21/06/2024	20	21/06/2024	16	HAE	20,7	0	10,5	0	52,0	0	4,0	0	360,0	0	995,0	0	1558,6	ERA5
1056069	21/06/2024	21	21/06/2024	17	HAE	20,8	0	11,8	0	56,0	0	4,0	0	340,0	0	994,0	0	1146,9	ERA5
1056070	21/06/2024	22	21/06/2024	18	HAE	21,2	0	11,0	0	52,0	0	3,0	0	250,0	0	994,0	0	1119,9	ERA5
1056071	21/06/2024	23	21/06/2024	19	HAE	20,9	0	12,8	0	60,0	0	1,0	0	220,0	0	994,0	0	512,1	ERA5
1056072	22/06/2024	00	21/06/2024	20	HAE	18,5	0	13,6	0	73,0	0	1,0	0	290,0	0	993,0	0	247,0	ERA5
1056073	22/06/2024	01	21/06/2024	21	HAE	17,2	0	13,1	0	77,0	0	4,0	0	330,0	0	993,0	0	36,3	ERA5
1056074	22/06/2024	02	21/06/2024	22	HAE	16,4	0	13,4	0	82,0	0	3,0	0	270,0	0	993,0	0	0,0	ERA5
1056075	22/06/2024	03	21/06/2024	23	HAE	14,2	0	12,0	0	87,0	0	1,0	0	180,0	0	993,0	0	-0,0	ERA5
1056076	22/06/2024	04	22/06/2024	00	HAE	13,6	0	11,9	0	90,0	0	2,0	0	180,0	0	993,0	0	0,0	ERA5
1056077	22/06/2024	05	22/06/2024	01	HAE	13,8	0	12,3	0	90,0	0	0,0	0	0,0	0	993,0	0	0,0	ERA5
1056078	22/06/2024	06	22/06/2024	02	HAE	13,2	0	12,3	0	95,0	0	3,0	0	200,0	0	993,0	0	0,0	ERA5
1056079	22/06/2024	07	22/06/2024	03	HAE	13,4	0	12,6	0	95,0	0	3,0	0	180,0	0	992,0	0	0,0	ERA5
1056080	22/06/2024	08	22/06/2024	04	HAE	12,9	0	11,9	0	94,0	0	0,0	0	170,0	0	992,0	0	0,0	ERA5
1056081	22/06/2024	09	22/06/2024	05	HAE	12,1	0	11,5	0	96,0	0	0,0	0	0,0	0	992,0	0	0,2	ERA5
1056082	22/06/2024	10	22/06/2024	06	HAE	12,2	0	11,7	0	97,0	0	3,0	0	160,0	0	991,0	0	90,0	ERA5
1056083	22/06/2024	11	22/06/2024	07	HAE	13,3	0	12,6	0	95,0	0	2,0	0	110,0	0	991,0	0	350,5	ERA5
1056084	22/06/2024	12	22/06/2024	08	HAE	15,2	0	13,2	0	88,0	0	1,0	0	140,0	0	991,0	0	774,7	ERA5
1056085	22/06/2024	13	22/06/2024	09	HAE	17,1	0	13,4	0	79,0	0	3,0	0	160,0	0	991,0	0	1295,5	ERA5
1056086	22/06/2024	14	22/06/2024	10	HAE	20,2	0	14,0	0	67,0	0	4,0	0	130,0	0	991,0	0	1571,8	ERA5
1056087	22/06/2024	15	22/06/2024	11	HAE	21,6	0	10,4	0	49,0	0	1,0	0	220,0	0	990,0	0	2582,8	ERA5
1056088	22/06/2024	16	22/06/2024	12	HAE	22,4	0	11,3	0	50,0	0	3,0	0	340,0	0	990,0	0	2573,3	ERA5
1056089	22/06/2024	17	22/06/2024	13	HAE	23,0	0	9,9	0	43,0	0	2,0	0	270,0	0	990,0	0	2492,8	ERA5
1056090	22/06/2024	18	22/06/2024	14	HAE	23,4	0	13,3	0	53,0	0	1,0	0	250,0	0	989,0	0	2093,0	ERA5
1056091	22/06/2024	19	22/06/2024	15	HAE	23,0	0	12,0	0	50,0	0	5,0	0	210,0	0	989,0	0	2310,5	ERA5
1056092	22/06/2024	20	22/06/2024	16	HAE	23,0	0	13,3	0	54,0	0	5,0	0	190,0	0	988,0	0	1564,2	ERA5
1056093	22/06/2024	21	22/06/2024	17	HAE	22,9	0	13,3	0	55,0	0	5,0	0	200,0	0	988,0	0	1149,1	ERA5
1056094	22/06/2024	22	22/06/2024	18	HAE	22,9	0	14,4	0	59,0	0	1,0	0	140,0	0	987,0	0	741,9	ERA5
1056095	22/06/2024	23	22/06/2024	19	HAE	22,1	0	14,1	0	60,0	0	1,0	0	260,0	0	987,0	0	541,6	ERA5
1056096	23/06/2024	00	22/06/2024	20	HAE	20,3	0	14,9	0	71,0	0	1,0	0	230,0	0	987,0	0	241,2	ERA5
1056097	23/06/2024	01	22/06/2024	21	HAE	19,1	0	13,1	0	68,0	0	0,0	0	230,0	0	987,0	0	22,8	ERA5
1056098	23/06/2024	02	22/06/2024	22	HAE	18,0	0	14,0	0	78,0	0	1,0	0	260,0	0	987,0	0	0,0	ERA5
1056099	23/06/2024	03	22/06/2024	23	HAE	17,2	0	13,9	0	81,0	0	4,0	0	180,0	0	987,0	0	0,0	ERA5
1056100	23/06/2024	04	23/06/2024	00	HAE	17,6	0	14,6	0	83,0	0	4,0	0	180,0	0	986,0	0	0,0	ERA5
1056101	23/06/2024	05	23/06/2024	01	HAE	17,0	0	14,3	0	84,0	0	0,0	0	0,0	0	986,0	0	0,0	ERA5
1056102	23/06/2024	06	23/06/2024	02	HAE	16,5	0	14,3	0	87,0	0	3,0	0	190,0	0	985,0	0	-0,0	ERA5
1056103	23/06/2024	07	23/06/2024	03	HAE	16,3	0	14,6	0	90,0	0	3,0	0	160,0	0	985,0	0	0,0	ERA5
1056104	23/06/2024	08	23/06/2024	04	HAE	15,9	0	14,7	0	92,0	0	3,0	0	170,0	0	984,0	0	0,0	ERA5
1056105	23/06/2024	09	23/06/2024	05	HAE	15,9	0	14,7	0	92,0	0	5,0	0	160,0	0	983,0	0	0,1	ERA5
1056106	23/06/2024	10	23/06/2024	06	HAE	15,7	0	14,7	0	93,0	0	9,0	0	160,0	0	982,0	0	27,9	ERA5
1056107	23/06/2024	11	23/06/2024	07	HAE	15,5	0	14,9	0	96,0	0	6,0	0	160,0	0	981,0	0	66,6	ERA5
1056108	23/06/2024	12	23/06/2024	08	HAE	15,5	0	15,1	0	98,0	0	10,0	0	140,0	0	981,0	0	89,8	ERA5
1056109	23/06/2024	13	23/06/2024	09	HAE	15,0	0	14,3	0	96,0	0	9,0	0	130,0	0	979,0	0	131,0	ERA5
1056110	23/06/2024	14	23/06/2024	10	HAE	15,3	0	14,9	0	98,0	0	9,0	0	130,0	0	978,0	0	114,7	ERA5
1056111	23/06/2024	15	23/06/2024	11	HAE	15,0	0	14,8	0	99,0	0	18,0	0	120,0	0	976,0	0	136,8	ERA5
1056112	23/06/2024	16	23/06/2024	12	HAE	15,1	0	14,9	0	98,0	0	12,0	0	140,0	0	974,0	0	399,2	ERA5
1056113	23/06/2024	17	23/06/2024	13	HAE	15,7	0	15,4	0	98,0	0	6,0	0	140,0	0	973,0	0	464,1	ERA5
1056114	23/06/2024	18	23/06/2024	14	HAE	16,2	0	15,8	0	97,0	0	8,0	0	160,0	0	972,0	0	491,9	ERA5
1056115	23/06/2024	19	23/06/2024	15	HAE	17,2	0	16,5	0	96,0	0	10,0	0	140,0	0	970,0	0	466,8	ERA5
1056116	23/06/2024	20	23/06/2024	16	HAE	17,0	0	16,6	0	97,0	0	5,0	0	160,0	0	969,0	0	560,2	ERA5
1056117	23/06/2024	21	23/06/2024	17	HAE	16,5	0	16,0	0	97,0	0	14,0	0	300,0	0	970,0	0	278,7	ERA5
1056118	23/06/2024	22	23/06/2024	18	HAE	17,4	0	17,2	0	99,0	0	6,0	0	170,0	0	969,0	0	147,4	ERA5
1056119	23/06/2024	23	23/06/2024	19	HAE	17,7	0	17,5	0	99,0	0	4,0	0	170,0	0	968,0	0	105,7	ERA5
1056120	24/06/2024	00	23/06/2024	20	HAE	16,4	0	16,1	0	98,0	0	7,0	0	330,0	0	968,0	0	63,7	ERA5
1056121	24/06/2024	01	23/06/2024	21	HAE	15,6	0	15,4	0	99,0	0	3,0	0	320,0	0	968,0	0	9,6	ERA5
1056122	24/06/2024	02	23/06/2024	22	HAE	15,3	0	15,1	0	99,0	0	5,0	0	270,0	0	969,0	0	0,0	ERA5
1056123	24/06/2024	03	23/06/2024	23	HAE	15,9	0	15,5	0	97,0	0	4,0	0	320,0	0	969,0	0	0,0	ERA5
1056124	24/06/2024	04	24/06/2024	00	HAE	15,0	0	14,6	0	98,0	0	7,0	0	300,0	0	969,0	0	0,0	ERA5
1056125	24/06/2024	05	24/06/2024	01	HAE	14,9	0	14,6	0	98,0	0	4,0	0	330,0	0	969,0	0	0,0	ERA5
1056126	24/06/2024	06	24/06/2024	02	HAE	14,6	0	14,3	0	99,0	0	5,0	0	340,0	0	969,0	0	-0,0	ERA5
1056127	24/06/2024	07	24/06/2024	03	HAE	14,3	0	14,1	0	99,0	0	8,0	0	340,0	0	970,0	0	0,0	ERA5
1056128	24/06/2024	08	24/06/2024	04	HAE	14,1	0	13,6	0	97,0	0	6,0	0	360,0	0	970,0	0	0,0	ERA5
1056129	24/06/2024	09	24/06/2024	05	HAE	13,9	0	13,5	0	97,0	0	6,0	0	300,0	0	971,0	0	0,0	ERA5
1056130	24/06/2024	10	24/06/2024	06	HAE	14,0	0	13,2	0	95,0	0	6,0	0	350,0	0	972,0	0	7,3	ERA5
1056131	24/06/2024	11	24/06/2024	07	HAE	14,0	0	13,0	0	94,0	0	3,0	0	40,0	0	972,0	0	53,9	ERA5
1056132	24/06/2024	12	24/06/2024	08	HAE	13,8	0	13,4	0	97,0	0	5,0	0	310,0	0	973,0	0	104,2	ERA5
1056133	24/06/2024	13	24/06/2024	09	HAE	14,1	0	13,8	0	98,0	0	4,0	0	350,0	0	973,0	0	194,2	ERA5
1056134	24/06/2024	14	24/06/2024	10	HAE	14,8	0	14,3	0	97,0	0	8,0	0	330,0	0	974,0	0	164,5	ERA5
1056135	24/06/2024	15	24/06/2024	11	HAE	16,8	0	15,7	0	93,0	0	5,0	0	20,0	0	974,0	0	441,2	ERA5
1056136	24/06/2024	16	24/06/2024	12	HAE	18,2	0	15,7	0	85,0	0	5,0	0	60,0	0	975,0	0	675,5	ERA5
1056137	24/06/2024	17	24/06/2024	13	HAE	17,9	0	15,4	0	85,0	0	11,0	0	360,0	0	975,0	0	590,6	ERA5
1056138	24/06/2024	18	24/06/2024	14	HAE	17,5	0	15,1	0	86,0	0	8,0	0	340,0	0	976,0	0	751,2	ERA5
1056139	24/06/2024	19	24/06/2024	15	HAE	17,7	0	15,9	0	89,0	0	5,0	0	300,0	0	976,0	0	702,7	ERA5
1056140	24/06/2024	20	24/06/2024	16	HAE	16,6	0	14,5	0	87,0	0	6,0	0	300,0	0	977,0	0	1522,1	ERA5
1056141	24/06/2024	21	24/06/2024	17	HAE	17,5	0	15,0	0	85,0	0	5,0	0	310,0	0	977,0	0	1106,1	ERA5
1056142	24/06/2024	22	24/06/2024	18	HAE	19,9	0	15,4	0	76,0	0	3,0	0	310,0	0	977,0	0	1052,8	ERA5
1056143	24/06/2024	23	24/06/2024	19	HAE	20,5	0	15,2	0	71,0	0	4,0	0	310,0	0	977,0	0	695,5	ERA5
1056144	25/06/2024	00	24/06/2024	20	HAE	18,5	0	15,3	0	82,0	0	3,0	0	310,0	0	978,0	0	359,4	ERA5
1056145	25/06/2024	01	24/06/2024	21	HAE	17,5	0	15,1	0	86,0	0	2,0	0	260,0	0	978,0	0	35,5	ERA5
1056146	25/06/2024	02	24/06/2024	22	HAE	16,7	0	14,9	0	89,0	0	4,0	0	300,0	0	979,0	0	0,0	ERA5
1056147	25/06/2024	03	24/06/2024	23	HAE	15,1	0	14,5	0	96,0	0	1,0	0	270,0	0	979,0	0	-0,0	ERA5
1056148	25/06/2024	04	25/06/2024	00	HAE	14,3	0	14,0	0	98,0	0	1,0	0	280,0	0	979,0	0	0,0	ERA5
1056149	25/06/2024	05	25/06/2024	01	HAE	13,3	0	12,9	0	98,0	0	1,0	0	300,0	0	979,0	0	0,0	ERA5
1056150	25/06/2024	06	25/06/2024	02	HAE	11,9	0	11,6	0	98,0	0	0,0	0	0,0	0	979,0	0	0,0	ERA5
1056151	25/06/2024	07	25/06/2024	03	HAE	11,8	0	11,8	0	99,0	0	3,0	0	180,0	0	980,0	0	0,0	ERA5
1056152	25/06/2024	08	25/06/2024	04	HAE	11,9	0	11,8	0	100,0	0	5,0	0	180,0	0	980,0	0	0,0	ERA5
1056153	25/06/2024	09	25/06/2024	05	HAE	11,9	0	11,9	0	100,0	0	3,0	0	160,0	0	980,0	0	0,1	ERA5
1056154	25/06/2024	10	25/06/2024	06	HAE	11,7	0	11,6	0	100,0	0	3,0	0	170,0	0	981,0	0	154,1	ERA5
1056155	25/06/2024	11	25/06/2024	07	HAE	12,1	0	12,1	0	100,0	0	5,0	0	160,0	0	981,0	0	593,4	ERA5
1056156	25/06/2024	12	25/06/2024	08	HAE	12,9	0	12,9	0	100,0	0	7,0	0	140,0	0	980,0	0	1240,0	ERA5
1056157	25/06/2024	13	25/06/2024	09	HAE	15,5	0	15,4	0	100,0	0	1,0	0	140,0	0	980,0	0	1833,2	ERA5
1056158	25/06/2024	14	25/06/2024	10	HAE	21,2	0	18,6	0	85,0	0	4,0	0	70,0	0	982,0	0	2478,5	ERA5
1056159	25/06/2024	15	25/06/2024	11	HAE	24,6	0	19,0	0	71,0	0	6,0	0	120,0	0	981,0	0	2947,1	ERA5
1056160	25/06/2024	16	25/06/2024	12	HAE	25,7	0	16,5	0	57,0	0	8,0	0	10,0	0	981,0	0	3017,7	ERA5
1056161	25/06/2024	17	25/06/2024	13	HAE	27,4	0	12,5	0	40,0	0	7,0	0	300,0	0	980,0	0	3185,4	ERA5
1056162	25/06/2024	18	25/06/2024	14	HAE	27,4	0	11,0	0	36,0	0	9,0	0	320,0	0	980,0	0	3371,3	ERA5
1056163	25/06/2024	19	25/06/2024	15	HAE	28,0	0	10,3	0	33,0	0	4,0	0	290,0	0	979,0	0	2821,2	ERA5
1056164	25/06/2024	20	25/06/2024	16	HAE	27,9	0	10,0	0	33,0	0	10,0	0	300,0	0	979,0	0	2369,7	ERA5
1056165	25/06/2024	21	25/06/2024	17	HAE	27,8	0	12,0	0	37,0	0	6,0	0	280,0	0	979,0	0	2149,0	ERA5
1056166	25/06/2024	22	25/06/2024	18	HAE	27,1	0	13,1	0	42,0	0	4,0	0	290,0	0	979,0	0	1614,9	ERA5
1056167	25/06/2024	23	25/06/2024	19	HAE	25,6	0	11,3	0	41,0	0	1,0	0	170,0	0	979,0	0	871,3	ERA5
1056168	26/06/2024	00	25/06/2024	20	HAE	23,0	0	10,5	0	45,0	0	2,0	0	290,0	0	979,0	0	352,5	ERA5
1056169	26/06/2024	01	25/06/2024	21	HAE	20,7	0	11,4	0	55,0	0	1,0	0	130,0	0	978,0	0	31,5	ERA5
1056170	26/06/2024	02	25/06/2024	22	HAE	20,2	0	12,1	0	60,0	0	5,0	0	200,0	0	978,0	0	0,0	ERA5
1056171	26/06/2024	03	25/06/2024	23	HAE	19,2	0	12,6	0	65,0	0	2,0	0	170,0	0	978,0	0	0,0	ERA5
1056172	26/06/2024	04	26/06/2024	00	HAE	17,4	0	13,4	0	77,0	0	4,0	0	180,0	0	978,0	0	0,0	ERA5
1056173	26/06/2024	05	26/06/2024	01	HAE	17,9	0	13,3	0	75,0	0	5,0	0	180,0	0	977,0	0	0,0	ERA5
1056174	26/06/2024	06	26/06/2024	02	HAE	17,7	0	13,5	0	77,0	0	9,0	0	300,0	0	976,0	0	-0,0	ERA5
1056175	26/06/2024	07	26/06/2024	03	HAE	18,1	0	14,0	0	77,0	0	5,0	0	200,0	0	975,0	0	0,0	ERA5
1056176	26/06/2024	08	26/06/2024	04	HAE	18,2	0	14,8	0	81,0	0	7,0	0	220,0	0	975,0	0	0,0	ERA5
1056177	26/06/2024	09	26/06/2024	05	HAE	16,8	0	15,4	0	92,0	0	2,0	0	160,0	0	975,0	0	0,0	ERA5
1056178	26/06/2024	10	26/06/2024	06	HAE	17,1	0	15,8	0	92,0	0	11,0	0	190,0	0	974,0	0	38,2	ERA5
1056179	26/06/2024	11	26/06/2024	07	HAE	17,6	0	16,3	0	92,0	0	3,0	0	210,0	0	974,0	0	126,9	ERA5
1056180	26/06/2024	12	26/06/2024	08	HAE	18,7	0	16,8	0	88,0	0	4,0	0	190,0	0	974,0	0	271,6	ERA5
1056181	26/06/2024	13	26/06/2024	09	HAE	20,2	0	17,2	0	83,0	0	5,0	0	220,0	0	974,0	0	491,3	ERA5
1056182	26/06/2024	14	26/06/2024	10	HAE	21,1	0	17,6	0	80,0	0	5,0	0	220,0	0	974,0	0	779,6	ERA5
1056183	26/06/2024	15	26/06/2024	11	HAE	23,2	0	17,1	0	69,0	0	6,0	0	250,0	0	974,0	0	1284,5	ERA5
1056184	26/06/2024	16	26/06/2024	12	HAE	23,6	0	15,5	0	61,0	0	8,0	0	280,0	0	975,0	0	2290,4	ERA5
1056185	26/06/2024	17	26/06/2024	13	HAE	25,1	0	15,2	0	54,0	0	9,0	0	260,0	0	975,0	0	2858,5	ERA5
1056186	26/06/2024	18	26/06/2024	14	HAE	25,8	0	13,4	0	46,0	0	5,0	0	230,0	0	975,0	0	2349,8	ERA5
1056187	26/06/2024	19	26/06/2024	15	HAE	25,8	0	14,0	0	48,0	0	7,0	0	270,0	0	975,0	0	1733,4	ERA5
1056188	26/06/2024	20	26/06/2024	16	HAE	23,8	0	15,0	0	58,0	0	6,0	0	310,0	0	975,0	0	1386,2	ERA5
1056189	26/06/2024	21	26/06/2024	17	HAE	19,8	0	16,0	0	79,0	0	3,0	0	300,0	0	976,0	0	1174,3	ERA5
1056190	26/06/2024	22	26/06/2024	18	HAE	20,4	0	15,7	0	75,0	0	4,0	0	310,0	0	976,0	0	976,6	ERA5
1056191	26/06/2024	23	26/06/2024	19	HAE	20,7	0	15,4	0	72,0	0	1,0	0	300,0	0	976,0	0	524,0	ERA5
1056192	27/06/2024	00	26/06/2024	20	HAE	19,5	0	16,0	0	80,0	0	4,0	0	170,0	0	976,0	0	142,9	ERA5
1056193	27/06/2024	01	26/06/2024	21	HAE	18,7	0	15,8	0	84,0	0	5,0	0	200,0	0	977,0	0	17,2	ERA5
1056194	27/06/2024	02	26/06/2024	22	HAE	17,4	0	16,5	0	94,0	0	5,0	0	140,0	0	976,0	0	0,0	ERA5
1056195	27/06/2024	03	26/06/2024	23	HAE	17,1	0	16,3	0	95,0	0	4,0	0	110,0	0	976,0	0	0,0	ERA5
1056196	27/06/2024	04	27/06/2024	00	HAE	17,0	0	16,3	0	96,0	0	4,0	0	140,0	0	976,0	0	0,0	ERA5
1056197	27/06/2024	05	27/06/2024	01	HAE	16,7	0	16,2	0	97,0	0	1,0	0	200,0	0	976,0	0	0,0	ERA5
1056198	27/06/2024	06	27/06/2024	02	HAE	16,5	0	16,3	0	98,0	0	4,0	0	150,0	0	975,0	0	-0,0	ERA5
1056199	27/06/2024	07	27/06/2024	03	HAE	16,5	0	15,4	0	93,0	0	5,0	0	210,0	0	975,0	0	0,0	ERA5
1056200	27/06/2024	08	27/06/2024	04	HAE	15,8	0	15,0	0	95,0	0	1,0	0	290,0	0	975,0	0	0,0	ERA5
1056201	27/06/2024	09	27/06/2024	05	HAE	15,3	0	14,4	0	94,0	0	2,0	0	230,0	0	975,0	0	0,0	ERA5
1056202	27/06/2024	10	27/06/2024	06	HAE	14,9	0	14,2	0	95,0	0	3,0	0	310,0	0	975,0	0	15,9	ERA5
1056203	27/06/2024	11	27/06/2024	07	HAE	14,5	0	13,5	0	94,0	0	6,0	0	310,0	0	975,0	0	99,6	ERA5
1056204	27/06/2024	12	27/06/2024	08	HAE	14,5	0	13,6	0	94,0	0	7,0	0	320,0	0	975,0	0	258,1	ERA5
1056205	27/06/2024	13	27/06/2024	09	HAE	15,6	0	14,0	0	90,0	0	2,0	0	330,0	0	975,0	0	1015,9	ERA5
1056206	27/06/2024	14	27/06/2024	10	HAE	15,5	0	13,8	0	90,0	0	6,0	0	340,0	0	976,0	0	1219,6	ERA5
1056207	27/06/2024	15	27/06/2024	11	HAE	15,2	0	13,6	0	90,0	0	4,0	0	300,0	0	976,0	0	1772,5	ERA5
1056208	27/06/2024	16	27/06/2024	12	HAE	15,3	0	13,1	0	87,0	0	1,0	0	260,0	0	976,0	0	2156,0	ERA5
1056209	27/06/2024	17	27/06/2024	13	HAE	15,4	0	13,8	0	90,0	0	4,0	0	320,0	0	977,0	0	2245,4	ERA5
1056210	27/06/2024	18	27/06/2024	14	HAE	17,3	0	13,9	0	81,0	0	3,0	0	240,0	0	977,0	0	2568,0	ERA5
1056211	27/06/2024	19	27/06/2024	15	HAE	18,4	0	13,0	0	71,0	0	6,0	0	280,0	0	977,0	0	2125,5	ERA5
1056212	27/06/2024	20	27/06/2024	16	HAE	19,1	0	10,9	0	59,0	0	5,0	0	240,0	0	977,0	0	1886,4	ERA5
1056213	27/06/2024	21	27/06/2024	17	HAE	18,3	0	10,4	0	60,0	0	6,0	0	240,0	0	977,0	0	1543,7	ERA5
1056214	27/06/2024	22	27/06/2024	18	HAE	15,2	0	9,9	0	71,0	0	9,0	0	280,0	0	979,0	0	1202,2	ERA5
1056215	27/06/2024	23	27/06/2024	19	HAE	14,3	0	9,7	0	74,0	0	9,0	0	290,0	0	980,0	0	580,5	ERA5
1056216	28/06/2024	00	27/06/2024	20	HAE	12,6	0	9,0	0	79,0	0	3,0	0	270,0	0	981,0	0	288,2	ERA5
1056217	28/06/2024	01	27/06/2024	21	HAE	11,8	0	9,6	0	86,0	0	7,0	0	260,0	0	982,0	0	30,3	ERA5
1056218	28/06/2024	02	27/06/2024	22	HAE	11,7	0	8,3	0	79,0	0	7,0	0	290,0	0	983,0	0	0,0	ERA5
1056219	28/06/2024	03	27/06/2024	23	HAE	11,0	0	7,3	0	78,0	0	5,0	0	250,0	0	983,0	0	0,0	ERA5
1056220	28/06/2024	04	28/06/2024	00	HAE	10,2	0	6,6	0	78,0	0	6,0	0	240,0	0	984,0	0	0,0	ERA5
1056221	28/06/2024	05	28/06/2024	01	HAE	10,0	0	5,8	0	75,0	0	5,0	0	280,0	0	984,0	0	0,0	ERA5
1056222	28/06/2024	06	28/06/2024	02	HAE	9,4	0	5,8	0	78,0	0	5,0	0	300,0	0	985,0	0	0,0	ERA5
1056223	28/06/2024	07	28/06/2024	03	HAE	8,3	0	5,1	0	81,0	0	0,0	0	50,0	0	985,0	0	0,0	ERA5
1056224	28/06/2024	08	28/06/2024	04	HAE	8,2	0	5,1	0	81,0	0	1,0	0	260,0	0	986,0	0	0,0	ERA5
1056225	28/06/2024	09	28/06/2024	05	HAE	7,5	0	5,3	0	86,0	0	1,0	0	230,0	0	987,0	0	0,0	ERA5
1056226	28/06/2024	10	28/06/2024	06	HAE	8,5	0	6,1	0	85,0	0	6,0	0	170,0	0	987,0	0	163,3	ERA5
1056227	28/06/2024	11	28/06/2024	07	HAE	10,8	0	7,6	0	80,0	0	1,0	0	80,0	0	988,0	0	670,5	ERA5
1056228	28/06/2024	12	28/06/2024	08	HAE	12,2	0	7,3	0	72,0	0	6,0	0	310,0	0	989,0	0	1314,3	ERA5
1056229	28/06/2024	13	28/06/2024	09	HAE	13,7	0	7,1	0	64,0	0	8,0	0	310,0	0	990,0	0	1896,5	ERA5
1056230	28/06/2024	14	28/06/2024	10	HAE	15,3	0	7,7	0	61,0	0	5,0	0	290,0	0	991,0	0	2492,8	ERA5
1056231	28/06/2024	15	28/06/2024	11	HAE	15,5	0	5,9	0	52,0	0	8,0	0	250,0	0	991,0	0	2723,7	ERA5
1056232	28/06/2024	16	28/06/2024	12	HAE	16,4	0	5,3	0	48,0	0	6,0	0	280,0	0	991,0	0	3025,5	ERA5
1056233	28/06/2024	17	28/06/2024	13	HAE	17,6	0	6,2	0	47,0	0	6,0	0	250,0	0	991,0	0	3377,7	ERA5
1056234	28/06/2024	18	28/06/2024	14	HAE	18,0	0	5,4	0	44,0	0	10,0	0	350,0	0	991,0	0	3480,1	ERA5
1056235	28/06/2024	19	28/06/2024	15	HAE	19,1	0	5,2	0	40,0	0	11,0	0	310,0	0	991,0	0	2865,0	ERA5
1056236	28/06/2024	20	28/06/2024	16	HAE	19,6	0	5,4	0	40,0	0	7,0	0	290,0	0	991,0	0	2398,3	ERA5
1056237	28/06/2024	21	28/06/2024	17	HAE	19,3	0	5,5	0	40,0	0	9,0	0	270,0	0	991,0	0	2069,3	ERA5
1056238	28/06/2024	22	28/06/2024	18	HAE	19,3	0	6,9	0	44,0	0	2,0	0	300,0	0	992,0	0	1242,7	ERA5
1056239	28/06/2024	23	28/06/2024	19	HAE	18,5	0	6,8	0	46,0	0	5,0	0	310,0	0	992,0	0	874,5	ERA5
1056240	29/06/2024	00	28/06/2024	20	HAE	15,7	0	9,2	0	65,0	0	2,0	0	240,0	0	992,0	0	351,6	ERA5
1056241	29/06/2024	01	28/06/2024	21	HAE	14,5	0	8,4	0	67,0	0	1,0	0	190,0	0	993,0	0	33,0	ERA5
1056242	29/06/2024	02	28/06/2024	22	HAE	14,5	0	8,3	0	66,0	0	5,0	0	240,0	0	993,0	0	0,0	ERA5
1056243	29/06/2024	03	28/06/2024	23	HAE	12,1	0	9,6	0	85,0	0	5,0	0	180,0	0	994,0	0	0,0	ERA5
1056244	29/06/2024	04	29/06/2024	00	HAE	13,0	0	9,3	0	78,0	0	5,0	0	170,0	0	994,0	0	0,0	ERA5
1056245	29/06/2024	05	29/06/2024	01	HAE	12,5	0	10,0	0	84,0	0	5,0	0	170,0	0	993,0	0	0,0	ERA5
1056246	29/06/2024	06	29/06/2024	02	HAE	12,3	0	10,0	0	86,0	0	3,0	0	170,0	0	994,0	0	-0,0	ERA5
1056247	29/06/2024	07	29/06/2024	03	HAE	12,2	0	10,0	0	87,0	0	6,0	0	160,0	0	993,0	0	0,0	ERA5
1056248	29/06/2024	08	29/06/2024	04	HAE	12,2	0	10,3	0	88,0	0	6,0	0	160,0	0	992,0	0	0,0	ERA5
1056249	29/06/2024	09	29/06/2024	05	HAE	12,5	0	9,8	0	84,0	0	1,0	0	180,0	0	993,0	0	0,0	ERA5
1056250	29/06/2024	10	29/06/2024	06	HAE	12,7	0	9,6	0	81,0	0	8,0	0	150,0	0	993,0	0	53,3	ERA5
1056251	29/06/2024	11	29/06/2024	07	HAE	13,5	0	10,7	0	83,0	0	9,0	0	130,0	0	992,0	0	316,0	ERA5
1056252	29/06/2024	12	29/06/2024	08	HAE	15,7	0	11,0	0	74,0	0	7,0	0	120,0	0	992,0	0	603,1	ERA5
1056253	29/06/2024	13	29/06/2024	09	HAE	18,7	0	11,3	0	62,0	0	9,0	0	140,0	0	991,0	0	931,2	ERA5
1056254	29/06/2024	14	29/06/2024	10	HAE	20,7	0	10,8	0	53,0	0	14,0	0	180,0	0	990,0	0	1160,8	ERA5
1056255	29/06/2024	15	29/06/2024	11	HAE	20,9	0	11,2	0	54,0	0	11,0	0	180,0	0	990,0	0	897,9	ERA5
1056256	29/06/2024	16	29/06/2024	12	HAE	19,1	0	10,4	0	57,0	0	14,0	0	160,0	0	990,0	0	461,0	ERA5
1056257	29/06/2024	17	29/06/2024	13	HAE	18,0	0	12,4	0	70,0	0	7,0	0	160,0	0	989,0	0	499,4	ERA5
1056258	29/06/2024	18	29/06/2024	14	HAE	16,8	0	14,1	0	84,0	0	10,0	0	150,0	0	989,0	0	456,0	ERA5
1056259	29/06/2024	19	29/06/2024	15	HAE	15,9	0	14,4	0	90,0	0	10,0	0	150,0	0	988,0	0	352,2	ERA5
1056260	29/06/2024	20	29/06/2024	16	HAE	15,9	0	14,1	0	89,0	0	10,0	0	140,0	0	987,0	0	289,1	ERA5
1056261	29/06/2024	21	29/06/2024	17	HAE	15,6	0	14,2	0	91,0	0	9,0	0	130,0	0	986,0	0	332,7	ERA5
1056262	29/06/2024	22	29/06/2024	18	HAE	14,8	0	14,4	0	97,0	0	12,0	0	130,0	0	985,0	0	253,4	ERA5
1056263	29/06/2024	23	29/06/2024	19	HAE	14,9	0	14,6	0	98,0	0	13,0	0	140,0	0	984,0	0	66,5	ERA5
1056264	30/06/2024	00	29/06/2024	20	HAE	14,2	0	14,0	0	98,0	0	11,0	0	140,0	0	983,0	0	25,2	ERA5
1056265	30/06/2024	01	29/06/2024	21	HAE	14,1	0	14,0	0	99,0	0	9,0	0	130,0	0	983,0	0	6,2	ERA5
1056266	30/06/2024	02	29/06/2024	22	HAE	14,5	0	14,4	0	100,0	0	5,0	0	150,0	0	982,0	0	0,0	ERA5
1056267	30/06/2024	03	29/06/2024	23	HAE	15,3	0	15,2	0	100,0	0	6,0	0	130,0	0	982,0	0	0,0	ERA5
1056268	30/06/2024	04	30/06/2024	00	HAE	15,8	0	15,7	0	100,0	0	4,0	0	150,0	0	981,0	0	0,0	ERA5
1056269	30/06/2024	05	30/06/2024	01	HAE	18,1	0	18,0	0	100,0	0	5,0	0	190,0	0	981,0	0	0,0	ERA5
1056270	30/06/2024	06	30/06/2024	02	HAE	19,3	0	18,4	0	95,0	0	6,0	0	190,0	0	980,0	0	-0,0	ERA5
1056271	30/06/2024	07	30/06/2024	03	HAE	19,4	0	18,8	0	96,0	0	6,0	0	210,0	0	980,0	0	0,0	ERA5
1056272	30/06/2024	08	30/06/2024	04	HAE	18,7	0	18,5	0	99,0	0	0,0	0	60,0	0	979,0	0	0,0	ERA5
1056273	30/06/2024	09	30/06/2024	05	HAE	19,0	0	18,6	0	98,0	0	7,0	0	180,0	0	980,0	0	0,0	ERA5
1056274	30/06/2024	10	30/06/2024	06	HAE	18,9	0	18,6	0	98,0	0	2,0	0	150,0	0	980,0	0	16,1	ERA5
1056275	30/06/2024	11	30/06/2024	07	HAE	19,3	0	19,1	0	99,0	0	0,0	0	110,0	0	980,0	0	56,7	ERA5
1056276	30/06/2024	12	30/06/2024	08	HAE	22,0	0	20,6	0	92,0	0	6,0	0	200,0	0	980,0	0	248,7	ERA5
1056277	30/06/2024	13	30/06/2024	09	HAE	23,7	0	20,5	0	82,0	0	6,0	0	190,0	0	979,0	0	501,0	ERA5
1056278	30/06/2024	14	30/06/2024	10	HAE	24,8	0	19,5	0	73,0	0	4,0	0	260,0	0	978,0	0	584,6	ERA5
1056279	30/06/2024	15	30/06/2024	11	HAE	25,3	0	18,6	0	66,0	0	9,0	0	240,0	0	978,0	0	494,7	ERA5
1056280	30/06/2024	16	30/06/2024	12	HAE	21,7	0	15,9	0	70,0	0	9,0	0	310,0	0	979,0	0	884,9	ERA5
1056281	30/06/2024	17	30/06/2024	13	HAE	20,4	0	17,9	0	85,0	0	3,0	0	310,0	0	979,0	0	1106,2	ERA5
1056282	30/06/2024	18	30/06/2024	14	HAE	22,0	0	18,6	0	81,0	0	7,0	0	300,0	0	979,0	0	1685,6	ERA5
1056283	30/06/2024	19	30/06/2024	15	HAE	23,3	0	17,6	0	70,0	0	5,0	0	290,0	0	979,0	0	2081,4	ERA5
1056284	30/06/2024	20	30/06/2024	16	HAE	19,9	0	15,4	0	75,0	0	9,0	0	300,0	0	980,0	0	1421,8	ERA5
1056285	30/06/2024	21	30/06/2024	17	HAE	22,0	0	18,1	0	79,0	0	4,0	0	300,0	0	980,0	0	1639,3	ERA5
1056286	30/06/2024	22	30/06/2024	18	HAE	22,2	0	14,5	0	62,0	0	9,0	0	320,0	0	980,0	0	849,2	ERA5
1056287	30/06/2024	23	30/06/2024	19	HAE	21,6	0	15,6	0	68,0	0	7,0	0	290,0	0	981,0	0	645,9	ERA5
1056288	01/07/2024	00	30/06/2024	20	HAE	19,9	0	13,6	0	67,0	0	3,0	0	250,0	0	982,0	0	240,9	ERA5
1056289	01/07/2024	01	30/06/2024	21	HAE	18,0	0	14,4	0	79,0	0	3,0	0	320,0	0	983,0	0	29,6	ERA5
1056290	01/07/2024	02	30/06/2024	22	HAE	18,0	0	13,8	0	77,0	0	4,0	0	320,0	0	984,0	0	0,0	ERA5
1056291	01/07/2024	03	30/06/2024	23	HAE	17,3	0	13,5	0	78,0	0	4,0	0	310,0	0	984,0	0	-0,0	ERA5
1056292	01/07/2024	04	01/07/2024	00	HAE	16,0	0	13,5	0	85,0	0	7,0	0	310,0	0	984,0	0	0,0	ERA5
1056293	01/07/2024	05	01/07/2024	01	HAE	15,3	0	12,9	0	85,0	0	6,0	0	290,0	0	985,0	0	0,0	ERA5
1056294	01/07/2024	06	01/07/2024	02	HAE	14,4	0	12,6	0	89,0	0	3,0	0	300,0	0	985,0	0	0,0	ERA5
1056295	01/07/2024	07	01/07/2024	03	HAE	13,9	0	12,8	0	93,0	0	1,0	0	310,0	0	985,0	0	0,0	ERA5
1056296	01/07/2024	08	01/07/2024	04	HAE	14,1	0	12,7	0	91,0	0	1,0	0	320,0	0	986,0	0	0,0	ERA5
1056297	01/07/2024	09	01/07/2024	05	HAE	13,1	0	12,0	0	93,0	0	4,0	0	320,0	0	987,0	0	0,0	ERA5
1056298	01/07/2024	10	01/07/2024	06	HAE	14,4	0	12,7	0	89,0	0	4,0	0	330,0	0	987,0	0	132,8	ERA5
1056299	01/07/2024	11	01/07/2024	07	HAE	14,8	0	12,6	0	87,0	0	4,0	0	360,0	0	988,0	0	601,0	ERA5
1056300	01/07/2024	12	01/07/2024	08	HAE	16,2	0	13,3	0	83,0	0	5,0	0	350,0	0	989,0	0	1266,3	ERA5
1056301	01/07/2024	13	01/07/2024	09	HAE	18,1	0	11,8	0	67,0	0	7,0	0	320,0	0	989,0	0	1900,3	ERA5
1056302	01/07/2024	14	01/07/2024	10	HAE	19,7	0	12,6	0	64,0	0	7,0	0	330,0	0	990,0	0	2477,8	ERA5
1056303	01/07/2024	15	01/07/2024	11	HAE	20,6	0	12,1	0	58,0	0	9,0	0	300,0	0	990,0	0	2792,4	ERA5
1056304	01/07/2024	16	01/07/2024	12	HAE	21,5	0	12,8	0	58,0	0	6,0	0	330,0	0	990,0	0	2865,4	ERA5
1056305	01/07/2024	17	01/07/2024	13	HAE	22,6	0	11,6	0	50,0	0	9,0	0	360,0	0	991,0	0	3032,2	ERA5
1056306	01/07/2024	18	01/07/2024	14	HAE	22,7	0	8,8	0	41,0	0	9,0	0	330,0	0	991,0	0	2922,4	ERA5
1056307	01/07/2024	19	01/07/2024	15	HAE	23,1	0	9,6	0	42,0	0	7,0	0	350,0	0	991,0	0	2580,8	ERA5
1056308	01/07/2024	20	01/07/2024	16	HAE	23,4	0	9,3	0	41,0	0	8,0	0	320,0	0	991,0	0	2284,1	ERA5
1056309	01/07/2024	21	01/07/2024	17	HAE	23,3	0	9,2	0	41,0	0	7,0	0	340,0	0	991,0	0	1925,1	ERA5
1056310	01/07/2024	22	01/07/2024	18	HAE	23,4	0	10,2	0	43,0	0	2,0	0	320,0	0	991,0	0	1311,7	ERA5
1056311	01/07/2024	23	01/07/2024	19	HAE	22,6	0	9,7	0	44,0	0	5,0	0	300,0	0	991,0	0	906,5	ERA5
1056312	02/07/2024	00	01/07/2024	20	HAE	20,9	0	10,4	0	51,0	0	2,0	0	250,0	0	992,0	0	387,8	ERA5
1056313	02/07/2024	01	01/07/2024	21	HAE	18,3	0	10,9	0	62,0	0	2,0	0	250,0	0	993,0	0	39,4	ERA5
1056314	02/07/2024	02	01/07/2024	22	HAE	17,2	0	10,8	0	66,0	0	3,0	0	270,0	0	993,0	0	0,0	ERA5
1056315	02/07/2024	03	01/07/2024	23	HAE	16,1	0	10,2	0	68,0	0	3,0	0	260,0	0	994,0	0	-0,0	ERA5
1056316	02/07/2024	04	02/07/2024	00	HAE	12,5	0	10,5	0	88,0	0	0,0	0	0,0	0	994,0	0	0,0	ERA5
1056317	02/07/2024	05	02/07/2024	01	HAE	12,1	0	10,6	0	90,0	0	0,0	0	0,0	0	994,0	0	-0,0	ERA5
1056318	02/07/2024	06	02/07/2024	02	HAE	11,2	0	10,4	0	95,0	0	6,0	0	180,0	0	995,0	0	0,0	ERA5
1056319	02/07/2024	07	02/07/2024	03	HAE	10,8	0	10,1	0	95,0	0	6,0	0	180,0	0	995,0	0	0,0	ERA5
1056320	02/07/2024	08	02/07/2024	04	HAE	10,9	0	10,2	0	95,0	0	5,0	0	190,0	0	995,0	0	0,0	ERA5
1056321	02/07/2024	09	02/07/2024	05	HAE	10,1	0	9,3	0	95,0	0	3,0	0	160,0	0	995,0	0	0,0	ERA5
1056322	02/07/2024	10	02/07/2024	06	HAE	11,0	0	10,1	0	94,0	0	4,0	0	170,0	0	996,0	0	151,9	ERA5
1056323	02/07/2024	11	02/07/2024	07	HAE	12,7	0	11,2	0	90,0	0	6,0	0	140,0	0	997,0	0	648,4	ERA5
1056324	02/07/2024	12	02/07/2024	08	HAE	15,0	0	12,1	0	83,0	0	5,0	0	140,0	0	997,0	0	1270,4	ERA5
1056325	02/07/2024	13	02/07/2024	09	HAE	18,0	0	13,2	0	74,0	0	4,0	0	120,0	0	997,0	0	1900,8	ERA5
1056326	02/07/2024	14	02/07/2024	10	HAE	21,4	0	14,5	0	65,0	0	3,0	0	100,0	0	997,0	0	2452,1	ERA5
1056327	02/07/2024	15	02/07/2024	11	HAE	22,9	0	12,4	0	52,0	0	6,0	0	350,0	0	997,0	0	2839,7	ERA5
1056328	02/07/2024	16	02/07/2024	12	HAE	25,2	0	10,0	0	38,0	0	5,0	0	80,0	0	997,0	0	3132,1	ERA5
1056329	02/07/2024	17	02/07/2024	13	HAE	26,1	0	8,5	0	33,0	0	5,0	0	340,0	0	996,0	0	3082,3	ERA5
1056330	02/07/2024	18	02/07/2024	14	HAE	26,5	0	12,0	0	41,0	0	6,0	0	40,0	0	996,0	0	2765,2	ERA5
1056331	02/07/2024	19	02/07/2024	15	HAE	26,4	0	11,4	0	39,0	0	2,0	0	300,0	0	996,0	0	2115,1	ERA5
1056332	02/07/2024	20	02/07/2024	16	HAE	25,5	0	10,2	0	38,0	0	4,0	0	350,0	0	996,0	0	2240,4	ERA5
1056333	02/07/2024	21	02/07/2024	17	HAE	26,4	0	10,1	0	36,0	0	4,0	0	20,0	0	995,0	0	2044,4	ERA5
1056334	02/07/2024	22	02/07/2024	18	HAE	26,3	0	9,8	0	35,0	0	3,0	0	320,0	0	995,0	0	1502,7	ERA5
1056335	02/07/2024	23	02/07/2024	19	HAE	24,8	0	11,2	0	42,0	0	4,0	0	310,0	0	995,0	0	965,5	ERA5
1056336	03/07/2024	00	02/07/2024	20	HAE	21,7	0	13,1	0	58,0	0	6,0	0	260,0	0	995,0	0	375,7	ERA5
1056337	03/07/2024	01	02/07/2024	21	HAE	20,1	0	11,6	0	58,0	0	0,0	0	320,0	0	995,0	0	34,8	ERA5
1056338	03/07/2024	02	02/07/2024	22	HAE	17,5	0	11,4	0	68,0	0	0,0	0	0,0	0	995,0	0	0,0	ERA5
1056339	03/07/2024	03	02/07/2024	23	HAE	15,6	0	11,5	0	77,0	0	2,0	0	200,0	0	996,0	0	-0,0	ERA5
1056340	03/07/2024	04	03/07/2024	00	HAE	15,6	0	12,2	0	80,0	0	4,0	0	200,0	0	995,0	0	0,0	ERA5
1056341	03/07/2024	05	03/07/2024	01	HAE	13,3	0	11,9	0	91,0	0	2,0	0	180,0	0	995,0	0	0,0	ERA5
1056342	03/07/2024	06	03/07/2024	02	HAE	12,6	0	11,3	0	92,0	0	2,0	0	160,0	0	995,0	0	0,0	ERA5
1056343	03/07/2024	07	03/07/2024	03	HAE	13,2	0	12,2	0	94,0	0	4,0	0	170,0	0	995,0	0	0,0	ERA5
1056344	03/07/2024	08	03/07/2024	04	HAE	12,7	0	11,7	0	94,0	0	5,0	0	160,0	0	995,0	0	0,0	ERA5
1056345	03/07/2024	09	03/07/2024	05	HAE	12,7	0	11,6	0	93,0	0	3,0	0	190,0	0	995,0	0	0,0	ERA5
1056346	03/07/2024	10	03/07/2024	06	HAE	12,2	0	11,3	0	95,0	0	5,0	0	160,0	0	995,0	0	141,8	ERA5
1056347	03/07/2024	11	03/07/2024	07	HAE	14,3	0	12,1	0	87,0	0	5,0	0	140,0	0	995,0	0	586,9	ERA5
1056348	03/07/2024	12	03/07/2024	08	HAE	16,7	0	13,0	0	79,0	0	6,0	0	120,0	0	995,0	0	1181,1	ERA5
1056349	03/07/2024	13	03/07/2024	09	HAE	19,5	0	14,2	0	72,0	0	4,0	0	140,0	0	994,0	0	1825,4	ERA5
1056350	03/07/2024	14	03/07/2024	10	HAE	23,1	0	16,0	0	64,0	0	6,0	0	110,0	0	994,0	0	2457,7	ERA5
1056351	03/07/2024	15	03/07/2024	11	HAE	26,6	0	14,2	0	47,0	0	9,0	0	180,0	0	993,0	0	2785,3	ERA5
1056352	03/07/2024	16	03/07/2024	12	HAE	27,4	0	12,3	0	39,0	0	10,0	0	170,0	0	992,0	0	2406,8	ERA5
1056353	03/07/2024	17	03/07/2024	13	HAE	27,3	0	11,3	0	37,0	0	12,0	0	180,0	0	991,0	0	2226,5	ERA5
1056354	03/07/2024	18	03/07/2024	14	HAE	26,7	0	10,5	0	36,0	0	13,0	0	180,0	0	990,0	0	1762,1	ERA5
1056355	03/07/2024	19	03/07/2024	15	HAE	27,0	0	10,8	0	36,0	0	13,0	0	180,0	0	989,0	0	2137,3	ERA5
1056356	03/07/2024	20	03/07/2024	16	HAE	27,2	0	11,7	0	38,0	0	11,0	0	180,0	0	989,0	0	1846,3	ERA5
1056357	03/07/2024	21	03/07/2024	17	HAE	26,6	0	12,6	0	42,0	0	9,0	0	180,0	0	988,0	0	1714,9	ERA5
1056358	03/07/2024	22	03/07/2024	18	HAE	26,9	0	12,1	0	40,0	0	16,0	0	170,0	0	987,0	0	1075,7	ERA5
1056359	03/07/2024	23	03/07/2024	19	HAE	25,7	0	13,0	0	45,0	0	7,0	0	160,0	0	987,0	0	537,9	ERA5
1056360	04/07/2024	00	03/07/2024	20	HAE	23,8	0	13,5	0	52,0	0	3,0	0	150,0	0	987,0	0	255,7	ERA5
1056361	04/07/2024	01	03/07/2024	21	HAE	22,3	0	13,3	0	56,0	0	2,0	0	150,0	0	987,0	0	32,7	ERA5
1056362	04/07/2024	02	03/07/2024	22	HAE	21,9	0	13,0	0	57,0	0	7,0	0	150,0	0	986,0	0	0,0	ERA5
1056363	04/07/2024	03	03/07/2024	23	HAE	21,5	0	12,9	0	58,0	0	9,0	0	170,0	0	986,0	0	-0,0	ERA5
1056364	04/07/2024	04	04/07/2024	00	HAE	20,9	0	13,0	0	60,0	0	10,0	0	150,0	0	985,0	0	0,0	ERA5
1056365	04/07/2024	05	04/07/2024	01	HAE	19,9	0	13,6	0	67,0	0	2,0	0	140,0	0	985,0	0	0,0	ERA5
1056366	04/07/2024	06	04/07/2024	02	HAE	19,0	0	13,9	0	72,0	0	2,0	0	130,0	0	985,0	0	0,0	ERA5
1056367	04/07/2024	07	04/07/2024	03	HAE	16,9	0	16,0	0	95,0	0	6,0	0	140,0	0	985,0	0	0,0	ERA5
1056368	04/07/2024	08	04/07/2024	04	HAE	16,6	0	15,8	0	95,0	0	7,0	0	150,0	0	984,0	0	0,0	ERA5
1056369	04/07/2024	09	04/07/2024	05	HAE	16,3	0	15,6	0	96,0	0	9,0	0	140,0	0	984,0	0	0,0	ERA5
1056370	04/07/2024	10	04/07/2024	06	HAE	16,5	0	15,8	0	96,0	0	5,0	0	110,0	0	984,0	0	27,2	ERA5
1056371	04/07/2024	11	04/07/2024	07	HAE	17,7	0	16,9	0	95,0	0	5,0	0	190,0	0	984,0	0	136,9	ERA5
1056372	04/07/2024	12	04/07/2024	08	HAE	19,2	0	17,0	0	87,0	0	4,0	0	180,0	0	984,0	0	292,4	ERA5
1056373	04/07/2024	13	04/07/2024	09	HAE	20,5	0	17,6	0	83,0	0	7,0	0	210,0	0	984,0	0	579,8	ERA5
1056374	04/07/2024	14	04/07/2024	10	HAE	22,7	0	18,3	0	76,0	0	5,0	0	270,0	0	984,0	0	858,4	ERA5
1056375	04/07/2024	15	04/07/2024	11	HAE	24,0	0	18,0	0	69,0	0	7,0	0	250,0	0	983,0	0	1614,4	ERA5
1056376	04/07/2024	16	04/07/2024	12	HAE	25,9	0	17,6	0	60,0	0	3,0	0	230,0	0	983,0	0	2354,6	ERA5
1056377	04/07/2024	17	04/07/2024	13	HAE	26,9	0	17,7	0	57,0	0	9,0	0	190,0	0	983,0	0	2754,3	ERA5
1056378	04/07/2024	18	04/07/2024	14	HAE	26,6	0	17,0	0	56,0	0	3,0	0	340,0	0	982,0	0	3008,9	ERA5
1056379	04/07/2024	19	04/07/2024	15	HAE	28,2	0	15,8	0	47,0	0	4,0	0	250,0	0	983,0	0	2308,5	ERA5
1056380	04/07/2024	20	04/07/2024	16	HAE	28,6	0	16,0	0	47,0	0	6,0	0	280,0	0	983,0	0	2347,0	ERA5
1056381	04/07/2024	21	04/07/2024	17	HAE	28,3	0	15,2	0	45,0	0	7,0	0	250,0	0	982,0	0	1902,0	ERA5
1056382	04/07/2024	22	04/07/2024	18	HAE	28,0	0	15,2	0	46,0	0	5,0	0	230,0	0	982,0	0	1399,8	ERA5
1056383	04/07/2024	23	04/07/2024	19	HAE	27,2	0	15,7	0	50,0	0	2,0	0	260,0	0	982,0	0	763,5	ERA5
1056384	05/07/2024	00	04/07/2024	20	HAE	24,4	0	15,4	0	57,0	0	3,0	0	240,0	0	982,0	0	314,7	ERA5
1056385	05/07/2024	01	04/07/2024	21	HAE	22,2	0	16,0	0	68,0	0	1,0	0	50,0	0	982,0	0	28,0	ERA5
1056386	05/07/2024	02	04/07/2024	22	HAE	20,7	0	16,3	0	76,0	0	0,0	0	0,0	0	983,0	0	0,0	ERA5
1056387	05/07/2024	03	04/07/2024	23	HAE	19,7	0	16,2	0	80,0	0	0,0	0	0,0	0	982,0	0	0,0	ERA5
1056388	05/07/2024	04	05/07/2024	00	HAE	20,1	0	16,7	0	81,0	0	1,0	0	150,0	0	982,0	0	0,0	ERA5
1056389	05/07/2024	05	05/07/2024	01	HAE	20,2	0	16,6	0	80,0	0	3,0	0	290,0	0	983,0	0	0,0	ERA5
1056390	05/07/2024	06	05/07/2024	02	HAE	18,9	0	16,5	0	86,0	0	3,0	0	180,0	0	983,0	0	-0,0	ERA5
1056391	05/07/2024	07	05/07/2024	03	HAE	19,3	0	16,6	0	85,0	0	4,0	0	190,0	0	983,0	0	0,0	ERA5
1056392	05/07/2024	08	05/07/2024	04	HAE	18,9	0	16,6	0	86,0	0	3,0	0	190,0	0	982,0	0	0,0	ERA5
1056393	05/07/2024	09	05/07/2024	05	HAE	18,7	0	16,7	0	88,0	0	3,0	0	170,0	0	983,0	0	0,0	ERA5
1056394	05/07/2024	10	05/07/2024	06	HAE	18,1	0	17,4	0	96,0	0	5,0	0	310,0	0	983,0	0	55,0	ERA5
1056395	05/07/2024	11	05/07/2024	07	HAE	18,8	0	18,1	0	95,0	0	4,0	0	200,0	0	983,0	0	348,8	ERA5
1056396	05/07/2024	12	05/07/2024	08	HAE	18,9	0	18,2	0	95,0	0	2,0	0	210,0	0	983,0	0	524,1	ERA5
1056397	05/07/2024	13	05/07/2024	09	HAE	19,4	0	18,5	0	94,0	0	3,0	0	340,0	0	983,0	0	652,8	ERA5
1056398	05/07/2024	14	05/07/2024	10	HAE	20,3	0	18,0	0	87,0	0	3,0	0	150,0	0	984,0	0	1164,4	ERA5
1056399	05/07/2024	15	05/07/2024	11	HAE	20,2	0	19,0	0	93,0	0	1,0	0	310,0	0	984,0	0	1312,7	ERA5
1056400	05/07/2024	16	05/07/2024	12	HAE	20,5	0	19,8	0	95,0	0	4,0	0	360,0	0	983,0	0	2259,0	ERA5
1056401	05/07/2024	17	05/07/2024	13	HAE	22,5	0	19,8	0	85,0	0	9,0	0	340,0	0	983,0	0	2165,1	ERA5
1056402	05/07/2024	18	05/07/2024	14	HAE	24,6	0	19,8	0	75,0	0	4,0	0	300,0	0	983,0	0	2244,3	ERA5
1056403	05/07/2024	19	05/07/2024	15	HAE	24,7	0	19,5	0	73,0	0	6,0	0	320,0	0	982,0	0	2543,4	ERA5
1056404	05/07/2024	20	05/07/2024	16	HAE	25,4	0	20,0	0	72,0	0	9,0	0	310,0	0	983,0	0	2254,9	ERA5
1056405	05/07/2024	21	05/07/2024	17	HAE	26,0	0	19,5	0	68,0	0	6,0	0	290,0	0	983,0	0	1786,1	ERA5
1056406	05/07/2024	22	05/07/2024	18	HAE	25,8	0	19,2	0	67,0	0	5,0	0	320,0	0	983,0	0	1280,8	ERA5
1056407	05/07/2024	23	05/07/2024	19	HAE	25,3	0	19,8	0	71,0	0	6,0	0	120,0	0	983,0	0	514,0	ERA5
1056408	06/07/2024	00	05/07/2024	20	HAE	23,0	0	19,8	0	82,0	0	3,0	0	80,0	0	983,0	0	206,2	ERA5
1056409	06/07/2024	01	05/07/2024	21	HAE	21,9	0	19,5	0	87,0	0	2,0	0	220,0	0	983,0	0	22,4	ERA5
1056410	06/07/2024	02	05/07/2024	22	HAE	20,5	0	19,5	0	94,0	0	2,0	0	200,0	0	984,0	0	0,0	ERA5
1056411	06/07/2024	03	05/07/2024	23	HAE	20,3	0	19,1	0	93,0	0	0,0	0	0,0	0	984,0	0	0,0	ERA5
1056412	06/07/2024	04	06/07/2024	00	HAE	20,5	0	19,3	0	93,0	0	0,0	0	170,0	0	984,0	0	0,0	ERA5
1056413	06/07/2024	05	06/07/2024	01	HAE	20,2	0	19,2	0	94,0	0	3,0	0	140,0	0	983,0	0	0,0	ERA5
1056414	06/07/2024	06	06/07/2024	02	HAE	19,6	0	19,1	0	97,0	0	2,0	0	270,0	0	983,0	0	-0,0	ERA5
1056415	06/07/2024	07	06/07/2024	03	HAE	19,2	0	18,9	0	98,0	0	4,0	0	180,0	0	983,0	0	0,0	ERA5
1056416	06/07/2024	08	06/07/2024	04	HAE	19,1	0	18,5	0	96,0	0	0,0	0	0,0	0	982,0	0	0,0	ERA5
1056417	06/07/2024	09	06/07/2024	05	HAE	18,9	0	18,5	0	97,0	0	1,0	0	140,0	0	982,0	0	0,0	ERA5
1056418	06/07/2024	10	06/07/2024	06	HAE	19,2	0	18,7	0	97,0	0	3,0	0	190,0	0	982,0	0	35,7	ERA5
1056419	06/07/2024	11	06/07/2024	07	HAE	18,8	0	18,5	0	98,0	0	8,0	0	340,0	0	981,0	0	120,7	ERA5
1056420	06/07/2024	12	06/07/2024	08	HAE	18,7	0	18,6	0	99,0	0	9,0	0	340,0	0	982,0	0	187,3	ERA5
1056421	06/07/2024	13	06/07/2024	09	HAE	19,5	0	19,2	0	98,0	0	2,0	0	20,0	0	982,0	0	204,4	ERA5
1056422	06/07/2024	14	06/07/2024	10	HAE	20,1	0	19,4	0	95,0	0	7,0	0	300,0	0	982,0	0	392,4	ERA5
1056423	06/07/2024	15	06/07/2024	11	HAE	20,8	0	19,7	0	93,0	0	3,0	0	20,0	0	982,0	0	338,2	ERA5
1056424	06/07/2024	16	06/07/2024	12	HAE	20,8	0	19,5	0	92,0	0	5,0	0	80,0	0	982,0	0	469,5	ERA5
1056425	06/07/2024	17	06/07/2024	13	HAE	22,3	0	19,7	0	85,0	0	11,0	0	100,0	0	982,0	0	443,8	ERA5
1056426	06/07/2024	18	06/07/2024	14	HAE	22,0	0	19,3	0	85,0	0	11,0	0	130,0	0	982,0	0	923,1	ERA5
1056427	06/07/2024	19	06/07/2024	15	HAE	22,9	0	18,4	0	76,0	0	6,0	0	90,0	0	982,0	0	1669,1	ERA5
1056428	06/07/2024	20	06/07/2024	16	HAE	23,6	0	18,2	0	72,0	0	7,0	0	80,0	0	982,0	0	1327,6	ERA5
1056429	06/07/2024	21	06/07/2024	17	HAE	21,5	0	19,0	0	86,0	0	7,0	0	340,0	0	982,0	0	1115,1	ERA5
1056430	06/07/2024	22	06/07/2024	18	HAE	23,1	0	20,0	0	83,0	0	4,0	0	310,0	0	983,0	0	964,4	ERA5
1056431	06/07/2024	23	06/07/2024	19	HAE	22,4	0	19,9	0	86,0	0	3,0	0	330,0	0	983,0	0	612,4	ERA5
1056432	07/07/2024	00	06/07/2024	20	HAE	21,2	0	19,3	0	89,0	0	7,0	0	340,0	0	983,0	0	233,8	ERA5
1056433	07/07/2024	01	06/07/2024	21	HAE	19,5	0	18,6	0	95,0	0	4,0	0	320,0	0	984,0	0	19,9	ERA5
1056434	07/07/2024	02	06/07/2024	22	HAE	18,7	0	18,3	0	98,0	0	3,0	0	340,0	0	984,0	0	0,0	ERA5
1056435	07/07/2024	03	06/07/2024	23	HAE	18,8	0	18,4	0	97,0	0	4,0	0	190,0	0	985,0	0	0,0	ERA5
1056436	07/07/2024	04	07/07/2024	00	HAE	18,5	0	18,2	0	98,0	0	0,0	0	0,0	0	984,0	0	0,0	ERA5
1056437	07/07/2024	05	07/07/2024	01	HAE	18,1	0	17,8	0	98,0	0	1,0	0	50,0	0	984,0	0	0,0	ERA5
1056438	07/07/2024	06	07/07/2024	02	HAE	17,9	0	17,7	0	99,0	0	2,0	0	350,0	0	984,0	0	0,0	ERA5
1056439	07/07/2024	07	07/07/2024	03	HAE	18,0	0	17,9	0	99,0	0	2,0	0	180,0	0	985,0	0	0,0	ERA5
1056440	07/07/2024	08	07/07/2024	04	HAE	17,9	0	17,9	0	100,0	0	1,0	0	310,0	0	985,0	0	0,0	ERA5
1056441	07/07/2024	09	07/07/2024	05	HAE	17,5	0	17,5	0	100,0	0	3,0	0	340,0	0	986,0	0	0,0	ERA5
1056442	07/07/2024	10	07/07/2024	06	HAE	17,7	0	17,7	0	100,0	0	0,0	0	90,0	0	986,0	0	68,3	ERA5
1056443	07/07/2024	11	07/07/2024	07	HAE	18,6	0	18,6	0	100,0	0	2,0	0	140,0	0	986,0	0	262,8	ERA5
1056444	07/07/2024	12	07/07/2024	08	HAE	19,3	0	19,0	0	99,0	0	0,0	0	120,0	0	987,0	0	680,4	ERA5
1056445	07/07/2024	13	07/07/2024	09	HAE	21,4	0	19,0	0	87,0	0	8,0	0	140,0	0	987,0	0	1234,8	ERA5
1056446	07/07/2024	14	07/07/2024	10	HAE	21,8	0	18,3	0	81,0	0	7,0	0	300,0	0	987,0	0	1593,5	ERA5
1056447	07/07/2024	15	07/07/2024	11	HAE	25,0	0	19,5	0	71,0	0	4,0	0	240,0	0	987,0	0	2317,9	ERA5
1056448	07/07/2024	16	07/07/2024	12	HAE	24,2	0	18,2	0	69,0	0	6,0	0	310,0	0	987,0	0	2180,2	ERA5
1056449	07/07/2024	17	07/07/2024	13	HAE	25,5	0	19,0	0	67,0	0	3,0	0	210,0	0	987,0	0	1914,1	ERA5
1056450	07/07/2024	18	07/07/2024	14	HAE	26,0	0	17,9	0	61,0	0	6,0	0	280,0	0	987,0	0	1927,1	ERA5
1056451	07/07/2024	19	07/07/2024	15	HAE	25,8	0	18,5	0	64,0	0	5,0	0	300,0	0	987,0	0	1937,8	ERA5
1056452	07/07/2024	20	07/07/2024	16	HAE	26,4	0	19,0	0	64,0	0	1,0	0	330,0	0	987,0	0	2225,2	ERA5
1056453	07/07/2024	21	07/07/2024	17	HAE	25,9	0	18,2	0	62,0	0	9,0	0	300,0	0	987,0	0	1696,2	ERA5
1056454	07/07/2024	22	07/07/2024	18	HAE	26,6	0	18,6	0	62,0	0	4,0	0	260,0	0	988,0	0	1264,2	ERA5
1056455	07/07/2024	23	07/07/2024	19	HAE	26,0	0	18,4	0	63,0	0	4,0	0	300,0	0	988,0	0	713,6	ERA5
1056456	08/07/2024	00	07/07/2024	20	HAE	24,0	0	18,5	0	71,0	0	4,0	0	290,0	0	988,0	0	332,0	ERA5
1056457	08/07/2024	01	07/07/2024	21	HAE	22,3	0	18,6	0	80,0	0	3,0	0	260,0	0	989,0	0	28,9	ERA5
1056458	08/07/2024	02	07/07/2024	22	HAE	20,4	0	18,4	0	88,0	0	0,0	0	230,0	0	989,0	0	0,0	ERA5
1056459	08/07/2024	03	07/07/2024	23	HAE	18,9	0	17,7	0	93,0	0	1,0	0	20,0	0	989,0	0	0,0	ERA5
1056460	08/07/2024	04	08/07/2024	00	HAE	18,1	0	17,3	0	95,0	0	0,0	0	210,0	0	989,0	0	0,0	ERA5
1056461	08/07/2024	05	08/07/2024	01	HAE	17,5	0	17,0	0	97,0	0	1,0	0	270,0	0	989,0	0	0,0	ERA5
1056462	08/07/2024	06	08/07/2024	02	HAE	17,3	0	17,0	0	98,0	0	4,0	0	190,0	0	990,0	0	-0,0	ERA5
1056463	08/07/2024	07	08/07/2024	03	HAE	17,2	0	16,9	0	98,0	0	2,0	0	180,0	0	989,0	0	0,0	ERA5
1056464	08/07/2024	08	08/07/2024	04	HAE	16,9	0	16,6	0	98,0	0	4,0	0	170,0	0	989,0	0	0,0	ERA5
1056465	08/07/2024	09	08/07/2024	05	HAE	16,5	0	16,2	0	98,0	0	4,0	0	180,0	0	990,0	0	0,0	ERA5
1056466	08/07/2024	10	08/07/2024	06	HAE	16,8	0	16,3	0	97,0	0	4,0	0	170,0	0	990,0	0	119,2	ERA5
1056467	08/07/2024	11	08/07/2024	07	HAE	17,4	0	16,5	0	94,0	0	6,0	0	170,0	0	991,0	0	469,2	ERA5
1056468	08/07/2024	12	08/07/2024	08	HAE	20,8	0	17,7	0	83,0	0	5,0	0	60,0	0	990,0	0	1034,0	ERA5
1056469	08/07/2024	13	08/07/2024	09	HAE	23,8	0	19,5	0	77,0	0	2,0	0	160,0	0	990,0	0	1630,2	ERA5
1056470	08/07/2024	14	08/07/2024	10	HAE	25,5	0	19,6	0	70,0	0	8,0	0	200,0	0	990,0	0	2223,8	ERA5
1056471	08/07/2024	15	08/07/2024	11	HAE	26,5	0	19,3	0	65,0	0	4,0	0	210,0	0	990,0	0	2333,7	ERA5
1056472	08/07/2024	16	08/07/2024	12	HAE	26,9	0	18,5	0	60,0	0	4,0	0	230,0	0	989,0	0	2440,5	ERA5
1056473	08/07/2024	17	08/07/2024	13	HAE	27,5	0	18,5	0	58,0	0	7,0	0	190,0	0	989,0	0	2165,8	ERA5
1056474	08/07/2024	18	08/07/2024	14	HAE	27,2	0	17,5	0	55,0	0	5,0	0	280,0	0	989,0	0	2285,7	ERA5
1056475	08/07/2024	19	08/07/2024	15	HAE	26,7	0	18,3	0	60,0	0	6,0	0	310,0	0	988,0	0	2134,3	ERA5
1056476	08/07/2024	20	08/07/2024	16	HAE	27,1	0	18,4	0	59,0	0	4,0	0	260,0	0	988,0	0	2123,3	ERA5
1056477	08/07/2024	21	08/07/2024	17	HAE	26,7	0	19,0	0	63,0	0	4,0	0	300,0	0	988,0	0	1559,9	ERA5
1056478	08/07/2024	22	08/07/2024	18	HAE	27,1	0	18,8	0	60,0	0	3,0	0	260,0	0	988,0	0	803,2	ERA5
1056479	08/07/2024	23	08/07/2024	19	HAE	26,3	0	18,4	0	62,0	0	2,0	0	290,0	0	987,0	0	583,3	ERA5
1056480	09/07/2024	00	08/07/2024	20	HAE	23,8	0	19,1	0	75,0	0	2,0	0	240,0	0	987,0	0	294,6	ERA5
1056481	09/07/2024	01	08/07/2024	21	HAE	22,1	0	18,8	0	81,0	0	5,0	0	250,0	0	987,0	0	29,3	ERA5
1056482	09/07/2024	02	08/07/2024	22	HAE	21,2	0	18,5	0	84,0	0	3,0	0	220,0	0	988,0	0	0,0	ERA5
1056483	09/07/2024	03	08/07/2024	23	HAE	18,5	0	17,7	0	95,0	0	2,0	0	190,0	0	988,0	0	0,0	ERA5
1056484	09/07/2024	04	09/07/2024	00	HAE	17,9	0	17,3	0	96,0	0	4,0	0	160,0	0	988,0	0	0,0	ERA5
1056485	09/07/2024	05	09/07/2024	01	HAE	18,4	0	17,8	0	96,0	0	3,0	0	190,0	0	987,0	0	0,0	ERA5
1056486	09/07/2024	06	09/07/2024	02	HAE	18,1	0	17,5	0	96,0	0	3,0	0	190,0	0	987,0	0	0,0	ERA5
1056487	09/07/2024	07	09/07/2024	03	HAE	17,5	0	17,0	0	97,0	0	4,0	0	170,0	0	987,0	0	0,0	ERA5
1056488	09/07/2024	08	09/07/2024	04	HAE	16,9	0	16,6	0	98,0	0	4,0	0	170,0	0	987,0	0	0,0	ERA5
1056489	09/07/2024	09	09/07/2024	05	HAE	16,9	0	16,6	0	98,0	0	5,0	0	170,0	0	986,0	0	0,0	ERA5
1056490	09/07/2024	10	09/07/2024	06	HAE	17,0	0	16,6	0	97,0	0	4,0	0	190,0	0	986,0	0	93,9	ERA5
1056491	09/07/2024	11	09/07/2024	07	HAE	17,5	0	16,8	0	96,0	0	5,0	0	150,0	0	986,0	0	438,6	ERA5
1056492	09/07/2024	12	09/07/2024	08	HAE	19,6	0	18,0	0	90,0	0	6,0	0	120,0	0	986,0	0	1024,9	ERA5
1056493	09/07/2024	13	09/07/2024	09	HAE	22,0	0	18,8	0	82,0	0	5,0	0	130,0	0	985,0	0	1527,7	ERA5
1056494	09/07/2024	14	09/07/2024	10	HAE	24,9	0	19,2	0	71,0	0	6,0	0	190,0	0	985,0	0	1955,2	ERA5
1056495	09/07/2024	15	09/07/2024	11	HAE	25,4	0	18,2	0	64,0	0	7,0	0	190,0	0	985,0	0	2330,0	ERA5
1056496	09/07/2024	16	09/07/2024	12	HAE	26,4	0	19,4	0	65,0	0	7,0	0	190,0	0	985,0	0	2140,8	ERA5
1056497	09/07/2024	17	09/07/2024	13	HAE	26,2	0	18,0	0	60,0	0	6,0	0	220,0	0	984,0	0	2180,4	ERA5
1056498	09/07/2024	18	09/07/2024	14	HAE	26,2	0	18,6	0	63,0	0	4,0	0	210,0	0	984,0	0	2210,4	ERA5
1056499	09/07/2024	19	09/07/2024	15	HAE	26,0	0	19,2	0	66,0	0	2,0	0	290,0	0	984,0	0	2064,0	ERA5
1056500	09/07/2024	20	09/07/2024	16	HAE	25,3	0	19,9	0	72,0	0	2,0	0	320,0	0	983,0	0	1365,9	ERA5
1056501	09/07/2024	21	09/07/2024	17	HAE	25,6	0	19,0	0	67,0	0	3,0	0	320,0	0	983,0	0	1136,8	ERA5
1056502	09/07/2024	22	09/07/2024	18	HAE	26,0	0	17,7	0	60,0	0	7,0	0	230,0	0	982,0	0	1265,8	ERA5
1056503	09/07/2024	23	09/07/2024	19	HAE	26,2	0	18,1	0	61,0	0	2,0	0	280,0	0	982,0	0	607,2	ERA5
1056504	10/07/2024	00	09/07/2024	20	HAE	24,0	0	18,2	0	70,0	0	3,0	0	290,0	0	983,0	0	285,9	ERA5
1056505	10/07/2024	01	09/07/2024	21	HAE	22,0	0	17,7	0	76,0	0	1,0	0	260,0	0	983,0	0	22,4	ERA5
1056506	10/07/2024	02	09/07/2024	22	HAE	21,5	0	17,2	0	77,0	0	3,0	0	210,0	0	983,0	0	0,0	ERA5
1056507	10/07/2024	03	09/07/2024	23	HAE	22,1	0	17,4	0	75,0	0	3,0	0	230,0	0	983,0	0	0,0	ERA5
1056508	10/07/2024	04	10/07/2024	00	HAE	20,1	0	17,7	0	86,0	0	6,0	0	240,0	0	983,0	0	0,0	ERA5
1056509	10/07/2024	05	10/07/2024	01	HAE	19,7	0	17,7	0	88,0	0	3,0	0	230,0	0	983,0	0	0,0	ERA5
1056510	10/07/2024	06	10/07/2024	02	HAE	18,4	0	17,0	0	92,0	0	2,0	0	120,0	0	983,0	0	0,0	ERA5
1056511	10/07/2024	07	10/07/2024	03	HAE	18,2	0	17,5	0	96,0	0	2,0	0	260,0	0	983,0	0	0,0	ERA5
1056512	10/07/2024	08	10/07/2024	04	HAE	17,1	0	16,4	0	96,0	0	4,0	0	180,0	0	983,0	0	0,0	ERA5
1056513	10/07/2024	09	10/07/2024	05	HAE	17,1	0	16,5	0	96,0	0	2,0	0	180,0	0	984,0	0	0,0	ERA5
1056514	10/07/2024	10	10/07/2024	06	HAE	17,9	0	17,1	0	95,0	0	3,0	0	150,0	0	984,0	0	103,8	ERA5
1056515	10/07/2024	11	10/07/2024	07	HAE	20,5	0	18,3	0	87,0	0	3,0	0	110,0	0	984,0	0	512,3	ERA5
1056516	10/07/2024	12	10/07/2024	08	HAE	21,1	0	18,8	0	86,0	0	3,0	0	110,0	0	985,0	0	934,0	ERA5
1056517	10/07/2024	13	10/07/2024	09	HAE	23,0	0	19,1	0	78,0	0	1,0	0	70,0	0	985,0	0	1280,0	ERA5
1056518	10/07/2024	14	10/07/2024	10	HAE	24,3	0	19,1	0	73,0	0	2,0	0	250,0	0	985,0	0	1889,3	ERA5
1056519	10/07/2024	15	10/07/2024	11	HAE	25,9	0	18,9	0	65,0	0	6,0	0	250,0	0	985,0	0	2007,7	ERA5
1056520	10/07/2024	16	10/07/2024	12	HAE	26,1	0	20,0	0	69,0	0	5,0	0	190,0	0	985,0	0	1744,3	ERA5
1056521	10/07/2024	17	10/07/2024	13	HAE	27,0	0	21,0	0	70,0	0	4,0	0	180,0	0	985,0	0	1736,6	ERA5
1056522	10/07/2024	18	10/07/2024	14	HAE	23,1	0	20,7	0	86,0	0	6,0	0	300,0	0	985,0	0	1442,4	ERA5
1056523	10/07/2024	19	10/07/2024	15	HAE	23,3	0	21,6	0	90,0	0	2,0	0	110,0	0	985,0	0	473,7	ERA5
1056524	10/07/2024	20	10/07/2024	16	HAE	23,2	0	21,6	0	91,0	0	0,0	0	350,0	0	984,0	0	284,4	ERA5
1056525	10/07/2024	21	10/07/2024	17	HAE	22,6	0	21,3	0	92,0	0	4,0	0	300,0	0	984,0	0	118,3	ERA5
1056526	10/07/2024	22	10/07/2024	18	HAE	20,8	0	19,5	0	92,0	0	6,0	0	330,0	0	984,0	0	114,7	ERA5
1056527	10/07/2024	23	10/07/2024	19	HAE	20,6	0	19,6	0	94,0	0	2,0	0	250,0	0	984,0	0	201,0	ERA5
1056528	11/07/2024	00	10/07/2024	20	HAE	19,8	0	19,1	0	96,0	0	4,0	0	110,0	0	984,0	0	65,5	ERA5
1056529	11/07/2024	01	10/07/2024	21	HAE	19,1	0	18,4	0	95,0	0	8,0	0	120,0	0	984,0	0	6,5	ERA5
1056530	11/07/2024	02	10/07/2024	22	HAE	18,6	0	18,0	0	96,0	0	4,0	0	360,0	0	983,0	0	0,0	ERA5
1056531	11/07/2024	03	10/07/2024	23	HAE	18,4	0	17,5	0	95,0	0	4,0	0	20,0	0	983,0	0	0,0	ERA5
1056532	11/07/2024	04	11/07/2024	00	HAE	18,0	0	17,5	0	97,0	0	5,0	0	50,0	0	983,0	0	0,0	ERA5
1056533	11/07/2024	05	11/07/2024	01	HAE	18,4	0	17,7	0	95,0	0	4,0	0	30,0	0	982,0	0	0,0	ERA5
1056534	11/07/2024	06	11/07/2024	02	HAE	18,3	0	17,5	0	95,0	0	2,0	0	140,0	0	981,0	0	0,0	ERA5
1056535	11/07/2024	07	11/07/2024	03	HAE	18,5	0	17,5	0	94,0	0	5,0	0	70,0	0	982,0	0	0,0	ERA5
1056536	11/07/2024	08	11/07/2024	04	HAE	18,5	0	17,5	0	94,0	0	17,0	0	110,0	0	981,0	0	0,0	ERA5
1056537	11/07/2024	09	11/07/2024	05	HAE	18,6	0	17,3	0	92,0	0	4,0	0	100,0	0	982,0	0	0,0	ERA5
1056538	11/07/2024	10	11/07/2024	06	HAE	18,8	0	17,4	0	92,0	0	5,0	0	60,0	0	982,0	0	29,2	ERA5
1056539	11/07/2024	11	11/07/2024	07	HAE	18,9	0	17,7	0	93,0	0	4,0	0	200,0	0	983,0	0	123,1	ERA5
1056540	11/07/2024	12	11/07/2024	08	HAE	19,4	0	17,9	0	91,0	0	9,0	0	120,0	0	983,0	0	214,3	ERA5
1056541	11/07/2024	13	11/07/2024	09	HAE	20,1	0	18,1	0	88,0	0	12,0	0	120,0	0	983,0	0	395,0	ERA5
1056542	11/07/2024	14	11/07/2024	10	HAE	20,2	0	17,9	0	87,0	0	11,0	0	130,0	0	983,0	0	427,0	ERA5
1056543	11/07/2024	15	11/07/2024	11	HAE	20,1	0	18,2	0	89,0	0	12,0	0	140,0	0	984,0	0	465,4	ERA5
1056544	11/07/2024	16	11/07/2024	12	HAE	19,9	0	19,0	0	95,0	0	7,0	0	80,0	0	984,0	0	498,9	ERA5
1056545	11/07/2024	17	11/07/2024	13	HAE	20,0	0	19,1	0	95,0	0	4,0	0	350,0	0	984,0	0	536,6	ERA5
1056546	11/07/2024	18	11/07/2024	14	HAE	20,6	0	18,8	0	89,0	0	5,0	0	20,0	0	984,0	0	798,5	ERA5
1056547	11/07/2024	19	11/07/2024	15	HAE	21,0	0	18,6	0	86,0	0	10,0	0	60,0	0	984,0	0	596,4	ERA5
1056548	11/07/2024	20	11/07/2024	16	HAE	21,0	0	18,4	0	85,0	0	4,0	0	50,0	0	985,0	0	323,8	ERA5
1056549	11/07/2024	21	11/07/2024	17	HAE	20,7	0	18,1	0	85,0	0	7,0	0	120,0	0	986,0	0	358,8	ERA5
1056550	11/07/2024	22	11/07/2024	18	HAE	21,0	0	18,2	0	84,0	0	6,0	0	70,0	0	986,0	0	137,1	ERA5
1056551	11/07/2024	23	11/07/2024	19	HAE	20,7	0	18,2	0	86,0	0	2,0	0	60,0	0	987,0	0	117,1	ERA5
1056552	12/07/2024	00	11/07/2024	20	HAE	20,1	0	18,4	0	90,0	0	1,0	0	350,0	0	987,0	0	44,0	ERA5
1056553	12/07/2024	01	11/07/2024	21	HAE	19,2	0	18,5	0	96,0	0	5,0	0	300,0	0	988,0	0	2,9	ERA5
1056554	12/07/2024	02	11/07/2024	22	HAE	18,1	0	17,9	0	99,0	0	5,0	0	330,0	0	989,0	0	0,0	ERA5
1056555	12/07/2024	03	11/07/2024	23	HAE	17,8	0	17,6	0	99,0	0	3,0	0	350,0	0	989,0	0	-0,0	ERA5
1056556	12/07/2024	04	12/07/2024	00	HAE	17,4	0	17,2	0	99,0	0	3,0	0	350,0	0	989,0	0	0,0	ERA5
1056557	12/07/2024	05	12/07/2024	01	HAE	17,3	0	17,0	0	98,0	0	4,0	0	350,0	0	990,0	0	0,0	ERA5
1056558	12/07/2024	06	12/07/2024	02	HAE	17,4	0	17,2	0	99,0	0	2,0	0	310,0	0	990,0	0	0,0	ERA5
1056559	12/07/2024	07	12/07/2024	03	HAE	17,1	0	17,0	0	99,0	0	6,0	0	300,0	0	990,0	0	0,0	ERA5
1056560	12/07/2024	08	12/07/2024	04	HAE	17,1	0	17,0	0	99,0	0	5,0	0	310,0	0	990,0	0	0,0	ERA5
1056561	12/07/2024	09	12/07/2024	05	HAE	17,2	0	17,1	0	99,0	0	5,0	0	310,0	0	991,0	0	0,0	ERA5
1056562	12/07/2024	10	12/07/2024	06	HAE	17,5	0	17,4	0	100,0	0	0,0	0	0,0	0	991,0	0	12,0	ERA5
1056563	12/07/2024	11	12/07/2024	07	HAE	17,7	0	17,6	0	99,0	0	0,0	0	0,0	0	991,0	0	54,1	ERA5
1056564	12/07/2024	12	12/07/2024	08	HAE	18,6	0	18,4	0	99,0	0	2,0	0	80,0	0	992,0	0	106,7	ERA5
1056565	12/07/2024	13	12/07/2024	09	HAE	19,8	0	19,2	0	96,0	0	1,0	0	40,0	0	992,0	0	211,2	ERA5
1056566	12/07/2024	14	12/07/2024	10	HAE	21,4	0	19,0	0	86,0	0	6,0	0	220,0	0	992,0	0	387,2	ERA5
1056567	12/07/2024	15	12/07/2024	11	HAE	21,4	0	18,8	0	85,0	0	6,0	0	250,0	0	992,0	0	527,0	ERA5
1056568	12/07/2024	16	12/07/2024	12	HAE	22,1	0	19,2	0	83,0	0	3,0	0	320,0	0	992,0	0	475,9	ERA5
1056569	12/07/2024	17	12/07/2024	13	HAE	22,7	0	19,4	0	82,0	0	3,0	0	290,0	0	992,0	0	642,2	ERA5
1056570	12/07/2024	18	12/07/2024	14	HAE	22,7	0	19,7	0	83,0	0	7,0	0	320,0	0	992,0	0	471,2	ERA5
1056571	12/07/2024	19	12/07/2024	15	HAE	23,0	0	19,1	0	79,0	0	3,0	0	270,0	0	992,0	0	910,6	ERA5
1056572	12/07/2024	20	12/07/2024	16	HAE	23,3	0	19,3	0	78,0	0	4,0	0	280,0	0	993,0	0	828,8	ERA5
1056573	12/07/2024	21	12/07/2024	17	HAE	24,3	0	18,6	0	70,0	0	3,0	0	290,0	0	992,0	0	784,0	ERA5
1056574	12/07/2024	22	12/07/2024	18	HAE	24,4	0	18,1	0	68,0	0	2,0	0	200,0	0	992,0	0	544,6	ERA5
1056575	12/07/2024	23	12/07/2024	19	HAE	23,8	0	18,5	0	72,0	0	7,0	0	200,0	0	992,0	0	552,6	ERA5
1056576	13/07/2024	00	12/07/2024	20	HAE	23,2	0	19,0	0	78,0	0	1,0	0	170,0	0	992,0	0	262,4	ERA5
1056577	13/07/2024	01	12/07/2024	21	HAE	21,1	0	19,2	0	89,0	0	2,0	0	240,0	0	992,0	0	22,5	ERA5
1056578	13/07/2024	02	12/07/2024	22	HAE	19,9	0	18,9	0	94,0	0	1,0	0	260,0	0	993,0	0	0,0	ERA5
1056579	13/07/2024	03	12/07/2024	23	HAE	19,5	0	17,9	0	91,0	0	3,0	0	160,0	0	993,0	0	-0,0	ERA5
1056580	13/07/2024	04	13/07/2024	00	HAE	19,3	0	18,7	0	96,0	0	5,0	0	190,0	0	993,0	0	0,0	ERA5
1056581	13/07/2024	05	13/07/2024	01	HAE	18,5	0	17,7	0	95,0	0	2,0	0	120,0	0	993,0	0	0,0	ERA5
1056582	13/07/2024	06	13/07/2024	02	HAE	18,4	0	17,9	0	97,0	0	3,0	0	190,0	0	992,0	0	0,0	ERA5
1056583	13/07/2024	07	13/07/2024	03	HAE	18,4	0	18,1	0	98,0	0	5,0	0	180,0	0	992,0	0	0,0	ERA5
1056584	13/07/2024	08	13/07/2024	04	HAE	18,7	0	18,4	0	98,0	0	4,0	0	180,0	0	992,0	0	0,0	ERA5
1056585	13/07/2024	09	13/07/2024	05	HAE	18,3	0	18,0	0	98,0	0	3,0	0	160,0	0	992,0	0	0,0	ERA5
1056586	13/07/2024	10	13/07/2024	06	HAE	18,6	0	18,4	0	99,0	0	4,0	0	170,0	0	992,0	0	84,8	ERA5
1056587	13/07/2024	11	13/07/2024	07	HAE	19,5	0	19,0	0	96,0	0	3,0	0	120,0	0	992,0	0	464,3	ERA5
1056588	13/07/2024	12	13/07/2024	08	HAE	22,1	0	20,4	0	90,0	0	4,0	0	140,0	0	992,0	0	918,7	ERA5
1056589	13/07/2024	13	13/07/2024	09	HAE	24,0	0	20,1	0	79,0	0	4,0	0	230,0	0	992,0	0	1439,8	ERA5
1056590	13/07/2024	14	13/07/2024	10	HAE	24,9	0	20,2	0	75,0	0	3,0	0	200,0	0	991,0	0	1830,2	ERA5
1056591	13/07/2024	15	13/07/2024	11	HAE	25,8	0	19,6	0	68,0	0	6,0	0	200,0	0	991,0	0	2304,9	ERA5
1056592	13/07/2024	16	13/07/2024	12	HAE	20,3	0	19,0	0	92,0	0	9,0	0	80,0	0	991,0	0	2734,1	ERA5
1056593	13/07/2024	17	13/07/2024	13	HAE	23,4	0	21,1	0	87,0	0	1,0	0	210,0	0	991,0	0	2681,8	ERA5
1056594	13/07/2024	18	13/07/2024	14	HAE	23,5	0	19,5	0	78,0	0	8,0	0	350,0	0	991,0	0	2158,4	ERA5
1056595	13/07/2024	19	13/07/2024	15	HAE	23,9	0	19,8	0	78,0	0	2,0	0	140,0	0	990,0	0	2105,5	ERA5
1056596	13/07/2024	20	13/07/2024	16	HAE	24,9	0	19,9	0	74,0	0	10,0	0	150,0	0	989,0	0	1734,0	ERA5
1056597	13/07/2024	21	13/07/2024	17	HAE	24,2	0	17,9	0	68,0	0	6,0	0	300,0	0	989,0	0	698,6	ERA5
1056598	13/07/2024	22	13/07/2024	18	HAE	21,3	0	16,8	0	76,0	0	6,0	0	10,0	0	990,0	0	896,6	ERA5
1056599	13/07/2024	23	13/07/2024	19	HAE	22,0	0	18,9	0	83,0	0	1,0	0	100,0	0	989,0	0	714,3	ERA5
1056600	14/07/2024	00	13/07/2024	20	HAE	20,1	0	18,7	0	92,0	0	3,0	0	160,0	0	989,0	0	257,8	ERA5
1056601	14/07/2024	01	13/07/2024	21	HAE	19,4	0	18,2	0	93,0	0	3,0	0	160,0	0	989,0	0	18,7	ERA5
1056602	14/07/2024	02	13/07/2024	22	HAE	18,3	0	17,9	0	97,0	0	1,0	0	120,0	0	989,0	0	0,0	ERA5
1056603	14/07/2024	03	13/07/2024	23	HAE	17,6	0	17,2	0	97,0	0	0,0	0	160,0	0	989,0	0	0,0	ERA5
1056604	14/07/2024	04	14/07/2024	00	HAE	17,2	0	16,9	0	98,0	0	5,0	0	170,0	0	989,0	0	0,0	ERA5
1056605	14/07/2024	05	14/07/2024	01	HAE	17,4	0	17,2	0	99,0	0	3,0	0	160,0	0	989,0	0	0,0	ERA5
1056606	14/07/2024	06	14/07/2024	02	HAE	16,8	0	16,5	0	98,0	0	0,0	0	0,0	0	988,0	0	0,0	ERA5
1056607	14/07/2024	07	14/07/2024	03	HAE	16,0	0	15,8	0	99,0	0	1,0	0	110,0	0	988,0	0	0,0	ERA5
1056608	14/07/2024	08	14/07/2024	04	HAE	15,6	0	15,5	0	100,0	0	2,0	0	190,0	0	988,0	0	0,0	ERA5
1056609	14/07/2024	09	14/07/2024	05	HAE	15,7	0	15,6	0	100,0	0	3,0	0	170,0	0	988,0	0	0,0	ERA5
1056610	14/07/2024	10	14/07/2024	06	HAE	15,5	0	15,5	0	100,0	0	4,0	0	170,0	0	988,0	0	88,2	ERA5
1056611	14/07/2024	11	14/07/2024	07	HAE	16,1	0	16,1	0	100,0	0	3,0	0	160,0	0	988,0	0	489,0	ERA5
1056612	14/07/2024	12	14/07/2024	08	HAE	17,2	0	17,1	0	100,0	0	3,0	0	160,0	0	988,0	0	1127,5	ERA5
1056613	14/07/2024	13	14/07/2024	09	HAE	22,2	0	19,9	0	87,0	0	5,0	0	90,0	0	987,0	0	1749,8	ERA5
1056614	14/07/2024	14	14/07/2024	10	HAE	25,2	0	19,1	0	69,0	0	5,0	0	160,0	0	987,0	0	2316,2	ERA5
1056615	14/07/2024	15	14/07/2024	11	HAE	26,9	0	19,4	0	64,0	0	4,0	0	210,0	0	987,0	0	2765,4	ERA5
1056616	14/07/2024	16	14/07/2024	12	HAE	27,2	0	19,2	0	61,0	0	4,0	0	310,0	0	987,0	0	2715,2	ERA5
1056617	14/07/2024	17	14/07/2024	13	HAE	28,0	0	18,4	0	56,0	0	4,0	0	260,0	0	986,0	0	2635,2	ERA5
1056618	14/07/2024	18	14/07/2024	14	HAE	27,7	0	16,8	0	52,0	0	6,0	0	290,0	0	986,0	0	2993,0	ERA5
1056619	14/07/2024	19	14/07/2024	15	HAE	28,5	0	15,6	0	46,0	0	8,0	0	300,0	0	986,0	0	2466,4	ERA5
1056620	14/07/2024	20	14/07/2024	16	HAE	29,1	0	16,2	0	46,0	0	5,0	0	200,0	0	985,0	0	2541,6	ERA5
1056621	14/07/2024	21	14/07/2024	17	HAE	28,6	0	16,3	0	47,0	0	2,0	0	250,0	0	984,0	0	1972,8	ERA5
1056622	14/07/2024	22	14/07/2024	18	HAE	28,0	0	16,6	0	50,0	0	5,0	0	270,0	0	984,0	0	1505,4	ERA5
1056623	14/07/2024	23	14/07/2024	19	HAE	26,4	0	17,4	0	58,0	0	3,0	0	270,0	0	985,0	0	929,7	ERA5
1056624	15/07/2024	00	14/07/2024	20	HAE	23,6	0	17,9	0	71,0	0	1,0	0	240,0	0	984,0	0	356,8	ERA5
1056625	15/07/2024	01	14/07/2024	21	HAE	22,0	0	18,2	0	79,0	0	3,0	0	250,0	0	984,0	0	23,6	ERA5
1056626	15/07/2024	02	14/07/2024	22	HAE	21,1	0	18,2	0	83,0	0	3,0	0	220,0	0	985,0	0	0,0	ERA5
1056627	15/07/2024	03	14/07/2024	23	HAE	19,0	0	17,2	0	89,0	0	2,0	0	210,0	0	984,0	0	-0,0	ERA5
1056628	15/07/2024	04	15/07/2024	00	HAE	19,4	0	17,2	0	87,0	0	1,0	0	210,0	0	984,0	0	0,0	ERA5
1056629	15/07/2024	05	15/07/2024	01	HAE	17,5	0	16,6	0	94,0	0	0,0	0	0,0	0	984,0	0	0,0	ERA5
1056630	15/07/2024	06	15/07/2024	02	HAE	17,1	0	16,4	0	95,0	0	2,0	0	200,0	0	983,0	0	0,0	ERA5
1056631	15/07/2024	07	15/07/2024	03	HAE	16,7	0	16,4	0	98,0	0	2,0	0	140,0	0	982,0	0	0,0	ERA5
1056632	15/07/2024	08	15/07/2024	04	HAE	17,0	0	16,6	0	98,0	0	4,0	0	170,0	0	982,0	0	0,0	ERA5
1056633	15/07/2024	09	15/07/2024	05	HAE	17,1	0	16,7	0	98,0	0	6,0	0	160,0	0	983,0	0	0,0	ERA5
1056634	15/07/2024	10	15/07/2024	06	HAE	17,1	0	16,5	0	96,0	0	5,0	0	170,0	0	982,0	0	75,7	ERA5
1056635	15/07/2024	11	15/07/2024	07	HAE	18,2	0	17,0	0	93,0	0	6,0	0	170,0	0	982,0	0	480,2	ERA5
1056636	15/07/2024	12	15/07/2024	08	HAE	20,0	0	17,8	0	87,0	0	4,0	0	150,0	0	983,0	0	976,2	ERA5
1056637	15/07/2024	13	15/07/2024	09	HAE	21,8	0	18,2	0	80,0	0	4,0	0	160,0	0	982,0	0	1529,9	ERA5
1056638	15/07/2024	14	15/07/2024	10	HAE	23,2	0	18,3	0	74,0	0	6,0	0	200,0	0	982,0	0	1802,4	ERA5
1056639	15/07/2024	15	15/07/2024	11	HAE	24,5	0	18,8	0	70,0	0	8,0	0	210,0	0	982,0	0	2060,1	ERA5
1056640	15/07/2024	16	15/07/2024	12	HAE	24,8	0	19,4	0	72,0	0	5,0	0	230,0	0	982,0	0	2369,7	ERA5
1056641	15/07/2024	17	15/07/2024	13	HAE	25,7	0	18,9	0	66,0	0	6,0	0	270,0	0	982,0	0	2475,3	ERA5
1056642	15/07/2024	18	15/07/2024	14	HAE	27,6	0	19,6	0	62,0	0	4,0	0	210,0	0	981,0	0	2488,0	ERA5
1056643	15/07/2024	19	15/07/2024	15	HAE	27,1	0	19,5	0	63,0	0	7,0	0	220,0	0	981,0	0	2280,6	ERA5
1056644	15/07/2024	20	15/07/2024	16	HAE	27,9	0	20,2	0	63,0	0	4,0	0	180,0	0	981,0	0	2265,8	ERA5
1056645	15/07/2024	21	15/07/2024	17	HAE	28,4	0	19,7	0	59,0	0	4,0	0	200,0	0	980,0	0	1619,9	ERA5
1056646	15/07/2024	22	15/07/2024	18	HAE	27,9	0	19,5	0	60,0	0	3,0	0	260,0	0	980,0	0	1210,7	ERA5
1056647	15/07/2024	23	15/07/2024	19	HAE	25,3	0	20,6	0	75,0	0	2,0	0	300,0	0	980,0	0	810,5	ERA5
1056648	16/07/2024	00	15/07/2024	20	HAE	24,5	0	20,5	0	78,0	0	3,0	0	240,0	0	980,0	0	296,1	ERA5
1056649	16/07/2024	01	15/07/2024	21	HAE	23,2	0	19,9	0	81,0	0	2,0	0	260,0	0	980,0	0	18,1	ERA5
1056650	16/07/2024	02	15/07/2024	22	HAE	21,7	0	19,7	0	89,0	0	2,0	0	280,0	0	980,0	0	0,0	ERA5
1056651	16/07/2024	03	15/07/2024	23	HAE	21,6	0	19,9	0	90,0	0	3,0	0	210,0	0	980,0	0	0,0	ERA5
1056652	16/07/2024	04	16/07/2024	00	HAE	20,3	0	19,5	0	95,0	0	7,0	0	170,0	0	980,0	0	0,0	ERA5
1056653	16/07/2024	05	16/07/2024	01	HAE	20,8	0	19,6	0	93,0	0	5,0	0	180,0	0	979,0	0	0,0	ERA5
1056654	16/07/2024	06	16/07/2024	02	HAE	20,4	0	19,6	0	95,0	0	4,0	0	180,0	0	979,0	0	0,0	ERA5
1056655	16/07/2024	07	16/07/2024	03	HAE	19,7	0	19,2	0	97,0	0	1,0	0	160,0	0	979,0	0	0,0	ERA5
1056656	16/07/2024	08	16/07/2024	04	HAE	20,0	0	19,6	0	98,0	0	2,0	0	110,0	0	979,0	0	0,0	ERA5
1056657	16/07/2024	09	16/07/2024	05	HAE	20,1	0	19,8	0	98,0	0	3,0	0	240,0	0	978,0	0	0,0	ERA5
1056658	16/07/2024	10	16/07/2024	06	HAE	20,2	0	19,8	0	98,0	0	0,0	0	0,0	0	979,0	0	15,2	ERA5
1056659	16/07/2024	11	16/07/2024	07	HAE	20,2	0	19,9	0	98,0	0	3,0	0	170,0	0	979,0	0	217,8	ERA5
1056660	16/07/2024	12	16/07/2024	08	HAE	21,0	0	20,5	0	97,0	0	3,0	0	190,0	0	979,0	0	281,7	ERA5
1056661	16/07/2024	13	16/07/2024	09	HAE	21,6	0	20,5	0	93,0	0	4,0	0	140,0	0	979,0	0	318,1	ERA5
1056662	16/07/2024	14	16/07/2024	10	HAE	22,2	0	19,4	0	84,0	0	2,0	0	270,0	0	979,0	0	457,0	ERA5
1056663	16/07/2024	15	16/07/2024	11	HAE	22,3	0	20,1	0	87,0	0	3,0	0	280,0	0	979,0	0	539,8	ERA5
1056664	16/07/2024	16	16/07/2024	12	HAE	23,9	0	19,7	0	77,0	0	3,0	0	270,0	0	979,0	0	1459,3	ERA5
1056665	16/07/2024	17	16/07/2024	13	HAE	25,7	0	19,8	0	70,0	0	4,0	0	230,0	0	979,0	0	2711,4	ERA5
1056666	16/07/2024	18	16/07/2024	14	HAE	26,6	0	18,9	0	63,0	0	5,0	0	240,0	0	978,0	0	2541,0	ERA5
1056667	16/07/2024	19	16/07/2024	15	HAE	27,2	0	19,4	0	63,0	0	1,0	0	290,0	0	978,0	0	2153,4	ERA5
1056668	16/07/2024	20	16/07/2024	16	HAE	27,7	0	19,7	0	62,0	0	4,0	0	220,0	0	978,0	0	1354,1	ERA5
1056669	16/07/2024	21	16/07/2024	17	HAE	26,5	0	19,3	0	65,0	0	3,0	0	200,0	0	977,0	0	1223,6	ERA5
1056670	16/07/2024	22	16/07/2024	18	HAE	25,9	0	20,4	0	72,0	0	3,0	0	200,0	0	978,0	0	524,5	ERA5
1056671	16/07/2024	23	16/07/2024	19	HAE	24,3	0	21,0	0	82,0	0	1,0	0	250,0	0	978,0	0	219,7	ERA5
1056672	17/07/2024	00	16/07/2024	20	HAE	23,7	0	21,0	0	85,0	0	0,0	0	220,0	0	978,0	0	39,7	ERA5
1056673	17/07/2024	01	16/07/2024	21	HAE	23,1	0	20,6	0	86,0	0	3,0	0	240,0	0	978,0	0	2,2	ERA5
1056674	17/07/2024	02	16/07/2024	22	HAE	22,1	0	20,8	0	92,0	0	3,0	0	240,0	0	978,0	0	0,0	ERA5
1056675	17/07/2024	03	16/07/2024	23	HAE	21,1	0	20,4	0	96,0	0	3,0	0	180,0	0	977,0	0	0,0	ERA5
1056676	17/07/2024	04	17/07/2024	00	HAE	21,0	0	20,5	0	97,0	0	2,0	0	160,0	0	977,0	0	0,0	ERA5
1056677	17/07/2024	05	17/07/2024	01	HAE	20,8	0	20,4	0	98,0	0	1,0	0	300,0	0	978,0	0	0,0	ERA5
1056678	17/07/2024	06	17/07/2024	02	HAE	21,1	0	20,6	0	97,0	0	1,0	0	180,0	0	978,0	0	0,0	ERA5
1056679	17/07/2024	07	17/07/2024	03	HAE	20,8	0	20,3	0	97,0	0	3,0	0	190,0	0	978,0	0	0,0	ERA5
1056680	17/07/2024	08	17/07/2024	04	HAE	19,7	0	18,6	0	94,0	0	1,0	0	200,0	0	978,0	0	0,0	ERA5
1056681	17/07/2024	09	17/07/2024	05	HAE	19,4	0	18,8	0	96,0	0	1,0	0	10,0	0	979,0	0	0,0	ERA5
1056682	17/07/2024	10	17/07/2024	06	HAE	18,9	0	18,3	0	97,0	0	2,0	0	160,0	0	979,0	0	64,0	ERA5
1056683	17/07/2024	11	17/07/2024	07	HAE	20,0	0	19,3	0	96,0	0	2,0	0	100,0	0	979,0	0	390,4	ERA5
1056684	17/07/2024	12	17/07/2024	08	HAE	22,8	0	20,1	0	84,0	0	5,0	0	170,0	0	980,0	0	621,3	ERA5
1056685	17/07/2024	13	17/07/2024	09	HAE	24,4	0	19,8	0	76,0	0	9,0	0	220,0	0	980,0	0	975,9	ERA5
1056686	17/07/2024	14	17/07/2024	10	HAE	24,7	0	20,2	0	76,0	0	4,0	0	190,0	0	980,0	0	1390,3	ERA5
1056687	17/07/2024	15	17/07/2024	11	HAE	25,1	0	18,7	0	68,0	0	5,0	0	230,0	0	980,0	0	1596,4	ERA5
1056688	17/07/2024	16	17/07/2024	12	HAE	26,3	0	18,7	0	63,0	0	10,0	0	210,0	0	980,0	0	1776,6	ERA5
1056689	17/07/2024	17	17/07/2024	13	HAE	26,3	0	19,4	0	66,0	0	8,0	0	200,0	0	980,0	0	2799,6	ERA5
1056690	17/07/2024	18	17/07/2024	14	HAE	27,1	0	20,1	0	66,0	0	4,0	0	170,0	0	980,0	0	2449,2	ERA5
1056691	17/07/2024	19	17/07/2024	15	HAE	27,7	0	18,6	0	58,0	0	6,0	0	230,0	0	979,0	0	1980,1	ERA5
1056692	17/07/2024	20	17/07/2024	16	HAE	26,6	0	18,8	0	62,0	0	6,0	0	240,0	0	979,0	0	1818,8	ERA5
1056693	17/07/2024	21	17/07/2024	17	HAE	26,3	0	19,1	0	65,0	0	4,0	0	200,0	0	979,0	0	1072,5	ERA5
1056694	17/07/2024	22	17/07/2024	18	HAE	26,4	0	18,7	0	63,0	0	8,0	0	240,0	0	979,0	0	695,0	ERA5
1056695	17/07/2024	23	17/07/2024	19	HAE	24,7	0	17,8	0	66,0	0	3,0	0	290,0	0	980,0	0	518,8	ERA5
1056696	18/07/2024	00	17/07/2024	20	HAE	23,8	0	17,4	0	68,0	0	2,0	0	260,0	0	981,0	0	232,8	ERA5
1056697	18/07/2024	01	17/07/2024	21	HAE	22,4	0	17,6	0	74,0	0	0,0	0	30,0	0	981,0	0	12,6	ERA5
1056698	18/07/2024	02	17/07/2024	22	HAE	22,0	0	17,3	0	75,0	0	3,0	0	190,0	0	981,0	0	0,0	ERA5
1056699	18/07/2024	03	17/07/2024	23	HAE	21,5	0	17,9	0	80,0	0	4,0	0	190,0	0	981,0	0	0,0	ERA5
1056700	18/07/2024	04	18/07/2024	00	HAE	20,5	0	18,2	0	86,0	0	2,0	0	150,0	0	980,0	0	0,0	ERA5
1056701	18/07/2024	05	18/07/2024	01	HAE	19,6	0	18,2	0	91,0	0	0,0	0	0,0	0	980,0	0	0,0	ERA5
1056702	18/07/2024	06	18/07/2024	02	HAE	20,2	0	17,8	0	86,0	0	3,0	0	200,0	0	980,0	0	0,0	ERA5
1056703	18/07/2024	07	18/07/2024	03	HAE	20,0	0	17,7	0	87,0	0	1,0	0	240,0	0	980,0	0	0,0	ERA5
1056704	18/07/2024	08	18/07/2024	04	HAE	19,3	0	18,0	0	92,0	0	3,0	0	250,0	0	980,0	0	0,0	ERA5
1056705	18/07/2024	09	18/07/2024	05	HAE	18,4	0	17,4	0	94,0	0	1,0	0	140,0	0	980,0	0	0,0	ERA5
1056706	18/07/2024	10	18/07/2024	06	HAE	18,3	0	17,6	0	96,0	0	0,0	0	0,0	0	980,0	0	53,6	ERA5
1056707	18/07/2024	11	18/07/2024	07	HAE	21,0	0	17,9	0	82,0	0	7,0	0	210,0	0	981,0	0	328,9	ERA5
1056708	18/07/2024	12	18/07/2024	08	HAE	21,6	0	18,0	0	80,0	0	10,0	0	210,0	0	981,0	0	824,1	ERA5
1056709	18/07/2024	13	18/07/2024	09	HAE	22,9	0	17,5	0	72,0	0	7,0	0	200,0	0	981,0	0	1070,6	ERA5
1056710	18/07/2024	14	18/07/2024	10	HAE	24,0	0	16,8	0	64,0	0	6,0	0	230,0	0	981,0	0	1491,0	ERA5
1056711	18/07/2024	15	18/07/2024	11	HAE	25,2	0	14,7	0	52,0	0	7,0	0	240,0	0	981,0	0	1839,8	ERA5
1056712	18/07/2024	16	18/07/2024	12	HAE	25,5	0	12,8	0	45,0	0	5,0	0	230,0	0	981,0	0	2435,2	ERA5
1056713	18/07/2024	17	18/07/2024	13	HAE	23,9	0	12,3	0	48,0	0	7,0	0	250,0	0	981,0	0	2274,1	ERA5
1056714	18/07/2024	18	18/07/2024	14	HAE	24,4	0	13,2	0	50,0	0	7,0	0	210,0	0	981,0	0	2617,3	ERA5
1056715	18/07/2024	19	18/07/2024	15	HAE	24,4	0	12,3	0	47,0	0	11,0	0	270,0	0	982,0	0	2400,7	ERA5
1056716	18/07/2024	20	18/07/2024	16	HAE	21,3	0	13,1	0	59,0	0	13,0	0	230,0	0	983,0	0	2191,5	ERA5
1056717	18/07/2024	21	18/07/2024	17	HAE	19,9	0	14,1	0	70,0	0	4,0	0	300,0	0	983,0	0	1653,8	ERA5
1056718	18/07/2024	22	18/07/2024	18	HAE	20,6	0	14,7	0	69,0	0	3,0	0	260,0	0	983,0	0	1134,7	ERA5
1056719	18/07/2024	23	18/07/2024	19	HAE	20,6	0	14,4	0	67,0	0	3,0	0	240,0	0	984,0	0	725,0	ERA5
1056720	19/07/2024	00	18/07/2024	20	HAE	19,8	0	13,9	0	69,0	0	7,0	0	240,0	0	985,0	0	283,0	ERA5
1056721	19/07/2024	01	18/07/2024	21	HAE	18,2	0	13,5	0	74,0	0	2,0	0	200,0	0	985,0	0	15,7	ERA5
1056722	19/07/2024	02	18/07/2024	22	HAE	17,1	0	13,3	0	78,0	0	4,0	0	250,0	0	985,0	0	0,0	ERA5
1056723	19/07/2024	03	18/07/2024	23	HAE	16,6	0	13,0	0	79,0	0	6,0	0	230,0	0	986,0	0	0,0	ERA5
1056724	19/07/2024	04	19/07/2024	00	HAE	16,0	0	12,6	0	80,0	0	4,0	0	200,0	0	986,0	0	0,0	ERA5
1056725	19/07/2024	05	19/07/2024	01	HAE	15,0	0	12,1	0	83,0	0	1,0	0	30,0	0	987,0	0	0,0	ERA5
1056726	19/07/2024	06	19/07/2024	02	HAE	13,6	0	12,4	0	92,0	0	1,0	0	160,0	0	987,0	0	0,0	ERA5
1056727	19/07/2024	07	19/07/2024	03	HAE	13,1	0	11,8	0	92,0	0	2,0	0	160,0	0	987,0	0	0,0	ERA5
1056728	19/07/2024	08	19/07/2024	04	HAE	14,0	0	12,2	0	89,0	0	3,0	0	260,0	0	987,0	0	0,0	ERA5
1056729	19/07/2024	09	19/07/2024	05	HAE	12,7	0	11,5	0	93,0	0	2,0	0	180,0	0	987,0	0	0,0	ERA5
1056730	19/07/2024	10	19/07/2024	06	HAE	13,6	0	12,4	0	93,0	0	2,0	0	230,0	0	988,0	0	80,5	ERA5
1056731	19/07/2024	11	19/07/2024	07	HAE	15,9	0	13,2	0	84,0	0	2,0	0	60,0	0	989,0	0	515,8	ERA5
1056732	19/07/2024	12	19/07/2024	08	HAE	17,8	0	13,0	0	73,0	0	2,0	0	250,0	0	989,0	0	1129,0	ERA5
1056733	19/07/2024	13	19/07/2024	09	HAE	19,3	0	13,0	0	67,0	0	6,0	0	310,0	0	990,0	0	1727,5	ERA5
1056734	19/07/2024	14	19/07/2024	10	HAE	20,8	0	12,7	0	60,0	0	8,0	0	310,0	0	990,0	0	2096,4	ERA5
1056735	19/07/2024	15	19/07/2024	11	HAE	22,9	0	13,0	0	54,0	0	5,0	0	270,0	0	990,0	0	2387,8	ERA5
1056736	19/07/2024	16	19/07/2024	12	HAE	23,8	0	10,9	0	44,0	0	7,0	0	250,0	0	990,0	0	2846,8	ERA5
1056737	19/07/2024	17	19/07/2024	13	HAE	23,4	0	10,4	0	44,0	0	5,0	0	310,0	0	990,0	0	3030,9	ERA5
1056738	19/07/2024	18	19/07/2024	14	HAE	24,2	0	13,3	0	51,0	0	2,0	0	360,0	0	989,0	0	2834,8	ERA5
1056739	19/07/2024	19	19/07/2024	15	HAE	23,4	0	11,3	0	47,0	0	10,0	0	260,0	0	989,0	0	2439,7	ERA5
1056740	19/07/2024	20	19/07/2024	16	HAE	24,2	0	12,5	0	48,0	0	3,0	0	250,0	0	989,0	0	2017,2	ERA5
1056741	19/07/2024	21	19/07/2024	17	HAE	23,7	0	10,5	0	44,0	0	6,0	0	280,0	0	989,0	0	1232,8	ERA5
1056742	19/07/2024	22	19/07/2024	18	HAE	23,1	0	11,8	0	49,0	0	5,0	0	300,0	0	989,0	0	1167,5	ERA5
1056743	19/07/2024	23	19/07/2024	19	HAE	22,1	0	12,0	0	53,0	0	3,0	0	250,0	0	990,0	0	602,9	ERA5
1056744	20/07/2024	00	19/07/2024	20	HAE	20,1	0	13,1	0	64,0	0	1,0	0	230,0	0	990,0	0	261,5	ERA5
1056745	20/07/2024	01	19/07/2024	21	HAE	17,8	0	13,1	0	74,0	0	2,0	0	230,0	0	990,0	0	15,9	ERA5
1056746	20/07/2024	02	19/07/2024	22	HAE	17,6	0	12,9	0	74,0	0	2,0	0	190,0	0	990,0	0	0,0	ERA5
1056747	20/07/2024	03	19/07/2024	23	HAE	17,3	0	12,5	0	73,0	0	1,0	0	230,0	0	990,0	0	0,0	ERA5
1056748	20/07/2024	04	20/07/2024	00	HAE	16,1	0	12,7	0	80,0	0	3,0	0	200,0	0	990,0	0	0,0	ERA5
1056749	20/07/2024	05	20/07/2024	01	HAE	15,6	0	12,3	0	81,0	0	2,0	0	240,0	0	990,0	0	0,0	ERA5
1056750	20/07/2024	06	20/07/2024	02	HAE	15,6	0	12,5	0	82,0	0	3,0	0	200,0	0	990,0	0	0,0	ERA5
1056751	20/07/2024	07	20/07/2024	03	HAE	15,9	0	12,5	0	81,0	0	5,0	0	190,0	0	989,0	0	0,0	ERA5
1056752	20/07/2024	08	20/07/2024	04	HAE	15,2	0	12,4	0	83,0	0	8,0	0	210,0	0	989,0	0	0,0	ERA5
1056753	20/07/2024	09	20/07/2024	05	HAE	14,6	0	12,2	0	86,0	0	6,0	0	190,0	0	989,0	0	0,0	ERA5
1056754	20/07/2024	10	20/07/2024	06	HAE	15,1	0	12,4	0	84,0	0	7,0	0	190,0	0	989,0	0	72,4	ERA5
1056755	20/07/2024	11	20/07/2024	07	HAE	16,9	0	12,9	0	77,0	0	8,0	0	200,0	0	989,0	0	511,7	ERA5
1056756	20/07/2024	12	20/07/2024	08	HAE	18,5	0	13,3	0	72,0	0	11,0	0	190,0	0	989,0	0	1109,6	ERA5
1056757	20/07/2024	13	20/07/2024	09	HAE	20,5	0	13,9	0	66,0	0	8,0	0	210,0	0	989,0	0	1748,3	ERA5
1056758	20/07/2024	14	20/07/2024	10	HAE	22,7	0	14,1	0	58,0	0	8,0	0	220,0	0	988,0	0	2341,8	ERA5
1056759	20/07/2024	15	20/07/2024	11	HAE	23,5	0	12,7	0	51,0	0	9,0	0	220,0	0	988,0	0	2828,7	ERA5
1056760	20/07/2024	16	20/07/2024	12	HAE	23,1	0	12,0	0	49,0	0	10,0	0	220,0	0	987,0	0	3176,4	ERA5
1056761	20/07/2024	17	20/07/2024	13	HAE	24,1	0	12,6	0	48,0	0	11,0	0	220,0	0	987,0	0	3288,0	ERA5
1056762	20/07/2024	18	20/07/2024	14	HAE	25,0	0	15,1	0	54,0	0	3,0	0	180,0	0	987,0	0	2710,2	ERA5
1056763	20/07/2024	19	20/07/2024	15	HAE	25,2	0	12,9	0	46,0	0	10,0	0	210,0	0	986,0	0	2116,3	ERA5
1056764	20/07/2024	20	20/07/2024	16	HAE	25,4	0	13,3	0	47,0	0	8,0	0	240,0	0	986,0	0	2017,0	ERA5
1056765	20/07/2024	21	20/07/2024	17	HAE	24,4	0	13,4	0	50,0	0	5,0	0	240,0	0	986,0	0	1489,4	ERA5
1056766	20/07/2024	22	20/07/2024	18	HAE	24,1	0	13,8	0	53,0	0	8,0	0	240,0	0	986,0	0	1124,9	ERA5
1056767	20/07/2024	23	20/07/2024	19	HAE	23,3	0	14,4	0	58,0	0	3,0	0	190,0	0	985,0	0	380,5	ERA5
1056768	21/07/2024	00	20/07/2024	20	HAE	18,5	0	16,0	0	85,0	0	13,0	0	340,0	0	986,0	0	146,2	ERA5
1056769	21/07/2024	01	20/07/2024	21	HAE	16,9	0	16,4	0	97,0	0	6,0	0	340,0	0	987,0	0	5,7	ERA5
1056770	21/07/2024	02	20/07/2024	22	HAE	16,8	0	16,5	0	98,0	0	0,0	0	230,0	0	987,0	0	0,0	ERA5
1056771	21/07/2024	03	20/07/2024	23	HAE	16,8	0	16,0	0	95,0	0	1,0	0	200,0	0	987,0	0	0,0	ERA5
1056772	21/07/2024	04	21/07/2024	00	HAE	16,2	0	15,4	0	95,0	0	5,0	0	300,0	0	987,0	0	0,0	ERA5
1056773	21/07/2024	05	21/07/2024	01	HAE	15,1	0	14,4	0	96,0	0	2,0	0	290,0	0	987,0	0	0,0	ERA5
1056774	21/07/2024	06	21/07/2024	02	HAE	14,4	0	13,3	0	93,0	0	2,0	0	260,0	0	988,0	0	0,0	ERA5
1056775	21/07/2024	07	21/07/2024	03	HAE	12,9	0	11,0	0	88,0	0	4,0	0	300,0	0	988,0	0	0,0	ERA5
1056776	21/07/2024	08	21/07/2024	04	HAE	11,1	0	9,8	0	92,0	0	2,0	0	250,0	0	988,0	0	0,0	ERA5
1056777	21/07/2024	09	21/07/2024	05	HAE	10,5	0	8,6	0	88,0	0	2,0	0	310,0	0	989,0	0	0,0	ERA5
1056778	21/07/2024	10	21/07/2024	06	HAE	10,6	0	9,4	0	92,0	0	1,0	0	60,0	0	989,0	0	67,4	ERA5
1056779	21/07/2024	11	21/07/2024	07	HAE	12,3	0	10,6	0	89,0	0	3,0	0	120,0	0	989,0	0	479,0	ERA5
1056780	21/07/2024	12	21/07/2024	08	HAE	14,3	0	11,5	0	83,0	0	4,0	0	130,0	0	990,0	0	1136,5	ERA5
1056781	21/07/2024	13	21/07/2024	09	HAE	14,8	0	10,7	0	76,0	0	7,0	0	0,0	0	989,0	0	1808,6	ERA5
1056782	21/07/2024	14	21/07/2024	10	HAE	16,7	0	8,3	0	57,0	0	9,0	0	310,0	0	989,0	0	2364,1	ERA5
1056783	21/07/2024	15	21/07/2024	11	HAE	17,6	0	7,2	0	50,0	0	8,0	0	260,0	0	989,0	0	2871,2	ERA5
1056784	21/07/2024	16	21/07/2024	12	HAE	18,0	0	6,7	0	47,0	0	13,0	0	330,0	0	989,0	0	3132,1	ERA5
1056785	21/07/2024	17	21/07/2024	13	HAE	18,9	0	8,0	0	49,0	0	10,0	0	310,0	0	989,0	0	3213,7	ERA5
1056786	21/07/2024	18	21/07/2024	14	HAE	20,0	0	7,8	0	45,0	0	9,0	0	280,0	0	989,0	0	3067,9	ERA5
1056787	21/07/2024	19	21/07/2024	15	HAE	20,6	0	7,9	0	44,0	0	12,0	0	280,0	0	989,0	0	2255,5	ERA5
1056788	21/07/2024	20	21/07/2024	16	HAE	20,7	0	7,8	0	43,0	0	8,0	0	250,0	0	988,0	0	1812,8	ERA5
1056789	21/07/2024	21	21/07/2024	17	HAE	20,2	0	7,8	0	45,0	0	11,0	0	310,0	0	989,0	0	1309,8	ERA5
1056790	21/07/2024	22	21/07/2024	18	HAE	20,4	0	8,8	0	47,0	0	6,0	0	250,0	0	988,0	0	793,8	ERA5
1056791	21/07/2024	23	21/07/2024	19	HAE	19,5	0	9,0	0	51,0	0	6,0	0	300,0	0	989,0	0	794,6	ERA5
1056792	22/07/2024	00	21/07/2024	20	HAE	16,6	0	9,8	0	64,0	0	1,0	0	290,0	0	989,0	0	337,6	ERA5
1056793	22/07/2024	01	21/07/2024	21	HAE	15,7	0	9,8	0	68,0	0	2,0	0	230,0	0	989,0	0	14,4	ERA5
1056794	22/07/2024	02	21/07/2024	22	HAE	15,2	0	9,9	0	70,0	0	2,0	0	230,0	0	989,0	0	0,0	ERA5
1056795	22/07/2024	03	21/07/2024	23	HAE	15,0	0	10,4	0	74,0	0	1,0	0	340,0	0	989,0	0	0,0	ERA5
1056796	22/07/2024	04	22/07/2024	00	HAE	12,9	0	10,4	0	85,0	0	1,0	0	20,0	0	989,0	0	0,0	ERA5
1056797	22/07/2024	05	22/07/2024	01	HAE	12,5	0	10,2	0	85,0	0	3,0	0	80,0	0	989,0	0	0,0	ERA5
1056798	22/07/2024	06	22/07/2024	02	HAE	14,3	0	9,6	0	74,0	0	5,0	0	230,0	0	989,0	0	0,0	ERA5
1056799	22/07/2024	07	22/07/2024	03	HAE	11,9	0	9,9	0	88,0	0	2,0	0	320,0	0	989,0	0	0,0	ERA5
1056800	22/07/2024	08	22/07/2024	04	HAE	11,0	0	9,5	0	91,0	0	1,0	0	170,0	0	989,0	0	0,0	ERA5
1056801	22/07/2024	09	22/07/2024	05	HAE	10,4	0	9,4	0	94,0	0	3,0	0	180,0	0	989,0	0	0,0	ERA5
1056802	22/07/2024	10	22/07/2024	06	HAE	10,3	0	9,4	0	95,0	0	0,0	0	0,0	0	990,0	0	70,0	ERA5
1056803	22/07/2024	11	22/07/2024	07	HAE	12,7	0	10,9	0	89,0	0	2,0	0	90,0	0	990,0	0	512,0	ERA5
1056804	22/07/2024	12	22/07/2024	08	HAE	15,7	0	12,5	0	81,0	0	5,0	0	120,0	0	990,0	0	1129,8	ERA5
1056805	22/07/2024	13	22/07/2024	09	HAE	18,9	0	13,0	0	69,0	0	4,0	0	20,0	0	990,0	0	1769,2	ERA5
1056806	22/07/2024	14	22/07/2024	10	HAE	20,7	0	12,2	0	58,0	0	3,0	0	210,0	0	990,0	0	2310,6	ERA5
1056807	22/07/2024	15	22/07/2024	11	HAE	21,8	0	11,5	0	52,0	0	4,0	0	270,0	0	990,0	0	2821,1	ERA5
1056808	22/07/2024	16	22/07/2024	12	HAE	22,4	0	10,7	0	47,0	0	6,0	0	280,0	0	990,0	0	3137,7	ERA5
1056809	22/07/2024	17	22/07/2024	13	HAE	23,4	0	11,2	0	46,0	0	7,0	0	290,0	0	990,0	0	2980,4	ERA5
1056810	22/07/2024	18	22/07/2024	14	HAE	23,8	0	10,9	0	44,0	0	3,0	0	150,0	0	989,0	0	2969,7	ERA5
1056811	22/07/2024	19	22/07/2024	15	HAE	24,5	0	11,3	0	44,0	0	4,0	0	300,0	0	989,0	0	2107,3	ERA5
1056812	22/07/2024	20	22/07/2024	16	HAE	23,5	0	9,6	0	41,0	0	8,0	0	290,0	0	989,0	0	1659,6	ERA5
1056813	22/07/2024	21	22/07/2024	17	HAE	23,9	0	10,2	0	42,0	0	3,0	0	270,0	0	989,0	0	1334,3	ERA5
1056814	22/07/2024	22	22/07/2024	18	HAE	23,6	0	10,8	0	44,0	0	3,0	0	300,0	0	989,0	0	997,0	ERA5
1056815	22/07/2024	23	22/07/2024	19	HAE	21,6	0	12,3	0	55,0	0	1,0	0	260,0	0	989,0	0	617,9	ERA5
1056816	23/07/2024	00	22/07/2024	20	HAE	19,5	0	12,8	0	65,0	0	4,0	0	270,0	0	989,0	0	267,0	ERA5
1056817	23/07/2024	01	22/07/2024	21	HAE	17,5	0	12,3	0	71,0	0	1,0	0	250,0	0	990,0	0	11,3	ERA5
1056818	23/07/2024	02	22/07/2024	22	HAE	15,6	0	12,2	0	81,0	0	4,0	0	210,0	0	990,0	0	0,0	ERA5
1056819	23/07/2024	03	22/07/2024	23	HAE	13,7	0	11,6	0	88,0	0	5,0	0	140,0	0	990,0	0	-0,0	ERA5
1056820	23/07/2024	04	23/07/2024	00	HAE	14,5	0	12,4	0	87,0	0	3,0	0	170,0	0	990,0	0	0,0	ERA5
1056821	23/07/2024	05	23/07/2024	01	HAE	13,9	0	12,1	0	89,0	0	2,0	0	170,0	0	990,0	0	0,0	ERA5
1056822	23/07/2024	06	23/07/2024	02	HAE	13,1	0	12,1	0	93,0	0	4,0	0	170,0	0	990,0	0	0,0	ERA5
1056823	23/07/2024	07	23/07/2024	03	HAE	12,7	0	11,8	0	94,0	0	2,0	0	280,0	0	990,0	0	0,0	ERA5
1056824	23/07/2024	08	23/07/2024	04	HAE	12,8	0	11,8	0	94,0	0	2,0	0	140,0	0	990,0	0	0,0	ERA5
1056825	23/07/2024	09	23/07/2024	05	HAE	13,0	0	12,0	0	94,0	0	2,0	0	320,0	0	990,0	0	0,0	ERA5
1056826	23/07/2024	10	23/07/2024	06	HAE	12,9	0	11,9	0	94,0	0	0,0	0	0,0	0	991,0	0	41,5	ERA5
1056827	23/07/2024	11	23/07/2024	07	HAE	13,8	0	12,8	0	94,0	0	0,0	0	330,0	0	991,0	0	216,2	ERA5
1056828	23/07/2024	12	23/07/2024	08	HAE	15,9	0	12,4	0	80,0	0	3,0	0	170,0	0	991,0	0	358,7	ERA5
1056829	23/07/2024	13	23/07/2024	09	HAE	16,5	0	12,5	0	77,0	0	2,0	0	120,0	0	992,0	0	658,0	ERA5
1056830	23/07/2024	14	23/07/2024	10	HAE	18,1	0	13,1	0	73,0	0	7,0	0	120,0	0	991,0	0	808,1	ERA5
1056831	23/07/2024	15	23/07/2024	11	HAE	18,0	0	12,9	0	72,0	0	6,0	0	130,0	0	992,0	0	1235,1	ERA5
1056832	23/07/2024	16	23/07/2024	12	HAE	19,4	0	12,8	0	66,0	0	7,0	0	120,0	0	992,0	0	1972,9	ERA5
1056833	23/07/2024	17	23/07/2024	13	HAE	20,0	0	13,6	0	67,0	0	2,0	0	160,0	0	992,0	0	2324,6	ERA5
1056834	23/07/2024	18	23/07/2024	14	HAE	22,4	0	14,4	0	61,0	0	4,0	0	180,0	0	992,0	0	2823,8	ERA5
1056835	23/07/2024	19	23/07/2024	15	HAE	23,3	0	13,7	0	55,0	0	6,0	0	110,0	0	992,0	0	2583,7	ERA5
1056836	23/07/2024	20	23/07/2024	16	HAE	23,6	0	13,6	0	53,0	0	4,0	0	110,0	0	991,0	0	1518,6	ERA5
1056837	23/07/2024	21	23/07/2024	17	HAE	24,0	0	12,4	0	48,0	0	1,0	0	130,0	0	991,0	0	1610,5	ERA5
1056838	23/07/2024	22	23/07/2024	18	HAE	23,4	0	13,4	0	53,0	0	4,0	0	360,0	0	992,0	0	1047,4	ERA5
1056839	23/07/2024	23	23/07/2024	19	HAE	22,5	0	14,0	0	59,0	0	4,0	0	330,0	0	992,0	0	759,9	ERA5
1056840	24/07/2024	00	23/07/2024	20	HAE	21,4	0	14,9	0	67,0	0	4,0	0	310,0	0	992,0	0	239,2	ERA5
1056841	24/07/2024	01	23/07/2024	21	HAE	19,6	0	14,2	0	71,0	0	6,0	0	320,0	0	993,0	0	9,6	ERA5
1056842	24/07/2024	02	23/07/2024	22	HAE	17,8	0	14,4	0	80,0	0	0,0	0	0,0	0	994,0	0	0,0	ERA5
1056843	24/07/2024	03	23/07/2024	23	HAE	15,9	0	13,9	0	88,0	0	1,0	0	200,0	0	994,0	0	0,0	ERA5
1056844	24/07/2024	04	24/07/2024	00	HAE	14,9	0	13,0	0	89,0	0	0,0	0	0,0	0	994,0	0	0,0	ERA5
1056845	24/07/2024	05	24/07/2024	01	HAE	14,0	0	13,2	0	95,0	0	1,0	0	210,0	0	994,0	0	0,0	ERA5
1056846	24/07/2024	06	24/07/2024	02	HAE	12,9	0	12,0	0	94,0	0	0,0	0	0,0	0	994,0	0	0,0	ERA5
1056847	24/07/2024	07	24/07/2024	03	HAE	13,4	0	12,9	0	97,0	0	0,0	0	0,0	0	994,0	0	0,0	ERA5
1056848	24/07/2024	08	24/07/2024	04	HAE	13,1	0	12,6	0	97,0	0	3,0	0	150,0	0	995,0	0	0,0	ERA5
1056849	24/07/2024	09	24/07/2024	05	HAE	13,2	0	12,7	0	97,0	0	5,0	0	170,0	0	995,0	0	0,0	ERA5
1056850	24/07/2024	10	24/07/2024	06	HAE	12,8	0	12,3	0	97,0	0	4,0	0	190,0	0	995,0	0	54,1	ERA5
1056851	24/07/2024	11	24/07/2024	07	HAE	14,5	0	13,1	0	91,0	0	1,0	0	160,0	0	995,0	0	422,8	ERA5
1056852	24/07/2024	12	24/07/2024	08	HAE	16,3	0	14,4	0	88,0	0	4,0	0	140,0	0	995,0	0	962,2	ERA5
1056853	24/07/2024	13	24/07/2024	09	HAE	18,8	0	15,3	0	80,0	0	9,0	0	130,0	0	995,0	0	1580,3	ERA5
1056854	24/07/2024	14	24/07/2024	10	HAE	21,6	0	16,8	0	74,0	0	9,0	0	100,0	0	995,0	0	2009,9	ERA5
1056855	24/07/2024	15	24/07/2024	11	HAE	23,6	0	17,7	0	69,0	0	13,0	0	110,0	0	994,0	0	2043,7	ERA5
1056856	24/07/2024	16	24/07/2024	12	HAE	24,5	0	17,4	0	65,0	0	11,0	0	160,0	0	994,0	0	2421,5	ERA5
1056857	24/07/2024	17	24/07/2024	13	HAE	24,8	0	17,0	0	62,0	0	22,0	0	150,0	0	993,0	0	2629,1	ERA5
1056858	24/07/2024	18	24/07/2024	14	HAE	24,3	0	16,7	0	63,0	0	24,0	0	130,0	0	993,0	0	2358,3	ERA5
1056859	24/07/2024	19	24/07/2024	15	HAE	24,5	0	16,6	0	62,0	0	17,0	0	140,0	0	993,0	0	2083,3	ERA5
1056860	24/07/2024	20	24/07/2024	16	HAE	24,0	0	16,5	0	63,0	0	21,0	0	120,0	0	992,0	0	1908,1	ERA5
1056861	24/07/2024	21	24/07/2024	17	HAE	23,5	0	16,5	0	65,0	0	19,0	0	150,0	0	992,0	0	1318,3	ERA5
1056862	24/07/2024	22	24/07/2024	18	HAE	21,7	0	16,9	0	74,0	0	15,0	0	130,0	0	992,0	0	738,3	ERA5
1056863	24/07/2024	23	24/07/2024	19	HAE	21,2	0	16,9	0	76,0	0	12,0	0	150,0	0	992,0	0	323,9	ERA5
1056864	25/07/2024	00	24/07/2024	20	HAE	20,7	0	16,4	0	77,0	0	18,0	0	140,0	0	991,0	0	184,6	ERA5
1056865	25/07/2024	01	24/07/2024	21	HAE	20,0	0	16,4	0	80,0	0	14,0	0	140,0	0	991,0	0	7,3	ERA5
1056866	25/07/2024	02	24/07/2024	22	HAE	19,2	0	16,4	0	84,0	0	10,0	0	150,0	0	991,0	0	0,0	ERA5
1056867	25/07/2024	03	24/07/2024	23	HAE	18,9	0	16,4	0	85,0	0	9,0	0	150,0	0	990,0	0	-0,0	ERA5
1056868	25/07/2024	04	25/07/2024	00	HAE	18,9	0	16,4	0	85,0	0	8,0	0	150,0	0	990,0	0	0,0	ERA5
1056869	25/07/2024	05	25/07/2024	01	HAE	17,9	0	17,0	0	94,0	0	6,0	0	160,0	0	990,0	0	0,0	ERA5
1056870	25/07/2024	06	25/07/2024	02	HAE	17,7	0	17,2	0	97,0	0	9,0	0	140,0	0	989,0	0	0,0	ERA5
1056871	25/07/2024	07	25/07/2024	03	HAE	17,8	0	17,0	0	95,0	0	9,0	0	140,0	0	988,0	0	0,0	ERA5
1056872	25/07/2024	08	25/07/2024	04	HAE	17,7	0	16,9	0	95,0	0	5,0	0	140,0	0	987,0	0	0,0	ERA5
1056873	25/07/2024	09	25/07/2024	05	HAE	17,4	0	16,8	0	97,0	0	6,0	0	150,0	0	987,0	0	0,0	ERA5
1056874	25/07/2024	10	25/07/2024	06	HAE	17,5	0	16,8	0	96,0	0	4,0	0	160,0	0	987,0	0	7,0	ERA5
1056875	25/07/2024	11	25/07/2024	07	HAE	17,9	0	16,9	0	94,0	0	5,0	0	140,0	0	987,0	0	64,5	ERA5
1056876	25/07/2024	12	25/07/2024	08	HAE	18,2	0	17,1	0	93,0	0	3,0	0	120,0	0	986,0	0	138,7	ERA5
1056877	25/07/2024	13	25/07/2024	09	HAE	18,9	0	17,8	0	94,0	0	1,0	0	90,0	0	986,0	0	417,2	ERA5
1056878	25/07/2024	14	25/07/2024	10	HAE	21,8	0	19,2	0	85,0	0	5,0	0	180,0	0	986,0	0	554,1	ERA5
1056879	25/07/2024	15	25/07/2024	11	HAE	22,8	0	18,0	0	74,0	0	4,0	0	230,0	0	985,0	0	1116,8	ERA5
1056880	25/07/2024	16	25/07/2024	12	HAE	24,2	0	16,9	0	64,0	0	8,0	0	180,0	0	985,0	0	1718,3	ERA5
1056881	25/07/2024	17	25/07/2024	13	HAE	24,5	0	16,1	0	59,0	0	7,0	0	230,0	0	984,0	0	2037,7	ERA5
1056882	25/07/2024	18	25/07/2024	14	HAE	25,7	0	15,6	0	54,0	0	9,0	0	210,0	0	983,0	0	1972,8	ERA5
1056883	25/07/2024	19	25/07/2024	15	HAE	23,9	0	15,4	0	59,0	0	4,0	0	260,0	0	984,0	0	1860,0	ERA5
1056884	25/07/2024	20	25/07/2024	16	HAE	22,8	0	14,3	0	59,0	0	7,0	0	250,0	0	984,0	0	1749,6	ERA5
1056885	25/07/2024	21	25/07/2024	17	HAE	22,8	0	13,8	0	57,0	0	7,0	0	260,0	0	984,0	0	1282,8	ERA5
1056886	25/07/2024	22	25/07/2024	18	HAE	20,7	0	12,9	0	61,0	0	6,0	0	260,0	0	984,0	0	779,9	ERA5
1056887	25/07/2024	23	25/07/2024	19	HAE	20,1	0	13,6	0	66,0	0	5,0	0	290,0	0	984,0	0	517,7	ERA5
1056888	26/07/2024	00	25/07/2024	20	HAE	17,0	0	15,1	0	88,0	0	3,0	0	280,0	0	985,0	0	176,6	ERA5
1056889	26/07/2024	01	25/07/2024	21	HAE	16,8	0	15,4	0	91,0	0	7,0	0	220,0	0	984,0	0	4,1	ERA5
1056890	26/07/2024	02	25/07/2024	22	HAE	16,6	0	15,5	0	93,0	0	2,0	0	100,0	0	984,0	0	0,0	ERA5
1056891	26/07/2024	03	25/07/2024	23	HAE	16,7	0	15,4	0	92,0	0	7,0	0	240,0	0	984,0	0	-0,0	ERA5
1056892	26/07/2024	04	26/07/2024	00	HAE	16,7	0	15,4	0	92,0	0	4,0	0	260,0	0	984,0	0	0,0	ERA5
1056893	26/07/2024	05	26/07/2024	01	HAE	16,7	0	15,5	0	92,0	0	3,0	0	210,0	0	984,0	0	0,0	ERA5
1056894	26/07/2024	06	26/07/2024	02	HAE	16,9	0	15,6	0	92,0	0	4,0	0	280,0	0	984,0	0	-0,0	ERA5
1056895	26/07/2024	07	26/07/2024	03	HAE	16,7	0	15,3	0	91,0	0	4,0	0	270,0	0	984,0	0	0,0	ERA5
1056896	26/07/2024	08	26/07/2024	04	HAE	16,6	0	14,5	0	88,0	0	2,0	0	280,0	0	985,0	0	0,0	ERA5
1056897	26/07/2024	09	26/07/2024	05	HAE	16,4	0	14,0	0	86,0	0	3,0	0	290,0	0	986,0	0	0,0	ERA5
1056898	26/07/2024	10	26/07/2024	06	HAE	15,5	0	13,3	0	87,0	0	2,0	0	300,0	0	987,0	0	29,3	ERA5
1056899	26/07/2024	11	26/07/2024	07	HAE	16,9	0	13,8	0	82,0	0	3,0	0	330,0	0	988,0	0	407,1	ERA5
1056900	26/07/2024	12	26/07/2024	08	HAE	18,1	0	14,6	0	80,0	0	6,0	0	10,0	0	988,0	0	1042,6	ERA5
1056901	26/07/2024	13	26/07/2024	09	HAE	19,6	0	15,1	0	75,0	0	9,0	0	340,0	0	988,0	0	1684,3	ERA5
1056902	26/07/2024	14	26/07/2024	10	HAE	20,4	0	15,0	0	71,0	0	7,0	0	350,0	0	988,0	0	2218,0	ERA5
1056903	26/07/2024	15	26/07/2024	11	HAE	22,0	0	15,0	0	64,0	0	6,0	0	20,0	0	988,0	0	2715,9	ERA5
1056904	26/07/2024	16	26/07/2024	12	HAE	23,4	0	13,8	0	55,0	0	8,0	0	350,0	0	988,0	0	2495,8	ERA5
1056905	26/07/2024	17	26/07/2024	13	HAE	24,2	0	13,3	0	51,0	0	8,0	0	350,0	0	988,0	0	2505,6	ERA5
1056906	26/07/2024	18	26/07/2024	14	HAE	23,9	0	11,3	0	45,0	0	9,0	0	310,0	0	988,0	0	2672,6	ERA5
1056907	26/07/2024	19	26/07/2024	15	HAE	24,3	0	13,6	0	51,0	0	2,0	0	320,0	0	988,0	0	2085,8	ERA5
1056908	26/07/2024	20	26/07/2024	16	HAE	24,1	0	13,2	0	50,0	0	5,0	0	330,0	0	988,0	0	1692,8	ERA5
1056909	26/07/2024	21	26/07/2024	17	HAE	24,3	0	11,6	0	45,0	0	4,0	0	330,0	0	988,0	0	1404,1	ERA5
1056910	26/07/2024	22	26/07/2024	18	HAE	23,8	0	11,6	0	47,0	0	6,0	0	300,0	0	989,0	0	865,1	ERA5
1056911	26/07/2024	23	26/07/2024	19	HAE	22,7	0	11,9	0	51,0	0	5,0	0	310,0	0	989,0	0	534,3	ERA5
1056912	27/07/2024	00	26/07/2024	20	HAE	20,8	0	11,8	0	56,0	0	5,0	0	260,0	0	989,0	0	246,3	ERA5
1056913	27/07/2024	01	26/07/2024	21	HAE	18,8	0	10,9	0	60,0	0	2,0	0	120,0	0	989,0	0	6,1	ERA5
1056914	27/07/2024	02	26/07/2024	22	HAE	16,5	0	11,7	0	73,0	0	1,0	0	200,0	0	990,0	0	0,0	ERA5
1056915	27/07/2024	03	26/07/2024	23	HAE	15,5	0	10,2	0	71,0	0	3,0	0	230,0	0	990,0	0	-0,0	ERA5
1056916	27/07/2024	04	27/07/2024	00	HAE	13,0	0	10,9	0	87,0	0	0,0	0	170,0	0	990,0	0	0,0	ERA5
1056917	27/07/2024	05	27/07/2024	01	HAE	12,7	0	11,3	0	91,0	0	6,0	0	180,0	0	990,0	0	0,0	ERA5
1056918	27/07/2024	06	27/07/2024	02	HAE	13,3	0	11,8	0	91,0	0	2,0	0	230,0	0	991,0	0	0,0	ERA5
1056919	27/07/2024	07	27/07/2024	03	HAE	11,5	0	10,8	0	95,0	0	5,0	0	180,0	0	991,0	0	0,0	ERA5
1056920	27/07/2024	08	27/07/2024	04	HAE	11,5	0	10,5	0	93,0	0	2,0	0	180,0	0	991,0	0	0,0	ERA5
1056921	27/07/2024	09	27/07/2024	05	HAE	11,4	0	10,8	0	96,0	0	5,0	0	170,0	0	991,0	0	0,0	ERA5
1056922	27/07/2024	10	27/07/2024	06	HAE	11,0	0	10,5	0	97,0	0	4,0	0	190,0	0	992,0	0	49,6	ERA5
1056923	27/07/2024	11	27/07/2024	07	HAE	11,7	0	11,0	0	95,0	0	5,0	0	160,0	0	992,0	0	437,4	ERA5
1056924	27/07/2024	12	27/07/2024	08	HAE	13,9	0	12,0	0	88,0	0	8,0	0	160,0	0	993,0	0	1025,3	ERA5
1056925	27/07/2024	13	27/07/2024	09	HAE	16,6	0	13,1	0	80,0	0	5,0	0	120,0	0	993,0	0	1720,4	ERA5
1056926	27/07/2024	14	27/07/2024	10	HAE	19,9	0	15,2	0	74,0	0	6,0	0	100,0	0	993,0	0	2314,1	ERA5
1056927	27/07/2024	15	27/07/2024	11	HAE	22,8	0	15,7	0	64,0	0	6,0	0	70,0	0	993,0	0	2789,9	ERA5
1056928	27/07/2024	16	27/07/2024	12	HAE	23,6	0	13,9	0	55,0	0	5,0	0	350,0	0	992,0	0	3120,6	ERA5
1056929	27/07/2024	17	27/07/2024	13	HAE	25,2	0	10,2	0	39,0	0	7,0	0	220,0	0	992,0	0	3269,1	ERA5
1056930	27/07/2024	18	27/07/2024	14	HAE	25,2	0	7,7	0	33,0	0	6,0	0	310,0	0	992,0	0	3227,1	ERA5
1056931	27/07/2024	19	27/07/2024	15	HAE	26,0	0	9,1	0	34,0	0	4,0	0	310,0	0	992,0	0	3000,7	ERA5
1056932	27/07/2024	20	27/07/2024	16	HAE	26,0	0	8,6	0	33,0	0	7,0	0	300,0	0	992,0	0	2599,7	ERA5
1056933	27/07/2024	21	27/07/2024	17	HAE	25,7	0	9,8	0	37,0	0	8,0	0	290,0	0	991,0	0	2090,6	ERA5
1056934	27/07/2024	22	27/07/2024	18	HAE	25,3	0	12,5	0	45,0	0	4,0	0	290,0	0	991,0	0	1483,4	ERA5
1056935	27/07/2024	23	27/07/2024	19	HAE	23,6	0	14,1	0	55,0	0	2,0	0	280,0	0	991,0	0	846,6	ERA5
1056936	28/07/2024	00	27/07/2024	20	HAE	20,5	0	14,8	0	70,0	0	3,0	0	300,0	0	991,0	0	275,4	ERA5
1056937	28/07/2024	01	27/07/2024	21	HAE	20,3	0	14,5	0	69,0	0	2,0	0	220,0	0	991,0	0	5,8	ERA5
1056938	28/07/2024	02	27/07/2024	22	HAE	18,6	0	14,8	0	79,0	0	0,0	0	50,0	0	992,0	0	0,0	ERA5
1056939	28/07/2024	03	27/07/2024	23	HAE	17,6	0	14,5	0	82,0	0	1,0	0	170,0	0	991,0	0	0,0	ERA5
1056940	28/07/2024	04	28/07/2024	00	HAE	17,7	0	14,6	0	82,0	0	2,0	0	170,0	0	992,0	0	0,0	ERA5
1056941	28/07/2024	05	28/07/2024	01	HAE	16,6	0	14,1	0	85,0	0	5,0	0	170,0	0	992,0	0	0,0	ERA5
1056942	28/07/2024	06	28/07/2024	02	HAE	16,7	0	14,6	0	88,0	0	2,0	0	160,0	0	992,0	0	0,0	ERA5
1056943	28/07/2024	07	28/07/2024	03	HAE	15,3	0	13,6	0	90,0	0	2,0	0	120,0	0	992,0	0	0,0	ERA5
1056944	28/07/2024	08	28/07/2024	04	HAE	15,5	0	14,6	0	94,0	0	2,0	0	160,0	0	993,0	0	0,0	ERA5
1056945	28/07/2024	09	28/07/2024	05	HAE	15,2	0	14,2	0	93,0	0	1,0	0	130,0	0	993,0	0	0,0	ERA5
1056946	28/07/2024	10	28/07/2024	06	HAE	15,3	0	14,4	0	94,0	0	1,0	0	100,0	0	993,0	0	45,0	ERA5
1056947	28/07/2024	11	28/07/2024	07	HAE	16,8	0	15,1	0	89,0	0	4,0	0	110,0	0	993,0	0	440,4	ERA5
1056948	28/07/2024	12	28/07/2024	08	HAE	18,9	0	15,8	0	83,0	0	4,0	0	80,0	0	993,0	0	1039,4	ERA5
1056949	28/07/2024	13	28/07/2024	09	HAE	21,8	0	16,9	0	73,0	0	3,0	0	50,0	0	993,0	0	1667,4	ERA5
1056950	28/07/2024	14	28/07/2024	10	HAE	24,3	0	17,0	0	64,0	0	10,0	0	190,0	0	992,0	0	2246,3	ERA5
1056951	28/07/2024	15	28/07/2024	11	HAE	26,4	0	18,2	0	61,0	0	3,0	0	190,0	0	992,0	0	2716,0	ERA5
1056952	28/07/2024	16	28/07/2024	12	HAE	27,3	0	17,7	0	56,0	0	9,0	0	190,0	0	992,0	0	3040,4	ERA5
1056953	28/07/2024	17	28/07/2024	13	HAE	28,0	0	17,0	0	51,0	0	8,0	0	180,0	0	992,0	0	3188,0	ERA5
1056954	28/07/2024	18	28/07/2024	14	HAE	28,6	0	16,0	0	47,0	0	8,0	0	190,0	0	991,0	0	3154,6	ERA5
1056955	28/07/2024	19	28/07/2024	15	HAE	29,2	0	17,4	0	49,0	0	6,0	0	190,0	0	991,0	0	2933,3	ERA5
1056956	28/07/2024	20	28/07/2024	16	HAE	29,5	0	15,9	0	44,0	0	5,0	0	210,0	0	991,0	0	2552,9	ERA5
1056957	28/07/2024	21	28/07/2024	17	HAE	29,0	0	15,6	0	44,0	0	5,0	0	310,0	0	990,0	0	2039,0	ERA5
1056958	28/07/2024	22	28/07/2024	18	HAE	28,4	0	16,8	0	49,0	0	5,0	0	330,0	0	990,0	0	1443,4	ERA5
1056959	28/07/2024	23	28/07/2024	19	HAE	26,2	0	18,2	0	62,0	0	6,0	0	320,0	0	990,0	0	814,4	ERA5
1056960	29/07/2024	00	28/07/2024	20	HAE	24,8	0	18,6	0	69,0	0	1,0	0	250,0	0	990,0	0	261,1	ERA5
1056961	29/07/2024	01	28/07/2024	21	HAE	22,3	0	18,0	0	77,0	0	4,0	0	220,0	0	990,0	0	4,7	ERA5
1056962	29/07/2024	02	28/07/2024	22	HAE	20,3	0	17,7	0	85,0	0	1,0	0	160,0	0	990,0	0	0,0	ERA5
1056963	29/07/2024	03	28/07/2024	23	HAE	19,3	0	17,5	0	89,0	0	2,0	0	340,0	0	990,0	0	-0,0	ERA5
1056964	29/07/2024	04	29/07/2024	00	HAE	18,5	0	17,4	0	93,0	0	2,0	0	270,0	0	990,0	0	0,0	ERA5
1056965	29/07/2024	05	29/07/2024	01	HAE	18,3	0	17,4	0	94,0	0	4,0	0	190,0	0	990,0	0	0,0	ERA5
1056966	29/07/2024	06	29/07/2024	02	HAE	17,3	0	16,8	0	96,0	0	3,0	0	180,0	0	990,0	0	0,0	ERA5
1056967	29/07/2024	07	29/07/2024	03	HAE	17,5	0	16,8	0	95,0	0	4,0	0	180,0	0	990,0	0	0,0	ERA5
1056968	29/07/2024	08	29/07/2024	04	HAE	16,6	0	15,9	0	95,0	0	5,0	0	150,0	0	989,0	0	0,0	ERA5
1056969	29/07/2024	09	29/07/2024	05	HAE	16,2	0	15,8	0	98,0	0	6,0	0	180,0	0	989,0	0	0,0	ERA5
1056970	29/07/2024	10	29/07/2024	06	HAE	16,2	0	15,9	0	98,0	0	4,0	0	180,0	0	989,0	0	36,7	ERA5
1056971	29/07/2024	11	29/07/2024	07	HAE	17,6	0	16,1	0	91,0	0	0,0	0	30,0	0	989,0	0	375,9	ERA5
1056972	29/07/2024	12	29/07/2024	08	HAE	19,4	0	17,0	0	86,0	0	5,0	0	120,0	0	990,0	0	950,4	ERA5
1056973	29/07/2024	13	29/07/2024	09	HAE	21,1	0	17,2	0	79,0	0	4,0	0	110,0	0	989,0	0	1606,8	ERA5
1056974	29/07/2024	14	29/07/2024	10	HAE	24,4	0	18,0	0	68,0	0	2,0	0	60,0	0	989,0	0	2241,1	ERA5
1056975	29/07/2024	15	29/07/2024	11	HAE	26,2	0	18,2	0	62,0	0	2,0	0	160,0	0	988,0	0	2716,3	ERA5
1056976	29/07/2024	16	29/07/2024	12	HAE	28,3	0	17,0	0	50,0	0	5,0	0	140,0	0	988,0	0	2926,5	ERA5
1056977	29/07/2024	17	29/07/2024	13	HAE	29,2	0	15,6	0	44,0	0	8,0	0	160,0	0	987,0	0	2957,5	ERA5
1056978	29/07/2024	18	29/07/2024	14	HAE	29,2	0	17,6	0	50,0	0	15,0	0	130,0	0	986,0	0	2872,4	ERA5
1056979	29/07/2024	19	29/07/2024	15	HAE	29,2	0	18,3	0	52,0	0	13,0	0	120,0	0	986,0	0	2820,3	ERA5
1056980	29/07/2024	20	29/07/2024	16	HAE	29,2	0	19,1	0	54,0	0	15,0	0	140,0	0	985,0	0	2561,3	ERA5
1056981	29/07/2024	21	29/07/2024	17	HAE	28,7	0	18,1	0	53,0	0	13,0	0	130,0	0	985,0	0	2061,3	ERA5
1056982	29/07/2024	22	29/07/2024	18	HAE	27,5	0	17,1	0	53,0	0	12,0	0	150,0	0	985,0	0	1442,3	ERA5
1056983	29/07/2024	23	29/07/2024	19	HAE	25,5	0	17,4	0	61,0	0	12,0	0	140,0	0	985,0	0	759,0	ERA5
1056984	30/07/2024	00	29/07/2024	20	HAE	23,3	0	16,7	0	66,0	0	7,0	0	160,0	0	985,0	0	214,6	ERA5
1056985	30/07/2024	01	29/07/2024	21	HAE	21,8	0	16,2	0	70,0	0	10,0	0	150,0	0	986,0	0	3,3	ERA5
1056986	30/07/2024	02	29/07/2024	22	HAE	20,0	0	16,1	0	78,0	0	12,0	0	150,0	0	986,0	0	0,0	ERA5
1056987	30/07/2024	03	29/07/2024	23	HAE	18,8	0	15,6	0	82,0	0	8,0	0	150,0	0	986,0	0	0,0	ERA5
1056988	30/07/2024	04	30/07/2024	00	HAE	17,7	0	15,5	0	87,0	0	9,0	0	150,0	0	986,0	0	0,0	ERA5
1056989	30/07/2024	05	30/07/2024	01	HAE	17,7	0	15,6	0	87,0	0	5,0	0	150,0	0	986,0	0	0,0	ERA5
1056990	30/07/2024	06	30/07/2024	02	HAE	17,5	0	15,8	0	90,0	0	7,0	0	180,0	0	985,0	0	-0,0	ERA5
1056991	30/07/2024	07	30/07/2024	03	HAE	17,1	0	15,6	0	91,0	0	7,0	0	160,0	0	985,0	0	0,0	ERA5
1056992	30/07/2024	08	30/07/2024	04	HAE	17,0	0	15,5	0	91,0	0	8,0	0	160,0	0	985,0	0	0,0	ERA5
1056993	30/07/2024	09	30/07/2024	05	HAE	17,0	0	15,6	0	91,0	0	8,0	0	160,0	0	985,0	0	0,0	ERA5
1056994	30/07/2024	10	30/07/2024	06	HAE	17,3	0	15,7	0	90,0	0	4,0	0	190,0	0	985,0	0	13,9	ERA5
1056995	30/07/2024	11	30/07/2024	07	HAE	17,6	0	15,9	0	90,0	0	7,0	0	150,0	0	985,0	0	96,8	ERA5
1056996	30/07/2024	12	30/07/2024	08	HAE	19,0	4.lineaire	16,7	4.lineaire	86,5	4.lineaire	4,5	4.lineaire	125,0	4.lineaire	985,5	4.lineaire	223,2	ERA5
1056997	30/07/2024	13	30/07/2024	09	HAE	20,4	0	17,5	0	83,0	0	2,0	0	100,0	0	986,0	0	587,4	ERA5
1056998	30/07/2024	14	30/07/2024	10	HAE	22,1	0	18,3	0	79,0	0	5,0	0	200,0	0	985,0	0	600,5	ERA5
1056999	30/07/2024	15	30/07/2024	11	HAE	22,9	0	18,3	0	75,0	0	8,0	0	190,0	0	985,0	0	829,4	ERA5
1057000	30/07/2024	16	30/07/2024	12	HAE	26,1	0	19,2	0	66,0	0	7,0	0	180,0	0	985,0	0	1238,3	ERA5
1057001	30/07/2024	17	30/07/2024	13	HAE	26,2	0	18,2	0	61,0	0	12,0	0	170,0	0	985,0	0	1334,2	ERA5
1057002	30/07/2024	18	30/07/2024	14	HAE	26,3	0	18,5	0	62,0	0	4,0	0	180,0	0	984,0	0	1878,1	ERA5
1057003	30/07/2024	19	30/07/2024	15	HAE	26,8	0	18,5	0	60,0	0	6,0	0	210,0	0	984,0	0	1967,7	ERA5
1057004	30/07/2024	20	30/07/2024	16	HAE	27,7	0	17,3	0	53,0	0	2,0	0	210,0	0	984,0	0	1843,3	ERA5
1057005	30/07/2024	21	30/07/2024	17	HAE	28,2	0	16,1	0	48,0	0	2,0	0	240,0	0	984,0	0	1268,6	ERA5
1057006	30/07/2024	22	30/07/2024	18	HAE	27,4	0	15,6	0	49,0	0	6,0	0	190,0	0	984,0	0	837,9	ERA5
1057007	30/07/2024	23	30/07/2024	19	HAE	25,3	0	17,3	0	61,0	0	1,0	0	250,0	0	984,0	0	606,2	ERA5
1057008	31/07/2024	00	30/07/2024	20	HAE	23,4	0	17,6	0	70,0	0	4,0	0	230,0	0	984,0	0	219,6	ERA5
1057009	31/07/2024	01	30/07/2024	21	HAE	21,1	0	17,5	0	80,0	0	0,0	0	200,0	0	985,0	0	2,6	ERA5
1057010	31/07/2024	02	30/07/2024	22	HAE	20,6	0	17,6	0	83,0	0	2,0	0	220,0	0	985,0	0	0,0	ERA5
1057011	31/07/2024	03	30/07/2024	23	HAE	19,6	0	17,6	0	88,0	0	3,0	0	190,0	0	985,0	0	-0,0	ERA5
1057012	31/07/2024	04	31/07/2024	00	HAE	20,2	0	17,5	0	84,0	0	5,0	0	180,0	0	985,0	0	0,0	ERA5
1057013	31/07/2024	05	31/07/2024	01	HAE	20,0	0	17,4	0	85,0	0	2,0	0	170,0	0	985,0	0	0,0	ERA5
1057014	31/07/2024	06	31/07/2024	02	HAE	19,7	0	17,8	0	89,0	0	4,0	0	190,0	0	985,0	0	0,0	ERA5
1057015	31/07/2024	07	31/07/2024	03	HAE	19,5	0	17,5	0	88,0	0	2,0	0	180,0	0	985,0	0	0,0	ERA5
1057016	31/07/2024	08	31/07/2024	04	HAE	18,8	0	17,7	0	94,0	0	6,0	0	170,0	0	984,0	0	0,0	ERA5
1057017	31/07/2024	09	31/07/2024	05	HAE	18,9	0	17,7	0	93,0	0	2,0	0	190,0	0	985,0	0	0,0	ERA5
1057018	31/07/2024	10	31/07/2024	06	HAE	19,4	0	18,1	0	92,0	0	6,0	0	160,0	0	985,0	0	28,8	ERA5
1057019	31/07/2024	11	31/07/2024	07	HAE	19,8	0	18,3	0	91,0	0	4,0	0	170,0	0	985,0	0	319,1	ERA5
1057020	31/07/2024	12	31/07/2024	08	HAE	20,8	0	19,0	0	89,0	0	3,0	0	170,0	0	985,0	0	674,2	ERA5
1057021	31/07/2024	13	31/07/2024	09	HAE	23,2	0	20,0	0	83,0	0	5,0	0	130,0	0	985,0	0	1113,0	ERA5
1057022	31/07/2024	14	31/07/2024	10	HAE	25,0	0	20,0	0	74,0	0	8,0	0	190,0	0	985,0	0	1354,3	ERA5
1057023	31/07/2024	15	31/07/2024	11	HAE	26,1	0	20,3	0	71,0	0	4,0	0	200,0	0	984,0	0	1155,7	ERA5
1057024	31/07/2024	16	31/07/2024	12	HAE	26,8	0	20,5	0	68,0	0	6,0	0	200,0	0	984,0	0	1561,5	ERA5
1057025	31/07/2024	17	31/07/2024	13	HAE	26,9	0	20,3	0	67,0	0	8,0	0	190,0	0	984,0	0	1764,4	ERA5
1057026	31/07/2024	18	31/07/2024	14	HAE	26,8	0	20,2	0	67,0	0	9,0	0	170,0	0	983,0	0	1876,2	ERA5
1057027	31/07/2024	19	31/07/2024	15	HAE	27,0	0	20,1	0	66,0	0	10,0	0	200,0	0	983,0	0	1312,8	ERA5
1057028	31/07/2024	20	31/07/2024	16	HAE	25,8	0	22,6	0	83,0	0	6,0	0	180,0	0	982,0	0	1474,0	ERA5
1057029	31/07/2024	21	31/07/2024	17	HAE	23,1	0	21,9	0	93,0	0	2,0	0	170,0	0	982,0	0	649,2	ERA5
1057030	31/07/2024	22	31/07/2024	18	HAE	22,9	0	22,1	0	95,0	0	5,0	0	100,0	0	982,0	0	481,1	ERA5
1057031	31/07/2024	23	31/07/2024	19	HAE	21,7	0	21,1	0	96,0	0	4,0	0	250,0	0	982,0	0	276,0	ERA5
1057032	01/08/2024	00	31/07/2024	20	HAE	21,8	0	21,5	0	98,0	0	1,0	0	240,0	0	982,0	0	92,1	ERA5
1057033	01/08/2024	01	31/07/2024	21	HAE	20,9	0	20,6	0	98,0	0	2,0	0	110,0	0	983,0	0	1,2	ERA5
1057034	01/08/2024	02	31/07/2024	22	HAE	20,8	0	20,6	0	99,0	0	4,0	0	140,0	0	982,0	0	0,0	ERA5
1057035	01/08/2024	03	31/07/2024	23	HAE	20,7	0	20,6	0	99,0	0	3,0	0	160,0	0	982,0	0	0,0	ERA5
1057036	01/08/2024	04	01/08/2024	00	HAE	20,8	0	20,7	0	99,0	0	6,0	0	180,0	0	982,0	0	0,0	ERA5
1057037	01/08/2024	05	01/08/2024	01	HAE	20,8	0	20,8	0	100,0	0	0,0	0	0,0	0	982,0	0	0,0	ERA5
1057038	01/08/2024	06	01/08/2024	02	HAE	20,9	0	20,8	0	99,0	0	1,0	0	220,0	0	982,0	0	0,0	ERA5
1057039	01/08/2024	07	01/08/2024	03	HAE	21,4	0	21,2	0	99,0	0	1,0	0	290,0	0	982,0	0	0,0	ERA5
1057040	01/08/2024	08	01/08/2024	04	HAE	21,2	0	20,8	0	98,0	0	2,0	0	360,0	0	982,0	0	0,0	ERA5
1057041	01/08/2024	09	01/08/2024	05	HAE	21,0	0	20,8	0	99,0	0	2,0	0	310,0	0	982,0	0	0,0	ERA5
1057042	01/08/2024	10	01/08/2024	06	HAE	21,0	0	20,6	0	98,0	0	1,0	0	270,0	0	983,0	0	13,1	ERA5
1057043	01/08/2024	11	01/08/2024	07	HAE	21,6	0	21,0	0	96,0	0	2,0	0	100,0	0	983,0	0	144,8	ERA5
1057044	01/08/2024	12	01/08/2024	08	HAE	22,4	0	21,4	0	94,0	0	3,0	0	50,0	0	983,0	0	436,6	ERA5
1057045	01/08/2024	13	01/08/2024	09	HAE	23,2	0	20,8	0	86,0	0	7,0	0	340,0	0	984,0	0	1092,0	ERA5
1057046	01/08/2024	14	01/08/2024	10	HAE	23,9	0	20,8	0	82,0	0	5,0	0	10,0	0	984,0	0	1819,4	ERA5
1057047	01/08/2024	15	01/08/2024	11	HAE	25,1	0	20,2	0	74,0	0	5,0	0	350,0	0	985,0	0	2116,4	ERA5
1057048	01/08/2024	16	01/08/2024	12	HAE	26,0	0	20,4	0	71,0	0	7,0	0	360,0	0	985,0	0	2785,9	ERA5
1057049	01/08/2024	17	01/08/2024	13	HAE	26,9	0	20,2	0	67,0	0	5,0	0	350,0	0	984,0	0	2941,1	ERA5
1057050	01/08/2024	18	01/08/2024	14	HAE	27,5	0	19,4	0	61,0	0	10,0	0	350,0	0	984,0	0	2765,9	ERA5
1057051	01/08/2024	19	01/08/2024	15	HAE	28,0	0	19,0	0	58,0	0	7,0	0	290,0	0	984,0	0	2465,2	ERA5
1057052	01/08/2024	20	01/08/2024	16	HAE	28,0	0	19,3	0	59,0	0	7,0	0	330,0	0	984,0	0	2031,8	ERA5
1057053	01/08/2024	21	01/08/2024	17	HAE	28,6	0	20,2	0	61,0	0	4,0	0	320,0	0	984,0	0	1578,2	ERA5
1057054	01/08/2024	22	01/08/2024	18	HAE	27,7	0	19,2	0	60,0	0	3,0	0	330,0	0	984,0	0	1161,6	ERA5
1057055	01/08/2024	23	01/08/2024	19	HAE	26,2	0	19,8	0	68,0	0	1,0	0	260,0	0	984,0	0	634,4	ERA5
1057056	02/08/2024	00	01/08/2024	20	HAE	24,4	0	20,1	0	77,0	0	1,0	0	290,0	0	984,0	0	221,2	ERA5
1057057	02/08/2024	01	01/08/2024	21	HAE	23,5	0	20,3	0	82,0	0	1,0	0	40,0	0	984,0	0	1,3	ERA5
1057058	02/08/2024	02	01/08/2024	22	HAE	22,3	0	20,2	0	88,0	0	5,0	0	320,0	0	985,0	0	0,0	ERA5
1057059	02/08/2024	03	01/08/2024	23	HAE	20,7	0	19,5	0	93,0	0	2,0	0	200,0	0	985,0	0	0,0	ERA5
1057060	02/08/2024	04	02/08/2024	00	HAE	20,0	0	19,2	0	95,0	0	0,0	0	160,0	0	985,0	0	0,0	ERA5
1057061	02/08/2024	05	02/08/2024	01	HAE	19,9	0	19,1	0	95,0	0	2,0	0	250,0	0	985,0	0	0,0	ERA5
1057062	02/08/2024	06	02/08/2024	02	HAE	19,3	0	18,8	0	97,0	0	3,0	0	210,0	0	985,0	0	0,0	ERA5
1057063	02/08/2024	07	02/08/2024	03	HAE	18,2	0	17,6	0	97,0	0	2,0	0	170,0	0	985,0	0	0,0	ERA5
1057064	02/08/2024	08	02/08/2024	04	HAE	18,6	0	18,3	0	98,0	0	4,0	0	170,0	0	985,0	0	0,0	ERA5
1057065	02/08/2024	09	02/08/2024	05	HAE	18,6	0	18,4	0	99,0	0	4,0	0	170,0	0	985,0	0	0,0	ERA5
1057066	02/08/2024	10	02/08/2024	06	HAE	18,2	0	18,1	0	99,0	0	3,0	0	200,0	0	985,0	0	26,6	ERA5
1057067	02/08/2024	11	02/08/2024	07	HAE	18,6	0	18,4	0	99,0	0	4,0	0	160,0	0	985,0	0	362,5	ERA5
1057068	02/08/2024	12	02/08/2024	08	HAE	20,1	0	19,7	0	98,0	0	1,0	0	150,0	0	985,0	0	934,5	ERA5
1057069	02/08/2024	13	02/08/2024	09	HAE	23,7	0	20,9	0	84,0	0	5,0	0	110,0	0	985,0	0	1556,5	ERA5
1057070	02/08/2024	14	02/08/2024	10	HAE	27,7	0	22,6	0	74,0	0	2,0	0	150,0	0	985,0	0	2035,4	ERA5
1057071	02/08/2024	15	02/08/2024	11	HAE	28,9	0	21,5	0	64,0	0	5,0	0	220,0	0	985,0	0	2514,2	ERA5
1057072	02/08/2024	16	02/08/2024	12	HAE	30,3	0	18,3	0	49,0	0	5,0	0	290,0	0	984,0	0	2777,4	ERA5
1057073	02/08/2024	17	02/08/2024	13	HAE	30,4	0	18,5	0	49,0	0	3,0	0	270,0	0	984,0	0	2834,6	ERA5
1057074	02/08/2024	18	02/08/2024	14	HAE	31,1	0	19,0	0	49,0	0	7,0	0	210,0	0	984,0	0	2217,6	ERA5
1057075	02/08/2024	19	02/08/2024	15	HAE	30,6	0	18,5	0	48,0	0	3,0	0	250,0	0	983,0	0	2534,2	ERA5
1057076	02/08/2024	20	02/08/2024	16	HAE	31,4	0	19,6	0	49,0	0	3,0	0	170,0	0	983,0	0	1865,8	ERA5
1057077	02/08/2024	21	02/08/2024	17	HAE	30,5	0	18,5	0	49,0	0	4,0	0	300,0	0	983,0	0	1453,2	ERA5
1057078	02/08/2024	22	02/08/2024	18	HAE	29,2	0	19,2	0	55,0	0	2,0	0	280,0	0	983,0	0	951,8	ERA5
1057079	02/08/2024	23	02/08/2024	19	HAE	27,1	0	20,8	0	68,0	0	2,0	0	220,0	0	983,0	0	469,7	ERA5
1057080	03/08/2024	00	02/08/2024	20	HAE	24,9	0	20,1	0	75,0	0	1,0	0	300,0	0	983,0	0	155,9	ERA5
1057081	03/08/2024	01	02/08/2024	21	HAE	23,4	0	20,1	0	82,0	0	1,0	0	170,0	0	983,0	0	0,8	ERA5
1057082	03/08/2024	02	02/08/2024	22	HAE	22,3	0	19,7	0	86,0	0	2,0	0	200,0	0	983,0	0	0,0	ERA5
1057083	03/08/2024	03	02/08/2024	23	HAE	21,6	0	19,8	0	90,0	0	2,0	0	170,0	0	983,0	0	0,0	ERA5
1057084	03/08/2024	04	03/08/2024	00	HAE	22,1	0	19,9	0	87,0	0	3,0	0	180,0	0	983,0	0	0,0	ERA5
1057085	03/08/2024	05	03/08/2024	01	HAE	20,0	0	18,7	0	92,0	0	2,0	0	150,0	0	983,0	0	0,0	ERA5
1057086	03/08/2024	06	03/08/2024	02	HAE	20,7	0	19,5	0	93,0	0	3,0	0	180,0	0	982,0	0	0,0	ERA5
1057087	03/08/2024	07	03/08/2024	03	HAE	20,0	0	19,1	0	95,0	0	2,0	0	180,0	0	982,0	0	0,0	ERA5
1057088	03/08/2024	08	03/08/2024	04	HAE	20,0	0	19,2	0	95,0	0	6,0	0	150,0	0	982,0	0	0,0	ERA5
1057089	03/08/2024	09	03/08/2024	05	HAE	19,8	0	19,1	0	96,0	0	1,0	0	180,0	0	982,0	0	0,0	ERA5
1057090	03/08/2024	10	03/08/2024	06	HAE	20,1	0	19,2	0	94,0	0	4,0	0	180,0	0	982,0	0	12,6	ERA5
1057091	03/08/2024	11	03/08/2024	07	HAE	20,2	0	19,3	0	94,0	0	1,0	0	170,0	0	982,0	0	186,8	ERA5
1057092	03/08/2024	12	03/08/2024	08	HAE	21,3	0	19,9	0	92,0	0	4,0	0	140,0	0	982,0	0	785,3	ERA5
1057093	03/08/2024	13	03/08/2024	09	HAE	22,9	0	20,3	0	85,0	0	5,0	0	120,0	0	981,0	0	1299,8	ERA5
1057094	03/08/2024	14	03/08/2024	10	HAE	25,7	0	22,1	0	80,0	0	2,0	0	70,0	0	981,0	0	1917,1	ERA5
1057095	03/08/2024	15	03/08/2024	11	HAE	28,0	0	21,8	0	69,0	0	2,0	0	230,0	0	981,0	0	2309,1	ERA5
1057096	03/08/2024	16	03/08/2024	12	HAE	29,5	0	21,0	0	60,0	0	4,0	0	200,0	0	980,0	0	2622,4	ERA5
1057097	03/08/2024	17	03/08/2024	13	HAE	29,9	0	19,3	0	53,0	0	5,0	0	260,0	0	980,0	0	2735,2	ERA5
1057098	03/08/2024	18	03/08/2024	14	HAE	30,8	0	19,5	0	51,0	0	11,0	0	220,0	0	980,0	0	2851,4	ERA5
1057099	03/08/2024	19	03/08/2024	15	HAE	31,0	0	18,8	0	48,0	0	7,0	0	210,0	0	979,0	0	2419,5	ERA5
1057100	03/08/2024	20	03/08/2024	16	HAE	30,4	0	19,7	0	53,0	0	8,0	0	290,0	0	979,0	0	1388,3	ERA5
1057101	03/08/2024	21	03/08/2024	17	HAE	30,1	0	19,7	0	54,0	0	4,0	0	300,0	0	979,0	0	1135,6	ERA5
1057102	03/08/2024	22	03/08/2024	18	HAE	28,8	0	20,1	0	59,0	0	6,0	0	290,0	0	979,0	0	845,5	ERA5
1057103	03/08/2024	23	03/08/2024	19	HAE	27,5	0	19,7	0	63,0	0	4,0	0	300,0	0	980,0	0	651,6	ERA5
1057104	04/08/2024	00	03/08/2024	20	HAE	25,9	0	20,4	0	72,0	0	5,0	0	270,0	0	981,0	0	123,0	ERA5
1057105	04/08/2024	01	03/08/2024	21	HAE	24,4	0	19,2	0	73,0	0	3,0	0	210,0	0	981,0	0	0,4	ERA5
1057106	04/08/2024	02	03/08/2024	22	HAE	23,3	0	19,1	0	78,0	0	4,0	0	320,0	0	981,0	0	-0,0	ERA5
1057107	04/08/2024	03	03/08/2024	23	HAE	21,9	0	18,5	0	81,0	0	3,0	0	310,0	0	981,0	0	0,0	ERA5
1057108	04/08/2024	04	04/08/2024	00	HAE	20,8	0	18,1	0	85,0	0	0,0	0	270,0	0	981,0	0	0,0	ERA5
1057109	04/08/2024	05	04/08/2024	01	HAE	20,7	0	18,2	0	86,0	0	4,0	0	290,0	0	982,0	0	0,0	ERA5
1057110	04/08/2024	06	04/08/2024	02	HAE	20,4	0	18,1	0	87,0	0	2,0	0	260,0	0	982,0	0	0,0	ERA5
1057111	04/08/2024	07	04/08/2024	03	HAE	19,8	0	18,1	0	90,0	0	2,0	0	270,0	0	982,0	0	0,0	ERA5
1057112	04/08/2024	08	04/08/2024	04	HAE	18,9	0	17,9	0	94,0	0	2,0	0	210,0	0	983,0	0	0,0	ERA5
1057113	04/08/2024	09	04/08/2024	05	HAE	18,0	0	17,0	0	94,0	0	3,0	0	120,0	0	983,0	0	0,0	ERA5
1057114	04/08/2024	10	04/08/2024	06	HAE	18,2	0	17,3	0	95,0	0	3,0	0	160,0	0	983,0	0	19,3	ERA5
1057115	04/08/2024	11	04/08/2024	07	HAE	19,7	0	18,3	0	92,0	0	0,0	0	0,0	0	984,0	0	303,4	ERA5
1057116	04/08/2024	12	04/08/2024	08	HAE	19,7	0	18,4	0	92,0	0	2,0	0	170,0	0	984,0	0	715,2	ERA5
1057117	04/08/2024	13	04/08/2024	09	HAE	21,8	0	20,1	0	90,0	0	3,0	0	150,0	0	984,0	0	1193,1	ERA5
1057118	04/08/2024	14	04/08/2024	10	HAE	24,2	0	19,8	0	77,0	0	3,0	0	60,0	0	983,0	0	1555,1	ERA5
1057119	04/08/2024	15	04/08/2024	11	HAE	26,4	0	19,7	0	67,0	0	5,0	0	220,0	0	983,0	0	2220,3	ERA5
1057120	04/08/2024	16	04/08/2024	12	HAE	28,0	0	19,3	0	59,0	0	5,0	0	170,0	0	983,0	0	2438,2	ERA5
1057121	04/08/2024	17	04/08/2024	13	HAE	19,9	0	18,3	0	91,0	0	8,0	0	10,0	0	983,0	0	2452,9	ERA5
1057122	04/08/2024	18	04/08/2024	14	HAE	25,2	0	20,7	0	76,0	0	5,0	0	160,0	0	982,0	0	2425,8	ERA5
1057123	04/08/2024	19	04/08/2024	15	HAE	27,6	0	18,9	0	59,0	0	2,0	0	350,0	0	982,0	0	2397,7	ERA5
1057124	04/08/2024	20	04/08/2024	16	HAE	28,0	0	18,8	0	58,0	0	2,0	0	350,0	0	982,0	0	1689,5	ERA5
1057125	04/08/2024	21	04/08/2024	17	HAE	27,1	0	19,1	0	62,0	0	3,0	0	310,0	0	982,0	0	1435,6	ERA5
1057126	04/08/2024	22	04/08/2024	18	HAE	25,7	0	18,2	0	63,0	0	1,0	0	270,0	0	982,0	0	924,8	ERA5
1057127	04/08/2024	23	04/08/2024	19	HAE	21,5	0	18,7	0	84,0	0	4,0	0	290,0	0	983,0	0	407,7	ERA5
1057128	05/08/2024	00	04/08/2024	20	HAE	20,8	0	19,2	0	91,0	0	2,0	0	270,0	0	984,0	0	86,5	ERA5
1057129	05/08/2024	01	04/08/2024	21	HAE	19,6	0	19,0	0	96,0	0	4,0	0	150,0	0	984,0	0	0,1	ERA5
1057130	05/08/2024	02	04/08/2024	22	HAE	18,8	0	18,2	0	97,0	0	4,0	0	150,0	0	984,0	0	0,0	ERA5
1057131	05/08/2024	03	04/08/2024	23	HAE	18,9	0	18,4	0	97,0	0	2,0	0	360,0	0	985,0	0	0,0	ERA5
1057132	05/08/2024	04	05/08/2024	00	HAE	19,4	0	17,9	0	91,0	0	4,0	0	250,0	0	985,0	0	0,0	ERA5
1057133	05/08/2024	05	05/08/2024	01	HAE	18,7	0	17,8	0	94,0	0	1,0	0	30,0	0	985,0	0	0,0	ERA5
1057134	05/08/2024	06	05/08/2024	02	HAE	18,3	0	17,9	0	97,0	0	1,0	0	280,0	0	985,0	0	-0,0	ERA5
1057135	05/08/2024	07	05/08/2024	03	HAE	17,9	0	17,3	0	96,0	0	0,0	0	0,0	0	985,0	0	0,0	ERA5
1057136	05/08/2024	08	05/08/2024	04	HAE	17,7	0	17,1	0	96,0	0	2,0	0	330,0	0	985,0	0	0,0	ERA5
1057137	05/08/2024	09	05/08/2024	05	HAE	17,1	0	16,1	0	94,0	0	1,0	0	290,0	0	986,0	0	0,0	ERA5
1057138	05/08/2024	10	05/08/2024	06	HAE	16,3	0	15,5	0	95,0	0	2,0	0	330,0	0	986,0	0	17,1	ERA5
1057139	05/08/2024	11	05/08/2024	07	HAE	17,3	0	16,0	0	92,0	0	3,0	0	330,0	0	987,0	0	288,2	ERA5
1057140	05/08/2024	12	05/08/2024	08	HAE	18,8	0	14,5	0	76,0	0	9,0	0	320,0	0	988,0	0	799,7	ERA5
1057141	05/08/2024	13	05/08/2024	09	HAE	18,5	0	12,9	0	70,0	0	6,0	0	310,0	0	988,0	0	1404,3	ERA5
1057142	05/08/2024	14	05/08/2024	10	HAE	19,6	0	11,4	0	59,0	0	7,0	0	10,0	0	988,0	0	1716,2	ERA5
1057143	05/08/2024	15	05/08/2024	11	HAE	20,7	0	8,9	0	47,0	0	3,0	0	320,0	0	988,0	0	2180,1	ERA5
1057144	05/08/2024	16	05/08/2024	12	HAE	20,8	0	8,4	0	45,0	0	3,0	0	350,0	0	988,0	0	2285,3	ERA5
1057145	05/08/2024	17	05/08/2024	13	HAE	21,7	0	7,8	0	41,0	0	7,0	0	320,0	0	988,0	0	2806,4	ERA5
1057146	05/08/2024	18	05/08/2024	14	HAE	22,0	0	10,0	0	46,0	0	4,0	0	220,0	0	987,0	0	2753,2	ERA5
1057147	05/08/2024	19	05/08/2024	15	HAE	21,6	0	11,9	0	54,0	0	4,0	0	190,0	0	987,0	0	1511,8	ERA5
1057148	05/08/2024	20	05/08/2024	16	HAE	20,3	0	12,8	0	62,0	0	6,0	0	240,0	0	987,0	0	1019,7	ERA5
1057149	05/08/2024	21	05/08/2024	17	HAE	18,0	0	14,8	0	82,0	0	4,0	0	220,0	0	987,0	0	582,8	ERA5
1057150	05/08/2024	22	05/08/2024	18	HAE	16,5	0	14,8	0	89,0	0	6,0	0	230,0	0	987,0	0	202,5	ERA5
1057151	05/08/2024	23	05/08/2024	19	HAE	15,4	0	13,3	0	88,0	0	4,0	0	230,0	0	987,0	0	101,9	ERA5
1057152	06/08/2024	00	05/08/2024	20	HAE	14,4	0	13,6	0	95,0	0	3,0	0	90,0	0	987,0	0	58,7	ERA5
1057153	06/08/2024	01	05/08/2024	21	HAE	14,3	0	13,6	0	95,0	0	0,0	0	10,0	0	987,0	0	0,1	ERA5
1057154	06/08/2024	02	05/08/2024	22	HAE	14,1	0	13,8	0	99,0	0	4,0	0	160,0	0	987,0	0	0,0	ERA5
1057155	06/08/2024	03	05/08/2024	23	HAE	14,0	0	13,6	0	98,0	0	4,0	0	340,0	0	988,0	0	0,0	ERA5
1057156	06/08/2024	04	06/08/2024	00	HAE	13,8	0	13,5	0	98,0	0	0,0	0	0,0	0	987,0	0	0,0	ERA5
1057157	06/08/2024	05	06/08/2024	01	HAE	13,0	0	12,7	0	99,0	0	1,0	0	330,0	0	988,0	0	0,0	ERA5
1057158	06/08/2024	06	06/08/2024	02	HAE	12,4	0	12,3	0	99,0	0	5,0	0	170,0	0	987,0	0	-0,0	ERA5
1057159	06/08/2024	07	06/08/2024	03	HAE	12,2	0	12,1	0	99,0	0	0,0	0	0,0	0	987,0	0	0,0	ERA5
1057160	06/08/2024	08	06/08/2024	04	HAE	11,6	0	11,5	0	99,0	0	0,0	0	0,0	0	987,0	0	0,0	ERA5
1057161	06/08/2024	09	06/08/2024	05	HAE	12,5	0	12,4	0	99,0	0	1,0	0	150,0	0	988,0	0	0,0	ERA5
1057162	06/08/2024	10	06/08/2024	06	HAE	12,9	0	12,7	0	99,0	0	2,0	0	80,0	0	988,0	0	14,1	ERA5
1057163	06/08/2024	11	06/08/2024	07	HAE	13,3	0	12,9	0	97,0	0	1,0	0	360,0	0	989,0	0	244,1	ERA5
1057164	06/08/2024	12	06/08/2024	08	HAE	13,5	0	13,0	0	96,0	0	2,0	0	20,0	0	989,0	0	754,4	ERA5
1057165	06/08/2024	13	06/08/2024	09	HAE	13,9	0	12,4	0	90,0	0	5,0	0	350,0	0	989,0	0	1324,1	ERA5
1057166	06/08/2024	14	06/08/2024	10	HAE	15,5	0	13,1	0	86,0	0	3,0	0	70,0	0	989,0	0	1783,7	ERA5
1057167	06/08/2024	15	06/08/2024	11	HAE	17,7	0	13,4	0	76,0	0	5,0	0	210,0	0	989,0	0	2062,2	ERA5
1057168	06/08/2024	16	06/08/2024	12	HAE	18,6	0	12,1	0	66,0	0	2,0	0	310,0	0	989,0	0	2355,9	ERA5
1057169	06/08/2024	17	06/08/2024	13	HAE	20,0	0	13,8	0	68,0	0	8,0	0	140,0	0	988,0	0	2633,3	ERA5
1057170	06/08/2024	18	06/08/2024	14	HAE	20,9	0	11,6	0	55,0	0	5,0	0	330,0	0	988,0	0	2700,7	ERA5
1057171	06/08/2024	19	06/08/2024	15	HAE	20,8	0	8,7	0	46,0	0	8,0	0	300,0	0	988,0	0	2131,7	ERA5
1057172	06/08/2024	20	06/08/2024	16	HAE	21,7	0	9,6	0	46,0	0	7,0	0	310,0	0	988,0	0	1822,4	ERA5
1057173	06/08/2024	21	06/08/2024	17	HAE	21,6	0	9,8	0	47,0	0	3,0	0	300,0	0	987,0	0	1192,7	ERA5
1057174	06/08/2024	22	06/08/2024	18	HAE	20,7	0	9,7	0	49,0	0	5,0	0	300,0	0	987,0	0	877,2	ERA5
1057175	06/08/2024	23	06/08/2024	19	HAE	19,3	0	9,8	0	54,0	0	2,0	0	260,0	0	988,0	0	447,8	ERA5
1057176	07/08/2024	00	06/08/2024	20	HAE	17,8	0	10,8	0	64,0	0	5,0	0	240,0	0	988,0	0	135,0	ERA5
1057177	07/08/2024	01	06/08/2024	21	HAE	14,9	0	11,8	0	82,0	0	3,0	0	190,0	0	988,0	0	0,0	ERA5
1057178	07/08/2024	02	06/08/2024	22	HAE	13,9	0	12,2	0	90,0	0	1,0	0	30,0	0	989,0	0	0,0	ERA5
1057179	07/08/2024	03	06/08/2024	23	HAE	13,2	0	12,1	0	93,0	0	0,0	0	170,0	0	989,0	0	0,0	ERA5
1057180	07/08/2024	04	07/08/2024	00	HAE	13,3	0	11,7	0	90,0	0	3,0	0	200,0	0	989,0	0	0,0	ERA5
1057181	07/08/2024	05	07/08/2024	01	HAE	12,9	0	11,5	0	91,0	0	4,0	0	170,0	0	989,0	0	0,0	ERA5
1057182	07/08/2024	06	07/08/2024	02	HAE	12,5	0	11,4	0	93,0	0	3,0	0	160,0	0	989,0	0	0,0	ERA5
1057183	07/08/2024	07	07/08/2024	03	HAE	12,1	0	11,4	0	95,0	0	4,0	0	190,0	0	988,0	0	0,0	ERA5
1057184	07/08/2024	08	07/08/2024	04	HAE	11,1	0	10,6	0	97,0	0	1,0	0	120,0	0	988,0	0	0,0	ERA5
1057185	07/08/2024	09	07/08/2024	05	HAE	11,1	0	10,7	0	97,0	0	4,0	0	200,0	0	988,0	0	0,0	ERA5
1057186	07/08/2024	10	07/08/2024	06	HAE	9,6	0	9,3	0	98,0	0	4,0	0	190,0	0	989,0	0	17,0	ERA5
1057187	07/08/2024	11	07/08/2024	07	HAE	10,6	0	10,5	0	99,0	0	3,0	0	170,0	0	989,0	0	363,9	ERA5
1057188	07/08/2024	12	07/08/2024	08	HAE	13,8	0	12,2	0	90,0	0	3,0	0	130,0	0	990,0	0	956,7	ERA5
1057189	07/08/2024	13	07/08/2024	09	HAE	16,7	0	13,3	0	80,0	0	3,0	0	60,0	0	990,0	0	1628,4	ERA5
1057190	07/08/2024	14	07/08/2024	10	HAE	19,2	0	12,0	0	63,0	0	4,0	0	40,0	0	989,0	0	2231,1	ERA5
1057191	07/08/2024	15	07/08/2024	11	HAE	20,2	0	9,9	0	52,0	0	3,0	0	30,0	0	989,0	0	2580,8	ERA5
1057192	07/08/2024	16	07/08/2024	12	HAE	20,9	0	10,1	0	50,0	0	7,0	0	350,0	0	989,0	0	2586,4	ERA5
1057193	07/08/2024	17	07/08/2024	13	HAE	21,9	0	9,5	0	45,0	0	6,0	0	320,0	0	989,0	0	2981,8	ERA5
1057194	07/08/2024	18	07/08/2024	14	HAE	21,7	0	8,8	0	44,0	0	10,0	0	350,0	0	989,0	0	2872,0	ERA5
1057195	07/08/2024	19	07/08/2024	15	HAE	22,3	0	8,0	0	40,0	0	7,0	0	290,0	0	989,0	0	2665,3	ERA5
1057196	07/08/2024	20	07/08/2024	16	HAE	22,3	0	8,6	0	42,0	0	7,0	0	340,0	0	989,0	0	2547,6	ERA5
1057197	07/08/2024	21	07/08/2024	17	HAE	21,6	0	9,1	0	45,0	0	8,0	0	350,0	0	989,0	0	1956,8	ERA5
1057198	07/08/2024	22	07/08/2024	18	HAE	20,6	0	9,8	0	50,0	0	7,0	0	330,0	0	990,0	0	1179,5	ERA5
1057199	07/08/2024	23	07/08/2024	19	HAE	19,3	0	9,4	0	53,0	0	4,0	0	300,0	0	990,0	0	738,3	ERA5
1057200	08/08/2024	00	07/08/2024	20	HAE	17,7	0	9,5	0	59,0	0	4,0	0	280,0	0	990,0	0	179,4	ERA5
1057201	08/08/2024	01	07/08/2024	21	HAE	16,0	0	10,1	0	68,0	0	7,0	0	240,0	0	991,0	0	0,0	ERA5
1057202	08/08/2024	02	07/08/2024	22	HAE	13,4	0	10,4	0	82,0	0	3,0	0	230,0	0	991,0	0	0,0	ERA5
1057203	08/08/2024	03	07/08/2024	23	HAE	12,5	0	10,1	0	86,0	0	3,0	0	230,0	0	991,0	0	0,0	ERA5
1057204	08/08/2024	04	08/08/2024	00	HAE	11,5	0	10,0	0	90,0	0	6,0	0	180,0	0	992,0	0	0,0	ERA5
1057205	08/08/2024	05	08/08/2024	01	HAE	11,4	0	10,1	0	92,0	0	3,0	0	230,0	0	992,0	0	0,0	ERA5
1057206	08/08/2024	06	08/08/2024	02	HAE	9,8	0	9,2	0	96,0	0	4,0	0	210,0	0	992,0	0	0,0	ERA5
1057207	08/08/2024	07	08/08/2024	03	HAE	8,6	0	8,2	0	97,0	0	3,0	0	170,0	0	993,0	0	0,0	ERA5
1057208	08/08/2024	08	08/08/2024	04	HAE	9,0	0	8,6	0	97,0	0	4,0	0	180,0	0	993,0	0	0,0	ERA5
1057209	08/08/2024	09	08/08/2024	05	HAE	8,7	0	8,2	0	97,0	0	3,0	0	140,0	0	993,0	0	0,0	ERA5
1057210	08/08/2024	10	08/08/2024	06	HAE	8,1	0	7,7	0	97,0	0	5,0	0	160,0	0	994,0	0	15,5	ERA5
1057211	08/08/2024	11	08/08/2024	07	HAE	9,1	0	8,6	0	97,0	0	4,0	0	150,0	0	994,0	0	346,6	ERA5
1057212	08/08/2024	12	08/08/2024	08	HAE	11,5	0	9,4	0	87,0	0	3,0	0	150,0	0	995,0	0	923,4	ERA5
1057213	08/08/2024	13	08/08/2024	09	HAE	14,8	0	10,2	0	74,0	0	5,0	0	120,0	0	995,0	0	1555,2	ERA5
1057214	08/08/2024	14	08/08/2024	10	HAE	18,6	0	12,0	0	66,0	0	4,0	0	120,0	0	995,0	0	2120,8	ERA5
1057215	08/08/2024	15	08/08/2024	11	HAE	21,1	0	11,7	0	55,0	0	10,0	0	90,0	0	994,0	0	2695,8	ERA5
1057216	08/08/2024	16	08/08/2024	12	HAE	23,0	0	11,4	0	48,0	0	11,0	0	130,0	0	994,0	0	2960,0	ERA5
1057217	08/08/2024	17	08/08/2024	13	HAE	24,0	0	10,7	0	43,0	0	3,0	0	120,0	0	993,0	0	2928,4	ERA5
1057218	08/08/2024	18	08/08/2024	14	HAE	24,9	0	11,7	0	44,0	0	6,0	0	120,0	0	993,0	0	2358,3	ERA5
1057219	08/08/2024	19	08/08/2024	15	HAE	25,2	0	11,6	0	43,0	0	7,0	0	160,0	0	993,0	0	2459,5	ERA5
1057220	08/08/2024	20	08/08/2024	16	HAE	23,5	0	13,4	0	53,0	0	6,0	0	160,0	0	993,0	0	1394,7	ERA5
1057221	08/08/2024	21	08/08/2024	17	HAE	23,6	0	12,4	0	49,0	0	17,0	0	140,0	0	993,0	0	960,3	ERA5
1057222	08/08/2024	22	08/08/2024	18	HAE	23,1	0	13,1	0	53,0	0	10,0	0	150,0	0	993,0	0	983,8	ERA5
1057223	08/08/2024	23	08/08/2024	19	HAE	22,1	0	13,3	0	57,0	0	7,0	0	150,0	0	993,0	0	561,1	ERA5
1057224	09/08/2024	00	08/08/2024	20	HAE	21,0	0	13,6	0	63,0	0	10,0	0	170,0	0	993,0	0	145,6	ERA5
1057225	09/08/2024	01	08/08/2024	21	HAE	20,0	0	13,8	0	68,0	0	9,0	0	160,0	0	993,0	0	0,0	ERA5
1057226	09/08/2024	02	08/08/2024	22	HAE	19,4	0	13,9	0	71,0	0	8,0	0	170,0	0	993,0	0	0,0	ERA5
1057227	09/08/2024	03	08/08/2024	23	HAE	18,5	0	14,4	0	77,0	0	5,0	0	170,0	0	993,0	0	0,0	ERA5
1057228	09/08/2024	04	09/08/2024	00	HAE	18,2	0	14,4	0	78,0	0	4,0	0	160,0	0	993,0	0	0,0	ERA5
1057229	09/08/2024	05	09/08/2024	01	HAE	17,2	0	14,0	0	81,0	0	5,0	0	140,0	0	992,0	0	0,0	ERA5
1057230	09/08/2024	06	09/08/2024	02	HAE	17,5	0	13,8	0	79,0	0	5,0	0	170,0	0	992,0	0	0,0	ERA5
1057231	09/08/2024	07	09/08/2024	03	HAE	16,4	0	12,9	0	80,0	0	5,0	0	190,0	0	992,0	0	0,0	ERA5
1057232	09/08/2024	08	09/08/2024	04	HAE	16,0	0	13,5	0	85,0	0	4,0	0	200,0	0	991,0	0	0,0	ERA5
1057233	09/08/2024	09	09/08/2024	05	HAE	16,6	0	12,6	0	77,0	0	6,0	0	160,0	0	991,0	0	0,0	ERA5
1057234	09/08/2024	10	09/08/2024	06	HAE	16,5	0	12,2	0	76,0	0	10,0	0	180,0	0	991,0	0	4,9	ERA5
1057235	09/08/2024	11	09/08/2024	07	HAE	14,8	0	13,7	0	94,0	0	10,0	0	150,0	0	991,0	0	59,4	ERA5
1057236	09/08/2024	12	09/08/2024	08	HAE	14,3	0	13,8	0	97,0	0	9,0	0	130,0	0	991,0	0	90,1	ERA5
1057237	09/08/2024	13	09/08/2024	09	HAE	14,5	0	14,3	0	99,0	0	14,0	0	130,0	0	990,0	0	78,7	ERA5
1057238	09/08/2024	14	09/08/2024	10	HAE	15,1	0	14,9	0	99,0	0	8,0	0	130,0	0	990,0	0	74,8	ERA5
1057239	09/08/2024	15	09/08/2024	11	HAE	15,5	0	15,3	0	99,0	0	6,0	0	130,0	0	990,0	0	130,4	ERA5
1057240	09/08/2024	16	09/08/2024	12	HAE	16,3	0	16,2	0	99,0	0	2,0	0	180,0	0	990,0	0	207,2	ERA5
1057241	09/08/2024	17	09/08/2024	13	HAE	16,7	0	16,6	0	99,0	0	5,0	0	110,0	0	989,0	0	352,9	ERA5
1057242	09/08/2024	18	09/08/2024	14	HAE	17,0	0	16,8	0	99,0	0	6,0	0	170,0	0	989,0	0	510,3	ERA5
1057243	09/08/2024	19	09/08/2024	15	HAE	17,4	0	17,2	0	99,0	0	12,0	0	130,0	0	987,0	0	280,9	ERA5
1057244	09/08/2024	20	09/08/2024	16	HAE	17,9	0	17,5	0	98,0	0	9,0	0	110,0	0	986,0	0	568,7	ERA5
1057245	09/08/2024	21	09/08/2024	17	HAE	17,7	0	17,2	0	97,0	0	10,0	0	150,0	0	985,0	0	424,8	ERA5
1057246	09/08/2024	22	09/08/2024	18	HAE	17,7	0	17,4	0	98,0	0	13,0	0	140,0	0	983,0	0	227,4	ERA5
1057247	09/08/2024	23	09/08/2024	19	HAE	17,5	0	17,2	0	98,0	0	6,0	0	140,0	0	982,0	0	76,2	ERA5
1057248	10/08/2024	00	09/08/2024	20	HAE	17,8	0	17,6	0	98,0	0	14,0	0	120,0	0	979,0	0	11,3	ERA5
1057249	10/08/2024	01	09/08/2024	21	HAE	17,7	0	17,5	0	99,0	0	23,0	0	110,0	0	976,0	0	0,0	ERA5
1057250	10/08/2024	02	09/08/2024	22	HAE	18,1	0	17,7	0	97,0	0	22,0	0	130,0	0	974,0	0	0,0	ERA5
1057251	10/08/2024	03	09/08/2024	23	HAE	20,2	0	19,7	0	97,0	0	14,0	0	180,0	0	973,0	0	0,0	ERA5
1057252	10/08/2024	04	10/08/2024	00	HAE	20,6	0	18,8	0	89,0	0	17,0	0	210,0	0	975,0	0	0,0	ERA5
1057253	10/08/2024	05	10/08/2024	01	HAE	19,6	0	17,7	0	89,0	0	5,0	0	230,0	0	978,0	0	0,0	ERA5
1057254	10/08/2024	06	10/08/2024	02	HAE	19,4	0	18,0	0	92,0	0	2,0	0	40,0	0	979,0	0	0,0	ERA5
1057255	10/08/2024	07	10/08/2024	03	HAE	19,5	0	18,3	0	93,0	0	2,0	0	220,0	0	980,0	0	0,0	ERA5
1057256	10/08/2024	08	10/08/2024	04	HAE	19,2	0	18,4	0	95,0	0	1,0	0	140,0	0	980,0	0	0,0	ERA5
1057257	10/08/2024	09	10/08/2024	05	HAE	18,7	0	18,3	0	98,0	0	2,0	0	180,0	0	979,0	0	0,0	ERA5
1057258	10/08/2024	10	10/08/2024	06	HAE	18,5	0	18,3	0	99,0	0	1,0	0	180,0	0	980,0	0	4,7	ERA5
1057259	10/08/2024	11	10/08/2024	07	HAE	20,3	0	20,0	0	99,0	0	4,0	0	190,0	0	980,0	0	88,1	ERA5
1057260	10/08/2024	12	10/08/2024	08	HAE	21,6	0	19,5	0	88,0	0	8,0	0	250,0	0	980,0	0	307,3	ERA5
1057261	10/08/2024	13	10/08/2024	09	HAE	21,0	0	18,4	0	85,0	0	4,0	0	240,0	0	981,0	0	862,7	ERA5
1057262	10/08/2024	14	10/08/2024	10	HAE	21,9	0	18,4	0	81,0	0	10,0	0	250,0	0	981,0	0	1085,1	ERA5
1057263	10/08/2024	15	10/08/2024	11	HAE	21,5	0	17,5	0	78,0	0	7,0	0	210,0	0	981,0	0	1549,2	ERA5
1057264	10/08/2024	16	10/08/2024	12	HAE	22,2	0	17,6	0	75,0	0	6,0	0	240,0	0	981,0	0	1384,4	ERA5
1057265	10/08/2024	17	10/08/2024	13	HAE	21,8	0	17,6	0	77,0	0	4,0	0	230,0	0	982,0	0	2235,6	ERA5
1057266	10/08/2024	18	10/08/2024	14	HAE	23,6	0	16,6	0	65,0	0	4,0	0	230,0	0	982,0	0	2316,8	ERA5
1057267	10/08/2024	19	10/08/2024	15	HAE	24,4	0	12,1	0	46,0	0	8,0	0	260,0	0	982,0	0	2387,0	ERA5
1057268	10/08/2024	20	10/08/2024	16	HAE	24,6	0	13,3	0	49,0	0	6,0	0	220,0	0	982,0	0	2239,2	ERA5
1057269	10/08/2024	21	10/08/2024	17	HAE	23,4	0	12,8	0	51,0	0	10,0	0	240,0	0	982,0	0	1837,1	ERA5
1057270	10/08/2024	22	10/08/2024	18	HAE	22,8	0	13,6	0	56,0	0	11,0	0	220,0	0	982,0	0	1275,4	ERA5
1057271	10/08/2024	23	10/08/2024	19	HAE	21,6	0	13,7	0	61,0	0	4,0	0	230,0	0	982,0	0	576,6	ERA5
1057272	11/08/2024	00	10/08/2024	20	HAE	19,2	0	13,7	0	71,0	0	1,0	0	280,0	0	982,0	0	128,8	ERA5
1057273	11/08/2024	01	10/08/2024	21	HAE	19,2	0	13,7	0	70,0	0	3,0	0	250,0	0	983,0	0	0,0	ERA5
1057274	11/08/2024	02	10/08/2024	22	HAE	18,6	0	13,5	0	72,0	0	4,0	0	240,0	0	983,0	0	0,0	ERA5
1057275	11/08/2024	03	10/08/2024	23	HAE	18,5	0	13,7	0	73,0	0	5,0	0	230,0	0	983,0	0	0,0	ERA5
1057276	11/08/2024	04	11/08/2024	00	HAE	17,6	0	13,8	0	78,0	0	4,0	0	220,0	0	984,0	0	0,0	ERA5
1057277	11/08/2024	05	11/08/2024	01	HAE	16,7	0	13,8	0	83,0	0	2,0	0	240,0	0	984,0	0	0,0	ERA5
1057278	11/08/2024	06	11/08/2024	02	HAE	16,1	0	13,9	0	87,0	0	4,0	0	230,0	0	984,0	0	0,0	ERA5
1057279	11/08/2024	07	11/08/2024	03	HAE	15,8	0	14,0	0	89,0	0	3,0	0	170,0	0	984,0	0	0,0	ERA5
1057280	11/08/2024	08	11/08/2024	04	HAE	16,0	0	14,1	0	89,0	0	3,0	0	180,0	0	984,0	0	0,0	ERA5
1057281	11/08/2024	09	11/08/2024	05	HAE	15,4	0	13,7	0	89,0	0	1,0	0	180,0	0	984,0	0	0,0	ERA5
1057282	11/08/2024	10	11/08/2024	06	HAE	14,5	0	13,5	0	93,0	0	2,0	0	310,0	0	985,0	0	10,2	ERA5
1057283	11/08/2024	11	11/08/2024	07	HAE	16,4	0	14,3	0	88,0	0	3,0	0	80,0	0	985,0	0	310,6	ERA5
1057284	11/08/2024	12	11/08/2024	08	HAE	17,8	0	13,9	0	78,0	0	7,0	0	220,0	0	985,0	0	903,1	ERA5
1057285	11/08/2024	13	11/08/2024	09	HAE	19,5	0	14,0	0	71,0	0	6,0	0	290,0	0	985,0	0	1492,5	ERA5
1057286	11/08/2024	14	11/08/2024	10	HAE	20,4	0	12,3	0	60,0	0	9,0	0	230,0	0	985,0	0	1897,4	ERA5
1057287	11/08/2024	15	11/08/2024	11	HAE	22,2	0	12,9	0	56,0	0	6,0	0	200,0	0	985,0	0	2287,0	ERA5
1057288	11/08/2024	16	11/08/2024	12	HAE	22,5	0	12,6	0	54,0	0	6,0	0	210,0	0	985,0	0	2481,4	ERA5
1057289	11/08/2024	17	11/08/2024	13	HAE	21,7	0	12,8	0	57,0	0	7,0	0	240,0	0	985,0	0	2776,8	ERA5
1057290	11/08/2024	18	11/08/2024	14	HAE	21,0	0	13,5	0	62,0	0	3,0	0	200,0	0	984,0	0	2217,0	ERA5
1057291	11/08/2024	19	11/08/2024	15	HAE	22,1	0	13,3	0	57,0	0	6,0	0	220,0	0	984,0	0	1883,6	ERA5
1057292	11/08/2024	20	11/08/2024	16	HAE	22,4	0	12,0	0	52,0	0	5,0	0	230,0	0	984,0	0	1750,8	ERA5
1057293	11/08/2024	21	11/08/2024	17	HAE	21,7	0	12,8	0	57,0	0	6,0	0	200,0	0	983,0	0	1293,0	ERA5
1057294	11/08/2024	22	11/08/2024	18	HAE	20,1	0	14,3	0	69,0	0	6,0	0	190,0	0	983,0	0	855,8	ERA5
1057295	11/08/2024	23	11/08/2024	19	HAE	19,9	0	12,9	0	64,0	0	6,0	0	200,0	0	983,0	0	449,8	ERA5
1057296	12/08/2024	00	11/08/2024	20	HAE	18,2	0	12,4	0	69,0	0	4,0	0	210,0	0	984,0	0	79,2	ERA5
1057297	12/08/2024	01	11/08/2024	21	HAE	17,7	0	12,9	0	74,0	0	1,0	0	200,0	0	984,0	0	0,0	ERA5
1057298	12/08/2024	02	11/08/2024	22	HAE	16,4	0	13,5	0	83,0	0	4,0	0	180,0	0	984,0	0	0,0	ERA5
1057299	12/08/2024	03	11/08/2024	23	HAE	15,4	0	13,5	0	88,0	0	3,0	0	170,0	0	984,0	0	0,0	ERA5
1057300	12/08/2024	04	12/08/2024	00	HAE	15,8	0	13,2	0	85,0	0	1,0	0	140,0	0	984,0	0	0,0	ERA5
1057301	12/08/2024	05	12/08/2024	01	HAE	15,5	0	12,9	0	85,0	0	1,0	0	300,0	0	983,0	0	0,0	ERA5
1057302	12/08/2024	06	12/08/2024	02	HAE	14,6	0	12,8	0	89,0	0	4,0	0	190,0	0	983,0	0	0,0	ERA5
1057303	12/08/2024	07	12/08/2024	03	HAE	14,1	0	12,8	0	92,0	0	3,0	0	200,0	0	983,0	0	0,0	ERA5
1057304	12/08/2024	08	12/08/2024	04	HAE	14,1	0	12,7	0	92,0	0	4,0	0	40,0	0	983,0	0	0,0	ERA5
1057305	12/08/2024	09	12/08/2024	05	HAE	13,5	0	12,8	0	95,0	0	0,0	0	0,0	0	983,0	0	0,0	ERA5
1057306	12/08/2024	10	12/08/2024	06	HAE	13,6	0	13,1	0	97,0	0	4,0	0	180,0	0	983,0	0	1,8	ERA5
1057307	12/08/2024	11	12/08/2024	07	HAE	15,0	0	14,5	0	96,0	0	1,0	0	70,0	0	984,0	0	64,5	ERA5
1057308	12/08/2024	12	12/08/2024	08	HAE	16,3	0	13,4	0	83,0	0	7,0	0	240,0	0	984,0	0	428,6	ERA5
1057309	12/08/2024	13	12/08/2024	09	HAE	16,9	0	13,7	0	81,0	0	4,0	0	260,0	0	984,0	0	505,2	ERA5
1057310	12/08/2024	14	12/08/2024	10	HAE	16,6	0	14,3	0	86,0	0	4,0	0	280,0	0	984,0	0	894,7	ERA5
1057311	12/08/2024	15	12/08/2024	11	HAE	17,2	0	14,4	0	83,0	0	9,0	0	270,0	0	984,0	0	1350,7	ERA5
1057312	12/08/2024	16	12/08/2024	12	HAE	18,8	0	12,7	0	68,0	0	12,0	0	310,0	0	984,0	0	1851,9	ERA5
1057313	12/08/2024	17	12/08/2024	13	HAE	18,1	0	13,4	0	74,0	0	9,0	0	260,0	0	984,0	0	1775,9	ERA5
1057314	12/08/2024	18	12/08/2024	14	HAE	20,1	0	13,1	0	64,0	0	5,0	0	240,0	0	983,0	0	2226,6	ERA5
1057315	12/08/2024	19	12/08/2024	15	HAE	20,9	0	13,5	0	63,0	0	7,0	0	300,0	0	983,0	0	1913,8	ERA5
1057316	12/08/2024	20	12/08/2024	16	HAE	20,4	0	12,8	0	62,0	0	4,0	0	310,0	0	983,0	0	1684,1	ERA5
1057317	12/08/2024	21	12/08/2024	17	HAE	20,8	0	13,0	0	61,0	0	5,0	0	290,0	0	983,0	0	1512,0	ERA5
1057318	12/08/2024	22	12/08/2024	18	HAE	20,0	0	14,0	0	68,0	0	3,0	0	300,0	0	983,0	0	941,4	ERA5
1057319	12/08/2024	23	12/08/2024	19	HAE	19,6	0	13,9	0	70,0	0	0,0	0	220,0	0	983,0	0	415,1	ERA5
1057320	13/08/2024	00	12/08/2024	20	HAE	18,1	0	13,9	0	77,0	0	3,0	0	220,0	0	984,0	0	81,0	ERA5
1057321	13/08/2024	01	12/08/2024	21	HAE	17,6	0	14,1	0	80,0	0	5,0	0	320,0	0	984,0	0	0,0	ERA5
1057322	13/08/2024	02	12/08/2024	22	HAE	17,3	0	14,4	0	83,0	0	5,0	0	280,0	0	984,0	0	0,0	ERA5
1057323	13/08/2024	03	12/08/2024	23	HAE	16,6	0	14,3	0	86,0	0	1,0	0	350,0	0	984,0	0	0,0	ERA5
1057324	13/08/2024	04	13/08/2024	00	HAE	15,2	0	13,9	0	92,0	0	2,0	0	340,0	0	984,0	0	0,0	ERA5
1057325	13/08/2024	05	13/08/2024	01	HAE	15,3	0	14,1	0	92,0	0	0,0	0	0,0	0	984,0	0	0,0	ERA5
1057326	13/08/2024	06	13/08/2024	02	HAE	15,8	0	13,9	0	89,0	0	3,0	0	250,0	0	984,0	0	0,0	ERA5
1057327	13/08/2024	07	13/08/2024	03	HAE	14,8	0	13,2	0	91,0	0	2,0	0	20,0	0	984,0	0	0,0	ERA5
1057328	13/08/2024	08	13/08/2024	04	HAE	13,3	0	12,4	0	94,0	0	4,0	0	180,0	0	984,0	0	0,0	ERA5
1057329	13/08/2024	09	13/08/2024	05	HAE	13,1	0	12,4	0	96,0	0	0,0	0	0,0	0	985,0	0	0,0	ERA5
1057330	13/08/2024	10	13/08/2024	06	HAE	12,6	0	11,9	0	95,0	0	1,0	0	210,0	0	985,0	0	6,2	ERA5
1057331	13/08/2024	11	13/08/2024	07	HAE	13,4	0	12,7	0	95,0	0	0,0	0	290,0	0	985,0	0	263,1	ERA5
1057332	13/08/2024	12	13/08/2024	08	HAE	14,9	0	13,8	0	93,0	0	1,0	0	90,0	0	986,0	0	705,0	ERA5
1057333	13/08/2024	13	13/08/2024	09	HAE	18,1	0	14,5	0	80,0	0	5,0	0	300,0	0	986,0	0	1370,1	ERA5
1057334	13/08/2024	14	13/08/2024	10	HAE	19,5	0	14,4	0	72,0	0	12,0	0	300,0	0	986,0	0	1746,0	ERA5
1057335	13/08/2024	15	13/08/2024	11	HAE	21,0	0	15,2	0	70,0	0	11,0	0	320,0	0	986,0	0	2126,5	ERA5
1057336	13/08/2024	16	13/08/2024	12	HAE	22,9	0	16,7	0	68,0	0	5,0	0	340,0	0	986,0	0	2465,5	ERA5
1057337	13/08/2024	17	13/08/2024	13	HAE	23,3	0	15,0	0	59,0	0	11,0	0	340,0	0	986,0	0	2527,7	ERA5
1057338	13/08/2024	18	13/08/2024	14	HAE	23,8	0	15,0	0	58,0	0	7,0	0	300,0	0	986,0	0	2291,3	ERA5
1057339	13/08/2024	19	13/08/2024	15	HAE	23,7	0	15,9	0	62,0	0	3,0	0	310,0	0	985,0	0	1929,4	ERA5
1057340	13/08/2024	20	13/08/2024	16	HAE	24,0	0	14,5	0	55,0	0	10,0	0	300,0	0	985,0	0	1951,6	ERA5
1057341	13/08/2024	21	13/08/2024	17	HAE	23,9	0	15,1	0	58,0	0	8,0	0	290,0	0	986,0	0	1415,5	ERA5
1057342	13/08/2024	22	13/08/2024	18	HAE	23,3	0	14,5	0	58,0	0	7,0	0	290,0	0	986,0	0	942,9	ERA5
1057343	13/08/2024	23	13/08/2024	19	HAE	22,5	0	15,9	0	66,0	0	3,0	0	290,0	0	986,0	0	526,9	ERA5
1057344	14/08/2024	00	13/08/2024	20	HAE	20,9	0	16,1	0	74,0	0	6,0	0	230,0	0	986,0	0	112,9	ERA5
1057345	14/08/2024	01	13/08/2024	21	HAE	18,8	0	15,7	0	82,0	0	2,0	0	10,0	0	987,0	0	0,0	ERA5
1057346	14/08/2024	02	13/08/2024	22	HAE	18,1	0	15,3	0	83,0	0	5,0	0	240,0	0	987,0	0	0,0	ERA5
1057347	14/08/2024	03	13/08/2024	23	HAE	17,3	0	14,0	0	81,0	0	1,0	0	310,0	0	987,0	0	0,0	ERA5
1057348	14/08/2024	04	14/08/2024	00	HAE	16,1	0	14,0	0	87,0	0	4,0	0	250,0	0	988,0	0	0,0	ERA5
1057349	14/08/2024	05	14/08/2024	01	HAE	14,3	0	13,3	0	93,0	0	2,0	0	190,0	0	988,0	0	0,0	ERA5
1057350	14/08/2024	06	14/08/2024	02	HAE	14,0	0	13,2	0	95,0	0	1,0	0	330,0	0	988,0	0	0,0	ERA5
1057351	14/08/2024	07	14/08/2024	03	HAE	13,1	0	12,6	0	96,0	0	1,0	0	160,0	0	988,0	0	0,0	ERA5
1057352	14/08/2024	08	14/08/2024	04	HAE	12,4	0	11,9	0	97,0	0	1,0	0	210,0	0	989,0	0	0,0	ERA5
1057353	14/08/2024	09	14/08/2024	05	HAE	12,1	0	11,7	0	98,0	0	2,0	0	200,0	0	989,0	0	0,0	ERA5
1057354	14/08/2024	10	14/08/2024	06	HAE	12,1	0	11,9	0	99,0	0	5,0	0	180,0	0	989,0	0	5,5	ERA5
1057355	14/08/2024	11	14/08/2024	07	HAE	12,3	0	12,3	0	100,0	0	1,0	0	190,0	0	990,0	0	285,0	ERA5
1057356	14/08/2024	12	14/08/2024	08	HAE	13,2	0	13,0	0	99,0	0	6,0	0	160,0	0	990,0	0	841,5	ERA5
1057357	14/08/2024	13	14/08/2024	09	HAE	16,1	0	14,2	0	88,0	0	5,0	0	110,0	0	990,0	0	1482,5	ERA5
1057358	14/08/2024	14	14/08/2024	10	HAE	19,0	0	14,6	0	76,0	0	3,0	0	80,0	0	990,0	0	2087,1	ERA5
1057359	14/08/2024	15	14/08/2024	11	HAE	21,9	0	14,4	0	63,0	0	5,0	0	70,0	0	990,0	0	2581,4	ERA5
1057360	14/08/2024	16	14/08/2024	12	HAE	24,3	0	16,0	0	60,0	0	2,0	0	130,0	0	990,0	0	2450,9	ERA5
1057361	14/08/2024	17	14/08/2024	13	HAE	25,5	0	14,9	0	52,0	0	5,0	0	340,0	0	989,0	0	2777,3	ERA5
1057362	14/08/2024	18	14/08/2024	14	HAE	26,4	0	15,6	0	51,0	0	7,0	0	360,0	0	989,0	0	2637,5	ERA5
1057363	14/08/2024	19	14/08/2024	15	HAE	26,0	0	14,5	0	49,0	0	10,0	0	340,0	0	988,0	0	2167,8	ERA5
1057364	14/08/2024	20	14/08/2024	16	HAE	25,2	0	15,6	0	55,0	0	8,0	0	340,0	0	988,0	0	1516,5	ERA5
1057365	14/08/2024	21	14/08/2024	17	HAE	24,8	0	16,3	0	59,0	0	5,0	0	330,0	0	988,0	0	1048,9	ERA5
1057366	14/08/2024	22	14/08/2024	18	HAE	24,9	0	17,5	0	64,0	0	3,0	0	300,0	0	988,0	0	681,6	ERA5
1057367	14/08/2024	23	14/08/2024	19	HAE	23,3	0	18,1	0	72,0	0	2,0	0	240,0	0	988,0	0	317,6	ERA5
1057368	15/08/2024	00	14/08/2024	20	HAE	20,5	0	17,7	0	84,0	0	2,0	0	250,0	0	989,0	0	79,7	ERA5
1057369	15/08/2024	01	14/08/2024	21	HAE	21,2	0	17,3	0	78,0	0	2,0	0	280,0	0	989,0	0	0,0	ERA5
1057370	15/08/2024	02	14/08/2024	22	HAE	19,9	0	17,7	0	87,0	0	4,0	0	210,0	0	989,0	0	0,0	ERA5
1057371	15/08/2024	03	14/08/2024	23	HAE	18,0	0	16,5	0	91,0	0	3,0	0	160,0	0	989,0	0	0,0	ERA5
1057372	15/08/2024	04	15/08/2024	00	HAE	17,4	0	15,8	0	90,0	0	3,0	0	170,0	0	990,0	0	0,0	ERA5
1057373	15/08/2024	05	15/08/2024	01	HAE	17,3	0	15,6	0	90,0	0	3,0	0	150,0	0	989,0	0	0,0	ERA5
1057374	15/08/2024	06	15/08/2024	02	HAE	16,7	0	15,7	0	94,0	0	0,0	0	0,0	0	988,0	0	0,0	ERA5
1057375	15/08/2024	07	15/08/2024	03	HAE	16,0	0	15,4	0	96,0	0	3,0	0	180,0	0	988,0	0	0,0	ERA5
1057376	15/08/2024	08	15/08/2024	04	HAE	16,5	0	15,7	0	95,0	0	1,0	0	200,0	0	988,0	0	0,0	ERA5
1057377	15/08/2024	09	15/08/2024	05	HAE	16,0	0	15,7	0	98,0	0	5,0	0	200,0	0	988,0	0	0,0	ERA5
1057378	15/08/2024	10	15/08/2024	06	HAE	16,3	0	16,0	0	98,0	0	1,0	0	130,0	0	988,0	0	3,6	ERA5
1057379	15/08/2024	11	15/08/2024	07	HAE	16,6	0	16,2	0	97,0	0	3,0	0	180,0	0	989,0	0	198,0	ERA5
1057380	15/08/2024	12	15/08/2024	08	HAE	17,1	0	16,4	0	96,0	0	5,0	0	140,0	0	989,0	0	536,0	ERA5
1057381	15/08/2024	13	15/08/2024	09	HAE	17,6	0	16,7	0	95,0	0	2,0	0	130,0	0	989,0	0	960,3	ERA5
1057382	15/08/2024	14	15/08/2024	10	HAE	19,4	0	17,3	0	87,0	0	3,0	0	110,0	0	989,0	0	1700,3	ERA5
1057383	15/08/2024	15	15/08/2024	11	HAE	21,5	0	18,2	0	81,0	0	5,0	0	160,0	0	989,0	0	2129,0	ERA5
1057384	15/08/2024	16	15/08/2024	12	HAE	22,9	0	18,0	0	74,0	0	3,0	0	80,0	0	989,0	0	2699,7	ERA5
1057385	15/08/2024	17	15/08/2024	13	HAE	23,7	0	17,3	0	68,0	0	5,0	0	90,0	0	989,0	0	2507,9	ERA5
1057386	15/08/2024	18	15/08/2024	14	HAE	24,6	0	15,9	0	58,0	0	4,0	0	50,0	0	989,0	0	2523,6	ERA5
1057387	15/08/2024	19	15/08/2024	15	HAE	23,5	0	17,9	0	71,0	0	3,0	0	330,0	0	989,0	0	1915,3	ERA5
1057388	15/08/2024	20	15/08/2024	16	HAE	22,5	0	19,0	0	80,0	0	3,0	0	340,0	0	988,0	0	1516,6	ERA5
1057389	15/08/2024	21	15/08/2024	17	HAE	21,7	0	17,6	0	78,0	0	2,0	0	160,0	0	989,0	0	1269,4	ERA5
1057390	15/08/2024	22	15/08/2024	18	HAE	19,9	0	15,5	0	76,0	0	9,0	0	150,0	0	989,0	0	555,1	ERA5
1057391	15/08/2024	23	15/08/2024	19	HAE	18,8	0	15,0	0	78,0	0	5,0	0	160,0	0	989,0	0	485,0	ERA5
1057392	16/08/2024	00	15/08/2024	20	HAE	17,9	0	14,9	0	83,0	0	5,0	0	320,0	0	990,0	0	78,9	ERA5
1057393	16/08/2024	01	15/08/2024	21	HAE	17,0	0	15,2	0	89,0	0	2,0	0	220,0	0	990,0	0	0,0	ERA5
1057394	16/08/2024	02	15/08/2024	22	HAE	15,4	0	14,3	0	93,0	0	3,0	0	180,0	0	990,0	0	0,0	ERA5
1057395	16/08/2024	03	15/08/2024	23	HAE	15,2	0	14,4	0	95,0	0	2,0	0	200,0	0	990,0	0	0,0	ERA5
1057396	16/08/2024	04	16/08/2024	00	HAE	16,0	0	15,4	0	96,0	0	3,0	0	180,0	0	989,0	0	0,0	ERA5
1057397	16/08/2024	05	16/08/2024	01	HAE	15,3	0	14,9	0	97,0	0	5,0	0	160,0	0	990,0	0	0,0	ERA5
1057398	16/08/2024	06	16/08/2024	02	HAE	15,1	0	14,6	0	97,0	0	4,0	0	170,0	0	989,0	0	0,0	ERA5
1057399	16/08/2024	07	16/08/2024	03	HAE	15,6	0	15,3	0	98,0	0	4,0	0	180,0	0	989,0	0	0,0	ERA5
1057400	16/08/2024	08	16/08/2024	04	HAE	15,9	0	15,5	0	97,0	0	6,0	0	180,0	0	990,0	0	0,0	ERA5
1057401	16/08/2024	09	16/08/2024	05	HAE	15,9	0	15,4	0	97,0	0	3,0	0	200,0	0	989,0	0	0,0	ERA5
1057402	16/08/2024	10	16/08/2024	06	HAE	15,8	0	15,4	0	98,0	0	2,0	0	180,0	0	989,0	0	2,4	ERA5
1057403	16/08/2024	11	16/08/2024	07	HAE	16,1	0	15,8	0	98,0	0	3,0	0	130,0	0	990,0	0	142,2	ERA5
1057404	16/08/2024	12	16/08/2024	08	HAE	16,7	0	16,3	0	97,0	0	4,0	0	130,0	0	990,0	0	478,9	ERA5
1057405	16/08/2024	13	16/08/2024	09	HAE	17,5	0	16,4	0	93,0	0	4,0	0	140,0	0	990,0	0	1139,8	ERA5
1057406	16/08/2024	14	16/08/2024	10	HAE	19,1	0	17,1	0	88,0	0	7,0	0	130,0	0	990,0	0	1767,2	ERA5
1057407	16/08/2024	15	16/08/2024	11	HAE	21,4	0	18,5	0	83,0	0	3,0	0	80,0	0	990,0	0	2218,8	ERA5
1057408	16/08/2024	16	16/08/2024	12	HAE	23,8	0	18,7	0	73,0	0	9,0	0	90,0	0	990,0	0	2537,6	ERA5
1057409	16/08/2024	17	16/08/2024	13	HAE	25,1	0	18,8	0	68,0	0	9,0	0	130,0	0	990,0	0	2508,7	ERA5
1057410	16/08/2024	18	16/08/2024	14	HAE	25,7	0	16,5	0	57,0	0	5,0	0	110,0	0	989,0	0	1545,3	ERA5
1057411	16/08/2024	19	16/08/2024	15	HAE	25,6	0	16,6	0	57,0	0	9,0	0	100,0	0	989,0	0	2181,6	ERA5
1057412	16/08/2024	20	16/08/2024	16	HAE	25,8	0	16,9	0	58,0	0	6,0	0	150,0	0	989,0	0	1823,6	ERA5
1057413	16/08/2024	21	16/08/2024	17	HAE	25,7	0	17,8	0	62,0	0	5,0	0	130,0	0	989,0	0	1265,7	ERA5
1057414	16/08/2024	22	16/08/2024	18	HAE	25,0	0	18,2	0	66,0	0	2,0	0	170,0	0	989,0	0	808,2	ERA5
1057415	16/08/2024	23	16/08/2024	19	HAE	23,7	0	19,1	0	76,0	0	4,0	0	230,0	0	989,0	0	318,8	ERA5
1057416	17/08/2024	00	16/08/2024	20	HAE	22,1	0	18,4	0	80,0	0	4,0	0	230,0	0	988,0	0	67,6	ERA5
1057417	17/08/2024	01	16/08/2024	21	HAE	20,5	0	17,9	0	85,0	0	3,0	0	220,0	0	989,0	0	0,0	ERA5
1057418	17/08/2024	02	16/08/2024	22	HAE	19,6	0	17,6	0	89,0	0	5,0	0	180,0	0	989,0	0	0,0	ERA5
1057419	17/08/2024	03	16/08/2024	23	HAE	19,1	0	17,6	0	91,0	0	7,0	0	180,0	0	989,0	0	0,0	ERA5
1057420	17/08/2024	04	17/08/2024	00	HAE	18,1	0	17,1	0	93,0	0	4,0	0	170,0	0	989,0	0	0,0	ERA5
1057421	17/08/2024	05	17/08/2024	01	HAE	17,5	0	16,7	0	95,0	0	4,0	0	180,0	0	989,0	0	0,0	ERA5
1057422	17/08/2024	06	17/08/2024	02	HAE	17,2	0	16,6	0	96,0	0	1,0	0	170,0	0	989,0	0	0,0	ERA5
1057423	17/08/2024	07	17/08/2024	03	HAE	16,9	0	16,2	0	96,0	0	1,0	0	170,0	0	989,0	0	0,0	ERA5
1057424	17/08/2024	08	17/08/2024	04	HAE	16,6	0	16,2	0	97,0	0	4,0	0	180,0	0	989,0	0	0,0	ERA5
1057425	17/08/2024	09	17/08/2024	05	HAE	16,1	0	15,8	0	98,0	0	4,0	0	180,0	0	989,0	0	0,0	ERA5
1057426	17/08/2024	10	17/08/2024	06	HAE	15,7	0	15,4	0	98,0	0	4,0	0	180,0	0	989,0	0	3,0	ERA5
1057427	17/08/2024	11	17/08/2024	07	HAE	15,3	0	15,2	0	99,0	0	5,0	0	160,0	0	989,0	0	249,5	ERA5
1057428	17/08/2024	12	17/08/2024	08	HAE	16,1	0	15,7	0	97,0	0	5,0	0	150,0	0	989,0	0	754,9	ERA5
1057429	17/08/2024	13	17/08/2024	09	HAE	18,2	0	16,4	0	89,0	0	4,0	0	130,0	0	989,0	0	1283,3	ERA5
1057430	17/08/2024	14	17/08/2024	10	HAE	20,4	0	17,2	0	82,0	0	6,0	0	130,0	0	989,0	0	1714,5	ERA5
1057431	17/08/2024	15	17/08/2024	11	HAE	24,2	0	19,0	0	73,0	0	7,0	0	140,0	0	989,0	0	2071,2	ERA5
1057432	17/08/2024	16	17/08/2024	12	HAE	24,4	0	17,9	0	67,0	0	4,0	0	200,0	0	988,0	0	2302,0	ERA5
1057433	17/08/2024	17	17/08/2024	13	HAE	25,8	0	19,2	0	67,0	0	6,0	0	110,0	0	988,0	0	2511,6	ERA5
1057434	17/08/2024	18	17/08/2024	14	HAE	26,0	0	19,0	0	65,0	0	10,0	0	130,0	0	987,0	0	2558,2	ERA5
1057435	17/08/2024	19	17/08/2024	15	HAE	26,7	0	18,8	0	62,0	0	3,0	0	100,0	0	987,0	0	2179,0	ERA5
1057436	17/08/2024	20	17/08/2024	16	HAE	26,2	0	18,8	0	64,0	0	5,0	0	150,0	0	986,0	0	1697,4	ERA5
1057437	17/08/2024	21	17/08/2024	17	HAE	25,6	0	19,2	0	67,0	0	6,0	0	170,0	0	986,0	0	990,6	ERA5
1057438	17/08/2024	22	17/08/2024	18	HAE	25,0	0	19,4	0	71,0	0	6,0	0	170,0	0	986,0	0	333,4	ERA5
1057439	17/08/2024	23	17/08/2024	19	HAE	23,9	0	19,1	0	75,0	0	7,0	0	170,0	0	986,0	0	301,1	ERA5
1057440	18/08/2024	00	17/08/2024	20	HAE	22,5	0	19,0	0	81,0	0	3,0	0	170,0	0	986,0	0	50,3	ERA5
1057441	18/08/2024	01	17/08/2024	21	HAE	21,6	0	19,0	0	85,0	0	4,0	0	140,0	0	987,0	0	0,0	ERA5
1057442	18/08/2024	02	17/08/2024	22	HAE	20,9	0	18,4	0	86,0	0	4,0	0	140,0	0	987,0	0	0,0	ERA5
1057443	18/08/2024	03	17/08/2024	23	HAE	19,9	0	17,9	0	88,0	0	5,0	0	150,0	0	987,0	0	0,0	ERA5
1057444	18/08/2024	04	18/08/2024	00	HAE	19,4	0	17,7	0	90,0	0	6,0	0	150,0	0	987,0	0	0,0	ERA5
1057445	18/08/2024	05	18/08/2024	01	HAE	18,9	0	17,5	0	91,0	0	5,0	0	170,0	0	987,0	0	0,0	ERA5
1057446	18/08/2024	06	18/08/2024	02	HAE	18,6	0	17,2	0	92,0	0	6,0	0	140,0	0	986,0	0	0,0	ERA5
1057447	18/08/2024	07	18/08/2024	03	HAE	18,3	0	17,1	0	93,0	0	6,0	0	130,0	0	986,0	0	0,0	ERA5
1057448	18/08/2024	08	18/08/2024	04	HAE	18,1	0	16,8	0	92,0	0	4,0	0	170,0	0	986,0	0	0,0	ERA5
1057449	18/08/2024	09	18/08/2024	05	HAE	17,9	0	16,8	0	93,0	0	5,0	0	150,0	0	986,0	0	0,0	ERA5
1057450	18/08/2024	10	18/08/2024	06	HAE	17,6	0	16,5	0	94,0	0	5,0	0	170,0	0	986,0	0	1,4	ERA5
1057451	18/08/2024	11	18/08/2024	07	HAE	18,1	0	16,7	0	91,0	0	7,0	0	130,0	0	986,0	0	106,6	ERA5
1057452	18/08/2024	12	18/08/2024	08	HAE	18,9	0	16,7	0	87,0	0	7,0	0	150,0	0	986,0	0	317,6	ERA5
1057453	18/08/2024	13	18/08/2024	09	HAE	19,7	0	16,0	0	79,0	0	18,0	0	120,0	0	986,0	0	884,4	ERA5
1057454	18/08/2024	14	18/08/2024	10	HAE	19,9	0	15,9	0	78,0	0	10,0	0	150,0	0	986,0	0	1185,8	ERA5
1057455	18/08/2024	15	18/08/2024	11	HAE	19,7	0	15,9	0	79,0	0	7,0	0	140,0	0	986,0	0	1527,6	ERA5
1057456	18/08/2024	16	18/08/2024	12	HAE	22,2	0	16,6	0	70,0	0	13,0	0	120,0	0	985,0	0	1603,6	ERA5
1057457	18/08/2024	17	18/08/2024	13	HAE	22,6	0	16,6	0	69,0	0	10,0	0	150,0	0	985,0	0	1264,6	ERA5
1057458	18/08/2024	18	18/08/2024	14	HAE	22,8	0	17,1	0	70,0	0	11,0	0	130,0	0	984,0	0	1599,6	ERA5
1057459	18/08/2024	19	18/08/2024	15	HAE	22,6	0	16,2	0	67,0	0	16,0	0	160,0	0	984,0	0	918,4	ERA5
1057460	18/08/2024	20	18/08/2024	16	HAE	22,5	0	15,8	0	66,0	0	13,0	0	160,0	0	983,0	0	851,9	ERA5
1057461	18/08/2024	21	18/08/2024	17	HAE	22,3	0	16,4	0	69,0	0	8,0	0	150,0	0	983,0	0	824,8	ERA5
1057462	18/08/2024	22	18/08/2024	18	HAE	21,7	0	16,8	0	74,0	0	10,0	0	150,0	0	983,0	0	420,7	ERA5
1057463	18/08/2024	23	18/08/2024	19	HAE	20,8	0	16,4	0	76,0	0	8,0	0	150,0	0	983,0	0	173,8	ERA5
1057464	19/08/2024	00	18/08/2024	20	HAE	20,1	0	16,5	0	79,0	0	12,0	0	150,0	0	983,0	0	31,0	ERA5
1057465	19/08/2024	01	18/08/2024	21	HAE	19,6	0	16,4	0	82,0	0	7,0	0	150,0	0	983,0	0	0,0	ERA5
1057466	19/08/2024	02	18/08/2024	22	HAE	18,6	0	16,0	0	85,0	0	9,0	0	130,0	0	983,0	0	0,0	ERA5
1057467	19/08/2024	03	18/08/2024	23	HAE	17,9	0	16,0	0	88,0	0	5,0	0	150,0	0	983,0	0	0,0	ERA5
1057468	19/08/2024	04	19/08/2024	00	HAE	17,6	0	15,9	0	90,0	0	6,0	0	150,0	0	982,0	0	0,0	ERA5
1057469	19/08/2024	05	19/08/2024	01	HAE	16,8	0	15,6	0	93,0	0	5,0	0	130,0	0	981,0	0	0,0	ERA5
1057470	19/08/2024	06	19/08/2024	02	HAE	16,6	0	15,5	0	93,0	0	5,0	0	170,0	0	981,0	0	0,0	ERA5
1057471	19/08/2024	07	19/08/2024	03	HAE	16,2	0	15,2	0	94,0	0	6,0	0	170,0	0	981,0	0	0,0	ERA5
1057472	19/08/2024	08	19/08/2024	04	HAE	16,1	0	15,1	0	94,0	0	5,0	0	160,0	0	980,0	0	0,0	ERA5
1057473	19/08/2024	09	19/08/2024	05	HAE	15,9	0	15,0	0	94,0	0	7,0	0	140,0	0	980,0	0	0,0	ERA5
1057474	19/08/2024	10	19/08/2024	06	HAE	16,1	0	15,1	0	94,0	0	5,0	0	150,0	0	980,0	0	1,1	ERA5
1057475	19/08/2024	11	19/08/2024	07	HAE	16,4	0	15,1	0	92,0	0	7,0	0	130,0	0	980,0	0	144,7	ERA5
1057476	19/08/2024	12	19/08/2024	08	HAE	17,1	0	15,1	0	88,0	0	8,0	0	120,0	0	979,0	0	415,1	ERA5
1057477	19/08/2024	13	19/08/2024	09	HAE	18,4	0	15,9	0	86,0	0	8,0	0	130,0	0	979,0	0	607,9	ERA5
1057478	19/08/2024	14	19/08/2024	10	HAE	20,5	0	17,3	0	82,0	0	5,0	0	120,0	0	979,0	0	877,6	ERA5
1057479	19/08/2024	15	19/08/2024	11	HAE	20,8	0	17,1	0	79,0	0	6,0	0	150,0	0	978,0	0	1046,8	ERA5
1057480	19/08/2024	16	19/08/2024	12	HAE	22,4	0	17,9	0	76,0	0	5,0	0	160,0	0	978,0	0	1369,1	ERA5
1057481	19/08/2024	17	19/08/2024	13	HAE	22,8	0	17,6	0	73,0	0	11,0	0	150,0	0	977,0	0	559,3	ERA5
1057482	19/08/2024	18	19/08/2024	14	HAE	22,7	0	18,3	0	76,0	0	10,0	0	160,0	0	977,0	0	329,3	ERA5
1057483	19/08/2024	19	19/08/2024	15	HAE	22,7	0	18,6	0	78,0	0	9,0	0	120,0	0	976,0	0	1590,0	ERA5
1057484	19/08/2024	20	19/08/2024	16	HAE	21,0	0	18,0	0	83,0	0	6,0	0	340,0	0	976,0	0	1039,0	ERA5
1057485	19/08/2024	21	19/08/2024	17	HAE	19,0	0	17,8	0	93,0	0	8,0	0	330,0	0	976,0	0	665,4	ERA5
1057486	19/08/2024	22	19/08/2024	18	HAE	18,3	0	17,8	0	97,0	0	8,0	0	340,0	0	976,0	0	239,3	ERA5
1057487	19/08/2024	23	19/08/2024	19	HAE	17,5	0	17,0	0	97,0	0	8,0	0	310,0	0	977,0	0	92,4	ERA5
1057488	20/08/2024	00	19/08/2024	20	HAE	17,1	0	16,6	0	97,0	0	12,0	0	20,0	0	977,0	0	14,5	ERA5
1057489	20/08/2024	01	19/08/2024	21	HAE	15,8	0	15,2	0	96,0	0	6,0	0	320,0	0	979,0	0	0,0	ERA5
1057490	20/08/2024	02	19/08/2024	22	HAE	15,1	0	14,4	0	96,0	0	6,0	0	300,0	0	979,0	0	0,0	ERA5
1057491	20/08/2024	03	19/08/2024	23	HAE	14,5	0	14,0	0	96,0	0	7,0	0	320,0	0	979,0	0	0,0	ERA5
1057492	20/08/2024	04	20/08/2024	00	HAE	13,6	0	13,0	0	96,0	0	7,0	0	330,0	0	980,0	0	0,0	ERA5
1057493	20/08/2024	05	20/08/2024	01	HAE	13,1	0	12,5	0	97,0	0	5,0	0	310,0	0	979,0	0	0,0	ERA5
1057494	20/08/2024	06	20/08/2024	02	HAE	13,1	0	12,6	0	96,0	0	5,0	0	310,0	0	979,0	0	0,0	ERA5
1057495	20/08/2024	07	20/08/2024	03	HAE	13,0	0	12,3	0	95,0	0	7,0	0	290,0	0	979,0	0	0,0	ERA5
1057496	20/08/2024	08	20/08/2024	04	HAE	13,0	0	12,3	0	96,0	0	4,0	0	310,0	0	979,0	0	0,0	ERA5
1057497	20/08/2024	09	20/08/2024	05	HAE	13,1	0	12,6	0	97,0	0	4,0	0	290,0	0	980,0	0	0,0	ERA5
1057498	20/08/2024	10	20/08/2024	06	HAE	12,8	0	12,3	0	97,0	0	4,0	0	340,0	0	980,0	0	0,2	ERA5
1057499	20/08/2024	11	20/08/2024	07	HAE	12,7	0	12,3	0	97,0	0	5,0	0	330,0	0	980,0	0	41,6	ERA5
1057500	20/08/2024	12	20/08/2024	08	HAE	12,5	0	12,0	0	97,0	0	10,0	0	310,0	0	981,0	0	129,6	ERA5
1057501	20/08/2024	13	20/08/2024	09	HAE	12,5	0	12,2	0	98,0	0	7,0	0	330,0	0	981,0	0	270,7	ERA5
1057502	20/08/2024	14	20/08/2024	10	HAE	12,8	0	12,4	0	97,0	0	2,0	0	310,0	0	982,0	0	326,5	ERA5
1057503	20/08/2024	15	20/08/2024	11	HAE	13,5	0	12,8	0	95,0	0	7,0	0	320,0	0	982,0	0	543,1	ERA5
1057504	20/08/2024	16	20/08/2024	12	HAE	13,8	0	13,1	0	96,0	0	7,0	0	320,0	0	982,0	0	505,6	ERA5
1057505	20/08/2024	17	20/08/2024	13	HAE	14,2	0	13,1	0	93,0	0	7,0	0	310,0	0	982,0	0	550,7	ERA5
1057506	20/08/2024	18	20/08/2024	14	HAE	14,3	0	13,2	0	93,0	0	7,0	0	340,0	0	982,0	0	671,3	ERA5
1057507	20/08/2024	19	20/08/2024	15	HAE	13,7	0	13,1	0	96,0	0	9,0	0	340,0	0	983,0	0	550,0	ERA5
1057508	20/08/2024	20	20/08/2024	16	HAE	13,3	0	12,6	0	95,0	0	6,0	0	320,0	0	983,0	0	538,2	ERA5
1057509	20/08/2024	21	20/08/2024	17	HAE	13,3	0	12,4	0	95,0	0	7,0	0	330,0	0	983,0	0	373,2	ERA5
1057510	20/08/2024	22	20/08/2024	18	HAE	12,9	0	11,9	0	94,0	0	11,0	0	340,0	0	984,0	0	231,0	ERA5
1057511	20/08/2024	23	20/08/2024	19	HAE	12,8	0	11,9	0	94,0	0	9,0	0	340,0	0	984,0	0	103,7	ERA5
1057512	21/08/2024	00	20/08/2024	20	HAE	12,6	0	11,3	0	92,0	0	6,0	0	350,0	0	985,0	0	14,8	ERA5
1057513	21/08/2024	01	20/08/2024	21	HAE	12,3	0	11,4	0	94,0	0	7,0	0	320,0	0	985,0	0	0,0	ERA5
1057514	21/08/2024	02	20/08/2024	22	HAE	12,5	0	11,4	0	93,0	0	5,0	0	330,0	0	985,0	0	0,0	ERA5
1057515	21/08/2024	03	20/08/2024	23	HAE	12,1	0	11,4	0	96,0	0	5,0	0	290,0	0	985,0	0	0,0	ERA5
1057516	21/08/2024	04	21/08/2024	00	HAE	11,9	0	11,4	0	97,0	0	7,0	0	300,0	0	985,0	0	0,0	ERA5
1057517	21/08/2024	05	21/08/2024	01	HAE	12,0	0	11,4	0	96,0	0	4,0	0	310,0	0	985,0	0	0,0	ERA5
1057518	21/08/2024	06	21/08/2024	02	HAE	12,0	0	11,2	0	95,0	0	5,0	0	330,0	0	985,0	0	0,0	ERA5
1057519	21/08/2024	07	21/08/2024	03	HAE	11,6	0	11,0	0	96,0	0	5,0	0	350,0	0	985,0	0	0,0	ERA5
1057520	21/08/2024	08	21/08/2024	04	HAE	11,3	0	10,9	0	97,0	0	5,0	0	320,0	0	985,0	0	0,0	ERA5
1057521	21/08/2024	09	21/08/2024	05	HAE	11,2	0	10,9	0	98,0	0	7,0	0	300,0	0	985,0	0	0,0	ERA5
1057522	21/08/2024	10	21/08/2024	06	HAE	11,1	0	10,9	0	98,0	0	3,0	0	320,0	0	986,0	0	0,1	ERA5
1057523	21/08/2024	11	21/08/2024	07	HAE	11,4	0	11,2	0	99,0	0	5,0	0	310,0	0	986,0	0	24,3	ERA5
1057524	21/08/2024	12	21/08/2024	08	HAE	11,7	0	11,4	0	98,0	0	7,0	0	310,0	0	986,0	0	84,0	ERA5
1057525	21/08/2024	13	21/08/2024	09	HAE	12,3	0	11,8	0	97,0	0	6,0	0	310,0	0	987,0	0	152,7	ERA5
1057526	21/08/2024	14	21/08/2024	10	HAE	12,8	0	12,3	0	97,0	0	8,0	0	330,0	0	987,0	0	104,1	ERA5
1057527	21/08/2024	15	21/08/2024	11	HAE	14,1	0	12,5	0	90,0	0	10,0	0	70,0	0	987,0	0	188,9	ERA5
1057528	21/08/2024	16	21/08/2024	12	HAE	15,2	0	13,1	0	87,0	0	7,0	0	40,0	0	987,0	0	221,1	ERA5
1057529	21/08/2024	17	21/08/2024	13	HAE	14,8	0	13,3	0	91,0	0	5,0	0	330,0	0	987,0	0	283,4	ERA5
1057530	21/08/2024	18	21/08/2024	14	HAE	15,4	0	14,0	0	92,0	0	10,0	0	300,0	0	986,0	0	356,2	ERA5
1057531	21/08/2024	19	21/08/2024	15	HAE	15,6	0	14,5	0	94,0	0	5,0	0	310,0	0	986,0	0	312,7	ERA5
1057532	21/08/2024	20	21/08/2024	16	HAE	16,1	0	14,2	0	88,0	0	5,0	0	50,0	0	986,0	0	332,8	ERA5
1057533	21/08/2024	21	21/08/2024	17	HAE	15,4	0	14,2	0	92,0	0	7,0	0	290,0	0	986,0	0	146,4	ERA5
1057534	21/08/2024	22	21/08/2024	18	HAE	14,9	0	14,0	0	94,0	0	4,0	0	360,0	0	986,0	0	178,4	ERA5
1057535	21/08/2024	23	21/08/2024	19	HAE	13,8	0	13,5	0	98,0	0	10,0	0	300,0	0	986,0	0	85,3	ERA5
1057536	22/08/2024	00	21/08/2024	20	HAE	14,0	0	13,6	0	97,0	0	4,0	0	280,0	0	987,0	0	9,3	ERA5
1057537	22/08/2024	01	21/08/2024	21	HAE	13,8	0	13,4	0	97,0	0	8,0	0	300,0	0	987,0	0	0,0	ERA5
1057538	22/08/2024	02	21/08/2024	22	HAE	13,2	0	12,9	0	98,0	0	2,0	0	290,0	0	987,0	0	0,0	ERA5
1057539	22/08/2024	03	21/08/2024	23	HAE	12,9	0	12,6	0	98,0	0	3,0	0	340,0	0	987,0	0	0,0	ERA5
1057540	22/08/2024	04	22/08/2024	00	HAE	12,3	0	12,1	0	99,0	0	5,0	0	330,0	0	987,0	0	0,0	ERA5
1057541	22/08/2024	05	22/08/2024	01	HAE	12,4	0	12,1	0	98,0	0	5,0	0	310,0	0	987,0	0	0,0	ERA5
1057542	22/08/2024	06	22/08/2024	02	HAE	12,3	0	12,1	0	99,0	0	1,0	0	90,0	0	987,0	0	0,0	ERA5
1057543	22/08/2024	07	22/08/2024	03	HAE	12,3	0	12,1	0	99,0	0	6,0	0	200,0	0	987,0	0	0,0	ERA5
1057544	22/08/2024	08	22/08/2024	04	HAE	12,2	0	11,8	0	97,0	0	0,0	0	0,0	0	987,0	0	0,0	ERA5
1057545	22/08/2024	09	22/08/2024	05	HAE	12,4	0	12,1	0	98,0	0	5,0	0	340,0	0	987,0	0	0,0	ERA5
1057546	22/08/2024	10	22/08/2024	06	HAE	12,5	0	12,3	0	99,0	0	5,0	0	320,0	0	988,0	0	0,1	ERA5
1057547	22/08/2024	11	22/08/2024	07	HAE	12,7	0	12,4	0	98,0	0	2,0	0	360,0	0	988,0	0	37,4	ERA5
1057548	22/08/2024	12	22/08/2024	08	HAE	13,0	0	12,6	0	98,0	0	0,0	0	40,0	0	988,0	0	122,4	ERA5
1057549	22/08/2024	13	22/08/2024	09	HAE	14,0	0	13,3	0	95,0	0	6,0	0	120,0	0	989,0	0	427,3	ERA5
1057550	22/08/2024	14	22/08/2024	10	HAE	14,2	0	12,7	0	91,0	0	5,0	0	130,0	0	989,0	0	738,3	ERA5
1057551	22/08/2024	15	22/08/2024	11	HAE	15,2	0	13,1	0	87,0	0	6,0	0	130,0	0	989,0	0	1634,7	ERA5
1057552	22/08/2024	16	22/08/2024	12	HAE	16,4	0	12,4	0	77,0	0	6,0	0	110,0	0	989,0	0	1488,3	ERA5
1057553	22/08/2024	17	22/08/2024	13	HAE	17,4	0	10,7	0	65,0	0	4,0	0	10,0	0	989,0	0	1547,9	ERA5
1057554	22/08/2024	18	22/08/2024	14	HAE	16,9	0	13,0	0	78,0	0	8,0	0	350,0	0	989,0	0	1716,9	ERA5
1057555	22/08/2024	19	22/08/2024	15	HAE	17,0	0	11,6	0	70,0	0	6,0	0	360,0	0	990,0	0	1460,2	ERA5
1057556	22/08/2024	20	22/08/2024	16	HAE	15,0	0	12,4	0	84,0	0	8,0	0	360,0	0	990,0	0	1563,8	ERA5
1057557	22/08/2024	21	22/08/2024	17	HAE	15,7	0	11,9	0	78,0	0	4,0	0	170,0	0	990,0	0	1087,3	ERA5
1057558	22/08/2024	22	22/08/2024	18	HAE	15,7	0	13,7	0	88,0	0	2,0	0	110,0	0	990,0	0	860,8	ERA5
1057559	22/08/2024	23	22/08/2024	19	HAE	15,7	0	14,5	0	93,0	0	2,0	0	270,0	0	991,0	0	363,2	ERA5
1057560	23/08/2024	00	22/08/2024	20	HAE	14,2	0	12,7	0	91,0	0	3,0	0	250,0	0	991,0	0	34,2	ERA5
1057561	23/08/2024	01	22/08/2024	21	HAE	13,7	0	12,6	0	93,0	0	3,0	0	260,0	0	991,0	0	0,0	ERA5
1057562	23/08/2024	02	22/08/2024	22	HAE	13,1	0	12,5	0	96,0	0	5,0	0	300,0	0	991,0	0	0,0	ERA5
1057563	23/08/2024	03	22/08/2024	23	HAE	13,1	0	12,4	0	96,0	0	1,0	0	250,0	0	992,0	0	0,0	ERA5
1057564	23/08/2024	04	23/08/2024	00	HAE	13,1	0	12,4	0	96,0	0	5,0	0	300,0	0	992,0	0	0,0	ERA5
1057565	23/08/2024	05	23/08/2024	01	HAE	13,1	0	12,5	0	96,0	0	0,0	0	0,0	0	992,0	0	0,0	ERA5
1057566	23/08/2024	06	23/08/2024	02	HAE	13,2	0	12,5	0	96,0	0	4,0	0	250,0	0	992,0	0	0,0	ERA5
1057567	23/08/2024	07	23/08/2024	03	HAE	13,2	0	12,3	0	95,0	0	1,0	0	310,0	0	993,0	0	0,0	ERA5
1057568	23/08/2024	08	23/08/2024	04	HAE	13,1	0	12,1	0	94,0	0	1,0	0	240,0	0	993,0	0	0,0	ERA5
1057569	23/08/2024	09	23/08/2024	05	HAE	12,9	0	11,9	0	94,0	0	1,0	0	300,0	0	993,0	0	0,0	ERA5
1057570	23/08/2024	10	23/08/2024	06	HAE	12,0	0	11,3	0	95,0	0	0,0	0	180,0	0	994,0	0	0,1	ERA5
1057571	23/08/2024	11	23/08/2024	07	HAE	12,4	0	12,0	0	97,0	0	1,0	0	20,0	0	994,0	0	118,3	ERA5
1057572	23/08/2024	12	23/08/2024	08	HAE	13,1	0	12,2	0	94,0	0	2,0	0	160,0	0	994,0	0	494,4	ERA5
1057573	23/08/2024	13	23/08/2024	09	HAE	14,7	0	12,1	0	84,0	0	3,0	0	230,0	0	994,0	0	919,0	ERA5
1057574	23/08/2024	14	23/08/2024	10	HAE	16,5	0	13,3	0	82,0	0	4,0	0	70,0	0	995,0	0	1449,4	ERA5
1057575	23/08/2024	15	23/08/2024	11	HAE	18,0	0	13,0	0	73,0	0	3,0	0	210,0	0	995,0	0	1581,7	ERA5
1057576	23/08/2024	16	23/08/2024	12	HAE	19,0	0	11,9	0	63,0	0	4,0	0	360,0	0	994,0	0	1929,2	ERA5
1057577	23/08/2024	17	23/08/2024	13	HAE	20,2	0	11,6	0	58,0	0	7,0	0	300,0	0	994,0	0	1890,2	ERA5
1057578	23/08/2024	18	23/08/2024	14	HAE	20,7	0	11,7	0	56,0	0	8,0	0	300,0	0	994,0	0	2027,9	ERA5
1057579	23/08/2024	19	23/08/2024	15	HAE	21,7	0	10,8	0	50,0	0	7,0	0	290,0	0	994,0	0	1855,9	ERA5
1057580	23/08/2024	20	23/08/2024	16	HAE	22,2	0	11,4	0	50,0	0	6,0	0	260,0	0	994,0	0	1879,8	ERA5
1057581	23/08/2024	21	23/08/2024	17	HAE	22,1	0	12,1	0	53,0	0	3,0	0	300,0	0	993,0	0	1407,2	ERA5
1057582	23/08/2024	22	23/08/2024	18	HAE	21,3	0	13,1	0	60,0	0	1,0	0	300,0	0	993,0	0	745,0	ERA5
1057583	23/08/2024	23	23/08/2024	19	HAE	19,3	0	12,8	0	66,0	0	4,0	0	300,0	0	994,0	0	363,5	ERA5
1057584	24/08/2024	00	23/08/2024	20	HAE	16,9	0	13,3	0	79,0	0	1,0	0	260,0	0	994,0	0	40,1	ERA5
1057585	24/08/2024	01	23/08/2024	21	HAE	17,0	0	13,3	0	79,0	0	2,0	0	290,0	0	994,0	0	0,0	ERA5
1057586	24/08/2024	02	23/08/2024	22	HAE	14,7	0	13,2	0	90,0	0	0,0	0	0,0	0	994,0	0	0,0	ERA5
1057587	24/08/2024	03	23/08/2024	23	HAE	14,4	0	13,0	0	91,0	0	3,0	0	170,0	0	995,0	0	0,0	ERA5
1057588	24/08/2024	04	24/08/2024	00	HAE	14,0	0	12,9	0	93,0	0	4,0	0	180,0	0	995,0	0	0,0	ERA5
1057589	24/08/2024	05	24/08/2024	01	HAE	13,4	0	12,6	0	95,0	0	3,0	0	170,0	0	995,0	0	0,0	ERA5
1057590	24/08/2024	06	24/08/2024	02	HAE	12,8	0	12,2	0	97,0	0	3,0	0	190,0	0	994,0	0	0,0	ERA5
1057591	24/08/2024	07	24/08/2024	03	HAE	12,5	0	12,1	0	97,0	0	6,0	0	170,0	0	994,0	0	0,0	ERA5
1057592	24/08/2024	08	24/08/2024	04	HAE	12,1	0	11,8	0	98,0	0	5,0	0	160,0	0	994,0	0	0,0	ERA5
1057593	24/08/2024	09	24/08/2024	05	HAE	11,8	0	11,5	0	98,0	0	4,0	0	160,0	0	994,0	0	0,0	ERA5
1057594	24/08/2024	10	24/08/2024	06	HAE	11,4	0	11,2	0	98,0	0	3,0	0	180,0	0	995,0	0	0,0	ERA5
1057595	24/08/2024	11	24/08/2024	07	HAE	12,2	0	11,8	0	97,0	0	1,0	0	140,0	0	995,0	0	177,4	ERA5
1057596	24/08/2024	12	24/08/2024	08	HAE	15,8	0	13,8	0	88,0	0	3,0	0	110,0	0	995,0	0	673,7	ERA5
1057597	24/08/2024	13	24/08/2024	09	HAE	19,3	0	14,8	0	75,0	0	5,0	0	190,0	0	995,0	0	1232,3	ERA5
1057598	24/08/2024	14	24/08/2024	10	HAE	21,5	0	16,0	0	71,0	0	3,0	0	150,0	0	995,0	0	1939,3	ERA5
1057599	24/08/2024	15	24/08/2024	11	HAE	22,6	0	15,6	0	65,0	0	3,0	0	180,0	0	995,0	0	2319,2	ERA5
1057600	24/08/2024	16	24/08/2024	12	HAE	24,2	0	15,8	0	59,0	0	2,0	0	290,0	0	994,0	0	2731,3	ERA5
1057601	24/08/2024	17	24/08/2024	13	HAE	25,1	0	15,5	0	55,0	0	4,0	0	210,0	0	994,0	0	2626,2	ERA5
1057602	24/08/2024	18	24/08/2024	14	HAE	25,1	0	14,2	0	51,0	0	4,0	0	240,0	0	994,0	0	2264,4	ERA5
1057603	24/08/2024	19	24/08/2024	15	HAE	23,7	0	16,1	0	62,0	0	6,0	0	300,0	0	994,0	0	1908,2	ERA5
1057604	24/08/2024	20	24/08/2024	16	HAE	23,7	0	15,6	0	60,0	0	6,0	0	310,0	0	993,0	0	1621,2	ERA5
1057605	24/08/2024	21	24/08/2024	17	HAE	24,1	0	15,0	0	57,0	0	10,0	0	310,0	0	993,0	0	1342,9	ERA5
1057606	24/08/2024	22	24/08/2024	18	HAE	23,6	0	14,2	0	56,0	0	2,0	0	270,0	0	993,0	0	697,6	ERA5
1057607	24/08/2024	23	24/08/2024	19	HAE	20,6	0	15,5	0	72,0	0	2,0	0	260,0	0	993,0	0	346,5	ERA5
1057608	25/08/2024	00	24/08/2024	20	HAE	18,9	0	14,6	0	76,0	0	1,0	0	250,0	0	994,0	0	39,5	ERA5
1057609	25/08/2024	01	24/08/2024	21	HAE	18,0	0	14,4	0	80,0	0	1,0	0	280,0	0	994,0	0	0,0	ERA5
1057610	25/08/2024	02	24/08/2024	22	HAE	15,6	0	14,0	0	90,0	0	1,0	0	150,0	0	994,0	0	0,0	ERA5
1057611	25/08/2024	03	24/08/2024	23	HAE	14,4	0	13,6	0	95,0	0	1,0	0	50,0	0	994,0	0	0,0	ERA5
1057612	25/08/2024	04	25/08/2024	00	HAE	15,2	0	14,2	0	94,0	0	5,0	0	170,0	0	994,0	0	0,0	ERA5
1057613	25/08/2024	05	25/08/2024	01	HAE	14,3	0	13,6	0	95,0	0	5,0	0	180,0	0	994,0	0	0,0	ERA5
1057614	25/08/2024	06	25/08/2024	02	HAE	13,8	0	13,3	0	97,0	0	5,0	0	170,0	0	994,0	0	0,0	ERA5
1057615	25/08/2024	07	25/08/2024	03	HAE	13,8	0	13,4	0	98,0	0	2,0	0	130,0	0	994,0	0	0,0	ERA5
1057616	25/08/2024	08	25/08/2024	04	HAE	13,5	0	13,2	0	97,0	0	4,0	0	180,0	0	994,0	0	0,0	ERA5
1057617	25/08/2024	09	25/08/2024	05	HAE	13,5	0	13,2	0	98,0	0	4,0	0	180,0	0	995,0	0	0,0	ERA5
1057618	25/08/2024	10	25/08/2024	06	HAE	13,6	0	13,2	0	98,0	0	5,0	0	160,0	0	995,0	0	0,0	ERA5
1057619	25/08/2024	11	25/08/2024	07	HAE	13,7	0	13,4	0	98,0	0	3,0	0	160,0	0	995,0	0	115,0	ERA5
1057620	25/08/2024	12	25/08/2024	08	HAE	15,8	0	14,6	0	93,0	0	5,0	0	110,0	0	996,0	0	382,0	ERA5
1057621	25/08/2024	13	25/08/2024	09	HAE	16,3	0	14,7	0	91,0	0	4,0	0	110,0	0	996,0	0	685,5	ERA5
1057622	25/08/2024	14	25/08/2024	10	HAE	17,6	0	15,6	0	88,0	0	2,0	0	100,0	0	996,0	0	717,8	ERA5
1057623	25/08/2024	15	25/08/2024	11	HAE	18,7	0	16,6	0	88,0	0	3,0	0	140,0	0	996,0	0	1054,1	ERA5
1057624	25/08/2024	16	25/08/2024	12	HAE	19,3	0	16,6	0	85,0	0	4,0	0	160,0	0	996,0	0	1583,3	ERA5
1057625	25/08/2024	17	25/08/2024	13	HAE	19,7	0	16,8	0	83,0	0	4,0	0	170,0	0	996,0	0	2033,3	ERA5
1057626	25/08/2024	18	25/08/2024	14	HAE	21,8	0	16,7	0	73,0	0	4,0	0	20,0	0	995,0	0	2347,2	ERA5
1057627	25/08/2024	19	25/08/2024	15	HAE	23,5	0	15,7	0	62,0	0	3,0	0	40,0	0	995,0	0	1477,7	ERA5
1057628	25/08/2024	20	25/08/2024	16	HAE	23,4	0	17,3	0	68,0	0	7,0	0	130,0	0	994,0	0	1215,8	ERA5
1057629	25/08/2024	21	25/08/2024	17	HAE	22,9	0	17,0	0	69,0	0	1,0	0	220,0	0	994,0	0	1259,4	ERA5
1057630	25/08/2024	22	25/08/2024	18	HAE	20,6	0	17,6	0	83,0	0	3,0	0	240,0	0	994,0	0	695,2	ERA5
1057631	25/08/2024	23	25/08/2024	19	HAE	19,0	0	17,4	0	90,0	0	4,0	0	220,0	0	994,0	0	288,5	ERA5
1057632	26/08/2024	00	25/08/2024	20	HAE	18,0	0	16,5	0	91,0	0	3,0	0	250,0	0	995,0	0	26,0	ERA5
1057633	26/08/2024	01	25/08/2024	21	HAE	17,3	0	16,3	0	94,0	0	3,0	0	110,0	0	995,0	0	0,0	ERA5
1057634	26/08/2024	02	25/08/2024	22	HAE	17,3	0	16,7	0	96,0	0	2,0	0	40,0	0	995,0	0	0,0	ERA5
1057635	26/08/2024	03	25/08/2024	23	HAE	16,5	0	16,2	0	98,0	0	2,0	0	120,0	0	994,0	0	0,0	ERA5
1057636	26/08/2024	04	26/08/2024	00	HAE	16,1	0	15,9	0	98,0	0	1,0	0	190,0	0	994,0	0	0,0	ERA5
1057637	26/08/2024	05	26/08/2024	01	HAE	15,5	0	15,2	0	98,0	0	1,0	0	110,0	0	995,0	0	0,0	ERA5
1057638	26/08/2024	06	26/08/2024	02	HAE	15,2	0	15,0	0	99,0	0	4,0	0	210,0	0	994,0	0	0,0	ERA5
1057639	26/08/2024	07	26/08/2024	03	HAE	14,5	0	14,4	0	99,0	0	2,0	0	220,0	0	994,0	0	0,0	ERA5
1057640	26/08/2024	08	26/08/2024	04	HAE	14,0	0	13,9	0	99,0	0	2,0	0	170,0	0	994,0	0	0,0	ERA5
1057641	26/08/2024	09	26/08/2024	05	HAE	14,0	0	14,0	0	100,0	0	2,0	0	170,0	0	994,0	0	0,0	ERA5
1057642	26/08/2024	10	26/08/2024	06	HAE	13,5	0	13,5	0	100,0	0	6,0	0	180,0	0	994,0	0	0,0	ERA5
1057643	26/08/2024	11	26/08/2024	07	HAE	14,2	0	14,2	0	100,0	0	0,0	0	90,0	0	994,0	0	143,8	ERA5
1057644	26/08/2024	12	26/08/2024	08	HAE	14,5	0	14,5	0	100,0	0	3,0	0	110,0	0	995,0	0	543,0	ERA5
1057645	26/08/2024	13	26/08/2024	09	HAE	14,8	0	14,8	0	100,0	0	4,0	0	120,0	0	995,0	0	1099,1	ERA5
1057646	26/08/2024	14	26/08/2024	10	HAE	15,6	0	15,5	0	99,0	0	0,0	0	90,0	0	995,0	0	1619,4	ERA5
1057647	26/08/2024	15	26/08/2024	11	HAE	18,0	0	17,1	0	94,0	0	5,0	0	110,0	0	994,0	0	1811,4	ERA5
1057648	26/08/2024	16	26/08/2024	12	HAE	19,8	0	17,3	0	85,0	0	4,0	0	20,0	0	994,0	0	2056,0	ERA5
1057649	26/08/2024	17	26/08/2024	13	HAE	21,4	0	17,2	0	77,0	0	5,0	0	80,0	0	993,0	0	2483,4	ERA5
1057650	26/08/2024	18	26/08/2024	14	HAE	22,4	0	15,7	0	66,0	0	3,0	0	280,0	0	993,0	0	2305,3	ERA5
1057651	26/08/2024	19	26/08/2024	15	HAE	24,4	0	17,1	0	64,0	0	2,0	0	180,0	0	992,0	0	2138,0	ERA5
1057652	26/08/2024	20	26/08/2024	16	HAE	24,6	0	15,5	0	57,0	0	2,0	0	350,0	0	992,0	0	1863,8	ERA5
1057653	26/08/2024	21	26/08/2024	17	HAE	24,1	0	15,8	0	60,0	0	2,0	0	330,0	0	992,0	0	1358,9	ERA5
1057654	26/08/2024	22	26/08/2024	18	HAE	22,9	0	17,3	0	71,0	0	4,0	0	320,0	0	992,0	0	930,0	ERA5
1057655	26/08/2024	23	26/08/2024	19	HAE	20,9	0	17,0	0	78,0	0	3,0	0	300,0	0	992,0	0	373,0	ERA5
1057656	27/08/2024	00	26/08/2024	20	HAE	19,1	0	16,8	0	86,0	0	3,0	0	310,0	0	992,0	0	28,8	ERA5
1057657	27/08/2024	01	26/08/2024	21	HAE	18,2	0	16,6	0	90,0	0	0,0	0	0,0	0	992,0	0	0,0	ERA5
1057658	27/08/2024	02	26/08/2024	22	HAE	17,5	0	16,3	0	92,0	0	3,0	0	210,0	0	992,0	0	0,0	ERA5
1057659	27/08/2024	03	26/08/2024	23	HAE	16,5	0	15,9	0	96,0	0	2,0	0	200,0	0	992,0	0	0,0	ERA5
1057660	27/08/2024	04	27/08/2024	00	HAE	15,9	0	15,5	0	98,0	0	1,0	0	250,0	0	992,0	0	0,0	ERA5
1057661	27/08/2024	05	27/08/2024	01	HAE	15,0	0	14,7	0	98,0	0	0,0	0	0,0	0	992,0	0	0,0	ERA5
1057662	27/08/2024	06	27/08/2024	02	HAE	14,5	0	14,3	0	99,0	0	6,0	0	170,0	0	992,0	0	0,0	ERA5
1057663	27/08/2024	07	27/08/2024	03	HAE	14,2	0	14,1	0	100,0	0	5,0	0	180,0	0	992,0	0	0,0	ERA5
1057664	27/08/2024	08	27/08/2024	04	HAE	14,0	0	14,0	0	100,0	0	3,0	0	190,0	0	991,0	0	0,0	ERA5
1057665	27/08/2024	09	27/08/2024	05	HAE	13,7	0	13,7	0	100,0	0	4,0	0	180,0	0	991,0	0	0,0	ERA5
1057666	27/08/2024	10	27/08/2024	06	HAE	13,3	0	13,3	0	100,0	0	4,0	0	180,0	0	991,0	0	0,0	ERA5
1057667	27/08/2024	11	27/08/2024	07	HAE	13,0	0	12,9	0	100,0	0	4,0	0	180,0	0	991,0	0	176,3	ERA5
1057668	27/08/2024	12	27/08/2024	08	HAE	13,5	0	13,5	0	100,0	0	8,0	0	120,0	0	991,0	0	690,7	ERA5
1057669	27/08/2024	13	27/08/2024	09	HAE	14,4	0	14,4	0	100,0	0	8,0	0	130,0	0	991,0	0	1292,8	ERA5
1057670	27/08/2024	14	27/08/2024	10	HAE	20,0	0	18,3	0	90,0	0	5,0	0	130,0	0	991,0	0	1940,6	ERA5
1057671	27/08/2024	15	27/08/2024	11	HAE	24,5	0	19,3	0	73,0	0	5,0	0	110,0	0	990,0	0	2391,7	ERA5
1057672	27/08/2024	16	27/08/2024	12	HAE	26,5	0	19,7	0	66,0	0	5,0	0	170,0	0	990,0	0	2598,6	ERA5
1057673	27/08/2024	17	27/08/2024	13	HAE	26,8	0	18,2	0	59,0	0	6,0	0	220,0	0	989,0	0	2505,5	ERA5
1057674	27/08/2024	18	27/08/2024	14	HAE	27,2	0	17,4	0	55,0	0	8,0	0	230,0	0	988,0	0	1747,8	ERA5
1057675	27/08/2024	19	27/08/2024	15	HAE	27,4	0	17,6	0	55,0	0	5,0	0	210,0	0	988,0	0	1630,5	ERA5
1057676	27/08/2024	20	27/08/2024	16	HAE	26,9	0	17,6	0	57,0	0	6,0	0	230,0	0	987,0	0	1377,9	ERA5
1057677	27/08/2024	21	27/08/2024	17	HAE	26,3	0	17,7	0	59,0	0	2,0	0	240,0	0	987,0	0	1140,2	ERA5
1057678	27/08/2024	22	27/08/2024	18	HAE	24,7	0	18,4	0	68,0	0	1,0	0	170,0	0	986,0	0	573,1	ERA5
1057679	27/08/2024	23	27/08/2024	19	HAE	23,6	0	18,5	0	73,0	0	0,0	0	150,0	0	986,0	0	219,9	ERA5
1057680	28/08/2024	00	27/08/2024	20	HAE	21,0	0	18,1	0	84,0	0	1,0	0	190,0	0	985,0	0	17,5	ERA5
1057681	28/08/2024	01	27/08/2024	21	HAE	19,8	0	17,8	0	88,0	0	2,0	0	210,0	0	985,0	0	0,0	ERA5
1057682	28/08/2024	02	27/08/2024	22	HAE	19,8	0	18,1	0	90,0	0	5,0	0	180,0	0	985,0	0	0,0	ERA5
1057683	28/08/2024	03	27/08/2024	23	HAE	19,2	0	17,8	0	92,0	0	6,0	0	190,0	0	984,0	0	0,0	ERA5
1057684	28/08/2024	04	28/08/2024	00	HAE	19,3	0	17,8	0	91,0	0	5,0	0	170,0	0	983,0	0	0,0	ERA5
1057685	28/08/2024	05	28/08/2024	01	HAE	19,7	0	17,2	0	86,0	0	5,0	0	170,0	0	982,0	0	0,0	ERA5
1057686	28/08/2024	06	28/08/2024	02	HAE	19,4	0	17,5	0	88,0	0	3,0	0	170,0	0	981,0	0	0,0	ERA5
1057687	28/08/2024	07	28/08/2024	03	HAE	19,3	0	17,3	0	88,0	0	2,0	0	180,0	0	980,0	0	0,0	ERA5
1057688	28/08/2024	08	28/08/2024	04	HAE	19,0	0	17,3	0	90,0	0	7,0	0	190,0	0	980,0	0	0,0	ERA5
1057689	28/08/2024	09	28/08/2024	05	HAE	18,0	0	17,6	0	97,0	0	3,0	0	150,0	0	980,0	0	0,0	ERA5
1057690	28/08/2024	10	28/08/2024	06	HAE	18,1	0	17,9	0	99,0	0	1,0	0	70,0	0	980,0	0	0,0	ERA5
1057691	28/08/2024	11	28/08/2024	07	HAE	18,3	0	17,9	0	98,0	0	3,0	0	360,0	0	981,0	0	7,6	ERA5
1057692	28/08/2024	12	28/08/2024	08	HAE	18,2	0	17,7	0	97,0	0	6,0	0	330,0	0	982,0	0	22,0	ERA5
1057693	28/08/2024	13	28/08/2024	09	HAE	15,4	0	14,0	0	91,0	0	8,0	0	330,0	0	984,0	0	233,9	ERA5
1057694	28/08/2024	14	28/08/2024	10	HAE	15,4	0	12,9	0	85,0	0	9,0	0	340,0	0	986,0	0	575,6	ERA5
1057695	28/08/2024	15	28/08/2024	11	HAE	15,7	0	10,7	0	72,0	0	10,0	0	350,0	0	986,0	0	1213,7	ERA5
1057696	28/08/2024	16	28/08/2024	12	HAE	16,8	0	12,3	0	75,0	0	10,0	0	320,0	0	987,0	0	1529,7	ERA5
1057697	28/08/2024	17	28/08/2024	13	HAE	17,9	0	11,2	0	65,0	0	10,0	0	320,0	0	987,0	0	1968,1	ERA5
1057698	28/08/2024	18	28/08/2024	14	HAE	18,9	0	10,6	0	59,0	0	10,0	0	320,0	0	987,0	0	2581,0	ERA5
1057699	28/08/2024	19	28/08/2024	15	HAE	18,7	0	9,3	0	54,0	0	11,0	0	330,0	0	988,0	0	2517,0	ERA5
1057700	28/08/2024	20	28/08/2024	16	HAE	17,4	0	8,8	0	57,0	0	9,0	0	310,0	0	988,0	0	2149,4	ERA5
1057701	28/08/2024	21	28/08/2024	17	HAE	17,8	0	10,4	0	62,0	0	4,0	0	280,0	0	989,0	0	1569,2	ERA5
1057702	28/08/2024	22	28/08/2024	18	HAE	16,2	0	9,5	0	64,0	0	6,0	0	290,0	0	989,0	0	966,2	ERA5
1057703	28/08/2024	23	28/08/2024	19	HAE	15,2	0	9,2	0	67,0	0	3,0	0	310,0	0	990,0	0	375,9	ERA5
1057704	29/08/2024	00	28/08/2024	20	HAE	14,0	0	8,7	0	70,0	0	7,0	0	300,0	0	991,0	0	22,9	ERA5
1057705	29/08/2024	01	28/08/2024	21	HAE	12,6	0	8,5	0	76,0	0	3,0	0	300,0	0	992,0	0	0,0	ERA5
1057706	29/08/2024	02	28/08/2024	22	HAE	11,6	0	8,5	0	81,0	0	3,0	0	300,0	0	993,0	0	0,0	ERA5
1057707	29/08/2024	03	28/08/2024	23	HAE	10,9	0	8,6	0	86,0	0	2,0	0	300,0	0	994,0	0	0,0	ERA5
1057708	29/08/2024	04	29/08/2024	00	HAE	9,9	0	8,4	0	90,0	0	3,0	0	310,0	0	994,0	0	0,0	ERA5
1057709	29/08/2024	05	29/08/2024	01	HAE	8,8	0	7,5	0	92,0	0	3,0	0	170,0	0	995,0	0	0,0	ERA5
1057710	29/08/2024	06	29/08/2024	02	HAE	8,3	0	7,7	0	96,0	0	2,0	0	250,0	0	995,0	0	0,0	ERA5
1057711	29/08/2024	07	29/08/2024	03	HAE	7,9	0	7,5	0	98,0	0	1,0	0	290,0	0	995,0	0	0,0	ERA5
1057712	29/08/2024	08	29/08/2024	04	HAE	7,0	0	6,5	0	97,0	0	1,0	0	60,0	0	996,0	0	0,0	ERA5
1057713	29/08/2024	09	29/08/2024	05	HAE	6,8	0	6,6	0	98,0	0	2,0	0	200,0	0	997,0	0	0,0	ERA5
1057714	29/08/2024	10	29/08/2024	06	HAE	6,7	0	6,6	0	99,0	0	2,0	0	170,0	0	998,0	0	0,0	ERA5
1057715	29/08/2024	11	29/08/2024	07	HAE	6,8	0	6,8	0	100,0	0	5,0	0	210,0	0	998,0	0	169,4	ERA5
1057716	29/08/2024	12	29/08/2024	08	HAE	7,6	0	7,6	0	100,0	0	6,0	0	120,0	0	999,0	0	749,6	ERA5
1057717	29/08/2024	13	29/08/2024	09	HAE	8,9	0	8,8	0	100,0	0	5,0	0	130,0	0	999,0	0	1413,6	ERA5
1057718	29/08/2024	14	29/08/2024	10	HAE	14,1	0	9,9	0	76,0	0	3,0	0	110,0	0	999,0	0	2027,8	ERA5
1057719	29/08/2024	15	29/08/2024	11	HAE	15,3	0	8,9	0	66,0	0	4,0	0	330,0	0	999,0	0	2524,8	ERA5
1057720	29/08/2024	16	29/08/2024	12	HAE	17,9	0	9,5	0	58,0	0	5,0	0	120,0	0	999,0	0	2858,8	ERA5
1057721	29/08/2024	17	29/08/2024	13	HAE	18,5	0	8,5	0	52,0	0	5,0	0	160,0	0	998,0	0	3000,5	ERA5
1057722	29/08/2024	18	29/08/2024	14	HAE	19,1	0	8,3	0	50,0	0	9,0	0	340,0	0	998,0	0	2939,5	ERA5
1057723	29/08/2024	19	29/08/2024	15	HAE	20,8	0	10,8	0	53,0	0	3,0	0	360,0	0	998,0	0	2677,4	ERA5
1057724	29/08/2024	20	29/08/2024	16	HAE	21,3	0	10,3	0	50,0	0	7,0	0	310,0	0	998,0	0	2251,0	ERA5
1057725	29/08/2024	21	29/08/2024	17	HAE	20,9	0	10,5	0	51,0	0	6,0	0	320,0	0	998,0	0	1687,8	ERA5
1057726	29/08/2024	22	29/08/2024	18	HAE	20,0	0	7,9	0	46,0	0	6,0	0	300,0	0	998,0	0	1041,7	ERA5
1057727	29/08/2024	23	29/08/2024	19	HAE	17,7	0	7,8	0	52,0	0	6,0	0	280,0	0	998,0	0	402,7	ERA5
1057728	30/08/2024	00	29/08/2024	20	HAE	15,6	0	10,0	0	69,0	0	7,0	0	310,0	0	999,0	0	20,4	ERA5
1057729	30/08/2024	01	29/08/2024	21	HAE	13,2	0	10,0	0	81,0	0	0,0	0	140,0	0	999,0	0	0,0	ERA5
1057730	30/08/2024	02	29/08/2024	22	HAE	11,6	0	10,0	0	89,0	0	0,0	0	0,0	0	1000,0	0	0,0	ERA5
1057731	30/08/2024	03	29/08/2024	23	HAE	10,2	0	8,7	0	90,0	0	0,0	0	0,0	0	1000,0	0	0,0	ERA5
1057732	30/08/2024	04	30/08/2024	00	HAE	9,7	0	9,1	0	96,0	0	0,0	0	0,0	0	1000,0	0	0,0	ERA5
1057733	30/08/2024	05	30/08/2024	01	HAE	8,5	0	7,9	0	96,0	0	0,0	0	0,0	0	1000,0	0	0,0	ERA5
1057734	30/08/2024	06	30/08/2024	02	HAE	8,9	0	8,5	0	98,0	0	2,0	0	160,0	0	999,0	0	0,0	ERA5
1057735	30/08/2024	07	30/08/2024	03	HAE	8,2	0	7,7	0	97,0	0	1,0	0	200,0	0	999,0	0	0,0	ERA5
1057736	30/08/2024	08	30/08/2024	04	HAE	7,7	0	7,2	0	97,0	0	1,0	0	160,0	0	999,0	0	0,0	ERA5
1057737	30/08/2024	09	30/08/2024	05	HAE	6,9	0	6,4	0	96,0	0	1,0	0	200,0	0	1000,0	0	0,0	ERA5
1057738	30/08/2024	10	30/08/2024	06	HAE	5,4	0	5,1	0	97,0	0	4,0	0	190,0	0	1000,0	0	0,0	ERA5
1057739	30/08/2024	11	30/08/2024	07	HAE	5,6	0	5,5	0	99,0	0	5,0	0	170,0	0	1000,0	0	159,9	ERA5
1057740	30/08/2024	12	30/08/2024	08	HAE	7,6	0	7,6	0	100,0	0	6,0	0	170,0	0	1000,0	0	728,8	ERA5
1057741	30/08/2024	13	30/08/2024	09	HAE	10,5	0	9,4	0	93,0	0	5,0	0	110,0	0	1000,0	0	1384,2	ERA5
1057742	30/08/2024	14	30/08/2024	10	HAE	15,9	0	10,7	0	71,0	0	8,0	0	110,0	0	999,0	0	1992,8	ERA5
1057743	30/08/2024	15	30/08/2024	11	HAE	19,3	0	12,7	0	65,0	0	3,0	0	120,0	0	999,0	0	2485,2	ERA5
1057744	30/08/2024	16	30/08/2024	12	HAE	21,4	0	12,6	0	57,0	0	9,0	0	120,0	0	998,0	0	2817,9	ERA5
1057745	30/08/2024	17	30/08/2024	13	HAE	23,1	0	11,9	0	49,0	0	13,0	0	130,0	0	997,0	0	2962,7	ERA5
1057746	30/08/2024	18	30/08/2024	14	HAE	24,1	0	11,0	0	44,0	0	10,0	0	150,0	0	996,0	0	2905,1	ERA5
1057747	30/08/2024	19	30/08/2024	15	HAE	24,9	0	10,9	0	41,0	0	8,0	0	130,0	0	996,0	0	2654,1	ERA5
1057748	30/08/2024	20	30/08/2024	16	HAE	24,5	0	10,5	0	41,0	0	15,0	0	150,0	0	995,0	0	2225,9	ERA5
1057749	30/08/2024	21	30/08/2024	17	HAE	24,0	0	11,8	0	47,0	0	12,0	0	130,0	0	994,0	0	1662,2	ERA5
1057750	30/08/2024	22	30/08/2024	18	HAE	23,2	0	9,6	0	42,0	0	8,0	0	170,0	0	994,0	0	1018,4	ERA5
1057751	30/08/2024	23	30/08/2024	19	HAE	20,1	0	10,6	0	54,0	0	3,0	0	170,0	0	994,0	0	384,0	ERA5
1057752	31/08/2024	00	30/08/2024	20	HAE	17,9	0	10,5	0	62,0	0	4,0	0	170,0	0	994,0	0	16,6	ERA5
1057753	31/08/2024	01	30/08/2024	21	HAE	16,0	0	10,3	0	69,0	0	6,0	0	180,0	0	994,0	0	0,0	ERA5
1057754	31/08/2024	02	30/08/2024	22	HAE	15,5	0	10,7	0	73,0	0	4,0	0	160,0	0	994,0	0	0,0	ERA5
1057755	31/08/2024	03	30/08/2024	23	HAE	14,5	0	11,0	0	79,0	0	5,0	0	180,0	0	993,0	0	0,0	ERA5
1057756	31/08/2024	04	31/08/2024	00	HAE	13,8	0	10,9	0	83,0	0	8,0	0	170,0	0	993,0	0	0,0	ERA5
1057757	31/08/2024	05	31/08/2024	01	HAE	13,1	0	10,8	0	86,0	0	6,0	0	170,0	0	993,0	0	0,0	ERA5
1057758	31/08/2024	06	31/08/2024	02	HAE	12,3	0	10,6	0	89,0	0	4,0	0	160,0	0	992,0	0	0,0	ERA5
1057759	31/08/2024	07	31/08/2024	03	HAE	12,3	0	10,4	0	88,0	0	5,0	0	160,0	0	992,0	0	0,0	ERA5
1057760	31/08/2024	08	31/08/2024	04	HAE	12,7	0	10,5	0	86,0	0	5,0	0	140,0	0	991,0	0	0,0	ERA5
1057761	31/08/2024	09	31/08/2024	05	HAE	12,8	0	10,3	0	84,0	0	9,0	0	150,0	0	991,0	0	0,0	ERA5
1057762	31/08/2024	10	31/08/2024	06	HAE	12,8	0	10,3	0	84,0	0	10,0	0	150,0	0	990,0	0	0,0	ERA5
1057763	31/08/2024	11	31/08/2024	07	HAE	13,1	0	10,7	0	85,0	0	9,0	0	130,0	0	990,0	0	102,9	ERA5
1057764	31/08/2024	12	31/08/2024	08	HAE	15,4	0	11,7	0	78,0	0	9,0	0	120,0	0	989,0	0	461,7	ERA5
1057765	31/08/2024	13	31/08/2024	09	HAE	17,6	0	12,2	0	71,0	0	11,0	0	110,0	0	989,0	0	1067,7	ERA5
1057766	31/08/2024	14	31/08/2024	10	HAE	18,0	0	13,3	0	74,0	0	4,0	0	110,0	0	988,0	0	1334,7	ERA5
1057767	31/08/2024	15	31/08/2024	11	HAE	20,4	0	15,4	0	73,0	0	5,0	0	130,0	0	988,0	0	1575,3	ERA5
1057768	31/08/2024	16	31/08/2024	12	HAE	20,1	0	15,7	0	76,0	0	6,0	0	120,0	0	987,0	0	572,7	ERA5
1057769	31/08/2024	17	31/08/2024	13	HAE	19,6	0	15,9	0	80,0	0	1,0	0	260,0	0	987,0	0	261,8	ERA5
1057770	31/08/2024	18	31/08/2024	14	HAE	18,7	0	16,4	0	86,0	0	7,0	0	190,0	0	987,0	0	303,8	ERA5
1057771	31/08/2024	19	31/08/2024	15	HAE	19,1	0	16,8	0	86,0	0	7,0	0	170,0	0	986,0	0	258,4	ERA5
1057772	31/08/2024	20	31/08/2024	16	HAE	18,2	0	17,2	0	94,0	0	8,0	0	150,0	0	986,0	0	198,9	ERA5
1057773	31/08/2024	21	31/08/2024	17	HAE	18,5	0	17,4	0	93,0	0	4,0	0	160,0	0	985,0	0	288,5	ERA5
1057774	31/08/2024	22	31/08/2024	18	HAE	18,0	0	17,4	0	96,0	0	4,0	0	150,0	0	985,0	0	136,7	ERA5
1057775	31/08/2024	23	31/08/2024	19	HAE	17,9	0	17,5	0	97,0	0	3,0	0	150,0	0	984,0	0	62,5	ERA5
1057776	01/09/2024	00	31/08/2024	20	HAE	17,7	0	17,5	0	99,0	0	4,0	0	140,0	0	984,0	0	2,8	ERA5
1057777	01/09/2024	01	31/08/2024	21	HAE	17,6	0	17,5	0	99,0	0	6,0	0	140,0	0	984,0	0	0,0	ERA5
1057778	01/09/2024	02	31/08/2024	22	HAE	17,7	0	17,7	0	100,0	0	3,0	0	120,0	0	983,0	0	0,0	ERA5
1057779	01/09/2024	03	31/08/2024	23	HAE	17,8	0	17,7	0	100,0	0	2,0	0	140,0	0	983,0	0	0,0	ERA5
1057780	01/09/2024	04	01/09/2024	00	HAE	17,9	0	17,8	0	100,0	0	3,0	0	170,0	0	983,0	0	0,0	ERA5
1057781	01/09/2024	05	01/09/2024	01	HAE	18,7	0	18,1	0	96,0	0	2,0	0	180,0	0	982,0	0	0,0	ERA5
1057782	01/09/2024	06	01/09/2024	02	HAE	18,6	0	17,8	0	95,0	0	2,0	0	160,0	0	982,0	0	0,0	ERA5
1057783	01/09/2024	07	01/09/2024	03	HAE	18,3	0	17,9	0	97,0	0	2,0	0	250,0	0	982,0	0	0,0	ERA5
1057784	01/09/2024	08	01/09/2024	04	HAE	17,6	0	17,2	0	98,0	0	3,0	0	180,0	0	982,0	0	0,0	ERA5
1057785	01/09/2024	09	01/09/2024	05	HAE	16,7	0	16,3	0	98,0	0	0,0	0	0,0	0	982,0	0	0,0	ERA5
1057786	01/09/2024	10	01/09/2024	06	HAE	16,7	0	16,5	0	99,0	0	3,0	0	180,0	0	982,0	0	0,0	ERA5
1057787	01/09/2024	11	01/09/2024	07	HAE	15,6	0	15,5	0	99,0	0	1,0	0	110,0	0	982,0	0	55,0	ERA5
1057788	01/09/2024	12	01/09/2024	08	HAE	17,8	0	17,3	0	97,0	0	4,0	0	100,0	0	982,0	0	283,2	ERA5
1057789	01/09/2024	13	01/09/2024	09	HAE	20,6	0	17,6	0	83,0	0	5,0	0	200,0	0	981,0	0	707,3	ERA5
1057790	01/09/2024	14	01/09/2024	10	HAE	21,8	0	17,5	0	77,0	0	7,0	0	200,0	0	981,0	0	1187,1	ERA5
1057791	01/09/2024	15	01/09/2024	11	HAE	22,7	0	17,2	0	71,0	0	12,0	0	180,0	0	980,0	0	1379,8	ERA5
1057792	01/09/2024	16	01/09/2024	12	HAE	24,3	0	16,4	0	61,0	0	12,0	0	200,0	0	979,0	0	2122,7	ERA5
1057793	01/09/2024	17	01/09/2024	13	HAE	24,7	0	15,1	0	55,0	0	12,0	0	190,0	0	979,0	0	2635,2	ERA5
1057794	01/09/2024	18	01/09/2024	14	HAE	25,2	0	14,5	0	51,0	0	14,0	0	190,0	0	978,0	0	2604,6	ERA5
1057795	01/09/2024	19	01/09/2024	15	HAE	25,4	0	14,3	0	50,0	0	12,0	0	190,0	0	977,0	0	2246,8	ERA5
1057796	01/09/2024	20	01/09/2024	16	HAE	25,1	0	14,2	0	51,0	0	11,0	0	210,0	0	977,0	0	1566,3	ERA5
1057797	01/09/2024	21	01/09/2024	17	HAE	23,9	0	15,4	0	59,0	0	3,0	0	260,0	0	978,0	0	1025,0	ERA5
1057798	01/09/2024	22	01/09/2024	18	HAE	17,3	0	16,4	0	95,0	0	10,0	0	330,0	0	979,0	0	421,6	ERA5
1057799	01/09/2024	23	01/09/2024	19	HAE	17,3	0	17,0	0	98,0	0	3,0	0	230,0	0	980,0	0	107,5	ERA5
1057800	02/09/2024	00	01/09/2024	20	HAE	17,4	0	16,7	0	96,0	0	1,0	0	300,0	0	980,0	0	3,2	ERA5
1057801	02/09/2024	01	01/09/2024	21	HAE	16,7	0	15,0	0	90,0	0	4,0	0	280,0	0	981,0	0	0,0	ERA5
1057802	02/09/2024	02	01/09/2024	22	HAE	14,7	0	12,2	0	85,0	0	5,0	0	310,0	0	982,0	0	0,0	ERA5
1057803	02/09/2024	03	01/09/2024	23	HAE	13,2	0	12,0	0	92,0	0	2,0	0	300,0	0	983,0	0	0,0	ERA5
1057804	02/09/2024	04	02/09/2024	00	HAE	12,6	0	10,5	0	87,0	0	3,0	0	310,0	0	983,0	0	0,0	ERA5
1057805	02/09/2024	05	02/09/2024	01	HAE	11,2	0	10,1	0	93,0	0	0,0	0	0,0	0	984,0	0	0,0	ERA5
1057806	02/09/2024	06	02/09/2024	02	HAE	11,2	0	9,3	0	88,0	0	4,0	0	290,0	0	984,0	0	0,0	ERA5
1057807	02/09/2024	07	02/09/2024	03	HAE	10,0	0	8,4	0	90,0	0	2,0	0	270,0	0	984,0	0	0,0	ERA5
1057808	02/09/2024	08	02/09/2024	04	HAE	9,4	0	8,0	0	91,0	0	4,0	0	240,0	0	985,0	0	0,0	ERA5
1057809	02/09/2024	09	02/09/2024	05	HAE	8,4	0	7,3	0	93,0	0	2,0	0	240,0	0	985,0	0	0,0	ERA5
1057810	02/09/2024	10	02/09/2024	06	HAE	7,4	0	7,0	0	97,0	0	0,0	0	0,0	0	985,0	0	0,0	ERA5
1057811	02/09/2024	11	02/09/2024	07	HAE	8,3	0	8,0	0	98,0	0	1,0	0	130,0	0	986,0	0	135,4	ERA5
1057812	02/09/2024	12	02/09/2024	08	HAE	10,5	0	9,5	0	93,0	0	4,0	0	130,0	0	986,0	0	677,9	ERA5
1057813	02/09/2024	13	02/09/2024	09	HAE	13,2	0	10,2	0	82,0	0	4,0	0	100,0	0	986,0	0	1324,3	ERA5
1057814	02/09/2024	14	02/09/2024	10	HAE	15,9	0	8,5	0	62,0	0	6,0	0	210,0	0	986,0	0	1750,8	ERA5
1057815	02/09/2024	15	02/09/2024	11	HAE	16,8	0	8,0	0	56,0	0	8,0	0	280,0	0	986,0	0	1744,3	ERA5
1057816	02/09/2024	16	02/09/2024	12	HAE	15,2	0	8,6	0	65,0	0	7,0	0	300,0	0	987,0	0	2347,1	ERA5
1057817	02/09/2024	17	02/09/2024	13	HAE	15,5	0	7,2	0	58,0	0	13,0	0	230,0	0	987,0	0	2173,9	ERA5
1057818	02/09/2024	18	02/09/2024	14	HAE	15,9	0	9,6	0	66,0	0	7,0	0	320,0	0	987,0	0	1944,8	ERA5
1057819	02/09/2024	19	02/09/2024	15	HAE	13,3	0	7,5	0	68,0	0	8,0	0	300,0	0	988,0	0	1574,6	ERA5
1057820	02/09/2024	20	02/09/2024	16	HAE	13,5	0	6,4	0	62,0	0	6,0	0	280,0	0	988,0	0	1157,9	ERA5
1057821	02/09/2024	21	02/09/2024	17	HAE	13,4	0	5,7	0	60,0	0	11,0	0	280,0	0	988,0	0	1135,9	ERA5
1057822	02/09/2024	22	02/09/2024	18	HAE	13,1	0	6,2	0	63,0	0	8,0	0	300,0	0	988,0	0	579,9	ERA5
1057823	02/09/2024	23	02/09/2024	19	HAE	12,6	0	6,4	0	66,0	0	2,0	0	290,0	0	989,0	0	213,6	ERA5
1057824	03/09/2024	00	02/09/2024	20	HAE	11,1	0	6,6	0	74,0	0	6,0	0	230,0	0	990,0	0	6,4	ERA5
1057825	03/09/2024	01	02/09/2024	21	HAE	11,4	0	6,7	0	73,0	0	6,0	0	280,0	0	990,0	0	0,0	ERA5
1057826	03/09/2024	02	02/09/2024	22	HAE	10,0	0	6,7	0	80,0	0	5,0	0	220,0	0	991,0	0	0,0	ERA5
1057827	03/09/2024	03	02/09/2024	23	HAE	9,0	0	7,1	0	88,0	0	3,0	0	180,0	0	991,0	0	0,0	ERA5
1057828	03/09/2024	04	03/09/2024	00	HAE	8,8	0	5,7	0	81,0	0	1,0	0	310,0	0	991,0	0	0,0	ERA5
1057829	03/09/2024	05	03/09/2024	01	HAE	7,5	0	6,2	0	91,0	0	2,0	0	360,0	0	991,0	0	0,0	ERA5
1057830	03/09/2024	06	03/09/2024	02	HAE	7,1	0	5,7	0	91,0	0	2,0	0	210,0	0	992,0	0	0,0	ERA5
1057831	03/09/2024	07	03/09/2024	03	HAE	5,9	0	5,1	0	94,0	0	0,0	0	0,0	0	992,0	0	0,0	ERA5
1057832	03/09/2024	08	03/09/2024	04	HAE	5,5	0	4,9	0	96,0	0	0,0	0	50,0	0	993,0	0	0,0	ERA5
1057833	03/09/2024	09	03/09/2024	05	HAE	5,4	0	4,8	0	96,0	0	0,0	0	0,0	0	993,0	0	0,0	ERA5
1057834	03/09/2024	10	03/09/2024	06	HAE	4,8	0	4,2	0	96,0	0	1,0	0	30,0	0	994,0	0	0,0	ERA5
1057835	03/09/2024	11	03/09/2024	07	HAE	5,9	0	4,9	0	93,0	0	2,0	0	70,0	0	994,0	0	131,4	ERA5
1057836	03/09/2024	12	03/09/2024	08	HAE	10,3	0	4,8	0	68,0	0	4,0	0	280,0	0	995,0	0	693,5	ERA5
1057837	03/09/2024	13	03/09/2024	09	HAE	12,8	0	5,5	0	61,0	0	3,0	0	310,0	0	995,0	0	1349,3	ERA5
1057838	03/09/2024	14	03/09/2024	10	HAE	13,9	0	4,5	0	53,0	0	3,0	0	300,0	0	996,0	0	1942,9	ERA5
1057839	03/09/2024	15	03/09/2024	11	HAE	15,1	0	3,4	0	45,0	0	11,0	0	280,0	0	996,0	0	2471,8	ERA5
1057840	03/09/2024	16	03/09/2024	12	HAE	16,5	0	4,1	0	44,0	0	7,0	0	280,0	0	995,0	0	2755,8	ERA5
1057841	03/09/2024	17	03/09/2024	13	HAE	17,5	0	4,7	0	43,0	0	10,0	0	270,0	0	995,0	0	2335,9	ERA5
1057842	03/09/2024	18	03/09/2024	14	HAE	17,8	0	4,5	0	41,0	0	11,0	0	290,0	0	995,0	0	2168,5	ERA5
1057843	03/09/2024	19	03/09/2024	15	HAE	18,2	0	4,2	0	39,0	0	13,0	0	300,0	0	995,0	0	1464,7	ERA5
1057844	03/09/2024	20	03/09/2024	16	HAE	18,7	0	5,2	0	41,0	0	5,0	0	270,0	0	995,0	0	1448,1	ERA5
1057845	03/09/2024	21	03/09/2024	17	HAE	17,3	0	4,0	0	41,0	0	7,0	0	290,0	0	995,0	0	937,2	ERA5
1057846	03/09/2024	22	03/09/2024	18	HAE	16,8	0	5,9	0	49,0	0	6,0	0	280,0	0	995,0	0	646,0	ERA5
1057847	03/09/2024	23	03/09/2024	19	HAE	15,4	0	7,2	0	58,0	0	2,0	0	260,0	0	995,0	0	250,0	ERA5
1057848	04/09/2024	00	03/09/2024	20	HAE	15,2	0	8,2	0	63,0	0	1,0	0	350,0	0	996,0	0	4,2	ERA5
1057849	04/09/2024	01	03/09/2024	21	HAE	14,7	0	8,9	0	68,0	0	1,0	0	280,0	0	996,0	0	0,0	ERA5
1057850	04/09/2024	02	03/09/2024	22	HAE	14,7	0	9,4	0	70,0	0	2,0	0	230,0	0	997,0	0	0,0	ERA5
1057851	04/09/2024	03	03/09/2024	23	HAE	14,1	0	10,4	0	78,0	0	1,0	0	300,0	0	997,0	0	0,0	ERA5
1057852	04/09/2024	04	04/09/2024	00	HAE	13,8	0	10,4	0	80,0	0	3,0	0	120,0	0	997,0	0	0,0	ERA5
1057853	04/09/2024	05	04/09/2024	01	HAE	13,9	0	10,5	0	80,0	0	2,0	0	150,0	0	998,0	0	0,0	ERA5
1057854	04/09/2024	06	04/09/2024	02	HAE	13,6	0	10,8	0	83,0	0	1,0	0	170,0	0	998,0	0	0,0	ERA5
1057855	04/09/2024	07	04/09/2024	03	HAE	13,4	0	11,0	0	85,0	0	1,0	0	40,0	0	998,0	0	0,0	ERA5
1057856	04/09/2024	08	04/09/2024	04	HAE	12,6	0	10,7	0	89,0	0	2,0	0	330,0	0	998,0	0	0,0	ERA5
1057857	04/09/2024	09	04/09/2024	05	HAE	12,1	0	10,6	0	91,0	0	0,0	0	0,0	0	999,0	0	0,0	ERA5
1057858	04/09/2024	10	04/09/2024	06	HAE	11,9	0	10,6	0	92,0	0	3,0	0	200,0	0	999,0	0	0,0	ERA5
1057859	04/09/2024	11	04/09/2024	07	HAE	12,5	0	11,0	0	90,0	0	5,0	0	160,0	0	1000,0	0	111,7	ERA5
1057860	04/09/2024	12	04/09/2024	08	HAE	14,5	0	12,0	0	85,0	0	1,0	0	90,0	0	1000,0	0	620,7	ERA5
1057861	04/09/2024	13	04/09/2024	09	HAE	17,4	0	12,0	0	71,0	0	3,0	0	230,0	0	1001,0	0	1250,4	ERA5
1057862	04/09/2024	14	04/09/2024	10	HAE	20,1	0	13,5	0	66,0	0	5,0	0	180,0	0	1001,0	0	1832,5	ERA5
1057863	04/09/2024	15	04/09/2024	11	HAE	21,7	0	13,5	0	60,0	0	8,0	0	200,0	0	1001,0	0	2281,2	ERA5
1057864	04/09/2024	16	04/09/2024	12	HAE	22,4	0	11,7	0	51,0	0	8,0	0	290,0	0	1001,0	0	2589,9	ERA5
1057865	04/09/2024	17	04/09/2024	13	HAE	23,4	0	12,2	0	49,0	0	6,0	0	300,0	0	1001,0	0	2759,5	ERA5
1057866	04/09/2024	18	04/09/2024	14	HAE	23,7	0	12,5	0	49,0	0	10,0	0	260,0	0	1001,0	0	2741,2	ERA5
1057867	04/09/2024	19	04/09/2024	15	HAE	24,0	0	12,0	0	47,0	0	8,0	0	230,0	0	1000,0	0	2494,1	ERA5
1057868	04/09/2024	20	04/09/2024	16	HAE	23,9	0	11,5	0	46,0	0	6,0	0	250,0	0	1000,0	0	2085,0	ERA5
1057869	04/09/2024	21	04/09/2024	17	HAE	23,3	0	11,5	0	48,0	0	8,0	0	220,0	0	1000,0	0	1532,1	ERA5
1057870	04/09/2024	22	04/09/2024	18	HAE	22,5	0	11,4	0	49,0	0	4,0	0	220,0	0	1000,0	0	886,6	ERA5
1057871	04/09/2024	23	04/09/2024	19	HAE	19,1	0	12,7	0	66,0	0	2,0	0	180,0	0	1000,0	0	283,4	ERA5
1057872	05/09/2024	00	04/09/2024	20	HAE	17,1	0	12,4	0	74,0	0	1,0	0	200,0	0	1000,0	0	3,7	ERA5
1057873	05/09/2024	01	04/09/2024	21	HAE	16,5	0	12,3	0	76,0	0	4,0	0	190,0	0	1000,0	0	0,0	ERA5
1057874	05/09/2024	02	04/09/2024	22	HAE	15,0	0	12,0	0	82,0	0	2,0	0	200,0	0	1000,0	0	0,0	ERA5
1057875	05/09/2024	03	04/09/2024	23	HAE	14,2	0	12,4	0	89,0	0	2,0	0	220,0	0	1001,0	0	0,0	ERA5
1057876	05/09/2024	04	05/09/2024	00	HAE	11,8	0	10,9	0	94,0	0	5,0	0	170,0	0	1001,0	0	0,0	ERA5
1057877	05/09/2024	05	05/09/2024	01	HAE	11,7	0	11,2	0	97,0	0	0,0	0	0,0	0	1001,0	0	0,0	ERA5
1057878	05/09/2024	06	05/09/2024	02	HAE	10,9	0	10,2	0	96,0	0	3,0	0	170,0	0	1001,0	0	0,0	ERA5
1057879	05/09/2024	07	05/09/2024	03	HAE	11,4	0	11,0	0	97,0	0	5,0	0	200,0	0	1001,0	0	0,0	ERA5
1057880	05/09/2024	08	05/09/2024	04	HAE	11,3	0	11,0	0	98,0	0	6,0	0	180,0	0	1001,0	0	0,0	ERA5
1057881	05/09/2024	09	05/09/2024	05	HAE	10,7	0	10,2	0	97,0	0	5,0	0	170,0	0	1001,0	0	0,0	ERA5
1057882	05/09/2024	10	05/09/2024	06	HAE	9,3	0	8,7	0	96,0	0	4,0	0	140,0	0	1001,0	0	0,0	ERA5
1057883	05/09/2024	11	05/09/2024	07	HAE	11,4	0	11,0	0	97,0	0	5,0	0	170,0	0	1001,0	0	107,8	ERA5
1057884	05/09/2024	12	05/09/2024	08	HAE	13,5	0	11,7	0	89,0	0	6,0	0	150,0	0	1002,0	0	623,9	ERA5
1057885	05/09/2024	13	05/09/2024	09	HAE	17,4	0	13,8	0	79,0	0	5,0	0	90,0	0	1001,0	0	1257,0	ERA5
1057886	05/09/2024	14	05/09/2024	10	HAE	20,5	0	13,1	0	63,0	0	4,0	0	220,0	0	1001,0	0	1855,6	ERA5
1057887	05/09/2024	15	05/09/2024	11	HAE	22,6	0	13,2	0	56,0	0	6,0	0	190,0	0	1000,0	0	2332,3	ERA5
1057888	05/09/2024	16	05/09/2024	12	HAE	23,7	0	13,9	0	54,0	0	3,0	0	190,0	0	1000,0	0	2651,0	ERA5
1057889	05/09/2024	17	05/09/2024	13	HAE	24,7	0	13,2	0	49,0	0	4,0	0	200,0	0	999,0	0	2792,1	ERA5
1057890	05/09/2024	18	05/09/2024	14	HAE	25,6	0	14,6	0	51,0	0	5,0	0	180,0	0	999,0	0	2735,2	ERA5
1057891	05/09/2024	19	05/09/2024	15	HAE	25,3	0	13,0	0	46,0	0	8,0	0	190,0	0	999,0	0	2485,3	ERA5
1057892	05/09/2024	20	05/09/2024	16	HAE	25,5	0	12,8	0	45,0	0	5,0	0	190,0	0	998,0	0	2065,2	ERA5
1057893	05/09/2024	21	05/09/2024	17	HAE	24,6	0	13,3	0	49,0	0	4,0	0	190,0	0	998,0	0	1514,8	ERA5
1057894	05/09/2024	22	05/09/2024	18	HAE	22,5	0	16,4	0	69,0	0	2,0	0	270,0	0	997,0	0	861,1	ERA5
1057895	05/09/2024	23	05/09/2024	19	HAE	21,2	0	15,2	0	69,0	0	5,0	0	240,0	0	997,0	0	272,6	ERA5
1057896	06/09/2024	00	05/09/2024	20	HAE	17,8	0	14,2	0	79,0	0	3,0	0	200,0	0	997,0	0	2,5	ERA5
1057897	06/09/2024	01	05/09/2024	21	HAE	16,7	0	14,0	0	84,0	0	1,0	0	180,0	0	997,0	0	0,0	ERA5
1057898	06/09/2024	02	05/09/2024	22	HAE	17,3	0	13,6	0	79,0	0	5,0	0	180,0	0	997,0	0	0,0	ERA5
1057899	06/09/2024	03	05/09/2024	23	HAE	16,2	0	13,4	0	84,0	0	4,0	0	190,0	0	996,0	0	0,0	ERA5
1057900	06/09/2024	04	06/09/2024	00	HAE	15,2	0	13,1	0	88,0	0	7,0	0	180,0	0	996,0	0	0,0	ERA5
1057901	06/09/2024	05	06/09/2024	01	HAE	14,5	0	12,7	0	89,0	0	8,0	0	180,0	0	996,0	0	0,0	ERA5
1057902	06/09/2024	06	06/09/2024	02	HAE	13,5	0	12,3	0	92,0	0	4,0	0	150,0	0	995,0	0	0,0	ERA5
1057903	06/09/2024	07	06/09/2024	03	HAE	13,1	0	12,2	0	94,0	0	5,0	0	180,0	0	995,0	0	0,0	ERA5
1057904	06/09/2024	08	06/09/2024	04	HAE	12,4	0	11,6	0	95,0	0	4,0	0	180,0	0	995,0	0	0,0	ERA5
1057905	06/09/2024	09	06/09/2024	05	HAE	12,3	0	11,6	0	96,0	0	4,0	0	170,0	0	995,0	0	0,0	ERA5
1057906	06/09/2024	10	06/09/2024	06	HAE	11,0	0	10,6	0	97,0	0	5,0	0	140,0	0	995,0	0	0,0	ERA5
1057907	06/09/2024	11	06/09/2024	07	HAE	11,0	0	10,6	0	97,0	0	3,0	0	180,0	0	995,0	0	102,6	ERA5
1057908	06/09/2024	12	06/09/2024	08	HAE	13,0	0	11,4	0	90,0	0	6,0	0	130,0	0	995,0	0	611,0	ERA5
1057909	06/09/2024	13	06/09/2024	09	HAE	15,7	0	11,9	0	78,0	0	10,0	0	130,0	0	994,0	0	1247,8	ERA5
1057910	06/09/2024	14	06/09/2024	10	HAE	18,8	0	12,3	0	66,0	0	8,0	0	110,0	0	994,0	0	1826,3	ERA5
1057911	06/09/2024	15	06/09/2024	11	HAE	20,6	0	12,2	0	58,0	0	11,0	0	130,0	0	993,0	0	2345,7	ERA5
1057912	06/09/2024	16	06/09/2024	12	HAE	22,6	0	12,8	0	54,0	0	11,0	0	160,0	0	992,0	0	2680,8	ERA5
1057913	06/09/2024	17	06/09/2024	13	HAE	23,1	0	10,5	0	45,0	0	17,0	0	150,0	0	992,0	0	2807,5	ERA5
1057914	06/09/2024	18	06/09/2024	14	HAE	23,3	0	10,5	0	44,0	0	14,0	0	150,0	0	991,0	0	2734,1	ERA5
1057915	06/09/2024	19	06/09/2024	15	HAE	23,5	0	9,8	0	42,0	0	15,0	0	170,0	0	991,0	0	2462,0	ERA5
1057916	06/09/2024	20	06/09/2024	16	HAE	23,8	0	11,0	0	45,0	0	11,0	0	150,0	0	990,0	0	2069,2	ERA5
1057917	06/09/2024	21	06/09/2024	17	HAE	22,5	0	12,7	0	54,0	0	10,0	0	160,0	0	990,0	0	1509,6	ERA5
1057918	06/09/2024	22	06/09/2024	18	HAE	21,3	0	11,9	0	55,0	0	21,0	0	150,0	0	990,0	0	869,5	ERA5
1057919	06/09/2024	23	06/09/2024	19	HAE	19,3	0	11,9	0	62,0	0	13,0	0	150,0	0	990,0	0	258,3	ERA5
1057920	07/09/2024	00	06/09/2024	20	HAE	17,8	0	12,1	0	69,0	0	10,0	0	150,0	0	990,0	0	1,5	ERA5
1057921	07/09/2024	01	06/09/2024	21	HAE	16,5	0	11,8	0	74,0	0	3,0	0	160,0	0	990,0	0	0,0	ERA5
1057922	07/09/2024	02	06/09/2024	22	HAE	15,4	0	12,1	0	81,0	0	6,0	0	160,0	0	989,0	0	0,0	ERA5
1057923	07/09/2024	03	06/09/2024	23	HAE	14,6	0	12,4	0	87,0	0	6,0	0	160,0	0	989,0	0	0,0	ERA5
1057924	07/09/2024	04	07/09/2024	00	HAE	14,5	0	12,7	0	89,0	0	5,0	0	170,0	0	989,0	0	0,0	ERA5
1057925	07/09/2024	05	07/09/2024	01	HAE	13,4	0	11,8	0	90,0	0	2,0	0	200,0	0	989,0	0	0,0	ERA5
1057926	07/09/2024	06	07/09/2024	02	HAE	12,4	0	11,6	0	95,0	0	3,0	0	170,0	0	988,0	0	0,0	ERA5
1057927	07/09/2024	07	07/09/2024	03	HAE	12,4	0	11,9	0	96,0	0	9,0	0	170,0	0	988,0	0	0,0	ERA5
1057928	07/09/2024	08	07/09/2024	04	HAE	12,1	0	11,3	0	95,0	0	6,0	0	180,0	0	987,0	0	0,0	ERA5
1057929	07/09/2024	09	07/09/2024	05	HAE	10,0	0	9,8	0	98,0	0	2,0	0	130,0	0	987,0	0	0,0	ERA5
1057930	07/09/2024	10	07/09/2024	06	HAE	10,4	0	10,2	0	99,0	0	6,0	0	180,0	0	987,0	0	0,0	ERA5
1057931	07/09/2024	11	07/09/2024	07	HAE	10,7	0	10,3	0	97,0	0	6,0	0	170,0	0	987,0	0	74,7	ERA5
1057932	07/09/2024	12	07/09/2024	08	HAE	13,3	0	11,7	0	91,0	0	6,0	0	130,0	0	986,0	0	470,1	ERA5
1057933	07/09/2024	13	07/09/2024	09	HAE	16,0	0	13,0	0	83,0	0	9,0	0	140,0	0	986,0	0	928,3	ERA5
1057934	07/09/2024	14	07/09/2024	10	HAE	18,6	0	13,3	0	71,0	0	11,0	0	130,0	0	985,0	0	1458,4	ERA5
1057935	07/09/2024	15	07/09/2024	11	HAE	20,5	0	12,5	0	60,0	0	15,0	0	140,0	0	984,0	0	1750,7	ERA5
1057936	07/09/2024	16	07/09/2024	12	HAE	21,2	0	14,3	0	65,0	0	19,0	0	130,0	0	984,0	0	1931,2	ERA5
1057937	07/09/2024	17	07/09/2024	13	HAE	21,6	0	14,5	0	64,0	0	15,0	0	130,0	0	983,0	0	1983,0	ERA5
1057938	07/09/2024	18	07/09/2024	14	HAE	22,6	0	15,1	0	63,0	0	14,0	0	120,0	0	982,0	0	1839,7	ERA5
1057939	07/09/2024	19	07/09/2024	15	HAE	22,8	0	14,4	0	59,0	0	17,0	0	140,0	0	981,0	0	1411,2	ERA5
1057940	07/09/2024	20	07/09/2024	16	HAE	21,8	0	14,4	0	63,0	0	17,0	0	110,0	0	981,0	0	954,6	ERA5
1057941	07/09/2024	21	07/09/2024	17	HAE	20,7	0	14,5	0	67,0	0	14,0	0	110,0	0	980,0	0	769,0	ERA5
1057942	07/09/2024	22	07/09/2024	18	HAE	19,5	0	14,9	0	75,0	0	10,0	0	140,0	0	980,0	0	463,6	ERA5
1057943	07/09/2024	23	07/09/2024	19	HAE	18,1	0	14,3	0	79,0	0	10,0	0	100,0	0	980,0	0	155,5	ERA5
1057944	08/09/2024	00	07/09/2024	20	HAE	16,7	0	14,3	0	86,0	0	11,0	0	150,0	0	979,0	0	0,5	ERA5
1057945	08/09/2024	01	07/09/2024	21	HAE	15,8	0	14,3	0	91,0	0	7,0	0	130,0	0	979,0	0	0,0	ERA5
1057946	08/09/2024	02	07/09/2024	22	HAE	15,9	0	14,5	0	91,0	0	4,0	0	310,0	0	979,0	0	0,0	ERA5
1057947	08/09/2024	03	07/09/2024	23	HAE	12,9	0	11,6	0	92,0	0	5,0	0	260,0	0	980,0	0	0,0	ERA5
1057948	08/09/2024	04	08/09/2024	00	HAE	12,4	0	12,0	0	97,0	0	4,0	0	140,0	0	980,0	0	0,0	ERA5
1057949	08/09/2024	05	08/09/2024	01	HAE	12,3	0	12,1	0	99,0	0	3,0	0	130,0	0	979,0	0	0,0	ERA5
1057950	08/09/2024	06	08/09/2024	02	HAE	12,3	0	12,1	0	99,0	0	4,0	0	160,0	0	978,0	0	0,0	ERA5
1057951	08/09/2024	07	08/09/2024	03	HAE	12,3	0	11,8	0	96,0	0	7,0	0	180,0	0	978,0	0	0,0	ERA5
1057952	08/09/2024	08	08/09/2024	04	HAE	11,9	0	11,1	0	94,0	0	7,0	0	190,0	0	978,0	0	0,0	ERA5
1057953	08/09/2024	09	08/09/2024	05	HAE	11,4	0	10,1	0	91,0	0	6,0	0	240,0	0	979,0	0	0,0	ERA5
1057954	08/09/2024	10	08/09/2024	06	HAE	10,5	0	8,6	0	88,0	0	7,0	0	300,0	0	979,0	0	0,0	ERA5
1057955	08/09/2024	11	08/09/2024	07	HAE	9,3	0	7,3	0	88,0	0	3,0	0	290,0	0	980,0	0	64,0	ERA5
1057956	08/09/2024	12	08/09/2024	08	HAE	8,3	0	6,7	0	89,0	0	5,0	0	270,0	0	981,0	0	304,8	ERA5
1057957	08/09/2024	13	08/09/2024	09	HAE	9,2	0	6,2	0	81,0	0	6,0	0	210,0	0	981,0	0	484,5	ERA5
1057958	08/09/2024	14	08/09/2024	10	HAE	9,5	0	5,8	0	78,0	0	9,0	0	210,0	0	981,0	0	838,1	ERA5
1057959	08/09/2024	15	08/09/2024	11	HAE	9,9	0	4,7	0	70,0	0	7,0	0	240,0	0	981,0	0	1158,8	ERA5
1057960	08/09/2024	16	08/09/2024	12	HAE	11,8	0	4,5	0	61,0	0	13,0	0	200,0	0	981,0	0	1034,6	ERA5
1057961	08/09/2024	17	08/09/2024	13	HAE	12,0	0	4,6	0	61,0	0	10,0	0	200,0	0	980,0	0	1137,9	ERA5
1057962	08/09/2024	18	08/09/2024	14	HAE	10,7	0	5,1	0	68,0	0	12,0	0	220,0	0	980,0	0	1229,2	ERA5
1057963	08/09/2024	19	08/09/2024	15	HAE	12,0	0	4,2	0	59,0	0	14,0	0	220,0	0	980,0	0	1463,0	ERA5
1057964	08/09/2024	20	08/09/2024	16	HAE	12,5	0	4,0	0	56,0	0	8,0	0	230,0	0	980,0	0	1350,8	ERA5
1057965	08/09/2024	21	08/09/2024	17	HAE	10,9	0	4,8	0	66,0	0	8,0	0	220,0	0	980,0	0	672,2	ERA5
1057966	08/09/2024	22	08/09/2024	18	HAE	9,3	0	7,0	0	85,0	0	1,0	0	300,0	0	981,0	0	227,1	ERA5
1057967	08/09/2024	23	08/09/2024	19	HAE	9,2	0	6,4	0	83,0	0	1,0	0	160,0	0	981,0	0	41,8	ERA5
1057968	09/09/2024	00	08/09/2024	20	HAE	9,8	0	6,1	0	77,0	0	4,0	0	210,0	0	981,0	0	0,1	ERA5
1057969	09/09/2024	01	08/09/2024	21	HAE	9,9	0	5,7	0	75,0	0	5,0	0	200,0	0	981,0	0	0,0	ERA5
1057970	09/09/2024	02	08/09/2024	22	HAE	9,9	0	5,9	0	76,0	0	4,0	0	200,0	0	981,0	0	0,0	ERA5
1057971	09/09/2024	03	08/09/2024	23	HAE	9,2	0	6,3	0	82,0	0	7,0	0	200,0	0	981,0	0	0,0	ERA5
1057972	09/09/2024	04	09/09/2024	00	HAE	9,0	0	6,7	0	85,0	0	6,0	0	200,0	0	981,0	0	0,0	ERA5
1057973	09/09/2024	05	09/09/2024	01	HAE	9,6	0	6,1	0	79,0	0	5,0	0	210,0	0	981,0	0	0,0	ERA5
1057974	09/09/2024	06	09/09/2024	02	HAE	9,8	0	5,8	0	76,0	0	4,0	0	270,0	0	982,0	0	0,0	ERA5
1057975	09/09/2024	07	09/09/2024	03	HAE	9,4	0	6,3	0	81,0	0	6,0	0	210,0	0	982,0	0	0,0	ERA5
1057976	09/09/2024	08	09/09/2024	04	HAE	9,6	0	5,6	0	76,0	0	8,0	0	280,0	0	983,0	0	0,0	ERA5
1057977	09/09/2024	09	09/09/2024	05	HAE	9,4	0	5,6	0	77,0	0	5,0	0	250,0	0	983,0	0	0,0	ERA5
1057978	09/09/2024	10	09/09/2024	06	HAE	9,4	0	5,6	0	77,0	0	6,0	0	260,0	0	983,0	0	0,0	ERA5
1057979	09/09/2024	11	09/09/2024	07	HAE	9,6	0	5,8	0	77,0	0	5,0	0	250,0	0	984,0	0	43,3	ERA5
1057980	09/09/2024	12	09/09/2024	08	HAE	10,0	0	5,8	0	75,0	0	7,0	0	280,0	0	984,0	0	345,5	ERA5
1057981	09/09/2024	13	09/09/2024	09	HAE	11,1	0	5,6	0	69,0	0	7,0	0	290,0	0	984,0	0	956,5	ERA5
1057982	09/09/2024	14	09/09/2024	10	HAE	13,8	0	5,9	0	59,0	0	4,0	0	230,0	0	984,0	0	1361,6	ERA5
1057983	09/09/2024	15	09/09/2024	11	HAE	16,1	0	6,6	0	53,0	0	3,0	0	270,0	0	984,0	0	1821,3	ERA5
1057984	09/09/2024	16	09/09/2024	12	HAE	16,8	0	4,3	0	43,0	0	7,0	0	230,0	0	984,0	0	2070,8	ERA5
1057985	09/09/2024	17	09/09/2024	13	HAE	16,8	5.k=1.SHERBROOKE	4,3	5.k=1.SHERBROOKE	43,0	5.k=1.LEMIEUX	7,0	5.k=1.SHERBROOKE	257,453	5.k=1.moyenne	984,0	5.k=1.VALCARTIER	2311,9	ERA5
1057986	09/09/2024	18	09/09/2024	14	HAE	16,8951	5.k=1.SHERBROOKE	5,51187	5.k=1.SHERBROOKE	41,725	5.k=1.LEMIEUX	2,64875	5.k=1.SHERBROOKE	262,642	5.k=1.moyenne	983,996	5.k=1.VALCARTIER	2349,0	ERA5
1057987	09/09/2024	19	09/09/2024	15	HAE	17,4828	5.k=1.SHERBROOKE	2,04375	5.k=1.SHERBROOKE	41,3	5.k=1.LEMIEUX	7,7775	5.k=1.SHERBROOKE	264,151	5.k=1.moyenne	983,991	5.k=1.VALCARTIER	2072,3	ERA5
1057988	09/09/2024	20	09/09/2024	16	HAE	16,2974	5.k=1.SHERBROOKE	3,25562	5.k=1.SHERBROOKE	39,175	5.k=1.LEMIEUX	3,82125	5.k=1.SHERBROOKE	256,538	5.k=1.moyenne	983,996	5.lineaire	1634,3	ERA5
1057989	09/09/2024	21	09/09/2024	17	HAE	15,9	5.k=1.SHERBROOKE	3,2	5.k=1.SHERBROOKE	43,0	5.k=1.LEMIEUX	5,0	5.k=1.SHERBROOKE	261,538	5.k=1.moyenne	984,0	5.lineaire	1151,3	ERA5
1057990	09/09/2024	22	09/09/2024	18	HAE	15,9	0	3,2	0	43,0	0	5,0	0	310,0	0	984,0	0	601,5	ERA5
1057991	09/09/2024	23	09/09/2024	19	HAE	12,9	0	5,1	0	59,0	0	1,0	0	250,0	0	984,0	0	184,9	ERA5
1057992	10/09/2024	00	09/09/2024	20	HAE	11,3	0	4,7	0	64,0	0	2,0	0	260,0	0	985,0	0	0,0	ERA5
1057993	10/09/2024	01	09/09/2024	21	HAE	11,3	0	3,8	0	60,0	0	4,0	0	230,0	0	985,0	0	0,0	ERA5
1057994	10/09/2024	02	09/09/2024	22	HAE	9,7	0	4,9	0	72,0	0	2,0	0	320,0	0	985,0	0	0,0	ERA5
1057995	10/09/2024	03	09/09/2024	23	HAE	8,0	0	4,6	0	79,0	0	1,0	0	200,0	0	985,0	0	0,0	ERA5
1057996	10/09/2024	04	10/09/2024	00	HAE	6,8	0	4,8	0	86,0	0	0,0	0	0,0	0	986,0	0	0,0	ERA5
1057997	10/09/2024	05	10/09/2024	01	HAE	5,4	0	4,0	0	91,0	0	3,0	0	180,0	0	986,0	0	0,0	ERA5
1057998	10/09/2024	06	10/09/2024	02	HAE	5,1	0	3,9	0	92,0	0	2,0	0	190,0	0	986,0	0	0,0	ERA5
1057999	10/09/2024	07	10/09/2024	03	HAE	5,0	0	4,2	0	95,0	0	2,0	0	40,0	0	986,0	0	0,0	ERA5
1058000	10/09/2024	08	10/09/2024	04	HAE	5,2	0	4,2	0	93,0	0	1,0	0	60,0	0	986,0	0	0,0	ERA5
1058001	10/09/2024	09	10/09/2024	05	HAE	5,2	0	4,4	0	94,0	0	2,0	0	40,0	0	987,0	0	0,0	ERA5
1058002	10/09/2024	10	10/09/2024	06	HAE	7,6	0	5,8	0	89,0	0	3,0	0	250,0	0	987,0	0	0,0	ERA5
1058003	10/09/2024	11	10/09/2024	07	HAE	9,0	0	6,3	0	83,0	0	8,0	0	240,0	0	987,0	0	73,9	ERA5
1058004	10/09/2024	12	10/09/2024	08	HAE	9,5	0	6,5	0	82,0	0	8,0	0	230,0	0	988,0	0	541,5	ERA5
1058005	10/09/2024	13	10/09/2024	09	HAE	10,3	0	6,5	0	77,0	0	6,0	0	250,0	0	988,0	0	962,2	ERA5
1058006	10/09/2024	14	10/09/2024	10	HAE	11,0	0	5,9	0	71,0	0	2,0	0	290,0	0	988,0	0	1054,2	ERA5
1058007	10/09/2024	15	10/09/2024	11	HAE	12,0	0	5,1	0	63,0	0	7,0	0	300,0	0	988,0	0	943,5	ERA5
1058008	10/09/2024	16	10/09/2024	12	HAE	13,2	0	5,7	0	60,0	0	6,0	0	310,0	0	988,0	0	964,2	ERA5
1058009	10/09/2024	17	10/09/2024	13	HAE	13,9	0	4,8	0	54,0	0	10,0	0	300,0	0	988,0	0	987,9	ERA5
1058010	10/09/2024	18	10/09/2024	14	HAE	14,8	0	4,5	0	50,0	0	11,0	0	310,0	0	988,0	0	840,4	ERA5
1058011	10/09/2024	19	10/09/2024	15	HAE	16,0	0	5,5	0	50,0	0	11,0	0	310,0	0	988,0	0	1360,1	ERA5
1058012	10/09/2024	20	10/09/2024	16	HAE	15,7	0	3,8	0	45,0	0	9,0	0	300,0	0	988,0	0	974,7	ERA5
1058013	10/09/2024	21	10/09/2024	17	HAE	15,5	0	5,1	0	50,0	0	5,0	0	320,0	0	989,0	0	754,9	ERA5
1058014	10/09/2024	22	10/09/2024	18	HAE	14,3	0	5,8	0	57,0	0	6,0	0	320,0	0	989,0	0	484,7	ERA5
1058015	10/09/2024	23	10/09/2024	19	HAE	12,7	0	6,5	0	66,0	0	2,0	0	280,0	0	990,0	0	180,8	ERA5
1058016	11/09/2024	00	10/09/2024	20	HAE	11,2	0	6,9	0	75,0	0	4,0	0	290,0	0	990,0	0	0,0	ERA5
1058017	11/09/2024	01	10/09/2024	21	HAE	8,4	0	6,4	0	87,0	0	4,0	0	230,0	0	990,0	0	0,0	ERA5
1058018	11/09/2024	02	10/09/2024	22	HAE	7,3	0	5,6	0	89,0	0	0,0	0	140,0	0	991,0	0	0,0	ERA5
1058019	11/09/2024	03	10/09/2024	23	HAE	7,1	0	6,4	0	95,0	0	3,0	0	260,0	0	991,0	0	0,0	ERA5
1058020	11/09/2024	04	11/09/2024	00	HAE	6,7	0	5,4	0	91,0	0	1,0	0	200,0	0	991,0	0	0,0	ERA5
1058021	11/09/2024	05	11/09/2024	01	HAE	5,9	0	4,8	0	93,0	0	4,0	0	190,0	0	991,0	0	0,0	ERA5
1058022	11/09/2024	06	11/09/2024	02	HAE	5,0	0	4,2	0	94,0	0	3,0	0	190,0	0	991,0	0	0,0	ERA5
1058023	11/09/2024	07	11/09/2024	03	HAE	5,0	0	4,3	0	95,0	0	4,0	0	180,0	0	992,0	0	0,0	ERA5
1058024	11/09/2024	08	11/09/2024	04	HAE	4,7	0	4,0	0	95,0	0	4,0	0	200,0	0	992,0	0	0,0	ERA5
1058025	11/09/2024	09	11/09/2024	05	HAE	4,0	0	3,3	0	95,0	0	5,0	0	180,0	0	992,0	0	0,0	ERA5
1058026	11/09/2024	10	11/09/2024	06	HAE	3,6	0	3,0	0	95,0	0	3,0	0	190,0	0	993,0	0	0,0	ERA5
1058027	11/09/2024	11	11/09/2024	07	HAE	4,5	0	3,6	0	94,0	0	6,0	0	170,0	0	994,0	0	71,2	ERA5
1058028	11/09/2024	12	11/09/2024	08	HAE	5,0	0	4,1	0	94,0	0	5,0	0	170,0	0	994,0	0	489,1	ERA5
1058029	11/09/2024	13	11/09/2024	09	HAE	6,3	0	5,2	0	93,0	0	5,0	0	160,0	0	994,0	0	987,4	ERA5
1058030	11/09/2024	14	11/09/2024	10	HAE	9,3	0	6,5	0	83,0	0	5,0	0	150,0	0	994,0	0	1079,4	ERA5
1058031	11/09/2024	15	11/09/2024	11	HAE	11,6	0	7,8	0	77,0	0	7,0	0	120,0	0	994,0	0	1646,2	ERA5
1058032	11/09/2024	16	11/09/2024	12	HAE	15,0	0	9,5	0	70,0	0	3,0	0	120,0	0	993,0	0	2170,8	ERA5
1058033	11/09/2024	17	11/09/2024	13	HAE	17,3	0	10,6	0	65,0	0	6,0	0	130,0	0	993,0	0	2338,1	ERA5
1058034	11/09/2024	18	11/09/2024	14	HAE	20,7	0	11,6	0	56,0	0	4,0	0	90,0	0	992,0	0	2498,0	ERA5
1058035	11/09/2024	19	11/09/2024	15	HAE	22,2	0	9,7	0	45,0	0	7,0	0	310,0	0	992,0	0	2283,6	ERA5
1058036	11/09/2024	20	11/09/2024	16	HAE	22,2	0	9,5	0	45,0	0	7,0	0	280,0	0	992,0	0	1793,6	ERA5
1058037	11/09/2024	21	11/09/2024	17	HAE	21,6	0	10,2	0	48,0	0	4,0	0	260,0	0	992,0	0	1214,9	ERA5
1058038	11/09/2024	22	11/09/2024	18	HAE	19,4	0	10,9	0	58,0	0	1,0	0	250,0	0	993,0	0	708,6	ERA5
1058039	11/09/2024	23	11/09/2024	19	HAE	16,3	0	11,2	0	72,0	0	1,0	0	240,0	0	993,0	0	171,1	ERA5
1058040	12/09/2024	00	11/09/2024	20	HAE	14,9	0	10,7	0	76,0	0	2,0	0	10,0	0	993,0	0	0,0	ERA5
1058041	12/09/2024	01	11/09/2024	21	HAE	13,8	0	11,1	0	84,0	0	1,0	0	200,0	0	993,0	0	0,0	ERA5
1058042	12/09/2024	02	11/09/2024	22	HAE	13,0	0	10,9	0	87,0	0	6,0	0	220,0	0	994,0	0	0,0	ERA5
1058043	12/09/2024	03	11/09/2024	23	HAE	12,2	0	10,6	0	90,0	0	4,0	0	220,0	0	994,0	0	0,0	ERA5
1058044	12/09/2024	04	12/09/2024	00	HAE	11,8	0	10,3	0	90,0	0	5,0	0	170,0	0	994,0	0	0,0	ERA5
1058045	12/09/2024	05	12/09/2024	01	HAE	11,0	0	9,8	0	93,0	0	7,0	0	180,0	0	994,0	0	0,0	ERA5
1058046	12/09/2024	06	12/09/2024	02	HAE	10,3	0	9,3	0	94,0	0	5,0	0	180,0	0	994,0	0	0,0	ERA5
1058047	12/09/2024	07	12/09/2024	03	HAE	9,7	0	8,8	0	94,0	0	4,0	0	170,0	0	994,0	0	0,0	ERA5
1058048	12/09/2024	08	12/09/2024	04	HAE	9,2	0	8,4	0	95,0	0	5,0	0	190,0	0	995,0	0	0,0	ERA5
1058049	12/09/2024	09	12/09/2024	05	HAE	8,9	0	8,2	0	95,0	0	4,0	0	190,0	0	995,0	0	0,0	ERA5
1058050	12/09/2024	10	12/09/2024	06	HAE	8,6	0	7,9	0	95,0	0	5,0	0	170,0	0	995,0	0	0,0	ERA5
1058051	12/09/2024	11	12/09/2024	07	HAE	8,5	0	7,6	0	95,0	0	6,0	0	180,0	0	996,0	0	61,4	ERA5
1058052	12/09/2024	12	12/09/2024	08	HAE	9,3	0	8,2	0	93,0	0	6,0	0	180,0	0	996,0	0	434,3	ERA5
1058053	12/09/2024	13	12/09/2024	09	HAE	10,8	0	9,2	0	90,0	0	4,0	0	140,0	0	996,0	0	810,4	ERA5
1058054	12/09/2024	14	12/09/2024	10	HAE	12,3	0	11,0	0	91,0	0	1,0	0	190,0	0	997,0	0	1291,7	ERA5
1058055	12/09/2024	15	12/09/2024	11	HAE	16,0	0	12,4	0	79,0	0	3,0	0	160,0	0	996,0	0	1597,8	ERA5
1058056	12/09/2024	16	12/09/2024	12	HAE	17,8	0	13,6	0	77,0	0	2,0	0	100,0	0	996,0	0	2101,3	ERA5
1058057	12/09/2024	17	12/09/2024	13	HAE	18,5	0	14,3	0	76,0	0	3,0	0	140,0	0	996,0	0	2205,6	ERA5
1058058	12/09/2024	18	12/09/2024	14	HAE	20,0	0	14,4	0	70,0	0	1,0	0	150,0	0	996,0	0	2116,4	ERA5
1058059	12/09/2024	19	12/09/2024	15	HAE	20,7	0	14,6	0	68,0	0	2,0	0	80,0	0	996,0	0	1527,3	ERA5
1058060	12/09/2024	20	12/09/2024	16	HAE	20,3	0	14,6	0	70,0	0	6,0	0	130,0	0	996,0	0	1252,0	ERA5
1058061	12/09/2024	21	12/09/2024	17	HAE	20,6	0	14,6	0	69,0	0	4,0	0	120,0	0	995,0	0	969,1	ERA5
1058062	12/09/2024	22	12/09/2024	18	HAE	19,8	0	15,3	0	75,0	0	2,0	0	210,0	0	995,0	0	526,9	ERA5
1058063	12/09/2024	23	12/09/2024	19	HAE	18,8	0	15,2	0	80,0	0	3,0	0	230,0	0	995,0	0	143,7	ERA5
1058064	13/09/2024	00	12/09/2024	20	HAE	16,6	0	14,3	0	86,0	0	6,0	0	240,0	0	995,0	0	0,0	ERA5
1058065	13/09/2024	01	12/09/2024	21	HAE	14,8	0	13,5	0	92,0	0	0,0	0	160,0	0	996,0	0	0,0	ERA5
1058066	13/09/2024	02	12/09/2024	22	HAE	14,5	0	13,2	0	92,0	0	3,0	0	210,0	0	996,0	0	0,0	ERA5
1058067	13/09/2024	03	12/09/2024	23	HAE	13,4	0	12,3	0	93,0	0	2,0	0	10,0	0	996,0	0	0,0	ERA5
1058068	13/09/2024	04	13/09/2024	00	HAE	13,8	0	13,1	0	95,0	0	0,0	0	190,0	0	996,0	0	0,0	ERA5
1058069	13/09/2024	05	13/09/2024	01	HAE	13,2	0	12,7	0	97,0	0	0,0	0	190,0	0	996,0	0	0,0	ERA5
1058070	13/09/2024	06	13/09/2024	02	HAE	12,7	0	12,1	0	96,0	0	4,0	0	180,0	0	996,0	0	0,0	ERA5
1058071	13/09/2024	07	13/09/2024	03	HAE	12,9	0	12,4	0	97,0	0	3,0	0	190,0	0	996,0	0	0,0	ERA5
1058072	13/09/2024	08	13/09/2024	04	HAE	12,8	0	12,5	0	98,0	0	3,0	0	190,0	0	996,0	0	0,0	ERA5
1058073	13/09/2024	09	13/09/2024	05	HAE	12,3	0	11,9	0	97,0	0	5,0	0	180,0	0	996,0	0	0,0	ERA5
1058074	13/09/2024	10	13/09/2024	06	HAE	12,0	0	11,7	0	98,0	0	5,0	0	190,0	0	996,0	0	0,0	ERA5
1058075	13/09/2024	11	13/09/2024	07	HAE	11,4	0	11,0	0	98,0	0	3,0	0	180,0	0	996,0	0	51,8	ERA5
1058076	13/09/2024	12	13/09/2024	08	HAE	11,9	0	11,6	0	98,0	0	4,0	0	190,0	0	996,0	0	448,5	ERA5
1058077	13/09/2024	13	13/09/2024	09	HAE	13,5	0	12,8	0	96,0	0	2,0	0	170,0	0	997,0	0	970,7	ERA5
1058078	13/09/2024	14	13/09/2024	10	HAE	17,1	0	14,0	0	82,0	0	1,0	0	90,0	0	997,0	0	1642,3	ERA5
1058079	13/09/2024	15	13/09/2024	11	HAE	20,8	0	15,6	0	72,0	0	5,0	0	110,0	0	997,0	0	2164,8	ERA5
1058080	13/09/2024	16	13/09/2024	12	HAE	22,4	0	15,3	0	64,0	0	6,0	0	360,0	0	996,0	0	1963,4	ERA5
1058081	13/09/2024	17	13/09/2024	13	HAE	23,4	0	15,7	0	62,0	0	9,0	0	10,0	0	996,0	0	2171,9	ERA5
1058082	13/09/2024	18	13/09/2024	14	HAE	23,9	0	15,7	0	60,0	0	5,0	0	360,0	0	996,0	0	1991,6	ERA5
1058083	13/09/2024	19	13/09/2024	15	HAE	24,6	0	15,8	0	58,0	0	5,0	0	330,0	0	995,0	0	1869,8	ERA5
1058084	13/09/2024	20	13/09/2024	16	HAE	24,6	0	14,4	0	53,0	0	4,0	0	330,0	0	995,0	0	1488,5	ERA5
1058085	13/09/2024	21	13/09/2024	17	HAE	23,9	0	15,1	0	58,0	0	5,0	0	330,0	0	995,0	0	1080,4	ERA5
1058086	13/09/2024	22	13/09/2024	18	HAE	22,6	0	15,9	0	65,0	0	5,0	0	300,0	0	995,0	0	648,7	ERA5
1058087	13/09/2024	23	13/09/2024	19	HAE	21,2	0	15,6	0	71,0	0	2,0	0	290,0	0	996,0	0	134,4	ERA5
1058088	14/09/2024	00	13/09/2024	20	HAE	19,3	0	15,8	0	80,0	0	0,0	0	0,0	0	996,0	0	0,0	ERA5
1058089	14/09/2024	01	13/09/2024	21	HAE	17,9	0	15,5	0	86,0	0	2,0	0	250,0	0	996,0	0	0,0	ERA5
1058090	14/09/2024	02	13/09/2024	22	HAE	16,8	0	15,1	0	90,0	0	1,0	0	300,0	0	997,0	0	0,0	ERA5
1058091	14/09/2024	03	13/09/2024	23	HAE	16,5	0	15,1	0	92,0	0	2,0	0	230,0	0	997,0	0	0,0	ERA5
1058092	14/09/2024	04	14/09/2024	00	HAE	15,2	0	14,3	0	94,0	0	0,0	0	0,0	0	997,0	0	0,0	ERA5
1058093	14/09/2024	05	14/09/2024	01	HAE	14,7	0	14,1	0	96,0	0	5,0	0	220,0	0	997,0	0	0,0	ERA5
1058094	14/09/2024	06	14/09/2024	02	HAE	13,7	0	13,2	0	97,0	0	1,0	0	0,0	0	998,0	0	0,0	ERA5
1058095	14/09/2024	07	14/09/2024	03	HAE	12,7	0	12,3	0	97,0	0	1,0	0	160,0	0	998,0	0	0,0	ERA5
1058096	14/09/2024	08	14/09/2024	04	HAE	12,7	0	12,4	0	98,0	0	3,0	0	140,0	0	998,0	0	0,0	ERA5
1058097	14/09/2024	09	14/09/2024	05	HAE	12,0	0	11,7	0	98,0	0	2,0	0	210,0	0	998,0	0	0,0	ERA5
1058098	14/09/2024	10	14/09/2024	06	HAE	11,9	0	11,5	0	98,0	0	2,0	0	250,0	0	999,0	0	0,0	ERA5
1058099	14/09/2024	11	14/09/2024	07	HAE	11,8	0	11,4	0	98,0	0	1,0	0	190,0	0	999,0	0	51,5	ERA5
1058100	14/09/2024	12	14/09/2024	08	HAE	12,2	0	11,9	0	98,0	0	2,0	0	160,0	0	1000,0	0	432,7	ERA5
1058101	14/09/2024	13	14/09/2024	09	HAE	13,6	0	13,0	0	96,0	0	1,0	0	90,0	0	1000,0	0	1045,4	ERA5
1058102	14/09/2024	14	14/09/2024	10	HAE	16,3	0	11,9	0	75,0	0	4,0	0	140,0	0	1000,0	0	1633,9	ERA5
1058103	14/09/2024	15	14/09/2024	11	HAE	19,6	0	12,1	0	62,0	0	0,0	0	140,0	0	1000,0	0	2216,2	ERA5
1058104	14/09/2024	16	14/09/2024	12	HAE	22,4	0	12,4	0	53,0	0	5,0	0	120,0	0	1000,0	0	2591,9	ERA5
1058105	14/09/2024	17	14/09/2024	13	HAE	22,5	0	10,7	0	47,0	0	2,0	0	90,0	0	999,0	0	2719,6	ERA5
1058106	14/09/2024	18	14/09/2024	14	HAE	23,0	0	8,5	0	40,0	0	3,0	0	290,0	0	999,0	0	2647,7	ERA5
1058107	14/09/2024	19	14/09/2024	15	HAE	23,5	0	9,4	0	41,0	0	7,0	0	290,0	0	999,0	0	2369,2	ERA5
1058108	14/09/2024	20	14/09/2024	16	HAE	23,6	0	7,2	0	35,0	0	5,0	0	340,0	0	998,0	0	1929,1	ERA5
1058109	14/09/2024	21	14/09/2024	17	HAE	22,3	0	9,3	0	43,0	0	2,0	0	320,0	0	998,0	0	1357,1	ERA5
1058110	14/09/2024	22	14/09/2024	18	HAE	21,0	0	10,2	0	50,0	0	5,0	0	300,0	0	999,0	0	709,2	ERA5
1058111	14/09/2024	23	14/09/2024	19	HAE	19,0	0	10,6	0	58,0	0	5,0	0	290,0	0	999,0	0	147,3	ERA5
1058112	15/09/2024	00	14/09/2024	20	HAE	16,3	0	11,5	0	73,0	0	2,0	0	320,0	0	999,0	0	0,0	ERA5
1058113	15/09/2024	01	14/09/2024	21	HAE	13,4	0	10,5	0	83,0	0	0,0	0	210,0	0	999,0	0	0,0	ERA5
1058114	15/09/2024	02	14/09/2024	22	HAE	12,9	0	10,8	0	87,0	0	0,0	0	240,0	0	999,0	0	0,0	ERA5
1058115	15/09/2024	03	14/09/2024	23	HAE	10,8	0	9,4	0	91,0	0	2,0	0	160,0	0	1000,0	0	0,0	ERA5
1058116	15/09/2024	04	15/09/2024	00	HAE	11,2	0	9,7	0	91,0	0	3,0	0	190,0	0	1000,0	0	0,0	ERA5
1058117	15/09/2024	05	15/09/2024	01	HAE	9,3	0	8,2	0	93,0	0	0,0	0	0,0	0	1000,0	0	0,0	ERA5
1058118	15/09/2024	06	15/09/2024	02	HAE	10,0	0	9,3	0	96,0	0	3,0	0	180,0	0	1000,0	0	0,0	ERA5
1058119	15/09/2024	07	15/09/2024	03	HAE	8,2	0	7,1	0	93,0	0	0,0	0	160,0	0	1000,0	0	0,0	ERA5
1058120	15/09/2024	08	15/09/2024	04	HAE	8,6	0	8,0	0	96,0	0	1,0	0	180,0	0	1000,0	0	0,0	ERA5
1058121	15/09/2024	09	15/09/2024	05	HAE	8,2	0	7,6	0	96,0	0	5,0	0	180,0	0	1000,0	0	0,0	ERA5
1058122	15/09/2024	10	15/09/2024	06	HAE	6,3	0	5,7	0	96,0	0	2,0	0	160,0	0	1001,0	0	0,0	ERA5
1058123	15/09/2024	11	15/09/2024	07	HAE	6,4	0	5,9	0	97,0	0	3,0	0	170,0	0	1001,0	0	50,8	ERA5
1058124	15/09/2024	12	15/09/2024	08	HAE	8,7	0	7,5	0	92,0	0	5,0	0	150,0	0	1001,0	0	478,8	ERA5
1058125	15/09/2024	13	15/09/2024	09	HAE	11,1	0	8,6	0	85,0	0	5,0	0	120,0	0	1001,0	0	1094,0	ERA5
1058126	15/09/2024	14	15/09/2024	10	HAE	14,8	0	10,3	0	74,0	0	6,0	0	110,0	0	1001,0	0	1708,4	ERA5
1058127	15/09/2024	15	15/09/2024	11	HAE	18,5	0	12,6	0	68,0	0	7,0	0	110,0	0	1001,0	0	2206,9	ERA5
1058128	15/09/2024	16	15/09/2024	12	HAE	22,1	0	12,9	0	56,0	0	3,0	0	70,0	0	1000,0	0	2519,6	ERA5
1058129	15/09/2024	17	15/09/2024	13	HAE	24,6	0	13,8	0	51,0	0	6,0	0	120,0	0	1000,0	0	2641,4	ERA5
1058130	15/09/2024	18	15/09/2024	14	HAE	26,2	0	14,3	0	48,0	0	4,0	0	230,0	0	999,0	0	2574,5	ERA5
1058131	15/09/2024	19	15/09/2024	15	HAE	25,7	0	14,6	0	50,0	0	6,0	0	360,0	0	999,0	0	2293,8	ERA5
1058132	15/09/2024	20	15/09/2024	16	HAE	25,9	0	14,4	0	49,0	0	4,0	0	350,0	0	998,0	0	1856,5	ERA5
1058133	15/09/2024	21	15/09/2024	17	HAE	24,9	0	15,8	0	57,0	0	2,0	0	360,0	0	998,0	0	1291,1	ERA5
1058134	15/09/2024	22	15/09/2024	18	HAE	23,5	0	16,6	0	65,0	0	2,0	0	280,0	0	998,0	0	665,6	ERA5
1058135	15/09/2024	23	15/09/2024	19	HAE	20,7	0	16,2	0	76,0	0	4,0	0	260,0	0	998,0	0	129,0	ERA5
1058136	16/09/2024	00	15/09/2024	20	HAE	18,4	0	15,2	0	81,0	0	1,0	0	180,0	0	998,0	0	0,0	ERA5
1058137	16/09/2024	01	15/09/2024	21	HAE	17,3	0	15,1	0	87,0	0	0,0	0	0,0	0	998,0	0	0,0	ERA5
1058138	16/09/2024	02	15/09/2024	22	HAE	16,1	0	14,8	0	92,0	0	4,0	0	200,0	0	998,0	0	0,0	ERA5
1058139	16/09/2024	03	15/09/2024	23	HAE	16,3	0	14,7	0	91,0	0	5,0	0	180,0	0	998,0	0	0,0	ERA5
1058140	16/09/2024	04	16/09/2024	00	HAE	15,0	0	13,7	0	92,0	0	4,0	0	200,0	0	998,0	0	0,0	ERA5
1058141	16/09/2024	05	16/09/2024	01	HAE	14,3	0	13,1	0	93,0	0	4,0	0	180,0	0	998,0	0	0,0	ERA5
1058142	16/09/2024	06	16/09/2024	02	HAE	13,5	0	12,6	0	95,0	0	7,0	0	170,0	0	998,0	0	0,0	ERA5
1058143	16/09/2024	07	16/09/2024	03	HAE	12,9	0	12,0	0	95,0	0	5,0	0	180,0	0	998,0	0	0,0	ERA5
1058144	16/09/2024	08	16/09/2024	04	HAE	12,3	0	11,6	0	95,0	0	7,0	0	170,0	0	998,0	0	0,0	ERA5
1058145	16/09/2024	09	16/09/2024	05	HAE	11,8	0	11,2	0	96,0	0	4,0	0	180,0	0	998,0	0	0,0	ERA5
1058146	16/09/2024	10	16/09/2024	06	HAE	11,3	0	10,7	0	96,0	0	4,0	0	180,0	0	998,0	0	0,0	ERA5
1058147	16/09/2024	11	16/09/2024	07	HAE	11,6	0	10,7	0	95,0	0	6,0	0	170,0	0	999,0	0	48,3	ERA5
1058148	16/09/2024	12	16/09/2024	08	HAE	12,7	0	11,5	0	92,0	0	7,0	0	170,0	0	999,0	0	490,6	ERA5
1058149	16/09/2024	13	16/09/2024	09	HAE	15,7	0	12,8	0	83,0	0	6,0	0	160,0	0	999,0	0	1108,2	ERA5
1058150	16/09/2024	14	16/09/2024	10	HAE	19,6	0	14,2	0	71,0	0	5,0	0	120,0	0	998,0	0	1689,1	ERA5
1058151	16/09/2024	15	16/09/2024	11	HAE	24,9	0	16,6	0	60,0	0	3,0	0	160,0	0	998,0	0	2157,9	ERA5
1058152	16/09/2024	16	16/09/2024	12	HAE	25,9	0	15,8	0	54,0	0	9,0	0	290,0	0	997,0	0	2465,6	ERA5
1058153	16/09/2024	17	16/09/2024	13	HAE	26,6	0	15,9	0	52,0	0	9,0	0	250,0	0	997,0	0	2587,9	ERA5
1058154	16/09/2024	18	16/09/2024	14	HAE	26,7	0	16,0	0	52,0	0	3,0	0	330,0	0	996,0	0	2400,9	ERA5
1058155	16/09/2024	19	16/09/2024	15	HAE	26,7	0	16,1	0	52,0	0	5,0	0	290,0	0	996,0	0	2166,0	ERA5
1058156	16/09/2024	20	16/09/2024	16	HAE	27,1	0	15,4	0	49,0	0	7,0	0	260,0	0	995,0	0	1693,9	ERA5
1058157	16/09/2024	21	16/09/2024	17	HAE	26,1	0	15,9	0	53,0	0	2,0	0	280,0	0	995,0	0	1253,9	ERA5
1058158	16/09/2024	22	16/09/2024	18	HAE	24,1	0	16,2	0	61,0	0	3,0	0	300,0	0	995,0	0	619,3	ERA5
1058159	16/09/2024	23	16/09/2024	19	HAE	21,5	0	15,9	0	71,0	0	2,0	0	260,0	0	995,0	0	117,3	ERA5
1058160	17/09/2024	00	16/09/2024	20	HAE	20,4	0	15,5	0	74,0	0	3,0	0	230,0	0	995,0	0	0,0	ERA5
1058161	17/09/2024	01	16/09/2024	21	HAE	20,8	0	15,0	0	69,0	0	3,0	0	210,0	0	996,0	0	0,0	ERA5
1058162	17/09/2024	02	16/09/2024	22	HAE	19,5	0	14,6	0	74,0	0	2,0	0	230,0	0	996,0	0	0,0	ERA5
1058163	17/09/2024	03	16/09/2024	23	HAE	16,9	0	14,2	0	84,0	0	0,0	0	110,0	0	995,0	0	0,0	ERA5
1058164	17/09/2024	04	17/09/2024	00	HAE	15,8	0	13,8	0	88,0	0	3,0	0	180,0	0	995,0	0	0,0	ERA5
1058165	17/09/2024	05	17/09/2024	01	HAE	15,4	0	13,7	0	89,0	0	5,0	0	180,0	0	996,0	0	0,0	ERA5
1058166	17/09/2024	06	17/09/2024	02	HAE	15,0	0	13,6	0	92,0	0	4,0	0	180,0	0	996,0	0	0,0	ERA5
1058167	17/09/2024	07	17/09/2024	03	HAE	14,4	0	13,2	0	93,0	0	4,0	0	190,0	0	995,0	0	0,0	ERA5
1058168	17/09/2024	08	17/09/2024	04	HAE	14,0	0	12,9	0	93,0	0	4,0	0	170,0	0	995,0	0	0,0	ERA5
1058169	17/09/2024	09	17/09/2024	05	HAE	13,5	0	12,7	0	95,0	0	4,0	0	190,0	0	995,0	0	0,0	ERA5
1058170	17/09/2024	10	17/09/2024	06	HAE	13,0	0	12,3	0	95,0	0	1,0	0	160,0	0	995,0	0	0,0	ERA5
1058171	17/09/2024	11	17/09/2024	07	HAE	13,5	0	12,9	0	96,0	0	0,0	0	170,0	0	996,0	0	44,3	ERA5
1058172	17/09/2024	12	17/09/2024	08	HAE	15,5	0	13,4	0	88,0	0	4,0	0	160,0	0	996,0	0	479,5	ERA5
1058173	17/09/2024	13	17/09/2024	09	HAE	18,1	0	14,1	0	78,0	0	5,0	0	130,0	0	995,0	0	1097,3	ERA5
1058174	17/09/2024	14	17/09/2024	10	HAE	21,7	0	17,2	0	76,0	0	2,0	0	130,0	0	995,0	0	1684,7	ERA5
1058175	17/09/2024	15	17/09/2024	11	HAE	24,6	0	16,4	0	60,0	0	4,0	0	240,0	0	995,0	0	2160,6	ERA5
1058176	17/09/2024	16	17/09/2024	12	HAE	26,3	0	14,4	0	48,0	0	6,0	0	280,0	0	994,0	0	2476,5	ERA5
1058177	17/09/2024	17	17/09/2024	13	HAE	26,7	0	13,0	0	43,0	0	8,0	0	260,0	0	994,0	0	2595,0	ERA5
1058178	17/09/2024	18	17/09/2024	14	HAE	27,5	0	12,6	0	40,0	0	10,0	0	240,0	0	994,0	0	2410,3	ERA5
1058179	17/09/2024	19	17/09/2024	15	HAE	27,4	0	12,9	0	41,0	0	8,0	0	220,0	0	993,0	0	2170,7	ERA5
1058180	17/09/2024	20	17/09/2024	16	HAE	27,0	0	13,7	0	44,0	0	4,0	0	310,0	0	993,0	0	1778,9	ERA5
1058181	17/09/2024	21	17/09/2024	17	HAE	26,0	0	14,1	0	48,0	0	6,0	0	300,0	0	993,0	0	1270,1	ERA5
1058182	17/09/2024	22	17/09/2024	18	HAE	24,2	0	14,5	0	55,0	0	4,0	0	280,0	0	993,0	0	629,4	ERA5
1058183	17/09/2024	23	17/09/2024	19	HAE	21,3	0	15,0	0	67,0	0	2,0	0	220,0	0	993,0	0	108,4	ERA5
1058184	18/09/2024	00	17/09/2024	20	HAE	19,4	0	14,5	0	73,0	0	1,0	0	20,0	0	993,0	0	0,0	ERA5
1058185	18/09/2024	01	17/09/2024	21	HAE	18,4	0	14,5	0	78,0	0	0,0	0	0,0	0	993,0	0	0,0	ERA5
1058186	18/09/2024	02	17/09/2024	22	HAE	17,7	0	14,7	0	83,0	0	0,0	0	0,0	0	993,0	0	0,0	ERA5
1058187	18/09/2024	03	17/09/2024	23	HAE	16,0	0	14,2	0	89,0	0	0,0	0	150,0	0	993,0	0	0,0	ERA5
1058188	18/09/2024	04	18/09/2024	00	HAE	16,8	0	14,4	0	86,0	0	4,0	0	210,0	0	993,0	0	0,0	ERA5
1058189	18/09/2024	05	18/09/2024	01	HAE	15,2	0	13,6	0	90,0	0	1,0	0	170,0	0	993,0	0	0,0	ERA5
1058190	18/09/2024	06	18/09/2024	02	HAE	14,7	0	13,7	0	93,0	0	5,0	0	180,0	0	993,0	0	0,0	ERA5
1058191	18/09/2024	07	18/09/2024	03	HAE	14,0	0	13,1	0	95,0	0	5,0	0	180,0	0	993,0	0	0,0	ERA5
1058192	18/09/2024	08	18/09/2024	04	HAE	13,3	0	12,5	0	95,0	0	6,0	0	180,0	0	993,0	0	0,0	ERA5
1058193	18/09/2024	09	18/09/2024	05	HAE	12,9	0	12,3	0	96,0	0	3,0	0	170,0	0	993,0	0	0,0	ERA5
1058194	18/09/2024	10	18/09/2024	06	HAE	12,3	0	11,7	0	96,0	0	3,0	0	180,0	0	993,0	0	0,0	ERA5
1058195	18/09/2024	11	18/09/2024	07	HAE	12,2	0	11,5	0	96,0	0	4,0	0	180,0	0	994,0	0	41,2	ERA5
1058196	18/09/2024	12	18/09/2024	08	HAE	13,3	0	12,0	0	92,0	0	6,0	0	170,0	0	993,0	0	477,1	ERA5
1058197	18/09/2024	13	18/09/2024	09	HAE	16,2	0	13,5	0	84,0	0	5,0	0	130,0	0	993,0	0	1107,0	ERA5
1058198	18/09/2024	14	18/09/2024	10	HAE	19,1	0	14,7	0	76,0	0	7,0	0	130,0	0	993,0	0	1691,1	ERA5
1058199	18/09/2024	15	18/09/2024	11	HAE	21,7	0	15,3	0	67,0	0	6,0	0	150,0	0	992,0	0	2160,8	ERA5
1058200	18/09/2024	16	18/09/2024	12	HAE	23,7	0	16,4	0	64,0	0	4,0	0	100,0	0	992,0	0	2500,8	ERA5
1058201	18/09/2024	17	18/09/2024	13	HAE	25,9	0	13,7	0	47,0	0	5,0	0	230,0	0	992,0	0	2550,1	ERA5
1058202	18/09/2024	18	18/09/2024	14	HAE	26,0	0	13,2	0	45,0	0	8,0	0	310,0	0	992,0	0	2420,3	ERA5
1058203	18/09/2024	19	18/09/2024	15	HAE	26,6	0	12,1	0	40,0	0	1,0	0	350,0	0	991,0	0	2255,9	ERA5
1058204	18/09/2024	20	18/09/2024	16	HAE	26,6	0	12,3	0	41,0	0	6,0	0	240,0	0	991,0	0	1760,0	ERA5
1058205	18/09/2024	21	18/09/2024	17	HAE	24,9	0	15,0	0	54,0	0	3,0	0	310,0	0	990,0	0	1158,5	ERA5
1058206	18/09/2024	22	18/09/2024	18	HAE	23,2	0	14,3	0	57,0	0	2,0	0	270,0	0	990,0	0	563,3	ERA5
1058207	18/09/2024	23	18/09/2024	19	HAE	21,3	0	13,5	0	61,0	0	1,0	0	280,0	0	990,0	0	96,5	ERA5
1058208	19/09/2024	00	18/09/2024	20	HAE	19,2	0	13,2	0	68,0	0	2,0	0	310,0	0	990,0	0	0,0	ERA5
1058209	19/09/2024	01	18/09/2024	21	HAE	16,4	0	13,0	0	80,0	0	0,0	0	0,0	0	990,0	0	0,0	ERA5
1058210	19/09/2024	02	18/09/2024	22	HAE	14,9	0	12,9	0	88,0	0	2,0	0	170,0	0	990,0	0	0,0	ERA5
1058211	19/09/2024	03	18/09/2024	23	HAE	14,8	0	13,0	0	89,0	0	4,0	0	180,0	0	990,0	0	0,0	ERA5
1058212	19/09/2024	04	19/09/2024	00	HAE	13,8	0	12,3	0	91,0	0	2,0	0	200,0	0	990,0	0	0,0	ERA5
1058213	19/09/2024	05	19/09/2024	01	HAE	13,6	0	12,6	0	94,0	0	1,0	0	190,0	0	990,0	0	0,0	ERA5
1058214	19/09/2024	06	19/09/2024	02	HAE	11,9	0	11,2	0	95,0	0	4,0	0	190,0	0	990,0	0	0,0	ERA5
1058215	19/09/2024	07	19/09/2024	03	HAE	11,9	0	11,2	0	96,0	0	5,0	0	180,0	0	989,0	0	0,0	ERA5
1058216	19/09/2024	08	19/09/2024	04	HAE	11,8	0	11,2	0	96,0	0	5,0	0	170,0	0	989,0	0	0,0	ERA5
1058217	19/09/2024	09	19/09/2024	05	HAE	10,9	0	10,1	0	95,0	0	3,0	0	190,0	0	989,0	0	0,0	ERA5
1058218	19/09/2024	10	19/09/2024	06	HAE	10,3	0	9,8	0	97,0	0	2,0	0	190,0	0	989,0	0	0,0	ERA5
1058219	19/09/2024	11	19/09/2024	07	HAE	10,3	0	9,8	0	97,0	0	6,0	0	170,0	0	989,0	0	26,8	ERA5
1058220	19/09/2024	12	19/09/2024	08	HAE	10,8	0	10,1	0	96,0	0	4,0	0	150,0	0	989,0	0	280,0	ERA5
1058221	19/09/2024	13	19/09/2024	09	HAE	12,4	0	10,9	0	91,0	0	4,0	0	130,0	0	989,0	0	689,2	ERA5
1058222	19/09/2024	14	19/09/2024	10	HAE	15,6	0	12,5	0	82,0	0	4,0	0	140,0	0	990,0	0	757,6	ERA5
1058223	19/09/2024	15	19/09/2024	11	HAE	20,0	0	14,3	0	70,0	0	4,0	0	80,0	0	989,0	0	1118,7	ERA5
1058224	19/09/2024	16	19/09/2024	12	HAE	21,6	0	14,4	0	63,0	0	7,0	0	310,0	0	989,0	0	1719,6	ERA5
1058225	19/09/2024	17	19/09/2024	13	HAE	23,9	0	15,8	0	61,0	0	3,0	0	330,0	0	989,0	0	1605,4	ERA5
1058226	19/09/2024	18	19/09/2024	14	HAE	25,5	0	14,5	0	51,0	0	5,0	0	360,0	0	988,0	0	2022,2	ERA5
1058227	19/09/2024	19	19/09/2024	15	HAE	24,4	0	15,6	0	58,0	0	9,0	0	340,0	0	988,0	0	2056,1	ERA5
1058228	19/09/2024	20	19/09/2024	16	HAE	23,7	0	16,7	0	65,0	0	6,0	0	330,0	0	988,0	0	1626,5	ERA5
1058229	19/09/2024	21	19/09/2024	17	HAE	22,1	0	16,6	0	71,0	0	9,0	0	350,0	0	988,0	0	834,0	ERA5
1058230	19/09/2024	22	19/09/2024	18	HAE	20,1	0	15,9	0	77,0	0	8,0	0	320,0	0	988,0	0	349,9	ERA5
1058231	19/09/2024	23	19/09/2024	19	HAE	18,6	0	15,1	0	80,0	0	8,0	0	310,0	0	988,0	0	47,0	ERA5
1058232	20/09/2024	00	19/09/2024	20	HAE	17,9	0	14,6	0	81,0	0	2,0	0	320,0	0	989,0	0	0,0	ERA5
1058233	20/09/2024	01	19/09/2024	21	HAE	17,0	0	14,0	0	83,0	0	7,0	0	310,0	0	989,0	0	0,0	ERA5
1058234	20/09/2024	02	19/09/2024	22	HAE	16,1	0	13,7	0	86,0	0	1,0	0	210,0	0	989,0	0	0,0	ERA5
1058235	20/09/2024	03	19/09/2024	23	HAE	15,5	0	13,3	0	86,0	0	4,0	0	330,0	0	989,0	0	0,0	ERA5
1058236	20/09/2024	04	20/09/2024	00	HAE	15,7	0	13,1	0	85,0	0	10,0	0	320,0	0	989,0	0	0,0	ERA5
1058237	20/09/2024	05	20/09/2024	01	HAE	15,4	0	13,2	0	87,0	0	4,0	0	170,0	0	990,0	0	0,0	ERA5
1058238	20/09/2024	06	20/09/2024	02	HAE	15,3	0	13,3	0	88,0	0	2,0	0	300,0	0	990,0	0	0,0	ERA5
1058239	20/09/2024	07	20/09/2024	03	HAE	14,8	0	12,7	0	87,0	0	8,0	0	310,0	0	989,0	0	0,0	ERA5
1058240	20/09/2024	08	20/09/2024	04	HAE	16,3	0	14,2	0	87,0	0	4,0	0	40,0	0	990,0	0	0,0	ERA5
1058241	20/09/2024	09	20/09/2024	05	HAE	16,2	0	14,3	0	88,0	0	2,0	0	100,0	0	990,0	0	0,0	ERA5
1058242	20/09/2024	10	20/09/2024	06	HAE	16,3	0	14,3	0	88,0	0	5,0	0	120,0	0	990,0	0	0,0	ERA5
1058243	20/09/2024	11	20/09/2024	07	HAE	16,2	0	14,2	0	88,0	0	4,0	0	90,0	0	991,0	0	14,8	ERA5
1058244	20/09/2024	12	20/09/2024	08	HAE	16,0	0	13,8	0	87,0	0	7,0	0	120,0	0	991,0	0	175,8	ERA5
1058245	20/09/2024	13	20/09/2024	09	HAE	15,8	0	12,3	0	80,0	0	11,0	0	130,0	0	992,0	0	474,6	ERA5
1058246	20/09/2024	14	20/09/2024	10	HAE	16,4	0	11,5	0	73,0	0	15,0	0	130,0	0	992,0	0	921,2	ERA5
1058247	20/09/2024	15	20/09/2024	11	HAE	17,2	0	11,7	0	70,0	0	9,0	0	90,0	0	992,0	0	1295,9	ERA5
1058248	20/09/2024	16	20/09/2024	12	HAE	17,9	0	11,9	0	68,0	0	8,0	0	130,0	0	992,0	0	1599,8	ERA5
1058249	20/09/2024	17	20/09/2024	13	HAE	20,5	0	13,7	0	65,0	0	6,0	0	190,0	0	991,0	0	1873,1	ERA5
1058250	20/09/2024	18	20/09/2024	14	HAE	21,0	0	11,7	0	55,0	0	11,0	0	150,0	0	991,0	0	1892,5	ERA5
1058251	20/09/2024	19	20/09/2024	15	HAE	20,9	0	11,7	0	56,0	0	12,0	0	120,0	0	991,0	0	1422,1	ERA5
1058252	20/09/2024	20	20/09/2024	16	HAE	20,6	0	11,1	0	54,0	0	11,0	0	100,0	0	991,0	0	1304,5	ERA5
1058253	20/09/2024	21	20/09/2024	17	HAE	20,1	0	10,2	0	53,0	0	12,0	0	90,0	0	991,0	0	1058,2	ERA5
1058254	20/09/2024	22	20/09/2024	18	HAE	19,3	0	8,7	0	50,0	0	15,0	0	130,0	0	991,0	0	517,9	ERA5
1058255	20/09/2024	23	20/09/2024	19	HAE	17,4	0	9,7	0	60,0	0	8,0	0	130,0	0	991,0	0	63,2	ERA5
1058256	21/09/2024	00	20/09/2024	20	HAE	16,4	0	9,8	0	65,0	0	9,0	0	160,0	0	992,0	0	0,0	ERA5
1058257	21/09/2024	01	20/09/2024	21	HAE	15,4	0	10,0	0	70,0	0	7,0	0	170,0	0	992,0	0	0,0	ERA5
1058258	21/09/2024	02	20/09/2024	22	HAE	14,1	0	10,1	0	77,0	0	7,0	0	140,0	0	992,0	0	0,0	ERA5
1058259	21/09/2024	03	20/09/2024	23	HAE	13,4	0	10,1	0	80,0	0	8,0	0	150,0	0	992,0	0	0,0	ERA5
1058260	21/09/2024	04	21/09/2024	00	HAE	12,7	0	10,0	0	84,0	0	4,0	0	160,0	0	992,0	0	0,0	ERA5
1058261	21/09/2024	05	21/09/2024	01	HAE	12,1	0	9,6	0	85,0	0	7,0	0	140,0	0	992,0	0	0,0	ERA5
1058262	21/09/2024	06	21/09/2024	02	HAE	11,6	0	9,2	0	86,0	0	5,0	0	130,0	0	993,0	0	0,0	ERA5
1058263	21/09/2024	07	21/09/2024	03	HAE	11,0	0	8,9	0	86,0	0	2,0	0	140,0	0	992,0	0	0,0	ERA5
1058264	21/09/2024	08	21/09/2024	04	HAE	10,7	0	8,7	0	87,0	0	2,0	0	150,0	0	992,0	0	0,0	ERA5
1058265	21/09/2024	09	21/09/2024	05	HAE	10,5	0	8,6	0	88,0	0	3,0	0	200,0	0	992,0	0	0,0	ERA5
1058266	21/09/2024	10	21/09/2024	06	HAE	10,0	0	8,1	0	88,0	0	3,0	0	130,0	0	992,0	0	0,0	ERA5
1058267	21/09/2024	11	21/09/2024	07	HAE	10,2	0	8,2	0	87,0	0	3,0	0	170,0	0	993,0	0	23,8	ERA5
1058268	21/09/2024	12	21/09/2024	08	HAE	11,3	0	8,5	0	83,0	0	5,0	0	150,0	0	993,0	0	336,7	ERA5
1058269	21/09/2024	13	21/09/2024	09	HAE	12,3	0	8,6	0	78,0	0	6,0	0	130,0	0	993,0	0	879,1	ERA5
1058270	21/09/2024	14	21/09/2024	10	HAE	13,2	0	8,8	0	75,0	0	9,0	0	110,0	0	993,0	0	1418,5	ERA5
1058271	21/09/2024	15	21/09/2024	11	HAE	15,6	0	9,7	0	68,0	0	6,0	0	60,0	0	992,0	0	1890,0	ERA5
1058272	21/09/2024	16	21/09/2024	12	HAE	15,6	0	8,7	0	64,0	0	13,0	0	100,0	0	992,0	0	2213,5	ERA5
1058273	21/09/2024	17	21/09/2024	13	HAE	17,0	0	8,5	0	57,0	0	14,0	0	120,0	0	992,0	0	2250,0	ERA5
1058274	21/09/2024	18	21/09/2024	14	HAE	16,1	0	8,4	0	60,0	0	11,0	0	90,0	0	991,0	0	1887,0	ERA5
1058275	21/09/2024	19	21/09/2024	15	HAE	17,4	0	8,2	0	55,0	0	8,0	0	160,0	0	991,0	0	1903,4	ERA5
1058276	21/09/2024	20	21/09/2024	16	HAE	17,4	0	8,3	0	55,0	0	6,0	0	40,0	0	991,0	0	1460,6	ERA5
1058277	21/09/2024	21	21/09/2024	17	HAE	17,2	0	8,5	0	57,0	0	10,0	0	90,0	0	991,0	0	941,0	ERA5
1058278	21/09/2024	22	21/09/2024	18	HAE	16,1	0	8,7	0	62,0	0	3,0	0	50,0	0	991,0	0	386,7	ERA5
1058279	21/09/2024	23	21/09/2024	19	HAE	14,5	0	9,4	0	71,0	0	3,0	0	130,0	0	991,0	0	54,0	ERA5
1058280	22/09/2024	00	21/09/2024	20	HAE	13,0	0	8,9	0	76,0	0	3,0	0	160,0	0	991,0	0	0,0	ERA5
1058281	22/09/2024	01	21/09/2024	21	HAE	12,7	0	8,8	0	77,0	0	5,0	0	210,0	0	991,0	0	0,0	ERA5
1058282	22/09/2024	02	21/09/2024	22	HAE	11,1	0	8,4	0	83,0	0	0,0	0	0,0	0	991,0	0	0,0	ERA5
1058283	22/09/2024	03	21/09/2024	23	HAE	11,1	0	8,9	0	86,0	0	4,0	0	190,0	0	991,0	0	0,0	ERA5
1058284	22/09/2024	04	22/09/2024	00	HAE	10,1	0	8,3	0	88,0	0	3,0	0	180,0	0	991,0	0	0,0	ERA5
1058285	22/09/2024	05	22/09/2024	01	HAE	9,9	0	8,0	0	88,0	0	4,0	0	230,0	0	991,0	0	0,0	ERA5
1058286	22/09/2024	06	22/09/2024	02	HAE	8,3	0	7,2	0	93,0	0	2,0	0	240,0	0	991,0	0	0,0	ERA5
1058287	22/09/2024	07	22/09/2024	03	HAE	7,1	0	6,3	0	95,0	0	0,0	0	340,0	0	991,0	0	0,0	ERA5
1058288	22/09/2024	08	22/09/2024	04	HAE	5,8	0	4,7	0	93,0	0	1,0	0	200,0	0	991,0	0	0,0	ERA5
1058289	22/09/2024	09	22/09/2024	05	HAE	7,8	0	6,7	0	92,0	0	4,0	0	170,0	0	991,0	0	0,0	ERA5
1058290	22/09/2024	10	22/09/2024	06	HAE	7,8	0	6,7	0	93,0	0	4,0	0	170,0	0	992,0	0	0,0	ERA5
1058291	22/09/2024	11	22/09/2024	07	HAE	8,1	0	6,9	0	92,0	0	5,0	0	170,0	0	992,0	0	21,7	ERA5
1058292	22/09/2024	12	22/09/2024	08	HAE	9,1	0	7,4	0	89,0	0	6,0	0	170,0	0	992,0	0	305,7	ERA5
1058293	22/09/2024	13	22/09/2024	09	HAE	12,1	0	9,5	0	84,0	0	7,0	0	140,0	0	993,0	0	702,7	ERA5
1058294	22/09/2024	14	22/09/2024	10	HAE	15,1	0	9,7	0	70,0	0	6,0	0	120,0	0	993,0	0	1219,9	ERA5
1058295	22/09/2024	15	22/09/2024	11	HAE	16,2	0	6,3	0	52,0	0	22,0	0	120,0	0	993,0	0	1172,5	ERA5
1058296	22/09/2024	16	22/09/2024	12	HAE	16,5	0	7,1	0	54,0	0	15,0	0	130,0	0	993,0	0	1278,9	ERA5
1058297	22/09/2024	17	22/09/2024	13	HAE	16,9	0	7,1	0	52,0	0	14,0	0	120,0	0	993,0	0	1359,4	ERA5
1058298	22/09/2024	18	22/09/2024	14	HAE	18,0	0	6,6	0	47,0	0	17,0	0	110,0	0	992,0	0	1463,9	ERA5
1058299	22/09/2024	19	22/09/2024	15	HAE	18,4	0	6,3	0	45,0	0	17,0	0	170,0	0	992,0	0	980,9	ERA5
1058300	22/09/2024	20	22/09/2024	16	HAE	17,3	0	7,2	0	51,0	0	8,0	0	180,0	0	992,0	0	881,7	ERA5
1058301	22/09/2024	21	22/09/2024	17	HAE	17,9	0	7,2	0	50,0	0	12,0	0	130,0	0	992,0	0	609,5	ERA5
1058302	22/09/2024	22	22/09/2024	18	HAE	16,1	0	7,8	0	58,0	0	9,0	0	180,0	0	992,0	0	294,9	ERA5
1058303	22/09/2024	23	22/09/2024	19	HAE	15,2	0	7,5	0	60,0	0	9,0	0	160,0	0	992,0	0	35,1	ERA5
1058304	23/09/2024	00	22/09/2024	20	HAE	13,4	0	8,0	0	69,0	0	3,0	0	180,0	0	992,0	0	0,0	ERA5
1058305	23/09/2024	01	22/09/2024	21	HAE	12,1	0	8,1	0	76,0	0	6,0	0	160,0	0	992,0	0	0,0	ERA5
1058306	23/09/2024	02	22/09/2024	22	HAE	11,3	0	7,6	0	78,0	0	2,0	0	230,0	0	992,0	0	0,0	ERA5
1058307	23/09/2024	03	22/09/2024	23	HAE	10,3	0	7,6	0	83,0	0	5,0	0	190,0	0	992,0	0	0,0	ERA5
1058308	23/09/2024	04	23/09/2024	00	HAE	9,3	0	7,4	0	88,0	0	6,0	0	180,0	0	992,0	0	0,0	ERA5
1058309	23/09/2024	05	23/09/2024	01	HAE	8,7	0	7,3	0	91,0	0	5,0	0	160,0	0	992,0	0	0,0	ERA5
1058310	23/09/2024	06	23/09/2024	02	HAE	7,4	0	6,6	0	94,0	0	3,0	0	190,0	0	992,0	0	0,0	ERA5
1058311	23/09/2024	07	23/09/2024	03	HAE	7,0	0	6,3	0	95,0	0	3,0	0	150,0	0	992,0	0	0,0	ERA5
1058312	23/09/2024	08	23/09/2024	04	HAE	5,0	0	3,7	0	91,0	0	3,0	0	160,0	0	992,0	0	0,0	ERA5
1058313	23/09/2024	09	23/09/2024	05	HAE	5,8	0	5,1	0	95,0	0	4,0	0	170,0	0	992,0	0	0,0	ERA5
1058314	23/09/2024	10	23/09/2024	06	HAE	3,8	0	3,1	0	95,0	0	2,0	0	150,0	0	992,0	0	0,0	ERA5
1058315	23/09/2024	11	23/09/2024	07	HAE	5,2	0	4,5	0	95,0	0	3,0	0	160,0	0	993,0	0	24,7	ERA5
1058316	23/09/2024	12	23/09/2024	08	HAE	6,6	0	5,4	0	92,0	0	3,0	0	150,0	0	993,0	0	416,8	ERA5
1058317	23/09/2024	13	23/09/2024	09	HAE	10,5	0	7,9	0	84,0	0	4,0	0	150,0	0	993,0	0	893,9	ERA5
1058318	23/09/2024	14	23/09/2024	10	HAE	14,0	0	9,2	0	73,0	0	8,0	0	130,0	0	993,0	0	1188,3	ERA5
1058319	23/09/2024	15	23/09/2024	11	HAE	15,7	0	9,0	0	65,0	0	10,0	0	140,0	0	993,0	0	1367,9	ERA5
1058320	23/09/2024	16	23/09/2024	12	HAE	16,9	0	8,9	0	59,0	0	13,0	0	170,0	0	992,0	0	1707,5	ERA5
1058321	23/09/2024	17	23/09/2024	13	HAE	18,2	0	8,1	0	52,0	0	15,0	0	140,0	0	992,0	0	1628,8	ERA5
1058322	23/09/2024	18	23/09/2024	14	HAE	17,7	0	8,4	0	54,0	0	13,0	0	160,0	0	992,0	0	1178,4	ERA5
1058323	23/09/2024	19	23/09/2024	15	HAE	18,3	0	8,1	0	51,0	0	8,0	0	170,0	0	992,0	0	882,0	ERA5
1058324	23/09/2024	20	23/09/2024	16	HAE	17,9	0	8,6	0	55,0	0	5,0	0	160,0	0	992,0	0	608,5	ERA5
1058325	23/09/2024	21	23/09/2024	17	HAE	17,2	0	8,7	0	57,0	0	6,0	0	160,0	0	992,0	0	367,0	ERA5
1058326	23/09/2024	22	23/09/2024	18	HAE	16,5	0	9,3	0	62,0	0	6,0	0	170,0	0	992,0	0	217,6	ERA5
1058327	23/09/2024	23	23/09/2024	19	HAE	15,2	0	9,4	0	68,0	0	3,0	0	150,0	0	992,0	0	30,8	ERA5
1058328	24/09/2024	00	23/09/2024	20	HAE	14,7	0	9,7	0	72,0	0	4,0	0	160,0	0	993,0	0	0,0	ERA5
1058329	24/09/2024	01	23/09/2024	21	HAE	13,8	0	9,8	0	77,0	0	6,0	0	160,0	0	993,0	0	0,0	ERA5
1058330	24/09/2024	02	23/09/2024	22	HAE	13,4	0	9,7	0	78,0	0	6,0	0	180,0	0	993,0	0	0,0	ERA5
1058331	24/09/2024	03	23/09/2024	23	HAE	12,8	0	9,6	0	81,0	0	4,0	0	150,0	0	993,0	0	0,0	ERA5
1058332	24/09/2024	04	24/09/2024	00	HAE	12,3	0	9,8	0	85,0	0	6,0	0	180,0	0	993,0	0	0,0	ERA5
1058333	24/09/2024	05	24/09/2024	01	HAE	12,0	0	9,3	0	84,0	0	6,0	0	180,0	0	993,0	0	0,0	ERA5
1058334	24/09/2024	06	24/09/2024	02	HAE	11,6	0	9,1	0	85,0	0	4,0	0	190,0	0	994,0	0	0,0	ERA5
1058335	24/09/2024	07	24/09/2024	03	HAE	11,0	0	9,0	0	87,0	0	2,0	0	170,0	0	994,0	0	0,0	ERA5
1058336	24/09/2024	08	24/09/2024	04	HAE	10,6	0	8,6	0	87,0	0	2,0	0	200,0	0	994,0	0	0,0	ERA5
1058337	24/09/2024	09	24/09/2024	05	HAE	9,8	0	8,3	0	90,0	0	4,0	0	190,0	0	995,0	0	0,0	ERA5
1058338	24/09/2024	10	24/09/2024	06	HAE	8,3	0	7,7	0	96,0	0	5,0	0	170,0	0	995,0	0	0,0	ERA5
1058339	24/09/2024	11	24/09/2024	07	HAE	9,1	0	7,9	0	92,0	0	4,0	0	190,0	0	995,0	0	19,7	ERA5
1058340	24/09/2024	12	24/09/2024	08	HAE	10,2	0	8,4	0	89,0	0	3,0	0	160,0	0	996,0	0	329,5	ERA5
1058341	24/09/2024	13	24/09/2024	09	HAE	12,4	0	8,5	0	77,0	0	5,0	0	120,0	0	996,0	0	917,5	ERA5
1058342	24/09/2024	14	24/09/2024	10	HAE	14,5	0	10,0	0	74,0	0	6,0	0	120,0	0	996,0	0	1448,7	ERA5
1058343	24/09/2024	15	24/09/2024	11	HAE	16,3	0	8,9	0	62,0	0	4,0	0	100,0	0	996,0	0	1805,2	ERA5
1058344	24/09/2024	16	24/09/2024	12	HAE	17,6	0	8,5	0	55,0	0	9,0	0	130,0	0	996,0	0	2010,8	ERA5
1058345	24/09/2024	17	24/09/2024	13	HAE	17,5	0	7,2	0	51,0	0	6,0	0	140,0	0	995,0	0	2057,6	ERA5
1058346	24/09/2024	18	24/09/2024	14	HAE	19,2	0	7,9	0	48,0	0	10,0	0	120,0	0	995,0	0	2112,3	ERA5
1058347	24/09/2024	19	24/09/2024	15	HAE	18,3	0	6,7	0	47,0	0	19,0	0	150,0	0	995,0	0	1755,6	ERA5
1058348	24/09/2024	20	24/09/2024	16	HAE	18,3	0	6,1	0	45,0	0	13,0	0	120,0	0	995,0	0	1213,0	ERA5
1058349	24/09/2024	21	24/09/2024	17	HAE	17,1	0	6,8	0	51,0	0	8,0	0	180,0	0	995,0	0	873,3	ERA5
1058350	24/09/2024	22	24/09/2024	18	HAE	16,9	0	7,2	0	53,0	0	8,0	0	150,0	0	995,0	0	391,2	ERA5
1058351	24/09/2024	23	24/09/2024	19	HAE	14,4	0	7,6	0	64,0	0	5,0	0	170,0	0	995,0	0	36,6	ERA5
1058352	25/09/2024	00	24/09/2024	20	HAE	13,0	0	7,3	0	68,0	0	4,0	0	180,0	0	996,0	0	0,0	ERA5
1058353	25/09/2024	01	24/09/2024	21	HAE	11,8	0	7,3	0	74,0	0	6,0	0	140,0	0	996,0	0	0,0	ERA5
1058354	25/09/2024	02	24/09/2024	22	HAE	11,2	0	7,6	0	79,0	0	6,0	0	160,0	0	996,0	0	0,0	ERA5
1058355	25/09/2024	03	24/09/2024	23	HAE	10,6	0	7,5	0	81,0	0	3,0	0	100,0	0	996,0	0	0,0	ERA5
1058356	25/09/2024	04	25/09/2024	00	HAE	10,2	0	7,2	0	82,0	0	4,0	0	170,0	0	996,0	0	0,0	ERA5
1058357	25/09/2024	05	25/09/2024	01	HAE	9,9	0	7,0	0	82,0	0	5,0	0	190,0	0	996,0	0	0,0	ERA5
1058358	25/09/2024	06	25/09/2024	02	HAE	9,6	0	7,2	0	85,0	0	6,0	0	190,0	0	996,0	0	0,0	ERA5
1058359	25/09/2024	07	25/09/2024	03	HAE	9,4	0	7,0	0	85,0	0	5,0	0	190,0	0	996,0	0	0,0	ERA5
1058360	25/09/2024	08	25/09/2024	04	HAE	8,7	0	6,7	0	87,0	0	10,0	0	150,0	0	996,0	0	0,0	ERA5
1058361	25/09/2024	09	25/09/2024	05	HAE	9,0	0	6,7	0	86,0	0	8,0	0	160,0	0	996,0	0	0,0	ERA5
1058362	25/09/2024	10	25/09/2024	06	HAE	9,4	0	7,1	0	86,0	0	9,0	0	160,0	0	996,0	0	0,0	ERA5
1058363	25/09/2024	11	25/09/2024	07	HAE	9,8	0	7,4	0	85,0	0	3,0	0	200,0	0	997,0	0	8,2	ERA5
1058364	25/09/2024	12	25/09/2024	08	HAE	10,1	0	7,9	0	86,0	0	8,0	0	170,0	0	997,0	0	110,6	ERA5
1058365	25/09/2024	13	25/09/2024	09	HAE	10,5	0	8,2	0	86,0	0	8,0	0	150,0	0	997,0	0	462,7	ERA5
1058366	25/09/2024	14	25/09/2024	10	HAE	10,5	0	9,2	0	92,0	0	7,0	0	160,0	0	997,0	0	463,9	ERA5
1058367	25/09/2024	15	25/09/2024	11	HAE	11,2	0	10,1	0	93,0	0	4,0	0	170,0	0	997,0	0	922,2	ERA5
1058368	25/09/2024	16	25/09/2024	12	HAE	12,0	0	11,2	0	95,0	0	8,0	0	150,0	0	997,0	0	401,3	ERA5
1058369	25/09/2024	17	25/09/2024	13	HAE	14,3	0	11,5	0	83,0	0	13,0	0	140,0	0	996,0	0	653,5	ERA5
1058370	25/09/2024	18	25/09/2024	14	HAE	14,8	0	10,9	0	77,0	0	10,0	0	150,0	0	996,0	0	564,9	ERA5
1058371	25/09/2024	19	25/09/2024	15	HAE	14,8	0	10,2	0	74,0	0	15,0	0	150,0	0	995,0	0	725,3	ERA5
1058372	25/09/2024	20	25/09/2024	16	HAE	14,6	0	10,7	0	77,0	0	10,0	0	140,0	0	995,0	0	435,2	ERA5
1058373	25/09/2024	21	25/09/2024	17	HAE	14,7	0	10,4	0	75,0	0	15,0	0	140,0	0	995,0	0	391,0	ERA5
1058374	25/09/2024	22	25/09/2024	18	HAE	14,2	0	10,1	0	76,0	0	12,0	0	150,0	0	994,0	0	159,2	ERA5
1058375	25/09/2024	23	25/09/2024	19	HAE	13,7	0	9,9	0	78,0	0	9,0	0	140,0	0	994,0	0	12,7	ERA5
1058376	26/09/2024	00	25/09/2024	20	HAE	13,6	0	9,8	0	78,0	0	8,0	0	150,0	0	994,0	0	-0,0	ERA5
1058377	26/09/2024	01	25/09/2024	21	HAE	13,4	0	9,9	0	79,0	0	9,0	0	150,0	0	994,0	0	0,0	ERA5
1058378	26/09/2024	02	25/09/2024	22	HAE	13,1	0	10,2	0	82,0	0	7,0	0	150,0	0	994,0	0	0,0	ERA5
1058379	26/09/2024	03	25/09/2024	23	HAE	12,4	0	11,0	0	91,0	0	8,0	0	160,0	0	994,0	0	0,0	ERA5
1058380	26/09/2024	04	26/09/2024	00	HAE	12,0	0	11,5	0	97,0	0	10,0	0	140,0	0	993,0	0	0,0	ERA5
1058381	26/09/2024	05	26/09/2024	01	HAE	12,1	0	11,4	0	96,0	0	8,0	0	130,0	0	993,0	0	0,0	ERA5
1058382	26/09/2024	06	26/09/2024	02	HAE	11,8	0	11,3	0	96,0	0	10,0	0	140,0	0	993,0	0	0,0	ERA5
1058383	26/09/2024	07	26/09/2024	03	HAE	11,7	0	11,1	0	96,0	0	9,0	0	160,0	0	992,0	0	0,0	ERA5
1058384	26/09/2024	08	26/09/2024	04	HAE	11,8	0	11,1	0	95,0	0	9,0	0	140,0	0	992,0	0	0,0	ERA5
1058385	26/09/2024	09	26/09/2024	05	HAE	11,7	0	11,2	0	97,0	0	7,0	0	140,0	0	991,0	0	0,0	ERA5
1058386	26/09/2024	10	26/09/2024	06	HAE	11,7	0	11,3	0	97,0	0	8,0	0	150,0	0	991,0	0	0,0	ERA5
1058387	26/09/2024	11	26/09/2024	07	HAE	11,9	0	11,2	0	95,0	0	8,0	0	140,0	0	991,0	0	1,4	ERA5
1058388	26/09/2024	12	26/09/2024	08	HAE	11,8	0	11,3	0	96,0	0	6,0	0	130,0	0	991,0	0	19,9	ERA5
1058389	26/09/2024	13	26/09/2024	09	HAE	11,9	0	11,4	0	97,0	0	10,0	0	150,0	0	990,0	0	63,5	ERA5
1058390	26/09/2024	14	26/09/2024	10	HAE	12,3	0	11,7	0	96,0	0	8,0	0	140,0	0	990,0	0	83,6	ERA5
1058391	26/09/2024	15	26/09/2024	11	HAE	12,5	0	12,1	0	97,0	0	9,0	0	150,0	0	989,0	0	111,0	ERA5
1058392	26/09/2024	16	26/09/2024	12	HAE	12,9	0	12,3	0	96,0	0	8,0	0	140,0	0	989,0	0	99,3	ERA5
1058393	26/09/2024	17	26/09/2024	13	HAE	13,2	0	12,6	0	96,0	0	9,0	0	140,0	0	988,0	0	164,4	ERA5
1058394	26/09/2024	18	26/09/2024	14	HAE	13,1	0	12,5	0	97,0	0	17,0	0	130,0	0	987,0	0	131,2	ERA5
1058395	26/09/2024	19	26/09/2024	15	HAE	13,4	0	12,9	0	97,0	0	3,0	0	140,0	0	987,0	0	270,4	ERA5
1058396	26/09/2024	20	26/09/2024	16	HAE	14,0	0	13,4	0	96,0	0	7,0	0	140,0	0	987,0	0	74,5	ERA5
1058397	26/09/2024	21	26/09/2024	17	HAE	14,5	0	13,6	0	95,0	0	4,0	0	130,0	0	987,0	0	231,3	ERA5
1058398	26/09/2024	22	26/09/2024	18	HAE	14,1	0	13,4	0	95,0	0	7,0	0	180,0	0	987,0	0	89,5	ERA5
1058399	26/09/2024	23	26/09/2024	19	HAE	13,7	0	13,0	0	96,0	0	5,0	0	130,0	0	987,0	0	7,5	ERA5
1058400	27/09/2024	00	26/09/2024	20	HAE	13,7	0	13,1	0	96,0	0	5,0	0	190,0	0	987,0	0	0,0	ERA5
1058401	27/09/2024	01	26/09/2024	21	HAE	13,3	0	12,9	0	97,0	0	4,0	0	170,0	0	987,0	0	0,0	ERA5
1058402	27/09/2024	02	26/09/2024	22	HAE	12,9	0	12,3	0	96,0	0	2,0	0	160,0	0	987,0	0	0,0	ERA5
1058403	27/09/2024	03	26/09/2024	23	HAE	12,4	0	11,9	0	97,0	0	1,0	0	160,0	0	987,0	0	0,0	ERA5
1058404	27/09/2024	04	27/09/2024	00	HAE	12,8	0	12,4	0	97,0	0	0,0	0	0,0	0	987,0	0	0,0	ERA5
1058405	27/09/2024	05	27/09/2024	01	HAE	12,4	0	11,9	0	97,0	0	1,0	0	90,0	0	986,0	0	0,0	ERA5
1058406	27/09/2024	06	27/09/2024	02	HAE	12,0	0	11,5	0	97,0	0	2,0	0	100,0	0	987,0	0	0,0	ERA5
1058407	27/09/2024	07	27/09/2024	03	HAE	12,0	0	11,1	0	95,0	0	6,0	0	220,0	0	986,0	0	0,0	ERA5
1058408	27/09/2024	08	27/09/2024	04	HAE	12,3	0	11,1	0	92,0	0	3,0	0	220,0	0	987,0	0	0,0	ERA5
1058409	27/09/2024	09	27/09/2024	05	HAE	12,3	0	11,0	0	92,0	0	4,0	0	210,0	0	987,0	0	0,0	ERA5
1058410	27/09/2024	10	27/09/2024	06	HAE	12,0	0	11,1	0	94,0	0	1,0	0	350,0	0	987,0	0	0,0	ERA5
1058411	27/09/2024	11	27/09/2024	07	HAE	12,3	0	11,3	0	93,0	0	2,0	0	250,0	0	987,0	0	8,8	ERA5
1058412	27/09/2024	12	27/09/2024	08	HAE	12,9	0	11,9	0	94,0	0	0,0	0	140,0	0	988,0	0	211,7	ERA5
1058413	27/09/2024	13	27/09/2024	09	HAE	13,5	0	12,1	0	91,0	0	3,0	0	220,0	0	988,0	0	594,6	ERA5
1058414	27/09/2024	14	27/09/2024	10	HAE	14,2	0	12,4	0	89,0	0	3,0	0	290,0	0	988,0	0	765,3	ERA5
1058415	27/09/2024	15	27/09/2024	11	HAE	14,2	0	12,8	0	91,0	0	2,0	0	330,0	0	988,0	0	787,2	ERA5
1058416	27/09/2024	16	27/09/2024	12	HAE	15,7	0	12,1	0	79,0	0	7,0	0	250,0	0	988,0	0	1226,6	ERA5
1058417	27/09/2024	17	27/09/2024	13	HAE	16,1	0	12,6	0	80,0	0	5,0	0	10,0	0	988,0	0	1353,1	ERA5
1058418	27/09/2024	18	27/09/2024	14	HAE	16,2	0	12,3	0	78,0	0	4,0	0	290,0	0	988,0	0	1235,4	ERA5
1058419	27/09/2024	19	27/09/2024	15	HAE	16,5	0	12,0	0	75,0	0	10,0	0	300,0	0	988,0	0	1417,3	ERA5
1058420	27/09/2024	20	27/09/2024	16	HAE	17,9	0	11,7	0	67,0	0	4,0	0	310,0	0	988,0	0	1104,1	ERA5
1058421	27/09/2024	21	27/09/2024	17	HAE	17,1	0	12,3	0	73,0	0	3,0	0	300,0	0	988,0	0	559,4	ERA5
1058422	27/09/2024	22	27/09/2024	18	HAE	15,9	0	12,5	0	80,0	0	2,0	0	220,0	0	989,0	0	280,0	ERA5
1058423	27/09/2024	23	27/09/2024	19	HAE	15,5	0	12,8	0	84,0	0	4,0	0	240,0	0	989,0	0	22,2	ERA5
1058424	28/09/2024	00	27/09/2024	20	HAE	14,2	0	12,2	0	88,0	0	3,0	0	320,0	0	989,0	0	0,0	ERA5
1058425	28/09/2024	01	27/09/2024	21	HAE	14,4	0	12,7	0	89,0	0	5,0	0	220,0	0	990,0	0	0,0	ERA5
1058426	28/09/2024	02	27/09/2024	22	HAE	14,0	0	12,5	0	91,0	0	4,0	0	10,0	0	990,0	0	0,0	ERA5
1058427	28/09/2024	03	27/09/2024	23	HAE	13,9	0	12,7	0	93,0	0	4,0	0	330,0	0	990,0	0	0,0	ERA5
1058428	28/09/2024	04	28/09/2024	00	HAE	13,4	0	12,8	0	96,0	0	2,0	0	280,0	0	990,0	0	0,0	ERA5
1058429	28/09/2024	05	28/09/2024	01	HAE	13,5	0	12,8	0	95,0	0	2,0	0	360,0	0	990,0	0	0,0	ERA5
1058430	28/09/2024	06	28/09/2024	02	HAE	13,7	0	12,8	0	94,0	0	2,0	0	300,0	0	991,0	0	0,0	ERA5
1058431	28/09/2024	07	28/09/2024	03	HAE	13,3	0	12,7	0	96,0	0	1,0	0	170,0	0	991,0	0	0,0	ERA5
1058432	28/09/2024	08	28/09/2024	04	HAE	13,1	0	12,7	0	97,0	0	2,0	0	160,0	0	990,0	0	0,0	ERA5
1058433	28/09/2024	09	28/09/2024	05	HAE	13,2	0	12,6	0	96,0	0	0,0	0	160,0	0	991,0	0	0,0	ERA5
1058434	28/09/2024	10	28/09/2024	06	HAE	13,2	0	12,5	0	96,0	0	2,0	0	140,0	0	991,0	0	0,0	ERA5
1058435	28/09/2024	11	28/09/2024	07	HAE	12,9	0	12,4	0	97,0	0	2,0	0	160,0	0	991,0	0	6,6	ERA5
1058436	28/09/2024	12	28/09/2024	08	HAE	13,7	0	12,0	0	90,0	0	4,0	0	60,0	0	991,0	0	189,8	ERA5
1058437	28/09/2024	13	28/09/2024	09	HAE	13,9	0	11,5	0	85,0	0	10,0	0	150,0	0	992,0	0	491,3	ERA5
1058438	28/09/2024	14	28/09/2024	10	HAE	14,2	0	11,3	0	83,0	0	3,0	0	170,0	0	992,0	0	823,5	ERA5
1058439	28/09/2024	15	28/09/2024	11	HAE	15,2	0	12,0	0	81,0	0	7,0	0	120,0	0	992,0	0	1160,5	ERA5
1058440	28/09/2024	16	28/09/2024	12	HAE	16,1	0	11,3	0	73,0	0	6,0	0	120,0	0	992,0	0	1111,6	ERA5
1058441	28/09/2024	17	28/09/2024	13	HAE	16,9	0	11,6	0	71,0	0	5,0	0	90,0	0	992,0	0	1442,9	ERA5
1058442	28/09/2024	18	28/09/2024	14	HAE	18,1	0	11,0	0	63,0	0	10,0	0	130,0	0	991,0	0	1681,8	ERA5
1058443	28/09/2024	19	28/09/2024	15	HAE	18,0	0	10,6	0	62,0	0	5,0	0	130,0	0	991,0	0	1514,2	ERA5
1058444	28/09/2024	20	28/09/2024	16	HAE	18,1	0	10,0	0	59,0	0	7,0	0	50,0	0	990,0	0	990,2	ERA5
1058445	28/09/2024	21	28/09/2024	17	HAE	17,4	0	10,2	0	62,0	0	9,0	0	90,0	0	990,0	0	666,2	ERA5
1058446	28/09/2024	22	28/09/2024	18	HAE	16,2	0	10,6	0	69,0	0	1,0	0	80,0	0	990,0	0	208,0	ERA5
1058447	28/09/2024	23	28/09/2024	19	HAE	15,5	0	11,0	0	74,0	0	2,0	0	130,0	0	991,0	0	14,9	ERA5
1058448	29/09/2024	00	28/09/2024	20	HAE	14,3	0	10,9	0	80,0	0	5,0	0	180,0	0	991,0	0	0,0	ERA5
1058449	29/09/2024	01	28/09/2024	21	HAE	13,1	0	10,7	0	85,0	0	4,0	0	200,0	0	990,0	0	0,0	ERA5
1058450	29/09/2024	02	28/09/2024	22	HAE	12,0	0	10,4	0	89,0	0	3,0	0	160,0	0	990,0	0	0,0	ERA5
1058451	29/09/2024	03	28/09/2024	23	HAE	11,1	0	10,3	0	95,0	0	2,0	0	190,0	0	990,0	0	0,0	ERA5
1058452	29/09/2024	04	29/09/2024	00	HAE	9,5	0	8,9	0	96,0	0	0,0	0	0,0	0	991,0	0	0,0	ERA5
1058453	29/09/2024	05	29/09/2024	01	HAE	8,7	0	8,4	0	97,0	0	0,0	0	180,0	0	990,0	0	0,0	ERA5
1058454	29/09/2024	06	29/09/2024	02	HAE	9,3	0	9,0	0	98,0	0	2,0	0	330,0	0	991,0	0	0,0	ERA5
1058455	29/09/2024	07	29/09/2024	03	HAE	8,8	0	8,4	0	97,0	0	3,0	0	160,0	0	990,0	0	0,0	ERA5
1058456	29/09/2024	08	29/09/2024	04	HAE	9,1	0	8,7	0	97,0	0	4,0	0	170,0	0	990,0	0	0,0	ERA5
1058457	29/09/2024	09	29/09/2024	05	HAE	8,8	0	8,4	0	97,0	0	2,0	0	190,0	0	990,0	0	0,0	ERA5
1058458	29/09/2024	10	29/09/2024	06	HAE	8,2	0	7,8	0	97,0	0	2,0	0	180,0	0	990,0	0	0,0	ERA5
1058459	29/09/2024	11	29/09/2024	07	HAE	8,1	0	7,8	0	98,0	0	2,0	0	190,0	0	990,0	0	8,0	ERA5
1058460	29/09/2024	12	29/09/2024	08	HAE	8,7	0	8,3	0	98,0	0	0,0	0	130,0	0	990,0	0	276,7	ERA5
1058461	29/09/2024	13	29/09/2024	09	HAE	11,0	0	8,8	0	86,0	0	3,0	0	110,0	0	990,0	0	730,3	ERA5
1058462	29/09/2024	14	29/09/2024	10	HAE	13,4	0	10,0	0	80,0	0	5,0	0	110,0	0	990,0	0	1219,8	ERA5
1058463	29/09/2024	15	29/09/2024	11	HAE	16,5	0	12,1	0	75,0	0	6,0	0	160,0	0	989,0	0	1540,4	ERA5
1058464	29/09/2024	16	29/09/2024	12	HAE	18,9	0	13,4	0	70,0	0	3,0	0	160,0	0	989,0	0	1932,9	ERA5
1058465	29/09/2024	17	29/09/2024	13	HAE	18,7	0	13,2	0	70,0	0	4,0	0	210,0	0	988,0	0	1692,0	ERA5
1058466	29/09/2024	18	29/09/2024	14	HAE	18,5	0	13,1	0	71,0	0	7,0	0	350,0	0	988,0	0	1291,1	ERA5
1058467	29/09/2024	19	29/09/2024	15	HAE	19,3	0	13,2	0	68,0	0	7,0	0	20,0	0	988,0	0	861,7	ERA5
1058468	29/09/2024	20	29/09/2024	16	HAE	20,6	0	11,9	0	57,0	0	8,0	0	320,0	0	987,0	0	848,7	ERA5
1058469	29/09/2024	21	29/09/2024	17	HAE	19,5	0	11,6	0	60,0	0	2,0	0	260,0	0	987,0	0	583,3	ERA5
1058470	29/09/2024	22	29/09/2024	18	HAE	17,7	0	11,5	0	67,0	0	4,0	0	290,0	0	988,0	0	257,1	ERA5
1058471	29/09/2024	23	29/09/2024	19	HAE	14,9	0	11,6	0	80,0	0	2,0	0	280,0	0	988,0	0	18,5	ERA5
1058472	30/09/2024	00	29/09/2024	20	HAE	13,1	0	11,1	0	88,0	0	2,0	0	190,0	0	988,0	0	0,0	ERA5
1058473	30/09/2024	01	29/09/2024	21	HAE	12,6	0	10,8	0	89,0	0	0,0	0	0,0	0	989,0	0	0,0	ERA5
1058474	30/09/2024	02	29/09/2024	22	HAE	11,3	0	10,3	0	94,0	0	1,0	0	180,0	0	989,0	0	0,0	ERA5
1058475	30/09/2024	03	29/09/2024	23	HAE	12,0	0	11,0	0	94,0	0	5,0	0	190,0	0	989,0	0	0,0	ERA5
1058476	30/09/2024	04	30/09/2024	00	HAE	10,4	0	9,7	0	95,0	0	1,0	0	190,0	0	989,0	0	0,0	ERA5
1058477	30/09/2024	05	30/09/2024	01	HAE	10,6	0	9,9	0	96,0	0	3,0	0	190,0	0	990,0	0	0,0	ERA5
1058478	30/09/2024	06	30/09/2024	02	HAE	10,2	0	9,4	0	95,0	0	0,0	0	200,0	0	990,0	0	0,0	ERA5
1058479	30/09/2024	07	30/09/2024	03	HAE	9,9	0	9,5	0	97,0	0	2,0	0	220,0	0	990,0	0	0,0	ERA5
1058480	30/09/2024	08	30/09/2024	04	HAE	9,0	0	8,5	0	97,0	0	2,0	0	170,0	0	990,0	0	0,0	ERA5
1058481	30/09/2024	09	30/09/2024	05	HAE	8,0	0	7,6	0	98,0	0	0,0	0	220,0	0	991,0	0	0,0	ERA5
1058482	30/09/2024	10	30/09/2024	06	HAE	8,0	0	7,7	0	98,0	0	3,0	0	180,0	0	991,0	0	0,0	ERA5
1058483	30/09/2024	11	30/09/2024	07	HAE	8,1	0	7,8	0	98,0	0	1,0	0	210,0	0	992,0	0	7,5	ERA5
1058484	30/09/2024	12	30/09/2024	08	HAE	8,2	0	7,9	0	98,0	0	2,0	0	120,0	0	993,0	0	327,1	ERA5
1058485	30/09/2024	13	30/09/2024	09	HAE	8,9	0	8,6	0	98,0	0	2,0	0	130,0	0	993,0	0	921,2	ERA5
1058486	30/09/2024	14	30/09/2024	10	HAE	11,2	0	10,7	0	97,0	0	2,0	0	70,0	0	994,0	0	1504,4	ERA5
1058487	30/09/2024	15	30/09/2024	11	HAE	15,8	0	11,1	0	74,0	0	2,0	0	80,0	0	993,0	0	1971,1	ERA5
1058488	30/09/2024	16	30/09/2024	12	HAE	18,5	0	11,4	0	63,0	0	2,0	0	280,0	0	993,0	0	2282,9	ERA5
1058489	30/09/2024	17	30/09/2024	13	HAE	20,7	0	10,3	0	51,0	0	2,0	0	170,0	0	993,0	0	2404,2	ERA5
1058490	30/09/2024	18	30/09/2024	14	HAE	21,3	0	8,1	0	42,0	0	4,0	0	70,0	0	992,0	0	2329,6	ERA5
1058491	30/09/2024	19	30/09/2024	15	HAE	21,3	0	9,3	0	46,0	0	1,0	0	190,0	0	992,0	0	2008,7	ERA5
1058492	30/09/2024	20	30/09/2024	16	HAE	20,2	0	8,9	0	48,0	0	3,0	0	310,0	0	992,0	0	1574,3	ERA5
1058493	30/09/2024	21	30/09/2024	17	HAE	20,1	0	9,3	0	50,0	0	2,0	0	340,0	0	992,0	0	1000,6	ERA5
1058494	30/09/2024	22	30/09/2024	18	HAE	18,3	0	10,4	0	60,0	0	7,0	0	300,0	0	992,0	0	384,7	ERA5
1058495	30/09/2024	23	30/09/2024	19	HAE	15,8	0	10,1	0	69,0	0	5,0	0	310,0	0	993,0	0	16,5	ERA5
1058496	01/10/2024	00	30/09/2024	20	HAE	14,1	0	10,1	0	77,0	0	2,0	0	240,0	0	993,0	0	0,0	ERA5
1058497	01/10/2024	01	30/09/2024	21	HAE	13,3	0	9,9	0	80,0	0	3,0	0	190,0	0	994,0	0	0,0	ERA5
1058498	01/10/2024	02	30/09/2024	22	HAE	12,7	0	8,9	0	78,0	0	4,0	0	200,0	0	994,0	0	0,0	ERA5
1058499	01/10/2024	03	30/09/2024	23	HAE	12,2	0	8,6	0	78,0	0	8,0	0	160,0	0	994,0	0	0,0	ERA5
1058500	01/10/2024	04	01/10/2024	00	HAE	11,5	0	8,4	0	82,0	0	5,0	0	180,0	0	994,0	0	0,0	ERA5
1058501	01/10/2024	05	01/10/2024	01	HAE	10,1	0	7,7	0	85,0	0	3,0	0	210,0	0	994,0	0	0,0	ERA5
1058502	01/10/2024	06	01/10/2024	02	HAE	8,7	0	7,7	0	93,0	0	0,0	0	150,0	0	994,0	0	0,0	ERA5
1058503	01/10/2024	07	01/10/2024	03	HAE	7,3	0	6,7	0	96,0	0	0,0	0	350,0	0	994,0	0	0,0	ERA5
1058504	01/10/2024	08	01/10/2024	04	HAE	6,1	0	5,5	0	96,0	0	0,0	0	0,0	0	994,0	0	0,0	ERA5
1058505	01/10/2024	09	01/10/2024	05	HAE	5,4	0	4,7	0	96,0	0	3,0	0	160,0	0	994,0	0	0,0	ERA5
1058506	01/10/2024	10	01/10/2024	06	HAE	6,3	0	5,8	0	97,0	0	1,0	0	190,0	0	994,0	0	0,0	ERA5
1058507	01/10/2024	11	01/10/2024	07	HAE	6,9	0	6,4	0	96,0	0	3,0	0	180,0	0	994,0	0	6,2	ERA5
1058508	01/10/2024	12	01/10/2024	08	HAE	8,8	0	7,4	0	91,0	0	6,0	0	140,0	0	994,0	0	305,8	ERA5
1058509	01/10/2024	13	01/10/2024	09	HAE	10,0	0	7,7	0	85,0	0	7,0	0	160,0	0	994,0	0	719,9	ERA5
1058510	01/10/2024	14	01/10/2024	10	HAE	12,5	0	9,0	0	79,0	0	10,0	0	150,0	0	994,0	0	1230,1	ERA5
1058511	01/10/2024	15	01/10/2024	11	HAE	14,2	0	9,7	0	75,0	0	8,0	0	160,0	0	994,0	0	1619,6	ERA5
1058512	01/10/2024	16	01/10/2024	12	HAE	15,5	0	10,4	0	72,0	0	1,0	0	200,0	0	993,0	0	1743,8	ERA5
1058513	01/10/2024	17	01/10/2024	13	HAE	17,4	0	11,5	0	68,0	0	4,0	0	100,0	0	993,0	0	1951,6	ERA5
1058514	01/10/2024	18	01/10/2024	14	HAE	18,2	0	11,4	0	65,0	0	6,0	0	100,0	0	992,0	0	1777,2	ERA5
1058515	01/10/2024	19	01/10/2024	15	HAE	18,5	0	11,7	0	64,0	0	9,0	0	160,0	0	992,0	0	1325,0	ERA5
1058516	01/10/2024	20	01/10/2024	16	HAE	18,6	0	11,7	0	64,0	0	6,0	0	150,0	0	991,0	0	932,7	ERA5
1058517	01/10/2024	21	01/10/2024	17	HAE	17,9	0	11,0	0	64,0	0	9,0	0	150,0	0	991,0	0	696,9	ERA5
1058518	01/10/2024	22	01/10/2024	18	HAE	16,3	0	10,7	0	69,0	0	12,0	0	150,0	0	991,0	0	277,6	ERA5
1058519	01/10/2024	23	01/10/2024	19	HAE	14,6	0	10,1	0	74,0	0	11,0	0	150,0	0	991,0	0	10,1	ERA5
1058520	02/10/2024	00	01/10/2024	20	HAE	13,1	0	9,7	0	80,0	0	6,0	0	150,0	0	991,0	0	0,0	ERA5
1058521	02/10/2024	01	01/10/2024	21	HAE	12,4	0	9,5	0	82,0	0	6,0	0	170,0	0	991,0	0	0,0	ERA5
1058522	02/10/2024	02	01/10/2024	22	HAE	11,8	0	9,1	0	84,0	0	6,0	0	180,0	0	991,0	0	0,0	ERA5
1058523	02/10/2024	03	01/10/2024	23	HAE	10,0	0	8,6	0	91,0	0	3,0	0	170,0	0	991,0	0	0,0	ERA5
1058524	02/10/2024	04	02/10/2024	00	HAE	9,2	0	7,4	0	88,0	0	4,0	0	180,0	0	991,0	0	0,0	ERA5
1058525	02/10/2024	05	02/10/2024	01	HAE	7,2	0	5,7	0	91,0	0	4,0	0	160,0	0	991,0	0	0,0	ERA5
1058526	02/10/2024	06	02/10/2024	02	HAE	7,2	0	6,5	0	95,0	0	3,0	0	150,0	0	990,0	0	0,0	ERA5
1058527	02/10/2024	07	02/10/2024	03	HAE	7,6	0	6,6	0	94,0	0	6,0	0	190,0	0	990,0	0	0,0	ERA5
1058528	02/10/2024	08	02/10/2024	04	HAE	7,3	0	6,5	0	95,0	0	5,0	0	180,0	0	990,0	0	0,0	ERA5
1058529	02/10/2024	09	02/10/2024	05	HAE	5,1	0	4,6	0	97,0	0	3,0	0	180,0	0	990,0	0	0,0	ERA5
1058530	02/10/2024	10	02/10/2024	06	HAE	4,6	0	4,2	0	98,0	0	3,0	0	190,0	0	990,0	0	0,0	ERA5
1058531	02/10/2024	11	02/10/2024	07	HAE	4,1	0	3,8	0	98,0	0	5,0	0	190,0	0	990,0	0	4,7	ERA5
1058532	02/10/2024	12	02/10/2024	08	HAE	5,4	0	5,1	0	98,0	0	5,0	0	160,0	0	990,0	0	235,2	ERA5
1058533	02/10/2024	13	02/10/2024	09	HAE	7,9	0	6,9	0	93,0	0	6,0	0	170,0	0	990,0	0	707,2	ERA5
1058534	02/10/2024	14	02/10/2024	10	HAE	12,3	0	9,3	0	82,0	0	7,0	0	120,0	0	990,0	0	1238,1	ERA5
1058535	02/10/2024	15	02/10/2024	11	HAE	15,4	0	9,6	0	68,0	0	11,0	0	130,0	0	989,0	0	1841,5	ERA5
1058536	02/10/2024	16	02/10/2024	12	HAE	16,7	0	8,7	0	59,0	0	9,0	0	100,0	0	989,0	0	1933,0	ERA5
1058537	02/10/2024	17	02/10/2024	13	HAE	16,8	0	8,1	0	56,0	0	9,0	0	100,0	0	988,0	0	2144,5	ERA5
1058538	02/10/2024	18	02/10/2024	14	HAE	17,8	0	8,2	0	53,0	0	12,0	0	160,0	0	988,0	0	2005,4	ERA5
1058539	02/10/2024	19	02/10/2024	15	HAE	18,2	0	7,6	0	50,0	0	7,0	0	160,0	0	987,0	0	1073,6	ERA5
1058540	02/10/2024	20	02/10/2024	16	HAE	18,0	0	6,5	0	47,0	0	14,0	0	160,0	0	987,0	0	822,7	ERA5
1058541	02/10/2024	21	02/10/2024	17	HAE	17,0	0	7,7	0	54,0	0	8,0	0	150,0	0	986,0	0	376,4	ERA5
1058542	02/10/2024	22	02/10/2024	18	HAE	16,1	0	7,9	0	58,0	0	4,0	0	180,0	0	986,0	0	114,5	ERA5
1058543	02/10/2024	23	02/10/2024	19	HAE	15,3	0	8,0	0	62,0	0	6,0	0	170,0	0	987,0	0	5,9	ERA5
1058544	03/10/2024	00	02/10/2024	20	HAE	14,1	0	7,9	0	66,0	0	6,0	0	160,0	0	987,0	0	0,0	ERA5
1058545	03/10/2024	01	02/10/2024	21	HAE	13,4	0	7,3	0	67,0	0	5,0	0	180,0	0	987,0	0	0,0	ERA5
1058546	03/10/2024	02	02/10/2024	22	HAE	12,9	0	7,8	0	71,0	0	4,0	0	120,0	0	987,0	0	0,0	ERA5
1058547	03/10/2024	03	02/10/2024	23	HAE	12,7	0	7,9	0	73,0	0	4,0	0	150,0	0	987,0	0	0,0	ERA5
1058548	03/10/2024	04	03/10/2024	00	HAE	12,7	0	8,1	0	73,0	0	5,0	0	170,0	0	987,0	0	0,0	ERA5
1058549	03/10/2024	05	03/10/2024	01	HAE	12,7	0	8,3	0	74,0	0	3,0	0	170,0	0	988,0	0	0,0	ERA5
1058550	03/10/2024	06	03/10/2024	02	HAE	12,5	0	8,4	0	76,0	0	0,0	0	210,0	0	988,0	0	0,0	ERA5
1058551	03/10/2024	07	03/10/2024	03	HAE	12,7	0	9,2	0	79,0	0	3,0	0	140,0	0	988,0	0	0,0	ERA5
1058552	03/10/2024	08	03/10/2024	04	HAE	12,9	0	9,8	0	82,0	0	3,0	0	190,0	0	989,0	0	0,0	ERA5
1058553	03/10/2024	09	03/10/2024	05	HAE	12,6	0	9,9	0	84,0	0	1,0	0	200,0	0	989,0	0	0,0	ERA5
1058554	03/10/2024	10	03/10/2024	06	HAE	11,4	0	9,6	0	89,0	0	1,0	0	100,0	0	989,0	0	0,0	ERA5
1058555	03/10/2024	11	03/10/2024	07	HAE	10,3	0	8,7	0	90,0	0	3,0	0	210,0	0	990,0	0	2,5	ERA5
1058556	03/10/2024	12	03/10/2024	08	HAE	12,9	0	9,1	0	78,0	0	4,0	0	220,0	0	990,0	0	153,0	ERA5
1058557	03/10/2024	13	03/10/2024	09	HAE	12,9	0	8,5	0	75,0	0	4,0	0	230,0	0	990,0	0	672,8	ERA5
1058558	03/10/2024	14	03/10/2024	10	HAE	14,9	0	7,9	0	63,0	0	5,0	0	290,0	0	991,0	0	831,8	ERA5
1058559	03/10/2024	15	03/10/2024	11	HAE	15,8	0	6,4	0	54,0	0	6,0	0	220,0	0	991,0	0	970,7	ERA5
1058560	03/10/2024	16	03/10/2024	12	HAE	17,6	0	6,1	0	47,0	0	11,0	0	230,0	0	990,0	0	1598,6	ERA5
1058561	03/10/2024	17	03/10/2024	13	HAE	17,4	0	6,4	0	48,0	0	5,0	0	240,0	0	990,0	0	1784,3	ERA5
1058562	03/10/2024	18	03/10/2024	14	HAE	18,6	0	7,0	0	47,0	0	4,0	0	190,0	0	989,0	0	2100,7	ERA5
1058563	03/10/2024	19	03/10/2024	15	HAE	19,0	0	6,4	0	44,0	0	5,0	0	200,0	0	989,0	0	1933,6	ERA5
1058564	03/10/2024	20	03/10/2024	16	HAE	18,6	0	5,6	0	43,0	0	8,0	0	200,0	0	989,0	0	1485,0	ERA5
1058565	03/10/2024	21	03/10/2024	17	HAE	17,6	0	6,2	0	47,0	0	5,0	0	190,0	0	989,0	0	870,0	ERA5
1058566	03/10/2024	22	03/10/2024	18	HAE	15,3	0	7,1	0	58,0	0	3,0	0	300,0	0	990,0	0	319,0	ERA5
1058567	03/10/2024	23	03/10/2024	19	HAE	13,4	0	7,2	0	66,0	0	2,0	0	280,0	0	991,0	0	7,4	ERA5
1058568	04/10/2024	00	03/10/2024	20	HAE	11,9	0	6,3	0	69,0	0	2,0	0	250,0	0	991,0	0	0,0	ERA5
1058569	04/10/2024	01	03/10/2024	21	HAE	9,8	0	6,9	0	82,0	0	3,0	0	220,0	0	991,0	0	0,0	ERA5
1058570	04/10/2024	02	03/10/2024	22	HAE	8,4	0	6,6	0	89,0	0	4,0	0	180,0	0	992,0	0	0,0	ERA5
1058571	04/10/2024	03	03/10/2024	23	HAE	9,0	0	7,0	0	87,0	0	7,0	0	190,0	0	993,0	0	0,0	ERA5
1058572	04/10/2024	04	04/10/2024	00	HAE	8,4	0	6,7	0	89,0	0	6,0	0	180,0	0	993,0	0	0,0	ERA5
1058573	04/10/2024	05	04/10/2024	01	HAE	7,9	0	6,5	0	91,0	0	6,0	0	180,0	0	993,0	0	0,0	ERA5
1058574	04/10/2024	06	04/10/2024	02	HAE	7,3	0	6,1	0	92,0	0	6,0	0	170,0	0	993,0	0	0,0	ERA5
1058575	04/10/2024	07	04/10/2024	03	HAE	6,7	0	5,7	0	93,0	0	6,0	0	170,0	0	993,0	0	0,0	ERA5
1058576	04/10/2024	08	04/10/2024	04	HAE	6,2	0	5,3	0	94,0	0	4,0	0	200,0	0	994,0	0	0,0	ERA5
1058577	04/10/2024	09	04/10/2024	05	HAE	5,9	0	5,0	0	94,0	0	6,0	0	180,0	0	994,0	0	0,0	ERA5
1058578	04/10/2024	10	04/10/2024	06	HAE	5,4	0	4,7	0	95,0	0	5,0	0	180,0	0	994,0	0	0,0	ERA5
1058579	04/10/2024	11	04/10/2024	07	HAE	5,3	0	4,6	0	95,0	0	5,0	0	180,0	0	995,0	0	2,8	ERA5
1058580	04/10/2024	12	04/10/2024	08	HAE	5,7	0	4,9	0	95,0	0	1,0	0	160,0	0	995,0	0	273,9	ERA5
1058581	04/10/2024	13	04/10/2024	09	HAE	7,8	0	6,4	0	91,0	0	4,0	0	150,0	0	996,0	0	828,3	ERA5
1058582	04/10/2024	14	04/10/2024	10	HAE	10,6	0	7,5	0	81,0	0	5,0	0	120,0	0	996,0	0	1355,8	ERA5
1058583	04/10/2024	15	04/10/2024	11	HAE	15,7	0	9,4	0	66,0	0	6,0	0	130,0	0	995,0	0	1738,3	ERA5
1058584	04/10/2024	16	04/10/2024	12	HAE	19,7	0	10,8	0	56,0	0	5,0	0	180,0	0	994,0	0	2026,4	ERA5
1058585	04/10/2024	17	04/10/2024	13	HAE	20,3	0	10,1	0	52,0	0	12,0	0	160,0	0	993,0	0	2225,5	ERA5
1058586	04/10/2024	18	04/10/2024	14	HAE	21,6	0	10,0	0	47,0	0	8,0	0	200,0	0	993,0	0	1853,7	ERA5
1058587	04/10/2024	19	04/10/2024	15	HAE	22,1	0	10,6	0	48,0	0	6,0	0	170,0	0	992,0	0	1220,8	ERA5
1058588	04/10/2024	20	04/10/2024	16	HAE	21,5	0	9,4	0	46,0	0	8,0	0	170,0	0	992,0	0	844,9	ERA5
1058589	04/10/2024	21	04/10/2024	17	HAE	21,1	0	9,8	0	49,0	0	3,0	0	220,0	0	992,0	0	520,1	ERA5
1058590	04/10/2024	22	04/10/2024	18	HAE	18,3	0	11,2	0	63,0	0	5,0	0	330,0	0	992,0	0	174,6	ERA5
1058591	04/10/2024	23	04/10/2024	19	HAE	17,3	0	11,8	0	70,0	0	5,0	0	290,0	0	992,0	0	3,7	ERA5
1058592	05/10/2024	00	04/10/2024	20	HAE	16,0	0	11,8	0	76,0	0	2,0	0	320,0	0	992,0	0	0,0	ERA5
1058593	05/10/2024	01	04/10/2024	21	HAE	14,5	0	11,9	0	85,0	0	1,0	0	150,0	0	992,0	0	0,0	ERA5
1058594	05/10/2024	02	04/10/2024	22	HAE	13,7	0	11,6	0	87,0	0	1,0	0	10,0	0	992,0	0	0,0	ERA5
1058595	05/10/2024	03	04/10/2024	23	HAE	13,4	0	11,1	0	86,0	0	1,0	0	160,0	0	992,0	0	0,0	ERA5
1058596	05/10/2024	04	05/10/2024	00	HAE	13,6	0	12,4	0	93,0	0	3,0	0	340,0	0	992,0	0	0,0	ERA5
1058597	05/10/2024	05	05/10/2024	01	HAE	13,2	0	12,6	0	96,0	0	5,0	0	320,0	0	992,0	0	0,0	ERA5
1058598	05/10/2024	06	05/10/2024	02	HAE	12,3	0	10,8	0	90,0	0	5,0	0	160,0	0	992,0	0	0,0	ERA5
1058599	05/10/2024	07	05/10/2024	03	HAE	11,9	0	11,0	0	94,0	0	1,0	0	280,0	0	992,0	0	0,0	ERA5
1058600	05/10/2024	08	05/10/2024	04	HAE	11,6	0	11,1	0	97,0	0	0,0	0	120,0	0	992,0	0	0,0	ERA5
1058601	05/10/2024	09	05/10/2024	05	HAE	11,0	0	10,4	0	96,0	0	4,0	0	310,0	0	992,0	0	0,0	ERA5
1058602	05/10/2024	10	05/10/2024	06	HAE	10,3	0	9,9	0	97,0	0	3,0	0	320,0	0	992,0	0	0,0	ERA5
1058603	05/10/2024	11	05/10/2024	07	HAE	9,8	0	9,3	0	96,0	0	4,0	0	0,0	0	993,0	0	0,3	ERA5
1058604	05/10/2024	12	05/10/2024	08	HAE	9,6	0	9,0	0	96,0	0	5,0	0	320,0	0	993,0	0	44,0	ERA5
1058605	05/10/2024	13	05/10/2024	09	HAE	9,7	0	8,8	0	94,0	0	7,0	0	310,0	0	993,0	0	314,7	ERA5
1058606	05/10/2024	14	05/10/2024	10	HAE	10,3	0	9,2	0	93,0	0	6,0	0	320,0	0	994,0	0	871,3	ERA5
1058607	05/10/2024	15	05/10/2024	11	HAE	10,6	0	8,6	0	87,0	0	8,0	0	340,0	0	994,0	0	1278,3	ERA5
1058608	05/10/2024	16	05/10/2024	12	HAE	11,2	0	8,3	0	82,0	0	11,0	0	310,0	0	994,0	0	1653,8	ERA5
1058609	05/10/2024	17	05/10/2024	13	HAE	12,9	0	9,6	0	80,0	0	5,0	0	300,0	0	994,0	0	1393,2	ERA5
1058610	05/10/2024	18	05/10/2024	14	HAE	12,0	0	8,5	0	79,0	0	7,0	0	340,0	0	994,0	0	1535,5	ERA5
1058611	05/10/2024	19	05/10/2024	15	HAE	11,4	0	8,2	0	81,0	0	7,0	0	340,0	0	995,0	0	961,2	ERA5
1058612	05/10/2024	20	05/10/2024	16	HAE	10,8	0	8,3	0	84,0	0	6,0	0	300,0	0	995,0	0	655,0	ERA5
1058613	05/10/2024	21	05/10/2024	17	HAE	10,9	0	8,5	0	85,0	0	5,0	0	310,0	0	995,0	0	353,6	ERA5
1058614	05/10/2024	22	05/10/2024	18	HAE	10,4	0	8,1	0	85,0	0	4,0	0	310,0	0	996,0	0	149,4	ERA5
1058615	05/10/2024	23	05/10/2024	19	HAE	9,9	0	7,4	0	84,0	0	5,0	0	350,0	0	996,0	0	2,6	ERA5
1058616	06/10/2024	00	05/10/2024	20	HAE	9,3	0	6,6	0	83,0	0	4,0	0	340,0	0	996,0	0	0,0	ERA5
1058617	06/10/2024	01	05/10/2024	21	HAE	8,8	0	6,2	0	84,0	0	4,0	0	350,0	0	996,0	0	0,0	ERA5
1058618	06/10/2024	02	05/10/2024	22	HAE	8,5	0	6,1	0	85,0	0	9,0	0	340,0	0	996,0	0	0,0	ERA5
1058619	06/10/2024	03	05/10/2024	23	HAE	8,5	0	6,0	0	85,0	0	4,0	0	310,0	0	996,0	0	0,0	ERA5
1058620	06/10/2024	04	06/10/2024	00	HAE	8,3	0	5,9	0	85,0	0	3,0	0	350,0	0	996,0	0	0,0	ERA5
1058621	06/10/2024	05	06/10/2024	01	HAE	8,2	0	5,9	0	85,0	0	3,0	0	350,0	0	995,0	0	0,0	ERA5
1058622	06/10/2024	06	06/10/2024	02	HAE	8,2	0	6,0	0	86,0	0	3,0	0	310,0	0	995,0	0	0,0	ERA5
1058623	06/10/2024	07	06/10/2024	03	HAE	8,0	0	6,2	0	88,0	0	3,0	0	10,0	0	995,0	0	0,0	ERA5
1058624	06/10/2024	08	06/10/2024	04	HAE	8,1	0	5,7	0	85,0	0	2,0	0	360,0	0	995,0	0	0,0	ERA5
1058625	06/10/2024	09	06/10/2024	05	HAE	7,9	0	6,2	0	89,0	0	3,0	0	340,0	0	994,0	0	0,0	ERA5
1058626	06/10/2024	10	06/10/2024	06	HAE	7,8	0	6,5	0	91,0	0	3,0	0	280,0	0	994,0	0	0,0	ERA5
1058627	06/10/2024	11	06/10/2024	07	HAE	7,9	0	6,4	0	90,0	0	2,0	0	100,0	0	994,0	0	0,4	ERA5
1058628	06/10/2024	12	06/10/2024	08	HAE	8,3	0	6,9	0	91,0	0	0,0	0	40,0	0	994,0	0	62,9	ERA5
1058629	06/10/2024	13	06/10/2024	09	HAE	8,7	0	7,1	0	90,0	0	0,0	0	360,0	0	994,0	0	212,8	ERA5
1058630	06/10/2024	14	06/10/2024	10	HAE	9,8	0	7,1	0	83,0	0	10,0	0	120,0	0	994,0	0	277,9	ERA5
1058631	06/10/2024	15	06/10/2024	11	HAE	10,4	0	7,3	0	81,0	0	8,0	0	120,0	0	993,0	0	602,9	ERA5
1058632	06/10/2024	16	06/10/2024	12	HAE	11,5	0	7,4	0	76,0	0	4,0	0	130,0	0	992,0	0	775,8	ERA5
1058633	06/10/2024	17	06/10/2024	13	HAE	13,4	0	7,6	0	68,0	0	11,0	0	120,0	0	991,0	0	786,7	ERA5
1058634	06/10/2024	18	06/10/2024	14	HAE	13,5	0	8,7	0	73,0	0	6,0	0	150,0	0	990,0	0	676,8	ERA5
1058635	06/10/2024	19	06/10/2024	15	HAE	14,1	0	9,1	0	72,0	0	12,0	0	140,0	0	990,0	0	795,6	ERA5
1058636	06/10/2024	20	06/10/2024	16	HAE	14,4	0	9,2	0	71,0	0	13,0	0	140,0	0	989,0	0	518,6	ERA5
1058637	06/10/2024	21	06/10/2024	17	HAE	14,2	0	8,9	0	70,0	0	12,0	0	130,0	0	988,0	0	272,2	ERA5
1058638	06/10/2024	22	06/10/2024	18	HAE	13,2	0	8,3	0	72,0	0	14,0	0	150,0	0	988,0	0	75,4	ERA5
1058639	06/10/2024	23	06/10/2024	19	HAE	12,4	0	8,8	0	79,0	0	11,0	0	150,0	0	987,0	0	1,3	ERA5
1058640	07/10/2024	00	06/10/2024	20	HAE	11,8	0	8,8	0	82,0	0	10,0	0	160,0	0	987,0	0	0,0	ERA5
1058641	07/10/2024	01	06/10/2024	21	HAE	11,3	0	8,2	0	81,0	0	9,0	0	170,0	0	986,0	0	0,0	ERA5
1058642	07/10/2024	02	06/10/2024	22	HAE	11,0	0	7,9	0	81,0	0	7,0	0	160,0	0	986,0	0	0,0	ERA5
1058643	07/10/2024	03	06/10/2024	23	HAE	10,3	0	7,8	0	85,0	0	8,0	0	180,0	0	986,0	0	0,0	ERA5
1058644	07/10/2024	04	07/10/2024	00	HAE	8,8	0	7,3	0	90,0	0	8,0	0	180,0	0	986,0	0	0,0	ERA5
1058645	07/10/2024	05	07/10/2024	01	HAE	8,9	0	7,3	0	90,0	0	8,0	0	150,0	0	986,0	0	0,0	ERA5
1058646	07/10/2024	06	07/10/2024	02	HAE	9,0	0	7,5	0	90,0	0	7,0	0	140,0	0	985,0	0	0,0	ERA5
1058647	07/10/2024	07	07/10/2024	03	HAE	9,7	0	7,8	0	88,0	0	7,0	0	180,0	0	983,0	0	0,0	ERA5
1058648	07/10/2024	08	07/10/2024	04	HAE	9,2	0	8,1	0	93,0	0	5,0	0	140,0	0	983,0	0	0,0	ERA5
1058649	07/10/2024	09	07/10/2024	05	HAE	9,3	0	8,2	0	92,0	0	5,0	0	160,0	0	982,0	0	0,0	ERA5
1058650	07/10/2024	10	07/10/2024	06	HAE	9,0	0	8,4	0	97,0	0	6,0	0	140,0	0	983,0	0	0,0	ERA5
1058651	07/10/2024	11	07/10/2024	07	HAE	9,1	0	8,6	0	97,0	0	10,0	0	140,0	0	982,0	0	0,1	ERA5
1058652	07/10/2024	12	07/10/2024	08	HAE	9,2	0	8,8	0	97,0	0	8,0	0	140,0	0	982,0	0	17,8	ERA5
1058653	07/10/2024	13	07/10/2024	09	HAE	9,4	0	9,0	0	98,0	0	9,0	0	140,0	0	982,0	0	58,1	ERA5
1058654	07/10/2024	14	07/10/2024	10	HAE	9,7	0	9,3	0	98,0	0	9,0	0	130,0	0	982,0	0	173,9	ERA5
1058655	07/10/2024	15	07/10/2024	11	HAE	10,2	0	9,7	0	97,0	0	8,0	0	120,0	0	982,0	0	282,7	ERA5
1058656	07/10/2024	16	07/10/2024	12	HAE	10,8	0	10,1	0	95,0	0	8,0	0	130,0	0	982,0	0	521,8	ERA5
1058657	07/10/2024	17	07/10/2024	13	HAE	11,4	0	10,2	0	92,0	0	7,0	0	130,0	0	981,0	0	747,7	ERA5
1058658	07/10/2024	18	07/10/2024	14	HAE	11,8	0	10,6	0	92,0	0	6,0	0	140,0	0	981,0	0	587,0	ERA5
1058659	07/10/2024	19	07/10/2024	15	HAE	12,0	0	10,6	0	91,0	0	6,0	0	140,0	0	981,0	0	452,5	ERA5
1058660	07/10/2024	20	07/10/2024	16	HAE	11,9	0	10,8	0	93,0	0	6,0	0	130,0	0	980,0	0	520,7	ERA5
1058661	07/10/2024	21	07/10/2024	17	HAE	11,5	0	11,0	0	97,0	0	6,0	0	140,0	0	980,0	0	165,7	ERA5
1058662	07/10/2024	22	07/10/2024	18	HAE	11,6	0	11,0	0	96,0	0	4,0	0	100,0	0	981,0	0	80,8	ERA5
1058663	07/10/2024	23	07/10/2024	19	HAE	11,3	0	10,8	0	97,0	0	4,0	0	140,0	0	981,0	0	0,5	ERA5
1058664	08/10/2024	00	07/10/2024	20	HAE	11,2	0	10,6	0	97,0	0	4,0	0	180,0	0	981,0	0	0,0	ERA5
1058665	08/10/2024	01	07/10/2024	21	HAE	11,0	0	10,5	0	97,0	0	3,0	0	180,0	0	981,0	0	0,0	ERA5
1058666	08/10/2024	02	07/10/2024	22	HAE	10,9	0	10,1	0	95,0	0	0,0	0	210,0	0	981,0	0	0,0	ERA5
1058667	08/10/2024	03	07/10/2024	23	HAE	9,7	0	8,9	0	95,0	0	1,0	0	240,0	0	981,0	0	0,0	ERA5
1058668	08/10/2024	04	08/10/2024	00	HAE	9,0	0	7,9	0	93,0	0	1,0	0	280,0	0	981,0	0	0,0	ERA5
1058669	08/10/2024	05	08/10/2024	01	HAE	9,1	0	7,5	0	90,0	0	2,0	0	230,0	0	981,0	0	0,0	ERA5
1058670	08/10/2024	06	08/10/2024	02	HAE	8,2	0	6,6	0	89,0	0	3,0	0	260,0	0	981,0	0	0,0	ERA5
1058671	08/10/2024	07	08/10/2024	03	HAE	7,9	0	6,3	0	90,0	0	3,0	0	290,0	0	981,0	0	0,0	ERA5
1058672	08/10/2024	08	08/10/2024	04	HAE	7,2	0	5,4	0	89,0	0	6,0	0	280,0	0	981,0	0	0,0	ERA5
1058673	08/10/2024	09	08/10/2024	05	HAE	6,5	0	4,7	0	88,0	0	2,0	0	290,0	0	982,0	0	0,0	ERA5
1058674	08/10/2024	10	08/10/2024	06	HAE	5,7	0	4,4	0	91,0	0	5,0	0	240,0	0	982,0	0	0,0	ERA5
1058675	08/10/2024	11	08/10/2024	07	HAE	5,2	0	4,0	0	92,0	0	2,0	0	240,0	0	982,0	0	0,4	ERA5
1058676	08/10/2024	12	08/10/2024	08	HAE	7,0	0	4,5	0	84,0	0	3,0	0	240,0	0	983,0	0	239,2	ERA5
1058677	08/10/2024	13	08/10/2024	09	HAE	8,0	0	4,3	0	78,0	0	4,0	0	260,0	0	983,0	0	783,1	ERA5
1058678	08/10/2024	14	08/10/2024	10	HAE	8,2	0	1,8	0	64,0	0	7,0	0	300,0	0	983,0	0	1277,6	ERA5
1058679	08/10/2024	15	08/10/2024	11	HAE	10,0	0	1,8	0	57,0	0	6,0	0	310,0	0	983,0	0	1568,9	ERA5
1058680	08/10/2024	16	08/10/2024	12	HAE	10,5	0	1,0	0	52,0	0	8,0	0	310,0	0	982,0	0	1924,0	ERA5
1058681	08/10/2024	17	08/10/2024	13	HAE	10,9	0	0,1	0	47,0	0	12,0	0	320,0	0	982,0	0	1999,2	ERA5
1058682	08/10/2024	18	08/10/2024	14	HAE	11,0	0	0,5	0	48,0	0	7,0	0	300,0	0	982,0	0	1614,3	ERA5
1058683	08/10/2024	19	08/10/2024	15	HAE	12,0	0	1,1	0	47,0	0	7,0	0	280,0	0	982,0	0	1287,5	ERA5
1058684	08/10/2024	20	08/10/2024	16	HAE	11,7	0	1,4	0	49,0	0	8,0	0	320,0	0	982,0	0	999,5	ERA5
1058685	08/10/2024	21	08/10/2024	17	HAE	10,8	0	2,0	0	54,0	0	4,0	0	320,0	0	982,0	0	527,9	ERA5
1058686	08/10/2024	22	08/10/2024	18	HAE	8,7	0	2,2	0	64,0	0	1,0	0	250,0	0	982,0	0	186,3	ERA5
1058687	08/10/2024	23	08/10/2024	19	HAE	6,9	0	2,2	0	72,0	0	2,0	0	250,0	0	983,0	0	0,5	ERA5
1058688	09/10/2024	00	08/10/2024	20	HAE	4,8	0	2,6	0	86,0	0	0,0	0	0,0	0	983,0	0	0,0	ERA5
1058689	09/10/2024	01	08/10/2024	21	HAE	4,1	0	2,6	0	90,0	0	6,0	0	200,0	0	983,0	0	0,0	ERA5
1058690	09/10/2024	02	08/10/2024	22	HAE	3,0	0	1,8	0	91,0	0	5,0	0	200,0	0	983,0	0	0,0	ERA5
1058691	09/10/2024	03	08/10/2024	23	HAE	1,7	0	0,4	0	91,0	0	2,0	0	170,0	0	983,0	0	0,0	ERA5
1058692	09/10/2024	04	09/10/2024	00	HAE	2,2	0	1,4	0	95,0	0	6,0	0	180,0	0	983,0	0	0,0	ERA5
1058693	09/10/2024	05	09/10/2024	01	HAE	1,6	0	0,8	0	95,0	0	4,0	0	170,0	0	983,0	0	0,0	ERA5
1058694	09/10/2024	06	09/10/2024	02	HAE	0,3	0	-0,4	0	95,0	0	4,0	0	180,0	0	983,0	0	0,0	ERA5
1058695	09/10/2024	07	09/10/2024	03	HAE	0,8	0	0,3	0	96,0	0	3,0	0	280,0	0	983,0	0	0,0	ERA5
1058696	09/10/2024	08	09/10/2024	04	HAE	1,1	0	0,4	0	95,0	0	5,0	0	180,0	0	982,0	0	0,0	ERA5
1058697	09/10/2024	09	09/10/2024	05	HAE	1,4	0	0,9	0	96,0	0	4,0	0	180,0	0	983,0	0	0,0	ERA5
1058698	09/10/2024	10	09/10/2024	06	HAE	1,8	0	1,3	0	96,0	0	1,0	0	200,0	0	982,0	0	0,0	ERA5
1058699	09/10/2024	11	09/10/2024	07	HAE	2,7	0	1,5	0	92,0	0	1,0	0	100,0	0	982,0	0	0,2	ERA5
1058700	09/10/2024	12	09/10/2024	08	HAE	2,5	0	1,8	0	95,0	0	3,0	0	160,0	0	983,0	0	188,6	ERA5
1058701	09/10/2024	13	09/10/2024	09	HAE	3,3	0	2,8	0	96,0	0	3,0	0	150,0	0	983,0	0	613,6	ERA5
1058702	09/10/2024	14	09/10/2024	10	HAE	3,9	0	3,1	0	94,0	0	6,0	0	120,0	0	983,0	0	1026,0	ERA5
1058703	09/10/2024	15	09/10/2024	11	HAE	4,7	0	3,9	0	94,0	0	4,0	0	160,0	0	982,0	0	1508,4	ERA5
1058704	09/10/2024	16	09/10/2024	12	HAE	6,8	0	5,5	0	91,0	0	4,0	0	120,0	0	982,0	0	1631,4	ERA5
1058705	09/10/2024	17	09/10/2024	13	HAE	8,8	0	6,2	0	84,0	0	4,0	0	120,0	0	982,0	0	1624,9	ERA5
1058706	09/10/2024	18	09/10/2024	14	HAE	10,1	0	5,9	0	75,0	0	5,0	0	120,0	0	981,0	0	1387,4	ERA5
1058707	09/10/2024	19	09/10/2024	15	HAE	10,3	0	5,4	0	71,0	0	2,0	0	240,0	0	981,0	0	1201,2	ERA5
1058708	09/10/2024	20	09/10/2024	16	HAE	9,4	0	4,9	0	74,0	0	3,0	0	350,0	0	981,0	0	695,4	ERA5
1058709	09/10/2024	21	09/10/2024	17	HAE	9,0	0	4,9	0	75,0	0	2,0	0	310,0	0	981,0	0	393,5	ERA5
1058710	09/10/2024	22	09/10/2024	18	HAE	8,0	0	4,9	0	81,0	0	5,0	0	310,0	0	982,0	0	156,7	ERA5
1058711	09/10/2024	23	09/10/2024	19	HAE	6,8	0	5,0	0	88,0	0	4,0	0	300,0	0	982,0	0	0,1	ERA5
1058712	10/10/2024	00	09/10/2024	20	HAE	6,7	0	5,0	0	89,0	0	2,0	0	290,0	0	982,0	0	0,0	ERA5
1058713	10/10/2024	01	09/10/2024	21	HAE	6,0	0	4,9	0	93,0	0	3,0	0	250,0	0	982,0	0	0,0	ERA5
1058714	10/10/2024	02	09/10/2024	22	HAE	5,1	0	4,3	0	94,0	0	0,0	0	270,0	0	983,0	0	0,0	ERA5
1058715	10/10/2024	03	09/10/2024	23	HAE	4,6	0	4,0	0	96,0	0	1,0	0	10,0	0	983,0	0	0,0	ERA5
1058716	10/10/2024	04	10/10/2024	00	HAE	4,0	0	3,1	0	94,0	0	2,0	0	170,0	0	983,0	0	0,0	ERA5
1058717	10/10/2024	05	10/10/2024	01	HAE	4,0	0	3,4	0	96,0	0	2,0	0	180,0	0	982,0	0	0,0	ERA5
1058718	10/10/2024	06	10/10/2024	02	HAE	4,4	0	3,7	0	95,0	0	0,0	0	220,0	0	982,0	0	0,0	ERA5
1058719	10/10/2024	07	10/10/2024	03	HAE	4,2	0	3,6	0	96,0	0	1,0	0	190,0	0	982,0	0	0,0	ERA5
1058720	10/10/2024	08	10/10/2024	04	HAE	4,2	0	3,5	0	96,0	0	0,0	0	170,0	0	982,0	0	0,0	ERA5
1058721	10/10/2024	09	10/10/2024	05	HAE	5,7	0	4,4	0	91,0	0	2,0	0	310,0	0	982,0	0	0,0	ERA5
1058722	10/10/2024	10	10/10/2024	06	HAE	5,4	0	4,2	0	92,0	0	2,0	0	290,0	0	983,0	0	0,0	ERA5
1058723	10/10/2024	11	10/10/2024	07	HAE	6,0	0	3,8	0	86,0	0	4,0	0	260,0	0	983,0	0	0,0	ERA5
1058724	10/10/2024	12	10/10/2024	08	HAE	5,9	0	3,7	0	86,0	0	2,0	0	280,0	0	984,0	0	109,0	ERA5
1058725	10/10/2024	13	10/10/2024	09	HAE	7,7	0	4,3	0	79,0	0	7,0	0	280,0	0	984,0	0	461,7	ERA5
1058726	10/10/2024	14	10/10/2024	10	HAE	7,8	0	3,4	0	74,0	0	9,0	0	310,0	0	984,0	0	803,5	ERA5
1058727	10/10/2024	15	10/10/2024	11	HAE	7,4	0	3,8	0	78,0	0	11,0	0	310,0	0	984,0	0	1015,7	ERA5
1058728	10/10/2024	16	10/10/2024	12	HAE	7,8	0	4,0	0	77,0	0	9,0	0	290,0	0	984,0	0	1036,0	ERA5
1058729	10/10/2024	17	10/10/2024	13	HAE	8,4	0	3,4	0	70,0	0	11,0	0	300,0	0	983,0	0	940,3	ERA5
1058730	10/10/2024	18	10/10/2024	14	HAE	10,2	0	4,5	0	68,0	0	4,0	0	310,0	0	983,0	0	1199,3	ERA5
1058731	10/10/2024	19	10/10/2024	15	HAE	9,8	0	3,5	0	65,0	0	8,0	0	300,0	0	983,0	0	941,9	ERA5
1058732	10/10/2024	20	10/10/2024	16	HAE	9,5	0	3,9	0	68,0	0	8,0	0	290,0	0	983,0	0	993,1	ERA5
1058733	10/10/2024	21	10/10/2024	17	HAE	9,8	0	4,2	0	68,0	0	9,0	0	300,0	0	983,0	0	539,9	ERA5
1058734	10/10/2024	22	10/10/2024	18	HAE	9,0	0	4,4	0	73,0	0	8,0	0	270,0	0	984,0	0	123,0	ERA5
1058735	10/10/2024	23	10/10/2024	19	HAE	8,7	0	4,9	0	77,0	0	5,0	0	250,0	0	984,0	0	0,0	ERA5
1058736	11/10/2024	00	10/10/2024	20	HAE	8,4	0	5,6	0	83,0	0	5,0	0	310,0	0	984,0	0	0,0	ERA5
1058737	11/10/2024	01	10/10/2024	21	HAE	7,9	0	4,9	0	81,0	0	9,0	0	290,0	0	985,0	0	0,0	ERA5
1058738	11/10/2024	02	10/10/2024	22	HAE	7,8	0	3,8	0	76,0	0	7,0	0	300,0	0	985,0	0	0,0	ERA5
1058739	11/10/2024	03	10/10/2024	23	HAE	7,7	0	3,4	0	74,0	0	6,0	0	250,0	0	985,0	0	0,0	ERA5
1058740	11/10/2024	04	11/10/2024	00	HAE	8,0	0	3,2	0	72,0	0	5,0	0	260,0	0	984,0	0	0,0	ERA5
1058741	11/10/2024	05	11/10/2024	01	HAE	8,0	0	3,3	0	72,0	0	4,0	0	270,0	0	984,0	0	0,0	ERA5
1058742	11/10/2024	06	11/10/2024	02	HAE	8,0	0	3,4	0	73,0	0	6,0	0	260,0	0	984,0	0	0,0	ERA5
1058743	11/10/2024	07	11/10/2024	03	HAE	7,7	0	3,4	0	74,0	0	1,0	0	240,0	0	984,0	0	0,0	ERA5
1058744	11/10/2024	08	11/10/2024	04	HAE	6,5	0	3,1	0	79,0	0	7,0	0	300,0	0	984,0	0	0,0	ERA5
1058745	11/10/2024	09	11/10/2024	05	HAE	6,8	0	2,7	0	75,0	0	3,0	0	280,0	0	984,0	0	0,0	ERA5
1058746	11/10/2024	10	11/10/2024	06	HAE	6,8	0	2,9	0	76,0	0	6,0	0	240,0	0	984,0	0	0,0	ERA5
1058747	11/10/2024	11	11/10/2024	07	HAE	7,0	0	3,0	0	76,0	0	4,0	0	240,0	0	984,0	0	0,0	ERA5
1058748	11/10/2024	12	11/10/2024	08	HAE	7,6	0	3,5	0	75,0	0	3,0	0	300,0	0	984,0	0	145,8	ERA5
1058749	11/10/2024	13	11/10/2024	09	HAE	8,5	0	3,7	0	72,0	0	5,0	0	290,0	0	984,0	0	534,4	ERA5
1058750	11/10/2024	14	11/10/2024	10	HAE	8,9	0	3,0	0	67,0	0	16,0	0	300,0	0	984,0	0	1010,4	ERA5
1058751	11/10/2024	15	11/10/2024	11	HAE	9,5	0	3,3	0	65,0	0	10,0	0	290,0	0	983,0	0	1023,7	ERA5
1058752	11/10/2024	16	11/10/2024	12	HAE	10,2	0	3,6	0	64,0	0	11,0	0	290,0	0	983,0	0	1090,3	ERA5
1058753	11/10/2024	17	11/10/2024	13	HAE	11,3	0	3,9	0	61,0	0	10,0	0	300,0	0	982,0	0	1051,3	ERA5
1058754	11/10/2024	18	11/10/2024	14	HAE	12,7	0	4,4	0	57,0	0	7,0	0	290,0	0	981,0	0	1517,5	ERA5
1058755	11/10/2024	19	11/10/2024	15	HAE	13,3	0	3,8	0	53,0	0	7,0	0	270,0	0	980,0	0	1135,6	ERA5
1058756	11/10/2024	20	11/10/2024	16	HAE	13,1	0	4,3	0	55,0	0	8,0	0	280,0	0	980,0	0	789,0	ERA5
1058757	11/10/2024	21	11/10/2024	17	HAE	12,2	0	5,0	0	62,0	0	5,0	0	300,0	0	980,0	0	457,5	ERA5
1058758	11/10/2024	22	11/10/2024	18	HAE	11,9	0	5,3	0	64,0	0	4,0	0	240,0	0	979,0	0	125,6	ERA5
1058759	11/10/2024	23	11/10/2024	19	HAE	11,4	0	5,2	0	66,0	0	4,0	0	230,0	0	978,0	0	0,0	ERA5
1058760	12/10/2024	00	11/10/2024	20	HAE	11,2	0	4,9	0	65,0	0	8,0	0	220,0	0	977,0	0	0,0	ERA5
1058761	12/10/2024	01	11/10/2024	21	HAE	11,0	0	5,0	0	67,0	0	7,0	0	230,0	0	976,0	0	0,0	ERA5
1058762	12/10/2024	02	11/10/2024	22	HAE	10,8	0	5,3	0	69,0	0	8,0	0	210,0	0	975,0	0	0,0	ERA5
1058763	12/10/2024	03	11/10/2024	23	HAE	11,4	0	5,9	0	69,0	0	9,0	0	230,0	0	973,0	0	0,0	ERA5
1058764	12/10/2024	04	12/10/2024	00	HAE	12,0	0	6,9	0	71,0	0	10,0	0	220,0	0	972,0	0	0,0	ERA5
1058765	12/10/2024	05	12/10/2024	01	HAE	12,0	0	9,3	0	84,0	0	8,0	0	200,0	0	970,0	0	0,0	ERA5
1058766	12/10/2024	06	12/10/2024	02	HAE	11,7	0	10,3	0	91,0	0	7,0	0	250,0	0	970,0	0	0,0	ERA5
1058767	12/10/2024	07	12/10/2024	03	HAE	12,4	0	10,7	0	89,0	0	8,0	0	290,0	0	969,0	0	0,0	ERA5
1058768	12/10/2024	08	12/10/2024	04	HAE	12,0	0	10,0	0	87,0	0	4,0	0	230,0	0	969,0	0	0,0	ERA5
1058769	12/10/2024	09	12/10/2024	05	HAE	11,9	0	9,9	0	88,0	0	3,0	0	260,0	0	968,0	0	0,0	ERA5
1058770	12/10/2024	10	12/10/2024	06	HAE	10,4	0	7,9	0	84,0	0	21,0	0	290,0	0	970,0	0	0,0	ERA5
1058771	12/10/2024	11	12/10/2024	07	HAE	7,8	0	4,9	0	82,0	0	8,0	0	280,0	0	972,0	0	0,0	ERA5
1058772	12/10/2024	12	12/10/2024	08	HAE	7,4	0	3,9	0	79,0	0	14,0	0	300,0	0	974,0	0	58,9	ERA5
1058773	12/10/2024	13	12/10/2024	09	HAE	6,9	0	2,2	0	72,0	0	10,0	0	290,0	0	976,0	0	283,7	ERA5
1058774	12/10/2024	14	12/10/2024	10	HAE	7,3	0	0,5	0	62,0	0	8,0	0	300,0	0	977,0	0	623,4	ERA5
1058775	12/10/2024	15	12/10/2024	11	HAE	7,5	0	0,5	0	61,0	0	10,0	0	290,0	0	978,0	0	965,6	ERA5
1058776	12/10/2024	16	12/10/2024	12	HAE	8,0	0	-1,0	0	53,0	0	17,0	0	300,0	0	979,0	0	1337,0	ERA5
1058777	12/10/2024	17	12/10/2024	13	HAE	8,9	0	-0,8	0	51,0	0	9,0	0	280,0	0	979,0	0	1331,9	ERA5
1058778	12/10/2024	18	12/10/2024	14	HAE	9,6	0	-1,1	0	47,0	0	9,0	0	270,0	0	980,0	0	1258,3	ERA5
1058779	12/10/2024	19	12/10/2024	15	HAE	8,9	0	-1,1	0	49,0	0	16,0	0	290,0	0	980,0	0	1164,5	ERA5
1058780	12/10/2024	20	12/10/2024	16	HAE	8,6	0	-1,2	0	50,0	0	10,0	0	300,0	0	981,0	0	1057,4	ERA5
1058781	12/10/2024	21	12/10/2024	17	HAE	7,9	0	-0,4	0	56,0	0	9,0	0	260,0	0	982,0	0	483,3	ERA5
1058782	12/10/2024	22	12/10/2024	18	HAE	6,9	0	-0,5	0	59,0	0	5,0	0	280,0	0	982,0	0	156,9	ERA5
1058783	12/10/2024	23	12/10/2024	19	HAE	6,4	0	-0,2	0	63,0	0	9,0	0	250,0	0	983,0	0	0,0	ERA5
1058784	13/10/2024	00	12/10/2024	20	HAE	6,8	0	-0,5	0	59,0	0	6,0	0	240,0	0	984,0	0	0,0	ERA5
1058785	13/10/2024	01	12/10/2024	21	HAE	6,8	0	-0,7	0	59,0	0	5,0	0	260,0	0	984,0	0	0,0	ERA5
1058786	13/10/2024	02	12/10/2024	22	HAE	5,7	0	-1,0	0	62,0	0	5,0	0	260,0	0	984,0	0	0,0	ERA5
1058787	13/10/2024	03	12/10/2024	23	HAE	4,6	0	-1,0	0	67,0	0	3,0	0	280,0	0	985,0	0	0,0	ERA5
1058788	13/10/2024	04	13/10/2024	00	HAE	4,3	0	-1,1	0	68,0	0	7,0	0	280,0	0	984,0	0	0,0	ERA5
1058789	13/10/2024	05	13/10/2024	01	HAE	3,8	0	-1,3	0	69,0	0	6,0	0	260,0	0	985,0	0	0,0	ERA5
1058790	13/10/2024	06	13/10/2024	02	HAE	3,6	0	-1,4	0	70,0	0	4,0	0	270,0	0	985,0	0	0,0	ERA5
1058791	13/10/2024	07	13/10/2024	03	HAE	2,7	0	-1,5	0	74,0	0	4,0	0	220,0	0	985,0	0	0,0	ERA5
1058792	13/10/2024	08	13/10/2024	04	HAE	2,0	0	-1,4	0	78,0	0	6,0	0	240,0	0	985,0	0	0,0	ERA5
1058793	13/10/2024	09	13/10/2024	05	HAE	2,8	0	-1,1	0	75,0	0	4,0	0	240,0	0	986,0	0	0,0	ERA5
1058794	13/10/2024	10	13/10/2024	06	HAE	2,5	0	-1,5	0	75,0	0	1,0	0	240,0	0	986,0	0	0,0	ERA5
1058795	13/10/2024	11	13/10/2024	07	HAE	2,2	0	-1,5	0	77,0	0	3,0	0	240,0	0	986,0	0	0,0	ERA5
1058796	13/10/2024	12	13/10/2024	08	HAE	2,8	0	-0,8	0	77,0	0	1,0	0	290,0	0	987,0	0	177,3	ERA5
1058797	13/10/2024	13	13/10/2024	09	HAE	3,8	0	-1,1	0	70,0	0	1,0	0	270,0	0	987,0	0	747,9	ERA5
1058798	13/10/2024	14	13/10/2024	10	HAE	6,3	0	0,6	0	67,0	0	3,0	0	180,0	0	986,0	0	1331,9	ERA5
1058799	13/10/2024	15	13/10/2024	11	HAE	6,4	0	-1,3	0	58,0	0	2,0	0	250,0	0	986,0	0	1707,2	ERA5
1058800	13/10/2024	16	13/10/2024	12	HAE	8,7	0	-0,7	0	52,0	0	5,0	0	250,0	0	986,0	0	1603,7	ERA5
1058801	13/10/2024	17	13/10/2024	13	HAE	9,1	0	-1,9	0	46,0	0	2,0	0	200,0	0	985,0	0	1600,0	ERA5
1058802	13/10/2024	18	13/10/2024	14	HAE	9,6	0	-1,7	0	45,0	0	11,0	0	10,0	0	984,0	0	1455,6	ERA5
1058803	13/10/2024	19	13/10/2024	15	HAE	9,3	0	-1,3	0	47,0	0	4,0	0	30,0	0	984,0	0	1020,1	ERA5
1058804	13/10/2024	20	13/10/2024	16	HAE	9,1	0	-1,3	0	48,0	0	5,0	0	340,0	0	984,0	0	649,0	ERA5
1058805	13/10/2024	21	13/10/2024	17	HAE	8,5	0	-1,1	0	51,0	0	4,0	0	340,0	0	984,0	0	439,8	ERA5
1058806	13/10/2024	22	13/10/2024	18	HAE	7,3	0	-1,0	0	56,0	0	5,0	0	290,0	0	984,0	0	144,4	ERA5
1058807	13/10/2024	23	13/10/2024	19	HAE	5,2	0	-0,1	0	68,0	0	0,0	0	0,0	0	985,0	0	0,0	ERA5
1058808	14/10/2024	00	13/10/2024	20	HAE	3,8	0	0,6	0	79,0	0	0,0	0	0,0	0	985,0	0	0,0	ERA5
1058809	14/10/2024	01	13/10/2024	21	HAE	3,9	0	0,7	0	80,0	0	5,0	0	300,0	0	984,0	0	0,0	ERA5
1058810	14/10/2024	02	13/10/2024	22	HAE	3,1	0	1,0	0	86,0	0	4,0	0	200,0	0	985,0	0	0,0	ERA5
1058811	14/10/2024	03	13/10/2024	23	HAE	2,7	0	0,8	0	87,0	0	3,0	0	220,0	0	984,0	0	0,0	ERA5
1058812	14/10/2024	04	14/10/2024	00	HAE	2,4	0	0,7	0	88,0	0	2,0	0	360,0	0	984,0	0	0,0	ERA5
1058813	14/10/2024	05	14/10/2024	01	HAE	2,4	0	0,7	0	89,0	0	2,0	0	320,0	0	984,0	0	0,0	ERA5
1058814	14/10/2024	06	14/10/2024	02	HAE	2,1	0	0,9	0	91,0	0	2,0	0	250,0	0	983,0	0	0,0	ERA5
1058815	14/10/2024	07	14/10/2024	03	HAE	2,6	0	1,1	0	90,0	0	1,0	0	130,0	0	982,0	0	0,0	ERA5
1058816	14/10/2024	08	14/10/2024	04	HAE	3,9	0	1,1	0	82,0	0	5,0	0	180,0	0	982,0	0	0,0	ERA5
1058817	14/10/2024	09	14/10/2024	05	HAE	4,4	0	1,2	0	79,0	0	5,0	0	140,0	0	981,0	0	0,0	ERA5
1058818	14/10/2024	10	14/10/2024	06	HAE	4,3	0	1,2	0	80,0	0	5,0	0	70,0	0	982,0	0	0,0	ERA5
1058819	14/10/2024	11	14/10/2024	07	HAE	4,0	0	1,8	0	86,0	0	2,0	0	340,0	0	982,0	0	0,0	ERA5
1058820	14/10/2024	12	14/10/2024	08	HAE	3,8	0	2,1	0	89,0	0	7,0	0	30,0	0	981,0	0	29,7	ERA5
1058821	14/10/2024	13	14/10/2024	09	HAE	3,9	0	2,2	0	89,0	0	2,0	0	10,0	0	981,0	0	102,1	ERA5
1058822	14/10/2024	14	14/10/2024	10	HAE	4,0	0	2,5	0	90,0	0	3,0	0	350,0	0	980,0	0	162,0	ERA5
1058823	14/10/2024	15	14/10/2024	11	HAE	3,9	0	2,7	0	92,0	0	4,0	0	340,0	0	979,0	0	193,5	ERA5
1058824	14/10/2024	16	14/10/2024	12	HAE	4,7	0	3,0	0	89,0	0	8,0	0	70,0	0	978,0	0	251,0	ERA5
1058825	14/10/2024	17	14/10/2024	13	HAE	5,0	0	3,2	0	88,0	0	8,0	0	30,0	0	977,0	0	223,1	ERA5
1058826	14/10/2024	18	14/10/2024	14	HAE	4,7	0	3,1	0	89,0	0	9,0	0	70,0	0	977,0	0	312,0	ERA5
1058827	14/10/2024	19	14/10/2024	15	HAE	4,1	0	2,1	0	87,0	0	7,0	0	20,0	0	976,0	0	206,1	ERA5
1058828	14/10/2024	20	14/10/2024	16	HAE	3,8	0	2,4	0	91,0	0	5,0	0	360,0	0	976,0	0	203,7	ERA5
1058829	14/10/2024	21	14/10/2024	17	HAE	3,4	0	2,2	0	92,0	0	7,0	0	350,0	0	976,0	0	94,7	ERA5
1058830	14/10/2024	22	14/10/2024	18	HAE	3,2	0	2,2	0	93,0	0	6,0	0	320,0	0	975,0	0	18,0	ERA5
1058831	14/10/2024	23	14/10/2024	19	HAE	3,6	0	2,5	0	92,0	0	7,0	0	310,0	0	975,0	0	0,0	ERA5
1058832	15/10/2024	00	14/10/2024	20	HAE	3,7	0	2,6	0	92,0	0	9,0	0	300,0	0	975,0	0	0,0	ERA5
1058833	15/10/2024	01	14/10/2024	21	HAE	3,1	0	1,9	0	92,0	0	7,0	0	290,0	0	975,0	0	0,0	ERA5
1058834	15/10/2024	02	14/10/2024	22	HAE	3,0	0	1,9	0	93,0	0	6,0	0	290,0	0	975,0	0	0,0	ERA5
1058835	15/10/2024	03	14/10/2024	23	HAE	3,4	0	2,3	0	92,0	0	3,0	0	310,0	0	974,0	0	0,0	ERA5
1058836	15/10/2024	04	15/10/2024	00	HAE	3,8	0	2,3	0	90,0	0	8,0	0	300,0	0	974,0	0	0,0	ERA5
1058837	15/10/2024	05	15/10/2024	01	HAE	3,8	0	2,2	0	89,0	0	3,0	0	300,0	0	974,0	0	0,0	ERA5
1058838	15/10/2024	06	15/10/2024	02	HAE	4,1	0	2,4	0	88,0	0	7,0	0	290,0	0	974,0	0	0,0	ERA5
1058839	15/10/2024	07	15/10/2024	03	HAE	4,3	0	2,6	0	89,0	0	4,0	0	270,0	0	974,0	0	0,0	ERA5
1058840	15/10/2024	08	15/10/2024	04	HAE	4,4	0	2,7	0	89,0	0	6,0	0	250,0	0	974,0	0	0,0	ERA5
1058841	15/10/2024	09	15/10/2024	05	HAE	4,6	0	2,9	0	88,0	0	6,0	0	250,0	0	973,0	0	0,0	ERA5
1058842	15/10/2024	10	15/10/2024	06	HAE	4,7	0	2,7	0	87,0	0	7,0	0	260,0	0	974,0	0	0,0	ERA5
1058843	15/10/2024	11	15/10/2024	07	HAE	4,6	0	2,7	0	87,0	0	5,0	0	290,0	0	974,0	0	0,0	ERA5
1058844	15/10/2024	12	15/10/2024	08	HAE	4,9	0	2,6	0	85,0	0	6,0	0	270,0	0	975,0	0	66,9	ERA5
1058845	15/10/2024	13	15/10/2024	09	HAE	5,8	0	2,7	0	80,0	0	8,0	0	300,0	0	975,0	0	254,8	ERA5
1058846	15/10/2024	14	15/10/2024	10	HAE	6,7	0	2,2	0	73,0	0	7,0	0	290,0	0	975,0	0	564,3	ERA5
1058847	15/10/2024	15	15/10/2024	11	HAE	7,7	0	2,2	0	68,0	0	9,0	0	290,0	0	975,0	0	876,4	ERA5
1058848	15/10/2024	16	15/10/2024	12	HAE	7,4	0	1,7	0	67,0	0	9,0	0	270,0	0	975,0	0	1131,5	ERA5
1058849	15/10/2024	17	15/10/2024	13	HAE	8,8	0	2,0	0	63,0	0	4,0	0	290,0	0	974,0	0	1410,6	ERA5
1058850	15/10/2024	18	15/10/2024	14	HAE	8,2	0	1,6	0	63,0	0	8,0	0	270,0	0	974,0	0	1465,6	ERA5
1058851	15/10/2024	19	15/10/2024	15	HAE	5,1	0	2,8	0	85,0	0	10,0	0	300,0	0	974,0	0	1376,3	ERA5
1058852	15/10/2024	20	15/10/2024	16	HAE	5,1	0	3,7	0	90,0	0	5,0	0	300,0	0	974,0	0	834,2	ERA5
1058853	15/10/2024	21	15/10/2024	17	HAE	4,5	0	2,7	0	88,0	0	4,0	0	220,0	0	973,0	0	353,3	ERA5
1058854	15/10/2024	22	15/10/2024	18	HAE	3,8	0	1,9	0	88,0	0	6,0	0	270,0	0	974,0	0	69,6	ERA5
1058855	15/10/2024	23	15/10/2024	19	HAE	3,2	0	0,8	0	84,0	0	9,0	0	280,0	0	974,0	0	0,0	ERA5
1058856	16/10/2024	00	15/10/2024	20	HAE	2,6	0	0,6	0	86,0	0	4,0	0	250,0	0	974,0	0	0,0	ERA5
1058857	16/10/2024	01	15/10/2024	21	HAE	2,5	0	0,8	0	88,0	0	4,0	0	260,0	0	974,0	0	0,0	ERA5
1058858	16/10/2024	02	15/10/2024	22	HAE	2,4	0	0,7	0	88,0	0	6,0	0	250,0	0	974,0	0	0,0	ERA5
1058859	16/10/2024	03	15/10/2024	23	HAE	2,3	0	0,8	0	90,0	0	2,0	0	250,0	0	974,0	0	0,0	ERA5
1058860	16/10/2024	04	16/10/2024	00	HAE	2,4	0	0,7	0	88,0	0	5,0	0	260,0	0	974,0	0	0,0	ERA5
1058861	16/10/2024	05	16/10/2024	01	HAE	2,7	0	0,9	0	88,0	0	9,0	0	290,0	0	974,0	0	0,0	ERA5
1058862	16/10/2024	06	16/10/2024	02	HAE	2,8	0	1,0	0	88,0	0	6,0	0	310,0	0	974,0	0	0,0	ERA5
1058863	16/10/2024	07	16/10/2024	03	HAE	2,7	0	1,1	0	89,0	0	3,0	0	340,0	0	975,0	0	0,0	ERA5
1058864	16/10/2024	08	16/10/2024	04	HAE	2,9	0	0,9	0	87,0	0	1,0	0	260,0	0	975,0	0	0,0	ERA5
1058865	16/10/2024	09	16/10/2024	05	HAE	3,3	0	1,1	0	85,0	0	7,0	0	320,0	0	976,0	0	0,0	ERA5
1058866	16/10/2024	10	16/10/2024	06	HAE	3,2	0	1,2	0	87,0	0	4,0	0	310,0	0	977,0	0	0,0	ERA5
1058867	16/10/2024	11	16/10/2024	07	HAE	3,0	0	0,9	0	86,0	0	5,0	0	300,0	0	978,0	0	0,0	ERA5
1058868	16/10/2024	12	16/10/2024	08	HAE	3,4	0	0,35	4.lineaire	78,0	0	9,0	0	300,0	0	979,0	0	74,9	ERA5
1058869	16/10/2024	13	16/10/2024	09	HAE	4,1	0	-0,2	0	74,0	0	10,0	0	290,0	0	980,0	0	420,3	ERA5
1058870	16/10/2024	14	16/10/2024	10	HAE	4,6	0	-0,1	0	72,0	0	10,0	0	300,0	0	981,0	0	899,4	ERA5
1058871	16/10/2024	15	16/10/2024	11	HAE	5,0	0	-0,6	0	67,0	0	11,0	0	300,0	0	982,0	0	1449,3	ERA5
1058872	16/10/2024	16	16/10/2024	12	HAE	5,5	0	-0,5	0	65,0	0	9,0	0	300,0	0	983,0	0	1256,6	ERA5
1058873	16/10/2024	17	16/10/2024	13	HAE	6,6	0	-0,8	0	60,0	0	14,0	0	290,0	0	984,0	0	1534,1	ERA5
1058874	16/10/2024	18	16/10/2024	14	HAE	6,5	0	-1,6	0	56,0	0	12,0	0	300,0	0	984,0	0	1120,0	ERA5
1058875	16/10/2024	19	16/10/2024	15	HAE	7,0	0	-0,8	0	57,0	0	9,0	0	300,0	0	985,0	0	793,0	ERA5
1058876	16/10/2024	20	16/10/2024	16	HAE	6,8	0	-1,5	0	56,0	0	15,0	0	300,0	0	986,0	0	586,2	ERA5
1058877	16/10/2024	21	16/10/2024	17	HAE	6,6	0	-0,7	0	59,0	0	9,0	0	300,0	0	987,0	0	355,2	ERA5
1058878	16/10/2024	22	16/10/2024	18	HAE	5,6	0	-0,8	0	63,0	0	6,0	0	290,0	0	988,0	0	81,1	ERA5
1058879	16/10/2024	23	16/10/2024	19	HAE	3,8	0	-0,5	0	73,0	0	3,0	0	270,0	0	989,0	0	0,0	ERA5
1058880	17/10/2024	00	16/10/2024	20	HAE	3,4	0	-0,6	0	75,0	0	5,0	0	210,0	0	990,0	0	0,0	ERA5
1058881	17/10/2024	01	16/10/2024	21	HAE	2,6	0	-0,5	0	80,0	0	1,0	0	270,0	0	990,0	0	0,0	ERA5
1058882	17/10/2024	02	16/10/2024	22	HAE	2,1	0	-0,6	0	82,0	0	2,0	0	230,0	0	991,0	0	0,0	ERA5
1058883	17/10/2024	03	16/10/2024	23	HAE	1,1	0	-0,9	0	87,0	0	2,0	0	300,0	0	991,0	0	0,0	ERA5
1058884	17/10/2024	04	17/10/2024	00	HAE	0,3	4.lineaire	-1,8	0	88,0	0	0,0	0	340,0	0	991,0	0	0,0	ERA5
1058885	17/10/2024	05	17/10/2024	01	HAE	-0,5	0	-1,8	0	91,0	0	0,0	0	0,0	0	992,0	0	0,0	ERA5
1058886	17/10/2024	06	17/10/2024	02	HAE	-0,4	0	-1,4	0	93,0	0	5,0	0	320,0	0	992,0	0	0,0	ERA5
1058887	17/10/2024	07	17/10/2024	03	HAE	-1,7	0	-2,8	0	92,0	0	2,0	0	190,0	0	993,0	0	0,0	ERA5
1058888	17/10/2024	08	17/10/2024	04	HAE	-1,3	0	-2,2	0	94,0	0	2,0	0	320,0	0	994,0	0	0,0	ERA5
1058889	17/10/2024	09	17/10/2024	05	HAE	-1,5	0	-2,3	0	94,0	0	1,0	0	180,0	0	994,0	0	0,0	ERA5
1058890	17/10/2024	10	17/10/2024	06	HAE	-1,6	0	-2,4	0	94,0	0	1,0	0	240,0	0	995,0	0	0,0	ERA5
1058891	17/10/2024	11	17/10/2024	07	HAE	-2,0	0	-2,8	0	94,0	0	1,0	0	150,0	0	995,0	0	0,0	ERA5
1058892	17/10/2024	12	17/10/2024	08	HAE	0,2	4.lineaire	-1,4	0	90,0	0	0,0	0	110,0	0	995,0	0	146,9	ERA5
1058893	17/10/2024	13	17/10/2024	09	HAE	2,4	0	-0,1	0	84,0	0	3,0	0	110,0	0	996,0	0	680,8	ERA5
1058894	17/10/2024	14	17/10/2024	10	HAE	5,8	0	1,3	0	73,0	0	6,0	0	140,0	0	996,0	0	1243,6	ERA5
1058895	17/10/2024	15	17/10/2024	11	HAE	8,6	0	1,2	0	60,0	0	4,0	0	290,0	0	996,0	0	1697,7	ERA5
1058896	17/10/2024	16	17/10/2024	12	HAE	10,5	0	1,5	0	54,0	0	4,0	0	280,0	0	995,0	0	1985,9	ERA5
1058897	17/10/2024	17	17/10/2024	13	HAE	11,4	0	-0,5	0	44,0	0	6,0	0	290,0	0	995,0	0	2082,0	ERA5
1058898	17/10/2024	18	17/10/2024	14	HAE	12,0	0	-0,2	0	43,0	0	9,0	0	330,0	0	994,0	0	1973,7	ERA5
1058899	17/10/2024	19	17/10/2024	15	HAE	12,3	0	-2,0	0	37,0	0	5,0	0	300,0	0	994,0	0	1670,9	ERA5
1058900	17/10/2024	20	17/10/2024	16	HAE	11,55	4.lineaire	-1,55	4.lineaire	40,0	4.lineaire	3,5	4.lineaire	305,0	4.lineaire	995,0	4.lineaire	1211,4	ERA5
1058901	17/10/2024	21	17/10/2024	17	HAE	10,8	0	-1,1	0	43,0	0	2,0	0	310,0	0	996,0	0	644,6	ERA5
1058902	17/10/2024	22	17/10/2024	18	HAE	8,2	0	0,2	0	57,0	0	2,0	0	310,0	0	996,0	0	123,7	ERA5
1058903	17/10/2024	23	17/10/2024	19	HAE	6,7	0	0,2	0	63,0	0	3,0	0	330,0	0	996,0	0	0,0	ERA5
1058904	18/10/2024	00	17/10/2024	20	HAE	6,2	0	0,3	0	66,0	0	2,0	0	310,0	0	997,0	0	0,0	ERA5
1058905	18/10/2024	01	17/10/2024	21	HAE	2,5	0	-1,1	0	77,0	0	4,0	0	170,0	0	998,0	0	0,0	ERA5
1058906	18/10/2024	02	17/10/2024	22	HAE	1,6	0	-1,2	0	81,0	0	5,0	0	160,0	0	998,0	0	0,0	ERA5
1058907	18/10/2024	03	17/10/2024	23	HAE	1,1	0	-0,1	0	91,0	0	3,0	0	190,0	0	998,0	0	0,0	ERA5
1058908	18/10/2024	04	18/10/2024	00	HAE	0,5	0	-0,5	0	93,0	0	2,0	0	210,0	0	999,0	0	0,0	ERA5
1058909	18/10/2024	05	18/10/2024	01	HAE	0,1	0	-1,0	0	93,0	0	5,0	0	170,0	0	999,0	0	0,0	ERA5
1058910	18/10/2024	06	18/10/2024	02	HAE	-0,5	0	-2,1	0	89,0	0	3,0	0	200,0	0	999,0	0	0,0	ERA5
1058911	18/10/2024	07	18/10/2024	03	HAE	-1,6	0	-2,4	0	94,0	0	5,0	0	160,0	0	999,0	0	0,0	ERA5
1058912	18/10/2024	08	18/10/2024	04	HAE	-1,0	0	-1,7	0	95,0	0	4,0	0	180,0	0	1000,0	0	0,0	ERA5
1058913	18/10/2024	09	18/10/2024	05	HAE	-1,7	0	-3,1	0	91,0	0	3,0	0	190,0	0	1000,0	0	0,0	ERA5
1058914	18/10/2024	10	18/10/2024	06	HAE	-1,5	0	-2,5	0	93,0	0	2,0	0	180,0	0	1001,0	0	0,0	ERA5
1058915	18/10/2024	11	18/10/2024	07	HAE	-1,5	0	-2,4	0	94,0	0	4,0	0	160,0	0	1002,0	0	0,0	ERA5
1058916	18/10/2024	12	18/10/2024	08	HAE	-0,5	0	-1,7	0	92,0	0	6,0	0	170,0	0	1003,0	0	136,6	ERA5
1058917	18/10/2024	13	18/10/2024	09	HAE	1,2	0	-1,3	0	83,0	0	5,0	0	150,0	0	1003,0	0	655,8	ERA5
1058918	18/10/2024	14	18/10/2024	10	HAE	4,2	0	0,4	0	77,0	0	5,0	0	140,0	0	1003,0	0	1206,3	ERA5
1058919	18/10/2024	15	18/10/2024	11	HAE	7,0	0	1,1	0	66,0	0	5,0	0	120,0	0	1004,0	0	1649,0	ERA5
1058920	18/10/2024	16	18/10/2024	12	HAE	10,8	0	2,7	0	57,0	0	5,0	0	100,0	0	1004,0	0	1929,1	ERA5
1058921	18/10/2024	17	18/10/2024	13	HAE	12,7	0	3,7	0	54,0	0	2,0	0	340,0	0	1003,0	0	2018,2	ERA5
1058922	18/10/2024	18	18/10/2024	14	HAE	15,2	0	1,1	0	38,0	0	5,0	0	250,0	0	1003,0	0	1909,0	ERA5
1058923	18/10/2024	19	18/10/2024	15	HAE	16,0	0	1,9	0	39,0	0	3,0	0	180,0	0	1003,0	0	1615,0	ERA5
1058924	18/10/2024	20	18/10/2024	16	HAE	15,1	0	2,7	0	43,0	0	6,0	0	300,0	0	1003,0	0	1163,7	ERA5
1058925	18/10/2024	21	18/10/2024	17	HAE	13,6	0	4,3	0	53,0	0	5,0	0	310,0	0	1003,0	0	611,9	ERA5
1058926	18/10/2024	22	18/10/2024	18	HAE	11,1	0	3,6	0	60,0	0	3,0	0	280,0	0	1003,0	0	111,4	ERA5
1058927	18/10/2024	23	18/10/2024	19	HAE	10,0	0	2,5	0	60,0	0	1,0	0	280,0	0	1003,0	0	-0,0	ERA5
1058928	19/10/2024	00	18/10/2024	20	HAE	6,6	0	2,4	0	75,0	0	1,0	0	160,0	0	1003,0	0	0,0	ERA5
1058929	19/10/2024	01	18/10/2024	21	HAE	6,0	0	3,1	0	81,0	0	0,0	0	100,0	0	1003,0	0	0,0	ERA5
1058930	19/10/2024	02	18/10/2024	22	HAE	4,7	0	1,9	0	82,0	0	1,0	0	190,0	0	1003,0	0	0,0	ERA5
1058931	19/10/2024	03	18/10/2024	23	HAE	4,2	0	1,3	0	81,0	0	4,0	0	180,0	0	1003,0	0	0,0	ERA5
1058932	19/10/2024	04	19/10/2024	00	HAE	4,3	0	1,9	0	84,0	0	5,0	0	180,0	0	1003,0	0	0,0	ERA5
1058933	19/10/2024	05	19/10/2024	01	HAE	2,3	0	1,1	0	92,0	0	3,0	0	170,0	0	1004,0	0	0,0	ERA5
1058934	19/10/2024	06	19/10/2024	02	HAE	2,7	0	1,3	0	90,0	0	4,0	0	180,0	0	1004,0	0	0,0	ERA5
1058935	19/10/2024	07	19/10/2024	03	HAE	2,5	0	1,0	0	90,0	0	5,0	0	190,0	0	1004,0	0	0,0	ERA5
1058936	19/10/2024	08	19/10/2024	04	HAE	1,1	0	0,2	0	94,0	0	3,0	0	170,0	0	1003,0	0	0,0	ERA5
1058937	19/10/2024	09	19/10/2024	05	HAE	2,6	0	0,8	0	88,0	0	3,0	0	180,0	0	1003,0	0	0,0	ERA5
1058938	19/10/2024	10	19/10/2024	06	HAE	2,6	0	1,0	0	89,0	0	5,0	0	130,0	0	1003,0	0	0,0	ERA5
1058939	19/10/2024	11	19/10/2024	07	HAE	3,2	0	1,5	0	89,0	0	3,0	0	110,0	0	1003,0	0	0,0	ERA5
1058940	19/10/2024	12	19/10/2024	08	HAE	5,0	0	2,8	0	86,0	0	3,0	0	90,0	0	1003,0	0	128,6	ERA5
1058941	19/10/2024	13	19/10/2024	09	HAE	9,4	0	5,1	0	75,0	0	3,0	0	200,0	0	1003,0	0	645,7	ERA5
1058942	19/10/2024	14	19/10/2024	10	HAE	11,8	0	4,5	0	61,0	0	7,0	0	190,0	0	1003,0	0	1203,1	ERA5
1058943	19/10/2024	15	19/10/2024	11	HAE	13,5	0	4,6	0	55,0	0	5,0	0	220,0	0	1003,0	0	1656,3	ERA5
1058944	19/10/2024	16	19/10/2024	12	HAE	15,4	0	5,8	0	53,0	0	3,0	0	200,0	0	1002,0	0	1947,0	ERA5
1058945	19/10/2024	17	19/10/2024	13	HAE	16,5	0	3,8	0	43,0	0	7,0	0	210,0	0	1001,0	0	2043,7	ERA5
1058946	19/10/2024	18	19/10/2024	14	HAE	17,6	0	1,8	0	35,0	0	9,0	0	210,0	0	1000,0	0	1937,9	ERA5
1058947	19/10/2024	19	19/10/2024	15	HAE	18,3	0	2,0	0	34,0	0	5,0	0	210,0	0	1000,0	0	1637,8	ERA5
1058948	19/10/2024	20	19/10/2024	16	HAE	17,4	0	2,1	0	36,0	0	3,0	0	280,0	0	999,0	0	1176,7	ERA5
1058949	19/10/2024	21	19/10/2024	17	HAE	16,3	0	1,1	0	36,0	0	2,0	0	210,0	0	999,0	0	611,5	ERA5
1058950	19/10/2024	22	19/10/2024	18	HAE	13,0	0	1,3	0	45,0	0	2,0	0	190,0	0	999,0	0	104,7	ERA5
1058951	19/10/2024	23	19/10/2024	19	HAE	11,6	0	1,5	0	50,0	0	2,0	0	240,0	0	999,0	0	0,0	ERA5
1058952	20/10/2024	00	19/10/2024	20	HAE	9,6	0	2,2	0	60,0	0	0,0	0	0,0	0	999,0	0	0,0	ERA5
1058953	20/10/2024	01	19/10/2024	21	HAE	8,4	0	2,6	0	67,0	0	4,0	0	170,0	0	998,0	0	0,0	ERA5
1058954	20/10/2024	02	19/10/2024	22	HAE	6,3	0	3,0	0	80,0	0	0,0	0	0,0	0	998,0	0	0,0	ERA5
1058955	20/10/2024	03	19/10/2024	23	HAE	6,5	0	2,5	0	76,0	0	5,0	0	190,0	0	998,0	0	0,0	ERA5
1058956	20/10/2024	04	20/10/2024	00	HAE	5,7	0	2,4	0	79,0	0	5,0	0	190,0	0	998,0	0	0,0	ERA5
1058957	20/10/2024	05	20/10/2024	01	HAE	5,0	0	2,2	0	82,0	0	6,0	0	180,0	0	997,0	0	0,0	ERA5
1058958	20/10/2024	06	20/10/2024	02	HAE	4,8	0	2,2	0	83,0	0	4,0	0	180,0	0	997,0	0	0,0	ERA5
1058959	20/10/2024	07	20/10/2024	03	HAE	5,0	0	2,8	0	85,0	0	3,0	0	140,0	0	997,0	0	0,0	ERA5
1058960	20/10/2024	08	20/10/2024	04	HAE	5,2	0	3,1	0	87,0	0	2,0	0	100,0	0	996,0	0	0,0	ERA5
1058961	20/10/2024	09	20/10/2024	05	HAE	5,4	0	3,0	0	84,0	0	2,0	0	120,0	0	996,0	0	0,0	ERA5
1058962	20/10/2024	10	20/10/2024	06	HAE	5,7	0	2,6	0	81,0	0	3,0	0	30,0	0	996,0	0	0,0	ERA5
1058963	20/10/2024	11	20/10/2024	07	HAE	5,6	0	1,9	0	77,0	0	1,0	0	70,0	0	996,0	0	0,0	ERA5
1058964	20/10/2024	12	20/10/2024	08	HAE	6,2	0	2,3	0	76,0	0	2,0	0	30,0	0	996,0	0	98,0	ERA5
1058965	20/10/2024	13	20/10/2024	09	HAE	7,7	0	3,3	0	74,0	0	1,0	0	130,0	0	995,0	0	415,5	ERA5
1058966	20/10/2024	14	20/10/2024	10	HAE	10,7	0	4,0	0	63,0	0	3,0	0	210,0	0	995,0	0	840,9	ERA5
1058967	20/10/2024	15	20/10/2024	11	HAE	13,0	0	4,9	0	58,0	0	7,0	0	210,0	0	994,0	0	1314,0	ERA5
1058968	20/10/2024	16	20/10/2024	12	HAE	15,8	0	5,5	0	50,0	0	4,0	0	190,0	0	993,0	0	1646,1	ERA5
1058969	20/10/2024	17	20/10/2024	13	HAE	17,7	0	5,7	0	45,0	0	8,0	0	200,0	0	992,0	0	1768,6	ERA5
1058970	20/10/2024	18	20/10/2024	14	HAE	19,0	0	6,0	0	43,0	0	4,0	0	220,0	0	991,0	0	1772,6	ERA5
1058971	20/10/2024	19	20/10/2024	15	HAE	19,4	0	4,6	0	38,0	0	9,0	0	230,0	0	990,0	0	1548,1	ERA5
1058972	20/10/2024	20	20/10/2024	16	HAE	18,6	0	4,7	0	40,0	0	6,0	0	200,0	0	990,0	0	1045,1	ERA5
1058973	20/10/2024	21	20/10/2024	17	HAE	18,2	0	4,0	0	39,0	0	9,0	0	240,0	0	989,0	0	525,8	ERA5
1058974	20/10/2024	22	20/10/2024	18	HAE	15,7	0	4,0	0	46,0	0	2,0	0	280,0	0	989,0	0	84,7	ERA5
1058975	20/10/2024	23	20/10/2024	19	HAE	16,4	0	4,0	0	44,0	0	5,0	0	240,0	0	989,0	0	0,0	ERA5
1058976	21/10/2024	00	20/10/2024	20	HAE	16,3	0	4,5	0	45,0	0	8,0	0	220,0	0	989,0	0	0,0	ERA5
1058977	21/10/2024	01	20/10/2024	21	HAE	16,3	0	4,5	0	45,0	0	4,0	0	230,0	0	989,0	0	0,0	ERA5
1058978	21/10/2024	02	20/10/2024	22	HAE	16,8	0	4,0	0	43,0	0	8,0	0	260,0	0	989,0	0	0,0	ERA5
1058979	21/10/2024	03	20/10/2024	23	HAE	16,3	0	5,2	0	48,0	0	10,0	0	240,0	0	988,0	0	0,0	ERA5
1058980	21/10/2024	04	21/10/2024	00	HAE	16,0	0	5,4	0	49,0	0	14,0	0	240,0	0	988,0	0	0,0	ERA5
1058981	21/10/2024	05	21/10/2024	01	HAE	15,9	0	5,7	0	51,0	0	11,0	0	240,0	0	988,0	0	0,0	ERA5
1058982	21/10/2024	06	21/10/2024	02	HAE	15,6	0	6,2	0	54,0	0	10,0	0	230,0	0	988,0	0	0,0	ERA5
1058983	21/10/2024	07	21/10/2024	03	HAE	14,6	0	6,6	0	59,0	0	10,0	0	240,0	0	987,0	0	0,0	ERA5
1058984	21/10/2024	08	21/10/2024	04	HAE	13,7	0	6,8	0	63,0	0	9,0	0	230,0	0	987,0	0	0,0	ERA5
1058985	21/10/2024	09	21/10/2024	05	HAE	13,5	0	7,0	0	65,0	0	9,0	0	240,0	0	987,0	0	0,0	ERA5
1058986	21/10/2024	10	21/10/2024	06	HAE	13,5	0	7,1	0	65,0	0	4,0	0	190,0	0	987,0	0	0,0	ERA5
1058987	21/10/2024	11	21/10/2024	07	HAE	13,0	0	7,1	0	67,0	0	4,0	0	240,0	0	988,0	0	0,0	ERA5
1058988	21/10/2024	12	21/10/2024	08	HAE	13,5	0	7,2	0	66,0	0	4,0	0	240,0	0	988,0	0	67,0	ERA5
1058989	21/10/2024	13	21/10/2024	09	HAE	14,3	0	7,6	0	64,0	0	4,0	0	280,0	0	988,0	0	369,6	ERA5
1058990	21/10/2024	14	21/10/2024	10	HAE	15,6	0	7,9	0	60,0	0	2,0	0	310,0	0	988,0	0	742,3	ERA5
1058991	21/10/2024	15	21/10/2024	11	HAE	18,0	0	7,8	0	51,0	0	10,0	0	230,0	0	988,0	0	1280,3	ERA5
1058992	21/10/2024	16	21/10/2024	12	HAE	18,9	0	8,2	0	50,0	0	9,0	0	260,0	0	988,0	0	1673,6	ERA5
1058993	21/10/2024	17	21/10/2024	13	HAE	20,3	0	8,8	0	47,0	0	8,0	0	250,0	0	987,0	0	1840,4	ERA5
1058994	21/10/2024	18	21/10/2024	14	HAE	20,4	0	8,8	0	47,0	0	7,0	0	250,0	0	987,0	0	1758,6	ERA5
1058995	21/10/2024	19	21/10/2024	15	HAE	21,0	0	7,1	0	41,0	0	9,0	0	240,0	0	987,0	0	1506,6	ERA5
1058996	21/10/2024	20	21/10/2024	16	HAE	20,4	0	8,4	0	46,0	0	8,0	0	280,0	0	987,0	0	1050,5	ERA5
1058997	21/10/2024	21	21/10/2024	17	HAE	19,5	0	9,1	0	51,0	0	5,0	0	250,0	0	988,0	0	525,7	ERA5
1058998	21/10/2024	22	21/10/2024	18	HAE	16,8	0	9,0	0	60,0	0	2,0	0	290,0	0	988,0	0	79,6	ERA5
1058999	21/10/2024	23	21/10/2024	19	HAE	16,8	0	9,5	0	62,0	0	2,0	0	250,0	0	989,0	0	0,0	ERA5
1059000	22/10/2024	00	21/10/2024	20	HAE	16,5	0	9,8	0	65,0	0	4,0	0	240,0	0	990,0	0	0,0	ERA5
1059001	22/10/2024	01	21/10/2024	21	HAE	16,3	0	10,1	0	67,0	0	5,0	0	250,0	0	990,0	0	0,0	ERA5
1059002	22/10/2024	02	21/10/2024	22	HAE	14,3	0	9,9	0	75,0	0	6,0	0	200,0	0	991,0	0	0,0	ERA5
1059003	22/10/2024	03	21/10/2024	23	HAE	11,9	0	8,9	0	82,0	0	2,0	0	160,0	0	992,0	0	0,0	ERA5
1059004	22/10/2024	04	22/10/2024	00	HAE	12,0	0	9,3	0	84,0	0	2,0	0	350,0	0	993,0	0	0,0	ERA5
1059005	22/10/2024	05	22/10/2024	01	HAE	10,6	0	9,0	0	89,0	0	0,0	0	0,0	0	993,0	0	0,0	ERA5
1059006	22/10/2024	06	22/10/2024	02	HAE	9,5	0	8,3	0	92,0	0	0,0	0	0,0	0	994,0	0	0,0	ERA5
1059007	22/10/2024	07	22/10/2024	03	HAE	7,7	0	6,9	0	95,0	0	0,0	0	0,0	0	995,0	0	0,0	ERA5
1059008	22/10/2024	08	22/10/2024	04	HAE	7,4	0	6,5	0	94,0	0	0,0	0	0,0	0	995,0	0	0,0	ERA5
1059009	22/10/2024	09	22/10/2024	05	HAE	6,8	0	6,1	0	96,0	0	0,0	0	0,0	0	996,0	0	0,0	ERA5
1059010	22/10/2024	10	22/10/2024	06	HAE	5,5	0	4,8	0	96,0	0	1,0	0	110,0	0	997,0	0	0,0	ERA5
1059011	22/10/2024	11	22/10/2024	07	HAE	6,9	0	5,8	0	93,0	0	6,0	0	180,0	0	997,0	0	0,0	ERA5
1059012	22/10/2024	12	22/10/2024	08	HAE	7,8	0	5,5	0	85,0	0	6,0	0	170,0	0	998,0	0	97,9	ERA5
1059013	22/10/2024	13	22/10/2024	09	HAE	9,4	0	5,7	0	78,0	0	6,0	0	130,0	0	998,0	0	546,3	ERA5
1059014	22/10/2024	14	22/10/2024	10	HAE	11,9	0	7,2	0	73,0	0	6,0	0	150,0	0	998,0	0	1060,8	ERA5
1059015	22/10/2024	15	22/10/2024	11	HAE	13,4	0	6,9	0	65,0	0	6,0	0	120,0	0	998,0	0	1396,7	ERA5
1059016	22/10/2024	16	22/10/2024	12	HAE	16,1	0	8,4	0	60,0	0	7,0	0	100,0	0	997,0	0	1721,4	ERA5
1059017	22/10/2024	17	22/10/2024	13	HAE	17,5	0	8,7	0	56,0	0	5,0	0	110,0	0	996,0	0	1821,4	ERA5
1059018	22/10/2024	18	22/10/2024	14	HAE	19,2	0	9,5	0	53,0	0	5,0	0	150,0	0	995,0	0	1689,2	ERA5
1059019	22/10/2024	19	22/10/2024	15	HAE	20,6	0	10,0	0	51,0	0	8,0	0	100,0	0	994,0	0	1466,9	ERA5
1059020	22/10/2024	20	22/10/2024	16	HAE	21,3	0	10,2	0	49,0	0	4,0	0	200,0	0	994,0	0	1034,1	ERA5
1059021	22/10/2024	21	22/10/2024	17	HAE	20,2	0	10,4	0	53,0	0	4,0	0	200,0	0	993,0	0	503,1	ERA5
1059022	22/10/2024	22	22/10/2024	18	HAE	18,6	0	10,9	0	61,0	0	6,0	0	240,0	0	993,0	0	71,3	ERA5
1059023	22/10/2024	23	22/10/2024	19	HAE	16,7	0	10,8	0	68,0	0	4,0	0	180,0	0	993,0	0	0,0	ERA5
1059024	23/10/2024	00	22/10/2024	20	HAE	15,8	0	10,4	0	71,0	0	4,0	0	140,0	0	993,0	0	0,0	ERA5
1059025	23/10/2024	01	22/10/2024	21	HAE	15,1	0	10,2	0	72,0	0	4,0	0	160,0	0	993,0	0	0,0	ERA5
1059026	23/10/2024	02	22/10/2024	22	HAE	14,6	0	10,1	0	75,0	0	6,0	0	180,0	0	993,0	0	0,0	ERA5
1059027	23/10/2024	03	22/10/2024	23	HAE	14,0	0	10,0	0	77,0	0	5,0	0	180,0	0	992,0	0	0,0	ERA5
1059028	23/10/2024	04	23/10/2024	00	HAE	13,6	0	10,1	0	79,0	0	6,0	0	170,0	0	992,0	0	0,0	ERA5
1059029	23/10/2024	05	23/10/2024	01	HAE	13,0	0	10,0	0	82,0	0	6,0	0	170,0	0	991,0	0	0,0	ERA5
1059030	23/10/2024	06	23/10/2024	02	HAE	12,2	0	9,8	0	85,0	0	6,0	0	180,0	0	991,0	0	0,0	ERA5
1059031	23/10/2024	07	23/10/2024	03	HAE	12,2	0	9,8	0	86,0	0	4,0	0	160,0	0	990,0	0	0,0	ERA5
1059032	23/10/2024	08	23/10/2024	04	HAE	11,7	0	9,6	0	87,0	0	5,0	0	170,0	0	989,0	0	0,0	ERA5
1059033	23/10/2024	09	23/10/2024	05	HAE	10,9	0	9,1	0	89,0	0	5,0	0	180,0	0	989,0	0	0,0	ERA5
1059034	23/10/2024	10	23/10/2024	06	HAE	11,7	0	9,3	0	85,0	0	7,0	0	190,0	0	988,0	0	0,0	ERA5
1059035	23/10/2024	11	23/10/2024	07	HAE	9,8	0	8,3	0	90,0	0	7,0	0	160,0	0	987,0	0	0,0	ERA5
1059036	23/10/2024	12	23/10/2024	08	HAE	10,3	0	8,4	0	88,0	0	6,0	0	180,0	0	987,0	0	89,2	ERA5
1059037	23/10/2024	13	23/10/2024	09	HAE	12,8	0	9,4	0	80,0	0	4,0	0	170,0	0	986,0	0	539,5	ERA5
1059038	23/10/2024	14	23/10/2024	10	HAE	16,7	0	10,3	0	66,0	0	6,0	0	160,0	0	985,0	0	1089,6	ERA5
1059039	23/10/2024	15	23/10/2024	11	HAE	20,5	0	11,6	0	57,0	0	2,0	0	50,0	0	984,0	0	1352,3	ERA5
1059040	23/10/2024	16	23/10/2024	12	HAE	24,2	0	10,3	0	41,0	0	11,0	0	210,0	0	983,0	0	1417,5	ERA5
1059041	23/10/2024	17	23/10/2024	13	HAE	25,0	0	10,0	0	39,0	0	11,0	0	200,0	0	982,0	0	1654,2	ERA5
1059042	23/10/2024	18	23/10/2024	14	HAE	24,7	0	5,4	0	29,0	0	14,0	0	210,0	0	981,0	0	1751,3	ERA5
1059043	23/10/2024	19	23/10/2024	15	HAE	24,1	0	5,2	0	29,0	0	10,0	0	200,0	0	980,0	0	1183,7	ERA5
1059044	23/10/2024	20	23/10/2024	16	HAE	23,5	0	4,9	0	30,0	0	9,0	0	200,0	0	980,0	0	1013,9	ERA5
1059045	23/10/2024	21	23/10/2024	17	HAE	22,7	0	1,8	0	25,0	0	5,0	0	170,0	0	979,0	0	490,7	ERA5
1059046	23/10/2024	22	23/10/2024	18	HAE	21,6	0	2,5	0	28,0	0	4,0	0	210,0	0	979,0	0	54,2	ERA5
1059047	23/10/2024	23	23/10/2024	19	HAE	21,1	0	3,9	0	32,0	0	6,0	0	210,0	0	980,0	0	0,0	ERA5
1059048	24/10/2024	00	23/10/2024	20	HAE	19,7	0	5,6	0	40,0	0	7,0	0	300,0	0	981,0	0	0,0	ERA5
1059049	24/10/2024	01	23/10/2024	21	HAE	18,5	0	8,8	0	53,0	0	9,0	0	310,0	0	981,0	0	0,0	ERA5
1059050	24/10/2024	02	23/10/2024	22	HAE	15,0	0	12,1	0	83,0	0	3,0	0	300,0	0	982,0	0	0,0	ERA5
1059051	24/10/2024	03	23/10/2024	23	HAE	14,2	0	12,3	0	88,0	0	2,0	0	200,0	0	982,0	0	0,0	ERA5
1059052	24/10/2024	04	24/10/2024	00	HAE	14,0	0	12,4	0	90,0	0	8,0	0	200,0	0	982,0	0	0,0	ERA5
1059053	24/10/2024	05	24/10/2024	01	HAE	13,8	0	12,1	0	89,0	0	5,0	0	210,0	0	982,0	0	0,0	ERA5
1059054	24/10/2024	06	24/10/2024	02	HAE	13,5	0	11,8	0	90,0	0	2,0	0	210,0	0	982,0	0	0,0	ERA5
1059055	24/10/2024	07	24/10/2024	03	HAE	13,2	0	10,6	0	84,0	0	6,0	0	300,0	0	983,0	0	0,0	ERA5
1059056	24/10/2024	08	24/10/2024	04	HAE	11,0	0	8,5	0	84,0	0	7,0	0	330,0	0	983,0	0	0,0	ERA5
1059057	24/10/2024	09	24/10/2024	05	HAE	9,4	0	6,6	0	83,0	0	5,0	0	280,0	0	984,0	0	0,0	ERA5
1059058	24/10/2024	10	24/10/2024	06	HAE	8,6	0	6,1	0	84,0	0	4,0	0	290,0	0	985,0	0	0,0	ERA5
1059059	24/10/2024	11	24/10/2024	07	HAE	7,4	0	4,3	0	81,0	0	7,0	0	330,0	0	987,0	0	0,0	ERA5
1059060	24/10/2024	12	24/10/2024	08	HAE	6,7	0	3,6	0	81,0	0	6,0	0	320,0	0	988,0	0	55,8	ERA5
1059061	24/10/2024	13	24/10/2024	09	HAE	7,0	0	3,2	0	77,0	0	5,0	0	310,0	0	989,0	0	378,4	ERA5
1059062	24/10/2024	14	24/10/2024	10	HAE	7,0	0	3,4	0	78,0	0	5,0	0	360,0	0	989,0	0	763,0	ERA5
1059063	24/10/2024	15	24/10/2024	11	HAE	7,4	0	3,8	0	78,0	0	10,0	0	350,0	0	989,0	0	993,5	ERA5
1059064	24/10/2024	16	24/10/2024	12	HAE	8,4	0	4,5	0	77,0	0	2,0	0	20,0	0	989,0	0	1319,1	ERA5
1059065	24/10/2024	17	24/10/2024	13	HAE	9,7	0	4,0	0	68,0	0	6,0	0	340,0	0	989,0	0	1300,0	ERA5
1059066	24/10/2024	18	24/10/2024	14	HAE	9,8	0	2,6	0	61,0	0	6,0	0	310,0	0	989,0	0	1165,5	ERA5
1059067	24/10/2024	19	24/10/2024	15	HAE	10,6	0	1,6	0	53,0	0	5,0	0	310,0	0	989,0	0	745,0	ERA5
1059068	24/10/2024	20	24/10/2024	16	HAE	10,1	0	0,2	0	50,0	0	9,0	0	340,0	0	989,0	0	499,4	ERA5
1059069	24/10/2024	21	24/10/2024	17	HAE	9,2	0	1,3	0	58,0	0	5,0	0	290,0	0	989,0	0	200,5	ERA5
1059070	24/10/2024	22	24/10/2024	18	HAE	7,9	0	1,6	0	64,0	0	4,0	0	290,0	0	990,0	0	35,3	ERA5
1059071	24/10/2024	23	24/10/2024	19	HAE	6,3	0	1,6	0	72,0	0	3,0	0	310,0	0	990,0	0	0,0	ERA5
1059072	25/10/2024	00	24/10/2024	20	HAE	5,2	0	0,4	0	71,0	0	3,0	0	300,0	0	991,0	0	0,0	ERA5
1059073	25/10/2024	01	24/10/2024	21	HAE	3,9	0	0,15	4.lineaire	75,0	0	1,0	0	280,0	0	991,0	0	0,0	ERA5
1059074	25/10/2024	02	24/10/2024	22	HAE	2,6	0	-0,1	0	83,0	0	2,0	0	240,0	0	991,0	0	0,0	ERA5
1059075	25/10/2024	03	24/10/2024	23	HAE	0,1	0	-1,2	0	91,0	0	2,0	0	170,0	0	991,0	0	0,0	ERA5
1059076	25/10/2024	04	25/10/2024	00	HAE	1,4	0	-0,3	0	88,0	0	4,0	0	230,0	0	992,0	0	0,0	ERA5
1059077	25/10/2024	05	25/10/2024	01	HAE	-1,2	0	-2,6	0	90,0	0	3,0	0	180,0	0	991,0	0	0,0	ERA5
1059078	25/10/2024	06	25/10/2024	02	HAE	-1,1	0	-2,2	0	92,0	0	0,0	0	90,0	0	991,0	0	0,0	ERA5
1059079	25/10/2024	07	25/10/2024	03	HAE	-1,3	0	-2,1	0	95,0	0	2,0	0	200,0	0	992,0	0	0,0	ERA5
1059080	25/10/2024	08	25/10/2024	04	HAE	-2,1	0	-2,9	0	94,0	0	1,0	0	230,0	0	992,0	0	0,0	ERA5
1059081	25/10/2024	09	25/10/2024	05	HAE	-2,5	0	-3,0	0	96,0	0	3,0	0	180,0	0	992,0	0	0,0	ERA5
1059082	25/10/2024	10	25/10/2024	06	HAE	-2,1	0	-2,6	0	97,0	0	2,0	0	220,0	0	992,0	0	0,0	ERA5
1059083	25/10/2024	11	25/10/2024	07	HAE	-2,3	0	-2,7	0	97,0	0	1,0	0	250,0	0	992,0	0	0,0	ERA5
1059084	25/10/2024	12	25/10/2024	08	HAE	-2,3	0	-3,1	0	94,0	0	3,0	0	150,0	0	993,0	0	79,1	ERA5
1059085	25/10/2024	13	25/10/2024	09	HAE	-1,1	0	-1,5	0	97,0	0	3,0	0	160,0	0	993,0	0	537,0	ERA5
1059086	25/10/2024	14	25/10/2024	10	HAE	1,7	0	-0,7	0	84,0	0	3,0	0	110,0	0	993,0	0	1094,6	ERA5
1059087	25/10/2024	15	25/10/2024	11	HAE	5,4	0	0,4	0	70,0	0	3,0	0	110,0	0	992,0	0	1546,0	ERA5
1059088	25/10/2024	16	25/10/2024	12	HAE	6,9	0	-2,3	0	52,0	0	6,0	0	20,0	0	991,0	0	1832,0	ERA5
1059089	25/10/2024	17	25/10/2024	13	HAE	8,0	0	-1,2	0	52,0	0	7,0	0	290,0	0	990,0	0	1919,0	ERA5
1059090	25/10/2024	18	25/10/2024	14	HAE	9,0	0	-1,4	0	48,0	0	3,0	0	200,0	0	989,0	0	1803,4	ERA5
1059091	25/10/2024	19	25/10/2024	15	HAE	9,5	0	-0,9	0	48,0	0	5,0	0	50,0	0	989,0	0	1499,3	ERA5
1059092	25/10/2024	20	25/10/2024	16	HAE	8,9	0	-1,6	0	48,0	0	4,0	0	360,0	0	988,0	0	1041,2	ERA5
1059093	25/10/2024	21	25/10/2024	17	HAE	8,3	0	-0,5	0	54,0	0	6,0	0	310,0	0	988,0	0	493,3	ERA5
1059094	25/10/2024	22	25/10/2024	18	HAE	6,5	0	-0,3	0	62,0	0	3,0	0	320,0	0	987,0	0	53,6	ERA5
1059095	25/10/2024	23	25/10/2024	19	HAE	6,6	0	-0,2	0	62,0	0	3,0	0	310,0	0	988,0	0	0,0	ERA5
1059096	26/10/2024	00	25/10/2024	20	HAE	5,1	0	0,9	0	74,0	0	0,0	0	210,0	0	987,0	0	0,0	ERA5
1059097	26/10/2024	01	25/10/2024	21	HAE	4,9	0	0,8	0	75,0	0	2,0	0	120,0	0	987,0	0	0,0	ERA5
1059098	26/10/2024	02	25/10/2024	22	HAE	3,2	0	-0,3	0	78,0	0	0,0	0	0,0	0	987,0	0	0,0	ERA5
1059099	26/10/2024	03	25/10/2024	23	HAE	2,5	0	0,3	0	85,0	0	4,0	0	170,0	0	986,0	0	0,0	ERA5
1059100	26/10/2024	04	26/10/2024	00	HAE	2,6	0	0,3	0	85,0	0	3,0	0	190,0	0	985,0	0	0,0	ERA5
1059101	26/10/2024	05	26/10/2024	01	HAE	2,8	0	0,8	0	87,0	0	4,0	0	160,0	0	985,0	0	0,0	ERA5
1059102	26/10/2024	06	26/10/2024	02	HAE	2,4	0	0,5	0	87,0	0	2,0	0	200,0	0	985,0	0	0,0	ERA5
1059103	26/10/2024	07	26/10/2024	03	HAE	2,1	0	0,5	0	89,0	0	2,0	0	180,0	0	984,0	0	0,0	ERA5
1059104	26/10/2024	08	26/10/2024	04	HAE	2,2	0	0,6	0	89,0	0	2,0	0	170,0	0	983,0	0	0,0	ERA5
1059105	26/10/2024	09	26/10/2024	05	HAE	2,7	0	0,7	0	87,0	0	1,0	0	90,0	0	982,0	0	0,0	ERA5
1059106	26/10/2024	10	26/10/2024	06	HAE	3,2	0	1,4	0	88,0	0	0,0	0	120,0	0	982,0	0	0,0	ERA5
1059107	26/10/2024	11	26/10/2024	07	HAE	3,1	0	1,8	0	91,0	0	0,0	0	160,0	0	982,0	0	0,0	ERA5
1059108	26/10/2024	12	26/10/2024	08	HAE	3,4	0	2,7	0	95,0	0	1,0	0	140,0	0	983,0	0	13,6	ERA5
1059109	26/10/2024	13	26/10/2024	09	HAE	6,2	0	4,5	0	89,0	0	2,0	0	300,0	0	983,0	0	108,3	ERA5
1059110	26/10/2024	14	26/10/2024	10	HAE	7,4	0	4,1	0	80,0	0	10,0	0	310,0	0	983,0	0	398,2	ERA5
1059111	26/10/2024	15	26/10/2024	11	HAE	6,2	0	3,1	0	81,0	0	13,0	0	300,0	0	984,0	0	1123,8	ERA5
1059112	26/10/2024	16	26/10/2024	12	HAE	7,2	0	0,8	0	64,0	0	11,0	0	300,0	0	984,0	0	1305,2	ERA5
1059113	26/10/2024	17	26/10/2024	13	HAE	6,6	0	-0,75	4.lineaire	62,0	0	15,0	0	300,0	0	985,0	0	1537,9	ERA5
1059114	26/10/2024	18	26/10/2024	14	HAE	8,2	0	-2,3	0	48,0	0	15,0	0	290,0	0	985,0	0	1439,6	ERA5
1059115	26/10/2024	19	26/10/2024	15	HAE	8,0	0	-2,7	0	46,0	0	11,0	0	290,0	0	986,0	0	1407,1	ERA5
1059116	26/10/2024	20	26/10/2024	16	HAE	7,3	0	-3,4	0	46,0	0	11,0	0	300,0	0	986,0	0	915,9	ERA5
1059117	26/10/2024	21	26/10/2024	17	HAE	6,6	0	-4,2	0	46,0	0	12,0	0	300,0	0	987,0	0	397,7	ERA5
1059118	26/10/2024	22	26/10/2024	18	HAE	5,9	0	-4,6	0	47,0	0	7,0	0	280,0	0	988,0	0	43,4	ERA5
1059119	26/10/2024	23	26/10/2024	19	HAE	5,1	0	-4,1	0	52,0	0	7,0	0	290,0	0	989,0	0	0,0	ERA5
1059120	27/10/2024	00	26/10/2024	20	HAE	4,3	0	-3,6	0	56,0	0	3,0	0	270,0	0	989,0	0	0,0	ERA5
1059121	27/10/2024	01	26/10/2024	21	HAE	3,4	0	-2,6	0	65,0	0	4,0	0	250,0	0	989,0	0	0,0	ERA5
1059122	27/10/2024	02	26/10/2024	22	HAE	3,0	0	-2,7	0	66,0	0	4,0	0	240,0	0	990,0	0	0,0	ERA5
1059123	27/10/2024	03	26/10/2024	23	HAE	2,9	0	-2,8	0	66,0	0	5,0	0	260,0	0	990,0	0	0,0	ERA5
1059124	27/10/2024	04	27/10/2024	00	HAE	2,4	0	-3,6	0	64,0	0	8,0	0	280,0	0	991,0	0	0,0	ERA5
1059125	27/10/2024	05	27/10/2024	01	HAE	1,5	0	-5,6	0	59,0	0	8,0	0	280,0	0	991,0	0	0,0	ERA5
1059126	27/10/2024	06	27/10/2024	02	HAE	0,7	0	-6,2	0	60,0	0	9,0	0	280,0	0	992,0	0	0,0	ERA5
1059127	27/10/2024	07	27/10/2024	03	HAE	0,6	0	-8,2	0	52,0	0	5,0	0	280,0	0	993,0	0	0,0	ERA5
1059128	27/10/2024	08	27/10/2024	04	HAE	0,1	0	-8,5	0	52,0	0	5,0	0	300,0	0	993,0	0	0,0	ERA5
1059129	27/10/2024	09	27/10/2024	05	HAE	-0,9	0	-8,1	0	58,0	0	6,0	0	300,0	0	993,0	0	0,0	ERA5
1059130	27/10/2024	10	27/10/2024	06	HAE	-1,4	0	-8,1	0	60,0	0	1,0	0	190,0	0	993,0	0	0,0	ERA5
1059131	27/10/2024	11	27/10/2024	07	HAE	-1,3	0	-7,4	0	63,0	0	6,0	0	220,0	0	994,0	0	0,0	ERA5
1059132	27/10/2024	12	27/10/2024	08	HAE	-0,6	0	-7,0	0	62,0	0	4,0	0	220,0	0	994,0	0	73,3	ERA5
1059133	27/10/2024	13	27/10/2024	09	HAE	0,5	0	-6,2	0	61,0	0	5,0	0	280,0	0	993,0	0	542,1	ERA5
1059134	27/10/2024	14	27/10/2024	10	HAE	3,0	0	-5,3	0	55,0	0	5,0	0	230,0	0	992,0	0	972,9	ERA5
1059135	27/10/2024	15	27/10/2024	11	HAE	3,5	0	-5,3	0	53,0	0	10,0	0	220,0	0	992,0	0	1109,2	ERA5
1059136	27/10/2024	16	27/10/2024	12	HAE	4,4	0	-5,1	0	50,0	0	7,0	0	280,0	0	991,0	0	1354,0	ERA5
1059137	27/10/2024	17	27/10/2024	13	HAE	0,2	0	-1,3	0	90,0	0	12,0	0	320,0	0	991,0	0	1485,3	ERA5
1059138	27/10/2024	18	27/10/2024	14	HAE	1,8	0	-2,3	0	75,0	0	7,0	0	250,0	0	991,0	0	1592,7	ERA5
1059139	27/10/2024	19	27/10/2024	15	HAE	2,0	0	-3,1	0	69,0	0	8,0	0	300,0	0	991,0	0	983,9	ERA5
1059140	27/10/2024	20	27/10/2024	16	HAE	3,1	0	-6,1	0	51,0	0	6,0	0	270,0	0	991,0	0	762,2	ERA5
1059141	27/10/2024	21	27/10/2024	17	HAE	2,5	0	-9,6	0	40,0	0	7,0	0	290,0	0	992,0	0	379,5	ERA5
1059142	27/10/2024	22	27/10/2024	18	HAE	0,9	0	-11,4	0	39,0	0	10,0	0	310,0	0	994,0	0	44,8	ERA5
1059143	27/10/2024	23	27/10/2024	19	HAE	-0,1	0	-11,5	0	42,0	0	4,0	0	270,0	0	995,0	0	0,0	ERA5
1059144	28/10/2024	00	27/10/2024	20	HAE	-0,5	0	-11,9	0	42,0	0	5,0	0	300,0	0	995,0	0	0,0	ERA5
1059145	28/10/2024	01	27/10/2024	21	HAE	-1,0	0	-12,1	0	42,0	0	6,0	0	280,0	0	996,0	0	0,0	ERA5
1059146	28/10/2024	02	27/10/2024	22	HAE	-1,3	0	-11,9	0	44,0	0	5,0	0	300,0	0	997,0	0	0,0	ERA5
1059147	28/10/2024	03	27/10/2024	23	HAE	-2,4	0	-11,4	0	50,0	0	1,0	0	100,0	0	997,0	0	0,0	ERA5
1059148	28/10/2024	04	28/10/2024	00	HAE	-3,6	0	-10,8	0	58,0	0	8,0	0	240,0	0	998,0	0	0,0	ERA5
1059149	28/10/2024	05	28/10/2024	01	HAE	-3,9	0	-10,5	0	60,0	0	4,0	0	320,0	0	998,0	0	0,0	ERA5
1059150	28/10/2024	06	28/10/2024	02	HAE	-4,0	0	-11,1	0	58,0	0	3,0	0	230,0	0	998,0	0	0,0	ERA5
1059151	28/10/2024	07	28/10/2024	03	HAE	-3,9	0	-11,1	0	57,0	0	2,0	0	260,0	0	998,0	0	0,0	ERA5
1059152	28/10/2024	08	28/10/2024	04	HAE	-3,4	0	-11,3	0	54,0	0	6,0	0	250,0	0	999,0	0	0,0	ERA5
1059153	28/10/2024	09	28/10/2024	05	HAE	-3,1	0	-11,3	0	53,0	0	7,0	0	240,0	0	999,0	0	0,0	ERA5
1059154	28/10/2024	10	28/10/2024	06	HAE	-3,3	0	-11,3	0	54,0	0	6,0	0	240,0	0	1000,0	0	0,0	ERA5
1059155	28/10/2024	11	28/10/2024	07	HAE	-3,2	0	-11,2	0	54,0	0	6,0	0	240,0	0	1001,0	0	0,0	ERA5
1059156	28/10/2024	12	28/10/2024	08	HAE	-2,2	0	-10,6	0	52,0	0	5,0	0	230,0	0	1002,0	0	68,0	ERA5
1059157	28/10/2024	13	28/10/2024	09	HAE	-1,1	0	-10,3	0	50,0	0	7,0	0	260,0	0	1002,0	0	536,9	ERA5
1059158	28/10/2024	14	28/10/2024	10	HAE	0,5	0	-9,0	0	49,0	0	4,0	0	220,0	0	1003,0	0	1090,3	ERA5
1059159	28/10/2024	15	28/10/2024	11	HAE	1,0	0	-9,4	0	46,0	0	7,0	0	340,0	0	1003,0	0	1532,4	ERA5
1059160	28/10/2024	16	28/10/2024	12	HAE	2,1	0	-7,3	0	50,0	0	6,0	0	10,0	0	1003,0	0	1813,3	ERA5
1059161	28/10/2024	17	28/10/2024	13	HAE	3,1	0	-8,3	0	43,0	0	5,0	0	340,0	0	1002,0	0	1908,4	ERA5
1059162	28/10/2024	18	28/10/2024	14	HAE	3,7	0	-8,9	0	39,0	0	10,0	0	300,0	0	1002,0	0	1789,1	ERA5
1059163	28/10/2024	19	28/10/2024	15	HAE	4,2	0	-7,9	0	41,0	0	7,0	0	360,0	0	1003,0	0	1475,1	ERA5
1059164	28/10/2024	20	28/10/2024	16	HAE	3,4	0	-7,9	0	43,0	0	6,0	0	330,0	0	1003,0	0	1013,4	ERA5
1059165	28/10/2024	21	28/10/2024	17	HAE	2,5	0	-8,3	0	45,0	0	5,0	0	310,0	0	1003,0	0	470,5	ERA5
1059166	28/10/2024	22	28/10/2024	18	HAE	1,2	0	-8,4	0	49,0	0	3,0	0	250,0	0	1003,0	0	41,7	ERA5
1059167	28/10/2024	23	28/10/2024	19	HAE	-0,9	0	-8,3	0	57,0	0	2,0	0	340,0	0	1004,0	0	0,0	ERA5
1059168	29/10/2024	00	28/10/2024	20	HAE	-1,8	0	-7,7	0	64,0	0	0,0	0	40,0	0	1004,0	0	0,0	ERA5
1059169	29/10/2024	01	28/10/2024	21	HAE	-2,9	0	-7,8	0	69,0	0	1,0	0	140,0	0	1005,0	0	0,0	ERA5
1059170	29/10/2024	02	28/10/2024	22	HAE	-3,7	0	-8,4	0	70,0	0	3,0	0	150,0	0	1005,0	0	0,0	ERA5
1059171	29/10/2024	03	28/10/2024	23	HAE	-3,3	0	-7,5	0	73,0	0	4,0	0	190,0	0	1005,0	0	0,0	ERA5
1059172	29/10/2024	04	29/10/2024	00	HAE	-3,8	0	-7,7	0	74,0	0	3,0	0	180,0	0	1005,0	0	0,0	ERA5
1059173	29/10/2024	05	29/10/2024	01	HAE	-4,9	0	-7,9	0	79,0	0	3,0	0	170,0	0	1005,0	0	0,0	ERA5
1059174	29/10/2024	06	29/10/2024	02	HAE	-5,2	0	-7,8	0	82,0	0	5,0	0	170,0	0	1005,0	0	0,0	ERA5
1059175	29/10/2024	07	29/10/2024	03	HAE	-6,0	0	-8,0	0	85,0	0	3,0	0	150,0	0	1005,0	0	0,0	ERA5
1059176	29/10/2024	08	29/10/2024	04	HAE	-6,3	0	-8,2	0	86,0	0	5,0	0	170,0	0	1006,0	0	0,0	ERA5
1059177	29/10/2024	09	29/10/2024	05	HAE	-6,0	0	-7,7	0	87,0	0	4,0	0	170,0	0	1006,0	0	0,0	ERA5
1059178	29/10/2024	10	29/10/2024	06	HAE	-5,9	0	-8,0	0	85,0	0	1,0	0	130,0	0	1006,0	0	0,0	ERA5
1059179	29/10/2024	11	29/10/2024	07	HAE	-6,0	0	-7,9	0	86,0	0	4,0	0	180,0	0	1006,0	0	0,0	ERA5
1059180	29/10/2024	12	29/10/2024	08	HAE	-5,3	0	-7,5	0	85,0	0	6,0	0	180,0	0	1005,0	0	60,1	ERA5
1059181	29/10/2024	13	29/10/2024	09	HAE	-4,3	0	-6,7	0	83,0	0	5,0	0	150,0	0	1005,0	0	505,4	ERA5
1059182	29/10/2024	14	29/10/2024	10	HAE	-2,3	0	-5,9	0	76,0	0	6,0	0	150,0	0	1005,0	0	1040,3	ERA5
1059183	29/10/2024	15	29/10/2024	11	HAE	0,1	0	-6,7	0	60,0	0	7,0	0	120,0	0	1005,0	0	1465,2	ERA5
1059184	29/10/2024	16	29/10/2024	12	HAE	3,7	0	-5,3	0	52,0	0	9,0	0	120,0	0	1004,0	0	1693,7	ERA5
1059185	29/10/2024	17	29/10/2024	13	HAE	5,4	0	-6,2	0	43,0	0	11,0	0	130,0	0	1003,0	0	1724,7	ERA5
1059186	29/10/2024	18	29/10/2024	14	HAE	6,3	0	-4,7	0	45,0	0	10,0	0	140,0	0	1002,0	0	1500,0	ERA5
1059187	29/10/2024	19	29/10/2024	15	HAE	7,3	0	-4,3	0	44,0	0	22,0	0	150,0	0	1001,0	0	1152,6	ERA5
1059188	29/10/2024	20	29/10/2024	16	HAE	7,6	0	-2,9	0	47,0	0	13,0	0	150,0	0	1001,0	0	806,4	ERA5
1059189	29/10/2024	21	29/10/2024	17	HAE	6,8	0	-3,7	0	47,0	0	10,0	0	130,0	0	1001,0	0	383,0	ERA5
1059190	29/10/2024	22	29/10/2024	18	HAE	5,4	0	-4,4	0	49,0	0	11,0	0	150,0	0	1001,0	0	30,0	ERA5
1059191	29/10/2024	23	29/10/2024	19	HAE	5,1	0	-3,8	0	52,0	0	7,0	0	140,0	0	1001,0	0	0,0	ERA5
1059192	30/10/2024	00	29/10/2024	20	HAE	4,7	0	-3,7	0	54,0	0	10,0	0	140,0	0	1001,0	0	0,0	ERA5
1059193	30/10/2024	01	29/10/2024	21	HAE	4,3	0	-3,2	0	58,0	0	10,0	0	130,0	0	1000,0	0	0,0	ERA5
1059194	30/10/2024	02	29/10/2024	22	HAE	3,4	0	-3,1	0	63,0	0	8,0	0	170,0	0	1000,0	0	0,0	ERA5
1059195	30/10/2024	03	29/10/2024	23	HAE	3,6	0	-2,8	0	63,0	0	6,0	0	160,0	0	1000,0	0	0,0	ERA5
1059196	30/10/2024	04	30/10/2024	00	HAE	3,5	0	-2,4	0	65,0	0	9,0	0	160,0	0	1000,0	0	0,0	ERA5
1059197	30/10/2024	05	30/10/2024	01	HAE	3,7	0	-1,6	0	68,0	0	8,0	0	160,0	0	999,0	0	0,0	ERA5
1059198	30/10/2024	06	30/10/2024	02	HAE	3,9	0	-1,1	0	70,0	0	7,0	0	160,0	0	998,0	0	0,0	ERA5
1059199	30/10/2024	07	30/10/2024	03	HAE	3,2	0	1,0	0	86,0	0	6,0	0	170,0	0	998,0	0	0,0	ERA5
1059200	30/10/2024	08	30/10/2024	04	HAE	3,5	0	1,5	0	87,0	0	8,0	0	170,0	0	997,0	0	0,0	ERA5
1059201	30/10/2024	09	30/10/2024	05	HAE	3,4	0	1,8	0	89,0	0	10,0	0	140,0	0	996,0	0	0,0	ERA5
1059202	30/10/2024	10	30/10/2024	06	HAE	4,1	0	2,6	0	90,0	0	11,0	0	140,0	0	996,0	0	0,0	ERA5
1059203	30/10/2024	11	30/10/2024	07	HAE	4,7	0	3,5	0	92,0	0	12,0	0	160,0	0	996,0	0	0,0	ERA5
1059204	30/10/2024	12	30/10/2024	08	HAE	4,7	0	3,9	0	95,0	0	7,0	0	150,0	0	995,0	0	5,5	ERA5
1059205	30/10/2024	13	30/10/2024	09	HAE	5,0	0	4,3	0	95,0	0	6,0	0	170,0	0	995,0	0	41,4	ERA5
1059206	30/10/2024	14	30/10/2024	10	HAE	6,3	0	5,3	0	93,0	0	4,0	0	170,0	0	995,0	0	145,5	ERA5
1059207	30/10/2024	15	30/10/2024	11	HAE	7,4	0	6,2	0	92,0	0	8,0	0	150,0	0	994,0	0	195,1	ERA5
1059208	30/10/2024	16	30/10/2024	12	HAE	9,6	0	7,6	0	87,0	0	10,0	0	150,0	0	993,0	0	241,7	ERA5
1059209	30/10/2024	17	30/10/2024	13	HAE	11,2	0	8,4	0	83,0	0	4,0	0	140,0	0	992,0	0	346,8	ERA5
1059210	30/10/2024	18	30/10/2024	14	HAE	11,7	0	8,5	0	81,0	0	11,0	0	130,0	0	992,0	0	472,6	ERA5
1059211	30/10/2024	19	30/10/2024	15	HAE	12,5	0	8,7	0	78,0	0	12,0	0	140,0	0	991,0	0	446,4	ERA5
1059212	30/10/2024	20	30/10/2024	16	HAE	13,0	0	9,2	0	78,0	0	6,0	0	160,0	0	990,0	0	397,6	ERA5
1059213	30/10/2024	21	30/10/2024	17	HAE	12,2	0	9,1	0	81,0	0	7,0	0	160,0	0	989,0	0	165,3	ERA5
1059214	30/10/2024	22	30/10/2024	18	HAE	11,6	0	8,8	0	83,0	0	7,0	0	150,0	0	989,0	0	16,3	ERA5
1059215	30/10/2024	23	30/10/2024	19	HAE	11,2	0	8,7	0	84,0	0	7,0	0	160,0	0	989,0	0	0,0	ERA5
1059216	31/10/2024	00	30/10/2024	20	HAE	11,0	0	8,6	0	85,0	0	6,0	0	180,0	0	989,0	0	0,0	ERA5
1059217	31/10/2024	01	30/10/2024	21	HAE	10,8	0	8,7	0	87,0	0	6,0	0	170,0	0	988,0	0	0,0	ERA5
1059218	31/10/2024	02	30/10/2024	22	HAE	10,4	0	8,7	0	89,0	0	3,0	0	180,0	0	988,0	0	0,0	ERA5
1059219	31/10/2024	03	30/10/2024	23	HAE	10,3	0	8,6	0	89,0	0	11,0	0	180,0	0	987,0	0	0,0	ERA5
1059220	31/10/2024	04	31/10/2024	00	HAE	10,8	0	9,0	0	89,0	0	4,0	0	120,0	0	986,0	0	0,0	ERA5
1059221	31/10/2024	05	31/10/2024	01	HAE	12,5	0	10,7	0	89,0	0	2,0	0	180,0	0	986,0	0	0,0	ERA5
1059222	31/10/2024	06	31/10/2024	02	HAE	16,1	0	12,3	0	79,0	0	3,0	0	170,0	0	985,0	0	0,0	ERA5
1059223	31/10/2024	07	31/10/2024	03	HAE	17,1	0	13,0	0	77,0	0	5,0	0	210,0	0	985,0	0	0,0	ERA5
1059224	31/10/2024	08	31/10/2024	04	HAE	17,4	0	13,2	0	77,0	0	6,0	0	130,0	0	984,0	0	0,0	ERA5
1059225	31/10/2024	09	31/10/2024	05	HAE	17,7	0	13,4	0	76,0	0	7,0	0	230,0	0	984,0	0	0,0	ERA5
1059226	31/10/2024	10	31/10/2024	06	HAE	17,7	0	13,1	0	74,0	0	7,0	0	200,0	0	985,0	0	0,0	ERA5
1059227	31/10/2024	11	31/10/2024	07	HAE	18,1	0	12,8	0	71,0	0	2,0	0	190,0	0	985,0	0	0,0	ERA5
1059228	31/10/2024	12	31/10/2024	08	HAE	17,6	0	12,5	0	72,0	0	3,0	0	200,0	0	985,0	0	5,9	ERA5
1059229	31/10/2024	13	31/10/2024	09	HAE	19,4	0	12,6	0	65,0	0	5,0	0	190,0	0	985,0	0	54,2	ERA5
1059230	31/10/2024	14	31/10/2024	10	HAE	20,6	0	12,5	0	60,0	0	5,0	0	220,0	0	984,0	0	255,4	ERA5
1059231	31/10/2024	15	31/10/2024	11	HAE	21,1	0	12,4	0	57,0	0	12,0	0	230,0	0	984,0	0	454,3	ERA5
1059232	31/10/2024	16	31/10/2024	12	HAE	22,1	0	12,6	0	55,0	0	8,0	0	210,0	0	984,0	0	1115,6	ERA5
1059233	31/10/2024	17	31/10/2024	13	HAE	21,9	0	12,5	0	55,0	0	13,0	0	250,0	0	983,0	0	1273,4	ERA5
1059234	31/10/2024	18	31/10/2024	14	HAE	23,2	0	12,5	0	51,0	0	8,0	0	210,0	0	982,0	0	1164,9	ERA5
1059235	31/10/2024	19	31/10/2024	15	HAE	22,7	0	12,2	0	51,0	0	3,0	0	270,0	0	982,0	0	1327,2	ERA5
1059236	31/10/2024	20	31/10/2024	16	HAE	22,2	0	11,5	0	50,0	0	9,0	0	230,0	0	981,0	0	878,7	ERA5
1059237	31/10/2024	21	31/10/2024	17	HAE	21,4	0	11,5	0	53,0	0	5,0	0	210,0	0	981,0	0	370,5	ERA5
1059238	31/10/2024	22	31/10/2024	18	HAE	19,0	0	11,0	0	60,0	0	3,0	0	140,0	0	980,0	0	24,9	ERA5
1059239	31/10/2024	23	31/10/2024	19	HAE	18,3	0	11,1	0	63,0	0	3,0	0	160,0	0	980,0	0	0,0	ERA5
1059240	01/11/2024	00	31/10/2024	20	HAE	19,0	0	10,2	0	57,0	0	5,0	0	190,0	0	979,0	0	0,0	ERA5
1059241	01/11/2024	01	31/10/2024	21	HAE	19,6	0	9,8	0	53,0	0	3,0	0	150,0	0	979,0	0	0,0	ERA5
1059242	01/11/2024	02	31/10/2024	22	HAE	20,1	0	9,8	0	51,0	0	6,0	0	210,0	0	978,0	0	0,0	ERA5
1059243	01/11/2024	03	31/10/2024	23	HAE	19,4	0	10,0	0	55,0	0	4,0	0	200,0	0	977,0	0	0,0	ERA5
1059244	01/11/2024	04	01/11/2024	00	HAE	18,9	0	10,6	0	58,0	0	4,0	0	190,0	0	976,0	0	0,0	ERA5
1059245	01/11/2024	05	01/11/2024	01	HAE	19,8	0	11,2	0	58,0	0	5,0	0	180,0	0	976,0	0	0,0	ERA5
1059246	01/11/2024	06	01/11/2024	02	HAE	20,1	0	11,8	0	59,0	0	2,0	0	240,0	0	976,0	0	0,0	ERA5
1059247	01/11/2024	07	01/11/2024	03	HAE	17,0	0	12,9	0	77,0	0	7,0	0	320,0	0	976,0	0	0,0	ERA5
1059248	01/11/2024	08	01/11/2024	04	HAE	16,7	0	14,4	0	86,0	0	6,0	0	270,0	0	976,0	0	0,0	ERA5
1059249	01/11/2024	09	01/11/2024	05	HAE	16,5	0	15,4	0	93,0	0	5,0	0	190,0	0	975,0	0	0,0	ERA5
1059250	01/11/2024	10	01/11/2024	06	HAE	16,5	0	15,2	0	92,0	0	2,0	0	240,0	0	976,0	0	0,0	ERA5
1059251	01/11/2024	11	01/11/2024	07	HAE	14,8	0	13,6	0	93,0	0	6,0	0	320,0	0	976,0	0	0,0	ERA5
1059252	01/11/2024	12	01/11/2024	08	HAE	12,8	0	12,1	0	95,0	0	3,0	0	270,0	0	977,0	0	6,1	ERA5
1059253	01/11/2024	13	01/11/2024	09	HAE	10,0	0	9,2	0	95,0	0	9,0	0	320,0	0	977,0	0	59,2	ERA5
1059254	01/11/2024	14	01/11/2024	10	HAE	9,0	0	8,1	0	94,0	0	7,0	0	340,0	0	977,0	0	145,7	ERA5
1059255	01/11/2024	15	01/11/2024	11	HAE	11,0	0	9,9	0	93,0	0	2,0	0	110,0	0	976,0	0	509,3	ERA5
1059256	01/11/2024	16	01/11/2024	12	HAE	8,9	0	7,3	0	90,0	0	13,0	0	310,0	0	977,0	0	616,7	ERA5
1059257	01/11/2024	17	01/11/2024	13	HAE	8,6	0	7,7	0	94,0	0	7,0	0	350,0	0	979,0	0	851,8	ERA5
1059258	01/11/2024	18	01/11/2024	14	HAE	6,7	0	6,1	0	96,0	0	3,0	0	260,0	0	979,0	0	422,1	ERA5
1059259	01/11/2024	19	01/11/2024	15	HAE	6,8	0	6,1	0	96,0	0	5,0	0	320,0	0	981,0	0	117,7	ERA5
1059260	01/11/2024	20	01/11/2024	16	HAE	5,5	0	4,6	0	94,0	0	11,0	0	330,0	0	983,0	0	294,2	ERA5
1059261	01/11/2024	21	01/11/2024	17	HAE	5,0	0	3,8	0	92,0	0	7,0	0	340,0	0	985,0	0	34,2	ERA5
1059262	01/11/2024	22	01/11/2024	18	HAE	4,7	0	3,9	0	94,0	0	6,0	0	320,0	0	986,0	0	3,4	ERA5
1059263	01/11/2024	23	01/11/2024	19	HAE	4,5	0	3,6	0	94,0	0	1,0	0	170,0	0	988,0	0	0,0	ERA5
1059264	02/11/2024	00	01/11/2024	20	HAE	4,5	0	3,5	0	93,0	0	5,0	0	310,0	0	988,0	0	0,0	ERA5
1059265	02/11/2024	01	01/11/2024	21	HAE	4,0	0	3,0	0	93,0	0	6,0	0	310,0	0	989,0	0	0,0	ERA5
1059266	02/11/2024	02	01/11/2024	22	HAE	3,7	0	2,7	0	93,0	0	5,0	0	290,0	0	990,0	0	0,0	ERA5
1059267	02/11/2024	03	01/11/2024	23	HAE	3,0	0	2,0	0	93,0	0	9,0	0	340,0	0	991,0	0	0,0	ERA5
1059268	02/11/2024	04	02/11/2024	00	HAE	2,1	0	1,1	0	93,0	0	12,0	0	330,0	0	991,0	0	0,0	ERA5
1059269	02/11/2024	05	02/11/2024	01	HAE	1,8	0	0,9	0	94,0	0	5,0	0	320,0	0	992,0	0	0,0	ERA5
1059270	02/11/2024	06	02/11/2024	02	HAE	1,6	0	0,5	0	92,0	0	4,0	0	330,0	0	992,0	0	0,0	ERA5
1059271	02/11/2024	07	02/11/2024	03	HAE	1,3	0	0,0	4.lineaire	91,0	0	5,0	0	300,0	0	993,0	0	0,0	ERA5
1059272	02/11/2024	08	02/11/2024	04	HAE	1,0	0	-0,5	0	90,0	0	2,0	0	280,0	0	993,0	0	0,0	ERA5
1059273	02/11/2024	09	02/11/2024	05	HAE	0,6	0	-0,4	0	93,0	0	3,0	0	120,0	0	994,0	0	0,0	ERA5
1059274	02/11/2024	10	02/11/2024	06	HAE	0,8	0	-0,3	0	92,0	0	2,0	0	320,0	0	995,0	0	0,0	ERA5
1059275	02/11/2024	11	02/11/2024	07	HAE	0,7	0	-0,5	0	91,0	0	4,0	0	290,0	0	996,0	0	0,0	ERA5
1059276	02/11/2024	12	02/11/2024	08	HAE	0,8	0	-0,4	0	92,0	0	2,0	0	330,0	0	997,0	0	23,2	ERA5
1059277	02/11/2024	13	02/11/2024	09	HAE	0,9	0	-0,6	0	89,0	0	6,0	0	310,0	0	997,0	0	267,4	ERA5
1059278	02/11/2024	14	02/11/2024	10	HAE	1,2	0	-1,2	0	84,0	0	4,0	0	310,0	0	997,0	0	616,3	ERA5
1059279	02/11/2024	15	02/11/2024	11	HAE	1,4	0	-2,1	0	77,0	0	5,0	0	320,0	0	998,0	0	1141,2	ERA5
1059280	02/11/2024	16	02/11/2024	12	HAE	1,0	0	-2,2	0	79,0	0	4,0	0	320,0	0	998,0	0	1036,3	ERA5
1059281	02/11/2024	17	02/11/2024	13	HAE	0,9	0	-3,6	0	72,0	0	8,0	0	300,0	0	998,0	0	1014,7	ERA5
1059282	02/11/2024	18	02/11/2024	14	HAE	1,0	0	-4,3	0	68,0	0	10,0	0	300,0	0	998,0	0	974,1	ERA5
1059283	02/11/2024	19	02/11/2024	15	HAE	1,2	0	-4,5	0	66,0	0	2,0	0	310,0	0	997,0	0	560,4	ERA5
1059284	02/11/2024	20	02/11/2024	16	HAE	1,1	0	-4,8	0	64,0	0	6,0	0	300,0	0	998,0	0	483,6	ERA5
1059285	02/11/2024	21	02/11/2024	17	HAE	0,9	0	-5,3	0	63,0	0	9,0	0	300,0	0	998,0	0	222,1	ERA5
1059286	02/11/2024	22	02/11/2024	18	HAE	0,6	0	-4,8	0	67,0	0	5,0	0	320,0	0	999,0	0	12,5	ERA5
1059287	02/11/2024	23	02/11/2024	19	HAE	0,8	0	-5,4	0	63,0	0	5,0	0	280,0	0	999,0	0	0,0	ERA5
1059288	03/11/2024	00	02/11/2024	20	HAE	0,6	0	-5,4	0	64,0	0	4,0	0	240,0	0	999,0	0	0,0	ERA5
1059289	03/11/2024	01	02/11/2024	21	HAE	0,6	0	-5,1	0	65,0	0	5,0	0	250,0	0	999,0	0	0,0	ERA5
1059290	03/11/2024	02	02/11/2024	22	HAE	0,6	0	-4,6	0	68,0	0	3,0	0	240,0	0	1000,0	0	0,0	ERA5
1059291	03/11/2024	03	02/11/2024	23	HAE	0,6	0	-4,4	0	69,0	0	3,0	0	250,0	0	1000,0	0	0,0	ERA5
1059292	03/11/2024	04	03/11/2024	00	HAE	0,6	0	-4,3	0	70,0	0	4,0	0	280,0	0	1000,0	0	0,0	ERA5
1059293	03/11/2024	05	03/11/2024	01	HAE	0,6	4.constant	-4,3	4.constant	70,0	4.constant	4,0	4.constant	280,0	4.constant	1000,0	4.constant	0,0	ERA5
1059294	03/11/2024	06	03/11/2024	01	HNE	-0,25	4.lineaire	-5,0	4.lineaire	70,5	4.lineaire	4,0	4.lineaire	270,0	4.lineaire	1000,0	4.lineaire	0,0	ERA5
1059295	03/11/2024	07	03/11/2024	02	HNE	-1,1	0	-5,7	0	71,0	0	4,0	0	260,0	0	1000,0	0	0,0	ERA5
1059296	03/11/2024	08	03/11/2024	03	HNE	-1,8	0	-6,1	0	72,0	0	2,0	0	280,0	0	1000,0	0	0,0	ERA5
1059297	03/11/2024	09	03/11/2024	04	HNE	-2,5	4.lineaire	-6,2	4.lineaire	75,5	4.lineaire	1,5	4.lineaire	270,0	4.lineaire	1000,5	4.lineaire	0,0	ERA5
1059298	03/11/2024	10	03/11/2024	05	HNE	-3,2	0	-6,3	0	79,0	0	1,0	0	260,0	0	1001,0	0	0,0	ERA5
1059299	03/11/2024	11	03/11/2024	06	HNE	-2,9	0	-5,3	0	83,0	0	0,0	0	360,0	0	1002,0	0	0,0	ERA5
1059300	03/11/2024	12	03/11/2024	07	HNE	-2,4	0	-5,5	0	79,0	0	2,0	0	240,0	0	1002,0	0	34,1	ERA5
1059301	03/11/2024	13	03/11/2024	08	HNE	-0,9	0	-5,8	0	70,0	0	4,0	0	250,0	0	1003,0	0	429,8	ERA5
1059302	03/11/2024	14	03/11/2024	09	HNE	-0,3	0	-6,7	0	62,0	0	11,0	0	300,0	0	1003,0	0	957,8	ERA5
1059303	03/11/2024	15	03/11/2024	10	HNE	0,9	0	-6,8	0	57,0	0	3,0	0	330,0	0	1003,0	0	1392,4	ERA5
1059304	03/11/2024	16	03/11/2024	11	HNE	1,9	0	-6,9	0	52,0	0	5,0	0	280,0	0	1003,0	0	1668,1	ERA5
1059305	03/11/2024	17	03/11/2024	12	HNE	2,7	0	-6,6	0	50,0	0	8,0	0	270,0	0	1002,0	0	1755,0	ERA5
1059306	03/11/2024	18	03/11/2024	13	HNE	3,8	0	-5,6	0	50,0	0	8,0	0	360,0	0	1002,0	0	1643,9	ERA5
1059307	03/11/2024	19	03/11/2024	14	HNE	3,7	0	-6,3	0	48,0	0	12,0	0	340,0	0	1002,0	0	1339,1	ERA5
1059308	03/11/2024	20	03/11/2024	15	HNE	3,2	0	-6,2	0	50,0	0	7,0	0	320,0	0	1003,0	0	889,1	ERA5
1059309	03/11/2024	21	03/11/2024	16	HNE	2,4	0	-6,4	0	52,0	0	4,0	0	300,0	0	1003,0	0	362,4	ERA5
1059310	03/11/2024	22	03/11/2024	17	HNE	1,5	0	-6,7	0	54,0	0	3,0	0	300,0	0	1003,0	0	16,9	ERA5
1059311	03/11/2024	23	03/11/2024	18	HNE	-0,6	0	-5,7	0	68,0	0	1,0	0	30,0	0	1004,0	0	0,0	ERA5
1059312	04/11/2024	00	03/11/2024	19	HNE	-1,5	0	-5,9	0	72,0	0	0,0	0	0,0	0	1004,0	0	0,0	ERA5
1059313	04/11/2024	01	03/11/2024	20	HNE	-2,2	0	-5,5	0	78,0	0	0,0	0	340,0	0	1004,0	0	0,0	ERA5
1059314	04/11/2024	02	03/11/2024	21	HNE	-2,5	0	-5,0	0	83,0	0	0,0	0	90,0	0	1004,0	0	0,0	ERA5
1059315	04/11/2024	03	03/11/2024	22	HNE	-2,4	0	-5,4	0	80,0	0	3,0	0	210,0	0	1005,0	0	0,0	ERA5
1059316	04/11/2024	04	03/11/2024	23	HNE	-2,8	0	-5,3	0	83,0	0	2,0	0	160,0	0	1005,0	0	0,0	ERA5
1059317	04/11/2024	05	04/11/2024	00	HNE	-2,9	0	-5,1	0	85,0	0	3,0	0	170,0	0	1005,0	0	0,0	ERA5
1059318	04/11/2024	06	04/11/2024	01	HNE	-3,2	0	-5,4	0	85,0	0	1,0	0	210,0	0	1005,0	0	0,0	ERA5
1059319	04/11/2024	07	04/11/2024	02	HNE	-3,9	0	-5,4	0	89,0	0	2,0	0	230,0	0	1006,0	0	0,0	ERA5
1059320	04/11/2024	08	04/11/2024	03	HNE	-3,9	0	-5,4	0	89,0	0	3,0	0	160,0	0	1006,0	0	0,0	ERA5
1059321	04/11/2024	09	04/11/2024	04	HNE	-3,9	0	-5,4	0	89,0	0	5,0	0	180,0	0	1006,0	0	0,0	ERA5
1059322	04/11/2024	10	04/11/2024	05	HNE	-3,7	0	-5,3	0	89,0	0	5,0	0	180,0	0	1006,0	0	0,0	ERA5
1059323	04/11/2024	11	04/11/2024	06	HNE	-4,0	0	-5,2	0	91,0	0	5,0	0	160,0	0	1005,0	0	0,0	ERA5
1059324	04/11/2024	12	04/11/2024	07	HNE	-3,5	0	-5,2	0	88,0	0	7,0	0	170,0	0	1006,0	0	15,0	ERA5
1059325	04/11/2024	13	04/11/2024	08	HNE	-2,7	0	-4,8	0	85,0	0	6,0	0	170,0	0	1006,0	0	132,7	ERA5
1059326	04/11/2024	14	04/11/2024	09	HNE	-1,8	0	-4,4	0	83,0	0	4,0	0	140,0	0	1005,0	0	288,3	ERA5
1059327	04/11/2024	15	04/11/2024	10	HNE	-0,1	0	-3,8	0	76,0	0	9,0	0	150,0	0	1004,0	0	360,0	ERA5
1059328	04/11/2024	16	04/11/2024	11	HNE	1,1	0	-3,1	0	73,0	0	5,0	0	140,0	0	1004,0	0	553,5	ERA5
1059329	04/11/2024	17	04/11/2024	12	HNE	2,5	0	-2,5	0	69,0	0	5,0	0	100,0	0	1003,0	0	491,1	ERA5
1059330	04/11/2024	18	04/11/2024	13	HNE	3,4	0	-1,9	0	68,0	0	8,0	0	120,0	0	1002,0	0	427,7	ERA5
1059331	04/11/2024	19	04/11/2024	14	HNE	3,7	0	-1,4	0	69,0	0	9,0	0	140,0	0	1001,0	0	267,9	ERA5
1059332	04/11/2024	20	04/11/2024	15	HNE	4,2	0	-1,1	0	69,0	0	7,0	0	140,0	0	1000,0	0	180,6	ERA5
1059333	04/11/2024	21	04/11/2024	16	HNE	4,4	0	-1,9	0	63,0	0	10,0	0	150,0	0	999,0	0	104,3	ERA5
1059334	04/11/2024	22	04/11/2024	17	HNE	4,4	0	-3,1	0	58,0	0	10,0	0	160,0	0	998,0	0	2,8	ERA5
1059335	04/11/2024	23	04/11/2024	18	HNE	2,7	0	-1,0	0	77,0	0	7,0	0	140,0	0	997,0	0	0,0	ERA5
1059336	05/11/2024	00	04/11/2024	19	HNE	2,0	0	-0,1	4.lineaire	87,0	0	6,0	0	160,0	0	997,0	0	0,0	ERA5
1059337	05/11/2024	01	04/11/2024	20	HNE	1,5	0	0,8	0	95,0	0	5,0	0	160,0	0	996,0	0	0,0	ERA5
1059338	05/11/2024	02	04/11/2024	21	HNE	1,4	0	0,7	0	95,0	0	11,0	0	140,0	0	995,0	0	0,0	ERA5
1059339	05/11/2024	03	04/11/2024	22	HNE	1,4	0	0,7	0	95,0	0	7,0	0	140,0	0	994,0	0	0,0	ERA5
1059340	05/11/2024	04	04/11/2024	23	HNE	1,5	0	0,9	0	96,0	0	8,0	0	170,0	0	993,0	0	0,0	ERA5
1059341	05/11/2024	05	05/11/2024	00	HNE	1,7	0	1,2	0	96,0	0	9,0	0	170,0	0	992,0	0	0,0	ERA5
1059342	05/11/2024	06	05/11/2024	01	HNE	1,9	0	1,3	0	96,0	0	9,0	0	170,0	0	992,0	0	0,0	ERA5
1059343	05/11/2024	07	05/11/2024	02	HNE	2,1	0	1,5	0	96,0	0	8,0	0	160,0	0	991,0	0	0,0	ERA5
1059344	05/11/2024	08	05/11/2024	03	HNE	2,4	0	1,7	0	95,0	0	6,0	0	180,0	0	991,0	0	0,0	ERA5
1059345	05/11/2024	09	05/11/2024	04	HNE	2,6	0	2,0	0	96,0	0	4,0	0	190,0	0	991,0	0	0,0	ERA5
1059346	05/11/2024	10	05/11/2024	05	HNE	2,7	0	2,3	0	97,0	0	6,0	0	170,0	0	990,0	0	0,0	ERA5
1059347	05/11/2024	11	05/11/2024	06	HNE	3,0	0	2,5	0	97,0	0	6,0	0	140,0	0	990,0	0	0,0	ERA5
1059348	05/11/2024	12	05/11/2024	07	HNE	3,1	0	2,7	0	97,0	0	8,0	0	140,0	0	990,0	0	3,6	ERA5
1059349	05/11/2024	13	05/11/2024	08	HNE	3,6	0	3,2	0	97,0	0	6,0	0	150,0	0	990,0	0	40,1	ERA5
1059350	05/11/2024	14	05/11/2024	09	HNE	4,5	0	4,0	0	97,0	0	7,0	0	150,0	0	989,0	0	106,8	ERA5
1059351	05/11/2024	15	05/11/2024	10	HNE	5,3	0	4,9	0	97,0	0	7,0	0	150,0	0	989,0	0	173,8	ERA5
1059352	05/11/2024	16	05/11/2024	11	HNE	6,9	0	6,3	0	96,0	0	1,0	0	220,0	0	988,0	0	310,5	ERA5
1059353	05/11/2024	17	05/11/2024	12	HNE	8,0	0	7,4	0	96,0	0	5,0	0	150,0	0	987,0	0	200,2	ERA5
1059354	05/11/2024	18	05/11/2024	13	HNE	9,2	0	8,4	0	95,0	0	3,0	0	160,0	0	986,0	0	112,3	ERA5
1059355	05/11/2024	19	05/11/2024	14	HNE	11,1	0	10,0	0	93,0	0	5,0	0	150,0	0	985,0	0	80,1	ERA5
1059356	05/11/2024	20	05/11/2024	15	HNE	11,1	0	10,2	0	94,0	0	2,0	0	120,0	0	985,0	0	184,2	ERA5
1059357	05/11/2024	21	05/11/2024	16	HNE	12,2	0	11,1	0	93,0	0	1,0	0	180,0	0	985,0	0	159,7	ERA5
1059358	05/11/2024	22	05/11/2024	17	HNE	12,0	0	11,1	0	95,0	0	0,0	0	300,0	0	984,0	0	7,0	ERA5
1059359	05/11/2024	23	05/11/2024	18	HNE	11,4	0	10,9	0	96,0	0	1,0	0	170,0	0	984,0	0	0,0	ERA5
1059360	06/11/2024	00	05/11/2024	19	HNE	11,4	0	10,8	0	97,0	0	1,0	0	160,0	0	983,0	0	0,0	ERA5
1059361	06/11/2024	01	05/11/2024	20	HNE	12,1	0	11,4	0	96,0	0	2,0	0	170,0	0	982,0	0	0,0	ERA5
1059362	06/11/2024	02	05/11/2024	21	HNE	11,9	0	11,1	0	95,0	0	3,0	0	190,0	0	982,0	0	0,0	ERA5
1059363	06/11/2024	03	05/11/2024	22	HNE	13,7	0	12,1	0	90,0	0	6,0	0	190,0	0	981,0	0	0,0	ERA5
1059364	06/11/2024	04	05/11/2024	23	HNE	14,4	0	11,9	0	85,0	0	5,0	0	210,0	0	981,0	0	0,0	ERA5
1059365	06/11/2024	05	06/11/2024	00	HNE	14,1	0	12,0	0	87,0	0	3,0	0	170,0	0	981,0	0	0,0	ERA5
1059366	06/11/2024	06	06/11/2024	01	HNE	14,3	0	12,2	0	87,0	0	1,0	0	80,0	0	980,0	0	0,0	ERA5
1059367	06/11/2024	07	06/11/2024	02	HNE	14,3	0	12,5	0	89,0	0	2,0	0	330,0	0	980,0	0	0,0	ERA5
1059368	06/11/2024	08	06/11/2024	03	HNE	14,1	0	12,3	0	89,0	0	0,0	0	320,0	0	979,0	0	0,0	ERA5
1059369	06/11/2024	09	06/11/2024	04	HNE	14,0	0	11,8	0	87,0	0	1,0	0	160,0	0	979,0	0	0,0	ERA5
1059370	06/11/2024	10	06/11/2024	05	HNE	14,0	0	11,7	0	86,0	0	1,0	0	60,0	0	978,0	0	0,0	ERA5
1059371	06/11/2024	11	06/11/2024	06	HNE	14,6	0	11,8	0	83,0	0	1,0	0	100,0	0	978,0	0	0,0	ERA5
1059372	06/11/2024	12	06/11/2024	07	HNE	13,9	0	11,8	0	87,0	0	1,0	0	130,0	0	977,0	0	16,9	ERA5
1059373	06/11/2024	13	06/11/2024	08	HNE	15,7	0	12,4	0	81,0	0	3,0	0	110,0	0	977,0	0	263,8	ERA5
1059374	06/11/2024	14	06/11/2024	09	HNE	18,1	0	13,2	0	73,0	0	6,0	0	220,0	0	976,0	0	404,4	ERA5
1059375	06/11/2024	15	06/11/2024	10	HNE	18,9	0	13,5	0	71,0	0	8,0	0	250,0	0	977,0	0	224,0	ERA5
1059376	06/11/2024	16	06/11/2024	11	HNE	19,2	0	13,4	0	69,0	0	11,0	0	290,0	0	977,0	0	268,8	ERA5
1059377	06/11/2024	17	06/11/2024	12	HNE	19,7	0	12,3	0	62,0	0	12,0	0	260,0	0	977,0	0	533,7	ERA5
1059378	06/11/2024	18	06/11/2024	13	HNE	19,8	0	12,1	0	61,0	0	11,0	0	250,0	0	977,0	0	619,4	ERA5
1059379	06/11/2024	19	06/11/2024	14	HNE	19,9	0	11,3	0	58,0	0	9,0	0	300,0	0	978,0	0	824,0	ERA5
1059380	06/11/2024	20	06/11/2024	15	HNE	19,5	0	10,5	0	56,0	0	11,0	0	290,0	0	978,0	0	481,1	ERA5
1059381	06/11/2024	21	06/11/2024	16	HNE	15,4	0	9,9	0	70,0	0	12,0	0	310,0	0	980,0	0	181,2	ERA5
1059382	06/11/2024	22	06/11/2024	17	HNE	14,2	0	7,2	0	63,0	0	9,0	0	270,0	0	982,0	0	5,1	ERA5
1059383	06/11/2024	23	06/11/2024	18	HNE	12,9	0	6,2	0	64,0	0	10,0	0	290,0	0	983,0	0	0,0	ERA5
1059384	07/11/2024	00	06/11/2024	19	HNE	11,4	0	5,9	0	69,0	0	8,0	0	310,0	0	984,0	0	0,0	ERA5
1059385	07/11/2024	01	06/11/2024	20	HNE	9,9	0	4,7	0	70,0	0	12,0	0	310,0	0	984,0	0	0,0	ERA5
1059386	07/11/2024	02	06/11/2024	21	HNE	8,0	0	3,5	0	73,0	0	5,0	0	330,0	0	985,0	0	0,0	ERA5
1059387	07/11/2024	03	06/11/2024	22	HNE	7,0	0	3,2	0	77,0	0	7,0	0	310,0	0	985,0	0	0,0	ERA5
1059388	07/11/2024	04	06/11/2024	23	HNE	5,9	0	2,7	0	80,0	0	2,0	0	270,0	0	985,0	0	0,0	ERA5
1059389	07/11/2024	05	07/11/2024	00	HNE	5,0	0	2,4	0	83,0	0	3,0	0	260,0	0	985,0	0	0,0	ERA5
1059390	07/11/2024	06	07/11/2024	01	HNE	4,2	0	2,3	0	88,0	0	2,0	0	340,0	0	986,0	0	0,0	ERA5
1059391	07/11/2024	07	07/11/2024	02	HNE	4,0	0	2,4	0	90,0	0	0,0	0	190,0	0	986,0	0	0,0	ERA5
1059392	07/11/2024	08	07/11/2024	03	HNE	4,3	0	2,6	0	88,0	0	0,0	0	150,0	0	986,0	0	0,0	ERA5
1059393	07/11/2024	09	07/11/2024	04	HNE	4,5	0	0,1	0	73,0	0	6,0	0	300,0	0	986,0	0	0,0	ERA5
1059394	07/11/2024	10	07/11/2024	05	HNE	4,0	0	-1,0	0	70,0	0	3,0	0	290,0	0	986,0	0	0,0	ERA5
1059395	07/11/2024	11	07/11/2024	06	HNE	3,2	4.lineaire	-1,65	4.lineaire	70,5	4.lineaire	2,5	4.lineaire	310,0	4.lineaire	986,5	4.lineaire	0,0	ERA5
1059396	07/11/2024	12	07/11/2024	07	HNE	2,4	0	-2,3	0	71,0	0	2,0	0	330,0	0	987,0	0	14,6	ERA5
1059397	07/11/2024	13	07/11/2024	08	HNE	3,6	0	-2,8	0	63,0	0	5,0	0	300,0	0	988,0	0	328,2	ERA5
1059398	07/11/2024	14	07/11/2024	09	HNE	5,4	0	-2,1	0	59,0	0	4,0	0	250,0	0	987,0	0	773,4	ERA5
1059399	07/11/2024	15	07/11/2024	10	HNE	6,2	0	-2,2	0	55,0	0	7,0	0	300,0	0	987,0	0	1073,4	ERA5
1059400	07/11/2024	16	07/11/2024	11	HNE	6,8	0	-2,2	0	53,0	0	10,0	0	280,0	0	987,0	0	1243,3	ERA5
1059401	07/11/2024	17	07/11/2024	12	HNE	6,5	0	-1,9	0	55,0	0	14,0	0	310,0	0	987,0	0	1407,0	ERA5
1059402	07/11/2024	18	07/11/2024	13	HNE	7,8	0	-1,2	0	53,0	0	3,0	0	260,0	0	986,0	0	1070,9	ERA5
1059403	07/11/2024	19	07/11/2024	14	HNE	7,4	0	-1,7	0	52,0	0	5,0	0	270,0	0	986,0	0	762,3	ERA5
1059404	07/11/2024	20	07/11/2024	15	HNE	7,3	0	-1,3	0	54,0	0	4,0	0	280,0	0	986,0	0	434,7	ERA5
1059405	07/11/2024	21	07/11/2024	16	HNE	6,4	0	-1,0	0	59,0	0	3,0	0	260,0	0	986,0	0	195,3	ERA5
1059406	07/11/2024	22	07/11/2024	17	HNE	4,5	0	-0,9	0	68,0	0	2,0	0	310,0	0	986,0	0	6,3	ERA5
1059407	07/11/2024	23	07/11/2024	18	HNE	3,6	0	-0,9	0	73,0	0	1,0	0	240,0	0	987,0	0	0,0	ERA5
1059408	08/11/2024	00	07/11/2024	19	HNE	4,7	0	0,4	0	73,0	0	1,0	0	180,0	0	986,0	0	0,0	ERA5
1059409	08/11/2024	01	07/11/2024	20	HNE	4,7	0	0,1	0	72,0	0	8,0	0	220,0	0	986,0	0	0,0	ERA5
1059410	08/11/2024	02	07/11/2024	21	HNE	4,9	0	0,1	0	71,0	0	6,0	0	230,0	0	985,0	0	0,0	ERA5
1059411	08/11/2024	03	07/11/2024	22	HNE	4,7	0	-0,2	0	71,0	0	4,0	0	240,0	0	984,0	0	0,0	ERA5
1059412	08/11/2024	04	07/11/2024	23	HNE	4,8	0	-0,1	0	70,0	0	2,0	0	280,0	0	983,0	0	0,0	ERA5
1059413	08/11/2024	05	08/11/2024	00	HNE	4,3	0	0,4	0	75,0	0	4,0	0	200,0	0	983,0	0	0,0	ERA5
1059414	08/11/2024	06	08/11/2024	01	HNE	5,1	0	0,6	0	73,0	0	5,0	0	220,0	0	982,0	0	0,0	ERA5
1059415	08/11/2024	07	08/11/2024	02	HNE	5,2	0	1,1	0	75,0	0	6,0	0	190,0	0	981,0	0	0,0	ERA5
1059416	08/11/2024	08	08/11/2024	03	HNE	5,7	0	1,6	0	75,0	0	6,0	0	190,0	0	980,0	0	0,0	ERA5
1059417	08/11/2024	09	08/11/2024	04	HNE	6,1	0	1,9	0	75,0	0	3,0	0	210,0	0	979,0	0	0,0	ERA5
1059418	08/11/2024	10	08/11/2024	05	HNE	6,2	0	2,3	0	76,0	0	4,0	0	190,0	0	978,0	0	0,0	ERA5
1059419	08/11/2024	11	08/11/2024	06	HNE	7,0	0	2,5	0	73,0	0	3,0	0	210,0	0	977,0	0	0,0	ERA5
1059420	08/11/2024	12	08/11/2024	07	HNE	7,5	0	3,0	0	73,0	0	7,0	0	220,0	0	976,0	0	5,5	ERA5
1059421	08/11/2024	13	08/11/2024	08	HNE	8,3	0	2,8	0	68,0	0	8,0	0	220,0	0	976,0	0	73,2	ERA5
1059422	08/11/2024	14	08/11/2024	09	HNE	8,2	0	2,7	0	68,0	0	9,0	0	260,0	0	975,0	0	226,7	ERA5
1059423	08/11/2024	15	08/11/2024	10	HNE	7,7	0	3,6	0	75,0	0	4,0	0	270,0	0	975,0	0	261,8	ERA5
1059424	08/11/2024	16	08/11/2024	11	HNE	8,0	0	3,6	0	74,0	0	9,0	0	240,0	0	974,0	0	248,2	ERA5
1059425	08/11/2024	17	08/11/2024	12	HNE	6,3	0	2,8	0	79,0	0	7,0	0	230,0	0	974,0	0	737,3	ERA5
1059426	08/11/2024	18	08/11/2024	13	HNE	9,6	0	2,3	0	60,0	0	11,0	0	300,0	0	973,0	0	1292,5	ERA5
1059427	08/11/2024	19	08/11/2024	14	HNE	5,3	0	2,2	0	81,0	0	4,0	0	280,0	0	974,0	0	1009,8	ERA5
1059428	08/11/2024	20	08/11/2024	15	HNE	6,2	0	0,5	0	67,0	0	14,0	0	280,0	0	975,0	0	561,9	ERA5
1059429	08/11/2024	21	08/11/2024	16	HNE	6,5	0	-1,1	0	58,0	0	11,0	0	290,0	0	976,0	0	265,2	ERA5
1059430	08/11/2024	22	08/11/2024	17	HNE	5,6	0	-3,7	0	51,0	0	9,0	0	310,0	0	977,0	0	6,4	ERA5
1059431	08/11/2024	23	08/11/2024	18	HNE	4,9	0	-3,9	0	53,0	0	8,0	0	310,0	0	978,0	0	0,0	ERA5
1059432	09/11/2024	00	08/11/2024	19	HNE	3,7	0	-4,4	0	56,0	0	11,0	0	290,0	0	979,0	0	0,0	ERA5
1059433	09/11/2024	01	08/11/2024	20	HNE	4,0	0	-3,9	0	56,0	0	9,0	0	300,0	0	980,0	0	0,0	ERA5
1059434	09/11/2024	02	08/11/2024	21	HNE	4,0	0	-3,5	0	58,0	0	15,0	0	300,0	0	981,0	0	0,0	ERA5
1059435	09/11/2024	03	08/11/2024	22	HNE	3,9	0	-3,5	0	58,0	0	6,0	0	300,0	0	981,0	0	0,0	ERA5
1059436	09/11/2024	04	08/11/2024	23	HNE	3,3	0	-3,9	0	59,0	0	13,0	0	300,0	0	982,0	0	0,0	ERA5
1059437	09/11/2024	05	09/11/2024	00	HNE	2,8	0	-5,0	0	57,0	0	15,0	0	310,0	0	983,0	0	0,0	ERA5
1059438	09/11/2024	06	09/11/2024	01	HNE	1,9	0	-4,8	0	61,0	0	16,0	0	280,0	0	984,0	0	0,0	ERA5
1059439	09/11/2024	07	09/11/2024	02	HNE	1,5	0	-5,4	0	60,0	0	8,0	0	310,0	0	985,0	0	0,0	ERA5
1059440	09/11/2024	08	09/11/2024	03	HNE	1,7	0	-6,5	0	55,0	0	14,0	0	310,0	0	986,0	0	0,0	ERA5
1059441	09/11/2024	09	09/11/2024	04	HNE	1,4	0	-6,2	0	57,0	0	13,0	0	290,0	0	988,0	0	0,0	ERA5
1059442	09/11/2024	10	09/11/2024	05	HNE	1,2	0	-5,8	0	59,0	0	14,0	0	300,0	0	990,0	0	0,0	ERA5
1059443	09/11/2024	11	09/11/2024	06	HNE	0,4	0	-6,9	0	58,0	0	9,0	0	290,0	0	991,0	0	0,0	ERA5
1059444	09/11/2024	12	09/11/2024	07	HNE	0,6	0	-7,2	0	56,0	0	9,0	0	290,0	0	992,0	0	13,8	ERA5
1059445	09/11/2024	13	09/11/2024	08	HNE	1,2	0	-6,6	0	56,0	0	7,0	0	290,0	0	993,0	0	316,5	ERA5
1059446	09/11/2024	14	09/11/2024	09	HNE	1,6	0	-8,1	0	49,0	0	12,0	0	300,0	0	994,0	0	729,6	ERA5
1059447	09/11/2024	15	09/11/2024	10	HNE	1,9	0	-8,3	0	47,0	0	15,0	0	330,0	0	994,0	0	1214,9	ERA5
1059448	09/11/2024	16	09/11/2024	11	HNE	2,3	0	-8,5	0	45,0	0	11,0	0	340,0	0	995,0	0	1581,4	ERA5
1059449	09/11/2024	17	09/11/2024	12	HNE	2,3	0	-8,7	0	44,0	0	12,0	0	300,0	0	995,0	0	1636,8	ERA5
1059450	09/11/2024	18	09/11/2024	13	HNE	3,2	0	-9,0	0	40,0	0	13,0	0	300,0	0	995,0	0	1537,8	ERA5
1059451	09/11/2024	19	09/11/2024	14	HNE	3,5	0	-8,6	0	41,0	0	10,0	0	340,0	0	996,0	0	1265,9	ERA5
1059452	09/11/2024	20	09/11/2024	15	HNE	3,1	0	-8,9	0	41,0	0	9,0	0	300,0	0	996,0	0	810,9	ERA5
1059453	09/11/2024	21	09/11/2024	16	HNE	2,4	0	-9,1	0	42,0	0	6,0	0	290,0	0	997,0	0	292,6	ERA5
1059454	09/11/2024	22	09/11/2024	17	HNE	1,3	0	-9,3	0	45,0	0	5,0	0	240,0	0	998,0	0	5,4	ERA5
1059455	09/11/2024	23	09/11/2024	18	HNE	0,15	4.lineaire	-9,0	0	51,0	0	0,0	0	180,0	0	998,0	0	0,0	ERA5
1059456	10/11/2024	00	09/11/2024	19	HNE	-1,0	0	-8,4	0	57,0	0	3,0	0	310,0	0	998,0	0	0,0	ERA5
1059457	10/11/2024	01	09/11/2024	20	HNE	-1,1	0	-8,4	0	58,0	0	4,0	0	320,0	0	998,0	0	0,0	ERA5
1059458	10/11/2024	02	09/11/2024	21	HNE	-1,7	0	-8,6	0	59,0	0	1,0	0	50,0	0	998,0	0	0,0	ERA5
1059459	10/11/2024	03	09/11/2024	22	HNE	-2,5	0	-8,3	0	65,0	0	3,0	0	170,0	0	998,0	0	0,0	ERA5
1059460	10/11/2024	04	09/11/2024	23	HNE	-3,1	0	-7,7	0	71,0	0	0,0	0	140,0	0	998,0	0	0,0	ERA5
1059461	10/11/2024	05	10/11/2024	00	HNE	-3,0	0	-7,8	0	69,0	0	2,0	0	110,0	0	997,0	0	0,0	ERA5
1059462	10/11/2024	06	10/11/2024	01	HNE	-3,2	0	-7,9	0	70,0	0	1,0	0	80,0	0	997,0	0	0,0	ERA5
1059463	10/11/2024	07	10/11/2024	02	HNE	-3,6	0	-7,6	0	74,0	0	0,0	0	0,0	0	997,0	0	0,0	ERA5
1059464	10/11/2024	08	10/11/2024	03	HNE	-3,8	0	-7,2	0	77,0	0	3,0	0	150,0	0	997,0	0	0,0	ERA5
1059465	10/11/2024	09	10/11/2024	04	HNE	-4,1	0	-7,3	0	79,0	0	3,0	0	150,0	0	997,0	0	0,0	ERA5
1059466	10/11/2024	10	10/11/2024	05	HNE	-3,5	0	-6,6	0	79,0	0	6,0	0	200,0	0	996,0	0	0,0	ERA5
1059467	10/11/2024	11	10/11/2024	06	HNE	-2,3	0	-5,9	0	76,0	0	3,0	0	190,0	0	995,0	0	0,0	ERA5
1059468	10/11/2024	12	10/11/2024	07	HNE	-2,6	0	-5,6	0	80,0	0	3,0	0	100,0	0	995,0	0	10,4	ERA5
1059469	10/11/2024	13	10/11/2024	08	HNE	-0,6	0	-4,0	0	78,0	0	2,0	0	150,0	0	994,0	0	255,6	ERA5
1059470	10/11/2024	14	10/11/2024	09	HNE	1,6	0	-4,0	0	66,0	0	6,0	0	100,0	0	993,0	0	741,2	ERA5
1059471	10/11/2024	15	10/11/2024	10	HNE	4,6	0	-5,2	0	49,0	0	7,0	0	220,0	0	992,0	0	1178,8	ERA5
1059472	10/11/2024	16	10/11/2024	11	HNE	6,7	0	-5,8	0	41,0	0	10,0	0	220,0	0	991,0	0	1456,6	ERA5
1059473	10/11/2024	17	10/11/2024	12	HNE	8,5	0	-5,9	0	35,0	0	2,0	0	180,0	0	990,0	0	1312,1	ERA5
1059474	10/11/2024	18	10/11/2024	13	HNE	8,7	0	-6,6	0	33,0	0	6,0	0	220,0	0	989,0	0	1271,1	ERA5
1059475	10/11/2024	19	10/11/2024	14	HNE	9,0	0	-9,0	0	27,0	0	7,0	0	220,0	0	989,0	0	1075,9	ERA5
1059476	10/11/2024	20	10/11/2024	15	HNE	8,2	0	-7,4	0	32,0	0	2,0	0	170,0	0	988,0	0	561,4	ERA5
1059477	10/11/2024	21	10/11/2024	16	HNE	6,7	0	-5,6	0	41,0	0	3,0	0	220,0	0	987,0	0	161,0	ERA5
1059478	10/11/2024	22	10/11/2024	17	HNE	5,5	0	-5,2	0	46,0	0	0,0	0	0,0	0	986,0	0	2,6	ERA5
1059479	10/11/2024	23	10/11/2024	18	HNE	5,9	0	-6,0	0	42,0	0	4,0	0	190,0	0	985,0	0	0,0	ERA5
1059480	11/11/2024	00	10/11/2024	19	HNE	5,1	0	-3,6	0	54,0	0	1,0	0	50,0	0	986,0	0	0,0	ERA5
1059481	11/11/2024	01	10/11/2024	20	HNE	5,2	0	-3,8	0	52,0	0	2,0	0	180,0	0	984,0	0	0,0	ERA5
1059482	11/11/2024	02	10/11/2024	21	HNE	4,3	0	-2,8	0	60,0	0	0,0	0	180,0	0	983,0	0	0,0	ERA5
1059483	11/11/2024	03	10/11/2024	22	HNE	4,2	0	-2,8	0	60,0	0	5,0	0	180,0	0	982,0	0	0,0	ERA5
1059484	11/11/2024	04	10/11/2024	23	HNE	4,3	0	-2,9	0	59,0	0	2,0	0	180,0	0	981,0	0	0,0	ERA5
1059485	11/11/2024	05	11/11/2024	00	HNE	4,1	0	-2,4	0	62,0	0	3,0	0	270,0	0	980,0	0	0,0	ERA5
1059486	11/11/2024	06	11/11/2024	01	HNE	3,8	0	-0,8	0	72,0	0	2,0	0	270,0	0	979,0	0	0,0	ERA5
1059487	11/11/2024	07	11/11/2024	02	HNE	2,7	0	0,9	0	88,0	0	5,0	0	170,0	0	978,0	0	0,0	ERA5
1059488	11/11/2024	08	11/11/2024	03	HNE	2,2	0	0,8	0	91,0	0	11,0	0	130,0	0	976,0	0	0,0	ERA5
1059489	11/11/2024	09	11/11/2024	04	HNE	2,2	0	1,3	0	94,0	0	5,0	0	140,0	0	975,0	0	0,0	ERA5
1059490	11/11/2024	10	11/11/2024	05	HNE	2,5	0	1,6	0	93,0	0	5,0	0	150,0	0	973,0	0	0,0	ERA5
1059491	11/11/2024	11	11/11/2024	06	HNE	2,4	0	1,8	0	96,0	0	2,0	0	110,0	0	972,0	0	0,0	ERA5
1059492	11/11/2024	12	11/11/2024	07	HNE	2,6	0	2,0	0	96,0	0	6,0	0	170,0	0	971,0	0	0,8	ERA5
1059493	11/11/2024	13	11/11/2024	08	HNE	2,7	0	2,3	0	97,0	0	4,0	0	140,0	0	971,0	0	28,1	ERA5
1059494	11/11/2024	14	11/11/2024	09	HNE	3,6	0	3,1	0	97,0	0	6,0	0	120,0	0	970,0	0	76,0	ERA5
1059495	11/11/2024	15	11/11/2024	10	HNE	4,1	0	3,6	0	97,0	0	6,0	0	140,0	0	970,0	0	99,2	ERA5
1059496	11/11/2024	16	11/11/2024	11	HNE	5,4	0	5,0	0	97,0	0	3,0	0	160,0	0	969,0	0	189,8	ERA5
1059497	11/11/2024	17	11/11/2024	12	HNE	7,0	0	6,5	0	97,0	0	5,0	0	170,0	0	969,0	0	261,9	ERA5
1059498	11/11/2024	18	11/11/2024	13	HNE	9,2	0	8,1	0	93,0	0	1,0	0	190,0	0	969,0	0	197,4	ERA5
1059499	11/11/2024	19	11/11/2024	14	HNE	9,4	0	8,3	0	92,0	0	3,0	0	310,0	0	969,0	0	181,5	ERA5
1059500	11/11/2024	20	11/11/2024	15	HNE	9,4	0	7,6	0	89,0	0	5,0	0	220,0	0	970,0	0	189,1	ERA5
1059501	11/11/2024	21	11/11/2024	16	HNE	9,0	0	7,2	0	88,0	0	2,0	0	260,0	0	970,0	0	47,6	ERA5
1059502	11/11/2024	22	11/11/2024	17	HNE	8,8	0	6,9	0	88,0	0	3,0	0	230,0	0	970,0	0	0,7	ERA5
1059503	11/11/2024	23	11/11/2024	18	HNE	8,7	0	6,7	0	87,0	0	4,0	0	250,0	0	971,0	0	0,0	ERA5
1059504	12/11/2024	00	11/11/2024	19	HNE	8,6	0	6,6	0	87,0	0	2,0	0	160,0	0	971,0	0	0,0	ERA5
1059505	12/11/2024	01	11/11/2024	20	HNE	8,1	0	6,8	0	91,0	0	0,0	0	0,0	0	971,0	0	0,0	ERA5
1059506	12/11/2024	02	11/11/2024	21	HNE	7,6	0	6,7	0	94,0	0	0,0	0	100,0	0	971,0	0	0,0	ERA5
1059507	12/11/2024	03	11/11/2024	22	HNE	7,6	0	6,7	0	94,0	0	1,0	0	230,0	0	971,0	0	0,0	ERA5
1059508	12/11/2024	04	11/11/2024	23	HNE	7,4	0	7,0	0	97,0	0	1,0	0	240,0	0	971,0	0	0,0	ERA5
1059509	12/11/2024	05	12/11/2024	00	HNE	6,6	0	5,7	0	94,0	0	9,0	0	320,0	0	971,0	0	0,0	ERA5
1059510	12/11/2024	06	12/11/2024	01	HNE	5,9	0	5,3	0	96,0	0	6,0	0	330,0	0	971,0	0	0,0	ERA5
1059511	12/11/2024	07	12/11/2024	02	HNE	5,4	0	4,4	0	93,0	0	8,0	0	330,0	0	972,0	0	0,0	ERA5
1059512	12/11/2024	08	12/11/2024	03	HNE	3,7	0	2,3	0	91,0	0	8,0	0	320,0	0	973,0	0	0,0	ERA5
1059513	12/11/2024	09	12/11/2024	04	HNE	3,5	0	2,4	0	92,0	0	7,0	0	300,0	0	974,0	0	0,0	ERA5
1059514	12/11/2024	10	12/11/2024	05	HNE	3,5	0	1,7	0	88,0	0	12,0	0	300,0	0	976,0	0	0,0	ERA5
1059515	12/11/2024	11	12/11/2024	06	HNE	3,1	0	1,0	0	86,0	0	9,0	0	300,0	0	978,0	0	0,0	ERA5
1059516	12/11/2024	12	12/11/2024	07	HNE	2,7	0	0,6	0	86,0	0	12,0	0	320,0	0	980,0	0	1,4	ERA5
1059517	12/11/2024	13	12/11/2024	08	HNE	1,8	0	0,5	0	91,0	0	11,0	0	330,0	0	982,0	0	39,4	ERA5
1059518	12/11/2024	14	12/11/2024	09	HNE	2,3	0	-0,1	0	84,0	0	12,0	0	310,0	0	984,0	0	157,7	ERA5
1059519	12/11/2024	15	12/11/2024	10	HNE	2,7	0	-0,7	0	78,0	0	11,0	0	320,0	0	986,0	0	593,1	ERA5
1059520	12/11/2024	16	12/11/2024	11	HNE	3,1	0	-1,6	0	71,0	0	19,0	0	340,0	0	987,0	0	960,6	ERA5
1059521	12/11/2024	17	12/11/2024	12	HNE	3,2	0	-1,3	0	72,0	0	7,0	0	10,0	0	988,0	0	1247,5	ERA5
1059522	12/11/2024	18	12/11/2024	13	HNE	3,9	0	-4,7	0	53,0	0	12,0	0	340,0	0	988,0	0	1101,1	ERA5
1059523	12/11/2024	19	12/11/2024	14	HNE	3,4	0	-5,7	0	51,0	0	10,0	0	320,0	0	990,0	0	929,7	ERA5
1059524	12/11/2024	20	12/11/2024	15	HNE	2,7	0	-7,2	0	48,0	0	10,0	0	340,0	0	992,0	0	614,4	ERA5
1059525	12/11/2024	21	12/11/2024	16	HNE	1,4	0	-7,5	0	52,0	0	11,0	0	330,0	0	994,0	0	225,4	ERA5
1059526	12/11/2024	22	12/11/2024	17	HNE	0,3	0	-7,9	0	54,0	0	9,0	0	330,0	0	995,0	0	2,2	ERA5
1059527	12/11/2024	23	12/11/2024	18	HNE	-0,9	0	-7,6	0	60,0	0	2,0	0	360,0	0	996,0	0	0,0	ERA5
1059528	13/11/2024	00	12/11/2024	19	HNE	-1,6	0	-7,5	0	64,0	0	1,0	0	350,0	0	997,0	0	0,0	ERA5
1059529	13/11/2024	01	12/11/2024	20	HNE	-1,1	0	-7,3	0	63,0	0	4,0	0	290,0	0	998,0	0	0,0	ERA5
1059530	13/11/2024	02	12/11/2024	21	HNE	-0,9	0	-7,1	0	63,0	0	3,0	0	350,0	0	999,0	0	0,0	ERA5
1059531	13/11/2024	03	12/11/2024	22	HNE	-1,8	0	-7,0	0	68,0	0	0,0	0	60,0	0	999,0	0	0,0	ERA5
1059532	13/11/2024	04	12/11/2024	23	HNE	-1,8	0	-6,4	0	71,0	0	5,0	0	350,0	0	1000,0	0	0,0	ERA5
1059533	13/11/2024	05	13/11/2024	00	HNE	-2,0	0	-6,3	0	72,0	0	5,0	0	330,0	0	1001,0	0	0,0	ERA5
1059534	13/11/2024	06	13/11/2024	01	HNE	-2,4	0	-6,4	0	74,0	0	6,0	0	330,0	0	1001,0	0	0,0	ERA5
1059535	13/11/2024	07	13/11/2024	02	HNE	-2,3	0	-8,6	0	62,0	0	4,0	0	30,0	0	1002,0	0	0,0	ERA5
1059536	13/11/2024	08	13/11/2024	03	HNE	-2,9	0	-9,3	0	61,0	0	8,0	0	30,0	0	1003,0	0	0,0	ERA5
1059537	13/11/2024	09	13/11/2024	04	HNE	-3,3	0	-9,7	0	61,0	0	6,0	0	360,0	0	1004,0	0	0,0	ERA5
1059538	13/11/2024	10	13/11/2024	05	HNE	-4,0	0	-9,7	0	64,0	0	1,0	0	20,0	0	1005,0	0	0,0	ERA5
1059539	13/11/2024	11	13/11/2024	06	HNE	-4,1	0	-9,5	0	66,0	0	5,0	0	340,0	0	1006,0	0	0,0	ERA5
1059540	13/11/2024	12	13/11/2024	07	HNE	-5,1	0	-8,3	0	78,0	0	0,0	0	0,0	0	1007,0	0	6,1	ERA5
1059541	13/11/2024	13	13/11/2024	08	HNE	-3,3	0	-8,3	0	68,0	0	4,0	0	350,0	0	1007,0	0	295,3	ERA5
1059542	13/11/2024	14	13/11/2024	09	HNE	-1,8	0	-8,8	0	59,0	0	3,0	0	20,0	0	1008,0	0	798,8	ERA5
1059543	13/11/2024	15	13/11/2024	10	HNE	-0,8	0	-10,0	0	50,0	0	5,0	0	330,0	0	1007,0	0	1227,9	ERA5
1059544	13/11/2024	16	13/11/2024	11	HNE	0,1	0	-10,9	0	43,0	0	11,0	0	360,0	0	1007,0	0	1502,7	ERA5
1059545	13/11/2024	17	13/11/2024	12	HNE	0,8	0	-10,3	0	43,0	0	6,0	0	360,0	0	1007,0	0	1589,7	ERA5
1059546	13/11/2024	18	13/11/2024	13	HNE	1,9	0	-11,8	0	35,0	0	10,0	0	360,0	0	1006,0	0	1479,7	ERA5
1059547	13/11/2024	19	13/11/2024	14	HNE	1,9	0	-11,5	0	36,0	0	10,0	0	340,0	0	1006,0	0	1184,2	ERA5
1059548	13/11/2024	20	13/11/2024	15	HNE	1,0	0	-9,7	0	45,0	0	6,0	0	310,0	0	1006,0	0	746,2	ERA5
1059549	13/11/2024	21	13/11/2024	16	HNE	0,1	4.lineaire	-9,3	0	49,0	0	7,0	0	300,0	0	1006,0	0	249,0	ERA5
1059550	13/11/2024	22	13/11/2024	17	HNE	-0,8	0	-9,0	0	54,0	0	5,0	0	320,0	0	1006,0	0	1,7	ERA5
1059551	13/11/2024	23	13/11/2024	18	HNE	-1,4	0	-9,1	0	56,0	0	5,0	0	330,0	0	1006,0	0	0,0	ERA5
1059552	14/11/2024	00	13/11/2024	19	HNE	-1,8	0	-9,9	0	54,0	0	3,0	0	300,0	0	1007,0	0	0,0	ERA5
1059553	14/11/2024	01	13/11/2024	20	HNE	-3,5	0	-8,2	0	70,0	0	1,0	0	250,0	0	1007,0	0	0,0	ERA5
1059554	14/11/2024	02	13/11/2024	21	HNE	-2,9	0	-9,5	0	60,0	0	3,0	0	150,0	0	1006,0	0	0,0	ERA5
1059555	14/11/2024	03	13/11/2024	22	HNE	-3,2	0	-10,3	0	58,0	0	3,0	0	150,0	0	1006,0	0	0,0	ERA5
1059556	14/11/2024	04	13/11/2024	23	HNE	-5,0	0	-9,7	0	70,0	0	0,0	0	0,0	0	1006,0	0	0,0	ERA5
1059557	14/11/2024	05	14/11/2024	00	HNE	-5,3	0	-10,0	0	70,0	0	1,0	0	340,0	0	1006,0	0	0,0	ERA5
1059558	14/11/2024	06	14/11/2024	01	HNE	-6,2	0	-9,8	0	75,0	0	2,0	0	200,0	0	1006,0	0	0,0	ERA5
1059559	14/11/2024	07	14/11/2024	02	HNE	-6,8	0	-9,4	0	82,0	0	1,0	0	20,0	0	1005,0	0	0,0	ERA5
1059560	14/11/2024	08	14/11/2024	03	HNE	-5,7	0	-10,7	0	68,0	0	4,0	0	190,0	0	1004,0	0	0,0	ERA5
1059561	14/11/2024	09	14/11/2024	04	HNE	-6,8	0	-10,4	0	75,0	0	2,0	0	200,0	0	1004,0	0	0,0	ERA5
1059562	14/11/2024	10	14/11/2024	05	HNE	-7,4	0	-10,0	0	81,0	0	1,0	0	120,0	0	1004,0	0	0,0	ERA5
1059563	14/11/2024	11	14/11/2024	06	HNE	-7,8	0	-10,0	0	85,0	0	0,0	0	0,0	0	1003,0	0	0,0	ERA5
1059564	14/11/2024	12	14/11/2024	07	HNE	-7,0	0	-10,7	0	75,0	0	5,0	0	150,0	0	1003,0	0	4,6	ERA5
1059565	14/11/2024	13	14/11/2024	08	HNE	-5,3	0	-10,1	0	69,0	0	6,0	0	130,0	0	1002,0	0	277,5	ERA5
1059566	14/11/2024	14	14/11/2024	09	HNE	-2,8	0	-9,4	0	61,0	0	6,0	0	140,0	0	1002,0	0	769,8	ERA5
1059567	14/11/2024	15	14/11/2024	10	HNE	-0,3	0	-8,3	0	55,0	0	9,0	0	150,0	0	1001,0	0	1192,9	ERA5
1059568	14/11/2024	16	14/11/2024	11	HNE	2,5	0	-9,1	0	42,0	0	1,0	0	150,0	0	1000,0	0	1466,6	ERA5
1059569	14/11/2024	17	14/11/2024	12	HNE	2,5	0	-11,8	0	34,0	0	8,0	0	310,0	0	999,0	0	1557,3	ERA5
1059570	14/11/2024	18	14/11/2024	13	HNE	3,2	0	-9,0	0	40,0	0	7,0	0	320,0	0	998,0	0	1454,8	ERA5
1059571	14/11/2024	19	14/11/2024	14	HNE	3,8	0	-9,1	0	38,0	0	8,0	0	340,0	0	997,0	0	1171,2	ERA5
1059572	14/11/2024	20	14/11/2024	15	HNE	3,3	0	-8,5	0	42,0	0	5,0	0	330,0	0	997,0	0	738,1	ERA5
1059573	14/11/2024	21	14/11/2024	16	HNE	1,5	0	-5,9	0	58,0	0	7,0	0	330,0	0	996,0	0	242,8	ERA5
1059574	14/11/2024	22	14/11/2024	17	HNE	0,4	0	-5,3	0	66,0	0	8,0	0	320,0	0	995,0	0	1,3	ERA5
1059575	14/11/2024	23	14/11/2024	18	HNE	-1,3	0	-5,8	0	72,0	0	3,0	0	230,0	0	995,0	0	0,0	ERA5
1059576	15/11/2024	00	14/11/2024	19	HNE	-2,5	0	-6,2	0	75,0	0	2,0	0	170,0	0	995,0	0	0,0	ERA5
1059577	15/11/2024	01	14/11/2024	20	HNE	-3,0	0	-6,6	0	76,0	0	1,0	0	160,0	0	994,0	0	0,0	ERA5
1059578	15/11/2024	02	14/11/2024	21	HNE	-3,4	0	-6,9	0	76,0	0	3,0	0	180,0	0	994,0	0	0,0	ERA5
1059579	15/11/2024	03	14/11/2024	22	HNE	-4,3	0	-7,6	0	78,0	0	0,0	0	0,0	0	993,0	0	0,0	ERA5
1059580	15/11/2024	04	14/11/2024	23	HNE	-4,0	0	-8,2	0	72,0	0	1,0	0	340,0	0	992,0	0	0,0	ERA5
1059581	15/11/2024	05	15/11/2024	00	HNE	-5,0	0	-8,3	0	78,0	0	3,0	0	210,0	0	992,0	0	0,0	ERA5
1059582	15/11/2024	06	15/11/2024	01	HNE	-6,1	0	-8,5	0	83,0	0	2,0	0	290,0	0	991,0	0	0,0	ERA5
1059583	15/11/2024	07	15/11/2024	02	HNE	-6,6	0	-8,9	0	84,0	0	0,0	0	0,0	0	990,0	0	0,0	ERA5
1059584	15/11/2024	08	15/11/2024	03	HNE	-7,7	0	-9,0	0	90,0	0	1,0	0	290,0	0	990,0	0	0,0	ERA5
1059585	15/11/2024	09	15/11/2024	04	HNE	-7,3	0	-9,3	0	86,0	0	3,0	0	180,0	0	989,0	0	0,0	ERA5
1059586	15/11/2024	10	15/11/2024	05	HNE	-8,0	0	-9,4	0	89,0	0	0,0	0	20,0	0	988,0	0	0,0	ERA5
1059587	15/11/2024	11	15/11/2024	06	HNE	-8,1	0	-9,6	0	88,0	0	2,0	0	230,0	0	987,0	0	0,0	ERA5
1059588	15/11/2024	12	15/11/2024	07	HNE	-7,9	0	-9,5	0	88,0	0	0,0	0	170,0	0	987,0	0	3,4	ERA5
1059589	15/11/2024	13	15/11/2024	08	HNE	-5,6	0	-8,5	0	80,0	0	5,0	0	140,0	0	986,0	0	264,2	ERA5
1059590	15/11/2024	14	15/11/2024	09	HNE	-1,8	0	-5,9	0	74,0	0	3,0	0	120,0	0	985,0	0	770,3	ERA5
1059591	15/11/2024	15	15/11/2024	10	HNE	1,2	0	-5,5	0	61,0	0	2,0	0	50,0	0	984,0	0	1188,4	ERA5
1059592	15/11/2024	16	15/11/2024	11	HNE	4,1	0	-5,1	0	51,0	0	4,0	0	330,0	0	982,0	0	1378,3	ERA5
1059593	15/11/2024	17	15/11/2024	12	HNE	6,3	0	-6,6	0	39,0	0	7,0	0	330,0	0	981,0	0	1501,7	ERA5
1059594	15/11/2024	18	15/11/2024	13	HNE	7,1	0	-6,9	0	36,0	0	7,0	0	310,0	0	980,0	0	1403,0	ERA5
1059595	15/11/2024	19	15/11/2024	14	HNE	7,1	0	-7,0	0	36,0	0	12,0	0	330,0	0	980,0	0	922,3	ERA5
1059596	15/11/2024	20	15/11/2024	15	HNE	7,0	0	-6,4	0	38,0	0	12,0	0	320,0	0	980,0	0	505,9	ERA5
1059597	15/11/2024	21	15/11/2024	16	HNE	6,5	0	-6,4	0	39,0	0	6,0	0	310,0	0	980,0	0	134,0	ERA5
1059598	15/11/2024	22	15/11/2024	17	HNE	6,1	0	-5,3	0	44,0	0	3,0	0	270,0	0	980,0	0	0,5	ERA5
1059599	15/11/2024	23	15/11/2024	18	HNE	5,2	0	-4,9	0	48,0	0	2,0	0	150,0	0	979,0	0	0,0	ERA5
1059600	16/11/2024	00	15/11/2024	19	HNE	4,2	0	-4,3	0	54,0	0	1,0	0	300,0	0	979,0	0	0,0	ERA5
1059601	16/11/2024	01	15/11/2024	20	HNE	4,1	0	-3,9	0	56,0	0	2,0	0	320,0	0	978,0	0	0,0	ERA5
1059602	16/11/2024	02	15/11/2024	21	HNE	2,6	0	-4,1	0	61,0	0	1,0	0	200,0	0	978,0	0	0,0	ERA5
1059603	16/11/2024	03	15/11/2024	22	HNE	3,0	0	-4,7	0	57,0	0	4,0	0	240,0	0	978,0	0	0,0	ERA5
1059604	16/11/2024	04	15/11/2024	23	HNE	2,8	0	-2,9	0	66,0	0	3,0	0	350,0	0	978,0	0	0,0	ERA5
1059605	16/11/2024	05	16/11/2024	00	HNE	3,1	0	-3,3	0	63,0	0	1,0	0	230,0	0	977,0	0	0,0	ERA5
1059606	16/11/2024	06	16/11/2024	01	HNE	2,8	0	-3,2	0	65,0	0	0,0	0	320,0	0	977,0	0	0,0	ERA5
1059607	16/11/2024	07	16/11/2024	02	HNE	2,3	0	-2,1	0	73,0	0	0,0	0	90,0	0	977,0	0	0,0	ERA5
1059608	16/11/2024	08	16/11/2024	03	HNE	2,4	0	-2,6	0	70,0	0	2,0	0	320,0	0	977,0	0	0,0	ERA5
1059609	16/11/2024	09	16/11/2024	04	HNE	2,1	0	-1,7	0	76,0	0	0,0	0	330,0	0	977,0	0	0,0	ERA5
1059610	16/11/2024	10	16/11/2024	05	HNE	2,4	0	-2,2	0	72,0	0	0,0	0	0,0	0	978,0	0	0,0	ERA5
1059611	16/11/2024	11	16/11/2024	06	HNE	1,9	0	-1,4	0	79,0	0	3,0	0	40,0	0	978,0	0	0,0	ERA5
1059612	16/11/2024	12	16/11/2024	07	HNE	2,1	0	-2,0	0	74,0	0	2,0	0	230,0	0	978,0	0	0,8	ERA5
1059613	16/11/2024	13	16/11/2024	08	HNE	2,7	0	-1,4	0	74,0	0	2,0	0	80,0	0	979,0	0	84,3	ERA5
1059614	16/11/2024	14	16/11/2024	09	HNE	3,9	0	-3,7	0	57,0	0	1,0	0	300,0	0	979,0	0	420,7	ERA5
1059615	16/11/2024	15	16/11/2024	10	HNE	5,5	0	-2,5	0	56,0	0	2,0	0	40,0	0	980,0	0	517,2	ERA5
1059616	16/11/2024	16	16/11/2024	11	HNE	5,3	0	-1,5	0	61,0	0	5,0	0	330,0	0	980,0	0	717,3	ERA5
1059617	16/11/2024	17	16/11/2024	12	HNE	3,3	0	0,2	0	80,0	0	4,0	0	290,0	0	980,0	0	762,7	ERA5
1059618	16/11/2024	18	16/11/2024	13	HNE	3,8	0	1,6	0	85,0	0	3,0	0	300,0	0	981,0	0	690,9	ERA5
1059619	16/11/2024	19	16/11/2024	14	HNE	3,9	0	2,4	0	89,0	0	1,0	0	10,0	0	981,0	0	315,7	ERA5
1059620	16/11/2024	20	16/11/2024	15	HNE	4,3	0	2,3	0	87,0	0	4,0	0	300,0	0	981,0	0	216,2	ERA5
1059621	16/11/2024	21	16/11/2024	16	HNE	4,4	0	1,1	0	79,0	0	2,0	0	220,0	0	982,0	0	84,1	ERA5
1059622	16/11/2024	22	16/11/2024	17	HNE	3,9	0	0,7	0	79,0	0	2,0	0	360,0	0	982,0	0	0,3	ERA5
1059623	16/11/2024	23	16/11/2024	18	HNE	4,0	0	1,1	0	81,0	0	2,0	0	290,0	0	983,0	0	0,0	ERA5
1059624	17/11/2024	00	16/11/2024	19	HNE	4,1	0	1,7	0	85,0	0	5,0	0	310,0	0	983,0	0	0,0	ERA5
1059625	17/11/2024	01	16/11/2024	20	HNE	3,9	0	0,8	0	80,0	0	3,0	0	290,0	0	983,0	0	0,0	ERA5
1059626	17/11/2024	02	16/11/2024	21	HNE	4,2	0	0,3	0	76,0	0	5,0	0	330,0	0	984,0	0	0,0	ERA5
1059627	17/11/2024	03	16/11/2024	22	HNE	3,7	0	-0,5	0	74,0	0	4,0	0	290,0	0	984,0	0	0,0	ERA5
1059628	17/11/2024	04	16/11/2024	23	HNE	2,8	0	-1,0	0	76,0	0	1,0	0	80,0	0	984,0	0	0,0	ERA5
1059629	17/11/2024	05	17/11/2024	00	HNE	1,8	0	-1,2	0	81,0	0	2,0	0	300,0	0	984,0	0	0,0	ERA5
1059630	17/11/2024	06	17/11/2024	01	HNE	0,7	0	-1,4	0	85,0	0	1,0	0	320,0	0	985,0	0	0,0	ERA5
1059631	17/11/2024	07	17/11/2024	02	HNE	0,2	0	-2,4	0	82,0	0	1,0	0	50,0	0	985,0	0	0,0	ERA5
1059632	17/11/2024	08	17/11/2024	03	HNE	-0,7	0	-2,8	0	86,0	0	0,0	0	0,0	0	986,0	0	0,0	ERA5
1059633	17/11/2024	09	17/11/2024	04	HNE	-1,1	0	-3,9	0	82,0	0	1,0	0	300,0	0	986,0	0	0,0	ERA5
1059634	17/11/2024	10	17/11/2024	05	HNE	-1,4	0	-3,4	0	86,0	0	1,0	0	340,0	0	986,0	0	0,0	ERA5
1059635	17/11/2024	11	17/11/2024	06	HNE	-2,0	0	-3,9	0	87,0	0	0,0	0	0,0	0	987,0	0	0,0	ERA5
1059636	17/11/2024	12	17/11/2024	07	HNE	-2,4	0	-3,5	0	91,0	0	1,0	0	200,0	0	987,0	0	1,3	ERA5
1059637	17/11/2024	13	17/11/2024	08	HNE	0,5	0	-2,1	0	83,0	0	3,0	0	180,0	0	988,0	0	214,4	ERA5
1059638	17/11/2024	14	17/11/2024	09	HNE	2,3	0	-2,0	0	73,0	0	1,0	0	100,0	0	988,0	0	658,4	ERA5
1059639	17/11/2024	15	17/11/2024	10	HNE	3,2	0	-2,0	0	69,0	0	3,0	0	30,0	0	988,0	0	1001,6	ERA5
1059640	17/11/2024	16	17/11/2024	11	HNE	4,6	0	-2,2	0	61,0	0	5,0	0	30,0	0	987,0	0	1200,3	ERA5
1059641	17/11/2024	17	17/11/2024	12	HNE	5,3	0	-2,5	0	57,0	0	8,0	0	330,0	0	987,0	0	1410,0	ERA5
1059642	17/11/2024	18	17/11/2024	13	HNE	6,1	0	-2,3	0	55,0	0	7,0	0	360,0	0	986,0	0	1330,9	ERA5
1059643	17/11/2024	19	17/11/2024	14	HNE	6,6	0	-2,0	0	54,0	0	8,0	0	330,0	0	987,0	0	1074,8	ERA5
1059644	17/11/2024	20	17/11/2024	15	HNE	5,7	0	-2,1	0	57,0	0	3,0	0	340,0	0	986,0	0	652,1	ERA5
1059645	17/11/2024	21	17/11/2024	16	HNE	4,4	0	-2,3	0	62,0	0	2,0	0	270,0	0	986,0	0	207,2	ERA5
1059646	17/11/2024	22	17/11/2024	17	HNE	2,3	0	-2,5	0	71,0	0	1,0	0	220,0	0	986,0	0	0,3	ERA5
1059647	17/11/2024	23	17/11/2024	18	HNE	1,7	0	-2,5	0	73,0	0	3,0	0	270,0	0	986,0	0	0,0	ERA5
1059648	18/11/2024	00	17/11/2024	19	HNE	-0,1	0	-3,0	0	81,0	0	2,0	0	210,0	0	985,0	0	0,0	ERA5
1059649	18/11/2024	01	17/11/2024	20	HNE	0,1	0	-2,9	0	80,0	0	4,0	0	170,0	0	985,0	0	0,0	ERA5
1059650	18/11/2024	02	17/11/2024	21	HNE	-0,3	0	-2,9	0	82,0	0	3,0	0	180,0	0	984,0	0	0,0	ERA5
1059651	18/11/2024	03	17/11/2024	22	HNE	-0,4	0	-2,8	0	83,0	0	1,0	0	270,0	0	985,0	0	0,0	ERA5
1059652	18/11/2024	04	17/11/2024	23	HNE	-1,1	0	-2,9	0	88,0	0	4,0	0	170,0	0	984,0	0	0,0	ERA5
1059653	18/11/2024	05	18/11/2024	00	HNE	-0,8	0	-2,7	0	87,0	0	6,0	0	140,0	0	983,0	0	0,0	ERA5
1059654	18/11/2024	06	18/11/2024	01	HNE	-1,0	0	-2,8	0	88,0	0	3,0	0	210,0	0	982,0	0	0,0	ERA5
1059655	18/11/2024	07	18/11/2024	02	HNE	-1,1	0	-2,7	0	89,0	0	1,0	0	210,0	0	981,0	0	0,0	ERA5
1059656	18/11/2024	08	18/11/2024	03	HNE	-0,2	0	-2,2	0	87,0	0	1,0	0	320,0	0	982,0	0	0,0	ERA5
1059657	18/11/2024	09	18/11/2024	04	HNE	-0,5	0	-2,4	0	87,0	0	1,0	0	190,0	0	981,0	0	0,0	ERA5
1059658	18/11/2024	10	18/11/2024	05	HNE	-0,3	0	-2,4	0	86,0	0	3,0	0	170,0	0	981,0	0	0,0	ERA5
1059659	18/11/2024	11	18/11/2024	06	HNE	-0,5	0	-2,3	0	88,0	0	5,0	0	160,0	0	981,0	0	0,0	ERA5
1059660	18/11/2024	12	18/11/2024	07	HNE	-0,2	0	-2,1	0	87,0	0	3,0	0	140,0	0	981,0	0	0,4	ERA5
1059661	18/11/2024	13	18/11/2024	08	HNE	0,2	0	-1,9	0	86,0	0	5,0	0	170,0	0	980,0	0	130,9	ERA5
1059662	18/11/2024	14	18/11/2024	09	HNE	0,9	0	-1,5	0	84,0	0	2,0	0	160,0	0	980,0	0	397,2	ERA5
1059663	18/11/2024	15	18/11/2024	10	HNE	1,8	0	-1,1	0	81,0	0	1,0	0	130,0	0	980,0	0	384,1	ERA5
1059664	18/11/2024	16	18/11/2024	11	HNE	3,4	0	-0,4	0	76,0	0	4,0	0	190,0	0	979,0	0	432,9	ERA5
1059665	18/11/2024	17	18/11/2024	12	HNE	5,1	0	2,2	0	82,0	0	6,0	0	220,0	0	979,0	0	236,2	ERA5
1059666	18/11/2024	18	18/11/2024	13	HNE	5,4	0	2,5	0	81,0	0	9,0	0	300,0	0	978,0	0	284,4	ERA5
1059667	18/11/2024	19	18/11/2024	14	HNE	5,4	0	2,9	0	84,0	0	5,0	0	270,0	0	979,0	0	302,4	ERA5
1059668	18/11/2024	20	18/11/2024	15	HNE	5,0	0	2,2	0	82,0	0	3,0	0	310,0	0	979,0	0	179,8	ERA5
1059669	18/11/2024	21	18/11/2024	16	HNE	5,5	0	3,1	0	85,0	0	5,0	0	340,0	0	979,0	0	57,4	ERA5
1059670	18/11/2024	22	18/11/2024	17	HNE	5,4	0	2,7	0	83,0	0	8,0	0	280,0	0	980,0	0	0,1	ERA5
1059671	18/11/2024	23	18/11/2024	18	HNE	5,2	0	2,3	0	82,0	0	7,0	0	290,0	0	981,0	0	0,0	ERA5
1059672	19/11/2024	00	18/11/2024	19	HNE	4,7	0	2,3	0	84,0	0	4,0	0	310,0	0	981,0	0	0,0	ERA5
1059673	19/11/2024	01	18/11/2024	20	HNE	4,5	0	2,2	0	85,0	0	5,0	0	330,0	0	981,0	0	0,0	ERA5
1059674	19/11/2024	02	18/11/2024	21	HNE	4,5	0	1,9	0	83,0	0	9,0	0	320,0	0	981,0	0	0,0	ERA5
1059675	19/11/2024	03	18/11/2024	22	HNE	4,4	0	1,8	0	84,0	0	4,0	0	300,0	0	981,0	0	0,0	ERA5
1059676	19/11/2024	04	18/11/2024	23	HNE	4,6	0	1,6	0	81,0	0	6,0	0	310,0	0	981,0	0	0,0	ERA5
1059677	19/11/2024	05	19/11/2024	00	HNE	4,2	0	1,5	0	83,0	0	10,0	0	300,0	0	981,0	0	0,0	ERA5
1059678	19/11/2024	06	19/11/2024	01	HNE	3,0	0	1,1	0	87,0	0	2,0	0	10,0	0	982,0	0	0,0	ERA5
1059679	19/11/2024	07	19/11/2024	02	HNE	3,3	0	1,1	0	85,0	0	4,0	0	300,0	0	982,0	0	0,0	ERA5
1059680	19/11/2024	08	19/11/2024	03	HNE	2,7	0	0,9	0	88,0	0	1,0	0	350,0	0	982,0	0	0,0	ERA5
1059681	19/11/2024	09	19/11/2024	04	HNE	2,1	0	0,3	0	88,0	0	2,0	0	270,0	0	982,0	0	0,0	ERA5
1059682	19/11/2024	10	19/11/2024	05	HNE	2,2	0	1,2	0	93,0	0	2,0	0	250,0	0	982,0	0	0,0	ERA5
1059683	19/11/2024	11	19/11/2024	06	HNE	2,0	0	0,5	0	90,0	0	0,0	0	0,0	0	982,0	0	0,0	ERA5
1059684	19/11/2024	12	19/11/2024	07	HNE	1,5	0	0,5	0	93,0	0	0,0	0	0,0	0	983,0	0	0,4	ERA5
1059685	19/11/2024	13	19/11/2024	08	HNE	3,8	0	1,0	0	82,0	0	5,0	0	300,0	0	984,0	0	138,5	ERA5
1059686	19/11/2024	14	19/11/2024	09	HNE	4,6	0	0,9	0	77,0	0	2,0	0	10,0	0	984,0	0	443,4	ERA5
1059687	19/11/2024	15	19/11/2024	10	HNE	5,9	0	0,5	0	68,0	0	6,0	0	330,0	0	984,0	0	680,0	ERA5
1059688	19/11/2024	16	19/11/2024	11	HNE	6,8	0	0,5	0	64,0	0	8,0	0	300,0	0	983,0	0	888,5	ERA5
1059689	19/11/2024	17	19/11/2024	12	HNE	6,7	0	1,0	0	67,0	0	7,0	0	340,0	0	983,0	0	977,3	ERA5
1059690	19/11/2024	18	19/11/2024	13	HNE	7,0	0	1,2	0	66,0	0	9,0	0	320,0	0	983,0	0	817,0	ERA5
1059691	19/11/2024	19	19/11/2024	14	HNE	7,2	0	1,3	0	66,0	0	6,0	0	340,0	0	983,0	0	573,0	ERA5
1059692	19/11/2024	20	19/11/2024	15	HNE	6,8	0	0,9	0	66,0	0	8,0	0	320,0	0	983,0	0	336,0	ERA5
1059693	19/11/2024	21	19/11/2024	16	HNE	6,0	0	1,1	0	71,0	0	2,0	0	280,0	0	982,0	0	105,7	ERA5
1059694	19/11/2024	22	19/11/2024	17	HNE	4,9	0	0,8	0	75,0	0	4,0	0	260,0	0	983,0	0	0,0	ERA5
1059695	19/11/2024	23	19/11/2024	18	HNE	4,4	0	0,6	0	77,0	0	6,0	0	280,0	0	983,0	0	0,0	ERA5
1059696	20/11/2024	00	19/11/2024	19	HNE	3,9	0	0,6	0	79,0	0	3,0	0	250,0	0	983,0	0	0,0	ERA5
1059697	20/11/2024	01	19/11/2024	20	HNE	3,2	0	0,4	0	82,0	0	2,0	0	290,0	0	983,0	0	0,0	ERA5
1059698	20/11/2024	02	19/11/2024	21	HNE	2,5	0	0,4	0	86,0	0	3,0	0	20,0	0	983,0	0	0,0	ERA5
1059699	20/11/2024	03	19/11/2024	22	HNE	2,1	0	0,1	0	87,0	0	4,0	0	300,0	0	983,0	0	0,0	ERA5
1059700	20/11/2024	04	19/11/2024	23	HNE	1,6	0	-0,1	0	89,0	0	1,0	0	120,0	0	983,0	0	0,0	ERA5
1059701	20/11/2024	05	20/11/2024	00	HNE	1,6	0	0,1	0	90,0	0	0,0	0	180,0	0	983,0	0	0,0	ERA5
1059702	20/11/2024	06	20/11/2024	01	HNE	1,8	0	0,1	0	89,0	0	3,0	0	350,0	0	983,0	0	0,0	ERA5
1059703	20/11/2024	07	20/11/2024	02	HNE	1,8	0	0,2	0	89,0	0	1,0	0	220,0	0	983,0	0	0,0	ERA5
1059704	20/11/2024	08	20/11/2024	03	HNE	1,5	0	0,2	0	91,0	0	2,0	0	340,0	0	983,0	0	0,0	ERA5
1059705	20/11/2024	09	20/11/2024	04	HNE	1,7	0	0,2	0	90,0	0	3,0	0	350,0	0	983,0	0	0,0	ERA5
1059706	20/11/2024	10	20/11/2024	05	HNE	1,8	0	0,4	0	90,0	0	1,0	0	300,0	0	983,0	0	0,0	ERA5
1059707	20/11/2024	11	20/11/2024	06	HNE	1,6	0	0,2	0	90,0	0	1,0	0	350,0	0	983,0	0	0,0	ERA5
1059708	20/11/2024	12	20/11/2024	07	HNE	1,8	0	0,6	0	92,0	0	1,0	0	280,0	0	984,0	0	0,1	ERA5
1059709	20/11/2024	13	20/11/2024	08	HNE	2,6	0	1,2	0	90,0	0	4,0	0	350,0	0	984,0	0	101,4	ERA5
1059710	20/11/2024	14	20/11/2024	09	HNE	3,6	0	1,9	0	89,0	0	4,0	0	350,0	0	984,0	0	217,5	ERA5
1059711	20/11/2024	15	20/11/2024	10	HNE	4,9	0	2,7	0	86,0	0	1,0	0	310,0	0	984,0	0	315,4	ERA5
1059712	20/11/2024	16	20/11/2024	11	HNE	5,3	0	3,4	0	88,0	0	3,0	0	350,0	0	983,0	0	343,7	ERA5
1059713	20/11/2024	17	20/11/2024	12	HNE	6,2	0	3,5	0	83,0	0	2,0	0	330,0	0	983,0	0	379,1	ERA5
1059714	20/11/2024	18	20/11/2024	13	HNE	7,4	0	3,5	0	76,0	0	4,0	0	90,0	0	982,0	0	425,4	ERA5
1059715	20/11/2024	19	20/11/2024	14	HNE	7,9	0	3,4	0	73,0	0	10,0	0	60,0	0	983,0	0	326,9	ERA5
1059716	20/11/2024	20	20/11/2024	15	HNE	7,4	0	3,7	0	77,0	0	2,0	0	40,0	0	983,0	0	181,3	ERA5
1059717	20/11/2024	21	20/11/2024	16	HNE	6,8	0	3,7	0	80,0	0	6,0	0	30,0	0	983,0	0	41,3	ERA5
1059718	20/11/2024	22	20/11/2024	17	HNE	6,5	0	3,7	0	82,0	0	7,0	0	90,0	0	984,0	0	0,0	ERA5
1059719	20/11/2024	23	20/11/2024	18	HNE	6,2	0	4,1	0	86,0	0	7,0	0	110,0	0	984,0	0	0,0	ERA5
1059720	21/11/2024	00	20/11/2024	19	HNE	6,1	0	4,1	0	87,0	0	6,0	0	70,0	0	984,0	0	0,0	ERA5
1059721	21/11/2024	01	20/11/2024	20	HNE	6,0	0	4,0	0	87,0	0	4,0	0	70,0	0	984,0	0	0,0	ERA5
1059722	21/11/2024	02	20/11/2024	21	HNE	6,0	0	3,6	0	85,0	0	7,0	0	100,0	0	983,0	0	0,0	ERA5
1059723	21/11/2024	03	20/11/2024	22	HNE	6,0	0	3,0	0	81,0	0	5,0	0	110,0	0	983,0	0	0,0	ERA5
1059724	21/11/2024	04	20/11/2024	23	HNE	6,0	0	2,6	0	79,0	0	7,0	0	90,0	0	983,0	0	0,0	ERA5
1059725	21/11/2024	05	21/11/2024	00	HNE	5,9	0	2,0	0	76,0	0	11,0	0	100,0	0	982,0	0	0,0	ERA5
1059726	21/11/2024	06	21/11/2024	01	HNE	5,6	0	1,8	0	76,0	0	6,0	0	100,0	0	982,0	0	0,0	ERA5
1059727	21/11/2024	07	21/11/2024	02	HNE	5,4	0	1,5	0	76,0	0	9,0	0	90,0	0	982,0	0	0,0	ERA5
1059728	21/11/2024	08	21/11/2024	03	HNE	5,1	0	1,7	0	79,0	0	12,0	0	90,0	0	982,0	0	0,0	ERA5
1059729	21/11/2024	09	21/11/2024	04	HNE	4,9	0	1,9	0	81,0	0	9,0	0	100,0	0	982,0	0	0,0	ERA5
1059730	21/11/2024	10	21/11/2024	05	HNE	4,7	0	1,7	0	81,0	0	11,0	0	110,0	0	981,0	0	0,0	ERA5
1059731	21/11/2024	11	21/11/2024	06	HNE	4,7	0	1,5	0	80,0	0	14,0	0	100,0	0	981,0	0	0,0	ERA5
1059732	21/11/2024	12	21/11/2024	07	HNE	4,5	0	1,5	0	80,0	0	8,0	0	120,0	0	981,0	0	0,0	ERA5
1059733	21/11/2024	13	21/11/2024	08	HNE	4,5	0	1,4	0	80,0	0	12,0	0	110,0	0	981,0	0	40,7	ERA5
1059734	21/11/2024	14	21/11/2024	09	HNE	4,9	0	1,4	0	78,0	0	15,0	0	70,0	0	980,0	0	149,9	ERA5
1059735	21/11/2024	15	21/11/2024	10	HNE	5,4	0	1,7	0	77,0	0	12,0	0	130,0	0	980,0	0	301,0	ERA5
1059736	21/11/2024	16	21/11/2024	11	HNE	6,0	0	1,9	0	75,0	0	9,0	0	80,0	0	980,0	0	336,2	ERA5
1059737	21/11/2024	17	21/11/2024	12	HNE	6,2	0	2,2	0	76,0	0	15,0	0	100,0	0	979,0	0	420,5	ERA5
1059738	21/11/2024	18	21/11/2024	13	HNE	6,3	0	2,5	0	77,0	0	13,0	0	60,0	0	979,0	0	239,2	ERA5
1059739	21/11/2024	19	21/11/2024	14	HNE	6,2	0	3,2	0	81,0	0	8,0	0	40,0	0	978,0	0	153,8	ERA5
1059740	21/11/2024	20	21/11/2024	15	HNE	5,8	0	3,6	0	86,0	0	8,0	0	60,0	0	978,0	0	73,5	ERA5
1059741	21/11/2024	21	21/11/2024	16	HNE	5,3	0	4,0	0	92,0	0	7,0	0	50,0	0	978,0	0	8,7	ERA5
1059742	21/11/2024	22	21/11/2024	17	HNE	5,3	0	3,6	0	89,0	0	5,0	0	70,0	0	978,0	0	0,0	ERA5
1059743	21/11/2024	23	21/11/2024	18	HNE	5,4	0	3,6	0	88,0	0	6,0	0	70,0	0	978,0	0	0,0	ERA5
1059744	22/11/2024	00	21/11/2024	19	HNE	5,7	0	3,7	0	87,0	0	8,0	0	70,0	0	978,0	0	0,0	ERA5
1059745	22/11/2024	01	21/11/2024	20	HNE	5,6	0	3,4	0	86,0	0	13,0	0	90,0	0	978,0	0	0,0	ERA5
1059746	22/11/2024	02	21/11/2024	21	HNE	5,6	0	3,0	0	83,0	0	11,0	0	70,0	0	977,0	0	0,0	ERA5
1059747	22/11/2024	03	21/11/2024	22	HNE	5,4	0	2,5	0	82,0	0	14,0	0	110,0	0	977,0	0	0,0	ERA5
1059748	22/11/2024	04	21/11/2024	23	HNE	5,3	0	2,1	0	80,0	0	18,0	0	110,0	0	977,0	0	0,0	ERA5
1059749	22/11/2024	05	22/11/2024	00	HNE	5,2	0	1,8	0	79,0	0	10,0	0	90,0	0	976,0	0	0,0	ERA5
1059750	22/11/2024	06	22/11/2024	01	HNE	4,9	0	2,0	0	82,0	0	10,0	0	90,0	0	976,0	0	0,0	ERA5
1059751	22/11/2024	07	22/11/2024	02	HNE	4,8	0	1,9	0	81,0	0	13,0	0	70,0	0	976,0	0	0,0	ERA5
1059752	22/11/2024	08	22/11/2024	03	HNE	4,6	0	1,7	0	82,0	0	12,0	0	80,0	0	976,0	0	0,0	ERA5
1059753	22/11/2024	09	22/11/2024	04	HNE	4,6	0	1,7	0	82,0	0	17,0	0	70,0	0	975,0	0	0,0	ERA5
1059754	22/11/2024	10	22/11/2024	05	HNE	4,4	0	2,0	0	84,0	0	20,0	0	90,0	0	976,0	0	0,0	ERA5
1059755	22/11/2024	11	22/11/2024	06	HNE	4,3	0	2,1	0	85,0	0	17,0	0	80,0	0	975,0	0	0,0	ERA5
1059756	22/11/2024	12	22/11/2024	07	HNE	4,3	0	2,0	0	85,0	0	19,0	0	70,0	0	975,0	0	0,0	ERA5
1059757	22/11/2024	13	22/11/2024	08	HNE	4,3	0	2,1	0	85,0	0	17,0	0	80,0	0	975,0	0	22,0	ERA5
1059758	22/11/2024	14	22/11/2024	09	HNE	4,5	0	2,1	0	84,0	0	14,0	0	110,0	0	976,0	0	68,3	ERA5
1059759	22/11/2024	15	22/11/2024	10	HNE	4,4	0	2,4	0	87,0	0	13,0	0	100,0	0	976,0	0	94,8	ERA5
1059760	22/11/2024	16	22/11/2024	11	HNE	4,4	0	2,3	0	86,0	0	21,0	0	100,0	0	976,0	0	173,5	ERA5
1059761	22/11/2024	17	22/11/2024	12	HNE	4,8	0	2,7	0	86,0	0	10,0	0	80,0	0	976,0	0	124,3	ERA5
1059762	22/11/2024	18	22/11/2024	13	HNE	4,3	0	2,5	0	88,0	0	10,0	0	90,0	0	976,0	0	155,4	ERA5
1059763	22/11/2024	19	22/11/2024	14	HNE	4,3	0	2,6	0	88,0	0	11,0	0	100,0	0	976,0	0	180,4	ERA5
1059764	22/11/2024	20	22/11/2024	15	HNE	4,5	0	2,4	0	86,0	0	12,0	0	100,0	0	976,0	0	95,8	ERA5
1059765	22/11/2024	21	22/11/2024	16	HNE	4,6	0	2,1	0	84,0	0	11,0	0	60,0	0	976,0	0	22,7	ERA5
1059766	22/11/2024	22	22/11/2024	17	HNE	4,2	0	1,6	0	83,0	0	10,0	0	80,0	0	976,0	0	0,0	ERA5
1059767	22/11/2024	23	22/11/2024	18	HNE	3,9	0	1,5	0	84,0	0	10,0	0	100,0	0	977,0	0	0,0	ERA5
1059768	23/11/2024	00	22/11/2024	19	HNE	3,6	0	1,3	0	85,0	0	10,0	0	70,0	0	977,0	0	0,0	ERA5
1059769	23/11/2024	01	22/11/2024	20	HNE	3,5	0	1,3	0	86,0	0	7,0	0	130,0	0	977,0	0	0,0	ERA5
1059770	23/11/2024	02	22/11/2024	21	HNE	3,3	0	1,1	0	86,0	0	10,0	0	40,0	0	976,0	0	0,0	ERA5
1059771	23/11/2024	03	22/11/2024	22	HNE	3,1	0	0,9	0	85,0	0	6,0	0	40,0	0	976,0	0	0,0	ERA5
1059772	23/11/2024	04	22/11/2024	23	HNE	3,3	0	0,7	0	83,0	0	3,0	0	350,0	0	975,0	0	0,0	ERA5
1059773	23/11/2024	05	23/11/2024	00	HNE	3,4	0	0,7	0	82,0	0	3,0	0	20,0	0	974,0	0	0,0	ERA5
1059774	23/11/2024	06	23/11/2024	01	HNE	3,4	0	0,7	0	82,0	0	4,0	0	340,0	0	974,0	0	0,0	ERA5
1059775	23/11/2024	07	23/11/2024	02	HNE	3,4	0	0,7	0	83,0	0	10,0	0	360,0	0	974,0	0	0,0	ERA5
1059776	23/11/2024	08	23/11/2024	03	HNE	3,1	0	0,8	0	85,0	0	9,0	0	350,0	0	974,0	0	0,0	ERA5
1059777	23/11/2024	09	23/11/2024	04	HNE	3,1	0	0,5	0	84,0	0	12,0	0	330,0	0	973,0	0	0,0	ERA5
1059778	23/11/2024	10	23/11/2024	05	HNE	2,2	0	0,5	0	89,0	0	9,0	0	320,0	0	972,0	0	0,0	ERA5
1059779	23/11/2024	11	23/11/2024	06	HNE	2,2	0	0,4	0	88,0	0	7,0	0	330,0	0	971,0	0	0,0	ERA5
1059780	23/11/2024	12	23/11/2024	07	HNE	1,2	0	0,2	0	93,0	0	6,0	0	320,0	0	971,0	0	0,0	ERA5
1059781	23/11/2024	13	23/11/2024	08	HNE	0,5	0	-0,2	0	95,0	0	9,0	0	320,0	0	971,0	0	34,4	ERA5
1059782	23/11/2024	14	23/11/2024	09	HNE	0,6	0	-0,1	0	95,0	0	9,0	0	330,0	0	970,0	0	127,6	ERA5
1059783	23/11/2024	15	23/11/2024	10	HNE	1,4	0	0,5	0	94,0	0	10,0	0	310,0	0	970,0	0	170,5	ERA5
1059784	23/11/2024	16	23/11/2024	11	HNE	1,9	0	0,8	0	92,0	0	11,0	0	330,0	0	969,0	0	361,3	ERA5
1059785	23/11/2024	17	23/11/2024	12	HNE	2,5	0	1,1	0	90,0	0	11,0	0	320,0	0	968,0	0	469,2	ERA5
1059786	23/11/2024	18	23/11/2024	13	HNE	2,8	0	1,0	0	88,0	0	12,0	0	340,0	0	968,0	0	359,6	ERA5
1059787	23/11/2024	19	23/11/2024	14	HNE	2,8	0	0,9	0	87,0	0	13,0	0	330,0	0	968,0	0	125,4	ERA5
1059788	23/11/2024	20	23/11/2024	15	HNE	2,3	0	0,6	0	88,0	0	13,0	0	330,0	0	968,0	0	119,6	ERA5
1059789	23/11/2024	21	23/11/2024	16	HNE	2,0	0	0,6	0	90,0	0	13,0	0	310,0	0	968,0	0	45,8	ERA5
1059790	23/11/2024	22	23/11/2024	17	HNE	2,1	0	0,55	4.lineaire	86,0	0	11,0	0	310,0	0	968,0	0	0,0	ERA5
1059791	23/11/2024	23	23/11/2024	18	HNE	2,1	0	0,5	0	89,0	0	9,0	0	310,0	0	968,0	0	0,0	ERA5
1059792	24/11/2024	00	23/11/2024	19	HNE	1,9	0	0,5	0	90,0	0	8,0	0	290,0	0	968,0	0	0,0	ERA5
1059793	24/11/2024	01	23/11/2024	20	HNE	1,9	0	0,5	0	91,0	0	5,0	0	280,0	0	968,0	0	0,0	ERA5
1059794	24/11/2024	02	23/11/2024	21	HNE	1,6	0	0,6	0	93,0	0	5,0	0	300,0	0	968,0	0	0,0	ERA5
1059795	24/11/2024	03	23/11/2024	22	HNE	1,7	0	0,8	0	94,0	0	1,0	0	310,0	0	967,0	0	0,0	ERA5
1059796	24/11/2024	04	23/11/2024	23	HNE	1,8	0	0,5	0	91,0	0	7,0	0	290,0	0	967,0	0	0,0	ERA5
1059797	24/11/2024	05	24/11/2024	00	HNE	1,7	0	0,4	0	91,0	0	5,0	0	290,0	0	967,0	0	0,0	ERA5
1059798	24/11/2024	06	24/11/2024	01	HNE	1,5	0	0,2	0	91,0	0	4,0	0	280,0	0	967,0	0	0,0	ERA5
1059799	24/11/2024	07	24/11/2024	02	HNE	1,0	0	-0,1	0	92,0	0	5,0	0	300,0	0	967,0	0	0,0	ERA5
1059800	24/11/2024	08	24/11/2024	03	HNE	1,3	0	-0,2	0	90,0	0	9,0	0	300,0	0	967,0	0	0,0	ERA5
1059801	24/11/2024	09	24/11/2024	04	HNE	1,2	0	-0,1	0	91,0	0	4,0	0	280,0	0	967,0	0	0,0	ERA5
1059802	24/11/2024	10	24/11/2024	05	HNE	1,3	0	-0,1	4.lineaire	92,0	0	7,0	0	280,0	0	968,0	0	0,0	ERA5
1059803	24/11/2024	11	24/11/2024	06	HNE	1,1	0	-0,1	0	92,0	0	5,0	0	280,0	0	969,0	0	0,0	ERA5
1059804	24/11/2024	12	24/11/2024	07	HNE	1,3	0	0,1	0	92,0	0	6,0	0	290,0	0	969,0	0	0,0	ERA5
1059805	24/11/2024	13	24/11/2024	08	HNE	1,5	0	0,3	0	92,0	0	5,0	0	320,0	0	969,0	0	30,4	ERA5
1059806	24/11/2024	14	24/11/2024	09	HNE	2,0	0	0,6	0	91,0	0	6,0	0	280,0	0	970,0	0	126,9	ERA5
1059807	24/11/2024	15	24/11/2024	10	HNE	1,8	0	0,3	0	89,0	0	7,0	0	290,0	0	970,0	0	290,1	ERA5
1059808	24/11/2024	16	24/11/2024	11	HNE	2,0	0	0,1	0	87,0	0	6,0	0	250,0	0	970,0	0	358,4	ERA5
1059809	24/11/2024	17	24/11/2024	12	HNE	1,6	0	-0,4	0	86,0	0	6,0	0	280,0	0	971,0	0	457,2	ERA5
1059810	24/11/2024	18	24/11/2024	13	HNE	1,7	0	-0,6	0	84,0	0	10,0	0	290,0	0	971,0	0	431,6	ERA5
1059811	24/11/2024	19	24/11/2024	14	HNE	1,0	0	-1,3	0	85,0	0	8,0	0	290,0	0	972,0	0	254,7	ERA5
1059812	24/11/2024	20	24/11/2024	15	HNE	0,7	0	-1,7	0	84,0	0	7,0	0	310,0	0	972,0	0	215,2	ERA5
1059813	24/11/2024	21	24/11/2024	16	HNE	0,3	0	-2,0	0	85,0	0	7,0	0	280,0	0	973,0	0	64,6	ERA5
1059814	24/11/2024	22	24/11/2024	17	HNE	0,1	0	-2,1	0	85,0	0	7,0	0	300,0	0	973,0	0	0,0	ERA5
1059815	24/11/2024	23	24/11/2024	18	HNE	0,2	0	-3,0	0	79,0	0	13,0	0	290,0	0	974,0	0	0,0	ERA5
1059816	25/11/2024	00	24/11/2024	19	HNE	-0,1	0	-3,1	0	80,0	0	10,0	0	290,0	0	975,0	0	0,0	ERA5
1059817	25/11/2024	01	24/11/2024	20	HNE	-0,2	0	-3,3	0	79,0	0	8,0	0	290,0	0	976,0	0	0,0	ERA5
1059818	25/11/2024	02	24/11/2024	21	HNE	-0,5	0	-3,6	0	79,0	0	9,0	0	300,0	0	976,0	0	0,0	ERA5
1059819	25/11/2024	03	24/11/2024	22	HNE	-0,6	0	-3,4	0	81,0	0	9,0	0	290,0	0	977,0	0	0,0	ERA5
1059820	25/11/2024	04	24/11/2024	23	HNE	-0,8	0	-3,7	0	80,0	0	12,0	0	310,0	0	977,0	0	0,0	ERA5
1059821	25/11/2024	05	25/11/2024	00	HNE	-0,9	0	-3,9	0	80,0	0	9,0	0	290,0	0	977,0	0	0,0	ERA5
1059822	25/11/2024	06	25/11/2024	01	HNE	-1,0	0	-3,6	0	83,0	0	8,0	0	280,0	0	978,0	0	0,0	ERA5
1059823	25/11/2024	07	25/11/2024	02	HNE	-1,1	0	-3,3	0	85,0	0	6,0	0	280,0	0	979,0	0	0,0	ERA5
1059824	25/11/2024	08	25/11/2024	03	HNE	-1,1	0	-3,6	0	83,0	0	11,0	0	270,0	0	979,0	0	0,0	ERA5
1059825	25/11/2024	09	25/11/2024	04	HNE	-1,3	0	-3,2	0	87,0	0	7,0	0	290,0	0	979,0	0	0,0	ERA5
1059826	25/11/2024	10	25/11/2024	05	HNE	-1,1	0	-3,4	0	84,0	0	5,0	0	270,0	0	980,0	0	0,0	ERA5
1059827	25/11/2024	11	25/11/2024	06	HNE	-0,7	0	-3,4	0	82,0	0	9,0	0	290,0	0	981,0	0	0,0	ERA5
1059828	25/11/2024	12	25/11/2024	07	HNE	-0,5	0	-3,3	0	81,0	0	8,0	0	240,0	0	982,0	0	0,0	ERA5
1059829	25/11/2024	13	25/11/2024	08	HNE	-0,3	0	-3,2	0	81,0	0	6,0	0	290,0	0	982,0	0	101,1	ERA5
1059830	25/11/2024	14	25/11/2024	09	HNE	0,1	0	-3,1	0	79,0	0	5,0	0	250,0	0	983,0	0	394,8	ERA5
1059831	25/11/2024	15	25/11/2024	10	HNE	0,6	0	-2,9	0	77,0	0	7,0	0	240,0	0	983,0	0	733,8	ERA5
1059832	25/11/2024	16	25/11/2024	11	HNE	0,9	0	-2,9	0	76,0	0	8,0	0	270,0	0	984,0	0	878,1	ERA5
1059833	25/11/2024	17	25/11/2024	12	HNE	1,0	0	-2,7	0	76,0	0	8,0	0	270,0	0	984,0	0	951,3	ERA5
1059834	25/11/2024	18	25/11/2024	13	HNE	1,3	0	-2,4	0	76,0	0	7,0	0	290,0	0	985,0	0	620,1	ERA5
1059835	25/11/2024	19	25/11/2024	14	HNE	1,1	0	-2,5	0	77,0	0	5,0	0	290,0	0	985,0	0	389,9	ERA5
1059836	25/11/2024	20	25/11/2024	15	HNE	1,3	0	-2,6	0	76,0	0	3,0	0	270,0	0	985,0	0	300,1	ERA5
1059837	25/11/2024	21	25/11/2024	16	HNE	1,0	0	-2,2	0	79,0	0	2,0	0	330,0	0	986,0	0	66,5	ERA5
1059838	25/11/2024	22	25/11/2024	17	HNE	1,1	0	-2,3	0	78,0	0	6,0	0	270,0	0	987,0	0	0,0	ERA5
1059839	25/11/2024	23	25/11/2024	18	HNE	1,0	0	-2,3	0	78,0	0	6,0	0	300,0	0	987,0	0	0,0	ERA5
1059840	26/11/2024	00	25/11/2024	19	HNE	1,0	0	-2,3	0	79,0	0	4,0	0	280,0	0	987,0	0	0,0	ERA5
1059841	26/11/2024	01	25/11/2024	20	HNE	0,5	0	-2,6	0	79,0	0	1,0	0	240,0	0	987,0	0	0,0	ERA5
1059842	26/11/2024	02	25/11/2024	21	HNE	-0,1	0	-2,7	0	83,0	0	4,0	0	240,0	0	987,0	0	0,0	ERA5
1059843	26/11/2024	03	25/11/2024	22	HNE	-0,9	0	-3,3	0	84,0	0	1,0	0	280,0	0	987,0	0	0,0	ERA5
1059844	26/11/2024	04	25/11/2024	23	HNE	-1,2	0	-3,1	0	87,0	0	2,0	0	190,0	0	987,0	0	0,0	ERA5
1059845	26/11/2024	05	26/11/2024	00	HNE	-1,1	0	-2,7	0	88,0	0	0,0	0	0,0	0	987,0	0	0,0	ERA5
1059846	26/11/2024	06	26/11/2024	01	HNE	-0,8	0	-2,5	0	88,0	0	4,0	0	180,0	0	987,0	0	0,0	ERA5
1059847	26/11/2024	07	26/11/2024	02	HNE	-0,9	0	-2,2	0	91,0	0	2,0	0	140,0	0	986,0	0	0,0	ERA5
1059848	26/11/2024	08	26/11/2024	03	HNE	-0,4	0	-2,2	0	87,0	0	2,0	0	150,0	0	986,0	0	0,0	ERA5
1059849	26/11/2024	09	26/11/2024	04	HNE	-0,3	0	-2,5	0	85,0	0	3,0	0	150,0	0	986,0	0	0,0	ERA5
1059850	26/11/2024	10	26/11/2024	05	HNE	-0,3	0	-2,6	0	85,0	0	9,0	0	140,0	0	985,0	0	0,0	ERA5
1059851	26/11/2024	11	26/11/2024	06	HNE	-0,4	0	-2,9	0	83,0	0	13,0	0	120,0	0	984,0	0	0,0	ERA5
1059852	26/11/2024	12	26/11/2024	07	HNE	-0,5	0	-3,0	0	83,0	0	14,0	0	140,0	0	984,0	0	0,0	ERA5
1059853	26/11/2024	13	26/11/2024	08	HNE	-0,4	0	-2,9	0	83,0	0	14,0	0	120,0	0	983,0	0	111,9	ERA5
1059854	26/11/2024	14	26/11/2024	09	HNE	0,1	0	-2,4	0	83,0	0	9,0	0	160,0	0	983,0	0	561,3	ERA5
1059855	26/11/2024	15	26/11/2024	10	HNE	0,5	0	-2,3	0	81,0	0	9,0	0	120,0	0	982,0	0	954,0	ERA5
1059856	26/11/2024	16	26/11/2024	11	HNE	1,1	0	-1,8	0	81,0	0	8,0	0	130,0	0	981,0	0	934,6	ERA5
1059857	26/11/2024	17	26/11/2024	12	HNE	1,2	0	-1,2	0	84,0	0	7,0	0	120,0	0	980,0	0	635,1	ERA5
1059858	26/11/2024	18	26/11/2024	13	HNE	0,2	0	-0,5	0	95,0	0	10,0	0	140,0	0	979,0	0	271,0	ERA5
1059859	26/11/2024	19	26/11/2024	14	HNE	0,1	0	-0,4	0	97,0	0	8,0	0	150,0	0	978,0	0	59,0	ERA5
1059860	26/11/2024	20	26/11/2024	15	HNE	0,1	0	-0,3	0	97,0	0	7,0	0	150,0	0	978,0	0	56,5	ERA5
1059861	26/11/2024	21	26/11/2024	16	HNE	0,1	0	-0,3	0	97,0	0	10,0	0	140,0	0	978,0	0	43,8	ERA5
1059862	26/11/2024	22	26/11/2024	17	HNE	0,1	0	-0,3	0	97,0	0	10,0	0	130,0	0	978,0	0	0,0	ERA5
1059863	26/11/2024	23	26/11/2024	18	HNE	0,1	0	-0,2	0	97,0	0	8,0	0	130,0	0	979,0	0	0,0	ERA5
1059864	27/11/2024	00	26/11/2024	19	HNE	0,3	0	-0,1	0	97,0	0	5,0	0	150,0	0	979,0	0	0,0	ERA5
1059865	27/11/2024	01	26/11/2024	20	HNE	0,4	0	-0,233333	4.lineaire	97,0	0	0,0	0	160,0	0	979,0	0	0,0	ERA5
1059866	27/11/2024	02	26/11/2024	21	HNE	0,5	0	-0,366667	4.lineaire	96,0	0	1,0	0	30,0	0	979,0	0	0,0	ERA5
1059867	27/11/2024	03	26/11/2024	22	HNE	1,0	0	-0,5	0	90,0	0	6,0	0	170,0	0	979,0	0	0,0	ERA5
1059868	27/11/2024	04	26/11/2024	23	HNE	1,4	0	-0,6	0	87,0	0	5,0	0	190,0	0	980,0	0	0,0	ERA5
1059869	27/11/2024	05	27/11/2024	00	HNE	1,2	0	-1,0	0	85,0	0	4,0	0	230,0	0	980,0	0	0,0	ERA5
1059870	27/11/2024	06	27/11/2024	01	HNE	0,1	0	-1,3	0	91,0	0	3,0	0	230,0	0	980,0	0	0,0	ERA5
1059871	27/11/2024	07	27/11/2024	02	HNE	0,2	0	-1,1	0	91,0	0	1,0	0	230,0	0	980,0	0	0,0	ERA5
1059872	27/11/2024	08	27/11/2024	03	HNE	0,3	0	-0,4	0	95,0	0	2,0	0	190,0	0	980,0	0	0,0	ERA5
1059873	27/11/2024	09	27/11/2024	04	HNE	0,4	0	-0,3	0	95,0	0	4,0	0	180,0	0	979,0	0	0,0	ERA5
1059874	27/11/2024	10	27/11/2024	05	HNE	0,8	4.lineaire	-0,5	0	96,0	0	2,0	0	190,0	0	979,0	0	0,0	ERA5
1059875	27/11/2024	11	27/11/2024	06	HNE	1,2	0	-0,8	0	86,0	0	4,0	0	180,0	0	979,0	0	0,0	ERA5
1059876	27/11/2024	12	27/11/2024	07	HNE	0,8	0	-1,4	0	85,0	0	5,0	0	120,0	0	980,0	0	0,0	ERA5
1059877	27/11/2024	13	27/11/2024	08	HNE	1,5	0	-1,9	0	78,0	0	4,0	0	200,0	0	980,0	0	98,7	ERA5
1059878	27/11/2024	14	27/11/2024	09	HNE	1,3	0	-2,1	0	78,0	0	6,0	0	190,0	0	980,0	0	422,0	ERA5
1059879	27/11/2024	15	27/11/2024	10	HNE	1,6	0	-2,8	0	72,0	0	9,0	0	230,0	0	981,0	0	792,5	ERA5
1059880	27/11/2024	16	27/11/2024	11	HNE	1,6	0	-2,8	0	73,0	0	6,0	0	250,0	0	981,0	0	1053,7	ERA5
1059881	27/11/2024	17	27/11/2024	12	HNE	1,5	0	-2,8	0	73,0	0	1,0	0	220,0	0	981,0	0	992,2	ERA5
1059882	27/11/2024	18	27/11/2024	13	HNE	1,3	0	-3,2	0	72,0	0	4,0	0	260,0	0	981,0	0	999,3	ERA5
1059883	27/11/2024	19	27/11/2024	14	HNE	1,3	0	-3,1	0	73,0	0	5,0	0	250,0	0	981,0	0	776,6	ERA5
1059884	27/11/2024	20	27/11/2024	15	HNE	1,3	0	-3,1	0	72,0	0	5,0	0	200,0	0	982,0	0	457,5	ERA5
1059885	27/11/2024	21	27/11/2024	16	HNE	1,4	0	-3,0	0	73,0	0	6,0	0	240,0	0	982,0	0	109,3	ERA5
1059886	27/11/2024	22	27/11/2024	17	HNE	1,1	0	-2,8	0	75,0	0	1,0	0	250,0	0	982,0	0	0,0	ERA5
1059887	27/11/2024	23	27/11/2024	18	HNE	0,9	0	-2,5	0	78,0	0	2,0	0	180,0	0	982,0	0	0,0	ERA5
1059888	28/11/2024	00	27/11/2024	19	HNE	-0,4	0	-3,2	0	81,0	0	2,0	0	180,0	0	983,0	0	0,0	ERA5
1059889	28/11/2024	01	27/11/2024	20	HNE	-0,8	0	-3,3	0	83,0	0	1,0	0	200,0	0	983,0	0	0,0	ERA5
1059890	28/11/2024	02	27/11/2024	21	HNE	-0,8	0	-2,5	0	88,0	0	2,0	0	180,0	0	983,0	0	0,0	ERA5
1059891	28/11/2024	03	27/11/2024	22	HNE	-1,1	0	-3,3	0	85,0	0	2,0	0	210,0	0	982,0	0	0,0	ERA5
1059892	28/11/2024	04	27/11/2024	23	HNE	-2,9	0	-3,8	0	94,0	0	1,0	0	190,0	0	983,0	0	0,0	ERA5
1059893	28/11/2024	05	28/11/2024	00	HNE	-2,4	0	-4,1	0	88,0	0	4,0	0	180,0	0	983,0	0	0,0	ERA5
1059894	28/11/2024	06	28/11/2024	01	HNE	-1,9	0	-3,6	0	88,0	0	5,0	0	190,0	0	983,0	0	0,0	ERA5
1059895	28/11/2024	07	28/11/2024	02	HNE	-1,3	0	-3,3	0	86,0	0	3,0	0	180,0	0	984,0	0	0,0	ERA5
1059896	28/11/2024	08	28/11/2024	03	HNE	-0,4	0	-3,0	0	83,0	0	3,0	0	180,0	0	983,0	0	0,0	ERA5
1059897	28/11/2024	09	28/11/2024	04	HNE	0,2	0	-3,5	0	76,0	0	4,0	0	200,0	0	983,0	0	0,0	ERA5
1059898	28/11/2024	10	28/11/2024	05	HNE	-1,9	0	-3,1	0	91,0	0	5,0	0	180,0	0	983,0	0	0,0	ERA5
1059899	28/11/2024	11	28/11/2024	06	HNE	-1,9	0	-4,1	0	85,0	0	5,0	0	180,0	0	983,0	0	0,0	ERA5
1059900	28/11/2024	12	28/11/2024	07	HNE	-1,8	0	-3,8	0	86,0	0	4,0	0	170,0	0	983,0	0	0,0	ERA5
1059901	28/11/2024	13	28/11/2024	08	HNE	-1,2	0	-3,6	0	84,0	0	5,0	0	180,0	0	983,0	0	81,6	ERA5
1059902	28/11/2024	14	28/11/2024	09	HNE	-0,9	0	-3,3	0	84,0	0	4,0	0	140,0	0	982,0	0	349,4	ERA5
1059903	28/11/2024	15	28/11/2024	10	HNE	-0,1	0	-2,8	0	82,0	0	4,0	0	140,0	0	982,0	0	633,9	ERA5
1059904	28/11/2024	16	28/11/2024	11	HNE	-0,1	0	-1,9	0	87,0	0	9,0	0	130,0	0	982,0	0	716,8	ERA5
1059905	28/11/2024	17	28/11/2024	12	HNE	0,1	0	-0,9	0	93,0	0	8,0	0	140,0	0	981,0	0	753,3	ERA5
1059906	28/11/2024	18	28/11/2024	13	HNE	0,3	0	-0,5	0	95,0	0	7,0	0	130,0	0	980,0	0	472,7	ERA5
1059907	28/11/2024	19	28/11/2024	14	HNE	0,5	0	-0,2	0	95,0	0	6,0	0	160,0	0	979,0	0	303,6	ERA5
1059908	28/11/2024	20	28/11/2024	15	HNE	0,4	0	-0,2	0	96,0	0	7,0	0	170,0	0	978,0	0	183,1	ERA5
1059909	28/11/2024	21	28/11/2024	16	HNE	0,3	0	-0,2	0	96,0	0	8,0	0	150,0	0	978,0	0	45,2	ERA5
1059910	28/11/2024	22	28/11/2024	17	HNE	0,3	0	-0,2	0	96,0	0	6,0	0	170,0	0	977,0	0	0,0	ERA5
1059911	28/11/2024	23	28/11/2024	18	HNE	0,3	0	-0,2	0	96,0	0	2,0	0	180,0	0	977,0	0	0,0	ERA5
1059912	29/11/2024	00	28/11/2024	19	HNE	0,3	0	-0,3	0	96,0	0	1,0	0	350,0	0	977,0	0	0,0	ERA5
1059913	29/11/2024	01	28/11/2024	20	HNE	0,6	0	-0,3	0	94,0	0	1,0	0	320,0	0	976,0	0	0,0	ERA5
1059914	29/11/2024	02	28/11/2024	21	HNE	0,3	0	-0,4	0	95,0	0	1,0	0	280,0	0	975,0	0	0,0	ERA5
1059915	29/11/2024	03	28/11/2024	22	HNE	0,4	0	-0,3	0	95,0	0	4,0	0	320,0	0	975,0	0	0,0	ERA5
1059916	29/11/2024	04	28/11/2024	23	HNE	0,3	0	-0,3	0	95,0	0	4,0	0	310,0	0	974,0	0	0,0	ERA5
1059917	29/11/2024	05	29/11/2024	00	HNE	0,3	0	-0,3	0	96,0	0	3,0	0	310,0	0	974,0	0	0,0	ERA5
1059918	29/11/2024	06	29/11/2024	01	HNE	0,2	0	-0,3	0	96,0	0	1,0	0	290,0	0	974,0	0	0,0	ERA5
1059919	29/11/2024	07	29/11/2024	02	HNE	0,2	0	-0,3	0	96,0	0	2,0	0	300,0	0	974,0	0	0,0	ERA5
1059920	29/11/2024	08	29/11/2024	03	HNE	0,2	0	-0,4	0	96,0	0	1,0	0	300,0	0	974,0	0	0,0	ERA5
1059921	29/11/2024	09	29/11/2024	04	HNE	0,15	4.lineaire	-0,5	0	97,0	0	3,0	0	300,0	0	975,0	0	0,0	ERA5
1059922	29/11/2024	10	29/11/2024	05	HNE	0,1	0	-1,0	0	93,0	0	4,0	0	290,0	0	975,0	0	0,0	ERA5
1059923	29/11/2024	11	29/11/2024	06	HNE	-0,0666667	4.lineaire	-1,1	0	92,0	0	4,0	0	280,0	0	975,0	0	0,0	ERA5
1059924	29/11/2024	12	29/11/2024	07	HNE	-0,233333	4.lineaire	-1,4	0	91,0	0	3,0	0	270,0	0	976,0	0	0,0	ERA5
1059925	29/11/2024	13	29/11/2024	08	HNE	-0,4	0	-2,4	0	86,0	0	3,0	0	280,0	0	977,0	0	55,9	ERA5
1059926	29/11/2024	14	29/11/2024	09	HNE	-0,9	0	-3,2	0	84,0	0	5,0	0	280,0	0	977,0	0	309,9	ERA5
1059927	29/11/2024	15	29/11/2024	10	HNE	0,1	0	-3,2	0	78,0	0	6,0	0	250,0	0	977,0	0	728,4	ERA5
1059928	29/11/2024	16	29/11/2024	11	HNE	0,6	0	-3,8	0	72,0	0	1,0	0	300,0	0	977,0	0	1224,4	ERA5
1059929	29/11/2024	17	29/11/2024	12	HNE	0,5	0	-4,2	0	71,0	0	4,0	0	220,0	0	977,0	0	1296,9	ERA5
1059930	29/11/2024	18	29/11/2024	13	HNE	0,3	0	-4,8	0	69,0	0	4,0	0	290,0	0	977,0	0	1125,7	ERA5
1059931	29/11/2024	19	29/11/2024	14	HNE	0,2	0	-3,7	0	75,0	0	4,0	0	260,0	0	977,0	0	648,3	ERA5
1059932	29/11/2024	20	29/11/2024	15	HNE	-0,35	4.lineaire	-3,2	0	79,0	0	2,0	0	190,0	0	977,0	0	435,0	ERA5
1059933	29/11/2024	21	29/11/2024	16	HNE	-0,9	0	-1,8	0	94,0	0	1,0	0	80,0	0	977,0	0	116,9	ERA5
1059934	29/11/2024	22	29/11/2024	17	HNE	-1,6	0	-3,2	0	89,0	0	3,0	0	180,0	0	977,0	0	0,0	ERA5
1059935	29/11/2024	23	29/11/2024	18	HNE	-1,0	0	-2,9	0	87,0	0	3,0	0	200,0	0	977,0	0	0,0	ERA5
1059936	30/11/2024	00	29/11/2024	19	HNE	-1,1	0	-3,0	0	87,0	0	1,0	0	190,0	0	977,0	0	0,0	ERA5
1059937	30/11/2024	01	29/11/2024	20	HNE	-1,1	0	-3,1	0	87,0	0	5,0	0	200,0	0	977,0	0	0,0	ERA5
1059938	30/11/2024	02	29/11/2024	21	HNE	-1,1	0	-2,7	0	89,0	0	4,0	0	190,0	0	977,0	0	0,0	ERA5
1059939	30/11/2024	03	29/11/2024	22	HNE	-1,2	0	-2,1	0	94,0	0	0,0	0	110,0	0	977,0	0	0,0	ERA5
1059940	30/11/2024	04	29/11/2024	23	HNE	-1,3	0	-2,3	0	93,0	0	4,0	0	190,0	0	977,0	0	0,0	ERA5
1059941	30/11/2024	05	30/11/2024	00	HNE	-1,5	0	-3,3	0	88,0	0	1,0	0	220,0	0	977,0	0	0,0	ERA5
1059942	30/11/2024	06	30/11/2024	01	HNE	-1,8	0	-2,9	0	92,0	0	0,0	0	0,0	0	977,0	0	0,0	ERA5
1059943	30/11/2024	07	30/11/2024	02	HNE	-1,5	0	-3,0	0	89,0	0	1,0	0	60,0	0	977,0	0	0,0	ERA5
1059944	30/11/2024	08	30/11/2024	03	HNE	-1,2	0	-3,2	0	86,0	0	4,0	0	200,0	0	977,0	0	0,0	ERA5
1059945	30/11/2024	09	30/11/2024	04	HNE	-1,2	0	-3,8	0	82,0	0	8,0	0	190,0	0	977,0	0	0,0	ERA5
1059946	30/11/2024	10	30/11/2024	05	HNE	-1,5	0	-3,8	0	84,0	0	1,0	0	250,0	0	977,0	0	0,0	ERA5
1059947	30/11/2024	11	30/11/2024	06	HNE	-1,5	0	-3,7	0	85,0	0	3,0	0	240,0	0	977,0	0	0,0	ERA5
1059948	30/11/2024	12	30/11/2024	07	HNE	-1,6	0	-3,7	0	85,0	0	2,0	0	230,0	0	977,0	0	0,0	ERA5
1059949	30/11/2024	13	30/11/2024	08	HNE	-1,5	0	-3,9	0	83,0	0	3,0	0	250,0	0	977,0	0	70,5	ERA5
1059950	30/11/2024	14	30/11/2024	09	HNE	-1,3	0	-4,5	0	79,0	0	4,0	0	260,0	0	978,0	0	396,7	ERA5
1059951	30/11/2024	15	30/11/2024	10	HNE	-1,0	0	-4,5	0	77,0	0	3,0	0	180,0	0	978,0	0	773,0	ERA5
1059952	30/11/2024	16	30/11/2024	11	HNE	-1,0	4.lineaire	-4,65	4.lineaire	76,0	4.lineaire	2,5	4.lineaire	265,0	4.lineaire	978,0	4.lineaire	1036,0	ERA5
1059953	30/11/2024	17	30/11/2024	12	HNE	-1,0	0	-4,8	0	75,0	0	2,0	0	350,0	0	978,0	0	1086,7	ERA5
1059954	30/11/2024	18	30/11/2024	13	HNE	0,2	0	-5,8	0	64,0	0	7,0	0	250,0	0	978,0	0	1020,9	ERA5
1059955	30/11/2024	19	30/11/2024	14	HNE	-1,2	0	-6,1	0	69,0	0	3,0	0	220,0	0	978,0	0	767,7	ERA5
1059956	30/11/2024	20	30/11/2024	15	HNE	-1,7	0	-5,9	0	73,0	0	7,0	0	290,0	0	978,0	0	519,5	ERA5
1059957	30/11/2024	21	30/11/2024	16	HNE	-2,15	4.lineaire	-5,4	4.lineaire	78,5	4.lineaire	4,0	4.lineaire	195,0	4.lineaire	978,5	4.lineaire	123,6	ERA5
1059958	30/11/2024	22	30/11/2024	17	HNE	-2,6	0	-4,9	0	84,0	0	1,0	0	100,0	0	979,0	0	0,0	ERA5
1059959	30/11/2024	23	30/11/2024	18	HNE	-2,6	0	-4,2	0	89,0	0	1,0	0	290,0	0	979,0	0	0,0	ERA5
1059960	01/12/2024	00	30/11/2024	19	HNE	-2,4	0	-3,8	0	90,0	0	2,0	0	350,0	0	979,0	0	0,0	ERA5
1059961	01/12/2024	01	30/11/2024	20	HNE	-1,6	0	-4,3	0	82,0	0	4,0	0	230,0	0	979,0	0	0,0	ERA5
1059962	01/12/2024	02	30/11/2024	21	HNE	-1,6	0	-3,9	0	84,0	0	2,0	0	160,0	0	979,0	0	0,0	ERA5
1059963	01/12/2024	03	30/11/2024	22	HNE	-2,2	0	-4,8	0	82,0	0	1,0	0	260,0	0	979,0	0	0,0	ERA5
1059964	01/12/2024	04	30/11/2024	23	HNE	-2,2	0	-4,9	0	82,0	0	1,0	0	220,0	0	980,0	0	0,0	ERA5
1059965	01/12/2024	05	01/12/2024	00	HNE	-2,5	0	-4,8	0	84,0	0	1,0	0	280,0	0	980,0	0	0,0	ERA5
1059966	01/12/2024	06	01/12/2024	01	HNE	-2,55	4.lineaire	-4,5	4.lineaire	86,5	4.lineaire	2,0	4.lineaire	250,0	4.lineaire	980,5	4.lineaire	0,0	ERA5
1059967	01/12/2024	07	01/12/2024	02	HNE	-2,6	0	-4,2	0	89,0	0	3,0	0	220,0	0	981,0	0	0,0	ERA5
1059968	01/12/2024	08	01/12/2024	03	HNE	-2,4	0	-3,4	0	93,0	0	2,0	0	310,0	0	981,0	0	0,0	ERA5
1059969	01/12/2024	09	01/12/2024	04	HNE	-2,1	4.lineaire	-3,65	4.lineaire	89,5	4.lineaire	2,0	4.lineaire	250,0	4.lineaire	981,0	4.lineaire	0,0	ERA5
1059970	01/12/2024	10	01/12/2024	05	HNE	-1,8	0	-3,9	0	86,0	0	2,0	0	190,0	0	981,0	0	0,0	ERA5
1059971	01/12/2024	11	01/12/2024	06	HNE	-1,85	4.lineaire	-4,55	4.lineaire	82,0	4.lineaire	3,5	4.lineaire	190,0	4.lineaire	981,5	4.lineaire	0,0	ERA5
1059972	01/12/2024	12	01/12/2024	07	HNE	-1,9	0	-5,2	0	78,0	0	5,0	0	190,0	0	982,0	0	0,0	ERA5
1059973	01/12/2024	13	01/12/2024	08	HNE	-2,0	0	-5,3	0	78,0	0	5,0	0	220,0	0	982,0	0	57,4	ERA5
1059974	01/12/2024	14	01/12/2024	09	HNE	-2,0	0	-6,3	0	73,0	0	7,0	0	200,0	0	982,0	0	246,5	ERA5
1059975	01/12/2024	15	01/12/2024	10	HNE	-1,9	0	-6,6	0	70,0	0	6,0	0	210,0	0	982,0	0	578,5	ERA5
1059976	01/12/2024	16	01/12/2024	11	HNE	-1,65	4.lineaire	-6,3	4.lineaire	70,5	4.lineaire	6,0	4.lineaire	210,0	4.lineaire	982,0	4.lineaire	995,9	ERA5
1059977	01/12/2024	17	01/12/2024	12	HNE	-1,4	0	-6,0	0	71,0	0	6,0	0	210,0	0	982,0	0	1049,4	ERA5
1059978	01/12/2024	18	01/12/2024	13	HNE	-1,7	0	-5,7	0	74,0	0	8,0	0	220,0	0	982,0	0	994,0	ERA5
1059979	01/12/2024	19	01/12/2024	14	HNE	-1,4	0	-6,5	0	68,0	0	6,0	0	250,0	0	982,0	0	770,7	ERA5
1059980	01/12/2024	20	01/12/2024	15	HNE	-1,8	0	-6,7	0	69,0	0	3,0	0	250,0	0	982,0	0	411,1	ERA5
1059981	01/12/2024	21	01/12/2024	16	HNE	-2,3	0	-6,5	0	73,0	0	1,0	0	320,0	0	983,0	0	102,6	ERA5
1059982	01/12/2024	22	01/12/2024	17	HNE	-2,55	4.lineaire	-6,5	4.lineaire	74,5	4.lineaire	3,5	4.lineaire	275,0	4.lineaire	983,0	4.lineaire	0,0	ERA5
1059983	01/12/2024	23	01/12/2024	18	HNE	-2,8	0	-6,5	0	76,0	0	6,0	0	230,0	0	983,0	0	0,0	ERA5
1059984	02/12/2024	00	01/12/2024	19	HNE	-4,2	0	-7,0	0	81,0	0	2,0	0	130,0	0	984,0	0	0,0	ERA5
1059985	02/12/2024	01	01/12/2024	20	HNE	-4,4	0	-6,5	0	85,0	0	1,0	0	200,0	0	984,0	0	0,0	ERA5
1059986	02/12/2024	02	01/12/2024	21	HNE	-5,8	0	-7,1	0	90,0	0	0,0	0	210,0	0	984,0	0	0,0	ERA5
1059987	02/12/2024	03	01/12/2024	22	HNE	-5,6	0	-6,7	0	92,0	0	0,0	0	0,0	0	984,0	0	0,0	ERA5
1059988	02/12/2024	04	01/12/2024	23	HNE	-5,3	0	-6,4	0	92,0	0	3,0	0	200,0	0	984,0	0	0,0	ERA5
1059989	02/12/2024	05	02/12/2024	00	HNE	-4,0	0	-5,9	0	87,0	0	2,0	0	210,0	0	984,0	0	0,0	ERA5
1059990	02/12/2024	06	02/12/2024	01	HNE	-4,55	4.lineaire	-6,05	4.lineaire	89,5	4.lineaire	1,5	4.lineaire	200,0	4.lineaire	984,5	4.lineaire	0,0	ERA5
1059991	02/12/2024	07	02/12/2024	02	HNE	-5,1	0	-6,2	0	92,0	0	1,0	0	190,0	0	985,0	0	0,0	ERA5
1059992	02/12/2024	08	02/12/2024	03	HNE	-4,9	0	-6,3	0	90,0	0	0,0	0	0,0	0	985,0	0	0,0	ERA5
1059993	02/12/2024	09	02/12/2024	04	HNE	-5,5	0	-7,2	0	88,0	0	6,0	0	250,0	0	985,0	0	0,0	ERA5
1059994	02/12/2024	10	02/12/2024	05	HNE	-5,3	4.lineaire	-7,1	4.lineaire	87,5	4.lineaire	3,0	4.lineaire	245,0	4.lineaire	985,5	4.lineaire	0,0	ERA5
1059995	02/12/2024	11	02/12/2024	06	HNE	-5,1	0	-7,0	0	87,0	0	0,0	0	240,0	0	986,0	0	0,0	ERA5
1059996	02/12/2024	12	02/12/2024	07	HNE	-5,4	0	-6,7	0	91,0	0	0,0	0	0,0	0	987,0	0	0,0	ERA5
1059997	02/12/2024	13	02/12/2024	08	HNE	-4,6	0	-6,7	0	85,0	0	2,0	0	220,0	0	987,0	0	74,5	ERA5
1059998	02/12/2024	14	02/12/2024	09	HNE	-4,1	0	-7,1	0	80,0	0	2,0	0	270,0	0	987,0	0	347,1	ERA5
1059999	02/12/2024	15	02/12/2024	10	HNE	-3,6	0	-8,4	0	70,0	0	4,0	0	260,0	0	988,0	0	680,9	ERA5
1060000	02/12/2024	16	02/12/2024	11	HNE	-3,5	0	-7,7	0	73,0	0	5,0	0	240,0	0	987,0	0	898,1	ERA5
1060001	02/12/2024	17	02/12/2024	12	HNE	-3,4	0	-7,9	0	71,0	0	2,0	0	290,0	0	988,0	0	915,4	ERA5
1060002	02/12/2024	18	02/12/2024	13	HNE	-3,4	0	-7,6	0	73,0	0	5,0	0	300,0	0	987,0	0	750,4	ERA5
1060003	02/12/2024	19	02/12/2024	14	HNE	-3,6	4.lineaire	-7,7	4.lineaire	73,5	4.lineaire	4,5	4.lineaire	265,0	4.lineaire	987,5	4.lineaire	546,9	ERA5
1060004	02/12/2024	20	02/12/2024	15	HNE	-3,8	0	-7,8	0	74,0	0	4,0	0	230,0	0	988,0	0	375,1	ERA5
1060005	02/12/2024	21	02/12/2024	16	HNE	-4,0	0	-6,8	0	81,0	0	2,0	0	250,0	0	988,0	0	91,5	ERA5
1060006	02/12/2024	22	02/12/2024	17	HNE	-4,2	0	-6,4	0	85,0	0	1,0	0	220,0	0	989,0	0	0,0	ERA5
1060007	02/12/2024	23	02/12/2024	18	HNE	-4,3	4.lineaire	-6,8	4.lineaire	82,5	4.lineaire	1,5	4.lineaire	260,0	4.lineaire	989,0	4.lineaire	0,0	ERA5
1060008	03/12/2024	00	02/12/2024	19	HNE	-4,4	0	-7,2	0	80,0	0	2,0	0	300,0	0	989,0	0	0,0	ERA5
1060009	03/12/2024	01	02/12/2024	20	HNE	-4,8	0	-7,4	0	82,0	0	3,0	0	250,0	0	989,0	0	0,0	ERA5
1060010	03/12/2024	02	02/12/2024	21	HNE	-5,1	0	-6,9	0	87,0	0	0,0	0	0,0	0	989,0	0	0,0	ERA5
1060011	03/12/2024	03	02/12/2024	22	HNE	-5,4	0	-7,0	0	89,0	0	0,0	0	0,0	0	989,0	0	0,0	ERA5
1060012	03/12/2024	04	02/12/2024	23	HNE	-5,5	0	-7,3	0	87,0	0	0,0	0	240,0	0	989,0	0	0,0	ERA5
1060013	03/12/2024	05	03/12/2024	00	HNE	-5,4	0	-6,9	0	89,0	0	2,0	0	340,0	0	989,0	0	0,0	ERA5
1060014	03/12/2024	06	03/12/2024	01	HNE	-5,3	0	-7,6	0	84,0	0	2,0	0	230,0	0	989,0	0	0,0	ERA5
1060015	03/12/2024	07	03/12/2024	02	HNE	-5,3	0	-7,4	0	85,0	0	1,0	0	260,0	0	989,0	0	0,0	ERA5
1060016	03/12/2024	08	03/12/2024	03	HNE	-5,4	0	-7,0	0	88,0	0	0,0	0	0,0	0	989,0	0	0,0	ERA5
1060017	03/12/2024	09	03/12/2024	04	HNE	-5,75	4.lineaire	-7,45	4.lineaire	87,5	4.lineaire	1,0	4.lineaire	155,0	4.lineaire	989,0	4.lineaire	0,0	ERA5
1060018	03/12/2024	10	03/12/2024	05	HNE	-6,1	0	-7,9	0	87,0	0	2,0	0	310,0	0	989,0	0	0,0	ERA5
1060019	03/12/2024	11	03/12/2024	06	HNE	-6,2	4.lineaire	-7,65	4.lineaire	89,0	4.lineaire	1,0	4.lineaire	155,0	4.lineaire	989,5	4.lineaire	0,0	ERA5
1060020	03/12/2024	12	03/12/2024	07	HNE	-6,3	0	-7,4	0	91,0	0	0,0	0	0,0	0	990,0	0	0,0	ERA5
1060021	03/12/2024	13	03/12/2024	08	HNE	-6,7	0	-8,7	0	86,0	0	2,0	0	330,0	0	991,0	0	90,3	ERA5
1060022	03/12/2024	14	03/12/2024	09	HNE	-4,5	0	-8,3	0	75,0	0	2,0	0	320,0	0	991,0	0	412,0	ERA5
1060023	03/12/2024	15	03/12/2024	10	HNE	-4,1	0	-7,9	0	75,0	0	3,0	0	230,0	0	991,0	0	800,2	ERA5
1060024	03/12/2024	16	03/12/2024	11	HNE	-4,1	4.lineaire	-7,9	4.lineaire	75,0	4.lineaire	4,5	4.lineaire	290,0	4.lineaire	991,0	4.lineaire	1055,0	ERA5
1060025	03/12/2024	17	03/12/2024	12	HNE	-4,1	0	-7,9	0	75,0	0	6,0	0	350,0	0	991,0	0	1085,5	ERA5
1060026	03/12/2024	18	03/12/2024	13	HNE	-3,3	0	-8,2	0	69,0	0	5,0	0	250,0	0	990,0	0	805,3	ERA5
1060027	03/12/2024	19	03/12/2024	14	HNE	-3,8	0	-8,1	0	72,0	0	6,0	0	250,0	0	991,0	0	581,6	ERA5
1060028	03/12/2024	20	03/12/2024	15	HNE	-4,1	0	-8,1	0	74,0	0	4,0	0	250,0	0	991,0	0	377,1	ERA5
1060029	03/12/2024	21	03/12/2024	16	HNE	-4,7	0	-8,3	0	76,0	0	7,0	0	230,0	0	992,0	0	111,4	ERA5
1060030	03/12/2024	22	03/12/2024	17	HNE	-5,1	0	-8,9	0	75,0	0	6,0	0	280,0	0	992,0	0	0,0	ERA5
1060031	03/12/2024	23	03/12/2024	18	HNE	-5,45	4.lineaire	-8,9	4.lineaire	77,0	4.lineaire	3,5	4.lineaire	240,0	4.lineaire	992,0	4.lineaire	0,0	ERA5
1060032	04/12/2024	00	03/12/2024	19	HNE	-5,8	0	-8,9	0	79,0	0	1,0	0	200,0	0	992,0	0	0,0	ERA5
1060033	04/12/2024	01	03/12/2024	20	HNE	-5,6	0	-8,5	0	80,0	0	2,0	0	200,0	0	992,0	0	0,0	ERA5
1060034	04/12/2024	02	03/12/2024	21	HNE	-5,3	0	-8,2	0	80,0	0	2,0	0	220,0	0	992,0	0	0,0	ERA5
1060035	04/12/2024	03	03/12/2024	22	HNE	-5,43333	4.lineaire	-8,13333	4.lineaire	81,3333	4.lineaire	1,33333	4.lineaire	146,667	4.lineaire	992,0	4.lineaire	0,0	ERA5
1060036	04/12/2024	04	03/12/2024	23	HNE	-5,56667	4.lineaire	-8,06667	4.lineaire	82,6667	4.lineaire	0,666667	4.lineaire	73,3333	4.lineaire	992,0	4.lineaire	0,0	ERA5
1060037	04/12/2024	05	04/12/2024	00	HNE	-5,7	0	-8,0	0	84,0	0	0,0	0	0,0	0	992,0	0	0,0	ERA5
1060038	04/12/2024	06	04/12/2024	01	HNE	-5,7	0	-7,9	0	84,0	0	0,0	0	0,0	0	992,0	0	0,0	ERA5
1060039	04/12/2024	07	04/12/2024	02	HNE	-6,35	4.lineaire	-8,35	4.lineaire	85,5	4.lineaire	1,5	4.lineaire	125,0	4.lineaire	992,0	4.lineaire	0,0	ERA5
1060040	04/12/2024	08	04/12/2024	03	HNE	-7,0	0	-8,8	0	87,0	0	3,0	0	250,0	0	992,0	0	0,0	ERA5
1060041	04/12/2024	09	04/12/2024	04	HNE	-7,2	4.lineaire	-8,9	4.lineaire	88,0	4.lineaire	2,0	4.lineaire	235,0	4.lineaire	992,0	4.lineaire	0,0	ERA5
1060042	04/12/2024	10	04/12/2024	05	HNE	-7,4	0	-9,0	0	89,0	0	1,0	0	220,0	0	992,0	0	0,0	ERA5
1060043	04/12/2024	11	04/12/2024	06	HNE	-6,5	4.lineaire	-8,45	4.lineaire	86,5	4.lineaire	1,0	4.lineaire	210,0	4.lineaire	991,5	4.lineaire	0,0	ERA5
1060044	04/12/2024	12	04/12/2024	07	HNE	-5,6	0	-7,9	0	84,0	0	1,0	0	200,0	0	991,0	0	0,0	ERA5
1060045	04/12/2024	13	04/12/2024	08	HNE	-5,6	0	-8,5	0	80,0	0	3,0	0	220,0	0	991,0	0	83,4	ERA5
1060046	04/12/2024	14	04/12/2024	09	HNE	-4,9	0	-8,7	0	75,0	0	9,0	0	180,0	0	991,0	0	410,2	ERA5
1060047	04/12/2024	15	04/12/2024	10	HNE	-3,8	0	-8,6	0	70,0	0	13,0	0	160,0	0	990,0	0	851,8	ERA5
1060048	04/12/2024	16	04/12/2024	11	HNE	-2,4	0	-8,1	0	65,0	0	9,0	0	150,0	0	989,0	0	1186,7	ERA5
1060049	04/12/2024	17	04/12/2024	12	HNE	-2,0	0	-9,2	0	58,0	0	11,0	0	130,0	0	988,0	0	1212,6	ERA5
1060050	04/12/2024	18	04/12/2024	13	HNE	-1,2	0	-9,0	0	56,0	0	13,0	0	160,0	0	987,0	0	1049,6	ERA5
1060051	04/12/2024	19	04/12/2024	14	HNE	-1,5	0	-8,8	0	58,0	0	10,0	0	160,0	0	986,0	0	964,8	ERA5
1060052	04/12/2024	20	04/12/2024	15	HNE	-1,7	4.lineaire	-8,5	4.lineaire	60,0	4.lineaire	11,0	4.lineaire	155,0	4.lineaire	985,5	4.lineaire	481,3	ERA5
1060053	04/12/2024	21	04/12/2024	16	HNE	-1,9	0	-8,2	0	62,0	0	12,0	0	150,0	0	985,0	0	84,4	ERA5
1060054	04/12/2024	22	04/12/2024	17	HNE	-2,3	0	-7,6	0	67,0	0	16,0	0	140,0	0	984,0	0	0,0	ERA5
1060055	04/12/2024	23	04/12/2024	18	HNE	-2,5	0	-7,5	0	68,0	0	15,0	0	150,0	0	983,0	0	0,0	ERA5
1060056	05/12/2024	00	04/12/2024	19	HNE	-2,7	0	-7,7	0	68,0	0	23,0	0	160,0	0	982,0	0	0,0	ERA5
1060057	05/12/2024	01	04/12/2024	20	HNE	-2,8	0	-7,8	0	68,0	0	20,0	0	150,0	0	981,0	0	0,0	ERA5
1060058	05/12/2024	02	04/12/2024	21	HNE	-3,4	0	-6,3	0	80,0	0	20,0	0	150,0	0	981,0	0	0,0	ERA5
1060059	05/12/2024	03	04/12/2024	22	HNE	-3,9	0	-5,9	0	86,0	0	15,0	0	150,0	0	980,0	0	0,0	ERA5
1060060	05/12/2024	04	04/12/2024	23	HNE	-3,9	4.constant	-5,9	4.constant	86,0	4.constant	15,0	4.constant	150,0	4.constant	980,0	4.constant	0,0	ERA5
1060061	05/12/2024	05	05/12/2024	00	HNE	-3,9	4.constant	-5,9	4.constant	86,0	4.constant	15,0	4.constant	150,0	4.constant	980,0	4.constant	0,0	ERA5
1060062	05/12/2024	06	05/12/2024	01	HNE	-3,7	4.lineaire	-5,2	4.lineaire	89,5	4.lineaire	11,0	4.lineaire	155,0	4.lineaire	977,5	4.lineaire	0,0	ERA5
1060063	05/12/2024	07	05/12/2024	02	HNE	-3,5	0	-4,5	0	93,0	0	7,0	0	160,0	0	975,0	0	0,0	ERA5
1060064	05/12/2024	08	05/12/2024	03	HNE	-3,2	0	-4,1	0	94,0	0	6,0	0	140,0	0	973,0	0	0,0	ERA5
1060065	05/12/2024	09	05/12/2024	04	HNE	-3,0	0	-3,8	0	94,0	0	7,0	0	150,0	0	972,0	0	0,0	ERA5
1060066	05/12/2024	10	05/12/2024	05	HNE	-2,7	0	-3,5	0	95,0	0	5,0	0	190,0	0	971,0	0	0,0	ERA5
1060067	05/12/2024	11	05/12/2024	06	HNE	-2,7	4.lineaire	-3,53333	4.lineaire	94,6667	4.lineaire	4,0	4.lineaire	193,333	4.lineaire	970,0	4.lineaire	0,0	ERA5
1060068	05/12/2024	12	05/12/2024	07	HNE	-2,7	4.lineaire	-3,56667	4.lineaire	94,3333	4.lineaire	3,0	4.lineaire	196,667	4.lineaire	969,0	4.lineaire	0,0	ERA5
1060069	05/12/2024	13	05/12/2024	08	HNE	-2,7	0	-3,6	0	94,0	0	2,0	0	200,0	0	968,0	0	19,6	ERA5
1060070	05/12/2024	14	05/12/2024	09	HNE	-2,3	0	-3,4	0	92,0	0	3,0	0	180,0	0	967,0	0	130,7	ERA5
1060071	05/12/2024	15	05/12/2024	10	HNE	-2,1	0	-3,2	0	92,0	0	0,0	0	20,0	0	967,0	0	592,4	ERA5
1060072	05/12/2024	16	05/12/2024	11	HNE	-2,0	0	-3,3	0	90,0	0	3,0	0	330,0	0	966,0	0	559,9	ERA5
1060073	05/12/2024	17	05/12/2024	12	HNE	-1,4	0	-2,9	0	90,0	0	1,0	0	90,0	0	966,0	0	568,6	ERA5
1060074	05/12/2024	18	05/12/2024	13	HNE	-1,2	0	-2,7	0	89,0	0	0,0	0	80,0	0	965,0	0	664,0	ERA5
1060075	05/12/2024	19	05/12/2024	14	HNE	-1,1	0	-2,6	0	90,0	0	5,0	0	340,0	0	965,0	0	528,7	ERA5
1060076	05/12/2024	20	05/12/2024	15	HNE	-1,2	0	-2,4	0	91,0	0	3,0	0	350,0	0	965,0	0	326,8	ERA5
1060077	05/12/2024	21	05/12/2024	16	HNE	-1,6	0	-2,7	0	92,0	0	2,0	0	330,0	0	965,0	0	90,4	ERA5
1060078	05/12/2024	22	05/12/2024	17	HNE	-1,8	0	-2,8	0	93,0	0	3,0	0	330,0	0	965,0	0	0,0	ERA5
1060079	05/12/2024	23	05/12/2024	18	HNE	-2,2	0	-3,5	0	91,0	0	3,0	0	350,0	0	965,0	0	0,0	ERA5
1060080	06/12/2024	00	05/12/2024	19	HNE	-2,5	0	-4,3	0	87,0	0	3,0	0	280,0	0	965,0	0	0,0	ERA5
1060081	06/12/2024	01	05/12/2024	20	HNE	-2,2	0	-4,7	0	83,0	0	5,0	0	290,0	0	965,0	0	0,0	ERA5
1060082	06/12/2024	02	05/12/2024	21	HNE	-2,9	0	-5,5	0	83,0	0	7,0	0	250,0	0	966,0	0	0,0	ERA5
1060083	06/12/2024	03	05/12/2024	22	HNE	-2,9	0	-5,7	0	81,0	0	11,0	0	280,0	0	966,0	0	0,0	ERA5
1060084	06/12/2024	04	05/12/2024	23	HNE	-3,2	0	-6,2	0	79,0	0	7,0	0	270,0	0	967,0	0	0,0	ERA5
1060085	06/12/2024	05	06/12/2024	00	HNE	-3,3	0	-6,8	0	77,0	0	7,0	0	310,0	0	967,0	0	0,0	ERA5
1060086	06/12/2024	06	06/12/2024	01	HNE	-3,5	4.lineaire	-7,15	4.lineaire	76,0	4.lineaire	7,5	4.lineaire	300,0	4.lineaire	968,0	4.lineaire	0,0	ERA5
1060087	06/12/2024	07	06/12/2024	02	HNE	-3,7	0	-7,5	0	75,0	0	8,0	0	290,0	0	969,0	0	0,0	ERA5
1060088	06/12/2024	08	06/12/2024	03	HNE	-4,6	0	-8,7	0	73,0	0	11,0	0	270,0	0	970,0	0	0,0	ERA5
1060089	06/12/2024	09	06/12/2024	04	HNE	-6,4	0	-10,5	0	73,0	0	14,0	0	270,0	0	972,0	0	0,0	ERA5
1060090	06/12/2024	10	06/12/2024	05	HNE	-7,0	0	-11,2	0	72,0	0	9,0	0	300,0	0	973,0	0	0,0	ERA5
1060091	06/12/2024	11	06/12/2024	06	HNE	-7,63333	4.lineaire	-12,2667	4.lineaire	69,3333	4.lineaire	12,0	4.lineaire	296,667	4.lineaire	974,333	4.lineaire	0,0	ERA5
1060092	06/12/2024	12	06/12/2024	07	HNE	-8,26667	4.lineaire	-13,3333	4.lineaire	66,6667	4.lineaire	15,0	4.lineaire	293,333	4.lineaire	975,667	4.lineaire	0,0	ERA5
1060093	06/12/2024	13	06/12/2024	08	HNE	-8,9	0	-14,4	0	64,0	0	18,0	0	290,0	0	977,0	0	69,5	ERA5
1060094	06/12/2024	14	06/12/2024	09	HNE	-8,6	0	-15,0	0	60,0	0	9,0	0	300,0	0	978,0	0	439,8	ERA5
1060095	06/12/2024	15	06/12/2024	10	HNE	-8,3	0	-15,3	0	57,0	0	14,0	0	300,0	0	980,0	0	815,7	ERA5
1060096	06/12/2024	16	06/12/2024	11	HNE	-7,85	4.lineaire	-15,55	4.lineaire	54,0	4.lineaire	12,0	4.lineaire	305,0	4.lineaire	980,0	4.lineaire	1075,8	ERA5
1060097	06/12/2024	17	06/12/2024	12	HNE	-7,4	0	-15,8	0	51,0	0	10,0	0	310,0	0	980,0	0	1212,4	ERA5
1060098	06/12/2024	18	06/12/2024	13	HNE	-7,4	5.k=1.SHERBROOKE	-15,8	5.k=1.SHERBROOKE	51,0	5.k=1.LEMIEUX	10,0	5.k=1.SHERBROOKE	273,912	5.k=1.moyenne	980,0	5.k=2.SHERBROOKE	1159,0	ERA5
1060099	06/12/2024	19	06/12/2024	14	HNE	-7,15117	5.k=1.SHERBROOKE	-14,9506	5.k=1.SHERBROOKE	57,1625	5.k=1.LEMIEUX	9,63167	5.k=1.SHERBROOKE	278,595	5.k=1.moyenne	980,582	5.k=2.SHERBROOKE	905,3	ERA5
1060100	06/12/2024	20	06/12/2024	15	HNE	-7,756	5.k=1.SHERBROOKE	-14,3938	5.k=1.SHERBROOKE	60,775	5.k=1.LEMIEUX	9,0	5.k=1.SHERBROOKE	275,32	5.k=1.moyenne	981,163	5.k=2.SHERBROOKE	544,7	ERA5
1060101	06/12/2024	21	06/12/2024	16	HNE	-8,328	5.k=1.SHERBROOKE	-14,0969	5.k=1.SHERBROOKE	64,3875	5.k=1.LEMIEUX	8,49998	5.k=1.SHERBROOKE	275,088	5.k=1.moyenne	982,081	5.k=2.SHERBROOKE	127,0	ERA5
1060102	06/12/2024	22	06/12/2024	17	HNE	-8,9	5.k=1.SHERBROOKE	-13,8	5.k=1.SHERBROOKE	68,0	5.k=1.LEMIEUX	8,0	5.k=1.SHERBROOKE	274,602	5.k=1.moyenne	983,0	5.k=2.SHERBROOKE	0,0	ERA5
1060103	06/12/2024	23	06/12/2024	18	HNE	-8,9	0	-13,8	0	68,0	0	8,0	0	290,0	0	983,0	0	0,0	ERA5
1060104	07/12/2024	00	06/12/2024	19	HNE	-9,3	0	-14,3	0	67,0	0	4,0	0	260,0	0	983,0	0	0,0	ERA5
1060105	07/12/2024	01	06/12/2024	20	HNE	-10,3	0	-14,9	0	69,0	0	6,0	0	290,0	0	984,0	0	0,0	ERA5
1060106	07/12/2024	02	06/12/2024	21	HNE	-10,4	0	-14,5	0	72,0	0	4,0	0	340,0	0	984,0	0	0,0	ERA5
1060107	07/12/2024	03	06/12/2024	22	HNE	-11,4	0	-16,1	0	68,0	0	1,0	0	220,0	0	984,0	0	0,0	ERA5
1060108	07/12/2024	04	06/12/2024	23	HNE	-12,0	0	-16,0	0	72,0	0	6,0	0	300,0	0	984,0	0	0,0	ERA5
1060109	07/12/2024	05	07/12/2024	00	HNE	-12,5	0	-16,1	0	74,0	0	4,0	0	280,0	0	983,0	0	0,0	ERA5
1060110	07/12/2024	06	07/12/2024	01	HNE	-12,8	0	-16,7	0	73,0	0	3,0	0	230,0	0	983,0	0	0,0	ERA5
1060111	07/12/2024	07	07/12/2024	02	HNE	-12,6	0	-16,3	0	74,0	0	4,0	0	240,0	0	984,0	0	0,0	ERA5
1060112	07/12/2024	08	07/12/2024	03	HNE	-12,7	0	-16,4	0	74,0	0	3,0	0	260,0	0	984,0	0	0,0	ERA5
1060113	07/12/2024	09	07/12/2024	04	HNE	-13,9	0	-16,8	0	79,0	0	3,0	0	280,0	0	984,0	0	0,0	ERA5
1060114	07/12/2024	10	07/12/2024	05	HNE	-13,4	0	-16,3	0	79,0	0	4,0	0	240,0	0	985,0	0	0,0	ERA5
1060115	07/12/2024	11	07/12/2024	06	HNE	-14,2	0	-16,3	0	84,0	0	3,0	0	300,0	0	985,0	0	0,0	ERA5
1060116	07/12/2024	12	07/12/2024	07	HNE	-15,3	0	-17,3	0	84,0	0	0,0	0	280,0	0	986,0	0	0,0	ERA5
1060117	07/12/2024	13	07/12/2024	08	HNE	-15,8	0	-18,4	0	80,0	0	1,0	0	70,0	0	986,0	0	82,9	ERA5
1060118	07/12/2024	14	07/12/2024	09	HNE	-12,3	0	-16,8	0	69,0	0	1,0	0	120,0	0	987,0	0	508,8	ERA5
1060119	07/12/2024	15	07/12/2024	10	HNE	-10,7	0	-15,9	0	66,0	0	5,0	0	350,0	0	987,0	0	951,2	ERA5
1060120	07/12/2024	16	07/12/2024	11	HNE	-9,8	0	-17,3	0	55,0	0	7,0	0	310,0	0	987,0	0	1229,7	ERA5
1060121	07/12/2024	17	07/12/2024	12	HNE	-9,6	0	-17,6	0	52,0	0	9,0	0	310,0	0	986,0	0	1326,6	ERA5
1060122	07/12/2024	18	07/12/2024	13	HNE	-9,0	0	-17,1	0	52,0	0	5,0	0	280,0	0	986,0	0	1286,8	ERA5
1060123	07/12/2024	19	07/12/2024	14	HNE	-8,6	0	-17,1	0	50,0	0	6,0	0	240,0	0	986,0	0	1023,6	ERA5
1060124	07/12/2024	20	07/12/2024	15	HNE	-9,6	0	-16,9	0	55,0	0	4,0	0	260,0	0	986,0	0	603,1	ERA5
1060125	07/12/2024	21	07/12/2024	16	HNE	-11,2	0	-16,9	0	63,0	0	4,0	0	300,0	0	986,0	0	138,6	ERA5
1060126	07/12/2024	22	07/12/2024	17	HNE	-11,9	0	-16,8	0	67,0	0	2,0	0	240,0	0	986,0	0	0,0	ERA5
1060127	07/12/2024	23	07/12/2024	18	HNE	-13,1	0	-17,4	0	70,0	0	3,0	0	220,0	0	986,0	0	0,0	ERA5
1060128	08/12/2024	00	07/12/2024	19	HNE	-16,6	0	-19,1	0	81,0	0	5,0	0	160,0	0	986,0	0	0,0	ERA5
1060129	08/12/2024	01	07/12/2024	20	HNE	-15,8	0	-18,0	0	83,0	0	6,0	0	190,0	0	986,0	0	0,0	ERA5
1060130	08/12/2024	02	07/12/2024	21	HNE	-16,3	0	-18,5	0	84,0	0	5,0	0	170,0	0	985,0	0	0,0	ERA5
1060131	08/12/2024	03	07/12/2024	22	HNE	-17,3	0	-19,3	0	84,0	0	5,0	0	170,0	0	984,0	0	0,0	ERA5
1060132	08/12/2024	04	07/12/2024	23	HNE	-15,8	0	-18,6	0	79,0	0	6,0	0	170,0	0	983,0	0	0,0	ERA5
1060133	08/12/2024	05	08/12/2024	00	HNE	-15,9	0	-18,0	0	84,0	0	3,0	0	180,0	0	982,0	0	0,0	ERA5
1060134	08/12/2024	06	08/12/2024	01	HNE	-15,0	0	-17,2	0	84,0	0	5,0	0	190,0	0	980,0	0	0,0	ERA5
1060135	08/12/2024	07	08/12/2024	02	HNE	-13,5	0	-15,6	0	84,0	0	5,0	0	180,0	0	979,0	0	0,0	ERA5
1060136	08/12/2024	08	08/12/2024	03	HNE	-12,8	0	-14,6	0	86,0	0	6,0	0	160,0	0	978,0	0	0,0	ERA5
1060137	08/12/2024	09	08/12/2024	04	HNE	-11,8	0	-13,6	0	87,0	0	5,0	0	160,0	0	976,0	0	0,0	ERA5
1060138	08/12/2024	10	08/12/2024	05	HNE	-9,6	0	-11,1	0	88,0	0	8,0	0	170,0	0	974,0	0	0,0	ERA5
1060139	08/12/2024	11	08/12/2024	06	HNE	-8,1	0	-9,5	0	90,0	0	10,0	0	140,0	0	974,0	0	0,0	ERA5
1060140	08/12/2024	12	08/12/2024	07	HNE	-7,4	0	-8,8	0	90,0	0	9,0	0	140,0	0	973,0	0	0,0	ERA5
1060141	08/12/2024	13	08/12/2024	08	HNE	-7,0	0	-8,3	0	90,0	0	6,0	0	150,0	0	973,0	0	21,3	ERA5
1060142	08/12/2024	14	08/12/2024	09	HNE	-6,5	0	-7,8	0	90,0	0	8,0	0	150,0	0	972,0	0	118,9	ERA5
1060143	08/12/2024	15	08/12/2024	10	HNE	-6,0	0	-7,5	0	89,0	0	8,0	0	140,0	0	972,0	0	258,1	ERA5
1060144	08/12/2024	16	08/12/2024	11	HNE	-5,8	0	-7,2	0	90,0	0	6,0	0	160,0	0	971,0	0	485,9	ERA5
1060145	08/12/2024	17	08/12/2024	12	HNE	-5,4	0	-6,9	0	89,0	0	6,0	0	170,0	0	970,0	0	548,0	ERA5
1060146	08/12/2024	18	08/12/2024	13	HNE	-5,1	0	-6,3	0	91,0	0	5,0	0	160,0	0	971,0	0	342,5	ERA5
1060147	08/12/2024	19	08/12/2024	14	HNE	-4,9	0	-5,9	0	93,0	0	5,0	0	150,0	0	971,0	0	192,2	ERA5
1060148	08/12/2024	20	08/12/2024	15	HNE	-4,5	0	-5,6	0	91,0	0	1,0	0	280,0	0	973,0	0	154,6	ERA5
1060149	08/12/2024	21	08/12/2024	16	HNE	-3,3	0	-4,6	0	91,0	0	2,0	0	310,0	0	974,0	0	35,7	ERA5
1060150	08/12/2024	22	08/12/2024	17	HNE	-6,0	0	-7,7	0	88,0	0	4,0	0	340,0	0	977,0	0	0,0	ERA5
1060151	08/12/2024	23	08/12/2024	18	HNE	-5,9	0	-7,6	0	88,0	0	3,0	0	360,0	0	978,0	0	0,0	ERA5
1060152	09/12/2024	00	08/12/2024	19	HNE	-5,9	0	-8,1	0	84,0	0	4,0	0	320,0	0	980,0	0	0,0	ERA5
1060153	09/12/2024	01	08/12/2024	20	HNE	-5,8	0	-7,9	0	85,0	0	1,0	0	220,0	0	982,0	0	0,0	ERA5
1060154	09/12/2024	02	08/12/2024	21	HNE	-5,5	0	-7,5	0	86,0	0	4,0	0	270,0	0	982,0	0	0,0	ERA5
1060155	09/12/2024	03	08/12/2024	22	HNE	-5,5	0	-7,8	0	84,0	0	5,0	0	290,0	0	983,0	0	0,0	ERA5
1060156	09/12/2024	04	08/12/2024	23	HNE	-6,3	0	-8,9	0	81,0	0	5,0	0	240,0	0	984,0	0	0,0	ERA5
1060157	09/12/2024	05	09/12/2024	00	HNE	-6,7	0	-9,5	0	80,0	0	6,0	0	250,0	0	985,0	0	0,0	ERA5
1060158	09/12/2024	06	09/12/2024	01	HNE	-7,2	0	-9,9	0	81,0	0	3,0	0	270,0	0	987,0	0	0,0	ERA5
1060159	09/12/2024	07	09/12/2024	02	HNE	-7,6	0	-10,8	0	78,0	0	10,0	0	240,0	0	988,0	0	0,0	ERA5
1060160	09/12/2024	08	09/12/2024	03	HNE	-9,0	0	-12,0	0	79,0	0	6,0	0	230,0	0	988,0	0	0,0	ERA5
1060161	09/12/2024	09	09/12/2024	04	HNE	-10,0	0	-13,0	0	78,0	0	3,0	0	250,0	0	989,0	0	0,0	ERA5
1060162	09/12/2024	10	09/12/2024	05	HNE	-10,7	0	-13,4	0	81,0	0	4,0	0	310,0	0	990,0	0	0,0	ERA5
1060163	09/12/2024	11	09/12/2024	06	HNE	-12,0	0	-14,8	0	80,0	0	3,0	0	220,0	0	990,0	0	0,0	ERA5
1060164	09/12/2024	12	09/12/2024	07	HNE	-13,0	0	-15,0	0	85,0	0	3,0	0	300,0	0	991,0	0	0,0	ERA5
1060165	09/12/2024	13	09/12/2024	08	HNE	-12,7	0	-14,6	0	86,0	0	0,0	0	340,0	0	992,0	0	64,6	ERA5
1060166	09/12/2024	14	09/12/2024	09	HNE	-10,9	0	-14,3	0	76,0	0	2,0	0	170,0	0	992,0	0	434,9	ERA5
1060167	09/12/2024	15	09/12/2024	10	HNE	-9,3	0	-13,0	0	75,0	0	3,0	0	140,0	0	993,0	0	822,4	ERA5
1060168	09/12/2024	16	09/12/2024	11	HNE	-8,1	0	-13,0	0	68,0	0	3,0	0	150,0	0	993,0	0	983,8	ERA5
1060169	09/12/2024	17	09/12/2024	12	HNE	-8,1	0	-12,1	0	73,0	0	5,0	0	120,0	0	994,0	0	1189,4	ERA5
1060170	09/12/2024	18	09/12/2024	13	HNE	-7,5	0	-11,2	0	74,0	0	8,0	0	150,0	0	993,0	0	987,9	ERA5
1060171	09/12/2024	19	09/12/2024	14	HNE	-6,5	0	-10,8	0	71,0	0	8,0	0	90,0	0	993,0	0	684,3	ERA5
1060172	09/12/2024	20	09/12/2024	15	HNE	-6,3	0	-10,2	0	74,0	0	7,0	0	120,0	0	994,0	0	336,8	ERA5
1060173	09/12/2024	21	09/12/2024	16	HNE	-6,1	0	-10,1	0	73,0	0	9,0	0	120,0	0	994,0	0	79,5	ERA5
1060174	09/12/2024	22	09/12/2024	17	HNE	-6,4	0	-10,4	0	74,0	0	8,0	0	90,0	0	995,0	0	0,0	ERA5
1060175	09/12/2024	23	09/12/2024	18	HNE	-6,9	0	-10,8	0	74,0	0	12,0	0	100,0	0	994,0	0	0,0	ERA5
1060176	10/12/2024	00	09/12/2024	19	HNE	-7,0	0	-10,7	0	75,0	0	12,0	0	120,0	0	994,0	0	0,0	ERA5
1060177	10/12/2024	01	09/12/2024	20	HNE	-6,9	0	-10,9	0	73,0	0	9,0	0	110,0	0	994,0	0	0,0	ERA5
1060178	10/12/2024	02	09/12/2024	21	HNE	-7,1	0	-11,1	0	73,0	0	12,0	0	120,0	0	994,0	0	0,0	ERA5
1060179	10/12/2024	03	09/12/2024	22	HNE	-7,1	0	-11,6	0	70,0	0	13,0	0	110,0	0	994,0	0	0,0	ERA5
1060180	10/12/2024	04	09/12/2024	23	HNE	-8,1	0	-10,4	0	83,0	0	19,0	0	120,0	0	994,0	0	0,0	ERA5
1060181	10/12/2024	05	10/12/2024	00	HNE	-8,0	0	-10,8	0	80,0	0	18,0	0	120,0	0	993,0	0	0,0	ERA5
1060182	10/12/2024	06	10/12/2024	01	HNE	-8,2	0	-10,7	0	82,0	0	15,0	0	120,0	0	993,0	0	0,0	ERA5
1060183	10/12/2024	07	10/12/2024	02	HNE	-8,2	0	-10,3	0	85,0	0	14,0	0	130,0	0	993,0	0	0,0	ERA5
1060184	10/12/2024	08	10/12/2024	03	HNE	-8,0	0	-9,9	0	87,0	0	16,0	0	130,0	0	992,0	0	0,0	ERA5
1060185	10/12/2024	09	10/12/2024	04	HNE	-7,8	0	-9,4	0	88,0	0	8,0	0	130,0	0	992,0	0	0,0	ERA5
1060186	10/12/2024	10	10/12/2024	05	HNE	-7,5	0	-9,4	0	86,0	0	11,0	0	140,0	0	992,0	0	0,0	ERA5
1060187	10/12/2024	11	10/12/2024	06	HNE	-7,0	0	-9,1	0	85,0	0	12,0	0	140,0	0	992,0	0	0,0	ERA5
1060188	10/12/2024	12	10/12/2024	07	HNE	-6,6	0	-8,7	0	85,0	0	12,0	0	150,0	0	992,0	0	0,0	ERA5
1060189	10/12/2024	13	10/12/2024	08	HNE	-6,3	0	-8,6	0	84,0	0	9,0	0	160,0	0	992,0	0	18,2	ERA5
1060190	10/12/2024	14	10/12/2024	09	HNE	-5,3	0	-7,8	0	83,0	0	6,0	0	160,0	0	992,0	0	88,9	ERA5
1060191	10/12/2024	15	10/12/2024	10	HNE	-4,4	0	-6,9	0	83,0	0	10,0	0	160,0	0	992,0	0	155,4	ERA5
1060192	10/12/2024	16	10/12/2024	11	HNE	-3,4	0	-6,1	0	82,0	0	7,0	0	160,0	0	992,0	0	241,3	ERA5
1060193	10/12/2024	17	10/12/2024	12	HNE	-2,6	0	-5,2	0	82,0	0	9,0	0	150,0	0	991,0	0	282,0	ERA5
1060194	10/12/2024	18	10/12/2024	13	HNE	-2,0	0	-4,3	0	84,0	0	9,0	0	150,0	0	991,0	0	276,9	ERA5
1060195	10/12/2024	19	10/12/2024	14	HNE	-1,5	0	-3,3	0	88,0	0	12,0	0	150,0	0	991,0	0	180,2	ERA5
1060196	10/12/2024	20	10/12/2024	15	HNE	-1,1	0	-2,8	0	88,0	0	10,0	0	160,0	0	991,0	0	99,7	ERA5
1060197	10/12/2024	21	10/12/2024	16	HNE	-0,8	0	-2,5	0	89,0	0	9,0	0	150,0	0	991,0	0	40,8	ERA5
1060198	10/12/2024	22	10/12/2024	17	HNE	-0,6	0	-2,5	0	87,0	0	10,0	0	150,0	0	991,0	0	0,0	ERA5
1060199	10/12/2024	23	10/12/2024	18	HNE	-0,8	0	-2,6	0	88,0	0	12,0	0	150,0	0	990,0	0	0,0	ERA5
1060200	11/12/2024	00	10/12/2024	19	HNE	-1,2	0	-2,8	0	89,0	0	11,0	0	150,0	0	990,0	0	0,0	ERA5
1060201	11/12/2024	01	10/12/2024	20	HNE	-1,2	0	-2,9	0	88,0	0	3,0	0	170,0	0	990,0	0	0,0	ERA5
1060202	11/12/2024	02	10/12/2024	21	HNE	-0,5	0	-2,4	0	87,0	0	8,0	0	180,0	0	989,0	0	0,0	ERA5
1060203	11/12/2024	03	10/12/2024	22	HNE	-0,4	0	-1,2	0	94,0	0	11,0	0	150,0	0	989,0	0	0,0	ERA5
1060204	11/12/2024	04	10/12/2024	23	HNE	0,05	4.lineaire	-0,8	0	94,0	0	12,0	0	150,0	0	988,0	0	0,0	ERA5
1060205	11/12/2024	05	11/12/2024	00	HNE	0,5	0	-0,6	0	93,0	0	11,0	0	150,0	0	987,0	0	0,0	ERA5
1060206	11/12/2024	06	11/12/2024	01	HNE	0,7	0	-0,4	0	92,0	0	11,0	0	160,0	0	986,0	0	0,0	ERA5
1060207	11/12/2024	07	11/12/2024	02	HNE	0,8	0	-0,1	0	94,0	0	10,0	0	150,0	0	985,0	0	0,0	ERA5
1060208	11/12/2024	08	11/12/2024	03	HNE	1,1	0	0,6	0	96,0	0	9,0	0	180,0	0	985,0	0	0,0	ERA5
1060209	11/12/2024	09	11/12/2024	04	HNE	1,4	0	0,9	0	96,0	0	9,0	0	160,0	0	984,0	0	0,0	ERA5
1060210	11/12/2024	10	11/12/2024	05	HNE	1,6	0	0,7	0	94,0	0	7,0	0	140,0	0	984,0	0	0,0	ERA5
1060211	11/12/2024	11	11/12/2024	06	HNE	1,6	0	0,9	0	95,0	0	8,0	0	150,0	0	983,0	0	0,0	ERA5
1060212	11/12/2024	12	11/12/2024	07	HNE	1,9	0	1,1	0	94,0	0	5,0	0	170,0	0	983,0	0	0,0	ERA5
1060213	11/12/2024	13	11/12/2024	08	HNE	2,1	0	1,4	0	95,0	0	10,0	0	160,0	0	983,0	0	7,6	ERA5
1060214	11/12/2024	14	11/12/2024	09	HNE	2,1	0	1,5	0	96,0	0	10,0	0	170,0	0	982,0	0	42,1	ERA5
1060215	11/12/2024	15	11/12/2024	10	HNE	2,4	0	1,7	0	95,0	0	9,0	0	150,0	0	981,0	0	55,5	ERA5
1060216	11/12/2024	16	11/12/2024	11	HNE	2,8	0	2,1	0	95,0	0	7,0	0	160,0	0	980,0	0	85,1	ERA5
1060217	11/12/2024	17	11/12/2024	12	HNE	3,0	0	2,3	0	96,0	0	6,0	0	170,0	0	978,0	0	79,1	ERA5
1060218	11/12/2024	18	11/12/2024	13	HNE	3,3	0	2,7	0	96,0	0	6,0	0	160,0	0	977,0	0	100,7	ERA5
1060219	11/12/2024	19	11/12/2024	14	HNE	3,5	0	2,8	0	95,0	0	6,0	0	150,0	0	975,0	0	130,2	ERA5
1060220	11/12/2024	20	11/12/2024	15	HNE	3,6	0	3,0	0	96,0	0	6,0	0	150,0	0	973,0	0	46,1	ERA5
1060221	11/12/2024	21	11/12/2024	16	HNE	3,6	0	2,9	0	95,0	0	4,0	0	170,0	0	972,0	0	10,1	ERA5
1060222	11/12/2024	22	11/12/2024	17	HNE	3,8	0	3,2	0	96,0	0	5,0	0	180,0	0	971,0	0	0,0	ERA5
1060223	11/12/2024	23	11/12/2024	18	HNE	2,6	0	2,0	0	96,0	0	2,0	0	340,0	0	970,0	0	0,0	ERA5
1060224	12/12/2024	00	11/12/2024	19	HNE	2,2	0	1,7	0	96,0	0	5,0	0	160,0	0	968,0	0	0,0	ERA5
1060225	12/12/2024	01	11/12/2024	20	HNE	4,2	0	3,8	0	98,0	0	10,0	0	180,0	0	967,0	0	0,0	ERA5
1060226	12/12/2024	02	11/12/2024	21	HNE	5,0	0	4,6	0	97,0	0	4,0	0	210,0	0	965,0	0	0,0	ERA5
1060227	12/12/2024	03	11/12/2024	22	HNE	3,0	0	2,6	0	97,0	0	1,0	0	230,0	0	965,0	0	0,0	ERA5
1060228	12/12/2024	04	11/12/2024	23	HNE	3,6	0	3,3	0	98,0	0	4,0	0	170,0	0	965,0	0	0,0	ERA5
1060229	12/12/2024	05	12/12/2024	00	HNE	4,1	0	3,8	0	97,0	0	4,0	0	200,0	0	964,0	0	0,0	ERA5
1060230	12/12/2024	06	12/12/2024	01	HNE	3,4	0	1,6	0	88,0	0	5,0	0	260,0	0	964,0	0	0,0	ERA5
1060231	12/12/2024	07	12/12/2024	02	HNE	1,8	0	0,1	0	89,0	0	9,0	0	220,0	0	966,0	0	0,0	ERA5
1060232	12/12/2024	08	12/12/2024	03	HNE	1,2	0	-0,3	0	90,0	0	7,0	0	250,0	0	968,0	0	0,0	ERA5
1060233	12/12/2024	09	12/12/2024	04	HNE	1,3	0	-0,6	0	87,0	0	2,0	0	220,0	0	969,0	0	0,0	ERA5
1060234	12/12/2024	10	12/12/2024	05	HNE	1,1	0	-1,2	0	85,0	0	10,0	0	250,0	0	969,0	0	0,0	ERA5
1060235	12/12/2024	11	12/12/2024	06	HNE	0,6	0	-2,9	0	77,0	0	11,0	0	250,0	0	971,0	0	0,0	ERA5
1060236	12/12/2024	12	12/12/2024	07	HNE	-0,3	0	-4,3	0	74,0	0	8,0	0	220,0	0	973,0	0	0,0	ERA5
1060237	12/12/2024	13	12/12/2024	08	HNE	-0,6	0	-5,1	0	71,0	0	7,0	0	210,0	0	974,0	0	51,3	ERA5
1060238	12/12/2024	14	12/12/2024	09	HNE	-0,3	0	-6,0	0	65,0	0	8,0	0	240,0	0	975,0	0	405,7	ERA5
1060239	12/12/2024	15	12/12/2024	10	HNE	-0,05	4.lineaire	-5,1	0	68,0	0	7,0	0	200,0	0	976,0	0	756,4	ERA5
1060240	12/12/2024	16	12/12/2024	11	HNE	0,2	0	-5,4	0	66,0	0	8,0	0	190,0	0	977,0	0	817,7	ERA5
1060241	12/12/2024	17	12/12/2024	12	HNE	0,4	0	-5,4	0	65,0	0	7,0	0	230,0	0	978,0	0	858,4	ERA5
1060242	12/12/2024	18	12/12/2024	13	HNE	0,1	0	-6,6	0	61,0	0	13,0	0	220,0	0	979,0	0	913,8	ERA5
1060243	12/12/2024	19	12/12/2024	14	HNE	-0,65	4.lineaire	-6,7	0	60,0	0	10,0	0	260,0	0	980,0	0	766,0	ERA5
1060244	12/12/2024	20	12/12/2024	15	HNE	-1,4	0	-6,5	0	68,0	0	8,0	0	260,0	0	981,0	0	478,0	ERA5
1060245	12/12/2024	21	12/12/2024	16	HNE	-2,0	0	-8,2	0	62,0	0	8,0	0	240,0	0	983,0	0	113,6	ERA5
1060246	12/12/2024	22	12/12/2024	17	HNE	-3,1	0	-8,5	0	66,0	0	7,0	0	260,0	0	984,0	0	0,0	ERA5
1060247	12/12/2024	23	12/12/2024	18	HNE	-3,5	0	-9,2	0	65,0	0	11,0	0	240,0	0	986,0	0	0,0	ERA5
1060248	13/12/2024	00	12/12/2024	19	HNE	-3,9	0	-11,9	0	54,0	0	10,0	0	240,0	0	987,0	0	0,0	ERA5
1060249	13/12/2024	01	12/12/2024	20	HNE	-4,5	0	-11,7	0	57,0	0	6,0	0	240,0	0	988,0	0	0,0	ERA5
1060250	13/12/2024	02	12/12/2024	21	HNE	-5,3	0	-9,3	0	73,0	0	9,0	0	240,0	0	989,0	0	0,0	ERA5
1060251	13/12/2024	03	12/12/2024	22	HNE	-5,4	0	-9,6	0	72,0	0	4,0	0	170,0	0	990,0	0	0,0	ERA5
1060252	13/12/2024	04	12/12/2024	23	HNE	-5,4	0	-11,2	0	63,0	0	9,0	0	250,0	0	991,0	0	0,0	ERA5
1060253	13/12/2024	05	13/12/2024	00	HNE	-5,5	0	-11,0	0	65,0	0	10,0	0	220,0	0	992,0	0	0,0	ERA5
1060254	13/12/2024	06	13/12/2024	01	HNE	-6,6	0	-10,8	0	72,0	0	6,0	0	300,0	0	993,0	0	0,0	ERA5
1060255	13/12/2024	07	13/12/2024	02	HNE	-7,6	0	-12,0	0	71,0	0	6,0	0	310,0	0	995,0	0	0,0	ERA5
1060256	13/12/2024	08	13/12/2024	03	HNE	-7,8	0	-11,7	0	74,0	0	3,0	0	270,0	0	996,0	0	0,0	ERA5
1060257	13/12/2024	09	13/12/2024	04	HNE	-9,1	0	-13,3	0	71,0	0	1,0	0	60,0	0	997,0	0	0,0	ERA5
1060258	13/12/2024	10	13/12/2024	05	HNE	-9,3	0	-13,1	0	74,0	0	6,0	0	230,0	0	998,0	0	0,0	ERA5
1060259	13/12/2024	11	13/12/2024	06	HNE	-9,4	0	-13,1	0	74,0	0	8,0	0	240,0	0	998,0	0	0,0	ERA5
1060260	13/12/2024	12	13/12/2024	07	HNE	-9,7	0	-13,4	0	74,0	0	8,0	0	210,0	0	999,0	0	0,0	ERA5
1060261	13/12/2024	13	13/12/2024	08	HNE	-10,1	0	-13,4	0	77,0	0	3,0	0	200,0	0	1000,0	0	58,0	ERA5
1060262	13/12/2024	14	13/12/2024	09	HNE	-9,0	0	-13,0	0	73,0	0	2,0	0	190,0	0	1000,0	0	437,1	ERA5
1060263	13/12/2024	15	13/12/2024	10	HNE	-7,7	0	-12,5	0	68,0	0	3,0	0	290,0	0	1001,0	0	872,6	ERA5
1060264	13/12/2024	16	13/12/2024	11	HNE	-7,3	0	-12,2	0	68,0	0	8,0	0	240,0	0	1001,0	0	1142,1	ERA5
1060265	13/12/2024	17	13/12/2024	12	HNE	-6,9	0	-16,3	0	47,0	0	6,0	0	270,0	0	1001,0	0	1180,9	ERA5
1060266	13/12/2024	18	13/12/2024	13	HNE	-6,3	0	-16,5	0	44,0	0	6,0	0	220,0	0	1002,0	0	1038,4	ERA5
1060267	13/12/2024	19	13/12/2024	14	HNE	-7,1	0	-15,7	0	50,0	0	5,0	0	310,0	0	1002,0	0	865,3	ERA5
1060268	13/12/2024	20	13/12/2024	15	HNE	-7,4	0	-15,2	0	54,0	0	8,0	0	280,0	0	1004,0	0	498,3	ERA5
1060269	13/12/2024	21	13/12/2024	16	HNE	-8,1	0	-14,5	0	60,0	0	3,0	0	290,0	0	1005,0	0	121,2	ERA5
1060270	13/12/2024	22	13/12/2024	17	HNE	-8,1	0	-14,6	0	59,0	0	4,0	0	300,0	0	1006,0	0	0,0	ERA5
1060271	13/12/2024	23	13/12/2024	18	HNE	-7,9	0	-14,3	0	60,0	0	4,0	0	290,0	0	1006,0	0	0,0	ERA5
1060272	14/12/2024	00	13/12/2024	19	HNE	-7,9	0	-13,9	0	62,0	0	5,0	0	290,0	0	1007,0	0	0,0	ERA5
1060273	14/12/2024	01	13/12/2024	20	HNE	-7,7	0	-13,1	0	66,0	0	9,0	0	300,0	0	1008,0	0	0,0	ERA5
1060274	14/12/2024	02	13/12/2024	21	HNE	-8,1	0	-13,4	0	66,0	0	6,0	0	290,0	0	1009,0	0	0,0	ERA5
1060275	14/12/2024	03	13/12/2024	22	HNE	-9,6	0	-15,4	0	63,0	0	4,0	0	300,0	0	1009,0	0	0,0	ERA5
1060276	14/12/2024	04	13/12/2024	23	HNE	-9,9	0	-15,3	0	65,0	0	2,0	0	250,0	0	1010,0	0	0,0	ERA5
1060277	14/12/2024	05	14/12/2024	00	HNE	-9,7	0	-14,8	0	66,0	0	6,0	0	300,0	0	1011,0	0	0,0	ERA5
1060278	14/12/2024	06	14/12/2024	01	HNE	-10,6	0	-14,8	0	72,0	0	2,0	0	250,0	0	1011,0	0	0,0	ERA5
1060279	14/12/2024	07	14/12/2024	02	HNE	-11,3	0	-14,8	0	76,0	0	4,0	0	230,0	0	1012,0	0	0,0	ERA5
1060280	14/12/2024	08	14/12/2024	03	HNE	-11,8	0	-14,9	0	78,0	0	1,0	0	260,0	0	1012,0	0	0,0	ERA5
1060281	14/12/2024	09	14/12/2024	04	HNE	-11,5	0	-14,8	0	76,0	0	2,0	0	50,0	0	1013,0	0	0,0	ERA5
1060282	14/12/2024	10	14/12/2024	05	HNE	-11,7	0	-14,7	0	79,0	0	3,0	0	230,0	0	1014,0	0	0,0	ERA5
1060283	14/12/2024	11	14/12/2024	06	HNE	-12,0	0	-14,8	0	80,0	0	5,0	0	230,0	0	1014,0	0	0,0	ERA5
1060284	14/12/2024	12	14/12/2024	07	HNE	-12,2	0	-14,8	0	81,0	0	3,0	0	240,0	0	1015,0	0	0,0	ERA5
1060285	14/12/2024	13	14/12/2024	08	HNE	-12,3	0	-14,7	0	82,0	0	0,0	0	40,0	0	1016,0	0	58,5	ERA5
1060286	14/12/2024	14	14/12/2024	09	HNE	-10,5	0	-15,6	0	66,0	0	2,0	0	290,0	0	1016,0	0	451,3	ERA5
1060287	14/12/2024	15	14/12/2024	10	HNE	-9,5	0	-16,3	0	58,0	0	5,0	0	300,0	0	1017,0	0	884,5	ERA5
1060288	14/12/2024	16	14/12/2024	11	HNE	-8,6	0	-17,4	0	49,0	0	12,0	0	290,0	0	1016,0	0	1188,8	ERA5
1060289	14/12/2024	17	14/12/2024	12	HNE	-8,0	0	-16,8	0	49,0	0	9,0	0	300,0	0	1016,0	0	1297,6	ERA5
1060290	14/12/2024	18	14/12/2024	13	HNE	-7,8	0	-16,8	0	48,0	0	5,0	0	310,0	0	1016,0	0	1215,3	ERA5
1060291	14/12/2024	19	14/12/2024	14	HNE	-7,8	0	-16,8	0	49,0	0	8,0	0	280,0	0	1016,0	0	982,2	ERA5
1060292	14/12/2024	20	14/12/2024	15	HNE	-8,6	0	-16,5	0	53,0	0	7,0	0	310,0	0	1016,0	0	576,5	ERA5
1060293	14/12/2024	21	14/12/2024	16	HNE	-9,5	0	-16,4	0	57,0	0	3,0	0	270,0	0	1017,0	0	134,3	ERA5
1060294	14/12/2024	22	14/12/2024	17	HNE	-11,2	0	-16,6	0	64,0	0	3,0	0	270,0	0	1017,0	0	0,0	ERA5
1060295	14/12/2024	23	14/12/2024	18	HNE	-11,7	0	-16,8	0	66,0	0	4,0	0	240,0	0	1017,0	0	0,0	ERA5
1060296	15/12/2024	00	14/12/2024	19	HNE	-13,2	0	-17,0	0	73,0	0	0,0	0	280,0	0	1018,0	0	0,0	ERA5
1060297	15/12/2024	01	14/12/2024	20	HNE	-13,9	0	-17,0	0	77,0	0	2,0	0	300,0	0	1018,0	0	0,0	ERA5
1060298	15/12/2024	02	14/12/2024	21	HNE	-14,1	0	-17,1	0	78,0	0	4,0	0	210,0	0	1018,0	0	0,0	ERA5
1060299	15/12/2024	03	14/12/2024	22	HNE	-15,6	0	-18,3	0	80,0	0	2,0	0	140,0	0	1017,0	0	0,0	ERA5
1060300	15/12/2024	04	14/12/2024	23	HNE	-16,4	0	-18,5	0	84,0	0	2,0	0	200,0	0	1017,0	0	0,0	ERA5
1060301	15/12/2024	05	15/12/2024	00	HNE	-15,8	0	-18,0	0	83,0	0	4,0	0	180,0	0	1017,0	0	0,0	ERA5
1060302	15/12/2024	06	15/12/2024	01	HNE	-16,4	0	-18,7	0	82,0	0	2,0	0	180,0	0	1017,0	0	0,0	ERA5
1060303	15/12/2024	07	15/12/2024	02	HNE	-16,3	0	-18,5	0	84,0	0	3,0	0	180,0	0	1017,0	0	0,0	ERA5
1060304	15/12/2024	08	15/12/2024	03	HNE	-16,6	0	-18,5	0	85,0	0	3,0	0	180,0	0	1017,0	0	0,0	ERA5
1060305	15/12/2024	09	15/12/2024	04	HNE	-17,2	0	-19,4	0	83,0	0	3,0	0	170,0	0	1016,0	0	0,0	ERA5
1060306	15/12/2024	10	15/12/2024	05	HNE	-16,9	0	-19,1	0	83,0	0	1,0	0	190,0	0	1016,0	0	0,0	ERA5
1060307	15/12/2024	11	15/12/2024	06	HNE	-18,6	0	-20,9	0	82,0	0	2,0	0	230,0	0	1016,0	0	0,0	ERA5
1060308	15/12/2024	12	15/12/2024	07	HNE	-17,7	0	-19,9	0	83,0	0	3,0	0	190,0	0	1016,0	0	0,0	ERA5
1060309	15/12/2024	13	15/12/2024	08	HNE	-17,5	0	-19,9	0	82,0	0	3,0	0	160,0	0	1015,0	0	53,7	ERA5
1060310	15/12/2024	14	15/12/2024	09	HNE	-16,1	0	-19,0	0	78,0	0	6,0	0	150,0	0	1015,0	0	428,3	ERA5
1060311	15/12/2024	15	15/12/2024	10	HNE	-14,5	0	-18,2	0	74,0	0	6,0	0	120,0	0	1015,0	0	863,8	ERA5
1060312	15/12/2024	16	15/12/2024	11	HNE	-11,2	0	-16,5	0	65,0	0	2,0	0	120,0	0	1014,0	0	1160,3	ERA5
1060313	15/12/2024	17	15/12/2024	12	HNE	-9,7	0	-15,3	0	64,0	0	6,0	0	130,0	0	1013,0	0	1298,1	ERA5
1060314	15/12/2024	18	15/12/2024	13	HNE	-7,9	0	-14,9	0	57,0	0	5,0	0	140,0	0	1012,0	0	1216,1	ERA5
1060315	15/12/2024	19	15/12/2024	14	HNE	-6,9	0	-14,4	0	55,0	0	7,0	0	150,0	0	1011,0	0	864,8	ERA5
1060316	15/12/2024	20	15/12/2024	15	HNE	-6,8	0	-13,9	0	57,0	0	6,0	0	170,0	0	1011,0	0	520,5	ERA5
1060317	15/12/2024	21	15/12/2024	16	HNE	-6,7	0	-13,7	0	58,0	0	4,0	0	180,0	0	1010,0	0	105,4	ERA5
1060318	15/12/2024	22	15/12/2024	17	HNE	-7,7	0	-13,8	0	62,0	0	4,0	0	220,0	0	1010,0	0	0,0	ERA5
1060319	15/12/2024	23	15/12/2024	18	HNE	-9,4	0	-13,2	0	74,0	0	2,0	0	250,0	0	1009,0	0	0,0	ERA5
1060320	16/12/2024	00	15/12/2024	19	HNE	-10,8	0	-14,2	0	76,0	0	1,0	0	260,0	0	1008,0	0	0,0	ERA5
1060321	16/12/2024	01	15/12/2024	20	HNE	-11,5	0	-13,9	0	82,0	0	2,0	0	170,0	0	1008,0	0	0,0	ERA5
1060322	16/12/2024	02	15/12/2024	21	HNE	-11,8	0	-14,3	0	82,0	0	3,0	0	190,0	0	1008,0	0	0,0	ERA5
1060323	16/12/2024	03	15/12/2024	22	HNE	-13,0	0	-14,8	0	86,0	0	5,0	0	190,0	0	1008,0	0	0,0	ERA5
1060324	16/12/2024	04	15/12/2024	23	HNE	-12,5	0	-14,3	0	87,0	0	4,0	0	170,0	0	1007,0	0	0,0	ERA5
1060325	16/12/2024	05	16/12/2024	00	HNE	-12,8	0	-14,8	0	85,0	0	5,0	0	190,0	0	1006,0	0	0,0	ERA5
1060326	16/12/2024	06	16/12/2024	01	HNE	-13,2	0	-15,1	0	85,0	0	5,0	0	180,0	0	1006,0	0	0,0	ERA5
1060327	16/12/2024	07	16/12/2024	02	HNE	-13,7	0	-15,5	0	86,0	0	4,0	0	170,0	0	1005,0	0	0,0	ERA5
1060328	16/12/2024	08	16/12/2024	03	HNE	-14,6	0	-16,7	0	84,0	0	2,0	0	180,0	0	1005,0	0	0,0	ERA5
1060329	16/12/2024	09	16/12/2024	04	HNE	-13,8	0	-15,6	0	86,0	0	5,0	0	180,0	0	1005,0	0	0,0	ERA5
1060330	16/12/2024	10	16/12/2024	05	HNE	-14,0	0	-16,2	0	83,0	0	4,0	0	150,0	0	1004,0	0	0,0	ERA5
1060331	16/12/2024	11	16/12/2024	06	HNE	-14,8	0	-16,9	0	84,0	0	3,0	0	200,0	0	1004,0	0	0,0	ERA5
1060332	16/12/2024	12	16/12/2024	07	HNE	-13,0	0	-15,1	0	85,0	0	4,0	0	160,0	0	1004,0	0	0,0	ERA5
1060333	16/12/2024	13	16/12/2024	08	HNE	-11,6	0	-13,8	0	83,0	0	4,0	0	190,0	0	1004,0	0	30,9	ERA5
1060334	16/12/2024	14	16/12/2024	09	HNE	-10,3	0	-13,1	0	80,0	0	5,0	0	160,0	0	1003,0	0	163,1	ERA5
1060335	16/12/2024	15	16/12/2024	10	HNE	-8,8	0	-12,1	0	77,0	0	4,0	0	140,0	0	1003,0	0	478,8	ERA5
1060336	16/12/2024	16	16/12/2024	11	HNE	-7,2	0	-11,2	0	73,0	0	8,0	0	140,0	0	1001,0	0	763,1	ERA5
1060337	16/12/2024	17	16/12/2024	12	HNE	-5,1	0	-10,7	0	64,0	0	0,0	0	20,0	0	1001,0	0	973,2	ERA5
1060338	16/12/2024	18	16/12/2024	13	HNE	-2,9	0	-8,3	0	67,0	0	1,0	0	140,0	0	1000,0	0	981,8	ERA5
1060339	16/12/2024	19	16/12/2024	14	HNE	-2,1	0	-7,1	0	68,0	0	3,0	0	150,0	0	999,0	0	699,2	ERA5
1060340	16/12/2024	20	16/12/2024	15	HNE	-1,5	0	-6,5	0	68,0	0	5,0	0	130,0	0	999,0	0	274,7	ERA5
1060341	16/12/2024	21	16/12/2024	16	HNE	-0,9	0	-5,8	0	69,0	0	5,0	0	180,0	0	998,0	0	51,6	ERA5
1060342	16/12/2024	22	16/12/2024	17	HNE	-1,6	0	-5,7	0	73,0	0	7,0	0	180,0	0	997,0	0	0,0	ERA5
1060343	16/12/2024	23	16/12/2024	18	HNE	-1,2	0	-5,2	0	74,0	0	2,0	0	190,0	0	997,0	0	0,0	ERA5
1060344	17/12/2024	00	16/12/2024	19	HNE	-1,1	0	-5,3	0	73,0	0	6,0	0	180,0	0	997,0	0	0,0	ERA5
1060345	17/12/2024	01	16/12/2024	20	HNE	-0,6	0	-4,3	0	76,0	0	5,0	0	210,0	0	995,0	0	0,0	ERA5
1060346	17/12/2024	02	16/12/2024	21	HNE	-0,1	0	-3,2	0	80,0	0	2,0	0	170,0	0	994,0	0	0,0	ERA5
1060347	17/12/2024	03	16/12/2024	22	HNE	-0,4	0	-3,2	0	81,0	0	7,0	0	160,0	0	993,0	0	0,0	ERA5
1060348	17/12/2024	04	16/12/2024	23	HNE	0,4	4.lineaire	-2,7	0	82,0	0	10,0	0	140,0	0	992,0	0	0,0	ERA5
1060349	17/12/2024	05	17/12/2024	00	HNE	1,2	0	-1,8	0	80,0	0	9,0	0	130,0	0	990,0	0	0,0	ERA5
1060350	17/12/2024	06	17/12/2024	01	HNE	2,4	0	-0,8	0	80,0	0	16,0	0	150,0	0	988,0	0	0,0	ERA5
1060351	17/12/2024	07	17/12/2024	02	HNE	2,5	0	-0,4	0	81,0	0	16,0	0	140,0	0	986,0	0	0,0	ERA5
1060352	17/12/2024	08	17/12/2024	03	HNE	3,6	0	0,4	0	80,0	0	14,0	0	150,0	0	985,0	0	0,0	ERA5
1060353	17/12/2024	09	17/12/2024	04	HNE	3,2	0	2,2	0	93,0	0	15,0	0	160,0	0	982,0	0	0,0	ERA5
1060354	17/12/2024	10	17/12/2024	05	HNE	2,9	0	2,2	0	95,0	0	11,0	0	150,0	0	980,0	0	0,0	ERA5
1060355	17/12/2024	11	17/12/2024	06	HNE	3,0	0	2,6	0	97,0	0	9,0	0	150,0	0	980,0	0	0,0	ERA5
1060356	17/12/2024	12	17/12/2024	07	HNE	3,2	0	2,8	0	97,0	0	3,0	0	180,0	0	979,0	0	0,0	ERA5
1060357	17/12/2024	13	17/12/2024	08	HNE	3,8	0	3,4	0	97,0	0	3,0	0	120,0	0	979,0	0	3,2	ERA5
1060358	17/12/2024	14	17/12/2024	09	HNE	6,8	0	5,0	0	89,0	0	4,0	0	190,0	0	979,0	0	58,0	ERA5
1060359	17/12/2024	15	17/12/2024	10	HNE	6,4	0	4,4	0	87,0	0	4,0	0	200,0	0	980,0	0	145,0	ERA5
1060360	17/12/2024	16	17/12/2024	11	HNE	6,3	0	3,7	0	83,0	0	7,0	0	180,0	0	980,0	0	216,6	ERA5
1060361	17/12/2024	17	17/12/2024	12	HNE	6,5	0	2,9	0	78,0	0	9,0	0	220,0	0	980,0	0	190,1	ERA5
1060362	17/12/2024	18	17/12/2024	13	HNE	6,5	0	2,0	0	73,0	0	5,0	0	260,0	0	981,0	0	252,5	ERA5
1060363	17/12/2024	19	17/12/2024	14	HNE	5,8	0	1,7	0	75,0	0	6,0	0	270,0	0	982,0	0	267,5	ERA5
1060364	17/12/2024	20	17/12/2024	15	HNE	4,6	0	2,2	0	85,0	0	6,0	0	310,0	0	983,0	0	180,9	ERA5
1060365	17/12/2024	21	17/12/2024	16	HNE	3,9	0	1,0	0	82,0	0	8,0	0	270,0	0	983,0	0	39,4	ERA5
1060366	17/12/2024	22	17/12/2024	17	HNE	3,7	0	1,2	0	84,0	0	6,0	0	250,0	0	984,0	0	0,0	ERA5
1060367	17/12/2024	23	17/12/2024	18	HNE	3,9	0	0,7	0	80,0	0	5,0	0	260,0	0	985,0	0	0,0	ERA5
1060368	18/12/2024	00	17/12/2024	19	HNE	4,0	0	0,3	0	77,0	0	6,0	0	280,0	0	986,0	0	0,0	ERA5
1060369	18/12/2024	01	17/12/2024	20	HNE	4,0	0	0,2	0	76,0	0	10,0	0	270,0	0	986,0	0	0,0	ERA5
1060370	18/12/2024	02	17/12/2024	21	HNE	3,7	0	-0,5	0	74,0	0	9,0	0	280,0	0	987,0	0	0,0	ERA5
1060371	18/12/2024	03	17/12/2024	22	HNE	3,0	0	-0,7	0	76,0	0	6,0	0	290,0	0	987,0	0	0,0	ERA5
1060372	18/12/2024	04	17/12/2024	23	HNE	2,4	0	-0,9	0	79,0	0	3,0	0	270,0	0	988,0	0	0,0	ERA5
1060373	18/12/2024	05	18/12/2024	00	HNE	2,5	0	-1,0	0	78,0	0	5,0	0	230,0	0	988,0	0	0,0	ERA5
1060374	18/12/2024	06	18/12/2024	01	HNE	1,7	0	-1,4	0	80,0	0	5,0	0	260,0	0	989,0	0	0,0	ERA5
1060375	18/12/2024	07	18/12/2024	02	HNE	1,9	0	-1,4	0	79,0	0	9,0	0	230,0	0	989,0	0	0,0	ERA5
1060376	18/12/2024	08	18/12/2024	03	HNE	1,0	0	-1,5	0	84,0	0	1,0	0	220,0	0	990,0	0	0,0	ERA5
1060377	18/12/2024	09	18/12/2024	04	HNE	1,6	0	-1,1	0	83,0	0	4,0	0	200,0	0	990,0	0	0,0	ERA5
1060378	18/12/2024	10	18/12/2024	05	HNE	1,9	0	-0,9	0	81,0	0	4,0	0	240,0	0	990,0	0	0,0	ERA5
1060379	18/12/2024	11	18/12/2024	06	HNE	2,0	0	-0,8	0	82,0	0	8,0	0	220,0	0	990,0	0	0,0	ERA5
1060380	18/12/2024	12	18/12/2024	07	HNE	1,8	0	-0,8	0	82,0	0	4,0	0	200,0	0	990,0	0	0,0	ERA5
1060381	18/12/2024	13	18/12/2024	08	HNE	1,8	0	-0,8	0	83,0	0	5,0	0	210,0	0	990,0	0	17,0	ERA5
1060382	18/12/2024	14	18/12/2024	09	HNE	2,0	0	-0,7	0	82,0	0	7,0	0	200,0	0	990,0	0	174,0	ERA5
1060383	18/12/2024	15	18/12/2024	10	HNE	2,1	0	-0,6	0	82,0	0	3,0	0	210,0	0	991,0	0	278,9	ERA5
1060384	18/12/2024	16	18/12/2024	11	HNE	2,1	0	-0,6	0	82,0	0	3,0	0	230,0	0	990,0	0	315,4	ERA5
1060385	18/12/2024	17	18/12/2024	12	HNE	2,4	0	-0,7	0	80,0	0	4,0	0	190,0	0	990,0	0	364,5	ERA5
1060386	18/12/2024	18	18/12/2024	13	HNE	2,7	0	-0,9	0	77,0	0	3,0	0	190,0	0	989,0	0	424,4	ERA5
1060387	18/12/2024	19	18/12/2024	14	HNE	2,8	0	-1,0	0	76,0	0	2,0	0	170,0	0	989,0	0	335,7	ERA5
1060388	18/12/2024	20	18/12/2024	15	HNE	2,4	0	-0,8	0	79,0	0	4,0	0	180,0	0	988,0	0	225,3	ERA5
1060389	18/12/2024	21	18/12/2024	16	HNE	1,4	0	-0,45	4.lineaire	90,0	0	4,0	0	130,0	0	988,0	0	49,7	ERA5
1060390	18/12/2024	22	18/12/2024	17	HNE	1,0	0	-0,1	0	93,0	0	3,0	0	130,0	0	988,0	0	0,0	ERA5
1060391	18/12/2024	23	18/12/2024	18	HNE	0,4	0	-0,3	0	94,0	0	2,0	0	130,0	0	988,0	0	0,0	ERA5
1060392	19/12/2024	00	18/12/2024	19	HNE	0,2	0	-0,4	0	96,0	0	3,0	0	160,0	0	987,0	0	0,0	ERA5
1060393	19/12/2024	01	18/12/2024	20	HNE	0,1	0	-0,3	0	97,0	0	3,0	0	160,0	0	987,0	0	0,0	ERA5
1060394	19/12/2024	02	18/12/2024	21	HNE	0,1	0	-0,4	0	97,0	0	3,0	0	130,0	0	986,0	0	0,0	ERA5
1060395	19/12/2024	03	18/12/2024	22	HNE	0,1	4.constant	-0,4	0	97,0	0	2,0	0	170,0	0	985,0	0	0,0	ERA5
1060396	19/12/2024	04	18/12/2024	23	HNE	0,1	4.constant	-0,4	0	97,0	0	2,0	0	180,0	0	984,0	0	0,0	ERA5
1060397	19/12/2024	05	19/12/2024	00	HNE	0,1	4.constant	-0,4	0	97,0	0	1,0	0	170,0	0	984,0	0	0,0	ERA5
1060398	19/12/2024	06	19/12/2024	01	HNE	0,1	4.lineaire	-0,4	0	97,0	0	0,0	0	0,0	0	984,0	0	0,0	ERA5
1060399	19/12/2024	07	19/12/2024	02	HNE	0,1	0	-0,3	0	97,0	0	0,0	0	0,0	0	984,0	0	0,0	ERA5
1060400	19/12/2024	08	19/12/2024	03	HNE	0,1	4.lineaire	-0,5	0	96,0	0	0,0	0	0,0	0	984,0	0	0,0	ERA5
1060401	19/12/2024	09	19/12/2024	04	HNE	0,1	4.lineaire	-1,1	0	93,0	0	0,0	0	0,0	0	984,0	0	0,0	ERA5
1060402	19/12/2024	10	19/12/2024	05	HNE	0,1	0	-1,3	0	90,0	0	0,0	0	0,0	0	984,0	0	0,0	ERA5
1060403	19/12/2024	11	19/12/2024	06	HNE	-0,4	4.lineaire	-1,4	0	91,0	0	0,0	0	0,0	0	985,0	0	0,0	ERA5
1060404	19/12/2024	12	19/12/2024	07	HNE	-0,9	0	-3,1	0	85,0	0	0,0	0	0,0	0	986,0	0	0,0	ERA5
1060405	19/12/2024	13	19/12/2024	08	HNE	-1,4	0	-3,5	0	86,0	0	0,0	0	0,0	0	988,0	0	20,1	ERA5
1060406	19/12/2024	14	19/12/2024	09	HNE	-2,2	0	-4,8	0	82,0	0	0,0	0	0,0	0	989,0	0	257,7	ERA5
1060407	19/12/2024	15	19/12/2024	10	HNE	-2,9	0	-5,7	0	81,0	0	13,0	0	290,0	0	991,0	0	666,0	ERA5
1060408	19/12/2024	16	19/12/2024	11	HNE	-3,6	0	-7,8	0	73,0	0	11,0	0	310,0	0	991,0	0	884,2	ERA5
1060409	19/12/2024	17	19/12/2024	12	HNE	-4,7	0	-8,6	0	74,0	0	9,0	0	290,0	0	992,0	0	849,6	ERA5
1060410	19/12/2024	18	19/12/2024	13	HNE	-5,1	0	-9,3	0	72,0	0	8,0	0	280,0	0	992,0	0	692,7	ERA5
1060411	19/12/2024	19	19/12/2024	14	HNE	-5,9	0	-11,1	0	66,0	0	6,0	0	280,0	0	993,0	0	652,8	ERA5
1060412	19/12/2024	20	19/12/2024	15	HNE	-6,4	0	-12,2	0	64,0	0	4,0	0	300,0	0	995,0	0	399,2	ERA5
1060413	19/12/2024	21	19/12/2024	16	HNE	-7,0	0	-11,2	0	72,0	0	3,0	0	300,0	0	996,0	0	98,1	ERA5
1060414	19/12/2024	22	19/12/2024	17	HNE	-7,2	0	-11,0	0	75,0	0	4,0	0	260,0	0	997,0	0	0,0	ERA5
1060415	19/12/2024	23	19/12/2024	18	HNE	-8,5	0	-12,1	0	75,0	0	4,0	0	240,0	0	998,0	0	0,0	ERA5
1060416	20/12/2024	00	19/12/2024	19	HNE	-8,9	0	-12,1	0	77,0	0	5,0	0	280,0	0	998,0	0	0,0	ERA5
1060417	20/12/2024	01	19/12/2024	20	HNE	-10,0	0	-12,8	0	80,0	0	2,0	0	330,0	0	998,0	0	0,0	ERA5
1060418	20/12/2024	02	19/12/2024	21	HNE	-10,9	0	-13,6	0	80,0	0	3,0	0	250,0	0	999,0	0	0,0	ERA5
1060419	20/12/2024	03	19/12/2024	22	HNE	-11,2	0	-13,9	0	80,0	0	7,0	0	290,0	0	998,0	0	0,0	ERA5
1060420	20/12/2024	04	19/12/2024	23	HNE	-11,9	0	-14,3	0	82,0	0	4,0	0	340,0	0	999,0	0	0,0	ERA5
1060421	20/12/2024	05	20/12/2024	00	HNE	-13,0	0	-15,3	0	82,0	0	2,0	0	280,0	0	999,0	0	0,0	ERA5
1060422	20/12/2024	06	20/12/2024	01	HNE	-12,4	0	-14,5	0	85,0	0	0,0	0	0,0	0	999,0	0	0,0	ERA5
1060423	20/12/2024	07	20/12/2024	02	HNE	-12,1	0	-14,2	0	84,0	0	0,0	0	0,0	0	999,0	0	0,0	ERA5
1060424	20/12/2024	08	20/12/2024	03	HNE	-11,8	0	-14,0	0	84,0	0	1,0	0	340,0	0	998,0	0	0,0	ERA5
1060425	20/12/2024	09	20/12/2024	04	HNE	-11,7	0	-14,0	0	83,0	0	2,0	0	210,0	0	998,0	0	0,0	ERA5
1060426	20/12/2024	10	20/12/2024	05	HNE	-11,8	0	-13,7	0	86,0	0	1,0	0	130,0	0	998,0	0	0,0	ERA5
1060427	20/12/2024	11	20/12/2024	06	HNE	-12,2	0	-14,5	0	83,0	0	2,0	0	110,0	0	998,0	0	0,0	ERA5
1060428	20/12/2024	12	20/12/2024	07	HNE	-12,4	0	-14,3	0	85,0	0	4,0	0	180,0	0	998,0	0	0,0	ERA5
1060429	20/12/2024	13	20/12/2024	08	HNE	-11,8	0	-14,2	0	82,0	0	2,0	0	210,0	0	998,0	0	43,0	ERA5
1060430	20/12/2024	14	20/12/2024	09	HNE	-10,6	0	-13,9	0	77,0	0	5,0	0	140,0	0	998,0	0	412,5	ERA5
1060431	20/12/2024	15	20/12/2024	10	HNE	-9,9	0	-13,5	0	75,0	0	9,0	0	130,0	0	997,0	0	837,4	ERA5
1060432	20/12/2024	16	20/12/2024	11	HNE	-8,7	0	-12,5	0	74,0	0	8,0	0	150,0	0	997,0	0	1083,3	ERA5
1060433	20/12/2024	17	20/12/2024	12	HNE	-7,9	0	-12,2	0	71,0	0	5,0	0	120,0	0	995,0	0	1026,8	ERA5
1060434	20/12/2024	18	20/12/2024	13	HNE	-7,2	0	-12,2	0	67,0	0	5,0	0	120,0	0	994,0	0	751,9	ERA5
1060435	20/12/2024	19	20/12/2024	14	HNE	-7,0	0	-11,5	0	70,0	0	9,0	0	140,0	0	993,0	0	472,0	ERA5
1060436	20/12/2024	20	20/12/2024	15	HNE	-7,3	0	-11,9	0	70,0	0	8,0	0	60,0	0	992,0	0	265,1	ERA5
1060437	20/12/2024	21	20/12/2024	16	HNE	-7,4	0	-11,5	0	72,0	0	10,0	0	70,0	0	992,0	0	53,5	ERA5
1060438	20/12/2024	22	20/12/2024	17	HNE	-7,7	0	-11,6	0	74,0	0	6,0	0	60,0	0	992,0	0	0,0	ERA5
1060439	20/12/2024	23	20/12/2024	18	HNE	-8,0	0	-11,7	0	74,0	0	8,0	0	100,0	0	993,0	0	0,0	ERA5
1060440	21/12/2024	00	20/12/2024	19	HNE	-8,3	0	-11,6	0	77,0	0	7,0	0	80,0	0	992,0	0	0,0	ERA5
1060441	21/12/2024	01	20/12/2024	20	HNE	-8,6	0	-11,8	0	78,0	0	6,0	0	120,0	0	992,0	0	0,0	ERA5
1060442	21/12/2024	02	20/12/2024	21	HNE	-8,8	0	-12,1	0	77,0	0	4,0	0	60,0	0	991,0	0	0,0	ERA5
1060443	21/12/2024	03	20/12/2024	22	HNE	-9,1	0	-12,4	0	77,0	0	5,0	0	30,0	0	990,0	0	0,0	ERA5
1060444	21/12/2024	04	20/12/2024	23	HNE	-9,1	0	-12,3	0	78,0	0	6,0	0	20,0	0	989,0	0	0,0	ERA5
1060445	21/12/2024	05	21/12/2024	00	HNE	-9,6	0	-12,8	0	78,0	0	3,0	0	360,0	0	988,0	0	0,0	ERA5
1060446	21/12/2024	06	21/12/2024	01	HNE	-10,1	0	-13,2	0	78,0	0	7,0	0	320,0	0	986,0	0	0,0	ERA5
1060447	21/12/2024	07	21/12/2024	02	HNE	-10,3	0	-12,8	0	82,0	0	4,0	0	330,0	0	986,0	0	0,0	ERA5
1060448	21/12/2024	08	21/12/2024	03	HNE	-10,4	0	-13,0	0	81,0	0	9,0	0	330,0	0	986,0	0	0,0	ERA5
1060449	21/12/2024	09	21/12/2024	04	HNE	-10,6	0	-13,8	0	77,0	0	3,0	0	330,0	0	986,0	0	0,0	ERA5
1060450	21/12/2024	10	21/12/2024	05	HNE	-10,4	0	-13,7	0	77,0	0	4,0	0	310,0	0	985,0	0	0,0	ERA5
1060451	21/12/2024	11	21/12/2024	06	HNE	-10,4	4.lineaire	-13,3	4.lineaire	79,0	4.lineaire	6,5	4.lineaire	310,0	4.lineaire	985,0	4.lineaire	0,0	ERA5
1060452	21/12/2024	12	21/12/2024	07	HNE	-10,4	0	-12,9	0	81,0	0	9,0	0	310,0	0	985,0	0	0,0	ERA5
1060453	21/12/2024	13	21/12/2024	08	HNE	-10,2	0	-12,0	0	86,0	0	4,0	0	320,0	0	985,0	0	24,7	ERA5
1060454	21/12/2024	14	21/12/2024	09	HNE	-10,0	0	-12,7	0	80,0	0	11,0	0	320,0	0	985,0	0	214,2	ERA5
1060455	21/12/2024	15	21/12/2024	10	HNE	-9,8	0	-12,6	0	80,0	0	11,0	0	330,0	0	985,0	0	459,9	ERA5
1060456	21/12/2024	16	21/12/2024	11	HNE	-9,5	0	-12,9	0	76,0	0	10,0	0	340,0	0	984,0	0	629,8	ERA5
1060457	21/12/2024	17	21/12/2024	12	HNE	-9,1	0	-12,8	0	75,0	0	7,0	0	340,0	0	984,0	0	754,6	ERA5
1060458	21/12/2024	18	21/12/2024	13	HNE	-9,4	0	-13,6	0	72,0	0	10,0	0	340,0	0	984,0	0	666,0	ERA5
1060459	21/12/2024	19	21/12/2024	14	HNE	-9,9	0	-13,8	0	73,0	0	5,0	0	300,0	0	984,0	0	459,1	ERA5
1060460	21/12/2024	20	21/12/2024	15	HNE	-10,5	0	-14,4	0	73,0	0	4,0	0	260,0	0	985,0	0	228,1	ERA5
1060461	21/12/2024	21	21/12/2024	16	HNE	-11,0	0	-14,5	0	76,0	0	3,0	0	260,0	0	986,0	0	65,6	ERA5
1060462	21/12/2024	22	21/12/2024	17	HNE	-11,2	0	-14,7	0	75,0	0	6,0	0	330,0	0	986,0	0	0,0	ERA5
1060463	21/12/2024	23	21/12/2024	18	HNE	-11,7	0	-15,6	0	73,0	0	8,0	0	290,0	0	987,0	0	0,0	ERA5
1060464	22/12/2024	00	21/12/2024	19	HNE	-12,8	0	-17,0	0	71,0	0	9,0	0	300,0	0	987,0	0	0,0	ERA5
1060465	22/12/2024	01	21/12/2024	20	HNE	-13,5	0	-17,7	0	71,0	0	5,0	0	310,0	0	988,0	0	0,0	ERA5
1060466	22/12/2024	02	21/12/2024	21	HNE	-14,4	0	-18,7	0	70,0	0	13,0	0	300,0	0	989,0	0	0,0	ERA5
1060467	22/12/2024	03	21/12/2024	22	HNE	-15,4	0	-19,8	0	69,0	0	5,0	0	260,0	0	989,0	0	0,0	ERA5
1060468	22/12/2024	04	21/12/2024	23	HNE	-16,3	0	-20,3	0	71,0	0	3,0	0	320,0	0	990,0	0	0,0	ERA5
1060469	22/12/2024	05	22/12/2024	00	HNE	-16,9	0	-20,9	0	71,0	0	6,0	0	270,0	0	990,0	0	0,0	ERA5
1060470	22/12/2024	06	22/12/2024	01	HNE	-17,3	0	-21,2	0	72,0	0	2,0	0	300,0	0	991,0	0	0,0	ERA5
1060471	22/12/2024	07	22/12/2024	02	HNE	-17,5	0	-21,4	0	72,0	0	3,0	0	270,0	0	992,0	0	0,0	ERA5
1060472	22/12/2024	08	22/12/2024	03	HNE	-18,1	0	-21,9	0	72,0	0	3,0	0	300,0	0	993,0	0	0,0	ERA5
1060473	22/12/2024	09	22/12/2024	04	HNE	-18,2	0	-22,1	0	72,0	0	4,0	0	260,0	0	993,0	0	0,0	ERA5
1060474	22/12/2024	10	22/12/2024	05	HNE	-18,3	0	-22,1	0	72,0	0	4,0	0	300,0	0	994,0	0	0,0	ERA5
1060475	22/12/2024	11	22/12/2024	06	HNE	-18,3	0	-22,2	0	72,0	0	3,0	0	250,0	0	995,0	0	0,0	ERA5
1060476	22/12/2024	12	22/12/2024	07	HNE	-18,8	0	-22,5	0	73,0	0	3,0	0	240,0	0	997,0	0	0,0	ERA5
1060477	22/12/2024	13	22/12/2024	08	HNE	-18,1	0	-22,4	0	69,0	0	3,0	0	260,0	0	998,0	0	41,4	ERA5
1060478	22/12/2024	14	22/12/2024	09	HNE	-16,8	0	-22,4	0	62,0	0	2,0	0	260,0	0	999,0	0	405,8	ERA5
1060479	22/12/2024	15	22/12/2024	10	HNE	-15,0	0	-21,6	0	57,0	0	9,0	0	310,0	0	999,0	0	843,4	ERA5
1060480	22/12/2024	16	22/12/2024	11	HNE	-13,6	0	-20,7	0	55,0	0	8,0	0	350,0	0	999,0	0	1149,4	ERA5
1060481	22/12/2024	17	22/12/2024	12	HNE	-13,3	0	-20,0	0	57,0	0	16,0	0	340,0	0	999,0	0	1307,9	ERA5
1060482	22/12/2024	18	22/12/2024	13	HNE	-12,1	0	-19,1	0	56,0	0	6,0	0	340,0	0	999,0	0	1243,4	ERA5
1060483	22/12/2024	19	22/12/2024	14	HNE	-11,7	0	-19,1	0	55,0	0	6,0	0	350,0	0	999,0	0	989,1	ERA5
1060484	22/12/2024	20	22/12/2024	15	HNE	-12,2	0	-18,2	0	61,0	0	2,0	0	290,0	0	1000,0	0	592,1	ERA5
1060485	22/12/2024	21	22/12/2024	16	HNE	-13,2	0	-18,2	0	66,0	0	2,0	0	300,0	0	1001,0	0	146,9	ERA5
1060486	22/12/2024	22	22/12/2024	17	HNE	-14,2	0	-18,6	0	69,0	0	1,0	0	310,0	0	1002,0	0	0,0	ERA5
1060487	22/12/2024	23	22/12/2024	18	HNE	-14,0	0	-18,5	0	69,0	0	4,0	0	260,0	0	1003,0	0	0,0	ERA5
1060488	23/12/2024	00	22/12/2024	19	HNE	-14,6	0	-18,7	0	71,0	0	3,0	0	240,0	0	1003,0	0	0,0	ERA5
1060489	23/12/2024	01	22/12/2024	20	HNE	-15,2	0	-18,9	0	73,0	0	1,0	0	40,0	0	1003,0	0	0,0	ERA5
1060490	23/12/2024	02	22/12/2024	21	HNE	-15,4	0	-18,7	0	75,0	0	2,0	0	320,0	0	1004,0	0	0,0	ERA5
1060491	23/12/2024	03	22/12/2024	22	HNE	-16,1	0	-19,0	0	78,0	0	0,0	0	110,0	0	1004,0	0	0,0	ERA5
1060492	23/12/2024	04	22/12/2024	23	HNE	-16,5	0	-19,6	0	77,0	0	2,0	0	50,0	0	1004,0	0	0,0	ERA5
1060493	23/12/2024	05	23/12/2024	00	HNE	-17,4	0	-20,4	0	77,0	0	4,0	0	210,0	0	1004,0	0	0,0	ERA5
1060494	23/12/2024	06	23/12/2024	01	HNE	-18,1	0	-20,8	0	80,0	0	3,0	0	160,0	0	1005,0	0	0,0	ERA5
1060495	23/12/2024	07	23/12/2024	02	HNE	-18,6	0	-21,1	0	80,0	0	1,0	0	160,0	0	1005,0	0	0,0	ERA5
1060496	23/12/2024	08	23/12/2024	03	HNE	-18,4	0	-21,2	0	78,0	0	2,0	0	170,0	0	1005,0	0	0,0	ERA5
1060497	23/12/2024	09	23/12/2024	04	HNE	-18,5	0	-21,3	0	79,0	0	3,0	0	40,0	0	1005,0	0	0,0	ERA5
1060498	23/12/2024	10	23/12/2024	05	HNE	-19,0	0	-21,6	0	80,0	0	1,0	0	150,0	0	1005,0	0	0,0	ERA5
1060499	23/12/2024	11	23/12/2024	06	HNE	-19,2	0	-21,8	0	80,0	0	1,0	0	200,0	0	1005,0	0	0,0	ERA5
1060500	23/12/2024	12	23/12/2024	07	HNE	-19,4	0	-21,6	0	83,0	0	1,0	0	190,0	0	1006,0	0	0,0	ERA5
1060501	23/12/2024	13	23/12/2024	08	HNE	-18,8	0	-21,4	0	79,0	0	1,0	0	140,0	0	1006,0	0	37,4	ERA5
1060502	23/12/2024	14	23/12/2024	09	HNE	-18,4	0	-20,9	0	80,0	0	3,0	0	140,0	0	1007,0	0	365,5	ERA5
1060503	23/12/2024	15	23/12/2024	10	HNE	-16,9	0	-19,7	0	79,0	0	4,0	0	110,0	0	1006,0	0	741,0	ERA5
1060504	23/12/2024	16	23/12/2024	11	HNE	-15,0	0	-18,4	0	76,0	0	4,0	0	130,0	0	1005,0	0	1062,6	ERA5
1060505	23/12/2024	17	23/12/2024	12	HNE	-13,6	0	-18,1	0	69,0	0	9,0	0	140,0	0	1004,0	0	1267,3	ERA5
1060506	23/12/2024	18	23/12/2024	13	HNE	-12,8	0	-17,3	0	69,0	0	6,0	0	110,0	0	1004,0	0	1210,6	ERA5
1060507	23/12/2024	19	23/12/2024	14	HNE	-11,6	0	-17,4	0	62,0	0	9,0	0	210,0	0	1003,0	0	946,7	ERA5
1060508	23/12/2024	20	23/12/2024	15	HNE	-11,2	0	-17,2	0	62,0	0	4,0	0	200,0	0	1002,0	0	568,7	ERA5
1060509	23/12/2024	21	23/12/2024	16	HNE	-11,2	0	-15,8	0	69,0	0	9,0	0	120,0	0	1002,0	0	145,2	ERA5
1060510	23/12/2024	22	23/12/2024	17	HNE	-11,7	0	-15,5	0	73,0	0	4,0	0	140,0	0	1001,0	0	0,0	ERA5
1060511	23/12/2024	23	23/12/2024	18	HNE	-13,1	0	-16,1	0	79,0	0	4,0	0	140,0	0	1001,0	0	0,0	ERA5
1060512	24/12/2024	00	23/12/2024	19	HNE	-12,2	0	-15,3	0	78,0	0	4,0	0	180,0	0	1001,0	0	0,0	ERA5
1060513	24/12/2024	01	23/12/2024	20	HNE	-11,8	0	-15,0	0	77,0	0	5,0	0	170,0	0	1000,0	0	0,0	ERA5
1060514	24/12/2024	02	23/12/2024	21	HNE	-11,6	0	-14,7	0	78,0	0	7,0	0	170,0	0	999,0	0	0,0	ERA5
1060515	24/12/2024	03	23/12/2024	22	HNE	-11,6	0	-13,8	0	84,0	0	5,0	0	150,0	0	998,0	0	0,0	ERA5
1060516	24/12/2024	04	23/12/2024	23	HNE	-11,4	0	-13,3	0	86,0	0	5,0	0	170,0	0	997,0	0	0,0	ERA5
1060517	24/12/2024	05	24/12/2024	00	HNE	-10,9	0	-12,7	0	86,0	0	5,0	0	190,0	0	996,0	0	0,0	ERA5
1060518	24/12/2024	06	24/12/2024	01	HNE	-10,6	0	-12,4	0	86,0	0	5,0	0	180,0	0	995,0	0	0,0	ERA5
1060519	24/12/2024	07	24/12/2024	02	HNE	-10,3	0	-12,1	0	86,0	0	3,0	0	210,0	0	995,0	0	0,0	ERA5
1060520	24/12/2024	08	24/12/2024	03	HNE	-10,1	0	-11,9	0	87,0	0	3,0	0	190,0	0	994,0	0	0,0	ERA5
1060521	24/12/2024	09	24/12/2024	04	HNE	-9,9	0	-11,7	0	87,0	0	3,0	0	190,0	0	994,0	0	0,0	ERA5
1060522	24/12/2024	10	24/12/2024	05	HNE	-9,8	0	-11,6	0	86,0	0	2,0	0	200,0	0	994,0	0	0,0	ERA5
1060523	24/12/2024	11	24/12/2024	06	HNE	-9,7	0	-11,5	0	87,0	0	2,0	0	190,0	0	993,0	0	0,0	ERA5
1060524	24/12/2024	12	24/12/2024	07	HNE	-9,6	0	-11,5	0	86,0	0	0,0	0	0,0	0	994,0	0	0,0	ERA5
1060525	24/12/2024	13	24/12/2024	08	HNE	-9,6	0	-11,3	0	87,0	0	0,0	0	0,0	0	994,0	0	14,9	ERA5
1060526	24/12/2024	14	24/12/2024	09	HNE	-9,1	0	-11,4	0	84,0	0	0,0	0	200,0	0	994,0	0	206,3	ERA5
1060527	24/12/2024	15	24/12/2024	10	HNE	-8,8	0	-11,5	0	81,0	0	4,0	0	340,0	0	995,0	0	504,9	ERA5
1060528	24/12/2024	16	24/12/2024	11	HNE	-7,4	0	-11,4	0	73,0	0	5,0	0	320,0	0	994,0	0	750,5	ERA5
1060529	24/12/2024	17	24/12/2024	12	HNE	-6,7	0	-10,4	0	75,0	0	3,0	0	340,0	0	994,0	0	786,7	ERA5
1060530	24/12/2024	18	24/12/2024	13	HNE	-6,8	0	-10,7	0	74,0	0	7,0	0	340,0	0	994,0	0	748,0	ERA5
1060531	24/12/2024	19	24/12/2024	14	HNE	-7,0	0	-10,8	0	74,0	0	7,0	0	310,0	0	995,0	0	687,7	ERA5
1060532	24/12/2024	20	24/12/2024	15	HNE	-7,4	0	-10,7	0	77,0	0	7,0	0	300,0	0	995,0	0	378,4	ERA5
1060533	24/12/2024	21	24/12/2024	16	HNE	-7,8	0	-10,9	0	79,0	0	4,0	0	320,0	0	996,0	0	89,5	ERA5
1060534	24/12/2024	22	24/12/2024	17	HNE	-9,1	0	-11,7	0	82,0	0	8,0	0	300,0	0	997,0	0	0,0	ERA5
1060535	24/12/2024	23	24/12/2024	18	HNE	-10,1	0	-12,3	0	84,0	0	7,0	0	310,0	0	998,0	0	0,0	ERA5
1060536	25/12/2024	00	24/12/2024	19	HNE	-11,3	0	-13,3	0	85,0	0	6,0	0	320,0	0	999,0	0	0,0	ERA5
1060537	25/12/2024	01	24/12/2024	20	HNE	-11,9	0	-14,1	0	83,0	0	3,0	0	230,0	0	999,0	0	0,0	ERA5
1060538	25/12/2024	02	24/12/2024	21	HNE	-13,5	0	-15,8	0	83,0	0	4,0	0	300,0	0	999,0	0	0,0	ERA5
1060539	25/12/2024	03	24/12/2024	22	HNE	-14,3	0	-16,5	0	83,0	0	0,0	0	0,0	0	999,0	0	0,0	ERA5
1060540	25/12/2024	04	24/12/2024	23	HNE	-14,9	0	-16,8	0	86,0	0	1,0	0	140,0	0	999,0	0	0,0	ERA5
1060541	25/12/2024	05	25/12/2024	00	HNE	-14,7	0	-16,9	0	83,0	0	0,0	0	50,0	0	1000,0	0	0,0	ERA5
1060542	25/12/2024	06	25/12/2024	01	HNE	-15,6	0	-17,6	0	84,0	0	0,0	0	0,0	0	999,0	0	0,0	ERA5
1060543	25/12/2024	07	25/12/2024	02	HNE	-15,6	0	-17,9	0	83,0	0	2,0	0	320,0	0	1000,0	0	0,0	ERA5
1060544	25/12/2024	08	25/12/2024	03	HNE	-16,6	0	-18,4	0	86,0	0	1,0	0	140,0	0	1000,0	0	0,0	ERA5
1060545	25/12/2024	09	25/12/2024	04	HNE	-17,8	0	-20,2	0	81,0	0	1,0	0	190,0	0	1001,0	0	0,0	ERA5
1060546	25/12/2024	10	25/12/2024	05	HNE	-18,1	0	-20,5	0	81,0	0	0,0	0	0,0	0	1001,0	0	0,0	ERA5
1060547	25/12/2024	11	25/12/2024	06	HNE	-18,1	0	-20,2	0	84,0	0	1,0	0	210,0	0	1001,0	0	0,0	ERA5
1060548	25/12/2024	12	25/12/2024	07	HNE	-19,3	0	-21,9	0	80,0	0	1,0	0	200,0	0	1002,0	0	0,0	ERA5
1060549	25/12/2024	13	25/12/2024	08	HNE	-19,4	0	-22,2	0	78,0	0	2,0	0	180,0	0	1003,0	0	31,0	ERA5
1060550	25/12/2024	14	25/12/2024	09	HNE	-16,7	0	-19,7	0	77,0	0	0,0	0	140,0	0	1003,0	0	338,6	ERA5
1060551	25/12/2024	15	25/12/2024	10	HNE	-14,6	0	-18,5	0	72,0	0	1,0	0	120,0	0	1003,0	0	676,5	ERA5
1060552	25/12/2024	16	25/12/2024	11	HNE	-12,0	0	-17,3	0	65,0	0	2,0	0	110,0	0	1002,0	0	1055,6	ERA5
1060553	25/12/2024	17	25/12/2024	12	HNE	-9,4	0	-13,5	0	72,0	0	5,0	0	320,0	0	1002,0	0	1223,2	ERA5
1060554	25/12/2024	18	25/12/2024	13	HNE	-8,2	0	-12,8	0	69,0	0	5,0	0	360,0	0	1001,0	0	1228,2	ERA5
1060555	25/12/2024	19	25/12/2024	14	HNE	-8,2	0	-12,8	0	69,0	0	5,0	0	330,0	0	1001,0	0	987,5	ERA5
1060556	25/12/2024	20	25/12/2024	15	HNE	-8,5	0	-12,1	0	75,0	0	3,0	0	310,0	0	1001,0	0	599,1	ERA5
1060557	25/12/2024	21	25/12/2024	16	HNE	-9,8	0	-13,2	0	76,0	0	1,0	0	300,0	0	1001,0	0	161,8	ERA5
1060558	25/12/2024	22	25/12/2024	17	HNE	-10,6	0	-12,9	0	83,0	0	1,0	0	240,0	0	1001,0	0	0,0	ERA5
1060559	25/12/2024	23	25/12/2024	18	HNE	-12,4	0	-14,1	0	87,0	0	1,0	0	140,0	0	1002,0	0	0,0	ERA5
1060560	26/12/2024	00	25/12/2024	19	HNE	-13,6	0	-15,8	0	84,0	0	0,0	0	0,0	0	1002,0	0	0,0	ERA5
1060561	26/12/2024	01	25/12/2024	20	HNE	-14,1	0	-16,0	0	86,0	0	2,0	0	320,0	0	1002,0	0	0,0	ERA5
1060562	26/12/2024	02	25/12/2024	21	HNE	-16,3	0	-18,5	0	83,0	0	0,0	0	0,0	0	1002,0	0	0,0	ERA5
1060563	26/12/2024	03	25/12/2024	22	HNE	-16,0	0	-17,8	0	86,0	0	2,0	0	200,0	0	1002,0	0	0,0	ERA5
1060564	26/12/2024	04	25/12/2024	23	HNE	-15,9	0	-18,0	0	85,0	0	2,0	0	190,0	0	1002,0	0	0,0	ERA5
1060565	26/12/2024	05	26/12/2024	00	HNE	-16,8	0	-19,0	0	84,0	0	3,0	0	210,0	0	1002,0	0	0,0	ERA5
1060566	26/12/2024	06	26/12/2024	01	HNE	-17,7	0	-19,8	0	84,0	0	3,0	0	210,0	0	1002,0	0	0,0	ERA5
1060567	26/12/2024	07	26/12/2024	02	HNE	-18,3	0	-20,6	0	82,0	0	3,0	0	210,0	0	1003,0	0	0,0	ERA5
1060568	26/12/2024	08	26/12/2024	03	HNE	-18,8	0	-21,1	0	82,0	0	1,0	0	220,0	0	1003,0	0	0,0	ERA5
1060569	26/12/2024	09	26/12/2024	04	HNE	-20,5	0	-23,2	0	80,0	0	0,0	0	0,0	0	1003,0	0	0,0	ERA5
1060570	26/12/2024	10	26/12/2024	05	HNE	-19,8	0	-22,3	0	80,0	0	5,0	0	190,0	0	1003,0	0	0,0	ERA5
1060571	26/12/2024	11	26/12/2024	06	HNE	-20,5	0	-23,0	0	80,0	0	1,0	0	170,0	0	1004,0	0	0,0	ERA5
1060572	26/12/2024	12	26/12/2024	07	HNE	-20,2	0	-22,8	0	80,0	0	2,0	0	200,0	0	1004,0	0	0,0	ERA5
1060573	26/12/2024	13	26/12/2024	08	HNE	-21,8	0	-24,7	0	77,0	0	3,0	0	180,0	0	1004,0	0	35,2	ERA5
1060574	26/12/2024	14	26/12/2024	09	HNE	-18,7	0	-21,6	0	78,0	0	3,0	0	170,0	0	1005,0	0	373,7	ERA5
1060575	26/12/2024	15	26/12/2024	10	HNE	-16,5	0	-20,3	0	72,0	0	5,0	0	150,0	0	1005,0	0	699,3	ERA5
1060576	26/12/2024	16	26/12/2024	11	HNE	-13,4	0	-17,6	0	71,0	0	1,0	0	210,0	0	1004,0	0	1140,6	ERA5
1060577	26/12/2024	17	26/12/2024	12	HNE	-11,1	0	-16,4	0	65,0	0	0,0	0	250,0	0	1003,0	0	1285,0	ERA5
1060578	26/12/2024	18	26/12/2024	13	HNE	-9,0	0	-14,9	0	62,0	0	2,0	0	120,0	0	1002,0	0	1239,1	ERA5
1060579	26/12/2024	19	26/12/2024	14	HNE	-7,0	0	-14,1	0	57,0	0	2,0	0	120,0	0	1002,0	0	997,9	ERA5
1060580	26/12/2024	20	26/12/2024	15	HNE	-8,8	0	-12,8	0	72,0	0	1,0	0	310,0	0	1003,0	0	608,9	ERA5
1060581	26/12/2024	21	26/12/2024	16	HNE	-9,9	0	-12,9	0	79,0	0	0,0	0	140,0	0	1003,0	0	164,7	ERA5
1060582	26/12/2024	22	26/12/2024	17	HNE	-10,7	0	-13,3	0	81,0	0	0,0	0	310,0	0	1003,0	0	0,0	ERA5
1060583	26/12/2024	23	26/12/2024	18	HNE	-11,5	0	-13,7	0	84,0	0	1,0	0	310,0	0	1003,0	0	0,0	ERA5
1060584	27/12/2024	00	26/12/2024	19	HNE	-13,2	0	-15,3	0	85,0	0	1,0	0	190,0	0	1003,0	0	0,0	ERA5
1060585	27/12/2024	01	26/12/2024	20	HNE	-15,0	0	-17,0	0	85,0	0	0,0	0	200,0	0	1004,0	0	0,0	ERA5
1060586	27/12/2024	02	26/12/2024	21	HNE	-14,3	0	-16,2	0	85,0	0	2,0	0	170,0	0	1003,0	0	0,0	ERA5
1060587	27/12/2024	03	26/12/2024	22	HNE	-16,0	0	-18,3	0	83,0	0	2,0	0	200,0	0	1003,0	0	0,0	ERA5
1060588	27/12/2024	04	26/12/2024	23	HNE	-16,0	0	-18,2	0	83,0	0	2,0	0	190,0	0	1003,0	0	0,0	ERA5
1060589	27/12/2024	05	27/12/2024	00	HNE	-16,3	0	-18,5	0	84,0	0	4,0	0	200,0	0	1002,0	0	0,0	ERA5
1060590	27/12/2024	06	27/12/2024	01	HNE	-18,1	0	-21,0	0	78,0	0	0,0	0	230,0	0	1002,0	0	0,0	ERA5
1060591	27/12/2024	07	27/12/2024	02	HNE	-19,1	0	-21,7	0	80,0	0	1,0	0	230,0	0	1003,0	0	0,0	ERA5
1060592	27/12/2024	08	27/12/2024	03	HNE	-19,1	0	-21,4	0	81,0	0	4,0	0	190,0	0	1002,0	0	0,0	ERA5
1060593	27/12/2024	09	27/12/2024	04	HNE	-19,1	0	-21,7	0	80,0	0	2,0	0	270,0	0	1002,0	0	0,0	ERA5
1060594	27/12/2024	10	27/12/2024	05	HNE	-20,7	0	-23,5	0	79,0	0	2,0	0	180,0	0	1003,0	0	0,0	ERA5
1060595	27/12/2024	11	27/12/2024	06	HNE	-20,5	0	-23,2	0	79,0	0	6,0	0	170,0	0	1003,0	0	0,0	ERA5
1060596	27/12/2024	12	27/12/2024	07	HNE	-20,1	0	-22,8	0	80,0	0	2,0	0	190,0	0	1003,0	0	0,0	ERA5
1060597	27/12/2024	13	27/12/2024	08	HNE	-20,1	0	-22,6	0	80,0	0	4,0	0	190,0	0	1003,0	0	29,4	ERA5
1060598	27/12/2024	14	27/12/2024	09	HNE	-18,5	0	-21,5	0	77,0	0	3,0	0	160,0	0	1003,0	0	280,2	ERA5
1060599	27/12/2024	15	27/12/2024	10	HNE	-16,3	0	-20,4	0	70,0	0	1,0	0	190,0	0	1003,0	0	682,3	ERA5
1060600	27/12/2024	16	27/12/2024	11	HNE	-14,4	0	-19,1	0	68,0	0	3,0	0	110,0	0	1002,0	0	1100,3	ERA5
1060601	27/12/2024	17	27/12/2024	12	HNE	-12,4	0	-17,5	0	66,0	0	3,0	0	140,0	0	1001,0	0	1224,1	ERA5
1060602	27/12/2024	18	27/12/2024	13	HNE	-11,0	0	-15,1	0	71,0	0	7,0	0	130,0	0	999,0	0	1068,7	ERA5
1060603	27/12/2024	19	27/12/2024	14	HNE	-9,6	0	-14,5	0	68,0	0	4,0	0	360,0	0	999,0	0	740,3	ERA5
1060604	27/12/2024	20	27/12/2024	15	HNE	-9,5	0	-13,3	0	73,0	0	2,0	0	340,0	0	999,0	0	501,2	ERA5
1060605	27/12/2024	21	27/12/2024	16	HNE	-10,1	0	-13,4	0	77,0	0	7,0	0	310,0	0	1000,0	0	162,8	ERA5
1060606	27/12/2024	22	27/12/2024	17	HNE	-10,8	0	-13,2	0	83,0	0	1,0	0	330,0	0	1000,0	0	0,0	ERA5
1060607	27/12/2024	23	27/12/2024	18	HNE	-11,0	0	-13,4	0	83,0	0	4,0	0	250,0	0	1000,0	0	0,0	ERA5
1060608	28/12/2024	00	27/12/2024	19	HNE	-11,8	0	-14,0	0	84,0	0	1,0	0	170,0	0	1000,0	0	0,0	ERA5
1060609	28/12/2024	01	27/12/2024	20	HNE	-11,1	0	-13,2	0	84,0	0	0,0	0	0,0	0	1000,0	0	0,0	ERA5
1060610	28/12/2024	02	27/12/2024	21	HNE	-12,2	0	-14,0	0	86,0	0	5,0	0	180,0	0	999,0	0	0,0	ERA5
1060611	28/12/2024	03	27/12/2024	22	HNE	-12,0	0	-13,8	0	87,0	0	1,0	0	190,0	0	999,0	0	0,0	ERA5
1060612	28/12/2024	04	27/12/2024	23	HNE	-12,1	0	-14,0	0	86,0	0	3,0	0	170,0	0	998,0	0	0,0	ERA5
1060613	28/12/2024	05	28/12/2024	00	HNE	-13,0	0	-14,9	0	85,0	0	2,0	0	200,0	0	998,0	0	0,0	ERA5
1060614	28/12/2024	06	28/12/2024	01	HNE	-12,8	0	-14,4	0	87,0	0	1,0	0	200,0	0	998,0	0	0,0	ERA5
1060615	28/12/2024	07	28/12/2024	02	HNE	-12,9	0	-14,7	0	86,0	0	2,0	0	170,0	0	998,0	0	0,0	ERA5
1060616	28/12/2024	08	28/12/2024	03	HNE	-13,8	0	-15,8	0	85,0	0	3,0	0	190,0	0	997,0	0	0,0	ERA5
1060617	28/12/2024	09	28/12/2024	04	HNE	-14,4	0	-16,6	0	83,0	0	2,0	0	220,0	0	997,0	0	0,0	ERA5
1060618	28/12/2024	10	28/12/2024	05	HNE	-13,6	0	-15,4	0	86,0	0	4,0	0	180,0	0	997,0	0	0,0	ERA5
1060619	28/12/2024	11	28/12/2024	06	HNE	-13,9	0	-15,8	0	86,0	0	2,0	0	140,0	0	997,0	0	0,0	ERA5
1060620	28/12/2024	12	28/12/2024	07	HNE	-13,0	0	-15,2	0	84,0	0	2,0	0	50,0	0	996,0	0	0,0	ERA5
1060621	28/12/2024	13	28/12/2024	08	HNE	-12,9	0	-15,1	0	84,0	0	3,0	0	150,0	0	996,0	0	30,2	ERA5
1060622	28/12/2024	14	28/12/2024	09	HNE	-10,5	0	-14,0	0	75,0	0	3,0	0	130,0	0	996,0	0	348,1	ERA5
1060623	28/12/2024	15	28/12/2024	10	HNE	-9,7	0	-12,8	0	78,0	0	6,0	0	130,0	0	996,0	0	724,1	ERA5
1060624	28/12/2024	16	28/12/2024	11	HNE	-8,2	0	-11,5	0	77,0	0	2,0	0	90,0	0	996,0	0	812,6	ERA5
1060625	28/12/2024	17	28/12/2024	12	HNE	-5,4	0	-10,7	0	66,0	0	6,0	0	150,0	0	994,0	0	974,0	ERA5
1060626	28/12/2024	18	28/12/2024	13	HNE	-3,8	0	-8,8	0	69,0	0	1,0	0	60,0	0	994,0	0	1043,5	ERA5
1060627	28/12/2024	19	28/12/2024	14	HNE	-2,8	0	-7,9	0	68,0	0	3,0	0	60,0	0	993,0	0	570,0	ERA5
1060628	28/12/2024	20	28/12/2024	15	HNE	-2,2	0	-6,8	0	71,0	0	0,0	0	0,0	0	993,0	0	179,5	ERA5
1060629	28/12/2024	21	28/12/2024	16	HNE	-3,3	0	-6,6	0	78,0	0	2,0	0	190,0	0	993,0	0	56,0	ERA5
1060630	28/12/2024	22	28/12/2024	17	HNE	-2,9	0	-5,7	0	81,0	0	1,0	0	170,0	0	993,0	0	0,0	ERA5
1060631	28/12/2024	23	28/12/2024	18	HNE	-2,5	0	-6,2	0	76,0	0	2,0	0	210,0	0	993,0	0	0,0	ERA5
1060632	29/12/2024	00	28/12/2024	19	HNE	-2,2	0	-5,3	0	80,0	0	4,0	0	180,0	0	993,0	0	0,0	ERA5
1060633	29/12/2024	01	28/12/2024	20	HNE	-2,3	0	-4,6	0	85,0	0	2,0	0	150,0	0	993,0	0	0,0	ERA5
1060634	29/12/2024	02	28/12/2024	21	HNE	-2,1	0	-3,7	0	89,0	0	0,0	0	200,0	0	993,0	0	0,0	ERA5
1060635	29/12/2024	03	28/12/2024	22	HNE	-1,4	0	-2,8	0	90,0	0	5,0	0	200,0	0	993,0	0	0,0	ERA5
1060636	29/12/2024	04	28/12/2024	23	HNE	-2,0	0	-2,9	0	93,0	0	2,0	0	180,0	0	993,0	0	0,0	ERA5
1060637	29/12/2024	05	29/12/2024	00	HNE	-1,7	0	-2,8	0	93,0	0	2,0	0	160,0	0	992,0	0	0,0	ERA5
1060638	29/12/2024	06	29/12/2024	01	HNE	-1,3	0	-2,7	0	90,0	0	0,0	0	220,0	0	992,0	0	0,0	ERA5
1060639	29/12/2024	07	29/12/2024	02	HNE	-1,3	0	-2,1	0	94,0	0	7,0	0	180,0	0	992,0	0	0,0	ERA5
1060640	29/12/2024	08	29/12/2024	03	HNE	-1,1	0	-2,0	0	94,0	0	6,0	0	180,0	0	992,0	0	0,0	ERA5
1060641	29/12/2024	09	29/12/2024	04	HNE	-1,2	0	-2,1	0	94,0	0	0,0	0	150,0	0	992,0	0	0,0	ERA5
1060642	29/12/2024	10	29/12/2024	05	HNE	-0,3	0	-1,4	0	92,0	0	3,0	0	180,0	0	991,0	0	0,0	ERA5
1060643	29/12/2024	11	29/12/2024	06	HNE	-0,3	0	-1,5	0	92,0	0	0,0	0	220,0	0	991,0	0	0,0	ERA5
1060644	29/12/2024	12	29/12/2024	07	HNE	0,5	0	-0,6	0	92,0	0	4,0	0	200,0	0	992,0	0	0,0	ERA5
1060645	29/12/2024	13	29/12/2024	08	HNE	0,35	4.lineaire	-1,1	0	93,0	0	5,0	0	170,0	0	991,0	0	12,0	ERA5
1060646	29/12/2024	14	29/12/2024	09	HNE	0,2	0	-1,0	0	92,0	0	2,0	0	160,0	0	991,0	0	132,8	ERA5
1060647	29/12/2024	15	29/12/2024	10	HNE	1,6	0	-0,2	0	88,0	0	4,0	0	190,0	0	991,0	0	290,7	ERA5
1060648	29/12/2024	16	29/12/2024	11	HNE	2,8	0	0,3	0	84,0	0	3,0	0	180,0	0	990,0	0	585,6	ERA5
1060649	29/12/2024	17	29/12/2024	12	HNE	3,3	0	1,0	0	85,0	0	3,0	0	190,0	0	989,0	0	749,6	ERA5
1060650	29/12/2024	18	29/12/2024	13	HNE	4,9	0	2,5	0	84,0	0	2,0	0	200,0	0	989,0	0	760,4	ERA5
1060651	29/12/2024	19	29/12/2024	14	HNE	5,0	0	3,0	0	87,0	0	2,0	0	170,0	0	988,0	0	457,7	ERA5
1060652	29/12/2024	20	29/12/2024	15	HNE	4,5	0	2,7	0	88,0	0	1,0	0	120,0	0	988,0	0	224,5	ERA5
1060653	29/12/2024	21	29/12/2024	16	HNE	4,7	0	3,6	0	93,0	0	5,0	0	200,0	0	987,0	0	71,7	ERA5
1060654	29/12/2024	22	29/12/2024	17	HNE	3,8	0	2,4	0	91,0	0	0,0	0	0,0	0	986,0	0	0,0	ERA5
1060655	29/12/2024	23	29/12/2024	18	HNE	2,9	0	2,2	0	95,0	0	2,0	0	170,0	0	985,0	0	0,0	ERA5
1060656	30/12/2024	00	29/12/2024	19	HNE	3,2	0	2,3	0	94,0	0	6,0	0	170,0	0	985,0	0	0,0	ERA5
1060657	30/12/2024	01	29/12/2024	20	HNE	4,6	0	4,2	0	97,0	0	4,0	0	180,0	0	983,0	0	0,0	ERA5
1060658	30/12/2024	02	29/12/2024	21	HNE	5,0	0	4,4	0	96,0	0	7,0	0	170,0	0	983,0	0	0,0	ERA5
1060659	30/12/2024	03	29/12/2024	22	HNE	4,7	0	3,9	0	95,0	0	10,0	0	160,0	0	982,0	0	0,0	ERA5
1060660	30/12/2024	04	29/12/2024	23	HNE	4,5	0	3,6	0	94,0	0	12,0	0	160,0	0	982,0	0	0,0	ERA5
1060661	30/12/2024	05	30/12/2024	00	HNE	4,2	0	3,5	0	95,0	0	11,0	0	160,0	0	981,0	0	0,0	ERA5
1060662	30/12/2024	06	30/12/2024	01	HNE	3,4	0	2,7	0	95,0	0	16,0	0	150,0	0	980,0	0	0,0	ERA5
1060663	30/12/2024	07	30/12/2024	02	HNE	3,2	0	2,4	0	95,0	0	9,0	0	160,0	0	980,0	0	0,0	ERA5
1060664	30/12/2024	08	30/12/2024	03	HNE	3,8	0	3,0	0	94,0	0	13,0	0	160,0	0	979,0	0	0,0	ERA5
1060665	30/12/2024	09	30/12/2024	04	HNE	4,6	0	3,6	0	94,0	0	10,0	0	180,0	0	978,0	0	0,0	ERA5
1060666	30/12/2024	10	30/12/2024	05	HNE	5,0	0	4,1	0	94,0	0	7,0	0	170,0	0	978,0	0	0,0	ERA5
1060667	30/12/2024	11	30/12/2024	06	HNE	5,5	0	4,6	0	94,0	0	11,0	0	160,0	0	977,0	0	0,0	ERA5
1060668	30/12/2024	12	30/12/2024	07	HNE	5,2	0	4,5	0	95,0	0	13,0	0	160,0	0	976,0	0	0,0	ERA5
1060669	30/12/2024	13	30/12/2024	08	HNE	6,4	0	5,6	0	95,0	0	13,0	0	160,0	0	975,0	0	4,0	ERA5
1060670	30/12/2024	14	30/12/2024	09	HNE	6,8	0	5,9	0	94,0	0	6,0	0	110,0	0	974,0	0	36,3	ERA5
1060671	30/12/2024	15	30/12/2024	10	HNE	7,8	0	6,9	0	93,0	0	7,0	0	130,0	0	974,0	0	84,7	ERA5
1060672	30/12/2024	16	30/12/2024	11	HNE	8,3	0	7,4	0	94,0	0	12,0	0	160,0	0	973,0	0	73,6	ERA5
1060673	30/12/2024	17	30/12/2024	12	HNE	8,8	0	7,7	0	93,0	0	14,0	0	130,0	0	971,0	0	150,3	ERA5
1060674	30/12/2024	18	30/12/2024	13	HNE	8,6	0	7,6	0	93,0	0	17,0	0	150,0	0	969,0	0	147,5	ERA5
1060675	30/12/2024	19	30/12/2024	14	HNE	9,0	0	7,6	0	91,0	0	19,0	0	160,0	0	968,0	0	146,8	ERA5
1060676	30/12/2024	20	30/12/2024	15	HNE	8,7	0	7,5	0	93,0	0	7,0	0	160,0	0	968,0	0	61,6	ERA5
1060677	30/12/2024	21	30/12/2024	16	HNE	8,5	0	7,7	0	95,0	0	5,0	0	180,0	0	968,0	0	48,6	ERA5
1060678	30/12/2024	22	30/12/2024	17	HNE	7,1	0	6,2	0	94,0	0	4,0	0	130,0	0	969,0	0	0,0	ERA5
1060679	30/12/2024	23	30/12/2024	18	HNE	6,5	0	6,0	0	97,0	0	6,0	0	190,0	0	970,0	0	0,0	ERA5
1060680	31/12/2024	00	30/12/2024	19	HNE	5,1	0	3,5	0	90,0	0	1,0	0	230,0	0	972,0	0	0,0	ERA5
1060681	31/12/2024	01	30/12/2024	20	HNE	4,1	0	3,3	0	94,0	0	2,0	0	200,0	0	972,0	0	0,0	ERA5
1060682	31/12/2024	02	30/12/2024	21	HNE	4,8	0	2,9	0	88,0	0	9,0	0	240,0	0	973,0	0	0,0	ERA5
1060683	31/12/2024	03	30/12/2024	22	HNE	2,8	0	1,6	0	92,0	0	1,0	0	170,0	0	973,0	0	0,0	ERA5
1060684	31/12/2024	04	30/12/2024	23	HNE	2,0	0	1,2	0	94,0	0	3,0	0	200,0	0	973,0	0	0,0	ERA5
1060685	31/12/2024	05	31/12/2024	00	HNE	2,0	0	1,0	0	93,0	0	5,0	0	190,0	0	973,0	0	0,0	ERA5
1060686	31/12/2024	06	31/12/2024	01	HNE	1,2	0	0,5	0	96,0	0	2,0	0	160,0	0	973,0	0	0,0	ERA5
1060687	31/12/2024	07	31/12/2024	02	HNE	2,1	0	1,3	0	94,0	0	4,0	0	190,0	0	973,0	0	0,0	ERA5
1060688	31/12/2024	08	31/12/2024	03	HNE	2,5	0	0,6	0	88,0	0	5,0	0	150,0	0	974,0	0	0,0	ERA5
1060689	31/12/2024	09	31/12/2024	04	HNE	2,3	0	0,7	0	89,0	0	5,0	0	200,0	0	975,0	0	0,0	ERA5
1060690	31/12/2024	10	31/12/2024	05	HNE	1,6	0	0,6	0	93,0	0	0,0	0	30,0	0	975,0	0	0,0	ERA5
1060691	31/12/2024	11	31/12/2024	06	HNE	1,7	0	0,3	0	90,0	0	2,0	0	190,0	0	977,0	0	0,0	ERA5
1060692	31/12/2024	12	31/12/2024	07	HNE	1,8	0	0,1	0	89,0	0	3,0	0	220,0	0	978,0	0	0,0	ERA5
1060693	31/12/2024	13	31/12/2024	08	HNE	2,1	0	-0,6	0	82,0	0	6,0	0	220,0	0	979,0	0	7,3	ERA5
1060694	31/12/2024	14	31/12/2024	09	HNE	2,4	0	-0,5	0	81,0	0	5,0	0	230,0	0	980,0	0	87,0	ERA5
1060695	31/12/2024	15	31/12/2024	10	HNE	2,8	0	-0,1	4.lineaire	82,0	0	2,0	0	240,0	0	980,0	0	251,7	ERA5
1060696	31/12/2024	16	31/12/2024	11	HNE	2,9	0	0,3	0	83,0	0	5,0	0	250,0	0	980,0	0	423,5	ERA5
1060697	31/12/2024	17	31/12/2024	12	HNE	3,1	0	0,5	0	83,0	0	5,0	0	240,0	0	980,0	0	639,0	ERA5
1060698	31/12/2024	18	31/12/2024	13	HNE	3,4	0	0,8	0	83,0	0	9,0	0	210,0	0	981,0	0	450,8	ERA5
1060699	31/12/2024	19	31/12/2024	14	HNE	3,1	0	1,0	0	86,0	0	4,0	0	200,0	0	981,0	0	318,3	ERA5
1060700	31/12/2024	20	31/12/2024	15	HNE	3,2	0	0,9	0	85,0	0	5,0	0	200,0	0	982,0	0	235,1	ERA5
1060701	31/12/2024	21	31/12/2024	16	HNE	3,0	0	0,9	0	86,0	0	3,0	0	180,0	0	982,0	0	62,2	ERA5
1060702	31/12/2024	22	31/12/2024	17	HNE	2,7	0	0,1	0	83,0	0	4,0	0	170,0	0	983,0	0	0,1	ERA5
1060703	31/12/2024	23	31/12/2024	18	HNE	2,2	0	-0,9	0	80,0	0	3,0	0	220,0	0	983,0	0	0,0	ERA5
1060704	01/01/2025	00	31/12/2024	19	HNE	1,5	0	-0,7	0	85,0	0	3,0	0	260,0	0	983,0	0	0,0	ERA5
1060705	01/01/2025	01	31/12/2024	20	HNE	0,7	0	-1,1	0	88,0	0	4,0	0	220,0	0	983,0	0	0,0	ERA5
1060706	01/01/2025	02	31/12/2024	21	HNE	0,7	4.lineaire	-1,1	0	93,0	0	3,0	0	170,0	0	983,0	0	0,0	ERA5
1060707	01/01/2025	03	31/12/2024	22	HNE	0,7	0	-1,2	0	87,0	0	3,0	0	170,0	0	983,0	0	0,0	ERA5
1060708	01/01/2025	04	31/12/2024	23	HNE	-0,1	0	-1,5	0	90,0	0	3,0	0	170,0	0	983,0	0	0,0	ERA5
1060709	01/01/2025	05	01/01/2025	00	HNE	0,1	0	-1,6	0	88,0	0	5,0	0	180,0	0	982,0	0	0,0	ERA5
1060710	01/01/2025	06	01/01/2025	01	HNE	0,2	4.lineaire	-1,9	0	87,0	0	6,0	0	170,0	0	981,0	0	0,0	ERA5
1060711	01/01/2025	07	01/01/2025	02	HNE	0,3	0	-1,6	0	88,0	0	7,0	0	150,0	0	981,0	0	0,0	ERA5
1060712	01/01/2025	08	01/01/2025	03	HNE	0,4	0	-1,2	0	89,0	0	6,0	0	170,0	0	980,0	0	0,0	ERA5
1060713	01/01/2025	09	01/01/2025	04	HNE	0,9	0	-0,8	0	88,0	0	10,0	0	170,0	0	980,0	0	0,0	ERA5
1060714	01/01/2025	10	01/01/2025	05	HNE	1,7	0	-0,7	0	84,0	0	9,0	0	130,0	0	978,0	0	0,0	ERA5
1060715	01/01/2025	11	01/01/2025	06	HNE	1,8	0	-0,7	0	84,0	0	7,0	0	140,0	0	977,0	0	0,0	ERA5
1060716	01/01/2025	12	01/01/2025	07	HNE	1,6	0	-0,5	0	86,0	0	8,0	0	170,0	0	977,0	0	0,0	ERA5
1060717	01/01/2025	13	01/01/2025	08	HNE	1,1	0	-0,4	0	89,0	0	10,0	0	150,0	0	977,0	0	12,9	ERA5
1060718	01/01/2025	14	01/01/2025	09	HNE	1,7	0	0,1	0	89,0	0	17,0	0	110,0	0	976,0	0	63,8	ERA5
1060719	01/01/2025	15	01/01/2025	10	HNE	1,3	0	0,2	0	93,0	0	8,0	0	130,0	0	975,0	0	65,3	ERA5
1060720	01/01/2025	16	01/01/2025	11	HNE	0,9	0	0,1	0	95,0	0	10,0	0	140,0	0	973,0	0	121,6	ERA5
1060721	01/01/2025	17	01/01/2025	12	HNE	0,6	0	-0,1	0	95,0	0	4,0	0	150,0	0	972,0	0	124,3	ERA5
1060722	01/01/2025	18	01/01/2025	13	HNE	1,0	0	0,1	0	94,0	0	8,0	0	130,0	0	971,0	0	85,0	ERA5
1060723	01/01/2025	19	01/01/2025	14	HNE	0,5	0	-0,1	0	95,0	0	1,0	0	130,0	0	970,0	0	69,4	ERA5
1060724	01/01/2025	20	01/01/2025	15	HNE	0,6	0	-0,1	0	95,0	0	5,0	0	350,0	0	969,0	0	45,1	ERA5
1060725	01/01/2025	21	01/01/2025	16	HNE	0,8	0	-0,1	4.lineaire	94,0	0	5,0	0	350,0	0	969,0	0	24,9	ERA5
1060726	01/01/2025	22	01/01/2025	17	HNE	0,6	0	-0,1	0	95,0	0	3,0	0	330,0	0	968,0	0	0,1	ERA5
1060727	01/01/2025	23	01/01/2025	18	HNE	0,5	0	-0,1	0	95,0	0	6,0	0	320,0	0	968,0	0	0,0	ERA5
1060728	02/01/2025	00	01/01/2025	19	HNE	0,3	0	-0,3	0	96,0	0	4,0	0	310,0	0	967,0	0	0,0	ERA5
1060729	02/01/2025	01	01/01/2025	20	HNE	0,3	0	-0,2	0	96,0	0	3,0	0	320,0	0	966,0	0	0,0	ERA5
1060730	02/01/2025	02	01/01/2025	21	HNE	0,2	0	-0,3	0	96,0	0	5,0	0	320,0	0	965,0	0	0,0	ERA5
1060731	02/01/2025	03	01/01/2025	22	HNE	0,2	0	-0,3	0	97,0	0	2,0	0	310,0	0	965,0	0	0,0	ERA5
1060732	02/01/2025	04	01/01/2025	23	HNE	0,2	0	-0,3	0	97,0	0	0,0	0	300,0	0	964,0	0	0,0	ERA5
1060733	02/01/2025	05	02/01/2025	00	HNE	0,2	0	-0,2	0	97,0	0	3,0	0	300,0	0	964,0	0	0,0	ERA5
