nbreheures1904	date utc	heure utc	date locale	heure locale	tsl	t	err t	td	err td	hr	err hr	vv	err vv	vd	err vd	psta	err psta	rf1e	err rf1e
h utc	date utc	heure loc	date loc	heure	HAE/HNE	C	Err	C	Err	0-100	Err	km/h	Err	0-360	Err	hPa	Err	kJ/m2/h	Err
1034406	01/01/2022	06	01/01/2022	01	HNE	-1,8	0	-2,0	0	99,0	0	12,0	0	50,0	0	996,0	0	0,0	ERA5
1034407	01/01/2022	07	01/01/2022	02	HNE	-1,8	0	-1,9	0	99,0	0	9,0	0	60,0	0	996,0	0	0,0	ERA5
1034408	01/01/2022	08	01/01/2022	03	HNE	-1,9	0	-2,0	0	99,0	0	12,0	0	70,0	0	996,0	0	0,0	ERA5
1034409	01/01/2022	09	01/01/2022	04	HNE	-1,8	0	-1,9	0	99,0	0	11,0	0	50,0	0	995,0	0	0,0	ERA5
1034410	01/01/2022	10	01/01/2022	05	HNE	-1,7	0	-1,8	0	99,0	0	13,0	0	70,0	0	994,0	0	0,0	ERA5
1034411	01/01/2022	11	01/01/2022	06	HNE	-1,5	0	-1,6	0	99,0	0	7,0	0	70,0	0	994,0	0	0,0	ERA5
1034412	01/01/2022	12	01/01/2022	07	HNE	-1,4	0	-1,5	0	99,0	0	12,0	0	80,0	0	992,0	0	0,0	ERA5
1034413	01/01/2022	13	01/01/2022	08	HNE	-1,2	0	-1,3	0	99,0	0	8,0	0	30,0	0	993,0	0	1,4	ERA5
1034414	01/01/2022	14	01/01/2022	09	HNE	-1,0	0	-1,2	0	99,0	0	9,0	0	40,0	0	993,0	0	58,9	ERA5
1034415	01/01/2022	15	01/01/2022	10	HNE	-0,8	0	-0,9	0	99,0	0	13,0	0	320,0	0	994,0	0	83,2	ERA5
1034416	01/01/2022	16	01/01/2022	11	HNE	-0,4	0	-0,5	0	99,0	0	5,0	0	290,0	0	993,0	0	124,6	ERA5
1034417	01/01/2022	17	01/01/2022	12	HNE	0,2	0	0,1	0	99,0	0	16,0	0	320,0	0	993,0	0	272,2	ERA5
1034418	01/01/2022	18	01/01/2022	13	HNE	0,8	0	0,7	0	99,0	0	11,0	0	340,0	0	993,0	0	459,5	ERA5
1034419	01/01/2022	19	01/01/2022	14	HNE	0,8	0	0,4	0	98,0	0	7,0	0	270,0	0	993,0	0	242,3	ERA5
1034420	01/01/2022	20	01/01/2022	15	HNE	1,2	0	-0,1	0	91,0	0	18,0	0	320,0	0	993,0	0	145,2	ERA5
1034421	01/01/2022	21	01/01/2022	16	HNE	1,2	0	-0,6	0	88,0	0	18,0	0	330,0	0	994,0	0	55,3	ERA5
1034422	01/01/2022	22	01/01/2022	17	HNE	-0,3	0	-2,1	0	88,0	0	26,0	0	330,0	0	995,0	0	6,5	ERA5
1034423	01/01/2022	23	01/01/2022	18	HNE	-1,7	0	-4,3	0	82,0	0	26,0	0	320,0	0	996,0	0	0,0	ERA5
1034424	02/01/2022	00	01/01/2022	19	HNE	-2,3	0	-5,2	0	80,0	0	20,0	0	330,0	0	996,0	0	0,0	ERA5
1034425	02/01/2022	01	01/01/2022	20	HNE	-2,5	0	-6,2	0	76,0	0	22,0	0	340,0	0	997,0	0	0,0	ERA5
1034426	02/01/2022	02	01/01/2022	21	HNE	-3,0	0	-6,9	0	75,0	0	18,0	0	330,0	0	997,0	0	0,0	ERA5
1034427	02/01/2022	03	01/01/2022	22	HNE	-4,3	0	-7,7	0	78,0	0	26,0	0	330,0	0	996,0	0	0,0	ERA5
1034428	02/01/2022	04	01/01/2022	23	HNE	-5,5	0	-8,9	0	77,0	0	22,0	0	340,0	0	996,0	0	0,0	ERA5
1034429	02/01/2022	05	02/01/2022	00	HNE	-7,0	0	-10,4	0	77,0	0	21,0	0	320,0	0	996,0	0	0,0	ERA5
1034430	02/01/2022	06	02/01/2022	01	HNE	-8,3	0	-11,9	0	75,0	0	29,0	0	320,0	0	996,0	0	0,0	ERA5
1034431	02/01/2022	07	02/01/2022	02	HNE	-8,8	0	-12,5	0	75,0	0	23,0	0	320,0	0	996,0	0	0,0	ERA5
1034432	02/01/2022	08	02/01/2022	03	HNE	-9,1	0	-13,0	0	74,0	0	23,0	0	320,0	0	997,0	0	0,0	ERA5
1034433	02/01/2022	09	02/01/2022	04	HNE	-9,8	0	-13,6	0	74,0	0	23,0	0	330,0	0	996,0	0	0,0	ERA5
1034434	02/01/2022	10	02/01/2022	05	HNE	-10,3	0	-14,3	0	73,0	0	19,0	0	330,0	0	996,0	0	0,0	ERA5
1034435	02/01/2022	11	02/01/2022	06	HNE	-10,6	0	-14,7	0	72,0	0	25,0	0	320,0	0	996,0	0	0,0	ERA5
1034436	02/01/2022	12	02/01/2022	07	HNE	-11,1	0	-15,2	0	72,0	0	26,0	0	320,0	0	996,0	0	0,0	ERA5
1034437	02/01/2022	13	02/01/2022	08	HNE	-11,6	0	-15,8	0	72,0	0	24,0	0	320,0	0	997,0	0	1,5	ERA5
1034438	02/01/2022	14	02/01/2022	09	HNE	-11,9	0	-15,4	0	76,0	0	22,0	0	340,0	0	997,0	0	51,6	ERA5
1034439	02/01/2022	15	02/01/2022	10	HNE	-11,9	0	-16,6	0	68,0	0	24,0	0	330,0	0	998,0	0	215,5	ERA5
1034440	02/01/2022	16	02/01/2022	11	HNE	-11,6	0	-16,8	0	66,0	0	24,0	0	310,0	0	998,0	0	450,2	ERA5
1034441	02/01/2022	17	02/01/2022	12	HNE	-11,1	0	-17,1	0	62,0	0	24,0	0	310,0	0	998,0	0	665,3	ERA5
1034442	02/01/2022	18	02/01/2022	13	HNE	-10,6	0	-17,4	0	58,0	0	28,0	0	330,0	0	998,0	0	754,0	ERA5
1034443	02/01/2022	19	02/01/2022	14	HNE	-10,5	0	-17,7	0	56,0	0	24,0	0	320,0	0	999,0	0	783,7	ERA5
1034444	02/01/2022	20	02/01/2022	15	HNE	-10,5	0	-18,4	0	53,0	0	25,0	0	330,0	0	1000,0	0	445,6	ERA5
1034445	02/01/2022	21	02/01/2022	16	HNE	-10,6	0	-18,6	0	52,0	0	27,0	0	320,0	0	1001,0	0	180,9	ERA5
1034446	02/01/2022	22	02/01/2022	17	HNE	-11,0	0	-18,9	0	52,0	0	24,0	0	330,0	0	1002,0	0	18,6	ERA5
1034447	02/01/2022	23	02/01/2022	18	HNE	-11,3	0	-19,3	0	52,0	0	17,0	0	330,0	0	1004,0	0	0,0	ERA5
1034448	03/01/2022	00	02/01/2022	19	HNE	-11,7	0	-19,1	0	54,0	0	23,0	0	330,0	0	1005,0	0	0,0	ERA5
1034449	03/01/2022	01	02/01/2022	20	HNE	-12,7	0	-19,6	0	57,0	0	20,0	0	340,0	0	1006,0	0	0,0	ERA5
1034450	03/01/2022	02	02/01/2022	21	HNE	-13,7	0	-20,1	0	59,0	0	22,0	0	320,0	0	1007,0	0	0,0	ERA5
1034451	03/01/2022	03	02/01/2022	22	HNE	-15,0	0	-20,4	0	64,0	0	16,0	0	310,0	0	1008,0	0	0,0	ERA5
1034452	03/01/2022	04	02/01/2022	23	HNE	-15,4	0	-20,8	0	64,0	0	18,0	0	320,0	0	1008,0	0	0,0	ERA5
1034453	03/01/2022	05	03/01/2022	00	HNE	-15,9	0	-21,2	0	65,0	0	22,0	0	330,0	0	1008,0	0	0,0	ERA5
1034454	03/01/2022	06	03/01/2022	01	HNE	-16,6	0	-21,3	0	68,0	0	17,0	0	330,0	0	1008,0	0	0,0	ERA5
1034455	03/01/2022	07	03/01/2022	02	HNE	-17,8	0	-21,9	0	71,0	0	14,0	0	310,0	0	1010,0	0	0,0	ERA5
1034456	03/01/2022	08	03/01/2022	03	HNE	-17,4	0	-21,7	0	70,0	0	14,0	0	340,0	0	1011,0	0	0,0	ERA5
1034457	03/01/2022	09	03/01/2022	04	HNE	-18,0	0	-22,1	0	71,0	0	11,0	0	320,0	0	1012,0	0	0,0	ERA5
1034458	03/01/2022	10	03/01/2022	05	HNE	-18,1	0	-22,4	0	70,0	0	14,0	0	340,0	0	1013,0	0	0,0	ERA5
1034459	03/01/2022	11	03/01/2022	06	HNE	-19,1	0	-22,6	0	74,0	0	10,0	0	320,0	0	1014,0	0	0,0	ERA5
1034460	03/01/2022	12	03/01/2022	07	HNE	-18,5	0	-22,5	0	71,0	0	10,0	0	340,0	0	1013,0	0	0,0	ERA5
1034461	03/01/2022	13	03/01/2022	08	HNE	-18,8	0	-22,2	0	75,0	0	17,0	0	330,0	0	1013,0	0	5,9	ERA5
1034462	03/01/2022	14	03/01/2022	09	HNE	-18,3	0	-21,9	0	74,0	0	4,0	0	320,0	0	1013,0	0	287,4	ERA5
1034463	03/01/2022	15	03/01/2022	10	HNE	-16,8	0	-21,5	0	67,0	0	5,0	0	310,0	0	1015,0	0	764,6	ERA5
1034464	03/01/2022	16	03/01/2022	11	HNE	-15,8	0	-21,4	0	63,0	0	4,0	0	280,0	0	1015,0	0	1141,6	ERA5
1034465	03/01/2022	17	03/01/2022	12	HNE	-14,7	0	-20,5	0	62,0	0	12,0	0	310,0	0	1013,0	0	1256,7	ERA5
1034466	03/01/2022	18	03/01/2022	13	HNE	-13,6	0	-20,5	0	57,0	0	5,0	0	290,0	0	1013,0	0	1307,0	ERA5
1034467	03/01/2022	19	03/01/2022	14	HNE	-13,1	0	-19,9	0	57,0	0	7,0	0	240,0	0	1012,0	0	1186,4	ERA5
1034468	03/01/2022	20	03/01/2022	15	HNE	-12,8	0	-20,9	0	51,0	0	7,0	0	260,0	0	1012,0	0	851,4	ERA5
1034469	03/01/2022	21	03/01/2022	16	HNE	-13,1	0	-20,8	0	53,0	0	8,0	0	220,0	0	1013,0	0	400,8	ERA5
1034470	03/01/2022	22	03/01/2022	17	HNE	-14,9	0	-21,0	0	60,0	0	3,0	0	160,0	0	1012,0	0	33,5	ERA5
1034471	03/01/2022	23	03/01/2022	18	HNE	-15,0	0	-20,9	0	61,0	0	3,0	0	200,0	0	1012,0	0	0,0	ERA5
1034472	04/01/2022	00	03/01/2022	19	HNE	-16,3	0	-21,1	0	67,0	0	5,0	0	160,0	0	1013,0	0	0,0	ERA5
1034473	04/01/2022	01	03/01/2022	20	HNE	-15,6	0	-20,6	0	66,0	0	7,0	0	200,0	0	1013,0	0	0,0	ERA5
1034474	04/01/2022	02	03/01/2022	21	HNE	-16,4	0	-21,1	0	67,0	0	9,0	0	170,0	0	1012,0	0	0,0	ERA5
1034475	04/01/2022	03	03/01/2022	22	HNE	-16,0	0	-20,8	0	67,0	0	12,0	0	170,0	0	1012,0	0	0,0	ERA5
1034476	04/01/2022	04	03/01/2022	23	HNE	-16,9	0	-20,8	0	72,0	0	10,0	0	180,0	0	1012,0	0	0,0	ERA5
1034477	04/01/2022	05	04/01/2022	00	HNE	-16,0	0	-19,9	0	72,0	0	11,0	0	180,0	0	1011,0	0	0,0	ERA5
1034478	04/01/2022	06	04/01/2022	01	HNE	-14,4	0	-18,7	0	70,0	0	10,0	0	190,0	0	1011,0	0	0,0	ERA5
1034479	04/01/2022	07	04/01/2022	02	HNE	-13,8	0	-17,9	0	72,0	0	8,0	0	170,0	0	1011,0	0	0,0	ERA5
1034480	04/01/2022	08	04/01/2022	03	HNE	-13,2	0	-17,4	0	71,0	0	11,0	0	170,0	0	1011,0	0	0,0	ERA5
1034481	04/01/2022	09	04/01/2022	04	HNE	-12,2	0	-16,2	0	72,0	0	14,0	0	180,0	0	1009,0	0	0,0	ERA5
1034482	04/01/2022	10	04/01/2022	05	HNE	-11,2	0	-14,8	0	75,0	0	10,0	0	190,0	0	1009,0	0	0,0	ERA5
1034483	04/01/2022	11	04/01/2022	06	HNE	-9,7	0	-12,6	0	80,0	0	15,0	0	200,0	0	1008,0	0	0,0	ERA5
1034484	04/01/2022	12	04/01/2022	07	HNE	-8,3	0	-10,6	0	84,0	0	17,0	0	200,0	0	1008,0	0	0,0	ERA5
1034485	04/01/2022	13	04/01/2022	08	HNE	-7,6	0	-9,7	0	85,0	0	10,0	0	210,0	0	1008,0	0	3,7	ERA5
1034486	04/01/2022	14	04/01/2022	09	HNE	-7,0	0	-9,1	0	85,0	0	17,0	0	210,0	0	1009,0	0	200,9	ERA5
1034487	04/01/2022	15	04/01/2022	10	HNE	-6,7	0	-8,9	0	84,0	0	13,0	0	220,0	0	1009,0	0	539,0	ERA5
1034488	04/01/2022	16	04/01/2022	11	HNE	-5,6	0	-8,2	0	82,0	0	17,0	0	190,0	0	1008,0	0	812,2	ERA5
1034489	04/01/2022	17	04/01/2022	12	HNE	-4,5	0	-7,8	0	78,0	0	16,0	0	210,0	0	1008,0	0	742,1	ERA5
1034490	04/01/2022	18	04/01/2022	13	HNE	-3,7	0	-7,2	0	76,0	0	15,0	0	200,0	0	1007,0	0	618,7	ERA5
1034491	04/01/2022	19	04/01/2022	14	HNE	-3,3	0	-6,9	0	76,0	0	13,0	0	200,0	0	1006,0	0	647,8	ERA5
1034492	04/01/2022	20	04/01/2022	15	HNE	-2,5	0	-6,3	0	75,0	0	8,0	0	220,0	0	1006,0	0	484,5	ERA5
1034493	04/01/2022	21	04/01/2022	16	HNE	-2,5	0	-6,1	0	76,0	0	11,0	0	190,0	0	1006,0	0	253,5	ERA5
1034494	04/01/2022	22	04/01/2022	17	HNE	-2,8	0	-5,9	0	79,0	0	12,0	0	190,0	0	1006,0	0	21,3	ERA5
1034495	04/01/2022	23	04/01/2022	18	HNE	-3,5	0	-5,8	0	84,0	0	9,0	0	160,0	0	1006,0	0	0,0	ERA5
1034496	05/01/2022	00	04/01/2022	19	HNE	-3,5	0	-5,7	0	85,0	0	10,0	0	150,0	0	1006,0	0	0,0	ERA5
1034497	05/01/2022	01	04/01/2022	20	HNE	-2,8	0	-5,0	0	85,0	0	11,0	0	150,0	0	1005,0	0	0,0	ERA5
1034498	05/01/2022	02	04/01/2022	21	HNE	-1,4	0	-4,1	0	82,0	0	13,0	0	180,0	0	1005,0	0	0,0	ERA5
1034499	05/01/2022	03	04/01/2022	22	HNE	-1,5	0	-5,0	0	77,0	0	17,0	0	140,0	0	1003,0	0	0,0	ERA5
1034500	05/01/2022	04	04/01/2022	23	HNE	-1,5	0	-5,5	0	74,0	0	23,0	0	160,0	0	1002,0	0	0,0	ERA5
1034501	05/01/2022	05	05/01/2022	00	HNE	-2,6	0	-5,7	0	80,0	0	9,0	0	140,0	0	1002,0	0	0,0	ERA5
1034502	05/01/2022	06	05/01/2022	01	HNE	-3,2	0	-5,8	0	82,0	0	12,0	0	110,0	0	1000,0	0	0,0	ERA5
1034503	05/01/2022	07	05/01/2022	02	HNE	-3,7	0	-6,1	0	83,0	0	10,0	0	90,0	0	999,0	0	0,0	ERA5
1034504	05/01/2022	08	05/01/2022	03	HNE	-3,7	0	-6,4	0	81,0	0	12,0	0	100,0	0	998,0	0	0,0	ERA5
1034505	05/01/2022	09	05/01/2022	04	HNE	-4,4	0	-6,6	0	84,0	0	11,0	0	90,0	0	997,0	0	0,0	ERA5
1034506	05/01/2022	10	05/01/2022	05	HNE	-4,9	0	-6,7	0	87,0	0	9,0	0	80,0	0	996,0	0	0,0	ERA5
1034507	05/01/2022	11	05/01/2022	06	HNE	-5,5	0	-7,1	0	88,0	0	13,0	0	80,0	0	995,0	0	0,0	ERA5
1034508	05/01/2022	12	05/01/2022	07	HNE	-6,0	0	-7,7	0	88,0	0	13,0	0	70,0	0	994,0	0	0,0	ERA5
1034509	05/01/2022	13	05/01/2022	08	HNE	-6,4	0	-8,1	0	88,0	0	13,0	0	70,0	0	993,0	0	4,3	ERA5
1034510	05/01/2022	14	05/01/2022	09	HNE	-6,2	0	-8,1	0	86,0	0	17,0	0	70,0	0	992,0	0	197,3	ERA5
1034511	05/01/2022	15	05/01/2022	10	HNE	-4,9	0	-7,7	0	81,0	0	12,0	0	80,0	0	992,0	0	420,1	ERA5
1034512	05/01/2022	16	05/01/2022	11	HNE	-3,8	0	-7,2	0	77,0	0	11,0	0	80,0	0	991,0	0	448,7	ERA5
1034513	05/01/2022	17	05/01/2022	12	HNE	-3,1	0	-6,8	0	76,0	0	12,0	0	90,0	0	990,0	0	439,3	ERA5
1034514	05/01/2022	18	05/01/2022	13	HNE	-2,0	0	-6,5	0	72,0	0	15,0	0	110,0	0	988,0	0	457,4	ERA5
1034515	05/01/2022	19	05/01/2022	14	HNE	-0,5	0	-5,2	0	71,0	0	10,0	0	100,0	0	988,0	0	252,0	ERA5
1034516	05/01/2022	20	05/01/2022	15	HNE	-0,4	0	-4,7	0	73,0	0	10,0	0	100,0	0	987,0	0	256,6	ERA5
1034517	05/01/2022	21	05/01/2022	16	HNE	2,9	0	-3,3	0	64,0	0	14,0	0	170,0	0	987,0	0	157,8	ERA5
1034518	05/01/2022	22	05/01/2022	17	HNE	2,5	0	-3,2	0	66,0	0	16,0	0	170,0	0	987,0	0	23,3	ERA5
1034519	05/01/2022	23	05/01/2022	18	HNE	2,3	0	-2,2	0	72,0	0	14,0	0	180,0	0	986,0	0	0,0	ERA5
1034520	06/01/2022	00	05/01/2022	19	HNE	1,6	0	-0,8	0	84,0	0	12,0	0	170,0	0	986,0	0	0,0	ERA5
1034521	06/01/2022	01	05/01/2022	20	HNE	1,1	0	-0,4	0	89,0	0	13,0	0	150,0	0	985,0	0	0,0	ERA5
1034522	06/01/2022	02	05/01/2022	21	HNE	1,2	0	-0,4	0	89,0	0	15,0	0	190,0	0	985,0	0	0,0	ERA5
1034523	06/01/2022	03	05/01/2022	22	HNE	1,8	0	-3,2	0	69,0	0	44,0	0	210,0	0	985,0	0	0,0	ERA5
1034524	06/01/2022	04	05/01/2022	23	HNE	0,9	0	-2,7	0	77,0	0	28,0	0	220,0	0	985,0	0	0,0	ERA5
1034525	06/01/2022	05	06/01/2022	00	HNE	0,7	0	-3,8	0	72,0	0	32,0	0	230,0	0	986,0	0	0,0	ERA5
1034526	06/01/2022	06	06/01/2022	01	HNE	0,4	0	-3,8	0	74,0	0	24,0	0	240,0	0	986,0	0	0,0	ERA5
1034527	06/01/2022	07	06/01/2022	02	HNE	-0,7	0	-5,9	0	68,0	0	35,0	0	240,0	0	987,0	0	0,0	ERA5
1034528	06/01/2022	08	06/01/2022	03	HNE	-2,2	0	-6,2	0	74,0	0	32,0	0	230,0	0	988,0	0	0,0	ERA5
1034529	06/01/2022	09	06/01/2022	04	HNE	-3,5	0	-6,7	0	78,0	0	25,0	0	240,0	0	989,0	0	0,0	ERA5
1034530	06/01/2022	10	06/01/2022	05	HNE	-3,4	0	-7,5	0	73,0	0	21,0	0	230,0	0	990,0	0	0,0	ERA5
1034531	06/01/2022	11	06/01/2022	06	HNE	-3,9	0	-7,4	0	76,0	0	29,0	0	230,0	0	991,0	0	0,0	ERA5
1034532	06/01/2022	12	06/01/2022	07	HNE	-4,2	0	-6,8	0	82,0	0	26,0	0	230,0	0	992,0	0	0,0	ERA5
1034533	06/01/2022	13	06/01/2022	08	HNE	-3,8	0	-7,3	0	77,0	0	26,0	0	240,0	0	993,0	0	4,5	ERA5
1034534	06/01/2022	14	06/01/2022	09	HNE	-3,8	0	-7,0	0	78,0	0	16,0	0	250,0	0	993,0	0	154,3	ERA5
1034535	06/01/2022	15	06/01/2022	10	HNE	-5,6	0	-8,3	0	81,0	0	19,0	0	290,0	0	995,0	0	383,9	ERA5
1034536	06/01/2022	16	06/01/2022	11	HNE	-7,3	0	-10,3	0	79,0	0	24,0	0	280,0	0	996,0	0	700,9	ERA5
1034537	06/01/2022	17	06/01/2022	12	HNE	-7,9	0	-11,3	0	77,0	0	20,0	0	280,0	0	996,0	0	837,3	ERA5
1034538	06/01/2022	18	06/01/2022	13	HNE	-7,7	0	-12,4	0	70,0	0	27,0	0	280,0	0	997,0	0	993,8	ERA5
1034539	06/01/2022	19	06/01/2022	14	HNE	-7,8	0	-12,7	0	68,0	0	25,0	0	300,0	0	997,0	0	1075,4	ERA5
1034540	06/01/2022	20	06/01/2022	15	HNE	-8,2	0	-13,0	0	69,0	0	20,0	0	290,0	0	998,0	0	724,7	ERA5
1034541	06/01/2022	21	06/01/2022	16	HNE	-9,3	0	-13,7	0	71,0	0	17,0	0	300,0	0	998,0	0	365,3	ERA5
1034542	06/01/2022	22	06/01/2022	17	HNE	-10,2	0	-14,6	0	70,0	0	13,0	0	300,0	0	999,0	0	38,0	ERA5
1034543	06/01/2022	23	06/01/2022	18	HNE	-10,7	0	-14,7	0	73,0	0	12,0	0	290,0	0	1000,0	0	0,0	ERA5
1034544	07/01/2022	00	06/01/2022	19	HNE	-11,8	0	-15,1	0	77,0	0	9,0	0	310,0	0	1000,0	0	0,0	ERA5
1034545	07/01/2022	01	06/01/2022	20	HNE	-12,5	0	-15,1	0	81,0	0	14,0	0	300,0	0	1000,0	0	0,0	ERA5
1034546	07/01/2022	02	06/01/2022	21	HNE	-12,4	0	-15,1	0	80,0	0	7,0	0	290,0	0	1000,0	0	0,0	ERA5
1034547	07/01/2022	03	06/01/2022	22	HNE	-13,9	0	-15,8	0	85,0	0	8,0	0	250,0	0	1000,0	0	0,0	ERA5
1034548	07/01/2022	04	06/01/2022	23	HNE	-13,0	0	-15,1	0	85,0	0	7,0	0	240,0	0	1000,0	0	0,0	ERA5
1034549	07/01/2022	05	07/01/2022	00	HNE	-12,2	0	-14,4	0	84,0	0	5,0	0	280,0	0	999,0	0	0,0	ERA5
1034550	07/01/2022	06	07/01/2022	01	HNE	-12,2	0	-14,4	0	84,0	0	7,0	0	300,0	0	999,0	0	0,0	ERA5
1034551	07/01/2022	07	07/01/2022	02	HNE	-11,7	0	-13,8	0	84,0	0	8,0	0	320,0	0	999,0	0	0,0	ERA5
1034552	07/01/2022	08	07/01/2022	03	HNE	-11,4	0	-13,7	0	83,0	0	10,0	0	360,0	0	998,0	0	0,0	ERA5
1034553	07/01/2022	09	07/01/2022	04	HNE	-11,3	0	-13,6	0	83,0	0	8,0	0	330,0	0	998,0	0	0,0	ERA5
1034554	07/01/2022	10	07/01/2022	05	HNE	-11,5	0	-13,6	0	85,0	0	9,0	0	340,0	0	998,0	0	0,0	ERA5
1034555	07/01/2022	11	07/01/2022	06	HNE	-11,7	0	-13,6	0	86,0	0	14,0	0	320,0	0	998,0	0	0,0	ERA5
1034556	07/01/2022	12	07/01/2022	07	HNE	-11,7	0	-13,8	0	85,0	0	13,0	0	320,0	0	998,0	0	0,0	ERA5
1034557	07/01/2022	13	07/01/2022	08	HNE	-11,7	0	-13,4	0	87,0	0	12,0	0	320,0	0	998,0	0	3,9	ERA5
1034558	07/01/2022	14	07/01/2022	09	HNE	-11,9	0	-13,7	0	87,0	0	14,0	0	290,0	0	998,0	0	161,6	ERA5
1034559	07/01/2022	15	07/01/2022	10	HNE	-12,4	0	-14,6	0	83,0	0	15,0	0	300,0	0	999,0	0	614,2	ERA5
1034560	07/01/2022	16	07/01/2022	11	HNE	-10,9	0	-13,7	0	80,0	0	11,0	0	300,0	0	999,0	0	936,7	ERA5
1034561	07/01/2022	17	07/01/2022	12	HNE	-11,2	0	-14,4	0	77,0	0	18,0	0	290,0	0	999,0	0	1114,9	ERA5
1034562	07/01/2022	18	07/01/2022	13	HNE	-10,6	0	-15,1	0	70,0	0	21,0	0	290,0	0	998,0	0	1254,9	ERA5
1034563	07/01/2022	19	07/01/2022	14	HNE	-10,9	0	-15,8	0	68,0	0	27,0	0	270,0	0	999,0	0	1165,2	ERA5
1034564	07/01/2022	20	07/01/2022	15	HNE	-11,6	0	-16,3	0	69,0	0	21,0	0	280,0	0	1000,0	0	843,5	ERA5
1034565	07/01/2022	21	07/01/2022	16	HNE	-12,4	0	-16,9	0	70,0	0	19,0	0	280,0	0	1001,0	0	410,2	ERA5
1034566	07/01/2022	22	07/01/2022	17	HNE	-14,0	0	-18,0	0	72,0	0	26,0	0	290,0	0	1002,0	0	39,2	ERA5
1034567	07/01/2022	23	07/01/2022	18	HNE	-14,5	0	-18,3	0	73,0	0	25,0	0	290,0	0	1004,0	0	0,0	ERA5
1034568	08/01/2022	00	07/01/2022	19	HNE	-14,8	0	-18,6	0	73,0	0	23,0	0	290,0	0	1006,0	0	0,0	ERA5
1034569	08/01/2022	01	07/01/2022	20	HNE	-15,2	0	-19,1	0	73,0	0	25,0	0	300,0	0	1007,0	0	0,0	ERA5
1034570	08/01/2022	02	07/01/2022	21	HNE	-15,9	0	-19,7	0	73,0	0	18,0	0	290,0	0	1008,0	0	0,0	ERA5
1034571	08/01/2022	03	07/01/2022	22	HNE	-16,7	0	-20,6	0	72,0	0	29,0	0	300,0	0	1009,0	0	0,0	ERA5
1034572	08/01/2022	04	07/01/2022	23	HNE	-17,2	0	-21,1	0	72,0	0	22,0	0	290,0	0	1011,0	0	0,0	ERA5
1034573	08/01/2022	05	08/01/2022	00	HNE	-17,9	0	-21,8	0	72,0	0	23,0	0	300,0	0	1012,0	0	0,0	ERA5
1034574	08/01/2022	06	08/01/2022	01	HNE	-18,5	0	-22,1	0	74,0	0	15,0	0	290,0	0	1013,0	0	0,0	ERA5
1034575	08/01/2022	07	08/01/2022	02	HNE	-19,1	0	-22,6	0	75,0	0	23,0	0	280,0	0	1015,0	0	0,0	ERA5
1034576	08/01/2022	08	08/01/2022	03	HNE	-19,4	0	-22,8	0	75,0	0	18,0	0	290,0	0	1016,0	0	0,0	ERA5
1034577	08/01/2022	09	08/01/2022	04	HNE	-20,1	0	-23,4	0	76,0	0	16,0	0	300,0	0	1017,0	0	0,0	ERA5
1034578	08/01/2022	10	08/01/2022	05	HNE	-21,3	0	-24,1	0	79,0	0	17,0	0	270,0	0	1018,0	0	0,0	ERA5
1034579	08/01/2022	11	08/01/2022	06	HNE	-21,2	0	-24,1	0	78,0	0	8,0	0	310,0	0	1019,0	0	0,0	ERA5
1034580	08/01/2022	12	08/01/2022	07	HNE	-21,8	0	-24,0	0	83,0	0	9,0	0	250,0	0	1020,0	0	0,0	ERA5
1034581	08/01/2022	13	08/01/2022	08	HNE	-22,4	0	-24,8	0	82,0	0	16,0	0	250,0	0	1021,0	0	7,4	ERA5
1034582	08/01/2022	14	08/01/2022	09	HNE	-21,0	0	-23,9	0	78,0	0	7,0	0	250,0	0	1022,0	0	304,1	ERA5
1034583	08/01/2022	15	08/01/2022	10	HNE	-19,2	0	-23,1	0	72,0	0	8,0	0	300,0	0	1023,0	0	780,2	ERA5
1034584	08/01/2022	16	08/01/2022	11	HNE	-17,8	0	-22,8	0	66,0	0	5,0	0	340,0	0	1022,0	0	1163,8	ERA5
1034585	08/01/2022	17	08/01/2022	12	HNE	-15,8	0	-22,1	0	59,0	0	3,0	0	30,0	0	1021,0	0	1227,5	ERA5
1034586	08/01/2022	18	08/01/2022	13	HNE	-13,9	0	-21,7	0	52,0	0	10,0	0	190,0	0	1020,0	0	1320,1	ERA5
1034587	08/01/2022	19	08/01/2022	14	HNE	-13,6	0	-21,7	0	51,0	0	13,0	0	160,0	0	1019,0	0	1231,2	ERA5
1034588	08/01/2022	20	08/01/2022	15	HNE	-13,4	0	-20,6	0	55,0	0	15,0	0	110,0	0	1019,0	0	841,1	ERA5
1034589	08/01/2022	21	08/01/2022	16	HNE	-14,3	0	-20,3	0	61,0	0	14,0	0	100,0	0	1019,0	0	393,1	ERA5
1034590	08/01/2022	22	08/01/2022	17	HNE	-14,1	0	-19,5	0	64,0	0	9,0	0	90,0	0	1018,0	0	35,3	ERA5
1034591	08/01/2022	23	08/01/2022	18	HNE	-14,1	0	-19,2	0	66,0	0	17,0	0	100,0	0	1017,0	0	0,0	ERA5
1034592	09/01/2022	00	08/01/2022	19	HNE	-14,0	0	-19,3	0	64,0	0	20,0	0	100,0	0	1015,0	0	0,0	ERA5
1034593	09/01/2022	01	08/01/2022	20	HNE	-14,5	0	-19,5	0	66,0	0	13,0	0	70,0	0	1014,0	0	0,0	ERA5
1034594	09/01/2022	02	08/01/2022	21	HNE	-14,3	0	-19,1	0	67,0	0	16,0	0	70,0	0	1013,0	0	0,0	ERA5
1034595	09/01/2022	03	08/01/2022	22	HNE	-13,8	0	-18,2	0	70,0	0	12,0	0	80,0	0	1011,0	0	0,0	ERA5
1034596	09/01/2022	04	08/01/2022	23	HNE	-13,4	0	-17,2	0	74,0	0	14,0	0	80,0	0	1010,0	0	0,0	ERA5
1034597	09/01/2022	05	09/01/2022	00	HNE	-12,8	0	-16,4	0	74,0	0	10,0	0	90,0	0	1008,0	0	0,0	ERA5
1034598	09/01/2022	06	09/01/2022	01	HNE	-11,9	0	-15,5	0	75,0	0	16,0	0	70,0	0	1007,0	0	0,0	ERA5
1034599	09/01/2022	07	09/01/2022	02	HNE	-11,5	0	-14,6	0	78,0	0	14,0	0	90,0	0	1006,0	0	0,0	ERA5
1034600	09/01/2022	08	09/01/2022	03	HNE	-10,6	0	-13,5	0	79,0	0	14,0	0	80,0	0	1005,0	0	0,0	ERA5
1034601	09/01/2022	09	09/01/2022	04	HNE	-9,8	0	-12,4	0	82,0	0	12,0	0	80,0	0	1003,0	0	0,0	ERA5
1034602	09/01/2022	10	09/01/2022	05	HNE	-8,9	0	-11,3	0	83,0	0	13,0	0	90,0	0	1001,0	0	0,0	ERA5
1034603	09/01/2022	11	09/01/2022	06	HNE	-7,8	0	-10,0	0	84,0	0	13,0	0	100,0	0	1000,0	0	0,0	ERA5
1034604	09/01/2022	12	09/01/2022	07	HNE	-7,0	0	-9,0	0	85,0	0	10,0	0	90,0	0	998,0	0	0,0	ERA5
1034605	09/01/2022	13	09/01/2022	08	HNE	-6,5	0	-8,0	0	90,0	0	9,0	0	70,0	0	997,0	0	1,4	ERA5
1034606	09/01/2022	14	09/01/2022	09	HNE	-2,3	0	-2,9	0	96,0	0	15,0	0	170,0	0	996,0	0	43,3	ERA5
1034607	09/01/2022	15	09/01/2022	10	HNE	-1,6	0	-2,1	0	96,0	0	16,0	0	170,0	0	995,0	0	93,4	ERA5
1034608	09/01/2022	16	09/01/2022	11	HNE	-0,4	0	-0,9	0	97,0	0	14,0	0	190,0	0	993,0	0	112,4	ERA5
1034609	09/01/2022	17	09/01/2022	12	HNE	0,5	0	-0,1	4.lineaire	97,0	0	17,0	0	200,0	0	992,0	0	161,2	ERA5
1034610	09/01/2022	18	09/01/2022	13	HNE	1,2	0	0,7	0	97,0	0	17,0	0	210,0	0	992,0	0	206,4	ERA5
1034611	09/01/2022	19	09/01/2022	14	HNE	1,6	0	1,0	0	96,0	0	16,0	0	210,0	0	991,0	0	238,9	ERA5
1034612	09/01/2022	20	09/01/2022	15	HNE	2,4	0	0,9	0	90,0	0	27,0	0	230,0	0	990,0	0	193,8	ERA5
1034613	09/01/2022	21	09/01/2022	16	HNE	1,2	0	-1,4	0	83,0	0	32,0	0	270,0	0	992,0	0	192,1	ERA5
1034614	09/01/2022	22	09/01/2022	17	HNE	0,8	0	-2,1	0	81,0	0	22,0	0	260,0	0	993,0	0	26,3	ERA5
1034615	09/01/2022	23	09/01/2022	18	HNE	0,1	0	-3,6	0	76,0	0	19,0	0	250,0	0	994,0	0	0,0	ERA5
1034616	10/01/2022	00	09/01/2022	19	HNE	-0,9	0	-8,8	0	55,0	0	54,0	0	260,0	0	995,0	0	0,0	ERA5
1034617	10/01/2022	01	09/01/2022	20	HNE	-2,8	0	-11,9	0	50,0	0	34,0	0	270,0	0	997,0	0	0,0	ERA5
1034618	10/01/2022	02	09/01/2022	21	HNE	-4,3	0	-12,0	0	55,0	0	36,0	0	270,0	0	998,0	0	0,0	ERA5
1034619	10/01/2022	03	09/01/2022	22	HNE	-5,8	0	-12,8	0	58,0	0	46,0	0	290,0	0	1000,0	0	0,0	ERA5
1034620	10/01/2022	04	09/01/2022	23	HNE	-6,8	0	-14,7	0	53,0	0	34,0	0	290,0	0	1001,0	0	0,0	ERA5
1034621	10/01/2022	05	10/01/2022	00	HNE	-8,3	0	-15,0	0	59,0	0	35,0	0	280,0	0	1002,0	0	0,0	ERA5
1034622	10/01/2022	06	10/01/2022	01	HNE	-9,6	0	-16,5	0	58,0	0	27,0	0	290,0	0	1003,0	0	0,0	ERA5
1034623	10/01/2022	07	10/01/2022	02	HNE	-10,8	0	-17,4	0	59,0	0	21,0	0	280,0	0	1003,0	0	0,0	ERA5
1034624	10/01/2022	08	10/01/2022	03	HNE	-11,9	0	-18,4	0	59,0	0	16,0	0	290,0	0	1004,0	0	0,0	ERA5
1034625	10/01/2022	09	10/01/2022	04	HNE	-13,9	0	-18,7	0	67,0	0	11,0	0	250,0	0	1004,0	0	0,0	ERA5
1034626	10/01/2022	10	10/01/2022	05	HNE	-14,1	0	-18,8	0	68,0	0	7,0	0	260,0	0	1004,0	0	0,0	ERA5
1034627	10/01/2022	11	10/01/2022	06	HNE	-13,1	0	-17,7	0	69,0	0	7,0	0	230,0	0	1004,0	0	0,0	ERA5
1034628	10/01/2022	12	10/01/2022	07	HNE	-12,7	0	-16,9	0	71,0	0	4,0	0	260,0	0	1004,0	0	0,0	ERA5
1034629	10/01/2022	13	10/01/2022	08	HNE	-13,4	0	-17,6	0	71,0	0	10,0	0	260,0	0	1004,0	0	6,6	ERA5
1034630	10/01/2022	14	10/01/2022	09	HNE	-12,5	0	-17,6	0	66,0	0	30,0	0	290,0	0	1005,0	0	259,6	ERA5
1034631	10/01/2022	15	10/01/2022	10	HNE	-12,5	0	-18,9	0	59,0	0	19,0	0	290,0	0	1005,0	0	671,2	ERA5
1034632	10/01/2022	16	10/01/2022	11	HNE	-12,3	0	-19,5	0	55,0	0	22,0	0	270,0	0	1005,0	0	1025,5	ERA5
1034633	10/01/2022	17	10/01/2022	12	HNE	-12,1	0	-19,4	0	55,0	0	24,0	0	280,0	0	1004,0	0	1232,9	ERA5
1034634	10/01/2022	18	10/01/2022	13	HNE	-12,3	0	-19,7	0	54,0	0	30,0	0	290,0	0	1004,0	0	1215,2	ERA5
1034635	10/01/2022	19	10/01/2022	14	HNE	-12,1	0	-20,1	0	52,0	0	29,0	0	280,0	0	1004,0	0	1216,2	ERA5
1034636	10/01/2022	20	10/01/2022	15	HNE	-12,2	0	-19,6	0	55,0	0	22,0	0	300,0	0	1004,0	0	873,1	ERA5
1034637	10/01/2022	21	10/01/2022	16	HNE	-13,0	0	-20,3	0	55,0	0	18,0	0	290,0	0	1004,0	0	377,7	ERA5
1034638	10/01/2022	22	10/01/2022	17	HNE	-14,0	0	-22,0	0	51,0	0	23,0	0	300,0	0	1005,0	0	42,7	ERA5
1034639	10/01/2022	23	10/01/2022	18	HNE	-14,9	0	-23,1	0	50,0	0	21,0	0	310,0	0	1006,0	0	0,0	ERA5
1034640	11/01/2022	00	10/01/2022	19	HNE	-15,2	0	-23,5	0	50,0	0	16,0	0	300,0	0	1007,0	0	0,0	ERA5
1034641	11/01/2022	01	10/01/2022	20	HNE	-16,4	0	-23,2	0	56,0	0	27,0	0	330,0	0	1008,0	0	0,0	ERA5
1034642	11/01/2022	02	10/01/2022	21	HNE	-17,6	0	-23,0	0	63,0	0	28,0	0	340,0	0	1009,0	0	0,0	ERA5
1034643	11/01/2022	03	10/01/2022	22	HNE	-18,6	0	-24,2	0	62,0	0	31,0	0	340,0	0	1011,0	0	0,0	ERA5
1034644	11/01/2022	04	10/01/2022	23	HNE	-20,0	0	-26,4	0	58,0	0	18,0	0	350,0	0	1013,0	0	0,0	ERA5
1034645	11/01/2022	05	11/01/2022	00	HNE	-21,3	0	-27,5	0	58,0	0	29,0	0	330,0	0	1014,0	0	0,0	ERA5
1034646	11/01/2022	06	11/01/2022	01	HNE	-22,4	0	-29,1	0	55,0	0	25,0	0	330,0	0	1015,0	0	0,0	ERA5
1034647	11/01/2022	07	11/01/2022	02	HNE	-23,3	0	-29,5	0	57,0	0	28,0	0	330,0	0	1016,0	0	0,0	ERA5
1034648	11/01/2022	08	11/01/2022	03	HNE	-24,0	0	-30,1	0	58,0	0	24,0	0	330,0	0	1018,0	0	0,0	ERA5
1034649	11/01/2022	09	11/01/2022	04	HNE	-24,7	0	-30,0	0	62,0	0	23,0	0	310,0	0	1018,0	0	0,0	ERA5
1034650	11/01/2022	10	11/01/2022	05	HNE	-25,3	0	-30,8	0	61,0	0	23,0	0	310,0	0	1020,0	0	0,0	ERA5
1034651	11/01/2022	11	11/01/2022	06	HNE	-25,6	0	-31,1	0	61,0	0	16,0	0	320,0	0	1020,0	0	0,0	ERA5
1034652	11/01/2022	12	11/01/2022	07	HNE	-26,4	0	-31,3	0	64,0	0	13,0	0	310,0	0	1021,0	0	0,0	ERA5
1034653	11/01/2022	13	11/01/2022	08	HNE	-26,5	0	-31,7	0	62,0	0	11,0	0	310,0	0	1021,0	0	8,8	ERA5
1034654	11/01/2022	14	11/01/2022	09	HNE	-25,7	0	-30,4	0	66,0	0	5,0	0	280,0	0	1022,0	0	322,2	ERA5
1034655	11/01/2022	15	11/01/2022	10	HNE	-25,0	0	-30,4	0	62,0	0	10,0	0	260,0	0	1022,0	0	825,7	ERA5
1034656	11/01/2022	16	11/01/2022	11	HNE	-24,2	0	-31,6	0	51,0	0	8,0	0	260,0	0	1022,0	0	1227,0	ERA5
1034657	11/01/2022	17	11/01/2022	12	HNE	-23,0	0	-30,2	0	53,0	0	13,0	0	290,0	0	1021,0	0	1459,5	ERA5
1034658	11/01/2022	18	11/01/2022	13	HNE	-22,2	0	-29,9	0	51,0	0	13,0	0	200,0	0	1020,0	0	1493,4	ERA5
1034659	11/01/2022	19	11/01/2022	14	HNE	-21,2	0	-29,9	0	47,0	0	9,0	0	220,0	0	1019,0	0	1321,8	ERA5
1034660	11/01/2022	20	11/01/2022	15	HNE	-20,6	0	-29,1	0	47,0	0	8,0	0	190,0	0	1019,0	0	973,9	ERA5
1034661	11/01/2022	21	11/01/2022	16	HNE	-20,3	0	-28,8	0	47,0	0	7,0	0	180,0	0	1018,0	0	496,3	ERA5
1034662	11/01/2022	22	11/01/2022	17	HNE	-20,3	0	-27,8	0	52,0	0	7,0	0	170,0	0	1018,0	0	65,4	ERA5
1034663	11/01/2022	23	11/01/2022	18	HNE	-21,6	0	-27,2	0	61,0	0	9,0	0	130,0	0	1016,0	0	0,0	ERA5
1034664	12/01/2022	00	11/01/2022	19	HNE	-19,7	0	-26,4	0	56,0	0	11,0	0	140,0	0	1015,0	0	0,0	ERA5
1034665	12/01/2022	01	11/01/2022	20	HNE	-19,0	0	-25,1	0	59,0	0	13,0	0	130,0	0	1013,0	0	0,0	ERA5
1034666	12/01/2022	02	11/01/2022	21	HNE	-18,4	0	-23,5	0	65,0	0	14,0	0	120,0	0	1011,0	0	0,0	ERA5
1034667	12/01/2022	03	11/01/2022	22	HNE	-17,7	0	-22,0	0	69,0	0	16,0	0	110,0	0	1009,0	0	0,0	ERA5
1034668	12/01/2022	04	11/01/2022	23	HNE	-15,9	0	-19,8	0	72,0	0	13,0	0	120,0	0	1008,0	0	0,0	ERA5
1034669	12/01/2022	05	12/01/2022	00	HNE	-15,1	0	-19,0	0	72,0	0	18,0	0	110,0	0	1006,0	0	0,0	ERA5
1034670	12/01/2022	06	12/01/2022	01	HNE	-15,8	0	-19,3	0	75,0	0	15,0	0	80,0	0	1004,0	0	0,0	ERA5
1034671	12/01/2022	07	12/01/2022	02	HNE	-16,0	0	-19,2	0	77,0	0	13,0	0	80,0	0	1003,0	0	0,0	ERA5
1034672	12/01/2022	08	12/01/2022	03	HNE	-15,9	0	-19,3	0	76,0	0	16,0	0	80,0	0	1001,0	0	0,0	ERA5
1034673	12/01/2022	09	12/01/2022	04	HNE	-16,0	0	-19,2	0	76,0	0	13,0	0	80,0	0	1000,0	0	0,0	ERA5
1034674	12/01/2022	10	12/01/2022	05	HNE	-15,5	0	-18,6	0	77,0	0	13,0	0	90,0	0	999,0	0	0,0	ERA5
1034675	12/01/2022	11	12/01/2022	06	HNE	-14,7	0	-17,8	0	77,0	0	11,0	0	90,0	0	998,0	0	0,0	ERA5
1034676	12/01/2022	12	12/01/2022	07	HNE	-14,2	0	-17,3	0	78,0	0	11,0	0	70,0	0	997,0	0	0,0	ERA5
1034677	12/01/2022	13	12/01/2022	08	HNE	-13,4	0	-15,5	0	84,0	0	10,0	0	80,0	0	997,0	0	2,3	ERA5
1034678	12/01/2022	14	12/01/2022	09	HNE	-11,8	0	-14,1	0	84,0	0	9,0	0	60,0	0	996,0	0	86,7	ERA5
1034679	12/01/2022	15	12/01/2022	10	HNE	-11,3	0	-13,2	0	86,0	0	10,0	0	60,0	0	996,0	0	324,5	ERA5
1034680	12/01/2022	16	12/01/2022	11	HNE	-10,7	0	-13,0	0	84,0	0	16,0	0	40,0	0	996,0	0	476,4	ERA5
1034681	12/01/2022	17	12/01/2022	12	HNE	-10,8	0	-12,9	0	84,0	0	9,0	0	30,0	0	996,0	0	532,5	ERA5
1034682	12/01/2022	18	12/01/2022	13	HNE	-9,7	0	-12,1	0	83,0	0	7,0	0	30,0	0	996,0	0	609,8	ERA5
1034683	12/01/2022	19	12/01/2022	14	HNE	-10,2	0	-12,4	0	84,0	0	7,0	0	360,0	0	997,0	0	845,0	ERA5
1034684	12/01/2022	20	12/01/2022	15	HNE	-9,4	0	-11,6	0	85,0	0	8,0	0	310,0	0	998,0	0	445,5	ERA5
1034685	12/01/2022	21	12/01/2022	16	HNE	-8,0	0	-10,2	0	84,0	0	7,0	0	290,0	0	999,0	0	210,2	ERA5
1034686	12/01/2022	22	12/01/2022	17	HNE	-7,2	0	-9,1	0	86,0	0	11,0	0	270,0	0	1000,0	0	33,2	ERA5
1034687	12/01/2022	23	12/01/2022	18	HNE	-6,8	0	-8,6	0	87,0	0	6,0	0	310,0	0	1001,0	0	0,0	ERA5
1034688	13/01/2022	00	12/01/2022	19	HNE	-6,7	0	-8,2	0	89,0	0	3,0	0	240,0	0	1002,0	0	0,0	ERA5
1034689	13/01/2022	01	12/01/2022	20	HNE	-6,8	0	-8,1	0	90,0	0	3,0	0	270,0	0	1002,0	0	0,0	ERA5
1034690	13/01/2022	02	12/01/2022	21	HNE	-6,8	0	-8,1	0	91,0	0	2,0	0	0,0	0	1003,0	0	0,0	ERA5
1034691	13/01/2022	03	12/01/2022	22	HNE	-6,8	0	-8,0	0	91,0	0	3,0	0	140,0	0	1003,0	0	0,0	ERA5
1034692	13/01/2022	04	12/01/2022	23	HNE	-7,1	0	-8,1	0	92,0	0	4,0	0	70,0	0	1003,0	0	0,0	ERA5
1034693	13/01/2022	05	13/01/2022	00	HNE	-6,9	0	-8,1	0	91,0	0	10,0	0	60,0	0	1003,0	0	0,0	ERA5
1034694	13/01/2022	06	13/01/2022	01	HNE	-7,4	0	-9,0	0	89,0	0	15,0	0	50,0	0	1002,0	0	0,0	ERA5
1034695	13/01/2022	07	13/01/2022	02	HNE	-7,8	0	-9,7	0	87,0	0	13,0	0	40,0	0	1003,0	0	0,0	ERA5
1034696	13/01/2022	08	13/01/2022	03	HNE	-7,9	0	-9,8	0	86,0	0	10,0	0	60,0	0	1003,0	0	0,0	ERA5
1034697	13/01/2022	09	13/01/2022	04	HNE	-8,0	0	-10,1	0	85,0	0	12,0	0	50,0	0	1002,0	0	0,0	ERA5
1034698	13/01/2022	10	13/01/2022	05	HNE	-8,1	0	-9,9	0	87,0	0	14,0	0	50,0	0	1002,0	0	0,0	ERA5
1034699	13/01/2022	11	13/01/2022	06	HNE	-8,2	0	-9,9	0	88,0	0	14,0	0	70,0	0	1002,0	0	0,0	ERA5
1034700	13/01/2022	12	13/01/2022	07	HNE	-8,8	0	-10,3	0	89,0	0	15,0	0	70,0	0	1003,0	0	0,0	ERA5
1034701	13/01/2022	13	13/01/2022	08	HNE	-9,6	0	-11,2	0	88,0	0	15,0	0	60,0	0	1003,0	0	5,1	ERA5
1034702	13/01/2022	14	13/01/2022	09	HNE	-9,8	0	-11,4	0	88,0	0	13,0	0	60,0	0	1003,0	0	155,4	ERA5
1034703	13/01/2022	15	13/01/2022	10	HNE	-9,5	0	-11,2	0	88,0	0	13,0	0	70,0	0	1002,0	0	363,3	ERA5
1034704	13/01/2022	16	13/01/2022	11	HNE	-9,0	0	-10,8	0	87,0	0	12,0	0	70,0	0	1002,0	0	616,2	ERA5
1034705	13/01/2022	17	13/01/2022	12	HNE	-8,6	0	-10,6	0	86,0	0	10,0	0	80,0	0	1001,0	0	825,9	ERA5
1034706	13/01/2022	18	13/01/2022	13	HNE	-7,8	0	-9,9	0	84,0	0	11,0	0	80,0	0	1000,0	0	1024,9	ERA5
1034707	13/01/2022	19	13/01/2022	14	HNE	-7,7	0	-10,0	0	83,0	0	6,0	0	80,0	0	999,0	0	921,6	ERA5
1034708	13/01/2022	20	13/01/2022	15	HNE	-7,5	0	-9,7	0	84,0	0	10,0	0	90,0	0	999,0	0	636,5	ERA5
1034709	13/01/2022	21	13/01/2022	16	HNE	-7,6	0	-9,8	0	84,0	0	9,0	0	100,0	0	999,0	0	269,0	ERA5
1034710	13/01/2022	22	13/01/2022	17	HNE	-7,5	0	-9,7	0	84,0	0	6,0	0	80,0	0	999,0	0	35,4	ERA5
1034711	13/01/2022	23	13/01/2022	18	HNE	-7,4	0	-9,5	0	85,0	0	3,0	0	20,0	0	1000,0	0	0,0	ERA5
1034712	14/01/2022	00	13/01/2022	19	HNE	-7,4	0	-9,5	0	85,0	0	5,0	0	20,0	0	1000,0	0	0,0	ERA5
1034713	14/01/2022	01	13/01/2022	20	HNE	-7,5	0	-9,7	0	85,0	0	4,0	0	60,0	0	1000,0	0	0,0	ERA5
1034714	14/01/2022	02	13/01/2022	21	HNE	-7,5	0	-9,6	0	85,0	0	5,0	0	50,0	0	1000,0	0	0,0	ERA5
1034715	14/01/2022	03	13/01/2022	22	HNE	-7,6	0	-9,6	0	86,0	0	5,0	0	70,0	0	1000,0	0	0,0	ERA5
1034716	14/01/2022	04	13/01/2022	23	HNE	-7,4	0	-9,4	0	86,0	0	4,0	0	290,0	0	1001,0	0	0,0	ERA5
1034717	14/01/2022	05	14/01/2022	00	HNE	-7,4	0	-9,3	0	86,0	0	2,0	0	0,0	0	1001,0	0	0,0	ERA5
1034718	14/01/2022	06	14/01/2022	01	HNE	-7,2	0	-9,1	0	87,0	0	9,0	0	270,0	0	1001,0	0	0,0	ERA5
1034719	14/01/2022	07	14/01/2022	02	HNE	-7,0	0	-8,9	0	86,0	0	14,0	0	290,0	0	1002,0	0	0,0	ERA5
1034720	14/01/2022	08	14/01/2022	03	HNE	-7,1	0	-8,8	0	87,0	0	12,0	0	300,0	0	1002,0	0	0,0	ERA5
1034721	14/01/2022	09	14/01/2022	04	HNE	-7,1	0	-10,0	0	80,0	0	23,0	0	330,0	0	1003,0	0	0,0	ERA5
1034722	14/01/2022	10	14/01/2022	05	HNE	-8,9	0	-12,7	0	74,0	0	18,0	0	330,0	0	1004,0	0	0,0	ERA5
1034723	14/01/2022	11	14/01/2022	06	HNE	-10,3	0	-13,8	0	76,0	0	30,0	0	320,0	0	1006,0	0	0,0	ERA5
1034724	14/01/2022	12	14/01/2022	07	HNE	-13,0	0	-16,6	0	75,0	0	28,0	0	330,0	0	1007,0	0	0,0	ERA5
1034725	14/01/2022	13	14/01/2022	08	HNE	-15,0	0	-19,0	0	72,0	0	29,0	0	330,0	0	1009,0	0	8,8	ERA5
1034726	14/01/2022	14	14/01/2022	09	HNE	-16,4	0	-20,9	0	68,0	0	26,0	0	320,0	0	1010,0	0	277,4	ERA5
1034727	14/01/2022	15	14/01/2022	10	HNE	-16,7	0	-21,7	0	66,0	0	21,0	0	330,0	0	1011,0	0	777,0	ERA5
1034728	14/01/2022	16	14/01/2022	11	HNE	-17,2	0	-22,5	0	64,0	0	27,0	0	320,0	0	1012,0	0	1257,6	ERA5
1034729	14/01/2022	17	14/01/2022	12	HNE	-17,3	0	-23,2	0	60,0	0	22,0	0	320,0	0	1011,0	0	1514,3	ERA5
1034730	14/01/2022	18	14/01/2022	13	HNE	-16,8	0	-23,4	0	57,0	0	27,0	0	330,0	0	1011,0	0	1554,9	ERA5
1034731	14/01/2022	19	14/01/2022	14	HNE	-16,8	0	-24,4	0	53,0	0	28,0	0	320,0	0	1011,0	0	1384,5	ERA5
1034732	14/01/2022	20	14/01/2022	15	HNE	-16,9	0	-24,8	0	51,0	0	24,0	0	330,0	0	1012,0	0	1036,6	ERA5
1034733	14/01/2022	21	14/01/2022	16	HNE	-17,1	0	-26,0	0	47,0	0	35,0	0	340,0	0	1013,0	0	551,1	ERA5
1034734	14/01/2022	22	14/01/2022	17	HNE	-18,3	0	-26,2	0	50,0	0	23,0	0	350,0	0	1013,0	0	86,7	ERA5
1034735	14/01/2022	23	14/01/2022	18	HNE	-19,3	0	-26,9	0	52,0	0	30,0	0	330,0	0	1014,0	0	0,0	ERA5
1034736	15/01/2022	00	14/01/2022	19	HNE	-19,9	0	-27,0	0	54,0	0	26,0	0	350,0	0	1015,0	0	0,0	ERA5
1034737	15/01/2022	01	14/01/2022	20	HNE	-20,5	0	-27,0	0	57,0	0	24,0	0	340,0	0	1015,0	0	0,0	ERA5
1034738	15/01/2022	02	14/01/2022	21	HNE	-21,1	0	-27,5	0	57,0	0	26,0	0	340,0	0	1016,0	0	0,0	ERA5
1034739	15/01/2022	03	14/01/2022	22	HNE	-21,7	0	-27,9	0	58,0	0	17,0	0	340,0	0	1016,0	0	0,0	ERA5
1034740	15/01/2022	04	14/01/2022	23	HNE	-22,4	0	-28,4	0	58,0	0	24,0	0	340,0	0	1016,0	0	0,0	ERA5
1034741	15/01/2022	05	15/01/2022	00	HNE	-23,1	0	-29,2	0	58,0	0	26,0	0	360,0	0	1016,0	0	0,0	ERA5
1034742	15/01/2022	06	15/01/2022	01	HNE	-23,7	0	-29,6	0	60,0	0	17,0	0	340,0	0	1016,0	0	0,0	ERA5
1034743	15/01/2022	07	15/01/2022	02	HNE	-24,2	0	-29,8	0	61,0	0	22,0	0	340,0	0	1017,0	0	0,0	ERA5
1034744	15/01/2022	08	15/01/2022	03	HNE	-25,2	0	-29,8	0	66,0	0	19,0	0	310,0	0	1017,0	0	0,0	ERA5
1034745	15/01/2022	09	15/01/2022	04	HNE	-25,3	0	-30,1	0	65,0	0	19,0	0	320,0	0	1018,0	0	0,0	ERA5
1034746	15/01/2022	10	15/01/2022	05	HNE	-25,9	0	-30,4	0	67,0	0	21,0	0	310,0	0	1018,0	0	0,0	ERA5
1034747	15/01/2022	11	15/01/2022	06	HNE	-26,5	0	-30,8	0	68,0	0	17,0	0	310,0	0	1019,0	0	0,0	ERA5
1034748	15/01/2022	12	15/01/2022	07	HNE	-26,6	0	-31,1	0	67,0	0	16,0	0	310,0	0	1019,0	0	0,0	ERA5
1034749	15/01/2022	13	15/01/2022	08	HNE	-26,6	0	-31,1	0	67,0	0	17,0	0	320,0	0	1020,0	0	12,1	ERA5
1034750	15/01/2022	14	15/01/2022	09	HNE	-25,8	0	-31,0	0	63,0	0	17,0	0	310,0	0	1021,0	0	347,8	ERA5
1034751	15/01/2022	15	15/01/2022	10	HNE	-25,0	0	-30,9	0	59,0	0	17,0	0	300,0	0	1021,0	0	862,6	ERA5
1034752	15/01/2022	16	15/01/2022	11	HNE	-23,9	0	-30,3	0	57,0	0	13,0	0	310,0	0	1020,0	0	1276,6	ERA5
1034753	15/01/2022	17	15/01/2022	12	HNE	-22,6	0	-29,6	0	54,0	0	16,0	0	290,0	0	1019,0	0	1518,2	ERA5
1034754	15/01/2022	18	15/01/2022	13	HNE	-21,5	0	-28,9	0	52,0	0	17,0	0	270,0	0	1019,0	0	1560,2	ERA5
1034755	15/01/2022	19	15/01/2022	14	HNE	-20,2	0	-28,5	0	49,0	0	20,0	0	270,0	0	1019,0	0	1397,0	ERA5
1034756	15/01/2022	20	15/01/2022	15	HNE	-20,0	0	-27,7	0	51,0	0	20,0	0	250,0	0	1018,0	0	1048,1	ERA5
1034757	15/01/2022	21	15/01/2022	16	HNE	-20,9	0	-28,1	0	53,0	0	18,0	0	240,0	0	1018,0	0	561,3	ERA5
1034758	15/01/2022	22	15/01/2022	17	HNE	-22,1	0	-28,2	0	58,0	0	13,0	0	250,0	0	1018,0	0	92,4	ERA5
1034759	15/01/2022	23	15/01/2022	18	HNE	-21,9	0	-28,0	0	59,0	0	13,0	0	270,0	0	1019,0	0	0,0	ERA5
1034760	16/01/2022	00	15/01/2022	19	HNE	-23,3	0	-28,7	0	62,0	0	11,0	0	260,0	0	1018,0	0	0,0	ERA5
1034761	16/01/2022	01	15/01/2022	20	HNE	-23,1	0	-28,7	0	61,0	0	10,0	0	240,0	0	1019,0	0	0,0	ERA5
1034762	16/01/2022	02	15/01/2022	21	HNE	-23,8	0	-28,7	0	64,0	0	10,0	0	260,0	0	1018,0	0	0,0	ERA5
1034763	16/01/2022	03	15/01/2022	22	HNE	-23,2	0	-28,8	0	61,0	0	5,0	0	250,0	0	1018,0	0	0,0	ERA5
1034764	16/01/2022	04	15/01/2022	23	HNE	-25,0	0	-29,6	0	66,0	0	7,0	0	200,0	0	1018,0	0	0,0	ERA5
1034765	16/01/2022	05	16/01/2022	00	HNE	-25,8	0	-29,2	0	74,0	0	7,0	0	200,0	0	1018,0	0	0,0	ERA5
1034766	16/01/2022	06	16/01/2022	01	HNE	-25,0	0	-28,7	0	72,0	0	5,0	0	200,0	0	1017,0	0	0,0	ERA5
1034767	16/01/2022	07	16/01/2022	02	HNE	-26,4	0	-29,6	0	74,0	0	5,0	0	180,0	0	1018,0	0	0,0	ERA5
1034768	16/01/2022	08	16/01/2022	03	HNE	-25,4	0	-28,7	0	74,0	0	4,0	0	180,0	0	1017,0	0	0,0	ERA5
1034769	16/01/2022	09	16/01/2022	04	HNE	-27,5	0	-30,7	0	75,0	0	6,0	0	170,0	0	1016,0	0	0,0	ERA5
1034770	16/01/2022	10	16/01/2022	05	HNE	-25,1	0	-28,7	0	72,0	0	3,0	0	100,0	0	1015,0	0	0,0	ERA5
1034771	16/01/2022	11	16/01/2022	06	HNE	-26,7	0	-29,7	0	77,0	0	5,0	0	160,0	0	1015,0	0	0,0	ERA5
1034772	16/01/2022	12	16/01/2022	07	HNE	-26,3	0	-29,6	0	74,0	0	5,0	0	80,0	0	1015,0	0	0,0	ERA5
1034773	16/01/2022	13	16/01/2022	08	HNE	-26,4	0	-29,5	0	76,0	0	8,0	0	60,0	0	1015,0	0	12,4	ERA5
1034774	16/01/2022	14	16/01/2022	09	HNE	-24,1	0	-27,9	0	71,0	0	7,0	0	60,0	0	1014,0	0	339,5	ERA5
1034775	16/01/2022	15	16/01/2022	10	HNE	-21,8	0	-26,6	0	65,0	0	7,0	0	60,0	0	1014,0	0	842,8	ERA5
1034776	16/01/2022	16	16/01/2022	11	HNE	-19,2	0	-24,9	0	61,0	0	12,0	0	60,0	0	1013,0	0	1256,7	ERA5
1034777	16/01/2022	17	16/01/2022	12	HNE	-17,4	0	-25,8	0	49,0	0	12,0	0	90,0	0	1011,0	0	1496,4	ERA5
1034778	16/01/2022	18	16/01/2022	13	HNE	-16,1	0	-24,5	0	49,0	0	14,0	0	70,0	0	1010,0	0	1547,0	ERA5
1034779	16/01/2022	19	16/01/2022	14	HNE	-15,2	0	-23,6	0	49,0	0	15,0	0	90,0	0	1008,0	0	1387,3	ERA5
1034780	16/01/2022	20	16/01/2022	15	HNE	-14,9	0	-23,5	0	49,0	0	17,0	0	100,0	0	1007,0	0	1042,7	ERA5
1034781	16/01/2022	21	16/01/2022	16	HNE	-14,6	0	-23,4	0	48,0	0	12,0	0	60,0	0	1006,0	0	564,8	ERA5
1034782	16/01/2022	22	16/01/2022	17	HNE	-17,3	0	-24,0	0	57,0	0	14,0	0	40,0	0	1005,0	0	97,7	ERA5
1034783	16/01/2022	23	16/01/2022	18	HNE	-17,7	0	-24,6	0	56,0	0	14,0	0	60,0	0	1005,0	0	0,0	ERA5
1034784	17/01/2022	00	16/01/2022	19	HNE	-17,4	0	-23,9	0	58,0	0	13,0	0	70,0	0	1004,0	0	0,0	ERA5
1034785	17/01/2022	01	16/01/2022	20	HNE	-17,7	0	-23,2	0	63,0	0	14,0	0	60,0	0	1004,0	0	0,0	ERA5
1034786	17/01/2022	02	16/01/2022	21	HNE	-17,4	0	-21,8	0	69,0	0	15,0	0	70,0	0	1002,0	0	0,0	ERA5
1034787	17/01/2022	03	16/01/2022	22	HNE	-17,6	0	-21,6	0	72,0	0	16,0	0	60,0	0	1001,0	0	0,0	ERA5
1034788	17/01/2022	04	16/01/2022	23	HNE	-17,2	0	-21,2	0	71,0	0	15,0	0	60,0	0	1001,0	0	0,0	ERA5
1034789	17/01/2022	05	17/01/2022	00	HNE	-16,5	0	-20,7	0	70,0	0	16,0	0	70,0	0	999,0	0	0,0	ERA5
1034790	17/01/2022	06	17/01/2022	01	HNE	-16,0	0	-20,3	0	70,0	0	13,0	0	60,0	0	998,0	0	0,0	ERA5
1034791	17/01/2022	07	17/01/2022	02	HNE	-15,6	0	-17,9	0	83,0	0	26,0	0	40,0	0	996,0	0	0,0	ERA5
1034792	17/01/2022	08	17/01/2022	03	HNE	-14,6	0	-16,7	0	84,0	0	27,0	0	50,0	0	994,0	0	0,0	ERA5
1034793	17/01/2022	09	17/01/2022	04	HNE	-13,5	0	-15,5	0	85,0	0	26,0	0	50,0	0	992,0	0	0,0	ERA5
1034794	17/01/2022	10	17/01/2022	05	HNE	-11,9	0	-13,7	0	87,0	0	27,0	0	40,0	0	989,0	0	0,0	ERA5
1034795	17/01/2022	11	17/01/2022	06	HNE	-10,1	0	-11,8	0	88,0	0	35,0	0	50,0	0	986,0	0	0,0	ERA5
1034796	17/01/2022	12	17/01/2022	07	HNE	-8,3	0	-9,8	0	89,0	0	38,0	0	50,0	0	983,0	0	0,0	ERA5
1034797	17/01/2022	13	17/01/2022	08	HNE	-6,5	0	-7,7	0	91,0	0	31,0	0	50,0	0	983,0	0	1,1	ERA5
1034798	17/01/2022	14	17/01/2022	09	HNE	-7,0	0	-8,0	0	93,0	0	29,0	0	30,0	0	980,0	0	24,3	ERA5
1034799	17/01/2022	15	17/01/2022	10	HNE	-6,3	0	-7,5	0	92,0	0	29,0	0	30,0	0	979,0	0	66,1	ERA5
1034800	17/01/2022	16	17/01/2022	11	HNE	-5,7	0	-6,9	0	91,0	0	30,0	0	30,0	0	977,0	0	62,3	ERA5
1034801	17/01/2022	17	17/01/2022	12	HNE	-5,3	0	-6,4	0	92,0	0	23,0	0	10,0	0	974,0	0	123,0	ERA5
1034802	17/01/2022	18	17/01/2022	13	HNE	-4,5	0	-5,8	0	91,0	0	19,0	0	10,0	0	972,0	0	129,0	ERA5
1034803	17/01/2022	19	17/01/2022	14	HNE	-4,9	0	-6,1	0	91,0	0	19,0	0	350,0	0	971,0	0	260,3	ERA5
1034804	17/01/2022	20	17/01/2022	15	HNE	-4,6	0	-6,0	0	90,0	0	22,0	0	10,0	0	971,0	0	317,6	ERA5
1034805	17/01/2022	21	17/01/2022	16	HNE	-5,5	0	-7,0	0	89,0	0	23,0	0	290,0	0	972,0	0	153,5	ERA5
1034806	17/01/2022	22	17/01/2022	17	HNE	-6,9	0	-8,4	0	89,0	0	34,0	0	310,0	0	973,0	0	16,3	ERA5
1034807	17/01/2022	23	17/01/2022	18	HNE	-7,0	0	-8,7	0	88,0	0	25,0	0	310,0	0	974,0	0	0,0	ERA5
1034808	18/01/2022	00	17/01/2022	19	HNE	-6,7	0	-8,3	0	88,0	0	30,0	0	290,0	0	976,0	0	0,0	ERA5
1034809	18/01/2022	01	17/01/2022	20	HNE	-7,2	0	-9,1	0	87,0	0	26,0	0	290,0	0	977,0	0	0,0	ERA5
1034810	18/01/2022	02	17/01/2022	21	HNE	-7,5	0	-9,4	0	86,0	0	29,0	0	300,0	0	978,0	0	0,0	ERA5
1034811	18/01/2022	03	17/01/2022	22	HNE	-7,3	0	-9,6	0	84,0	0	34,0	0	300,0	0	980,0	0	0,0	ERA5
1034812	18/01/2022	04	17/01/2022	23	HNE	-8,2	0	-11,3	0	79,0	0	35,0	0	300,0	0	982,0	0	0,0	ERA5
1034813	18/01/2022	05	18/01/2022	00	HNE	-9,1	0	-12,9	0	74,0	0	30,0	0	290,0	0	983,0	0	0,0	ERA5
1034814	18/01/2022	06	18/01/2022	01	HNE	-10,1	0	-14,1	0	73,0	0	27,0	0	300,0	0	985,0	0	0,0	ERA5
1034815	18/01/2022	07	18/01/2022	02	HNE	-10,1	0	-13,4	0	77,0	0	27,0	0	290,0	0	986,0	0	0,0	ERA5
1034816	18/01/2022	08	18/01/2022	03	HNE	-10,0	0	-14,0	0	73,0	0	35,0	0	290,0	0	988,0	0	0,0	ERA5
1034817	18/01/2022	09	18/01/2022	04	HNE	-11,1	0	-15,1	0	73,0	0	41,0	0	290,0	0	989,0	0	0,0	ERA5
1034818	18/01/2022	10	18/01/2022	05	HNE	-12,2	0	-16,5	0	71,0	0	31,0	0	290,0	0	991,0	0	0,0	ERA5
1034819	18/01/2022	11	18/01/2022	06	HNE	-13,7	0	-17,7	0	72,0	0	27,0	0	290,0	0	993,0	0	0,0	ERA5
1034820	18/01/2022	12	18/01/2022	07	HNE	-14,9	0	-18,9	0	71,0	0	24,0	0	300,0	0	995,0	0	0,0	ERA5
1034821	18/01/2022	13	18/01/2022	08	HNE	-15,6	0	-19,5	0	72,0	0	22,0	0	300,0	0	996,0	0	14,8	ERA5
1034822	18/01/2022	14	18/01/2022	09	HNE	-15,5	0	-20,0	0	69,0	0	27,0	0	300,0	0	998,0	0	357,2	ERA5
1034823	18/01/2022	15	18/01/2022	10	HNE	-15,5	0	-21,5	0	60,0	0	25,0	0	320,0	0	1000,0	0	868,6	ERA5
1034824	18/01/2022	16	18/01/2022	11	HNE	-15,7	0	-21,6	0	61,0	0	20,0	0	290,0	0	1001,0	0	1281,7	ERA5
1034825	18/01/2022	17	18/01/2022	12	HNE	-15,5	0	-22,7	0	55,0	0	24,0	0	290,0	0	1001,0	0	1559,6	ERA5
1034826	18/01/2022	18	18/01/2022	13	HNE	-14,9	0	-22,1	0	55,0	0	23,0	0	280,0	0	1002,0	0	1609,2	ERA5
1034827	18/01/2022	19	18/01/2022	14	HNE	-14,8	0	-22,2	0	54,0	0	27,0	0	260,0	0	1003,0	0	1447,4	ERA5
1034828	18/01/2022	20	18/01/2022	15	HNE	-15,1	0	-22,1	0	56,0	0	21,0	0	260,0	0	1004,0	0	1095,2	ERA5
1034829	18/01/2022	21	18/01/2022	16	HNE	-15,8	0	-22,8	0	55,0	0	20,0	0	250,0	0	1004,0	0	603,0	ERA5
1034830	18/01/2022	22	18/01/2022	17	HNE	-16,3	0	-22,6	0	59,0	0	11,0	0	280,0	0	1005,0	0	113,5	ERA5
1034831	18/01/2022	23	18/01/2022	18	HNE	-17,1	0	-22,9	0	61,0	0	8,0	0	320,0	0	1005,0	0	0,0	ERA5
1034832	19/01/2022	00	18/01/2022	19	HNE	-18,9	0	-23,4	0	68,0	0	5,0	0	230,0	0	1006,0	0	0,0	ERA5
1034833	19/01/2022	01	18/01/2022	20	HNE	-19,2	0	-22,5	0	76,0	0	3,0	0	140,0	0	1006,0	0	0,0	ERA5
1034834	19/01/2022	02	18/01/2022	21	HNE	-20,0	0	-22,9	0	78,0	0	7,0	0	160,0	0	1006,0	0	0,0	ERA5
1034835	19/01/2022	03	18/01/2022	22	HNE	-19,6	0	-23,4	0	72,0	0	10,0	0	100,0	0	1005,0	0	0,0	ERA5
1034836	19/01/2022	04	18/01/2022	23	HNE	-19,4	0	-23,4	0	71,0	0	9,0	0	120,0	0	1005,0	0	0,0	ERA5
1034837	19/01/2022	05	19/01/2022	00	HNE	-17,4	0	-22,2	0	67,0	0	14,0	0	100,0	0	1004,0	0	0,0	ERA5
1034838	19/01/2022	06	19/01/2022	01	HNE	-16,6	0	-22,0	0	64,0	0	16,0	0	90,0	0	1003,0	0	0,0	ERA5
1034839	19/01/2022	07	19/01/2022	02	HNE	-17,2	0	-22,1	0	66,0	0	19,0	0	90,0	0	1002,0	0	0,0	ERA5
1034840	19/01/2022	08	19/01/2022	03	HNE	-16,7	0	-20,4	0	73,0	0	19,0	0	90,0	0	1001,0	0	0,0	ERA5
1034841	19/01/2022	09	19/01/2022	04	HNE	-16,2	0	-18,6	0	82,0	0	21,0	0	70,0	0	999,0	0	0,0	ERA5
1034842	19/01/2022	10	19/01/2022	05	HNE	-15,9	0	-18,4	0	82,0	0	26,0	0	80,0	0	997,0	0	0,0	ERA5
1034843	19/01/2022	11	19/01/2022	06	HNE	-15,5	0	-17,9	0	82,0	0	25,0	0	80,0	0	995,0	0	0,0	ERA5
1034844	19/01/2022	12	19/01/2022	07	HNE	-15,4	0	-17,7	0	83,0	0	26,0	0	60,0	0	994,0	0	0,0	ERA5
1034845	19/01/2022	13	19/01/2022	08	HNE	-15,5	0	-17,8	0	83,0	0	20,0	0	70,0	0	993,0	0	2,7	ERA5
1034846	19/01/2022	14	19/01/2022	09	HNE	-15,4	0	-17,6	0	84,0	0	17,0	0	60,0	0	993,0	0	82,5	ERA5
1034847	19/01/2022	15	19/01/2022	10	HNE	-14,8	0	-16,8	0	85,0	0	20,0	0	80,0	0	992,0	0	211,7	ERA5
1034848	19/01/2022	16	19/01/2022	11	HNE	-14,0	0	-15,3	0	90,0	0	13,0	0	70,0	0	991,0	0	192,3	ERA5
1034849	19/01/2022	17	19/01/2022	12	HNE	-13,8	0	-15,3	0	89,0	0	14,0	0	80,0	0	991,0	0	308,5	ERA5
1034850	19/01/2022	18	19/01/2022	13	HNE	-13,1	0	-14,6	0	89,0	0	16,0	0	80,0	0	990,0	0	394,1	ERA5
1034851	19/01/2022	19	19/01/2022	14	HNE	-12,4	0	-13,9	0	89,0	0	14,0	0	50,0	0	990,0	0	679,5	ERA5
1034852	19/01/2022	20	19/01/2022	15	HNE	-12,2	0	-13,6	0	89,0	0	12,0	0	50,0	0	990,0	0	755,0	ERA5
1034853	19/01/2022	21	19/01/2022	16	HNE	-11,3	0	-12,7	0	90,0	0	10,0	0	60,0	0	990,0	0	389,5	ERA5
1034854	19/01/2022	22	19/01/2022	17	HNE	-10,4	0	-11,7	0	90,0	0	10,0	0	20,0	0	991,0	0	76,8	ERA5
1034855	19/01/2022	23	19/01/2022	18	HNE	-10,4	0	-11,8	0	89,0	0	4,0	0	30,0	0	993,0	0	0,0	ERA5
1034856	20/01/2022	00	19/01/2022	19	HNE	-10,3	0	-11,7	0	89,0	0	9,0	0	220,0	0	994,0	0	0,0	ERA5
1034857	20/01/2022	01	19/01/2022	20	HNE	-7,2	0	-9,1	0	86,0	0	9,0	0	280,0	0	995,0	0	0,0	ERA5
1034858	20/01/2022	02	19/01/2022	21	HNE	-5,4	0	-8,0	0	82,0	0	12,0	0	290,0	0	996,0	0	0,0	ERA5
1034859	20/01/2022	03	19/01/2022	22	HNE	-3,9	0	-7,9	0	74,0	0	25,0	0	290,0	0	997,0	0	0,0	ERA5
1034860	20/01/2022	04	19/01/2022	23	HNE	-7,3	0	-10,3	0	79,0	0	37,0	0	290,0	0	999,0	0	0,0	ERA5
1034861	20/01/2022	05	20/01/2022	00	HNE	-10,1	0	-15,3	0	66,0	0	33,0	0	290,0	0	1002,0	0	0,0	ERA5
1034862	20/01/2022	06	20/01/2022	01	HNE	-12,2	0	-17,1	0	67,0	0	38,0	0	300,0	0	1003,0	0	0,0	ERA5
1034863	20/01/2022	07	20/01/2022	02	HNE	-13,9	0	-18,9	0	66,0	0	30,0	0	290,0	0	1004,0	0	0,0	ERA5
1034864	20/01/2022	08	20/01/2022	03	HNE	-16,0	0	-20,4	0	70,0	0	28,0	0	290,0	0	1007,0	0	0,0	ERA5
1034865	20/01/2022	09	20/01/2022	04	HNE	-17,3	0	-21,4	0	71,0	0	19,0	0	280,0	0	1008,0	0	0,0	ERA5
1034866	20/01/2022	10	20/01/2022	05	HNE	-18,2	0	-22,3	0	71,0	0	18,0	0	290,0	0	1009,0	0	0,0	ERA5
1034867	20/01/2022	11	20/01/2022	06	HNE	-19,7	0	-23,2	0	74,0	0	20,0	0	300,0	0	1010,0	0	0,0	ERA5
1034868	20/01/2022	12	20/01/2022	07	HNE	-20,2	0	-23,7	0	74,0	0	19,0	0	290,0	0	1011,0	0	0,0	ERA5
1034869	20/01/2022	13	20/01/2022	08	HNE	-20,9	0	-24,5	0	73,0	0	20,0	0	290,0	0	1012,0	0	17,7	ERA5
1034870	20/01/2022	14	20/01/2022	09	HNE	-20,5	0	-24,5	0	71,0	0	18,0	0	290,0	0	1014,0	0	372,8	ERA5
1034871	20/01/2022	15	20/01/2022	10	HNE	-19,9	0	-24,4	0	68,0	0	20,0	0	290,0	0	1015,0	0	880,7	ERA5
1034872	20/01/2022	16	20/01/2022	11	HNE	-19,3	0	-24,3	0	65,0	0	19,0	0	290,0	0	1015,0	0	1229,2	ERA5
1034873	20/01/2022	17	20/01/2022	12	HNE	-18,5	0	-23,9	0	63,0	0	17,0	0	300,0	0	1015,0	0	1532,1	ERA5
1034874	20/01/2022	18	20/01/2022	13	HNE	-17,9	0	-23,5	0	62,0	0	16,0	0	280,0	0	1016,0	0	1614,4	ERA5
1034875	20/01/2022	19	20/01/2022	14	HNE	-17,9	0	-24,1	0	59,0	0	18,0	0	270,0	0	1015,0	0	1466,8	ERA5
1034876	20/01/2022	20	20/01/2022	15	HNE	-17,8	0	-24,2	0	58,0	0	22,0	0	280,0	0	1016,0	0	1122,6	ERA5
1034877	20/01/2022	21	20/01/2022	16	HNE	-18,9	0	-25,0	0	59,0	0	16,0	0	250,0	0	1017,0	0	631,5	ERA5
1034878	20/01/2022	22	20/01/2022	17	HNE	-19,5	0	-25,1	0	62,0	0	16,0	0	270,0	0	1017,0	0	130,1	ERA5
1034879	20/01/2022	23	20/01/2022	18	HNE	-21,1	0	-26,3	0	64,0	0	14,0	0	260,0	0	1018,0	0	0,0	ERA5
1034880	21/01/2022	00	20/01/2022	19	HNE	-20,1	0	-25,8	0	61,0	0	17,0	0	280,0	0	1018,0	0	0,0	ERA5
1034881	21/01/2022	01	20/01/2022	20	HNE	-21,9	0	-26,5	0	67,0	0	10,0	0	250,0	0	1019,0	0	0,0	ERA5
1034882	21/01/2022	02	20/01/2022	21	HNE	-23,7	0	-27,6	0	71,0	0	3,0	0	0,0	0	1020,0	0	0,0	ERA5
1034883	21/01/2022	03	20/01/2022	22	HNE	-22,0	0	-25,9	0	72,0	0	7,0	0	300,0	0	1020,0	0	0,0	ERA5
1034884	21/01/2022	04	20/01/2022	23	HNE	-23,4	0	-27,0	0	73,0	0	8,0	0	280,0	0	1021,0	0	0,0	ERA5
1034885	21/01/2022	05	21/01/2022	00	HNE	-24,8	0	-27,6	0	78,0	0	8,0	0	280,0	0	1021,0	0	0,0	ERA5
1034886	21/01/2022	06	21/01/2022	01	HNE	-24,8	0	-27,6	0	78,0	0	9,0	0	300,0	0	1021,0	0	0,0	ERA5
1034887	21/01/2022	07	21/01/2022	02	HNE	-24,7	0	-27,3	0	80,0	0	10,0	0	300,0	0	1022,0	0	0,0	ERA5
1034888	21/01/2022	08	21/01/2022	03	HNE	-25,2	0	-27,5	0	81,0	0	10,0	0	310,0	0	1022,0	0	0,0	ERA5
1034889	21/01/2022	09	21/01/2022	04	HNE	-25,9	0	-28,1	0	83,0	0	10,0	0	300,0	0	1022,0	0	0,0	ERA5
1034890	21/01/2022	10	21/01/2022	05	HNE	-26,8	0	-29,1	0	81,0	0	12,0	0	310,0	0	1023,0	0	0,0	ERA5
1034891	21/01/2022	11	21/01/2022	06	HNE	-26,5	0	-28,9	0	80,0	0	10,0	0	300,0	0	1023,0	0	0,0	ERA5
1034892	21/01/2022	12	21/01/2022	07	HNE	-27,7	0	-30,0	0	81,0	0	3,0	0	250,0	0	1024,0	0	0,0	ERA5
1034893	21/01/2022	13	21/01/2022	08	HNE	-27,9	0	-30,0	0	83,0	0	5,0	0	280,0	0	1025,0	0	20,1	ERA5
1034894	21/01/2022	14	21/01/2022	09	HNE	-27,6	0	-30,3	0	78,0	0	8,0	0	300,0	0	1025,0	0	391,8	ERA5
1034895	21/01/2022	15	21/01/2022	10	HNE	-23,4	0	-26,0	0	80,0	0	7,0	0	290,0	0	1026,0	0	922,5	ERA5
1034896	21/01/2022	16	21/01/2022	11	HNE	-21,8	0	-25,6	0	72,0	0	5,0	0	290,0	0	1026,0	0	1350,6	ERA5
1034897	21/01/2022	17	21/01/2022	12	HNE	-20,5	0	-26,0	0	62,0	0	4,0	0	330,0	0	1025,0	0	1603,2	ERA5
1034898	21/01/2022	18	21/01/2022	13	HNE	-19,4	0	-26,1	0	56,0	0	3,0	0	310,0	0	1025,0	0	1652,6	ERA5
1034899	21/01/2022	19	21/01/2022	14	HNE	-18,6	0	-25,8	0	54,0	0	3,0	0	0,0	0	1024,0	0	1492,7	ERA5
1034900	21/01/2022	20	21/01/2022	15	HNE	-18,1	0	-25,7	0	52,0	0	1,0	0	0,0	0	1024,0	0	1143,1	ERA5
1034901	21/01/2022	21	21/01/2022	16	HNE	-18,2	0	-26,0	0	51,0	0	1,0	0	0,0	0	1024,0	0	648,8	ERA5
1034902	21/01/2022	22	21/01/2022	17	HNE	-19,1	0	-26,2	0	55,0	0	1,0	0	0,0	0	1024,0	0	139,7	ERA5
1034903	21/01/2022	23	21/01/2022	18	HNE	-20,5	0	-25,9	0	63,0	0	2,0	0	0,0	0	1024,0	0	0,0	ERA5
1034904	22/01/2022	00	21/01/2022	19	HNE	-21,8	0	-26,5	0	66,0	0	3,0	0	110,0	0	1024,0	0	0,0	ERA5
1034905	22/01/2022	01	21/01/2022	20	HNE	-22,8	0	-26,8	0	70,0	0	6,0	0	140,0	0	1023,0	0	0,0	ERA5
1034906	22/01/2022	02	21/01/2022	21	HNE	-23,5	0	-26,8	0	75,0	0	3,0	0	0,0	0	1023,0	0	0,0	ERA5
1034907	22/01/2022	03	21/01/2022	22	HNE	-24,0	0	-26,9	0	77,0	0	1,0	0	0,0	0	1023,0	0	0,0	ERA5
1034908	22/01/2022	04	21/01/2022	23	HNE	-24,3	0	-27,4	0	76,0	0	6,0	0	150,0	0	1023,0	0	0,0	ERA5
1034909	22/01/2022	05	22/01/2022	00	HNE	-25,9	0	-29,9	0	70,0	0	3,0	0	70,0	0	1022,0	0	0,0	ERA5
1034910	22/01/2022	06	22/01/2022	01	HNE	-26,7	0	-29,4	0	78,0	0	7,0	0	70,0	0	1021,0	0	0,0	ERA5
1034911	22/01/2022	07	22/01/2022	02	HNE	-27,9	0	-30,4	0	79,0	0	10,0	0	50,0	0	1020,0	0	0,0	ERA5
1034912	22/01/2022	08	22/01/2022	03	HNE	-27,1	0	-29,6	0	79,0	0	12,0	0	50,0	0	1020,0	0	0,0	ERA5
1034913	22/01/2022	09	22/01/2022	04	HNE	-27,0	0	-29,5	0	80,0	0	11,0	0	50,0	0	1019,0	0	0,0	ERA5
1034914	22/01/2022	10	22/01/2022	05	HNE	-29,1	0	-31,8	0	78,0	0	8,0	0	70,0	0	1019,0	0	0,0	ERA5
1034915	22/01/2022	11	22/01/2022	06	HNE	-27,9	0	-30,2	0	81,0	0	7,0	0	70,0	0	1018,0	0	0,0	ERA5
1034916	22/01/2022	12	22/01/2022	07	HNE	-28,4	0	-30,9	0	80,0	0	7,0	0	70,0	0	1018,0	0	0,0	ERA5
1034917	22/01/2022	13	22/01/2022	08	HNE	-29,2	0	-31,9	0	78,0	0	12,0	0	40,0	0	1017,0	0	19,3	ERA5
1034918	22/01/2022	14	22/01/2022	09	HNE	-27,1	0	-29,8	0	78,0	0	12,0	0	50,0	0	1016,0	0	326,9	ERA5
1034919	22/01/2022	15	22/01/2022	10	HNE	-24,0	0	-26,6	0	79,0	0	12,0	0	90,0	0	1015,0	0	807,1	ERA5
1034920	22/01/2022	16	22/01/2022	11	HNE	-21,9	0	-25,0	0	77,0	0	13,0	0	110,0	0	1014,0	0	1122,2	ERA5
1034921	22/01/2022	17	22/01/2022	12	HNE	-20,1	0	-24,4	0	69,0	0	7,0	0	110,0	0	1012,0	0	1202,8	ERA5
1034922	22/01/2022	18	22/01/2022	13	HNE	-18,9	0	-23,9	0	65,0	0	11,0	0	70,0	0	1010,0	0	1205,5	ERA5
1034923	22/01/2022	19	22/01/2022	14	HNE	-18,1	0	-23,3	0	65,0	0	13,0	0	70,0	0	1009,0	0	1047,9	ERA5
1034924	22/01/2022	20	22/01/2022	15	HNE	-17,7	0	-22,9	0	64,0	0	21,0	0	90,0	0	1007,0	0	760,6	ERA5
1034925	22/01/2022	21	22/01/2022	16	HNE	-17,4	0	-22,6	0	65,0	0	18,0	0	90,0	0	1005,0	0	398,2	ERA5
1034926	22/01/2022	22	22/01/2022	17	HNE	-16,8	0	-22,2	0	63,0	0	18,0	0	80,0	0	1003,0	0	98,9	ERA5
1034927	22/01/2022	23	22/01/2022	18	HNE	-17,1	0	-22,0	0	66,0	0	14,0	0	100,0	0	1002,0	0	0,0	ERA5
1034928	23/01/2022	00	22/01/2022	19	HNE	-17,1	0	-21,6	0	69,0	0	10,0	0	60,0	0	1002,0	0	0,0	ERA5
1034929	23/01/2022	01	22/01/2022	20	HNE	-17,9	0	-21,9	0	71,0	0	12,0	0	60,0	0	1000,0	0	0,0	ERA5
1034930	23/01/2022	02	22/01/2022	21	HNE	-17,6	0	-21,3	0	73,0	0	10,0	0	80,0	0	999,0	0	0,0	ERA5
1034931	23/01/2022	03	22/01/2022	22	HNE	-17,9	0	-21,2	0	76,0	0	9,0	0	50,0	0	998,0	0	0,0	ERA5
1034932	23/01/2022	04	22/01/2022	23	HNE	-17,2	0	-20,3	0	77,0	0	9,0	0	80,0	0	997,0	0	0,0	ERA5
1034933	23/01/2022	05	23/01/2022	00	HNE	-16,9	0	-20,0	0	77,0	0	8,0	0	50,0	0	996,0	0	0,0	ERA5
1034934	23/01/2022	06	23/01/2022	01	HNE	-18,1	0	-21,0	0	78,0	0	10,0	0	40,0	0	995,0	0	0,0	ERA5
1034935	23/01/2022	07	23/01/2022	02	HNE	-19,2	0	-21,9	0	79,0	0	12,0	0	40,0	0	994,0	0	0,0	ERA5
1034936	23/01/2022	08	23/01/2022	03	HNE	-19,2	0	-21,8	0	80,0	0	10,0	0	30,0	0	994,0	0	0,0	ERA5
1034937	23/01/2022	09	23/01/2022	04	HNE	-20,1	0	-22,4	0	82,0	0	12,0	0	30,0	0	994,0	0	0,0	ERA5
1034938	23/01/2022	10	23/01/2022	05	HNE	-18,7	0	-20,9	0	83,0	0	4,0	0	40,0	0	994,0	0	0,0	ERA5
1034939	23/01/2022	11	23/01/2022	06	HNE	-18,1	0	-20,1	0	84,0	0	5,0	0	300,0	0	995,0	0	0,0	ERA5
1034940	23/01/2022	12	23/01/2022	07	HNE	-17,4	0	-19,4	0	85,0	0	13,0	0	280,0	0	995,0	0	0,0	ERA5
1034941	23/01/2022	13	23/01/2022	08	HNE	-12,3	0	-15,9	0	75,0	0	21,0	0	290,0	0	995,0	0	20,1	ERA5
1034942	23/01/2022	14	23/01/2022	09	HNE	-11,9	0	-16,0	0	72,0	0	21,0	0	290,0	0	996,0	0	255,0	ERA5
1034943	23/01/2022	15	23/01/2022	10	HNE	-12,8	0	-16,9	0	72,0	0	23,0	0	290,0	0	996,0	0	612,1	ERA5
1034944	23/01/2022	16	23/01/2022	11	HNE	-14,9	0	-20,4	0	63,0	0	16,0	0	300,0	0	996,0	0	960,5	ERA5
1034945	23/01/2022	17	23/01/2022	12	HNE	-13,4	0	-20,4	0	56,0	0	27,0	0	280,0	0	996,0	0	1332,0	ERA5
1034946	23/01/2022	18	23/01/2022	13	HNE	-13,3	0	-20,5	0	55,0	0	21,0	0	290,0	0	996,0	0	1580,4	ERA5
1034947	23/01/2022	19	23/01/2022	14	HNE	-13,8	0	-20,9	0	56,0	0	16,0	0	260,0	0	996,0	0	1495,6	ERA5
1034948	23/01/2022	20	23/01/2022	15	HNE	-14,3	0	-21,4	0	56,0	0	18,0	0	250,0	0	996,0	0	1157,5	ERA5
1034949	23/01/2022	21	23/01/2022	16	HNE	-15,3	0	-22,2	0	56,0	0	13,0	0	250,0	0	996,0	0	683,0	ERA5
1034950	23/01/2022	22	23/01/2022	17	HNE	-16,6	0	-23,3	0	57,0	0	10,0	0	270,0	0	997,0	0	160,8	ERA5
1034951	23/01/2022	23	23/01/2022	18	HNE	-17,1	0	-23,3	0	59,0	0	16,0	0	290,0	0	997,0	0	0,0	ERA5
1034952	24/01/2022	00	23/01/2022	19	HNE	-19,1	0	-24,3	0	64,0	0	18,0	0	310,0	0	998,0	0	0,0	ERA5
1034953	24/01/2022	01	23/01/2022	20	HNE	-20,1	0	-25,2	0	65,0	0	17,0	0	310,0	0	998,0	0	0,0	ERA5
1034954	24/01/2022	02	23/01/2022	21	HNE	-20,4	0	-24,5	0	70,0	0	13,0	0	320,0	0	998,0	0	0,0	ERA5
1034955	24/01/2022	03	23/01/2022	22	HNE	-18,7	0	-23,6	0	66,0	0	13,0	0	330,0	0	999,0	0	0,0	ERA5
1034956	24/01/2022	04	23/01/2022	23	HNE	-21,9	0	-25,5	0	73,0	0	11,0	0	330,0	0	998,0	0	0,0	ERA5
1034957	24/01/2022	05	24/01/2022	00	HNE	-22,4	0	-24,9	0	81,0	0	9,0	0	210,0	0	999,0	0	0,0	ERA5
1034958	24/01/2022	06	24/01/2022	01	HNE	-22,8	0	-25,0	0	83,0	0	9,0	0	220,0	0	999,0	0	0,0	ERA5
1034959	24/01/2022	07	24/01/2022	02	HNE	-23,8	0	-26,3	0	80,0	0	7,0	0	220,0	0	999,0	0	0,0	ERA5
1034960	24/01/2022	08	24/01/2022	03	HNE	-25,1	0	-27,3	0	82,0	0	5,0	0	230,0	0	999,0	0	0,0	ERA5
1034961	24/01/2022	09	24/01/2022	04	HNE	-24,8	0	-26,9	0	83,0	0	6,0	0	220,0	0	999,0	0	0,0	ERA5
1034962	24/01/2022	10	24/01/2022	05	HNE	-24,1	0	-26,2	0	83,0	0	3,0	0	260,0	0	999,0	0	0,0	ERA5
1034963	24/01/2022	11	24/01/2022	06	HNE	-26,9	0	-28,9	0	84,0	0	4,0	0	160,0	0	999,0	0	0,0	ERA5
1034964	24/01/2022	12	24/01/2022	07	HNE	-28,2	0	-30,8	0	79,0	0	6,0	0	70,0	0	999,0	0	0,0	ERA5
1034965	24/01/2022	13	24/01/2022	08	HNE	-27,7	0	-30,1	0	81,0	0	5,0	0	240,0	0	1000,0	0	25,3	ERA5
1034966	24/01/2022	14	24/01/2022	09	HNE	-25,0	0	-27,5	0	80,0	0	9,0	0	150,0	0	1000,0	0	392,0	ERA5
1034967	24/01/2022	15	24/01/2022	10	HNE	-21,8	0	-25,0	0	76,0	0	4,0	0	200,0	0	1001,0	0	914,0	ERA5
1034968	24/01/2022	16	24/01/2022	11	HNE	-19,4	0	-23,2	0	72,0	0	5,0	0	120,0	0	1000,0	0	1140,3	ERA5
1034969	24/01/2022	17	24/01/2022	12	HNE	-17,1	0	-22,4	0	64,0	0	10,0	0	60,0	0	999,0	0	1302,4	ERA5
1034970	24/01/2022	18	24/01/2022	13	HNE	-15,9	0	-21,9	0	60,0	0	14,0	0	100,0	0	997,0	0	1159,1	ERA5
1034971	24/01/2022	19	24/01/2022	14	HNE	-15,9	0	-21,5	0	62,0	0	10,0	0	70,0	0	997,0	0	1258,5	ERA5
1034972	24/01/2022	20	24/01/2022	15	HNE	-14,7	0	-20,5	0	62,0	0	13,0	0	70,0	0	997,0	0	883,3	ERA5
1034973	24/01/2022	21	24/01/2022	16	HNE	-14,7	0	-19,7	0	66,0	0	11,0	0	80,0	0	997,0	0	426,6	ERA5
1034974	24/01/2022	22	24/01/2022	17	HNE	-14,4	0	-19,3	0	67,0	0	10,0	0	50,0	0	997,0	0	95,0	ERA5
1034975	24/01/2022	23	24/01/2022	18	HNE	-15,4	0	-18,9	0	75,0	0	12,0	0	60,0	0	997,0	0	0,0	ERA5
1034976	25/01/2022	00	24/01/2022	19	HNE	-15,4	0	-18,2	0	80,0	0	12,0	0	70,0	0	997,0	0	0,0	ERA5
1034977	25/01/2022	01	24/01/2022	20	HNE	-15,3	0	-17,7	0	82,0	0	14,0	0	80,0	0	996,0	0	0,0	ERA5
1034978	25/01/2022	02	24/01/2022	21	HNE	-15,2	0	-17,7	0	82,0	0	15,0	0	70,0	0	996,0	0	0,0	ERA5
1034979	25/01/2022	03	24/01/2022	22	HNE	-15,3	0	-17,6	0	83,0	0	14,0	0	60,0	0	996,0	0	0,0	ERA5
1034980	25/01/2022	04	24/01/2022	23	HNE	-15,6	0	-17,7	0	84,0	0	14,0	0	70,0	0	996,0	0	0,0	ERA5
1034981	25/01/2022	05	25/01/2022	00	HNE	-15,4	0	-17,5	0	84,0	0	13,0	0	60,0	0	995,0	0	0,0	ERA5
1034982	25/01/2022	06	25/01/2022	01	HNE	-15,4	0	-17,4	0	85,0	0	12,0	0	60,0	0	995,0	0	0,0	ERA5
1034983	25/01/2022	07	25/01/2022	02	HNE	-15,3	0	-17,4	0	84,0	0	11,0	0	60,0	0	995,0	0	0,0	ERA5
1034984	25/01/2022	08	25/01/2022	03	HNE	-15,3	0	-17,5	0	84,0	0	13,0	0	60,0	0	995,0	0	0,0	ERA5
1034985	25/01/2022	09	25/01/2022	04	HNE	-15,6	0	-17,7	0	84,0	0	11,0	0	60,0	0	995,0	0	0,0	ERA5
1034986	25/01/2022	10	25/01/2022	05	HNE	-15,5	0	-17,6	0	84,0	0	8,0	0	60,0	0	995,0	0	0,0	ERA5
1034987	25/01/2022	11	25/01/2022	06	HNE	-15,3	0	-17,5	0	84,0	0	9,0	0	70,0	0	996,0	0	0,0	ERA5
1034988	25/01/2022	12	25/01/2022	07	HNE	-15,4	0	-17,5	0	84,0	0	8,0	0	50,0	0	997,0	0	0,0	ERA5
1034989	25/01/2022	13	25/01/2022	08	HNE	-15,5	0	-17,6	0	84,0	0	7,0	0	20,0	0	997,0	0	21,0	ERA5
1034990	25/01/2022	14	25/01/2022	09	HNE	-14,9	0	-17,5	0	81,0	0	5,0	0	360,0	0	999,0	0	306,4	ERA5
1034991	25/01/2022	15	25/01/2022	10	HNE	-14,3	0	-17,1	0	80,0	0	9,0	0	310,0	0	1000,0	0	659,6	ERA5
1034992	25/01/2022	16	25/01/2022	11	HNE	-12,8	0	-16,3	0	76,0	0	15,0	0	290,0	0	1000,0	0	1013,3	ERA5
1034993	25/01/2022	17	25/01/2022	12	HNE	-12,0	0	-16,0	0	73,0	0	21,0	0	300,0	0	1000,0	0	1426,4	ERA5
1034994	25/01/2022	18	25/01/2022	13	HNE	-11,0	0	-15,6	0	69,0	0	21,0	0	290,0	0	1001,0	0	1519,7	ERA5
1034995	25/01/2022	19	25/01/2022	14	HNE	-10,5	0	-15,3	0	68,0	0	22,0	0	280,0	0	1002,0	0	1438,6	ERA5
1034996	25/01/2022	20	25/01/2022	15	HNE	-10,6	0	-16,2	0	64,0	0	23,0	0	290,0	0	1003,0	0	1029,9	ERA5
1034997	25/01/2022	21	25/01/2022	16	HNE	-11,4	0	-17,5	0	61,0	0	25,0	0	280,0	0	1004,0	0	576,5	ERA5
1034998	25/01/2022	22	25/01/2022	17	HNE	-12,8	0	-18,8	0	61,0	0	22,0	0	280,0	0	1005,0	0	169,9	ERA5
1034999	25/01/2022	23	25/01/2022	18	HNE	-14,3	0	-19,7	0	64,0	0	23,0	0	300,0	0	1006,0	0	0,0	ERA5
1035000	26/01/2022	00	25/01/2022	19	HNE	-15,7	0	-20,9	0	65,0	0	20,0	0	310,0	0	1007,0	0	0,0	ERA5
1035001	26/01/2022	01	25/01/2022	20	HNE	-15,0	0	-20,5	0	64,0	0	23,0	0	340,0	0	1007,0	0	0,0	ERA5
1035002	26/01/2022	02	25/01/2022	21	HNE	-15,8	0	-21,4	0	63,0	0	22,0	0	330,0	0	1008,0	0	0,0	ERA5
1035003	26/01/2022	03	25/01/2022	22	HNE	-17,2	0	-22,0	0	67,0	0	19,0	0	320,0	0	1009,0	0	0,0	ERA5
1035004	26/01/2022	04	25/01/2022	23	HNE	-18,0	0	-23,0	0	65,0	0	20,0	0	330,0	0	1010,0	0	0,0	ERA5
1035005	26/01/2022	05	26/01/2022	00	HNE	-19,1	0	-23,7	0	67,0	0	16,0	0	330,0	0	1010,0	0	0,0	ERA5
1035006	26/01/2022	06	26/01/2022	01	HNE	-20,3	0	-24,6	0	69,0	0	11,0	0	330,0	0	1011,0	0	0,0	ERA5
1035007	26/01/2022	07	26/01/2022	02	HNE	-22,0	0	-25,9	0	72,0	0	10,0	0	320,0	0	1011,0	0	0,0	ERA5
1035008	26/01/2022	08	26/01/2022	03	HNE	-22,6	0	-26,6	0	71,0	0	16,0	0	320,0	0	1012,0	0	0,0	ERA5
1035009	26/01/2022	09	26/01/2022	04	HNE	-23,1	0	-26,4	0	75,0	0	10,0	0	330,0	0	1013,0	0	0,0	ERA5
1035010	26/01/2022	10	26/01/2022	05	HNE	-23,3	0	-26,6	0	75,0	0	11,0	0	330,0	0	1013,0	0	0,0	ERA5
1035011	26/01/2022	11	26/01/2022	06	HNE	-24,7	0	-26,7	0	84,0	0	7,0	0	290,0	0	1014,0	0	0,0	ERA5
1035012	26/01/2022	12	26/01/2022	07	HNE	-27,3	0	-29,5	0	82,0	0	11,0	0	300,0	0	1015,0	0	0,0	ERA5
1035013	26/01/2022	13	26/01/2022	08	HNE	-26,5	0	-28,5	0	83,0	0	10,0	0	300,0	0	1016,0	0	31,6	ERA5
1035014	26/01/2022	14	26/01/2022	09	HNE	-25,7	0	-28,0	0	81,0	0	12,0	0	310,0	0	1017,0	0	440,6	ERA5
1035015	26/01/2022	15	26/01/2022	10	HNE	-22,7	0	-25,7	0	77,0	0	9,0	0	300,0	0	1017,0	0	986,4	ERA5
1035016	26/01/2022	16	26/01/2022	11	HNE	-20,8	0	-25,6	0	66,0	0	6,0	0	290,0	0	1018,0	0	1427,6	ERA5
1035017	26/01/2022	17	26/01/2022	12	HNE	-19,5	0	-26,1	0	57,0	0	5,0	0	300,0	0	1017,0	0	1693,1	ERA5
1035018	26/01/2022	18	26/01/2022	13	HNE	-19,0	0	-25,8	0	56,0	0	9,0	0	240,0	0	1017,0	0	1752,0	ERA5
1035019	26/01/2022	19	26/01/2022	14	HNE	-18,3	0	-26,2	0	51,0	0	7,0	0	260,0	0	1016,0	0	1597,6	ERA5
1035020	26/01/2022	20	26/01/2022	15	HNE	-18,0	0	-25,7	0	52,0	0	9,0	0	240,0	0	1017,0	0	1246,1	ERA5
1035021	26/01/2022	21	26/01/2022	16	HNE	-18,0	0	-25,9	0	51,0	0	3,0	0	220,0	0	1017,0	0	741,3	ERA5
1035022	26/01/2022	22	26/01/2022	17	HNE	-20,3	0	-27,9	0	52,0	0	5,0	0	220,0	0	1017,0	0	195,3	ERA5
1035023	26/01/2022	23	26/01/2022	18	HNE	-20,3	0	-26,5	0	59,0	0	7,0	0	160,0	0	1017,0	0	0,0	ERA5
1035024	27/01/2022	00	26/01/2022	19	HNE	-22,3	0	-27,0	0	66,0	0	9,0	0	160,0	0	1017,0	0	0,0	ERA5
1035025	27/01/2022	01	26/01/2022	20	HNE	-21,5	0	-27,2	0	61,0	0	9,0	0	140,0	0	1017,0	0	0,0	ERA5
1035026	27/01/2022	02	26/01/2022	21	HNE	-22,3	0	-27,5	0	63,0	0	9,0	0	140,0	0	1016,0	0	0,0	ERA5
1035027	27/01/2022	03	26/01/2022	22	HNE	-21,8	0	-26,5	0	66,0	0	11,0	0	150,0	0	1016,0	0	0,0	ERA5
1035028	27/01/2022	04	26/01/2022	23	HNE	-23,5	0	-27,7	0	69,0	0	12,0	0	150,0	0	1016,0	0	0,0	ERA5
1035029	27/01/2022	05	27/01/2022	00	HNE	-23,0	0	-27,1	0	70,0	0	10,0	0	130,0	0	1015,0	0	0,0	ERA5
1035030	27/01/2022	06	27/01/2022	01	HNE	-23,4	0	-26,9	0	73,0	0	10,0	0	90,0	0	1014,0	0	0,0	ERA5
1035031	27/01/2022	07	27/01/2022	02	HNE	-24,7	0	-28,2	0	73,0	0	12,0	0	50,0	0	1014,0	0	0,0	ERA5
1035032	27/01/2022	08	27/01/2022	03	HNE	-24,0	0	-27,4	0	74,0	0	11,0	0	70,0	0	1013,0	0	0,0	ERA5
1035033	27/01/2022	09	27/01/2022	04	HNE	-24,2	0	-27,5	0	75,0	0	9,0	0	70,0	0	1012,0	0	0,0	ERA5
1035034	27/01/2022	10	27/01/2022	05	HNE	-24,6	0	-27,8	0	75,0	0	8,0	0	60,0	0	1012,0	0	0,0	ERA5
1035035	27/01/2022	11	27/01/2022	06	HNE	-22,4	0	-25,3	0	78,0	0	12,0	0	100,0	0	1010,0	0	0,0	ERA5
1035036	27/01/2022	12	27/01/2022	07	HNE	-22,3	0	-25,1	0	78,0	0	13,0	0	70,0	0	1010,0	0	0,0	ERA5
1035037	27/01/2022	13	27/01/2022	08	HNE	-20,8	0	-23,6	0	79,0	0	8,0	0	70,0	0	1009,0	0	23,0	ERA5
1035038	27/01/2022	14	27/01/2022	09	HNE	-19,5	0	-22,4	0	78,0	0	9,0	0	90,0	0	1008,0	0	296,0	ERA5
1035039	27/01/2022	15	27/01/2022	10	HNE	-11,8	0	-14,6	0	80,0	0	15,0	0	170,0	0	1007,0	0	585,0	ERA5
1035040	27/01/2022	16	27/01/2022	11	HNE	-10,2	0	-13,9	0	74,0	0	26,0	0	170,0	0	1006,0	0	918,3	ERA5
1035041	27/01/2022	17	27/01/2022	12	HNE	-8,9	0	-12,7	0	74,0	0	22,0	0	180,0	0	1005,0	0	1296,3	ERA5
1035042	27/01/2022	18	27/01/2022	13	HNE	-7,4	0	-11,6	0	72,0	0	28,0	0	170,0	0	1003,0	0	1222,4	ERA5
1035043	27/01/2022	19	27/01/2022	14	HNE	-6,8	0	-11,2	0	71,0	0	21,0	0	190,0	0	1003,0	0	730,0	ERA5
1035044	27/01/2022	20	27/01/2022	15	HNE	-6,5	0	-11,1	0	70,0	0	24,0	0	200,0	0	1002,0	0	500,4	ERA5
1035045	27/01/2022	21	27/01/2022	16	HNE	-6,4	0	-11,7	0	66,0	0	19,0	0	190,0	0	1002,0	0	276,7	ERA5
1035046	27/01/2022	22	27/01/2022	17	HNE	-5,9	0	-11,5	0	65,0	0	19,0	0	200,0	0	1002,0	0	66,0	ERA5
1035047	27/01/2022	23	27/01/2022	18	HNE	-5,9	0	-10,4	0	70,0	0	18,0	0	200,0	0	1002,0	0	0,0	ERA5
1035048	28/01/2022	00	27/01/2022	19	HNE	-6,2	0	-8,2	0	86,0	0	18,0	0	190,0	0	1002,0	0	0,0	ERA5
1035049	28/01/2022	01	27/01/2022	20	HNE	-6,0	0	-7,3	0	91,0	0	14,0	0	190,0	0	1001,0	0	0,0	ERA5
1035050	28/01/2022	02	27/01/2022	21	HNE	-4,8	0	-6,1	0	91,0	0	17,0	0	200,0	0	1001,0	0	0,0	ERA5
1035051	28/01/2022	03	27/01/2022	22	HNE	-4,3	0	-6,1	0	87,0	0	19,0	0	210,0	0	1001,0	0	0,0	ERA5
1035052	28/01/2022	04	27/01/2022	23	HNE	-4,2	0	-5,9	0	88,0	0	18,0	0	220,0	0	1001,0	0	0,0	ERA5
1035053	28/01/2022	05	28/01/2022	00	HNE	-4,4	0	-5,8	0	90,0	0	16,0	0	230,0	0	1001,0	0	0,0	ERA5
1035054	28/01/2022	06	28/01/2022	01	HNE	-4,4	0	-6,6	0	85,0	0	21,0	0	250,0	0	1001,0	0	0,0	ERA5
1035055	28/01/2022	07	28/01/2022	02	HNE	-5,3	0	-7,1	0	87,0	0	31,0	0	280,0	0	1002,0	0	0,0	ERA5
1035056	28/01/2022	08	28/01/2022	03	HNE	-9,4	0	-12,9	0	76,0	0	27,0	0	330,0	0	1004,0	0	0,0	ERA5
1035057	28/01/2022	09	28/01/2022	04	HNE	-12,1	0	-15,4	0	76,0	0	36,0	0	320,0	0	1005,0	0	0,0	ERA5
1035058	28/01/2022	10	28/01/2022	05	HNE	-14,8	0	-18,6	0	73,0	0	39,0	0	330,0	0	1007,0	0	0,0	ERA5
1035059	28/01/2022	11	28/01/2022	06	HNE	-16,7	0	-21,3	0	68,0	0	32,0	0	330,0	0	1008,0	0	0,0	ERA5
1035060	28/01/2022	12	28/01/2022	07	HNE	-17,9	0	-22,8	0	66,0	0	30,0	0	330,0	0	1009,0	0	0,0	ERA5
1035061	28/01/2022	13	28/01/2022	08	HNE	-19,1	0	-24,4	0	64,0	0	18,0	0	320,0	0	1011,0	0	33,9	ERA5
1035062	28/01/2022	14	28/01/2022	09	HNE	-19,1	0	-24,3	0	64,0	0	19,0	0	320,0	0	1011,0	0	432,1	ERA5
1035063	28/01/2022	15	28/01/2022	10	HNE	-18,2	0	-24,5	0	58,0	0	21,0	0	350,0	0	1012,0	0	981,1	ERA5
1035064	28/01/2022	16	28/01/2022	11	HNE	-17,5	0	-24,3	0	56,0	0	16,0	0	330,0	0	1012,0	0	1428,6	ERA5
1035065	28/01/2022	17	28/01/2022	12	HNE	-17,1	0	-24,3	0	54,0	0	11,0	0	310,0	0	1012,0	0	1716,0	ERA5
1035066	28/01/2022	18	28/01/2022	13	HNE	-16,0	0	-23,5	0	53,0	0	14,0	0	310,0	0	1012,0	0	1799,6	ERA5
1035067	28/01/2022	19	28/01/2022	14	HNE	-15,3	0	-23,6	0	50,0	0	14,0	0	320,0	0	1011,0	0	1637,1	ERA5
1035068	28/01/2022	20	28/01/2022	15	HNE	-15,1	0	-23,8	0	48,0	0	10,0	0	320,0	0	1011,0	0	1282,7	ERA5
1035069	28/01/2022	21	28/01/2022	16	HNE	-15,2	0	-23,3	0	51,0	0	16,0	0	320,0	0	1011,0	0	771,4	ERA5
1035070	28/01/2022	22	28/01/2022	17	HNE	-16,1	0	-23,9	0	52,0	0	16,0	0	330,0	0	1012,0	0	219,5	ERA5
1035071	28/01/2022	23	28/01/2022	18	HNE	-17,5	0	-24,1	0	57,0	0	17,0	0	330,0	0	1012,0	0	0,0	ERA5
1035072	29/01/2022	00	28/01/2022	19	HNE	-18,4	0	-24,4	0	60,0	0	14,0	0	330,0	0	1013,0	0	0,0	ERA5
1035073	29/01/2022	01	28/01/2022	20	HNE	-18,5	0	-24,6	0	60,0	0	17,0	0	340,0	0	1013,0	0	0,0	ERA5
1035074	29/01/2022	02	28/01/2022	21	HNE	-19,1	0	-24,8	0	61,0	0	16,0	0	350,0	0	1013,0	0	0,0	ERA5
1035075	29/01/2022	03	28/01/2022	22	HNE	-19,7	0	-25,2	0	62,0	0	16,0	0	360,0	0	1013,0	0	0,0	ERA5
1035076	29/01/2022	04	28/01/2022	23	HNE	-21,0	0	-25,7	0	67,0	0	9,0	0	360,0	0	1013,0	0	0,0	ERA5
1035077	29/01/2022	05	29/01/2022	00	HNE	-21,0	0	-25,3	0	69,0	0	11,0	0	360,0	0	1013,0	0	0,0	ERA5
1035078	29/01/2022	06	29/01/2022	01	HNE	-21,4	0	-25,1	0	72,0	0	13,0	0	10,0	0	1013,0	0	0,0	ERA5
1035079	29/01/2022	07	29/01/2022	02	HNE	-22,0	0	-25,7	0	73,0	0	14,0	0	10,0	0	1013,0	0	0,0	ERA5
1035080	29/01/2022	08	29/01/2022	03	HNE	-22,4	0	-25,5	0	76,0	0	11,0	0	10,0	0	1012,0	0	0,0	ERA5
1035081	29/01/2022	09	29/01/2022	04	HNE	-21,9	0	-25,6	0	73,0	0	20,0	0	350,0	0	1010,0	0	0,0	ERA5
1035082	29/01/2022	10	29/01/2022	05	HNE	-22,7	0	-26,2	0	74,0	0	9,0	0	10,0	0	1011,0	0	0,0	ERA5
1035083	29/01/2022	11	29/01/2022	06	HNE	-23,4	0	-26,5	0	76,0	0	10,0	0	330,0	0	1010,0	0	0,0	ERA5
1035084	29/01/2022	12	29/01/2022	07	HNE	-24,1	0	-26,8	0	79,0	0	13,0	0	340,0	0	1010,0	0	0,0	ERA5
1035085	29/01/2022	13	29/01/2022	08	HNE	-23,2	0	-26,6	0	74,0	0	18,0	0	350,0	0	1010,0	0	38,0	ERA5
1035086	29/01/2022	14	29/01/2022	09	HNE	-22,2	0	-26,2	0	71,0	0	16,0	0	340,0	0	1009,0	0	464,0	ERA5
1035087	29/01/2022	15	29/01/2022	10	HNE	-19,9	0	-25,0	0	65,0	0	13,0	0	360,0	0	1009,0	0	1044,0	ERA5
1035088	29/01/2022	16	29/01/2022	11	HNE	-18,1	0	-23,6	0	63,0	0	11,0	0	360,0	0	1009,0	0	1486,6	ERA5
1035089	29/01/2022	17	29/01/2022	12	HNE	-17,0	0	-22,6	0	62,0	0	19,0	0	320,0	0	1007,0	0	1748,9	ERA5
1035090	29/01/2022	18	29/01/2022	13	HNE	-16,0	0	-22,9	0	56,0	0	11,0	0	280,0	0	1005,0	0	1808,5	ERA5
1035091	29/01/2022	19	29/01/2022	14	HNE	-14,6	0	-22,1	0	54,0	0	17,0	0	280,0	0	1004,0	0	1638,6	ERA5
1035092	29/01/2022	20	29/01/2022	15	HNE	-13,6	0	-21,9	0	50,0	0	12,0	0	300,0	0	1003,0	0	1242,7	ERA5
1035093	29/01/2022	21	29/01/2022	16	HNE	-13,1	0	-23,1	0	43,0	0	24,0	0	320,0	0	1002,0	0	722,6	ERA5
1035094	29/01/2022	22	29/01/2022	17	HNE	-14,0	0	-23,4	0	46,0	0	27,0	0	320,0	0	1002,0	0	209,3	ERA5
1035095	29/01/2022	23	29/01/2022	18	HNE	-14,0	0	-24,5	0	42,0	0	28,0	0	330,0	0	1001,0	0	0,0	ERA5
1035096	30/01/2022	00	29/01/2022	19	HNE	-15,8	0	-23,8	0	51,0	0	21,0	0	320,0	0	1001,0	0	0,0	ERA5
1035097	30/01/2022	01	29/01/2022	20	HNE	-14,8	0	-24,1	0	46,0	0	31,0	0	330,0	0	1000,0	0	0,0	ERA5
1035098	30/01/2022	02	29/01/2022	21	HNE	-15,3	0	-24,0	0	48,0	0	23,0	0	330,0	0	1000,0	0	0,0	ERA5
1035099	30/01/2022	03	29/01/2022	22	HNE	-18,7	0	-24,6	0	60,0	0	18,0	0	310,0	0	999,0	0	0,0	ERA5
1035100	30/01/2022	04	29/01/2022	23	HNE	-16,4	0	-23,1	0	57,0	0	25,0	0	320,0	0	999,0	0	0,0	ERA5
1035101	30/01/2022	05	30/01/2022	00	HNE	-16,8	0	-23,4	0	57,0	0	22,0	0	330,0	0	999,0	0	0,0	ERA5
1035102	30/01/2022	06	30/01/2022	01	HNE	-19,7	0	-24,6	0	66,0	0	20,0	0	300,0	0	998,0	0	0,0	ERA5
1035103	30/01/2022	07	30/01/2022	02	HNE	-20,2	0	-25,3	0	65,0	0	18,0	0	300,0	0	998,0	0	0,0	ERA5
1035104	30/01/2022	08	30/01/2022	03	HNE	-21,4	0	-25,6	0	69,0	0	17,0	0	300,0	0	999,0	0	0,0	ERA5
1035105	30/01/2022	09	30/01/2022	04	HNE	-19,8	0	-24,3	0	68,0	0	22,0	0	300,0	0	999,0	0	0,0	ERA5
1035106	30/01/2022	10	30/01/2022	05	HNE	-20,0	0	-24,3	0	69,0	0	15,0	0	290,0	0	999,0	0	0,0	ERA5
1035107	30/01/2022	11	30/01/2022	06	HNE	-20,4	0	-24,4	0	71,0	0	17,0	0	300,0	0	999,0	0	0,0	ERA5
1035108	30/01/2022	12	30/01/2022	07	HNE	-21,3	0	-24,7	0	75,0	0	13,0	0	300,0	0	1000,0	0	0,0	ERA5
1035109	30/01/2022	13	30/01/2022	08	HNE	-20,6	0	-23,6	0	77,0	0	13,0	0	280,0	0	1000,0	0	44,4	ERA5
1035110	30/01/2022	14	30/01/2022	09	HNE	-18,7	0	-22,4	0	73,0	0	17,0	0	280,0	0	1001,0	0	477,8	ERA5
1035111	30/01/2022	15	30/01/2022	10	HNE	-17,1	0	-21,5	0	69,0	0	11,0	0	290,0	0	1001,0	0	1025,6	ERA5
1035112	30/01/2022	16	30/01/2022	11	HNE	-15,2	0	-20,3	0	65,0	0	13,0	0	290,0	0	1001,0	0	1464,6	ERA5
1035113	30/01/2022	17	30/01/2022	12	HNE	-13,3	0	-19,6	0	60,0	0	8,0	0	260,0	0	1001,0	0	1721,1	ERA5
1035114	30/01/2022	18	30/01/2022	13	HNE	-11,2	0	-18,4	0	56,0	0	17,0	0	240,0	0	1000,0	0	1776,8	ERA5
1035115	30/01/2022	19	30/01/2022	14	HNE	-10,6	0	-18,6	0	52,0	0	14,0	0	270,0	0	1000,0	0	1622,9	ERA5
1035116	30/01/2022	20	30/01/2022	15	HNE	-10,3	0	-17,8	0	55,0	0	8,0	0	250,0	0	1001,0	0	1281,3	ERA5
1035117	30/01/2022	21	30/01/2022	16	HNE	-10,3	0	-18,1	0	54,0	0	9,0	0	200,0	0	1001,0	0	697,3	ERA5
1035118	30/01/2022	22	30/01/2022	17	HNE	-10,3	0	-18,3	0	52,0	0	5,0	0	220,0	0	1002,0	0	192,4	ERA5
1035119	30/01/2022	23	30/01/2022	18	HNE	-11,4	0	-18,4	0	57,0	0	6,0	0	210,0	0	1002,0	0	0,1	ERA5
1035120	31/01/2022	00	30/01/2022	19	HNE	-11,7	0	-18,2	0	59,0	0	6,0	0	210,0	0	1003,0	0	0,0	ERA5
1035121	31/01/2022	01	30/01/2022	20	HNE	-12,8	0	-18,4	0	64,0	0	11,0	0	190,0	0	1003,0	0	0,0	ERA5
1035122	31/01/2022	02	30/01/2022	21	HNE	-13,3	0	-17,3	0	72,0	0	13,0	0	220,0	0	1004,0	0	0,0	ERA5
1035123	31/01/2022	03	30/01/2022	22	HNE	-13,9	0	-16,9	0	78,0	0	10,0	0	210,0	0	1005,0	0	0,0	ERA5
1035124	31/01/2022	04	30/01/2022	23	HNE	-14,6	0	-17,2	0	81,0	0	9,0	0	190,0	0	1005,0	0	0,0	ERA5
1035125	31/01/2022	05	31/01/2022	00	HNE	-15,3	0	-17,4	0	84,0	0	10,0	0	190,0	0	1005,0	0	0,0	ERA5
1035126	31/01/2022	06	31/01/2022	01	HNE	-17,4	0	-18,8	0	89,0	0	5,0	0	210,0	0	1005,0	0	0,0	ERA5
1035127	31/01/2022	07	31/01/2022	02	HNE	-17,2	0	-18,8	0	88,0	0	7,0	0	220,0	0	1006,0	0	0,0	ERA5
1035128	31/01/2022	08	31/01/2022	03	HNE	-17,5	0	-19,1	0	87,0	0	10,0	0	200,0	0	1006,0	0	0,0	ERA5
1035129	31/01/2022	09	31/01/2022	04	HNE	-18,4	0	-20,4	0	85,0	0	3,0	0	220,0	0	1007,0	0	0,0	ERA5
1035130	31/01/2022	10	31/01/2022	05	HNE	-17,2	0	-19,1	0	85,0	0	4,0	0	180,0	0	1008,0	0	0,0	ERA5
1035131	31/01/2022	11	31/01/2022	06	HNE	-16,7	0	-18,6	0	85,0	0	4,0	0	220,0	0	1008,0	0	0,0	ERA5
1035132	31/01/2022	12	31/01/2022	07	HNE	-16,3	0	-18,1	0	86,0	0	5,0	0	180,0	0	1009,0	0	0,0	ERA5
1035133	31/01/2022	13	31/01/2022	08	HNE	-16,1	0	-17,9	0	86,0	0	5,0	0	220,0	0	1010,0	0	42,4	ERA5
1035134	31/01/2022	14	31/01/2022	09	HNE	-15,2	0	-17,0	0	86,0	0	3,0	0	0,0	0	1011,0	0	421,8	ERA5
1035135	31/01/2022	15	31/01/2022	10	HNE	-13,6	0	-15,4	0	86,0	0	1,0	0	0,0	0	1012,0	0	944,4	ERA5
1035136	31/01/2022	16	31/01/2022	11	HNE	-11,1	0	-15,3	0	72,0	0	7,0	0	30,0	0	1012,0	0	1391,7	ERA5
1035137	31/01/2022	17	31/01/2022	12	HNE	-10,0	0	-15,7	0	64,0	0	4,0	0	90,0	0	1012,0	0	1673,2	ERA5
1035138	31/01/2022	18	31/01/2022	13	HNE	-8,2	0	-15,0	0	58,0	0	5,0	0	40,0	0	1012,0	0	1746,1	ERA5
1035139	31/01/2022	19	31/01/2022	14	HNE	-6,5	0	-14,3	0	54,0	0	3,0	0	0,0	0	1012,0	0	1549,1	ERA5
1035140	31/01/2022	20	31/01/2022	15	HNE	-6,8	0	-13,9	0	57,0	0	7,0	0	50,0	0	1013,0	0	1235,3	ERA5
1035141	31/01/2022	21	31/01/2022	16	HNE	-7,5	0	-14,2	0	59,0	0	13,0	0	70,0	0	1013,0	0	773,3	ERA5
1035142	31/01/2022	22	31/01/2022	17	HNE	-9,0	0	-14,7	0	64,0	0	9,0	0	80,0	0	1014,0	0	233,4	ERA5
1035143	31/01/2022	23	31/01/2022	18	HNE	-10,8	0	-15,3	0	70,0	0	11,0	0	80,0	0	1015,0	0	0,5	ERA5
1035144	01/02/2022	00	31/01/2022	19	HNE	-11,4	0	-15,0	0	75,0	0	9,0	0	90,0	0	1016,0	0	0,0	ERA5
1035145	01/02/2022	01	31/01/2022	20	HNE	-11,7	0	-15,0	0	77,0	0	15,0	0	90,0	0	1016,0	0	0,0	ERA5
1035146	01/02/2022	02	31/01/2022	21	HNE	-12,7	0	-15,7	0	78,0	0	10,0	0	80,0	0	1016,0	0	0,0	ERA5
1035147	01/02/2022	03	31/01/2022	22	HNE	-14,1	0	-16,6	0	82,0	0	13,0	0	50,0	0	1016,0	0	0,0	ERA5
1035148	01/02/2022	04	31/01/2022	23	HNE	-15,2	0	-17,7	0	81,0	0	14,0	0	40,0	0	1017,0	0	0,0	ERA5
1035149	01/02/2022	05	01/02/2022	00	HNE	-16,2	0	-18,5	0	83,0	0	15,0	0	40,0	0	1017,0	0	0,0	ERA5
1035150	01/02/2022	06	01/02/2022	01	HNE	-15,9	0	-18,1	0	83,0	0	16,0	0	30,0	0	1018,0	0	0,0	ERA5
1035151	01/02/2022	07	01/02/2022	02	HNE	-17,2	0	-19,2	0	85,0	0	18,0	0	40,0	0	1018,0	0	0,0	ERA5
1035152	01/02/2022	08	01/02/2022	03	HNE	-16,2	0	-18,1	0	85,0	0	16,0	0	60,0	0	1017,0	0	0,0	ERA5
1035153	01/02/2022	09	01/02/2022	04	HNE	-16,4	0	-18,4	0	85,0	0	15,0	0	60,0	0	1017,0	0	0,0	ERA5
1035154	01/02/2022	10	01/02/2022	05	HNE	-18,3	0	-20,2	0	85,0	0	16,0	0	40,0	0	1018,0	0	0,0	ERA5
1035155	01/02/2022	11	01/02/2022	06	HNE	-16,8	0	-19,1	0	83,0	0	13,0	0	60,0	0	1018,0	0	0,0	ERA5
1035156	01/02/2022	12	01/02/2022	07	HNE	-16,6	0	-18,9	0	83,0	0	17,0	0	80,0	0	1018,0	0	0,0	ERA5
1035157	01/02/2022	13	01/02/2022	08	HNE	-16,4	0	-18,9	0	82,0	0	14,0	0	80,0	0	1018,0	0	48,2	ERA5
1035158	01/02/2022	14	01/02/2022	09	HNE	-14,9	0	-17,8	0	78,0	0	25,0	0	80,0	0	1018,0	0	423,2	ERA5
1035159	01/02/2022	15	01/02/2022	10	HNE	-12,9	0	-16,5	0	75,0	0	19,0	0	90,0	0	1018,0	0	923,7	ERA5
1035160	01/02/2022	16	01/02/2022	11	HNE	-10,7	0	-15,3	0	69,0	0	14,0	0	80,0	0	1016,0	0	1371,0	ERA5
1035161	01/02/2022	17	01/02/2022	12	HNE	-8,2	0	-14,3	0	62,0	0	16,0	0	90,0	0	1015,0	0	1677,3	ERA5
1035162	01/02/2022	18	01/02/2022	13	HNE	-7,9	0	-14,1	0	62,0	0	21,0	0	80,0	0	1014,0	0	1726,4	ERA5
1035163	01/02/2022	19	01/02/2022	14	HNE	-6,7	0	-13,3	0	59,0	0	22,0	0	90,0	0	1012,0	0	1505,6	ERA5
1035164	01/02/2022	20	01/02/2022	15	HNE	-6,1	0	-12,9	0	59,0	0	23,0	0	90,0	0	1012,0	0	1136,1	ERA5
1035165	01/02/2022	21	01/02/2022	16	HNE	-6,7	0	-13,0	0	61,0	0	22,0	0	90,0	0	1012,0	0	672,1	ERA5
1035166	01/02/2022	22	01/02/2022	17	HNE	-7,2	0	-12,8	0	64,0	0	21,0	0	90,0	0	1012,0	0	193,1	ERA5
1035167	01/02/2022	23	01/02/2022	18	HNE	-7,5	0	-12,6	0	67,0	0	20,0	0	90,0	0	1011,0	0	0,9	ERA5
1035168	02/02/2022	00	01/02/2022	19	HNE	-8,2	0	-12,8	0	70,0	0	16,0	0	80,0	0	1010,0	0	0,0	ERA5
1035169	02/02/2022	01	01/02/2022	20	HNE	-9,0	0	-13,3	0	71,0	0	15,0	0	80,0	0	1010,0	0	0,0	ERA5
1035170	02/02/2022	02	01/02/2022	21	HNE	-9,3	0	-13,4	0	72,0	0	17,0	0	100,0	0	1009,0	0	0,0	ERA5
1035171	02/02/2022	03	01/02/2022	22	HNE	-7,8	0	-12,2	0	71,0	0	14,0	0	100,0	0	1008,0	0	0,0	ERA5
1035172	02/02/2022	04	01/02/2022	23	HNE	-7,0	0	-11,3	0	72,0	0	13,0	0	120,0	0	1008,0	0	0,0	ERA5
1035173	02/02/2022	05	02/02/2022	00	HNE	-0,9	0	-8,6	0	56,0	0	18,0	0	180,0	0	1008,0	0	0,0	ERA5
1035174	02/02/2022	06	02/02/2022	01	HNE	-0,6	0	-8,4	0	56,0	0	22,0	0	190,0	0	1008,0	0	0,0	ERA5
1035175	02/02/2022	07	02/02/2022	02	HNE	-1,1	0	-8,2	0	59,0	0	17,0	0	170,0	0	1009,0	0	0,0	ERA5
1035176	02/02/2022	08	02/02/2022	03	HNE	-1,2	0	-8,0	0	60,0	0	18,0	0	170,0	0	1009,0	0	0,0	ERA5
1035177	02/02/2022	09	02/02/2022	04	HNE	-1,3	0	-7,5	0	63,0	0	15,0	0	170,0	0	1008,0	0	0,0	ERA5
1035178	02/02/2022	10	02/02/2022	05	HNE	-1,2	0	-6,8	0	66,0	0	12,0	0	170,0	0	1008,0	0	0,0	ERA5
1035179	02/02/2022	11	02/02/2022	06	HNE	-0,7	0	-6,1	0	67,0	0	10,0	0	160,0	0	1008,0	0	0,0	ERA5
1035180	02/02/2022	12	02/02/2022	07	HNE	-0,6	0	-5,8	0	68,0	0	10,0	0	150,0	0	1008,0	0	0,0	ERA5
1035181	02/02/2022	13	02/02/2022	08	HNE	-0,5	0	-5,6	0	69,0	0	10,0	0	140,0	0	1009,0	0	15,2	ERA5
1035182	02/02/2022	14	02/02/2022	09	HNE	0,2	0	-5,2	0	67,0	0	9,0	0	180,0	0	1009,0	0	68,8	ERA5
1035183	02/02/2022	15	02/02/2022	10	HNE	0,9	0	-4,7	0	66,0	0	13,0	0	190,0	0	1009,0	0	182,8	ERA5
1035184	02/02/2022	16	02/02/2022	11	HNE	1,7	0	-4,3	0	65,0	0	15,0	0	190,0	0	1009,0	0	667,6	ERA5
1035185	02/02/2022	17	02/02/2022	12	HNE	2,3	0	-4,0	0	63,0	0	9,0	0	160,0	0	1008,0	0	747,7	ERA5
1035186	02/02/2022	18	02/02/2022	13	HNE	2,8	0	-4,2	0	60,0	0	12,0	0	170,0	0	1007,0	0	850,8	ERA5
1035187	02/02/2022	19	02/02/2022	14	HNE	3,3	0	-3,7	0	60,0	0	12,0	0	190,0	0	1007,0	0	800,6	ERA5
1035188	02/02/2022	20	02/02/2022	15	HNE	3,4	0	-3,1	0	63,0	0	13,0	0	240,0	0	1007,0	0	431,5	ERA5
1035189	02/02/2022	21	02/02/2022	16	HNE	3,3	0	-2,8	0	64,0	0	10,0	0	200,0	0	1006,0	0	191,6	ERA5
1035190	02/02/2022	22	02/02/2022	17	HNE	2,8	0	-2,5	0	68,0	0	7,0	0	240,0	0	1007,0	0	44,0	ERA5
1035191	02/02/2022	23	02/02/2022	18	HNE	2,7	0	-2,8	0	67,0	0	1,0	0	0,0	0	1006,0	0	0,5	ERA5
1035192	03/02/2022	00	02/02/2022	19	HNE	2,1	0	-0,7	0	82,0	0	16,0	0	220,0	0	1006,0	0	0,0	ERA5
1035193	03/02/2022	01	02/02/2022	20	HNE	1,0	0	0,1	0	94,0	0	13,0	0	180,0	0	1006,0	0	0,0	ERA5
1035194	03/02/2022	02	02/02/2022	21	HNE	0,7	0	0,1	0	96,0	0	10,0	0	170,0	0	1006,0	0	0,0	ERA5
1035195	03/02/2022	03	02/02/2022	22	HNE	0,7	0	0,3	0	97,0	0	10,0	0	180,0	0	1006,0	0	0,0	ERA5
1035196	03/02/2022	04	02/02/2022	23	HNE	0,9	0	0,5	0	97,0	0	10,0	0	200,0	0	1006,0	0	0,0	ERA5
1035197	03/02/2022	05	03/02/2022	00	HNE	0,9	0	0,4	0	96,0	0	16,0	0	220,0	0	1006,0	0	0,0	ERA5
1035198	03/02/2022	06	03/02/2022	01	HNE	0,3	0	-0,1	0	97,0	0	9,0	0	230,0	0	1005,0	0	0,0	ERA5
1035199	03/02/2022	07	03/02/2022	02	HNE	0,1	4.lineaire	-0,2	0	98,0	0	12,0	0	280,0	0	1006,0	0	0,0	ERA5
1035200	03/02/2022	08	03/02/2022	03	HNE	-0,1	0	-0,3	0	98,0	0	20,0	0	320,0	0	1007,0	0	0,0	ERA5
1035201	03/02/2022	09	03/02/2022	04	HNE	-2,5	0	-3,3	0	94,0	0	26,0	0	330,0	0	1008,0	0	0,0	ERA5
1035202	03/02/2022	10	03/02/2022	05	HNE	-3,8	0	-5,3	0	90,0	0	27,0	0	330,0	0	1009,0	0	0,0	ERA5
1035203	03/02/2022	11	03/02/2022	06	HNE	-4,9	0	-6,9	0	86,0	0	23,0	0	320,0	0	1010,0	0	0,0	ERA5
1035204	03/02/2022	12	03/02/2022	07	HNE	-5,8	0	-8,0	0	85,0	0	30,0	0	320,0	0	1012,0	0	0,0	ERA5
1035205	03/02/2022	13	03/02/2022	08	HNE	-6,4	0	-8,9	0	82,0	0	21,0	0	330,0	0	1013,0	0	31,1	ERA5
1035206	03/02/2022	14	03/02/2022	09	HNE	-6,9	0	-9,6	0	81,0	0	27,0	0	320,0	0	1014,0	0	270,4	ERA5
1035207	03/02/2022	15	03/02/2022	10	HNE	-6,9	0	-9,8	0	80,0	0	21,0	0	330,0	0	1015,0	0	560,9	ERA5
1035208	03/02/2022	16	03/02/2022	11	HNE	-6,9	0	-10,2	0	78,0	0	15,0	0	350,0	0	1015,0	0	807,7	ERA5
1035209	03/02/2022	17	03/02/2022	12	HNE	-7,3	0	-10,5	0	78,0	0	23,0	0	330,0	0	1015,0	0	984,9	ERA5
1035210	03/02/2022	18	03/02/2022	13	HNE	-7,6	0	-11,0	0	77,0	0	18,0	0	330,0	0	1015,0	0	889,2	ERA5
1035211	03/02/2022	19	03/02/2022	14	HNE	-8,1	0	-11,8	0	75,0	0	21,0	0	320,0	0	1015,0	0	749,1	ERA5
1035212	03/02/2022	20	03/02/2022	15	HNE	-8,3	0	-12,2	0	74,0	0	19,0	0	330,0	0	1016,0	0	416,7	ERA5
1035213	03/02/2022	21	03/02/2022	16	HNE	-8,6	0	-12,7	0	72,0	0	20,0	0	350,0	0	1016,0	0	219,5	ERA5
1035214	03/02/2022	22	03/02/2022	17	HNE	-9,0	0	-13,3	0	71,0	0	16,0	0	350,0	0	1016,0	0	80,7	ERA5
1035215	03/02/2022	23	03/02/2022	18	HNE	-9,4	0	-14,6	0	66,0	0	28,0	0	340,0	0	1016,0	0	1,0	ERA5
1035216	04/02/2022	00	03/02/2022	19	HNE	-9,8	0	-15,4	0	64,0	0	20,0	0	350,0	0	1017,0	0	0,0	ERA5
1035217	04/02/2022	01	03/02/2022	20	HNE	-10,6	0	-14,6	0	73,0	0	19,0	0	360,0	0	1017,0	0	0,0	ERA5
1035218	04/02/2022	02	03/02/2022	21	HNE	-11,3	0	-13,3	0	85,0	0	17,0	0	360,0	0	1016,0	0	0,0	ERA5
1035219	04/02/2022	03	03/02/2022	22	HNE	-11,6	0	-13,8	0	83,0	0	23,0	0	360,0	0	1016,0	0	0,0	ERA5
1035220	04/02/2022	04	03/02/2022	23	HNE	-12,0	0	-14,2	0	84,0	0	23,0	0	10,0	0	1015,0	0	0,0	ERA5
1035221	04/02/2022	05	04/02/2022	00	HNE	-12,2	0	-14,3	0	84,0	0	21,0	0	10,0	0	1015,0	0	0,0	ERA5
1035222	04/02/2022	06	04/02/2022	01	HNE	-12,3	0	-14,3	0	85,0	0	18,0	0	10,0	0	1014,0	0	0,0	ERA5
1035223	04/02/2022	07	04/02/2022	02	HNE	-12,5	0	-14,6	0	84,0	0	18,0	0	10,0	0	1014,0	0	0,0	ERA5
1035224	04/02/2022	08	04/02/2022	03	HNE	-12,9	0	-15,1	0	84,0	0	21,0	0	360,0	0	1013,0	0	0,0	ERA5
1035225	04/02/2022	09	04/02/2022	04	HNE	-13,3	0	-15,6	0	83,0	0	19,0	0	10,0	0	1012,0	0	0,0	ERA5
1035226	04/02/2022	10	04/02/2022	05	HNE	-13,4	0	-15,6	0	83,0	0	18,0	0	360,0	0	1012,0	0	0,0	ERA5
1035227	04/02/2022	11	04/02/2022	06	HNE	-13,6	0	-16,0	0	82,0	0	18,0	0	10,0	0	1012,0	0	0,0	ERA5
1035228	04/02/2022	12	04/02/2022	07	HNE	-13,6	0	-16,4	0	80,0	0	17,0	0	360,0	0	1011,0	0	0,0	ERA5
1035229	04/02/2022	13	04/02/2022	08	HNE	-13,7	0	-17,6	0	73,0	0	21,0	0	360,0	0	1012,0	0	36,5	ERA5
1035230	04/02/2022	14	04/02/2022	09	HNE	-13,5	0	-17,6	0	72,0	0	25,0	0	10,0	0	1011,0	0	324,5	ERA5
1035231	04/02/2022	15	04/02/2022	10	HNE	-13,0	0	-17,5	0	69,0	0	23,0	0	20,0	0	1011,0	0	767,7	ERA5
1035232	04/02/2022	16	04/02/2022	11	HNE	-12,4	0	-17,2	0	68,0	0	23,0	0	20,0	0	1010,0	0	1261,2	ERA5
1035233	04/02/2022	17	04/02/2022	12	HNE	-11,8	0	-16,7	0	67,0	0	14,0	0	20,0	0	1010,0	0	1630,7	ERA5
1035234	04/02/2022	18	04/02/2022	13	HNE	-11,9	0	-17,2	0	65,0	0	16,0	0	330,0	0	1009,0	0	1667,0	ERA5
1035235	04/02/2022	19	04/02/2022	14	HNE	-11,1	0	-16,7	0	64,0	0	17,0	0	350,0	0	1008,0	0	1294,5	ERA5
1035236	04/02/2022	20	04/02/2022	15	HNE	-10,9	0	-16,4	0	65,0	0	16,0	0	330,0	0	1008,0	0	821,7	ERA5
1035237	04/02/2022	21	04/02/2022	16	HNE	-11,2	0	-16,8	0	64,0	0	14,0	0	340,0	0	1008,0	0	475,7	ERA5
1035238	04/02/2022	22	04/02/2022	17	HNE	-11,8	0	-16,8	0	67,0	0	14,0	0	320,0	0	1008,0	0	220,2	ERA5
1035239	04/02/2022	23	04/02/2022	18	HNE	-12,1	0	-16,9	0	68,0	0	16,0	0	320,0	0	1008,0	0	3,0	ERA5
1035240	05/02/2022	00	04/02/2022	19	HNE	-13,1	0	-18,0	0	67,0	0	17,0	0	330,0	0	1008,0	0	0,0	ERA5
1035241	05/02/2022	01	04/02/2022	20	HNE	-13,3	0	-18,4	0	66,0	0	15,0	0	330,0	0	1008,0	0	0,0	ERA5
1035242	05/02/2022	02	04/02/2022	21	HNE	-13,9	0	-18,2	0	70,0	0	13,0	0	320,0	0	1008,0	0	0,0	ERA5
1035243	05/02/2022	03	04/02/2022	22	HNE	-13,6	0	-18,1	0	70,0	0	9,0	0	290,0	0	1008,0	0	0,0	ERA5
1035244	05/02/2022	04	04/02/2022	23	HNE	-14,0	0	-18,3	0	70,0	0	7,0	0	270,0	0	1007,0	0	0,0	ERA5
1035245	05/02/2022	05	05/02/2022	00	HNE	-13,9	0	-18,0	0	72,0	0	9,0	0	290,0	0	1007,0	0	0,0	ERA5
1035246	05/02/2022	06	05/02/2022	01	HNE	-14,3	0	-18,3	0	72,0	0	9,0	0	300,0	0	1006,0	0	0,0	ERA5
1035247	05/02/2022	07	05/02/2022	02	HNE	-15,4	0	-18,7	0	76,0	0	8,0	0	280,0	0	1007,0	0	0,0	ERA5
1035248	05/02/2022	08	05/02/2022	03	HNE	-15,2	0	-19,7	0	69,0	0	14,0	0	290,0	0	1007,0	0	0,0	ERA5
1035249	05/02/2022	09	05/02/2022	04	HNE	-16,3	0	-20,0	0	74,0	0	15,0	0	290,0	0	1007,0	0	0,0	ERA5
1035250	05/02/2022	10	05/02/2022	05	HNE	-17,3	0	-20,3	0	78,0	0	20,0	0	290,0	0	1007,0	0	0,0	ERA5
1035251	05/02/2022	11	05/02/2022	06	HNE	-18,7	0	-21,5	0	79,0	0	18,0	0	300,0	0	1008,0	0	0,0	ERA5
1035252	05/02/2022	12	05/02/2022	07	HNE	-19,5	0	-22,1	0	80,0	0	19,0	0	290,0	0	1009,0	0	0,0	ERA5
1035253	05/02/2022	13	05/02/2022	08	HNE	-20,0	0	-23,2	0	76,0	0	17,0	0	300,0	0	1011,0	0	71,3	ERA5
1035254	05/02/2022	14	05/02/2022	09	HNE	-19,5	0	-23,6	0	71,0	0	18,0	0	280,0	0	1012,0	0	576,3	ERA5
1035255	05/02/2022	15	05/02/2022	10	HNE	-18,3	0	-23,6	0	64,0	0	17,0	0	290,0	0	1013,0	0	1154,2	ERA5
1035256	05/02/2022	16	05/02/2022	11	HNE	-17,1	0	-23,1	0	60,0	0	23,0	0	280,0	0	1014,0	0	1613,3	ERA5
1035257	05/02/2022	17	05/02/2022	12	HNE	-15,9	0	-23,4	0	53,0	0	25,0	0	290,0	0	1014,0	0	1889,3	ERA5
1035258	05/02/2022	18	05/02/2022	13	HNE	-15,1	0	-22,8	0	53,0	0	22,0	0	260,0	0	1015,0	0	1953,5	ERA5
1035259	05/02/2022	19	05/02/2022	14	HNE	-15,1	0	-22,3	0	55,0	0	18,0	0	270,0	0	1015,0	0	1799,0	ERA5
1035260	05/02/2022	20	05/02/2022	15	HNE	-14,5	0	-22,4	0	52,0	0	20,0	0	280,0	0	1016,0	0	1442,3	ERA5
1035261	05/02/2022	21	05/02/2022	16	HNE	-14,2	0	-22,3	0	51,0	0	20,0	0	290,0	0	1017,0	0	923,1	ERA5
1035262	05/02/2022	22	05/02/2022	17	HNE	-15,4	0	-23,0	0	53,0	0	17,0	0	260,0	0	1018,0	0	331,6	ERA5
1035263	05/02/2022	23	05/02/2022	18	HNE	-16,6	0	-23,0	0	58,0	0	15,0	0	260,0	0	1019,0	0	5,3	ERA5
1035264	06/02/2022	00	05/02/2022	19	HNE	-16,9	0	-23,1	0	59,0	0	8,0	0	250,0	0	1019,0	0	0,0	ERA5
1035265	06/02/2022	01	05/02/2022	20	HNE	-17,2	0	-23,3	0	60,0	0	8,0	0	260,0	0	1019,0	0	0,0	ERA5
1035266	06/02/2022	02	05/02/2022	21	HNE	-18,5	0	-23,5	0	66,0	0	4,0	0	190,0	0	1020,0	0	0,0	ERA5
1035267	06/02/2022	03	05/02/2022	22	HNE	-18,7	0	-23,1	0	69,0	0	7,0	0	210,0	0	1020,0	0	0,0	ERA5
1035268	06/02/2022	04	05/02/2022	23	HNE	-20,2	0	-24,1	0	72,0	0	4,0	0	170,0	0	1020,0	0	0,0	ERA5
1035269	06/02/2022	05	06/02/2022	00	HNE	-20,6	0	-24,4	0	73,0	0	7,0	0	200,0	0	1020,0	0	0,0	ERA5
1035270	06/02/2022	06	06/02/2022	01	HNE	-19,5	0	-23,1	0	73,0	0	12,0	0	200,0	0	1020,0	0	0,0	ERA5
1035271	06/02/2022	07	06/02/2022	02	HNE	-18,3	0	-22,7	0	69,0	0	10,0	0	160,0	0	1020,0	0	0,0	ERA5
1035272	06/02/2022	08	06/02/2022	03	HNE	-18,2	0	-22,8	0	68,0	0	7,0	0	180,0	0	1020,0	0	0,0	ERA5
1035273	06/02/2022	09	06/02/2022	04	HNE	-17,7	4.lineaire	-22,0	4.lineaire	70,0	4.lineaire	8,5	4.lineaire	140,0	4.lineaire	1020,0	4.lineaire	0,0	ERA5
1035274	06/02/2022	10	06/02/2022	05	HNE	-17,2	0	-21,2	0	72,0	0	10,0	0	100,0	0	1020,0	0	0,0	ERA5
1035275	06/02/2022	11	06/02/2022	06	HNE	-17,4	0	-20,9	0	75,0	0	11,0	0	110,0	0	1019,0	0	0,0	ERA5
1035276	06/02/2022	12	06/02/2022	07	HNE	-17,3	0	-20,8	0	75,0	0	9,0	0	90,0	0	1019,0	0	0,0	ERA5
1035277	06/02/2022	13	06/02/2022	08	HNE	-17,1	0	-20,8	0	74,0	0	14,0	0	100,0	0	1018,0	0	63,7	ERA5
1035278	06/02/2022	14	06/02/2022	09	HNE	-15,9	0	-20,6	0	68,0	0	18,0	0	100,0	0	1018,0	0	517,3	ERA5
1035279	06/02/2022	15	06/02/2022	10	HNE	-14,2	0	-19,8	0	63,0	0	17,0	0	100,0	0	1017,0	0	1079,6	ERA5
1035280	06/02/2022	16	06/02/2022	11	HNE	-12,8	0	-19,7	0	57,0	0	23,0	0	110,0	0	1017,0	0	1312,9	ERA5
1035281	06/02/2022	17	06/02/2022	12	HNE	-12,1	0	-18,8	0	58,0	0	18,0	0	120,0	0	1015,0	0	1344,5	ERA5
1035282	06/02/2022	18	06/02/2022	13	HNE	-11,3	0	-17,6	0	60,0	0	21,0	0	110,0	0	1014,0	0	890,6	ERA5
1035283	06/02/2022	19	06/02/2022	14	HNE	-10,5	0	-16,9	0	60,0	0	23,0	0	110,0	0	1012,0	0	731,6	ERA5
1035284	06/02/2022	20	06/02/2022	15	HNE	-9,1	0	-15,9	0	58,0	0	16,0	0	80,0	0	1012,0	0	353,0	ERA5
1035285	06/02/2022	21	06/02/2022	16	HNE	-9,3	0	-15,4	0	61,0	0	14,0	0	80,0	0	1011,0	0	174,7	ERA5
1035286	06/02/2022	22	06/02/2022	17	HNE	-9,3	0	-15,5	0	61,0	0	16,0	0	90,0	0	1012,0	0	80,2	ERA5
1035287	06/02/2022	23	06/02/2022	18	HNE	-9,6	0	-15,1	0	64,0	0	10,0	0	100,0	0	1012,0	0	2,0	ERA5
1035288	07/02/2022	00	06/02/2022	19	HNE	-10,0	0	-14,6	0	69,0	0	16,0	0	80,0	0	1012,0	0	0,0	ERA5
1035289	07/02/2022	01	06/02/2022	20	HNE	-10,0	0	-14,4	0	70,0	0	14,0	0	90,0	0	1011,0	0	0,0	ERA5
1035290	07/02/2022	02	06/02/2022	21	HNE	-10,3	0	-14,2	0	73,0	0	13,0	0	80,0	0	1011,0	0	0,0	ERA5
1035291	07/02/2022	03	06/02/2022	22	HNE	-10,0	0	-13,7	0	75,0	0	13,0	0	100,0	0	1011,0	0	0,0	ERA5
1035292	07/02/2022	04	06/02/2022	23	HNE	-9,5	0	-13,2	0	75,0	0	10,0	0	90,0	0	1011,0	0	0,0	ERA5
1035293	07/02/2022	05	07/02/2022	00	HNE	-9,3	0	-12,6	0	77,0	0	10,0	0	80,0	0	1011,0	0	0,0	ERA5
1035294	07/02/2022	06	07/02/2022	01	HNE	-9,0	0	-12,0	0	79,0	0	9,0	0	100,0	0	1011,0	0	0,0	ERA5
1035295	07/02/2022	07	07/02/2022	02	HNE	-8,4	0	-11,3	0	80,0	0	10,0	0	100,0	0	1010,0	0	0,0	ERA5
1035296	07/02/2022	08	07/02/2022	03	HNE	-8,6	0	-11,4	0	80,0	0	9,0	0	100,0	0	1010,0	0	0,0	ERA5
1035297	07/02/2022	09	07/02/2022	04	HNE	-9,6	0	-12,1	0	82,0	0	10,0	0	100,0	0	1010,0	0	0,0	ERA5
1035298	07/02/2022	10	07/02/2022	05	HNE	-8,8	0	-11,2	0	83,0	0	8,0	0	100,0	0	1010,0	0	0,0	ERA5
1035299	07/02/2022	11	07/02/2022	06	HNE	-9,7	0	-11,6	0	86,0	0	11,0	0	110,0	0	1010,0	0	0,0	ERA5
1035300	07/02/2022	12	07/02/2022	07	HNE	-10,7	0	-13,0	0	83,0	0	10,0	0	70,0	0	1010,0	0	0,0	ERA5
1035301	07/02/2022	13	07/02/2022	08	HNE	-11,8	0	-13,7	0	86,0	0	10,0	0	70,0	0	1010,0	0	66,3	ERA5
1035302	07/02/2022	14	07/02/2022	09	HNE	-10,9	0	-13,3	0	82,0	0	9,0	0	70,0	0	1010,0	0	454,7	ERA5
1035303	07/02/2022	15	07/02/2022	10	HNE	-7,8	0	-11,6	0	74,0	0	9,0	0	90,0	0	1009,0	0	905,7	ERA5
1035304	07/02/2022	16	07/02/2022	11	HNE	-5,7	0	-10,7	0	68,0	0	3,0	0	30,0	0	1009,0	0	1341,4	ERA5
1035305	07/02/2022	17	07/02/2022	12	HNE	-2,2	0	-9,5	0	58,0	0	18,0	0	160,0	0	1008,0	0	1586,7	ERA5
1035306	07/02/2022	18	07/02/2022	13	HNE	-1,2	0	-8,9	0	56,0	0	15,0	0	170,0	0	1007,0	0	1644,2	ERA5
1035307	07/02/2022	19	07/02/2022	14	HNE	-2,1	0	-8,5	0	62,0	0	17,0	0	100,0	0	1006,0	0	1676,4	ERA5
1035308	07/02/2022	20	07/02/2022	15	HNE	-1,4	0	-8,4	0	59,0	0	15,0	0	100,0	0	1006,0	0	1353,3	ERA5
1035309	07/02/2022	21	07/02/2022	16	HNE	-3,2	0	-8,9	0	65,0	0	13,0	0	70,0	0	1006,0	0	800,8	ERA5
1035310	07/02/2022	22	07/02/2022	17	HNE	-3,4	0	-9,2	0	64,0	0	18,0	0	90,0	0	1006,0	0	310,6	ERA5
1035311	07/02/2022	23	07/02/2022	18	HNE	-4,7	0	-10,1	0	66,0	0	15,0	0	90,0	0	1005,0	0	7,9	ERA5
1035312	08/02/2022	00	07/02/2022	19	HNE	-5,3	0	-10,4	0	68,0	0	15,0	0	90,0	0	1005,0	0	0,0	ERA5
1035313	08/02/2022	01	07/02/2022	20	HNE	-5,9	0	-10,4	0	71,0	0	10,0	0	70,0	0	1005,0	0	0,0	ERA5
1035314	08/02/2022	02	07/02/2022	21	HNE	-7,2	0	-10,3	0	79,0	0	13,0	0	40,0	0	1005,0	0	0,0	ERA5
1035315	08/02/2022	03	07/02/2022	22	HNE	-6,3	0	-9,1	0	80,0	0	14,0	0	60,0	0	1004,0	0	0,0	ERA5
1035316	08/02/2022	04	07/02/2022	23	HNE	-6,55	4.lineaire	-9,05	4.lineaire	82,0	4.lineaire	13,5	4.lineaire	60,0	4.lineaire	1003,5	4.lineaire	0,0	ERA5
1035317	08/02/2022	05	08/02/2022	00	HNE	-6,8	0	-9,0	0	84,0	0	13,0	0	60,0	0	1003,0	0	0,0	ERA5
1035318	08/02/2022	06	08/02/2022	01	HNE	-6,8	0	-9,0	0	85,0	0	13,0	0	60,0	0	1003,0	0	0,0	ERA5
1035319	08/02/2022	07	08/02/2022	02	HNE	-6,8	0	-9,0	0	84,0	0	13,0	0	70,0	0	1002,0	0	0,0	ERA5
1035320	08/02/2022	08	08/02/2022	03	HNE	-6,8	0	-9,0	0	85,0	0	11,0	0	80,0	0	1002,0	0	0,0	ERA5
1035321	08/02/2022	09	08/02/2022	04	HNE	-6,8	0	-8,9	0	85,0	0	7,0	0	60,0	0	1001,0	0	0,0	ERA5
1035322	08/02/2022	10	08/02/2022	05	HNE	-7,0	0	-8,9	0	86,0	0	5,0	0	60,0	0	1001,0	0	0,0	ERA5
1035323	08/02/2022	11	08/02/2022	06	HNE	-7,0	0	-8,8	0	87,0	0	7,0	0	40,0	0	1001,0	0	0,0	ERA5
1035324	08/02/2022	12	08/02/2022	07	HNE	-7,0	0	-8,9	0	86,0	0	1,0	0	0,0	0	1001,0	0	0,0	ERA5
1035325	08/02/2022	13	08/02/2022	08	HNE	-6,5	0	-8,4	0	87,0	0	4,0	0	10,0	0	1001,0	0	33,7	ERA5
1035326	08/02/2022	14	08/02/2022	09	HNE	-5,9	0	-8,3	0	83,0	0	3,0	0	50,0	0	1001,0	0	242,3	ERA5
1035327	08/02/2022	15	08/02/2022	10	HNE	-5,6	0	-7,6	0	86,0	0	5,0	0	120,0	0	1000,0	0	534,5	ERA5
1035328	08/02/2022	16	08/02/2022	11	HNE	-4,6	0	-7,2	0	82,0	0	6,0	0	190,0	0	1000,0	0	996,9	ERA5
1035329	08/02/2022	17	08/02/2022	12	HNE	-4,2	0	-6,9	0	81,0	0	5,0	0	260,0	0	999,0	0	1266,3	ERA5
1035330	08/02/2022	18	08/02/2022	13	HNE	-3,7	0	-6,7	0	80,0	0	1,0	0	0,0	0	998,0	0	1280,7	ERA5
1035331	08/02/2022	19	08/02/2022	14	HNE	-2,5	0	-5,8	0	78,0	0	6,0	0	260,0	0	998,0	0	1129,3	ERA5
1035332	08/02/2022	20	08/02/2022	15	HNE	-1,8	0	-5,0	0	79,0	0	6,0	0	240,0	0	998,0	0	970,1	ERA5
1035333	08/02/2022	21	08/02/2022	16	HNE	-1,7	0	-4,5	0	81,0	0	7,0	0	240,0	0	998,0	0	551,1	ERA5
1035334	08/02/2022	22	08/02/2022	17	HNE	-2,4	0	-4,8	0	83,0	0	8,0	0	250,0	0	999,0	0	255,6	ERA5
1035335	08/02/2022	23	08/02/2022	18	HNE	-2,4	0	-4,1	0	88,0	0	9,0	0	220,0	0	999,0	0	8,6	ERA5
1035336	09/02/2022	00	08/02/2022	19	HNE	-2,9	0	-3,8	0	94,0	0	11,0	0	260,0	0	999,0	0	0,0	ERA5
1035337	09/02/2022	01	08/02/2022	20	HNE	-3,1	0	-3,8	0	95,0	0	9,0	0	240,0	0	1000,0	0	0,0	ERA5
1035338	09/02/2022	02	08/02/2022	21	HNE	-3,8	0	-4,3	0	96,0	0	9,0	0	240,0	0	1000,0	0	0,0	ERA5
1035339	09/02/2022	03	08/02/2022	22	HNE	-5,2	0	-5,8	0	96,0	0	16,0	0	250,0	0	1000,0	0	0,0	ERA5
1035340	09/02/2022	04	08/02/2022	23	HNE	-5,9	0	-6,7	0	94,0	0	9,0	0	250,0	0	1000,0	0	0,0	ERA5
1035341	09/02/2022	05	09/02/2022	00	HNE	-6,5	0	-7,0	0	96,0	0	8,0	0	220,0	0	1000,0	0	0,0	ERA5
1035342	09/02/2022	06	09/02/2022	01	HNE	-8,1	0	-9,0	0	93,0	0	7,0	0	230,0	0	1000,0	0	0,0	ERA5
1035343	09/02/2022	07	09/02/2022	02	HNE	-8,2	0	-9,1	0	94,0	0	8,0	0	230,0	0	1000,0	0	0,0	ERA5
1035344	09/02/2022	08	09/02/2022	03	HNE	-10,1	0	-11,1	0	93,0	0	4,0	0	250,0	0	1000,0	0	0,0	ERA5
1035345	09/02/2022	09	09/02/2022	04	HNE	-10,7	0	-11,7	0	92,0	0	5,0	0	200,0	0	1000,0	0	0,0	ERA5
1035346	09/02/2022	10	09/02/2022	05	HNE	-9,6	0	-10,7	0	92,0	0	7,0	0	180,0	0	1000,0	0	0,0	ERA5
1035347	09/02/2022	11	09/02/2022	06	HNE	-13,3	0	-14,7	0	90,0	0	8,0	0	140,0	0	1000,0	0	0,0	ERA5
1035348	09/02/2022	12	09/02/2022	07	HNE	-10,3	0	-11,5	0	91,0	0	8,0	0	120,0	0	1000,0	0	0,0	ERA5
1035349	09/02/2022	13	09/02/2022	08	HNE	-11,0	0	-12,2	0	91,0	0	14,0	0	110,0	0	999,0	0	91,1	ERA5
1035350	09/02/2022	14	09/02/2022	09	HNE	-9,0	0	-10,0	0	92,0	0	15,0	0	110,0	0	999,0	0	533,3	ERA5
1035351	09/02/2022	15	09/02/2022	10	HNE	-5,4	0	-6,2	0	94,0	0	17,0	0	140,0	0	998,0	0	1033,1	ERA5
1035352	09/02/2022	16	09/02/2022	11	HNE	-3,6	0	-7,3	0	76,0	0	13,0	0	100,0	0	997,0	0	1383,1	ERA5
1035353	09/02/2022	17	09/02/2022	12	HNE	-2,8	0	-7,4	0	71,0	0	16,0	0	130,0	0	996,0	0	1416,9	ERA5
1035354	09/02/2022	18	09/02/2022	13	HNE	-1,9	0	-7,1	0	68,0	0	22,0	0	110,0	0	995,0	0	1364,4	ERA5
1035355	09/02/2022	19	09/02/2022	14	HNE	-0,9	0	-6,9	0	64,0	0	16,0	0	100,0	0	994,0	0	1216,2	ERA5
1035356	09/02/2022	20	09/02/2022	15	HNE	-0,6	0	-5,9	0	68,0	0	14,0	0	100,0	0	994,0	0	927,3	ERA5
1035357	09/02/2022	21	09/02/2022	16	HNE	-0,8	0	-5,9	0	68,0	0	16,0	0	110,0	0	994,0	0	548,4	ERA5
1035358	09/02/2022	22	09/02/2022	17	HNE	-0,6	0	-5,7	0	68,0	0	17,0	0	110,0	0	994,0	0	194,3	ERA5
1035359	09/02/2022	23	09/02/2022	18	HNE	-0,7	0	-3,9	0	79,0	0	13,0	0	120,0	0	994,0	0	5,0	ERA5
1035360	10/02/2022	00	09/02/2022	19	HNE	-1,0	0	-2,7	0	88,0	0	12,0	0	140,0	0	994,0	0	0,0	ERA5
1035361	10/02/2022	01	09/02/2022	20	HNE	-1,1	0	-2,8	0	88,0	0	13,0	0	150,0	0	994,0	0	0,0	ERA5
1035362	10/02/2022	02	09/02/2022	21	HNE	-2,6	0	-3,7	0	92,0	0	8,0	0	120,0	0	994,0	0	0,0	ERA5
1035363	10/02/2022	03	09/02/2022	22	HNE	-1,9	0	-2,6	0	95,0	0	8,0	0	20,0	0	994,0	0	0,0	ERA5
1035364	10/02/2022	04	09/02/2022	23	HNE	-1,6	0	-2,9	0	90,0	0	9,0	0	70,0	0	993,0	0	0,0	ERA5
1035365	10/02/2022	05	10/02/2022	00	HNE	-1,6	0	-4,5	0	80,0	0	12,0	0	80,0	0	992,0	0	0,0	ERA5
1035366	10/02/2022	06	10/02/2022	01	HNE	-2,1	0	-4,1	0	87,0	0	9,0	0	10,0	0	992,0	0	0,0	ERA5
1035367	10/02/2022	07	10/02/2022	02	HNE	-2,2	0	-4,5	0	84,0	0	13,0	0	90,0	0	991,0	0	0,0	ERA5
1035368	10/02/2022	08	10/02/2022	03	HNE	-1,9	0	-4,2	0	85,0	0	9,0	0	100,0	0	991,0	0	0,0	ERA5
1035369	10/02/2022	09	10/02/2022	04	HNE	-1,8	0	-4,2	0	84,0	0	8,0	0	140,0	0	990,0	0	0,0	ERA5
1035370	10/02/2022	10	10/02/2022	05	HNE	1,7	0	-2,2	0	75,0	0	18,0	0	180,0	0	990,0	0	0,0	ERA5
1035371	10/02/2022	11	10/02/2022	06	HNE	2,4	0	-1,7	0	74,0	0	16,0	0	190,0	0	990,0	0	0,0	ERA5
1035372	10/02/2022	12	10/02/2022	07	HNE	2,1	0	-2,1	0	73,0	0	14,0	0	210,0	0	990,0	0	0,0	ERA5
1035373	10/02/2022	13	10/02/2022	08	HNE	2,0	0	-1,5	0	78,0	0	14,0	0	200,0	0	990,0	0	56,1	ERA5
1035374	10/02/2022	14	10/02/2022	09	HNE	1,7	0	-1,1	0	82,0	0	13,0	0	190,0	0	990,0	0	357,5	ERA5
1035375	10/02/2022	15	10/02/2022	10	HNE	3,0	0	-0,8	0	76,0	0	22,0	0	210,0	0	990,0	0	637,8	ERA5
1035376	10/02/2022	16	10/02/2022	11	HNE	3,1	0	-1,0	0	74,0	0	22,0	0	230,0	0	990,0	0	891,3	ERA5
1035377	10/02/2022	17	10/02/2022	12	HNE	3,0	0	-1,2	0	74,0	0	22,0	0	220,0	0	989,0	0	1302,0	ERA5
1035378	10/02/2022	18	10/02/2022	13	HNE	3,1	0	-1,0	0	74,0	0	18,0	0	220,0	0	989,0	0	1485,4	ERA5
1035379	10/02/2022	19	10/02/2022	14	HNE	2,6	0	-0,5	0	80,0	0	17,0	0	220,0	0	989,0	0	757,7	ERA5
1035380	10/02/2022	20	10/02/2022	15	HNE	2,7	0	-0,7	0	78,0	0	22,0	0	230,0	0	989,0	0	867,9	ERA5
1035381	10/02/2022	21	10/02/2022	16	HNE	2,4	0	-3,4	0	65,0	0	31,0	0	270,0	0	990,0	0	752,5	ERA5
1035382	10/02/2022	22	10/02/2022	17	HNE	2,0	0	-3,9	0	65,0	0	20,0	0	260,0	0	991,0	0	314,2	ERA5
1035383	10/02/2022	23	10/02/2022	18	HNE	1,9	0	-4,1	0	65,0	0	17,0	0	230,0	0	992,0	0	12,2	ERA5
1035384	11/02/2022	00	10/02/2022	19	HNE	1,5	0	-3,9	0	67,0	0	17,0	0	230,0	0	993,0	0	0,0	ERA5
1035385	11/02/2022	01	10/02/2022	20	HNE	1,5	0	-4,1	0	66,0	0	22,0	0	240,0	0	994,0	0	0,0	ERA5
1035386	11/02/2022	02	10/02/2022	21	HNE	1,0	0	-3,6	0	72,0	0	20,0	0	220,0	0	994,0	0	0,0	ERA5
1035387	11/02/2022	03	10/02/2022	22	HNE	0,5	0	-3,4	0	75,0	0	16,0	0	230,0	0	995,0	0	0,0	ERA5
1035388	11/02/2022	04	10/02/2022	23	HNE	0,5	0	-3,6	0	74,0	0	22,0	0	250,0	0	995,0	0	0,0	ERA5
1035389	11/02/2022	05	11/02/2022	00	HNE	0,2	0	-5,2	0	67,0	0	20,0	0	240,0	0	996,0	0	0,0	ERA5
1035390	11/02/2022	06	11/02/2022	01	HNE	-0,15	4.lineaire	-3,8	0	76,0	0	17,0	0	210,0	0	996,0	0	0,0	ERA5
1035391	11/02/2022	07	11/02/2022	02	HNE	-0,5	0	-3,8	0	79,0	0	11,0	0	200,0	0	996,0	0	0,0	ERA5
1035392	11/02/2022	08	11/02/2022	03	HNE	-0,4	0	-3,7	0	78,0	0	13,0	0	190,0	0	996,0	0	0,0	ERA5
1035393	11/02/2022	09	11/02/2022	04	HNE	-0,7	0	-3,5	0	81,0	0	11,0	0	180,0	0	996,0	0	0,0	ERA5
1035394	11/02/2022	10	11/02/2022	05	HNE	-0,9	0	-4,0	0	80,0	0	11,0	0	190,0	0	996,0	0	0,0	ERA5
1035395	11/02/2022	11	11/02/2022	06	HNE	-1,0	0	-4,6	0	77,0	0	14,0	0	160,0	0	995,0	0	0,0	ERA5
1035396	11/02/2022	12	11/02/2022	07	HNE	-0,9	0	-4,7	0	76,0	0	16,0	0	160,0	0	995,0	0	0,0	ERA5
1035397	11/02/2022	13	11/02/2022	08	HNE	-0,8	0	-4,0	0	79,0	0	14,0	0	150,0	0	995,0	0	67,4	ERA5
1035398	11/02/2022	14	11/02/2022	09	HNE	-0,3	0	-3,5	0	79,0	0	18,0	0	150,0	0	995,0	0	402,6	ERA5
1035399	11/02/2022	15	11/02/2022	10	HNE	0,1	0	-3,5	0	77,0	0	19,0	0	150,0	0	994,0	0	642,1	ERA5
1035400	11/02/2022	16	11/02/2022	11	HNE	1,2	0	-4,0	0	68,0	0	22,0	0	190,0	0	993,0	0	661,8	ERA5
1035401	11/02/2022	17	11/02/2022	12	HNE	2,1	0	-4,4	0	62,0	0	23,0	0	160,0	0	992,0	0	607,8	ERA5
1035402	11/02/2022	18	11/02/2022	13	HNE	2,7	0	-5,1	0	56,0	0	18,0	0	190,0	0	991,0	0	567,2	ERA5
1035403	11/02/2022	19	11/02/2022	14	HNE	3,0	0	-3,7	0	61,0	0	30,0	0	190,0	0	989,0	0	310,9	ERA5
1035404	11/02/2022	20	11/02/2022	15	HNE	2,0	0	-0,7	0	82,0	0	20,0	0	170,0	0	989,0	0	264,8	ERA5
1035405	11/02/2022	21	11/02/2022	16	HNE	2,0	0	0,2	0	88,0	0	7,0	0	150,0	0	989,0	0	176,2	ERA5
1035406	11/02/2022	22	11/02/2022	17	HNE	4,1	0	-0,4	0	72,0	0	24,0	0	220,0	0	988,0	0	80,6	ERA5
1035407	11/02/2022	23	11/02/2022	18	HNE	2,9	0	1,3	0	89,0	0	28,0	0	200,0	0	989,0	0	3,6	ERA5
1035408	12/02/2022	00	11/02/2022	19	HNE	3,0	0	1,9	0	92,0	0	24,0	0	210,0	0	990,0	0	0,0	ERA5
1035409	12/02/2022	01	11/02/2022	20	HNE	2,6	0	1,6	0	93,0	0	19,0	0	210,0	0	989,0	0	0,0	ERA5
1035410	12/02/2022	02	11/02/2022	21	HNE	2,5	0	1,7	0	94,0	0	21,0	0	190,0	0	989,0	0	0,0	ERA5
1035411	12/02/2022	03	11/02/2022	22	HNE	2,1	0	1,4	0	95,0	0	17,0	0	200,0	0	989,0	0	0,0	ERA5
1035412	12/02/2022	04	11/02/2022	23	HNE	2,1	0	1,4	0	95,0	0	13,0	0	210,0	0	990,0	0	0,0	ERA5
1035413	12/02/2022	05	12/02/2022	00	HNE	2,1	0	1,3	0	94,0	0	13,0	0	190,0	0	990,0	0	0,0	ERA5
1035414	12/02/2022	06	12/02/2022	01	HNE	1,8	0	1,0	0	94,0	0	9,0	0	190,0	0	990,0	0	0,0	ERA5
1035415	12/02/2022	07	12/02/2022	02	HNE	1,8	0	1,0	0	94,0	0	13,0	0	190,0	0	990,0	0	0,0	ERA5
1035416	12/02/2022	08	12/02/2022	03	HNE	1,6	0	0,8	0	94,0	0	12,0	0	200,0	0	991,0	0	0,0	ERA5
1035417	12/02/2022	09	12/02/2022	04	HNE	1,5	0	0,8	0	95,0	0	13,0	0	200,0	0	991,0	0	0,0	ERA5
1035418	12/02/2022	10	12/02/2022	05	HNE	1,4	0	0,8	0	95,0	0	12,0	0	210,0	0	991,0	0	0,0	ERA5
1035419	12/02/2022	11	12/02/2022	06	HNE	1,5	0	0,9	0	96,0	0	16,0	0	190,0	0	991,0	0	0,0	ERA5
1035420	12/02/2022	12	12/02/2022	07	HNE	1,6	0	0,9	0	95,0	0	21,0	0	210,0	0	991,0	0	0,0	ERA5
1035421	12/02/2022	13	12/02/2022	08	HNE	1,9	0	1,0	0	94,0	0	21,0	0	210,0	0	992,0	0	56,1	ERA5
1035422	12/02/2022	14	12/02/2022	09	HNE	-0,1	0	-1,9	0	88,0	0	33,0	0	290,0	0	992,0	0	210,4	ERA5
1035423	12/02/2022	15	12/02/2022	10	HNE	-6,1	0	-7,5	0	90,0	0	35,0	0	280,0	0	995,0	0	265,7	ERA5
1035424	12/02/2022	16	12/02/2022	11	HNE	-8,2	0	-10,0	0	87,0	0	34,0	0	290,0	0	996,0	0	404,1	ERA5
1035425	12/02/2022	17	12/02/2022	12	HNE	-10,6	0	-13,3	0	80,0	0	35,0	0	290,0	0	998,0	0	693,4	ERA5
1035426	12/02/2022	18	12/02/2022	13	HNE	-11,5	0	-15,4	0	73,0	0	40,0	0	280,0	0	1001,0	0	1119,2	ERA5
1035427	12/02/2022	19	12/02/2022	14	HNE	-12,4	0	-16,8	0	70,0	0	37,0	0	290,0	0	1003,0	0	1326,8	ERA5
1035428	12/02/2022	20	12/02/2022	15	HNE	-12,6	0	-17,6	0	67,0	0	39,0	0	280,0	0	1004,0	0	1421,6	ERA5
1035429	12/02/2022	21	12/02/2022	16	HNE	-13,2	0	-18,7	0	64,0	0	34,0	0	280,0	0	1006,0	0	1004,5	ERA5
1035430	12/02/2022	22	12/02/2022	17	HNE	-13,7	0	-18,8	0	66,0	0	20,0	0	290,0	0	1008,0	0	417,4	ERA5
1035431	12/02/2022	23	12/02/2022	18	HNE	-14,2	0	-18,8	0	69,0	0	22,0	0	300,0	0	1009,0	0	22,2	ERA5
1035432	13/02/2022	00	12/02/2022	19	HNE	-14,7	0	-19,1	0	70,0	0	18,0	0	310,0	0	1010,0	0	0,0	ERA5
1035433	13/02/2022	01	12/02/2022	20	HNE	-14,7	0	-19,4	0	68,0	0	20,0	0	310,0	0	1011,0	0	0,0	ERA5
1035434	13/02/2022	02	12/02/2022	21	HNE	-15,5	0	-20,1	0	69,0	0	25,0	0	330,0	0	1011,0	0	0,0	ERA5
1035435	13/02/2022	03	12/02/2022	22	HNE	-16,6	0	-21,5	0	66,0	0	18,0	0	360,0	0	1012,0	0	0,0	ERA5
1035436	13/02/2022	04	12/02/2022	23	HNE	-17,4	0	-22,3	0	67,0	0	19,0	0	360,0	0	1012,0	0	0,0	ERA5
1035437	13/02/2022	05	13/02/2022	00	HNE	-18,3	0	-23,2	0	66,0	0	14,0	0	360,0	0	1013,0	0	0,0	ERA5
1035438	13/02/2022	06	13/02/2022	01	HNE	-18,8	0	-23,5	0	67,0	0	15,0	0	350,0	0	1013,0	0	0,0	ERA5
1035439	13/02/2022	07	13/02/2022	02	HNE	-19,7	0	-23,8	0	70,0	0	12,0	0	350,0	0	1013,0	0	0,0	ERA5
1035440	13/02/2022	08	13/02/2022	03	HNE	-20,3	0	-24,4	0	70,0	0	16,0	0	350,0	0	1013,0	0	0,0	ERA5
1035441	13/02/2022	09	13/02/2022	04	HNE	-21,0	0	-24,9	0	71,0	0	20,0	0	360,0	0	1013,0	0	0,0	ERA5
1035442	13/02/2022	10	13/02/2022	05	HNE	-21,7	0	-25,4	0	73,0	0	14,0	0	10,0	0	1013,0	0	0,0	ERA5
1035443	13/02/2022	11	13/02/2022	06	HNE	-22,1	0	-26,1	0	71,0	0	12,0	0	360,0	0	1014,0	0	0,0	ERA5
1035444	13/02/2022	12	13/02/2022	07	HNE	-22,6	0	-26,4	0	72,0	0	13,0	0	360,0	0	1014,0	0	0,0	ERA5
1035445	13/02/2022	13	13/02/2022	08	HNE	-22,7	0	-26,5	0	72,0	0	12,0	0	10,0	0	1014,0	0	139,2	ERA5
1035446	13/02/2022	14	13/02/2022	09	HNE	-21,4	0	-25,8	0	68,0	0	9,0	0	20,0	0	1014,0	0	691,3	ERA5
1035447	13/02/2022	15	13/02/2022	10	HNE	-19,9	0	-25,1	0	64,0	0	11,0	0	80,0	0	1014,0	0	1276,7	ERA5
1035448	13/02/2022	16	13/02/2022	11	HNE	-18,5	0	-24,2	0	61,0	0	5,0	0	40,0	0	1013,0	0	1700,3	ERA5
1035449	13/02/2022	17	13/02/2022	12	HNE	-17,3	0	-23,7	0	58,0	0	4,0	0	30,0	0	1013,0	0	1977,8	ERA5
1035450	13/02/2022	18	13/02/2022	13	HNE	-16,3	0	-22,8	0	58,0	0	4,0	0	40,0	0	1012,0	0	2073,3	ERA5
1035451	13/02/2022	19	13/02/2022	14	HNE	-15,6	0	-22,0	0	58,0	0	8,0	0	10,0	0	1012,0	0	1805,9	ERA5
1035452	13/02/2022	20	13/02/2022	15	HNE	-15,1	0	-21,9	0	56,0	0	12,0	0	30,0	0	1010,0	0	1550,6	ERA5
1035453	13/02/2022	21	13/02/2022	16	HNE	-15,2	0	-22,9	0	52,0	0	8,0	0	90,0	0	1010,0	0	1033,7	ERA5
1035454	13/02/2022	22	13/02/2022	17	HNE	-15,9	0	-22,3	0	59,0	0	8,0	0	150,0	0	1010,0	0	428,8	ERA5
1035455	13/02/2022	23	13/02/2022	18	HNE	-16,8	0	-23,1	0	58,0	0	4,0	0	210,0	0	1010,0	0	25,0	ERA5
1035456	14/02/2022	00	13/02/2022	19	HNE	-16,8	0	-22,6	0	61,0	0	8,0	0	250,0	0	1010,0	0	0,0	ERA5
1035457	14/02/2022	01	13/02/2022	20	HNE	-17,4	0	-23,0	0	62,0	0	13,0	0	290,0	0	1010,0	0	0,0	ERA5
1035458	14/02/2022	02	13/02/2022	21	HNE	-17,9	0	-23,0	0	65,0	0	14,0	0	300,0	0	1009,0	0	0,0	ERA5
1035459	14/02/2022	03	13/02/2022	22	HNE	-18,4	0	-22,4	0	71,0	0	12,0	0	320,0	0	1009,0	0	0,0	ERA5
1035460	14/02/2022	04	13/02/2022	23	HNE	-17,2	0	-22,0	0	67,0	0	14,0	0	330,0	0	1009,0	0	0,0	ERA5
1035461	14/02/2022	05	14/02/2022	00	HNE	-17,8	0	-22,2	0	69,0	0	12,0	0	330,0	0	1008,0	0	0,0	ERA5
1035462	14/02/2022	06	14/02/2022	01	HNE	-17,9	0	-22,2	0	70,0	0	12,0	0	330,0	0	1008,0	0	0,0	ERA5
1035463	14/02/2022	07	14/02/2022	02	HNE	-19,5	0	-23,8	0	69,0	0	11,0	0	310,0	0	1008,0	0	0,0	ERA5
1035464	14/02/2022	08	14/02/2022	03	HNE	-20,4	0	-23,7	0	75,0	0	10,0	0	300,0	0	1007,0	0	0,0	ERA5
1035465	14/02/2022	09	14/02/2022	04	HNE	-20,8	0	-23,9	0	77,0	0	12,0	0	290,0	0	1007,0	0	0,0	ERA5
1035466	14/02/2022	10	14/02/2022	05	HNE	-21,7	0	-24,6	0	78,0	0	14,0	0	300,0	0	1007,0	0	0,0	ERA5
1035467	14/02/2022	11	14/02/2022	06	HNE	-22,3	0	-25,0	0	79,0	0	8,0	0	290,0	0	1007,0	0	0,0	ERA5
1035468	14/02/2022	12	14/02/2022	07	HNE	-23,0	0	-25,8	0	78,0	0	14,0	0	290,0	0	1008,0	0	0,0	ERA5
1035469	14/02/2022	13	14/02/2022	08	HNE	-23,3	0	-26,3	0	77,0	0	17,0	0	300,0	0	1008,0	0	153,4	ERA5
1035470	14/02/2022	14	14/02/2022	09	HNE	-22,0	0	-25,8	0	72,0	0	10,0	0	300,0	0	1009,0	0	747,9	ERA5
1035471	14/02/2022	15	14/02/2022	10	HNE	-19,9	0	-24,4	0	68,0	0	12,0	0	290,0	0	1009,0	0	1353,0	ERA5
1035472	14/02/2022	16	14/02/2022	11	HNE	-18,3	0	-23,4	0	65,0	0	13,0	0	290,0	0	1010,0	0	1817,6	ERA5
1035473	14/02/2022	17	14/02/2022	12	HNE	-16,9	0	-22,9	0	60,0	0	20,0	0	280,0	0	1010,0	0	2092,8	ERA5
1035474	14/02/2022	18	14/02/2022	13	HNE	-16,0	0	-23,2	0	54,0	0	17,0	0	270,0	0	1009,0	0	2153,7	ERA5
1035475	14/02/2022	19	14/02/2022	14	HNE	-15,3	0	-22,8	0	53,0	0	20,0	0	250,0	0	1009,0	0	1993,7	ERA5
1035476	14/02/2022	20	14/02/2022	15	HNE	-14,9	0	-22,3	0	54,0	0	21,0	0	250,0	0	1009,0	0	1629,7	ERA5
1035477	14/02/2022	21	14/02/2022	16	HNE	-14,9	0	-23,3	0	50,0	0	23,0	0	260,0	0	1010,0	0	1099,2	ERA5
1035478	14/02/2022	22	14/02/2022	17	HNE	-15,4	0	-23,8	0	49,0	0	21,0	0	260,0	0	1010,0	0	477,9	ERA5
1035479	14/02/2022	23	14/02/2022	18	HNE	-15,6	0	-24,0	0	49,0	0	17,0	0	290,0	0	1011,0	0	30,2	ERA5
1035480	15/02/2022	00	14/02/2022	19	HNE	-16,2	0	-23,6	0	54,0	0	7,0	0	290,0	0	1012,0	0	0,0	ERA5
1035481	15/02/2022	01	14/02/2022	20	HNE	-17,1	0	-24,3	0	54,0	0	8,0	0	210,0	0	1012,0	0	0,0	ERA5
1035482	15/02/2022	02	14/02/2022	21	HNE	-17,9	0	-23,6	0	61,0	0	10,0	0	210,0	0	1012,0	0	0,0	ERA5
1035483	15/02/2022	03	14/02/2022	22	HNE	-18,2	0	-23,9	0	62,0	0	5,0	0	200,0	0	1013,0	0	0,0	ERA5
1035484	15/02/2022	04	14/02/2022	23	HNE	-18,4	0	-24,1	0	62,0	0	9,0	0	210,0	0	1013,0	0	0,0	ERA5
1035485	15/02/2022	05	15/02/2022	00	HNE	-18,1	0	-23,6	0	63,0	0	11,0	0	230,0	0	1014,0	0	0,0	ERA5
1035486	15/02/2022	06	15/02/2022	01	HNE	-17,7	0	-23,4	0	62,0	0	11,0	0	210,0	0	1014,0	0	0,0	ERA5
1035487	15/02/2022	07	15/02/2022	02	HNE	-18,4	0	-23,5	0	64,0	0	12,0	0	210,0	0	1014,0	0	0,0	ERA5
1035488	15/02/2022	08	15/02/2022	03	HNE	-18,2	0	-22,8	0	68,0	0	10,0	0	200,0	0	1014,0	0	0,0	ERA5
1035489	15/02/2022	09	15/02/2022	04	HNE	-17,4	0	-21,0	0	73,0	0	12,0	0	210,0	0	1014,0	0	0,0	ERA5
1035490	15/02/2022	10	15/02/2022	05	HNE	-17,2	0	-19,6	0	82,0	0	11,0	0	190,0	0	1015,0	0	0,0	ERA5
1035491	15/02/2022	11	15/02/2022	06	HNE	-16,2	0	-18,5	0	83,0	0	9,0	0	210,0	0	1015,0	0	0,0	ERA5
1035492	15/02/2022	12	15/02/2022	07	HNE	-16,3	0	-18,6	0	83,0	0	9,0	0	210,0	0	1016,0	0	0,0	ERA5
1035493	15/02/2022	13	15/02/2022	08	HNE	-15,7	0	-17,9	0	83,0	0	10,0	0	220,0	0	1017,0	0	73,6	ERA5
1035494	15/02/2022	14	15/02/2022	09	HNE	-14,9	0	-18,1	0	77,0	0	12,0	0	260,0	0	1018,0	0	636,3	ERA5
1035495	15/02/2022	15	15/02/2022	10	HNE	-13,4	0	-17,0	0	75,0	0	12,0	0	280,0	0	1019,0	0	1298,4	ERA5
1035496	15/02/2022	16	15/02/2022	11	HNE	-12,5	0	-16,7	0	71,0	0	12,0	0	300,0	0	1020,0	0	1772,1	ERA5
1035497	15/02/2022	17	15/02/2022	12	HNE	-11,3	0	-17,0	0	63,0	0	13,0	0	270,0	0	1021,0	0	2040,9	ERA5
1035498	15/02/2022	18	15/02/2022	13	HNE	-10,1	0	-17,1	0	57,0	0	16,0	0	270,0	0	1021,0	0	2073,7	ERA5
1035499	15/02/2022	19	15/02/2022	14	HNE	-9,8	0	-17,6	0	53,0	0	20,0	0	260,0	0	1021,0	0	1956,2	ERA5
1035500	15/02/2022	20	15/02/2022	15	HNE	-9,5	0	-18,7	0	48,0	0	15,0	0	280,0	0	1021,0	0	1590,1	ERA5
1035501	15/02/2022	21	15/02/2022	16	HNE	-9,6	0	-20,1	0	43,0	0	18,0	0	260,0	0	1022,0	0	1071,8	ERA5
1035502	15/02/2022	22	15/02/2022	17	HNE	-11,2	0	-19,2	0	52,0	0	9,0	0	300,0	0	1022,0	0	479,1	ERA5
1035503	15/02/2022	23	15/02/2022	18	HNE	-11,2	0	-21,1	0	44,0	0	4,0	0	270,0	0	1023,0	0	35,6	ERA5
1035504	16/02/2022	00	15/02/2022	19	HNE	-12,2	0	-20,8	0	49,0	0	3,0	0	330,0	0	1023,0	0	0,0	ERA5
1035505	16/02/2022	01	15/02/2022	20	HNE	-18,1	0	-24,1	0	60,0	0	7,0	0	110,0	0	1023,0	0	0,0	ERA5
1035506	16/02/2022	02	15/02/2022	21	HNE	-14,4	0	-21,2	0	57,0	0	10,0	0	120,0	0	1023,0	0	0,0	ERA5
1035507	16/02/2022	03	15/02/2022	22	HNE	-14,6	0	-21,4	0	57,0	0	10,0	0	120,0	0	1023,0	0	0,0	ERA5
1035508	16/02/2022	04	15/02/2022	23	HNE	-15,2	0	-21,6	0	59,0	0	14,0	0	110,0	0	1022,0	0	0,0	ERA5
1035509	16/02/2022	05	16/02/2022	00	HNE	-15,4	0	-21,8	0	59,0	0	17,0	0	110,0	0	1022,0	0	0,0	ERA5
1035510	16/02/2022	06	16/02/2022	01	HNE	-14,6	0	-20,9	0	59,0	0	17,0	0	110,0	0	1021,0	0	0,0	ERA5
1035511	16/02/2022	07	16/02/2022	02	HNE	-14,8	0	-20,1	0	64,0	0	9,0	0	70,0	0	1020,0	0	0,0	ERA5
1035512	16/02/2022	08	16/02/2022	03	HNE	-14,7	0	-19,5	0	67,0	0	11,0	0	70,0	0	1020,0	0	0,0	ERA5
1035513	16/02/2022	09	16/02/2022	04	HNE	-14,2	0	-18,7	0	69,0	0	19,0	0	70,0	0	1018,0	0	0,0	ERA5
1035514	16/02/2022	10	16/02/2022	05	HNE	-13,1	0	-17,3	0	71,0	0	20,0	0	80,0	0	1017,0	0	0,0	ERA5
1035515	16/02/2022	11	16/02/2022	06	HNE	-12,1	0	-16,4	0	71,0	0	19,0	0	80,0	0	1015,0	0	0,0	ERA5
1035516	16/02/2022	12	16/02/2022	07	HNE	-11,1	0	-15,4	0	71,0	0	23,0	0	100,0	0	1013,0	0	0,0	ERA5
1035517	16/02/2022	13	16/02/2022	08	HNE	-9,8	0	-14,7	0	68,0	0	21,0	0	100,0	0	1012,0	0	69,1	ERA5
1035518	16/02/2022	14	16/02/2022	09	HNE	-8,2	0	-13,4	0	66,0	0	21,0	0	110,0	0	1010,0	0	453,7	ERA5
1035519	16/02/2022	15	16/02/2022	10	HNE	-6,2	0	-11,9	0	64,0	0	17,0	0	100,0	0	1009,0	0	842,3	ERA5
1035520	16/02/2022	16	16/02/2022	11	HNE	-4,2	0	-10,0	0	64,0	0	12,0	0	100,0	0	1007,0	0	1226,6	ERA5
1035521	16/02/2022	17	16/02/2022	12	HNE	1,8	0	-6,9	0	52,0	0	22,0	0	180,0	0	1006,0	0	1511,8	ERA5
1035522	16/02/2022	18	16/02/2022	13	HNE	3,7	0	-5,4	0	52,0	0	24,0	0	190,0	0	1004,0	0	1371,5	ERA5
1035523	16/02/2022	19	16/02/2022	14	HNE	5,7	0	-4,2	0	49,0	0	31,0	0	200,0	0	1002,0	0	1474,6	ERA5
1035524	16/02/2022	20	16/02/2022	15	HNE	6,3	0	-3,7	0	49,0	0	39,0	0	210,0	0	1002,0	0	1032,7	ERA5
1035525	16/02/2022	21	16/02/2022	16	HNE	6,0	0	-3,2	0	52,0	0	32,0	0	200,0	0	1001,0	0	612,5	ERA5
1035526	16/02/2022	22	16/02/2022	17	HNE	5,5	0	-2,9	0	55,0	0	35,0	0	190,0	0	1000,0	0	265,0	ERA5
1035527	16/02/2022	23	16/02/2022	18	HNE	5,7	0	-2,8	0	54,0	0	37,0	0	190,0	0	1000,0	0	21,9	ERA5
1035528	17/02/2022	00	16/02/2022	19	HNE	5,7	0	-2,6	0	55,0	0	34,0	0	200,0	0	1000,0	0	0,0	ERA5
1035529	17/02/2022	01	16/02/2022	20	HNE	5,8	0	-2,3	0	56,0	0	33,0	0	200,0	0	999,0	0	0,0	ERA5
1035530	17/02/2022	02	16/02/2022	21	HNE	5,8	0	-2,1	0	57,0	0	34,0	0	200,0	0	999,0	0	0,0	ERA5
1035531	17/02/2022	03	16/02/2022	22	HNE	5,8	0	-1,7	0	59,0	0	36,0	0	210,0	0	999,0	0	0,0	ERA5
1035532	17/02/2022	04	16/02/2022	23	HNE	5,6	0	-1,3	0	61,0	0	31,0	0	200,0	0	999,0	0	0,0	ERA5
1035533	17/02/2022	05	17/02/2022	00	HNE	5,6	0	-1,1	0	62,0	0	32,0	0	200,0	0	999,0	0	0,0	ERA5
1035534	17/02/2022	06	17/02/2022	01	HNE	5,7	0	-0,4	0	64,0	0	31,0	0	200,0	0	999,0	0	0,0	ERA5
1035535	17/02/2022	07	17/02/2022	02	HNE	5,5	0	0,1	0	68,0	0	26,0	0	200,0	0	998,0	0	0,0	ERA5
1035536	17/02/2022	08	17/02/2022	03	HNE	5,5	0	0,2	0	69,0	0	30,0	0	200,0	0	998,0	0	0,0	ERA5
1035537	17/02/2022	09	17/02/2022	04	HNE	4,7	0	1,3	0	79,0	0	25,0	0	200,0	0	997,0	0	0,0	ERA5
1035538	17/02/2022	10	17/02/2022	05	HNE	4,4	0	1,8	0	83,0	0	20,0	0	200,0	0	997,0	0	0,0	ERA5
1035539	17/02/2022	11	17/02/2022	06	HNE	4,8	0	2,8	0	87,0	0	23,0	0	200,0	0	996,0	0	0,0	ERA5
1035540	17/02/2022	12	17/02/2022	07	HNE	4,3	0	3,2	0	93,0	0	25,0	0	200,0	0	996,0	0	0,0	ERA5
1035541	17/02/2022	13	17/02/2022	08	HNE	4,1	0	3,4	0	95,0	0	22,0	0	200,0	0	996,0	0	17,0	ERA5
1035542	17/02/2022	14	17/02/2022	09	HNE	4,1	0	3,5	0	96,0	0	20,0	0	200,0	0	996,0	0	67,0	ERA5
1035543	17/02/2022	15	17/02/2022	10	HNE	4,4	0	3,9	0	96,0	0	19,0	0	200,0	0	995,0	0	117,4	ERA5
1035544	17/02/2022	16	17/02/2022	11	HNE	4,9	0	4,4	0	97,0	0	18,0	0	200,0	0	994,0	0	238,8	ERA5
1035545	17/02/2022	17	17/02/2022	12	HNE	4,8	0	4,3	0	96,0	0	15,0	0	210,0	0	994,0	0	231,6	ERA5
1035546	17/02/2022	18	17/02/2022	13	HNE	4,8	0	4,5	0	98,0	0	16,0	0	210,0	0	994,0	0	230,9	ERA5
1035547	17/02/2022	19	17/02/2022	14	HNE	4,1	0	3,9	0	98,0	0	15,0	0	290,0	0	993,0	0	221,4	ERA5
1035548	17/02/2022	20	17/02/2022	15	HNE	3,5	0	3,2	0	98,0	0	11,0	0	290,0	0	992,0	0	180,1	ERA5
1035549	17/02/2022	21	17/02/2022	16	HNE	2,8	0	2,6	0	98,0	0	14,0	0	300,0	0	992,0	0	84,6	ERA5
1035550	17/02/2022	22	17/02/2022	17	HNE	0,9	0	0,7	0	98,0	0	18,0	0	350,0	0	992,0	0	37,6	ERA5
1035551	17/02/2022	23	17/02/2022	18	HNE	-0,2	0	-0,5	0	98,0	0	26,0	0	330,0	0	993,0	0	3,8	ERA5
1035552	18/02/2022	00	17/02/2022	19	HNE	-2,0	0	-2,4	0	97,0	0	30,0	0	350,0	0	993,0	0	0,0	ERA5
1035553	18/02/2022	01	17/02/2022	20	HNE	-2,8	0	-3,6	0	95,0	0	28,0	0	350,0	0	991,0	0	0,0	ERA5
1035554	18/02/2022	02	17/02/2022	21	HNE	-3,2	0	-4,0	0	94,0	0	25,0	0	360,0	0	990,0	0	0,0	ERA5
1035555	18/02/2022	03	17/02/2022	22	HNE	-3,9	0	-4,8	0	93,0	0	26,0	0	360,0	0	989,0	0	0,0	ERA5
1035556	18/02/2022	04	17/02/2022	23	HNE	-4,5	0	-5,5	0	93,0	0	28,0	0	350,0	0	987,0	0	0,0	ERA5
1035557	18/02/2022	05	18/02/2022	00	HNE	-5,4	0	-6,5	0	92,0	0	29,0	0	350,0	0	986,0	0	0,0	ERA5
1035558	18/02/2022	06	18/02/2022	01	HNE	-6,7	0	-8,0	0	91,0	0	33,0	0	350,0	0	985,0	0	0,0	ERA5
1035559	18/02/2022	07	18/02/2022	02	HNE	-8,1	0	-9,9	0	86,0	0	37,0	0	350,0	0	985,0	0	0,0	ERA5
1035560	18/02/2022	08	18/02/2022	03	HNE	-9,3	0	-11,5	0	84,0	0	38,0	0	350,0	0	985,0	0	0,0	ERA5
1035561	18/02/2022	09	18/02/2022	04	HNE	-10,1	0	-11,8	0	88,0	0	27,0	0	320,0	0	988,0	0	0,0	ERA5
1035562	18/02/2022	10	18/02/2022	05	HNE	-11,4	0	-13,1	0	87,0	0	28,0	0	310,0	0	989,0	0	0,0	ERA5
1035563	18/02/2022	11	18/02/2022	06	HNE	-11,9	0	-14,1	0	84,0	0	30,0	0	320,0	0	991,0	0	0,0	ERA5
1035564	18/02/2022	12	18/02/2022	07	HNE	-12,4	0	-15,1	0	80,0	0	28,0	0	330,0	0	994,0	0	0,0	ERA5
1035565	18/02/2022	13	18/02/2022	08	HNE	-13,2	0	-16,9	0	74,0	0	35,0	0	320,0	0	996,0	0	123,4	ERA5
1035566	18/02/2022	14	18/02/2022	09	HNE	-13,9	0	-18,2	0	70,0	0	28,0	0	310,0	0	998,0	0	671,5	ERA5
1035567	18/02/2022	15	18/02/2022	10	HNE	-13,8	0	-18,6	0	67,0	0	25,0	0	310,0	0	999,0	0	1347,6	ERA5
1035568	18/02/2022	16	18/02/2022	11	HNE	-13,7	0	-18,8	0	66,0	0	30,0	0	280,0	0	1001,0	0	1841,8	ERA5
1035569	18/02/2022	17	18/02/2022	12	HNE	-13,5	0	-18,6	0	66,0	0	26,0	0	270,0	0	1001,0	0	2160,3	ERA5
1035570	18/02/2022	18	18/02/2022	13	HNE	-12,7	0	-18,0	0	65,0	0	22,0	0	280,0	0	1001,0	0	2235,8	ERA5
1035571	18/02/2022	19	18/02/2022	14	HNE	-12,8	0	-17,7	0	67,0	0	25,0	0	250,0	0	1001,0	0	2080,0	ERA5
1035572	18/02/2022	20	18/02/2022	15	HNE	-12,5	0	-18,3	0	62,0	0	22,0	0	280,0	0	1001,0	0	1717,1	ERA5
1035573	18/02/2022	21	18/02/2022	16	HNE	-12,7	0	-18,3	0	63,0	0	23,0	0	250,0	0	1002,0	0	1183,8	ERA5
1035574	18/02/2022	22	18/02/2022	17	HNE	-12,5	0	-19,1	0	58,0	0	18,0	0	270,0	0	1003,0	0	547,5	ERA5
1035575	18/02/2022	23	18/02/2022	18	HNE	-13,8	0	-19,2	0	64,0	0	8,0	0	280,0	0	1003,0	0	51,7	ERA5
1035576	19/02/2022	00	18/02/2022	19	HNE	-16,1	0	-20,0	0	73,0	0	4,0	0	240,0	0	1004,0	0	0,0	ERA5
1035577	19/02/2022	01	18/02/2022	20	HNE	-17,1	0	-19,6	0	81,0	0	3,0	0	130,0	0	1003,0	0	0,0	ERA5
1035578	19/02/2022	02	18/02/2022	21	HNE	-16,9	0	-19,5	0	80,0	0	8,0	0	140,0	0	1002,0	0	0,0	ERA5
1035579	19/02/2022	03	18/02/2022	22	HNE	-16,8	0	-20,3	0	75,0	0	8,0	0	150,0	0	1002,0	0	0,0	ERA5
1035580	19/02/2022	04	18/02/2022	23	HNE	-15,8	0	-19,2	0	76,0	0	16,0	0	110,0	0	1000,0	0	0,0	ERA5
1035581	19/02/2022	05	19/02/2022	00	HNE	-14,3	0	-17,8	0	75,0	0	20,0	0	120,0	0	998,0	0	0,0	ERA5
1035582	19/02/2022	06	19/02/2022	01	HNE	-13,7	0	-15,9	0	83,0	0	12,0	0	110,0	0	998,0	0	0,0	ERA5
1035583	19/02/2022	07	19/02/2022	02	HNE	-14,0	0	-16,1	0	84,0	0	17,0	0	90,0	0	996,0	0	0,0	ERA5
1035584	19/02/2022	08	19/02/2022	03	HNE	-11,7	0	-13,9	0	84,0	0	21,0	0	110,0	0	993,0	0	0,0	ERA5
1035585	19/02/2022	09	19/02/2022	04	HNE	-10,8	0	-13,1	0	83,0	0	23,0	0	110,0	0	991,0	0	0,0	ERA5
1035586	19/02/2022	10	19/02/2022	05	HNE	-10,2	0	-12,5	0	84,0	0	19,0	0	110,0	0	990,0	0	0,0	ERA5
1035587	19/02/2022	11	19/02/2022	06	HNE	-9,9	0	-11,5	0	88,0	0	19,0	0	110,0	0	988,0	0	0,0	ERA5
1035588	19/02/2022	12	19/02/2022	07	HNE	-9,1	0	-10,5	0	90,0	0	12,0	0	120,0	0	987,0	0	0,0	ERA5
1035589	19/02/2022	13	19/02/2022	08	HNE	-5,3	0	-6,5	0	91,0	0	23,0	0	190,0	0	987,0	0	75,8	ERA5
1035590	19/02/2022	14	19/02/2022	09	HNE	-4,2	0	-6,0	0	87,0	0	18,0	0	190,0	0	986,0	0	376,0	ERA5
1035591	19/02/2022	15	19/02/2022	10	HNE	-2,6	0	-5,0	0	84,0	0	15,0	0	210,0	0	986,0	0	967,1	ERA5
1035592	19/02/2022	16	19/02/2022	11	HNE	-3,6	0	-8,9	0	67,0	0	32,0	0	270,0	0	987,0	0	1508,4	ERA5
1035593	19/02/2022	17	19/02/2022	12	HNE	-3,6	0	-10,1	0	61,0	0	32,0	0	250,0	0	988,0	0	1973,8	ERA5
1035594	19/02/2022	18	19/02/2022	13	HNE	-5,0	0	-9,1	0	73,0	0	42,0	0	280,0	0	990,0	0	1740,7	ERA5
1035595	19/02/2022	19	19/02/2022	14	HNE	-6,7	0	-9,6	0	80,0	0	41,0	0	300,0	0	992,0	0	1697,7	ERA5
1035596	19/02/2022	20	19/02/2022	15	HNE	-7,8	0	-13,1	0	66,0	0	48,0	0	290,0	0	994,0	0	1358,2	ERA5
1035597	19/02/2022	21	19/02/2022	16	HNE	-9,5	0	-16,0	0	59,0	0	42,0	0	290,0	0	997,0	0	1078,4	ERA5
1035598	19/02/2022	22	19/02/2022	17	HNE	-10,9	0	-17,8	0	57,0	0	40,0	0	280,0	0	1000,0	0	520,4	ERA5
1035599	19/02/2022	23	19/02/2022	18	HNE	-11,9	0	-16,6	0	69,0	0	37,0	0	290,0	0	1003,0	0	52,1	ERA5
1035600	20/02/2022	00	19/02/2022	19	HNE	-12,3	0	-17,6	0	65,0	0	30,0	0	280,0	0	1005,0	0	0,0	ERA5
1035601	20/02/2022	01	19/02/2022	20	HNE	-12,5	0	-18,1	0	63,0	0	32,0	0	280,0	0	1007,0	0	0,0	ERA5
1035602	20/02/2022	02	19/02/2022	21	HNE	-13,0	0	-19,2	0	60,0	0	25,0	0	290,0	0	1009,0	0	0,0	ERA5
1035603	20/02/2022	03	19/02/2022	22	HNE	-13,6	0	-19,9	0	60,0	0	19,0	0	290,0	0	1010,0	0	0,0	ERA5
1035604	20/02/2022	04	19/02/2022	23	HNE	-14,2	0	-19,6	0	64,0	0	10,0	0	280,0	0	1011,0	0	0,0	ERA5
1035605	20/02/2022	05	20/02/2022	00	HNE	-16,0	0	-20,3	0	70,0	0	10,0	0	250,0	0	1013,0	0	0,0	ERA5
1035606	20/02/2022	06	20/02/2022	01	HNE	-16,4	0	-19,4	0	78,0	0	9,0	0	200,0	0	1013,0	0	0,0	ERA5
1035607	20/02/2022	07	20/02/2022	02	HNE	-17,6	0	-19,9	0	83,0	0	8,0	0	170,0	0	1013,0	0	0,0	ERA5
1035608	20/02/2022	08	20/02/2022	03	HNE	-18,7	0	-21,0	0	82,0	0	7,0	0	170,0	0	1013,0	0	0,0	ERA5
1035609	20/02/2022	09	20/02/2022	04	HNE	-17,7	0	-19,5	0	86,0	0	10,0	0	170,0	0	1012,0	0	0,0	ERA5
1035610	20/02/2022	10	20/02/2022	05	HNE	-17,3	0	-19,9	0	81,0	0	9,0	0	170,0	0	1012,0	0	0,0	ERA5
1035611	20/02/2022	11	20/02/2022	06	HNE	-17,1	0	-19,6	0	81,0	0	9,0	0	170,0	0	1012,0	0	0,0	ERA5
1035612	20/02/2022	12	20/02/2022	07	HNE	-17,5	0	-19,9	0	82,0	0	12,0	0	130,0	0	1011,0	0	0,0	ERA5
1035613	20/02/2022	13	20/02/2022	08	HNE	-16,2	0	-18,9	0	80,0	0	11,0	0	150,0	0	1011,0	0	178,5	ERA5
1035614	20/02/2022	14	20/02/2022	09	HNE	-14,1	0	-17,1	0	79,0	0	20,0	0	160,0	0	1010,0	0	451,5	ERA5
1035615	20/02/2022	15	20/02/2022	10	HNE	-12,0	0	-18,3	0	60,0	0	20,0	0	170,0	0	1008,0	0	776,3	ERA5
1035616	20/02/2022	16	20/02/2022	11	HNE	-10,5	0	-15,9	0	65,0	0	27,0	0	150,0	0	1006,0	0	1093,9	ERA5
1035617	20/02/2022	17	20/02/2022	12	HNE	-8,5	0	-13,8	0	66,0	0	27,0	0	160,0	0	1004,0	0	1706,0	ERA5
1035618	20/02/2022	18	20/02/2022	13	HNE	-5,3	0	-11,5	0	62,0	0	28,0	0	190,0	0	1002,0	0	1809,6	ERA5
1035619	20/02/2022	19	20/02/2022	14	HNE	-4,7	0	-11,6	0	59,0	0	27,0	0	180,0	0	1000,0	0	1192,5	ERA5
1035620	20/02/2022	20	20/02/2022	15	HNE	-3,2	0	-11,3	0	54,0	0	23,0	0	180,0	0	999,0	0	489,9	ERA5
1035621	20/02/2022	21	20/02/2022	16	HNE	-2,0	0	-10,8	0	51,0	0	20,0	0	190,0	0	997,0	0	364,2	ERA5
1035622	20/02/2022	22	20/02/2022	17	HNE	-0,7	0	-10,2	0	49,0	0	21,0	0	210,0	0	995,0	0	235,0	ERA5
1035623	20/02/2022	23	20/02/2022	18	HNE	0,15	4.lineaire	-10,2	0	46,0	0	23,0	0	210,0	0	995,0	0	45,2	ERA5
1035624	21/02/2022	00	20/02/2022	19	HNE	1,0	0	-8,7	0	48,0	0	26,0	0	220,0	0	995,0	0	0,0	ERA5
1035625	21/02/2022	01	20/02/2022	20	HNE	1,7	0	-7,8	0	49,0	0	25,0	0	210,0	0	995,0	0	0,0	ERA5
1035626	21/02/2022	02	20/02/2022	21	HNE	2,2	0	-6,7	0	52,0	0	29,0	0	200,0	0	996,0	0	0,0	ERA5
1035627	21/02/2022	03	20/02/2022	22	HNE	2,7	0	-5,1	0	56,0	0	28,0	0	210,0	0	996,0	0	0,0	ERA5
1035628	21/02/2022	04	20/02/2022	23	HNE	3,4	0	-3,8	0	60,0	0	25,0	0	220,0	0	998,0	0	0,0	ERA5
1035629	21/02/2022	05	21/02/2022	00	HNE	3,4	0	-3,1	0	63,0	0	22,0	0	210,0	0	999,0	0	0,0	ERA5
1035630	21/02/2022	06	21/02/2022	01	HNE	3,5	0	-2,6	0	64,0	0	19,0	0	200,0	0	1000,0	0	0,0	ERA5
1035631	21/02/2022	07	21/02/2022	02	HNE	3,3	0	-2,3	0	67,0	0	17,0	0	210,0	0	1001,0	0	0,0	ERA5
1035632	21/02/2022	08	21/02/2022	03	HNE	3,6	0	-1,8	0	67,0	0	17,0	0	250,0	0	1002,0	0	0,0	ERA5
1035633	21/02/2022	09	21/02/2022	04	HNE	3,5	0	-1,7	0	69,0	0	16,0	0	290,0	0	1003,0	0	0,0	ERA5
1035634	21/02/2022	10	21/02/2022	05	HNE	2,0	0	-1,9	0	75,0	0	16,0	0	300,0	0	1004,0	0	0,0	ERA5
1035635	21/02/2022	11	21/02/2022	06	HNE	1,7	0	-3,3	0	69,0	0	19,0	0	340,0	0	1006,0	0	0,0	ERA5
1035636	21/02/2022	12	21/02/2022	07	HNE	1,0	0	-5,7	0	61,0	0	16,0	0	340,0	0	1007,0	0	0,0	ERA5
1035637	21/02/2022	13	21/02/2022	08	HNE	1,0	0	-5,8	0	61,0	0	19,0	0	340,0	0	1008,0	0	185,0	ERA5
1035638	21/02/2022	14	21/02/2022	09	HNE	0,8	0	-5,2	0	64,0	0	21,0	0	340,0	0	1009,0	0	642,1	ERA5
1035639	21/02/2022	15	21/02/2022	10	HNE	-0,2	0	-5,6	0	67,0	0	30,0	0	350,0	0	1011,0	0	1215,2	ERA5
1035640	21/02/2022	16	21/02/2022	11	HNE	-2,4	0	-8,2	0	64,0	0	25,0	0	360,0	0	1012,0	0	1386,6	ERA5
1035641	21/02/2022	17	21/02/2022	12	HNE	-2,9	0	-9,3	0	61,0	0	24,0	0	350,0	0	1013,0	0	1490,7	ERA5
1035642	21/02/2022	18	21/02/2022	13	HNE	-2,6	0	-9,5	0	59,0	0	20,0	0	350,0	0	1013,0	0	1424,6	ERA5
1035643	21/02/2022	19	21/02/2022	14	HNE	-2,6	0	-10,0	0	57,0	0	14,0	0	350,0	0	1013,0	0	1353,6	ERA5
1035644	21/02/2022	20	21/02/2022	15	HNE	-2,9	0	-10,6	0	55,0	0	18,0	0	360,0	0	1013,0	0	823,6	ERA5
1035645	21/02/2022	21	21/02/2022	16	HNE	-3,2	0	-10,9	0	56,0	0	19,0	0	360,0	0	1014,0	0	432,9	ERA5
1035646	21/02/2022	22	21/02/2022	17	HNE	-3,6	0	-11,3	0	55,0	0	19,0	0	360,0	0	1014,0	0	170,6	ERA5
1035647	21/02/2022	23	21/02/2022	18	HNE	-4,2	0	-12,1	0	54,0	0	19,0	0	10,0	0	1015,0	0	17,8	ERA5
1035648	22/02/2022	00	21/02/2022	19	HNE	-4,9	0	-13,5	0	51,0	0	21,0	0	10,0	0	1015,0	0	0,0	ERA5
1035649	22/02/2022	01	21/02/2022	20	HNE	-4,8	0	-12,6	0	55,0	0	16,0	0	20,0	0	1016,0	0	0,0	ERA5
1035650	22/02/2022	02	21/02/2022	21	HNE	-4,7	0	-11,8	0	58,0	0	20,0	0	40,0	0	1016,0	0	0,0	ERA5
1035651	22/02/2022	03	21/02/2022	22	HNE	-5,0	0	-11,0	0	63,0	0	24,0	0	50,0	0	1015,0	0	0,0	ERA5
1035652	22/02/2022	04	21/02/2022	23	HNE	-5,7	0	-12,6	0	59,0	0	29,0	0	60,0	0	1015,0	0	0,0	ERA5
1035653	22/02/2022	05	22/02/2022	00	HNE	-6,2	0	-14,6	0	52,0	0	31,0	0	80,0	0	1015,0	0	0,0	ERA5
1035654	22/02/2022	06	22/02/2022	01	HNE	-7,0	0	-14,6	0	55,0	0	34,0	0	70,0	0	1014,0	0	0,0	ERA5
1035655	22/02/2022	07	22/02/2022	02	HNE	-7,5	0	-15,6	0	53,0	0	25,0	0	70,0	0	1013,0	0	0,0	ERA5
1035656	22/02/2022	08	22/02/2022	03	HNE	-8,1	0	-15,1	0	57,0	0	19,0	0	70,0	0	1012,0	0	0,0	ERA5
1035657	22/02/2022	09	22/02/2022	04	HNE	-8,4	0	-13,3	0	68,0	0	23,0	0	80,0	0	1012,0	0	0,0	ERA5
1035658	22/02/2022	10	22/02/2022	05	HNE	-8,6	0	-12,4	0	74,0	0	23,0	0	70,0	0	1012,0	0	0,0	ERA5
1035659	22/02/2022	11	22/02/2022	06	HNE	-8,9	0	-12,2	0	77,0	0	22,0	0	70,0	0	1011,0	0	0,0	ERA5
1035660	22/02/2022	12	22/02/2022	07	HNE	-9,2	0	-12,6	0	77,0	0	25,0	0	80,0	0	1010,0	0	0,1	ERA5
1035661	22/02/2022	13	22/02/2022	08	HNE	-9,2	0	-12,3	0	78,0	0	21,0	0	70,0	0	1010,0	0	56,2	ERA5
1035662	22/02/2022	14	22/02/2022	09	HNE	-8,9	0	-12,0	0	79,0	0	32,0	0	90,0	0	1009,0	0	326,5	ERA5
1035663	22/02/2022	15	22/02/2022	10	HNE	-8,2	0	-11,4	0	78,0	0	28,0	0	80,0	0	1008,0	0	867,0	ERA5
1035664	22/02/2022	16	22/02/2022	11	HNE	-7,8	0	-11,2	0	77,0	0	22,0	0	80,0	0	1006,0	0	1031,4	ERA5
1035665	22/02/2022	17	22/02/2022	12	HNE	-7,3	0	-10,9	0	75,0	0	22,0	0	90,0	0	1005,0	0	1212,0	ERA5
1035666	22/02/2022	18	22/02/2022	13	HNE	-6,7	0	-10,8	0	73,0	0	16,0	0	80,0	0	1003,0	0	1182,5	ERA5
1035667	22/02/2022	19	22/02/2022	14	HNE	-6,7	0	-10,7	0	73,0	0	18,0	0	60,0	0	1002,0	0	748,9	ERA5
1035668	22/02/2022	20	22/02/2022	15	HNE	-6,0	0	-8,3	0	84,0	0	23,0	0	80,0	0	1001,0	0	315,6	ERA5
1035669	22/02/2022	21	22/02/2022	16	HNE	-6,1	0	-7,7	0	89,0	0	16,0	0	70,0	0	1000,0	0	120,9	ERA5
1035670	22/02/2022	22	22/02/2022	17	HNE	-5,4	0	-6,5	0	92,0	0	18,0	0	60,0	0	997,0	0	54,8	ERA5
1035671	22/02/2022	23	22/02/2022	18	HNE	-5,3	0	-6,3	0	93,0	0	19,0	0	70,0	0	994,0	0	5,2	ERA5
1035672	23/02/2022	00	22/02/2022	19	HNE	-4,1	0	-5,0	0	94,0	0	19,0	0	60,0	0	993,0	0	0,0	ERA5
1035673	23/02/2022	01	22/02/2022	20	HNE	-2,5	0	-3,3	0	94,0	0	13,0	0	70,0	0	992,0	0	0,0	ERA5
1035674	23/02/2022	02	22/02/2022	21	HNE	-2,4	0	-3,1	0	95,0	0	12,0	0	80,0	0	991,0	0	0,0	ERA5
1035675	23/02/2022	03	22/02/2022	22	HNE	-2,0	0	-2,5	0	96,0	0	13,0	0	70,0	0	990,0	0	0,0	ERA5
1035676	23/02/2022	04	22/02/2022	23	HNE	-1,7	0	-2,2	0	97,0	0	9,0	0	130,0	0	989,0	0	0,0	ERA5
1035677	23/02/2022	05	23/02/2022	00	HNE	-1,2	0	-1,5	0	97,0	0	8,0	0	190,0	0	989,0	0	0,0	ERA5
1035678	23/02/2022	06	23/02/2022	01	HNE	-0,2	0	-0,4	0	98,0	0	13,0	0	190,0	0	990,0	0	0,0	ERA5
1035679	23/02/2022	07	23/02/2022	02	HNE	0,8	0	0,6	0	98,0	0	12,0	0	240,0	0	990,0	0	0,0	ERA5
1035680	23/02/2022	08	23/02/2022	03	HNE	-0,1	0	-0,3	0	99,0	0	18,0	0	270,0	0	991,0	0	0,0	ERA5
1035681	23/02/2022	09	23/02/2022	04	HNE	-1,4	0	-1,7	0	98,0	0	15,0	0	290,0	0	991,0	0	0,0	ERA5
1035682	23/02/2022	10	23/02/2022	05	HNE	-2,2	0	-2,6	0	97,0	0	23,0	0	290,0	0	993,0	0	0,0	ERA5
1035683	23/02/2022	11	23/02/2022	06	HNE	-3,9	0	-4,8	0	94,0	0	22,0	0	280,0	0	995,0	0	0,0	ERA5
1035684	23/02/2022	12	23/02/2022	07	HNE	-6,3	0	-7,9	0	89,0	0	24,0	0	270,0	0	996,0	0	0,2	ERA5
1035685	23/02/2022	13	23/02/2022	08	HNE	-8,0	0	-10,3	0	84,0	0	27,0	0	280,0	0	998,0	0	82,5	ERA5
1035686	23/02/2022	14	23/02/2022	09	HNE	-9,3	0	-12,1	0	80,0	0	34,0	0	290,0	0	1000,0	0	303,8	ERA5
1035687	23/02/2022	15	23/02/2022	10	HNE	-9,8	0	-12,3	0	82,0	0	23,0	0	260,0	0	1001,0	0	505,2	ERA5
1035688	23/02/2022	16	23/02/2022	11	HNE	-9,9	0	-13,4	0	76,0	0	42,0	0	290,0	0	1002,0	0	598,3	ERA5
1035689	23/02/2022	17	23/02/2022	12	HNE	-9,5	0	-13,0	0	76,0	0	31,0	0	290,0	0	1004,0	0	1184,8	ERA5
1035690	23/02/2022	18	23/02/2022	13	HNE	-9,2	0	-12,4	0	78,0	0	32,0	0	300,0	0	1004,0	0	1434,2	ERA5
1035691	23/02/2022	19	23/02/2022	14	HNE	-8,9	0	-12,6	0	75,0	0	39,0	0	300,0	0	1005,0	0	1955,7	ERA5
1035692	23/02/2022	20	23/02/2022	15	HNE	-9,7	0	-13,8	0	72,0	0	32,0	0	290,0	0	1007,0	0	1543,1	ERA5
1035693	23/02/2022	21	23/02/2022	16	HNE	-10,2	0	-15,8	0	64,0	0	39,0	0	290,0	0	1009,0	0	1161,4	ERA5
1035694	23/02/2022	22	23/02/2022	17	HNE	-10,9	0	-16,8	0	62,0	0	27,0	0	290,0	0	1011,0	0	597,7	ERA5
1035695	23/02/2022	23	23/02/2022	18	HNE	-11,6	0	-16,6	0	67,0	0	17,0	0	290,0	0	1013,0	0	80,3	ERA5
1035696	24/02/2022	00	23/02/2022	19	HNE	-12,0	0	-16,8	0	68,0	0	17,0	0	280,0	0	1015,0	0	0,0	ERA5
1035697	24/02/2022	01	23/02/2022	20	HNE	-12,5	0	-17,2	0	68,0	0	22,0	0	280,0	0	1016,0	0	0,0	ERA5
1035698	24/02/2022	02	23/02/2022	21	HNE	-12,7	0	-17,8	0	66,0	0	22,0	0	290,0	0	1017,0	0	0,0	ERA5
1035699	24/02/2022	03	23/02/2022	22	HNE	-13,3	0	-17,6	0	70,0	0	26,0	0	310,0	0	1017,0	0	0,0	ERA5
1035700	24/02/2022	04	23/02/2022	23	HNE	-13,8	0	-17,8	0	72,0	0	18,0	0	310,0	0	1018,0	0	0,0	ERA5
1035701	24/02/2022	05	24/02/2022	00	HNE	-14,3	0	-17,9	0	75,0	0	14,0	0	270,0	0	1018,0	0	0,0	ERA5
1035702	24/02/2022	06	24/02/2022	01	HNE	-15,0	0	-18,4	0	76,0	0	10,0	0	290,0	0	1019,0	0	0,0	ERA5
1035703	24/02/2022	07	24/02/2022	02	HNE	-15,5	0	-19,1	0	74,0	0	17,0	0	330,0	0	1019,0	0	0,0	ERA5
1035704	24/02/2022	08	24/02/2022	03	HNE	-15,8	0	-20,1	0	70,0	0	15,0	0	330,0	0	1019,0	0	0,0	ERA5
1035705	24/02/2022	09	24/02/2022	04	HNE	-16,9	0	-20,9	0	72,0	0	16,0	0	310,0	0	1020,0	0	0,0	ERA5
1035706	24/02/2022	10	24/02/2022	05	HNE	-17,1	0	-21,3	0	70,0	0	11,0	0	310,0	0	1021,0	0	0,0	ERA5
1035707	24/02/2022	11	24/02/2022	06	HNE	-17,2	0	-21,3	0	70,0	0	13,0	0	340,0	0	1021,0	0	0,0	ERA5
1035708	24/02/2022	12	24/02/2022	07	HNE	-17,5	0	-22,3	0	67,0	0	10,0	0	340,0	0	1021,0	0	1,3	ERA5
1035709	24/02/2022	13	24/02/2022	08	HNE	-17,2	0	-21,9	0	67,0	0	8,0	0	360,0	0	1022,0	0	237,5	ERA5
1035710	24/02/2022	14	24/02/2022	09	HNE	-16,4	0	-22,1	0	62,0	0	8,0	0	340,0	0	1023,0	0	797,2	ERA5
1035711	24/02/2022	15	24/02/2022	10	HNE	-15,4	0	-21,4	0	61,0	0	9,0	0	290,0	0	1023,0	0	1428,9	ERA5
1035712	24/02/2022	16	24/02/2022	11	HNE	-14,1	0	-20,6	0	58,0	0	10,0	0	330,0	0	1023,0	0	1886,4	ERA5
1035713	24/02/2022	17	24/02/2022	12	HNE	-12,8	0	-19,4	0	58,0	0	8,0	0	230,0	0	1023,0	0	2131,0	ERA5
1035714	24/02/2022	18	24/02/2022	13	HNE	-12,1	0	-21,4	0	46,0	0	8,0	0	260,0	0	1022,0	0	2341,1	ERA5
1035715	24/02/2022	19	24/02/2022	14	HNE	-11,0	0	-18,5	0	54,0	0	9,0	0	330,0	0	1022,0	0	2181,1	ERA5
1035716	24/02/2022	20	24/02/2022	15	HNE	-10,7	0	-20,6	0	45,0	0	7,0	0	300,0	0	1021,0	0	1814,9	ERA5
1035717	24/02/2022	21	24/02/2022	16	HNE	-10,3	0	-19,9	0	46,0	0	6,0	0	290,0	0	1021,0	0	1277,4	ERA5
1035718	24/02/2022	22	24/02/2022	17	HNE	-10,1	0	-18,0	0	53,0	0	7,0	0	360,0	0	1021,0	0	636,1	ERA5
1035719	24/02/2022	23	24/02/2022	18	HNE	-10,5	0	-17,8	0	56,0	0	3,0	0	30,0	0	1020,0	0	89,2	ERA5
1035720	25/02/2022	00	24/02/2022	19	HNE	-11,0	0	-17,1	0	62,0	0	8,0	0	360,0	0	1021,0	0	0,0	ERA5
1035721	25/02/2022	01	24/02/2022	20	HNE	-11,7	0	-16,3	0	69,0	0	12,0	0	20,0	0	1020,0	0	0,0	ERA5
1035722	25/02/2022	02	24/02/2022	21	HNE	-12,5	0	-16,1	0	75,0	0	13,0	0	40,0	0	1020,0	0	0,0	ERA5
1035723	25/02/2022	03	24/02/2022	22	HNE	-13,2	0	-16,4	0	77,0	0	6,0	0	70,0	0	1019,0	0	0,0	ERA5
1035724	25/02/2022	04	24/02/2022	23	HNE	-13,6	0	-16,9	0	77,0	0	10,0	0	50,0	0	1019,0	0	0,0	ERA5
1035725	25/02/2022	05	25/02/2022	00	HNE	-13,2	0	-16,7	0	76,0	0	18,0	0	40,0	0	1018,0	0	0,0	ERA5
1035726	25/02/2022	06	25/02/2022	01	HNE	-13,3	0	-16,7	0	76,0	0	17,0	0	40,0	0	1017,0	0	0,0	ERA5
1035727	25/02/2022	07	25/02/2022	02	HNE	-13,3	0	-16,7	0	76,0	0	11,0	0	50,0	0	1017,0	0	0,0	ERA5
1035728	25/02/2022	08	25/02/2022	03	HNE	-13,2	0	-16,7	0	75,0	0	16,0	0	60,0	0	1015,0	0	0,0	ERA5
1035729	25/02/2022	09	25/02/2022	04	HNE	-13,1	0	-16,7	0	75,0	0	23,0	0	50,0	0	1013,0	0	0,0	ERA5
1035730	25/02/2022	10	25/02/2022	05	HNE	-13,0	0	-16,5	0	75,0	0	27,0	0	50,0	0	1012,0	0	0,0	ERA5
1035731	25/02/2022	11	25/02/2022	06	HNE	-12,9	0	-17,2	0	71,0	0	31,0	0	60,0	0	1011,0	0	0,0	ERA5
1035732	25/02/2022	12	25/02/2022	07	HNE	-13,2	0	-17,8	0	69,0	0	31,0	0	60,0	0	1010,0	0	0,5	ERA5
1035733	25/02/2022	13	25/02/2022	08	HNE	-13,6	0	-17,1	0	75,0	0	36,0	0	50,0	0	1009,0	0	62,4	ERA5
1035734	25/02/2022	14	25/02/2022	09	HNE	-13,3	0	-15,8	0	82,0	0	37,0	0	60,0	0	1007,0	0	173,9	ERA5
1035735	25/02/2022	15	25/02/2022	10	HNE	-12,7	0	-15,2	0	82,0	0	34,0	0	60,0	0	1007,0	0	336,7	ERA5
1035736	25/02/2022	16	25/02/2022	11	HNE	-12,8	0	-14,9	0	84,0	0	30,0	0	50,0	0	1006,0	0	353,7	ERA5
1035737	25/02/2022	17	25/02/2022	12	HNE	-12,6	0	-14,7	0	84,0	0	21,0	0	40,0	0	1006,0	0	483,1	ERA5
1035738	25/02/2022	18	25/02/2022	13	HNE	-12,1	0	-14,4	0	83,0	0	21,0	0	20,0	0	1007,0	0	731,5	ERA5
1035739	25/02/2022	19	25/02/2022	14	HNE	-11,2	0	-13,7	0	82,0	0	19,0	0	360,0	0	1007,0	0	709,7	ERA5
1035740	25/02/2022	20	25/02/2022	15	HNE	-10,5	0	-13,5	0	79,0	0	19,0	0	340,0	0	1009,0	0	802,1	ERA5
1035741	25/02/2022	21	25/02/2022	16	HNE	-10,7	0	-13,7	0	79,0	0	22,0	0	330,0	0	1010,0	0	778,1	ERA5
1035742	25/02/2022	22	25/02/2022	17	HNE	-11,6	0	-15,0	0	76,0	0	16,0	0	320,0	0	1011,0	0	512,9	ERA5
1035743	25/02/2022	23	25/02/2022	18	HNE	-13,8	0	-16,8	0	78,0	0	14,0	0	310,0	0	1012,0	0	76,0	ERA5
1035744	26/02/2022	00	25/02/2022	19	HNE	-14,2	0	-17,0	0	80,0	0	13,0	0	320,0	0	1014,0	0	0,0	ERA5
1035745	26/02/2022	01	25/02/2022	20	HNE	-14,5	0	-16,6	0	84,0	0	8,0	0	300,0	0	1014,0	0	0,0	ERA5
1035746	26/02/2022	02	25/02/2022	21	HNE	-17,9	0	-19,5	0	87,0	0	3,0	0	210,0	0	1015,0	0	0,0	ERA5
1035747	26/02/2022	03	25/02/2022	22	HNE	-18,2	0	-20,1	0	85,0	0	4,0	0	200,0	0	1015,0	0	0,0	ERA5
1035748	26/02/2022	04	25/02/2022	23	HNE	-19,1	0	-21,1	0	84,0	0	4,0	0	180,0	0	1015,0	0	0,0	ERA5
1035749	26/02/2022	05	26/02/2022	00	HNE	-17,4	0	-19,4	0	85,0	0	8,0	0	200,0	0	1015,0	0	0,0	ERA5
1035750	26/02/2022	06	26/02/2022	01	HNE	-19,0	0	-21,1	0	84,0	0	4,0	0	180,0	0	1015,0	0	0,0	ERA5
1035751	26/02/2022	07	26/02/2022	02	HNE	-20,3	0	-22,4	0	83,0	0	9,0	0	200,0	0	1015,0	0	0,0	ERA5
1035752	26/02/2022	08	26/02/2022	03	HNE	-19,2	0	-21,2	0	85,0	0	12,0	0	190,0	0	1015,0	0	0,0	ERA5
1035753	26/02/2022	09	26/02/2022	04	HNE	-20,1	0	-22,3	0	83,0	0	8,0	0	220,0	0	1014,0	0	0,0	ERA5
1035754	26/02/2022	10	26/02/2022	05	HNE	-22,5	0	-24,9	0	81,0	0	8,0	0	200,0	0	1015,0	0	0,0	ERA5
1035755	26/02/2022	11	26/02/2022	06	HNE	-21,1	0	-23,4	0	82,0	0	11,0	0	220,0	0	1015,0	0	0,0	ERA5
1035756	26/02/2022	12	26/02/2022	07	HNE	-21,1	0	-23,4	0	82,0	0	11,0	0	220,0	0	1015,0	0	3,7	ERA5
1035757	26/02/2022	13	26/02/2022	08	HNE	-19,7	0	-21,8	0	84,0	0	9,0	0	210,0	0	1015,0	0	332,9	ERA5
1035758	26/02/2022	14	26/02/2022	09	HNE	-17,0	0	-18,9	0	85,0	0	9,0	0	220,0	0	1015,0	0	977,5	ERA5
1035759	26/02/2022	15	26/02/2022	10	HNE	-13,8	0	-15,4	0	88,0	0	8,0	0	210,0	0	1014,0	0	1578,5	ERA5
1035760	26/02/2022	16	26/02/2022	11	HNE	-10,1	0	-11,5	0	90,0	0	17,0	0	230,0	0	1013,0	0	1963,6	ERA5
1035761	26/02/2022	17	26/02/2022	12	HNE	-6,5	0	-13,3	0	59,0	0	15,0	0	220,0	0	1013,0	0	2250,4	ERA5
1035762	26/02/2022	18	26/02/2022	13	HNE	-5,0	0	-11,8	0	59,0	0	21,0	0	210,0	0	1011,0	0	2267,6	ERA5
1035763	26/02/2022	19	26/02/2022	14	HNE	-4,7	0	-10,7	0	63,0	0	25,0	0	220,0	0	1009,0	0	1859,5	ERA5
1035764	26/02/2022	20	26/02/2022	15	HNE	-3,9	0	-10,6	0	60,0	0	26,0	0	210,0	0	1008,0	0	1158,6	ERA5
1035765	26/02/2022	21	26/02/2022	16	HNE	-4,2	0	-10,1	0	63,0	0	27,0	0	230,0	0	1007,0	0	657,8	ERA5
1035766	26/02/2022	22	26/02/2022	17	HNE	-4,4	0	-10,9	0	61,0	0	22,0	0	210,0	0	1006,0	0	393,6	ERA5
1035767	26/02/2022	23	26/02/2022	18	HNE	-4,6	0	-10,7	0	62,0	0	20,0	0	220,0	0	1006,0	0	86,1	ERA5
1035768	27/02/2022	00	26/02/2022	19	HNE	-4,8	0	-10,7	0	64,0	0	21,0	0	220,0	0	1006,0	0	0,0	ERA5
1035769	27/02/2022	01	26/02/2022	20	HNE	-4,9	0	-10,5	0	65,0	0	24,0	0	210,0	0	1005,0	0	0,0	ERA5
1035770	27/02/2022	02	26/02/2022	21	HNE	-5,5	0	-10,2	0	69,0	0	22,0	0	200,0	0	1004,0	0	0,0	ERA5
1035771	27/02/2022	03	26/02/2022	22	HNE	-6,1	0	-9,9	0	75,0	0	21,0	0	210,0	0	1003,0	0	0,0	ERA5
1035772	27/02/2022	04	26/02/2022	23	HNE	-6,3	0	-10,2	0	74,0	0	19,0	0	220,0	0	1002,0	0	0,0	ERA5
1035773	27/02/2022	05	27/02/2022	00	HNE	-6,2	0	-11,0	0	69,0	0	19,0	0	210,0	0	1001,0	0	0,0	ERA5
1035774	27/02/2022	06	27/02/2022	01	HNE	-5,9	0	-10,7	0	69,0	0	21,0	0	210,0	0	1000,0	0	0,0	ERA5
1035775	27/02/2022	07	27/02/2022	02	HNE	-5,7	0	-10,1	0	71,0	0	26,0	0	210,0	0	999,0	0	0,0	ERA5
1035776	27/02/2022	08	27/02/2022	03	HNE	-5,7	0	-10,1	0	72,0	0	22,0	0	220,0	0	998,0	0	0,0	ERA5
1035777	27/02/2022	09	27/02/2022	04	HNE	-5,2	0	-9,6	0	71,0	0	20,0	0	230,0	0	997,0	0	0,0	ERA5
1035778	27/02/2022	10	27/02/2022	05	HNE	-5,0	0	-9,4	0	71,0	0	17,0	0	230,0	0	997,0	0	0,0	ERA5
1035779	27/02/2022	11	27/02/2022	06	HNE	-4,3	0	-8,8	0	71,0	0	29,0	0	220,0	0	996,0	0	0,0	ERA5
1035780	27/02/2022	12	27/02/2022	07	HNE	-4,1	0	-8,6	0	71,0	0	30,0	0	220,0	0	995,0	0	2,3	ERA5
1035781	27/02/2022	13	27/02/2022	08	HNE	-3,7	0	-8,1	0	71,0	0	33,0	0	220,0	0	994,0	0	119,1	ERA5
1035782	27/02/2022	14	27/02/2022	09	HNE	-3,3	0	-7,9	0	71,0	0	32,0	0	220,0	0	994,0	0	371,1	ERA5
1035783	27/02/2022	15	27/02/2022	10	HNE	-2,8	0	-7,0	0	73,0	0	38,0	0	230,0	0	993,0	0	1084,2	ERA5
1035784	27/02/2022	16	27/02/2022	11	HNE	-1,7	0	-6,1	0	72,0	0	28,0	0	230,0	0	992,0	0	1564,5	ERA5
1035785	27/02/2022	17	27/02/2022	12	HNE	-4,0	0	-5,6	0	88,0	0	28,0	0	330,0	0	993,0	0	1640,7	ERA5
1035786	27/02/2022	18	27/02/2022	13	HNE	-3,8	0	-9,6	0	64,0	0	41,0	0	300,0	0	994,0	0	1672,1	ERA5
1035787	27/02/2022	19	27/02/2022	14	HNE	-4,6	0	-10,8	0	62,0	0	47,0	0	300,0	0	995,0	0	2025,0	ERA5
1035788	27/02/2022	20	27/02/2022	15	HNE	-4,7	0	-13,8	0	49,0	0	44,0	0	320,0	0	996,0	0	1830,0	ERA5
1035789	27/02/2022	21	27/02/2022	16	HNE	-4,7	0	-13,2	0	52,0	0	35,0	0	320,0	0	997,0	0	1256,8	ERA5
1035790	27/02/2022	22	27/02/2022	17	HNE	-6,1	0	-12,3	0	61,0	0	30,0	0	290,0	0	998,0	0	639,7	ERA5
1035791	27/02/2022	23	27/02/2022	18	HNE	-7,0	0	-10,7	0	76,0	0	25,0	0	310,0	0	1000,0	0	98,2	ERA5
1035792	28/02/2022	00	27/02/2022	19	HNE	-7,7	0	-12,2	0	70,0	0	26,0	0	310,0	0	1001,0	0	0,0	ERA5
1035793	28/02/2022	01	27/02/2022	20	HNE	-8,7	0	-14,8	0	61,0	0	22,0	0	330,0	0	1002,0	0	0,0	ERA5
1035794	28/02/2022	02	27/02/2022	21	HNE	-9,8	0	-16,6	0	58,0	0	26,0	0	330,0	0	1004,0	0	0,0	ERA5
1035795	28/02/2022	03	27/02/2022	22	HNE	-11,1	0	-16,9	0	62,0	0	26,0	0	340,0	0	1005,0	0	0,0	ERA5
1035796	28/02/2022	04	27/02/2022	23	HNE	-12,3	0	-17,8	0	64,0	0	30,0	0	330,0	0	1006,0	0	0,0	ERA5
1035797	28/02/2022	05	28/02/2022	00	HNE	-13,4	0	-19,0	0	63,0	0	17,0	0	330,0	0	1007,0	0	0,0	ERA5
1035798	28/02/2022	06	28/02/2022	01	HNE	-14,3	0	-20,9	0	58,0	0	20,0	0	330,0	0	1008,0	0	0,0	ERA5
1035799	28/02/2022	07	28/02/2022	02	HNE	-15,3	0	-20,8	0	64,0	0	18,0	0	330,0	0	1009,0	0	0,0	ERA5
1035800	28/02/2022	08	28/02/2022	03	HNE	-16,0	0	-21,4	0	64,0	0	19,0	0	320,0	0	1009,0	0	0,0	ERA5
1035801	28/02/2022	09	28/02/2022	04	HNE	-16,9	0	-21,7	0	67,0	0	15,0	0	320,0	0	1010,0	0	0,0	ERA5
1035802	28/02/2022	10	28/02/2022	05	HNE	-17,7	0	-22,3	0	68,0	0	17,0	0	320,0	0	1011,0	0	0,0	ERA5
1035803	28/02/2022	11	28/02/2022	06	HNE	-17,5	0	-22,1	0	68,0	0	16,0	0	330,0	0	1012,0	0	0,0	ERA5
1035804	28/02/2022	12	28/02/2022	07	HNE	-18,8	0	-22,8	0	71,0	0	9,0	0	290,0	0	1013,0	0	7,5	ERA5
1035805	28/02/2022	13	28/02/2022	08	HNE	-18,1	0	-22,9	0	66,0	0	17,0	0	310,0	0	1013,0	0	370,8	ERA5
1035806	28/02/2022	14	28/02/2022	09	HNE	-17,0	0	-22,3	0	64,0	0	13,0	0	290,0	0	1014,0	0	1034,7	ERA5
1035807	28/02/2022	15	28/02/2022	10	HNE	-16,2	0	-22,3	0	60,0	0	14,0	0	300,0	0	1015,0	0	1644,0	ERA5
1035808	28/02/2022	16	28/02/2022	11	HNE	-15,4	0	-21,9	0	58,0	0	18,0	0	250,0	0	1015,0	0	2121,9	ERA5
1035809	28/02/2022	17	28/02/2022	12	HNE	-14,4	0	-21,6	0	55,0	0	17,0	0	240,0	0	1014,0	0	2403,8	ERA5
1035810	28/02/2022	18	28/02/2022	13	HNE	-13,4	0	-21,1	0	53,0	0	11,0	0	280,0	0	1014,0	0	2465,1	ERA5
1035811	28/02/2022	19	28/02/2022	14	HNE	-12,6	0	-21,3	0	49,0	0	13,0	0	250,0	0	1013,0	0	2304,6	ERA5
1035812	28/02/2022	20	28/02/2022	15	HNE	-11,5	0	-21,6	0	44,0	0	17,0	0	270,0	0	1013,0	0	1919,7	ERA5
1035813	28/02/2022	21	28/02/2022	16	HNE	-10,8	0	-21,1	0	43,0	0	8,0	0	260,0	0	1013,0	0	1340,4	ERA5
1035814	28/02/2022	22	28/02/2022	17	HNE	-11,3	0	-20,4	0	47,0	0	3,0	0	0,0	0	1012,0	0	661,5	ERA5
1035815	28/02/2022	23	28/02/2022	18	HNE	-13,0	0	-21,9	0	48,0	0	5,0	0	160,0	0	1013,0	0	116,3	ERA5
1035816	01/03/2022	00	28/02/2022	19	HNE	-12,9	0	-21,9	0	48,0	0	7,0	0	120,0	0	1012,0	0	0,0	ERA5
1035817	01/03/2022	01	28/02/2022	20	HNE	-14,4	0	-20,8	0	59,0	0	8,0	0	130,0	0	1012,0	0	0,0	ERA5
1035818	01/03/2022	02	28/02/2022	21	HNE	-13,7	0	-21,0	0	55,0	0	7,0	0	140,0	0	1012,0	0	0,0	ERA5
1035819	01/03/2022	03	28/02/2022	22	HNE	-14,3	0	-20,9	0	58,0	0	8,0	0	120,0	0	1012,0	0	0,0	ERA5
1035820	01/03/2022	04	28/02/2022	23	HNE	-15,1	0	-20,4	0	64,0	0	6,0	0	80,0	0	1011,0	0	0,0	ERA5
1035821	01/03/2022	05	01/03/2022	00	HNE	-15,4	0	-19,9	0	69,0	0	5,0	0	90,0	0	1011,0	0	0,0	ERA5
1035822	01/03/2022	06	01/03/2022	01	HNE	-16,2	0	-20,5	0	70,0	0	6,0	0	60,0	0	1010,0	0	0,0	ERA5
1035823	01/03/2022	07	01/03/2022	02	HNE	-15,6	0	-20,4	0	67,0	0	9,0	0	60,0	0	1009,0	0	0,0	ERA5
1035824	01/03/2022	08	01/03/2022	03	HNE	-16,0	0	-20,6	0	68,0	0	11,0	0	70,0	0	1008,0	0	0,0	ERA5
1035825	01/03/2022	09	01/03/2022	04	HNE	-15,9	0	-20,8	0	67,0	0	16,0	0	70,0	0	1007,0	0	0,0	ERA5
1035826	01/03/2022	10	01/03/2022	05	HNE	-15,6	0	-20,5	0	67,0	0	16,0	0	70,0	0	1007,0	0	0,0	ERA5
1035827	01/03/2022	11	01/03/2022	06	HNE	-15,2	0	-20,5	0	64,0	0	18,0	0	70,0	0	1006,0	0	0,0	ERA5
1035828	01/03/2022	12	01/03/2022	07	HNE	-14,8	0	-20,0	0	65,0	0	21,0	0	60,0	0	1004,0	0	5,6	ERA5
1035829	01/03/2022	13	01/03/2022	08	HNE	-14,4	0	-18,1	0	74,0	0	19,0	0	60,0	0	1003,0	0	139,3	ERA5
1035830	01/03/2022	14	01/03/2022	09	HNE	-14,1	0	-16,5	0	82,0	0	21,0	0	60,0	0	1002,0	0	339,6	ERA5
1035831	01/03/2022	15	01/03/2022	10	HNE	-13,2	0	-15,4	0	84,0	0	23,0	0	60,0	0	1001,0	0	487,8	ERA5
1035832	01/03/2022	16	01/03/2022	11	HNE	-12,8	0	-15,0	0	84,0	0	21,0	0	60,0	0	1000,0	0	544,6	ERA5
1035833	01/03/2022	17	01/03/2022	12	HNE	-12,5	0	-14,9	0	82,0	0	25,0	0	60,0	0	999,0	0	893,4	ERA5
1035834	01/03/2022	18	01/03/2022	13	HNE	-11,9	0	-14,5	0	82,0	0	18,0	0	60,0	0	998,0	0	762,0	ERA5
1035835	01/03/2022	19	01/03/2022	14	HNE	-11,4	0	-13,9	0	82,0	0	15,0	0	60,0	0	998,0	0	889,3	ERA5
1035836	01/03/2022	20	01/03/2022	15	HNE	-11,1	0	-13,4	0	83,0	0	10,0	0	40,0	0	997,0	0	699,4	ERA5
1035837	01/03/2022	21	01/03/2022	16	HNE	-10,5	0	-13,1	0	82,0	0	10,0	0	70,0	0	997,0	0	557,4	ERA5
1035838	01/03/2022	22	01/03/2022	17	HNE	-10,2	0	-12,8	0	81,0	0	3,0	0	0,0	0	997,0	0	234,5	ERA5
1035839	01/03/2022	23	01/03/2022	18	HNE	-10,2	0	-12,7	0	82,0	0	1,0	0	0,0	0	998,0	0	54,1	ERA5
1035840	02/03/2022	00	01/03/2022	19	HNE	-9,9	0	-12,1	0	84,0	0	8,0	0	300,0	0	998,0	0	0,0	ERA5
1035841	02/03/2022	01	01/03/2022	20	HNE	-9,7	0	-11,8	0	85,0	0	14,0	0	290,0	0	999,0	0	0,0	ERA5
1035842	02/03/2022	02	01/03/2022	21	HNE	-9,7	0	-11,9	0	84,0	0	15,0	0	290,0	0	999,0	0	0,0	ERA5
1035843	02/03/2022	03	01/03/2022	22	HNE	-9,8	0	-12,0	0	84,0	0	14,0	0	280,0	0	1000,0	0	0,0	ERA5
1035844	02/03/2022	04	01/03/2022	23	HNE	-9,6	0	-11,8	0	84,0	0	11,0	0	270,0	0	1000,0	0	0,0	ERA5
1035845	02/03/2022	05	02/03/2022	00	HNE	-9,3	0	-11,8	0	83,0	0	11,0	0	260,0	0	1001,0	0	0,0	ERA5
1035846	02/03/2022	06	02/03/2022	01	HNE	-10,9	0	-13,1	0	84,0	0	11,0	0	260,0	0	1001,0	0	0,0	ERA5
1035847	02/03/2022	07	02/03/2022	02	HNE	-12,2	0	-13,9	0	87,0	0	10,0	0	250,0	0	1002,0	0	0,0	ERA5
1035848	02/03/2022	08	02/03/2022	03	HNE	-11,8	0	-13,2	0	90,0	0	7,0	0	250,0	0	1002,0	0	0,0	ERA5
1035849	02/03/2022	09	02/03/2022	04	HNE	-12,2	0	-13,5	0	90,0	0	11,0	0	220,0	0	1002,0	0	0,0	ERA5
1035850	02/03/2022	10	02/03/2022	05	HNE	-13,0	0	-14,3	0	90,0	0	9,0	0	240,0	0	1002,0	0	0,0	ERA5
1035851	02/03/2022	11	02/03/2022	06	HNE	-12,4	0	-13,6	0	91,0	0	14,0	0	280,0	0	1003,0	0	0,0	ERA5
1035852	02/03/2022	12	02/03/2022	07	HNE	-12,4	0	-13,8	0	89,0	0	15,0	0	290,0	0	1003,0	0	12,6	ERA5
1035853	02/03/2022	13	02/03/2022	08	HNE	-12,0	0	-13,6	0	88,0	0	16,0	0	300,0	0	1004,0	0	393,4	ERA5
1035854	02/03/2022	14	02/03/2022	09	HNE	-10,9	0	-12,9	0	85,0	0	4,0	0	280,0	0	1004,0	0	949,1	ERA5
1035855	02/03/2022	15	02/03/2022	10	HNE	-8,2	0	-12,4	0	72,0	0	5,0	0	240,0	0	1004,0	0	1517,4	ERA5
1035856	02/03/2022	16	02/03/2022	11	HNE	-6,6	0	-12,7	0	62,0	0	3,0	0	0,0	0	1003,0	0	2008,9	ERA5
1035857	02/03/2022	17	02/03/2022	12	HNE	-5,0	0	-13,8	0	50,0	0	7,0	0	230,0	0	1002,0	0	2322,5	ERA5
1035858	02/03/2022	18	02/03/2022	13	HNE	-4,2	0	-13,6	0	48,0	0	8,0	0	180,0	0	1001,0	0	2437,8	ERA5
1035859	02/03/2022	19	02/03/2022	14	HNE	-3,8	0	-13,2	0	48,0	0	12,0	0	200,0	0	1001,0	0	2060,6	ERA5
1035860	02/03/2022	20	02/03/2022	15	HNE	-3,1	0	-11,8	0	51,0	0	14,0	0	170,0	0	1000,0	0	1259,0	ERA5
1035861	02/03/2022	21	02/03/2022	16	HNE	-3,1	0	-8,6	0	66,0	0	14,0	0	210,0	0	999,0	0	616,3	ERA5
1035862	02/03/2022	22	02/03/2022	17	HNE	-3,9	0	-5,6	0	88,0	0	8,0	0	180,0	0	999,0	0	266,0	ERA5
1035863	02/03/2022	23	02/03/2022	18	HNE	-4,0	0	-5,0	0	92,0	0	7,0	0	160,0	0	998,0	0	46,0	ERA5
1035864	03/03/2022	00	02/03/2022	19	HNE	-3,8	0	-4,5	0	94,0	0	5,0	0	200,0	0	998,0	0	0,0	ERA5
1035865	03/03/2022	01	02/03/2022	20	HNE	-3,8	0	-4,8	0	93,0	0	17,0	0	280,0	0	997,0	0	0,0	ERA5
1035866	03/03/2022	02	02/03/2022	21	HNE	-4,0	0	-4,9	0	93,0	0	14,0	0	270,0	0	997,0	0	0,0	ERA5
1035867	03/03/2022	03	02/03/2022	22	HNE	-4,4	0	-5,6	0	91,0	0	21,0	0	300,0	0	997,0	0	0,0	ERA5
1035868	03/03/2022	04	02/03/2022	23	HNE	-4,9	0	-6,1	0	92,0	0	13,0	0	290,0	0	996,0	0	0,0	ERA5
1035869	03/03/2022	05	03/03/2022	00	HNE	-8,2	0	-9,0	0	94,0	0	10,0	0	290,0	0	996,0	0	0,0	ERA5
1035870	03/03/2022	06	03/03/2022	01	HNE	-10,0	0	-11,1	0	92,0	0	10,0	0	290,0	0	997,0	0	0,0	ERA5
1035871	03/03/2022	07	03/03/2022	02	HNE	-6,9	0	-7,8	0	93,0	0	27,0	0	320,0	0	998,0	0	0,0	ERA5
1035872	03/03/2022	08	03/03/2022	03	HNE	-9,5	0	-13,2	0	75,0	0	28,0	0	320,0	0	1000,0	0	0,0	ERA5
1035873	03/03/2022	09	03/03/2022	04	HNE	-10,5	0	-14,2	0	74,0	0	25,0	0	320,0	0	1001,0	0	0,0	ERA5
1035874	03/03/2022	10	03/03/2022	05	HNE	-11,0	0	-15,3	0	71,0	0	28,0	0	330,0	0	1003,0	0	0,0	ERA5
1035875	03/03/2022	11	03/03/2022	06	HNE	-12,0	0	-15,9	0	73,0	0	23,0	0	320,0	0	1004,0	0	0,0	ERA5
1035876	03/03/2022	12	03/03/2022	07	HNE	-12,7	0	-16,3	0	75,0	0	19,0	0	320,0	0	1005,0	0	15,9	ERA5
1035877	03/03/2022	13	03/03/2022	08	HNE	-12,5	0	-16,2	0	74,0	0	25,0	0	330,0	0	1007,0	0	398,3	ERA5
1035878	03/03/2022	14	03/03/2022	09	HNE	-12,5	0	-16,6	0	72,0	0	25,0	0	330,0	0	1008,0	0	933,0	ERA5
1035879	03/03/2022	15	03/03/2022	10	HNE	-12,4	0	-18,4	0	61,0	0	23,0	0	320,0	0	1009,0	0	1595,1	ERA5
1035880	03/03/2022	16	03/03/2022	11	HNE	-11,7	0	-18,4	0	58,0	0	22,0	0	280,0	0	1009,0	0	2091,6	ERA5
1035881	03/03/2022	17	03/03/2022	12	HNE	-11,3	0	-19,0	0	54,0	0	27,0	0	290,0	0	1010,0	0	2398,5	ERA5
1035882	03/03/2022	18	03/03/2022	13	HNE	-10,9	0	-18,9	0	52,0	0	26,0	0	290,0	0	1010,0	0	2425,2	ERA5
1035883	03/03/2022	19	03/03/2022	14	HNE	-10,6	0	-18,7	0	52,0	0	29,0	0	260,0	0	1010,0	0	2241,2	ERA5
1035884	03/03/2022	20	03/03/2022	15	HNE	-10,6	0	-18,8	0	52,0	0	26,0	0	300,0	0	1011,0	0	1896,4	ERA5
1035885	03/03/2022	21	03/03/2022	16	HNE	-10,6	0	-19,2	0	50,0	0	27,0	0	290,0	0	1011,0	0	1336,4	ERA5
1035886	03/03/2022	22	03/03/2022	17	HNE	-10,8	0	-19,6	0	49,0	0	24,0	0	280,0	0	1012,0	0	706,8	ERA5
1035887	03/03/2022	23	03/03/2022	18	HNE	-11,7	0	-20,1	0	51,0	0	19,0	0	290,0	0	1013,0	0	145,4	ERA5
1035888	04/03/2022	00	03/03/2022	19	HNE	-13,2	0	-21,0	0	53,0	0	12,0	0	280,0	0	1014,0	0	0,0	ERA5
1035889	04/03/2022	01	03/03/2022	20	HNE	-13,4	0	-20,6	0	55,0	0	9,0	0	270,0	0	1015,0	0	0,0	ERA5
1035890	04/03/2022	02	03/03/2022	21	HNE	-15,2	0	-21,8	0	58,0	0	9,0	0	270,0	0	1015,0	0	0,0	ERA5
1035891	04/03/2022	03	03/03/2022	22	HNE	-15,4	0	-21,6	0	59,0	0	6,0	0	240,0	0	1015,0	0	0,0	ERA5
1035892	04/03/2022	04	03/03/2022	23	HNE	-19,9	0	-24,1	0	70,0	0	8,0	0	210,0	0	1016,0	0	0,0	ERA5
1035893	04/03/2022	05	04/03/2022	00	HNE	-17,0	0	-21,2	0	70,0	0	9,0	0	210,0	0	1016,0	0	0,0	ERA5
1035894	04/03/2022	06	04/03/2022	01	HNE	-17,4	0	-21,7	0	69,0	0	8,0	0	220,0	0	1016,0	0	0,0	ERA5
1035895	04/03/2022	07	04/03/2022	02	HNE	-18,0	0	-22,1	0	71,0	0	10,0	0	190,0	0	1016,0	0	0,0	ERA5
1035896	04/03/2022	08	04/03/2022	03	HNE	-18,8	0	-22,4	0	74,0	0	12,0	0	190,0	0	1016,0	0	0,0	ERA5
1035897	04/03/2022	09	04/03/2022	04	HNE	-19,3	0	-22,7	0	75,0	0	11,0	0	200,0	0	1016,0	0	0,0	ERA5
1035898	04/03/2022	10	04/03/2022	05	HNE	-19,9	0	-23,1	0	76,0	0	11,0	0	200,0	0	1016,0	0	0,0	ERA5
1035899	04/03/2022	11	04/03/2022	06	HNE	-20,0	0	-22,8	0	79,0	0	8,0	0	200,0	0	1016,0	0	0,0	ERA5
1035900	04/03/2022	12	04/03/2022	07	HNE	-20,0	0	-23,2	0	76,0	0	11,0	0	200,0	0	1016,0	0	19,1	ERA5
1035901	04/03/2022	13	04/03/2022	08	HNE	-17,0	0	-20,9	0	73,0	0	19,0	0	200,0	0	1016,0	0	375,5	ERA5
1035902	04/03/2022	14	04/03/2022	09	HNE	-12,8	0	-17,6	0	67,0	0	18,0	0	230,0	0	1016,0	0	750,5	ERA5
1035903	04/03/2022	15	04/03/2022	10	HNE	-10,2	0	-15,6	0	65,0	0	17,0	0	230,0	0	1016,0	0	1117,0	ERA5
1035904	04/03/2022	16	04/03/2022	11	HNE	-8,6	0	-14,6	0	62,0	0	17,0	0	220,0	0	1015,0	0	1365,2	ERA5
1035905	04/03/2022	17	04/03/2022	12	HNE	-6,4	0	-13,0	0	60,0	0	15,0	0	220,0	0	1015,0	0	1994,3	ERA5
1035906	04/03/2022	18	04/03/2022	13	HNE	-5,7	0	-11,9	0	62,0	0	17,0	0	200,0	0	1014,0	0	2337,8	ERA5
1035907	04/03/2022	19	04/03/2022	14	HNE	-4,4	0	-11,0	0	60,0	0	17,0	0	220,0	0	1013,0	0	2071,4	ERA5
1035908	04/03/2022	20	04/03/2022	15	HNE	-3,4	0	-11,2	0	55,0	0	17,0	0	210,0	0	1013,0	0	1581,9	ERA5
1035909	04/03/2022	21	04/03/2022	16	HNE	-3,1	0	-10,8	0	56,0	0	17,0	0	230,0	0	1012,0	0	1058,5	ERA5
1035910	04/03/2022	22	04/03/2022	17	HNE	-4,6	0	-12,2	0	56,0	0	7,0	0	300,0	0	1013,0	0	500,4	ERA5
1035911	04/03/2022	23	04/03/2022	18	HNE	-4,2	0	-12,8	0	52,0	0	2,0	0	0,0	0	1013,0	0	111,6	ERA5
1035912	05/03/2022	00	04/03/2022	19	HNE	-6,0	0	-13,9	0	54,0	0	8,0	0	150,0	0	1013,0	0	0,0	ERA5
1035913	05/03/2022	01	04/03/2022	20	HNE	-6,4	0	-11,3	0	68,0	0	3,0	0	0,0	0	1013,0	0	0,0	ERA5
1035914	05/03/2022	02	04/03/2022	21	HNE	-5,0	0	-8,7	0	75,0	0	7,0	0	180,0	0	1013,0	0	0,0	ERA5
1035915	05/03/2022	03	04/03/2022	22	HNE	-7,3	0	-10,5	0	78,0	0	12,0	0	320,0	0	1013,0	0	0,0	ERA5
1035916	05/03/2022	04	04/03/2022	23	HNE	-9,7	0	-13,2	0	76,0	0	7,0	0	250,0	0	1014,0	0	0,0	ERA5
1035917	05/03/2022	05	05/03/2022	00	HNE	-9,2	0	-12,1	0	80,0	0	8,0	0	240,0	0	1014,0	0	0,0	ERA5
1035918	05/03/2022	06	05/03/2022	01	HNE	-9,5	0	-12,4	0	79,0	0	10,0	0	310,0	0	1015,0	0	0,0	ERA5
1035919	05/03/2022	07	05/03/2022	02	HNE	-11,9	0	-14,9	0	78,0	0	8,0	0	200,0	0	1015,0	0	0,0	ERA5
1035920	05/03/2022	08	05/03/2022	03	HNE	-12,9	0	-15,2	0	83,0	0	9,0	0	270,0	0	1015,0	0	0,0	ERA5
1035921	05/03/2022	09	05/03/2022	04	HNE	-11,0	0	-13,0	0	85,0	0	8,0	0	270,0	0	1016,0	0	0,0	ERA5
1035922	05/03/2022	10	05/03/2022	05	HNE	-13,2	0	-15,4	0	84,0	0	10,0	0	280,0	0	1016,0	0	0,0	ERA5
1035923	05/03/2022	11	05/03/2022	06	HNE	-12,6	0	-13,9	0	90,0	0	10,0	0	260,0	0	1017,0	0	0,0	ERA5
1035924	05/03/2022	12	05/03/2022	07	HNE	-13,8	0	-15,3	0	89,0	0	5,0	0	270,0	0	1017,0	0	22,1	ERA5
1035925	05/03/2022	13	05/03/2022	08	HNE	-12,3	0	-13,7	0	90,0	0	5,0	0	260,0	0	1018,0	0	382,7	ERA5
1035926	05/03/2022	14	05/03/2022	09	HNE	-10,5	0	-11,9	0	90,0	0	2,0	0	0,0	0	1018,0	0	980,4	ERA5
1035927	05/03/2022	15	05/03/2022	10	HNE	-8,2	0	-11,8	0	76,0	0	2,0	0	0,0	0	1017,0	0	1457,8	ERA5
1035928	05/03/2022	16	05/03/2022	11	HNE	-4,9	0	-10,3	0	66,0	0	8,0	0	130,0	0	1017,0	0	1765,1	ERA5
1035929	05/03/2022	17	05/03/2022	12	HNE	-3,2	0	-10,1	0	59,0	0	8,0	0	180,0	0	1017,0	0	2057,2	ERA5
1035930	05/03/2022	18	05/03/2022	13	HNE	-2,3	0	-9,9	0	56,0	0	8,0	0	200,0	0	1016,0	0	1914,7	ERA5
1035931	05/03/2022	19	05/03/2022	14	HNE	-1,4	0	-10,5	0	50,0	0	12,0	0	150,0	0	1015,0	0	1495,4	ERA5
1035932	05/03/2022	20	05/03/2022	15	HNE	-0,8	0	-10,3	0	49,0	0	5,0	0	110,0	0	1014,0	0	1179,1	ERA5
1035933	05/03/2022	21	05/03/2022	16	HNE	-1,2	0	-9,2	0	55,0	0	14,0	0	100,0	0	1013,0	0	582,5	ERA5
1035934	05/03/2022	22	05/03/2022	17	HNE	-1,6	0	-9,8	0	54,0	0	18,0	0	100,0	0	1012,0	0	318,9	ERA5
1035935	05/03/2022	23	05/03/2022	18	HNE	-2,0	0	-9,5	0	57,0	0	16,0	0	70,0	0	1011,0	0	69,0	ERA5
1035936	06/03/2022	00	05/03/2022	19	HNE	-1,7	0	-9,5	0	55,0	0	12,0	0	60,0	0	1010,0	0	0,0	ERA5
1035937	06/03/2022	01	05/03/2022	20	HNE	-2,4	0	-9,1	0	60,0	0	17,0	0	70,0	0	1008,0	0	0,0	ERA5
1035938	06/03/2022	02	05/03/2022	21	HNE	-2,7	0	-8,9	0	63,0	0	17,0	0	50,0	0	1008,0	0	0,0	ERA5
1035939	06/03/2022	03	05/03/2022	22	HNE	-2,8	0	-9,0	0	62,0	0	28,0	0	60,0	0	1007,0	0	0,0	ERA5
1035940	06/03/2022	04	05/03/2022	23	HNE	-2,6	0	-8,6	0	63,0	0	24,0	0	80,0	0	1005,0	0	0,0	ERA5
1035941	06/03/2022	05	06/03/2022	00	HNE	-2,3	0	-7,8	0	66,0	0	28,0	0	80,0	0	1003,0	0	0,0	ERA5
1035942	06/03/2022	06	06/03/2022	01	HNE	-2,0	0	-7,5	0	66,0	0	18,0	0	80,0	0	1002,0	0	0,0	ERA5
1035943	06/03/2022	07	06/03/2022	02	HNE	-1,7	0	-7,5	0	65,0	0	12,0	0	60,0	0	1001,0	0	0,0	ERA5
1035944	06/03/2022	08	06/03/2022	03	HNE	-2,6	0	-6,8	0	73,0	0	23,0	0	70,0	0	999,0	0	0,0	ERA5
1035945	06/03/2022	09	06/03/2022	04	HNE	-2,4	0	-6,2	0	75,0	0	20,0	0	80,0	0	997,0	0	0,0	ERA5
1035946	06/03/2022	10	06/03/2022	05	HNE	-2,8	0	-6,0	0	79,0	0	25,0	0	80,0	0	996,0	0	0,0	ERA5
1035947	06/03/2022	11	06/03/2022	06	HNE	-2,5	0	-5,1	0	83,0	0	15,0	0	90,0	0	994,0	0	0,0	ERA5
1035948	06/03/2022	12	06/03/2022	07	HNE	-2,4	0	-3,7	0	91,0	0	14,0	0	70,0	0	993,0	0	3,7	ERA5
1035949	06/03/2022	13	06/03/2022	08	HNE	-1,8	0	-2,7	0	93,0	0	14,0	0	100,0	0	991,0	0	46,9	ERA5
1035950	06/03/2022	14	06/03/2022	09	HNE	-0,7	0	-1,4	0	95,0	0	13,0	0	120,0	0	990,0	0	119,0	ERA5
1035951	06/03/2022	15	06/03/2022	10	HNE	1,3	0	0,8	0	97,0	0	7,0	0	160,0	0	990,0	0	515,2	ERA5
1035952	06/03/2022	16	06/03/2022	11	HNE	6,0	0	5,1	0	94,0	0	19,0	0	190,0	0	988,0	0	1336,2	ERA5
1035953	06/03/2022	17	06/03/2022	12	HNE	9,2	0	6,3	0	82,0	0	22,0	0	190,0	0	986,0	0	1463,6	ERA5
1035954	06/03/2022	18	06/03/2022	13	HNE	12,5	0	7,0	0	69,0	0	27,0	0	220,0	0	985,0	0	1448,7	ERA5
1035955	06/03/2022	19	06/03/2022	14	HNE	12,9	0	6,3	0	64,0	0	22,0	0	220,0	0	984,0	0	2044,2	ERA5
1035956	06/03/2022	20	06/03/2022	15	HNE	12,4	0	5,1	0	61,0	0	31,0	0	230,0	0	984,0	0	1564,4	ERA5
1035957	06/03/2022	21	06/03/2022	16	HNE	11,4	0	3,6	0	59,0	0	27,0	0	250,0	0	986,0	0	995,7	ERA5
1035958	06/03/2022	22	06/03/2022	17	HNE	10,6	0	3,2	0	60,0	0	43,0	0	260,0	0	987,0	0	662,4	ERA5
1035959	06/03/2022	23	06/03/2022	18	HNE	8,7	0	2,5	0	65,0	0	35,0	0	270,0	0	989,0	0	140,5	ERA5
1035960	07/03/2022	00	06/03/2022	19	HNE	6,3	0	1,5	0	71,0	0	36,0	0	270,0	0	991,0	0	0,0	ERA5
1035961	07/03/2022	01	06/03/2022	20	HNE	5,3	0	0,6	0	72,0	0	28,0	0	240,0	0	991,0	0	0,0	ERA5
1035962	07/03/2022	02	06/03/2022	21	HNE	4,7	0	0,15	4.lineaire	71,0	0	35,0	0	250,0	0	993,0	0	0,0	ERA5
1035963	07/03/2022	03	06/03/2022	22	HNE	4,1	0	-0,3	0	73,0	0	23,0	0	240,0	0	995,0	0	0,0	ERA5
1035964	07/03/2022	04	06/03/2022	23	HNE	3,9	0	-0,6	0	73,0	0	27,0	0	240,0	0	996,0	0	0,0	ERA5
1035965	07/03/2022	05	07/03/2022	00	HNE	3,5	0	-0,9	0	73,0	0	22,0	0	240,0	0	997,0	0	0,0	ERA5
1035966	07/03/2022	06	07/03/2022	01	HNE	3,1	0	-1,2	0	73,0	0	25,0	0	250,0	0	997,0	0	0,0	ERA5
1035967	07/03/2022	07	07/03/2022	02	HNE	3,0	0	-1,4	0	73,0	0	22,0	0	240,0	0	999,0	0	0,0	ERA5
1035968	07/03/2022	08	07/03/2022	03	HNE	1,4	0	-1,2	0	83,0	0	21,0	0	270,0	0	999,0	0	0,0	ERA5
1035969	07/03/2022	09	07/03/2022	04	HNE	1,4	0	-2,1	0	78,0	0	17,0	0	280,0	0	999,0	0	0,0	ERA5
1035970	07/03/2022	10	07/03/2022	05	HNE	1,1	0	-2,6	0	76,0	0	14,0	0	270,0	0	999,0	0	0,0	ERA5
1035971	07/03/2022	11	07/03/2022	06	HNE	0,7	0	-2,0	0	82,0	0	7,0	0	270,0	0	999,0	0	0,0	ERA5
1035972	07/03/2022	12	07/03/2022	07	HNE	0,6	0	-2,4	0	81,0	0	6,0	0	270,0	0	998,0	0	12,8	ERA5
1035973	07/03/2022	13	07/03/2022	08	HNE	0,6	0	-2,9	0	77,0	0	4,0	0	340,0	0	997,0	0	166,6	ERA5
1035974	07/03/2022	14	07/03/2022	09	HNE	0,6	0	-3,2	0	75,0	0	6,0	0	350,0	0	997,0	0	430,9	ERA5
1035975	07/03/2022	15	07/03/2022	10	HNE	-0,4	0	-1,9	0	90,0	0	5,0	0	60,0	0	996,0	0	668,9	ERA5
1035976	07/03/2022	16	07/03/2022	11	HNE	-0,4	0	-1,1	0	95,0	0	7,0	0	80,0	0	994,0	0	774,1	ERA5
1035977	07/03/2022	17	07/03/2022	12	HNE	-0,2	0	-1,3	0	93,0	0	14,0	0	70,0	0	991,0	0	496,8	ERA5
1035978	07/03/2022	18	07/03/2022	13	HNE	-0,1	0	-1,0	0	94,0	0	9,0	0	50,0	0	991,0	0	552,4	ERA5
1035979	07/03/2022	19	07/03/2022	14	HNE	-0,1	0	-0,8	0	95,0	0	10,0	0	50,0	0	989,0	0	420,6	ERA5
1035980	07/03/2022	20	07/03/2022	15	HNE	-0,3	0	-0,9	0	96,0	0	16,0	0	50,0	0	987,0	0	436,9	ERA5
1035981	07/03/2022	21	07/03/2022	16	HNE	-0,2	0	-0,8	0	96,0	0	14,0	0	30,0	0	986,0	0	161,6	ERA5
1035982	07/03/2022	22	07/03/2022	17	HNE	-0,4	0	-0,9	0	97,0	0	16,0	0	40,0	0	984,0	0	144,2	ERA5
1035983	07/03/2022	23	07/03/2022	18	HNE	-0,4	0	-0,8	0	97,0	0	5,0	0	20,0	0	985,0	0	41,9	ERA5
1035984	08/03/2022	00	07/03/2022	19	HNE	-0,2	0	-0,6	0	97,0	0	20,0	0	310,0	0	984,0	0	0,0	ERA5
1035985	08/03/2022	01	07/03/2022	20	HNE	-0,5	0	-0,9	0	98,0	0	16,0	0	280,0	0	987,0	0	0,0	ERA5
1035986	08/03/2022	02	07/03/2022	21	HNE	-0,8	0	-1,4	0	96,0	0	28,0	0	280,0	0	988,0	0	0,0	ERA5
1035987	08/03/2022	03	07/03/2022	22	HNE	-1,4	0	-2,3	0	93,0	0	32,0	0	280,0	0	990,0	0	0,0	ERA5
1035988	08/03/2022	04	07/03/2022	23	HNE	-2,9	0	-4,3	0	90,0	0	36,0	0	290,0	0	991,0	0	0,0	ERA5
1035989	08/03/2022	05	08/03/2022	00	HNE	-3,4	0	-5,4	0	86,0	0	35,0	0	290,0	0	993,0	0	0,0	ERA5
1035990	08/03/2022	06	08/03/2022	01	HNE	-4,2	0	-6,1	0	86,0	0	31,0	0	280,0	0	995,0	0	0,0	ERA5
1035991	08/03/2022	07	08/03/2022	02	HNE	-4,7	0	-6,7	0	86,0	0	28,0	0	280,0	0	996,0	0	0,0	ERA5
1035992	08/03/2022	08	08/03/2022	03	HNE	-5,8	0	-7,9	0	85,0	0	31,0	0	280,0	0	997,0	0	0,0	ERA5
1035993	08/03/2022	09	08/03/2022	04	HNE	-5,5	0	-7,7	0	85,0	0	24,0	0	280,0	0	998,0	0	0,0	ERA5
1035994	08/03/2022	10	08/03/2022	05	HNE	-5,8	0	-8,4	0	82,0	0	22,0	0	290,0	0	1000,0	0	0,0	ERA5
1035995	08/03/2022	11	08/03/2022	06	HNE	-6,2	0	-8,6	0	83,0	0	23,0	0	280,0	0	1001,0	0	0,0	ERA5
1035996	08/03/2022	12	08/03/2022	07	HNE	-6,5	0	-9,8	0	78,0	0	18,0	0	280,0	0	1003,0	0	23,7	ERA5
1035997	08/03/2022	13	08/03/2022	08	HNE	-5,7	0	-8,4	0	81,0	0	26,0	0	280,0	0	1004,0	0	327,0	ERA5
1035998	08/03/2022	14	08/03/2022	09	HNE	-5,7	0	-10,3	0	70,0	0	34,0	0	280,0	0	1005,0	0	781,0	ERA5
1035999	08/03/2022	15	08/03/2022	10	HNE	-5,3	0	-10,7	0	66,0	0	22,0	0	290,0	0	1006,0	0	1546,3	ERA5
1036000	08/03/2022	16	08/03/2022	11	HNE	-4,9	0	-11,6	0	60,0	0	31,0	0	270,0	0	1006,0	0	1950,4	ERA5
1036001	08/03/2022	17	08/03/2022	12	HNE	-4,1	0	-11,1	0	58,0	0	30,0	0	280,0	0	1006,0	0	2191,8	ERA5
1036002	08/03/2022	18	08/03/2022	13	HNE	-3,8	0	-11,0	0	58,0	0	34,0	0	270,0	0	1007,0	0	2340,1	ERA5
1036003	08/03/2022	19	08/03/2022	14	HNE	-3,3	0	-10,9	0	56,0	0	23,0	0	290,0	0	1006,0	0	2125,4	ERA5
1036004	08/03/2022	20	08/03/2022	15	HNE	-2,8	0	-10,5	0	56,0	0	23,0	0	300,0	0	1007,0	0	1965,0	ERA5
1036005	08/03/2022	21	08/03/2022	16	HNE	-2,5	0	-10,3	0	56,0	0	12,0	0	290,0	0	1006,0	0	1462,2	ERA5
1036006	08/03/2022	22	08/03/2022	17	HNE	-3,2	0	-9,5	0	62,0	0	5,0	0	300,0	0	1006,0	0	826,7	ERA5
1036007	08/03/2022	23	08/03/2022	18	HNE	-4,1	0	-8,8	0	70,0	0	1,0	0	0,0	0	1006,0	0	199,8	ERA5
1036008	09/03/2022	00	08/03/2022	19	HNE	-3,6	0	-9,0	0	66,0	0	4,0	0	140,0	0	1006,0	0	0,0	ERA5
1036009	09/03/2022	01	08/03/2022	20	HNE	-3,4	0	-8,9	0	66,0	0	9,0	0	140,0	0	1006,0	0	0,0	ERA5
1036010	09/03/2022	02	08/03/2022	21	HNE	-3,3	0	-8,2	0	69,0	0	9,0	0	150,0	0	1006,0	0	0,0	ERA5
1036011	09/03/2022	03	08/03/2022	22	HNE	-2,5	0	-7,5	0	69,0	0	8,0	0	180,0	0	1006,0	0	0,0	ERA5
1036012	09/03/2022	04	08/03/2022	23	HNE	-2,3	0	-7,8	0	66,0	0	8,0	0	210,0	0	1006,0	0	0,0	ERA5
1036013	09/03/2022	05	09/03/2022	00	HNE	-1,7	0	-8,2	0	61,0	0	15,0	0	240,0	0	1006,0	0	0,0	ERA5
1036014	09/03/2022	06	09/03/2022	01	HNE	-2,0	0	-8,1	0	63,0	0	9,0	0	210,0	0	1006,0	0	0,0	ERA5
1036015	09/03/2022	07	09/03/2022	02	HNE	-3,1	0	-8,7	0	65,0	0	8,0	0	190,0	0	1006,0	0	0,0	ERA5
1036016	09/03/2022	08	09/03/2022	03	HNE	-3,6	0	-8,1	0	71,0	0	10,0	0	170,0	0	1005,0	0	0,0	ERA5
1036017	09/03/2022	09	09/03/2022	04	HNE	-2,8	0	-5,7	0	81,0	0	9,0	0	170,0	0	1005,0	0	0,0	ERA5
1036018	09/03/2022	10	09/03/2022	05	HNE	-2,9	0	-4,7	0	88,0	0	7,0	0	160,0	0	1005,0	0	0,0	ERA5
1036019	09/03/2022	11	09/03/2022	06	HNE	-4,0	0	-6,0	0	86,0	0	10,0	0	160,0	0	1004,0	0	0,0	ERA5
1036020	09/03/2022	12	09/03/2022	07	HNE	-4,7	0	-6,5	0	88,0	0	10,0	0	150,0	0	1004,0	0	43,6	ERA5
1036021	09/03/2022	13	09/03/2022	08	HNE	-3,6	0	-6,1	0	83,0	0	9,0	0	150,0	0	1003,0	0	515,4	ERA5
1036022	09/03/2022	14	09/03/2022	09	HNE	-1,8	0	-6,5	0	71,0	0	11,0	0	180,0	0	1003,0	0	1103,3	ERA5
1036023	09/03/2022	15	09/03/2022	10	HNE	-0,7	0	-5,9	0	68,0	0	13,0	0	170,0	0	1002,0	0	1665,7	ERA5
1036024	09/03/2022	16	09/03/2022	11	HNE	0,1	0	-6,7	0	60,0	0	12,0	0	200,0	0	1001,0	0	1927,3	ERA5
1036025	09/03/2022	17	09/03/2022	12	HNE	0,8	0	-6,8	0	57,0	0	9,0	0	170,0	0	1001,0	0	2019,8	ERA5
1036026	09/03/2022	18	09/03/2022	13	HNE	1,3	0	-6,7	0	55,0	0	12,0	0	170,0	0	1000,0	0	1770,9	ERA5
1036027	09/03/2022	19	09/03/2022	14	HNE	1,8	0	-6,5	0	54,0	0	15,0	0	240,0	0	999,0	0	1550,1	ERA5
1036028	09/03/2022	20	09/03/2022	15	HNE	2,1	0	-6,2	0	54,0	0	8,0	0	220,0	0	998,0	0	1178,7	ERA5
1036029	09/03/2022	21	09/03/2022	16	HNE	2,4	0	-7,0	0	50,0	0	6,0	0	230,0	0	998,0	0	812,7	ERA5
1036030	09/03/2022	22	09/03/2022	17	HNE	2,4	0	-6,2	0	53,0	0	6,0	0	230,0	0	998,0	0	449,3	ERA5
1036031	09/03/2022	23	09/03/2022	18	HNE	1,0	0	-5,3	0	63,0	0	7,0	0	150,0	0	998,0	0	108,9	ERA5
1036032	10/03/2022	00	09/03/2022	19	HNE	0,6	0	-5,6	0	63,0	0	8,0	0	200,0	0	998,0	0	0,0	ERA5
1036033	10/03/2022	01	09/03/2022	20	HNE	0,1	4.lineaire	-5,2	0	68,0	0	13,0	0	220,0	0	999,0	0	0,0	ERA5
1036034	10/03/2022	02	09/03/2022	21	HNE	-0,4	0	-4,7	0	73,0	0	16,0	0	220,0	0	999,0	0	0,0	ERA5
1036035	10/03/2022	03	09/03/2022	22	HNE	-1,2	0	-4,7	0	77,0	0	13,0	0	210,0	0	1000,0	0	0,0	ERA5
1036036	10/03/2022	04	09/03/2022	23	HNE	-1,0	0	-4,2	0	79,0	0	18,0	0	210,0	0	1000,0	0	0,0	ERA5
1036037	10/03/2022	05	10/03/2022	00	HNE	0,2	0	-4,0	0	73,0	0	21,0	0	220,0	0	1001,0	0	0,0	ERA5
1036038	10/03/2022	06	10/03/2022	01	HNE	-0,3	0	-4,5	0	73,0	0	20,0	0	240,0	0	1001,0	0	0,0	ERA5
1036039	10/03/2022	07	10/03/2022	02	HNE	-1,0	0	-4,7	0	76,0	0	20,0	0	220,0	0	1001,0	0	0,0	ERA5
1036040	10/03/2022	08	10/03/2022	03	HNE	-1,2	0	-4,7	0	77,0	0	21,0	0	220,0	0	1001,0	0	0,0	ERA5
1036041	10/03/2022	09	10/03/2022	04	HNE	-1,8	0	-5,0	0	79,0	0	17,0	0	260,0	0	1002,0	0	0,0	ERA5
1036042	10/03/2022	10	10/03/2022	05	HNE	-1,8	0	-8,1	0	62,0	0	22,0	0	270,0	0	1003,0	0	0,0	ERA5
1036043	10/03/2022	11	10/03/2022	06	HNE	-3,4	0	-8,8	0	67,0	0	16,0	0	260,0	0	1004,0	0	0,0	ERA5
1036044	10/03/2022	12	10/03/2022	07	HNE	-3,5	0	-10,0	0	61,0	0	14,0	0	260,0	0	1005,0	0	51,8	ERA5
1036045	10/03/2022	13	10/03/2022	08	HNE	-2,6	0	-9,8	0	58,0	0	19,0	0	280,0	0	1005,0	0	528,2	ERA5
1036046	10/03/2022	14	10/03/2022	09	HNE	-2,0	0	-8,8	0	60,0	0	23,0	0	290,0	0	1007,0	0	1127,8	ERA5
1036047	10/03/2022	15	10/03/2022	10	HNE	-1,5	0	-9,3	0	55,0	0	16,0	0	240,0	0	1007,0	0	1734,4	ERA5
1036048	10/03/2022	16	10/03/2022	11	HNE	-0,7	0	-11,1	0	46,0	0	18,0	0	260,0	0	1007,0	0	2207,6	ERA5
1036049	10/03/2022	17	10/03/2022	12	HNE	0,1	0	-11,0	0	43,0	0	16,0	0	250,0	0	1007,0	0	2461,7	ERA5
1036050	10/03/2022	18	10/03/2022	13	HNE	0,9	0	-11,7	0	39,0	0	19,0	0	220,0	0	1006,0	0	2364,4	ERA5
1036051	10/03/2022	19	10/03/2022	14	HNE	1,7	0	-11,1	0	38,0	0	21,0	0	230,0	0	1006,0	0	2208,5	ERA5
1036052	10/03/2022	20	10/03/2022	15	HNE	1,8	0	-10,8	0	39,0	0	19,0	0	230,0	0	1005,0	0	1946,0	ERA5
1036053	10/03/2022	21	10/03/2022	16	HNE	2,1	0	-10,0	0	41,0	0	19,0	0	200,0	0	1005,0	0	1319,5	ERA5
1036054	10/03/2022	22	10/03/2022	17	HNE	2,3	0	-9,7	0	41,0	0	17,0	0	210,0	0	1004,0	0	669,5	ERA5
1036055	10/03/2022	23	10/03/2022	18	HNE	1,1	0	-8,2	0	50,0	0	12,0	0	190,0	0	1004,0	0	163,6	ERA5
1036056	11/03/2022	00	10/03/2022	19	HNE	0,1	0	-7,3	0	58,0	0	15,0	0	190,0	0	1004,0	0	0,0	ERA5
1036057	11/03/2022	01	10/03/2022	20	HNE	-0,6	0	-6,3	0	66,0	0	16,0	0	200,0	0	1005,0	0	0,0	ERA5
1036058	11/03/2022	02	10/03/2022	21	HNE	-1,3	0	-6,0	0	71,0	0	13,0	0	240,0	0	1005,0	0	0,0	ERA5
1036059	11/03/2022	03	10/03/2022	22	HNE	-0,8	0	-7,2	0	62,0	0	12,0	0	280,0	0	1006,0	0	0,0	ERA5
1036060	11/03/2022	04	10/03/2022	23	HNE	-1,2	0	-8,2	0	59,0	0	6,0	0	250,0	0	1006,0	0	0,0	ERA5
1036061	11/03/2022	05	11/03/2022	00	HNE	-1,6	0	-7,5	0	64,0	0	8,0	0	240,0	0	1006,0	0	0,0	ERA5
1036062	11/03/2022	06	11/03/2022	01	HNE	-1,5	0	-8,0	0	62,0	0	7,0	0	240,0	0	1006,0	0	0,0	ERA5
1036063	11/03/2022	07	11/03/2022	02	HNE	-1,8	0	-6,9	0	68,0	0	21,0	0	290,0	0	1006,0	0	0,0	ERA5
1036064	11/03/2022	08	11/03/2022	03	HNE	-2,4	0	-7,8	0	67,0	0	17,0	0	290,0	0	1005,0	0	0,0	ERA5
1036065	11/03/2022	09	11/03/2022	04	HNE	-2,7	0	-8,3	0	65,0	0	11,0	0	290,0	0	1005,0	0	0,0	ERA5
1036066	11/03/2022	10	11/03/2022	05	HNE	-2,9	0	-9,1	0	63,0	0	12,0	0	270,0	0	1005,0	0	0,0	ERA5
1036067	11/03/2022	11	11/03/2022	06	HNE	-3,8	0	-8,8	0	68,0	0	17,0	0	320,0	0	1006,0	0	0,0	ERA5
1036068	11/03/2022	12	11/03/2022	07	HNE	-4,3	0	-7,9	0	76,0	0	9,0	0	290,0	0	1006,0	0	39,5	ERA5
1036069	11/03/2022	13	11/03/2022	08	HNE	-4,1	0	-8,1	0	73,0	0	5,0	0	300,0	0	1006,0	0	420,9	ERA5
1036070	11/03/2022	14	11/03/2022	09	HNE	-3,8	0	-8,2	0	72,0	0	7,0	0	260,0	0	1005,0	0	891,5	ERA5
1036071	11/03/2022	15	11/03/2022	10	HNE	-3,0	0	-10,2	0	58,0	0	1,0	0	0,0	0	1005,0	0	1435,3	ERA5
1036072	11/03/2022	16	11/03/2022	11	HNE	-2,6	0	-10,4	0	55,0	0	1,0	0	0,0	0	1004,0	0	1828,4	ERA5
1036073	11/03/2022	17	11/03/2022	12	HNE	-1,3	0	-9,2	0	55,0	0	4,0	0	330,0	0	1003,0	0	2188,4	ERA5
1036074	11/03/2022	18	11/03/2022	13	HNE	-1,1	0	-8,4	0	58,0	0	2,0	0	0,0	0	1001,0	0	2166,6	ERA5
1036075	11/03/2022	19	11/03/2022	14	HNE	-1,2	0	-5,7	0	71,0	0	10,0	0	120,0	0	1000,0	0	1297,0	ERA5
1036076	11/03/2022	20	11/03/2022	15	HNE	-2,2	0	-4,0	0	88,0	0	13,0	0	50,0	0	999,0	0	645,1	ERA5
1036077	11/03/2022	21	11/03/2022	16	HNE	-2,2	0	-3,3	0	92,0	0	8,0	0	70,0	0	998,0	0	502,9	ERA5
1036078	11/03/2022	22	11/03/2022	17	HNE	-2,3	0	-3,1	0	94,0	0	10,0	0	40,0	0	998,0	0	226,8	ERA5
1036079	11/03/2022	23	11/03/2022	18	HNE	-2,3	0	-3,1	0	94,0	0	8,0	0	50,0	0	998,0	0	38,2	ERA5
1036080	12/03/2022	00	11/03/2022	19	HNE	-2,2	0	-2,8	0	95,0	0	7,0	0	70,0	0	997,0	0	0,0	ERA5
1036081	12/03/2022	01	11/03/2022	20	HNE	-2,4	0	-3,0	0	96,0	0	10,0	0	60,0	0	995,0	0	0,0	ERA5
1036082	12/03/2022	02	11/03/2022	21	HNE	-2,3	0	-2,8	0	96,0	0	9,0	0	60,0	0	994,0	0	0,0	ERA5
1036083	12/03/2022	03	11/03/2022	22	HNE	-2,4	0	-2,9	0	96,0	0	6,0	0	40,0	0	993,0	0	0,0	ERA5
1036084	12/03/2022	04	11/03/2022	23	HNE	-2,3	0	-2,8	0	97,0	0	4,0	0	350,0	0	992,0	0	0,0	ERA5
1036085	12/03/2022	05	12/03/2022	00	HNE	-2,4	0	-2,8	0	97,0	0	3,0	0	260,0	0	991,0	0	0,0	ERA5
1036086	12/03/2022	06	12/03/2022	01	HNE	-2,5	0	-2,9	0	97,0	0	4,0	0	240,0	0	991,0	0	0,0	ERA5
1036087	12/03/2022	07	12/03/2022	02	HNE	-2,5	0	-2,9	0	97,0	0	8,0	0	220,0	0	990,0	0	0,0	ERA5
1036088	12/03/2022	08	12/03/2022	03	HNE	-2,4	0	-2,7	0	97,0	0	14,0	0	220,0	0	990,0	0	0,0	ERA5
1036089	12/03/2022	09	12/03/2022	04	HNE	-2,2	0	-2,6	0	97,0	0	11,0	0	230,0	0	989,0	0	0,0	ERA5
1036090	12/03/2022	10	12/03/2022	05	HNE	-3,7	0	-4,3	0	96,0	0	28,0	0	290,0	0	990,0	0	0,0	ERA5
1036091	12/03/2022	11	12/03/2022	06	HNE	-4,3	0	-5,2	0	93,0	0	20,0	0	290,0	0	990,0	0	0,0	ERA5
1036092	12/03/2022	12	12/03/2022	07	HNE	-4,1	0	-5,6	0	89,0	0	16,0	0	280,0	0	990,0	0	21,5	ERA5
1036093	12/03/2022	13	12/03/2022	08	HNE	-4,0	0	-5,9	0	87,0	0	12,0	0	280,0	0	989,0	0	195,9	ERA5
1036094	12/03/2022	14	12/03/2022	09	HNE	-4,3	0	-8,2	0	74,0	0	29,0	0	290,0	0	989,0	0	527,0	ERA5
1036095	12/03/2022	15	12/03/2022	10	HNE	-5,1	0	-10,4	0	67,0	0	26,0	0	290,0	0	988,0	0	792,0	ERA5
1036096	12/03/2022	16	12/03/2022	11	HNE	-6,0	0	-12,5	0	61,0	0	34,0	0	280,0	0	987,0	0	1130,2	ERA5
1036097	12/03/2022	17	12/03/2022	12	HNE	-6,2	0	-13,2	0	58,0	0	37,0	0	280,0	0	987,0	0	1358,6	ERA5
1036098	12/03/2022	18	12/03/2022	13	HNE	-6,0	0	-14,1	0	53,0	0	26,0	0	290,0	0	986,0	0	1574,7	ERA5
1036099	12/03/2022	19	12/03/2022	14	HNE	-6,0	0	-14,9	0	50,0	0	37,0	0	290,0	0	984,0	0	1475,6	ERA5
1036100	12/03/2022	20	12/03/2022	15	HNE	-5,3	0	-14,9	0	47,0	0	27,0	0	280,0	0	984,0	0	1286,6	ERA5
1036101	12/03/2022	21	12/03/2022	16	HNE	-5,1	0	-14,0	0	50,0	0	24,0	0	280,0	0	984,0	0	849,6	ERA5
1036102	12/03/2022	22	12/03/2022	17	HNE	-5,3	0	-14,4	0	49,0	0	40,0	0	280,0	0	983,0	0	583,5	ERA5
1036103	12/03/2022	23	12/03/2022	18	HNE	-6,6	0	-14,9	0	52,0	0	31,0	0	290,0	0	984,0	0	200,8	ERA5
1036104	13/03/2022	00	12/03/2022	19	HNE	-7,4	0	-15,3	0	54,0	0	25,0	0	280,0	0	985,0	0	0,0	ERA5
1036105	13/03/2022	01	12/03/2022	20	HNE	-7,7	0	-14,7	0	58,0	0	34,0	0	290,0	0	986,0	0	0,0	ERA5
1036106	13/03/2022	02	12/03/2022	21	HNE	-8,1	0	-12,4	0	71,0	0	31,0	0	280,0	0	987,0	0	0,0	ERA5
1036107	13/03/2022	03	12/03/2022	22	HNE	-8,7	0	-12,7	0	73,0	0	31,0	0	290,0	0	987,0	0	0,0	ERA5
1036108	13/03/2022	04	12/03/2022	23	HNE	-9,2	0	-13,2	0	73,0	0	32,0	0	290,0	0	988,0	0	0,0	ERA5
1036109	13/03/2022	05	13/03/2022	00	HNE	-9,6	0	-13,9	0	71,0	0	36,0	0	290,0	0	990,0	0	0,0	ERA5
1036110	13/03/2022	06	13/03/2022	01	HNE	-9,9	0	-14,4	0	70,0	0	28,0	0	290,0	0	992,0	0	0,0	ERA5
1036111	13/03/2022	07	13/03/2022	03	HAE	-10,3	0	-14,9	0	69,0	0	36,0	0	290,0	0	993,0	0	0,0	ERA5
1036112	13/03/2022	08	13/03/2022	04	HAE	-10,9	0	-15,7	0	69,0	0	31,0	0	290,0	0	994,0	0	0,0	ERA5
1036113	13/03/2022	09	13/03/2022	05	HAE	-11,4	0	-16,1	0	68,0	0	34,0	0	280,0	0	996,0	0	0,0	ERA5
1036114	13/03/2022	10	13/03/2022	06	HAE	-12,0	0	-17,0	0	67,0	0	27,0	0	270,0	0	998,0	0	0,0	ERA5
1036115	13/03/2022	11	13/03/2022	07	HAE	-12,5	0	-17,5	0	67,0	0	21,0	0	280,0	0	999,0	0	0,0	ERA5
1036116	13/03/2022	12	13/03/2022	08	HAE	-12,7	0	-17,6	0	68,0	0	24,0	0	270,0	0	1000,0	0	76,7	ERA5
1036117	13/03/2022	13	13/03/2022	09	HAE	-11,7	0	-17,0	0	65,0	0	19,0	0	270,0	0	1001,0	0	612,1	ERA5
1036118	13/03/2022	14	13/03/2022	10	HAE	-10,3	0	-16,3	0	62,0	0	11,0	0	260,0	0	1001,0	0	1320,1	ERA5
1036119	13/03/2022	15	13/03/2022	11	HAE	-8,9	0	-16,1	0	56,0	0	20,0	0	230,0	0	1002,0	0	1864,9	ERA5
1036120	13/03/2022	16	13/03/2022	12	HAE	-8,1	0	-15,2	0	57,0	0	21,0	0	230,0	0	1002,0	0	2326,6	ERA5
1036121	13/03/2022	17	13/03/2022	13	HAE	-6,7	0	-14,4	0	55,0	0	25,0	0	230,0	0	1002,0	0	2410,4	ERA5
1036122	13/03/2022	18	13/03/2022	14	HAE	-5,3	0	-13,7	0	52,0	0	26,0	0	220,0	0	1001,0	0	2367,9	ERA5
1036123	13/03/2022	19	13/03/2022	15	HAE	-4,3	0	-14,0	0	47,0	0	22,0	0	220,0	0	1000,0	0	1866,4	ERA5
1036124	13/03/2022	20	13/03/2022	16	HAE	-3,8	0	-13,6	0	47,0	0	16,0	0	230,0	0	1000,0	0	1540,4	ERA5
1036125	13/03/2022	21	13/03/2022	17	HAE	-3,5	0	-13,0	0	48,0	0	30,0	0	240,0	0	1000,0	0	1026,7	ERA5
1036126	13/03/2022	22	13/03/2022	18	HAE	-3,8	0	-11,1	0	57,0	0	22,0	0	210,0	0	1001,0	0	659,0	ERA5
1036127	13/03/2022	23	13/03/2022	19	HAE	-4,9	0	-9,0	0	73,0	0	18,0	0	210,0	0	1002,0	0	166,5	ERA5
1036128	14/03/2022	00	13/03/2022	20	HAE	-4,9	0	-8,6	0	75,0	0	18,0	0	210,0	0	1002,0	0	0,1	ERA5
1036129	14/03/2022	01	13/03/2022	21	HAE	-4,7	0	-8,9	0	72,0	0	21,0	0	210,0	0	1003,0	0	0,0	ERA5
1036130	14/03/2022	02	13/03/2022	22	HAE	-4,8	0	-8,0	0	78,0	0	17,0	0	200,0	0	1003,0	0	0,0	ERA5
1036131	14/03/2022	03	13/03/2022	23	HAE	-5,0	0	-7,2	0	85,0	0	14,0	0	200,0	0	1004,0	0	0,0	ERA5
1036132	14/03/2022	04	14/03/2022	00	HAE	-5,0	0	-6,5	0	89,0	0	11,0	0	200,0	0	1004,0	0	0,0	ERA5
1036133	14/03/2022	05	14/03/2022	01	HAE	-4,7	0	-6,0	0	90,0	0	14,0	0	200,0	0	1004,0	0	0,0	ERA5
1036134	14/03/2022	06	14/03/2022	02	HAE	-4,1	0	-5,4	0	91,0	0	11,0	0	210,0	0	1004,0	0	0,0	ERA5
1036135	14/03/2022	07	14/03/2022	03	HAE	-3,4	0	-5,2	0	87,0	0	18,0	0	220,0	0	1005,0	0	0,0	ERA5
1036136	14/03/2022	08	14/03/2022	04	HAE	-3,0	0	-5,2	0	84,0	0	17,0	0	220,0	0	1005,0	0	0,0	ERA5
1036137	14/03/2022	09	14/03/2022	05	HAE	-2,9	0	-5,3	0	84,0	0	7,0	0	230,0	0	1005,0	0	0,0	ERA5
1036138	14/03/2022	10	14/03/2022	06	HAE	-2,4	0	-5,3	0	81,0	0	14,0	0	240,0	0	1006,0	0	0,0	ERA5
1036139	14/03/2022	11	14/03/2022	07	HAE	-2,2	0	-6,2	0	75,0	0	23,0	0	250,0	0	1007,0	0	0,0	ERA5
1036140	14/03/2022	12	14/03/2022	08	HAE	-2,4	0	-6,4	0	74,0	0	14,0	0	230,0	0	1008,0	0	62,3	ERA5
1036141	14/03/2022	13	14/03/2022	09	HAE	-2,5	0	-7,0	0	71,0	0	17,0	0	240,0	0	1009,0	0	394,6	ERA5
1036142	14/03/2022	14	14/03/2022	10	HAE	-1,2	0	-8,0	0	60,0	0	19,0	0	250,0	0	1010,0	0	964,9	ERA5
1036143	14/03/2022	15	14/03/2022	11	HAE	0,2	0	-6,7	0	60,0	0	19,0	0	230,0	0	1010,0	0	1542,7	ERA5
1036144	14/03/2022	16	14/03/2022	12	HAE	0,8	0	-6,8	0	57,0	0	26,0	0	240,0	0	1010,0	0	1518,4	ERA5
1036145	14/03/2022	17	14/03/2022	13	HAE	2,8	0	-5,9	0	53,0	0	25,0	0	230,0	0	1010,0	0	1873,7	ERA5
1036146	14/03/2022	18	14/03/2022	14	HAE	3,8	0	-5,2	0	52,0	0	20,0	0	220,0	0	1009,0	0	1883,8	ERA5
1036147	14/03/2022	19	14/03/2022	15	HAE	4,9	0	-4,9	0	49,0	0	21,0	0	220,0	0	1008,0	0	1239,9	ERA5
1036148	14/03/2022	20	14/03/2022	16	HAE	4,6	0	-4,3	0	52,0	0	25,0	0	220,0	0	1007,0	0	1049,3	ERA5
1036149	14/03/2022	21	14/03/2022	17	HAE	4,3	0	-3,4	0	57,0	0	19,0	0	200,0	0	1007,0	0	843,9	ERA5
1036150	14/03/2022	22	14/03/2022	18	HAE	4,0	0	-3,5	0	58,0	0	13,0	0	210,0	0	1007,0	0	429,8	ERA5
1036151	14/03/2022	23	14/03/2022	19	HAE	3,9	0	-3,0	0	61,0	0	33,0	0	220,0	0	1008,0	0	88,9	ERA5
1036152	15/03/2022	00	14/03/2022	20	HAE	2,4	0	-0,7	0	80,0	0	24,0	0	240,0	0	1008,0	0	0,2	ERA5
1036153	15/03/2022	01	14/03/2022	21	HAE	1,9	0	-0,25	4.lineaire	87,0	0	13,0	0	230,0	0	1009,0	0	0,0	ERA5
1036154	15/03/2022	02	14/03/2022	22	HAE	1,4	0	0,2	0	92,0	0	11,0	0	220,0	0	1009,0	0	0,0	ERA5
1036155	15/03/2022	03	14/03/2022	23	HAE	1,4	0	0,4	0	93,0	0	13,0	0	220,0	0	1008,0	0	0,0	ERA5
1036156	15/03/2022	04	15/03/2022	00	HAE	1,0	0	0,2	0	95,0	0	13,0	0	210,0	0	1008,0	0	0,0	ERA5
1036157	15/03/2022	05	15/03/2022	01	HAE	0,8	0	0,2	0	96,0	0	12,0	0	250,0	0	1009,0	0	0,0	ERA5
1036158	15/03/2022	06	15/03/2022	02	HAE	0,4	0	-0,1	0	97,0	0	8,0	0	250,0	0	1009,0	0	0,0	ERA5
1036159	15/03/2022	07	15/03/2022	03	HAE	0,2	0	-0,2	0	97,0	0	9,0	0	290,0	0	1010,0	0	0,0	ERA5
1036160	15/03/2022	08	15/03/2022	04	HAE	-0,6	0	-1,3	0	95,0	0	9,0	0	280,0	0	1010,0	0	0,0	ERA5
1036161	15/03/2022	09	15/03/2022	05	HAE	-1,2	0	-1,8	0	96,0	0	10,0	0	290,0	0	1010,0	0	0,0	ERA5
1036162	15/03/2022	10	15/03/2022	06	HAE	-2,1	0	-2,7	0	96,0	0	5,0	0	280,0	0	1010,0	0	0,0	ERA5
1036163	15/03/2022	11	15/03/2022	07	HAE	-2,7	0	-3,1	0	97,0	0	8,0	0	290,0	0	1011,0	0	0,0	ERA5
1036164	15/03/2022	12	15/03/2022	08	HAE	-3,0	0	-3,4	0	97,0	0	10,0	0	310,0	0	1012,0	0	68,9	ERA5
1036165	15/03/2022	13	15/03/2022	09	HAE	-1,5	0	-2,3	0	94,0	0	7,0	0	310,0	0	1012,0	0	453,0	ERA5
1036166	15/03/2022	14	15/03/2022	10	HAE	0,2	0	-3,8	0	74,0	0	7,0	0	360,0	0	1012,0	0	972,8	ERA5
1036167	15/03/2022	15	15/03/2022	11	HAE	1,4	0	-5,2	0	61,0	0	5,0	0	40,0	0	1012,0	0	1590,3	ERA5
1036168	15/03/2022	16	15/03/2022	12	HAE	2,0	0	-5,2	0	59,0	0	11,0	0	100,0	0	1012,0	0	2038,0	ERA5
1036169	15/03/2022	17	15/03/2022	13	HAE	2,2	0	-5,6	0	57,0	0	7,0	0	70,0	0	1011,0	0	2164,9	ERA5
1036170	15/03/2022	18	15/03/2022	14	HAE	2,5	0	-5,5	0	56,0	0	4,0	0	100,0	0	1010,0	0	1950,1	ERA5
1036171	15/03/2022	19	15/03/2022	15	HAE	2,7	0	-5,0	0	57,0	0	7,0	0	40,0	0	1010,0	0	1679,0	ERA5
1036172	15/03/2022	20	15/03/2022	16	HAE	2,7	0	-5,1	0	57,0	0	4,0	0	100,0	0	1009,0	0	1308,7	ERA5
1036173	15/03/2022	21	15/03/2022	17	HAE	2,7	0	-5,4	0	55,0	0	7,0	0	110,0	0	1008,0	0	934,0	ERA5
1036174	15/03/2022	22	15/03/2022	18	HAE	2,4	0	-4,8	0	59,0	0	9,0	0	100,0	0	1008,0	0	534,5	ERA5
1036175	15/03/2022	23	15/03/2022	19	HAE	1,8	0	-4,4	0	63,0	0	7,0	0	100,0	0	1008,0	0	142,5	ERA5
1036176	16/03/2022	00	15/03/2022	20	HAE	0,3	0	-4,2	0	72,0	0	5,0	0	140,0	0	1008,0	0	0,6	ERA5
1036177	16/03/2022	01	15/03/2022	21	HAE	-0,8	0	-4,8	0	74,0	0	9,0	0	120,0	0	1008,0	0	0,0	ERA5
1036178	16/03/2022	02	15/03/2022	22	HAE	-2,3	0	-5,8	0	77,0	0	8,0	0	130,0	0	1008,0	0	0,0	ERA5
1036179	16/03/2022	03	15/03/2022	23	HAE	-1,4	0	-5,9	0	72,0	0	8,0	0	140,0	0	1008,0	0	0,0	ERA5
1036180	16/03/2022	04	16/03/2022	00	HAE	-1,5	0	-5,4	0	74,0	0	8,0	0	160,0	0	1007,0	0	0,0	ERA5
1036181	16/03/2022	05	16/03/2022	01	HAE	-1,9	0	-5,3	0	77,0	0	5,0	0	170,0	0	1007,0	0	0,0	ERA5
1036182	16/03/2022	06	16/03/2022	02	HAE	-1,7	0	-4,1	0	84,0	0	7,0	0	200,0	0	1007,0	0	0,0	ERA5
1036183	16/03/2022	07	16/03/2022	03	HAE	-2,2	0	-4,2	0	86,0	0	7,0	0	210,0	0	1007,0	0	0,0	ERA5
1036184	16/03/2022	08	16/03/2022	04	HAE	-2,5	0	-4,0	0	90,0	0	9,0	0	210,0	0	1007,0	0	0,0	ERA5
1036185	16/03/2022	09	16/03/2022	05	HAE	-2,2	0	-3,4	0	91,0	0	10,0	0	190,0	0	1006,0	0	0,0	ERA5
1036186	16/03/2022	10	16/03/2022	06	HAE	-2,3	0	-3,3	0	93,0	0	8,0	0	190,0	0	1006,0	0	0,0	ERA5
1036187	16/03/2022	11	16/03/2022	07	HAE	-2,5	0	-3,5	0	92,0	0	10,0	0	210,0	0	1007,0	0	0,0	ERA5
1036188	16/03/2022	12	16/03/2022	08	HAE	-1,8	0	-2,7	0	93,0	0	12,0	0	220,0	0	1007,0	0	70,7	ERA5
1036189	16/03/2022	13	16/03/2022	09	HAE	0,8	0	-1,1	0	87,0	0	19,0	0	200,0	0	1007,0	0	450,8	ERA5
1036190	16/03/2022	14	16/03/2022	10	HAE	2,1	0	-0,4	0	83,0	0	22,0	0	220,0	0	1008,0	0	723,2	ERA5
1036191	16/03/2022	15	16/03/2022	11	HAE	2,8	0	-0,6	0	78,0	0	24,0	0	220,0	0	1008,0	0	1240,5	ERA5
1036192	16/03/2022	16	16/03/2022	12	HAE	3,7	0	-0,2	0	76,0	0	20,0	0	220,0	0	1008,0	0	1751,4	ERA5
1036193	16/03/2022	17	16/03/2022	13	HAE	4,1	0	-0,2	0	74,0	0	21,0	0	180,0	0	1007,0	0	2255,5	ERA5
1036194	16/03/2022	18	16/03/2022	14	HAE	4,3	0	0,1	0	74,0	0	19,0	0	190,0	0	1007,0	0	2524,5	ERA5
1036195	16/03/2022	19	16/03/2022	15	HAE	5,2	0	0,6	0	72,0	0	17,0	0	200,0	0	1006,0	0	2251,3	ERA5
1036196	16/03/2022	20	16/03/2022	16	HAE	5,1	0	0,6	0	72,0	0	16,0	0	200,0	0	1006,0	0	1718,8	ERA5
1036197	16/03/2022	21	16/03/2022	17	HAE	5,0	0	0,5	0	72,0	0	19,0	0	190,0	0	1006,0	0	1191,2	ERA5
1036198	16/03/2022	22	16/03/2022	18	HAE	4,2	0	0,5	0	77,0	0	9,0	0	170,0	0	1005,0	0	502,9	ERA5
1036199	16/03/2022	23	16/03/2022	19	HAE	3,3	0	0,4	0	82,0	0	12,0	0	160,0	0	1005,0	0	149,9	ERA5
1036200	17/03/2022	00	16/03/2022	20	HAE	2,8	0	0,6	0	85,0	0	9,0	0	160,0	0	1005,0	0	0,8	ERA5
1036201	17/03/2022	01	16/03/2022	21	HAE	2,3	0	0,4	0	87,0	0	7,0	0	180,0	0	1005,0	0	0,0	ERA5
1036202	17/03/2022	02	16/03/2022	22	HAE	2,2	0	0,5	0	88,0	0	8,0	0	180,0	0	1004,0	0	0,0	ERA5
1036203	17/03/2022	03	16/03/2022	23	HAE	1,9	0	0,4	0	89,0	0	9,0	0	160,0	0	1004,0	0	0,0	ERA5
1036204	17/03/2022	04	17/03/2022	00	HAE	1,0	0	-0,1	0	93,0	0	7,0	0	150,0	0	1003,0	0	0,0	ERA5
1036205	17/03/2022	05	17/03/2022	01	HAE	0,2	0	-0,5	0	95,0	0	6,0	0	150,0	0	1003,0	0	0,0	ERA5
1036206	17/03/2022	06	17/03/2022	02	HAE	0,266667	4.lineaire	-0,6	0	96,0	0	5,0	0	60,0	0	1002,0	0	0,0	ERA5
1036207	17/03/2022	07	17/03/2022	03	HAE	0,333333	4.lineaire	-0,5	0	97,0	0	10,0	0	100,0	0	1001,0	0	0,0	ERA5
1036208	17/03/2022	08	17/03/2022	04	HAE	0,4	0	-0,1	0	96,0	0	6,0	0	60,0	0	1001,0	0	0,0	ERA5
1036209	17/03/2022	09	17/03/2022	05	HAE	1,1	0	0,5	0	96,0	0	10,0	0	60,0	0	1000,0	0	0,0	ERA5
1036210	17/03/2022	10	17/03/2022	06	HAE	1,3	0	0,4	0	94,0	0	9,0	0	80,0	0	1000,0	0	0,0	ERA5
1036211	17/03/2022	11	17/03/2022	07	HAE	1,1	0	0,1	0	93,0	0	10,0	0	70,0	0	1000,0	0	0,0	ERA5
1036212	17/03/2022	12	17/03/2022	08	HAE	1,1	0	0,2	0	94,0	0	7,0	0	90,0	0	1000,0	0	80,7	ERA5
1036213	17/03/2022	13	17/03/2022	09	HAE	2,8	0	0,9	0	87,0	0	8,0	0	100,0	0	999,0	0	453,1	ERA5
1036214	17/03/2022	14	17/03/2022	10	HAE	5,5	0	1,8	0	77,0	0	11,0	0	160,0	0	999,0	0	909,7	ERA5
1036215	17/03/2022	15	17/03/2022	11	HAE	8,1	0	2,3	0	67,0	0	16,0	0	190,0	0	999,0	0	1159,0	ERA5
1036216	17/03/2022	16	17/03/2022	12	HAE	10,8	0	3,3	0	59,0	0	10,0	0	210,0	0	998,0	0	1647,2	ERA5
1036217	17/03/2022	17	17/03/2022	13	HAE	12,7	0	3,4	0	53,0	0	17,0	0	210,0	0	998,0	0	2086,0	ERA5
1036218	17/03/2022	18	17/03/2022	14	HAE	14,0	0	3,3	0	48,0	0	19,0	0	200,0	0	997,0	0	2141,7	ERA5
1036219	17/03/2022	19	17/03/2022	15	HAE	15,0	0	3,6	0	46,0	0	16,0	0	180,0	0	997,0	0	2026,0	ERA5
1036220	17/03/2022	20	17/03/2022	16	HAE	15,4	0	3,7	0	45,0	0	17,0	0	190,0	0	996,0	0	1962,6	ERA5
1036221	17/03/2022	21	17/03/2022	17	HAE	14,7	0	3,6	0	47,0	0	12,0	0	180,0	0	996,0	0	1416,9	ERA5
1036222	17/03/2022	22	17/03/2022	18	HAE	13,9	0	3,7	0	50,0	0	11,0	0	180,0	0	996,0	0	705,8	ERA5
1036223	17/03/2022	23	17/03/2022	19	HAE	12,3	0	3,5	0	55,0	0	13,0	0	190,0	0	996,0	0	188,7	ERA5
1036224	18/03/2022	00	17/03/2022	20	HAE	11,4	0	3,3	0	57,0	0	9,0	0	190,0	0	997,0	0	1,3	ERA5
1036225	18/03/2022	01	17/03/2022	21	HAE	11,1	0	3,3	0	59,0	0	9,0	0	200,0	0	997,0	0	0,0	ERA5
1036226	18/03/2022	02	17/03/2022	22	HAE	10,0	0	3,2	0	63,0	0	10,0	0	210,0	0	997,0	0	0,0	ERA5
1036227	18/03/2022	03	17/03/2022	23	HAE	8,5	0	3,2	0	69,0	0	6,0	0	290,0	0	997,0	0	0,0	ERA5
1036228	18/03/2022	04	18/03/2022	00	HAE	8,0	0	3,1	0	71,0	0	6,0	0	220,0	0	997,0	0	0,0	ERA5
1036229	18/03/2022	05	18/03/2022	01	HAE	7,8	0	3,1	0	72,0	0	7,0	0	210,0	0	997,0	0	0,0	ERA5
1036230	18/03/2022	06	18/03/2022	02	HAE	5,0	0	2,0	0	81,0	0	12,0	0	210,0	0	997,0	0	0,0	ERA5
1036231	18/03/2022	07	18/03/2022	03	HAE	4,6	0	1,8	0	82,0	0	11,0	0	210,0	0	997,0	0	0,0	ERA5
1036232	18/03/2022	08	18/03/2022	04	HAE	4,8	0	1,8	0	81,0	0	6,0	0	280,0	0	997,0	0	0,0	ERA5
1036233	18/03/2022	09	18/03/2022	05	HAE	2,5	0	0,8	0	89,0	0	4,0	0	210,0	0	998,0	0	0,0	ERA5
1036234	18/03/2022	10	18/03/2022	06	HAE	3,5	0	1,7	0	88,0	0	7,0	0	290,0	0	998,0	0	0,0	ERA5
1036235	18/03/2022	11	18/03/2022	07	HAE	3,1	0	1,7	0	90,0	0	5,0	0	280,0	0	999,0	0	0,0	ERA5
1036236	18/03/2022	12	18/03/2022	08	HAE	2,6	0	1,5	0	92,0	0	14,0	0	330,0	0	999,0	0	118,4	ERA5
1036237	18/03/2022	13	18/03/2022	09	HAE	4,0	0	2,7	0	91,0	0	10,0	0	330,0	0	1000,0	0	686,0	ERA5
1036238	18/03/2022	14	18/03/2022	10	HAE	4,3	0	2,7	0	89,0	0	9,0	0	300,0	0	1001,0	0	933,4	ERA5
1036239	18/03/2022	15	18/03/2022	11	HAE	5,2	0	3,1	0	86,0	0	15,0	0	320,0	0	1003,0	0	1236,1	ERA5
1036240	18/03/2022	16	18/03/2022	12	HAE	5,7	0	2,9	0	82,0	0	9,0	0	320,0	0	1002,0	0	1652,0	ERA5
1036241	18/03/2022	17	18/03/2022	13	HAE	6,5	0	3,3	0	80,0	0	7,0	0	300,0	0	1003,0	0	1561,7	ERA5
1036242	18/03/2022	18	18/03/2022	14	HAE	8,2	0	4,2	0	75,0	0	17,0	0	40,0	0	1003,0	0	1248,9	ERA5
1036243	18/03/2022	19	18/03/2022	15	HAE	8,9	0	3,9	0	71,0	0	11,0	0	80,0	0	1003,0	0	840,8	ERA5
1036244	18/03/2022	20	18/03/2022	16	HAE	9,9	0	3,8	0	66,0	0	8,0	0	350,0	0	1003,0	0	1257,4	ERA5
1036245	18/03/2022	21	18/03/2022	17	HAE	9,8	0	3,9	0	67,0	0	14,0	0	40,0	0	1003,0	0	1235,4	ERA5
1036246	18/03/2022	22	18/03/2022	18	HAE	7,7	0	2,4	0	69,0	0	21,0	0	50,0	0	1004,0	0	783,8	ERA5
1036247	18/03/2022	23	18/03/2022	19	HAE	5,9	0	1,7	0	75,0	0	18,0	0	40,0	0	1004,0	0	252,4	ERA5
1036248	19/03/2022	00	18/03/2022	20	HAE	5,3	0	1,5	0	76,0	0	15,0	0	50,0	0	1004,0	0	2,0	ERA5
1036249	19/03/2022	01	18/03/2022	21	HAE	4,8	0	1,2	0	78,0	0	16,0	0	50,0	0	1004,0	0	0,0	ERA5
1036250	19/03/2022	02	18/03/2022	22	HAE	4,9	0	1,2	0	77,0	0	17,0	0	60,0	0	1004,0	0	0,0	ERA5
1036251	19/03/2022	03	18/03/2022	23	HAE	4,7	0	1,0	0	77,0	0	23,0	0	50,0	0	1003,0	0	0,0	ERA5
1036252	19/03/2022	04	19/03/2022	00	HAE	4,5	0	0,5	0	75,0	0	25,0	0	60,0	0	1002,0	0	0,0	ERA5
1036253	19/03/2022	05	19/03/2022	01	HAE	4,9	0	-0,1	0	70,0	0	32,0	0	70,0	0	1002,0	0	0,0	ERA5
1036254	19/03/2022	06	19/03/2022	02	HAE	4,2	0	-0,1	0	73,0	0	25,0	0	70,0	0	1001,0	0	0,0	ERA5
1036255	19/03/2022	07	19/03/2022	03	HAE	3,9	0	0,1	0	76,0	0	31,0	0	60,0	0	1000,0	0	0,0	ERA5
1036256	19/03/2022	08	19/03/2022	04	HAE	4,0	0	-1,0	0	70,0	0	31,0	0	60,0	0	999,0	0	0,0	ERA5
1036257	19/03/2022	09	19/03/2022	05	HAE	3,8	0	-0,1	0	76,0	0	41,0	0	60,0	0	998,0	0	0,0	ERA5
1036258	19/03/2022	10	19/03/2022	06	HAE	3,4	0	0,7	0	83,0	0	36,0	0	70,0	0	997,0	0	0,0	ERA5
1036259	19/03/2022	11	19/03/2022	07	HAE	2,7	0	1,0	0	89,0	0	26,0	0	70,0	0	997,0	0	0,0	ERA5
1036260	19/03/2022	12	19/03/2022	08	HAE	2,4	0	1,5	0	94,0	0	32,0	0	60,0	0	996,0	0	38,7	ERA5
1036261	19/03/2022	13	19/03/2022	09	HAE	2,1	0	1,5	0	95,0	0	37,0	0	60,0	0	995,0	0	147,4	ERA5
1036262	19/03/2022	14	19/03/2022	10	HAE	2,2	0	1,6	0	96,0	0	33,0	0	60,0	0	995,0	0	276,4	ERA5
1036263	19/03/2022	15	19/03/2022	11	HAE	2,3	0	1,7	0	96,0	0	33,0	0	70,0	0	994,0	0	250,3	ERA5
1036264	19/03/2022	16	19/03/2022	12	HAE	2,4	0	1,9	0	97,0	0	23,0	0	60,0	0	994,0	0	436,3	ERA5
1036265	19/03/2022	17	19/03/2022	13	HAE	2,4	0	1,9	0	97,0	0	22,0	0	60,0	0	993,0	0	608,6	ERA5
1036266	19/03/2022	18	19/03/2022	14	HAE	2,4	0	2,0	0	97,0	0	20,0	0	60,0	0	992,0	0	553,8	ERA5
1036267	19/03/2022	19	19/03/2022	15	HAE	2,5	0	2,0	0	97,0	0	20,0	0	60,0	0	992,0	0	422,3	ERA5
1036268	19/03/2022	20	19/03/2022	16	HAE	2,5	0	2,1	0	97,0	0	21,0	0	60,0	0	990,0	0	246,1	ERA5
1036269	19/03/2022	21	19/03/2022	17	HAE	2,5	0	2,1	0	98,0	0	12,0	0	60,0	0	990,0	0	213,3	ERA5
1036270	19/03/2022	22	19/03/2022	18	HAE	2,4	0	2,1	0	98,0	0	11,0	0	80,0	0	990,0	0	141,9	ERA5
1036271	19/03/2022	23	19/03/2022	19	HAE	2,4	0	2,1	0	98,0	0	7,0	0	80,0	0	990,0	0	68,8	ERA5
1036272	20/03/2022	00	19/03/2022	20	HAE	2,2	0	2,0	0	98,0	0	14,0	0	60,0	0	990,0	0	1,5	ERA5
1036273	20/03/2022	01	19/03/2022	21	HAE	2,1	0	1,8	0	98,0	0	12,0	0	90,0	0	989,0	0	0,0	ERA5
1036274	20/03/2022	02	19/03/2022	22	HAE	1,7	0	1,5	0	98,0	0	10,0	0	100,0	0	989,0	0	0,0	ERA5
1036275	20/03/2022	03	19/03/2022	23	HAE	1,5	0	1,3	0	99,0	0	7,0	0	140,0	0	990,0	0	0,0	ERA5
1036276	20/03/2022	04	20/03/2022	00	HAE	1,4	0	1,2	0	99,0	0	11,0	0	110,0	0	989,0	0	0,0	ERA5
1036277	20/03/2022	05	20/03/2022	01	HAE	1,4	0	1,2	0	99,0	0	10,0	0	110,0	0	988,0	0	0,0	ERA5
1036278	20/03/2022	06	20/03/2022	02	HAE	1,6	0	1,4	0	99,0	0	7,0	0	60,0	0	988,0	0	0,0	ERA5
1036279	20/03/2022	07	20/03/2022	03	HAE	1,5	0	1,4	0	99,0	0	4,0	0	70,0	0	988,0	0	0,0	ERA5
1036280	20/03/2022	08	20/03/2022	04	HAE	3,0	0	2,9	0	99,0	0	8,0	0	200,0	0	988,0	0	0,0	ERA5
1036281	20/03/2022	09	20/03/2022	05	HAE	4,8	0	4,7	0	99,0	0	12,0	0	210,0	0	988,0	0	0,0	ERA5
1036282	20/03/2022	10	20/03/2022	06	HAE	4,8	0	4,6	0	99,0	0	16,0	0	220,0	0	989,0	0	0,0	ERA5
1036283	20/03/2022	11	20/03/2022	07	HAE	4,5	0	4,3	0	99,0	0	15,0	0	220,0	0	989,0	0	0,0	ERA5
1036284	20/03/2022	12	20/03/2022	08	HAE	4,0	0	3,8	0	99,0	0	16,0	0	220,0	0	990,0	0	14,1	ERA5
1036285	20/03/2022	13	20/03/2022	09	HAE	3,5	0	3,3	0	98,0	0	17,0	0	260,0	0	991,0	0	81,0	ERA5
1036286	20/03/2022	14	20/03/2022	10	HAE	3,5	0	3,3	0	98,0	0	15,0	0	250,0	0	992,0	0	164,8	ERA5
1036287	20/03/2022	15	20/03/2022	11	HAE	3,9	0	3,2	0	96,0	0	21,0	0	270,0	0	992,0	0	220,4	ERA5
1036288	20/03/2022	16	20/03/2022	12	HAE	4,2	0	2,7	0	90,0	0	25,0	0	270,0	0	993,0	0	316,2	ERA5
1036289	20/03/2022	17	20/03/2022	13	HAE	3,8	0	2,5	0	92,0	0	24,0	0	280,0	0	993,0	0	435,2	ERA5
1036290	20/03/2022	18	20/03/2022	14	HAE	3,8	0	1,9	0	87,0	0	26,0	0	280,0	0	994,0	0	631,1	ERA5
1036291	20/03/2022	19	20/03/2022	15	HAE	4,2	0	2,1	0	86,0	0	17,0	0	270,0	0	994,0	0	747,4	ERA5
1036292	20/03/2022	20	20/03/2022	16	HAE	4,5	0	2,7	0	88,0	0	20,0	0	280,0	0	995,0	0	736,6	ERA5
1036293	20/03/2022	21	20/03/2022	17	HAE	5,5	0	2,3	0	80,0	0	18,0	0	290,0	0	995,0	0	546,5	ERA5
1036294	20/03/2022	22	20/03/2022	18	HAE	6,8	0	1,6	0	69,0	0	15,0	0	290,0	0	996,0	0	516,8	ERA5
1036295	20/03/2022	23	20/03/2022	19	HAE	6,0	0	-1,4	0	59,0	0	19,0	0	320,0	0	997,0	0	245,0	ERA5
1036296	21/03/2022	00	20/03/2022	20	HAE	4,7	0	-1,4	0	65,0	0	9,0	0	300,0	0	998,0	0	4,2	ERA5
1036297	21/03/2022	01	20/03/2022	21	HAE	4,1	0	-1,4	0	68,0	0	5,0	0	280,0	0	999,0	0	0,0	ERA5
1036298	21/03/2022	02	20/03/2022	22	HAE	2,3	0	-1,7	0	75,0	0	7,0	0	240,0	0	1000,0	0	0,0	ERA5
1036299	21/03/2022	03	20/03/2022	23	HAE	1,2	0	-1,9	0	80,0	0	12,0	0	250,0	0	1000,0	0	0,0	ERA5
1036300	21/03/2022	04	21/03/2022	00	HAE	1,4	0	-2,3	0	76,0	0	11,0	0	270,0	0	1001,0	0	0,0	ERA5
1036301	21/03/2022	05	21/03/2022	01	HAE	0,7	0	-2,8	0	78,0	0	12,0	0	300,0	0	1001,0	0	0,0	ERA5
1036302	21/03/2022	06	21/03/2022	02	HAE	0,7	0	-3,0	0	76,0	0	10,0	0	270,0	0	1001,0	0	0,0	ERA5
1036303	21/03/2022	07	21/03/2022	03	HAE	-0,9	0	-3,1	0	85,0	0	7,0	0	240,0	0	1001,0	0	0,0	ERA5
1036304	21/03/2022	08	21/03/2022	04	HAE	-0,6	0	-2,9	0	84,0	0	13,0	0	240,0	0	1002,0	0	0,0	ERA5
1036305	21/03/2022	09	21/03/2022	05	HAE	-1,3	0	-3,5	0	85,0	0	11,0	0	260,0	0	1002,0	0	0,0	ERA5
1036306	21/03/2022	10	21/03/2022	06	HAE	-2,8	0	-4,5	0	88,0	0	13,0	0	300,0	0	1002,0	0	0,0	ERA5
1036307	21/03/2022	11	21/03/2022	07	HAE	-1,5	0	-3,5	0	87,0	0	10,0	0	280,0	0	1002,0	0	0,0	ERA5
1036308	21/03/2022	12	21/03/2022	08	HAE	-1,0	0	-2,8	0	88,0	0	12,0	0	260,0	0	1002,0	0	152,4	ERA5
1036309	21/03/2022	13	21/03/2022	09	HAE	1,2	0	-3,0	0	74,0	0	23,0	0	280,0	0	1003,0	0	745,3	ERA5
1036310	21/03/2022	14	21/03/2022	10	HAE	2,3	0	-3,9	0	64,0	0	34,0	0	290,0	0	1003,0	0	1404,7	ERA5
1036311	21/03/2022	15	21/03/2022	11	HAE	3,3	0	-3,8	0	60,0	0	31,0	0	290,0	0	1003,0	0	1909,4	ERA5
1036312	21/03/2022	16	21/03/2022	12	HAE	4,0	0	-4,5	0	54,0	0	35,0	0	290,0	0	1003,0	0	1964,3	ERA5
1036313	21/03/2022	17	21/03/2022	13	HAE	4,7	0	-4,9	0	50,0	0	29,0	0	280,0	0	1003,0	0	2124,6	ERA5
1036314	21/03/2022	18	21/03/2022	14	HAE	5,4	0	-4,3	0	50,0	0	32,0	0	290,0	0	1003,0	0	2191,1	ERA5
1036315	21/03/2022	19	21/03/2022	15	HAE	5,5	0	-5,2	0	46,0	0	35,0	0	290,0	0	1004,0	0	1983,3	ERA5
1036316	21/03/2022	20	21/03/2022	16	HAE	5,3	0	-4,8	0	48,0	0	31,0	0	300,0	0	1004,0	0	2107,0	ERA5
1036317	21/03/2022	21	21/03/2022	17	HAE	5,2	0	-5,2	0	47,0	0	32,0	0	300,0	0	1004,0	0	1503,8	ERA5
1036318	21/03/2022	22	21/03/2022	18	HAE	4,7	0	-5,7	0	47,0	0	29,0	0	320,0	0	1004,0	0	926,4	ERA5
1036319	21/03/2022	23	21/03/2022	19	HAE	2,6	0	-6,3	0	52,0	0	26,0	0	340,0	0	1005,0	0	316,6	ERA5
1036320	22/03/2022	00	21/03/2022	20	HAE	1,6	0	-6,6	0	55,0	0	22,0	0	330,0	0	1006,0	0	4,9	ERA5
1036321	22/03/2022	01	21/03/2022	21	HAE	0,6	0	-7,0	0	57,0	0	30,0	0	330,0	0	1006,0	0	0,0	ERA5
1036322	22/03/2022	02	21/03/2022	22	HAE	-0,2	0	-7,2	0	59,0	0	23,0	0	320,0	0	1007,0	0	0,0	ERA5
1036323	22/03/2022	03	21/03/2022	23	HAE	-1,3	0	-7,4	0	63,0	0	14,0	0	300,0	0	1007,0	0	0,0	ERA5
1036324	22/03/2022	04	22/03/2022	00	HAE	-1,6	0	-7,5	0	64,0	0	11,0	0	280,0	0	1007,0	0	0,0	ERA5
1036325	22/03/2022	05	22/03/2022	01	HAE	-1,6	0	-7,3	0	65,0	0	16,0	0	280,0	0	1008,0	0	0,0	ERA5
1036326	22/03/2022	06	22/03/2022	02	HAE	-2,0	0	-8,1	0	63,0	0	19,0	0	300,0	0	1008,0	0	0,0	ERA5
1036327	22/03/2022	07	22/03/2022	03	HAE	-2,1	0	-11,6	0	49,0	0	22,0	0	300,0	0	1008,0	0	0,0	ERA5
1036328	22/03/2022	08	22/03/2022	04	HAE	-2,9	0	-11,6	0	51,0	0	21,0	0	310,0	0	1008,0	0	0,0	ERA5
1036329	22/03/2022	09	22/03/2022	05	HAE	-3,1	0	-13,5	0	45,0	0	29,0	0	320,0	0	1008,0	0	0,0	ERA5
1036330	22/03/2022	10	22/03/2022	06	HAE	-3,9	0	-14,1	0	45,0	0	19,0	0	320,0	0	1009,0	0	0,0	ERA5
1036331	22/03/2022	11	22/03/2022	07	HAE	-5,2	0	-13,5	0	52,0	0	12,0	0	300,0	0	1010,0	0	0,0	ERA5
1036332	22/03/2022	12	22/03/2022	08	HAE	-3,8	0	-14,4	0	44,0	0	28,0	0	320,0	0	1010,0	0	184,7	ERA5
1036333	22/03/2022	13	22/03/2022	09	HAE	-3,0	0	-13,8	0	43,0	0	27,0	0	320,0	0	1010,0	0	816,8	ERA5
1036334	22/03/2022	14	22/03/2022	10	HAE	-1,6	0	-12,5	0	43,0	0	31,0	0	320,0	0	1010,0	0	1493,3	ERA5
1036335	22/03/2022	15	22/03/2022	11	HAE	-0,4	0	-10,7	0	46,0	0	21,0	0	300,0	0	1011,0	0	2073,9	ERA5
1036336	22/03/2022	16	22/03/2022	12	HAE	0,1	0	-10,7	0	44,0	0	25,0	0	290,0	0	1011,0	0	2506,4	ERA5
1036337	22/03/2022	17	22/03/2022	13	HAE	1,6	0	-8,9	0	46,0	0	19,0	0	290,0	0	1011,0	0	2761,5	ERA5
1036338	22/03/2022	18	22/03/2022	14	HAE	2,9	0	-7,8	0	45,0	0	21,0	0	280,0	0	1011,0	0	2804,4	ERA5
1036339	22/03/2022	19	22/03/2022	15	HAE	3,9	0	-6,7	0	46,0	0	20,0	0	290,0	0	1011,0	0	2629,5	ERA5
1036340	22/03/2022	20	22/03/2022	16	HAE	4,2	0	-6,0	0	47,0	0	17,0	0	270,0	0	1010,0	0	2236,5	ERA5
1036341	22/03/2022	21	22/03/2022	17	HAE	4,7	0	-6,6	0	44,0	0	21,0	0	280,0	0	1010,0	0	1687,4	ERA5
1036342	22/03/2022	22	22/03/2022	18	HAE	4,9	0	-6,3	0	44,0	0	15,0	0	290,0	0	1011,0	0	1031,1	ERA5
1036343	22/03/2022	23	22/03/2022	19	HAE	3,0	0	-6,7	0	49,0	0	11,0	0	300,0	0	1011,0	0	362,4	ERA5
1036344	23/03/2022	00	22/03/2022	20	HAE	3,1	0	-7,2	0	47,0	0	4,0	0	290,0	0	1011,0	0	7,3	ERA5
1036345	23/03/2022	01	22/03/2022	21	HAE	0,8	0	-7,4	0	55,0	0	7,0	0	10,0	0	1011,0	0	0,0	ERA5
1036346	23/03/2022	02	22/03/2022	22	HAE	1,2	0	-8,5	0	49,0	0	6,0	0	290,0	0	1012,0	0	0,0	ERA5
1036347	23/03/2022	03	22/03/2022	23	HAE	0,2	0	-7,7	0	55,0	0	13,0	0	330,0	0	1012,0	0	0,0	ERA5
1036348	23/03/2022	04	23/03/2022	00	HAE	0,6	0	-8,3	0	52,0	0	12,0	0	350,0	0	1012,0	0	0,0	ERA5
1036349	23/03/2022	05	23/03/2022	01	HAE	-0,3	0	-8,8	0	53,0	0	10,0	0	10,0	0	1012,0	0	0,0	ERA5
1036350	23/03/2022	06	23/03/2022	02	HAE	-2,0	0	-8,6	0	61,0	0	10,0	0	30,0	0	1012,0	0	0,0	ERA5
1036351	23/03/2022	07	23/03/2022	03	HAE	-2,8	0	-8,7	0	64,0	0	13,0	0	30,0	0	1012,0	0	0,0	ERA5
1036352	23/03/2022	08	23/03/2022	04	HAE	-3,9	0	-9,3	0	66,0	0	9,0	0	40,0	0	1012,0	0	0,0	ERA5
1036353	23/03/2022	09	23/03/2022	05	HAE	-4,3	0	-9,2	0	69,0	0	10,0	0	40,0	0	1013,0	0	0,0	ERA5
1036354	23/03/2022	10	23/03/2022	06	HAE	-4,5	0	-9,1	0	71,0	0	13,0	0	50,0	0	1013,0	0	0,0	ERA5
1036355	23/03/2022	11	23/03/2022	07	HAE	-5,5	0	-9,5	0	74,0	0	10,0	0	50,0	0	1013,0	0	0,0	ERA5
1036356	23/03/2022	12	23/03/2022	08	HAE	-2,9	0	-8,7	0	64,0	0	13,0	0	40,0	0	1013,0	0	168,2	ERA5
1036357	23/03/2022	13	23/03/2022	09	HAE	-1,9	0	-8,6	0	60,0	0	15,0	0	60,0	0	1013,0	0	563,5	ERA5
1036358	23/03/2022	14	23/03/2022	10	HAE	-0,4	0	-7,8	0	57,0	0	13,0	0	80,0	0	1013,0	0	1050,8	ERA5
1036359	23/03/2022	15	23/03/2022	11	HAE	0,6	0	-7,1	0	56,0	0	17,0	0	70,0	0	1012,0	0	1341,9	ERA5
1036360	23/03/2022	16	23/03/2022	12	HAE	1,4	0	-6,8	0	55,0	0	19,0	0	70,0	0	1011,0	0	1454,6	ERA5
1036361	23/03/2022	17	23/03/2022	13	HAE	2,7	0	-6,0	0	53,0	0	21,0	0	70,0	0	1010,0	0	1979,0	ERA5
1036362	23/03/2022	18	23/03/2022	14	HAE	3,6	0	-5,9	0	50,0	0	20,0	0	60,0	0	1010,0	0	2532,4	ERA5
1036363	23/03/2022	19	23/03/2022	15	HAE	3,2	0	-5,6	0	53,0	0	22,0	0	80,0	0	1009,0	0	2234,4	ERA5
1036364	23/03/2022	20	23/03/2022	16	HAE	3,8	0	-6,3	0	48,0	0	27,0	0	80,0	0	1008,0	0	1627,4	ERA5
1036365	23/03/2022	21	23/03/2022	17	HAE	3,2	0	-7,0	0	47,0	0	30,0	0	70,0	0	1007,0	0	1233,4	ERA5
1036366	23/03/2022	22	23/03/2022	18	HAE	3,0	0	-6,6	0	50,0	0	30,0	0	70,0	0	1006,0	0	505,5	ERA5
1036367	23/03/2022	23	23/03/2022	19	HAE	2,4	0	-5,9	0	55,0	0	27,0	0	80,0	0	1006,0	0	217,2	ERA5
1036368	24/03/2022	00	23/03/2022	20	HAE	1,9	0	-5,1	0	60,0	0	30,0	0	80,0	0	1005,0	0	3,8	ERA5
1036369	24/03/2022	01	23/03/2022	21	HAE	1,9	0	-4,4	0	63,0	0	30,0	0	80,0	0	1004,0	0	0,0	ERA5
1036370	24/03/2022	02	23/03/2022	22	HAE	1,4	0	-3,5	0	70,0	0	31,0	0	80,0	0	1004,0	0	0,0	ERA5
1036371	24/03/2022	03	23/03/2022	23	HAE	0,7	0	-2,0	0	82,0	0	33,0	0	80,0	0	1003,0	0	0,0	ERA5
1036372	24/03/2022	04	24/03/2022	00	HAE	0,6	0	-1,3	0	87,0	0	29,0	0	80,0	0	1002,0	0	0,0	ERA5
1036373	24/03/2022	05	24/03/2022	01	HAE	0,2	0	-0,9	0	92,0	0	27,0	0	80,0	0	1001,0	0	0,0	ERA5
1036374	24/03/2022	06	24/03/2022	02	HAE	0,3	0	-0,4	0	95,0	0	26,0	0	80,0	0	1000,0	0	0,0	ERA5
1036375	24/03/2022	07	24/03/2022	03	HAE	0,5	0	0,2	0	97,0	0	34,0	0	90,0	0	999,0	0	0,0	ERA5
1036376	24/03/2022	08	24/03/2022	04	HAE	1,0	0	0,7	0	98,0	0	30,0	0	90,0	0	999,0	0	0,0	ERA5
1036377	24/03/2022	09	24/03/2022	05	HAE	1,2	0	1,0	0	98,0	0	31,0	0	90,0	0	998,0	0	0,0	ERA5
1036378	24/03/2022	10	24/03/2022	06	HAE	1,5	0	1,2	0	98,0	0	26,0	0	80,0	0	998,0	0	0,0	ERA5
1036379	24/03/2022	11	24/03/2022	07	HAE	1,5	0	1,2	0	98,0	0	24,0	0	90,0	0	998,0	0	0,0	ERA5
1036380	24/03/2022	12	24/03/2022	08	HAE	1,7	0	1,4	0	98,0	0	23,0	0	90,0	0	998,0	0	18,0	ERA5
1036381	24/03/2022	13	24/03/2022	09	HAE	2,1	0	1,7	0	98,0	0	23,0	0	70,0	0	997,0	0	83,3	ERA5
1036382	24/03/2022	14	24/03/2022	10	HAE	2,5	0	2,2	0	98,0	0	22,0	0	80,0	0	997,0	0	158,1	ERA5
1036383	24/03/2022	15	24/03/2022	11	HAE	2,9	0	2,4	0	97,0	0	19,0	0	100,0	0	997,0	0	154,7	ERA5
1036384	24/03/2022	16	24/03/2022	12	HAE	3,7	0	3,2	0	96,0	0	13,0	0	110,0	0	997,0	0	319,4	ERA5
1036385	24/03/2022	17	24/03/2022	13	HAE	4,8	0	4,0	0	95,0	0	11,0	0	110,0	0	997,0	0	294,1	ERA5
1036386	24/03/2022	18	24/03/2022	14	HAE	7,0	0	5,3	0	89,0	0	12,0	0	140,0	0	996,0	0	293,6	ERA5
1036387	24/03/2022	19	24/03/2022	15	HAE	8,1	0	5,7	0	84,0	0	14,0	0	150,0	0	995,0	0	763,2	ERA5
1036388	24/03/2022	20	24/03/2022	16	HAE	8,8	0	5,7	0	80,0	0	16,0	0	150,0	0	995,0	0	678,0	ERA5
1036389	24/03/2022	21	24/03/2022	17	HAE	9,4	0	5,8	0	78,0	0	13,0	0	160,0	0	994,0	0	441,1	ERA5
1036390	24/03/2022	22	24/03/2022	18	HAE	10,1	0	5,6	0	74,0	0	17,0	0	160,0	0	994,0	0	410,2	ERA5
1036391	24/03/2022	23	24/03/2022	19	HAE	8,1	0	4,8	0	80,0	0	11,0	0	140,0	0	994,0	0	208,0	ERA5
1036392	25/03/2022	00	24/03/2022	20	HAE	7,1	0	4,8	0	85,0	0	12,0	0	120,0	0	993,0	0	6,4	ERA5
1036393	25/03/2022	01	24/03/2022	21	HAE	6,0	0	5,0	0	93,0	0	9,0	0	50,0	0	994,0	0	0,0	ERA5
1036394	25/03/2022	02	24/03/2022	22	HAE	5,8	0	4,6	0	92,0	0	13,0	0	70,0	0	993,0	0	0,0	ERA5
1036395	25/03/2022	03	24/03/2022	23	HAE	5,1	0	4,2	0	94,0	0	7,0	0	80,0	0	993,0	0	0,0	ERA5
1036396	25/03/2022	04	25/03/2022	00	HAE	5,1	0	4,3	0	95,0	0	5,0	0	140,0	0	992,0	0	0,0	ERA5
1036397	25/03/2022	05	25/03/2022	01	HAE	4,3	0	3,7	0	95,0	0	13,0	0	60,0	0	990,0	0	0,0	ERA5
1036398	25/03/2022	06	25/03/2022	02	HAE	3,8	0	3,2	0	96,0	0	14,0	0	100,0	0	990,0	0	0,0	ERA5
1036399	25/03/2022	07	25/03/2022	03	HAE	3,0	0	2,5	0	96,0	0	8,0	0	80,0	0	990,0	0	0,0	ERA5
1036400	25/03/2022	08	25/03/2022	04	HAE	2,6	0	2,2	0	97,0	0	13,0	0	90,0	0	989,0	0	0,0	ERA5
1036401	25/03/2022	09	25/03/2022	05	HAE	2,3	0	1,9	0	97,0	0	9,0	0	50,0	0	989,0	0	0,0	ERA5
1036402	25/03/2022	10	25/03/2022	06	HAE	2,1	0	1,8	0	98,0	0	10,0	0	70,0	0	988,0	0	0,0	ERA5
1036403	25/03/2022	11	25/03/2022	07	HAE	1,3	0	1,0	0	98,0	0	10,0	0	110,0	0	988,0	0	0,0	ERA5
1036404	25/03/2022	12	25/03/2022	08	HAE	3,1	0	2,9	0	99,0	0	6,0	0	180,0	0	988,0	0	94,1	ERA5
1036405	25/03/2022	13	25/03/2022	09	HAE	5,8	0	4,1	0	89,0	0	18,0	0	220,0	0	987,0	0	484,2	ERA5
1036406	25/03/2022	14	25/03/2022	10	HAE	6,6	0	3,1	0	79,0	0	18,0	0	240,0	0	987,0	0	1139,1	ERA5
1036407	25/03/2022	15	25/03/2022	11	HAE	8,1	0	3,0	0	70,0	0	19,0	0	230,0	0	986,0	0	1588,6	ERA5
1036408	25/03/2022	16	25/03/2022	12	HAE	8,1	0	2,5	0	68,0	0	12,0	0	220,0	0	985,0	0	1445,5	ERA5
1036409	25/03/2022	17	25/03/2022	13	HAE	9,6	0	1,9	0	58,0	0	25,0	0	230,0	0	984,0	0	1438,1	ERA5
1036410	25/03/2022	18	25/03/2022	14	HAE	8,6	0	1,7	0	62,0	0	22,0	0	220,0	0	983,0	0	1496,0	ERA5
1036411	25/03/2022	19	25/03/2022	15	HAE	8,1	0	2,0	0	65,0	0	19,0	0	230,0	0	983,0	0	1124,6	ERA5
1036412	25/03/2022	20	25/03/2022	16	HAE	6,5	0	2,5	0	75,0	0	20,0	0	220,0	0	983,0	0	779,9	ERA5
1036413	25/03/2022	21	25/03/2022	17	HAE	5,2	0	3,6	0	89,0	0	14,0	0	200,0	0	983,0	0	496,9	ERA5
1036414	25/03/2022	22	25/03/2022	18	HAE	4,8	0	3,5	0	91,0	0	17,0	0	230,0	0	983,0	0	374,8	ERA5
1036415	25/03/2022	23	25/03/2022	19	HAE	4,2	0	2,9	0	91,0	0	13,0	0	210,0	0	983,0	0	96,7	ERA5
1036416	26/03/2022	00	25/03/2022	20	HAE	3,6	0	2,2	0	91,0	0	17,0	0	240,0	0	983,0	0	3,9	ERA5
1036417	26/03/2022	01	25/03/2022	21	HAE	3,1	0	1,6	0	90,0	0	14,0	0	230,0	0	984,0	0	0,0	ERA5
1036418	26/03/2022	02	25/03/2022	22	HAE	2,9	0	1,1	0	88,0	0	17,0	0	220,0	0	984,0	0	0,0	ERA5
1036419	26/03/2022	03	25/03/2022	23	HAE	2,4	0	0,7	0	89,0	0	11,0	0	240,0	0	984,0	0	0,0	ERA5
1036420	26/03/2022	04	26/03/2022	00	HAE	1,8	0	0,2	4.lineaire	88,0	0	9,0	0	240,0	0	983,0	0	0,0	ERA5
1036421	26/03/2022	05	26/03/2022	01	HAE	1,6	0	-0,3	0	87,0	0	10,0	0	230,0	0	983,0	0	0,0	ERA5
1036422	26/03/2022	06	26/03/2022	02	HAE	1,6	0	-0,1	0	88,0	0	12,0	0	230,0	0	983,0	0	0,0	ERA5
1036423	26/03/2022	07	26/03/2022	03	HAE	1,4	0	-0,2	0	89,0	0	10,0	0	210,0	0	982,0	0	0,0	ERA5
1036424	26/03/2022	08	26/03/2022	04	HAE	1,2	0	-0,3	4.lineaire	91,0	0	9,0	0	210,0	0	982,0	0	0,0	ERA5
1036425	26/03/2022	09	26/03/2022	05	HAE	0,7	0	-0,4	0	93,0	0	9,0	0	200,0	0	982,0	0	0,0	ERA5
1036426	26/03/2022	10	26/03/2022	06	HAE	0,8	0	-0,2	0	93,0	0	9,0	0	210,0	0	981,0	0	0,0	ERA5
1036427	26/03/2022	11	26/03/2022	07	HAE	0,9	0	0,1	0	94,0	0	7,0	0	210,0	0	981,0	0	0,0	ERA5
1036428	26/03/2022	12	26/03/2022	08	HAE	1,0	0	0,2	0	94,0	0	9,0	0	200,0	0	981,0	0	165,5	ERA5
1036429	26/03/2022	13	26/03/2022	09	HAE	1,6	0	0,8	0	94,0	0	12,0	0	210,0	0	981,0	0	691,7	ERA5
1036430	26/03/2022	14	26/03/2022	10	HAE	2,9	0	1,4	0	89,0	0	16,0	0	220,0	0	981,0	0	1101,8	ERA5
1036431	26/03/2022	15	26/03/2022	11	HAE	4,4	0	1,4	0	81,0	0	14,0	0	230,0	0	981,0	0	1523,4	ERA5
1036432	26/03/2022	16	26/03/2022	12	HAE	5,7	0	0,8	0	71,0	0	11,0	0	210,0	0	981,0	0	1443,8	ERA5
1036433	26/03/2022	17	26/03/2022	13	HAE	7,8	0	1,2	0	63,0	0	17,0	0	210,0	0	981,0	0	1801,3	ERA5
1036434	26/03/2022	18	26/03/2022	14	HAE	6,7	0	-1,0	0	58,0	0	17,0	0	220,0	0	980,0	0	1679,3	ERA5
1036435	26/03/2022	19	26/03/2022	15	HAE	6,4	0	0,2	0	64,0	0	9,0	0	330,0	0	980,0	0	1723,2	ERA5
1036436	26/03/2022	20	26/03/2022	16	HAE	7,2	0	-1,1	0	56,0	0	17,0	0	240,0	0	980,0	0	1491,4	ERA5
1036437	26/03/2022	21	26/03/2022	17	HAE	7,0	0	0,3	0	62,0	0	12,0	0	250,0	0	980,0	0	989,4	ERA5
1036438	26/03/2022	22	26/03/2022	18	HAE	6,5	0	-0,7	0	60,0	0	9,0	0	260,0	0	981,0	0	632,4	ERA5
1036439	26/03/2022	23	26/03/2022	19	HAE	4,0	0	1,3	0	82,0	0	8,0	0	250,0	0	981,0	0	252,0	ERA5
1036440	27/03/2022	00	26/03/2022	20	HAE	3,6	0	1,8	0	88,0	0	11,0	0	260,0	0	982,0	0	10,5	ERA5
1036441	27/03/2022	01	26/03/2022	21	HAE	3,6	0	1,5	0	86,0	0	9,0	0	280,0	0	982,0	0	0,0	ERA5
1036442	27/03/2022	02	26/03/2022	22	HAE	2,9	0	1,7	0	92,0	0	7,0	0	260,0	0	982,0	0	0,0	ERA5
1036443	27/03/2022	03	26/03/2022	23	HAE	2,5	0	1,0	0	90,0	0	12,0	0	250,0	0	983,0	0	0,0	ERA5
1036444	27/03/2022	04	27/03/2022	00	HAE	2,4	0	0,4	0	87,0	0	18,0	0	280,0	0	982,0	0	0,0	ERA5
1036445	27/03/2022	05	27/03/2022	01	HAE	1,8	0	0,1	0	89,0	0	22,0	0	280,0	0	982,0	0	0,0	ERA5
1036446	27/03/2022	06	27/03/2022	02	HAE	1,0	0	0,1	0	93,0	0	20,0	0	280,0	0	983,0	0	0,0	ERA5
1036447	27/03/2022	07	27/03/2022	03	HAE	-0,2	0	-1,1	0	94,0	0	25,0	0	280,0	0	983,0	0	0,0	ERA5
1036448	27/03/2022	08	27/03/2022	04	HAE	-1,3	0	-2,4	0	92,0	0	26,0	0	290,0	0	983,0	0	0,0	ERA5
1036449	27/03/2022	09	27/03/2022	05	HAE	-2,6	0	-3,9	0	91,0	0	26,0	0	290,0	0	984,0	0	0,0	ERA5
1036450	27/03/2022	10	27/03/2022	06	HAE	-3,0	0	-5,3	0	84,0	0	32,0	0	290,0	0	985,0	0	0,0	ERA5
1036451	27/03/2022	11	27/03/2022	07	HAE	-3,8	0	-6,9	0	80,0	0	30,0	0	280,0	0	986,0	0	0,3	ERA5
1036452	27/03/2022	12	27/03/2022	08	HAE	-4,8	0	-8,0	0	79,0	0	32,0	0	290,0	0	987,0	0	161,9	ERA5
1036453	27/03/2022	13	27/03/2022	09	HAE	-5,5	0	-8,3	0	81,0	0	31,0	0	290,0	0	988,0	0	643,9	ERA5
1036454	27/03/2022	14	27/03/2022	10	HAE	-5,6	0	-9,4	0	74,0	0	33,0	0	280,0	0	989,0	0	1174,8	ERA5
1036455	27/03/2022	15	27/03/2022	11	HAE	-5,4	0	-9,3	0	74,0	0	31,0	0	270,0	0	989,0	0	1525,1	ERA5
1036456	27/03/2022	16	27/03/2022	12	HAE	-4,8	0	-10,1	0	66,0	0	29,0	0	260,0	0	990,0	0	1664,5	ERA5
1036457	27/03/2022	17	27/03/2022	13	HAE	-4,8	0	-11,2	0	61,0	0	30,0	0	270,0	0	990,0	0	1825,9	ERA5
1036458	27/03/2022	18	27/03/2022	14	HAE	-5,2	0	-11,8	0	60,0	0	28,0	0	290,0	0	990,0	0	1853,9	ERA5
1036459	27/03/2022	19	27/03/2022	15	HAE	-4,5	0	-11,9	0	56,0	0	30,0	0	270,0	0	991,0	0	1879,4	ERA5
1036460	27/03/2022	20	27/03/2022	16	HAE	-5,4	0	-13,0	0	55,0	0	35,0	0	290,0	0	991,0	0	1647,3	ERA5
1036461	27/03/2022	21	27/03/2022	17	HAE	-6,2	0	-12,9	0	60,0	0	29,0	0	280,0	0	992,0	0	1101,1	ERA5
1036462	27/03/2022	22	27/03/2022	18	HAE	-7,0	0	-14,3	0	56,0	0	40,0	0	280,0	0	993,0	0	537,9	ERA5
1036463	27/03/2022	23	27/03/2022	19	HAE	-8,3	0	-14,2	0	63,0	0	34,0	0	280,0	0	994,0	0	200,5	ERA5
1036464	28/03/2022	00	27/03/2022	20	HAE	-9,1	0	-14,7	0	64,0	0	36,0	0	280,0	0	995,0	0	11,8	ERA5
1036465	28/03/2022	01	27/03/2022	21	HAE	-9,7	0	-14,8	0	66,0	0	24,0	0	290,0	0	996,0	0	0,0	ERA5
1036466	28/03/2022	02	27/03/2022	22	HAE	-10,3	0	-15,4	0	67,0	0	30,0	0	290,0	0	997,0	0	0,0	ERA5
1036467	28/03/2022	03	27/03/2022	23	HAE	-10,8	0	-17,9	0	56,0	0	31,0	0	300,0	0	997,0	0	0,0	ERA5
1036468	28/03/2022	04	28/03/2022	00	HAE	-11,3	0	-16,9	0	64,0	0	24,0	0	320,0	0	997,0	0	0,0	ERA5
1036469	28/03/2022	05	28/03/2022	01	HAE	-11,6	0	-17,8	0	61,0	0	26,0	0	310,0	0	997,0	0	0,0	ERA5
1036470	28/03/2022	06	28/03/2022	02	HAE	-11,9	0	-16,7	0	68,0	0	17,0	0	300,0	0	997,0	0	0,0	ERA5
1036471	28/03/2022	07	28/03/2022	03	HAE	-12,1	0	-14,8	0	80,0	0	18,0	0	280,0	0	997,0	0	0,0	ERA5
1036472	28/03/2022	08	28/03/2022	04	HAE	-12,5	0	-17,0	0	69,0	0	30,0	0	300,0	0	997,0	0	0,0	ERA5
1036473	28/03/2022	09	28/03/2022	05	HAE	-12,6	0	-18,3	0	63,0	0	29,0	0	300,0	0	997,0	0	0,0	ERA5
1036474	28/03/2022	10	28/03/2022	06	HAE	-12,8	0	-18,3	0	64,0	0	25,0	0	320,0	0	998,0	0	0,0	ERA5
1036475	28/03/2022	11	28/03/2022	07	HAE	-13,2	0	-17,9	0	68,0	0	23,0	0	310,0	0	998,0	0	0,6	ERA5
1036476	28/03/2022	12	28/03/2022	08	HAE	-12,8	0	-17,4	0	69,0	0	21,0	0	310,0	0	998,0	0	150,5	ERA5
1036477	28/03/2022	13	28/03/2022	09	HAE	-12,9	0	-16,3	0	76,0	0	26,0	0	300,0	0	998,0	0	610,6	ERA5
1036478	28/03/2022	14	28/03/2022	10	HAE	-12,5	0	-17,0	0	69,0	0	26,0	0	280,0	0	999,0	0	1101,4	ERA5
1036479	28/03/2022	15	28/03/2022	11	HAE	-11,8	0	-17,4	0	64,0	0	26,0	0	300,0	0	999,0	0	1418,2	ERA5
1036480	28/03/2022	16	28/03/2022	12	HAE	-12,2	0	-17,4	0	65,0	0	32,0	0	280,0	0	999,0	0	2006,0	ERA5
1036481	28/03/2022	17	28/03/2022	13	HAE	-10,8	0	-17,3	0	60,0	0	30,0	0	310,0	0	1000,0	0	2080,8	ERA5
1036482	28/03/2022	18	28/03/2022	14	HAE	-10,9	0	-17,9	0	57,0	0	26,0	0	290,0	0	1000,0	0	2007,0	ERA5
1036483	28/03/2022	19	28/03/2022	15	HAE	-10,1	0	-15,4	0	65,0	0	23,0	0	290,0	0	1000,0	0	1795,7	ERA5
1036484	28/03/2022	20	28/03/2022	16	HAE	-9,4	0	-15,5	0	61,0	0	33,0	0	290,0	0	1000,0	0	1540,7	ERA5
1036485	28/03/2022	21	28/03/2022	17	HAE	-7,7	0	-14,3	0	59,0	0	21,0	0	290,0	0	1000,0	0	1185,9	ERA5
1036486	28/03/2022	22	28/03/2022	18	HAE	-8,5	0	-13,7	0	66,0	0	26,0	0	260,0	0	1001,0	0	630,5	ERA5
1036487	28/03/2022	23	28/03/2022	19	HAE	-7,8	0	-13,0	0	67,0	0	23,0	0	290,0	0	1002,0	0	337,8	ERA5
1036488	29/03/2022	00	28/03/2022	20	HAE	-7,7	0	-12,6	0	68,0	0	26,0	0	290,0	0	1003,0	0	16,1	ERA5
1036489	29/03/2022	01	28/03/2022	21	HAE	-7,7	0	-12,5	0	69,0	0	25,0	0	300,0	0	1004,0	0	0,0	ERA5
1036490	29/03/2022	02	28/03/2022	22	HAE	-8,3	0	-12,9	0	70,0	0	23,0	0	300,0	0	1004,0	0	0,0	ERA5
1036491	29/03/2022	03	28/03/2022	23	HAE	-8,0	0	-13,1	0	67,0	0	21,0	0	300,0	0	1004,0	0	0,0	ERA5
1036492	29/03/2022	04	29/03/2022	00	HAE	-8,1	0	-13,6	0	65,0	0	22,0	0	300,0	0	1005,0	0	0,0	ERA5
1036493	29/03/2022	05	29/03/2022	01	HAE	-8,2	0	-13,6	0	65,0	0	17,0	0	300,0	0	1005,0	0	0,0	ERA5
1036494	29/03/2022	06	29/03/2022	02	HAE	-8,2	0	-15,1	0	58,0	0	25,0	0	330,0	0	1005,0	0	0,0	ERA5
1036495	29/03/2022	07	29/03/2022	03	HAE	-9,4	0	-14,6	0	66,0	0	15,0	0	270,0	0	1006,0	0	0,0	ERA5
1036496	29/03/2022	08	29/03/2022	04	HAE	-9,5	0	-14,2	0	69,0	0	19,0	0	280,0	0	1006,0	0	0,0	ERA5
1036497	29/03/2022	09	29/03/2022	05	HAE	-10,0	0	-14,0	0	73,0	0	14,0	0	270,0	0	1006,0	0	0,0	ERA5
1036498	29/03/2022	10	29/03/2022	06	HAE	-10,3	0	-13,8	0	75,0	0	14,0	0	290,0	0	1007,0	0	0,0	ERA5
1036499	29/03/2022	11	29/03/2022	07	HAE	-10,3	0	-14,3	0	73,0	0	12,0	0	290,0	0	1008,0	0	1,6	ERA5
1036500	29/03/2022	12	29/03/2022	08	HAE	-9,4	0	-14,1	0	69,0	0	22,0	0	280,0	0	1008,0	0	295,5	ERA5
1036501	29/03/2022	13	29/03/2022	09	HAE	-8,1	0	-14,7	0	60,0	0	23,0	0	300,0	0	1008,0	0	965,4	ERA5
1036502	29/03/2022	14	29/03/2022	10	HAE	-6,9	0	-17,3	0	44,0	0	32,0	0	280,0	0	1008,0	0	1657,8	ERA5
1036503	29/03/2022	15	29/03/2022	11	HAE	-6,3	0	-17,5	0	41,0	0	29,0	0	290,0	0	1008,0	0	2248,9	ERA5
1036504	29/03/2022	16	29/03/2022	12	HAE	-4,7	0	-16,1	0	41,0	0	32,0	0	270,0	0	1008,0	0	2681,4	ERA5
1036505	29/03/2022	17	29/03/2022	13	HAE	-2,6	0	-15,5	0	37,0	0	27,0	0	270,0	0	1007,0	0	2917,5	ERA5
1036506	29/03/2022	18	29/03/2022	14	HAE	-2,7	0	-16,5	0	34,0	0	24,0	0	270,0	0	1007,0	0	2942,6	ERA5
1036507	29/03/2022	19	29/03/2022	15	HAE	-1,9	0	-16,0	0	34,0	0	26,0	0	270,0	0	1007,0	0	2753,5	ERA5
1036508	29/03/2022	20	29/03/2022	16	HAE	-0,8	0	-15,7	0	32,0	0	26,0	0	290,0	0	1007,0	0	2359,6	ERA5
1036509	29/03/2022	21	29/03/2022	17	HAE	-0,6	0	-15,8	0	31,0	0	29,0	0	280,0	0	1007,0	0	1803,9	ERA5
1036510	29/03/2022	22	29/03/2022	18	HAE	-0,8	0	-16,6	0	29,0	0	26,0	0	290,0	0	1006,0	0	1142,4	ERA5
1036511	29/03/2022	23	29/03/2022	19	HAE	-1,2	0	-16,4	0	31,0	0	23,0	0	280,0	0	1007,0	0	458,5	ERA5
1036512	30/03/2022	00	29/03/2022	20	HAE	-1,8	0	-15,8	0	34,0	0	19,0	0	280,0	0	1007,0	0	25,1	ERA5
1036513	30/03/2022	01	29/03/2022	21	HAE	-2,2	0	-15,9	0	35,0	0	15,0	0	280,0	0	1007,0	0	0,0	ERA5
1036514	30/03/2022	02	29/03/2022	22	HAE	-3,1	0	-15,3	0	39,0	0	11,0	0	290,0	0	1008,0	0	0,0	ERA5
1036515	30/03/2022	03	29/03/2022	23	HAE	-4,1	0	-14,2	0	45,0	0	10,0	0	280,0	0	1008,0	0	0,0	ERA5
1036516	30/03/2022	04	30/03/2022	00	HAE	-4,8	0	-13,7	0	50,0	0	13,0	0	290,0	0	1008,0	0	0,0	ERA5
1036517	30/03/2022	05	30/03/2022	01	HAE	-5,5	0	-13,7	0	53,0	0	10,0	0	270,0	0	1009,0	0	0,0	ERA5
1036518	30/03/2022	06	30/03/2022	02	HAE	-6,4	0	-14,5	0	53,0	0	10,0	0	270,0	0	1008,0	0	0,0	ERA5
1036519	30/03/2022	07	30/03/2022	03	HAE	-7,4	0	-13,6	0	62,0	0	8,0	0	260,0	0	1008,0	0	0,0	ERA5
1036520	30/03/2022	08	30/03/2022	04	HAE	-7,4	0	-13,8	0	60,0	0	8,0	0	270,0	0	1008,0	0	0,0	ERA5
1036521	30/03/2022	09	30/03/2022	05	HAE	-8,3	0	-14,6	0	61,0	0	6,0	0	260,0	0	1009,0	0	0,0	ERA5
1036522	30/03/2022	10	30/03/2022	06	HAE	-8,3	0	-14,4	0	62,0	0	7,0	0	280,0	0	1009,0	0	0,0	ERA5
1036523	30/03/2022	11	30/03/2022	07	HAE	-8,6	0	-13,7	0	67,0	0	3,0	0	240,0	0	1010,0	0	2,8	ERA5
1036524	30/03/2022	12	30/03/2022	08	HAE	-6,3	0	-12,4	0	62,0	0	5,0	0	230,0	0	1010,0	0	304,5	ERA5
1036525	30/03/2022	13	30/03/2022	09	HAE	-2,9	0	-13,6	0	44,0	0	4,0	0	360,0	0	1009,0	0	943,4	ERA5
1036526	30/03/2022	14	30/03/2022	10	HAE	-1,0	0	-17,0	0	29,0	0	6,0	0	90,0	0	1009,0	0	1530,0	ERA5
1036527	30/03/2022	15	30/03/2022	11	HAE	0,1	0	-17,1	0	26,0	0	8,0	0	140,0	0	1008,0	0	2011,6	ERA5
1036528	30/03/2022	16	30/03/2022	12	HAE	2,0	0	-16,2	0	25,0	0	8,0	0	130,0	0	1008,0	0	2273,8	ERA5
1036529	30/03/2022	17	30/03/2022	13	HAE	2,4	0	-14,7	0	27,0	0	4,0	0	180,0	0	1006,0	0	2374,8	ERA5
1036530	30/03/2022	18	30/03/2022	14	HAE	2,3	0	-14,6	0	28,0	0	20,0	0	130,0	0	1005,0	0	2031,5	ERA5
1036531	30/03/2022	19	30/03/2022	15	HAE	3,2	0	-13,4	0	29,0	0	16,0	0	130,0	0	1003,0	0	1327,0	ERA5
1036532	30/03/2022	20	30/03/2022	16	HAE	2,0	0	-12,9	0	32,0	0	12,0	0	160,0	0	1002,0	0	854,9	ERA5
1036533	30/03/2022	21	30/03/2022	17	HAE	1,8	0	-12,5	0	34,0	0	10,0	0	150,0	0	1002,0	0	352,8	ERA5
1036534	30/03/2022	22	30/03/2022	18	HAE	-1,6	0	-3,5	0	62,5	4.lineaire	14,0	0	100,0	0	1000,0	0	165,1	ERA5
1036535	30/03/2022	23	30/03/2022	19	HAE	-1,4	0	-2,6	0	91,0	0	19,0	0	80,0	0	998,0	0	30,4	ERA5
1036536	31/03/2022	00	30/03/2022	20	HAE	-1,3	0	-2,2	0	93,0	0	24,0	0	80,0	0	996,0	0	2,0	ERA5
1036537	31/03/2022	01	30/03/2022	21	HAE	-1,1	0	-2,6	0	90,0	0	20,0	0	70,0	0	997,0	0	0,0	ERA5
1036538	31/03/2022	02	30/03/2022	22	HAE	-1,5	0	-3,3	0	87,0	0	25,0	0	80,0	0	994,0	0	0,0	ERA5
1036539	31/03/2022	03	30/03/2022	23	HAE	-1,3	0	-2,7	0	90,0	0	20,0	0	60,0	0	995,0	0	0,0	ERA5
1036540	31/03/2022	04	31/03/2022	00	HAE	-1,1	0	-2,3	0	91,0	0	18,0	0	70,0	0	994,0	0	0,0	ERA5
1036541	31/03/2022	05	31/03/2022	01	HAE	-1,0	0	-2,2	0	91,0	0	21,0	0	80,0	0	993,0	0	0,0	ERA5
1036542	31/03/2022	06	31/03/2022	02	HAE	-0,9	0	-2,2	0	91,0	0	23,0	0	80,0	0	991,0	0	0,0	ERA5
1036543	31/03/2022	07	31/03/2022	03	HAE	-0,8	0	-2,2	0	91,0	0	22,0	0	70,0	0	990,0	0	0,0	ERA5
1036544	31/03/2022	08	31/03/2022	04	HAE	-1,0	0	-2,0	0	92,0	0	22,0	0	70,0	0	989,0	0	0,0	ERA5
1036545	31/03/2022	09	31/03/2022	05	HAE	-0,7	0	-1,9	0	92,0	0	13,0	0	50,0	0	990,0	0	0,0	ERA5
1036546	31/03/2022	10	31/03/2022	06	HAE	-0,6	0	-1,9	0	91,0	0	21,0	0	70,0	0	988,0	0	0,0	ERA5
1036547	31/03/2022	11	31/03/2022	07	HAE	-0,4	0	-1,8	0	90,0	0	17,0	0	80,0	0	987,0	0	1,8	ERA5
1036548	31/03/2022	12	31/03/2022	08	HAE	0,1	0	-1,5	0	89,0	0	20,0	0	80,0	0	986,0	0	91,6	ERA5
1036549	31/03/2022	13	31/03/2022	09	HAE	0,6	0	-1,1	0	88,0	0	18,0	0	80,0	0	985,0	0	323,1	ERA5
1036550	31/03/2022	14	31/03/2022	10	HAE	0,7	0	-0,5	0	91,0	0	29,0	0	80,0	0	984,0	0	555,2	ERA5
1036551	31/03/2022	15	31/03/2022	11	HAE	1,7	0	0,5	0	92,0	0	16,0	0	60,0	0	983,0	0	837,1	ERA5
1036552	31/03/2022	16	31/03/2022	12	HAE	2,7	0	1,2	0	90,0	0	19,0	0	80,0	0	982,0	0	818,1	ERA5
1036553	31/03/2022	17	31/03/2022	13	HAE	3,8	0	2,1	0	88,0	0	21,0	0	70,0	0	981,0	0	699,2	ERA5
1036554	31/03/2022	18	31/03/2022	14	HAE	3,4	0	2,5	0	94,0	0	17,0	0	90,0	0	980,0	0	1113,8	ERA5
1036555	31/03/2022	19	31/03/2022	15	HAE	7,4	0	6,5	0	94,0	0	13,0	0	90,0	0	979,0	0	1172,2	ERA5
1036556	31/03/2022	20	31/03/2022	16	HAE	9,7	0	7,2	0	85,0	0	14,0	0	70,0	0	979,0	0	717,2	ERA5
1036557	31/03/2022	21	31/03/2022	17	HAE	10,8	0	7,4	0	79,0	0	20,0	0	90,0	0	977,0	0	804,8	ERA5
1036558	31/03/2022	22	31/03/2022	18	HAE	8,9	0	6,8	0	86,0	0	14,0	0	110,0	0	978,0	0	462,7	ERA5
1036559	31/03/2022	23	31/03/2022	19	HAE	13,3	0	9,6	0	78,0	0	16,0	0	190,0	0	978,0	0	333,6	ERA5
1036560	01/04/2022	00	31/03/2022	20	HAE	12,2	0	5,9	0	65,0	0	25,0	0	220,0	0	978,0	0	25,2	ERA5
1036561	01/04/2022	01	31/03/2022	21	HAE	10,2	0	4,2	0	66,0	0	23,0	0	210,0	0	979,0	0	0,0	ERA5
1036562	01/04/2022	02	31/03/2022	22	HAE	8,9	0	3,9	0	71,0	0	23,0	0	220,0	0	980,0	0	0,0	ERA5
1036563	01/04/2022	03	31/03/2022	23	HAE	8,1	0	3,9	0	75,0	0	25,0	0	230,0	0	981,0	0	0,0	ERA5
1036564	01/04/2022	04	01/04/2022	00	HAE	7,9	0	3,7	0	75,0	0	21,0	0	250,0	0	982,0	0	0,0	ERA5
1036565	01/04/2022	05	01/04/2022	01	HAE	7,2	0	2,0	0	69,0	0	27,0	0	270,0	0	983,0	0	0,0	ERA5
1036566	01/04/2022	06	01/04/2022	02	HAE	6,3	0	1,2	0	70,0	0	23,0	0	260,0	0	983,0	0	0,0	ERA5
1036567	01/04/2022	07	01/04/2022	03	HAE	5,4	0	0,8	0	72,0	0	24,0	0	250,0	0	983,0	0	0,0	ERA5
1036568	01/04/2022	08	01/04/2022	04	HAE	5,0	0	-0,2	0	69,0	0	23,0	0	250,0	0	983,0	0	0,0	ERA5
1036569	01/04/2022	09	01/04/2022	05	HAE	4,0	0	-1,1	0	69,0	0	19,0	0	240,0	0	984,0	0	0,0	ERA5
1036570	01/04/2022	10	01/04/2022	06	HAE	3,3	0	-1,2	0	72,0	0	15,0	0	240,0	0	984,0	0	0,0	ERA5
1036571	01/04/2022	11	01/04/2022	07	HAE	2,9	0	-1,3	0	74,0	0	10,0	0	240,0	0	985,0	0	3,3	ERA5
1036572	01/04/2022	12	01/04/2022	08	HAE	2,7	0	-1,2	0	76,0	0	11,0	0	270,0	0	985,0	0	135,4	ERA5
1036573	01/04/2022	13	01/04/2022	09	HAE	3,0	0	-1,6	0	72,0	0	14,0	0	270,0	0	986,0	0	322,3	ERA5
1036574	01/04/2022	14	01/04/2022	10	HAE	2,1	0	0,3	0	88,0	0	13,0	0	250,0	0	986,0	0	278,6	ERA5
1036575	01/04/2022	15	01/04/2022	11	HAE	2,2	0	0,7	0	90,0	0	16,0	0	260,0	0	986,0	0	474,4	ERA5
1036576	01/04/2022	16	01/04/2022	12	HAE	2,7	0	0,5	0	85,0	0	22,0	0	260,0	0	986,0	0	999,5	ERA5
1036577	01/04/2022	17	01/04/2022	13	HAE	4,6	0	0,5	0	75,0	0	27,0	0	300,0	0	986,0	0	1521,0	ERA5
1036578	01/04/2022	18	01/04/2022	14	HAE	3,9	0	-0,4	0	74,0	0	26,0	0	300,0	0	987,0	0	1473,7	ERA5
1036579	01/04/2022	19	01/04/2022	15	HAE	3,0	0	-1,8	0	71,0	0	31,0	0	290,0	0	988,0	0	831,0	ERA5
1036580	01/04/2022	20	01/04/2022	16	HAE	2,0	0	-2,0	0	75,0	0	32,0	0	290,0	0	989,0	0	1266,5	ERA5
1036581	01/04/2022	21	01/04/2022	17	HAE	0,9	0	-1,7	0	83,0	0	34,0	0	290,0	0	990,0	0	888,3	ERA5
1036582	01/04/2022	22	01/04/2022	18	HAE	0,9	0	-1,8	0	82,0	0	25,0	0	290,0	0	991,0	0	513,8	ERA5
1036583	01/04/2022	23	01/04/2022	19	HAE	1,1	0	-3,7	0	70,0	0	23,0	0	300,0	0	993,0	0	252,6	ERA5
1036584	02/04/2022	00	01/04/2022	20	HAE	1,0	0	-3,9	0	70,0	0	26,0	0	280,0	0	994,0	0	24,3	ERA5
1036585	02/04/2022	01	01/04/2022	21	HAE	0,8	0	-4,8	0	66,0	0	35,0	0	290,0	0	995,0	0	0,0	ERA5
1036586	02/04/2022	02	01/04/2022	22	HAE	0,5	0	-5,3	0	65,0	0	24,0	0	290,0	0	996,0	0	0,0	ERA5
1036587	02/04/2022	03	01/04/2022	23	HAE	0,2	0	-6,8	0	60,0	0	30,0	0	310,0	0	998,0	0	0,0	ERA5
1036588	02/04/2022	04	02/04/2022	00	HAE	-0,6	0	-7,9	0	58,0	0	28,0	0	300,0	0	999,0	0	0,0	ERA5
1036589	02/04/2022	05	02/04/2022	01	HAE	-1,3	0	-7,2	0	64,0	0	20,0	0	290,0	0	1000,0	0	0,0	ERA5
1036590	02/04/2022	06	02/04/2022	02	HAE	-1,6	0	-7,2	0	66,0	0	26,0	0	290,0	0	1001,0	0	0,0	ERA5
1036591	02/04/2022	07	02/04/2022	03	HAE	-1,8	0	-8,2	0	62,0	0	21,0	0	300,0	0	1002,0	0	0,0	ERA5
1036592	02/04/2022	08	02/04/2022	04	HAE	-2,4	0	-8,0	0	66,0	0	21,0	0	290,0	0	1003,0	0	0,0	ERA5
1036593	02/04/2022	09	02/04/2022	05	HAE	-2,8	0	-8,6	0	65,0	0	17,0	0	290,0	0	1003,0	0	0,0	ERA5
1036594	02/04/2022	10	02/04/2022	06	HAE	-3,2	0	-8,6	0	67,0	0	15,0	0	290,0	0	1004,0	0	0,0	ERA5
1036595	02/04/2022	11	02/04/2022	07	HAE	-3,3	0	-8,3	0	68,0	0	13,0	0	280,0	0	1005,0	0	8,5	ERA5
1036596	02/04/2022	12	02/04/2022	08	HAE	-1,9	0	-7,7	0	64,0	0	15,0	0	290,0	0	1005,0	0	361,2	ERA5
1036597	02/04/2022	13	02/04/2022	09	HAE	-0,9	0	-8,4	0	57,0	0	22,0	0	290,0	0	1005,0	0	1033,8	ERA5
1036598	02/04/2022	14	02/04/2022	10	HAE	0,8	0	-8,7	0	49,0	0	18,0	0	270,0	0	1006,0	0	1707,8	ERA5
1036599	02/04/2022	15	02/04/2022	11	HAE	1,8	0	-8,3	0	47,0	0	13,0	0	280,0	0	1005,0	0	2274,4	ERA5
1036600	02/04/2022	16	02/04/2022	12	HAE	3,1	0	-8,7	0	42,0	0	23,0	0	270,0	0	1005,0	0	2702,3	ERA5
1036601	02/04/2022	17	02/04/2022	13	HAE	3,7	0	-9,3	0	38,0	0	10,0	0	270,0	0	1004,0	0	2932,7	ERA5
1036602	02/04/2022	18	02/04/2022	14	HAE	4,8	0	-9,0	0	36,0	0	18,0	0	260,0	0	1004,0	0	2953,9	ERA5
1036603	02/04/2022	19	02/04/2022	15	HAE	5,3	0	-9,7	0	33,0	0	15,0	0	300,0	0	1003,0	0	2762,3	ERA5
1036604	02/04/2022	20	02/04/2022	16	HAE	6,0	0	-9,3	0	32,0	0	7,0	0	270,0	0	1002,0	0	2372,2	ERA5
1036605	02/04/2022	21	02/04/2022	17	HAE	6,5	0	-7,5	0	36,0	0	14,0	0	250,0	0	1002,0	0	1789,6	ERA5
1036606	02/04/2022	22	02/04/2022	18	HAE	5,9	0	-8,3	0	35,0	0	7,0	0	310,0	0	1002,0	0	1081,0	ERA5
1036607	02/04/2022	23	02/04/2022	19	HAE	4,8	0	-8,1	0	39,0	0	8,0	0	290,0	0	1001,0	0	383,4	ERA5
1036608	03/04/2022	00	02/04/2022	20	HAE	3,8	0	-8,2	0	41,0	0	6,0	0	320,0	0	1001,0	0	29,9	ERA5
1036609	03/04/2022	01	02/04/2022	21	HAE	1,7	0	-7,3	0	51,0	0	5,0	0	160,0	0	1001,0	0	0,0	ERA5
1036610	03/04/2022	02	02/04/2022	22	HAE	2,4	0	-7,3	0	49,0	0	6,0	0	180,0	0	1001,0	0	0,0	ERA5
1036611	03/04/2022	03	02/04/2022	23	HAE	1,8	0	-6,4	0	55,0	0	9,0	0	170,0	0	1001,0	0	0,0	ERA5
1036612	03/04/2022	04	03/04/2022	00	HAE	1,4	0	-5,1	0	62,0	0	7,0	0	200,0	0	1001,0	0	0,0	ERA5
1036613	03/04/2022	05	03/04/2022	01	HAE	-1,9	0	-6,9	0	68,0	0	5,0	0	170,0	0	1000,0	0	0,0	ERA5
1036614	03/04/2022	06	03/04/2022	02	HAE	-0,5	0	-5,0	0	72,0	0	1,0	0	0,0	0	1000,0	0	0,0	ERA5
1036615	03/04/2022	07	03/04/2022	03	HAE	-1,2	0	-4,1	0	80,0	0	8,0	0	30,0	0	999,0	0	0,0	ERA5
1036616	03/04/2022	08	03/04/2022	04	HAE	-0,9	0	-4,3	0	78,0	0	11,0	0	40,0	0	998,0	0	0,0	ERA5
1036617	03/04/2022	09	03/04/2022	05	HAE	-0,7	0	-4,1	0	78,0	0	10,0	0	30,0	0	999,0	0	0,0	ERA5
1036618	03/04/2022	10	03/04/2022	06	HAE	-1,3	0	-4,6	0	78,0	0	12,0	0	20,0	0	998,0	0	0,0	ERA5
1036619	03/04/2022	11	03/04/2022	07	HAE	-1,1	0	-4,4	0	78,0	0	15,0	0	40,0	0	998,0	0	6,6	ERA5
1036620	03/04/2022	12	03/04/2022	08	HAE	0,4	0	-4,8	0	69,0	0	15,0	0	50,0	0	998,0	0	193,9	ERA5
1036621	03/04/2022	13	03/04/2022	09	HAE	2,4	0	-5,2	0	57,0	0	16,0	0	60,0	0	998,0	0	608,0	ERA5
1036622	03/04/2022	14	03/04/2022	10	HAE	3,5	0	-5,6	0	52,0	0	19,0	0	70,0	0	998,0	0	1211,0	ERA5
1036623	03/04/2022	15	03/04/2022	11	HAE	4,8	0	-5,4	0	48,0	0	20,0	0	60,0	0	998,0	0	1813,3	ERA5
1036624	03/04/2022	16	03/04/2022	12	HAE	6,2	0	-5,6	0	43,0	0	24,0	0	60,0	0	998,0	0	2430,3	ERA5
1036625	03/04/2022	17	03/04/2022	13	HAE	7,5	0	-4,2	0	43,0	0	27,0	0	40,0	0	998,0	0	2458,5	ERA5
1036626	03/04/2022	18	03/04/2022	14	HAE	7,0	0	-4,3	0	44,0	0	21,0	0	80,0	0	998,0	0	1975,5	ERA5
1036627	03/04/2022	19	03/04/2022	15	HAE	5,7	0	-2,6	0	55,0	0	27,0	0	40,0	0	998,0	0	1115,1	ERA5
1036628	03/04/2022	20	03/04/2022	16	HAE	5,0	0	-1,5	0	63,0	0	18,0	0	20,0	0	998,0	0	1119,7	ERA5
1036629	03/04/2022	21	03/04/2022	17	HAE	4,9	0	-2,6	0	58,0	0	15,0	0	30,0	0	998,0	0	865,8	ERA5
1036630	03/04/2022	22	03/04/2022	18	HAE	3,1	0	0,8	0	85,0	0	13,0	0	40,0	0	998,0	0	585,1	ERA5
1036631	03/04/2022	23	03/04/2022	19	HAE	2,9	0	0,3	0	83,0	0	13,0	0	330,0	0	999,0	0	275,8	ERA5
1036632	04/04/2022	00	03/04/2022	20	HAE	2,5	0	0,9	0	89,0	0	12,0	0	330,0	0	999,0	0	23,0	ERA5
1036633	04/04/2022	01	03/04/2022	21	HAE	2,3	0	1,1	0	91,0	0	16,0	0	320,0	0	1000,0	0	0,0	ERA5
1036634	04/04/2022	02	03/04/2022	22	HAE	2,0	0	1,2	0	94,0	0	13,0	0	320,0	0	1000,0	0	0,0	ERA5
1036635	04/04/2022	03	03/04/2022	23	HAE	2,5	0	0,8	0	89,0	0	13,0	0	330,0	0	1000,0	0	0,0	ERA5
1036636	04/04/2022	04	04/04/2022	00	HAE	1,2	0	0,1	0	92,0	0	13,0	0	320,0	0	1000,0	0	0,0	ERA5
1036637	04/04/2022	05	04/04/2022	01	HAE	0,6	0	-0,4	0	93,0	0	13,0	0	310,0	0	1000,0	0	0,0	ERA5
1036638	04/04/2022	06	04/04/2022	02	HAE	0,6	0	-0,4	0	93,0	0	14,0	0	310,0	0	1000,0	0	0,0	ERA5
1036639	04/04/2022	07	04/04/2022	03	HAE	0,5	0	-0,6	0	92,0	0	12,0	0	300,0	0	1001,0	0	0,0	ERA5
1036640	04/04/2022	08	04/04/2022	04	HAE	0,8	0	-0,4	0	92,0	0	12,0	0	270,0	0	1001,0	0	0,0	ERA5
1036641	04/04/2022	09	04/04/2022	05	HAE	0,4	0	-0,7	0	92,0	0	21,0	0	300,0	0	1001,0	0	0,0	ERA5
1036642	04/04/2022	10	04/04/2022	06	HAE	0,1	0	-0,8	0	94,0	0	18,0	0	300,0	0	1002,0	0	0,0	ERA5
1036643	04/04/2022	11	04/04/2022	07	HAE	-0,1	0	-0,8	0	95,0	0	16,0	0	290,0	0	1002,0	0	13,4	ERA5
1036644	04/04/2022	12	04/04/2022	08	HAE	0,4	0	-0,5	0	94,0	0	10,0	0	300,0	0	1002,0	0	384,8	ERA5
1036645	04/04/2022	13	04/04/2022	09	HAE	2,8	0	0,2	0	84,0	0	10,0	0	330,0	0	1002,0	0	1050,2	ERA5
1036646	04/04/2022	14	04/04/2022	10	HAE	5,3	0	-0,2	0	68,0	0	10,0	0	20,0	0	1002,0	0	1723,0	ERA5
1036647	04/04/2022	15	04/04/2022	11	HAE	7,9	0	-2,1	0	49,0	0	7,0	0	80,0	0	1002,0	0	2299,4	ERA5
1036648	04/04/2022	16	04/04/2022	12	HAE	8,9	0	-3,2	0	42,0	0	16,0	0	290,0	0	1002,0	0	2728,8	ERA5
1036649	04/04/2022	17	04/04/2022	13	HAE	8,7	0	-5,0	0	38,0	0	8,0	0	290,0	0	1002,0	0	2348,8	ERA5
1036650	04/04/2022	18	04/04/2022	14	HAE	8,8	0	-5,4	0	36,0	0	12,0	0	300,0	0	1001,0	0	1711,2	ERA5
1036651	04/04/2022	19	04/04/2022	15	HAE	9,3	0	-4,7	0	37,0	0	16,0	0	280,0	0	1001,0	0	1430,1	ERA5
1036652	04/04/2022	20	04/04/2022	16	HAE	9,3	0	-5,0	0	36,0	0	19,0	0	290,0	0	1001,0	0	1329,5	ERA5
1036653	04/04/2022	21	04/04/2022	17	HAE	9,4	0	-4,8	0	36,0	0	15,0	0	310,0	0	1000,0	0	1170,9	ERA5
1036654	04/04/2022	22	04/04/2022	18	HAE	9,2	0	-4,8	0	37,0	0	17,0	0	290,0	0	1000,0	0	662,4	ERA5
1036655	04/04/2022	23	04/04/2022	19	HAE	8,1	0	-4,3	0	41,0	0	10,0	0	310,0	0	1000,0	0	307,6	ERA5
1036656	05/04/2022	00	04/04/2022	20	HAE	6,3	0	-3,5	0	50,0	0	6,0	0	280,0	0	1000,0	0	27,5	ERA5
1036657	05/04/2022	01	04/04/2022	21	HAE	6,2	0	-4,3	0	47,0	0	3,0	0	310,0	0	1001,0	0	0,0	ERA5
1036658	05/04/2022	02	04/04/2022	22	HAE	4,5	0	-4,4	0	53,0	0	7,0	0	240,0	0	1001,0	0	0,0	ERA5
1036659	05/04/2022	03	04/04/2022	23	HAE	5,0	0	-4,5	0	50,0	0	7,0	0	240,0	0	1001,0	0	0,0	ERA5
1036660	05/04/2022	04	05/04/2022	00	HAE	3,6	0	-3,0	0	62,0	0	9,0	0	190,0	0	1001,0	0	0,0	ERA5
1036661	05/04/2022	05	05/04/2022	01	HAE	3,3	0	-3,6	0	60,0	0	3,0	0	210,0	0	1001,0	0	0,0	ERA5
1036662	05/04/2022	06	05/04/2022	02	HAE	3,1	0	-2,8	0	65,0	0	10,0	0	210,0	0	1002,0	0	0,0	ERA5
1036663	05/04/2022	07	05/04/2022	03	HAE	2,5	0	-2,1	0	71,0	0	7,0	0	210,0	0	1002,0	0	0,0	ERA5
1036664	05/04/2022	08	05/04/2022	04	HAE	2,4	0	-2,3	0	71,0	0	9,0	0	210,0	0	1002,0	0	0,0	ERA5
1036665	05/04/2022	09	05/04/2022	05	HAE	2,4	0	-2,4	0	71,0	0	6,0	0	210,0	0	1002,0	0	0,0	ERA5
1036666	05/04/2022	10	05/04/2022	06	HAE	0,5	0	-2,7	0	79,0	0	4,0	0	180,0	0	1002,0	0	0,0	ERA5
1036667	05/04/2022	11	05/04/2022	07	HAE	0,6	0	-2,5	0	79,0	0	8,0	0	190,0	0	1002,0	0	16,8	ERA5
1036668	05/04/2022	12	05/04/2022	08	HAE	1,5	0	-2,6	0	74,0	0	4,0	0	190,0	0	1003,0	0	401,2	ERA5
1036669	05/04/2022	13	05/04/2022	09	HAE	4,5	0	-1,7	0	64,0	0	3,0	0	90,0	0	1003,0	0	1062,6	ERA5
1036670	05/04/2022	14	05/04/2022	10	HAE	7,5	0	-2,0	0	51,0	0	7,0	0	50,0	0	1003,0	0	1732,5	ERA5
1036671	05/04/2022	15	05/04/2022	11	HAE	8,9	0	-2,4	0	45,0	0	6,0	0	170,0	0	1003,0	0	2293,4	ERA5
1036672	05/04/2022	16	05/04/2022	12	HAE	10,3	0	-3,4	0	38,0	0	9,0	0	170,0	0	1003,0	0	2704,4	ERA5
1036673	05/04/2022	17	05/04/2022	13	HAE	10,5	0	-4,9	0	33,0	0	3,0	0	280,0	0	1002,0	0	2559,4	ERA5
1036674	05/04/2022	18	05/04/2022	14	HAE	11,6	0	-5,7	0	29,0	0	4,0	0	290,0	0	1002,0	0	1784,1	ERA5
1036675	05/04/2022	19	05/04/2022	15	HAE	12,3	0	-4,5	0	31,0	0	4,0	0	90,0	0	1001,0	0	1925,2	ERA5
1036676	05/04/2022	20	05/04/2022	16	HAE	12,0	0	-4,3	0	31,0	0	10,0	0	80,0	0	1001,0	0	1750,8	ERA5
1036677	05/04/2022	21	05/04/2022	17	HAE	12,7	0	-3,9	0	31,0	0	4,0	0	60,0	0	1001,0	0	1269,0	ERA5
1036678	05/04/2022	22	05/04/2022	18	HAE	11,9	0	-3,3	0	34,0	0	8,0	0	120,0	0	1001,0	0	733,9	ERA5
1036679	05/04/2022	23	05/04/2022	19	HAE	11,0	0	-3,2	0	37,0	0	14,0	0	80,0	0	1000,0	0	487,0	ERA5
1036680	06/04/2022	00	05/04/2022	20	HAE	8,3	0	-3,0	0	45,0	0	12,0	0	60,0	0	1001,0	0	44,2	ERA5
1036681	06/04/2022	01	05/04/2022	21	HAE	7,7	0	-1,9	0	50,0	0	13,0	0	60,0	0	1001,0	0	0,0	ERA5
1036682	06/04/2022	02	05/04/2022	22	HAE	7,8	0	-2,8	0	47,0	0	16,0	0	60,0	0	1001,0	0	0,0	ERA5
1036683	06/04/2022	03	05/04/2022	23	HAE	6,8	0	-3,0	0	50,0	0	16,0	0	80,0	0	1000,0	0	0,0	ERA5
1036684	06/04/2022	04	06/04/2022	00	HAE	5,8	0	-2,3	0	56,0	0	13,0	0	90,0	0	1001,0	0	0,0	ERA5
1036685	06/04/2022	05	06/04/2022	01	HAE	3,9	0	-2,8	0	62,0	0	17,0	0	40,0	0	1001,0	0	0,0	ERA5
1036686	06/04/2022	06	06/04/2022	02	HAE	3,1	0	-3,1	0	63,0	0	16,0	0	50,0	0	1001,0	0	0,0	ERA5
1036687	06/04/2022	07	06/04/2022	03	HAE	3,4	0	-2,9	0	63,0	0	20,0	0	50,0	0	1000,0	0	0,0	ERA5
1036688	06/04/2022	08	06/04/2022	04	HAE	4,2	0	-3,7	0	57,0	0	21,0	0	60,0	0	1000,0	0	0,0	ERA5
1036689	06/04/2022	09	06/04/2022	05	HAE	3,3	0	-4,2	0	58,0	0	25,0	0	60,0	0	1000,0	0	0,0	ERA5
1036690	06/04/2022	10	06/04/2022	06	HAE	3,3	0	-5,3	0	53,0	0	26,0	0	60,0	0	1000,0	0	0,0	ERA5
1036691	06/04/2022	11	06/04/2022	07	HAE	2,8	0	-5,0	0	57,0	0	22,0	0	50,0	0	1000,0	0	11,5	ERA5
1036692	06/04/2022	12	06/04/2022	08	HAE	4,4	0	-5,3	0	49,0	0	21,0	0	60,0	0	1000,0	0	225,9	ERA5
1036693	06/04/2022	13	06/04/2022	09	HAE	7,2	0	-6,0	0	39,0	0	23,0	0	70,0	0	1000,0	0	661,2	ERA5
1036694	06/04/2022	14	06/04/2022	10	HAE	9,8	0	-6,0	0	32,0	0	27,0	0	70,0	0	1000,0	0	1276,2	ERA5
1036695	06/04/2022	15	06/04/2022	11	HAE	12,4	0	-5,9	0	27,0	0	28,0	0	80,0	0	1000,0	0	1971,6	ERA5
1036696	06/04/2022	16	06/04/2022	12	HAE	13,3	0	-4,7	0	28,0	0	29,0	0	90,0	0	1000,0	0	2496,0	ERA5
1036697	06/04/2022	17	06/04/2022	13	HAE	14,1	0	-3,1	0	30,0	0	28,0	0	80,0	0	999,0	0	2885,6	ERA5
1036698	06/04/2022	18	06/04/2022	14	HAE	14,9	0	-2,8	0	29,0	0	27,0	0	80,0	0	998,0	0	2985,5	ERA5
1036699	06/04/2022	19	06/04/2022	15	HAE	15,2	0	-2,2	0	30,0	0	27,0	0	60,0	0	998,0	0	2756,1	ERA5
1036700	06/04/2022	20	06/04/2022	16	HAE	15,2	0	-2,2	0	30,0	0	24,0	0	80,0	0	997,0	0	2338,7	ERA5
1036701	06/04/2022	21	06/04/2022	17	HAE	13,5	0	-2,2	0	34,0	0	31,0	0	50,0	0	996,0	0	1749,7	ERA5
1036702	06/04/2022	22	06/04/2022	18	HAE	12,5	0	-2,2	0	36,0	0	33,0	0	60,0	0	996,0	0	942,0	ERA5
1036703	06/04/2022	23	06/04/2022	19	HAE	11,2	0	-3,5	0	35,0	0	27,0	0	70,0	0	996,0	0	336,4	ERA5
1036704	07/04/2022	00	06/04/2022	20	HAE	10,0	0	-5,0	0	34,0	0	28,0	0	80,0	0	996,0	0	35,3	ERA5
1036705	07/04/2022	01	06/04/2022	21	HAE	8,5	0	-5,3	0	37,0	0	26,0	0	90,0	0	995,0	0	0,0	ERA5
1036706	07/04/2022	02	06/04/2022	22	HAE	8,0	0	-5,1	0	39,0	0	35,0	0	90,0	0	995,0	0	0,0	ERA5
1036707	07/04/2022	03	06/04/2022	23	HAE	7,5	0	-4,7	0	41,0	0	27,0	0	90,0	0	995,0	0	0,0	ERA5
1036708	07/04/2022	04	07/04/2022	00	HAE	7,6	0	-5,2	0	40,0	0	29,0	0	80,0	0	994,0	0	0,0	ERA5
1036709	07/04/2022	05	07/04/2022	01	HAE	7,2	0	-4,4	0	43,0	0	30,0	0	90,0	0	994,0	0	0,0	ERA5
1036710	07/04/2022	06	07/04/2022	02	HAE	5,2	0	-1,0	0	64,0	0	27,0	0	90,0	0	994,0	0	0,0	ERA5
1036711	07/04/2022	07	07/04/2022	03	HAE	4,4	0	0,4	0	75,0	0	24,0	0	80,0	0	994,0	0	0,0	ERA5
1036712	07/04/2022	08	07/04/2022	04	HAE	3,8	0	1,2	0	83,0	0	22,0	0	70,0	0	994,0	0	0,0	ERA5
1036713	07/04/2022	09	07/04/2022	05	HAE	3,3	0	1,9	0	90,0	0	22,0	0	80,0	0	993,0	0	0,0	ERA5
1036714	07/04/2022	10	07/04/2022	06	HAE	3,3	0	2,7	0	96,0	0	23,0	0	80,0	0	993,0	0	0,0	ERA5
1036715	07/04/2022	11	07/04/2022	07	HAE	3,5	0	3,1	0	97,0	0	25,0	0	80,0	0	992,0	0	2,2	ERA5
1036716	07/04/2022	12	07/04/2022	08	HAE	3,6	0	3,2	0	97,0	0	23,0	0	70,0	0	992,0	0	30,8	ERA5
1036717	07/04/2022	13	07/04/2022	09	HAE	4,0	0	3,6	0	97,0	0	27,0	0	80,0	0	992,0	0	68,6	ERA5
1036718	07/04/2022	14	07/04/2022	10	HAE	4,5	0	4,1	0	98,0	0	24,0	0	90,0	0	992,0	0	191,3	ERA5
1036719	07/04/2022	15	07/04/2022	11	HAE	5,4	0	5,1	0	98,0	0	28,0	0	90,0	0	993,0	0	249,1	ERA5
1036720	07/04/2022	16	07/04/2022	12	HAE	6,6	0	6,2	0	98,0	0	23,0	0	100,0	0	993,0	0	374,6	ERA5
1036721	07/04/2022	17	07/04/2022	13	HAE	7,0	0	6,7	0	98,0	0	22,0	0	100,0	0	992,0	0	294,5	ERA5
1036722	07/04/2022	18	07/04/2022	14	HAE	7,3	0	7,0	0	98,0	0	23,0	0	90,0	0	992,0	0	294,4	ERA5
1036723	07/04/2022	19	07/04/2022	15	HAE	7,2	0	6,8	0	97,0	0	20,0	0	100,0	0	992,0	0	163,5	ERA5
1036724	07/04/2022	20	07/04/2022	16	HAE	7,3	0	6,8	0	97,0	0	28,0	0	90,0	0	992,0	0	167,2	ERA5
1036725	07/04/2022	21	07/04/2022	17	HAE	7,3	0	6,9	0	97,0	0	18,0	0	100,0	0	992,0	0	90,7	ERA5
1036726	07/04/2022	22	07/04/2022	18	HAE	7,2	0	6,8	0	97,0	0	16,0	0	90,0	0	993,0	0	59,4	ERA5
1036727	07/04/2022	23	07/04/2022	19	HAE	6,7	0	6,3	0	97,0	0	18,0	0	90,0	0	993,0	0	35,7	ERA5
1036728	08/04/2022	00	07/04/2022	20	HAE	6,1	0	5,7	0	97,0	0	22,0	0	90,0	0	992,0	0	3,4	ERA5
1036729	08/04/2022	01	07/04/2022	21	HAE	5,6	0	5,2	0	97,0	0	17,0	0	100,0	0	993,0	0	0,0	ERA5
1036730	08/04/2022	02	07/04/2022	22	HAE	5,2	0	4,8	0	97,0	0	23,0	0	90,0	0	992,0	0	0,0	ERA5
1036731	08/04/2022	03	07/04/2022	23	HAE	4,7	0	4,2	0	97,0	0	23,0	0	90,0	0	992,0	0	0,0	ERA5
1036732	08/04/2022	04	08/04/2022	00	HAE	4,1	0	3,6	0	97,0	0	30,0	0	90,0	0	991,0	0	0,0	ERA5
1036733	08/04/2022	05	08/04/2022	01	HAE	3,4	0	3,1	0	98,0	0	23,0	0	80,0	0	991,0	0	0,0	ERA5
1036734	08/04/2022	06	08/04/2022	02	HAE	2,6	0	2,4	0	99,0	0	26,0	0	90,0	0	990,0	0	0,0	ERA5
1036735	08/04/2022	07	08/04/2022	03	HAE	1,5	0	1,3	0	99,0	0	18,0	0	80,0	0	989,0	0	0,0	ERA5
1036736	08/04/2022	08	08/04/2022	04	HAE	0,6	0	0,4	0	99,0	0	17,0	0	50,0	0	988,0	0	0,0	ERA5
1036737	08/04/2022	09	08/04/2022	05	HAE	0,3	0	0,2	0	99,0	0	13,0	0	50,0	0	988,0	0	0,0	ERA5
1036738	08/04/2022	10	08/04/2022	06	HAE	0,1	0	0,275	4.lineaire	99,0	0	11,0	0	50,0	0	988,0	0	0,0	ERA5
1036739	08/04/2022	11	08/04/2022	07	HAE	0,1	0	0,35	4.lineaire	99,0	0	12,0	0	50,0	0	988,0	0	3,6	ERA5
1036740	08/04/2022	12	08/04/2022	08	HAE	0,1	0	0,425	4.lineaire	99,0	0	8,0	0	60,0	0	988,0	0	69,9	ERA5
1036741	08/04/2022	13	08/04/2022	09	HAE	0,6	0	0,5	0	99,0	0	11,0	0	30,0	0	988,0	0	261,9	ERA5
1036742	08/04/2022	14	08/04/2022	10	HAE	1,2	0	1,1	0	99,0	0	7,0	0	70,0	0	988,0	0	517,4	ERA5
1036743	08/04/2022	15	08/04/2022	11	HAE	2,2	0	2,0	0	98,0	0	7,0	0	80,0	0	988,0	0	808,3	ERA5
1036744	08/04/2022	16	08/04/2022	12	HAE	2,9	0	2,5	0	97,0	0	4,0	0	170,0	0	988,0	0	1107,5	ERA5
1036745	08/04/2022	17	08/04/2022	13	HAE	3,4	0	2,5	0	94,0	0	1,0	0	0,0	0	988,0	0	1101,6	ERA5
1036746	08/04/2022	18	08/04/2022	14	HAE	4,4	0	3,6	0	94,0	0	6,0	0	190,0	0	988,0	0	1271,3	ERA5
1036747	08/04/2022	19	08/04/2022	15	HAE	6,6	0	5,1	0	90,0	0	2,0	0	0,0	0	988,0	0	840,3	ERA5
1036748	08/04/2022	20	08/04/2022	16	HAE	7,9	0	5,6	0	86,0	0	4,0	0	120,0	0	987,0	0	1454,8	ERA5
1036749	08/04/2022	21	08/04/2022	17	HAE	9,1	0	4,6	0	73,0	0	2,0	0	0,0	0	987,0	0	1616,3	ERA5
1036750	08/04/2022	22	08/04/2022	18	HAE	8,0	0	3,8	0	75,0	0	9,0	0	280,0	0	988,0	0	1159,8	ERA5
1036751	08/04/2022	23	08/04/2022	19	HAE	6,4	0	4,4	0	87,0	0	15,0	0	40,0	0	988,0	0	489,2	ERA5
1036752	09/04/2022	00	08/04/2022	20	HAE	4,3	0	3,6	0	95,0	0	9,0	0	70,0	0	989,0	0	50,5	ERA5
1036753	09/04/2022	01	08/04/2022	21	HAE	3,8	0	3,4	0	98,0	0	9,0	0	110,0	0	989,0	0	0,0	ERA5
1036754	09/04/2022	02	08/04/2022	22	HAE	4,4	0	0,4	0	75,0	0	13,0	0	200,0	0	989,0	0	0,0	ERA5
1036755	09/04/2022	03	08/04/2022	23	HAE	3,8	0	-0,4	0	74,0	0	13,0	0	220,0	0	990,0	0	0,0	ERA5
1036756	09/04/2022	04	09/04/2022	00	HAE	3,7	0	-0,2	0	76,0	0	7,0	0	200,0	0	990,0	0	0,0	ERA5
1036757	09/04/2022	05	09/04/2022	01	HAE	2,8	0	-0,1	0	81,0	0	6,0	0	190,0	0	989,0	0	0,0	ERA5
1036758	09/04/2022	06	09/04/2022	02	HAE	1,9	0	-0,2	0	86,0	0	7,0	0	190,0	0	989,0	0	0,0	ERA5
1036759	09/04/2022	07	09/04/2022	03	HAE	1,0	0	-0,4	0	91,0	0	7,0	0	180,0	0	989,0	0	0,0	ERA5
1036760	09/04/2022	08	09/04/2022	04	HAE	-0,1	0	-1,0	0	93,0	0	3,0	0	140,0	0	989,0	0	0,0	ERA5
1036761	09/04/2022	09	09/04/2022	05	HAE	-1,9	0	-2,4	0	97,0	0	5,0	0	100,0	0	989,0	0	0,0	ERA5
1036762	09/04/2022	10	09/04/2022	06	HAE	-0,9	0	-1,1	0	98,0	0	7,0	0	110,0	0	989,0	0	0,0	ERA5
1036763	09/04/2022	11	09/04/2022	07	HAE	-1,5	0	-1,9	0	97,0	0	4,0	0	50,0	0	989,0	0	32,4	ERA5
1036764	09/04/2022	12	09/04/2022	08	HAE	1,8	0	1,4	0	97,0	0	4,0	0	40,0	0	990,0	0	445,1	ERA5
1036765	09/04/2022	13	09/04/2022	09	HAE	4,0	0	1,9	0	86,0	0	3,0	0	0,0	0	990,0	0	1135,3	ERA5
1036766	09/04/2022	14	09/04/2022	10	HAE	6,9	0	2,8	0	75,0	0	8,0	0	190,0	0	989,0	0	1758,1	ERA5
1036767	09/04/2022	15	09/04/2022	11	HAE	8,5	0	2,6	0	66,0	0	14,0	0	180,0	0	989,0	0	2208,5	ERA5
1036768	09/04/2022	16	09/04/2022	12	HAE	9,1	0	2,6	0	64,0	0	8,0	0	210,0	0	989,0	0	2282,9	ERA5
1036769	09/04/2022	17	09/04/2022	13	HAE	9,5	0	2,4	0	61,0	0	15,0	0	290,0	0	988,0	0	2119,8	ERA5
1036770	09/04/2022	18	09/04/2022	14	HAE	9,6	0	1,6	0	58,0	0	13,0	0	300,0	0	988,0	0	2452,5	ERA5
1036771	09/04/2022	19	09/04/2022	15	HAE	8,0	0	2,7	0	69,0	0	10,0	0	300,0	0	988,0	0	1838,4	ERA5
1036772	09/04/2022	20	09/04/2022	16	HAE	9,3	0	2,0	0	60,0	0	7,0	0	300,0	0	988,0	0	1613,7	ERA5
1036773	09/04/2022	21	09/04/2022	17	HAE	9,4	0	0,6	0	54,0	0	19,0	0	300,0	0	988,0	0	1250,9	ERA5
1036774	09/04/2022	22	09/04/2022	18	HAE	9,5	0	0,6	0	54,0	0	11,0	0	280,0	0	988,0	0	866,3	ERA5
1036775	09/04/2022	23	09/04/2022	19	HAE	8,8	0	0,6	4.lineaire	54,0	0	13,0	0	280,0	0	988,0	0	456,2	ERA5
1036776	10/04/2022	00	09/04/2022	20	HAE	7,5	0	0,6	0	61,0	0	19,0	0	280,0	0	989,0	0	52,9	ERA5
1036777	10/04/2022	01	09/04/2022	21	HAE	6,3	0	0,4	0	66,0	0	20,0	0	290,0	0	990,0	0	0,0	ERA5
1036778	10/04/2022	02	09/04/2022	22	HAE	4,2	0	-0,1	0	73,0	0	9,0	0	240,0	0	990,0	0	0,0	ERA5
1036779	10/04/2022	03	09/04/2022	23	HAE	5,7	0	0,8	0	70,0	0	22,0	0	290,0	0	990,0	0	0,0	ERA5
1036780	10/04/2022	04	10/04/2022	00	HAE	3,1	0	1,1	0	87,0	0	19,0	0	290,0	0	991,0	0	0,0	ERA5
1036781	10/04/2022	05	10/04/2022	01	HAE	2,6	0	0,4	0	85,0	0	22,0	0	280,0	0	991,0	0	0,0	ERA5
1036782	10/04/2022	06	10/04/2022	02	HAE	1,9	0	-2,4	0	73,0	0	22,0	0	280,0	0	991,0	0	0,0	ERA5
1036783	10/04/2022	07	10/04/2022	03	HAE	0,6	0	-3,1	0	76,0	0	15,0	0	270,0	0	991,0	0	0,0	ERA5
1036784	10/04/2022	08	10/04/2022	04	HAE	-0,2	0	-2,7	0	83,0	0	12,0	0	260,0	0	991,0	0	0,0	ERA5
1036785	10/04/2022	09	10/04/2022	05	HAE	1,0	0	-2,1	0	79,0	0	14,0	0	260,0	0	991,0	0	0,0	ERA5
1036786	10/04/2022	10	10/04/2022	06	HAE	1,1	0	-2,3	0	78,0	0	16,0	0	270,0	0	992,0	0	0,0	ERA5
1036787	10/04/2022	11	10/04/2022	07	HAE	0,7	0	-1,8	0	84,0	0	14,0	0	250,0	0	992,0	0	26,7	ERA5
1036788	10/04/2022	12	10/04/2022	08	HAE	1,5	0	-1,4	0	81,0	0	14,0	0	270,0	0	993,0	0	298,5	ERA5
1036789	10/04/2022	13	10/04/2022	09	HAE	2,3	0	-0,6	0	81,0	0	16,0	0	290,0	0	993,0	0	837,2	ERA5
1036790	10/04/2022	14	10/04/2022	10	HAE	3,5	0	0,2	0	79,0	0	25,0	0	280,0	0	994,0	0	1485,9	ERA5
1036791	10/04/2022	15	10/04/2022	11	HAE	3,2	0	1,0	0	85,0	0	23,0	0	290,0	0	994,0	0	2017,2	ERA5
1036792	10/04/2022	16	10/04/2022	12	HAE	4,6	0	0,3	0	73,0	0	24,0	0	300,0	0	994,0	0	2546,3	ERA5
1036793	10/04/2022	17	10/04/2022	13	HAE	6,2	0	-1,2	0	59,0	0	26,0	0	310,0	0	994,0	0	2576,3	ERA5
1036794	10/04/2022	18	10/04/2022	14	HAE	5,7	0	0,2	0	68,0	0	22,0	0	320,0	0	995,0	0	2714,2	ERA5
1036795	10/04/2022	19	10/04/2022	15	HAE	7,4	0	-3,7	0	45,0	0	32,0	0	280,0	0	995,0	0	2235,6	ERA5
1036796	10/04/2022	20	10/04/2022	16	HAE	5,8	0	-3,6	0	50,0	0	24,0	0	280,0	0	995,0	0	2100,0	ERA5
1036797	10/04/2022	21	10/04/2022	17	HAE	5,5	0	-4,3	0	49,0	0	25,0	0	310,0	0	996,0	0	1368,7	ERA5
1036798	10/04/2022	22	10/04/2022	18	HAE	5,2	0	-5,3	0	47,0	0	25,0	0	330,0	0	997,0	0	853,2	ERA5
1036799	10/04/2022	23	10/04/2022	19	HAE	4,9	0	-4,5	0	51,0	0	21,0	0	320,0	0	997,0	0	450,9	ERA5
1036800	11/04/2022	00	10/04/2022	20	HAE	4,4	0	-4,4	0	53,0	0	25,0	0	330,0	0	999,0	0	60,6	ERA5
1036801	11/04/2022	01	10/04/2022	21	HAE	4,2	0	-5,0	0	51,0	0	22,0	0	330,0	0	1000,0	0	0,0	ERA5
1036802	11/04/2022	02	10/04/2022	22	HAE	3,8	0	-5,0	0	53,0	0	20,0	0	310,0	0	1001,0	0	0,0	ERA5
1036803	11/04/2022	03	10/04/2022	23	HAE	3,3	0	-4,6	0	56,0	0	12,0	0	310,0	0	1001,0	0	0,0	ERA5
1036804	11/04/2022	04	11/04/2022	00	HAE	2,3	0	-4,7	0	60,0	0	13,0	0	310,0	0	1002,0	0	0,0	ERA5
1036805	11/04/2022	05	11/04/2022	01	HAE	2,2	0	-4,8	0	60,0	0	10,0	0	280,0	0	1003,0	0	0,0	ERA5
1036806	11/04/2022	06	11/04/2022	02	HAE	0,6	0	-5,4	0	65,0	0	9,0	0	320,0	0	1003,0	0	0,0	ERA5
1036807	11/04/2022	07	11/04/2022	03	HAE	-0,9	0	-5,5	0	71,0	0	7,0	0	290,0	0	1003,0	0	0,0	ERA5
1036808	11/04/2022	08	11/04/2022	04	HAE	-1,3	0	-4,5	0	79,0	0	6,0	0	290,0	0	1004,0	0	0,0	ERA5
1036809	11/04/2022	09	11/04/2022	05	HAE	-1,8	0	-4,9	0	79,0	0	6,0	0	240,0	0	1004,0	0	0,0	ERA5
1036810	11/04/2022	10	11/04/2022	06	HAE	-2,8	0	-4,6	0	87,0	0	2,0	0	0,0	0	1005,0	0	0,0	ERA5
1036811	11/04/2022	11	11/04/2022	07	HAE	-2,8	0	-4,6	0	88,0	0	3,0	0	230,0	0	1005,0	0	47,6	ERA5
1036812	11/04/2022	12	11/04/2022	08	HAE	0,7	0	-2,9	0	77,0	0	3,0	0	220,0	0	1005,0	0	529,3	ERA5
1036813	11/04/2022	13	11/04/2022	09	HAE	4,0	0	-3,8	0	57,0	0	8,0	0	130,0	0	1004,0	0	1218,6	ERA5
1036814	11/04/2022	14	11/04/2022	10	HAE	5,2	0	-4,2	0	51,0	0	10,0	0	170,0	0	1005,0	0	1900,3	ERA5
1036815	11/04/2022	15	11/04/2022	11	HAE	5,8	0	-4,0	0	49,0	0	1,0	0	0,0	0	1004,0	0	2308,7	ERA5
1036816	11/04/2022	16	11/04/2022	12	HAE	7,7	0	-3,7	0	44,0	0	14,0	0	130,0	0	1003,0	0	2379,7	ERA5
1036817	11/04/2022	17	11/04/2022	13	HAE	9,3	0	-3,4	0	40,0	0	19,0	0	180,0	0	1002,0	0	2115,8	ERA5
1036818	11/04/2022	18	11/04/2022	14	HAE	10,5	0	-2,8	0	39,0	0	19,0	0	160,0	0	1001,0	0	2238,3	ERA5
1036819	11/04/2022	19	11/04/2022	15	HAE	10,6	0	-3,0	0	38,0	0	18,0	0	180,0	0	1000,0	0	2840,3	ERA5
1036820	11/04/2022	20	11/04/2022	16	HAE	11,6	0	-2,7	0	37,0	0	13,0	0	180,0	0	999,0	0	2099,4	ERA5
1036821	11/04/2022	21	11/04/2022	17	HAE	12,0	0	-1,8	0	38,0	0	12,0	0	160,0	0	998,0	0	1753,4	ERA5
1036822	11/04/2022	22	11/04/2022	18	HAE	11,9	0	-2,3	0	37,0	0	13,0	0	170,0	0	998,0	0	1209,6	ERA5
1036823	11/04/2022	23	11/04/2022	19	HAE	11,2	0	-1,2	0	42,0	0	4,0	0	190,0	0	998,0	0	430,1	ERA5
1036824	12/04/2022	00	11/04/2022	20	HAE	10,1	0	0,45	4.lineaire	49,0	0	10,0	0	130,0	0	997,0	0	48,8	ERA5
1036825	12/04/2022	01	11/04/2022	21	HAE	9,6	0	2,1	0	59,0	0	6,0	0	100,0	0	997,0	0	0,0	ERA5
1036826	12/04/2022	02	11/04/2022	22	HAE	9,7	0	1,8	0	58,0	0	8,0	0	50,0	0	997,0	0	0,0	ERA5
1036827	12/04/2022	03	11/04/2022	23	HAE	8,5	0	4,5	0	75,0	0	8,0	0	40,0	0	997,0	0	0,0	ERA5
1036828	12/04/2022	04	12/04/2022	00	HAE	8,8	0	3,9	0	72,0	0	4,0	0	360,0	0	997,0	0	0,0	ERA5
1036829	12/04/2022	05	12/04/2022	01	HAE	8,1	0	4,3	0	77,0	0	5,0	0	60,0	0	997,0	0	0,0	ERA5
1036830	12/04/2022	06	12/04/2022	02	HAE	6,8	0	4,2	0	83,0	0	11,0	0	110,0	0	996,0	0	0,0	ERA5
1036831	12/04/2022	07	12/04/2022	03	HAE	6,8	0	4,0	0	82,0	0	7,0	0	270,0	0	997,0	0	0,0	ERA5
1036832	12/04/2022	08	12/04/2022	04	HAE	6,7	0	3,2	0	78,0	0	9,0	0	240,0	0	997,0	0	0,0	ERA5
1036833	12/04/2022	09	12/04/2022	05	HAE	6,7	0	1,8	0	71,0	0	9,0	0	230,0	0	998,0	0	0,0	ERA5
1036834	12/04/2022	10	12/04/2022	06	HAE	6,0	0	1,3	0	72,0	0	14,0	0	250,0	0	999,0	0	0,0	ERA5
1036835	12/04/2022	11	12/04/2022	07	HAE	7,1	0	1,5	0	68,0	0	17,0	0	290,0	0	1000,0	0	17,7	ERA5
1036836	12/04/2022	12	12/04/2022	08	HAE	7,2	0	1,6	0	68,0	0	21,0	0	280,0	0	1000,0	0	337,1	ERA5
1036837	12/04/2022	13	12/04/2022	09	HAE	9,5	0	2,0	0	60,0	0	20,0	0	290,0	0	1001,0	0	1088,0	ERA5
1036838	12/04/2022	14	12/04/2022	10	HAE	10,8	0	0,5	0	49,0	0	21,0	0	290,0	0	1002,0	0	1908,9	ERA5
1036839	12/04/2022	15	12/04/2022	11	HAE	13,3	0	-1,1	0	37,0	0	19,0	0	320,0	0	1002,0	0	2472,1	ERA5
1036840	12/04/2022	16	12/04/2022	12	HAE	13,4	0	-3,4	0	31,0	0	24,0	0	270,0	0	1002,0	0	2889,9	ERA5
1036841	12/04/2022	17	12/04/2022	13	HAE	14,5	0	-2,9	0	30,0	0	30,0	0	280,0	0	1002,0	0	3107,5	ERA5
1036842	12/04/2022	18	12/04/2022	14	HAE	15,5	0	-3,3	0	27,0	0	30,0	0	280,0	0	1002,0	0	3108,5	ERA5
1036843	12/04/2022	19	12/04/2022	15	HAE	16,2	0	-3,1	0	26,0	0	22,0	0	310,0	0	1002,0	0	2930,8	ERA5
1036844	12/04/2022	20	12/04/2022	16	HAE	17,1	0	-4,3	0	23,0	0	30,0	0	290,0	0	1002,0	0	2447,9	ERA5
1036845	12/04/2022	21	12/04/2022	17	HAE	16,7	0	-4,9	0	22,0	0	20,0	0	300,0	0	1002,0	0	1471,9	ERA5
1036846	12/04/2022	22	12/04/2022	18	HAE	17,2	0	-5,6	0	20,0	0	27,0	0	270,0	0	1002,0	0	1145,4	ERA5
1036847	12/04/2022	23	12/04/2022	19	HAE	15,6	0	-5,2	0	23,0	0	21,0	0	290,0	0	1002,0	0	497,4	ERA5
1036848	13/04/2022	00	12/04/2022	20	HAE	14,2	0	-5,1	0	26,0	0	16,0	0	280,0	0	1002,0	0	66,4	ERA5
1036849	13/04/2022	01	12/04/2022	21	HAE	12,4	0	-4,4	0	31,0	0	14,0	0	260,0	0	1003,0	0	0,0	ERA5
1036850	13/04/2022	02	12/04/2022	22	HAE	11,5	0	-4,5	0	32,0	0	13,0	0	280,0	0	1003,0	0	0,0	ERA5
1036851	13/04/2022	03	12/04/2022	23	HAE	10,9	0	-5,0	0	32,0	0	9,0	0	250,0	0	1003,0	0	0,0	ERA5
1036852	13/04/2022	04	13/04/2022	00	HAE	8,3	0	-3,0	0	45,0	0	5,0	0	300,0	0	1003,0	0	0,0	ERA5
1036853	13/04/2022	05	13/04/2022	01	HAE	8,5	0	-2,1	0	47,0	0	9,0	0	200,0	0	1004,0	0	0,0	ERA5
1036854	13/04/2022	06	13/04/2022	02	HAE	8,1	0	-2,4	0	48,0	0	7,0	0	230,0	0	1004,0	0	0,0	ERA5
1036855	13/04/2022	07	13/04/2022	03	HAE	7,4	0	-3,1	0	47,0	0	4,0	0	260,0	0	1003,0	0	0,0	ERA5
1036856	13/04/2022	08	13/04/2022	04	HAE	7,7	0	-2,5	0	49,0	0	5,0	0	200,0	0	1003,0	0	0,0	ERA5
1036857	13/04/2022	09	13/04/2022	05	HAE	6,9	0	-0,6	0	58,0	0	3,0	0	220,0	0	1003,0	0	0,0	ERA5
1036858	13/04/2022	10	13/04/2022	06	HAE	6,7	0	-1,7	0	55,0	0	9,0	0	180,0	0	1003,0	0	0,0	ERA5
1036859	13/04/2022	11	13/04/2022	07	HAE	6,8	0	-0,2	0	61,0	0	14,0	0	70,0	0	1002,0	0	19,9	ERA5
1036860	13/04/2022	12	13/04/2022	08	HAE	7,8	0	1,0	0	62,0	0	7,0	0	100,0	0	1002,0	0	219,0	ERA5
1036861	13/04/2022	13	13/04/2022	09	HAE	8,6	0	1,0	0	59,0	0	2,0	0	0,0	0	1002,0	0	414,2	ERA5
1036862	13/04/2022	14	13/04/2022	10	HAE	9,8	0	0,8	0	53,0	0	3,0	0	140,0	0	1002,0	0	595,5	ERA5
1036863	13/04/2022	15	13/04/2022	11	HAE	10,2	0	3,8	0	64,0	0	10,0	0	100,0	0	1001,0	0	581,9	ERA5
1036864	13/04/2022	16	13/04/2022	12	HAE	8,3	0	5,5	0	82,0	0	4,0	0	40,0	0	1002,0	0	494,0	ERA5
1036865	13/04/2022	17	13/04/2022	13	HAE	8,3	0	5,1	0	80,0	0	17,0	0	90,0	0	998,0	0	534,0	ERA5
1036866	13/04/2022	18	13/04/2022	14	HAE	8,6	0	5,3	0	80,0	0	17,0	0	60,0	0	998,0	0	473,7	ERA5
1036867	13/04/2022	19	13/04/2022	15	HAE	8,8	0	5,9	0	82,0	0	19,0	0	70,0	0	997,0	0	456,9	ERA5
1036868	13/04/2022	20	13/04/2022	16	HAE	9,2	0	5,7	0	78,0	0	21,0	0	60,0	0	997,0	0	305,5	ERA5
1036869	13/04/2022	21	13/04/2022	17	HAE	8,6	0	5,0	0	78,0	0	25,0	0	60,0	0	996,0	0	177,8	ERA5
1036870	13/04/2022	22	13/04/2022	18	HAE	8,3	0	4,9	0	79,0	0	25,0	0	50,0	0	996,0	0	162,7	ERA5
1036871	13/04/2022	23	13/04/2022	19	HAE	7,5	0	5,4	0	86,0	0	26,0	0	60,0	0	997,0	0	69,0	ERA5
1036872	14/04/2022	00	13/04/2022	20	HAE	6,5	0	5,6	0	94,0	0	25,0	0	60,0	0	997,0	0	18,9	ERA5
1036873	14/04/2022	01	13/04/2022	21	HAE	6,5	0	5,6	0	94,0	0	30,0	0	70,0	0	997,0	0	0,0	ERA5
1036874	14/04/2022	02	13/04/2022	22	HAE	6,5	0	5,6	0	94,0	0	27,0	0	70,0	0	997,0	0	0,0	ERA5
1036875	14/04/2022	03	13/04/2022	23	HAE	6,5	0	5,6	0	94,0	0	20,0	0	60,0	0	996,0	0	0,0	ERA5
1036876	14/04/2022	04	14/04/2022	00	HAE	6,4	0	5,6	0	95,0	0	20,0	0	70,0	0	996,0	0	0,0	ERA5
1036877	14/04/2022	05	14/04/2022	01	HAE	6,2	0	5,6	0	96,0	0	23,0	0	70,0	0	995,0	0	0,0	ERA5
1036878	14/04/2022	06	14/04/2022	02	HAE	6,2	0	5,7	0	96,0	0	19,0	0	80,0	0	994,0	0	0,0	ERA5
1036879	14/04/2022	07	14/04/2022	03	HAE	6,2	0	5,7	0	97,0	0	23,0	0	60,0	0	992,0	0	0,0	ERA5
1036880	14/04/2022	08	14/04/2022	04	HAE	6,1	0	5,7	0	97,0	0	17,0	0	70,0	0	992,0	0	0,0	ERA5
1036881	14/04/2022	09	14/04/2022	05	HAE	6,3	0	5,9	0	97,0	0	14,0	0	70,0	0	991,0	0	0,0	ERA5
1036882	14/04/2022	10	14/04/2022	06	HAE	6,3	0	5,8	0	97,0	0	21,0	0	90,0	0	990,0	0	0,0	ERA5
1036883	14/04/2022	11	14/04/2022	07	HAE	6,4	0	5,9	0	97,0	0	17,0	0	90,0	0	991,0	0	18,3	ERA5
1036884	14/04/2022	12	14/04/2022	08	HAE	6,6	0	6,0	0	96,0	0	19,0	0	80,0	0	990,0	0	197,8	ERA5
1036885	14/04/2022	13	14/04/2022	09	HAE	6,6	0	6,1	0	96,0	0	20,0	0	80,0	0	990,0	0	372,8	ERA5
1036886	14/04/2022	14	14/04/2022	10	HAE	7,2	0	6,7	0	96,0	0	14,0	0	80,0	0	990,0	0	184,5	ERA5
1036887	14/04/2022	15	14/04/2022	11	HAE	7,6	0	7,1	0	97,0	0	8,0	0	90,0	0	991,0	0	156,7	ERA5
1036888	14/04/2022	16	14/04/2022	12	HAE	9,2	0	8,7	0	96,0	0	17,0	0	80,0	0	990,0	0	591,9	ERA5
1036889	14/04/2022	17	14/04/2022	13	HAE	10,0	0	9,3	0	95,0	0	11,0	0	120,0	0	990,0	0	1422,1	ERA5
1036890	14/04/2022	18	14/04/2022	14	HAE	12,7	0	10,7	0	88,0	0	6,0	0	80,0	0	990,0	0	1162,2	ERA5
1036891	14/04/2022	19	14/04/2022	15	HAE	13,2	0	11,9	0	92,0	0	10,0	0	90,0	0	990,0	0	778,9	ERA5
1036892	14/04/2022	20	14/04/2022	16	HAE	15,2	0	13,9	0	92,0	0	25,0	0	220,0	0	991,0	0	1003,3	ERA5
1036893	14/04/2022	21	14/04/2022	17	HAE	12,3	0	8,3	0	76,0	0	25,0	0	250,0	0	993,0	0	453,6	ERA5
1036894	14/04/2022	22	14/04/2022	18	HAE	13,4	0	4,6	0	55,0	0	32,0	0	240,0	0	994,0	0	298,3	ERA5
1036895	14/04/2022	23	14/04/2022	19	HAE	11,8	0	2,3	0	52,0	0	24,0	0	230,0	0	995,0	0	440,1	ERA5
1036896	15/04/2022	00	14/04/2022	20	HAE	9,6	0	1,7	0	58,0	0	10,0	0	230,0	0	996,0	0	95,9	ERA5
1036897	15/04/2022	01	14/04/2022	21	HAE	8,2	0	3,4	0	72,0	0	13,0	0	210,0	0	997,0	0	0,0	ERA5
1036898	15/04/2022	02	14/04/2022	22	HAE	6,5	0	-0,3	0	62,0	0	10,0	0	260,0	0	998,0	0	0,0	ERA5
1036899	15/04/2022	03	14/04/2022	23	HAE	6,8	0	1,0	0	66,0	0	14,0	0	210,0	0	999,0	0	0,0	ERA5
1036900	15/04/2022	04	15/04/2022	00	HAE	5,3	0	-0,9	0	64,0	0	8,0	0	170,0	0	999,0	0	0,0	ERA5
1036901	15/04/2022	05	15/04/2022	01	HAE	4,3	0	-0,7	0	70,0	0	11,0	0	180,0	0	999,0	0	0,0	ERA5
1036902	15/04/2022	06	15/04/2022	02	HAE	4,3	0	-1,0	0	68,0	0	13,0	0	190,0	0	999,0	0	0,0	ERA5
1036903	15/04/2022	07	15/04/2022	03	HAE	2,6	0	-1,5	0	74,0	0	9,0	0	240,0	0	999,0	0	0,0	ERA5
1036904	15/04/2022	08	15/04/2022	04	HAE	2,8	0	-1,2	0	75,0	0	7,0	0	240,0	0	999,0	0	0,0	ERA5
1036905	15/04/2022	09	15/04/2022	05	HAE	2,6	0	-0,9	0	77,0	0	8,0	0	190,0	0	1000,0	0	0,0	ERA5
1036906	15/04/2022	10	15/04/2022	06	HAE	1,2	0	-1,4	0	83,0	0	9,0	0	170,0	0	1000,0	0	0,0	ERA5
1036907	15/04/2022	11	15/04/2022	07	HAE	1,8	0	-1,2	0	80,0	0	10,0	0	170,0	0	1000,0	0	72,2	ERA5
1036908	15/04/2022	12	15/04/2022	08	HAE	5,4	0	-0,9	0	64,0	0	13,0	0	170,0	0	1000,0	0	577,0	ERA5
1036909	15/04/2022	13	15/04/2022	09	HAE	8,4	0	-1,0	0	52,0	0	16,0	0	180,0	0	1000,0	0	1283,5	ERA5
1036910	15/04/2022	14	15/04/2022	10	HAE	10,6	0	-1,5	0	43,0	0	22,0	0	200,0	0	999,0	0	1785,9	ERA5
1036911	15/04/2022	15	15/04/2022	11	HAE	10,9	0	-3,0	0	37,0	0	29,0	0	220,0	0	998,0	0	2472,7	ERA5
1036912	15/04/2022	16	15/04/2022	12	HAE	12,7	0	-3,7	0	32,0	0	37,0	0	190,0	0	997,0	0	2749,1	ERA5
1036913	15/04/2022	17	15/04/2022	13	HAE	11,7	0	-3,7	0	34,0	0	39,0	0	230,0	0	996,0	0	3016,3	ERA5
1036914	15/04/2022	18	15/04/2022	14	HAE	10,1	0	-0,1	0	49,0	0	41,0	0	210,0	0	996,0	0	3016,6	ERA5
1036915	15/04/2022	19	15/04/2022	15	HAE	11,7	0	-0,2	0	44,0	0	23,0	0	190,0	0	995,0	0	2321,4	ERA5
1036916	15/04/2022	20	15/04/2022	16	HAE	13,3	0	-1,0	0	37,0	0	34,0	0	190,0	0	993,0	0	2502,9	ERA5
1036917	15/04/2022	21	15/04/2022	17	HAE	12,4	0	0,6	0	44,0	0	45,0	0	210,0	0	992,0	0	1424,7	ERA5
1036918	15/04/2022	22	15/04/2022	18	HAE	11,4	0	1,8	0	51,0	0	39,0	0	210,0	0	992,0	0	894,6	ERA5
1036919	15/04/2022	23	15/04/2022	19	HAE	10,0	0	1,8	0	57,0	0	32,0	0	210,0	0	992,0	0	457,4	ERA5
1036920	16/04/2022	00	15/04/2022	20	HAE	9,6	0	1,6	0	57,0	0	39,0	0	230,0	0	993,0	0	81,9	ERA5
1036921	16/04/2022	01	15/04/2022	21	HAE	6,8	0	4,0	0	82,0	0	21,0	0	240,0	0	994,0	0	0,0	ERA5
1036922	16/04/2022	02	15/04/2022	22	HAE	6,4	0	3,8	0	84,0	0	26,0	0	230,0	0	995,0	0	0,0	ERA5
1036923	16/04/2022	03	15/04/2022	23	HAE	6,0	0	2,5	0	78,0	0	22,0	0	270,0	0	995,0	0	0,0	ERA5
1036924	16/04/2022	04	16/04/2022	00	HAE	5,8	0	-1,2	0	61,0	0	30,0	0	300,0	0	995,0	0	0,0	ERA5
1036925	16/04/2022	05	16/04/2022	01	HAE	4,4	0	-3,3	0	57,0	0	20,0	0	260,0	0	996,0	0	0,0	ERA5
1036926	16/04/2022	06	16/04/2022	02	HAE	3,0	0	-3,0	0	65,0	0	9,0	0	250,0	0	996,0	0	0,0	ERA5
1036927	16/04/2022	07	16/04/2022	03	HAE	2,6	0	-4,6	0	59,0	0	17,0	0	270,0	0	998,0	0	0,0	ERA5
1036928	16/04/2022	08	16/04/2022	04	HAE	1,6	0	-3,8	0	67,0	0	12,0	0	270,0	0	998,0	0	0,0	ERA5
1036929	16/04/2022	09	16/04/2022	05	HAE	1,8	0	-6,1	0	56,0	0	23,0	0	260,0	0	998,0	0	0,0	ERA5
1036930	16/04/2022	10	16/04/2022	06	HAE	1,2	0	-6,6	0	56,0	0	23,0	0	250,0	0	998,0	0	0,0	ERA5
1036931	16/04/2022	11	16/04/2022	07	HAE	0,6	0	-6,2	0	60,0	0	21,0	0	240,0	0	999,0	0	50,7	ERA5
1036932	16/04/2022	12	16/04/2022	08	HAE	1,8	0	-6,0	0	56,0	0	22,0	0	250,0	0	1000,0	0	454,7	ERA5
1036933	16/04/2022	13	16/04/2022	09	HAE	2,2	0	-7,8	0	48,0	0	22,0	0	260,0	0	1000,0	0	1214,9	ERA5
1036934	16/04/2022	14	16/04/2022	10	HAE	2,7	0	-8,7	0	43,0	0	24,0	0	270,0	0	1000,0	0	1992,7	ERA5
1036935	16/04/2022	15	16/04/2022	11	HAE	3,6	0	-8,9	0	40,0	0	18,0	0	270,0	0	1000,0	0	2436,0	ERA5
1036936	16/04/2022	16	16/04/2022	12	HAE	4,5	0	-8,5	0	39,0	0	13,0	0	200,0	0	999,0	0	2798,2	ERA5
1036937	16/04/2022	17	16/04/2022	13	HAE	5,1	0	-8,5	0	37,0	0	18,0	0	260,0	0	999,0	0	2666,1	ERA5
1036938	16/04/2022	18	16/04/2022	14	HAE	5,9	0	-8,4	0	35,0	0	17,0	0	300,0	0	998,0	0	2306,8	ERA5
1036939	16/04/2022	19	16/04/2022	15	HAE	6,0	0	-8,7	0	34,0	0	14,0	0	310,0	0	998,0	0	1744,5	ERA5
1036940	16/04/2022	20	16/04/2022	16	HAE	6,1	0	-8,9	0	33,0	0	24,0	0	330,0	0	997,0	0	1538,8	ERA5
1036941	16/04/2022	21	16/04/2022	17	HAE	7,0	0	-8,9	0	31,0	0	30,0	0	320,0	0	998,0	0	980,6	ERA5
1036942	16/04/2022	22	16/04/2022	18	HAE	5,3	0	-9,3	0	34,0	0	29,0	0	300,0	0	998,0	0	543,7	ERA5
1036943	16/04/2022	23	16/04/2022	19	HAE	4,3	0	-9,3	0	37,0	0	26,0	0	310,0	0	998,0	0	356,8	ERA5
1036944	17/04/2022	00	16/04/2022	20	HAE	3,5	0	-8,5	0	41,0	0	22,0	0	310,0	0	999,0	0	68,1	ERA5
1036945	17/04/2022	01	16/04/2022	21	HAE	3,2	0	-8,0	0	44,0	0	19,0	0	320,0	0	1000,0	0	0,0	ERA5
1036946	17/04/2022	02	16/04/2022	22	HAE	2,8	0	-8,6	0	43,0	0	14,0	0	330,0	0	1000,0	0	0,0	ERA5
1036947	17/04/2022	03	16/04/2022	23	HAE	2,3	0	-8,4	0	45,0	0	13,0	0	340,0	0	1001,0	0	0,0	ERA5
1036948	17/04/2022	04	17/04/2022	00	HAE	2,4	0	-9,2	0	42,0	0	18,0	0	340,0	0	1001,0	0	0,0	ERA5
1036949	17/04/2022	05	17/04/2022	01	HAE	0,5	0	-8,6	0	51,0	0	10,0	0	320,0	0	1001,0	0	0,0	ERA5
1036950	17/04/2022	06	17/04/2022	02	HAE	-0,7	0	-8,2	0	57,0	0	10,0	0	280,0	0	1001,0	0	0,0	ERA5
1036951	17/04/2022	07	17/04/2022	03	HAE	-0,6	0	-5,8	0	68,0	0	13,0	0	280,0	0	1001,0	0	0,0	ERA5
1036952	17/04/2022	08	17/04/2022	04	HAE	-0,4	0	-5,2	0	70,0	0	11,0	0	290,0	0	1002,0	0	0,0	ERA5
1036953	17/04/2022	09	17/04/2022	05	HAE	-1,5	0	-5,7	0	73,0	0	12,0	0	290,0	0	1002,0	0	0,0	ERA5
1036954	17/04/2022	10	17/04/2022	06	HAE	-1,6	0	-5,3	0	76,0	0	15,0	0	290,0	0	1003,0	0	0,0	ERA5
1036955	17/04/2022	11	17/04/2022	07	HAE	-0,9	0	-4,9	0	75,0	0	15,0	0	280,0	0	1004,0	0	83,9	ERA5
1036956	17/04/2022	12	17/04/2022	08	HAE	0,1	0	-4,5	0	71,0	0	20,0	0	290,0	0	1005,0	0	581,0	ERA5
1036957	17/04/2022	13	17/04/2022	09	HAE	1,2	0	-4,3	0	67,0	0	24,0	0	280,0	0	1005,0	0	1224,2	ERA5
1036958	17/04/2022	14	17/04/2022	10	HAE	3,2	0	-4,1	0	58,0	0	18,0	0	300,0	0	1006,0	0	1837,8	ERA5
1036959	17/04/2022	15	17/04/2022	11	HAE	4,4	0	-4,5	0	52,0	0	26,0	0	290,0	0	1006,0	0	2433,8	ERA5
1036960	17/04/2022	16	17/04/2022	12	HAE	4,9	0	-5,5	0	47,0	0	32,0	0	310,0	0	1007,0	0	2815,3	ERA5
1036961	17/04/2022	17	17/04/2022	13	HAE	5,6	0	-5,3	0	45,0	0	26,0	0	330,0	0	1007,0	0	2860,9	ERA5
1036962	17/04/2022	18	17/04/2022	14	HAE	6,5	0	-5,6	0	42,0	0	27,0	0	300,0	0	1007,0	0	2796,2	ERA5
1036963	17/04/2022	19	17/04/2022	15	HAE	8,1	0	-5,2	0	39,0	0	27,0	0	320,0	0	1008,0	0	2642,2	ERA5
1036964	17/04/2022	20	17/04/2022	16	HAE	7,5	0	-5,6	0	39,0	0	28,0	0	310,0	0	1008,0	0	2190,6	ERA5
1036965	17/04/2022	21	17/04/2022	17	HAE	8,7	0	-6,0	0	35,0	0	32,0	0	320,0	0	1009,0	0	1282,6	ERA5
1036966	17/04/2022	22	17/04/2022	18	HAE	8,1	0	-6,9	0	34,0	0	27,0	0	310,0	0	1009,0	0	824,8	ERA5
1036967	17/04/2022	23	17/04/2022	19	HAE	7,5	0	-7,4	0	34,0	0	24,0	0	300,0	0	1010,0	0	534,3	ERA5
1036968	18/04/2022	00	17/04/2022	20	HAE	6,1	0	-6,7	0	40,0	0	14,0	0	290,0	0	1010,0	0	124,0	ERA5
1036969	18/04/2022	01	17/04/2022	21	HAE	3,8	0	-6,0	0	49,0	0	13,0	0	270,0	0	1011,0	0	0,0	ERA5
1036970	18/04/2022	02	17/04/2022	22	HAE	2,9	0	-5,0	0	56,0	0	10,0	0	280,0	0	1012,0	0	0,0	ERA5
1036971	18/04/2022	03	17/04/2022	23	HAE	2,1	0	-5,9	0	55,0	0	12,0	0	300,0	0	1013,0	0	0,0	ERA5
1036972	18/04/2022	04	18/04/2022	00	HAE	2,7	0	-7,7	0	47,0	0	9,0	0	330,0	0	1013,0	0	0,0	ERA5
1036973	18/04/2022	05	18/04/2022	01	HAE	0,1	0	-7,5	0	57,0	0	8,0	0	320,0	0	1014,0	0	0,0	ERA5
1036974	18/04/2022	06	18/04/2022	02	HAE	-1,3	0	-7,3	0	64,0	0	12,0	0	310,0	0	1014,0	0	0,0	ERA5
1036975	18/04/2022	07	18/04/2022	03	HAE	-0,1	0	-6,9	0	60,0	0	13,0	0	350,0	0	1014,0	0	0,0	ERA5
1036976	18/04/2022	08	18/04/2022	04	HAE	-0,6	0	-7,1	0	62,0	0	11,0	0	350,0	0	1014,0	0	0,0	ERA5
1036977	18/04/2022	09	18/04/2022	05	HAE	-1,7	0	-7,5	0	65,0	0	9,0	0	10,0	0	1014,0	0	0,0	ERA5
1036978	18/04/2022	10	18/04/2022	06	HAE	-3,7	0	-8,1	0	72,0	0	11,0	0	30,0	0	1014,0	0	0,0	ERA5
1036979	18/04/2022	11	18/04/2022	07	HAE	-1,9	0	-6,5	0	71,0	0	5,0	0	30,0	0	1015,0	0	102,5	ERA5
1036980	18/04/2022	12	18/04/2022	08	HAE	1,1	0	-5,6	0	61,0	0	14,0	0	40,0	0	1015,0	0	658,5	ERA5
1036981	18/04/2022	13	18/04/2022	09	HAE	2,5	0	-6,1	0	53,0	0	12,0	0	70,0	0	1014,0	0	1361,1	ERA5
1036982	18/04/2022	14	18/04/2022	10	HAE	4,0	0	-6,1	0	48,0	0	10,0	0	50,0	0	1013,0	0	2033,8	ERA5
1036983	18/04/2022	15	18/04/2022	11	HAE	5,4	0	-6,0	0	44,0	0	5,0	0	80,0	0	1013,0	0	2598,8	ERA5
1036984	18/04/2022	16	18/04/2022	12	HAE	7,9	0	-5,1	0	39,0	0	15,0	0	130,0	0	1012,0	0	3001,9	ERA5
1036985	18/04/2022	17	18/04/2022	13	HAE	8,2	0	-5,8	0	36,0	0	10,0	0	90,0	0	1010,0	0	3214,4	ERA5
1036986	18/04/2022	18	18/04/2022	14	HAE	10,1	0	-5,5	0	33,0	0	22,0	0	90,0	0	1009,0	0	3208,3	ERA5
1036987	18/04/2022	19	18/04/2022	15	HAE	11,2	0	-5,4	0	31,0	0	26,0	0	80,0	0	1008,0	0	2698,7	ERA5
1036988	18/04/2022	20	18/04/2022	16	HAE	10,9	0	-6,4	0	29,0	0	27,0	0	90,0	0	1006,0	0	2083,0	ERA5
1036989	18/04/2022	21	18/04/2022	17	HAE	10,5	0	-6,0	0	31,0	0	28,0	0	80,0	0	1005,0	0	1407,8	ERA5
1036990	18/04/2022	22	18/04/2022	18	HAE	9,5	0	-5,9	0	33,0	0	27,0	0	80,0	0	1004,0	0	808,1	ERA5
1036991	18/04/2022	23	18/04/2022	19	HAE	9,0	0	-5,5	0	36,0	0	33,0	0	80,0	0	1003,0	0	286,9	ERA5
1036992	19/04/2022	00	18/04/2022	20	HAE	8,3	0	-3,1	0	44,0	0	26,0	0	80,0	0	1002,0	0	57,2	ERA5
1036993	19/04/2022	01	18/04/2022	21	HAE	7,9	0	-2,5	0	48,0	0	24,0	0	110,0	0	1003,0	0	0,0	ERA5
1036994	19/04/2022	02	18/04/2022	22	HAE	7,1	0	0,1	0	61,0	0	13,0	0	160,0	0	1003,0	0	0,0	ERA5
1036995	19/04/2022	03	18/04/2022	23	HAE	4,6	0	2,5	0	86,0	0	18,0	0	160,0	0	1003,0	0	0,0	ERA5
1036996	19/04/2022	04	19/04/2022	00	HAE	4,2	0	3,1	0	93,0	0	13,0	0	130,0	0	1002,0	0	0,0	ERA5
1036997	19/04/2022	05	19/04/2022	01	HAE	4,0	0	3,3	0	95,0	0	19,0	0	130,0	0	1001,0	0	0,0	ERA5
1036998	19/04/2022	06	19/04/2022	02	HAE	3,6	0	2,5	0	93,0	0	23,0	0	130,0	0	1000,0	0	0,0	ERA5
1036999	19/04/2022	07	19/04/2022	03	HAE	2,9	0	1,8	0	93,0	0	22,0	0	120,0	0	999,0	0	0,0	ERA5
1037000	19/04/2022	08	19/04/2022	04	HAE	2,1	0	1,4	0	95,0	0	18,0	0	80,0	0	997,0	0	0,0	ERA5
1037001	19/04/2022	09	19/04/2022	05	HAE	1,9	0	1,2	0	95,0	0	19,0	0	90,0	0	996,0	0	0,0	ERA5
1037002	19/04/2022	10	19/04/2022	06	HAE	1,4	0	0,8	0	96,0	0	22,0	0	80,0	0	995,0	0	0,0	ERA5
1037003	19/04/2022	11	19/04/2022	07	HAE	1,1	0	0,6	0	96,0	0	26,0	0	80,0	0	994,0	0	11,8	ERA5
1037004	19/04/2022	12	19/04/2022	08	HAE	0,8	0	0,3	0	96,0	0	26,0	0	70,0	0	992,0	0	79,3	ERA5
1037005	19/04/2022	13	19/04/2022	09	HAE	0,7	0	0,2	0	96,0	0	23,0	0	70,0	0	990,0	0	135,4	ERA5
1037006	19/04/2022	14	19/04/2022	10	HAE	0,6	0	0,2	0	97,0	0	18,0	0	60,0	0	989,0	0	225,4	ERA5
1037007	19/04/2022	15	19/04/2022	11	HAE	1,8	0	1,3	0	96,0	0	14,0	0	60,0	0	989,0	0	559,4	ERA5
1037008	19/04/2022	16	19/04/2022	12	HAE	2,2	0	1,2	0	94,0	0	14,0	0	90,0	0	988,0	0	507,8	ERA5
1037009	19/04/2022	17	19/04/2022	13	HAE	2,8	0	1,1	0	88,0	0	11,0	0	100,0	0	987,0	0	748,5	ERA5
1037010	19/04/2022	18	19/04/2022	14	HAE	2,6	0	0,6	0	87,0	0	8,0	0	200,0	0	987,0	0	958,7	ERA5
1037011	19/04/2022	19	19/04/2022	15	HAE	2,9	0	1,5	0	90,0	0	7,0	0	280,0	0	987,0	0	764,7	ERA5
1037012	19/04/2022	20	19/04/2022	16	HAE	2,8	0	1,8	0	93,0	0	14,0	0	250,0	0	987,0	0	708,3	ERA5
1037013	19/04/2022	21	19/04/2022	17	HAE	3,6	0	2,1	0	89,0	0	17,0	0	240,0	0	987,0	0	1283,0	ERA5
1037014	19/04/2022	22	19/04/2022	18	HAE	3,8	0	2,2	0	89,0	0	16,0	0	280,0	0	987,0	0	831,2	ERA5
1037015	19/04/2022	23	19/04/2022	19	HAE	3,2	0	2,1	0	93,0	0	19,0	0	270,0	0	988,0	0	382,0	ERA5
1037016	20/04/2022	00	19/04/2022	20	HAE	2,9	0	2,0	0	93,0	0	14,0	0	240,0	0	989,0	0	69,1	ERA5
1037017	20/04/2022	01	19/04/2022	21	HAE	3,1	0	2,3	0	94,0	0	21,0	0	250,0	0	990,0	0	0,0	ERA5
1037018	20/04/2022	02	19/04/2022	22	HAE	3,3	0	2,4	0	94,0	0	22,0	0	270,0	0	991,0	0	0,0	ERA5
1037019	20/04/2022	03	19/04/2022	23	HAE	3,1	0	1,7	0	91,0	0	34,0	0	280,0	0	992,0	0	0,0	ERA5
1037020	20/04/2022	04	20/04/2022	00	HAE	2,2	0	0,4	0	88,0	0	37,0	0	280,0	0	994,0	0	0,0	ERA5
1037021	20/04/2022	05	20/04/2022	01	HAE	1,6	0	-0,6	0	85,0	0	34,0	0	280,0	0	995,0	0	0,0	ERA5
1037022	20/04/2022	06	20/04/2022	02	HAE	1,3	0	-1,6	0	81,0	0	36,0	0	270,0	0	997,0	0	0,0	ERA5
1037023	20/04/2022	07	20/04/2022	03	HAE	1,2	0	-3,2	0	72,0	0	46,0	0	280,0	0	999,0	0	0,0	ERA5
1037024	20/04/2022	08	20/04/2022	04	HAE	1,1	0	-4,0	0	69,0	0	38,0	0	290,0	0	1001,0	0	0,0	ERA5
1037025	20/04/2022	09	20/04/2022	05	HAE	0,9	0	-4,9	0	65,0	0	39,0	0	290,0	0	1002,0	0	0,0	ERA5
1037026	20/04/2022	10	20/04/2022	06	HAE	0,9	0	-4,5	0	67,0	0	25,0	0	290,0	0	1004,0	0	0,0	ERA5
1037027	20/04/2022	11	20/04/2022	07	HAE	0,5	0	-5,9	0	63,0	0	34,0	0	300,0	0	1006,0	0	57,0	ERA5
1037028	20/04/2022	12	20/04/2022	08	HAE	1,0	0	-5,2	0	63,0	0	22,0	0	300,0	0	1008,0	0	339,5	ERA5
1037029	20/04/2022	13	20/04/2022	09	HAE	1,2	0	-6,0	0	59,0	0	34,0	0	300,0	0	1009,0	0	657,1	ERA5
1037030	20/04/2022	14	20/04/2022	10	HAE	2,1	0	-6,1	0	55,0	0	34,0	0	300,0	0	1010,0	0	1462,6	ERA5
1037031	20/04/2022	15	20/04/2022	11	HAE	2,8	0	-6,0	0	52,0	0	26,0	0	280,0	0	1011,0	0	2159,9	ERA5
1037032	20/04/2022	16	20/04/2022	12	HAE	4,4	0	-6,3	0	46,0	0	23,0	0	280,0	0	1012,0	0	2855,0	ERA5
1037033	20/04/2022	17	20/04/2022	13	HAE	5,9	0	-5,8	0	43,0	0	25,0	0	290,0	0	1012,0	0	3212,0	ERA5
1037034	20/04/2022	18	20/04/2022	14	HAE	6,5	0	-6,4	0	39,0	0	29,0	0	280,0	0	1013,0	0	3217,1	ERA5
1037035	20/04/2022	19	20/04/2022	15	HAE	7,4	0	-7,3	0	34,0	0	22,0	0	300,0	0	1013,0	0	3010,1	ERA5
1037036	20/04/2022	20	20/04/2022	16	HAE	8,2	0	-6,7	0	34,0	0	17,0	0	280,0	0	1014,0	0	2609,4	ERA5
1037037	20/04/2022	21	20/04/2022	17	HAE	8,0	0	-7,2	0	33,0	0	11,0	0	260,0	0	1014,0	0	1988,7	ERA5
1037038	20/04/2022	22	20/04/2022	18	HAE	8,3	0	-6,6	0	34,0	0	14,0	0	280,0	0	1015,0	0	1422,1	ERA5
1037039	20/04/2022	23	20/04/2022	19	HAE	7,8	0	-6,2	0	36,0	0	7,0	0	290,0	0	1015,0	0	734,4	ERA5
1037040	21/04/2022	00	20/04/2022	20	HAE	6,9	0	-6,8	0	37,0	0	4,0	0	330,0	0	1015,0	0	146,9	ERA5
1037041	21/04/2022	01	20/04/2022	21	HAE	3,6	0	-5,8	0	50,0	0	5,0	0	100,0	0	1015,0	0	0,0	ERA5
1037042	21/04/2022	02	20/04/2022	22	HAE	2,8	0	-5,6	0	54,0	0	11,0	0	160,0	0	1016,0	0	0,0	ERA5
1037043	21/04/2022	03	20/04/2022	23	HAE	2,8	0	-1,9	0	71,0	0	9,0	0	170,0	0	1016,0	0	0,0	ERA5
1037044	21/04/2022	04	21/04/2022	00	HAE	1,2	0	-2,6	0	76,0	0	11,0	0	150,0	0	1015,0	0	0,0	ERA5
1037045	21/04/2022	05	21/04/2022	01	HAE	0,6	0	-2,3	0	81,0	0	14,0	0	120,0	0	1015,0	0	0,0	ERA5
1037046	21/04/2022	06	21/04/2022	02	HAE	0,1	0	-2,3	0	84,0	0	10,0	0	130,0	0	1015,0	0	0,0	ERA5
1037047	21/04/2022	07	21/04/2022	03	HAE	0,8	0	-1,7	0	83,0	0	15,0	0	100,0	0	1014,0	0	0,0	ERA5
1037048	21/04/2022	08	21/04/2022	04	HAE	0,7	0	-2,0	0	82,0	0	14,0	0	120,0	0	1014,0	0	0,0	ERA5
1037049	21/04/2022	09	21/04/2022	05	HAE	1,8	0	-1,6	0	79,0	0	14,0	0	110,0	0	1013,0	0	0,0	ERA5
1037050	21/04/2022	10	21/04/2022	06	HAE	1,9	0	-1,7	0	77,0	0	14,0	0	80,0	0	1012,0	0	0,0	ERA5
1037051	21/04/2022	11	21/04/2022	07	HAE	3,0	0	-1,7	0	71,0	0	16,0	0	100,0	0	1011,0	0	48,8	ERA5
1037052	21/04/2022	12	21/04/2022	08	HAE	3,4	0	-1,8	0	69,0	0	26,0	0	90,0	0	1009,0	0	421,8	ERA5
1037053	21/04/2022	13	21/04/2022	09	HAE	6,5	0	-1,8	0	56,0	0	19,0	0	130,0	0	1008,0	0	798,2	ERA5
1037054	21/04/2022	14	21/04/2022	10	HAE	10,1	0	0,2	0	50,0	0	19,0	0	140,0	0	1007,0	0	1055,1	ERA5
1037055	21/04/2022	15	21/04/2022	11	HAE	11,8	0	-1,3	0	40,0	0	25,0	0	160,0	0	1005,0	0	1090,0	ERA5
1037056	21/04/2022	16	21/04/2022	12	HAE	12,4	0	-0,6	0	40,0	0	23,0	0	180,0	0	1004,0	0	540,0	ERA5
1037057	21/04/2022	17	21/04/2022	13	HAE	9,5	0	4,9	0	73,0	0	19,0	0	180,0	0	1003,0	0	402,9	ERA5
1037058	21/04/2022	18	21/04/2022	14	HAE	8,7	0	6,3	0	85,0	0	16,0	0	170,0	0	1003,0	0	249,6	ERA5
1037059	21/04/2022	19	21/04/2022	15	HAE	8,8	0	6,8	0	87,0	0	30,0	0	180,0	0	1002,0	0	388,0	ERA5
1037060	21/04/2022	20	21/04/2022	16	HAE	8,9	0	7,4	0	90,0	0	24,0	0	190,0	0	1002,0	0	309,8	ERA5
1037061	21/04/2022	21	21/04/2022	17	HAE	9,0	0	7,9	0	93,0	0	27,0	0	200,0	0	1002,0	0	206,0	ERA5
1037062	21/04/2022	22	21/04/2022	18	HAE	9,6	0	8,5	0	93,0	0	26,0	0	210,0	0	1002,0	0	124,5	ERA5
1037063	21/04/2022	23	21/04/2022	19	HAE	9,9	0	8,8	0	93,0	0	20,0	0	210,0	0	1002,0	0	126,2	ERA5
1037064	22/04/2022	00	21/04/2022	20	HAE	9,2	0	8,2	0	94,0	0	15,0	0	210,0	0	1003,0	0	50,2	ERA5
1037065	22/04/2022	01	21/04/2022	21	HAE	9,0	0	5,8	0	80,0	0	23,0	0	250,0	0	1005,0	0	0,0	ERA5
1037066	22/04/2022	02	21/04/2022	22	HAE	7,2	0	5,2	0	87,0	0	16,0	0	240,0	0	1007,0	0	0,0	ERA5
1037067	22/04/2022	03	21/04/2022	23	HAE	7,6	0	3,8	0	77,0	0	14,0	0	250,0	0	1007,0	0	0,0	ERA5
1037068	22/04/2022	04	22/04/2022	00	HAE	6,6	0	3,6	0	81,0	0	10,0	0	230,0	0	1007,0	0	0,0	ERA5
1037069	22/04/2022	05	22/04/2022	01	HAE	5,5	0	2,6	0	82,0	0	13,0	0	260,0	0	1007,0	0	0,0	ERA5
1037070	22/04/2022	06	22/04/2022	02	HAE	5,9	0	2,3	0	78,0	0	17,0	0	270,0	0	1008,0	0	0,0	ERA5
1037071	22/04/2022	07	22/04/2022	03	HAE	5,7	0	2,3	0	79,0	0	18,0	0	260,0	0	1009,0	0	0,0	ERA5
1037072	22/04/2022	08	22/04/2022	04	HAE	6,1	0	2,6	0	78,0	0	23,0	0	280,0	0	1010,0	0	0,0	ERA5
1037073	22/04/2022	09	22/04/2022	05	HAE	5,8	0	2,8	0	81,0	0	20,0	0	280,0	0	1011,0	0	0,0	ERA5
1037074	22/04/2022	10	22/04/2022	06	HAE	5,2	0	2,6	0	83,0	0	16,0	0	280,0	0	1012,0	0	0,0	ERA5
1037075	22/04/2022	11	22/04/2022	07	HAE	5,3	0	3,1	0	86,0	0	15,0	0	260,0	0	1013,0	0	80,7	ERA5
1037076	22/04/2022	12	22/04/2022	08	HAE	6,1	0	3,4	0	82,0	0	17,0	0	280,0	0	1015,0	0	333,3	ERA5
1037077	22/04/2022	13	22/04/2022	09	HAE	6,6	0	2,5	0	75,0	0	26,0	0	290,0	0	1016,0	0	730,6	ERA5
1037078	22/04/2022	14	22/04/2022	10	HAE	7,9	0	0,9	0	61,0	0	21,0	0	290,0	0	1016,0	0	992,1	ERA5
1037079	22/04/2022	15	22/04/2022	11	HAE	9,7	0	0,5	0	53,0	0	32,0	0	280,0	0	1017,0	0	1376,5	ERA5
1037080	22/04/2022	16	22/04/2022	12	HAE	9,4	0	-0,5	0	50,0	0	28,0	0	270,0	0	1017,0	0	1443,3	ERA5
1037081	22/04/2022	17	22/04/2022	13	HAE	10,5	0	-1,1	4.lineaire	48,0	0	25,0	0	300,0	0	1017,0	0	1765,3	ERA5
1037082	22/04/2022	18	22/04/2022	14	HAE	11,8	0	-1,7	0	39,0	0	31,0	0	270,0	0	1017,0	0	1536,1	ERA5
1037083	22/04/2022	19	22/04/2022	15	HAE	12,3	0	-1,1	0	39,0	0	24,0	0	270,0	0	1017,0	0	2255,2	ERA5
1037084	22/04/2022	20	22/04/2022	16	HAE	11,8	0	-2,8	0	36,0	0	27,0	0	280,0	0	1017,0	0	2457,2	ERA5
1037085	22/04/2022	21	22/04/2022	17	HAE	11,8	0	-3,9	0	33,0	0	25,0	0	290,0	0	1017,0	0	2063,6	ERA5
1037086	22/04/2022	22	22/04/2022	18	HAE	11,2	0	-4,4	0	33,0	0	31,0	0	280,0	0	1017,0	0	1438,7	ERA5
1037087	22/04/2022	23	22/04/2022	19	HAE	10,6	0	-4,4	0	35,0	0	13,0	0	310,0	0	1017,0	0	754,3	ERA5
1037088	23/04/2022	00	22/04/2022	20	HAE	9,3	0	-5,8	0	34,0	0	19,0	0	340,0	0	1017,0	0	162,4	ERA5
1037089	23/04/2022	01	22/04/2022	21	HAE	7,5	0	-4,8	0	41,0	0	10,0	0	360,0	0	1018,0	0	0,0	ERA5
1037090	23/04/2022	02	22/04/2022	22	HAE	5,5	0	-5,6	0	45,0	0	11,0	0	10,0	0	1018,0	0	0,0	ERA5
1037091	23/04/2022	03	22/04/2022	23	HAE	4,5	0	-5,6	0	48,0	0	11,0	0	20,0	0	1018,0	0	0,0	ERA5
1037092	23/04/2022	04	23/04/2022	00	HAE	2,1	0	-5,5	0	57,0	0	12,0	0	20,0	0	1018,0	0	0,0	ERA5
1037093	23/04/2022	05	23/04/2022	01	HAE	2,1	0	-5,3	0	58,0	0	12,0	0	40,0	0	1018,0	0	0,0	ERA5
1037094	23/04/2022	06	23/04/2022	02	HAE	0,7	0	-5,1	0	65,0	0	12,0	0	30,0	0	1018,0	0	0,0	ERA5
1037095	23/04/2022	07	23/04/2022	03	HAE	1,2	0	-5,8	0	59,0	0	3,0	0	0,0	0	1017,0	0	0,0	ERA5
1037096	23/04/2022	08	23/04/2022	04	HAE	0,4	0	-5,1	0	67,0	0	2,0	0	0,0	0	1018,0	0	0,0	ERA5
1037097	23/04/2022	09	23/04/2022	05	HAE	0,8	0	-4,8	0	66,0	0	3,0	0	290,0	0	1018,0	0	0,0	ERA5
1037098	23/04/2022	10	23/04/2022	06	HAE	-0,1	0	-4,5	0	72,0	0	8,0	0	40,0	0	1018,0	0	0,0	ERA5
1037099	23/04/2022	11	23/04/2022	07	HAE	1,8	0	-3,4	0	68,0	0	10,0	0	50,0	0	1018,0	0	86,7	ERA5
1037100	23/04/2022	12	23/04/2022	08	HAE	2,9	0	-4,3	0	59,0	0	15,0	0	70,0	0	1018,0	0	527,4	ERA5
1037101	23/04/2022	13	23/04/2022	09	HAE	3,9	0	-5,0	0	52,0	0	15,0	0	100,0	0	1018,0	0	942,3	ERA5
1037102	23/04/2022	14	23/04/2022	10	HAE	5,1	0	-4,8	0	49,0	0	10,0	0	70,0	0	1018,0	0	772,0	ERA5
1037103	23/04/2022	15	23/04/2022	11	HAE	6,0	0	-4,9	0	46,0	0	2,0	0	0,0	0	1018,0	0	610,3	ERA5
1037104	23/04/2022	16	23/04/2022	12	HAE	6,9	0	-6,4	0	38,0	0	7,0	0	60,0	0	1017,0	0	888,4	ERA5
1037105	23/04/2022	17	23/04/2022	13	HAE	8,1	0	-6,2	0	36,0	0	6,0	0	100,0	0	1015,0	0	1209,5	ERA5
1037106	23/04/2022	18	23/04/2022	14	HAE	9,5	0	-5,8	0	33,0	0	10,0	0	180,0	0	1015,0	0	1385,8	ERA5
1037107	23/04/2022	19	23/04/2022	15	HAE	9,2	0	-5,4	0	35,0	0	6,0	0	170,0	0	1014,0	0	1332,7	ERA5
1037108	23/04/2022	20	23/04/2022	16	HAE	9,6	0	-5,3	0	35,0	0	9,0	0	150,0	0	1013,0	0	1210,4	ERA5
1037109	23/04/2022	21	23/04/2022	17	HAE	9,5	0	-4,7	0	36,0	0	5,0	0	50,0	0	1013,0	0	900,7	ERA5
1037110	23/04/2022	22	23/04/2022	18	HAE	9,3	0	-5,4	0	35,0	0	6,0	0	120,0	0	1013,0	0	623,3	ERA5
1037111	23/04/2022	23	23/04/2022	19	HAE	8,7	0	-4,3	0	39,0	0	10,0	0	120,0	0	1012,0	0	225,6	ERA5
1037112	24/04/2022	00	23/04/2022	20	HAE	8,0	0	-2,9	0	46,0	0	6,0	0	110,0	0	1012,0	0	72,0	ERA5
1037113	24/04/2022	01	23/04/2022	21	HAE	6,8	0	-0,8	0	58,0	0	10,0	0	100,0	0	1012,0	0	0,0	ERA5
1037114	24/04/2022	02	23/04/2022	22	HAE	7,0	0	-1,9	0	53,0	0	5,0	0	70,0	0	1013,0	0	0,0	ERA5
1037115	24/04/2022	03	23/04/2022	23	HAE	6,7	0	-1,8	0	55,0	0	10,0	0	110,0	0	1012,0	0	0,0	ERA5
1037116	24/04/2022	04	24/04/2022	00	HAE	6,8	0	-3,9	0	46,0	0	12,0	0	100,0	0	1012,0	0	0,0	ERA5
1037117	24/04/2022	05	24/04/2022	01	HAE	6,6	0	-3,5	0	48,0	0	14,0	0	90,0	0	1011,0	0	0,0	ERA5
1037118	24/04/2022	06	24/04/2022	02	HAE	6,7	0	-4,8	0	44,0	0	18,0	0	90,0	0	1011,0	0	0,0	ERA5
1037119	24/04/2022	07	24/04/2022	03	HAE	6,7	0	-5,7	0	41,0	0	23,0	0	80,0	0	1011,0	0	0,0	ERA5
1037120	24/04/2022	08	24/04/2022	04	HAE	6,6	0	-6,2	0	40,0	0	21,0	0	80,0	0	1011,0	0	0,0	ERA5
1037121	24/04/2022	09	24/04/2022	05	HAE	6,0	0	-6,5	0	40,0	0	23,0	0	90,0	0	1011,0	0	0,0	ERA5
1037122	24/04/2022	10	24/04/2022	06	HAE	5,3	0	-4,8	0	48,0	0	19,0	0	90,0	0	1010,0	0	0,0	ERA5
1037123	24/04/2022	11	24/04/2022	07	HAE	4,7	0	-5,8	0	47,0	0	23,0	0	80,0	0	1010,0	0	30,3	ERA5
1037124	24/04/2022	12	24/04/2022	08	HAE	4,7	0	-8,2	0	39,0	0	26,0	0	70,0	0	1011,0	0	204,8	ERA5
1037125	24/04/2022	13	24/04/2022	09	HAE	4,2	0	-7,4	0	43,0	0	27,0	0	60,0	0	1011,0	0	400,3	ERA5
1037126	24/04/2022	14	24/04/2022	10	HAE	7,2	0	-6,9	0	36,0	0	23,0	0	70,0	0	1010,0	0	809,3	ERA5
1037127	24/04/2022	15	24/04/2022	11	HAE	7,7	0	-7,4	0	33,0	0	32,0	0	80,0	0	1010,0	0	1276,8	ERA5
1037128	24/04/2022	16	24/04/2022	12	HAE	9,6	0	-6,8	0	31,0	0	29,0	0	80,0	0	1009,0	0	1951,8	ERA5
1037129	24/04/2022	17	24/04/2022	13	HAE	11,7	0	-7,0	0	26,0	0	31,0	0	90,0	0	1009,0	0	2865,8	ERA5
1037130	24/04/2022	18	24/04/2022	14	HAE	12,3	0	-6,1	0	27,0	0	34,0	0	100,0	0	1008,0	0	3018,2	ERA5
1037131	24/04/2022	19	24/04/2022	15	HAE	13,6	0	-3,6	0	30,0	0	35,0	0	100,0	0	1007,0	0	2612,9	ERA5
1037132	24/04/2022	20	24/04/2022	16	HAE	13,5	0	-3,9	0	29,0	0	27,0	0	90,0	0	1006,0	0	2401,0	ERA5
1037133	24/04/2022	21	24/04/2022	17	HAE	13,6	0	-3,9	0	29,0	0	29,0	0	80,0	0	1006,0	0	1955,1	ERA5
1037134	24/04/2022	22	24/04/2022	18	HAE	13,6	0	-3,4	0	31,0	0	29,0	0	90,0	0	1005,0	0	1361,9	ERA5
1037135	24/04/2022	23	24/04/2022	19	HAE	12,4	0	-3,3	0	33,0	0	23,0	0	70,0	0	1005,0	0	709,0	ERA5
1037136	25/04/2022	00	24/04/2022	20	HAE	10,8	0	-4,2	0	35,0	0	18,0	0	80,0	0	1005,0	0	157,7	ERA5
1037137	25/04/2022	01	24/04/2022	21	HAE	9,4	0	-3,4	0	40,0	0	19,0	0	60,0	0	1004,0	0	0,0	ERA5
1037138	25/04/2022	02	24/04/2022	22	HAE	8,7	0	-3,1	0	43,0	0	18,0	0	60,0	0	1004,0	0	0,0	ERA5
1037139	25/04/2022	03	24/04/2022	23	HAE	8,5	0	-3,6	0	42,0	0	28,0	0	70,0	0	1004,0	0	0,0	ERA5
1037140	25/04/2022	04	25/04/2022	00	HAE	7,9	0	-3,7	0	44,0	0	25,0	0	70,0	0	1004,0	0	0,0	ERA5
1037141	25/04/2022	05	25/04/2022	01	HAE	7,5	0	-3,1	0	47,0	0	22,0	0	80,0	0	1003,0	0	0,0	ERA5
1037142	25/04/2022	06	25/04/2022	02	HAE	7,4	0	-2,7	0	49,0	0	18,0	0	80,0	0	1003,0	0	0,0	ERA5
1037143	25/04/2022	07	25/04/2022	03	HAE	7,5	0	-2,1	0	51,0	0	21,0	0	80,0	0	1002,0	0	0,0	ERA5
1037144	25/04/2022	08	25/04/2022	04	HAE	7,6	0	-1,7	0	52,0	0	16,0	0	80,0	0	1002,0	0	0,0	ERA5
1037145	25/04/2022	09	25/04/2022	05	HAE	7,5	0	-1,4	0	53,0	0	18,0	0	80,0	0	1002,0	0	0,0	ERA5
1037146	25/04/2022	10	25/04/2022	06	HAE	7,3	0	-1,0	0	56,0	0	16,0	0	70,0	0	1002,0	0	0,0	ERA5
1037147	25/04/2022	11	25/04/2022	07	HAE	7,1	0	-0,4	0	59,0	0	13,0	0	50,0	0	1003,0	0	45,2	ERA5
1037148	25/04/2022	12	25/04/2022	08	HAE	7,8	0	0,1	0	58,0	0	11,0	0	60,0	0	1003,0	0	302,9	ERA5
1037149	25/04/2022	13	25/04/2022	09	HAE	8,0	0	1,8	0	64,0	0	16,0	0	80,0	0	1003,0	0	465,2	ERA5
1037150	25/04/2022	14	25/04/2022	10	HAE	9,6	0	2,4	0	61,0	0	18,0	0	80,0	0	1002,0	0	1214,0	ERA5
1037151	25/04/2022	15	25/04/2022	11	HAE	13,0	0	4,0	0	54,0	0	14,0	0	100,0	0	1002,0	0	1986,9	ERA5
1037152	25/04/2022	16	25/04/2022	12	HAE	16,5	0	6,1	0	50,0	0	13,0	0	120,0	0	1002,0	0	1404,5	ERA5
1037153	25/04/2022	17	25/04/2022	13	HAE	18,8	0	7,4	0	47,0	0	17,0	0	100,0	0	1001,0	0	1218,5	ERA5
1037154	25/04/2022	18	25/04/2022	14	HAE	19,9	0	8,6	0	48,0	0	10,0	0	90,0	0	1001,0	0	1854,4	ERA5
1037155	25/04/2022	19	25/04/2022	15	HAE	17,7	0	9,8	0	59,0	0	18,0	0	100,0	0	1000,0	0	2067,5	ERA5
1037156	25/04/2022	20	25/04/2022	16	HAE	17,2	0	11,7	0	70,0	0	5,0	0	110,0	0	1000,0	0	806,8	ERA5
1037157	25/04/2022	21	25/04/2022	17	HAE	16,8	0	13,9	0	83,0	0	9,0	0	90,0	0	999,0	0	537,7	ERA5
1037158	25/04/2022	22	25/04/2022	18	HAE	17,4	0	13,0	0	75,0	0	13,0	0	80,0	0	999,0	0	300,5	ERA5
1037159	25/04/2022	23	25/04/2022	19	HAE	16,0	0	12,9	0	81,0	0	9,0	0	50,0	0	998,0	0	228,0	ERA5
1037160	26/04/2022	00	25/04/2022	20	HAE	14,2	0	10,6	0	78,0	0	15,0	0	50,0	0	998,0	0	74,8	ERA5
1037161	26/04/2022	01	25/04/2022	21	HAE	13,8	0	9,2	0	74,0	0	33,0	0	300,0	0	1000,0	0	0,0	ERA5
1037162	26/04/2022	02	25/04/2022	22	HAE	12,0	0	11,2	0	95,0	0	10,0	0	310,0	0	1001,0	0	0,0	ERA5
1037163	26/04/2022	03	25/04/2022	23	HAE	11,6	0	10,9	0	95,0	0	5,0	0	280,0	0	999,0	0	0,0	ERA5
1037164	26/04/2022	04	26/04/2022	00	HAE	11,2	0	10,8	0	97,0	0	16,0	0	280,0	0	999,0	0	0,0	ERA5
1037165	26/04/2022	05	26/04/2022	01	HAE	10,7	0	10,2	0	97,0	0	16,0	0	270,0	0	999,0	0	0,0	ERA5
1037166	26/04/2022	06	26/04/2022	02	HAE	10,2	0	9,7	0	97,0	0	13,0	0	260,0	0	1000,0	0	0,0	ERA5
1037167	26/04/2022	07	26/04/2022	03	HAE	10,0	0	9,6	0	97,0	0	18,0	0	260,0	0	1001,0	0	0,0	ERA5
1037168	26/04/2022	08	26/04/2022	04	HAE	9,7	0	9,1	0	96,0	0	14,0	0	250,0	0	1001,0	0	0,0	ERA5
1037169	26/04/2022	09	26/04/2022	05	HAE	9,4	0	8,4	0	93,0	0	14,0	0	240,0	0	1001,0	0	0,0	ERA5
1037170	26/04/2022	10	26/04/2022	06	HAE	8,3	0	7,5	0	95,0	0	12,0	0	230,0	0	1002,0	0	0,0	ERA5
1037171	26/04/2022	11	26/04/2022	07	HAE	8,6	0	7,8	0	94,0	0	13,0	0	210,0	0	1002,0	0	163,3	ERA5
1037172	26/04/2022	12	26/04/2022	08	HAE	9,4	0	8,1	0	92,0	0	14,0	0	220,0	0	1003,0	0	671,0	ERA5
1037173	26/04/2022	13	26/04/2022	09	HAE	10,2	0	8,9	0	92,0	0	15,0	0	210,0	0	1003,0	0	1130,7	ERA5
1037174	26/04/2022	14	26/04/2022	10	HAE	11,7	0	8,7	0	81,0	0	24,0	0	220,0	0	1003,0	0	1516,5	ERA5
1037175	26/04/2022	15	26/04/2022	11	HAE	13,0	0	6,5	0	65,0	0	27,0	0	240,0	0	1002,0	0	1278,2	ERA5
1037176	26/04/2022	16	26/04/2022	12	HAE	13,8	0	5,3	0	56,0	0	29,0	0	220,0	0	1002,0	0	1498,0	ERA5
1037177	26/04/2022	17	26/04/2022	13	HAE	13,6	0	5,5	0	58,0	0	18,0	0	270,0	0	1001,0	0	1726,6	ERA5
1037178	26/04/2022	18	26/04/2022	14	HAE	13,5	0	4,0	0	52,0	0	24,0	0	260,0	0	1001,0	0	1633,6	ERA5
1037179	26/04/2022	19	26/04/2022	15	HAE	12,7	0	4,5	0	57,0	0	21,0	0	300,0	0	1001,0	0	863,1	ERA5
1037180	26/04/2022	20	26/04/2022	16	HAE	11,6	0	4,5	0	62,0	0	18,0	0	300,0	0	1001,0	0	759,7	ERA5
1037181	26/04/2022	21	26/04/2022	17	HAE	11,1	0	4,7	0	64,0	0	23,0	0	310,0	0	1001,0	0	590,7	ERA5
1037182	26/04/2022	22	26/04/2022	18	HAE	10,3	0	3,5	0	62,0	0	19,0	0	300,0	0	1001,0	0	502,1	ERA5
1037183	26/04/2022	23	26/04/2022	19	HAE	9,7	0	3,0	0	63,0	0	10,0	0	310,0	0	1001,0	0	224,1	ERA5
1037184	27/04/2022	00	26/04/2022	20	HAE	9,4	0	3,1	0	65,0	0	8,0	0	290,0	0	1001,0	0	51,9	ERA5
1037185	27/04/2022	01	26/04/2022	21	HAE	8,9	0	3,4	0	68,0	0	16,0	0	300,0	0	1001,0	0	0,0	ERA5
1037186	27/04/2022	02	26/04/2022	22	HAE	8,2	0	4,0	0	74,0	0	9,0	0	250,0	0	1001,0	0	0,0	ERA5
1037187	27/04/2022	03	26/04/2022	23	HAE	8,0	0	4,6	0	79,0	0	9,0	0	280,0	0	1001,0	0	0,0	ERA5
1037188	27/04/2022	04	27/04/2022	00	HAE	7,6	0	4,0	0	78,0	0	11,0	0	270,0	0	1000,0	0	0,0	ERA5
1037189	27/04/2022	05	27/04/2022	01	HAE	6,6	0	5,2	0	91,0	0	14,0	0	250,0	0	1000,0	0	0,0	ERA5
1037190	27/04/2022	06	27/04/2022	02	HAE	6,0	0	4,9	0	92,0	0	16,0	0	260,0	0	999,0	0	0,0	ERA5
1037191	27/04/2022	07	27/04/2022	03	HAE	5,3	0	4,1	0	92,0	0	24,0	0	270,0	0	999,0	0	0,0	ERA5
1037192	27/04/2022	08	27/04/2022	04	HAE	4,1	0	2,9	0	92,0	0	28,0	0	270,0	0	999,0	0	0,0	ERA5
1037193	27/04/2022	09	27/04/2022	05	HAE	2,6	0	1,6	0	93,0	0	27,0	0	270,0	0	999,0	0	0,0	ERA5
1037194	27/04/2022	10	27/04/2022	06	HAE	1,8	0	0,9	0	94,0	0	23,0	0	270,0	0	999,0	0	0,0	ERA5
1037195	27/04/2022	11	27/04/2022	07	HAE	1,2	0	0,6	0	96,0	0	19,0	0	280,0	0	999,0	0	37,3	ERA5
1037196	27/04/2022	12	27/04/2022	08	HAE	0,7	0	0,2	0	96,0	0	27,0	0	290,0	0	1000,0	0	144,0	ERA5
1037197	27/04/2022	13	27/04/2022	09	HAE	0,5	0	0,1	0	97,0	0	25,0	0	290,0	0	1000,0	0	278,7	ERA5
1037198	27/04/2022	14	27/04/2022	10	HAE	0,6	0	0,1	0	96,0	0	24,0	0	300,0	0	1001,0	0	206,5	ERA5
1037199	27/04/2022	15	27/04/2022	11	HAE	0,8	0	0,2	0	96,0	0	23,0	0	290,0	0	1001,0	0	594,8	ERA5
1037200	27/04/2022	16	27/04/2022	12	HAE	1,6	0	0,4	0	92,0	0	25,0	0	290,0	0	1001,0	0	1245,4	ERA5
1037201	27/04/2022	17	27/04/2022	13	HAE	2,9	0	-0,35	4.lineaire	81,0	0	32,0	0	290,0	0	1001,0	0	2089,7	ERA5
1037202	27/04/2022	18	27/04/2022	14	HAE	2,9	0	-1,1	0	75,0	0	33,0	0	320,0	0	1001,0	0	1922,1	ERA5
1037203	27/04/2022	19	27/04/2022	15	HAE	2,8	0	-1,9	0	71,0	0	31,0	0	290,0	0	1002,0	0	2053,5	ERA5
1037204	27/04/2022	20	27/04/2022	16	HAE	2,4	0	-2,8	0	68,0	0	31,0	0	270,0	0	1002,0	0	1770,2	ERA5
1037205	27/04/2022	21	27/04/2022	17	HAE	2,1	0	-3,5	0	67,0	0	25,0	0	290,0	0	1002,0	0	1558,6	ERA5
1037206	27/04/2022	22	27/04/2022	18	HAE	2,9	0	-3,8	0	61,0	0	28,0	0	290,0	0	1002,0	0	1321,7	ERA5
1037207	27/04/2022	23	27/04/2022	19	HAE	2,9	0	-3,9	0	61,0	0	28,0	0	280,0	0	1003,0	0	651,9	ERA5
1037208	28/04/2022	00	27/04/2022	20	HAE	3,0	0	-4,1	0	60,0	0	31,0	0	300,0	0	1003,0	0	103,0	ERA5
1037209	28/04/2022	01	27/04/2022	21	HAE	1,8	0	-6,3	0	55,0	0	27,0	0	330,0	0	1004,0	0	0,0	ERA5
1037210	28/04/2022	02	27/04/2022	22	HAE	1,9	0	-5,2	0	59,0	0	17,0	0	320,0	0	1005,0	0	0,0	ERA5
1037211	28/04/2022	03	27/04/2022	23	HAE	1,6	0	-5,6	0	59,0	0	30,0	0	330,0	0	1005,0	0	0,0	ERA5
1037212	28/04/2022	04	28/04/2022	00	HAE	0,1	0	-5,5	0	66,0	0	16,0	0	300,0	0	1005,0	0	0,0	ERA5
1037213	28/04/2022	05	28/04/2022	01	HAE	0,4	0	-4,5	0	70,0	0	20,0	0	300,0	0	1005,0	0	0,0	ERA5
1037214	28/04/2022	06	28/04/2022	02	HAE	-0,5	0	-5,0	0	72,0	0	17,0	0	300,0	0	1005,0	0	0,0	ERA5
1037215	28/04/2022	07	28/04/2022	03	HAE	-0,3	0	-7,1	0	60,0	0	23,0	0	310,0	0	1005,0	0	0,0	ERA5
1037216	28/04/2022	08	28/04/2022	04	HAE	-0,3	0	-9,3	0	51,0	0	23,0	0	320,0	0	1005,0	0	0,0	ERA5
1037217	28/04/2022	09	28/04/2022	05	HAE	-0,7	0	-10,1	0	49,0	0	27,0	0	320,0	0	1006,0	0	0,0	ERA5
1037218	28/04/2022	10	28/04/2022	06	HAE	-1,0	0	-10,3	0	49,0	0	23,0	0	320,0	0	1007,0	0	0,0	ERA5
1037219	28/04/2022	11	28/04/2022	07	HAE	-0,5	0	-10,4	0	47,0	0	28,0	0	320,0	0	1007,0	0	213,9	ERA5
1037220	28/04/2022	12	28/04/2022	08	HAE	0,7	0	-9,9	0	45,0	0	23,0	0	320,0	0	1008,0	0	841,4	ERA5
1037221	28/04/2022	13	28/04/2022	09	HAE	1,8	0	-9,9	0	42,0	0	25,0	0	330,0	0	1008,0	0	1549,2	ERA5
1037222	28/04/2022	14	28/04/2022	10	HAE	3,2	0	-10,1	0	37,0	0	33,0	0	310,0	0	1008,0	0	2213,3	ERA5
1037223	28/04/2022	15	28/04/2022	11	HAE	5,0	0	-11,3	0	30,0	0	34,0	0	320,0	0	1008,0	0	2769,8	ERA5
1037224	28/04/2022	16	28/04/2022	12	HAE	6,4	0	-11,9	0	26,0	0	30,0	0	340,0	0	1008,0	0	3167,8	ERA5
1037225	28/04/2022	17	28/04/2022	13	HAE	7,4	0	-11,4	0	25,0	0	34,0	0	310,0	0	1007,0	0	3377,0	ERA5
1037226	28/04/2022	18	28/04/2022	14	HAE	8,9	0	-12,5	0	21,0	0	31,0	0	330,0	0	1007,0	0	3380,9	ERA5
1037227	28/04/2022	19	28/04/2022	15	HAE	9,3	0	-13,4	0	19,0	0	42,0	0	320,0	0	1006,0	0	3178,9	ERA5
1037228	28/04/2022	20	28/04/2022	16	HAE	9,7	0	-13,5	0	18,0	0	46,0	0	320,0	0	1006,0	0	2783,3	ERA5
1037229	28/04/2022	21	28/04/2022	17	HAE	9,8	0	-15,0	0	16,0	0	40,0	0	340,0	0	1006,0	0	2229,1	ERA5
1037230	28/04/2022	22	28/04/2022	18	HAE	9,3	0	-14,8	0	17,0	0	39,0	0	330,0	0	1006,0	0	1564,3	ERA5
1037231	28/04/2022	23	28/04/2022	19	HAE	8,4	0	-15,5	0	17,0	0	32,0	0	330,0	0	1006,0	0	855,3	ERA5
1037232	29/04/2022	00	28/04/2022	20	HAE	7,2	0	-16,3	0	17,0	0	34,0	0	320,0	0	1007,0	0	225,5	ERA5
1037233	29/04/2022	01	28/04/2022	21	HAE	6,2	0	-14,9	0	21,0	0	23,0	0	330,0	0	1007,0	0	0,0	ERA5
1037234	29/04/2022	02	28/04/2022	22	HAE	4,3	0	-12,8	0	28,0	0	17,0	0	320,0	0	1008,0	0	0,0	ERA5
1037235	29/04/2022	03	28/04/2022	23	HAE	2,0	0	-11,9	0	35,0	0	15,0	0	320,0	0	1008,0	0	0,0	ERA5
1037236	29/04/2022	04	29/04/2022	00	HAE	1,5	0	-11,4	0	38,0	0	16,0	0	320,0	0	1008,0	0	0,0	ERA5
1037237	29/04/2022	05	29/04/2022	01	HAE	1,0	0	-11,3	0	39,0	0	12,0	0	310,0	0	1008,0	0	0,0	ERA5
1037238	29/04/2022	06	29/04/2022	02	HAE	-0,8	0	-11,3	0	45,0	0	7,0	0	260,0	0	1008,0	0	0,0	ERA5
1037239	29/04/2022	07	29/04/2022	03	HAE	-0,4	0	-10,4	0	47,0	0	12,0	0	270,0	0	1008,0	0	0,0	ERA5
1037240	29/04/2022	08	29/04/2022	04	HAE	0,7	0	-10,5	0	43,0	0	14,0	0	290,0	0	1009,0	0	0,0	ERA5
1037241	29/04/2022	09	29/04/2022	05	HAE	-0,1	0	-10,2	0	46,0	0	14,0	0	290,0	0	1009,0	0	0,0	ERA5
1037242	29/04/2022	10	29/04/2022	06	HAE	-2,0	0	-10,1	0	54,0	0	16,0	0	310,0	0	1009,0	0	0,0	ERA5
1037243	29/04/2022	11	29/04/2022	07	HAE	1,1	0	-9,4	0	46,0	0	14,0	0	320,0	0	1010,0	0	224,2	ERA5
1037244	29/04/2022	12	29/04/2022	08	HAE	2,8	0	-9,8	0	39,0	0	21,0	0	320,0	0	1010,0	0	850,6	ERA5
1037245	29/04/2022	13	29/04/2022	09	HAE	4,5	0	-9,8	0	35,0	0	18,0	0	320,0	0	1010,0	0	1556,9	ERA5
1037246	29/04/2022	14	29/04/2022	10	HAE	6,0	0	-9,5	0	32,0	0	20,0	0	320,0	0	1010,0	0	2219,8	ERA5
1037247	29/04/2022	15	29/04/2022	11	HAE	7,2	0	-11,4	0	25,0	0	26,0	0	320,0	0	1010,0	0	2769,9	ERA5
1037248	29/04/2022	16	29/04/2022	12	HAE	9,0	0	-10,9	0	23,0	0	26,0	0	310,0	0	1009,0	0	3160,5	ERA5
1037249	29/04/2022	17	29/04/2022	13	HAE	10,9	0	-11,3	0	20,0	0	28,0	0	320,0	0	1009,0	0	3362,4	ERA5
1037250	29/04/2022	18	29/04/2022	14	HAE	10,8	0	-11,9	0	19,0	0	21,0	0	330,0	0	1008,0	0	3357,2	ERA5
1037251	29/04/2022	19	29/04/2022	15	HAE	12,6	0	-10,9	0	18,0	0	23,0	0	320,0	0	1007,0	0	3162,4	ERA5
1037252	29/04/2022	20	29/04/2022	16	HAE	12,5	0	-9,9	0	20,0	0	27,0	0	310,0	0	1007,0	0	2766,3	ERA5
1037253	29/04/2022	21	29/04/2022	17	HAE	13,2	0	-10,5	0	18,0	0	18,0	0	330,0	0	1007,0	0	2216,9	ERA5
1037254	29/04/2022	22	29/04/2022	18	HAE	12,9	0	-10,7	0	18,0	0	18,0	0	360,0	0	1007,0	0	1560,9	ERA5
1037255	29/04/2022	23	29/04/2022	19	HAE	11,8	0	-11,0	0	19,0	0	23,0	0	360,0	0	1007,0	0	852,1	ERA5
1037256	30/04/2022	00	29/04/2022	20	HAE	10,4	0	-10,9	0	21,0	0	21,0	0	350,0	0	1008,0	0	227,7	ERA5
1037257	30/04/2022	01	29/04/2022	21	HAE	9,8	0	-10,6	0	23,0	0	19,0	0	360,0	0	1009,0	0	0,1	ERA5
1037258	30/04/2022	02	29/04/2022	22	HAE	8,1	0	-9,6	0	27,0	0	13,0	0	10,0	0	1009,0	0	0,0	ERA5
1037259	30/04/2022	03	29/04/2022	23	HAE	7,1	0	-9,1	0	31,0	0	13,0	0	340,0	0	1009,0	0	0,0	ERA5
1037260	30/04/2022	04	30/04/2022	00	HAE	4,9	0	-8,2	0	38,0	0	10,0	0	300,0	0	1009,0	0	0,0	ERA5
1037261	30/04/2022	05	30/04/2022	01	HAE	4,3	0	-8,0	0	40,0	0	12,0	0	320,0	0	1009,0	0	-0,0	ERA5
1037262	30/04/2022	06	30/04/2022	02	HAE	2,0	0	-7,7	0	49,0	0	14,0	0	310,0	0	1009,0	0	0,0	ERA5
1037263	30/04/2022	07	30/04/2022	03	HAE	1,5	0	-6,9	0	54,0	0	17,0	0	320,0	0	1009,0	0	0,0	ERA5
1037264	30/04/2022	08	30/04/2022	04	HAE	1,5	0	-6,8	0	54,0	0	15,0	0	330,0	0	1009,0	0	0,0	ERA5
1037265	30/04/2022	09	30/04/2022	05	HAE	0,3	0	-7,4	0	56,0	0	17,0	0	320,0	0	1009,0	0	0,0	ERA5
1037266	30/04/2022	10	30/04/2022	06	HAE	2,0	0	-7,3	0	50,0	0	16,0	0	330,0	0	1009,0	0	0,2	ERA5
1037267	30/04/2022	11	30/04/2022	07	HAE	3,4	0	-6,8	0	47,0	0	16,0	0	330,0	0	1010,0	0	233,7	ERA5
1037268	30/04/2022	12	30/04/2022	08	HAE	5,4	0	-6,7	0	41,0	0	19,0	0	350,0	0	1010,0	0	862,0	ERA5
1037269	30/04/2022	13	30/04/2022	09	HAE	7,1	0	-6,4	0	37,0	0	20,0	0	330,0	0	1010,0	0	1563,3	ERA5
1037270	30/04/2022	14	30/04/2022	10	HAE	9,3	0	-7,7	0	29,0	0	18,0	0	350,0	0	1010,0	0	2219,6	ERA5
1037271	30/04/2022	15	30/04/2022	11	HAE	11,1	0	-7,5	0	27,0	0	14,0	0	20,0	0	1009,0	0	2765,7	ERA5
1037272	30/04/2022	16	30/04/2022	12	HAE	11,8	0	-7,2	0	26,0	0	16,0	0	340,0	0	1009,0	0	3156,7	ERA5
1037273	30/04/2022	17	30/04/2022	13	HAE	13,4	0	-6,2	0	25,0	0	19,0	0	320,0	0	1009,0	0	3359,9	ERA5
1037274	30/04/2022	18	30/04/2022	14	HAE	13,8	0	-7,8	0	22,0	0	15,0	0	360,0	0	1008,0	0	3364,1	ERA5
1037275	30/04/2022	19	30/04/2022	15	HAE	14,4	0	-8,1	0	20,0	0	9,0	0	300,0	0	1008,0	0	3158,0	ERA5
1037276	30/04/2022	20	30/04/2022	16	HAE	15,6	0	-9,1	0	17,0	0	15,0	0	330,0	0	1007,0	0	2774,0	ERA5
1037277	30/04/2022	21	30/04/2022	17	HAE	16,0	0	-8,3	0	18,0	0	16,0	0	10,0	0	1006,0	0	2222,0	ERA5
1037278	30/04/2022	22	30/04/2022	18	HAE	15,7	0	-7,5	0	20,0	0	16,0	0	350,0	0	1006,0	0	1565,1	ERA5
1037279	30/04/2022	23	30/04/2022	19	HAE	14,9	0	-6,7	0	22,0	0	9,0	0	10,0	0	1006,0	0	863,5	ERA5
1037280	01/05/2022	00	30/04/2022	20	HAE	13,3	0	-6,4	0	25,0	0	11,0	0	350,0	0	1006,0	0	235,6	ERA5
1037281	01/05/2022	01	30/04/2022	21	HAE	11,9	0	-6,4	0	27,0	0	9,0	0	340,0	0	1007,0	0	0,3	ERA5
1037282	01/05/2022	02	30/04/2022	22	HAE	9,2	0	-5,1	0	36,0	0	10,0	0	320,0	0	1007,0	0	0,0	ERA5
1037283	01/05/2022	03	30/04/2022	23	HAE	6,4	0	-4,7	0	45,0	0	7,0	0	40,0	0	1007,0	0	0,0	ERA5
1037284	01/05/2022	04	01/05/2022	00	HAE	7,8	0	-5,4	0	39,0	0	11,0	0	360,0	0	1007,0	0	0,0	ERA5
1037285	01/05/2022	05	01/05/2022	01	HAE	7,0	0	-5,6	0	40,0	0	10,0	0	10,0	0	1007,0	0	0,0	ERA5
1037286	01/05/2022	06	01/05/2022	02	HAE	5,8	0	-4,8	0	46,0	0	14,0	0	20,0	0	1007,0	0	-0,0	ERA5
1037287	01/05/2022	07	01/05/2022	03	HAE	4,7	0	-4,8	0	50,0	0	12,0	0	10,0	0	1007,0	0	0,0	ERA5
1037288	01/05/2022	08	01/05/2022	04	HAE	2,8	0	-4,2	0	60,0	0	13,0	0	30,0	0	1007,0	0	0,0	ERA5
1037289	01/05/2022	09	01/05/2022	05	HAE	2,3	0	-4,2	0	63,0	0	16,0	0	30,0	0	1007,0	0	0,0	ERA5
1037290	01/05/2022	10	01/05/2022	06	HAE	2,2	0	-4,2	0	63,0	0	13,0	0	40,0	0	1007,0	0	0,5	ERA5
1037291	01/05/2022	11	01/05/2022	07	HAE	5,2	0	-2,5	0	58,0	0	15,0	0	50,0	0	1008,0	0	239,0	ERA5
1037292	01/05/2022	12	01/05/2022	08	HAE	8,5	0	-2,8	0	45,0	0	15,0	0	70,0	0	1008,0	0	858,1	ERA5
1037293	01/05/2022	13	01/05/2022	09	HAE	10,9	0	-2,0	0	40,0	0	16,0	0	80,0	0	1008,0	0	1543,6	ERA5
1037294	01/05/2022	14	01/05/2022	10	HAE	13,5	0	-0,6	0	38,0	0	22,0	0	90,0	0	1007,0	0	2198,6	ERA5
1037295	01/05/2022	15	01/05/2022	11	HAE	15,3	0	-0,9	0	33,0	0	13,0	0	100,0	0	1007,0	0	2739,1	ERA5
1037296	01/05/2022	16	01/05/2022	12	HAE	15,9	0	-0,7	0	32,0	0	11,0	0	70,0	0	1006,0	0	3121,7	ERA5
1037297	01/05/2022	17	01/05/2022	13	HAE	17,2	0	-0,2	0	30,0	0	16,0	0	120,0	0	1005,0	0	3309,6	ERA5
1037298	01/05/2022	18	01/05/2022	14	HAE	17,8	0	1,5	0	33,0	0	16,0	0	100,0	0	1004,0	0	3300,5	ERA5
1037299	01/05/2022	19	01/05/2022	15	HAE	18,6	0	-0,4	0	27,0	0	17,0	0	140,0	0	1004,0	0	3108,5	ERA5
1037300	01/05/2022	20	01/05/2022	16	HAE	18,8	0	0,15	4.lineaire	28,0	0	12,0	0	130,0	0	1003,0	0	2622,3	ERA5
1037301	01/05/2022	21	01/05/2022	17	HAE	19,2	0	0,7	0	29,0	0	20,0	0	120,0	0	1003,0	0	2158,5	ERA5
1037302	01/05/2022	22	01/05/2022	18	HAE	18,6	0	0,8	0	30,0	0	18,0	0	120,0	0	1002,0	0	1487,5	ERA5
1037303	01/05/2022	23	01/05/2022	19	HAE	17,5	0	1,1	0	33,0	0	17,0	0	90,0	0	1002,0	0	784,2	ERA5
1037304	02/05/2022	00	01/05/2022	20	HAE	15,8	0	0,8	0	36,0	0	14,0	0	90,0	0	1002,0	0	209,0	ERA5
1037305	02/05/2022	01	01/05/2022	21	HAE	14,6	0	1,1	0	40,0	0	15,0	0	80,0	0	1002,0	0	0,6	ERA5
1037306	02/05/2022	02	01/05/2022	22	HAE	13,6	0	0,8	0	41,0	0	17,0	0	80,0	0	1002,0	0	0,0	ERA5
1037307	02/05/2022	03	01/05/2022	23	HAE	12,8	0	0,7	0	44,0	0	21,0	0	80,0	0	1002,0	0	0,0	ERA5
1037308	02/05/2022	04	02/05/2022	00	HAE	11,8	0	0,8	0	47,0	0	20,0	0	80,0	0	1002,0	0	0,0	ERA5
1037309	02/05/2022	05	02/05/2022	01	HAE	11,7	0	2,0	0	51,0	0	23,0	0	80,0	0	1002,0	0	0,0	ERA5
1037310	02/05/2022	06	02/05/2022	02	HAE	11,3	0	2,8	0	55,0	0	23,0	0	80,0	0	1001,0	0	0,0	ERA5
1037311	02/05/2022	07	02/05/2022	03	HAE	10,1	0	2,4	0	59,0	0	22,0	0	80,0	0	1001,0	0	0,0	ERA5
1037312	02/05/2022	08	02/05/2022	04	HAE	9,4	0	2,5	0	62,0	0	24,0	0	80,0	0	1001,0	0	0,0	ERA5
1037313	02/05/2022	09	02/05/2022	05	HAE	8,9	0	2,4	0	64,0	0	25,0	0	80,0	0	1001,0	0	0,0	ERA5
1037314	02/05/2022	10	02/05/2022	06	HAE	8,4	0	2,7	0	67,0	0	23,0	0	90,0	0	1001,0	0	0,6	ERA5
1037315	02/05/2022	11	02/05/2022	07	HAE	7,7	0	3,7	0	76,0	0	14,0	0	90,0	0	1002,0	0	132,8	ERA5
1037316	02/05/2022	12	02/05/2022	08	HAE	7,2	0	4,2	0	82,0	0	20,0	0	80,0	0	1002,0	0	285,1	ERA5
1037317	02/05/2022	13	02/05/2022	09	HAE	7,6	0	4,4	0	80,0	0	17,0	0	80,0	0	1002,0	0	445,8	ERA5
1037318	02/05/2022	14	02/05/2022	10	HAE	8,9	0	4,5	0	74,0	0	15,0	0	90,0	0	1002,0	0	496,9	ERA5
1037319	02/05/2022	15	02/05/2022	11	HAE	11,6	0	5,7	0	67,0	0	13,0	0	80,0	0	1002,0	0	422,0	ERA5
1037320	02/05/2022	16	02/05/2022	12	HAE	12,5	0	5,6	0	62,0	0	15,0	0	90,0	0	1002,0	0	446,3	ERA5
1037321	02/05/2022	17	02/05/2022	13	HAE	14,3	0	6,5	0	60,0	0	16,0	0	90,0	0	1002,0	0	454,0	ERA5
1037322	02/05/2022	18	02/05/2022	14	HAE	14,9	0	7,2	0	60,0	0	8,0	0	90,0	0	1001,0	0	783,1	ERA5
1037323	02/05/2022	19	02/05/2022	15	HAE	14,6	0	7,8	0	64,0	0	12,0	0	120,0	0	1002,0	0	1036,0	ERA5
1037324	02/05/2022	20	02/05/2022	16	HAE	14,6	0	8,6	0	67,0	0	6,0	0	210,0	0	1002,0	0	705,2	ERA5
1037325	02/05/2022	21	02/05/2022	17	HAE	12,5	0	10,9	0	90,0	0	10,0	0	130,0	0	1002,0	0	459,4	ERA5
1037326	02/05/2022	22	02/05/2022	18	HAE	12,5	0	11,0	0	91,0	0	12,0	0	120,0	0	1002,0	0	351,6	ERA5
1037327	02/05/2022	23	02/05/2022	19	HAE	12,1	0	11,3	0	95,0	0	9,0	0	120,0	0	1002,0	0	152,3	ERA5
1037328	03/05/2022	00	02/05/2022	20	HAE	11,8	0	10,7	0	93,0	0	10,0	0	190,0	0	1003,0	0	69,1	ERA5
1037329	03/05/2022	01	02/05/2022	21	HAE	10,8	0	10,1	0	95,0	0	10,0	0	170,0	0	1003,0	0	0,4	ERA5
1037330	03/05/2022	02	02/05/2022	22	HAE	10,7	0	9,9	0	95,0	0	8,0	0	180,0	0	1004,0	0	0,0	ERA5
1037331	03/05/2022	03	02/05/2022	23	HAE	10,7	0	9,8	0	95,0	0	8,0	0	180,0	0	1004,0	0	0,0	ERA5
1037332	03/05/2022	04	03/05/2022	00	HAE	10,6	0	9,7	0	94,0	0	8,0	0	200,0	0	1004,0	0	0,0	ERA5
1037333	03/05/2022	05	03/05/2022	01	HAE	10,7	0	9,7	0	94,0	0	8,0	0	190,0	0	1004,0	0	0,0	ERA5
1037334	03/05/2022	06	03/05/2022	02	HAE	10,5	0	9,6	0	94,0	0	5,0	0	210,0	0	1004,0	0	0,0	ERA5
1037335	03/05/2022	07	03/05/2022	03	HAE	10,4	0	9,7	0	95,0	0	5,0	0	190,0	0	1004,0	0	0,0	ERA5
1037336	03/05/2022	08	03/05/2022	04	HAE	9,8	0	9,4	0	97,0	0	9,0	0	180,0	0	1004,0	0	0,0	ERA5
1037337	03/05/2022	09	03/05/2022	05	HAE	9,8	0	9,4	0	97,0	0	7,0	0	180,0	0	1005,0	0	0,0	ERA5
1037338	03/05/2022	10	03/05/2022	06	HAE	9,9	0	9,5	0	97,0	0	9,0	0	200,0	0	1005,0	0	0,7	ERA5
1037339	03/05/2022	11	03/05/2022	07	HAE	9,9	0	9,5	0	97,0	0	7,0	0	200,0	0	1006,0	0	72,1	ERA5
1037340	03/05/2022	12	03/05/2022	08	HAE	10,1	0	9,8	0	98,0	0	7,0	0	200,0	0	1006,0	0	166,2	ERA5
1037341	03/05/2022	13	03/05/2022	09	HAE	9,8	0	9,3	0	97,0	0	10,0	0	300,0	0	1007,0	0	506,8	ERA5
1037342	03/05/2022	14	03/05/2022	10	HAE	11,5	0	10,2	0	91,0	0	3,0	0	10,0	0	1006,0	0	643,3	ERA5
1037343	03/05/2022	15	03/05/2022	11	HAE	11,8	0	9,1	0	84,0	0	2,0	0	0,0	0	1006,0	0	1089,3	ERA5
1037344	03/05/2022	16	03/05/2022	12	HAE	12,7	0	9,1	0	79,0	0	10,0	0	200,0	0	1006,0	0	1243,4	ERA5
1037345	03/05/2022	17	03/05/2022	13	HAE	13,3	0	8,8	0	74,0	0	11,0	0	180,0	0	1005,0	0	1111,9	ERA5
1037346	03/05/2022	18	03/05/2022	14	HAE	13,1	0	8,5	0	73,0	0	12,0	0	170,0	0	1005,0	0	1142,8	ERA5
1037347	03/05/2022	19	03/05/2022	15	HAE	13,7	0	8,9	0	72,0	0	12,0	0	160,0	0	1004,0	0	704,1	ERA5
1037348	03/05/2022	20	03/05/2022	16	HAE	14,1	0	8,0	0	66,0	0	10,0	0	180,0	0	1004,0	0	957,2	ERA5
1037349	03/05/2022	21	03/05/2022	17	HAE	13,9	0	7,3	0	65,0	0	13,0	0	180,0	0	1004,0	0	475,0	ERA5
1037350	03/05/2022	22	03/05/2022	18	HAE	13,9	0	8,1	0	68,0	0	7,0	0	140,0	0	1003,0	0	282,6	ERA5
1037351	03/05/2022	23	03/05/2022	19	HAE	13,2	0	8,2	0	71,0	0	5,0	0	110,0	0	1002,0	0	169,8	ERA5
1037352	04/05/2022	00	03/05/2022	20	HAE	12,6	0	7,9	0	73,0	0	7,0	0	50,0	0	1002,0	0	44,5	ERA5
1037353	04/05/2022	01	03/05/2022	21	HAE	11,6	0	8,8	0	83,0	0	8,0	0	40,0	0	1002,0	0	0,3	ERA5
1037354	04/05/2022	02	03/05/2022	22	HAE	10,6	0	9,2	0	91,0	0	10,0	0	50,0	0	1002,0	0	0,0	ERA5
1037355	04/05/2022	03	03/05/2022	23	HAE	10,2	0	9,4	0	95,0	0	7,0	0	120,0	0	1002,0	0	0,0	ERA5
1037356	04/05/2022	04	04/05/2022	00	HAE	10,2	0	9,6	0	96,0	0	14,0	0	40,0	0	1001,0	0	0,0	ERA5
1037357	04/05/2022	05	04/05/2022	01	HAE	10,0	0	9,5	0	97,0	0	16,0	0	50,0	0	1001,0	0	0,0	ERA5
1037358	04/05/2022	06	04/05/2022	02	HAE	10,0	0	9,6	0	97,0	0	17,0	0	40,0	0	1000,0	0	0,0	ERA5
1037359	04/05/2022	07	04/05/2022	03	HAE	10,1	0	9,7	0	98,0	0	18,0	0	30,0	0	1000,0	0	0,0	ERA5
1037360	04/05/2022	08	04/05/2022	04	HAE	10,0	0	9,6	0	98,0	0	18,0	0	20,0	0	1000,0	0	0,0	ERA5
1037361	04/05/2022	09	04/05/2022	05	HAE	9,9	0	9,6	0	98,0	0	17,0	0	10,0	0	1000,0	0	0,0	ERA5
1037362	04/05/2022	10	04/05/2022	06	HAE	9,9	0	9,6	0	98,0	0	14,0	0	360,0	0	1000,0	0	0,2	ERA5
1037363	04/05/2022	11	04/05/2022	07	HAE	10,2	0	9,7	0	96,0	0	17,0	0	360,0	0	1001,0	0	40,3	ERA5
1037364	04/05/2022	12	04/05/2022	08	HAE	10,7	0	9,7	0	93,0	0	18,0	0	360,0	0	1001,0	0	305,1	ERA5
1037365	04/05/2022	13	04/05/2022	09	HAE	11,3	0	9,5	0	88,0	0	24,0	0	360,0	0	1002,0	0	208,2	ERA5
1037366	04/05/2022	14	04/05/2022	10	HAE	11,8	0	9,3	0	84,0	0	19,0	0	360,0	0	1002,0	0	720,2	ERA5
1037367	04/05/2022	15	04/05/2022	11	HAE	12,2	0	8,5	0	78,0	0	22,0	0	350,0	0	1002,0	0	1461,0	ERA5
1037368	04/05/2022	16	04/05/2022	12	HAE	14,1	0	9,0	0	71,0	0	16,0	0	10,0	0	1002,0	0	2079,6	ERA5
1037369	04/05/2022	17	04/05/2022	13	HAE	15,7	0	7,7	0	59,0	0	27,0	0	340,0	0	1002,0	0	2290,0	ERA5
1037370	04/05/2022	18	04/05/2022	14	HAE	15,6	0	6,9	0	56,0	0	25,0	0	360,0	0	1002,0	0	2058,1	ERA5
1037371	04/05/2022	19	04/05/2022	15	HAE	17,3	0	6,6	0	49,0	0	18,0	0	350,0	0	1002,0	0	2225,9	ERA5
1037372	04/05/2022	20	04/05/2022	16	HAE	17,1	0	4,2	0	42,0	0	17,0	0	360,0	0	1002,0	0	2215,8	ERA5
1037373	04/05/2022	21	04/05/2022	17	HAE	17,2	0	3,1	0	38,0	0	18,0	0	350,0	0	1003,0	0	1876,0	ERA5
1037374	04/05/2022	22	04/05/2022	18	HAE	16,8	0	3,7	0	41,0	0	14,0	0	330,0	0	1003,0	0	1451,2	ERA5
1037375	04/05/2022	23	04/05/2022	19	HAE	16,1	0	2,3	0	39,0	0	18,0	0	340,0	0	1003,0	0	860,2	ERA5
1037376	05/05/2022	00	04/05/2022	20	HAE	14,0	0	1,4	0	42,0	0	20,0	0	330,0	0	1004,0	0	258,6	ERA5
1037377	05/05/2022	01	04/05/2022	21	HAE	12,6	0	1,2	0	46,0	0	16,0	0	350,0	0	1005,0	0	2,1	ERA5
1037378	05/05/2022	02	04/05/2022	22	HAE	11,8	0	-1,0	0	41,0	0	21,0	0	340,0	0	1006,0	0	0,0	ERA5
1037379	05/05/2022	03	04/05/2022	23	HAE	10,3	0	-0,4	0	47,0	0	16,0	0	330,0	0	1007,0	0	0,0	ERA5
1037380	05/05/2022	04	05/05/2022	00	HAE	9,2	0	-0,2	0	52,0	0	17,0	0	330,0	0	1007,0	0	0,0	ERA5
1037381	05/05/2022	05	05/05/2022	01	HAE	8,4	0	-0,3	0	54,0	0	14,0	0	330,0	0	1007,0	0	0,0	ERA5
1037382	05/05/2022	06	05/05/2022	02	HAE	6,7	0	-0,3	0	61,0	0	12,0	0	330,0	0	1008,0	0	0,0	ERA5
1037383	05/05/2022	07	05/05/2022	03	HAE	5,2	0	-0,1	0	68,0	0	11,0	0	300,0	0	1008,0	0	0,0	ERA5
1037384	05/05/2022	08	05/05/2022	04	HAE	5,9	0	-1,0	0	61,0	0	10,0	0	340,0	0	1008,0	0	0,0	ERA5
1037385	05/05/2022	09	05/05/2022	05	HAE	4,5	0	-1,2	0	66,0	0	10,0	0	320,0	0	1008,0	0	0,0	ERA5
1037386	05/05/2022	10	05/05/2022	06	HAE	4,9	0	-0,8	0	66,0	0	9,0	0	340,0	0	1008,0	0	3,0	ERA5
1037387	05/05/2022	11	05/05/2022	07	HAE	5,7	0	0,2	0	67,0	0	7,0	0	50,0	0	1009,0	0	272,3	ERA5
1037388	05/05/2022	12	05/05/2022	08	HAE	7,4	0	-1,6	0	53,0	0	11,0	0	50,0	0	1010,0	0	901,8	ERA5
1037389	05/05/2022	13	05/05/2022	09	HAE	8,4	0	-3,1	0	44,0	0	5,0	0	40,0	0	1010,0	0	1590,4	ERA5
1037390	05/05/2022	14	05/05/2022	10	HAE	9,5	0	-2,8	0	42,0	0	5,0	0	280,0	0	1009,0	0	2234,5	ERA5
1037391	05/05/2022	15	05/05/2022	11	HAE	10,5	0	-2,5	0	40,0	0	7,0	0	170,0	0	1009,0	0	2769,2	ERA5
1037392	05/05/2022	16	05/05/2022	12	HAE	12,1	0	-2,5	0	36,0	0	17,0	0	270,0	0	1009,0	0	3148,4	ERA5
1037393	05/05/2022	17	05/05/2022	13	HAE	13,8	0	-1,1	0	35,0	0	19,0	0	310,0	0	1008,0	0	3341,3	ERA5
1037394	05/05/2022	18	05/05/2022	14	HAE	14,5	0	-1,0	0	34,0	0	8,0	0	330,0	0	1007,0	0	3334,8	ERA5
1037395	05/05/2022	19	05/05/2022	15	HAE	15,9	0	-1,2	0	31,0	0	13,0	0	270,0	0	1006,0	0	3127,2	ERA5
1037396	05/05/2022	20	05/05/2022	16	HAE	16,7	0	-0,7	0	30,0	0	11,0	0	250,0	0	1005,0	0	2735,8	ERA5
1037397	05/05/2022	21	05/05/2022	17	HAE	17,3	0	-1,2	0	28,0	0	14,0	0	270,0	0	1005,0	0	2132,6	ERA5
1037398	05/05/2022	22	05/05/2022	18	HAE	16,8	0	-0,6	0	30,0	0	14,0	0	270,0	0	1004,0	0	1370,1	ERA5
1037399	05/05/2022	23	05/05/2022	19	HAE	16,0	0	0,5	0	35,0	0	15,0	0	260,0	0	1004,0	0	591,7	ERA5
1037400	06/05/2022	00	05/05/2022	20	HAE	15,2	0	-0,4	0	34,0	0	15,0	0	280,0	0	1004,0	0	198,3	ERA5
1037401	06/05/2022	01	05/05/2022	21	HAE	13,9	0	-0,3	0	38,0	0	9,0	0	340,0	0	1004,0	0	2,7	ERA5
1037402	06/05/2022	02	05/05/2022	22	HAE	12,5	0	-0,5	0	40,0	0	14,0	0	30,0	0	1004,0	0	0,0	ERA5
1037403	06/05/2022	03	05/05/2022	23	HAE	12,0	0	-1,6	0	39,0	0	7,0	0	40,0	0	1004,0	0	0,0	ERA5
1037404	06/05/2022	04	06/05/2022	00	HAE	10,2	0	-0,5	0	47,0	0	6,0	0	60,0	0	1004,0	0	0,0	ERA5
1037405	06/05/2022	05	06/05/2022	01	HAE	9,6	0	-1,8	0	45,0	0	6,0	0	50,0	0	1004,0	0	0,0	ERA5
1037406	06/05/2022	06	06/05/2022	02	HAE	8,2	0	-1,4	0	51,0	0	5,0	0	50,0	0	1004,0	0	0,0	ERA5
1037407	06/05/2022	07	06/05/2022	03	HAE	7,5	0	-1,8	0	52,0	0	11,0	0	30,0	0	1004,0	0	0,0	ERA5
1037408	06/05/2022	08	06/05/2022	04	HAE	7,0	0	-1,6	0	54,0	0	11,0	0	10,0	0	1004,0	0	0,0	ERA5
1037409	06/05/2022	09	06/05/2022	05	HAE	8,1	0	-1,5	0	51,0	0	12,0	0	10,0	0	1004,0	0	0,0	ERA5
1037410	06/05/2022	10	06/05/2022	06	HAE	7,1	0	-0,4	0	59,0	0	11,0	0	40,0	0	1004,0	0	3,7	ERA5
1037411	06/05/2022	11	06/05/2022	07	HAE	8,1	0	0,5	0	58,0	0	9,0	0	30,0	0	1004,0	0	217,3	ERA5
1037412	06/05/2022	12	06/05/2022	08	HAE	10,5	0	-2,7	0	39,0	0	17,0	0	30,0	0	1005,0	0	721,0	ERA5
1037413	06/05/2022	13	06/05/2022	09	HAE	10,4	0	-2,8	0	39,0	0	14,0	0	90,0	0	1005,0	0	1313,7	ERA5
1037414	06/05/2022	14	06/05/2022	10	HAE	11,9	0	-2,2	0	37,0	0	12,0	0	40,0	0	1004,0	0	2108,8	ERA5
1037415	06/05/2022	15	06/05/2022	11	HAE	12,5	0	-2,9	0	34,0	0	13,0	0	360,0	0	1004,0	0	2724,8	ERA5
1037416	06/05/2022	16	06/05/2022	12	HAE	13,1	0	-4,4	0	29,0	0	14,0	0	30,0	0	1004,0	0	3113,7	ERA5
1037417	06/05/2022	17	06/05/2022	13	HAE	15,0	0	-4,1	0	26,0	0	10,0	0	300,0	0	1003,0	0	3307,3	ERA5
1037418	06/05/2022	18	06/05/2022	14	HAE	15,7	0	-7,5	0	20,0	0	14,0	0	360,0	0	1002,0	0	3315,2	ERA5
1037419	06/05/2022	19	06/05/2022	15	HAE	15,9	0	-8,5	0	18,0	0	13,0	0	30,0	0	1002,0	0	3050,7	ERA5
1037420	06/05/2022	20	06/05/2022	16	HAE	16,0	0	-10,2	0	15,0	0	3,0	0	20,0	0	1001,0	0	2697,0	ERA5
1037421	06/05/2022	21	06/05/2022	17	HAE	16,5	0	-9,1	0	16,0	0	20,0	0	350,0	0	1001,0	0	2149,6	ERA5
1037422	06/05/2022	22	06/05/2022	18	HAE	16,0	0	-8,8	0	17,0	0	16,0	0	350,0	0	1000,0	0	1498,1	ERA5
1037423	06/05/2022	23	06/05/2022	19	HAE	15,2	0	-10,0	0	17,0	0	26,0	0	10,0	0	1000,0	0	907,0	ERA5
1037424	07/05/2022	00	06/05/2022	20	HAE	13,6	0	-11,2	0	17,0	0	20,0	0	10,0	0	1000,0	0	285,8	ERA5
1037425	07/05/2022	01	06/05/2022	21	HAE	10,2	0	-7,7	0	28,0	0	10,0	0	60,0	0	1001,0	0	3,7	ERA5
1037426	07/05/2022	02	06/05/2022	22	HAE	10,6	0	-8,8	0	25,0	0	22,0	0	20,0	0	1002,0	0	-0,0	ERA5
1037427	07/05/2022	03	06/05/2022	23	HAE	9,1	0	-8,5	0	28,0	0	21,0	0	30,0	0	1002,0	0	0,0	ERA5
1037428	07/05/2022	04	07/05/2022	00	HAE	8,3	0	-7,4	0	32,0	0	25,0	0	40,0	0	1003,0	0	0,0	ERA5
1037429	07/05/2022	05	07/05/2022	01	HAE	6,9	0	-6,4	0	38,0	0	21,0	0	50,0	0	1004,0	0	0,0	ERA5
1037430	07/05/2022	06	07/05/2022	02	HAE	5,7	0	-6,0	0	43,0	0	19,0	0	40,0	0	1004,0	0	0,0	ERA5
1037431	07/05/2022	07	07/05/2022	03	HAE	4,6	0	-5,9	0	47,0	0	21,0	0	50,0	0	1004,0	0	0,0	ERA5
1037432	07/05/2022	08	07/05/2022	04	HAE	4,3	0	-6,3	0	46,0	0	21,0	0	40,0	0	1004,0	0	0,0	ERA5
1037433	07/05/2022	09	07/05/2022	05	HAE	3,2	0	-6,3	0	50,0	0	20,0	0	50,0	0	1003,0	0	0,0	ERA5
1037434	07/05/2022	10	07/05/2022	06	HAE	2,7	0	-6,0	0	53,0	0	22,0	0	40,0	0	1004,0	0	5,5	ERA5
1037435	07/05/2022	11	07/05/2022	07	HAE	4,1	0	-5,8	0	48,0	0	22,0	0	50,0	0	1005,0	0	314,0	ERA5
1037436	07/05/2022	12	07/05/2022	08	HAE	6,0	0	-6,6	0	40,0	0	27,0	0	60,0	0	1005,0	0	958,1	ERA5
1037437	07/05/2022	13	07/05/2022	09	HAE	7,9	0	-6,8	0	34,0	0	30,0	0	60,0	0	1006,0	0	1660,3	ERA5
1037438	07/05/2022	14	07/05/2022	10	HAE	9,4	0	-7,2	0	30,0	0	31,0	0	70,0	0	1006,0	0	2315,5	ERA5
1037439	07/05/2022	15	07/05/2022	11	HAE	10,2	0	-7,0	0	29,0	0	28,0	0	80,0	0	1006,0	0	2860,6	ERA5
1037440	07/05/2022	16	07/05/2022	12	HAE	11,3	0	-6,0	0	29,0	0	26,0	0	60,0	0	1006,0	0	3245,8	ERA5
1037441	07/05/2022	17	07/05/2022	13	HAE	12,1	0	-4,8	0	30,0	0	19,0	0	70,0	0	1006,0	0	3442,5	ERA5
1037442	07/05/2022	18	07/05/2022	14	HAE	13,3	0	-4,7	0	28,0	0	23,0	0	90,0	0	1005,0	0	3435,7	ERA5
1037443	07/05/2022	19	07/05/2022	15	HAE	14,0	0	-5,0	0	26,0	0	18,0	0	60,0	0	1005,0	0	3234,8	ERA5
1037444	07/05/2022	20	07/05/2022	16	HAE	14,8	0	-4,9	0	25,0	0	24,0	0	40,0	0	1004,0	0	2839,2	ERA5
1037445	07/05/2022	21	07/05/2022	17	HAE	15,0	0	-5,3	0	24,0	0	14,0	0	40,0	0	1004,0	0	2290,4	ERA5
1037446	07/05/2022	22	07/05/2022	18	HAE	14,5	0	-6,8	0	22,0	0	23,0	0	70,0	0	1005,0	0	1624,0	ERA5
1037447	07/05/2022	23	07/05/2022	19	HAE	13,2	0	-5,4	0	27,0	0	21,0	0	100,0	0	1005,0	0	926,8	ERA5
1037448	08/05/2022	00	07/05/2022	20	HAE	10,7	0	-5,9	0	31,0	0	16,0	0	100,0	0	1005,0	0	286,9	ERA5
1037449	08/05/2022	01	07/05/2022	21	HAE	9,4	0	-6,4	0	32,0	0	10,0	0	70,0	0	1006,0	0	4,7	ERA5
1037450	08/05/2022	02	07/05/2022	22	HAE	8,3	0	-5,8	0	36,0	0	9,0	0	60,0	0	1006,0	0	0,0	ERA5
1037451	08/05/2022	03	07/05/2022	23	HAE	6,9	0	-5,7	0	40,0	0	10,0	0	40,0	0	1007,0	0	0,0	ERA5
1037452	08/05/2022	04	08/05/2022	00	HAE	5,5	0	-6,6	0	41,0	0	12,0	0	40,0	0	1007,0	0	0,0	ERA5
1037453	08/05/2022	05	08/05/2022	01	HAE	4,2	0	-7,2	0	43,0	0	13,0	0	50,0	0	1007,0	0	0,0	ERA5
1037454	08/05/2022	06	08/05/2022	02	HAE	3,2	0	-6,2	0	50,0	0	15,0	0	30,0	0	1007,0	0	0,0	ERA5
1037455	08/05/2022	07	08/05/2022	03	HAE	2,7	0	-5,9	0	53,0	0	17,0	0	40,0	0	1008,0	0	0,0	ERA5
1037456	08/05/2022	08	08/05/2022	04	HAE	2,2	0	-6,7	0	52,0	0	15,0	0	40,0	0	1008,0	0	0,0	ERA5
1037457	08/05/2022	09	08/05/2022	05	HAE	2,0	0	-5,8	0	56,0	0	13,0	0	40,0	0	1009,0	0	0,0	ERA5
1037458	08/05/2022	10	08/05/2022	06	HAE	1,4	0	-5,8	0	59,0	0	14,0	0	40,0	0	1009,0	0	6,7	ERA5
1037459	08/05/2022	11	08/05/2022	07	HAE	6,1	0	-6,0	0	42,0	0	13,0	0	60,0	0	1010,0	0	319,5	ERA5
1037460	08/05/2022	12	08/05/2022	08	HAE	7,7	0	-5,8	0	38,0	0	19,0	0	70,0	0	1011,0	0	956,9	ERA5
1037461	08/05/2022	13	08/05/2022	09	HAE	9,8	0	-4,0	0	38,0	0	12,0	0	70,0	0	1011,0	0	1648,0	ERA5
1037462	08/05/2022	14	08/05/2022	10	HAE	12,0	0	-3,8	0	33,0	0	12,0	0	80,0	0	1012,0	0	2290,7	ERA5
1037463	08/05/2022	15	08/05/2022	11	HAE	13,9	0	-2,3	0	32,0	0	12,0	0	70,0	0	1011,0	0	2824,4	ERA5
1037464	08/05/2022	16	08/05/2022	12	HAE	15,8	0	-3,2	0	27,0	0	15,0	0	100,0	0	1011,0	0	3203,5	ERA5
1037465	08/05/2022	17	08/05/2022	13	HAE	16,8	0	-2,4	0	27,0	0	14,0	0	60,0	0	1010,0	0	3400,7	ERA5
1037466	08/05/2022	18	08/05/2022	14	HAE	17,4	0	-3,7	0	23,0	0	23,0	0	120,0	0	1010,0	0	3399,7	ERA5
1037467	08/05/2022	19	08/05/2022	15	HAE	18,4	0	-5,7	0	19,0	0	17,0	0	120,0	0	1009,0	0	3208,5	ERA5
1037468	08/05/2022	20	08/05/2022	16	HAE	19,0	0	-2,2	0	23,0	0	16,0	0	40,0	0	1009,0	0	2819,9	ERA5
1037469	08/05/2022	21	08/05/2022	17	HAE	18,5	0	-6,4	0	18,0	0	23,0	0	60,0	0	1009,0	0	2280,3	ERA5
1037470	08/05/2022	22	08/05/2022	18	HAE	18,1	0	-9,0	0	15,0	0	22,0	0	70,0	0	1008,0	0	1634,2	ERA5
1037471	08/05/2022	23	08/05/2022	19	HAE	17,0	0	-7,5	0	18,0	0	18,0	0	80,0	0	1008,0	0	944,2	ERA5
1037472	09/05/2022	00	08/05/2022	20	HAE	14,0	0	-4,3	0	28,0	0	15,0	0	100,0	0	1009,0	0	311,7	ERA5
1037473	09/05/2022	01	08/05/2022	21	HAE	12,1	0	-5,3	0	29,0	0	7,0	0	80,0	0	1009,0	0	6,0	ERA5
1037474	09/05/2022	02	08/05/2022	22	HAE	11,2	0	-4,7	0	33,0	0	10,0	0	90,0	0	1010,0	0	-0,0	ERA5
1037475	09/05/2022	03	08/05/2022	23	HAE	8,9	0	-3,2	0	42,0	0	12,0	0	20,0	0	1010,0	0	0,0	ERA5
1037476	09/05/2022	04	09/05/2022	00	HAE	8,3	0	-3,7	0	42,0	0	13,0	0	40,0	0	1010,0	0	0,0	ERA5
1037477	09/05/2022	05	09/05/2022	01	HAE	5,5	0	-3,5	0	52,0	0	14,0	0	50,0	0	1011,0	0	0,0	ERA5
1037478	09/05/2022	06	09/05/2022	02	HAE	6,5	0	-3,6	0	48,0	0	12,0	0	60,0	0	1011,0	0	0,0	ERA5
1037479	09/05/2022	07	09/05/2022	03	HAE	7,2	0	-4,2	0	44,0	0	14,0	0	70,0	0	1011,0	0	0,0	ERA5
1037480	09/05/2022	08	09/05/2022	04	HAE	3,1	0	-4,4	0	58,0	0	11,0	0	40,0	0	1011,0	0	0,0	ERA5
1037481	09/05/2022	09	09/05/2022	05	HAE	5,4	0	-4,5	0	49,0	0	6,0	0	60,0	0	1012,0	0	0,0	ERA5
1037482	09/05/2022	10	09/05/2022	06	HAE	3,8	0	-3,3	0	60,0	0	11,0	0	40,0	0	1012,0	0	8,4	ERA5
1037483	09/05/2022	11	09/05/2022	07	HAE	9,0	0	-5,1	0	37,0	0	13,0	0	70,0	0	1013,0	0	332,9	ERA5
1037484	09/05/2022	12	09/05/2022	08	HAE	10,7	0	-4,8	0	33,0	0	18,0	0	80,0	0	1014,0	0	974,6	ERA5
1037485	09/05/2022	13	09/05/2022	09	HAE	13,3	0	-2,3	0	34,0	0	11,0	0	80,0	0	1014,0	0	1667,9	ERA5
1037486	09/05/2022	14	09/05/2022	10	HAE	15,5	0	-2,2	0	29,0	0	12,0	0	50,0	0	1014,0	0	2312,4	ERA5
1037487	09/05/2022	15	09/05/2022	11	HAE	17,7	0	-1,7	0	26,0	0	10,0	0	60,0	0	1015,0	0	2845,6	ERA5
1037488	09/05/2022	16	09/05/2022	12	HAE	19,9	0	-3,0	0	21,0	0	18,0	0	90,0	0	1014,0	0	3220,5	ERA5
1037489	09/05/2022	17	09/05/2022	13	HAE	21,9	0	-2,7	0	19,0	0	23,0	0	110,0	0	1013,0	0	3411,3	ERA5
1037490	09/05/2022	18	09/05/2022	14	HAE	22,3	0	-3,1	0	18,0	0	22,0	0	90,0	0	1013,0	0	3401,9	ERA5
1037491	09/05/2022	19	09/05/2022	15	HAE	22,5	0	-3,1	0	18,0	0	23,0	0	110,0	0	1013,0	0	3197,8	ERA5
1037492	09/05/2022	20	09/05/2022	16	HAE	22,5	0	-5,8	0	14,0	0	22,0	0	110,0	0	1012,0	0	2819,6	ERA5
1037493	09/05/2022	21	09/05/2022	17	HAE	22,4	0	-4,6	0	16,0	0	18,0	0	80,0	0	1013,0	0	2278,1	ERA5
1037494	09/05/2022	22	09/05/2022	18	HAE	22,0	0	-5,1	0	16,0	0	16,0	0	70,0	0	1013,0	0	1630,0	ERA5
1037495	09/05/2022	23	09/05/2022	19	HAE	21,0	0	-4,0	0	18,0	0	17,0	0	90,0	0	1013,0	0	938,3	ERA5
1037496	10/05/2022	00	09/05/2022	20	HAE	18,1	0	-2,2	0	25,0	0	13,0	0	80,0	0	1012,0	0	313,6	ERA5
1037497	10/05/2022	01	09/05/2022	21	HAE	15,0	0	-2,0	0	31,0	0	13,0	0	60,0	0	1012,0	0	7,2	ERA5
1037498	10/05/2022	02	09/05/2022	22	HAE	15,2	0	-1,8	0	31,0	0	15,0	0	70,0	0	1013,0	0	0,0	ERA5
1037499	10/05/2022	03	09/05/2022	23	HAE	14,3	0	-2,3	0	32,0	0	15,0	0	70,0	0	1013,0	0	-0,0	ERA5
1037500	10/05/2022	04	10/05/2022	00	HAE	13,6	0	-2,4	0	33,0	0	14,0	0	70,0	0	1013,0	0	0,0	ERA5
1037501	10/05/2022	05	10/05/2022	01	HAE	10,1	0	-1,6	0	44,0	0	13,0	0	110,0	0	1013,0	0	0,0	ERA5
1037502	10/05/2022	06	10/05/2022	02	HAE	12,2	0	-2,2	0	37,0	0	17,0	0	100,0	0	1013,0	0	0,0	ERA5
1037503	10/05/2022	07	10/05/2022	03	HAE	11,9	0	-2,2	0	37,0	0	14,0	0	90,0	0	1013,0	0	0,0	ERA5
1037504	10/05/2022	08	10/05/2022	04	HAE	10,7	0	-1,9	0	41,0	0	4,0	0	120,0	0	1014,0	0	0,0	ERA5
1037505	10/05/2022	09	10/05/2022	05	HAE	8,3	0	-1,2	0	51,0	0	7,0	0	80,0	0	1015,0	0	0,0	ERA5
1037506	10/05/2022	10	10/05/2022	06	HAE	8,8	0	-1,9	0	47,0	0	7,0	0	130,0	0	1016,0	0	9,2	ERA5
1037507	10/05/2022	11	10/05/2022	07	HAE	6,0	0	0,6	0	68,0	0	5,0	0	60,0	0	1017,0	0	311,8	ERA5
1037508	10/05/2022	12	10/05/2022	08	HAE	12,7	0	-0,2	0	41,0	0	3,0	0	110,0	0	1018,0	0	948,2	ERA5
1037509	10/05/2022	13	10/05/2022	09	HAE	16,0	0	-2,3	0	28,0	0	9,0	0	220,0	0	1018,0	0	1651,2	ERA5
1037510	10/05/2022	14	10/05/2022	10	HAE	18,1	0	-3,8	0	22,0	0	10,0	0	200,0	0	1018,0	0	2290,6	ERA5
1037511	10/05/2022	15	10/05/2022	11	HAE	19,6	0	-2,0	0	23,0	0	9,0	0	140,0	0	1017,0	0	2819,0	ERA5
1037512	10/05/2022	16	10/05/2022	12	HAE	21,7	0	-3,7	0	18,0	0	13,0	0	180,0	0	1016,0	0	3193,8	ERA5
1037513	10/05/2022	17	10/05/2022	13	HAE	23,1	0	-2,2	0	18,0	0	17,0	0	100,0	0	1015,0	0	3379,0	ERA5
1037514	10/05/2022	18	10/05/2022	14	HAE	23,2	0	-1,4	0	19,0	0	12,0	0	130,0	0	1015,0	0	3374,5	ERA5
1037515	10/05/2022	19	10/05/2022	15	HAE	23,7	0	-1,4	0	19,0	0	8,0	0	140,0	0	1014,0	0	3181,3	ERA5
1037516	10/05/2022	20	10/05/2022	16	HAE	24,7	0	-1,3	4.lineaire	19,0	0	8,0	0	110,0	0	1014,0	0	2791,3	ERA5
1037517	10/05/2022	21	10/05/2022	17	HAE	24,9	0	-1,2	0	18,0	0	10,0	0	60,0	0	1013,0	0	2253,2	ERA5
1037518	10/05/2022	22	10/05/2022	18	HAE	24,7	0	0,6	0	20,0	0	5,0	0	80,0	0	1013,0	0	1614,2	ERA5
1037519	10/05/2022	23	10/05/2022	19	HAE	23,2	0	1,7	0	24,0	0	9,0	0	110,0	0	1012,0	0	935,1	ERA5
1037520	11/05/2022	00	10/05/2022	20	HAE	22,2	0	0,1	0	23,0	0	8,0	0	80,0	0	1012,0	0	315,7	ERA5
1037521	11/05/2022	01	10/05/2022	21	HAE	19,7	0	1,1	0	29,0	0	10,0	0	100,0	0	1012,0	0	8,2	ERA5
1037522	11/05/2022	02	10/05/2022	22	HAE	17,8	0	0,4	0	31,0	0	13,0	0	100,0	0	1013,0	0	0,0	ERA5
1037523	11/05/2022	03	10/05/2022	23	HAE	14,7	0	2,0	0	42,0	0	9,0	0	60,0	0	1013,0	0	0,0	ERA5
1037524	11/05/2022	04	11/05/2022	00	HAE	13,8	0	1,7	0	44,0	0	13,0	0	50,0	0	1012,0	0	0,0	ERA5
1037525	11/05/2022	05	11/05/2022	01	HAE	11,9	0	1,7	0	49,0	0	9,0	0	40,0	0	1013,0	0	0,0	ERA5
1037526	11/05/2022	06	11/05/2022	02	HAE	11,2	4.lineaire	1,7	4.lineaire	51,5	4.lineaire	6,0	4.lineaire	30,0	4.lineaire	1012,5	4.lineaire	0,0	ERA5
1037527	11/05/2022	07	11/05/2022	03	HAE	10,5	0	1,7	0	54,0	0	3,0	0	20,0	0	1012,0	0	0,0	ERA5
1037528	11/05/2022	08	11/05/2022	04	HAE	9,8	0	2,5	0	60,0	0	8,0	0	60,0	0	1012,0	0	0,0	ERA5
1037529	11/05/2022	09	11/05/2022	05	HAE	8,25	4.lineaire	2,35	4.lineaire	66,5	4.lineaire	6,0	4.lineaire	90,0	4.lineaire	1012,5	4.lineaire	0,0	ERA5
1037530	11/05/2022	10	11/05/2022	06	HAE	6,7	0	2,2	0	73,0	0	4,0	0	120,0	0	1013,0	0	11,0	ERA5
1037531	11/05/2022	11	11/05/2022	07	HAE	11,5	0	5,0	0	64,0	0	1,0	0	0,0	0	1014,0	0	333,0	ERA5
1037532	11/05/2022	12	11/05/2022	08	HAE	14,8	0	4,6	0	50,0	0	9,0	0	220,0	0	1014,0	0	929,0	ERA5
1037533	11/05/2022	13	11/05/2022	09	HAE	17,8	0	4,5	0	41,0	0	11,0	0	250,0	0	1015,0	0	1602,4	ERA5
1037534	11/05/2022	14	11/05/2022	10	HAE	20,7	0	5,1	0	36,0	0	13,0	0	220,0	0	1014,0	0	2170,9	ERA5
1037535	11/05/2022	15	11/05/2022	11	HAE	23,2	0	2,8	0	26,0	0	15,0	0	180,0	0	1013,0	0	2654,9	ERA5
1037536	11/05/2022	16	11/05/2022	12	HAE	25,4	0	2,0	0	21,0	0	10,0	0	180,0	0	1013,0	0	3069,2	ERA5
1037537	11/05/2022	17	11/05/2022	13	HAE	25,9	0	0,1	0	18,0	0	18,0	0	200,0	0	1013,0	0	3290,6	ERA5
1037538	11/05/2022	18	11/05/2022	14	HAE	26,6	0	0,4	0	18,0	0	11,0	0	210,0	0	1012,0	0	3304,6	ERA5
1037539	11/05/2022	19	11/05/2022	15	HAE	27,0	0	-1,1	0	16,0	0	3,0	0	280,0	0	1012,0	0	3107,6	ERA5
1037540	11/05/2022	20	11/05/2022	16	HAE	27,8	0	-0,2	0	16,0	0	8,0	0	260,0	0	1011,0	0	2742,4	ERA5
1037541	11/05/2022	21	11/05/2022	17	HAE	28,3	0	0,8	0	17,0	0	9,0	0	210,0	0	1010,0	0	2213,6	ERA5
1037542	11/05/2022	22	11/05/2022	18	HAE	26,9	0	5,7	0	25,0	0	8,0	0	230,0	0	1010,0	0	1581,1	ERA5
1037543	11/05/2022	23	11/05/2022	19	HAE	26,5	0	1,1	0	19,0	0	5,0	0	240,0	0	1010,0	0	920,0	ERA5
1037544	12/05/2022	00	11/05/2022	20	HAE	25,0	0	0,7	0	20,0	0	5,0	0	180,0	0	1010,0	0	311,0	ERA5
1037545	12/05/2022	01	11/05/2022	21	HAE	22,8	0	0,4	0	22,0	0	7,0	0	180,0	0	1011,0	0	9,3	ERA5
1037546	12/05/2022	02	11/05/2022	22	HAE	22,1	0	1,2	0	25,0	0	9,0	0	200,0	0	1011,0	0	0,0	ERA5
1037547	12/05/2022	03	11/05/2022	23	HAE	16,5	0	3,2	0	41,0	0	6,0	0	190,0	0	1011,0	0	0,0	ERA5
1037548	12/05/2022	04	12/05/2022	00	HAE	17,1	0	2,3	0	37,0	0	8,0	0	210,0	0	1011,0	0	0,0	ERA5
1037549	12/05/2022	05	12/05/2022	01	HAE	17,7	0	1,1	0	32,0	0	5,0	0	240,0	0	1011,0	0	0,0	ERA5
1037550	12/05/2022	06	12/05/2022	02	HAE	16,4	0	1,4	0	36,0	0	7,0	0	160,0	0	1010,0	0	-0,0	ERA5
1037551	12/05/2022	07	12/05/2022	03	HAE	12,9	0	4,1	0	55,0	0	2,0	0	0,0	0	1010,0	0	0,0	ERA5
1037552	12/05/2022	08	12/05/2022	04	HAE	15,1	0	1,9	0	41,0	0	4,0	0	330,0	0	1011,0	0	0,0	ERA5
1037553	12/05/2022	09	12/05/2022	05	HAE	11,3	0	4,6	0	63,0	0	5,0	0	50,0	0	1011,0	0	0,0	ERA5
1037554	12/05/2022	10	12/05/2022	06	HAE	12,2	0	4,1	0	57,0	0	1,0	0	0,0	0	1012,0	0	12,3	ERA5
1037555	12/05/2022	11	12/05/2022	07	HAE	14,6	0	8,3	0	65,0	0	7,0	0	50,0	0	1012,0	0	335,8	ERA5
1037556	12/05/2022	12	12/05/2022	08	HAE	17,6	0	7,0	0	49,0	0	9,0	0	70,0	0	1012,0	0	948,8	ERA5
1037557	12/05/2022	13	12/05/2022	09	HAE	21,7	0	6,0	0	36,0	0	4,0	0	50,0	0	1012,0	0	1614,4	ERA5
1037558	12/05/2022	14	12/05/2022	10	HAE	23,7	0	7,4	0	35,0	0	10,0	0	80,0	0	1013,0	0	2240,3	ERA5
1037559	12/05/2022	15	12/05/2022	11	HAE	26,4	0	5,6	0	26,0	0	8,0	0	110,0	0	1013,0	0	2755,5	ERA5
1037560	12/05/2022	16	12/05/2022	12	HAE	27,6	0	4,5	0	22,0	0	13,0	0	180,0	0	1012,0	0	3123,4	ERA5
1037561	12/05/2022	17	12/05/2022	13	HAE	28,3	0	6,0	0	24,0	0	13,0	0	100,0	0	1011,0	0	3312,3	ERA5
1037562	12/05/2022	18	12/05/2022	14	HAE	29,6	0	3,2	0	18,0	0	14,0	0	180,0	0	1011,0	0	3310,5	ERA5
1037563	12/05/2022	19	12/05/2022	15	HAE	29,5	0	2,6	0	17,0	0	9,0	0	200,0	0	1010,0	0	3105,1	ERA5
1037564	12/05/2022	20	12/05/2022	16	HAE	29,7	0	0,8	0	15,0	0	12,0	0	170,0	0	1010,0	0	2664,1	ERA5
1037565	12/05/2022	21	12/05/2022	17	HAE	29,6	0	3,8	0	19,0	0	4,0	0	280,0	0	1009,0	0	2097,2	ERA5
1037566	12/05/2022	22	12/05/2022	18	HAE	28,2	0	3,2	0	20,0	0	16,0	0	220,0	0	1009,0	0	1438,5	ERA5
1037567	12/05/2022	23	12/05/2022	19	HAE	27,6	0	4,2	0	22,0	0	7,0	0	190,0	0	1008,0	0	770,9	ERA5
1037568	13/05/2022	00	12/05/2022	20	HAE	26,0	0	2,6	0	22,0	0	9,0	0	190,0	0	1008,0	0	215,5	ERA5
1037569	13/05/2022	01	12/05/2022	21	HAE	24,7	0	2,2	0	23,0	0	6,0	0	190,0	0	1009,0	0	6,9	ERA5
1037570	13/05/2022	02	12/05/2022	22	HAE	22,7	0	2,9	0	27,0	0	8,0	0	200,0	0	1009,0	0	0,0	ERA5
1037571	13/05/2022	03	12/05/2022	23	HAE	20,4	0	3,3	0	32,0	0	7,0	0	210,0	0	1009,0	0	0,0	ERA5
1037572	13/05/2022	04	13/05/2022	00	HAE	20,6	0	2,7	0	30,0	0	7,0	0	210,0	0	1008,0	0	0,0	ERA5
1037573	13/05/2022	05	13/05/2022	01	HAE	18,8	0	3,2	0	35,0	0	7,0	0	210,0	0	1008,0	0	0,0	ERA5
1037574	13/05/2022	06	13/05/2022	02	HAE	18,6	0	3,5	0	36,0	0	12,0	0	170,0	0	1008,0	0	0,0	ERA5
1037575	13/05/2022	07	13/05/2022	03	HAE	18,3	0	3,3	0	37,0	0	10,0	0	190,0	0	1008,0	0	0,0	ERA5
1037576	13/05/2022	08	13/05/2022	04	HAE	17,0	0	5,6	0	47,0	0	9,0	0	180,0	0	1008,0	0	0,0	ERA5
1037577	13/05/2022	09	13/05/2022	05	HAE	15,3	0	6,5	0	56,0	0	8,0	0	170,0	0	1008,0	0	0,0	ERA5
1037578	13/05/2022	10	13/05/2022	06	HAE	14,8	0	7,8	0	63,0	0	8,0	0	180,0	0	1008,0	0	13,7	ERA5
1037579	13/05/2022	11	13/05/2022	07	HAE	16,6	0	10,1	0	65,0	0	11,0	0	200,0	0	1009,0	0	334,1	ERA5
1037580	13/05/2022	12	13/05/2022	08	HAE	19,3	0	12,2	0	63,0	0	18,0	0	200,0	0	1009,0	0	926,9	ERA5
1037581	13/05/2022	13	13/05/2022	09	HAE	22,5	0	14,0	0	58,0	0	14,0	0	200,0	0	1009,0	0	1566,3	ERA5
1037582	13/05/2022	14	13/05/2022	10	HAE	25,7	0	14,3	0	49,0	0	19,0	0	220,0	0	1009,0	0	2174,4	ERA5
1037583	13/05/2022	15	13/05/2022	11	HAE	26,8	0	15,1	0	48,0	0	23,0	0	210,0	0	1008,0	0	2686,2	ERA5
1037584	13/05/2022	16	13/05/2022	12	HAE	27,9	0	14,6	0	43,0	0	23,0	0	210,0	0	1008,0	0	3048,9	ERA5
1037585	13/05/2022	17	13/05/2022	13	HAE	29,0	0	15,0	0	42,0	0	25,0	0	220,0	0	1007,0	0	3235,6	ERA5
1037586	13/05/2022	18	13/05/2022	14	HAE	29,8	0	14,9	0	40,0	0	22,0	0	190,0	0	1006,0	0	3225,6	ERA5
1037587	13/05/2022	19	13/05/2022	15	HAE	29,8	0	14,9	0	40,0	0	17,0	0	220,0	0	1006,0	0	3037,6	ERA5
1037588	13/05/2022	20	13/05/2022	16	HAE	29,8	0	14,0	0	38,0	0	21,0	0	190,0	0	1005,0	0	2682,5	ERA5
1037589	13/05/2022	21	13/05/2022	17	HAE	29,4	0	12,1	0	34,0	0	20,0	0	210,0	0	1005,0	0	2173,5	ERA5
1037590	13/05/2022	22	13/05/2022	18	HAE	28,1	0	13,0	0	39,0	0	19,0	0	220,0	0	1004,0	0	1557,2	ERA5
1037591	13/05/2022	23	13/05/2022	19	HAE	26,7	0	12,7	0	41,0	0	18,0	0	190,0	0	1004,0	0	906,6	ERA5
1037592	14/05/2022	00	13/05/2022	20	HAE	24,9	0	13,4	0	48,0	0	14,0	0	200,0	0	1004,0	0	320,4	ERA5
1037593	14/05/2022	01	13/05/2022	21	HAE	23,0	0	12,7	0	52,0	0	14,0	0	200,0	0	1004,0	0	12,1	ERA5
1037594	14/05/2022	02	13/05/2022	22	HAE	21,6	0	12,9	0	57,0	0	10,0	0	220,0	0	1005,0	0	0,0	ERA5
1037595	14/05/2022	03	13/05/2022	23	HAE	20,4	0	13,1	0	62,0	0	9,0	0	220,0	0	1004,0	0	0,0	ERA5
1037596	14/05/2022	04	14/05/2022	00	HAE	19,4	0	12,8	0	65,0	0	9,0	0	250,0	0	1004,0	0	0,0	ERA5
1037597	14/05/2022	05	14/05/2022	01	HAE	18,1	0	12,8	0	71,0	0	7,0	0	220,0	0	1004,0	0	0,0	ERA5
1037598	14/05/2022	06	14/05/2022	02	HAE	17,5	0	13,1	0	75,0	0	7,0	0	230,0	0	1004,0	0	-0,0	ERA5
1037599	14/05/2022	07	14/05/2022	03	HAE	17,4	0	13,3	0	76,0	0	8,0	0	210,0	0	1004,0	0	0,0	ERA5
1037600	14/05/2022	08	14/05/2022	04	HAE	15,3	0	12,3	0	82,0	0	4,0	0	180,0	0	1004,0	0	0,0	ERA5
1037601	14/05/2022	09	14/05/2022	05	HAE	14,8	0	12,7	0	87,0	0	8,0	0	190,0	0	1004,0	0	0,0	ERA5
1037602	14/05/2022	10	14/05/2022	06	HAE	15,8	0	13,6	0	87,0	0	12,0	0	190,0	0	1004,0	0	14,9	ERA5
1037603	14/05/2022	11	14/05/2022	07	HAE	17,9	0	14,6	0	81,0	0	11,0	0	190,0	0	1004,0	0	327,2	ERA5
1037604	14/05/2022	12	14/05/2022	08	HAE	20,6	0	15,8	0	74,0	0	22,0	0	220,0	0	1004,0	0	907,2	ERA5
1037605	14/05/2022	13	14/05/2022	09	HAE	22,6	0	16,6	0	69,0	0	21,0	0	230,0	0	1004,0	0	1540,0	ERA5
1037606	14/05/2022	14	14/05/2022	10	HAE	24,9	0	17,4	0	63,0	0	9,0	0	200,0	0	1003,0	0	2118,8	ERA5
1037607	14/05/2022	15	14/05/2022	11	HAE	26,5	0	16,6	0	54,0	0	12,0	0	200,0	0	1003,0	0	2647,3	ERA5
1037608	14/05/2022	16	14/05/2022	12	HAE	27,8	0	16,7	0	50,0	0	11,0	0	140,0	0	1002,0	0	3014,9	ERA5
1037609	14/05/2022	17	14/05/2022	13	HAE	29,3	0	17,0	0	47,0	0	9,0	0	220,0	0	1001,0	0	3192,7	ERA5
1037610	14/05/2022	18	14/05/2022	14	HAE	30,1	0	15,3	0	40,0	0	16,0	0	180,0	0	1000,0	0	3141,7	ERA5
1037611	14/05/2022	19	14/05/2022	15	HAE	29,6	0	15,4	0	42,0	0	11,0	0	210,0	0	999,0	0	2436,9	ERA5
1037612	14/05/2022	20	14/05/2022	16	HAE	30,5	0	15,7	0	40,0	0	15,0	0	190,0	0	999,0	0	2484,8	ERA5
1037613	14/05/2022	21	14/05/2022	17	HAE	30,2	0	15,9	0	41,0	0	10,0	0	160,0	0	998,0	0	1960,1	ERA5
1037614	14/05/2022	22	14/05/2022	18	HAE	29,6	0	14,6	0	40,0	0	12,0	0	180,0	0	997,0	0	1341,4	ERA5
1037615	14/05/2022	23	14/05/2022	19	HAE	28,2	0	15,6	0	46,0	0	12,0	0	170,0	0	997,0	0	566,5	ERA5
1037616	15/05/2022	00	14/05/2022	20	HAE	23,1	0	13,3	0	54,0	0	25,0	0	180,0	0	998,0	0	272,2	ERA5
1037617	15/05/2022	01	14/05/2022	21	HAE	21,1	0	14,2	0	64,0	0	13,0	0	180,0	0	998,0	0	10,9	ERA5
1037618	15/05/2022	02	14/05/2022	22	HAE	20,2	0	14,2	0	68,0	0	6,0	0	220,0	0	998,0	0	-0,0	ERA5
1037619	15/05/2022	03	14/05/2022	23	HAE	18,5	0	14,9	0	79,0	0	8,0	0	150,0	0	998,0	0	0,0	ERA5
1037620	15/05/2022	04	15/05/2022	00	HAE	19,2	0	15,0	0	76,0	0	7,0	0	160,0	0	998,0	0	0,0	ERA5
1037621	15/05/2022	05	15/05/2022	01	HAE	18,3	0	15,3	0	82,0	0	1,0	0	0,0	0	997,0	0	0,0	ERA5
1037622	15/05/2022	06	15/05/2022	02	HAE	17,2	0	15,2	0	87,0	0	9,0	0	160,0	0	997,0	0	0,0	ERA5
1037623	15/05/2022	07	15/05/2022	03	HAE	17,1	0	15,4	0	89,0	0	7,0	0	110,0	0	997,0	0	0,0	ERA5
1037624	15/05/2022	08	15/05/2022	04	HAE	16,8	0	15,7	0	93,0	0	10,0	0	100,0	0	996,0	0	0,0	ERA5
1037625	15/05/2022	09	15/05/2022	05	HAE	16,7	0	16,1	0	96,0	0	9,0	0	180,0	0	996,0	0	0,0	ERA5
1037626	15/05/2022	10	15/05/2022	06	HAE	16,7	0	16,0	0	96,0	0	10,0	0	150,0	0	996,0	0	9,1	ERA5
1037627	15/05/2022	11	15/05/2022	07	HAE	17,4	0	16,6	0	95,0	0	10,0	0	160,0	0	996,0	0	170,1	ERA5
1037628	15/05/2022	12	15/05/2022	08	HAE	18,9	0	17,0	0	89,0	0	9,0	0	170,0	0	996,0	0	687,6	ERA5
1037629	15/05/2022	13	15/05/2022	09	HAE	20,3	0	16,8	0	80,0	0	11,0	0	190,0	0	996,0	0	659,6	ERA5
1037630	15/05/2022	14	15/05/2022	10	HAE	20,7	0	17,1	0	80,0	0	1,0	0	0,0	0	996,0	0	1029,2	ERA5
1037631	15/05/2022	15	15/05/2022	11	HAE	21,2	0	17,2	0	78,0	0	2,0	0	0,0	0	996,0	0	1543,2	ERA5
1037632	15/05/2022	16	15/05/2022	12	HAE	23,8	0	18,4	0	71,0	0	5,0	0	50,0	0	996,0	0	2165,4	ERA5
1037633	15/05/2022	17	15/05/2022	13	HAE	24,6	0	17,6	0	65,0	0	6,0	0	20,0	0	995,0	0	2077,5	ERA5
1037634	15/05/2022	18	15/05/2022	14	HAE	23,3	0	17,7	0	70,0	0	11,0	0	30,0	0	994,0	0	2705,1	ERA5
1037635	15/05/2022	19	15/05/2022	15	HAE	21,5	0	18,7	0	84,0	0	10,0	0	30,0	0	993,0	0	1646,0	ERA5
1037636	15/05/2022	20	15/05/2022	16	HAE	19,3	0	18,4	0	95,0	0	5,0	0	190,0	0	994,0	0	1229,0	ERA5
1037637	15/05/2022	21	15/05/2022	17	HAE	19,8	0	19,0	0	95,0	0	4,0	0	170,0	0	993,0	0	1070,6	ERA5
1037638	15/05/2022	22	15/05/2022	18	HAE	20,8	0	19,0	0	90,0	0	14,0	0	120,0	0	993,0	0	1025,8	ERA5
1037639	15/05/2022	23	15/05/2022	19	HAE	20,6	0	18,0	0	85,0	0	10,0	0	140,0	0	993,0	0	752,1	ERA5
1037640	16/05/2022	00	15/05/2022	20	HAE	18,8	0	17,8	0	94,0	0	7,0	0	120,0	0	993,0	0	272,4	ERA5
1037641	16/05/2022	01	15/05/2022	21	HAE	19,4	0	18,2	0	93,0	0	7,0	0	100,0	0	994,0	0	12,0	ERA5
1037642	16/05/2022	02	15/05/2022	22	HAE	17,8	0	17,3	0	97,0	0	9,0	0	160,0	0	993,0	0	0,0	ERA5
1037643	16/05/2022	03	15/05/2022	23	HAE	16,8	0	16,5	0	98,0	0	5,0	0	170,0	0	993,0	0	-0,0	ERA5
1037644	16/05/2022	04	16/05/2022	00	HAE	16,0	0	15,7	0	98,0	0	4,0	0	140,0	0	992,0	0	0,0	ERA5
1037645	16/05/2022	05	16/05/2022	01	HAE	16,4	0	16,2	0	99,0	0	10,0	0	70,0	0	993,0	0	0,0	ERA5
1037646	16/05/2022	06	16/05/2022	02	HAE	15,8	0	15,6	0	99,0	0	4,0	0	130,0	0	992,0	0	0,0	ERA5
1037647	16/05/2022	07	16/05/2022	03	HAE	15,7	0	15,5	0	99,0	0	6,0	0	120,0	0	992,0	0	0,0	ERA5
1037648	16/05/2022	08	16/05/2022	04	HAE	15,4	0	15,3	0	99,0	0	5,0	0	190,0	0	991,0	0	0,0	ERA5
1037649	16/05/2022	09	16/05/2022	05	HAE	15,4	0	15,2	0	99,0	0	6,0	0	310,0	0	991,0	0	0,0	ERA5
1037650	16/05/2022	10	16/05/2022	06	HAE	14,8	0	14,7	0	99,0	0	7,0	0	80,0	0	991,0	0	15,1	ERA5
1037651	16/05/2022	11	16/05/2022	07	HAE	15,2	0	15,1	0	99,0	0	2,0	0	0,0	0	991,0	0	242,7	ERA5
1037652	16/05/2022	12	16/05/2022	08	HAE	15,9	0	15,8	0	99,0	0	9,0	0	290,0	0	991,0	0	627,0	ERA5
1037653	16/05/2022	13	16/05/2022	09	HAE	18,0	0	16,7	0	92,0	0	10,0	0	10,0	0	991,0	0	1121,5	ERA5
1037654	16/05/2022	14	16/05/2022	10	HAE	19,3	0	16,3	0	83,0	0	8,0	0	10,0	0	990,0	0	1492,4	ERA5
1037655	16/05/2022	15	16/05/2022	11	HAE	20,5	0	16,9	0	80,0	0	14,0	0	90,0	0	990,0	0	1969,8	ERA5
1037656	16/05/2022	16	16/05/2022	12	HAE	21,1	0	16,3	0	74,0	0	14,0	0	80,0	0	989,0	0	2205,1	ERA5
1037657	16/05/2022	17	16/05/2022	13	HAE	21,6	0	16,4	0	72,0	0	13,0	0	80,0	0	988,0	0	2340,4	ERA5
1037658	16/05/2022	18	16/05/2022	14	HAE	20,8	0	15,9	0	73,0	0	14,0	0	70,0	0	986,0	0	2444,1	ERA5
1037659	16/05/2022	19	16/05/2022	15	HAE	20,6	0	16,4	0	76,0	0	11,0	0	50,0	0	985,0	0	847,9	ERA5
1037660	16/05/2022	20	16/05/2022	16	HAE	17,4	0	15,6	0	89,0	0	18,0	0	290,0	0	985,0	0	339,1	ERA5
1037661	16/05/2022	21	16/05/2022	17	HAE	13,7	0	12,9	0	95,0	0	26,0	0	300,0	0	986,0	0	148,4	ERA5
1037662	16/05/2022	22	16/05/2022	18	HAE	13,2	0	12,4	0	95,0	0	35,0	0	320,0	0	985,0	0	180,3	ERA5
1037663	16/05/2022	23	16/05/2022	19	HAE	12,2	0	11,1	0	93,0	0	34,0	0	320,0	0	984,0	0	144,0	ERA5
1037664	17/05/2022	00	16/05/2022	20	HAE	12,2	0	10,9	0	92,0	0	28,0	0	320,0	0	984,0	0	41,6	ERA5
1037665	17/05/2022	01	16/05/2022	21	HAE	12,3	0	10,8	0	90,0	0	21,0	0	300,0	0	985,0	0	3,5	ERA5
1037666	17/05/2022	02	16/05/2022	22	HAE	11,6	0	10,8	0	95,0	0	23,0	0	280,0	0	986,0	0	0,0	ERA5
1037667	17/05/2022	03	16/05/2022	23	HAE	11,3	0	10,4	0	94,0	0	26,0	0	280,0	0	987,0	0	0,0	ERA5
1037668	17/05/2022	04	17/05/2022	00	HAE	10,6	0	9,6	0	94,0	0	28,0	0	280,0	0	987,0	0	0,0	ERA5
1037669	17/05/2022	05	17/05/2022	01	HAE	10,4	0	9,4	0	93,0	0	26,0	0	270,0	0	987,0	0	0,0	ERA5
1037670	17/05/2022	06	17/05/2022	02	HAE	10,3	0	9,4	0	94,0	0	21,0	0	270,0	0	987,0	0	-0,0	ERA5
1037671	17/05/2022	07	17/05/2022	03	HAE	10,3	0	9,6	0	95,0	0	18,0	0	260,0	0	987,0	0	0,0	ERA5
1037672	17/05/2022	08	17/05/2022	04	HAE	10,3	0	9,7	0	96,0	0	12,0	0	240,0	0	987,0	0	0,0	ERA5
1037673	17/05/2022	09	17/05/2022	05	HAE	10,4	0	9,3	0	93,0	0	22,0	0	240,0	0	987,0	0	0,0	ERA5
1037674	17/05/2022	10	17/05/2022	06	HAE	9,8	0	8,0	0	88,0	0	24,0	0	250,0	0	987,0	0	16,8	ERA5
1037675	17/05/2022	11	17/05/2022	07	HAE	9,9	0	7,8	0	87,0	0	22,0	0	260,0	0	987,0	0	309,6	ERA5
1037676	17/05/2022	12	17/05/2022	08	HAE	10,4	0	8,4	0	87,0	0	19,0	0	260,0	0	988,0	0	693,9	ERA5
1037677	17/05/2022	13	17/05/2022	09	HAE	11,0	0	8,9	0	87,0	0	25,0	0	260,0	0	988,0	0	857,7	ERA5
1037678	17/05/2022	14	17/05/2022	10	HAE	11,2	0	9,4	0	89,0	0	28,0	0	270,0	0	989,0	0	792,7	ERA5
1037679	17/05/2022	15	17/05/2022	11	HAE	12,7	0	10,3	0	85,0	0	27,0	0	260,0	0	989,0	0	787,2	ERA5
1037680	17/05/2022	16	17/05/2022	12	HAE	14,1	0	11,3	0	83,0	0	32,0	0	270,0	0	990,0	0	503,2	ERA5
1037681	17/05/2022	17	17/05/2022	13	HAE	12,6	0	10,8	0	89,0	0	27,0	0	270,0	0	991,0	0	702,5	ERA5
1037682	17/05/2022	18	17/05/2022	14	HAE	13,8	0	11,8	0	88,0	0	24,0	0	270,0	0	991,0	0	1043,2	ERA5
1037683	17/05/2022	19	17/05/2022	15	HAE	14,7	0	11,0	0	78,0	0	30,0	0	280,0	0	991,0	0	1965,2	ERA5
1037684	17/05/2022	20	17/05/2022	16	HAE	14,4	0	8,1	0	66,0	0	35,0	0	290,0	0	992,0	0	1950,7	ERA5
1037685	17/05/2022	21	17/05/2022	17	HAE	14,7	0	6,7	0	59,0	0	29,0	0	280,0	0	993,0	0	1882,5	ERA5
1037686	17/05/2022	22	17/05/2022	18	HAE	13,4	0	6,2	0	61,0	0	37,0	0	290,0	0	994,0	0	1257,2	ERA5
1037687	17/05/2022	23	17/05/2022	19	HAE	12,6	0	4,7	0	58,0	0	40,0	0	290,0	0	995,0	0	649,3	ERA5
1037688	18/05/2022	00	17/05/2022	20	HAE	12,1	0	3,8	0	57,0	0	28,0	0	290,0	0	996,0	0	282,4	ERA5
1037689	18/05/2022	01	17/05/2022	21	HAE	10,9	0	3,9	0	62,0	0	21,0	0	280,0	0	997,0	0	19,0	ERA5
1037690	18/05/2022	02	17/05/2022	22	HAE	9,8	0	3,9	0	66,0	0	18,0	0	270,0	0	998,0	0	0,0	ERA5
1037691	18/05/2022	03	17/05/2022	23	HAE	8,6	0	4,1	0	73,0	0	15,0	0	280,0	0	998,0	0	0,0	ERA5
1037692	18/05/2022	04	18/05/2022	00	HAE	6,7	0	4,1	0	83,0	0	14,0	0	260,0	0	999,0	0	0,0	ERA5
1037693	18/05/2022	05	18/05/2022	01	HAE	8,3	0	1,3	0	61,0	0	19,0	0	300,0	0	999,0	0	0,0	ERA5
1037694	18/05/2022	06	18/05/2022	02	HAE	6,0	0	2,6	0	78,0	0	16,0	0	270,0	0	999,0	0	0,0	ERA5
1037695	18/05/2022	07	18/05/2022	03	HAE	5,3	0	1,4	0	76,0	0	18,0	0	310,0	0	1000,0	0	0,0	ERA5
1037696	18/05/2022	08	18/05/2022	04	HAE	5,5	0	-0,9	0	63,0	0	14,0	0	320,0	0	1000,0	0	0,0	ERA5
1037697	18/05/2022	09	18/05/2022	05	HAE	6,0	0	-1,7	0	58,0	0	20,0	0	340,0	0	1001,0	0	0,0	ERA5
1037698	18/05/2022	10	18/05/2022	06	HAE	4,9	0	-1,5	0	63,0	0	9,0	0	340,0	0	1002,0	0	27,3	ERA5
1037699	18/05/2022	11	18/05/2022	07	HAE	7,1	0	-1,8	0	53,0	0	11,0	0	360,0	0	1002,0	0	419,5	ERA5
1037700	18/05/2022	12	18/05/2022	08	HAE	8,5	0	-2,3	0	46,0	0	9,0	0	10,0	0	1003,0	0	1066,0	ERA5
1037701	18/05/2022	13	18/05/2022	09	HAE	9,1	0	-1,7	0	47,0	0	8,0	0	330,0	0	1003,0	0	1747,3	ERA5
1037702	18/05/2022	14	18/05/2022	10	HAE	10,8	0	-0,6	0	45,0	0	4,0	0	320,0	0	1004,0	0	2377,7	ERA5
1037703	18/05/2022	15	18/05/2022	11	HAE	11,6	0	0,7	0	47,0	0	5,0	0	220,0	0	1003,0	0	2896,3	ERA5
1037704	18/05/2022	16	18/05/2022	12	HAE	13,2	0	0,2	0	41,0	0	12,0	0	240,0	0	1003,0	0	3264,8	ERA5
1037705	18/05/2022	17	18/05/2022	13	HAE	14,2	0	1,7	0	43,0	0	13,0	0	210,0	0	1002,0	0	3454,0	ERA5
1037706	18/05/2022	18	18/05/2022	14	HAE	15,5	0	2,0	0	40,0	0	17,0	0	250,0	0	1001,0	0	3446,9	ERA5
1037707	18/05/2022	19	18/05/2022	15	HAE	16,1	0	0,4	0	34,0	0	15,0	0	270,0	0	1000,0	0	3270,8	ERA5
1037708	18/05/2022	20	18/05/2022	16	HAE	16,9	0	-0,2	0	31,0	0	15,0	0	250,0	0	999,0	0	2600,3	ERA5
1037709	18/05/2022	21	18/05/2022	17	HAE	17,4	0	1,1	0	33,0	0	10,0	0	190,0	0	999,0	0	2128,0	ERA5
1037710	18/05/2022	22	18/05/2022	18	HAE	17,3	0	1,0	0	33,0	0	14,0	0	230,0	0	998,0	0	1042,9	ERA5
1037711	18/05/2022	23	18/05/2022	19	HAE	16,3	0	0,5	0	34,0	0	17,0	0	210,0	0	997,0	0	771,3	ERA5
1037712	19/05/2022	00	18/05/2022	20	HAE	14,1	0	2,1	0	44,0	0	11,0	0	190,0	0	996,0	0	287,8	ERA5
1037713	19/05/2022	01	18/05/2022	21	HAE	12,5	0	3,6	0	55,0	0	17,0	0	190,0	0	997,0	0	22,9	ERA5
1037714	19/05/2022	02	18/05/2022	22	HAE	10,3	0	3,2	0	61,0	0	10,0	0	190,0	0	997,0	0	0,0	ERA5
1037715	19/05/2022	03	18/05/2022	23	HAE	9,0	0	2,6	0	64,0	0	10,0	0	190,0	0	997,0	0	0,0	ERA5
1037716	19/05/2022	04	19/05/2022	00	HAE	7,7	0	1,7	0	66,0	0	10,0	0	200,0	0	997,0	0	0,0	ERA5
1037717	19/05/2022	05	19/05/2022	01	HAE	7,1	0	1,6	0	68,0	0	7,0	0	200,0	0	997,0	0	0,0	ERA5
1037718	19/05/2022	06	19/05/2022	02	HAE	5,2	0	1,7	0	78,0	0	6,0	0	160,0	0	995,0	0	-0,0	ERA5
1037719	19/05/2022	07	19/05/2022	03	HAE	5,0	0	0,9	0	75,0	0	10,0	0	170,0	0	995,0	0	0,0	ERA5
1037720	19/05/2022	08	19/05/2022	04	HAE	4,1	0	1,4	0	82,0	0	9,0	0	130,0	0	994,0	0	0,0	ERA5
1037721	19/05/2022	09	19/05/2022	05	HAE	5,4	0	2,9	0	84,0	0	8,0	0	50,0	0	994,0	0	0,0	ERA5
1037722	19/05/2022	10	19/05/2022	06	HAE	5,1	0	3,6	0	90,0	0	7,0	0	50,0	0	993,0	0	23,3	ERA5
1037723	19/05/2022	11	19/05/2022	07	HAE	6,1	0	4,5	0	89,0	0	10,0	0	50,0	0	993,0	0	276,4	ERA5
1037724	19/05/2022	12	19/05/2022	08	HAE	7,8	0	4,9	0	82,0	0	11,0	0	70,0	0	992,0	0	599,0	ERA5
1037725	19/05/2022	13	19/05/2022	09	HAE	8,5	0	4,5	0	76,0	0	13,0	0	30,0	0	992,0	0	970,0	ERA5
1037726	19/05/2022	14	19/05/2022	10	HAE	8,0	0	6,0	0	87,0	0	6,0	0	50,0	0	992,0	0	663,5	ERA5
1037727	19/05/2022	15	19/05/2022	11	HAE	7,8	0	6,1	0	89,0	0	13,0	0	70,0	0	992,0	0	477,4	ERA5
1037728	19/05/2022	16	19/05/2022	12	HAE	8,2	0	7,0	0	92,0	0	13,0	0	40,0	0	991,0	0	518,5	ERA5
1037729	19/05/2022	17	19/05/2022	13	HAE	9,5	0	7,8	0	90,0	0	13,0	0	50,0	0	991,0	0	468,2	ERA5
1037730	19/05/2022	18	19/05/2022	14	HAE	9,9	0	8,2	0	89,0	0	8,0	0	40,0	0	991,0	0	525,1	ERA5
1037731	19/05/2022	19	19/05/2022	15	HAE	10,2	0	8,6	0	90,0	0	9,0	0	60,0	0	991,0	0	642,0	ERA5
1037732	19/05/2022	20	19/05/2022	16	HAE	10,5	0	8,2	0	86,0	0	5,0	0	120,0	0	992,0	0	771,3	ERA5
1037733	19/05/2022	21	19/05/2022	17	HAE	10,6	0	8,2	0	85,0	0	2,0	0	0,0	0	992,0	0	843,5	ERA5
1037734	19/05/2022	22	19/05/2022	18	HAE	11,1	0	8,6	0	85,0	0	4,0	0	180,0	0	992,0	0	632,8	ERA5
1037735	19/05/2022	23	19/05/2022	19	HAE	11,1	0	8,7	0	85,0	0	5,0	0	220,0	0	992,0	0	698,5	ERA5
1037736	20/05/2022	00	19/05/2022	20	HAE	10,7	0	8,8	0	88,0	0	3,0	0	210,0	0	994,0	0	325,7	ERA5
1037737	20/05/2022	01	19/05/2022	21	HAE	9,3	0	8,4	0	94,0	0	8,0	0	170,0	0	994,0	0	20,9	ERA5
1037738	20/05/2022	02	19/05/2022	22	HAE	8,5	0	8,1	0	97,0	0	9,0	0	180,0	0	995,0	0	0,0	ERA5
1037739	20/05/2022	03	19/05/2022	23	HAE	7,7	0	7,3	0	98,0	0	9,0	0	140,0	0	995,0	0	-0,0	ERA5
1037740	20/05/2022	04	20/05/2022	00	HAE	7,6	0	7,3	0	98,0	0	8,0	0	160,0	0	995,0	0	0,0	ERA5
1037741	20/05/2022	05	20/05/2022	01	HAE	7,4	0	7,2	0	98,0	0	10,0	0	140,0	0	995,0	0	0,0	ERA5
1037742	20/05/2022	06	20/05/2022	02	HAE	8,4	0	8,2	0	99,0	0	12,0	0	160,0	0	995,0	0	0,0	ERA5
1037743	20/05/2022	07	20/05/2022	03	HAE	8,3	0	8,2	0	99,0	0	8,0	0	170,0	0	995,0	0	0,0	ERA5
1037744	20/05/2022	08	20/05/2022	04	HAE	7,9	0	7,8	0	99,0	0	5,0	0	140,0	0	995,0	0	0,0	ERA5
1037745	20/05/2022	09	20/05/2022	05	HAE	7,7	0	7,6	0	99,0	0	9,0	0	150,0	0	996,0	0	0,0	ERA5
1037746	20/05/2022	10	20/05/2022	06	HAE	8,2	0	8,1	0	99,0	0	6,0	0	110,0	0	996,0	0	21,1	ERA5
1037747	20/05/2022	11	20/05/2022	07	HAE	9,3	0	9,2	0	99,0	0	8,0	0	120,0	0	996,0	0	335,4	ERA5
1037748	20/05/2022	12	20/05/2022	08	HAE	9,9	0	9,8	0	99,0	0	12,0	0	120,0	0	997,0	0	837,8	ERA5
1037749	20/05/2022	13	20/05/2022	09	HAE	11,4	0	11,0	0	97,0	0	14,0	0	80,0	0	996,0	0	1162,3	ERA5
1037750	20/05/2022	14	20/05/2022	10	HAE	15,2	0	11,3	0	78,0	0	19,0	0	100,0	0	996,0	0	1742,4	ERA5
1037751	20/05/2022	15	20/05/2022	11	HAE	18,1	0	12,5	0	70,0	0	18,0	0	120,0	0	995,0	0	2194,3	ERA5
1037752	20/05/2022	16	20/05/2022	12	HAE	20,7	0	14,0	0	65,0	0	25,0	0	120,0	0	994,0	0	2841,8	ERA5
1037753	20/05/2022	17	20/05/2022	13	HAE	22,7	0	15,2	0	62,0	0	18,0	0	120,0	0	993,0	0	3088,5	ERA5
1037754	20/05/2022	18	20/05/2022	14	HAE	24,9	0	15,9	0	57,0	0	14,0	0	160,0	0	993,0	0	3108,1	ERA5
1037755	20/05/2022	19	20/05/2022	15	HAE	26,9	0	16,7	0	53,0	0	17,0	0	170,0	0	992,0	0	2981,6	ERA5
1037756	20/05/2022	20	20/05/2022	16	HAE	27,0	0	15,9	0	50,0	0	28,0	0	170,0	0	992,0	0	2191,2	ERA5
1037757	20/05/2022	21	20/05/2022	17	HAE	26,8	0	15,8	0	50,0	0	25,0	0	190,0	0	991,0	0	1800,2	ERA5
1037758	20/05/2022	22	20/05/2022	18	HAE	26,4	0	15,7	0	51,0	0	33,0	0	200,0	0	990,0	0	1469,1	ERA5
1037759	20/05/2022	23	20/05/2022	19	HAE	25,6	0	15,5	0	53,0	0	26,0	0	200,0	0	991,0	0	882,2	ERA5
1037760	21/05/2022	00	20/05/2022	20	HAE	24,1	0	16,1	0	60,0	0	13,0	0	190,0	0	991,0	0	342,9	ERA5
1037761	21/05/2022	01	20/05/2022	21	HAE	21,7	0	16,3	0	71,0	0	15,0	0	140,0	0	991,0	0	22,9	ERA5
1037762	21/05/2022	02	20/05/2022	22	HAE	22,1	0	16,2	0	69,0	0	13,0	0	180,0	0	993,0	0	0,0	ERA5
1037763	21/05/2022	03	20/05/2022	23	HAE	21,7	0	15,9	0	69,0	0	14,0	0	200,0	0	993,0	0	0,0	ERA5
1037764	21/05/2022	04	21/05/2022	00	HAE	21,2	0	16,3	0	73,0	0	17,0	0	170,0	0	992,0	0	0,0	ERA5
1037765	21/05/2022	05	21/05/2022	01	HAE	21,3	0	16,4	0	73,0	0	22,0	0	190,0	0	992,0	0	0,0	ERA5
1037766	21/05/2022	06	21/05/2022	02	HAE	21,3	0	16,9	0	76,0	0	16,0	0	190,0	0	992,0	0	0,0	ERA5
1037767	21/05/2022	07	21/05/2022	03	HAE	20,9	0	17,2	0	79,0	0	21,0	0	200,0	0	992,0	0	0,0	ERA5
1037768	21/05/2022	08	21/05/2022	04	HAE	20,6	0	17,4	0	82,0	0	19,0	0	190,0	0	993,0	0	0,0	ERA5
1037769	21/05/2022	09	21/05/2022	05	HAE	20,3	0	17,7	0	85,0	0	11,0	0	200,0	0	994,0	0	0,0	ERA5
1037770	21/05/2022	10	21/05/2022	06	HAE	20,5	0	17,7	0	84,0	0	16,0	0	210,0	0	994,0	0	18,9	ERA5
1037771	21/05/2022	11	21/05/2022	07	HAE	20,7	0	17,7	0	82,0	0	19,0	0	210,0	0	995,0	0	291,1	ERA5
1037772	21/05/2022	12	21/05/2022	08	HAE	21,5	0	18,0	0	80,0	0	16,0	0	210,0	0	996,0	0	817,7	ERA5
1037773	21/05/2022	13	21/05/2022	09	HAE	23,0	0	18,4	0	75,0	0	21,0	0	210,0	0	996,0	0	1274,4	ERA5
1037774	21/05/2022	14	21/05/2022	10	HAE	24,8	0	19,7	0	73,0	0	15,0	0	200,0	0	996,0	0	2015,0	ERA5
1037775	21/05/2022	15	21/05/2022	11	HAE	27,1	0	19,8	0	64,0	0	16,0	0	190,0	0	995,0	0	2402,7	ERA5
1037776	21/05/2022	16	21/05/2022	12	HAE	26,5	0	19,4	0	64,0	0	26,0	0	200,0	0	995,0	0	2253,1	ERA5
1037777	21/05/2022	17	21/05/2022	13	HAE	29,3	0	20,8	0	59,0	0	16,0	0	220,0	0	996,0	0	2427,7	ERA5
1037778	21/05/2022	18	21/05/2022	14	HAE	29,9	0	20,1	0	55,0	0	20,0	0	210,0	0	996,0	0	1615,6	ERA5
1037779	21/05/2022	19	21/05/2022	15	HAE	29,6	0	18,6	0	51,0	0	30,0	0	230,0	0	996,0	0	2091,8	ERA5
1037780	21/05/2022	20	21/05/2022	16	HAE	24,0	4.lineaire	16,1	0	91,0	0	35,0	0	260,0	0	999,0	0	1619,2	ERA5
1037781	21/05/2022	21	21/05/2022	17	HAE	18,4	0	16,2	0	87,0	0	21,0	0	180,0	0	997,0	0	1102,1	ERA5
1037782	21/05/2022	22	21/05/2022	18	HAE	20,3	0	17,1	0	82,0	0	16,0	0	230,0	0	999,0	0	980,1	ERA5
1037783	21/05/2022	23	21/05/2022	19	HAE	21,3	0	17,6	0	79,0	0	13,0	0	230,0	0	1000,0	0	191,9	ERA5
1037784	22/05/2022	00	21/05/2022	20	HAE	20,1	0	17,2	0	83,0	0	13,0	0	230,0	0	999,0	0	201,5	ERA5
1037785	22/05/2022	01	21/05/2022	21	HAE	19,0	0	16,8	0	87,0	0	6,0	0	240,0	0	999,0	0	21,3	ERA5
1037786	22/05/2022	02	21/05/2022	22	HAE	17,8	0	16,4	0	91,0	0	9,0	0	250,0	0	1000,0	0	0,0	ERA5
1037787	22/05/2022	03	21/05/2022	23	HAE	18,1	0	17,2	0	94,0	0	8,0	0	250,0	0	1001,0	0	0,0	ERA5
1037788	22/05/2022	04	22/05/2022	00	HAE	17,1	0	16,5	0	96,0	0	10,0	0	230,0	0	1002,0	0	0,0	ERA5
1037789	22/05/2022	05	22/05/2022	01	HAE	17,3	0	16,5	0	95,0	0	11,0	0	200,0	0	1002,0	0	0,0	ERA5
1037790	22/05/2022	06	22/05/2022	02	HAE	16,9	0	15,8	0	93,0	0	8,0	0	250,0	0	1001,0	0	0,0	ERA5
1037791	22/05/2022	07	22/05/2022	03	HAE	16,7	0	15,6	0	93,0	0	14,0	0	310,0	0	999,0	0	0,0	ERA5
1037792	22/05/2022	08	22/05/2022	04	HAE	16,0	0	15,1	0	94,0	0	12,0	0	240,0	0	1000,0	0	0,0	ERA5
1037793	22/05/2022	09	22/05/2022	05	HAE	15,7	0	14,7	0	94,0	0	7,0	0	200,0	0	1000,0	0	0,0	ERA5
1037794	22/05/2022	10	22/05/2022	06	HAE	14,9	0	13,7	0	92,0	0	7,0	0	210,0	0	1000,0	0	17,6	ERA5
1037795	22/05/2022	11	22/05/2022	07	HAE	16,3	0	13,6	0	84,0	0	14,0	0	230,0	0	1001,0	0	289,2	ERA5
1037796	22/05/2022	12	22/05/2022	08	HAE	16,4	0	12,9	0	80,0	0	11,0	0	250,0	0	1000,0	0	512,9	ERA5
1037797	22/05/2022	13	22/05/2022	09	HAE	17,5	0	12,2	0	71,0	0	7,0	0	190,0	0	1000,0	0	1021,8	ERA5
1037798	22/05/2022	14	22/05/2022	10	HAE	19,4	0	11,5	0	60,0	0	10,0	0	230,0	0	1000,0	0	1553,3	ERA5
1037799	22/05/2022	15	22/05/2022	11	HAE	20,3	0	14,1	0	67,0	0	11,0	0	190,0	0	999,0	0	1294,7	ERA5
1037800	22/05/2022	16	22/05/2022	12	HAE	19,8	0	15,2	0	75,0	0	22,0	0	260,0	0	999,0	0	1141,4	ERA5
1037801	22/05/2022	17	22/05/2022	13	HAE	15,1	0	11,8	0	80,0	0	35,0	0	300,0	0	1001,0	0	912,6	ERA5
1037802	22/05/2022	18	22/05/2022	14	HAE	13,6	0	11,3	0	86,0	0	24,0	0	300,0	0	1001,0	0	645,8	ERA5
1037803	22/05/2022	19	22/05/2022	15	HAE	12,9	0	11,7	0	93,0	0	16,0	0	290,0	0	1002,0	0	374,3	ERA5
1037804	22/05/2022	20	22/05/2022	16	HAE	13,1	0	12,4	0	96,0	0	13,0	0	260,0	0	1002,0	0	163,5	ERA5
1037805	22/05/2022	21	22/05/2022	17	HAE	13,3	0	12,2	0	93,0	0	12,0	0	290,0	0	1002,0	0	305,2	ERA5
1037806	22/05/2022	22	22/05/2022	18	HAE	13,2	0	11,3	0	88,0	0	21,0	0	280,0	0	1004,0	0	347,4	ERA5
1037807	22/05/2022	23	22/05/2022	19	HAE	12,4	0	8,7	0	78,0	0	25,0	0	300,0	0	1006,0	0	360,9	ERA5
1037808	23/05/2022	00	22/05/2022	20	HAE	12,0	0	8,1	0	77,0	0	14,0	0	310,0	0	1006,0	0	158,1	ERA5
1037809	23/05/2022	01	22/05/2022	21	HAE	10,7	0	8,0	0	84,0	0	9,0	0	300,0	0	1007,0	0	14,0	ERA5
1037810	23/05/2022	02	22/05/2022	22	HAE	9,8	0	7,2	0	84,0	0	9,0	0	300,0	0	1009,0	0	0,0	ERA5
1037811	23/05/2022	03	22/05/2022	23	HAE	9,6	0	7,2	0	85,0	0	10,0	0	300,0	0	1009,0	0	0,0	ERA5
1037812	23/05/2022	04	23/05/2022	00	HAE	8,1	0	6,2	0	87,0	0	9,0	0	320,0	0	1010,0	0	0,0	ERA5
1037813	23/05/2022	05	23/05/2022	01	HAE	8,1	0	6,0	0	86,0	0	8,0	0	10,0	0	1010,0	0	-0,0	ERA5
1037814	23/05/2022	06	23/05/2022	02	HAE	8,1	0	4,8	0	80,0	0	13,0	0	350,0	0	1010,0	0	0,0	ERA5
1037815	23/05/2022	07	23/05/2022	03	HAE	7,2	0	4,7	0	84,0	0	10,0	0	350,0	0	1011,0	0	0,0	ERA5
1037816	23/05/2022	08	23/05/2022	04	HAE	6,4	0	4,5	0	88,0	0	10,0	0	10,0	0	1011,0	0	0,0	ERA5
1037817	23/05/2022	09	23/05/2022	05	HAE	6,9	0	5,2	0	88,0	0	8,0	0	350,0	0	1011,0	0	0,0	ERA5
1037818	23/05/2022	10	23/05/2022	06	HAE	6,9	0	5,7	0	92,0	0	5,0	0	310,0	0	1012,0	0	17,9	ERA5
1037819	23/05/2022	11	23/05/2022	07	HAE	8,3	0	4,6	0	77,0	0	10,0	0	20,0	0	1013,0	0	162,5	ERA5
1037820	23/05/2022	12	23/05/2022	08	HAE	9,8	0	4,2	0	68,0	0	13,0	0	40,0	0	1013,0	0	397,8	ERA5
1037821	23/05/2022	13	23/05/2022	09	HAE	10,5	0	4,1	0	65,0	0	10,0	0	20,0	0	1014,0	0	1020,5	ERA5
1037822	23/05/2022	14	23/05/2022	10	HAE	11,3	0	1,4	0	50,0	0	4,0	0	100,0	0	1014,0	0	1127,8	ERA5
1037823	23/05/2022	15	23/05/2022	11	HAE	13,1	0	2,9	0	50,0	0	13,0	0	80,0	0	1014,0	0	1449,1	ERA5
1037824	23/05/2022	16	23/05/2022	12	HAE	13,1	0	2,4	0	48,0	0	7,0	0	160,0	0	1014,0	0	2073,1	ERA5
1037825	23/05/2022	17	23/05/2022	13	HAE	14,0	0	3,6	0	49,0	0	7,0	0	100,0	0	1013,0	0	2177,5	ERA5
1037826	23/05/2022	18	23/05/2022	14	HAE	15,8	0	3,4	0	43,0	0	8,0	0	10,0	0	1013,0	0	2226,2	ERA5
1037827	23/05/2022	19	23/05/2022	15	HAE	15,8	0	3,2	0	43,0	0	7,0	0	290,0	0	1012,0	0	2724,5	ERA5
1037828	23/05/2022	20	23/05/2022	16	HAE	15,6	0	1,8	0	39,0	0	11,0	0	250,0	0	1012,0	0	2362,2	ERA5
1037829	23/05/2022	21	23/05/2022	17	HAE	15,6	0	1,6	0	39,0	0	7,0	0	310,0	0	1012,0	0	1257,4	ERA5
1037830	23/05/2022	22	23/05/2022	18	HAE	15,5	0	2,1	0	40,0	0	3,0	0	270,0	0	1012,0	0	776,6	ERA5
1037831	23/05/2022	23	23/05/2022	19	HAE	14,1	0	5,7	0	57,0	0	7,0	0	150,0	0	1012,0	0	501,2	ERA5
1037832	24/05/2022	00	23/05/2022	20	HAE	13,6	0	5,0	0	56,0	0	9,0	0	90,0	0	1013,0	0	286,1	ERA5
1037833	24/05/2022	01	23/05/2022	21	HAE	12,6	0	5,6	0	62,0	0	6,0	0	90,0	0	1013,0	0	28,2	ERA5
1037834	24/05/2022	02	23/05/2022	22	HAE	11,4	0	6,9	0	74,0	0	4,0	0	90,0	0	1013,0	0	0,0	ERA5
1037835	24/05/2022	03	23/05/2022	23	HAE	10,0	0	6,4	0	78,0	0	5,0	0	90,0	0	1013,0	0	0,0	ERA5
1037836	24/05/2022	04	24/05/2022	00	HAE	8,3	0	6,1	0	86,0	0	8,0	0	90,0	0	1013,0	0	0,0	ERA5
1037837	24/05/2022	05	24/05/2022	01	HAE	8,3	0	5,3	0	81,0	0	5,0	0	90,0	0	1013,0	0	0,0	ERA5
1037838	24/05/2022	06	24/05/2022	02	HAE	6,8	0	4,4	0	84,0	0	6,0	0	90,0	0	1013,0	0	0,0	ERA5
1037839	24/05/2022	07	24/05/2022	03	HAE	8,7	0	5,0	0	77,0	0	5,0	0	20,0	0	1014,0	0	0,0	ERA5
1037840	24/05/2022	08	24/05/2022	04	HAE	7,1	0	5,6	0	90,0	0	8,0	0	60,0	0	1013,0	0	0,0	ERA5
1037841	24/05/2022	09	24/05/2022	05	HAE	6,3	0	5,5	0	95,0	0	8,0	0	50,0	0	1014,0	0	0,0	ERA5
1037842	24/05/2022	10	24/05/2022	06	HAE	7,2	0	6,3	0	94,0	0	7,0	0	70,0	0	1014,0	0	30,1	ERA5
1037843	24/05/2022	11	24/05/2022	07	HAE	8,7	0	7,0	0	89,0	0	11,0	0	60,0	0	1014,0	0	326,0	ERA5
1037844	24/05/2022	12	24/05/2022	08	HAE	11,7	0	6,5	0	71,0	0	10,0	0	80,0	0	1015,0	0	777,5	ERA5
1037845	24/05/2022	13	24/05/2022	09	HAE	13,5	0	6,8	0	64,0	0	9,0	0	70,0	0	1015,0	0	1311,8	ERA5
1037846	24/05/2022	14	24/05/2022	10	HAE	15,5	0	5,2	0	50,0	0	13,0	0	100,0	0	1014,0	0	1905,8	ERA5
1037847	24/05/2022	15	24/05/2022	11	HAE	15,7	0	4,0	0	45,0	0	16,0	0	110,0	0	1014,0	0	2523,0	ERA5
1037848	24/05/2022	16	24/05/2022	12	HAE	16,1	0	3,1	0	41,0	0	10,0	0	100,0	0	1014,0	0	2846,3	ERA5
1037849	24/05/2022	17	24/05/2022	13	HAE	16,4	0	4,5	0	45,0	0	12,0	0	60,0	0	1013,0	0	2083,6	ERA5
1037850	24/05/2022	18	24/05/2022	14	HAE	17,2	0	4,7	0	43,0	0	8,0	0	70,0	0	1013,0	0	1931,7	ERA5
1037851	24/05/2022	19	24/05/2022	15	HAE	17,1	0	1,8	0	36,0	0	3,0	0	240,0	0	1013,0	0	1942,0	ERA5
1037852	24/05/2022	20	24/05/2022	16	HAE	17,7	0	2,6	0	36,0	0	1,0	0	0,0	0	1012,0	0	1720,6	ERA5
1037853	24/05/2022	21	24/05/2022	17	HAE	18,4	0	4,0	0	38,0	0	7,0	0	10,0	0	1012,0	0	1413,5	ERA5
1037854	24/05/2022	22	24/05/2022	18	HAE	17,9	0	2,1	0	34,0	0	4,0	0	260,0	0	1012,0	0	910,5	ERA5
1037855	24/05/2022	23	24/05/2022	19	HAE	16,8	0	3,1	0	40,0	0	13,0	0	70,0	0	1012,0	0	731,8	ERA5
1037856	25/05/2022	00	24/05/2022	20	HAE	15,5	0	4,0	0	46,0	0	7,0	0	70,0	0	1012,0	0	377,5	ERA5
1037857	25/05/2022	01	24/05/2022	21	HAE	12,9	0	3,8	0	54,0	0	7,0	0	110,0	0	1012,0	0	37,1	ERA5
1037858	25/05/2022	02	24/05/2022	22	HAE	11,4	0	4,6	0	63,0	0	7,0	0	40,0	0	1013,0	0	-0,0	ERA5
1037859	25/05/2022	03	24/05/2022	23	HAE	10,8	0	4,3	0	64,0	0	3,0	0	90,0	0	1013,0	0	0,0	ERA5
1037860	25/05/2022	04	25/05/2022	00	HAE	9,3	0	3,9	0	69,0	0	5,0	0	110,0	0	1013,0	0	0,0	ERA5
1037861	25/05/2022	05	25/05/2022	01	HAE	9,4	0	4,3	0	71,0	0	5,0	0	340,0	0	1013,0	0	0,0	ERA5
1037862	25/05/2022	06	25/05/2022	02	HAE	6,2	0	3,3	0	82,0	0	2,0	0	0,0	0	1013,0	0	0,0	ERA5
1037863	25/05/2022	07	25/05/2022	03	HAE	5,7	0	3,5	0	86,0	0	4,0	0	60,0	0	1013,0	0	0,0	ERA5
1037864	25/05/2022	08	25/05/2022	04	HAE	6,6	0	5,0	0	89,0	0	4,0	0	40,0	0	1013,0	0	0,0	ERA5
1037865	25/05/2022	09	25/05/2022	05	HAE	6,8	0	5,1	0	89,0	0	3,0	0	20,0	0	1014,0	0	0,0	ERA5
1037866	25/05/2022	10	25/05/2022	06	HAE	6,3	0	5,3	0	93,0	0	9,0	0	40,0	0	1014,0	0	41,3	ERA5
1037867	25/05/2022	11	25/05/2022	07	HAE	9,9	0	7,8	0	87,0	0	5,0	0	10,0	0	1015,0	0	445,6	ERA5
1037868	25/05/2022	12	25/05/2022	08	HAE	13,0	0	7,5	0	69,0	0	6,0	0	20,0	0	1015,0	0	1056,8	ERA5
1037869	25/05/2022	13	25/05/2022	09	HAE	15,8	0	6,5	0	54,0	0	3,0	0	40,0	0	1015,0	0	1714,8	ERA5
1037870	25/05/2022	14	25/05/2022	10	HAE	17,7	0	5,9	0	46,0	0	5,0	0	350,0	0	1015,0	0	2333,1	ERA5
1037871	25/05/2022	15	25/05/2022	11	HAE	19,1	0	4,4	0	38,0	0	7,0	0	100,0	0	1015,0	0	2835,5	ERA5
1037872	25/05/2022	16	25/05/2022	12	HAE	19,5	0	5,9	0	41,0	0	9,0	0	70,0	0	1015,0	0	3155,2	ERA5
1037873	25/05/2022	17	25/05/2022	13	HAE	19,9	0	4,0	0	35,0	0	1,0	0	0,0	0	1014,0	0	3290,6	ERA5
1037874	25/05/2022	18	25/05/2022	14	HAE	20,9	0	5,3	0	36,0	0	16,0	0	130,0	0	1013,0	0	3286,3	ERA5
1037875	25/05/2022	19	25/05/2022	15	HAE	20,6	0	6,0	0	38,0	0	15,0	0	120,0	0	1013,0	0	3069,8	ERA5
1037876	25/05/2022	20	25/05/2022	16	HAE	20,8	0	3,9	0	32,0	0	10,0	0	130,0	0	1012,0	0	2579,2	ERA5
1037877	25/05/2022	21	25/05/2022	17	HAE	20,2	0	6,9	0	41,0	0	10,0	0	120,0	0	1011,0	0	2006,0	ERA5
1037878	25/05/2022	22	25/05/2022	18	HAE	20,6	0	5,3	0	36,0	0	9,0	0	130,0	0	1011,0	0	1487,9	ERA5
1037879	25/05/2022	23	25/05/2022	19	HAE	19,4	0	5,8	0	41,0	0	9,0	0	130,0	0	1011,0	0	863,6	ERA5
1037880	26/05/2022	00	25/05/2022	20	HAE	17,6	0	7,3	0	50,0	0	7,0	0	70,0	0	1010,0	0	265,3	ERA5
1037881	26/05/2022	01	25/05/2022	21	HAE	16,6	0	7,4	0	54,0	0	9,0	0	80,0	0	1010,0	0	19,2	ERA5
1037882	26/05/2022	02	25/05/2022	22	HAE	16,4	0	7,2	0	54,0	0	8,0	0	100,0	0	1010,0	0	-0,0	ERA5
1037883	26/05/2022	03	25/05/2022	23	HAE	15,8	0	7,5	0	58,0	0	10,0	0	110,0	0	1009,0	0	0,0	ERA5
1037884	26/05/2022	04	26/05/2022	00	HAE	16,3	0	7,0	0	54,0	0	13,0	0	90,0	0	1009,0	0	0,0	ERA5
1037885	26/05/2022	05	26/05/2022	01	HAE	16,4	0	6,5	0	52,0	0	14,0	0	90,0	0	1008,0	0	0,0	ERA5
1037886	26/05/2022	06	26/05/2022	02	HAE	16,3	0	6,6	0	52,0	0	17,0	0	90,0	0	1007,0	0	0,0	ERA5
1037887	26/05/2022	07	26/05/2022	03	HAE	14,5	0	8,5	0	67,0	0	13,0	0	100,0	0	1006,0	0	0,0	ERA5
1037888	26/05/2022	08	26/05/2022	04	HAE	13,2	0	10,9	0	86,0	0	8,0	0	60,0	0	1006,0	0	0,0	ERA5
1037889	26/05/2022	09	26/05/2022	05	HAE	12,7	0	11,7	0	93,0	0	10,0	0	100,0	0	1006,0	0	0,0	ERA5
1037890	26/05/2022	10	26/05/2022	06	HAE	13,2	0	12,1	0	93,0	0	14,0	0	90,0	0	1005,0	0	5,2	ERA5
1037891	26/05/2022	11	26/05/2022	07	HAE	13,9	0	12,9	0	93,0	0	14,0	0	100,0	0	1005,0	0	87,9	ERA5
1037892	26/05/2022	12	26/05/2022	08	HAE	15,2	0	13,2	0	88,0	0	15,0	0	130,0	0	1005,0	0	321,4	ERA5
1037893	26/05/2022	13	26/05/2022	09	HAE	15,9	0	12,7	0	81,0	0	18,0	0	140,0	0	1004,0	0	692,8	ERA5
1037894	26/05/2022	14	26/05/2022	10	HAE	17,9	0	13,2	0	74,0	0	13,0	0	170,0	0	1003,0	0	1192,7	ERA5
1037895	26/05/2022	15	26/05/2022	11	HAE	20,2	0	11,9	0	58,0	0	21,0	0	200,0	0	1002,0	0	998,7	ERA5
1037896	26/05/2022	16	26/05/2022	12	HAE	20,2	0	11,4	0	57,0	0	25,0	0	190,0	0	1001,0	0	1156,2	ERA5
1037897	26/05/2022	17	26/05/2022	13	HAE	20,5	0	12,6	0	60,0	0	21,0	0	200,0	0	1001,0	0	1242,8	ERA5
1037898	26/05/2022	18	26/05/2022	14	HAE	21,0	0	13,3	0	61,0	0	21,0	0	200,0	0	1000,0	0	426,1	ERA5
1037899	26/05/2022	19	26/05/2022	15	HAE	21,2	0	13,2	0	60,0	0	26,0	0	200,0	0	999,0	0	1650,6	ERA5
1037900	26/05/2022	20	26/05/2022	16	HAE	22,2	0	13,7	0	58,0	0	25,0	0	200,0	0	998,0	0	1074,2	ERA5
1037901	26/05/2022	21	26/05/2022	17	HAE	24,8	0	15,1	0	54,0	0	31,0	0	210,0	0	998,0	0	1610,2	ERA5
1037902	26/05/2022	22	26/05/2022	18	HAE	24,2	0	15,1	0	56,0	0	23,0	0	210,0	0	997,0	0	951,3	ERA5
1037903	26/05/2022	23	26/05/2022	19	HAE	23,6	0	14,9	0	57,0	0	22,0	0	210,0	0	997,0	0	617,3	ERA5
1037904	27/05/2022	00	26/05/2022	20	HAE	23,5	0	14,8	0	58,0	0	23,0	0	210,0	0	997,0	0	223,7	ERA5
1037905	27/05/2022	01	26/05/2022	21	HAE	22,9	0	14,9	0	60,0	0	22,0	0	190,0	0	996,0	0	27,0	ERA5
1037906	27/05/2022	02	26/05/2022	22	HAE	21,9	0	15,8	0	68,0	0	24,0	0	200,0	0	997,0	0	0,0	ERA5
1037907	27/05/2022	03	26/05/2022	23	HAE	21,2	0	15,8	0	71,0	0	14,0	0	190,0	0	996,0	0	0,0	ERA5
1037908	27/05/2022	04	27/05/2022	00	HAE	21,5	0	15,1	0	66,0	0	27,0	0	200,0	0	996,0	0	0,0	ERA5
1037909	27/05/2022	05	27/05/2022	01	HAE	20,5	0	14,9	0	70,0	0	26,0	0	210,0	0	996,0	0	0,0	ERA5
1037910	27/05/2022	06	27/05/2022	02	HAE	20,1	0	15,0	0	72,0	0	28,0	0	210,0	0	996,0	0	0,0	ERA5
1037911	27/05/2022	07	27/05/2022	03	HAE	18,3	0	16,1	0	87,0	0	20,0	0	190,0	0	995,0	0	0,0	ERA5
1037912	27/05/2022	08	27/05/2022	04	HAE	17,5	0	16,7	0	95,0	0	20,0	0	200,0	0	995,0	0	0,0	ERA5
1037913	27/05/2022	09	27/05/2022	05	HAE	17,5	0	16,9	0	96,0	0	18,0	0	190,0	0	995,0	0	0,0	ERA5
1037914	27/05/2022	10	27/05/2022	06	HAE	17,7	0	17,0	0	96,0	0	15,0	0	200,0	0	995,0	0	4,3	ERA5
1037915	27/05/2022	11	27/05/2022	07	HAE	18,0	0	17,4	0	96,0	0	20,0	0	200,0	0	994,0	0	20,1	ERA5
1037916	27/05/2022	12	27/05/2022	08	HAE	18,1	0	17,5	0	96,0	0	13,0	0	200,0	0	994,0	0	46,4	ERA5
1037917	27/05/2022	13	27/05/2022	09	HAE	18,2	0	17,7	0	97,0	0	18,0	0	200,0	0	994,0	0	117,5	ERA5
1037918	27/05/2022	14	27/05/2022	10	HAE	18,6	0	18,1	0	97,0	0	18,0	0	200,0	0	993,0	0	143,1	ERA5
1037919	27/05/2022	15	27/05/2022	11	HAE	18,8	0	18,1	0	96,0	0	17,0	0	210,0	0	993,0	0	146,7	ERA5
1037920	27/05/2022	16	27/05/2022	12	HAE	19,3	0	18,3	0	94,0	0	22,0	0	210,0	0	993,0	0	303,9	ERA5
1037921	27/05/2022	17	27/05/2022	13	HAE	19,9	0	18,7	0	93,0	0	17,0	0	200,0	0	993,0	0	313,3	ERA5
1037922	27/05/2022	18	27/05/2022	14	HAE	20,7	0	18,8	0	89,0	0	21,0	0	190,0	0	993,0	0	352,5	ERA5
1037923	27/05/2022	19	27/05/2022	15	HAE	20,6	0	18,2	0	86,0	0	18,0	0	210,0	0	992,0	0	1002,8	ERA5
1037924	27/05/2022	20	27/05/2022	16	HAE	20,9	0	17,9	0	83,0	0	16,0	0	220,0	0	992,0	0	1203,0	ERA5
1037925	27/05/2022	21	27/05/2022	17	HAE	21,4	0	18,0	0	81,0	0	17,0	0	190,0	0	991,0	0	817,1	ERA5
1037926	27/05/2022	22	27/05/2022	18	HAE	21,2	0	17,8	0	81,0	0	15,0	0	190,0	0	991,0	0	877,7	ERA5
1037927	27/05/2022	23	27/05/2022	19	HAE	20,1	0	17,3	0	84,0	0	12,0	0	200,0	0	990,0	0	409,6	ERA5
1037928	28/05/2022	00	27/05/2022	20	HAE	19,3	0	17,3	0	88,0	0	8,0	0	210,0	0	990,0	0	164,1	ERA5
1037929	28/05/2022	01	27/05/2022	21	HAE	18,7	0	17,6	0	93,0	0	7,0	0	190,0	0	989,0	0	11,0	ERA5
1037930	28/05/2022	02	27/05/2022	22	HAE	18,6	0	17,9	0	96,0	0	10,0	0	200,0	0	990,0	0	-0,0	ERA5
1037931	28/05/2022	03	27/05/2022	23	HAE	18,4	0	17,7	0	96,0	0	13,0	0	220,0	0	990,0	0	0,0	ERA5
1037932	28/05/2022	04	28/05/2022	00	HAE	18,0	0	17,0	0	94,0	0	17,0	0	300,0	0	990,0	0	0,0	ERA5
1037933	28/05/2022	05	28/05/2022	01	HAE	17,5	0	16,6	0	95,0	0	12,0	0	260,0	0	990,0	0	0,0	ERA5
1037934	28/05/2022	06	28/05/2022	02	HAE	17,1	0	16,6	0	97,0	0	11,0	0	260,0	0	990,0	0	0,0	ERA5
1037935	28/05/2022	07	28/05/2022	03	HAE	17,0	0	16,3	0	96,0	0	13,0	0	290,0	0	990,0	0	0,0	ERA5
1037936	28/05/2022	08	28/05/2022	04	HAE	16,3	0	14,1	0	87,0	0	20,0	0	330,0	0	991,0	0	0,0	ERA5
1037937	28/05/2022	09	28/05/2022	05	HAE	15,4	0	14,0	0	92,0	0	24,0	0	320,0	0	991,0	0	0,0	ERA5
1037938	28/05/2022	10	28/05/2022	06	HAE	14,8	0	13,7	0	92,0	0	16,0	0	320,0	0	992,0	0	14,2	ERA5
1037939	28/05/2022	11	28/05/2022	07	HAE	14,3	0	12,6	0	90,0	0	20,0	0	320,0	0	992,0	0	85,9	ERA5
1037940	28/05/2022	12	28/05/2022	08	HAE	14,6	0	12,4	0	87,0	0	20,0	0	320,0	0	993,0	0	297,0	ERA5
1037941	28/05/2022	13	28/05/2022	09	HAE	15,9	0	11,6	0	75,0	0	26,0	0	310,0	0	994,0	0	706,0	ERA5
1037942	28/05/2022	14	28/05/2022	10	HAE	17,6	0	10,0	0	61,0	0	34,0	0	310,0	0	994,0	0	1436,1	ERA5
1037943	28/05/2022	15	28/05/2022	11	HAE	16,9	0	9,5	0	61,0	0	23,0	0	330,0	0	995,0	0	2451,7	ERA5
1037944	28/05/2022	16	28/05/2022	12	HAE	17,9	0	8,7	0	54,0	0	20,0	0	330,0	0	995,0	0	2793,8	ERA5
1037945	28/05/2022	17	28/05/2022	13	HAE	18,9	0	10,3	0	57,0	0	15,0	0	300,0	0	995,0	0	2619,6	ERA5
1037946	28/05/2022	18	28/05/2022	14	HAE	19,9	0	9,2	0	50,0	0	18,0	0	270,0	0	995,0	0	2834,7	ERA5
1037947	28/05/2022	19	28/05/2022	15	HAE	21,2	0	9,4	0	46,0	0	22,0	0	360,0	0	995,0	0	2612,3	ERA5
1037948	28/05/2022	20	28/05/2022	16	HAE	21,8	0	7,6	0	39,0	0	22,0	0	340,0	0	995,0	0	2245,5	ERA5
1037949	28/05/2022	21	28/05/2022	17	HAE	22,2	0	9,1	0	43,0	0	13,0	0	300,0	0	995,0	0	2127,5	ERA5
1037950	28/05/2022	22	28/05/2022	18	HAE	21,6	0	7,6	0	40,0	0	10,0	0	340,0	0	995,0	0	1553,8	ERA5
1037951	28/05/2022	23	28/05/2022	19	HAE	20,9	0	9,6	0	48,0	0	14,0	0	290,0	0	996,0	0	906,6	ERA5
1037952	29/05/2022	00	28/05/2022	20	HAE	19,9	0	9,2	0	50,0	0	12,0	0	270,0	0	997,0	0	393,1	ERA5
1037953	29/05/2022	01	28/05/2022	21	HAE	18,3	0	9,5	0	56,0	0	6,0	0	250,0	0	997,0	0	34,1	ERA5
1037954	29/05/2022	02	28/05/2022	22	HAE	16,1	0	9,6	0	65,0	0	8,0	0	180,0	0	998,0	0	0,0	ERA5
1037955	29/05/2022	03	28/05/2022	23	HAE	15,6	0	10,3	0	70,0	0	9,0	0	190,0	0	998,0	0	0,0	ERA5
1037956	29/05/2022	04	29/05/2022	00	HAE	15,4	0	9,9	0	70,0	0	8,0	0	200,0	0	999,0	0	0,0	ERA5
1037957	29/05/2022	05	29/05/2022	01	HAE	14,0	0	10,1	0	77,0	0	10,0	0	250,0	0	999,0	0	-0,0	ERA5
1037958	29/05/2022	06	29/05/2022	02	HAE	13,6	0	9,7	0	77,0	0	8,0	0	220,0	0	999,0	0	0,0	ERA5
1037959	29/05/2022	07	29/05/2022	03	HAE	11,7	0	8,7	0	82,0	0	8,0	0	210,0	0	999,0	0	0,0	ERA5
1037960	29/05/2022	08	29/05/2022	04	HAE	10,9	0	9,4	0	91,0	0	10,0	0	200,0	0	1000,0	0	0,0	ERA5
1037961	29/05/2022	09	29/05/2022	05	HAE	10,0	0	9,0	0	93,0	0	6,0	0	220,0	0	1001,0	0	0,0	ERA5
1037962	29/05/2022	10	29/05/2022	06	HAE	10,0	0	9,2	0	95,0	0	8,0	0	220,0	0	1002,0	0	47,3	ERA5
1037963	29/05/2022	11	29/05/2022	07	HAE	13,0	0	11,6	0	91,0	0	8,0	0	220,0	0	1002,0	0	450,1	ERA5
1037964	29/05/2022	12	29/05/2022	08	HAE	15,7	0	11,3	0	75,0	0	8,0	0	240,0	0	1003,0	0	1053,2	ERA5
1037965	29/05/2022	13	29/05/2022	09	HAE	18,2	0	12,3	0	68,0	0	9,0	0	230,0	0	1003,0	0	1701,7	ERA5
1037966	29/05/2022	14	29/05/2022	10	HAE	19,6	0	12,8	0	65,0	0	8,0	0	190,0	0	1003,0	0	2307,1	ERA5
1037967	29/05/2022	15	29/05/2022	11	HAE	21,7	0	12,3	0	55,0	0	6,0	0	220,0	0	1003,0	0	2808,2	ERA5
1037968	29/05/2022	16	29/05/2022	12	HAE	23,5	0	12,9	0	51,0	0	12,0	0	180,0	0	1003,0	0	2934,2	ERA5
1037969	29/05/2022	17	29/05/2022	13	HAE	22,9	0	12,1	0	50,0	0	5,0	0	210,0	0	1002,0	0	2670,0	ERA5
1037970	29/05/2022	18	29/05/2022	14	HAE	23,4	0	10,0	0	42,0	0	14,0	0	210,0	0	1002,0	0	2167,8	ERA5
1037971	29/05/2022	19	29/05/2022	15	HAE	25,1	0	10,8	0	40,0	0	17,0	0	240,0	0	1002,0	0	2273,0	ERA5
1037972	29/05/2022	20	29/05/2022	16	HAE	25,3	0	9,6	0	37,0	0	15,0	0	220,0	0	1002,0	0	2275,2	ERA5
1037973	29/05/2022	21	29/05/2022	17	HAE	23,4	0	10,8	0	44,0	0	19,0	0	220,0	0	1001,0	0	1255,4	ERA5
1037974	29/05/2022	22	29/05/2022	18	HAE	23,8	0	12,3	0	48,0	0	23,0	0	210,0	0	1001,0	0	755,9	ERA5
1037975	29/05/2022	23	29/05/2022	19	HAE	22,9	0	11,3	0	48,0	0	22,0	0	200,0	0	1002,0	0	696,2	ERA5
1037976	30/05/2022	00	29/05/2022	20	HAE	21,1	0	11,0	0	52,0	0	14,0	0	200,0	0	1002,0	0	397,3	ERA5
1037977	30/05/2022	01	29/05/2022	21	HAE	18,8	0	10,3	0	57,0	0	8,0	0	180,0	0	1002,0	0	46,7	ERA5
1037978	30/05/2022	02	29/05/2022	22	HAE	17,4	0	10,3	0	63,0	0	7,0	0	170,0	0	1003,0	0	-0,0	ERA5
1037979	30/05/2022	03	29/05/2022	23	HAE	16,9	0	10,2	0	65,0	0	7,0	0	170,0	0	1003,0	0	0,0	ERA5
1037980	30/05/2022	04	30/05/2022	00	HAE	15,5	0	10,7	0	73,0	0	9,0	0	180,0	0	1003,0	0	0,0	ERA5
1037981	30/05/2022	05	30/05/2022	01	HAE	14,9	0	10,6	0	75,0	0	7,0	0	200,0	0	1003,0	0	0,0	ERA5
1037982	30/05/2022	06	30/05/2022	02	HAE	14,3	0	10,8	0	79,0	0	7,0	0	230,0	0	1003,0	0	0,0	ERA5
1037983	30/05/2022	07	30/05/2022	03	HAE	13,6	0	10,8	0	83,0	0	7,0	0	230,0	0	1003,0	0	0,0	ERA5
1037984	30/05/2022	08	30/05/2022	04	HAE	12,8	0	10,8	0	88,0	0	11,0	0	210,0	0	1003,0	0	0,0	ERA5
1037985	30/05/2022	09	30/05/2022	05	HAE	12,8	0	11,1	0	89,0	0	9,0	0	200,0	0	1003,0	0	0,0	ERA5
1037986	30/05/2022	10	30/05/2022	06	HAE	13,9	0	11,9	0	88,0	0	16,0	0	200,0	0	1004,0	0	40,6	ERA5
1037987	30/05/2022	11	30/05/2022	07	HAE	14,9	0	12,7	0	87,0	0	4,0	0	220,0	0	1004,0	0	399,4	ERA5
1037988	30/05/2022	12	30/05/2022	08	HAE	15,9	0	13,0	0	83,0	0	10,0	0	250,0	0	1004,0	0	944,4	ERA5
1037989	30/05/2022	13	30/05/2022	09	HAE	17,9	0	13,3	0	74,0	0	9,0	0	220,0	0	1004,0	0	1503,4	ERA5
1037990	30/05/2022	14	30/05/2022	10	HAE	20,4	0	14,2	0	67,0	0	17,0	0	190,0	0	1003,0	0	2118,9	ERA5
1037991	30/05/2022	15	30/05/2022	11	HAE	23,0	0	14,2	0	57,0	0	17,0	0	210,0	0	1003,0	0	2431,9	ERA5
1037992	30/05/2022	16	30/05/2022	12	HAE	25,6	0	15,9	0	54,0	0	16,0	0	190,0	0	1002,0	0	2197,0	ERA5
1037993	30/05/2022	17	30/05/2022	13	HAE	27,7	0	16,3	0	49,0	0	18,0	0	200,0	0	1001,0	0	2556,1	ERA5
1037994	30/05/2022	18	30/05/2022	14	HAE	28,4	0	17,3	0	50,0	0	16,0	0	220,0	0	1001,0	0	2748,2	ERA5
1037995	30/05/2022	19	30/05/2022	15	HAE	28,3	0	17,3	0	51,0	0	17,0	0	210,0	0	1000,0	0	2986,6	ERA5
1037996	30/05/2022	20	30/05/2022	16	HAE	27,9	0	17,1	0	51,0	0	27,0	0	190,0	0	999,0	0	2371,2	ERA5
1037997	30/05/2022	21	30/05/2022	17	HAE	26,5	0	17,9	0	59,0	0	20,0	0	200,0	0	999,0	0	1656,0	ERA5
1037998	30/05/2022	22	30/05/2022	18	HAE	25,9	0	17,8	0	61,0	0	18,0	0	200,0	0	999,0	0	1117,4	ERA5
1037999	30/05/2022	23	30/05/2022	19	HAE	26,4	0	18,0	0	59,0	0	18,0	0	200,0	0	998,0	0	363,4	ERA5
1038000	31/05/2022	00	30/05/2022	20	HAE	25,7	0	17,0	0	58,0	0	20,0	0	210,0	0	998,0	0	181,3	ERA5
1038001	31/05/2022	01	30/05/2022	21	HAE	24,7	0	17,1	0	62,0	0	21,0	0	220,0	0	998,0	0	37,2	ERA5
1038002	31/05/2022	02	30/05/2022	22	HAE	23,6	0	17,3	0	67,0	0	16,0	0	210,0	0	998,0	0	0,0	ERA5
1038003	31/05/2022	03	30/05/2022	23	HAE	22,8	0	17,4	0	71,0	0	15,0	0	220,0	0	998,0	0	0,0	ERA5
1038004	31/05/2022	04	31/05/2022	00	HAE	22,1	0	17,4	0	74,0	0	4,0	0	300,0	0	999,0	0	0,0	ERA5
1038005	31/05/2022	05	31/05/2022	01	HAE	21,3	0	17,1	0	77,0	0	8,0	0	210,0	0	999,0	0	0,0	ERA5
1038006	31/05/2022	06	31/05/2022	02	HAE	20,7	0	17,0	0	79,0	0	11,0	0	230,0	0	999,0	0	0,0	ERA5
1038007	31/05/2022	07	31/05/2022	03	HAE	20,2	0	16,8	0	81,0	0	9,0	0	230,0	0	1000,0	0	0,0	ERA5
1038008	31/05/2022	08	31/05/2022	04	HAE	18,9	0	16,4	0	85,0	0	10,0	0	230,0	0	1000,0	0	0,0	ERA5
1038009	31/05/2022	09	31/05/2022	05	HAE	18,6	0	16,4	0	87,0	0	10,0	0	220,0	0	1000,0	0	0,0	ERA5
1038010	31/05/2022	10	31/05/2022	06	HAE	18,1	0	16,5	0	90,0	0	4,0	0	190,0	0	1001,0	0	41,7	ERA5
1038011	31/05/2022	11	31/05/2022	07	HAE	19,7	0	17,1	0	85,0	0	9,0	0	200,0	0	1001,0	0	407,8	ERA5
1038012	31/05/2022	12	31/05/2022	08	HAE	22,5	0	17,5	0	73,0	0	5,0	0	240,0	0	1001,0	0	960,5	ERA5
1038013	31/05/2022	13	31/05/2022	09	HAE	23,1	0	18,5	0	75,0	0	20,0	0	60,0	0	1001,0	0	1574,0	ERA5
1038014	31/05/2022	14	31/05/2022	10	HAE	21,3	0	15,8	0	70,0	0	24,0	0	80,0	0	1002,0	0	2159,8	ERA5
1038015	31/05/2022	15	31/05/2022	11	HAE	20,9	0	14,7	0	67,0	0	24,0	0	80,0	0	1002,0	0	2592,1	ERA5
1038016	31/05/2022	16	31/05/2022	12	HAE	21,1	0	14,7	0	66,0	0	23,0	0	100,0	0	1002,0	0	2727,9	ERA5
1038017	31/05/2022	17	31/05/2022	13	HAE	21,5	0	14,8	0	65,0	0	21,0	0	70,0	0	1002,0	0	2478,7	ERA5
1038018	31/05/2022	18	31/05/2022	14	HAE	21,9	0	14,7	0	63,0	0	19,0	0	110,0	0	1002,0	0	2775,6	ERA5
1038019	31/05/2022	19	31/05/2022	15	HAE	22,3	0	15,7	0	65,0	0	17,0	0	90,0	0	1001,0	0	2132,3	ERA5
1038020	31/05/2022	20	31/05/2022	16	HAE	23,2	0	15,0	0	60,0	0	21,0	0	90,0	0	1001,0	0	2439,6	ERA5
1038021	31/05/2022	21	31/05/2022	17	HAE	22,1	0	13,3	0	57,0	0	22,0	0	80,0	0	1001,0	0	2001,8	ERA5
1038022	31/05/2022	22	31/05/2022	18	HAE	20,9	0	12,6	0	59,0	0	26,0	0	90,0	0	1001,0	0	1419,2	ERA5
1038023	31/05/2022	23	31/05/2022	19	HAE	19,7	0	12,1	0	61,0	0	23,0	0	60,0	0	1001,0	0	810,1	ERA5
1038024	01/06/2022	00	31/05/2022	20	HAE	18,3	0	11,4	0	64,0	0	13,0	0	60,0	0	1002,0	0	380,4	ERA5
1038025	01/06/2022	01	31/05/2022	21	HAE	17,2	0	9,5	0	60,0	0	27,0	0	90,0	0	1001,0	0	31,7	ERA5
1038026	01/06/2022	02	31/05/2022	22	HAE	16,1	0	7,9	0	58,0	0	16,0	0	70,0	0	1002,0	0	0,0	ERA5
1038027	01/06/2022	03	31/05/2022	23	HAE	15,2	0	7,5	0	60,0	0	13,0	0	50,0	0	1002,0	0	0,0	ERA5
1038028	01/06/2022	04	01/06/2022	00	HAE	14,6	0	7,1	0	60,0	0	14,0	0	50,0	0	1002,0	0	0,0	ERA5
1038029	01/06/2022	05	01/06/2022	01	HAE	14,3	0	8,1	0	66,0	0	17,0	0	50,0	0	1002,0	0	0,0	ERA5
1038030	01/06/2022	06	01/06/2022	02	HAE	14,2	0	8,4	0	68,0	0	19,0	0	70,0	0	1001,0	0	-0,0	ERA5
1038031	01/06/2022	07	01/06/2022	03	HAE	14,2	0	8,3	0	67,0	0	19,0	0	50,0	0	1000,0	0	0,0	ERA5
1038032	01/06/2022	08	01/06/2022	04	HAE	14,4	0	8,0	0	65,0	0	18,0	0	50,0	0	1001,0	0	0,0	ERA5
1038033	01/06/2022	09	01/06/2022	05	HAE	13,1	0	8,5	0	73,0	0	18,0	0	50,0	0	1000,0	0	0,0	ERA5
1038034	01/06/2022	10	01/06/2022	06	HAE	13,1	0	7,5	0	69,0	0	16,0	0	60,0	0	1000,0	0	41,2	ERA5
1038035	01/06/2022	11	01/06/2022	07	HAE	13,3	0	7,2	0	67,0	0	18,0	0	60,0	0	1000,0	0	221,4	ERA5
1038036	01/06/2022	12	01/06/2022	08	HAE	12,8	0	8,5	0	75,0	0	8,0	0	360,0	0	1002,0	0	320,6	ERA5
1038037	01/06/2022	13	01/06/2022	09	HAE	12,9	0	9,2	0	78,0	0	15,0	0	60,0	0	1001,0	0	447,9	ERA5
1038038	01/06/2022	14	01/06/2022	10	HAE	13,2	0	8,7	0	74,0	0	15,0	0	80,0	0	999,0	0	1125,0	ERA5
1038039	01/06/2022	15	01/06/2022	11	HAE	14,0	0	8,5	0	69,0	0	16,0	0	60,0	0	1000,0	0	1604,5	ERA5
1038040	01/06/2022	16	01/06/2022	12	HAE	16,8	0	10,7	0	67,0	0	26,0	0	90,0	0	998,0	0	2440,7	ERA5
1038041	01/06/2022	17	01/06/2022	13	HAE	18,5	0	12,2	0	66,0	0	15,0	0	60,0	0	998,0	0	2233,7	ERA5
1038042	01/06/2022	18	01/06/2022	14	HAE	18,4	0	12,3	0	67,0	0	9,0	0	90,0	0	997,0	0	1615,3	ERA5
1038043	01/06/2022	19	01/06/2022	15	HAE	17,6	0	13,5	0	76,0	0	1,0	0	0,0	0	998,0	0	1591,4	ERA5
1038044	01/06/2022	20	01/06/2022	16	HAE	16,9	0	15,0	0	89,0	0	10,0	0	100,0	0	996,0	0	1479,6	ERA5
1038045	01/06/2022	21	01/06/2022	17	HAE	16,5	0	14,8	0	90,0	0	8,0	0	120,0	0	996,0	0	769,0	ERA5
1038046	01/06/2022	22	01/06/2022	18	HAE	16,5	0	15,4	0	93,0	0	10,0	0	120,0	0	996,0	0	534,1	ERA5
1038047	01/06/2022	23	01/06/2022	19	HAE	16,4	0	15,3	0	93,0	0	9,0	0	140,0	0	995,0	0	189,0	ERA5
1038048	02/06/2022	00	01/06/2022	20	HAE	16,1	0	15,2	0	94,0	0	8,0	0	160,0	0	994,0	0	92,0	ERA5
1038049	02/06/2022	01	01/06/2022	21	HAE	16,3	0	15,5	0	95,0	0	8,0	0	120,0	0	994,0	0	10,2	ERA5
1038050	02/06/2022	02	01/06/2022	22	HAE	16,0	0	15,4	0	96,0	0	1,0	0	0,0	0	995,0	0	0,0	ERA5
1038051	02/06/2022	03	01/06/2022	23	HAE	15,9	0	15,6	0	98,0	0	6,0	0	110,0	0	994,0	0	-0,0	ERA5
1038052	02/06/2022	04	02/06/2022	00	HAE	15,7	0	15,5	0	98,0	0	7,0	0	80,0	0	994,0	0	0,0	ERA5
1038053	02/06/2022	05	02/06/2022	01	HAE	15,5	0	15,3	0	99,0	0	8,0	0	100,0	0	994,0	0	0,0	ERA5
1038054	02/06/2022	06	02/06/2022	02	HAE	14,8	0	14,7	0	99,0	0	13,0	0	60,0	0	994,0	0	0,0	ERA5
1038055	02/06/2022	07	02/06/2022	03	HAE	13,1	0	13,0	0	99,0	0	21,0	0	70,0	0	994,0	0	0,0	ERA5
1038056	02/06/2022	08	02/06/2022	04	HAE	12,6	0	12,4	0	99,0	0	21,0	0	80,0	0	994,0	0	0,0	ERA5
1038057	02/06/2022	09	02/06/2022	05	HAE	12,5	0	12,3	0	98,0	0	15,0	0	60,0	0	995,0	0	0,0	ERA5
1038058	02/06/2022	10	02/06/2022	06	HAE	12,6	0	12,3	0	98,0	0	10,0	0	50,0	0	995,0	0	5,2	ERA5
1038059	02/06/2022	11	02/06/2022	07	HAE	12,8	0	12,6	0	98,0	0	13,0	0	50,0	0	995,0	0	53,8	ERA5
1038060	02/06/2022	12	02/06/2022	08	HAE	13,1	0	12,7	0	97,0	0	11,0	0	50,0	0	995,0	0	143,0	ERA5
1038061	02/06/2022	13	02/06/2022	09	HAE	13,4	0	12,4	0	94,0	0	13,0	0	40,0	0	995,0	0	364,3	ERA5
1038062	02/06/2022	14	02/06/2022	10	HAE	14,2	0	12,7	0	90,0	0	7,0	0	50,0	0	996,0	0	398,5	ERA5
1038063	02/06/2022	15	02/06/2022	11	HAE	15,0	0	12,8	0	87,0	0	11,0	0	60,0	0	995,0	0	543,1	ERA5
1038064	02/06/2022	16	02/06/2022	12	HAE	16,4	0	13,7	0	84,0	0	7,0	0	60,0	0	995,0	0	574,5	ERA5
1038065	02/06/2022	17	02/06/2022	13	HAE	17,5	0	14,1	0	80,0	0	12,0	0	90,0	0	995,0	0	779,6	ERA5
1038066	02/06/2022	18	02/06/2022	14	HAE	17,3	0	14,2	0	82,0	0	6,0	0	130,0	0	995,0	0	734,8	ERA5
1038067	02/06/2022	19	02/06/2022	15	HAE	17,8	0	14,2	0	79,0	0	9,0	0	140,0	0	995,0	0	834,8	ERA5
1038068	02/06/2022	20	02/06/2022	16	HAE	18,1	0	14,2	0	78,0	0	8,0	0	190,0	0	995,0	0	1109,3	ERA5
1038069	02/06/2022	21	02/06/2022	17	HAE	17,7	0	14,2	0	80,0	0	9,0	0	140,0	0	994,0	0	1096,6	ERA5
1038070	02/06/2022	22	02/06/2022	18	HAE	18,3	0	15,0	0	81,0	0	5,0	0	140,0	0	993,0	0	923,9	ERA5
1038071	02/06/2022	23	02/06/2022	19	HAE	18,0	0	14,8	0	81,0	0	5,0	0	170,0	0	993,0	0	513,8	ERA5
1038072	03/06/2022	00	02/06/2022	20	HAE	17,0	0	15,0	0	88,0	0	10,0	0	150,0	0	993,0	0	252,3	ERA5
1038073	03/06/2022	01	02/06/2022	21	HAE	16,6	0	14,5	0	88,0	0	4,0	0	200,0	0	994,0	0	29,2	ERA5
1038074	03/06/2022	02	02/06/2022	22	HAE	16,4	0	14,9	0	90,0	0	8,0	0	200,0	0	994,0	0	0,0	ERA5
1038075	03/06/2022	03	02/06/2022	23	HAE	15,8	0	14,8	0	94,0	0	7,0	0	210,0	0	994,0	0	0,0	ERA5
1038076	03/06/2022	04	03/06/2022	00	HAE	15,3	0	14,7	0	96,0	0	1,0	0	0,0	0	993,0	0	0,0	ERA5
1038077	03/06/2022	05	03/06/2022	01	HAE	14,8	0	14,4	0	97,0	0	3,0	0	0,0	0	993,0	0	0,0	ERA5
1038078	03/06/2022	06	03/06/2022	02	HAE	15,6	0	15,1	0	97,0	0	5,0	0	350,0	0	993,0	0	0,0	ERA5
1038079	03/06/2022	07	03/06/2022	03	HAE	14,2	0	13,2	0	94,0	0	15,0	0	220,0	0	994,0	0	0,0	ERA5
1038080	03/06/2022	08	03/06/2022	04	HAE	13,3	0	12,5	0	95,0	0	11,0	0	50,0	0	992,0	0	0,0	ERA5
1038081	03/06/2022	09	03/06/2022	05	HAE	12,2	0	11,8	0	97,0	0	7,0	0	230,0	0	993,0	0	0,0	ERA5
1038082	03/06/2022	10	03/06/2022	06	HAE	12,6	0	12,4	0	99,0	0	11,0	0	230,0	0	994,0	0	42,3	ERA5
1038083	03/06/2022	11	03/06/2022	07	HAE	13,7	0	13,5	0	98,0	0	9,0	0	240,0	0	994,0	0	339,6	ERA5
1038084	03/06/2022	12	03/06/2022	08	HAE	13,1	0	12,8	0	98,0	0	13,0	0	270,0	0	995,0	0	893,7	ERA5
1038085	03/06/2022	13	03/06/2022	09	HAE	14,0	0	13,7	0	98,0	0	12,0	0	270,0	0	995,0	0	1472,2	ERA5
1038086	03/06/2022	14	03/06/2022	10	HAE	15,7	0	13,9	0	89,0	0	9,0	0	280,0	0	995,0	0	2075,4	ERA5
1038087	03/06/2022	15	03/06/2022	11	HAE	18,6	0	15,0	0	79,0	0	13,0	0	240,0	0	995,0	0	2604,1	ERA5
1038088	03/06/2022	16	03/06/2022	12	HAE	20,9	0	11,6	0	55,0	0	21,0	0	310,0	0	995,0	0	2637,2	ERA5
1038089	03/06/2022	17	03/06/2022	13	HAE	21,8	0	9,6	0	45,0	0	21,0	0	270,0	0	995,0	0	2630,5	ERA5
1038090	03/06/2022	18	03/06/2022	14	HAE	22,5	0	7,8	0	38,0	0	14,0	0	300,0	0	995,0	0	2996,4	ERA5
1038091	03/06/2022	19	03/06/2022	15	HAE	23,0	0	6,2	0	33,0	0	22,0	0	310,0	0	994,0	0	2843,6	ERA5
1038092	03/06/2022	20	03/06/2022	16	HAE	23,4	0	6,2	0	33,0	0	22,0	0	280,0	0	994,0	0	2568,4	ERA5
1038093	03/06/2022	21	03/06/2022	17	HAE	22,8	0	6,3	0	34,0	0	15,0	0	270,0	0	994,0	0	2155,2	ERA5
1038094	03/06/2022	22	03/06/2022	18	HAE	20,6	0	11,3	0	55,0	0	19,0	0	210,0	0	994,0	0	1381,4	ERA5
1038095	03/06/2022	23	03/06/2022	19	HAE	18,6	0	12,1	0	66,0	0	25,0	0	200,0	0	995,0	0	1009,7	ERA5
1038096	04/06/2022	00	03/06/2022	20	HAE	16,7	0	10,0	0	64,0	0	10,0	0	210,0	0	995,0	0	364,8	ERA5
1038097	04/06/2022	01	03/06/2022	21	HAE	16,8	0	9,4	0	62,0	0	12,0	0	210,0	0	995,0	0	50,4	ERA5
1038098	04/06/2022	02	03/06/2022	22	HAE	14,6	0	10,2	0	75,0	0	8,0	0	210,0	0	996,0	0	-0,0	ERA5
1038099	04/06/2022	03	03/06/2022	23	HAE	14,5	0	10,5	0	76,0	0	7,0	0	200,0	0	996,0	0	0,0	ERA5
1038100	04/06/2022	04	04/06/2022	00	HAE	13,8	0	10,5	0	80,0	0	9,0	0	220,0	0	996,0	0	0,0	ERA5
1038101	04/06/2022	05	04/06/2022	01	HAE	13,5	0	11,3	0	87,0	0	7,0	0	190,0	0	995,0	0	0,0	ERA5
1038102	04/06/2022	06	04/06/2022	02	HAE	12,9	0	11,4	0	91,0	0	5,0	0	140,0	0	995,0	0	0,0	ERA5
1038103	04/06/2022	07	04/06/2022	03	HAE	11,7	0	10,7	0	94,0	0	5,0	0	170,0	0	995,0	0	0,0	ERA5
1038104	04/06/2022	08	04/06/2022	04	HAE	12,1	0	11,2	0	94,0	0	7,0	0	170,0	0	995,0	0	0,0	ERA5
1038105	04/06/2022	09	04/06/2022	05	HAE	12,7	0	11,5	0	92,0	0	10,0	0	190,0	0	995,0	0	0,0	ERA5
1038106	04/06/2022	10	04/06/2022	06	HAE	12,4	0	10,9	0	90,0	0	12,0	0	190,0	0	995,0	0	54,3	ERA5
1038107	04/06/2022	11	04/06/2022	07	HAE	13,9	0	11,7	0	87,0	0	9,0	0	200,0	0	995,0	0	392,7	ERA5
1038108	04/06/2022	12	04/06/2022	08	HAE	15,6	0	11,6	0	77,0	0	16,0	0	240,0	0	995,0	0	996,1	ERA5
1038109	04/06/2022	13	04/06/2022	09	HAE	16,7	0	11,0	0	69,0	0	21,0	0	250,0	0	996,0	0	1702,6	ERA5
1038110	04/06/2022	14	04/06/2022	10	HAE	15,5	0	8,6	0	63,0	0	27,0	0	270,0	0	996,0	0	2199,7	ERA5
1038111	04/06/2022	15	04/06/2022	11	HAE	16,9	0	8,8	0	58,0	0	22,0	0	280,0	0	996,0	0	2686,1	ERA5
1038112	04/06/2022	16	04/06/2022	12	HAE	16,2	0	8,1	0	58,0	0	26,0	0	250,0	0	997,0	0	2399,2	ERA5
1038113	04/06/2022	17	04/06/2022	13	HAE	17,7	0	6,7	0	48,0	0	25,0	0	240,0	0	997,0	0	2766,5	ERA5
1038114	04/06/2022	18	04/06/2022	14	HAE	17,1	0	5,3	0	46,0	0	26,0	0	270,0	0	997,0	0	2713,3	ERA5
1038115	04/06/2022	19	04/06/2022	15	HAE	17,8	0	5,4	0	43,0	0	27,0	0	270,0	0	996,0	0	2476,0	ERA5
1038116	04/06/2022	20	04/06/2022	16	HAE	18,2	0	3,2	0	37,0	0	31,0	0	260,0	0	997,0	0	2017,8	ERA5
1038117	04/06/2022	21	04/06/2022	17	HAE	17,9	0	4,1	0	40,0	0	25,0	0	270,0	0	997,0	0	1889,9	ERA5
1038118	04/06/2022	22	04/06/2022	18	HAE	17,2	0	3,9	0	41,0	0	26,0	0	270,0	0	997,0	0	979,8	ERA5
1038119	04/06/2022	23	04/06/2022	19	HAE	16,6	0	4,2	0	43,0	0	17,0	0	270,0	0	997,0	0	915,2	ERA5
1038120	05/06/2022	00	04/06/2022	20	HAE	15,2	0	4,6	0	49,0	0	14,0	0	300,0	0	997,0	0	443,9	ERA5
1038121	05/06/2022	01	04/06/2022	21	HAE	11,6	0	6,7	0	71,0	0	10,0	0	270,0	0	998,0	0	63,4	ERA5
1038122	05/06/2022	02	04/06/2022	22	HAE	12,2	0	6,5	0	68,0	0	15,0	0	280,0	0	999,0	0	0,0	ERA5
1038123	05/06/2022	03	04/06/2022	23	HAE	10,5	0	5,9	0	73,0	0	12,0	0	260,0	0	999,0	0	-0,0	ERA5
1038124	05/06/2022	04	05/06/2022	00	HAE	10,4	0	5,4	0	71,0	0	13,0	0	270,0	0	999,0	0	0,0	ERA5
1038125	05/06/2022	05	05/06/2022	01	HAE	8,0	0	5,4	0	83,0	0	10,0	0	250,0	0	999,0	0	0,0	ERA5
1038126	05/06/2022	06	05/06/2022	02	HAE	8,1	0	6,0	0	86,0	0	7,0	0	230,0	0	999,0	0	0,0	ERA5
1038127	05/06/2022	07	05/06/2022	03	HAE	8,0	0	6,1	0	88,0	0	7,0	0	240,0	0	999,0	0	0,0	ERA5
1038128	05/06/2022	08	05/06/2022	04	HAE	7,3	0	6,0	0	91,0	0	9,0	0	220,0	0	999,0	0	0,0	ERA5
1038129	05/06/2022	09	05/06/2022	05	HAE	6,6	0	5,3	0	91,0	0	10,0	0	210,0	0	999,0	0	0,0	ERA5
1038130	05/06/2022	10	05/06/2022	06	HAE	7,2	0	5,8	0	91,0	0	9,0	0	230,0	0	999,0	0	59,2	ERA5
1038131	05/06/2022	11	05/06/2022	07	HAE	9,5	0	6,9	0	84,0	0	11,0	0	250,0	0	1000,0	0	482,8	ERA5
1038132	05/06/2022	12	05/06/2022	08	HAE	12,4	0	6,7	0	68,0	0	18,0	0	280,0	0	1001,0	0	1100,0	ERA5
1038133	05/06/2022	13	05/06/2022	09	HAE	13,9	0	7,3	0	64,0	0	21,0	0	300,0	0	1001,0	0	1753,5	ERA5
1038134	05/06/2022	14	05/06/2022	10	HAE	15,6	0	6,9	0	56,0	0	23,0	0	280,0	0	1001,0	0	2353,4	ERA5
1038135	05/06/2022	15	05/06/2022	11	HAE	17,1	0	6,9	0	51,0	0	21,0	0	270,0	0	1001,0	0	2763,2	ERA5
1038136	05/06/2022	16	05/06/2022	12	HAE	18,5	0	6,5	0	45,0	0	17,0	0	310,0	0	1001,0	0	2943,1	ERA5
1038137	05/06/2022	17	05/06/2022	13	HAE	19,7	0	5,8	0	40,0	0	22,0	0	310,0	0	1001,0	0	3200,6	ERA5
1038138	05/06/2022	18	05/06/2022	14	HAE	20,5	0	5,4	0	37,0	0	23,0	0	300,0	0	1001,0	0	2818,0	ERA5
1038139	05/06/2022	19	05/06/2022	15	HAE	20,9	0	5,0	0	35,0	0	17,0	0	280,0	0	1000,0	0	2691,1	ERA5
1038140	05/06/2022	20	05/06/2022	16	HAE	21,8	0	6,2	0	36,0	0	20,0	0	330,0	0	1000,0	0	2179,1	ERA5
1038141	05/06/2022	21	05/06/2022	17	HAE	22,2	0	6,4	0	35,0	0	11,0	0	320,0	0	1000,0	0	1580,3	ERA5
1038142	05/06/2022	22	05/06/2022	18	HAE	22,2	0	7,5	0	38,0	0	5,0	0	300,0	0	1000,0	0	1216,9	ERA5
1038143	05/06/2022	23	05/06/2022	19	HAE	21,4	0	7,2	0	39,0	0	7,0	0	120,0	0	1000,0	0	874,6	ERA5
1038144	06/06/2022	00	05/06/2022	20	HAE	18,2	0	10,1	0	59,0	0	10,0	0	130,0	0	1000,0	0	395,8	ERA5
1038145	06/06/2022	01	05/06/2022	21	HAE	16,1	0	9,0	0	63,0	0	7,0	0	160,0	0	1000,0	0	59,1	ERA5
1038146	06/06/2022	02	05/06/2022	22	HAE	15,7	0	8,2	0	61,0	0	9,0	0	150,0	0	1001,0	0	0,0	ERA5
1038147	06/06/2022	03	05/06/2022	23	HAE	12,8	0	8,4	0	74,0	0	9,0	0	110,0	0	1001,0	0	-0,0	ERA5
1038148	06/06/2022	04	06/06/2022	00	HAE	14,5	0	8,4	0	67,0	0	9,0	0	140,0	0	1001,0	0	0,0	ERA5
1038149	06/06/2022	05	06/06/2022	01	HAE	14,8	0	8,7	0	67,0	0	5,0	0	70,0	0	1001,0	0	0,0	ERA5
1038150	06/06/2022	06	06/06/2022	02	HAE	10,8	0	7,4	0	79,0	0	5,0	0	90,0	0	1001,0	0	0,0	ERA5
1038151	06/06/2022	07	06/06/2022	03	HAE	12,0	0	7,8	0	75,0	0	6,0	0	100,0	0	1002,0	0	0,0	ERA5
1038152	06/06/2022	08	06/06/2022	04	HAE	8,6	0	6,6	0	88,0	0	9,0	0	40,0	0	1002,0	0	0,0	ERA5
1038153	06/06/2022	09	06/06/2022	05	HAE	8,5	0	6,4	0	87,0	0	7,0	0	50,0	0	1002,0	0	0,0	ERA5
1038154	06/06/2022	10	06/06/2022	06	HAE	9,5	0	7,8	0	89,0	0	11,0	0	50,0	0	1002,0	0	60,0	ERA5
1038155	06/06/2022	11	06/06/2022	07	HAE	12,1	0	9,3	0	83,0	0	9,0	0	50,0	0	1003,0	0	421,8	ERA5
1038156	06/06/2022	12	06/06/2022	08	HAE	13,4	0	9,8	0	79,0	0	14,0	0	50,0	0	1003,0	0	926,3	ERA5
1038157	06/06/2022	13	06/06/2022	09	HAE	15,8	0	10,3	0	69,0	0	12,0	0	100,0	0	1003,0	0	1560,2	ERA5
1038158	06/06/2022	14	06/06/2022	10	HAE	17,9	0	10,6	0	62,0	0	11,0	0	100,0	0	1003,0	0	2065,4	ERA5
1038159	06/06/2022	15	06/06/2022	11	HAE	19,7	0	11,1	0	57,0	0	9,0	0	60,0	0	1003,0	0	2180,3	ERA5
1038160	06/06/2022	16	06/06/2022	12	HAE	20,1	0	11,9	0	59,0	0	10,0	0	100,0	0	1003,0	0	1923,3	ERA5
1038161	06/06/2022	17	06/06/2022	13	HAE	20,6	0	10,1	0	50,0	0	8,0	0	160,0	0	1003,0	0	1544,3	ERA5
1038162	06/06/2022	18	06/06/2022	14	HAE	20,5	0	11,4	0	56,0	0	8,0	0	200,0	0	1003,0	0	1163,6	ERA5
1038163	06/06/2022	19	06/06/2022	15	HAE	18,8	0	11,6	0	62,0	0	8,0	0	340,0	0	1003,0	0	1253,7	ERA5
1038164	06/06/2022	20	06/06/2022	16	HAE	18,8	0	12,6	0	67,0	0	10,0	0	40,0	0	1002,0	0	875,4	ERA5
1038165	06/06/2022	21	06/06/2022	17	HAE	20,2	0	12,5	0	61,0	0	14,0	0	70,0	0	1001,0	0	1152,0	ERA5
1038166	06/06/2022	22	06/06/2022	18	HAE	20,6	0	11,9	0	57,0	0	16,0	0	100,0	0	1000,0	0	1100,6	ERA5
1038167	06/06/2022	23	06/06/2022	19	HAE	20,0	0	10,9	0	55,0	0	15,0	0	90,0	0	1000,0	0	643,9	ERA5
1038168	07/06/2022	00	06/06/2022	20	HAE	19,5	0	11,0	0	58,0	0	15,0	0	80,0	0	1000,0	0	270,6	ERA5
1038169	07/06/2022	01	06/06/2022	21	HAE	19,4	0	9,8	0	53,0	0	18,0	0	90,0	0	999,0	0	42,9	ERA5
1038170	07/06/2022	02	06/06/2022	22	HAE	18,4	0	11,3	0	63,0	0	18,0	0	90,0	0	1000,0	0	0,0	ERA5
1038171	07/06/2022	03	06/06/2022	23	HAE	17,8	0	12,4	0	70,0	0	8,0	0	80,0	0	1000,0	0	0,0	ERA5
1038172	07/06/2022	04	07/06/2022	00	HAE	16,2	0	13,0	0	81,0	0	10,0	0	130,0	0	1000,0	0	0,0	ERA5
1038173	07/06/2022	05	07/06/2022	01	HAE	15,4	0	13,3	0	87,0	0	13,0	0	110,0	0	999,0	0	0,0	ERA5
1038174	07/06/2022	06	07/06/2022	02	HAE	14,9	0	13,7	0	93,0	0	16,0	0	110,0	0	999,0	0	0,0	ERA5
1038175	07/06/2022	07	07/06/2022	03	HAE	15,0	0	14,1	0	94,0	0	19,0	0	130,0	0	998,0	0	0,0	ERA5
1038176	07/06/2022	08	07/06/2022	04	HAE	15,3	0	14,1	0	92,0	0	19,0	0	130,0	0	998,0	0	0,0	ERA5
1038177	07/06/2022	09	07/06/2022	05	HAE	15,2	0	14,2	0	94,0	0	13,0	0	130,0	0	998,0	0	0,0	ERA5
1038178	07/06/2022	10	07/06/2022	06	HAE	15,3	0	14,4	0	94,0	0	16,0	0	140,0	0	997,0	0	14,8	ERA5
1038179	07/06/2022	11	07/06/2022	07	HAE	15,4	0	14,4	0	94,0	0	11,0	0	160,0	0	998,0	0	81,0	ERA5
1038180	07/06/2022	12	07/06/2022	08	HAE	15,6	0	14,4	0	92,0	0	17,0	0	140,0	0	997,0	0	230,0	ERA5
1038181	07/06/2022	13	07/06/2022	09	HAE	16,0	0	14,4	0	90,0	0	16,0	0	130,0	0	996,0	0	499,9	ERA5
1038182	07/06/2022	14	07/06/2022	10	HAE	16,9	0	14,9	0	88,0	0	14,0	0	140,0	0	996,0	0	569,0	ERA5
1038183	07/06/2022	15	07/06/2022	11	HAE	17,8	0	15,6	0	87,0	0	13,0	0	120,0	0	996,0	0	1099,4	ERA5
1038184	07/06/2022	16	07/06/2022	12	HAE	18,5	0	15,6	0	83,0	0	14,0	0	130,0	0	995,0	0	635,7	ERA5
1038185	07/06/2022	17	07/06/2022	13	HAE	18,3	0	15,7	0	84,0	0	13,0	0	130,0	0	995,0	0	768,6	ERA5
1038186	07/06/2022	18	07/06/2022	14	HAE	18,5	0	15,6	0	83,0	0	15,0	0	170,0	0	994,0	0	499,6	ERA5
1038187	07/06/2022	19	07/06/2022	15	HAE	18,7	0	15,5	0	81,0	0	14,0	0	140,0	0	993,0	0	630,9	ERA5
1038188	07/06/2022	20	07/06/2022	16	HAE	17,4	0	15,9	0	90,0	0	23,0	0	180,0	0	993,0	0	290,0	ERA5
1038189	07/06/2022	21	07/06/2022	17	HAE	17,0	0	16,2	0	95,0	0	26,0	0	160,0	0	992,0	0	254,4	ERA5
1038190	07/06/2022	22	07/06/2022	18	HAE	17,1	0	16,6	0	96,0	0	21,0	0	180,0	0	992,0	0	146,0	ERA5
1038191	07/06/2022	23	07/06/2022	19	HAE	17,4	0	16,9	0	97,0	0	16,0	0	180,0	0	992,0	0	82,8	ERA5
1038192	08/06/2022	00	07/06/2022	20	HAE	17,4	0	16,9	0	97,0	0	21,0	0	200,0	0	992,0	0	33,8	ERA5
1038193	08/06/2022	01	07/06/2022	21	HAE	17,4	0	16,9	0	97,0	0	11,0	0	200,0	0	992,0	0	12,1	ERA5
1038194	08/06/2022	02	07/06/2022	22	HAE	17,5	0	16,9	0	96,0	0	11,0	0	200,0	0	992,0	0	-0,0	ERA5
1038195	08/06/2022	03	07/06/2022	23	HAE	17,5	0	16,9	0	97,0	0	16,0	0	210,0	0	992,0	0	0,0	ERA5
1038196	08/06/2022	04	08/06/2022	00	HAE	16,8	0	16,1	0	96,0	0	13,0	0	230,0	0	992,0	0	0,0	ERA5
1038197	08/06/2022	05	08/06/2022	01	HAE	15,7	0	14,7	0	94,0	0	15,0	0	240,0	0	992,0	0	0,0	ERA5
1038198	08/06/2022	06	08/06/2022	02	HAE	15,4	0	14,3	0	93,0	0	18,0	0	240,0	0	993,0	0	0,0	ERA5
1038199	08/06/2022	07	08/06/2022	03	HAE	15,0	0	13,9	0	93,0	0	12,0	0	230,0	0	993,0	0	0,0	ERA5
1038200	08/06/2022	08	08/06/2022	04	HAE	14,8	0	13,8	0	93,0	0	14,0	0	250,0	0	994,0	0	0,0	ERA5
1038201	08/06/2022	09	08/06/2022	05	HAE	14,7	0	13,7	0	93,0	0	19,0	0	250,0	0	994,0	0	0,0	ERA5
1038202	08/06/2022	10	08/06/2022	06	HAE	14,6	0	13,0	0	90,0	0	15,0	0	260,0	0	995,0	0	21,6	ERA5
1038203	08/06/2022	11	08/06/2022	07	HAE	14,6	0	12,5	0	87,0	0	19,0	0	260,0	0	997,0	0	116,3	ERA5
1038204	08/06/2022	12	08/06/2022	08	HAE	16,2	0	13,4	0	83,0	0	21,0	0	290,0	0	997,0	0	414,0	ERA5
1038205	08/06/2022	13	08/06/2022	09	HAE	16,6	0	12,8	0	78,0	0	23,0	0	270,0	0	997,0	0	724,0	ERA5
1038206	08/06/2022	14	08/06/2022	10	HAE	18,4	0	12,9	0	70,0	0	28,0	0	270,0	0	997,0	0	1526,8	ERA5
1038207	08/06/2022	15	08/06/2022	11	HAE	19,6	0	13,1	0	66,0	0	19,0	0	270,0	0	997,0	0	2341,1	ERA5
1038208	08/06/2022	16	08/06/2022	12	HAE	20,4	0	12,1	0	59,0	0	21,0	0	280,0	0	998,0	0	2254,4	ERA5
1038209	08/06/2022	17	08/06/2022	13	HAE	21,5	0	11,7	0	53,0	0	22,0	0	290,0	0	998,0	0	2115,3	ERA5
1038210	08/06/2022	18	08/06/2022	14	HAE	22,2	0	11,2	0	49,0	0	23,0	0	270,0	0	997,0	0	2689,7	ERA5
1038211	08/06/2022	19	08/06/2022	15	HAE	23,0	0	11,3	0	47,0	0	21,0	0	280,0	0	997,0	0	2611,7	ERA5
1038212	08/06/2022	20	08/06/2022	16	HAE	23,4	0	9,3	0	40,0	0	15,0	0	310,0	0	997,0	0	1979,5	ERA5
1038213	08/06/2022	21	08/06/2022	17	HAE	23,6	0	9,4	0	40,0	0	16,0	0	310,0	0	997,0	0	1664,8	ERA5
1038214	08/06/2022	22	08/06/2022	18	HAE	23,2	0	9,3	0	41,0	0	14,0	0	270,0	0	997,0	0	1103,7	ERA5
1038215	08/06/2022	23	08/06/2022	19	HAE	22,9	0	8,4	0	39,0	0	17,0	0	270,0	0	997,0	0	784,7	ERA5
1038216	09/06/2022	00	08/06/2022	20	HAE	19,9	0	12,9	0	64,0	0	14,0	0	190,0	0	997,0	0	388,1	ERA5
1038217	09/06/2022	01	08/06/2022	21	HAE	18,6	0	13,8	0	73,0	0	12,0	0	200,0	0	997,0	0	50,1	ERA5
1038218	09/06/2022	02	08/06/2022	22	HAE	16,5	0	13,1	0	80,0	0	9,0	0	180,0	0	996,0	0	0,0	ERA5
1038219	09/06/2022	03	08/06/2022	23	HAE	16,2	0	12,9	0	81,0	0	8,0	0	190,0	0	997,0	0	0,0	ERA5
1038220	09/06/2022	04	09/06/2022	00	HAE	15,8	0	12,7	0	82,0	0	8,0	0	190,0	0	996,0	0	0,0	ERA5
1038221	09/06/2022	05	09/06/2022	01	HAE	15,8	0	12,4	0	80,0	0	3,0	0	0,0	0	996,0	0	0,0	ERA5
1038222	09/06/2022	06	09/06/2022	02	HAE	15,0	0	12,7	0	86,0	0	8,0	0	70,0	0	995,0	0	-0,0	ERA5
1038223	09/06/2022	07	09/06/2022	03	HAE	14,4	0	12,9	0	90,0	0	10,0	0	110,0	0	994,0	0	0,0	ERA5
1038224	09/06/2022	08	09/06/2022	04	HAE	14,1	0	12,6	0	91,0	0	9,0	0	120,0	0	994,0	0	0,0	ERA5
1038225	09/06/2022	09	09/06/2022	05	HAE	14,1	0	12,8	0	92,0	0	14,0	0	60,0	0	993,0	0	0,0	ERA5
1038226	09/06/2022	10	09/06/2022	06	HAE	13,5	0	13,0	0	96,0	0	7,0	0	250,0	0	994,0	0	10,6	ERA5
1038227	09/06/2022	11	09/06/2022	07	HAE	13,2	0	12,6	0	96,0	0	8,0	0	40,0	0	993,0	0	43,4	ERA5
1038228	09/06/2022	12	09/06/2022	08	HAE	13,4	0	13,0	0	97,0	0	10,0	0	360,0	0	993,0	0	116,5	ERA5
1038229	09/06/2022	13	09/06/2022	09	HAE	13,6	0	13,0	0	96,0	0	23,0	0	40,0	0	992,0	0	202,9	ERA5
1038230	09/06/2022	14	09/06/2022	10	HAE	13,6	0	12,9	0	96,0	0	20,0	0	40,0	0	992,0	0	282,4	ERA5
1038231	09/06/2022	15	09/06/2022	11	HAE	14,0	0	13,2	0	95,0	0	16,0	0	60,0	0	992,0	0	270,5	ERA5
1038232	09/06/2022	16	09/06/2022	12	HAE	13,7	0	12,7	0	94,0	0	18,0	0	70,0	0	992,0	0	487,6	ERA5
1038233	09/06/2022	17	09/06/2022	13	HAE	14,5	0	13,2	0	92,0	0	13,0	0	40,0	0	992,0	0	709,4	ERA5
1038234	09/06/2022	18	09/06/2022	14	HAE	16,7	0	14,6	0	87,0	0	11,0	0	40,0	0	992,0	0	2057,8	ERA5
1038235	09/06/2022	19	09/06/2022	15	HAE	17,4	0	11,8	0	69,0	0	15,0	0	70,0	0	992,0	0	1278,8	ERA5
1038236	09/06/2022	20	09/06/2022	16	HAE	17,8	0	9,7	0	59,0	0	1,0	0	0,0	0	991,0	0	2032,1	ERA5
1038237	09/06/2022	21	09/06/2022	17	HAE	18,4	0	11,1	0	62,0	0	4,0	0	40,0	0	991,0	0	1449,2	ERA5
1038238	09/06/2022	22	09/06/2022	18	HAE	17,8	0	11,2	0	65,0	0	17,0	0	290,0	0	991,0	0	1282,8	ERA5
1038239	09/06/2022	23	09/06/2022	19	HAE	17,2	0	11,7	0	70,0	0	21,0	0	300,0	0	992,0	0	814,8	ERA5
1038240	10/06/2022	00	09/06/2022	20	HAE	15,8	0	11,5	0	76,0	0	18,0	0	300,0	0	993,0	0	306,7	ERA5
1038241	10/06/2022	01	09/06/2022	21	HAE	15,3	0	12,4	0	83,0	0	13,0	0	280,0	0	993,0	0	43,2	ERA5
1038242	10/06/2022	02	09/06/2022	22	HAE	14,6	0	12,2	0	85,0	0	15,0	0	270,0	0	993,0	0	0,0	ERA5
1038243	10/06/2022	03	09/06/2022	23	HAE	13,6	0	12,2	0	91,0	0	8,0	0	250,0	0	992,0	0	-0,0	ERA5
1038244	10/06/2022	04	10/06/2022	00	HAE	13,3	0	12,3	0	94,0	0	8,0	0	240,0	0	992,0	0	0,0	ERA5
1038245	10/06/2022	05	10/06/2022	01	HAE	13,4	0	12,3	0	93,0	0	7,0	0	230,0	0	992,0	0	0,0	ERA5
1038246	10/06/2022	06	10/06/2022	02	HAE	13,6	0	12,4	0	93,0	0	13,0	0	230,0	0	992,0	0	0,0	ERA5
1038247	10/06/2022	07	10/06/2022	03	HAE	13,1	0	12,1	0	93,0	0	16,0	0	250,0	0	992,0	0	0,0	ERA5
1038248	10/06/2022	08	10/06/2022	04	HAE	13,0	0	11,5	0	90,0	0	9,0	0	260,0	0	991,0	0	0,0	ERA5
1038249	10/06/2022	09	10/06/2022	05	HAE	12,4	0	11,2	0	92,0	0	9,0	0	250,0	0	991,0	0	0,0	ERA5
1038250	10/06/2022	10	10/06/2022	06	HAE	12,2	0	11,1	0	93,0	0	14,0	0	250,0	0	992,0	0	40,7	ERA5
1038251	10/06/2022	11	10/06/2022	07	HAE	12,4	0	11,3	0	93,0	0	13,0	0	250,0	0	992,0	0	274,7	ERA5
1038252	10/06/2022	12	10/06/2022	08	HAE	14,3	0	11,2	0	82,0	0	20,0	0	270,0	0	992,0	0	480,4	ERA5
1038253	10/06/2022	13	10/06/2022	09	HAE	15,4	0	11,6	0	78,0	0	18,0	0	290,0	0	993,0	0	788,5	ERA5
1038254	10/06/2022	14	10/06/2022	10	HAE	15,7	0	11,2	0	74,0	0	22,0	0	270,0	0	993,0	0	1226,4	ERA5
1038255	10/06/2022	15	10/06/2022	11	HAE	16,8	0	12,0	0	73,0	0	22,0	0	280,0	0	994,0	0	1717,7	ERA5
1038256	10/06/2022	16	10/06/2022	12	HAE	17,8	0	12,4	0	70,0	0	24,0	0	260,0	0	994,0	0	1970,3	ERA5
1038257	10/06/2022	17	10/06/2022	13	HAE	18,7	0	12,1	0	65,0	0	23,0	0	290,0	0	993,0	0	2183,5	ERA5
1038258	10/06/2022	18	10/06/2022	14	HAE	19,9	0	12,2	0	61,0	0	21,0	0	240,0	0	993,0	0	1927,7	ERA5
1038259	10/06/2022	19	10/06/2022	15	HAE	18,0	0	13,5	0	75,0	0	25,0	0	290,0	0	994,0	0	2714,6	ERA5
1038260	10/06/2022	20	10/06/2022	16	HAE	20,7	0	12,8	0	60,0	0	23,0	0	240,0	0	994,0	0	2113,3	ERA5
1038261	10/06/2022	21	10/06/2022	17	HAE	20,8	0	12,6	0	59,0	0	20,0	0	270,0	0	994,0	0	1631,5	ERA5
1038262	10/06/2022	22	10/06/2022	18	HAE	20,9	0	10,5	0	51,0	0	29,0	0	280,0	0	994,0	0	1280,2	ERA5
1038263	10/06/2022	23	10/06/2022	19	HAE	19,4	0	12,2	0	63,0	0	14,0	0	250,0	0	995,0	0	853,3	ERA5
1038264	11/06/2022	00	10/06/2022	20	HAE	19,4	0	11,6	0	60,0	0	15,0	0	280,0	0	996,0	0	348,0	ERA5
1038265	11/06/2022	01	10/06/2022	21	HAE	17,2	0	11,4	0	69,0	0	10,0	0	270,0	0	996,0	0	68,6	ERA5
1038266	11/06/2022	02	10/06/2022	22	HAE	14,6	0	10,9	0	79,0	0	12,0	0	240,0	0	997,0	0	0,0	ERA5
1038267	11/06/2022	03	10/06/2022	23	HAE	13,2	0	10,7	0	84,0	0	9,0	0	240,0	0	997,0	0	0,0	ERA5
1038268	11/06/2022	04	11/06/2022	00	HAE	12,7	0	11,1	0	90,0	0	9,0	0	210,0	0	997,0	0	0,0	ERA5
1038269	11/06/2022	05	11/06/2022	01	HAE	13,1	0	11,8	0	92,0	0	12,0	0	220,0	0	997,0	0	0,0	ERA5
1038270	11/06/2022	06	11/06/2022	02	HAE	11,6	0	10,8	0	95,0	0	9,0	0	250,0	0	997,0	0	0,0	ERA5
1038271	11/06/2022	07	11/06/2022	03	HAE	10,8	0	10,1	0	96,0	0	9,0	0	210,0	0	997,0	0	0,0	ERA5
1038272	11/06/2022	08	11/06/2022	04	HAE	10,7	0	10,2	0	97,0	0	9,0	0	220,0	0	998,0	0	0,0	ERA5
1038273	11/06/2022	09	11/06/2022	05	HAE	10,5	0	10,0	0	97,0	0	9,0	0	240,0	0	998,0	0	0,0	ERA5
1038274	11/06/2022	10	11/06/2022	06	HAE	10,8	0	10,2	0	96,0	0	5,0	0	220,0	0	998,0	0	57,1	ERA5
1038275	11/06/2022	11	11/06/2022	07	HAE	12,4	0	11,4	0	93,0	0	5,0	0	200,0	0	998,0	0	422,8	ERA5
1038276	11/06/2022	12	11/06/2022	08	HAE	14,8	0	11,6	0	81,0	0	8,0	0	220,0	0	998,0	0	1006,2	ERA5
1038277	11/06/2022	13	11/06/2022	09	HAE	17,3	0	10,7	0	65,0	0	8,0	0	230,0	0	999,0	0	1709,1	ERA5
1038278	11/06/2022	14	11/06/2022	10	HAE	19,6	0	9,9	0	53,0	0	9,0	0	160,0	0	999,0	0	2311,9	ERA5
1038279	11/06/2022	15	11/06/2022	11	HAE	21,4	0	11,8	0	54,0	0	14,0	0	210,0	0	999,0	0	2801,6	ERA5
1038280	11/06/2022	16	11/06/2022	12	HAE	22,4	0	10,7	0	47,0	0	17,0	0	230,0	0	998,0	0	3059,1	ERA5
1038281	11/06/2022	17	11/06/2022	13	HAE	22,8	0	9,4	0	42,0	0	21,0	0	190,0	0	998,0	0	3271,7	ERA5
1038282	11/06/2022	18	11/06/2022	14	HAE	22,7	0	11,3	0	48,0	0	17,0	0	200,0	0	997,0	0	3255,1	ERA5
1038283	11/06/2022	19	11/06/2022	15	HAE	23,6	0	8,8	0	38,0	0	24,0	0	200,0	0	996,0	0	2920,8	ERA5
1038284	11/06/2022	20	11/06/2022	16	HAE	24,6	0	8,4	0	35,0	0	19,0	0	210,0	0	996,0	0	2423,4	ERA5
1038285	11/06/2022	21	11/06/2022	17	HAE	23,1	0	11,6	0	48,0	0	17,0	0	180,0	0	996,0	0	1779,8	ERA5
1038286	11/06/2022	22	11/06/2022	18	HAE	20,6	0	10,5	0	52,0	0	14,0	0	260,0	0	996,0	0	1338,9	ERA5
1038287	11/06/2022	23	11/06/2022	19	HAE	21,0	0	12,1	0	56,0	0	5,0	0	230,0	0	996,0	0	948,2	ERA5
1038288	12/06/2022	00	11/06/2022	20	HAE	18,8	0	11,1	0	60,0	0	18,0	0	310,0	0	997,0	0	399,1	ERA5
1038289	12/06/2022	01	11/06/2022	21	HAE	17,0	0	10,4	0	65,0	0	4,0	0	240,0	0	997,0	0	68,1	ERA5
1038290	12/06/2022	02	11/06/2022	22	HAE	14,1	0	10,8	0	80,0	0	8,0	0	150,0	0	997,0	0	0,0	ERA5
1038291	12/06/2022	03	11/06/2022	23	HAE	14,6	0	10,8	0	78,0	0	11,0	0	160,0	0	997,0	0	0,0	ERA5
1038292	12/06/2022	04	12/06/2022	00	HAE	15,4	0	11,3	0	76,0	0	11,0	0	180,0	0	997,0	0	0,0	ERA5
1038293	12/06/2022	05	12/06/2022	01	HAE	14,0	0	10,8	0	81,0	0	7,0	0	170,0	0	997,0	0	0,0	ERA5
1038294	12/06/2022	06	12/06/2022	02	HAE	14,0	0	11,3	0	83,0	0	8,0	0	160,0	0	997,0	0	0,0	ERA5
1038295	12/06/2022	07	12/06/2022	03	HAE	13,3	0	11,3	0	87,0	0	8,0	0	160,0	0	997,0	0	0,0	ERA5
1038296	12/06/2022	08	12/06/2022	04	HAE	13,9	0	11,6	0	86,0	0	10,0	0	150,0	0	997,0	0	0,0	ERA5
1038297	12/06/2022	09	12/06/2022	05	HAE	14,3	0	11,9	0	86,0	0	9,0	0	170,0	0	997,0	0	0,0	ERA5
1038298	12/06/2022	10	12/06/2022	06	HAE	13,9	0	12,0	0	88,0	0	9,0	0	200,0	0	998,0	0	39,0	ERA5
1038299	12/06/2022	11	12/06/2022	07	HAE	16,1	0	12,8	0	81,0	0	9,0	0	160,0	0	998,0	0	257,7	ERA5
1038300	12/06/2022	12	12/06/2022	08	HAE	15,7	0	12,6	0	81,0	0	10,0	0	180,0	0	998,0	0	574,6	ERA5
1038301	12/06/2022	13	12/06/2022	09	HAE	16,5	0	14,1	0	86,0	0	8,0	0	180,0	0	998,0	0	873,8	ERA5
1038302	12/06/2022	14	12/06/2022	10	HAE	16,3	0	14,2	0	87,0	0	6,0	0	140,0	0	998,0	0	1437,8	ERA5
1038303	12/06/2022	15	12/06/2022	11	HAE	16,2	0	15,9	0	98,0	0	8,0	0	160,0	0	998,0	0	1628,0	ERA5
1038304	12/06/2022	16	12/06/2022	12	HAE	17,0	0	17,0	0	100,0	0	8,0	0	160,0	0	998,0	0	2311,4	ERA5
1038305	12/06/2022	17	12/06/2022	13	HAE	17,8	0	15,0	0	84,0	0	8,0	0	200,0	0	998,0	0	2399,9	ERA5
1038306	12/06/2022	18	12/06/2022	14	HAE	17,9	0	16,0	0	88,0	0	5,0	0	100,0	0	997,0	0	1629,4	ERA5
1038307	12/06/2022	19	12/06/2022	15	HAE	19,8	0	16,0	0	78,0	0	11,0	0	60,0	0	996,0	0	1753,1	ERA5
1038308	12/06/2022	20	12/06/2022	16	HAE	20,9	0	15,8	0	72,0	0	10,0	0	150,0	0	996,0	0	1084,6	ERA5
1038309	12/06/2022	21	12/06/2022	17	HAE	22,7	0	16,7	0	68,0	0	16,0	0	120,0	0	995,0	0	836,6	ERA5
1038310	12/06/2022	22	12/06/2022	18	HAE	21,6	0	16,2	0	71,0	0	13,0	0	150,0	0	995,0	0	1184,6	ERA5
1038311	12/06/2022	23	12/06/2022	19	HAE	21,2	0	16,0	0	72,0	0	9,0	0	170,0	0	995,0	0	949,1	ERA5
1038312	13/06/2022	00	12/06/2022	20	HAE	20,8	0	13,4	0	63,0	0	15,0	0	210,0	0	995,0	0	391,7	ERA5
1038313	13/06/2022	01	12/06/2022	21	HAE	19,0	0	14,0	0	72,0	0	7,0	0	210,0	0	996,0	0	54,6	ERA5
1038314	13/06/2022	02	12/06/2022	22	HAE	17,9	0	14,0	0	78,0	0	8,0	0	220,0	0	996,0	0	0,0	ERA5
1038315	13/06/2022	03	12/06/2022	23	HAE	16,3	0	14,3	0	88,0	0	8,0	0	220,0	0	996,0	0	-0,0	ERA5
1038316	13/06/2022	04	13/06/2022	00	HAE	15,5	0	14,2	0	92,0	0	13,0	0	290,0	0	997,0	0	0,0	ERA5
1038317	13/06/2022	05	13/06/2022	01	HAE	16,3	0	14,9	0	91,0	0	5,0	0	240,0	0	997,0	0	0,0	ERA5
1038318	13/06/2022	06	13/06/2022	02	HAE	14,7	0	14,4	0	98,0	0	11,0	0	260,0	0	997,0	0	0,0	ERA5
1038319	13/06/2022	07	13/06/2022	03	HAE	14,8	0	14,8	0	100,0	0	9,0	0	290,0	0	997,0	0	0,0	ERA5
1038320	13/06/2022	08	13/06/2022	04	HAE	14,1	0	14,1	0	100,0	0	10,0	0	290,0	0	997,0	0	0,0	ERA5
1038321	13/06/2022	09	13/06/2022	05	HAE	13,3	0	13,3	0	100,0	0	13,0	0	300,0	0	998,0	0	0,0	ERA5
1038322	13/06/2022	10	13/06/2022	06	HAE	13,0	0	12,3	0	96,0	0	9,0	0	300,0	0	999,0	0	63,3	ERA5
1038323	13/06/2022	11	13/06/2022	07	HAE	14,3	0	12,8	0	91,0	0	9,0	0	270,0	0	999,0	0	474,1	ERA5
1038324	13/06/2022	12	13/06/2022	08	HAE	16,0	0	11,5	0	74,0	0	13,0	0	290,0	0	1000,0	0	1082,1	ERA5
1038325	13/06/2022	13	13/06/2022	09	HAE	17,8	0	11,5	0	66,0	0	13,0	0	280,0	0	1000,0	0	1718,8	ERA5
1038326	13/06/2022	14	13/06/2022	10	HAE	18,5	0	9,2	0	54,0	0	20,0	0	300,0	0	1001,0	0	2297,2	ERA5
1038327	13/06/2022	15	13/06/2022	11	HAE	18,6	0	7,8	0	49,0	0	27,0	0	290,0	0	1001,0	0	2412,7	ERA5
1038328	13/06/2022	16	13/06/2022	12	HAE	18,9	0	8,8	0	52,0	0	25,0	0	300,0	0	1001,0	0	1811,9	ERA5
1038329	13/06/2022	17	13/06/2022	13	HAE	20,1	0	10,3	0	53,0	0	23,0	0	300,0	0	1001,0	0	1455,0	ERA5
1038330	13/06/2022	18	13/06/2022	14	HAE	20,4	0	9,7	0	50,0	0	26,0	0	280,0	0	1001,0	0	1537,9	ERA5
1038331	13/06/2022	19	13/06/2022	15	HAE	21,3	0	9,9	0	48,0	0	18,0	0	280,0	0	1001,0	0	1382,6	ERA5
1038332	13/06/2022	20	13/06/2022	16	HAE	20,6	0	8,9	0	47,0	0	20,0	0	290,0	0	1001,0	0	1426,1	ERA5
1038333	13/06/2022	21	13/06/2022	17	HAE	20,5	0	10,4	0	52,0	0	17,0	0	290,0	0	1001,0	0	1225,4	ERA5
1038334	13/06/2022	22	13/06/2022	18	HAE	20,8	0	10,7	0	52,0	0	14,0	0	280,0	0	1001,0	0	1201,4	ERA5
1038335	13/06/2022	23	13/06/2022	19	HAE	20,0	0	11,6	0	58,0	0	10,0	0	270,0	0	1001,0	0	781,6	ERA5
1038336	14/06/2022	00	13/06/2022	20	HAE	19,8	0	11,0	0	57,0	0	14,0	0	320,0	0	1001,0	0	398,9	ERA5
1038337	14/06/2022	01	13/06/2022	21	HAE	18,2	0	11,3	0	64,0	0	10,0	0	290,0	0	1001,0	0	68,0	ERA5
1038338	14/06/2022	02	13/06/2022	22	HAE	17,2	0	11,3	0	68,0	0	4,0	0	220,0	0	1001,0	0	0,0	ERA5
1038339	14/06/2022	03	13/06/2022	23	HAE	14,9	0	11,6	0	80,0	0	5,0	0	240,0	0	1001,0	0	0,0	ERA5
1038340	14/06/2022	04	14/06/2022	00	HAE	12,4	0	11,8	0	96,0	0	5,0	0	200,0	0	1001,0	0	0,0	ERA5
1038341	14/06/2022	05	14/06/2022	01	HAE	12,4	0	12,4	0	100,0	0	7,0	0	230,0	0	1001,0	0	0,0	ERA5
1038342	14/06/2022	06	14/06/2022	02	HAE	11,9	0	11,9	0	100,0	0	4,0	0	240,0	0	1001,0	0	0,0	ERA5
1038343	14/06/2022	07	14/06/2022	03	HAE	13,2	0	12,2	0	93,0	0	11,0	0	320,0	0	1001,0	0	0,0	ERA5
1038344	14/06/2022	08	14/06/2022	04	HAE	11,7	0	11,7	0	100,0	0	8,0	0	260,0	0	1001,0	0	0,0	ERA5
1038345	14/06/2022	09	14/06/2022	05	HAE	11,1	0	11,1	0	100,0	0	6,0	0	240,0	0	1001,0	0	0,0	ERA5
1038346	14/06/2022	10	14/06/2022	06	HAE	12,0	0	12,0	0	100,0	0	8,0	0	260,0	0	1001,0	0	63,6	ERA5
1038347	14/06/2022	11	14/06/2022	07	HAE	14,5	0	13,3	0	92,0	0	9,0	0	300,0	0	1001,0	0	477,4	ERA5
1038348	14/06/2022	12	14/06/2022	08	HAE	16,6	0	12,7	0	78,0	0	9,0	0	320,0	0	1002,0	0	1074,8	ERA5
1038349	14/06/2022	13	14/06/2022	09	HAE	18,9	0	12,0	0	64,0	0	12,0	0	320,0	0	1001,0	0	1648,5	ERA5
1038350	14/06/2022	14	14/06/2022	10	HAE	22,1	0	12,9	0	56,0	0	10,0	0	270,0	0	1001,0	0	2309,3	ERA5
1038351	14/06/2022	15	14/06/2022	11	HAE	23,6	0	11,8	0	47,0	0	20,0	0	330,0	0	1001,0	0	2809,9	ERA5
1038352	14/06/2022	16	14/06/2022	12	HAE	24,6	0	11,8	0	44,0	0	27,0	0	320,0	0	1001,0	0	3183,0	ERA5
1038353	14/06/2022	17	14/06/2022	13	HAE	25,6	0	9,9	0	37,0	0	25,0	0	330,0	0	1001,0	0	3272,8	ERA5
1038354	14/06/2022	18	14/06/2022	14	HAE	27,5	0	12,1	0	38,0	0	22,0	0	350,0	0	1001,0	0	2526,8	ERA5
1038355	14/06/2022	19	14/06/2022	15	HAE	25,8	0	11,1	0	39,0	0	18,0	0	10,0	0	1001,0	0	2140,5	ERA5
1038356	14/06/2022	20	14/06/2022	16	HAE	27,1	0	10,9	0	36,0	0	14,0	0	340,0	0	1001,0	0	1831,4	ERA5
1038357	14/06/2022	21	14/06/2022	17	HAE	25,8	0	11,2	0	40,0	0	14,0	0	350,0	0	1001,0	0	1441,0	ERA5
1038358	14/06/2022	22	14/06/2022	18	HAE	27,3	0	12,2	0	38,0	0	17,0	0	360,0	0	1000,0	0	1303,7	ERA5
1038359	14/06/2022	23	14/06/2022	19	HAE	26,6	0	10,5	0	36,0	0	12,0	0	340,0	0	1001,0	0	887,3	ERA5
1038360	15/06/2022	00	14/06/2022	20	HAE	25,3	0	11,1	0	40,0	0	12,0	0	10,0	0	1001,0	0	452,8	ERA5
1038361	15/06/2022	01	14/06/2022	21	HAE	23,1	0	12,0	0	49,0	0	4,0	0	40,0	0	1001,0	0	85,4	ERA5
1038362	15/06/2022	02	14/06/2022	22	HAE	19,1	0	12,9	0	67,0	0	3,0	0	0,0	0	1001,0	0	-0,0	ERA5
1038363	15/06/2022	03	14/06/2022	23	HAE	17,1	0	13,2	0	77,0	0	5,0	0	50,0	0	1002,0	0	0,0	ERA5
1038364	15/06/2022	04	15/06/2022	00	HAE	16,2	0	12,8	0	80,0	0	4,0	0	30,0	0	1003,0	0	0,0	ERA5
1038365	15/06/2022	05	15/06/2022	01	HAE	18,0	0	12,9	0	72,0	0	4,0	0	290,0	0	1003,0	0	0,0	ERA5
1038366	15/06/2022	06	15/06/2022	02	HAE	15,7	0	13,3	0	86,0	0	11,0	0	40,0	0	1003,0	0	0,0	ERA5
1038367	15/06/2022	07	15/06/2022	03	HAE	15,4	0	13,3	0	87,0	0	8,0	0	70,0	0	1003,0	0	0,0	ERA5
1038368	15/06/2022	08	15/06/2022	04	HAE	15,7	0	14,0	0	90,0	0	12,0	0	60,0	0	1004,0	0	0,0	ERA5
1038369	15/06/2022	09	15/06/2022	05	HAE	15,5	0	14,2	0	91,0	0	14,0	0	80,0	0	1004,0	0	0,0	ERA5
1038370	15/06/2022	10	15/06/2022	06	HAE	16,2	0	13,1	0	81,0	0	18,0	0	70,0	0	1004,0	0	61,8	ERA5
1038371	15/06/2022	11	15/06/2022	07	HAE	16,5	0	13,2	0	80,0	0	16,0	0	70,0	0	1005,0	0	466,2	ERA5
1038372	15/06/2022	12	15/06/2022	08	HAE	17,9	0	13,7	0	76,0	0	21,0	0	80,0	0	1005,0	0	1049,2	ERA5
1038373	15/06/2022	13	15/06/2022	09	HAE	19,0	0	13,4	0	70,0	0	17,0	0	90,0	0	1006,0	0	1689,4	ERA5
1038374	15/06/2022	14	15/06/2022	10	HAE	21,1	0	13,0	0	59,0	0	17,0	0	90,0	0	1006,0	0	2247,8	ERA5
1038375	15/06/2022	15	15/06/2022	11	HAE	22,4	0	14,2	0	59,0	0	9,0	0	90,0	0	1006,0	0	2593,0	ERA5
1038376	15/06/2022	16	15/06/2022	12	HAE	22,0	0	15,1	0	64,0	0	5,0	0	120,0	0	1007,0	0	2523,7	ERA5
1038377	15/06/2022	17	15/06/2022	13	HAE	21,6	0	15,7	0	68,0	0	14,0	0	110,0	0	1005,0	0	1308,0	ERA5
1038378	15/06/2022	18	15/06/2022	14	HAE	21,9	0	15,8	0	68,0	0	17,0	0	90,0	0	1004,0	0	845,2	ERA5
1038379	15/06/2022	19	15/06/2022	15	HAE	22,1	0	16,9	0	72,0	0	15,0	0	70,0	0	1005,0	0	1488,2	ERA5
1038380	15/06/2022	20	15/06/2022	16	HAE	22,9	0	16,0	0	65,0	0	15,0	0	100,0	0	1005,0	0	2251,6	ERA5
1038381	15/06/2022	21	15/06/2022	17	HAE	22,5	0	15,8	0	65,0	0	17,0	0	100,0	0	1005,0	0	2094,1	ERA5
1038382	15/06/2022	22	15/06/2022	18	HAE	23,4	0	15,1	0	59,0	0	21,0	0	110,0	0	1004,0	0	1714,6	ERA5
1038383	15/06/2022	23	15/06/2022	19	HAE	22,3	0	14,7	0	62,0	0	13,0	0	110,0	0	1004,0	0	1100,7	ERA5
1038384	16/06/2022	00	15/06/2022	20	HAE	21,3	0	14,7	0	66,0	0	11,0	0	100,0	0	1003,0	0	494,6	ERA5
1038385	16/06/2022	01	15/06/2022	21	HAE	19,2	0	15,3	0	78,0	0	10,0	0	110,0	0	1003,0	0	81,1	ERA5
1038386	16/06/2022	02	15/06/2022	22	HAE	20,0	0	15,9	0	77,0	0	16,0	0	80,0	0	1003,0	0	0,0	ERA5
1038387	16/06/2022	03	15/06/2022	23	HAE	20,0	0	16,3	0	79,0	0	17,0	0	90,0	0	1002,0	0	-0,0	ERA5
1038388	16/06/2022	04	16/06/2022	00	HAE	19,7	0	16,6	0	82,0	0	12,0	0	90,0	0	1002,0	0	0,0	ERA5
1038389	16/06/2022	05	16/06/2022	01	HAE	19,2	0	16,7	0	85,0	0	9,0	0	90,0	0	1002,0	0	0,0	ERA5
1038390	16/06/2022	06	16/06/2022	02	HAE	19,3	0	16,6	0	84,0	0	12,0	0	90,0	0	1001,0	0	0,0	ERA5
1038391	16/06/2022	07	16/06/2022	03	HAE	18,3	0	16,8	0	91,0	0	8,0	0	110,0	0	1001,0	0	0,0	ERA5
1038392	16/06/2022	08	16/06/2022	04	HAE	17,6	0	17,4	0	98,0	0	11,0	0	100,0	0	1000,0	0	0,0	ERA5
1038393	16/06/2022	09	16/06/2022	05	HAE	17,6	0	17,5	0	99,0	0	13,0	0	110,0	0	999,0	0	0,0	ERA5
1038394	16/06/2022	10	16/06/2022	06	HAE	19,1	0	16,8	0	86,0	0	12,0	0	130,0	0	999,0	0	48,0	ERA5
1038395	16/06/2022	11	16/06/2022	07	HAE	19,9	0	17,5	0	86,0	0	13,0	0	130,0	0	999,0	0	312,1	ERA5
1038396	16/06/2022	12	16/06/2022	08	HAE	20,4	0	18,0	0	86,0	0	12,0	0	140,0	0	999,0	0	489,7	ERA5
1038397	16/06/2022	13	16/06/2022	09	HAE	22,2	0	19,1	0	82,0	0	9,0	0	150,0	0	998,0	0	771,7	ERA5
1038398	16/06/2022	14	16/06/2022	10	HAE	25,5	0	20,7	0	74,0	0	14,0	0	200,0	0	997,0	0	1330,7	ERA5
1038399	16/06/2022	15	16/06/2022	11	HAE	26,1	0	21,0	0	73,0	0	18,0	0	190,0	0	996,0	0	1676,5	ERA5
1038400	16/06/2022	16	16/06/2022	12	HAE	27,3	0	21,4	0	70,0	0	24,0	0	180,0	0	995,0	0	2013,1	ERA5
1038401	16/06/2022	17	16/06/2022	13	HAE	21,9	0	20,7	0	93,0	0	9,0	0	180,0	0	995,0	0	2183,1	ERA5
1038402	16/06/2022	18	16/06/2022	14	HAE	28,8	0	23,0	0	70,0	0	23,0	0	190,0	0	994,0	0	2392,2	ERA5
1038403	16/06/2022	19	16/06/2022	15	HAE	28,0	0	22,4	0	71,0	0	21,0	0	220,0	0	994,0	0	818,5	ERA5
1038404	16/06/2022	20	16/06/2022	16	HAE	26,8	0	22,7	0	78,0	0	19,0	0	220,0	0	993,0	0	653,5	ERA5
1038405	16/06/2022	21	16/06/2022	17	HAE	25,3	0	23,6	0	90,0	0	14,0	0	220,0	0	992,0	0	1272,8	ERA5
1038406	16/06/2022	22	16/06/2022	18	HAE	26,7	0	23,1	0	80,0	0	13,0	0	210,0	0	991,0	0	523,2	ERA5
1038407	16/06/2022	23	16/06/2022	19	HAE	25,7	0	19,6	0	69,0	0	23,0	0	190,0	0	991,0	0	692,1	ERA5
1038408	17/06/2022	00	16/06/2022	20	HAE	24,3	0	18,8	0	71,0	0	20,0	0	210,0	0	992,0	0	291,2	ERA5
1038409	17/06/2022	01	16/06/2022	21	HAE	22,8	0	18,8	0	78,0	0	16,0	0	200,0	0	991,0	0	74,7	ERA5
1038410	17/06/2022	02	16/06/2022	22	HAE	21,7	0	19,4	0	87,0	0	12,0	0	200,0	0	991,0	0	0,0	ERA5
1038411	17/06/2022	03	16/06/2022	23	HAE	21,1	0	20,1	0	94,0	0	18,0	0	200,0	0	991,0	0	0,0	ERA5
1038412	17/06/2022	04	17/06/2022	00	HAE	20,9	0	20,1	0	95,0	0	18,0	0	200,0	0	990,0	0	0,0	ERA5
1038413	17/06/2022	05	17/06/2022	01	HAE	20,5	0	19,8	0	96,0	0	19,0	0	190,0	0	989,0	0	0,0	ERA5
1038414	17/06/2022	06	17/06/2022	02	HAE	20,8	0	19,5	0	92,0	0	17,0	0	210,0	0	988,0	0	0,0	ERA5
1038415	17/06/2022	07	17/06/2022	03	HAE	21,6	0	17,7	0	78,0	0	25,0	0	250,0	0	988,0	0	0,0	ERA5
1038416	17/06/2022	08	17/06/2022	04	HAE	20,1	0	16,3	0	78,0	0	25,0	0	260,0	0	988,0	0	0,0	ERA5
1038417	17/06/2022	09	17/06/2022	05	HAE	19,6	0	14,6	0	73,0	0	15,0	0	250,0	0	988,0	0	0,0	ERA5
1038418	17/06/2022	10	17/06/2022	06	HAE	19,6	0	12,3	0	63,0	0	21,0	0	250,0	0	988,0	0	52,0	ERA5
1038419	17/06/2022	11	17/06/2022	07	HAE	19,8	0	11,1	0	57,0	0	22,0	0	240,0	0	988,0	0	469,1	ERA5
1038420	17/06/2022	12	17/06/2022	08	HAE	20,9	0	11,5	0	55,0	0	29,0	0	250,0	0	988,0	0	1085,6	ERA5
1038421	17/06/2022	13	17/06/2022	09	HAE	21,7	0	11,3	0	51,0	0	28,0	0	260,0	0	988,0	0	1710,9	ERA5
1038422	17/06/2022	14	17/06/2022	10	HAE	23,1	0	12,1	0	50,0	0	30,0	0	270,0	0	988,0	0	2222,2	ERA5
1038423	17/06/2022	15	17/06/2022	11	HAE	24,1	0	11,3	0	44,0	0	31,0	0	280,0	0	988,0	0	2016,3	ERA5
1038424	17/06/2022	16	17/06/2022	12	HAE	23,9	0	11,6	0	45,0	0	38,0	0	250,0	0	987,0	0	1995,2	ERA5
1038425	17/06/2022	17	17/06/2022	13	HAE	24,2	0	10,3	0	41,0	0	34,0	0	250,0	0	987,0	0	2870,2	ERA5
1038426	17/06/2022	18	17/06/2022	14	HAE	26,4	0	12,3	0	41,0	0	25,0	0	260,0	0	987,0	0	2201,4	ERA5
1038427	17/06/2022	19	17/06/2022	15	HAE	25,4	0	10,6	0	39,0	0	35,0	0	260,0	0	986,0	0	1968,6	ERA5
1038428	17/06/2022	20	17/06/2022	16	HAE	24,7	0	11,1	0	42,0	0	26,0	0	250,0	0	985,0	0	2359,2	ERA5
1038429	17/06/2022	21	17/06/2022	17	HAE	23,3	0	10,9	0	45,0	0	32,0	0	240,0	0	985,0	0	1952,7	ERA5
1038430	17/06/2022	22	17/06/2022	18	HAE	18,6	0	14,1	0	75,0	0	32,0	0	310,0	0	987,0	0	1099,8	ERA5
1038431	17/06/2022	23	17/06/2022	19	HAE	17,5	0	14,4	0	82,0	0	16,0	0	260,0	0	987,0	0	379,0	ERA5
1038432	18/06/2022	00	17/06/2022	20	HAE	16,8	0	12,3	0	74,0	0	33,0	0	310,0	0	989,0	0	71,8	ERA5
1038433	18/06/2022	01	17/06/2022	21	HAE	13,9	0	10,8	0	81,6	0	39,0	0	300,0	0	990,0	0	18,1	ERA5
1038434	18/06/2022	02	17/06/2022	22	HAE	12,7	4.lineaire	8,3	4.lineaire	74,8	4.lineaire	37,0	4.lineaire	315,0	4.lineaire	991,0	4.lineaire	0,0	ERA5
1038435	18/06/2022	03	17/06/2022	23	HAE	11,5	0	5,8	0	68,0	0	35,0	0	330,0	0	992,0	0	0,0	ERA5
1038436	18/06/2022	04	18/06/2022	00	HAE	10,7	0	5,7	0	71,0	0	23,0	0	310,0	0	992,0	0	0,0	ERA5
1038437	18/06/2022	05	18/06/2022	01	HAE	10,4	0	6,0	0	74,0	0	24,0	0	300,0	0	992,0	0	0,0	ERA5
1038438	18/06/2022	06	18/06/2022	02	HAE	10,9	0	6,5	0	74,0	0	22,0	0	300,0	0	992,0	0	-0,0	ERA5
1038439	18/06/2022	07	18/06/2022	03	HAE	10,9	0	6,3	0	73,0	0	28,0	0	300,0	0	992,0	0	0,0	ERA5
1038440	18/06/2022	08	18/06/2022	04	HAE	10,1	0	4,3	0	67,0	0	34,0	0	310,0	0	992,0	0	0,0	ERA5
1038441	18/06/2022	09	18/06/2022	05	HAE	9,4	0	4,1	0	69,0	0	38,0	0	320,0	0	994,0	0	0,0	ERA5
1038442	18/06/2022	10	18/06/2022	06	HAE	9,3	0	4,4	0	71,0	0	28,0	0	330,0	0	995,0	0	13,6	ERA5
1038443	18/06/2022	11	18/06/2022	07	HAE	9,7	0	4,8	0	71,0	0	20,0	0	310,0	0	995,0	0	68,0	ERA5
1038444	18/06/2022	12	18/06/2022	08	HAE	9,7	0	4,6	0	71,0	0	35,0	0	310,0	0	996,0	0	136,3	ERA5
1038445	18/06/2022	13	18/06/2022	09	HAE	9,9	0	4,9	0	71,0	0	28,0	0	310,0	0	996,0	0	151,6	ERA5
1038446	18/06/2022	14	18/06/2022	10	HAE	10,8	0	5,2	0	68,0	0	25,0	0	320,0	0	997,0	0	247,8	ERA5
1038447	18/06/2022	15	18/06/2022	11	HAE	10,5	0	5,2	0	69,0	0	39,0	0	310,0	0	997,0	0	572,8	ERA5
1038448	18/06/2022	16	18/06/2022	12	HAE	10,9	0	5,0	0	67,0	0	41,0	0	320,0	0	998,0	0	1214,6	ERA5
1038449	18/06/2022	17	18/06/2022	13	HAE	12,5	0	5,9	0	64,0	0	34,0	0	320,0	0	998,0	0	1785,4	ERA5
1038450	18/06/2022	18	18/06/2022	14	HAE	13,2	0	4,7	0	56,0	0	39,0	0	330,0	0	999,0	0	2165,3	ERA5
1038451	18/06/2022	19	18/06/2022	15	HAE	14,6	0	5,2	0	53,0	0	44,0	0	320,0	0	999,0	0	2555,2	ERA5
1038452	18/06/2022	20	18/06/2022	16	HAE	16,4	0	5,1	0	47,0	0	27,0	0	330,0	0	999,0	0	2835,1	ERA5
1038453	18/06/2022	21	18/06/2022	17	HAE	16,1	0	2,9	0	41,0	0	43,0	0	330,0	0	999,0	0	2399,5	ERA5
1038454	18/06/2022	22	18/06/2022	18	HAE	15,7	0	2,5	0	41,0	0	30,0	0	340,0	0	1000,0	0	1706,1	ERA5
1038455	18/06/2022	23	18/06/2022	19	HAE	15,0	0	2,1	0	42,0	0	31,0	0	330,0	0	1000,0	0	1151,4	ERA5
1038456	19/06/2022	00	18/06/2022	20	HAE	13,6	0	2,0	0	45,0	0	27,0	0	330,0	0	1001,0	0	515,9	ERA5
1038457	19/06/2022	01	18/06/2022	21	HAE	12,6	0	1,7	0	47,0	0	28,0	0	350,0	0	1002,0	0	97,5	ERA5
1038458	19/06/2022	02	18/06/2022	22	HAE	11,7	0	2,1	0	52,0	0	23,0	0	340,0	0	1003,0	0	0,0	ERA5
1038459	19/06/2022	03	18/06/2022	23	HAE	11,5	0	2,3	0	53,0	0	22,0	0	340,0	0	1003,0	0	0,0	ERA5
1038460	19/06/2022	04	19/06/2022	00	HAE	11,2	0	2,3	0	54,0	0	29,0	0	350,0	0	1003,0	0	0,0	ERA5
1038461	19/06/2022	05	19/06/2022	01	HAE	10,9	0	2,2	0	55,0	0	22,0	0	340,0	0	1003,0	0	0,0	ERA5
1038462	19/06/2022	06	19/06/2022	02	HAE	10,3	0	2,6	0	58,0	0	25,0	0	330,0	0	1004,0	0	-0,0	ERA5
1038463	19/06/2022	07	19/06/2022	03	HAE	8,9	0	2,8	0	65,0	0	17,0	0	330,0	0	1004,0	0	0,0	ERA5
1038464	19/06/2022	08	19/06/2022	04	HAE	8,8	0	2,9	0	66,0	0	21,0	0	330,0	0	1004,0	0	0,0	ERA5
1038465	19/06/2022	09	19/06/2022	05	HAE	8,5	0	3,0	0	68,0	0	26,0	0	330,0	0	1004,0	0	0,0	ERA5
1038466	19/06/2022	10	19/06/2022	06	HAE	8,7	0	3,2	0	68,0	0	23,0	0	340,0	0	1005,0	0	67,0	ERA5
1038467	19/06/2022	11	19/06/2022	07	HAE	9,9	0	3,8	0	66,0	0	19,0	0	340,0	0	1005,0	0	503,5	ERA5
1038468	19/06/2022	12	19/06/2022	08	HAE	11,3	0	4,4	0	62,0	0	19,0	0	320,0	0	1006,0	0	1130,1	ERA5
1038469	19/06/2022	13	19/06/2022	09	HAE	12,6	0	4,0	0	56,0	0	24,0	0	320,0	0	1006,0	0	1790,2	ERA5
1038470	19/06/2022	14	19/06/2022	10	HAE	14,8	0	4,7	0	51,0	0	21,0	0	320,0	0	1006,0	0	2406,3	ERA5
1038471	19/06/2022	15	19/06/2022	11	HAE	16,2	0	4,7	0	46,0	0	25,0	0	310,0	0	1005,0	0	2928,1	ERA5
1038472	19/06/2022	16	19/06/2022	12	HAE	17,1	0	4,2	0	42,0	0	33,0	0	320,0	0	1005,0	0	3277,7	ERA5
1038473	19/06/2022	17	19/06/2022	13	HAE	18,3	0	3,2	0	36,0	0	37,0	0	330,0	0	1005,0	0	3423,6	ERA5
1038474	19/06/2022	18	19/06/2022	14	HAE	19,6	0	4,4	0	36,0	0	32,0	0	320,0	0	1004,0	0	3382,9	ERA5
1038475	19/06/2022	19	19/06/2022	15	HAE	20,6	0	3,7	0	32,0	0	36,0	0	320,0	0	1004,0	0	3280,4	ERA5
1038476	19/06/2022	20	19/06/2022	16	HAE	21,5	0	4,5	0	32,0	0	26,0	0	320,0	0	1003,0	0	2762,5	ERA5
1038477	19/06/2022	21	19/06/2022	17	HAE	21,6	0	3,0	0	29,0	0	21,0	0	340,0	0	1003,0	0	2464,6	ERA5
1038478	19/06/2022	22	19/06/2022	18	HAE	21,3	0	2,5	0	29,0	0	31,0	0	330,0	0	1003,0	0	1849,0	ERA5
1038479	19/06/2022	23	19/06/2022	19	HAE	20,8	0	2,4	0	29,0	0	28,0	0	320,0	0	1003,0	0	1203,0	ERA5
1038480	20/06/2022	00	19/06/2022	20	HAE	19,6	0	2,5	0	32,0	0	20,0	0	330,0	0	1003,0	0	571,9	ERA5
1038481	20/06/2022	01	19/06/2022	21	HAE	16,1	0	3,6	0	43,0	0	12,0	0	320,0	0	1003,0	0	102,7	ERA5
1038482	20/06/2022	02	19/06/2022	22	HAE	14,2	0	4,1	0	50,0	0	14,0	0	310,0	0	1004,0	0	0,0	ERA5
1038483	20/06/2022	03	19/06/2022	23	HAE	13,9	0	3,8	0	50,0	0	14,0	0	300,0	0	1005,0	0	0,0	ERA5
1038484	20/06/2022	04	20/06/2022	00	HAE	14,2	0	4,0	0	50,0	0	16,0	0	320,0	0	1005,0	0	0,0	ERA5
1038485	20/06/2022	05	20/06/2022	01	HAE	14,6	0	4,4	0	50,0	0	15,0	0	330,0	0	1005,0	0	0,0	ERA5
1038486	20/06/2022	06	20/06/2022	02	HAE	13,9	0	4,5	0	53,0	0	14,0	0	330,0	0	1005,0	0	0,0	ERA5
1038487	20/06/2022	07	20/06/2022	03	HAE	11,3	0	4,9	0	65,0	0	13,0	0	300,0	0	1005,0	0	0,0	ERA5
1038488	20/06/2022	08	20/06/2022	04	HAE	10,5	0	6,4	0	76,0	0	12,0	0	290,0	0	1005,0	0	0,0	ERA5
1038489	20/06/2022	09	20/06/2022	05	HAE	9,9	0	6,8	0	81,0	0	5,0	0	260,0	0	1006,0	0	0,0	ERA5
1038490	20/06/2022	10	20/06/2022	06	HAE	9,4	0	6,9	0	84,0	0	5,0	0	280,0	0	1007,0	0	60,4	ERA5
1038491	20/06/2022	11	20/06/2022	07	HAE	12,0	0	6,9	0	71,0	0	7,0	0	280,0	0	1007,0	0	448,6	ERA5
1038492	20/06/2022	12	20/06/2022	08	HAE	14,4	0	8,0	0	65,0	0	8,0	0	290,0	0	1007,0	0	1077,0	ERA5
1038493	20/06/2022	13	20/06/2022	09	HAE	15,5	0	7,2	0	58,0	0	8,0	0	280,0	0	1007,0	0	1765,5	ERA5
1038494	20/06/2022	14	20/06/2022	10	HAE	18,2	0	7,6	0	50,0	0	7,0	0	280,0	0	1007,0	0	2370,2	ERA5
1038495	20/06/2022	15	20/06/2022	11	HAE	20,4	0	6,3	0	39,0	0	9,0	0	280,0	0	1007,0	0	2882,0	ERA5
1038496	20/06/2022	16	20/06/2022	12	HAE	21,6	0	3,3	0	30,0	0	12,0	0	270,0	0	1007,0	0	3237,7	ERA5
1038497	20/06/2022	17	20/06/2022	13	HAE	22,3	0	4,3	0	30,0	0	12,0	0	280,0	0	1007,0	0	3431,8	ERA5
1038498	20/06/2022	18	20/06/2022	14	HAE	22,8	0	3,7	0	28,0	0	8,0	0	280,0	0	1006,0	0	3443,1	ERA5
1038499	20/06/2022	19	20/06/2022	15	HAE	23,8	0	5,6	0	31,0	0	9,0	0	290,0	0	1006,0	0	3269,6	ERA5
1038500	20/06/2022	20	20/06/2022	16	HAE	24,3	0	5,0	0	28,0	0	13,0	0	350,0	0	1005,0	0	2920,8	ERA5
1038501	20/06/2022	21	20/06/2022	17	HAE	24,5	0	1,0	0	21,0	0	6,0	0	320,0	0	1005,0	0	2422,5	ERA5
1038502	20/06/2022	22	20/06/2022	18	HAE	24,7	0	3,7	0	25,0	0	9,0	0	310,0	0	1005,0	0	1829,2	ERA5
1038503	20/06/2022	23	20/06/2022	19	HAE	24,1	0	5,9	0	30,0	0	3,0	0	210,0	0	1004,0	0	1185,8	ERA5
1038504	21/06/2022	00	20/06/2022	20	HAE	22,5	0	8,2	0	39,0	0	5,0	0	150,0	0	1004,0	0	563,8	ERA5
1038505	21/06/2022	01	20/06/2022	21	HAE	18,8	0	9,0	0	53,0	0	9,0	0	180,0	0	1005,0	0	101,2	ERA5
1038506	21/06/2022	02	20/06/2022	22	HAE	18,8	0	9,0	0	53,0	0	8,0	0	200,0	0	1005,0	0	0,0	ERA5
1038507	21/06/2022	03	20/06/2022	23	HAE	16,2	0	9,2	0	63,0	0	10,0	0	170,0	0	1005,0	0	0,0	ERA5
1038508	21/06/2022	04	21/06/2022	00	HAE	15,6	0	8,6	0	63,0	0	9,0	0	180,0	0	1005,0	0	0,0	ERA5
1038509	21/06/2022	05	21/06/2022	01	HAE	15,1	0	8,7	0	65,0	0	13,0	0	200,0	0	1004,0	0	0,0	ERA5
1038510	21/06/2022	06	21/06/2022	02	HAE	14,5	0	8,9	0	69,0	0	10,0	0	190,0	0	1005,0	0	0,0	ERA5
1038511	21/06/2022	07	21/06/2022	03	HAE	13,6	0	9,2	0	74,0	0	9,0	0	210,0	0	1005,0	0	0,0	ERA5
1038512	21/06/2022	08	21/06/2022	04	HAE	14,3	0	9,4	0	72,0	0	14,0	0	190,0	0	1005,0	0	0,0	ERA5
1038513	21/06/2022	09	21/06/2022	05	HAE	13,9	0	10,7	0	81,0	0	12,0	0	230,0	0	1005,0	0	0,0	ERA5
1038514	21/06/2022	10	21/06/2022	06	HAE	13,9	0	11,8	0	88,0	0	8,0	0	210,0	0	1005,0	0	12,4	ERA5
1038515	21/06/2022	11	21/06/2022	07	HAE	14,0	0	12,4	0	90,0	0	13,0	0	160,0	0	1005,0	0	100,2	ERA5
1038516	21/06/2022	12	21/06/2022	08	HAE	14,2	0	13,0	0	92,0	0	9,0	0	130,0	0	1005,0	0	279,6	ERA5
1038517	21/06/2022	13	21/06/2022	09	HAE	15,2	0	13,0	0	87,0	0	8,0	0	140,0	0	1005,0	0	354,0	ERA5
1038518	21/06/2022	14	21/06/2022	10	HAE	15,6	0	12,2	0	80,0	0	20,0	0	150,0	0	1004,0	0	560,3	ERA5
1038519	21/06/2022	15	21/06/2022	11	HAE	16,6	0	10,8	0	68,0	0	14,0	0	160,0	0	1004,0	0	567,3	ERA5
1038520	21/06/2022	16	21/06/2022	12	HAE	17,1	0	11,5	0	69,0	0	10,0	0	120,0	0	1004,0	0	337,5	ERA5
1038521	21/06/2022	17	21/06/2022	13	HAE	15,2	0	10,9	0	75,0	0	8,0	0	130,0	0	1004,0	0	730,8	ERA5
1038522	21/06/2022	18	21/06/2022	14	HAE	14,7	0	12,9	0	89,0	0	9,0	0	80,0	0	1003,0	0	1029,5	ERA5
1038523	21/06/2022	19	21/06/2022	15	HAE	14,4	0	13,6	0	95,0	0	20,0	0	110,0	0	1002,0	0	1497,5	ERA5
1038524	21/06/2022	20	21/06/2022	16	HAE	14,2	0	13,5	0	96,0	0	14,0	0	160,0	0	1003,0	0	810,7	ERA5
1038525	21/06/2022	21	21/06/2022	17	HAE	15,4	0	14,7	0	95,0	0	14,0	0	130,0	0	1002,0	0	668,8	ERA5
1038526	21/06/2022	22	21/06/2022	18	HAE	16,2	0	15,3	0	94,0	0	13,0	0	100,0	0	1002,0	0	695,7	ERA5
1038527	21/06/2022	23	21/06/2022	19	HAE	15,8	0	14,8	0	94,0	0	20,0	0	100,0	0	1002,0	0	624,9	ERA5
1038528	22/06/2022	00	21/06/2022	20	HAE	15,9	0	14,8	0	93,0	0	21,0	0	160,0	0	1001,0	0	334,1	ERA5
1038529	22/06/2022	01	21/06/2022	21	HAE	15,7	0	14,8	0	94,0	0	13,0	0	170,0	0	1000,0	0	53,4	ERA5
1038530	22/06/2022	02	21/06/2022	22	HAE	15,8	0	14,9	0	94,0	0	9,0	0	90,0	0	1001,0	0	0,0	ERA5
1038531	22/06/2022	03	21/06/2022	23	HAE	15,8	0	15,0	0	95,0	0	10,0	0	80,0	0	1000,0	0	-0,0	ERA5
1038532	22/06/2022	04	22/06/2022	00	HAE	15,4	0	14,9	0	97,0	0	15,0	0	70,0	0	1000,0	0	0,0	ERA5
1038533	22/06/2022	05	22/06/2022	01	HAE	15,0	0	14,6	0	97,0	0	13,0	0	90,0	0	1000,0	0	0,0	ERA5
1038534	22/06/2022	06	22/06/2022	02	HAE	14,8	0	14,4	0	98,0	0	7,0	0	90,0	0	999,0	0	0,0	ERA5
1038535	22/06/2022	07	22/06/2022	03	HAE	14,6	0	14,4	0	99,0	0	10,0	0	80,0	0	999,0	0	0,0	ERA5
1038536	22/06/2022	08	22/06/2022	04	HAE	14,5	0	14,4	0	99,0	0	11,0	0	70,0	0	999,0	0	0,0	ERA5
1038537	22/06/2022	09	22/06/2022	05	HAE	14,4	0	14,4	0	100,0	0	12,0	0	90,0	0	999,0	0	0,0	ERA5
1038538	22/06/2022	10	22/06/2022	06	HAE	14,8	0	14,6	0	99,0	0	12,0	0	90,0	0	998,0	0	51,4	ERA5
1038539	22/06/2022	11	22/06/2022	07	HAE	16,9	0	15,8	0	93,0	0	9,0	0	100,0	0	999,0	0	401,3	ERA5
1038540	22/06/2022	12	22/06/2022	08	HAE	18,2	0	16,2	0	88,0	0	10,0	0	110,0	0	999,0	0	931,4	ERA5
1038541	22/06/2022	13	22/06/2022	09	HAE	19,9	0	16,6	0	81,0	0	11,0	0	130,0	0	998,0	0	1543,5	ERA5
1038542	22/06/2022	14	22/06/2022	10	HAE	21,4	0	17,5	0	78,0	0	12,0	0	100,0	0	998,0	0	2121,1	ERA5
1038543	22/06/2022	15	22/06/2022	11	HAE	23,6	0	18,9	0	75,0	0	13,0	0	110,0	0	998,0	0	2536,7	ERA5
1038544	22/06/2022	16	22/06/2022	12	HAE	24,5	0	18,6	0	69,0	0	13,0	0	160,0	0	998,0	0	2982,0	ERA5
1038545	22/06/2022	17	22/06/2022	13	HAE	25,9	0	19,5	0	67,0	0	9,0	0	140,0	0	997,0	0	2893,0	ERA5
1038546	22/06/2022	18	22/06/2022	14	HAE	27,4	0	20,7	0	67,0	0	16,0	0	140,0	0	997,0	0	2748,9	ERA5
1038547	22/06/2022	19	22/06/2022	15	HAE	28,4	0	20,4	0	62,0	0	12,0	0	160,0	0	996,0	0	1796,1	ERA5
1038548	22/06/2022	20	22/06/2022	16	HAE	27,8	0	21,0	0	66,0	0	17,0	0	120,0	0	996,0	0	1471,0	ERA5
1038549	22/06/2022	21	22/06/2022	17	HAE	27,8	0	21,3	0	67,0	0	14,0	0	130,0	0	996,0	0	1340,6	ERA5
1038550	22/06/2022	22	22/06/2022	18	HAE	28,1	0	22,1	0	69,0	0	9,0	0	140,0	0	995,0	0	1106,2	ERA5
1038551	22/06/2022	23	22/06/2022	19	HAE	26,6	0	21,7	0	74,0	0	18,0	0	110,0	0	995,0	0	736,0	ERA5
1038552	23/06/2022	00	22/06/2022	20	HAE	25,1	0	21,4	0	80,0	0	18,0	0	100,0	0	995,0	0	394,5	ERA5
1038553	23/06/2022	01	22/06/2022	21	HAE	23,6	0	20,5	0	82,0	0	14,0	0	100,0	0	995,0	0	40,6	ERA5
1038554	23/06/2022	02	22/06/2022	22	HAE	23,4	0	19,5	0	78,0	0	11,0	0	150,0	0	996,0	0	0,0	ERA5
1038555	23/06/2022	03	22/06/2022	23	HAE	22,4	0	17,9	0	75,0	0	11,0	0	160,0	0	996,0	0	0,0	ERA5
1038556	23/06/2022	04	23/06/2022	00	HAE	21,2	0	16,3	0	73,0	0	27,0	0	180,0	0	996,0	0	0,0	ERA5
1038557	23/06/2022	05	23/06/2022	01	HAE	20,2	0	15,7	0	75,0	0	26,0	0	170,0	0	996,0	0	0,0	ERA5
1038558	23/06/2022	06	23/06/2022	02	HAE	19,6	0	15,3	0	76,0	0	19,0	0	180,0	0	996,0	0	0,0	ERA5
1038559	23/06/2022	07	23/06/2022	03	HAE	19,1	0	15,4	0	79,0	0	13,0	0	190,0	0	996,0	0	0,0	ERA5
1038560	23/06/2022	08	23/06/2022	04	HAE	18,4	0	15,6	0	83,0	0	13,0	0	180,0	0	995,0	0	0,0	ERA5
1038561	23/06/2022	09	23/06/2022	05	HAE	17,7	0	15,8	0	88,0	0	7,0	0	150,0	0	996,0	0	0,0	ERA5
1038562	23/06/2022	10	23/06/2022	06	HAE	17,9	0	15,7	0	87,0	0	8,0	0	170,0	0	996,0	0	26,1	ERA5
1038563	23/06/2022	11	23/06/2022	07	HAE	17,6	0	16,4	0	93,0	0	8,0	0	180,0	0	997,0	0	196,0	ERA5
1038564	23/06/2022	12	23/06/2022	08	HAE	17,9	0	16,8	0	93,0	0	6,0	0	160,0	0	997,0	0	284,2	ERA5
1038565	23/06/2022	13	23/06/2022	09	HAE	17,8	0	17,2	0	96,0	0	10,0	0	140,0	0	997,0	0	334,8	ERA5
1038566	23/06/2022	14	23/06/2022	10	HAE	17,7	0	17,2	0	97,0	0	8,0	0	150,0	0	998,0	0	526,7	ERA5
1038567	23/06/2022	15	23/06/2022	11	HAE	17,6	0	17,2	0	97,0	0	8,0	0	170,0	0	998,0	0	441,4	ERA5
1038568	23/06/2022	16	23/06/2022	12	HAE	18,8	0	17,8	0	94,0	0	7,0	0	150,0	0	998,0	0	510,8	ERA5
1038569	23/06/2022	17	23/06/2022	13	HAE	18,6	0	17,5	0	93,0	0	8,0	0	130,0	0	999,0	0	559,5	ERA5
1038570	23/06/2022	18	23/06/2022	14	HAE	18,6	0	17,7	0	94,0	0	8,0	0	130,0	0	999,0	0	981,0	ERA5
1038571	23/06/2022	19	23/06/2022	15	HAE	18,5	0	18,0	0	97,0	0	9,0	0	150,0	0	999,0	0	1410,4	ERA5
1038572	23/06/2022	20	23/06/2022	16	HAE	18,8	0	18,4	0	98,0	0	10,0	0	140,0	0	999,0	0	1147,8	ERA5
1038573	23/06/2022	21	23/06/2022	17	HAE	19,5	0	18,5	0	94,0	0	14,0	0	130,0	0	999,0	0	1529,8	ERA5
1038574	23/06/2022	22	23/06/2022	18	HAE	19,3	0	17,9	0	91,0	0	11,0	0	200,0	0	1000,0	0	1192,8	ERA5
1038575	23/06/2022	23	23/06/2022	19	HAE	20,2	0	17,9	0	86,0	0	6,0	0	180,0	0	999,0	0	667,2	ERA5
1038576	24/06/2022	00	23/06/2022	20	HAE	19,0	0	17,5	0	91,0	0	10,0	0	130,0	0	1000,0	0	377,5	ERA5
1038577	24/06/2022	01	23/06/2022	21	HAE	17,9	0	16,8	0	93,0	0	8,0	0	80,0	0	1000,0	0	91,7	ERA5
1038578	24/06/2022	02	23/06/2022	22	HAE	17,3	0	16,9	0	97,0	0	9,0	0	100,0	0	1001,0	0	0,0	ERA5
1038579	24/06/2022	03	23/06/2022	23	HAE	16,2	0	16,0	0	99,0	0	8,0	0	110,0	0	1001,0	0	-0,0	ERA5
1038580	24/06/2022	04	24/06/2022	00	HAE	15,4	0	15,4	0	100,0	0	8,0	0	110,0	0	1001,0	0	0,0	ERA5
1038581	24/06/2022	05	24/06/2022	01	HAE	16,0	0	15,9	0	100,0	0	8,0	0	100,0	0	1001,0	0	0,0	ERA5
1038582	24/06/2022	06	24/06/2022	02	HAE	15,2	0	15,2	0	100,0	0	8,0	0	110,0	0	1001,0	0	0,0	ERA5
1038583	24/06/2022	07	24/06/2022	03	HAE	13,8	0	13,8	0	100,0	0	7,0	0	140,0	0	1001,0	0	0,0	ERA5
1038584	24/06/2022	08	24/06/2022	04	HAE	14,5	0	14,5	0	100,0	0	7,0	0	140,0	0	1001,0	0	0,0	ERA5
1038585	24/06/2022	09	24/06/2022	05	HAE	14,0	0	14,0	0	100,0	0	3,0	0	180,0	0	1001,0	0	0,0	ERA5
1038586	24/06/2022	10	24/06/2022	06	HAE	14,0	0	14,0	0	100,0	0	3,0	0	0,0	0	1002,0	0	27,6	ERA5
1038587	24/06/2022	11	24/06/2022	07	HAE	16,3	0	16,3	0	100,0	0	4,0	0	20,0	0	1002,0	0	169,8	ERA5
1038588	24/06/2022	12	24/06/2022	08	HAE	18,1	0	17,1	0	94,0	0	8,0	0	60,0	0	1003,0	0	387,0	ERA5
1038589	24/06/2022	13	24/06/2022	09	HAE	18,7	0	17,2	0	91,0	0	5,0	0	70,0	0	1003,0	0	1004,0	ERA5
1038590	24/06/2022	14	24/06/2022	10	HAE	20,9	0	17,9	0	83,0	0	8,0	0	50,0	0	1003,0	0	1275,6	ERA5
1038591	24/06/2022	15	24/06/2022	11	HAE	21,9	0	17,7	0	77,0	0	3,0	0	360,0	0	1003,0	0	2215,9	ERA5
1038592	24/06/2022	16	24/06/2022	12	HAE	23,8	0	18,2	0	71,0	0	2,0	0	0,0	0	1003,0	0	2836,8	ERA5
1038593	24/06/2022	17	24/06/2022	13	HAE	25,4	0	16,0	0	55,0	0	7,0	0	260,0	0	1002,0	0	3172,8	ERA5
1038594	24/06/2022	18	24/06/2022	14	HAE	26,3	0	13,3	0	44,0	0	12,0	0	220,0	0	1002,0	0	3298,3	ERA5
1038595	24/06/2022	19	24/06/2022	15	HAE	26,7	0	11,5	0	38,0	0	15,0	0	260,0	0	1002,0	0	2953,0	ERA5
1038596	24/06/2022	20	24/06/2022	16	HAE	27,0	0	12,0	0	39,0	0	6,0	0	300,0	0	1002,0	0	2551,2	ERA5
1038597	24/06/2022	21	24/06/2022	17	HAE	27,0	0	12,9	0	41,0	0	3,0	0	290,0	0	1002,0	0	2135,5	ERA5
1038598	24/06/2022	22	24/06/2022	18	HAE	26,2	0	14,6	0	48,0	0	7,0	0	120,0	0	1002,0	0	1627,6	ERA5
1038599	24/06/2022	23	24/06/2022	19	HAE	25,4	0	16,9	0	59,0	0	7,0	0	150,0	0	1002,0	0	1057,4	ERA5
1038600	25/06/2022	00	24/06/2022	20	HAE	24,7	0	18,5	0	68,0	0	7,0	0	140,0	0	1002,0	0	509,7	ERA5
1038601	25/06/2022	01	24/06/2022	21	HAE	22,4	0	17,4	0	73,0	0	8,0	0	160,0	0	1002,0	0	97,8	ERA5
1038602	25/06/2022	02	24/06/2022	22	HAE	21,6	0	16,6	0	73,0	0	7,0	0	180,0	0	1003,0	0	0,0	ERA5
1038603	25/06/2022	03	24/06/2022	23	HAE	20,9	0	15,8	0	72,0	0	9,0	0	190,0	0	1003,0	0	0,0	ERA5
1038604	25/06/2022	04	25/06/2022	00	HAE	19,9	0	15,2	0	74,0	0	9,0	0	190,0	0	1003,0	0	0,0	ERA5
1038605	25/06/2022	05	25/06/2022	01	HAE	17,6	0	14,9	0	84,0	0	7,0	0	220,0	0	1003,0	0	0,0	ERA5
1038606	25/06/2022	06	25/06/2022	02	HAE	17,5	0	15,3	0	87,0	0	8,0	0	210,0	0	1003,0	0	0,0	ERA5
1038607	25/06/2022	07	25/06/2022	03	HAE	17,2	0	15,6	0	91,0	0	9,0	0	220,0	0	1004,0	0	0,0	ERA5
1038608	25/06/2022	08	25/06/2022	04	HAE	17,1	0	15,8	0	92,0	0	8,0	0	220,0	0	1004,0	0	0,0	ERA5
1038609	25/06/2022	09	25/06/2022	05	HAE	16,2	0	15,6	0	96,0	0	6,0	0	240,0	0	1004,0	0	0,0	ERA5
1038610	25/06/2022	10	25/06/2022	06	HAE	16,9	0	15,5	0	92,0	0	5,0	0	200,0	0	1005,0	0	56,0	ERA5
1038611	25/06/2022	11	25/06/2022	07	HAE	18,4	0	16,1	0	86,0	0	7,0	0	220,0	0	1005,0	0	450,3	ERA5
1038612	25/06/2022	12	25/06/2022	08	HAE	20,5	0	16,9	0	80,0	0	7,0	0	250,0	0	1006,0	0	1035,4	ERA5
1038613	25/06/2022	13	25/06/2022	09	HAE	23,2	0	16,6	0	66,0	0	7,0	0	260,0	0	1006,0	0	1660,9	ERA5
1038614	25/06/2022	14	25/06/2022	10	HAE	24,8	0	16,5	0	60,0	0	7,0	0	250,0	0	1006,0	0	2246,0	ERA5
1038615	25/06/2022	15	25/06/2022	11	HAE	26,3	0	16,3	0	53,0	0	8,0	0	150,0	0	1006,0	0	2739,2	ERA5
1038616	25/06/2022	16	25/06/2022	12	HAE	27,5	0	17,1	0	53,0	0	7,0	0	140,0	0	1006,0	0	3097,1	ERA5
1038617	25/06/2022	17	25/06/2022	13	HAE	28,5	0	16,5	0	47,0	0	7,0	0	200,0	0	1006,0	0	3280,2	ERA5
1038618	25/06/2022	18	25/06/2022	14	HAE	29,3	0	16,4	0	45,0	0	9,0	0	300,0	0	1005,0	0	3152,0	ERA5
1038619	25/06/2022	19	25/06/2022	15	HAE	30,0	0	16,0	0	42,0	0	1,0	0	0,0	0	1005,0	0	2995,1	ERA5
1038620	25/06/2022	20	25/06/2022	16	HAE	30,5	0	16,5	0	42,0	0	7,0	0	160,0	0	1005,0	0	2707,1	ERA5
1038621	25/06/2022	21	25/06/2022	17	HAE	30,4	0	14,8	0	38,0	0	8,0	0	180,0	0	1004,0	0	2100,7	ERA5
1038622	25/06/2022	22	25/06/2022	18	HAE	30,3	0	15,9	0	41,0	0	9,0	0	160,0	0	1004,0	0	1676,5	ERA5
1038623	25/06/2022	23	25/06/2022	19	HAE	29,1	0	16,8	0	47,0	0	13,0	0	160,0	0	1004,0	0	1102,3	ERA5
1038624	26/06/2022	00	25/06/2022	20	HAE	26,7	0	17,8	0	58,0	0	9,0	0	160,0	0	1004,0	0	522,4	ERA5
1038625	26/06/2022	01	25/06/2022	21	HAE	25,2	0	17,3	0	61,0	0	7,0	0	180,0	0	1004,0	0	90,2	ERA5
1038626	26/06/2022	02	25/06/2022	22	HAE	23,7	0	17,6	0	68,0	0	9,0	0	170,0	0	1005,0	0	0,0	ERA5
1038627	26/06/2022	03	25/06/2022	23	HAE	21,0	0	17,0	0	78,0	0	10,0	0	150,0	0	1004,0	0	0,0	ERA5
1038628	26/06/2022	04	26/06/2022	00	HAE	21,8	0	16,5	0	71,0	0	7,0	0	180,0	0	1004,0	0	0,0	ERA5
1038629	26/06/2022	05	26/06/2022	01	HAE	21,0	0	16,2	0	74,0	0	7,0	0	160,0	0	1004,0	0	0,0	ERA5
1038630	26/06/2022	06	26/06/2022	02	HAE	20,5	0	16,0	0	75,0	0	5,0	0	160,0	0	1004,0	0	0,0	ERA5
1038631	26/06/2022	07	26/06/2022	03	HAE	19,6	0	15,6	0	78,0	0	1,0	0	0,0	0	1004,0	0	0,0	ERA5
1038632	26/06/2022	08	26/06/2022	04	HAE	18,6	0	15,3	0	81,0	0	6,0	0	90,0	0	1003,0	0	0,0	ERA5
1038633	26/06/2022	09	26/06/2022	05	HAE	16,4	0	15,0	0	91,0	0	4,0	0	90,0	0	1003,0	0	0,0	ERA5
1038634	26/06/2022	10	26/06/2022	06	HAE	17,7	0	15,9	0	89,0	0	13,0	0	110,0	0	1002,0	0	49,7	ERA5
1038635	26/06/2022	11	26/06/2022	07	HAE	20,0	0	16,9	0	82,0	0	8,0	0	120,0	0	1003,0	0	415,9	ERA5
1038636	26/06/2022	12	26/06/2022	08	HAE	22,2	0	17,3	0	73,0	0	8,0	0	150,0	0	1002,0	0	1018,6	ERA5
1038637	26/06/2022	13	26/06/2022	09	HAE	24,6	0	17,8	0	65,0	0	10,0	0	170,0	0	1002,0	0	1641,3	ERA5
1038638	26/06/2022	14	26/06/2022	10	HAE	26,9	0	18,2	0	58,0	0	15,0	0	170,0	0	1001,0	0	2247,8	ERA5
1038639	26/06/2022	15	26/06/2022	11	HAE	28,6	0	18,8	0	55,0	0	15,0	0	160,0	0	1001,0	0	2739,9	ERA5
1038640	26/06/2022	16	26/06/2022	12	HAE	29,8	0	19,6	0	54,0	0	21,0	0	160,0	0	1000,0	0	3101,4	ERA5
1038641	26/06/2022	17	26/06/2022	13	HAE	31,2	0	19,4	0	49,0	0	26,0	0	160,0	0	999,0	0	3174,6	ERA5
1038642	26/06/2022	18	26/06/2022	14	HAE	30,6	0	19,8	0	52,0	0	17,0	0	190,0	0	998,0	0	2338,3	ERA5
1038643	26/06/2022	19	26/06/2022	15	HAE	28,8	0	19,6	0	57,0	0	17,0	0	190,0	0	998,0	0	2482,2	ERA5
1038644	26/06/2022	20	26/06/2022	16	HAE	27,2	0	17,7	0	55,0	0	17,0	0	190,0	0	998,0	0	1447,4	ERA5
1038645	26/06/2022	21	26/06/2022	17	HAE	26,6	0	17,4	0	56,0	0	21,0	0	200,0	0	998,0	0	717,0	ERA5
1038646	26/06/2022	22	26/06/2022	18	HAE	24,5	0	17,4	0	64,0	0	34,0	0	200,0	0	998,0	0	894,2	ERA5
1038647	26/06/2022	23	26/06/2022	19	HAE	23,7	0	18,7	0	73,0	0	14,0	0	210,0	0	997,0	0	536,6	ERA5
1038648	27/06/2022	00	26/06/2022	20	HAE	23,4	0	18,8	0	75,0	0	12,0	0	190,0	0	997,0	0	378,2	ERA5
1038649	27/06/2022	01	26/06/2022	21	HAE	23,2	0	18,6	0	75,0	0	11,0	0	190,0	0	996,0	0	47,5	ERA5
1038650	27/06/2022	02	26/06/2022	22	HAE	21,6	0	19,3	0	87,0	0	12,0	0	190,0	0	997,0	0	0,0	ERA5
1038651	27/06/2022	03	26/06/2022	23	HAE	21,0	0	19,4	0	90,0	0	12,0	0	180,0	0	996,0	0	0,0	ERA5
1038652	27/06/2022	04	27/06/2022	00	HAE	21,1	0	19,7	0	92,0	0	12,0	0	180,0	0	996,0	0	0,0	ERA5
1038653	27/06/2022	05	27/06/2022	01	HAE	21,0	0	19,9	0	94,0	0	13,0	0	210,0	0	995,0	0	0,0	ERA5
1038654	27/06/2022	06	27/06/2022	02	HAE	21,3	0	20,1	0	93,0	0	16,0	0	220,0	0	995,0	0	0,0	ERA5
1038655	27/06/2022	07	27/06/2022	03	HAE	20,8	0	20,0	0	95,0	0	10,0	0	240,0	0	995,0	0	0,0	ERA5
1038656	27/06/2022	08	27/06/2022	04	HAE	20,2	0	19,8	0	97,0	0	9,0	0	250,0	0	994,0	0	0,0	ERA5
1038657	27/06/2022	09	27/06/2022	05	HAE	20,6	0	19,5	0	94,0	0	17,0	0	280,0	0	995,0	0	0,0	ERA5
1038658	27/06/2022	10	27/06/2022	06	HAE	19,4	0	16,6	0	84,0	0	18,0	0	280,0	0	995,0	0	11,1	ERA5
1038659	27/06/2022	11	27/06/2022	07	HAE	18,7	0	14,7	0	77,0	0	26,0	0	280,0	0	996,0	0	297,1	ERA5
1038660	27/06/2022	12	27/06/2022	08	HAE	18,8	0	13,8	0	72,0	0	17,0	0	270,0	0	997,0	0	921,5	ERA5
1038661	27/06/2022	13	27/06/2022	09	HAE	20,3	0	9,5	0	50,0	0	27,0	0	280,0	0	997,0	0	1688,7	ERA5
1038662	27/06/2022	14	27/06/2022	10	HAE	21,0	0	8,6	0	45,0	0	27,0	0	280,0	0	998,0	0	2326,0	ERA5
1038663	27/06/2022	15	27/06/2022	11	HAE	21,9	0	8,5	0	42,0	0	31,0	0	280,0	0	998,0	0	2786,1	ERA5
1038664	27/06/2022	16	27/06/2022	12	HAE	21,3	0	8,4	0	43,0	0	27,0	0	290,0	0	999,0	0	3064,9	ERA5
1038665	27/06/2022	17	27/06/2022	13	HAE	21,1	0	9,9	0	48,0	0	28,0	0	270,0	0	999,0	0	2529,4	ERA5
1038666	27/06/2022	18	27/06/2022	14	HAE	22,3	0	10,8	0	48,0	0	23,0	0	290,0	0	999,0	0	1856,1	ERA5
1038667	27/06/2022	19	27/06/2022	15	HAE	21,3	0	10,3	0	49,0	0	29,0	0	300,0	0	999,0	0	1496,4	ERA5
1038668	27/06/2022	20	27/06/2022	16	HAE	21,1	0	10,4	0	50,0	0	31,0	0	300,0	0	1000,0	0	1897,9	ERA5
1038669	27/06/2022	21	27/06/2022	17	HAE	20,7	0	10,5	0	52,0	0	31,0	0	310,0	0	1000,0	0	1097,2	ERA5
1038670	27/06/2022	22	27/06/2022	18	HAE	20,6	0	10,9	0	53,0	0	20,0	0	290,0	0	1000,0	0	737,4	ERA5
1038671	27/06/2022	23	27/06/2022	19	HAE	19,6	0	10,1	0	54,0	0	17,0	0	280,0	0	1001,0	0	825,2	ERA5
1038672	28/06/2022	00	27/06/2022	20	HAE	18,8	0	10,9	0	59,0	0	14,0	0	260,0	0	1001,0	0	322,6	ERA5
1038673	28/06/2022	01	27/06/2022	21	HAE	18,4	0	11,2	0	63,0	0	14,0	0	270,0	0	1002,0	0	61,1	ERA5
1038674	28/06/2022	02	27/06/2022	22	HAE	16,8	0	12,3	0	75,0	0	17,0	0	290,0	0	1003,0	0	0,0	ERA5
1038675	28/06/2022	03	27/06/2022	23	HAE	15,8	0	13,3	0	85,0	0	15,0	0	290,0	0	1003,0	0	0,0	ERA5
1038676	28/06/2022	04	28/06/2022	00	HAE	15,2	0	12,9	0	86,0	0	17,0	0	270,0	0	1003,0	0	0,0	ERA5
1038677	28/06/2022	05	28/06/2022	01	HAE	14,9	0	13,3	0	90,0	0	14,0	0	270,0	0	1004,0	0	0,0	ERA5
1038678	28/06/2022	06	28/06/2022	02	HAE	15,2	0	13,8	0	92,0	0	17,0	0	290,0	0	1004,0	0	-0,0	ERA5
1038679	28/06/2022	07	28/06/2022	03	HAE	15,1	0	13,8	0	92,0	0	14,0	0	300,0	0	1004,0	0	0,0	ERA5
1038680	28/06/2022	08	28/06/2022	04	HAE	14,9	0	13,7	0	92,0	0	10,0	0	300,0	0	1004,0	0	0,0	ERA5
1038681	28/06/2022	09	28/06/2022	05	HAE	13,3	0	12,8	0	96,0	0	4,0	0	260,0	0	1005,0	0	0,0	ERA5
1038682	28/06/2022	10	28/06/2022	06	HAE	14,4	0	13,5	0	95,0	0	7,0	0	250,0	0	1006,0	0	48,8	ERA5
1038683	28/06/2022	11	28/06/2022	07	HAE	14,9	0	14,2	0	96,0	0	9,0	0	270,0	0	1006,0	0	415,7	ERA5
1038684	28/06/2022	12	28/06/2022	08	HAE	15,9	0	13,3	0	85,0	0	7,0	0	270,0	0	1007,0	0	1003,6	ERA5
1038685	28/06/2022	13	28/06/2022	09	HAE	17,7	0	12,7	0	72,0	0	7,0	0	270,0	0	1007,0	0	1640,8	ERA5
1038686	28/06/2022	14	28/06/2022	10	HAE	19,3	0	11,1	0	58,0	0	1,0	0	0,0	0	1007,0	0	2173,6	ERA5
1038687	28/06/2022	15	28/06/2022	11	HAE	20,6	0	8,9	0	47,0	0	8,0	0	170,0	0	1007,0	0	2719,8	ERA5
1038688	28/06/2022	16	28/06/2022	12	HAE	20,8	0	7,4	0	41,0	0	11,0	0	260,0	0	1007,0	0	2605,1	ERA5
1038689	28/06/2022	17	28/06/2022	13	HAE	22,1	0	9,5	0	44,0	0	16,0	0	290,0	0	1007,0	0	2668,1	ERA5
1038690	28/06/2022	18	28/06/2022	14	HAE	22,4	0	9,6	0	44,0	0	13,0	0	270,0	0	1007,0	0	1881,4	ERA5
1038691	28/06/2022	19	28/06/2022	15	HAE	22,1	0	10,5	0	47,0	0	17,0	0	210,0	0	1007,0	0	2140,5	ERA5
1038692	28/06/2022	20	28/06/2022	16	HAE	24,3	0	10,3	0	41,0	0	17,0	0	260,0	0	1006,0	0	2247,6	ERA5
1038693	28/06/2022	21	28/06/2022	17	HAE	24,3	0	9,8	0	39,0	0	18,0	0	240,0	0	1006,0	0	1903,7	ERA5
1038694	28/06/2022	22	28/06/2022	18	HAE	23,9	0	9,4	0	39,0	0	18,0	0	230,0	0	1005,0	0	1310,5	ERA5
1038695	28/06/2022	23	28/06/2022	19	HAE	23,0	0	12,5	0	51,0	0	15,0	0	200,0	0	1005,0	0	1063,6	ERA5
1038696	29/06/2022	00	28/06/2022	20	HAE	21,5	0	13,1	0	58,0	0	17,0	0	200,0	0	1006,0	0	572,8	ERA5
1038697	29/06/2022	01	28/06/2022	21	HAE	19,5	0	12,9	0	65,0	0	16,0	0	190,0	0	1006,0	0	101,9	ERA5
1038698	29/06/2022	02	28/06/2022	22	HAE	18,0	0	12,6	0	71,0	0	13,0	0	190,0	0	1006,0	0	0,0	ERA5
1038699	29/06/2022	03	28/06/2022	23	HAE	16,8	0	12,3	0	75,0	0	15,0	0	200,0	0	1006,0	0	0,0	ERA5
1038700	29/06/2022	04	29/06/2022	00	HAE	16,1	0	12,1	0	77,0	0	15,0	0	200,0	0	1007,0	0	0,0	ERA5
1038701	29/06/2022	05	29/06/2022	01	HAE	15,5	0	11,7	0	78,0	0	14,0	0	200,0	0	1007,0	0	0,0	ERA5
1038702	29/06/2022	06	29/06/2022	02	HAE	14,6	0	11,5	0	82,0	0	13,0	0	200,0	0	1006,0	0	0,0	ERA5
1038703	29/06/2022	07	29/06/2022	03	HAE	14,4	0	11,3	0	81,0	0	11,0	0	210,0	0	1007,0	0	0,0	ERA5
1038704	29/06/2022	08	29/06/2022	04	HAE	13,6	0	11,1	0	85,0	0	4,0	0	210,0	0	1007,0	0	0,0	ERA5
1038705	29/06/2022	09	29/06/2022	05	HAE	13,4	0	11,5	0	88,0	0	12,0	0	180,0	0	1006,0	0	0,0	ERA5
1038706	29/06/2022	10	29/06/2022	06	HAE	14,0	0	12,2	0	89,0	0	8,0	0	190,0	0	1007,0	0	44,3	ERA5
1038707	29/06/2022	11	29/06/2022	07	HAE	15,0	0	12,5	0	85,0	0	8,0	0	190,0	0	1007,0	0	344,3	ERA5
1038708	29/06/2022	12	29/06/2022	08	HAE	16,8	0	12,4	0	75,0	0	14,0	0	210,0	0	1007,0	0	778,1	ERA5
1038709	29/06/2022	13	29/06/2022	09	HAE	18,7	0	12,8	0	68,0	0	18,0	0	230,0	0	1007,0	0	1382,5	ERA5
1038710	29/06/2022	14	29/06/2022	10	HAE	20,4	0	12,8	0	61,0	0	18,0	0	220,0	0	1007,0	0	2104,3	ERA5
1038711	29/06/2022	15	29/06/2022	11	HAE	22,5	0	13,2	0	55,0	0	18,0	0	250,0	0	1007,0	0	2249,6	ERA5
1038712	29/06/2022	16	29/06/2022	12	HAE	21,8	0	13,8	0	60,0	0	17,0	0	260,0	0	1007,0	0	2348,2	ERA5
1038713	29/06/2022	17	29/06/2022	13	HAE	18,3	0	15,9	0	86,0	0	12,0	0	220,0	0	1007,0	0	1902,2	ERA5
1038714	29/06/2022	18	29/06/2022	14	HAE	18,3	0	15,3	0	83,0	0	19,0	0	240,0	0	1007,0	0	1092,6	ERA5
1038715	29/06/2022	19	29/06/2022	15	HAE	17,4	0	14,8	0	85,0	0	15,0	0	230,0	0	1007,0	0	459,6	ERA5
1038716	29/06/2022	20	29/06/2022	16	HAE	17,8	0	14,7	0	82,0	0	22,0	0	230,0	0	1007,0	0	670,7	ERA5
1038717	29/06/2022	21	29/06/2022	17	HAE	18,4	0	14,7	0	79,0	0	18,0	0	220,0	0	1007,0	0	939,9	ERA5
1038718	29/06/2022	22	29/06/2022	18	HAE	17,4	0	16,3	0	93,0	0	15,0	0	260,0	0	1007,0	0	1134,6	ERA5
1038719	29/06/2022	23	29/06/2022	19	HAE	18,4	0	14,2	0	76,0	0	11,0	0	320,0	0	1007,0	0	863,1	ERA5
1038720	30/06/2022	00	29/06/2022	20	HAE	18,1	0	13,8	0	76,0	0	5,0	0	300,0	0	1007,0	0	476,9	ERA5
1038721	30/06/2022	01	29/06/2022	21	HAE	16,1	0	13,8	0	87,0	0	2,0	0	0,0	0	1008,0	0	68,8	ERA5
1038722	30/06/2022	02	29/06/2022	22	HAE	15,1	0	12,4	0	84,0	0	5,0	0	220,0	0	1009,0	0	0,0	ERA5
1038723	30/06/2022	03	29/06/2022	23	HAE	14,4	0	14,1	0	98,0	0	6,0	0	220,0	0	1009,0	0	0,0	ERA5
1038724	30/06/2022	04	30/06/2022	00	HAE	12,3	0	12,2	0	100,0	0	6,0	0	200,0	0	1009,0	0	0,0	ERA5
1038725	30/06/2022	05	30/06/2022	01	HAE	12,8	0	12,7	0	100,0	0	7,0	0	190,0	0	1009,0	0	0,0	ERA5
1038726	30/06/2022	06	30/06/2022	02	HAE	11,9	0	11,9	0	100,0	0	4,0	0	210,0	0	1009,0	0	0,0	ERA5
1038727	30/06/2022	07	30/06/2022	03	HAE	11,0	0	11,0	0	100,0	0	4,0	0	210,0	0	1009,0	0	0,0	ERA5
1038728	30/06/2022	08	30/06/2022	04	HAE	10,7	0	10,7	0	100,0	0	5,0	0	200,0	0	1009,0	0	0,0	ERA5
1038729	30/06/2022	09	30/06/2022	05	HAE	11,1	0	11,1	0	100,0	0	5,0	0	180,0	0	1009,0	0	0,0	ERA5
1038730	30/06/2022	10	30/06/2022	06	HAE	11,1	0	11,1	0	100,0	0	1,0	0	0,0	0	1009,0	0	45,9	ERA5
1038731	30/06/2022	11	30/06/2022	07	HAE	13,3	0	13,3	0	100,0	0	5,0	0	300,0	0	1010,0	0	345,0	ERA5
1038732	30/06/2022	12	30/06/2022	08	HAE	13,8	0	13,8	0	100,0	0	1,0	0	0,0	0	1010,0	0	769,9	ERA5
1038733	30/06/2022	13	30/06/2022	09	HAE	15,0	0	15,0	0	100,0	0	3,0	0	80,0	0	1010,0	0	1507,7	ERA5
1038734	30/06/2022	14	30/06/2022	10	HAE	15,7	0	15,5	0	99,0	0	2,0	0	0,0	0	1010,0	0	2015,0	ERA5
1038735	30/06/2022	15	30/06/2022	11	HAE	19,5	0	14,0	0	70,0	0	7,0	0	130,0	0	1009,0	0	2629,7	ERA5
1038736	30/06/2022	16	30/06/2022	12	HAE	21,3	0	12,9	0	59,0	0	15,0	0	190,0	0	1008,0	0	2908,7	ERA5
1038737	30/06/2022	17	30/06/2022	13	HAE	22,2	0	12,6	0	54,0	0	9,0	0	190,0	0	1007,0	0	2657,1	ERA5
1038738	30/06/2022	18	30/06/2022	14	HAE	21,3	0	12,8	0	58,0	0	18,0	0	130,0	0	1005,0	0	1911,4	ERA5
1038739	30/06/2022	19	30/06/2022	15	HAE	22,6	0	13,1	0	54,0	0	18,0	0	190,0	0	1005,0	0	2327,5	ERA5
1038740	30/06/2022	20	30/06/2022	16	HAE	23,8	0	11,5	0	45,0	0	13,0	0	190,0	0	1005,0	0	1044,4	ERA5
1038741	30/06/2022	21	30/06/2022	17	HAE	23,8	0	12,3	0	48,0	0	12,0	0	180,0	0	1004,0	0	1245,3	ERA5
1038742	30/06/2022	22	30/06/2022	18	HAE	24,1	0	15,2	0	57,0	0	18,0	0	150,0	0	1004,0	0	877,9	ERA5
1038743	30/06/2022	23	30/06/2022	19	HAE	22,2	0	13,9	0	59,0	0	12,0	0	160,0	0	1003,0	0	525,0	ERA5
1038744	01/07/2022	00	30/06/2022	20	HAE	21,1	0	12,9	0	59,0	0	18,0	0	150,0	0	1002,0	0	257,7	ERA5
1038745	01/07/2022	01	30/06/2022	21	HAE	20,1	0	13,1	0	64,0	0	12,0	0	160,0	0	1002,0	0	44,8	ERA5
1038746	01/07/2022	02	30/06/2022	22	HAE	19,3	0	12,5	0	64,0	0	8,0	0	170,0	0	1002,0	0	0,0	ERA5
1038747	01/07/2022	03	30/06/2022	23	HAE	17,3	0	11,4	0	68,0	0	10,0	0	140,0	0	1001,0	0	-0,0	ERA5
1038748	01/07/2022	04	01/07/2022	00	HAE	18,5	0	11,9	0	65,0	0	8,0	0	180,0	0	1001,0	0	0,0	ERA5
1038749	01/07/2022	05	01/07/2022	01	HAE	19,4	0	12,5	0	64,0	0	10,0	0	180,0	0	1001,0	0	0,0	ERA5
1038750	01/07/2022	06	01/07/2022	02	HAE	19,7	0	14,1	0	70,0	0	13,0	0	190,0	0	1000,0	0	-0,0	ERA5
1038751	01/07/2022	07	01/07/2022	03	HAE	19,1	0	14,7	0	75,0	0	7,0	0	190,0	0	1000,0	0	0,0	ERA5
1038752	01/07/2022	08	01/07/2022	04	HAE	20,0	0	15,7	0	76,0	0	12,0	0	190,0	0	999,0	0	0,0	ERA5
1038753	01/07/2022	09	01/07/2022	05	HAE	20,7	0	16,1	0	75,0	0	14,0	0	190,0	0	998,0	0	0,0	ERA5
1038754	01/07/2022	10	01/07/2022	06	HAE	20,6	0	16,1	0	75,0	0	19,0	0	190,0	0	998,0	0	32,3	ERA5
1038755	01/07/2022	11	01/07/2022	07	HAE	21,6	0	16,4	0	72,0	0	18,0	0	190,0	0	997,0	0	320,0	ERA5
1038756	01/07/2022	12	01/07/2022	08	HAE	22,1	0	16,7	0	71,0	0	19,0	0	250,0	0	999,0	0	676,0	ERA5
1038757	01/07/2022	13	01/07/2022	09	HAE	21,9	0	16,2	0	70,0	0	14,0	0	240,0	0	999,0	0	1225,8	ERA5
1038758	01/07/2022	14	01/07/2022	10	HAE	22,2	0	16,2	0	68,0	0	18,0	0	340,0	0	999,0	0	1747,7	ERA5
1038759	01/07/2022	15	01/07/2022	11	HAE	22,8	0	16,3	0	66,0	0	15,0	0	130,0	0	998,0	0	1852,8	ERA5
1038760	01/07/2022	16	01/07/2022	12	HAE	23,8	0	17,3	0	67,0	0	16,0	0	160,0	0	998,0	0	1776,7	ERA5
1038761	01/07/2022	17	01/07/2022	13	HAE	24,4	0	16,9	0	63,0	0	14,0	0	180,0	0	998,0	0	1387,0	ERA5
1038762	01/07/2022	18	01/07/2022	14	HAE	24,3	0	17,7	0	66,0	0	15,0	0	200,0	0	998,0	0	1394,7	ERA5
1038763	01/07/2022	19	01/07/2022	15	HAE	25,4	0	18,1	0	64,0	0	19,0	0	210,0	0	997,0	0	2509,8	ERA5
1038764	01/07/2022	20	01/07/2022	16	HAE	26,9	0	18,8	0	61,0	0	19,0	0	210,0	0	996,0	0	2696,9	ERA5
1038765	01/07/2022	21	01/07/2022	17	HAE	27,6	0	17,7	0	54,0	0	29,0	0	220,0	0	995,0	0	2188,7	ERA5
1038766	01/07/2022	22	01/07/2022	18	HAE	27,6	0	17,0	0	52,0	0	23,0	0	230,0	0	995,0	0	1566,3	ERA5
1038767	01/07/2022	23	01/07/2022	19	HAE	27,2	0	16,9	0	53,0	0	21,0	0	230,0	0	994,0	0	817,6	ERA5
1038768	02/07/2022	00	01/07/2022	20	HAE	25,9	0	16,9	0	57,0	0	14,0	0	230,0	0	994,0	0	416,5	ERA5
1038769	02/07/2022	01	01/07/2022	21	HAE	23,6	0	17,3	0	67,0	0	7,0	0	170,0	0	994,0	0	63,3	ERA5
1038770	02/07/2022	02	01/07/2022	22	HAE	23,0	0	17,5	0	71,0	0	10,0	0	210,0	0	994,0	0	0,0	ERA5
1038771	02/07/2022	03	01/07/2022	23	HAE	22,1	0	17,4	0	74,0	0	12,0	0	260,0	0	994,0	0	0,0	ERA5
1038772	02/07/2022	04	02/07/2022	00	HAE	21,0	0	17,7	0	81,0	0	10,0	0	230,0	0	994,0	0	0,0	ERA5
1038773	02/07/2022	05	02/07/2022	01	HAE	22,3	0	17,4	0	73,0	0	19,0	0	260,0	0	994,0	0	0,0	ERA5
1038774	02/07/2022	06	02/07/2022	02	HAE	19,6	0	16,4	0	81,0	0	12,0	0	250,0	0	994,0	0	0,0	ERA5
1038775	02/07/2022	07	02/07/2022	03	HAE	20,0	0	13,7	0	67,0	0	18,0	0	270,0	0	995,0	0	0,0	ERA5
1038776	02/07/2022	08	02/07/2022	04	HAE	18,6	0	11,7	0	64,0	0	18,0	0	270,0	0	995,0	0	0,0	ERA5
1038777	02/07/2022	09	02/07/2022	05	HAE	16,4	0	10,8	0	69,0	0	14,0	0	260,0	0	995,0	0	0,0	ERA5
1038778	02/07/2022	10	02/07/2022	06	HAE	15,9	0	10,4	0	69,0	0	14,0	0	270,0	0	997,0	0	49,3	ERA5
1038779	02/07/2022	11	02/07/2022	07	HAE	17,6	0	10,3	0	62,0	0	16,0	0	280,0	0	997,0	0	454,1	ERA5
1038780	02/07/2022	12	02/07/2022	08	HAE	18,6	0	10,3	0	58,0	0	18,0	0	290,0	0	998,0	0	1065,3	ERA5
1038781	02/07/2022	13	02/07/2022	09	HAE	20,1	0	10,0	0	52,0	0	16,0	0	280,0	0	999,0	0	1717,8	ERA5
1038782	02/07/2022	14	02/07/2022	10	HAE	22,0	0	10,0	0	46,0	0	15,0	0	250,0	0	998,0	0	2325,5	ERA5
1038783	02/07/2022	15	02/07/2022	11	HAE	23,8	0	8,2	0	37,0	0	16,0	0	230,0	0	998,0	0	2823,1	ERA5
1038784	02/07/2022	16	02/07/2022	12	HAE	25,1	0	7,9	0	33,0	0	20,0	0	260,0	0	997,0	0	3184,2	ERA5
1038785	02/07/2022	17	02/07/2022	13	HAE	24,2	0	9,3	0	38,0	0	25,0	0	240,0	0	997,0	0	3397,2	ERA5
1038786	02/07/2022	18	02/07/2022	14	HAE	26,1	0	11,6	0	40,0	0	27,0	0	240,0	0	997,0	0	3025,1	ERA5
1038787	02/07/2022	19	02/07/2022	15	HAE	26,8	0	11,4	0	38,0	0	30,0	0	250,0	0	996,0	0	2238,3	ERA5
1038788	02/07/2022	20	02/07/2022	16	HAE	25,5	0	10,3	0	38,0	0	34,0	0	250,0	0	996,0	0	1723,6	ERA5
1038789	02/07/2022	21	02/07/2022	17	HAE	27,4	0	8,4	0	30,0	0	31,0	0	260,0	0	996,0	0	1671,4	ERA5
1038790	02/07/2022	22	02/07/2022	18	HAE	26,4	0	8,5	0	32,0	0	30,0	0	260,0	0	996,0	0	1397,4	ERA5
1038791	02/07/2022	23	02/07/2022	19	HAE	25,8	0	7,9	0	32,0	0	26,0	0	270,0	0	996,0	0	1036,3	ERA5
1038792	03/07/2022	00	02/07/2022	20	HAE	24,0	0	7,9	0	35,0	0	19,0	0	270,0	0	997,0	0	564,2	ERA5
1038793	03/07/2022	01	02/07/2022	21	HAE	22,2	0	5,5	0	33,0	0	20,0	0	270,0	0	997,0	0	98,3	ERA5
1038794	03/07/2022	02	02/07/2022	22	HAE	19,7	0	5,0	0	38,0	0	17,0	0	270,0	0	998,0	0	0,0	ERA5
1038795	03/07/2022	03	02/07/2022	23	HAE	17,2	0	5,3	0	45,0	0	14,0	0	260,0	0	999,0	0	-0,0	ERA5
1038796	03/07/2022	04	03/07/2022	00	HAE	15,3	0	6,3	0	55,0	0	13,0	0	250,0	0	999,0	0	0,0	ERA5
1038797	03/07/2022	05	03/07/2022	01	HAE	14,9	0	6,3	0	56,0	0	12,0	0	260,0	0	999,0	0	0,0	ERA5
1038798	03/07/2022	06	03/07/2022	02	HAE	14,6	0	6,6	0	58,0	0	13,0	0	270,0	0	999,0	0	0,0	ERA5
1038799	03/07/2022	07	03/07/2022	03	HAE	13,3	0	7,2	0	67,0	0	11,0	0	260,0	0	1000,0	0	0,0	ERA5
1038800	03/07/2022	08	03/07/2022	04	HAE	14,4	0	9,0	0	70,0	0	10,0	0	280,0	0	1000,0	0	0,0	ERA5
1038801	03/07/2022	09	03/07/2022	05	HAE	13,5	0	9,6	0	77,0	0	9,0	0	300,0	0	1001,0	0	0,0	ERA5
1038802	03/07/2022	10	03/07/2022	06	HAE	12,1	0	9,2	0	83,0	0	9,0	0	260,0	0	1002,0	0	44,4	ERA5
1038803	03/07/2022	11	03/07/2022	07	HAE	14,2	0	10,0	0	75,0	0	11,0	0	270,0	0	1003,0	0	414,9	ERA5
1038804	03/07/2022	12	03/07/2022	08	HAE	17,8	0	10,6	0	63,0	0	17,0	0	300,0	0	1003,0	0	998,0	ERA5
1038805	03/07/2022	13	03/07/2022	09	HAE	19,1	0	10,4	0	57,0	0	15,0	0	290,0	0	1004,0	0	1617,7	ERA5
1038806	03/07/2022	14	03/07/2022	10	HAE	19,6	0	10,2	0	54,0	0	21,0	0	290,0	0	1004,0	0	2290,4	ERA5
1038807	03/07/2022	15	03/07/2022	11	HAE	20,8	0	9,4	0	47,0	0	23,0	0	290,0	0	1004,0	0	2805,9	ERA5
1038808	03/07/2022	16	03/07/2022	12	HAE	21,4	0	8,9	0	44,0	0	22,0	0	280,0	0	1004,0	0	3194,8	ERA5
1038809	03/07/2022	17	03/07/2022	13	HAE	22,5	0	9,3	0	43,0	0	19,0	0	250,0	0	1004,0	0	3232,6	ERA5
1038810	03/07/2022	18	03/07/2022	14	HAE	23,2	0	9,0	0	40,0	0	25,0	0	280,0	0	1004,0	0	3210,7	ERA5
1038811	03/07/2022	19	03/07/2022	15	HAE	23,8	0	7,5	0	35,0	0	28,0	0	290,0	0	1004,0	0	2825,3	ERA5
1038812	03/07/2022	20	03/07/2022	16	HAE	24,7	0	8,1	0	34,0	0	24,0	0	270,0	0	1003,0	0	1662,5	ERA5
1038813	03/07/2022	21	03/07/2022	17	HAE	24,6	0	8,4	0	35,0	0	23,0	0	260,0	0	1003,0	0	1483,6	ERA5
1038814	03/07/2022	22	03/07/2022	18	HAE	24,6	0	7,8	0	34,0	0	24,0	0	260,0	0	1003,0	0	1570,4	ERA5
1038815	03/07/2022	23	03/07/2022	19	HAE	23,9	0	7,7	0	35,0	0	21,0	0	310,0	0	1004,0	0	801,6	ERA5
1038816	04/07/2022	00	03/07/2022	20	HAE	22,3	0	8,7	0	41,0	0	17,0	0	340,0	0	1004,0	0	426,9	ERA5
1038817	04/07/2022	01	03/07/2022	21	HAE	21,0	0	8,3	0	44,0	0	14,0	0	310,0	0	1004,0	0	81,5	ERA5
1038818	04/07/2022	02	03/07/2022	22	HAE	20,1	0	8,6	0	47,0	0	10,0	0	290,0	0	1005,0	0	0,0	ERA5
1038819	04/07/2022	03	03/07/2022	23	HAE	18,8	0	9,7	0	55,0	0	13,0	0	280,0	0	1005,0	0	0,0	ERA5
1038820	04/07/2022	04	04/07/2022	00	HAE	16,2	0	9,8	0	65,0	0	12,0	0	270,0	0	1005,0	0	0,0	ERA5
1038821	04/07/2022	05	04/07/2022	01	HAE	18,1	0	10,8	0	62,0	0	11,0	0	300,0	0	1006,0	0	0,0	ERA5
1038822	04/07/2022	06	04/07/2022	02	HAE	17,0	0	11,2	0	68,0	0	12,0	0	310,0	0	1006,0	0	0,0	ERA5
1038823	04/07/2022	07	04/07/2022	03	HAE	13,8	0	11,3	0	85,0	0	13,0	0	240,0	0	1006,0	0	0,0	ERA5
1038824	04/07/2022	08	04/07/2022	04	HAE	14,5	0	11,5	0	82,0	0	9,0	0	270,0	0	1006,0	0	0,0	ERA5
1038825	04/07/2022	09	04/07/2022	05	HAE	14,2	0	11,6	0	84,0	0	7,0	0	230,0	0	1006,0	0	0,0	ERA5
1038826	04/07/2022	10	04/07/2022	06	HAE	13,9	0	11,7	0	87,0	0	9,0	0	280,0	0	1007,0	0	40,0	ERA5
1038827	04/07/2022	11	04/07/2022	07	HAE	16,4	0	13,0	0	80,0	0	7,0	0	270,0	0	1007,0	0	390,7	ERA5
1038828	04/07/2022	12	04/07/2022	08	HAE	18,1	0	12,8	0	71,0	0	8,0	0	290,0	0	1007,0	0	1010,2	ERA5
1038829	04/07/2022	13	04/07/2022	09	HAE	19,7	0	11,8	0	60,0	0	4,0	0	270,0	0	1007,0	0	1612,6	ERA5
1038830	04/07/2022	14	04/07/2022	10	HAE	21,4	0	11,9	0	54,0	0	7,0	0	260,0	0	1007,0	0	2234,4	ERA5
1038831	04/07/2022	15	04/07/2022	11	HAE	23,3	0	10,8	0	45,0	0	8,0	0	260,0	0	1007,0	0	2778,3	ERA5
1038832	04/07/2022	16	04/07/2022	12	HAE	22,5	0	10,6	0	46,0	0	3,0	0	0,0	0	1007,0	0	3039,3	ERA5
1038833	04/07/2022	17	04/07/2022	13	HAE	25,1	0	8,7	0	35,0	0	9,0	0	320,0	0	1006,0	0	2765,6	ERA5
1038834	04/07/2022	18	04/07/2022	14	HAE	25,4	0	8,6	0	34,0	0	13,0	0	250,0	0	1006,0	0	2013,7	ERA5
1038835	04/07/2022	19	04/07/2022	15	HAE	26,5	0	8,4	0	31,0	0	25,0	0	300,0	0	1005,0	0	2185,0	ERA5
1038836	04/07/2022	20	04/07/2022	16	HAE	26,4	0	9,6	0	34,0	0	20,0	0	300,0	0	1005,0	0	1964,6	ERA5
1038837	04/07/2022	21	04/07/2022	17	HAE	25,5	0	9,1	0	35,0	0	15,0	0	310,0	0	1005,0	0	1967,2	ERA5
1038838	04/07/2022	22	04/07/2022	18	HAE	24,9	0	9,5	0	37,0	0	14,0	0	280,0	0	1004,0	0	1354,5	ERA5
1038839	04/07/2022	23	04/07/2022	19	HAE	23,9	0	12,2	0	47,0	0	9,0	0	250,0	0	1004,0	0	836,2	ERA5
1038840	05/07/2022	00	04/07/2022	20	HAE	23,0	0	11,8	0	49,0	0	5,0	0	230,0	0	1004,0	0	447,6	ERA5
1038841	05/07/2022	01	04/07/2022	21	HAE	20,1	0	13,6	0	66,0	0	9,0	0	170,0	0	1004,0	0	63,5	ERA5
1038842	05/07/2022	02	04/07/2022	22	HAE	19,4	0	12,9	0	66,0	0	9,0	0	170,0	0	1004,0	0	0,0	ERA5
1038843	05/07/2022	03	04/07/2022	23	HAE	18,9	0	12,5	0	66,0	0	9,0	0	190,0	0	1004,0	0	0,0	ERA5
1038844	05/07/2022	04	05/07/2022	00	HAE	17,7	0	12,4	0	71,0	0	10,0	0	200,0	0	1004,0	0	0,0	ERA5
1038845	05/07/2022	05	05/07/2022	01	HAE	17,9	0	12,7	0	71,0	0	12,0	0	210,0	0	1004,0	0	0,0	ERA5
1038846	05/07/2022	06	05/07/2022	02	HAE	18,1	0	13,1	0	72,0	0	11,0	0	220,0	0	1004,0	0	-0,0	ERA5
1038847	05/07/2022	07	05/07/2022	03	HAE	17,0	0	13,4	0	79,0	0	7,0	0	220,0	0	1003,0	0	0,0	ERA5
1038848	05/07/2022	08	05/07/2022	04	HAE	17,1	0	13,4	0	79,0	0	9,0	0	200,0	0	1003,0	0	0,0	ERA5
1038849	05/07/2022	09	05/07/2022	05	HAE	16,5	0	13,7	0	84,0	0	8,0	0	200,0	0	1003,0	0	0,0	ERA5
1038850	05/07/2022	10	05/07/2022	06	HAE	17,0	0	14,1	0	83,0	0	9,0	0	210,0	0	1003,0	0	9,9	ERA5
1038851	05/07/2022	11	05/07/2022	07	HAE	17,2	0	14,4	0	84,0	0	8,0	0	220,0	0	1003,0	0	57,4	ERA5
1038852	05/07/2022	12	05/07/2022	08	HAE	17,5	0	15,3	0	86,0	0	5,0	0	230,0	0	1003,0	0	104,5	ERA5
1038853	05/07/2022	13	05/07/2022	09	HAE	17,7	0	15,4	0	86,0	0	5,0	0	170,0	0	1002,0	0	279,6	ERA5
1038854	05/07/2022	14	05/07/2022	10	HAE	18,8	0	16,3	0	85,0	0	7,0	0	190,0	0	1002,0	0	530,0	ERA5
1038855	05/07/2022	15	05/07/2022	11	HAE	19,6	0	15,1	0	75,0	0	10,0	0	150,0	0	1001,0	0	482,1	ERA5
1038856	05/07/2022	16	05/07/2022	12	HAE	20,0	0	14,8	0	72,0	0	11,0	0	150,0	0	1000,0	0	618,4	ERA5
1038857	05/07/2022	17	05/07/2022	13	HAE	20,1	0	15,4	0	74,0	0	11,0	0	120,0	0	999,0	0	545,2	ERA5
1038858	05/07/2022	18	05/07/2022	14	HAE	20,3	0	15,0	0	71,0	0	13,0	0	100,0	0	998,0	0	841,0	ERA5
1038859	05/07/2022	19	05/07/2022	15	HAE	20,0	0	15,5	0	75,0	0	14,0	0	110,0	0	997,0	0	627,5	ERA5
1038860	05/07/2022	20	05/07/2022	16	HAE	19,7	0	16,1	0	79,0	0	15,0	0	100,0	0	997,0	0	1191,1	ERA5
1038861	05/07/2022	21	05/07/2022	17	HAE	20,0	0	17,0	0	83,0	0	10,0	0	80,0	0	996,0	0	962,0	ERA5
1038862	05/07/2022	22	05/07/2022	18	HAE	19,6	0	16,8	0	83,0	0	12,0	0	50,0	0	995,0	0	827,2	ERA5
1038863	05/07/2022	23	05/07/2022	19	HAE	18,3	0	17,1	0	92,0	0	12,0	0	70,0	0	994,0	0	275,7	ERA5
1038864	06/07/2022	00	05/07/2022	20	HAE	17,6	0	17,1	0	97,0	0	14,0	0	50,0	0	994,0	0	210,9	ERA5
1038865	06/07/2022	01	05/07/2022	21	HAE	17,3	0	16,9	0	98,0	0	13,0	0	20,0	0	994,0	0	33,2	ERA5
1038866	06/07/2022	02	05/07/2022	22	HAE	16,9	0	16,6	0	98,0	0	10,0	0	40,0	0	995,0	0	0,0	ERA5
1038867	06/07/2022	03	05/07/2022	23	HAE	17,1	0	16,8	0	98,0	0	14,0	0	20,0	0	995,0	0	0,0	ERA5
1038868	06/07/2022	04	06/07/2022	00	HAE	16,8	0	16,4	0	97,0	0	10,0	0	10,0	0	995,0	0	0,0	ERA5
1038869	06/07/2022	05	06/07/2022	01	HAE	16,9	0	16,3	0	96,0	0	7,0	0	350,0	0	994,0	0	0,0	ERA5
1038870	06/07/2022	06	06/07/2022	02	HAE	17,2	0	16,6	0	96,0	0	7,0	0	320,0	0	995,0	0	-0,0	ERA5
1038871	06/07/2022	07	06/07/2022	03	HAE	16,9	0	16,5	0	98,0	0	12,0	0	10,0	0	995,0	0	0,0	ERA5
1038872	06/07/2022	08	06/07/2022	04	HAE	16,8	0	16,2	0	97,0	0	11,0	0	350,0	0	996,0	0	0,0	ERA5
1038873	06/07/2022	09	06/07/2022	05	HAE	16,1	0	15,5	0	96,0	0	13,0	0	350,0	0	997,0	0	0,0	ERA5
1038874	06/07/2022	10	06/07/2022	06	HAE	16,0	0	14,9	0	93,0	0	13,0	0	350,0	0	998,0	0	25,7	ERA5
1038875	06/07/2022	11	06/07/2022	07	HAE	17,0	0	14,8	0	86,0	0	15,0	0	350,0	0	999,0	0	396,4	ERA5
1038876	06/07/2022	12	06/07/2022	08	HAE	17,7	0	14,7	0	82,0	0	19,0	0	350,0	0	1000,0	0	1000,4	ERA5
1038877	06/07/2022	13	06/07/2022	09	HAE	18,5	0	14,4	0	77,0	0	21,0	0	320,0	0	1000,0	0	1579,2	ERA5
1038878	06/07/2022	14	06/07/2022	10	HAE	18,9	0	13,0	0	68,0	0	22,0	0	340,0	0	1001,0	0	2218,0	ERA5
1038879	06/07/2022	15	06/07/2022	11	HAE	20,3	0	13,3	0	64,0	0	22,0	0	350,0	0	1001,0	0	2724,7	ERA5
1038880	06/07/2022	16	06/07/2022	12	HAE	21,8	0	12,9	0	57,0	0	22,0	0	360,0	0	1001,0	0	3128,9	ERA5
1038881	06/07/2022	17	06/07/2022	13	HAE	23,0	0	12,6	0	52,0	0	23,0	0	360,0	0	1001,0	0	3270,8	ERA5
1038882	06/07/2022	18	06/07/2022	14	HAE	21,5	0	12,4	0	56,0	0	19,0	0	360,0	0	1001,0	0	3076,9	ERA5
1038883	06/07/2022	19	06/07/2022	15	HAE	23,3	0	11,4	0	47,0	0	17,0	0	350,0	0	1001,0	0	2357,3	ERA5
1038884	06/07/2022	20	06/07/2022	16	HAE	22,6	0	10,9	0	47,0	0	13,0	0	340,0	0	1002,0	0	2338,7	ERA5
1038885	06/07/2022	21	06/07/2022	17	HAE	22,9	0	11,2	0	47,0	0	14,0	0	340,0	0	1002,0	0	1965,2	ERA5
1038886	06/07/2022	22	06/07/2022	18	HAE	22,7	0	10,4	0	45,0	0	13,0	0	320,0	0	1002,0	0	1619,9	ERA5
1038887	06/07/2022	23	06/07/2022	19	HAE	23,4	0	10,3	0	43,0	0	17,0	0	360,0	0	1002,0	0	1139,9	ERA5
1038888	07/07/2022	00	06/07/2022	20	HAE	21,6	0	8,8	0	43,0	0	17,0	0	320,0	0	1002,0	0	543,7	ERA5
1038889	07/07/2022	01	06/07/2022	21	HAE	19,5	0	8,6	0	49,0	0	11,0	0	340,0	0	1002,0	0	97,2	ERA5
1038890	07/07/2022	02	06/07/2022	22	HAE	19,0	0	8,1	0	49,0	0	11,0	0	340,0	0	1003,0	0	-0,0	ERA5
1038891	07/07/2022	03	06/07/2022	23	HAE	18,0	0	8,2	0	52,0	0	8,0	0	360,0	0	1003,0	0	0,0	ERA5
1038892	07/07/2022	04	07/07/2022	00	HAE	16,0	0	8,4	0	60,0	0	3,0	0	0,0	0	1003,0	0	0,0	ERA5
1038893	07/07/2022	05	07/07/2022	01	HAE	14,1	0	8,7	0	70,0	0	3,0	0	320,0	0	1003,0	0	0,0	ERA5
1038894	07/07/2022	06	07/07/2022	02	HAE	12,7	0	9,6	0	81,0	0	7,0	0	330,0	0	1003,0	0	0,0	ERA5
1038895	07/07/2022	07	07/07/2022	03	HAE	14,5	0	10,0	0	74,0	0	9,0	0	330,0	0	1003,0	0	0,0	ERA5
1038896	07/07/2022	08	07/07/2022	04	HAE	12,7	0	10,2	0	85,0	0	1,0	0	0,0	0	1003,0	0	0,0	ERA5
1038897	07/07/2022	09	07/07/2022	05	HAE	11,4	0	10,1	0	91,0	0	5,0	0	330,0	0	1004,0	0	0,0	ERA5
1038898	07/07/2022	10	07/07/2022	06	HAE	12,2	0	10,8	0	91,0	0	8,0	0	330,0	0	1004,0	0	38,8	ERA5
1038899	07/07/2022	11	07/07/2022	07	HAE	15,2	0	12,1	0	82,0	0	7,0	0	330,0	0	1004,0	0	415,8	ERA5
1038900	07/07/2022	12	07/07/2022	08	HAE	17,5	0	10,0	0	61,0	0	6,0	0	40,0	0	1005,0	0	1024,5	ERA5
1038901	07/07/2022	13	07/07/2022	09	HAE	18,9	0	9,8	0	55,0	0	4,0	0	80,0	0	1005,0	0	1581,0	ERA5
1038902	07/07/2022	14	07/07/2022	10	HAE	20,6	0	9,7	0	49,0	0	6,0	0	260,0	0	1004,0	0	2182,3	ERA5
1038903	07/07/2022	15	07/07/2022	11	HAE	22,6	0	8,8	0	41,0	0	12,0	0	250,0	0	1004,0	0	2746,0	ERA5
1038904	07/07/2022	16	07/07/2022	12	HAE	23,7	0	7,4	0	35,0	0	14,0	0	340,0	0	1004,0	0	2969,6	ERA5
1038905	07/07/2022	17	07/07/2022	13	HAE	23,9	0	8,5	0	37,0	0	4,0	0	190,0	0	1003,0	0	2890,9	ERA5
1038906	07/07/2022	18	07/07/2022	14	HAE	24,2	0	9,1	0	38,0	0	16,0	0	260,0	0	1002,0	0	3140,9	ERA5
1038907	07/07/2022	19	07/07/2022	15	HAE	24,7	0	9,8	0	38,0	0	10,0	0	320,0	0	1002,0	0	2943,0	ERA5
1038908	07/07/2022	20	07/07/2022	16	HAE	24,9	0	9,4	0	37,0	0	13,0	0	250,0	0	1001,0	0	2718,2	ERA5
1038909	07/07/2022	21	07/07/2022	17	HAE	24,9	0	10,0	0	38,0	0	11,0	0	230,0	0	1001,0	0	2064,4	ERA5
1038910	07/07/2022	22	07/07/2022	18	HAE	25,8	0	9,8	0	36,0	0	10,0	0	260,0	0	1000,0	0	1037,6	ERA5
1038911	07/07/2022	23	07/07/2022	19	HAE	24,4	0	10,2	0	40,0	0	6,0	0	210,0	0	1000,0	0	655,8	ERA5
1038912	08/07/2022	00	07/07/2022	20	HAE	23,0	0	12,1	0	50,0	0	7,0	0	170,0	0	1000,0	0	242,0	ERA5
1038913	08/07/2022	01	07/07/2022	21	HAE	19,7	0	12,1	0	61,0	0	10,0	0	150,0	0	1000,0	0	59,8	ERA5
1038914	08/07/2022	02	07/07/2022	22	HAE	20,1	0	12,8	0	62,0	0	10,0	0	200,0	0	1000,0	0	0,0	ERA5
1038915	08/07/2022	03	07/07/2022	23	HAE	19,0	0	12,9	0	67,0	0	7,0	0	180,0	0	1000,0	0	-0,0	ERA5
1038916	08/07/2022	04	08/07/2022	00	HAE	19,0	0	13,1	0	68,0	0	9,0	0	200,0	0	1000,0	0	0,0	ERA5
1038917	08/07/2022	05	08/07/2022	01	HAE	18,5	0	13,2	0	71,0	0	11,0	0	220,0	0	1000,0	0	0,0	ERA5
1038918	08/07/2022	06	08/07/2022	02	HAE	17,1	0	13,2	0	78,0	0	10,0	0	240,0	0	1000,0	0	0,0	ERA5
1038919	08/07/2022	07	08/07/2022	03	HAE	15,5	0	13,1	0	85,0	0	9,0	0	240,0	0	1000,0	0	0,0	ERA5
1038920	08/07/2022	08	08/07/2022	04	HAE	15,3	0	13,1	0	86,0	0	10,0	0	250,0	0	1000,0	0	0,0	ERA5
1038921	08/07/2022	09	08/07/2022	05	HAE	14,5	0	12,8	0	89,0	0	13,0	0	250,0	0	1000,0	0	0,0	ERA5
1038922	08/07/2022	10	08/07/2022	06	HAE	15,5	0	13,0	0	85,0	0	12,0	0	260,0	0	1000,0	0	33,7	ERA5
1038923	08/07/2022	11	08/07/2022	07	HAE	17,3	0	13,5	0	78,0	0	16,0	0	280,0	0	1001,0	0	358,4	ERA5
1038924	08/07/2022	12	08/07/2022	08	HAE	18,6	0	14,1	0	75,0	0	18,0	0	290,0	0	1002,0	0	843,8	ERA5
1038925	08/07/2022	13	08/07/2022	09	HAE	20,7	0	14,1	0	66,0	0	17,0	0	310,0	0	1002,0	0	1284,5	ERA5
1038926	08/07/2022	14	08/07/2022	10	HAE	21,9	0	13,7	0	59,0	0	13,0	0	270,0	0	1002,0	0	1829,3	ERA5
1038927	08/07/2022	15	08/07/2022	11	HAE	23,2	0	13,9	0	55,0	0	18,0	0	290,0	0	1002,0	0	2175,1	ERA5
1038928	08/07/2022	16	08/07/2022	12	HAE	22,8	0	13,2	0	54,0	0	21,0	0	340,0	0	1002,0	0	2757,1	ERA5
1038929	08/07/2022	17	08/07/2022	13	HAE	24,6	0	13,2	0	49,0	0	28,0	0	320,0	0	1002,0	0	2944,4	ERA5
1038930	08/07/2022	18	08/07/2022	14	HAE	24,4	0	12,2	0	46,0	0	27,0	0	290,0	0	1003,0	0	2538,8	ERA5
1038931	08/07/2022	19	08/07/2022	15	HAE	24,5	0	11,6	0	44,0	0	23,0	0	280,0	0	1003,0	0	2450,5	ERA5
1038932	08/07/2022	20	08/07/2022	16	HAE	24,9	0	10,6	0	40,0	0	24,0	0	300,0	0	1003,0	0	2479,5	ERA5
1038933	08/07/2022	21	08/07/2022	17	HAE	23,4	0	9,8	0	42,0	0	18,0	0	320,0	0	1003,0	0	2173,9	ERA5
1038934	08/07/2022	22	08/07/2022	18	HAE	24,1	0	9,3	0	38,0	0	21,0	0	310,0	0	1003,0	0	1404,0	ERA5
1038935	08/07/2022	23	08/07/2022	19	HAE	24,0	0	8,7	0	37,0	0	14,0	0	340,0	0	1003,0	0	1086,6	ERA5
1038936	09/07/2022	00	08/07/2022	20	HAE	22,3	0	6,3	0	35,0	0	24,0	0	330,0	0	1004,0	0	506,0	ERA5
1038937	09/07/2022	01	08/07/2022	21	HAE	20,2	0	5,9	0	39,0	0	25,0	0	350,0	0	1004,0	0	92,7	ERA5
1038938	09/07/2022	02	08/07/2022	22	HAE	18,3	0	6,5	0	45,0	0	22,0	0	360,0	0	1005,0	0	0,0	ERA5
1038939	09/07/2022	03	08/07/2022	23	HAE	16,9	0	6,7	0	51,0	0	15,0	0	360,0	0	1006,0	0	0,0	ERA5
1038940	09/07/2022	04	09/07/2022	00	HAE	16,1	0	6,9	0	54,0	0	20,0	0	360,0	0	1006,0	0	0,0	ERA5
1038941	09/07/2022	05	09/07/2022	01	HAE	15,0	0	7,0	0	58,0	0	17,0	0	360,0	0	1007,0	0	0,0	ERA5
1038942	09/07/2022	06	09/07/2022	02	HAE	14,1	0	7,0	0	62,0	0	17,0	0	360,0	0	1007,0	0	0,0	ERA5
1038943	09/07/2022	07	09/07/2022	03	HAE	13,1	0	7,0	0	66,0	0	15,0	0	360,0	0	1007,0	0	0,0	ERA5
1038944	09/07/2022	08	09/07/2022	04	HAE	12,1	0	6,9	0	71,0	0	13,0	0	360,0	0	1008,0	0	0,0	ERA5
1038945	09/07/2022	09	09/07/2022	05	HAE	11,6	0	7,0	0	73,0	0	12,0	0	10,0	0	1008,0	0	0,0	ERA5
1038946	09/07/2022	10	09/07/2022	06	HAE	11,7	0	6,9	0	72,0	0	16,0	0	10,0	0	1008,0	0	36,0	ERA5
1038947	09/07/2022	11	09/07/2022	07	HAE	13,1	0	7,1	0	67,0	0	18,0	0	10,0	0	1009,0	0	419,7	ERA5
1038948	09/07/2022	12	09/07/2022	08	HAE	14,8	0	6,8	0	58,0	0	18,0	0	10,0	0	1009,0	0	1030,5	ERA5
1038949	09/07/2022	13	09/07/2022	09	HAE	16,1	0	7,4	0	56,0	0	12,0	0	10,0	0	1009,0	0	1686,9	ERA5
1038950	09/07/2022	14	09/07/2022	10	HAE	17,6	0	6,0	0	46,0	0	4,0	0	360,0	0	1009,0	0	2303,9	ERA5
1038951	09/07/2022	15	09/07/2022	11	HAE	18,1	0	5,8	0	44,0	0	8,0	0	220,0	0	1009,0	0	2822,8	ERA5
1038952	09/07/2022	16	09/07/2022	12	HAE	19,5	0	4,3	0	36,0	0	7,0	0	310,0	0	1009,0	0	3198,3	ERA5
1038953	09/07/2022	17	09/07/2022	13	HAE	20,3	0	6,3	0	40,0	0	17,0	0	270,0	0	1008,0	0	3408,1	ERA5
1038954	09/07/2022	18	09/07/2022	14	HAE	20,8	0	6,0	0	38,0	0	7,0	0	320,0	0	1008,0	0	3391,1	ERA5
1038955	09/07/2022	19	09/07/2022	15	HAE	22,1	0	7,0	0	37,0	0	11,0	0	320,0	0	1007,0	0	3033,7	ERA5
1038956	09/07/2022	20	09/07/2022	16	HAE	23,0	0	6,2	0	33,0	0	14,0	0	270,0	0	1007,0	0	2469,8	ERA5
1038957	09/07/2022	21	09/07/2022	17	HAE	22,9	0	5,6	0	32,0	0	17,0	0	350,0	0	1007,0	0	2164,2	ERA5
1038958	09/07/2022	22	09/07/2022	18	HAE	22,9	0	6,1	0	33,0	0	17,0	0	350,0	0	1007,0	0	1586,5	ERA5
1038959	09/07/2022	23	09/07/2022	19	HAE	22,3	0	6,5	0	36,0	0	14,0	0	290,0	0	1007,0	0	1162,3	ERA5
1038960	10/07/2022	00	09/07/2022	20	HAE	21,2	0	7,3	0	40,0	0	11,0	0	300,0	0	1007,0	0	555,7	ERA5
1038961	10/07/2022	01	09/07/2022	21	HAE	19,4	0	7,5	0	46,0	0	7,0	0	240,0	0	1006,0	0	91,0	ERA5
1038962	10/07/2022	02	09/07/2022	22	HAE	16,8	0	8,0	0	56,0	0	8,0	0	160,0	0	1007,0	0	0,0	ERA5
1038963	10/07/2022	03	09/07/2022	23	HAE	14,1	0	8,5	0	69,0	0	6,0	0	210,0	0	1007,0	0	0,0	ERA5
1038964	10/07/2022	04	10/07/2022	00	HAE	12,8	0	8,8	0	77,0	0	7,0	0	190,0	0	1006,0	0	0,0	ERA5
1038965	10/07/2022	05	10/07/2022	01	HAE	13,3	0	9,2	0	76,0	0	7,0	0	210,0	0	1007,0	0	0,0	ERA5
1038966	10/07/2022	06	10/07/2022	02	HAE	11,8	0	8,9	0	83,0	0	6,0	0	180,0	0	1006,0	0	-0,0	ERA5
1038967	10/07/2022	07	10/07/2022	03	HAE	13,8	0	9,9	0	77,0	0	8,0	0	230,0	0	1006,0	0	0,0	ERA5
1038968	10/07/2022	08	10/07/2022	04	HAE	13,6	0	8,9	0	73,0	0	9,0	0	220,0	0	1006,0	0	0,0	ERA5
1038969	10/07/2022	09	10/07/2022	05	HAE	12,8	0	9,0	0	77,0	0	8,0	0	230,0	0	1006,0	0	0,0	ERA5
1038970	10/07/2022	10	10/07/2022	06	HAE	12,3	0	9,2	0	81,0	0	9,0	0	220,0	0	1006,0	0	29,5	ERA5
1038971	10/07/2022	11	10/07/2022	07	HAE	14,9	0	9,9	0	72,0	0	7,0	0	240,0	0	1006,0	0	378,3	ERA5
1038972	10/07/2022	12	10/07/2022	08	HAE	17,1	0	9,7	0	61,0	0	8,0	0	240,0	0	1006,0	0	968,8	ERA5
1038973	10/07/2022	13	10/07/2022	09	HAE	19,3	0	11,2	0	59,0	0	10,0	0	220,0	0	1006,0	0	1624,4	ERA5
1038974	10/07/2022	14	10/07/2022	10	HAE	21,6	0	12,4	0	55,0	0	12,0	0	250,0	0	1006,0	0	2200,8	ERA5
1038975	10/07/2022	15	10/07/2022	11	HAE	24,0	0	13,6	0	52,0	0	11,0	0	220,0	0	1005,0	0	2661,4	ERA5
1038976	10/07/2022	16	10/07/2022	12	HAE	24,8	0	13,9	0	50,0	0	13,0	0	190,0	0	1005,0	0	3075,4	ERA5
1038977	10/07/2022	17	10/07/2022	13	HAE	26,8	0	13,1	0	42,0	0	17,0	0	250,0	0	1004,0	0	3203,7	ERA5
1038978	10/07/2022	18	10/07/2022	14	HAE	27,0	0	12,1	0	39,0	0	15,0	0	220,0	0	1003,0	0	3073,2	ERA5
1038979	10/07/2022	19	10/07/2022	15	HAE	27,1	0	12,3	0	39,0	0	18,0	0	250,0	0	1002,0	0	2882,4	ERA5
1038980	10/07/2022	20	10/07/2022	16	HAE	28,2	0	12,3	0	37,0	0	15,0	0	240,0	0	1001,0	0	2195,3	ERA5
1038981	10/07/2022	21	10/07/2022	17	HAE	27,3	0	13,2	0	41,0	0	23,0	0	190,0	0	1001,0	0	1911,3	ERA5
1038982	10/07/2022	22	10/07/2022	18	HAE	25,4	0	14,3	0	50,0	0	23,0	0	200,0	0	1001,0	0	1288,7	ERA5
1038983	10/07/2022	23	10/07/2022	19	HAE	24,9	0	13,4	0	48,0	0	30,0	0	200,0	0	1000,0	0	637,8	ERA5
1038984	11/07/2022	00	10/07/2022	20	HAE	22,8	0	13,3	0	55,0	0	14,0	0	190,0	0	1000,0	0	250,2	ERA5
1038985	11/07/2022	01	10/07/2022	21	HAE	22,0	0	13,5	0	58,0	0	13,0	0	200,0	0	1000,0	0	73,3	ERA5
1038986	11/07/2022	02	10/07/2022	22	HAE	20,7	0	12,9	0	61,0	0	15,0	0	200,0	0	999,0	0	0,0	ERA5
1038987	11/07/2022	03	10/07/2022	23	HAE	19,6	0	12,9	0	65,0	0	13,0	0	200,0	0	999,0	0	-0,0	ERA5
1038988	11/07/2022	04	11/07/2022	00	HAE	18,6	0	12,9	0	69,0	0	9,0	0	210,0	0	999,0	0	0,0	ERA5
1038989	11/07/2022	05	11/07/2022	01	HAE	18,0	0	12,7	0	71,0	0	10,0	0	220,0	0	999,0	0	0,0	ERA5
1038990	11/07/2022	06	11/07/2022	02	HAE	17,1	0	12,6	0	75,0	0	9,0	0	180,0	0	999,0	0	0,0	ERA5
1038991	11/07/2022	07	11/07/2022	03	HAE	16,2	0	12,1	0	76,0	0	10,0	0	240,0	0	999,0	0	0,0	ERA5
1038992	11/07/2022	08	11/07/2022	04	HAE	16,4	0	12,1	0	76,0	0	7,0	0	200,0	0	998,0	0	0,0	ERA5
1038993	11/07/2022	09	11/07/2022	05	HAE	16,3	0	12,3	0	77,0	0	9,0	0	180,0	0	998,0	0	0,0	ERA5
1038994	11/07/2022	10	11/07/2022	06	HAE	15,8	0	12,1	0	79,0	0	9,0	0	170,0	0	998,0	0	18,4	ERA5
1038995	11/07/2022	11	11/07/2022	07	HAE	16,6	0	12,8	0	78,0	0	9,0	0	200,0	0	998,0	0	315,0	ERA5
1038996	11/07/2022	12	11/07/2022	08	HAE	18,4	0	13,7	0	74,0	0	8,0	0	190,0	0	997,0	0	837,6	ERA5
1038997	11/07/2022	13	11/07/2022	09	HAE	21,2	0	14,3	0	64,0	0	14,0	0	210,0	0	997,0	0	1343,9	ERA5
1038998	11/07/2022	14	11/07/2022	10	HAE	23,1	0	14,3	0	57,0	0	14,0	0	210,0	0	996,0	0	2050,5	ERA5
1038999	11/07/2022	15	11/07/2022	11	HAE	23,6	0	14,9	0	58,0	0	17,0	0	190,0	0	996,0	0	2691,3	ERA5
1039000	11/07/2022	16	11/07/2022	12	HAE	26,5	0	14,7	0	48,0	0	17,0	0	210,0	0	995,0	0	3075,1	ERA5
1039001	11/07/2022	17	11/07/2022	13	HAE	28,1	0	13,6	0	40,0	0	16,0	0	190,0	0	994,0	0	3289,0	ERA5
1039002	11/07/2022	18	11/07/2022	14	HAE	28,5	0	12,7	0	37,0	0	27,0	0	190,0	0	993,0	0	3279,2	ERA5
1039003	11/07/2022	19	11/07/2022	15	HAE	28,9	0	11,7	0	34,0	0	25,0	0	190,0	0	992,0	0	2803,3	ERA5
1039004	11/07/2022	20	11/07/2022	16	HAE	28,8	0	13,4	0	38,0	0	26,0	0	210,0	0	992,0	0	2849,3	ERA5
1039005	11/07/2022	21	11/07/2022	17	HAE	28,0	0	12,9	0	39,0	0	21,0	0	200,0	0	991,0	0	2062,3	ERA5
1039006	11/07/2022	22	11/07/2022	18	HAE	27,4	0	9,4	0	32,0	0	22,0	0	200,0	0	991,0	0	1497,3	ERA5
1039007	11/07/2022	23	11/07/2022	19	HAE	26,0	0	6,0	0	27,0	0	18,0	0	200,0	0	990,0	0	937,7	ERA5
1039008	12/07/2022	00	11/07/2022	20	HAE	23,5	0	12,2	0	48,0	0	15,0	0	210,0	0	990,0	0	351,8	ERA5
1039009	12/07/2022	01	11/07/2022	21	HAE	24,5	0	11,4	0	43,0	0	18,0	0	210,0	0	990,0	0	62,8	ERA5
1039010	12/07/2022	02	11/07/2022	22	HAE	23,2	0	11,0	0	46,0	0	14,0	0	190,0	0	989,0	0	0,0	ERA5
1039011	12/07/2022	03	11/07/2022	23	HAE	23,1	0	10,0	0	43,0	0	15,0	0	190,0	0	989,0	0	-0,0	ERA5
1039012	12/07/2022	04	12/07/2022	00	HAE	22,0	0	11,1	0	50,0	0	14,0	0	200,0	0	989,0	0	0,0	ERA5
1039013	12/07/2022	05	12/07/2022	01	HAE	18,9	0	16,0	0	83,0	0	13,0	0	180,0	0	989,0	0	0,0	ERA5
1039014	12/07/2022	06	12/07/2022	02	HAE	19,0	0	17,5	0	91,0	0	17,0	0	180,0	0	988,0	0	0,0	ERA5
1039015	12/07/2022	07	12/07/2022	03	HAE	19,5	0	18,8	0	95,0	0	18,0	0	180,0	0	987,0	0	0,0	ERA5
1039016	12/07/2022	08	12/07/2022	04	HAE	19,8	0	19,2	0	97,0	0	17,0	0	200,0	0	987,0	0	0,0	ERA5
1039017	12/07/2022	09	12/07/2022	05	HAE	19,6	0	18,8	0	95,0	0	20,0	0	180,0	0	986,0	0	0,0	ERA5
1039018	12/07/2022	10	12/07/2022	06	HAE	19,4	0	18,8	0	96,0	0	21,0	0	190,0	0	986,0	0	5,2	ERA5
1039019	12/07/2022	11	12/07/2022	07	HAE	19,8	0	19,3	0	97,0	0	13,0	0	190,0	0	985,0	0	34,3	ERA5
1039020	12/07/2022	12	12/07/2022	08	HAE	20,6	0	19,7	0	95,0	0	9,0	0	230,0	0	985,0	0	180,4	ERA5
1039021	12/07/2022	13	12/07/2022	09	HAE	22,3	0	19,7	0	85,0	0	19,0	0	230,0	0	986,0	0	550,3	ERA5
1039022	12/07/2022	14	12/07/2022	10	HAE	24,4	0	19,4	0	73,0	0	25,0	0	240,0	0	986,0	0	609,6	ERA5
1039023	12/07/2022	15	12/07/2022	11	HAE	25,0	0	18,1	0	65,0	0	27,0	0	250,0	0	986,0	0	965,0	ERA5
1039024	12/07/2022	16	12/07/2022	12	HAE	26,5	0	17,3	0	56,0	0	30,0	0	240,0	0	986,0	0	1589,0	ERA5
1039025	12/07/2022	17	12/07/2022	13	HAE	26,0	0	17,1	0	57,0	0	28,0	0	240,0	0	985,0	0	1788,2	ERA5
1039026	12/07/2022	18	12/07/2022	14	HAE	16,7	0	16,5	0	99,0	0	29,0	0	240,0	0	987,0	0	2661,7	ERA5
1039027	12/07/2022	19	12/07/2022	15	HAE	21,1	0	19,9	0	93,0	0	13,0	0	270,0	0	987,0	0	2384,2	ERA5
1039028	12/07/2022	20	12/07/2022	16	HAE	22,7	0	17,9	0	74,0	0	24,0	0	270,0	0	988,0	0	1574,9	ERA5
1039029	12/07/2022	21	12/07/2022	17	HAE	24,2	0	18,1	0	68,0	0	21,0	0	270,0	0	988,0	0	1714,1	ERA5
1039030	12/07/2022	22	12/07/2022	18	HAE	23,4	0	16,7	0	65,0	0	32,0	0	270,0	0	989,0	0	1255,4	ERA5
1039031	12/07/2022	23	12/07/2022	19	HAE	22,5	0	16,2	0	68,0	0	26,0	0	320,0	0	990,0	0	949,9	ERA5
1039032	13/07/2022	00	12/07/2022	20	HAE	21,5	0	14,8	0	65,0	0	26,0	0	320,0	0	991,0	0	380,1	ERA5
1039033	13/07/2022	01	12/07/2022	21	HAE	20,1	0	14,9	0	72,0	0	24,0	0	320,0	0	992,0	0	49,0	ERA5
1039034	13/07/2022	02	12/07/2022	22	HAE	19,6	0	14,1	0	70,0	0	22,0	0	320,0	0	994,0	0	0,0	ERA5
1039035	13/07/2022	03	12/07/2022	23	HAE	19,1	0	14,5	0	74,0	0	11,0	0	320,0	0	994,0	0	0,0	ERA5
1039036	13/07/2022	04	13/07/2022	00	HAE	17,9	0	15,2	0	84,0	0	5,0	0	270,0	0	995,0	0	0,0	ERA5
1039037	13/07/2022	05	13/07/2022	01	HAE	17,3	0	14,7	0	84,0	0	9,0	0	320,0	0	995,0	0	0,0	ERA5
1039038	13/07/2022	06	13/07/2022	02	HAE	14,9	0	14,0	0	94,0	0	9,0	0	270,0	0	996,0	0	-0,0	ERA5
1039039	13/07/2022	07	13/07/2022	03	HAE	15,1	0	14,0	0	93,0	0	9,0	0	270,0	0	996,0	0	0,0	ERA5
1039040	13/07/2022	08	13/07/2022	04	HAE	14,0	0	13,4	0	96,0	0	8,0	0	270,0	0	997,0	0	0,0	ERA5
1039041	13/07/2022	09	13/07/2022	05	HAE	14,9	0	13,9	0	94,0	0	9,0	0	320,0	0	997,0	0	0,0	ERA5
1039042	13/07/2022	10	13/07/2022	06	HAE	14,8	0	13,8	0	94,0	0	11,0	0	270,0	0	998,0	0	25,7	ERA5
1039043	13/07/2022	11	13/07/2022	07	HAE	16,2	0	14,7	0	91,0	0	11,0	0	320,0	0	998,0	0	368,9	ERA5
1039044	13/07/2022	12	13/07/2022	08	HAE	18,7	0	13,8	0	73,0	0	15,0	0	320,0	0	999,0	0	960,0	ERA5
1039045	13/07/2022	13	13/07/2022	09	HAE	20,5	0	13,3	0	63,0	0	8,0	0	320,0	0	999,0	0	1601,0	ERA5
1039046	13/07/2022	14	13/07/2022	10	HAE	21,4	0	12,4	0	56,0	0	7,0	0	310,0	0	999,0	0	2216,4	ERA5
1039047	13/07/2022	15	13/07/2022	11	HAE	23,2	0	11,7	0	48,0	0	13,0	0	310,0	0	1000,0	0	2675,8	ERA5
1039048	13/07/2022	16	13/07/2022	12	HAE	23,5	0	10,4	0	43,0	0	18,0	0	270,0	0	1000,0	0	3047,3	ERA5
1039049	13/07/2022	17	13/07/2022	13	HAE	24,1	0	10,2	0	41,0	0	17,0	0	270,0	0	1000,0	0	2515,5	ERA5
1039050	13/07/2022	18	13/07/2022	14	HAE	24,5	0	11,2	0	43,0	0	18,0	0	300,0	0	1000,0	0	3099,9	ERA5
1039051	13/07/2022	19	13/07/2022	15	HAE	25,2	0	10,7	0	40,0	0	18,0	0	310,0	0	1000,0	0	2858,5	ERA5
1039052	13/07/2022	20	13/07/2022	16	HAE	25,9	0	10,6	0	38,0	0	14,0	0	280,0	0	999,0	0	2260,6	ERA5
1039053	13/07/2022	21	13/07/2022	17	HAE	23,9	0	10,0	0	41,0	0	18,0	0	300,0	0	1000,0	0	1865,5	ERA5
1039054	13/07/2022	22	13/07/2022	18	HAE	23,9	0	9,8	0	40,0	0	18,0	0	340,0	0	1000,0	0	1222,4	ERA5
1039055	13/07/2022	23	13/07/2022	19	HAE	22,9	0	9,8	0	43,0	0	15,0	0	320,0	0	1000,0	0	636,2	ERA5
1039056	14/07/2022	00	13/07/2022	20	HAE	22,0	0	9,8	0	45,0	0	14,0	0	320,0	0	1000,0	0	201,6	ERA5
1039057	14/07/2022	01	13/07/2022	21	HAE	20,8	0	10,9	0	53,0	0	8,0	0	280,0	0	1000,0	0	43,8	ERA5
1039058	14/07/2022	02	13/07/2022	22	HAE	19,2	0	13,4	0	69,0	0	6,0	0	250,0	0	1001,0	0	0,0	ERA5
1039059	14/07/2022	03	13/07/2022	23	HAE	17,5	0	14,4	0	82,0	0	12,0	0	250,0	0	1001,0	0	0,0	ERA5
1039060	14/07/2022	04	14/07/2022	00	HAE	17,2	0	14,3	0	83,0	0	10,0	0	210,0	0	1002,0	0	0,0	ERA5
1039061	14/07/2022	05	14/07/2022	01	HAE	16,0	0	15,2	0	95,0	0	5,0	0	200,0	0	1002,0	0	0,0	ERA5
1039062	14/07/2022	06	14/07/2022	02	HAE	15,9	0	15,2	0	95,0	0	6,0	0	190,0	0	1002,0	0	0,0	ERA5
1039063	14/07/2022	07	14/07/2022	03	HAE	15,8	0	15,2	0	96,0	0	7,0	0	210,0	0	1002,0	0	0,0	ERA5
1039064	14/07/2022	08	14/07/2022	04	HAE	15,3	0	13,9	0	91,0	0	8,0	0	280,0	0	1002,0	0	0,0	ERA5
1039065	14/07/2022	09	14/07/2022	05	HAE	14,6	0	13,8	0	95,0	0	7,0	0	260,0	0	1002,0	0	0,0	ERA5
1039066	14/07/2022	10	14/07/2022	06	HAE	15,2	0	13,9	0	92,0	0	9,0	0	300,0	0	1002,0	0	23,0	ERA5
1039067	14/07/2022	11	14/07/2022	07	HAE	15,8	0	14,8	0	93,0	0	5,0	0	220,0	0	1002,0	0	333,8	ERA5
1039068	14/07/2022	12	14/07/2022	08	HAE	16,8	0	15,1	0	89,0	0	4,0	0	270,0	0	1003,0	0	934,9	ERA5
1039069	14/07/2022	13	14/07/2022	09	HAE	17,7	0	15,5	0	87,0	0	4,0	0	310,0	0	1003,0	0	1569,3	ERA5
1039070	14/07/2022	14	14/07/2022	10	HAE	19,7	0	14,3	0	71,0	0	5,0	0	30,0	0	1004,0	0	2163,2	ERA5
1039071	14/07/2022	15	14/07/2022	11	HAE	21,6	0	12,9	0	57,0	0	4,0	0	140,0	0	1004,0	0	2591,2	ERA5
1039072	14/07/2022	16	14/07/2022	12	HAE	23,1	0	12,3	0	50,0	0	5,0	0	80,0	0	1005,0	0	2864,9	ERA5
1039073	14/07/2022	17	14/07/2022	13	HAE	23,8	0	12,8	0	50,0	0	16,0	0	70,0	0	1004,0	0	3191,8	ERA5
1039074	14/07/2022	18	14/07/2022	14	HAE	23,9	0	10,9	0	44,0	0	9,0	0	100,0	0	1004,0	0	2913,8	ERA5
1039075	14/07/2022	19	14/07/2022	15	HAE	24,3	0	9,7	0	39,0	0	4,0	0	160,0	0	1004,0	0	2528,1	ERA5
1039076	14/07/2022	20	14/07/2022	16	HAE	24,3	0	11,0	0	43,0	0	18,0	0	360,0	0	1004,0	0	2263,3	ERA5
1039077	14/07/2022	21	14/07/2022	17	HAE	23,4	0	11,8	0	48,0	0	17,0	0	40,0	0	1004,0	0	1976,5	ERA5
1039078	14/07/2022	22	14/07/2022	18	HAE	24,0	0	11,8	0	46,0	0	9,0	0	50,0	0	1004,0	0	1562,0	ERA5
1039079	14/07/2022	23	14/07/2022	19	HAE	24,1	0	9,7	0	39,0	0	9,0	0	20,0	0	1004,0	0	931,5	ERA5
1039080	15/07/2022	00	14/07/2022	20	HAE	22,8	0	8,8	0	40,0	0	7,0	0	300,0	0	1005,0	0	467,1	ERA5
1039081	15/07/2022	01	14/07/2022	21	HAE	19,8	0	12,3	0	62,0	0	9,0	0	70,0	0	1005,0	0	71,5	ERA5
1039082	15/07/2022	02	14/07/2022	22	HAE	19,8	0	12,5	0	62,0	0	2,0	0	0,0	0	1006,0	0	0,0	ERA5
1039083	15/07/2022	03	14/07/2022	23	HAE	17,2	0	12,1	0	71,0	0	10,0	0	260,0	0	1006,0	0	0,0	ERA5
1039084	15/07/2022	04	15/07/2022	00	HAE	16,4	0	12,2	0	76,0	0	9,0	0	300,0	0	1006,0	0	0,0	ERA5
1039085	15/07/2022	05	15/07/2022	01	HAE	16,9	0	13,0	0	78,0	0	9,0	0	320,0	0	1006,0	0	0,0	ERA5
1039086	15/07/2022	06	15/07/2022	02	HAE	16,1	0	13,8	0	86,0	0	9,0	0	320,0	0	1006,0	0	-0,0	ERA5
1039087	15/07/2022	07	15/07/2022	03	HAE	14,9	0	13,0	0	88,0	0	7,0	0	310,0	0	1006,0	0	0,0	ERA5
1039088	15/07/2022	08	15/07/2022	04	HAE	14,8	0	13,1	0	90,0	0	2,0	0	0,0	0	1006,0	0	0,0	ERA5
1039089	15/07/2022	09	15/07/2022	05	HAE	13,5	0	12,7	0	95,0	0	7,0	0	280,0	0	1007,0	0	0,0	ERA5
1039090	15/07/2022	10	15/07/2022	06	HAE	13,0	0	12,7	0	98,0	0	7,0	0	290,0	0	1007,0	0	22,9	ERA5
1039091	15/07/2022	11	15/07/2022	07	HAE	15,3	0	13,9	0	91,0	0	4,0	0	260,0	0	1008,0	0	361,8	ERA5
1039092	15/07/2022	12	15/07/2022	08	HAE	17,2	0	14,7	0	85,0	0	7,0	0	220,0	0	1008,0	0	951,0	ERA5
1039093	15/07/2022	13	15/07/2022	09	HAE	20,6	0	13,6	0	64,0	0	6,0	0	320,0	0	1008,0	0	1591,2	ERA5
1039094	15/07/2022	14	15/07/2022	10	HAE	22,7	0	14,2	0	58,0	0	7,0	0	200,0	0	1008,0	0	2212,0	ERA5
1039095	15/07/2022	15	15/07/2022	11	HAE	24,5	0	11,5	0	44,0	0	10,0	0	200,0	0	1007,0	0	2732,5	ERA5
1039096	15/07/2022	16	15/07/2022	12	HAE	24,9	0	11,1	0	41,0	0	8,0	0	220,0	0	1007,0	0	2904,6	ERA5
1039097	15/07/2022	17	15/07/2022	13	HAE	24,7	0	10,2	0	40,0	0	14,0	0	270,0	0	1007,0	0	2860,9	ERA5
1039098	15/07/2022	18	15/07/2022	14	HAE	25,6	0	11,8	0	42,0	0	15,0	0	230,0	0	1007,0	0	3192,3	ERA5
1039099	15/07/2022	19	15/07/2022	15	HAE	26,4	0	10,7	0	37,0	0	16,0	0	240,0	0	1007,0	0	2526,8	ERA5
1039100	15/07/2022	20	15/07/2022	16	HAE	25,9	0	11,2	0	39,0	0	14,0	0	270,0	0	1007,0	0	2193,1	ERA5
1039101	15/07/2022	21	15/07/2022	17	HAE	26,3	0	11,7	0	40,0	0	1,0	0	0,0	0	1006,0	0	1932,2	ERA5
1039102	15/07/2022	22	15/07/2022	18	HAE	26,6	0	12,4	0	41,0	0	8,0	0	250,0	0	1006,0	0	1070,0	ERA5
1039103	15/07/2022	23	15/07/2022	19	HAE	24,6	0	13,0	0	48,0	0	8,0	0	260,0	0	1005,0	0	752,9	ERA5
1039104	16/07/2022	00	15/07/2022	20	HAE	23,8	0	12,9	0	50,0	0	6,0	0	160,0	0	1005,0	0	370,7	ERA5
1039105	16/07/2022	01	15/07/2022	21	HAE	22,1	0	13,4	0	57,0	0	8,0	0	180,0	0	1005,0	0	55,1	ERA5
1039106	16/07/2022	02	15/07/2022	22	HAE	21,2	0	13,6	0	61,0	0	9,0	0	190,0	0	1005,0	0	0,0	ERA5
1039107	16/07/2022	03	15/07/2022	23	HAE	20,3	0	14,1	0	67,0	0	10,0	0	200,0	0	1005,0	0	0,0	ERA5
1039108	16/07/2022	04	16/07/2022	00	HAE	19,4	0	13,3	0	67,0	0	9,0	0	190,0	0	1005,0	0	0,0	ERA5
1039109	16/07/2022	05	16/07/2022	01	HAE	19,2	0	13,3	0	68,0	0	6,0	0	200,0	0	1005,0	0	0,0	ERA5
1039110	16/07/2022	06	16/07/2022	02	HAE	19,2	0	12,9	0	66,0	0	9,0	0	210,0	0	1005,0	0	-0,0	ERA5
1039111	16/07/2022	07	16/07/2022	03	HAE	17,3	0	13,1	0	76,0	0	9,0	0	240,0	0	1005,0	0	0,0	ERA5
1039112	16/07/2022	08	16/07/2022	04	HAE	17,0	0	13,3	0	79,0	0	10,0	0	220,0	0	1005,0	0	0,0	ERA5
1039113	16/07/2022	09	16/07/2022	05	HAE	16,0	0	13,1	0	83,0	0	13,0	0	200,0	0	1005,0	0	0,0	ERA5
1039114	16/07/2022	10	16/07/2022	06	HAE	15,6	0	13,0	0	84,0	0	9,0	0	230,0	0	1005,0	0	16,6	ERA5
1039115	16/07/2022	11	16/07/2022	07	HAE	17,5	0	14,2	0	81,0	0	8,0	0	230,0	0	1005,0	0	292,7	ERA5
1039116	16/07/2022	12	16/07/2022	08	HAE	20,1	0	14,6	0	70,0	0	9,0	0	250,0	0	1005,0	0	931,0	ERA5
1039117	16/07/2022	13	16/07/2022	09	HAE	22,0	0	12,6	0	55,0	0	10,0	0	280,0	0	1005,0	0	1577,1	ERA5
1039118	16/07/2022	14	16/07/2022	10	HAE	23,2	0	12,1	0	49,0	0	9,0	0	200,0	0	1004,0	0	2194,1	ERA5
1039119	16/07/2022	15	16/07/2022	11	HAE	25,4	0	11,3	0	41,0	0	13,0	0	250,0	0	1004,0	0	2705,2	ERA5
1039120	16/07/2022	16	16/07/2022	12	HAE	26,4	0	12,1	0	41,0	0	17,0	0	240,0	0	1004,0	0	3115,3	ERA5
1039121	16/07/2022	17	16/07/2022	13	HAE	27,6	0	12,3	0	38,0	0	21,0	0	290,0	0	1004,0	0	2835,9	ERA5
1039122	16/07/2022	18	16/07/2022	14	HAE	27,7	0	12,4	0	38,0	0	15,0	0	300,0	0	1003,0	0	2741,6	ERA5
1039123	16/07/2022	19	16/07/2022	15	HAE	28,0	0	12,7	0	38,0	0	5,0	0	40,0	0	1003,0	0	2457,0	ERA5
1039124	16/07/2022	20	16/07/2022	16	HAE	27,2	0	13,0	0	41,0	0	9,0	0	240,0	0	1002,0	0	1897,6	ERA5
1039125	16/07/2022	21	16/07/2022	17	HAE	28,8	0	11,8	0	34,0	0	9,0	0	260,0	0	1002,0	0	1812,1	ERA5
1039126	16/07/2022	22	16/07/2022	18	HAE	28,3	0	12,8	0	38,0	0	12,0	0	220,0	0	1001,0	0	1246,9	ERA5
1039127	16/07/2022	23	16/07/2022	19	HAE	27,3	0	12,9	0	40,0	0	8,0	0	210,0	0	1001,0	0	823,0	ERA5
1039128	17/07/2022	00	16/07/2022	20	HAE	25,5	0	13,2	0	46,0	0	10,0	0	180,0	0	1001,0	0	439,8	ERA5
1039129	17/07/2022	01	16/07/2022	21	HAE	23,8	0	13,0	0	50,0	0	5,0	0	170,0	0	1001,0	0	63,8	ERA5
1039130	17/07/2022	02	16/07/2022	22	HAE	22,3	0	13,2	0	56,0	0	9,0	0	180,0	0	1001,0	0	0,0	ERA5
1039131	17/07/2022	03	16/07/2022	23	HAE	21,6	0	13,5	0	59,0	0	10,0	0	190,0	0	1001,0	0	-0,0	ERA5
1039132	17/07/2022	04	17/07/2022	00	HAE	20,4	0	13,9	0	66,0	0	10,0	0	200,0	0	1001,0	0	0,0	ERA5
1039133	17/07/2022	05	17/07/2022	01	HAE	20,4	0	14,3	0	68,0	0	12,0	0	220,0	0	1002,0	0	0,0	ERA5
1039134	17/07/2022	06	17/07/2022	02	HAE	18,5	0	14,2	0	76,0	0	10,0	0	230,0	0	1002,0	0	0,0	ERA5
1039135	17/07/2022	07	17/07/2022	03	HAE	17,7	0	14,3	0	80,0	0	6,0	0	220,0	0	1001,0	0	0,0	ERA5
1039136	17/07/2022	08	17/07/2022	04	HAE	18,1	0	14,4	0	78,0	0	5,0	0	250,0	0	1001,0	0	0,0	ERA5
1039137	17/07/2022	09	17/07/2022	05	HAE	17,8	0	14,1	0	79,0	0	5,0	0	280,0	0	1001,0	0	0,0	ERA5
1039138	17/07/2022	10	17/07/2022	06	HAE	16,3	0	14,3	0	88,0	0	8,0	0	250,0	0	1002,0	0	17,3	ERA5
1039139	17/07/2022	11	17/07/2022	07	HAE	19,3	0	15,7	0	79,0	0	5,0	0	280,0	0	1002,0	0	336,4	ERA5
1039140	17/07/2022	12	17/07/2022	08	HAE	21,8	0	17,1	0	74,0	0	4,0	0	270,0	0	1003,0	0	893,6	ERA5
1039141	17/07/2022	13	17/07/2022	09	HAE	24,0	0	17,7	0	68,0	0	7,0	0	250,0	0	1003,0	0	1528,6	ERA5
1039142	17/07/2022	14	17/07/2022	10	HAE	26,0	0	16,5	0	55,0	0	6,0	0	250,0	0	1003,0	0	2125,5	ERA5
1039143	17/07/2022	15	17/07/2022	11	HAE	27,3	0	14,3	0	44,0	0	4,0	0	210,0	0	1002,0	0	2667,1	ERA5
1039144	17/07/2022	16	17/07/2022	12	HAE	28,6	0	14,4	0	41,0	0	11,0	0	220,0	0	1002,0	0	2971,7	ERA5
1039145	17/07/2022	17	17/07/2022	13	HAE	29,3	0	12,7	0	35,0	0	9,0	0	250,0	0	1002,0	0	3156,1	ERA5
1039146	17/07/2022	18	17/07/2022	14	HAE	29,1	0	14,7	0	41,0	0	5,0	0	180,0	0	1001,0	0	3310,4	ERA5
1039147	17/07/2022	19	17/07/2022	15	HAE	28,9	0	13,0	0	37,0	0	7,0	0	280,0	0	1001,0	0	2718,0	ERA5
1039148	17/07/2022	20	17/07/2022	16	HAE	28,7	0	14,3	0	41,0	0	10,0	0	180,0	0	1000,0	0	2456,0	ERA5
1039149	17/07/2022	21	17/07/2022	17	HAE	28,7	0	15,0	0	43,0	0	11,0	0	180,0	0	1000,0	0	1994,2	ERA5
1039150	17/07/2022	22	17/07/2022	18	HAE	30,1	0	14,6	0	38,0	0	10,0	0	190,0	0	1000,0	0	1645,3	ERA5
1039151	17/07/2022	23	17/07/2022	19	HAE	29,1	0	14,8	0	41,0	0	10,0	0	170,0	0	1000,0	0	1094,9	ERA5
1039152	18/07/2022	00	17/07/2022	20	HAE	26,3	0	16,9	0	56,0	0	10,0	0	160,0	0	1000,0	0	503,1	ERA5
1039153	18/07/2022	01	17/07/2022	21	HAE	24,1	0	16,3	0	61,0	0	9,0	0	150,0	0	1000,0	0	69,6	ERA5
1039154	18/07/2022	02	17/07/2022	22	HAE	23,1	0	16,0	0	64,0	0	9,0	0	160,0	0	1000,0	0	0,0	ERA5
1039155	18/07/2022	03	17/07/2022	23	HAE	21,6	0	14,9	0	65,0	0	10,0	0	160,0	0	1000,0	0	-0,0	ERA5
1039156	18/07/2022	04	18/07/2022	00	HAE	20,5	0	14,4	0	68,0	0	9,0	0	160,0	0	1000,0	0	0,0	ERA5
1039157	18/07/2022	05	18/07/2022	01	HAE	20,8	0	14,6	0	67,0	0	9,0	0	140,0	0	1000,0	0	0,0	ERA5
1039158	18/07/2022	06	18/07/2022	02	HAE	20,3	0	15,5	0	74,0	0	10,0	0	150,0	0	999,0	0	0,0	ERA5
1039159	18/07/2022	07	18/07/2022	03	HAE	20,4	0	16,1	0	76,0	0	12,0	0	150,0	0	999,0	0	0,0	ERA5
1039160	18/07/2022	08	18/07/2022	04	HAE	19,7	0	16,1	0	80,0	0	12,0	0	50,0	0	999,0	0	0,0	ERA5
1039161	18/07/2022	09	18/07/2022	05	HAE	18,1	0	15,7	0	85,0	0	8,0	0	90,0	0	999,0	0	0,0	ERA5
1039162	18/07/2022	10	18/07/2022	06	HAE	18,3	0	16,3	0	88,0	0	8,0	0	110,0	0	999,0	0	12,3	ERA5
1039163	18/07/2022	11	18/07/2022	07	HAE	19,8	0	17,4	0	86,0	0	6,0	0	120,0	0	998,0	0	182,1	ERA5
1039164	18/07/2022	12	18/07/2022	08	HAE	21,1	0	18,6	0	85,0	0	7,0	0	140,0	0	998,0	0	435,9	ERA5
1039165	18/07/2022	13	18/07/2022	09	HAE	22,3	0	19,6	0	85,0	0	7,0	0	150,0	0	997,0	0	643,1	ERA5
1039166	18/07/2022	14	18/07/2022	10	HAE	22,8	0	20,1	0	85,0	0	7,0	0	160,0	0	997,0	0	773,3	ERA5
1039167	18/07/2022	15	18/07/2022	11	HAE	22,9	0	20,8	0	88,0	0	5,0	0	130,0	0	997,0	0	493,3	ERA5
1039168	18/07/2022	16	18/07/2022	12	HAE	22,3	0	20,7	0	91,0	0	13,0	0	140,0	0	996,0	0	400,9	ERA5
1039169	18/07/2022	17	18/07/2022	13	HAE	21,4	0	20,3	0	93,0	0	12,0	0	90,0	0	995,0	0	438,3	ERA5
1039170	18/07/2022	18	18/07/2022	14	HAE	21,1	0	20,6	0	97,0	0	16,0	0	70,0	0	994,0	0	364,3	ERA5
1039171	18/07/2022	19	18/07/2022	15	HAE	21,1	0	20,6	0	97,0	0	14,0	0	90,0	0	993,0	0	253,5	ERA5
1039172	18/07/2022	20	18/07/2022	16	HAE	21,1	0	20,6	0	97,0	0	21,0	0	60,0	0	992,0	0	142,1	ERA5
1039173	18/07/2022	21	18/07/2022	17	HAE	21,1	0	20,2	0	95,0	0	17,0	0	60,0	0	991,0	0	162,7	ERA5
1039174	18/07/2022	22	18/07/2022	18	HAE	20,7	0	20,2	0	97,0	0	18,0	0	40,0	0	991,0	0	151,8	ERA5
1039175	18/07/2022	23	18/07/2022	19	HAE	20,5	0	20,1	0	98,0	0	12,0	0	40,0	0	990,0	0	68,7	ERA5
1039176	19/07/2022	00	18/07/2022	20	HAE	20,7	0	20,2	0	97,0	0	20,0	0	330,0	0	990,0	0	48,4	ERA5
1039177	19/07/2022	01	18/07/2022	21	HAE	20,9	0	20,3	0	96,0	0	14,0	0	340,0	0	990,0	0	7,4	ERA5
1039178	19/07/2022	02	18/07/2022	22	HAE	20,9	0	19,7	0	93,0	0	12,0	0	350,0	0	990,0	0	0,0	ERA5
1039179	19/07/2022	03	18/07/2022	23	HAE	20,1	0	19,3	0	95,0	0	13,0	0	320,0	0	990,0	0	0,0	ERA5
1039180	19/07/2022	04	19/07/2022	00	HAE	19,3	0	18,9	0	98,0	0	11,0	0	300,0	0	990,0	0	0,0	ERA5
1039181	19/07/2022	05	19/07/2022	01	HAE	19,2	0	19,1	0	99,0	0	8,0	0	260,0	0	991,0	0	0,0	ERA5
1039182	19/07/2022	06	19/07/2022	02	HAE	19,0	0	19,0	0	100,0	0	12,0	0	250,0	0	991,0	0	0,0	ERA5
1039183	19/07/2022	07	19/07/2022	03	HAE	18,9	0	18,9	0	100,0	0	9,0	0	240,0	0	991,0	0	0,0	ERA5
1039184	19/07/2022	08	19/07/2022	04	HAE	18,6	0	18,6	0	100,0	0	13,0	0	210,0	0	990,0	0	0,0	ERA5
1039185	19/07/2022	09	19/07/2022	05	HAE	18,2	0	18,1	0	100,0	0	12,0	0	210,0	0	990,0	0	0,0	ERA5
1039186	19/07/2022	10	19/07/2022	06	HAE	18,1	0	17,9	0	98,0	0	16,0	0	220,0	0	991,0	0	12,7	ERA5
1039187	19/07/2022	11	19/07/2022	07	HAE	18,6	0	18,1	0	97,0	0	14,0	0	240,0	0	991,0	0	283,2	ERA5
1039188	19/07/2022	12	19/07/2022	08	HAE	20,0	0	18,8	0	92,0	0	15,0	0	250,0	0	991,0	0	760,9	ERA5
1039189	19/07/2022	13	19/07/2022	09	HAE	21,8	0	19,1	0	84,0	0	16,0	0	290,0	0	991,0	0	1194,8	ERA5
1039190	19/07/2022	14	19/07/2022	10	HAE	23,7	0	19,1	0	75,0	0	21,0	0	280,0	0	991,0	0	1997,4	ERA5
1039191	19/07/2022	15	19/07/2022	11	HAE	25,0	0	19,0	0	69,0	0	17,0	0	270,0	0	992,0	0	2572,1	ERA5
1039192	19/07/2022	16	19/07/2022	12	HAE	27,3	0	17,7	0	55,0	0	21,0	0	260,0	0	992,0	0	2885,7	ERA5
1039193	19/07/2022	17	19/07/2022	13	HAE	28,6	0	19,1	0	56,0	0	20,0	0	280,0	0	992,0	0	2973,7	ERA5
1039194	19/07/2022	18	19/07/2022	14	HAE	28,9	0	17,0	0	48,0	0	21,0	0	290,0	0	991,0	0	3200,4	ERA5
1039195	19/07/2022	19	19/07/2022	15	HAE	29,8	0	16,5	0	44,0	0	30,0	0	300,0	0	991,0	0	2569,4	ERA5
1039196	19/07/2022	20	19/07/2022	16	HAE	29,9	0	18,3	0	49,0	0	18,0	0	280,0	0	991,0	0	2170,4	ERA5
1039197	19/07/2022	21	19/07/2022	17	HAE	30,3	0	17,9	0	47,0	0	18,0	0	290,0	0	991,0	0	1755,7	ERA5
1039198	19/07/2022	22	19/07/2022	18	HAE	30,2	0	18,0	0	47,0	0	16,0	0	290,0	0	991,0	0	1492,3	ERA5
1039199	19/07/2022	23	19/07/2022	19	HAE	29,4	0	18,8	0	52,0	0	13,0	0	280,0	0	991,0	0	814,8	ERA5
1039200	20/07/2022	00	19/07/2022	20	HAE	26,9	0	20,0	0	66,0	0	7,0	0	260,0	0	991,0	0	367,3	ERA5
1039201	20/07/2022	01	19/07/2022	21	HAE	24,9	0	20,8	0	78,0	0	12,0	0	170,0	0	991,0	0	49,5	ERA5
1039202	20/07/2022	02	19/07/2022	22	HAE	24,4	0	21,3	0	83,0	0	5,0	0	170,0	0	992,0	0	-0,0	ERA5
1039203	20/07/2022	03	19/07/2022	23	HAE	23,9	0	20,2	0	80,0	0	8,0	0	240,0	0	992,0	0	0,0	ERA5
1039204	20/07/2022	04	20/07/2022	00	HAE	22,8	0	19,3	0	80,0	0	12,0	0	260,0	0	992,0	0	0,0	ERA5
1039205	20/07/2022	05	20/07/2022	01	HAE	22,1	0	19,2	0	83,0	0	8,0	0	250,0	0	992,0	0	0,0	ERA5
1039206	20/07/2022	06	20/07/2022	02	HAE	21,6	0	19,0	0	85,0	0	8,0	0	250,0	0	992,0	0	0,0	ERA5
1039207	20/07/2022	07	20/07/2022	03	HAE	21,2	0	19,1	0	88,0	0	9,0	0	250,0	0	992,0	0	0,0	ERA5
1039208	20/07/2022	08	20/07/2022	04	HAE	21,0	0	19,2	0	90,0	0	5,0	0	260,0	0	992,0	0	0,0	ERA5
1039209	20/07/2022	09	20/07/2022	05	HAE	21,1	0	19,5	0	91,0	0	11,0	0	250,0	0	993,0	0	0,0	ERA5
1039210	20/07/2022	10	20/07/2022	06	HAE	21,2	0	19,6	0	90,0	0	10,0	0	250,0	0	992,0	0	10,4	ERA5
1039211	20/07/2022	11	20/07/2022	07	HAE	21,8	0	19,7	0	87,0	0	10,0	0	260,0	0	993,0	0	241,5	ERA5
1039212	20/07/2022	12	20/07/2022	08	HAE	22,4	0	20,2	0	87,0	0	10,0	0	250,0	0	993,0	0	638,5	ERA5
1039213	20/07/2022	13	20/07/2022	09	HAE	24,1	0	20,7	0	81,0	0	5,0	0	260,0	0	993,0	0	1308,0	ERA5
1039214	20/07/2022	14	20/07/2022	10	HAE	25,4	0	20,5	0	74,0	0	17,0	0	180,0	0	992,0	0	1557,8	ERA5
1039215	20/07/2022	15	20/07/2022	11	HAE	27,6	0	20,5	0	65,0	0	10,0	0	200,0	0	992,0	0	1866,9	ERA5
1039216	20/07/2022	16	20/07/2022	12	HAE	28,7	0	21,2	0	63,0	0	15,0	0	180,0	0	992,0	0	2098,3	ERA5
1039217	20/07/2022	17	20/07/2022	13	HAE	28,6	0	21,4	0	65,0	0	10,0	0	160,0	0	992,0	0	2526,2	ERA5
1039218	20/07/2022	18	20/07/2022	14	HAE	29,2	0	20,9	0	60,0	0	17,0	0	210,0	0	991,0	0	2542,1	ERA5
1039219	20/07/2022	19	20/07/2022	15	HAE	31,1	0	20,4	0	53,0	0	24,0	0	200,0	0	990,0	0	2820,7	ERA5
1039220	20/07/2022	20	20/07/2022	16	HAE	29,0	0	21,3	0	63,0	0	22,0	0	190,0	0	990,0	0	2186,0	ERA5
1039221	20/07/2022	21	20/07/2022	17	HAE	29,9	0	21,2	0	59,0	0	20,0	0	200,0	0	990,0	0	1641,7	ERA5
1039222	20/07/2022	22	20/07/2022	18	HAE	27,9	0	21,6	0	68,0	0	14,0	0	200,0	0	989,0	0	1239,4	ERA5
1039223	20/07/2022	23	20/07/2022	19	HAE	27,6	0	22,2	0	72,0	0	7,0	0	170,0	0	989,0	0	860,7	ERA5
1039224	21/07/2022	00	20/07/2022	20	HAE	26,2	0	21,4	0	75,0	0	10,0	0	150,0	0	988,0	0	370,0	ERA5
1039225	21/07/2022	01	20/07/2022	21	HAE	25,0	0	21,8	0	82,0	0	14,0	0	120,0	0	987,0	0	49,9	ERA5
1039226	21/07/2022	02	20/07/2022	22	HAE	24,4	0	21,5	0	84,0	0	13,0	0	120,0	0	987,0	0	0,0	ERA5
1039227	21/07/2022	03	20/07/2022	23	HAE	25,0	0	21,2	0	79,0	0	17,0	0	130,0	0	987,0	0	0,0	ERA5
1039228	21/07/2022	04	21/07/2022	00	HAE	24,7	0	21,7	0	83,0	0	16,0	0	150,0	0	986,0	0	0,0	ERA5
1039229	21/07/2022	05	21/07/2022	01	HAE	25,6	0	20,9	0	75,0	0	17,0	0	170,0	0	985,0	0	0,0	ERA5
1039230	21/07/2022	06	21/07/2022	02	HAE	26,5	0	19,9	0	67,0	0	23,0	0	190,0	0	985,0	0	0,0	ERA5
1039231	21/07/2022	07	21/07/2022	03	HAE	23,6	0	20,6	0	83,0	0	27,0	0	210,0	0	984,0	0	0,0	ERA5
1039232	21/07/2022	08	21/07/2022	04	HAE	23,5	0	20,2	0	82,0	0	22,0	0	200,0	0	985,0	0	0,0	ERA5
1039233	21/07/2022	09	21/07/2022	05	HAE	23,3	0	20,0	0	81,0	0	18,0	0	210,0	0	985,0	0	0,0	ERA5
1039234	21/07/2022	10	21/07/2022	06	HAE	22,2	0	20,0	0	87,0	0	15,0	0	210,0	0	985,0	0	6,7	ERA5
1039235	21/07/2022	11	21/07/2022	07	HAE	22,5	0	20,4	0	88,0	0	13,0	0	210,0	0	985,0	0	151,9	ERA5
1039236	21/07/2022	12	21/07/2022	08	HAE	23,0	0	20,6	0	86,0	0	11,0	0	210,0	0	986,0	0	539,3	ERA5
1039237	21/07/2022	13	21/07/2022	09	HAE	23,7	0	20,9	0	84,0	0	15,0	0	230,0	0	986,0	0	1225,9	ERA5
1039238	21/07/2022	14	21/07/2022	10	HAE	26,3	0	19,8	0	67,0	0	20,0	0	230,0	0	986,0	0	1822,6	ERA5
1039239	21/07/2022	15	21/07/2022	11	HAE	26,9	0	19,7	0	64,0	0	24,0	0	200,0	0	986,0	0	1815,3	ERA5
1039240	21/07/2022	16	21/07/2022	12	HAE	23,1	0	19,7	0	81,0	0	30,0	0	210,0	0	986,0	0	2472,2	ERA5
1039241	21/07/2022	17	21/07/2022	13	HAE	27,5	0	21,3	0	69,0	0	23,0	0	220,0	0	985,0	0	2314,1	ERA5
1039242	21/07/2022	18	21/07/2022	14	HAE	27,6	0	19,6	0	61,0	0	35,0	0	220,0	0	985,0	0	1640,6	ERA5
1039243	21/07/2022	19	21/07/2022	15	HAE	27,1	0	20,0	0	64,0	0	23,0	0	220,0	0	985,0	0	2152,5	ERA5
1039244	21/07/2022	20	21/07/2022	16	HAE	22,3	0	21,6	0	95,0	0	15,0	0	210,0	0	985,0	0	1974,7	ERA5
1039245	21/07/2022	21	21/07/2022	17	HAE	25,8	0	21,0	0	75,0	0	27,0	0	230,0	0	986,0	0	1303,7	ERA5
1039246	21/07/2022	22	21/07/2022	18	HAE	25,5	0	19,6	0	70,0	0	29,0	0	250,0	0	986,0	0	853,3	ERA5
1039247	21/07/2022	23	21/07/2022	19	HAE	25,0	0	17,5	0	63,0	0	34,0	0	260,0	0	987,0	0	812,0	ERA5
1039248	22/07/2022	00	21/07/2022	20	HAE	24,1	0	17,4	0	66,0	0	20,0	0	250,0	0	988,0	0	250,7	ERA5
1039249	22/07/2022	01	21/07/2022	21	HAE	22,9	0	18,2	0	74,0	0	12,0	0	250,0	0	989,0	0	28,4	ERA5
1039250	22/07/2022	02	21/07/2022	22	HAE	23,6	0	17,9	0	70,0	0	19,0	0	260,0	0	990,0	0	-0,0	ERA5
1039251	22/07/2022	03	21/07/2022	23	HAE	22,0	0	17,5	0	75,0	0	12,0	0	240,0	0	990,0	0	0,0	ERA5
1039252	22/07/2022	04	22/07/2022	00	HAE	20,9	0	17,2	0	79,0	0	9,0	0	220,0	0	991,0	0	0,0	ERA5
1039253	22/07/2022	05	22/07/2022	01	HAE	20,1	0	17,1	0	82,0	0	10,0	0	220,0	0	991,0	0	0,0	ERA5
1039254	22/07/2022	06	22/07/2022	02	HAE	19,1	0	16,8	0	87,0	0	9,0	0	210,0	0	991,0	0	-0,0	ERA5
1039255	22/07/2022	07	22/07/2022	03	HAE	18,0	0	16,3	0	90,0	0	10,0	0	180,0	0	991,0	0	0,0	ERA5
1039256	22/07/2022	08	22/07/2022	04	HAE	17,6	0	16,2	0	91,0	0	11,0	0	190,0	0	992,0	0	0,0	ERA5
1039257	22/07/2022	09	22/07/2022	05	HAE	17,1	0	16,1	0	94,0	0	10,0	0	190,0	0	992,0	0	0,0	ERA5
1039258	22/07/2022	10	22/07/2022	06	HAE	16,9	0	16,0	0	94,0	0	8,0	0	210,0	0	993,0	0	11,9	ERA5
1039259	22/07/2022	11	22/07/2022	07	HAE	18,3	0	16,8	0	91,0	0	10,0	0	230,0	0	993,0	0	321,2	ERA5
1039260	22/07/2022	12	22/07/2022	08	HAE	20,2	0	16,7	0	80,0	0	13,0	0	240,0	0	994,0	0	910,0	ERA5
1039261	22/07/2022	13	22/07/2022	09	HAE	22,2	0	16,7	0	71,0	0	13,0	0	260,0	0	995,0	0	1553,6	ERA5
1039262	22/07/2022	14	22/07/2022	10	HAE	23,5	0	17,3	0	68,0	0	15,0	0	250,0	0	995,0	0	2154,9	ERA5
1039263	22/07/2022	15	22/07/2022	11	HAE	24,9	0	17,3	0	62,0	0	8,0	0	270,0	0	996,0	0	2663,3	ERA5
1039264	22/07/2022	16	22/07/2022	12	HAE	27,0	0	16,8	0	53,0	0	16,0	0	250,0	0	996,0	0	3025,9	ERA5
1039265	22/07/2022	17	22/07/2022	13	HAE	28,6	0	14,4	0	41,0	0	17,0	0	270,0	0	996,0	0	3222,3	ERA5
1039266	22/07/2022	18	22/07/2022	14	HAE	28,5	0	14,4	0	42,0	0	14,0	0	260,0	0	996,0	0	2976,7	ERA5
1039267	22/07/2022	19	22/07/2022	15	HAE	28,9	0	12,7	0	36,0	0	15,0	0	270,0	0	996,0	0	2801,1	ERA5
1039268	22/07/2022	20	22/07/2022	16	HAE	28,9	0	14,1	0	40,0	0	16,0	0	260,0	0	995,0	0	2061,6	ERA5
1039269	22/07/2022	21	22/07/2022	17	HAE	28,1	0	14,4	0	42,0	0	16,0	0	250,0	0	995,0	0	1583,1	ERA5
1039270	22/07/2022	22	22/07/2022	18	HAE	27,8	0	15,2	0	46,0	0	21,0	0	230,0	0	996,0	0	1245,7	ERA5
1039271	22/07/2022	23	22/07/2022	19	HAE	24,9	0	17,5	0	63,0	0	21,0	0	200,0	0	996,0	0	896,8	ERA5
1039272	23/07/2022	00	22/07/2022	20	HAE	23,4	0	17,2	0	68,0	0	17,0	0	200,0	0	997,0	0	348,3	ERA5
1039273	23/07/2022	01	22/07/2022	21	HAE	22,2	0	16,7	0	71,0	0	13,0	0	210,0	0	997,0	0	44,8	ERA5
1039274	23/07/2022	02	22/07/2022	22	HAE	21,0	0	16,9	0	77,0	0	12,0	0	200,0	0	997,0	0	0,0	ERA5
1039275	23/07/2022	03	22/07/2022	23	HAE	20,7	0	16,9	0	78,0	0	11,0	0	210,0	0	997,0	0	0,0	ERA5
1039276	23/07/2022	04	23/07/2022	00	HAE	20,2	0	16,7	0	80,0	0	7,0	0	220,0	0	998,0	0	0,0	ERA5
1039277	23/07/2022	05	23/07/2022	01	HAE	19,8	0	17,0	0	84,0	0	10,0	0	210,0	0	998,0	0	0,0	ERA5
1039278	23/07/2022	06	23/07/2022	02	HAE	19,2	0	17,0	0	87,0	0	10,0	0	200,0	0	998,0	0	0,0	ERA5
1039279	23/07/2022	07	23/07/2022	03	HAE	18,6	0	16,8	0	90,0	0	10,0	0	170,0	0	998,0	0	0,0	ERA5
1039280	23/07/2022	08	23/07/2022	04	HAE	19,2	0	17,2	0	88,0	0	10,0	0	180,0	0	997,0	0	0,0	ERA5
1039281	23/07/2022	09	23/07/2022	05	HAE	19,0	0	16,8	0	87,0	0	9,0	0	200,0	0	998,0	0	0,0	ERA5
1039282	23/07/2022	10	23/07/2022	06	HAE	18,9	0	16,6	0	87,0	0	10,0	0	210,0	0	998,0	0	6,8	ERA5
1039283	23/07/2022	11	23/07/2022	07	HAE	20,4	0	18,1	0	86,0	0	8,0	0	190,0	0	999,0	0	192,3	ERA5
1039284	23/07/2022	12	23/07/2022	08	HAE	22,1	0	18,2	0	78,0	0	16,0	0	210,0	0	999,0	0	610,7	ERA5
1039285	23/07/2022	13	23/07/2022	09	HAE	24,1	0	19,1	0	73,0	0	17,0	0	200,0	0	999,0	0	1439,9	ERA5
1039286	23/07/2022	14	23/07/2022	10	HAE	25,8	0	19,3	0	67,0	0	18,0	0	200,0	0	998,0	0	1913,3	ERA5
1039287	23/07/2022	15	23/07/2022	11	HAE	26,9	0	20,1	0	66,0	0	15,0	0	210,0	0	999,0	0	2527,7	ERA5
1039288	23/07/2022	16	23/07/2022	12	HAE	28,2	0	19,6	0	59,0	0	18,0	0	220,0	0	999,0	0	2886,6	ERA5
1039289	23/07/2022	17	23/07/2022	13	HAE	29,0	0	19,1	0	54,0	0	20,0	0	220,0	0	999,0	0	2946,1	ERA5
1039290	23/07/2022	18	23/07/2022	14	HAE	29,9	0	19,9	0	54,0	0	21,0	0	190,0	0	998,0	0	3085,9	ERA5
1039291	23/07/2022	19	23/07/2022	15	HAE	30,2	0	20,0	0	54,0	0	23,0	0	210,0	0	997,0	0	2918,6	ERA5
1039292	23/07/2022	20	23/07/2022	16	HAE	29,7	0	19,6	0	54,0	0	18,0	0	220,0	0	998,0	0	2492,0	ERA5
1039293	23/07/2022	21	23/07/2022	17	HAE	26,8	0	20,4	0	68,0	0	19,0	0	220,0	0	999,0	0	1652,1	ERA5
1039294	23/07/2022	22	23/07/2022	18	HAE	25,7	0	20,4	0	72,0	0	8,0	0	200,0	0	998,0	0	889,8	ERA5
1039295	23/07/2022	23	23/07/2022	19	HAE	27,0	0	21,0	0	69,0	0	13,0	0	190,0	0	997,0	0	832,6	ERA5
1039296	24/07/2022	00	23/07/2022	20	HAE	26,3	0	19,4	0	65,0	0	17,0	0	210,0	0	997,0	0	450,0	ERA5
1039297	24/07/2022	01	23/07/2022	21	HAE	25,4	0	18,8	0	66,0	0	14,0	0	210,0	0	998,0	0	48,8	ERA5
1039298	24/07/2022	02	23/07/2022	22	HAE	24,9	0	18,3	0	66,0	0	16,0	0	210,0	0	998,0	0	0,0	ERA5
1039299	24/07/2022	03	23/07/2022	23	HAE	23,5	0	18,3	0	72,0	0	9,0	0	210,0	0	998,0	0	-0,0	ERA5
1039300	24/07/2022	04	24/07/2022	00	HAE	22,3	0	18,4	0	78,0	0	11,0	0	210,0	0	999,0	0	0,0	ERA5
1039301	24/07/2022	05	24/07/2022	01	HAE	21,8	0	18,9	0	84,0	0	11,0	0	190,0	0	998,0	0	0,0	ERA5
1039302	24/07/2022	06	24/07/2022	02	HAE	21,9	0	19,5	0	86,0	0	13,0	0	210,0	0	999,0	0	0,0	ERA5
1039303	24/07/2022	07	24/07/2022	03	HAE	20,8	0	19,3	0	91,0	0	9,0	0	200,0	0	999,0	0	0,0	ERA5
1039304	24/07/2022	08	24/07/2022	04	HAE	20,3	0	19,3	0	94,0	0	10,0	0	170,0	0	998,0	0	0,0	ERA5
1039305	24/07/2022	09	24/07/2022	05	HAE	19,9	0	19,2	0	96,0	0	7,0	0	180,0	0	998,0	0	0,0	ERA5
1039306	24/07/2022	10	24/07/2022	06	HAE	19,8	0	19,2	0	96,0	0	12,0	0	180,0	0	998,0	0	7,5	ERA5
1039307	24/07/2022	11	24/07/2022	07	HAE	21,4	0	19,8	0	91,0	0	10,0	0	210,0	0	998,0	0	257,6	ERA5
1039308	24/07/2022	12	24/07/2022	08	HAE	22,5	0	19,9	0	85,0	0	11,0	0	190,0	0	998,0	0	679,4	ERA5
1039309	24/07/2022	13	24/07/2022	09	HAE	23,3	0	20,4	0	83,0	0	13,0	0	190,0	0	998,0	0	1139,1	ERA5
1039310	24/07/2022	14	24/07/2022	10	HAE	25,3	0	20,8	0	76,0	0	17,0	0	180,0	0	997,0	0	1488,3	ERA5
1039311	24/07/2022	15	24/07/2022	11	HAE	25,8	0	20,8	0	73,0	0	18,0	0	200,0	0	997,0	0	1885,8	ERA5
1039312	24/07/2022	16	24/07/2022	12	HAE	26,0	0	20,7	0	72,0	0	22,0	0	180,0	0	996,0	0	1845,9	ERA5
1039313	24/07/2022	17	24/07/2022	13	HAE	25,3	0	19,9	0	71,0	0	19,0	0	190,0	0	996,0	0	1739,3	ERA5
1039314	24/07/2022	18	24/07/2022	14	HAE	23,8	0	21,1	0	84,0	0	14,0	0	190,0	0	995,0	0	1025,5	ERA5
1039315	24/07/2022	19	24/07/2022	15	HAE	24,4	0	21,4	0	84,0	0	13,0	0	200,0	0	994,0	0	1129,4	ERA5
1039316	24/07/2022	20	24/07/2022	16	HAE	24,4	0	20,8	0	80,0	0	21,0	0	210,0	0	993,0	0	435,0	ERA5
1039317	24/07/2022	21	24/07/2022	17	HAE	20,1	0	19,7	0	98,0	0	8,0	0	220,0	0	994,0	0	509,4	ERA5
1039318	24/07/2022	22	24/07/2022	18	HAE	23,0	0	20,8	0	87,0	0	14,0	0	230,0	0	993,0	0	761,6	ERA5
1039319	24/07/2022	23	24/07/2022	19	HAE	23,7	0	20,4	0	81,0	0	14,0	0	230,0	0	993,0	0	902,0	ERA5
1039320	25/07/2022	00	24/07/2022	20	HAE	23,4	0	20,9	0	86,0	0	9,0	0	250,0	0	993,0	0	298,6	ERA5
1039321	25/07/2022	01	24/07/2022	21	HAE	22,7	0	20,8	0	89,0	0	8,0	0	210,0	0	993,0	0	9,1	ERA5
1039322	25/07/2022	02	24/07/2022	22	HAE	22,2	0	21,1	0	93,0	0	13,0	0	270,0	0	993,0	0	0,0	ERA5
1039323	25/07/2022	03	24/07/2022	23	HAE	21,9	0	21,1	0	95,0	0	17,0	0	180,0	0	991,0	0	0,0	ERA5
1039324	25/07/2022	04	25/07/2022	00	HAE	21,8	0	21,3	0	97,0	0	9,0	0	180,0	0	991,0	0	0,0	ERA5
1039325	25/07/2022	05	25/07/2022	01	HAE	21,6	0	21,3	0	98,0	0	10,0	0	190,0	0	991,0	0	0,0	ERA5
1039326	25/07/2022	06	25/07/2022	02	HAE	21,4	0	21,0	0	98,0	0	16,0	0	200,0	0	991,0	0	0,0	ERA5
1039327	25/07/2022	07	25/07/2022	03	HAE	21,0	0	20,7	0	98,0	0	14,0	0	200,0	0	990,0	0	0,0	ERA5
1039328	25/07/2022	08	25/07/2022	04	HAE	21,3	0	20,9	0	98,0	0	16,0	0	220,0	0	991,0	0	0,0	ERA5
1039329	25/07/2022	09	25/07/2022	05	HAE	21,3	0	20,6	0	96,0	0	18,0	0	210,0	0	991,0	0	0,0	ERA5
1039330	25/07/2022	10	25/07/2022	06	HAE	20,8	0	20,3	0	97,0	0	12,0	0	210,0	0	991,0	0	5,9	ERA5
1039331	25/07/2022	11	25/07/2022	07	HAE	20,9	0	20,2	0	96,0	0	10,0	0	240,0	0	992,0	0	275,7	ERA5
1039332	25/07/2022	12	25/07/2022	08	HAE	21,7	0	18,7	0	83,0	0	18,0	0	260,0	0	992,0	0	856,8	ERA5
1039333	25/07/2022	13	25/07/2022	09	HAE	22,2	0	16,4	0	69,0	0	23,0	0	280,0	0	992,0	0	1487,3	ERA5
1039334	25/07/2022	14	25/07/2022	10	HAE	22,2	0	15,8	0	67,0	0	28,0	0	280,0	0	993,0	0	2054,2	ERA5
1039335	25/07/2022	15	25/07/2022	11	HAE	23,7	0	15,1	0	58,0	0	23,0	0	260,0	0	993,0	0	2522,3	ERA5
1039336	25/07/2022	16	25/07/2022	12	HAE	23,6	0	14,2	0	55,0	0	33,0	0	260,0	0	994,0	0	2554,0	ERA5
1039337	25/07/2022	17	25/07/2022	13	HAE	23,9	0	13,8	0	53,0	0	34,0	0	270,0	0	995,0	0	2646,4	ERA5
1039338	25/07/2022	18	25/07/2022	14	HAE	24,1	0	12,7	0	48,0	0	38,0	0	270,0	0	995,0	0	2353,0	ERA5
1039339	25/07/2022	19	25/07/2022	15	HAE	22,9	0	12,9	0	53,0	0	30,0	0	270,0	0	996,0	0	2500,6	ERA5
1039340	25/07/2022	20	25/07/2022	16	HAE	24,1	0	13,9	0	52,0	0	27,0	0	270,0	0	996,0	0	1984,1	ERA5
1039341	25/07/2022	21	25/07/2022	17	HAE	23,0	0	13,0	0	53,0	0	28,0	0	290,0	0	996,0	0	1680,5	ERA5
1039342	25/07/2022	22	25/07/2022	18	HAE	22,9	0	12,4	0	51,0	0	25,0	0	320,0	0	997,0	0	1060,5	ERA5
1039343	25/07/2022	23	25/07/2022	19	HAE	22,6	0	11,2	0	48,0	0	26,0	0	290,0	0	997,0	0	634,5	ERA5
1039344	26/07/2022	00	25/07/2022	20	HAE	21,5	0	11,4	0	52,0	0	16,0	0	290,0	0	998,0	0	300,7	ERA5
1039345	26/07/2022	01	25/07/2022	21	HAE	19,0	0	12,2	0	65,0	0	10,0	0	270,0	0	998,0	0	25,0	ERA5
1039346	26/07/2022	02	25/07/2022	22	HAE	18,5	0	12,5	0	68,0	0	7,0	0	250,0	0	999,0	0	0,0	ERA5
1039347	26/07/2022	03	25/07/2022	23	HAE	17,5	0	12,8	0	73,0	0	7,0	0	240,0	0	999,0	0	0,0	ERA5
1039348	26/07/2022	04	26/07/2022	00	HAE	15,9	0	12,7	0	81,0	0	10,0	0	260,0	0	1000,0	0	0,0	ERA5
1039349	26/07/2022	05	26/07/2022	01	HAE	15,6	0	12,4	0	81,0	0	10,0	0	260,0	0	1000,0	0	0,0	ERA5
1039350	26/07/2022	06	26/07/2022	02	HAE	14,8	0	12,3	0	85,0	0	10,0	0	250,0	0	999,0	0	0,0	ERA5
1039351	26/07/2022	07	26/07/2022	03	HAE	14,2	0	12,1	0	87,0	0	11,0	0	240,0	0	1000,0	0	0,0	ERA5
1039352	26/07/2022	08	26/07/2022	04	HAE	13,7	0	12,1	0	90,0	0	12,0	0	230,0	0	1000,0	0	0,0	ERA5
1039353	26/07/2022	09	26/07/2022	05	HAE	13,3	0	12,0	0	92,0	0	10,0	0	230,0	0	1000,0	0	0,0	ERA5
1039354	26/07/2022	10	26/07/2022	06	HAE	12,8	0	11,9	0	94,0	0	7,0	0	210,0	0	1000,0	0	5,6	ERA5
1039355	26/07/2022	11	26/07/2022	07	HAE	14,7	0	13,2	0	91,0	0	7,0	0	210,0	0	1000,0	0	262,5	ERA5
1039356	26/07/2022	12	26/07/2022	08	HAE	17,1	0	14,0	0	82,0	0	13,0	0	230,0	0	1001,0	0	809,7	ERA5
1039357	26/07/2022	13	26/07/2022	09	HAE	19,4	0	14,4	0	72,0	0	12,0	0	290,0	0	1001,0	0	1427,4	ERA5
1039358	26/07/2022	14	26/07/2022	10	HAE	20,6	0	15,2	0	71,0	0	13,0	0	240,0	0	1001,0	0	1857,4	ERA5
1039359	26/07/2022	15	26/07/2022	11	HAE	22,0	0	15,1	0	64,0	0	16,0	0	240,0	0	1001,0	0	1739,3	ERA5
1039360	26/07/2022	16	26/07/2022	12	HAE	22,8	0	13,8	0	56,0	0	13,0	0	240,0	0	1001,0	0	1815,9	ERA5
1039361	26/07/2022	17	26/07/2022	13	HAE	23,8	0	12,7	0	49,0	0	16,0	0	240,0	0	1000,0	0	2194,1	ERA5
1039362	26/07/2022	18	26/07/2022	14	HAE	24,6	0	13,2	0	48,0	0	9,0	0	250,0	0	1000,0	0	2033,5	ERA5
1039363	26/07/2022	19	26/07/2022	15	HAE	24,9	0	12,6	0	46,0	0	14,0	0	240,0	0	1000,0	0	1984,9	ERA5
1039364	26/07/2022	20	26/07/2022	16	HAE	25,6	0	12,6	0	44,0	0	17,0	0	260,0	0	1000,0	0	1583,3	ERA5
1039365	26/07/2022	21	26/07/2022	17	HAE	23,5	0	14,6	0	57,0	0	18,0	0	210,0	0	1000,0	0	1418,7	ERA5
1039366	26/07/2022	22	26/07/2022	18	HAE	22,9	0	14,4	0	58,0	0	17,0	0	210,0	0	1000,0	0	1047,2	ERA5
1039367	26/07/2022	23	26/07/2022	19	HAE	23,4	0	14,1	0	55,0	0	17,0	0	210,0	0	999,0	0	693,0	ERA5
1039368	27/07/2022	00	26/07/2022	20	HAE	21,8	0	14,4	0	63,0	0	12,0	0	220,0	0	999,0	0	352,4	ERA5
1039369	27/07/2022	01	26/07/2022	21	HAE	19,9	0	14,1	0	69,0	0	10,0	0	200,0	0	999,0	0	39,5	ERA5
1039370	27/07/2022	02	26/07/2022	22	HAE	18,2	0	13,7	0	75,0	0	7,0	0	160,0	0	1000,0	0	0,0	ERA5
1039371	27/07/2022	03	26/07/2022	23	HAE	17,7	0	13,8	0	77,0	0	9,0	0	190,0	0	1000,0	0	0,0	ERA5
1039372	27/07/2022	04	27/07/2022	00	HAE	17,3	0	13,6	0	79,0	0	9,0	0	200,0	0	1000,0	0	0,0	ERA5
1039373	27/07/2022	05	27/07/2022	01	HAE	16,2	0	13,5	0	84,0	0	10,0	0	230,0	0	1000,0	0	0,0	ERA5
1039374	27/07/2022	06	27/07/2022	02	HAE	15,7	0	13,6	0	87,0	0	14,0	0	210,0	0	1000,0	0	0,0	ERA5
1039375	27/07/2022	07	27/07/2022	03	HAE	15,5	0	13,0	0	85,0	0	8,0	0	250,0	0	1000,0	0	0,0	ERA5
1039376	27/07/2022	08	27/07/2022	04	HAE	14,8	0	12,7	0	87,0	0	10,0	0	240,0	0	1000,0	0	0,0	ERA5
1039377	27/07/2022	09	27/07/2022	05	HAE	14,3	0	12,7	0	90,0	0	7,0	0	220,0	0	1000,0	0	0,0	ERA5
1039378	27/07/2022	10	27/07/2022	06	HAE	13,7	0	12,4	0	92,0	0	8,0	0	220,0	0	1000,0	0	5,3	ERA5
1039379	27/07/2022	11	27/07/2022	07	HAE	15,3	0	13,3	0	88,0	0	6,0	0	230,0	0	1001,0	0	266,3	ERA5
1039380	27/07/2022	12	27/07/2022	08	HAE	18,0	0	13,8	0	76,0	0	4,0	0	240,0	0	1000,0	0	842,4	ERA5
1039381	27/07/2022	13	27/07/2022	09	HAE	20,0	0	14,3	0	69,0	0	4,0	0	220,0	0	1000,0	0	1497,3	ERA5
1039382	27/07/2022	14	27/07/2022	10	HAE	22,9	0	14,0	0	57,0	0	6,0	0	230,0	0	999,0	0	2120,7	ERA5
1039383	27/07/2022	15	27/07/2022	11	HAE	23,7	0	13,1	0	51,0	0	15,0	0	220,0	0	1000,0	0	2657,4	ERA5
1039384	27/07/2022	16	27/07/2022	12	HAE	24,9	0	14,1	0	50,0	0	12,0	0	190,0	0	999,0	0	2985,4	ERA5
1039385	27/07/2022	17	27/07/2022	13	HAE	24,5	0	13,2	0	49,0	0	19,0	0	220,0	0	999,0	0	2928,3	ERA5
1039386	27/07/2022	18	27/07/2022	14	HAE	26,2	0	14,1	0	47,0	0	19,0	0	210,0	0	998,0	0	2620,0	ERA5
1039387	27/07/2022	19	27/07/2022	15	HAE	25,1	0	15,6	0	55,0	0	19,0	0	210,0	0	998,0	0	1664,6	ERA5
1039388	27/07/2022	20	27/07/2022	16	HAE	25,8	0	15,1	0	51,0	0	14,0	0	220,0	0	997,0	0	1064,8	ERA5
1039389	27/07/2022	21	27/07/2022	17	HAE	25,6	0	15,9	0	55,0	0	21,0	0	200,0	0	997,0	0	1611,1	ERA5
1039390	27/07/2022	22	27/07/2022	18	HAE	25,5	0	15,6	0	54,0	0	16,0	0	200,0	0	997,0	0	1137,6	ERA5
1039391	27/07/2022	23	27/07/2022	19	HAE	24,6	0	14,8	0	54,0	0	18,0	0	220,0	0	997,0	0	662,3	ERA5
1039392	28/07/2022	00	27/07/2022	20	HAE	22,9	0	14,8	0	60,0	0	10,0	0	200,0	0	997,0	0	360,8	ERA5
1039393	28/07/2022	01	27/07/2022	21	HAE	20,7	0	14,8	0	69,0	0	5,0	0	170,0	0	996,0	0	35,1	ERA5
1039394	28/07/2022	02	27/07/2022	22	HAE	21,4	0	15,3	0	68,0	0	8,0	0	180,0	0	997,0	0	-0,0	ERA5
1039395	28/07/2022	03	27/07/2022	23	HAE	21,1	0	15,3	0	69,0	0	8,0	0	180,0	0	996,0	0	0,0	ERA5
1039396	28/07/2022	04	28/07/2022	00	HAE	19,9	0	15,5	0	75,0	0	8,0	0	190,0	0	996,0	0	0,0	ERA5
1039397	28/07/2022	05	28/07/2022	01	HAE	19,6	0	15,5	0	77,0	0	9,0	0	190,0	0	996,0	0	0,0	ERA5
1039398	28/07/2022	06	28/07/2022	02	HAE	18,9	0	15,4	0	80,0	0	10,0	0	180,0	0	996,0	0	0,0	ERA5
1039399	28/07/2022	07	28/07/2022	03	HAE	17,8	0	14,8	0	83,0	0	9,0	0	160,0	0	995,0	0	0,0	ERA5
1039400	28/07/2022	08	28/07/2022	04	HAE	17,6	0	15,2	0	85,0	0	7,0	0	170,0	0	995,0	0	0,0	ERA5
1039401	28/07/2022	09	28/07/2022	05	HAE	17,6	0	15,4	0	87,0	0	6,0	0	160,0	0	995,0	0	0,0	ERA5
1039402	28/07/2022	10	28/07/2022	06	HAE	16,9	0	15,4	0	91,0	0	8,0	0	110,0	0	995,0	0	3,2	ERA5
1039403	28/07/2022	11	28/07/2022	07	HAE	18,2	0	16,6	0	90,0	0	4,0	0	60,0	0	995,0	0	172,4	ERA5
1039404	28/07/2022	12	28/07/2022	08	HAE	18,9	0	17,1	0	89,0	0	10,0	0	90,0	0	994,0	0	469,9	ERA5
1039405	28/07/2022	13	28/07/2022	09	HAE	21,2	0	18,0	0	82,0	0	10,0	0	140,0	0	994,0	0	850,9	ERA5
1039406	28/07/2022	14	28/07/2022	10	HAE	23,0	0	19,5	0	80,0	0	13,0	0	170,0	0	993,0	0	1538,8	ERA5
1039407	28/07/2022	15	28/07/2022	11	HAE	25,0	0	20,8	0	77,0	0	17,0	0	200,0	0	993,0	0	2180,9	ERA5
1039408	28/07/2022	16	28/07/2022	12	HAE	26,1	0	20,1	0	69,0	0	20,0	0	200,0	0	993,0	0	2593,1	ERA5
1039409	28/07/2022	17	28/07/2022	13	HAE	26,0	0	20,1	0	69,0	0	13,0	0	230,0	0	992,0	0	2687,6	ERA5
1039410	28/07/2022	18	28/07/2022	14	HAE	26,2	0	19,8	0	67,0	0	18,0	0	230,0	0	993,0	0	2677,2	ERA5
1039411	28/07/2022	19	28/07/2022	15	HAE	25,2	0	20,2	0	73,0	0	16,0	0	190,0	0	992,0	0	2038,4	ERA5
1039412	28/07/2022	20	28/07/2022	16	HAE	24,6	0	21,0	0	80,0	0	16,0	0	160,0	0	992,0	0	1840,8	ERA5
1039413	28/07/2022	21	28/07/2022	17	HAE	25,0	0	21,3	0	80,0	0	17,0	0	180,0	0	991,0	0	1211,6	ERA5
1039414	28/07/2022	22	28/07/2022	18	HAE	23,3	0	21,4	0	89,0	0	13,0	0	260,0	0	991,0	0	1199,6	ERA5
1039415	28/07/2022	23	28/07/2022	19	HAE	25,3	0	16,2	0	57,0	0	18,0	0	240,0	0	991,0	0	748,5	ERA5
1039416	29/07/2022	00	28/07/2022	20	HAE	23,5	0	14,8	0	58,0	0	14,0	0	260,0	0	992,0	0	318,4	ERA5
1039417	29/07/2022	01	28/07/2022	21	HAE	21,4	0	15,2	0	67,0	0	9,0	0	200,0	0	992,0	0	30,3	ERA5
1039418	29/07/2022	02	28/07/2022	22	HAE	20,7	0	18,6	0	87,0	0	9,0	0	210,0	0	993,0	0	0,0	ERA5
1039419	29/07/2022	03	28/07/2022	23	HAE	20,6	0	18,8	0	89,0	0	15,0	0	220,0	0	993,0	0	0,0	ERA5
1039420	29/07/2022	04	29/07/2022	00	HAE	19,8	0	18,2	0	91,0	0	11,0	0	220,0	0	993,0	0	0,0	ERA5
1039421	29/07/2022	05	29/07/2022	01	HAE	18,9	0	17,6	0	92,0	0	9,0	0	230,0	0	994,0	0	0,0	ERA5
1039422	29/07/2022	06	29/07/2022	02	HAE	17,8	0	15,1	0	84,0	0	10,0	0	220,0	0	994,0	0	0,0	ERA5
1039423	29/07/2022	07	29/07/2022	03	HAE	17,5	0	15,3	0	87,0	0	14,0	0	230,0	0	994,0	0	0,0	ERA5
1039424	29/07/2022	08	29/07/2022	04	HAE	16,8	0	14,5	0	86,0	0	12,0	0	230,0	0	994,0	0	0,0	ERA5
1039425	29/07/2022	09	29/07/2022	05	HAE	15,7	0	13,7	0	88,0	0	10,0	0	250,0	0	995,0	0	0,0	ERA5
1039426	29/07/2022	10	29/07/2022	06	HAE	15,2	0	12,9	0	86,0	0	10,0	0	250,0	0	995,0	0	3,8	ERA5
1039427	29/07/2022	11	29/07/2022	07	HAE	16,3	0	13,1	0	81,0	0	11,0	0	240,0	0	996,0	0	262,9	ERA5
1039428	29/07/2022	12	29/07/2022	08	HAE	17,7	0	13,2	0	75,0	0	17,0	0	230,0	0	996,0	0	844,2	ERA5
1039429	29/07/2022	13	29/07/2022	09	HAE	19,5	0	14,1	0	71,0	0	17,0	0	250,0	0	996,0	0	1460,2	ERA5
1039430	29/07/2022	14	29/07/2022	10	HAE	21,2	0	13,1	0	59,0	0	23,0	0	260,0	0	996,0	0	2036,6	ERA5
1039431	29/07/2022	15	29/07/2022	11	HAE	22,5	0	12,7	0	53,0	0	24,0	0	250,0	0	997,0	0	2317,0	ERA5
1039432	29/07/2022	16	29/07/2022	12	HAE	22,3	0	12,7	0	54,0	0	20,0	0	270,0	0	997,0	0	1877,4	ERA5
1039433	29/07/2022	17	29/07/2022	13	HAE	22,3	0	12,7	0	54,0	0	24,0	0	260,0	0	997,0	0	1706,5	ERA5
1039434	29/07/2022	18	29/07/2022	14	HAE	23,6	0	13,3	0	52,0	0	23,0	0	240,0	0	997,0	0	1668,5	ERA5
1039435	29/07/2022	19	29/07/2022	15	HAE	23,8	0	12,6	0	49,0	0	23,0	0	240,0	0	997,0	0	1777,7	ERA5
1039436	29/07/2022	20	29/07/2022	16	HAE	24,7	0	14,3	0	52,0	0	27,0	0	250,0	0	996,0	0	1816,9	ERA5
1039437	29/07/2022	21	29/07/2022	17	HAE	25,1	0	12,7	0	45,0	0	32,0	0	250,0	0	996,0	0	1232,6	ERA5
1039438	29/07/2022	22	29/07/2022	18	HAE	25,1	0	13,2	0	47,0	0	21,0	0	250,0	0	996,0	0	1024,0	ERA5
1039439	29/07/2022	23	29/07/2022	19	HAE	24,3	0	12,1	0	46,0	0	27,0	0	250,0	0	996,0	0	732,7	ERA5
1039440	30/07/2022	00	29/07/2022	20	HAE	23,1	0	11,8	0	49,0	0	18,0	0	240,0	0	997,0	0	354,5	ERA5
1039441	30/07/2022	01	29/07/2022	21	HAE	21,5	0	13,1	0	58,0	0	11,0	0	230,0	0	997,0	0	27,0	ERA5
1039442	30/07/2022	02	29/07/2022	22	HAE	19,8	0	13,6	0	67,0	0	13,0	0	240,0	0	997,0	0	0,0	ERA5
1039443	30/07/2022	03	29/07/2022	23	HAE	18,0	0	14,2	0	78,0	0	8,0	0	240,0	0	998,0	0	0,0	ERA5
1039444	30/07/2022	04	30/07/2022	00	HAE	16,9	0	12,6	0	76,0	0	10,0	0	250,0	0	998,0	0	0,0	ERA5
1039445	30/07/2022	05	30/07/2022	01	HAE	16,5	0	12,2	0	76,0	0	9,0	0	250,0	0	998,0	0	0,0	ERA5
1039446	30/07/2022	06	30/07/2022	02	HAE	16,3	0	12,4	0	78,0	0	14,0	0	260,0	0	998,0	0	0,0	ERA5
1039447	30/07/2022	07	30/07/2022	03	HAE	15,6	0	12,2	0	80,0	0	7,0	0	260,0	0	998,0	0	0,0	ERA5
1039448	30/07/2022	08	30/07/2022	04	HAE	15,8	0	13,0	0	83,0	0	14,0	0	260,0	0	999,0	0	0,0	ERA5
1039449	30/07/2022	09	30/07/2022	05	HAE	14,6	0	13,0	0	90,0	0	14,0	0	250,0	0	999,0	0	0,0	ERA5
1039450	30/07/2022	10	30/07/2022	06	HAE	14,8	0	13,4	0	91,0	0	13,0	0	250,0	0	1000,0	0	2,7	ERA5
1039451	30/07/2022	11	30/07/2022	07	HAE	16,7	0	14,7	0	88,0	0	13,0	0	260,0	0	1001,0	0	200,1	ERA5
1039452	30/07/2022	12	30/07/2022	08	HAE	18,2	0	15,1	0	82,0	0	21,0	0	280,0	0	1002,0	0	704,4	ERA5
1039453	30/07/2022	13	30/07/2022	09	HAE	19,2	0	14,8	0	75,0	0	22,0	0	290,0	0	1002,0	0	1161,9	ERA5
1039454	30/07/2022	14	30/07/2022	10	HAE	19,1	0	15,2	0	78,0	0	20,0	0	290,0	0	1003,0	0	1145,1	ERA5
1039455	30/07/2022	15	30/07/2022	11	HAE	19,9	0	14,9	0	73,0	0	17,0	0	280,0	0	1004,0	0	1004,1	ERA5
1039456	30/07/2022	16	30/07/2022	12	HAE	19,8	0	15,1	0	74,0	0	16,0	0	270,0	0	1004,0	0	1295,4	ERA5
1039457	30/07/2022	17	30/07/2022	13	HAE	21,0	0	15,2	0	69,0	0	18,0	0	270,0	0	1004,0	0	1333,4	ERA5
1039458	30/07/2022	18	30/07/2022	14	HAE	21,3	0	15,2	0	68,0	0	21,0	0	250,0	0	1004,0	0	1461,4	ERA5
1039459	30/07/2022	19	30/07/2022	15	HAE	22,7	0	14,5	0	59,0	0	13,0	0	290,0	0	1004,0	0	1509,8	ERA5
1039460	30/07/2022	20	30/07/2022	16	HAE	23,1	0	14,4	0	57,0	0	16,0	0	300,0	0	1004,0	0	2021,3	ERA5
1039461	30/07/2022	21	30/07/2022	17	HAE	24,0	0	14,4	0	54,0	0	19,0	0	290,0	0	1004,0	0	1415,6	ERA5
1039462	30/07/2022	22	30/07/2022	18	HAE	24,1	0	14,5	0	54,0	0	20,0	0	280,0	0	1005,0	0	855,3	ERA5
1039463	30/07/2022	23	30/07/2022	19	HAE	24,0	0	14,1	0	53,0	0	12,0	0	280,0	0	1005,0	0	617,2	ERA5
1039464	31/07/2022	00	30/07/2022	20	HAE	23,1	0	14,2	0	57,0	0	10,0	0	270,0	0	1005,0	0	278,7	ERA5
1039465	31/07/2022	01	30/07/2022	21	HAE	21,5	0	14,4	0	63,0	0	7,0	0	260,0	0	1005,0	0	22,6	ERA5
1039466	31/07/2022	02	30/07/2022	22	HAE	18,3	0	14,4	0	78,0	0	4,0	0	200,0	0	1006,0	0	0,0	ERA5
1039467	31/07/2022	03	30/07/2022	23	HAE	16,3	0	14,0	0	86,0	0	9,0	0	170,0	0	1006,0	0	0,0	ERA5
1039468	31/07/2022	04	31/07/2022	00	HAE	18,1	0	15,0	0	82,0	0	8,0	0	210,0	0	1006,0	0	0,0	ERA5
1039469	31/07/2022	05	31/07/2022	01	HAE	14,7	0	13,4	0	92,0	0	7,0	0	170,0	0	1006,0	0	0,0	ERA5
1039470	31/07/2022	06	31/07/2022	02	HAE	16,6	0	14,5	0	87,0	0	10,0	0	180,0	0	1006,0	0	0,0	ERA5
1039471	31/07/2022	07	31/07/2022	03	HAE	15,1	0	14,0	0	93,0	0	8,0	0	200,0	0	1006,0	0	0,0	ERA5
1039472	31/07/2022	08	31/07/2022	04	HAE	14,4	0	13,7	0	95,0	0	8,0	0	220,0	0	1006,0	0	0,0	ERA5
1039473	31/07/2022	09	31/07/2022	05	HAE	14,7	0	13,8	0	94,0	0	6,0	0	220,0	0	1006,0	0	0,0	ERA5
1039474	31/07/2022	10	31/07/2022	06	HAE	14,3	0	13,6	0	96,0	0	8,0	0	220,0	0	1007,0	0	2,2	ERA5
1039475	31/07/2022	11	31/07/2022	07	HAE	15,7	0	14,3	0	91,0	0	11,0	0	240,0	0	1007,0	0	236,1	ERA5
1039476	31/07/2022	12	31/07/2022	08	HAE	18,7	0	15,2	0	80,0	0	14,0	0	270,0	0	1007,0	0	798,6	ERA5
1039477	31/07/2022	13	31/07/2022	09	HAE	19,6	0	14,9	0	74,0	0	11,0	0	260,0	0	1007,0	0	1440,0	ERA5
1039478	31/07/2022	14	31/07/2022	10	HAE	21,7	0	14,9	0	65,0	0	9,0	0	250,0	0	1006,0	0	2057,0	ERA5
1039479	31/07/2022	15	31/07/2022	11	HAE	22,9	0	15,4	0	62,0	0	10,0	0	240,0	0	1006,0	0	2587,6	ERA5
1039480	31/07/2022	16	31/07/2022	12	HAE	23,9	0	15,0	0	57,0	0	13,0	0	260,0	0	1006,0	0	2626,3	ERA5
1039481	31/07/2022	17	31/07/2022	13	HAE	24,6	0	15,3	0	56,0	0	13,0	0	260,0	0	1006,0	0	2042,5	ERA5
1039482	31/07/2022	18	31/07/2022	14	HAE	25,4	0	14,8	0	51,0	0	14,0	0	250,0	0	1005,0	0	1885,2	ERA5
1039483	31/07/2022	19	31/07/2022	15	HAE	26,9	0	15,4	0	49,0	0	11,0	0	230,0	0	1004,0	0	2310,0	ERA5
1039484	31/07/2022	20	31/07/2022	16	HAE	27,2	0	15,6	0	49,0	0	17,0	0	220,0	0	1003,0	0	1821,5	ERA5
1039485	31/07/2022	21	31/07/2022	17	HAE	26,4	0	17,4	0	57,0	0	18,0	0	190,0	0	1003,0	0	1276,5	ERA5
1039486	31/07/2022	22	31/07/2022	18	HAE	25,4	0	18,2	0	64,0	0	20,0	0	210,0	0	1003,0	0	1036,0	ERA5
1039487	31/07/2022	23	31/07/2022	19	HAE	25,1	0	18,4	0	66,0	0	22,0	0	200,0	0	1003,0	0	596,3	ERA5
1039488	01/08/2022	00	31/07/2022	20	HAE	23,8	0	18,1	0	70,0	0	18,0	0	200,0	0	1002,0	0	213,2	ERA5
1039489	01/08/2022	01	31/07/2022	21	HAE	22,3	0	17,4	0	73,0	0	16,0	0	190,0	0	1002,0	0	22,3	ERA5
1039490	01/08/2022	02	31/07/2022	22	HAE	20,9	0	16,8	0	77,0	0	11,0	0	180,0	0	1002,0	0	0,0	ERA5
1039491	01/08/2022	03	31/07/2022	23	HAE	20,1	0	16,1	0	78,0	0	8,0	0	180,0	0	1002,0	0	-0,0	ERA5
1039492	01/08/2022	04	01/08/2022	00	HAE	19,4	0	15,9	0	80,0	0	7,0	0	200,0	0	1002,0	0	0,0	ERA5
1039493	01/08/2022	05	01/08/2022	01	HAE	18,5	0	15,9	0	85,0	0	9,0	0	200,0	0	1002,0	0	0,0	ERA5
1039494	01/08/2022	06	01/08/2022	02	HAE	17,9	0	15,9	0	88,0	0	9,0	0	200,0	0	1001,0	0	0,0	ERA5
1039495	01/08/2022	07	01/08/2022	03	HAE	17,7	0	16,2	0	91,0	0	7,0	0	200,0	0	1001,0	0	0,0	ERA5
1039496	01/08/2022	08	01/08/2022	04	HAE	17,2	0	16,0	0	93,0	0	7,0	0	200,0	0	1001,0	0	0,0	ERA5
1039497	01/08/2022	09	01/08/2022	05	HAE	17,0	0	16,2	0	95,0	0	8,0	0	170,0	0	1001,0	0	0,0	ERA5
1039498	01/08/2022	10	01/08/2022	06	HAE	17,1	0	16,7	0	97,0	0	8,0	0	190,0	0	1000,0	0	1,4	ERA5
1039499	01/08/2022	11	01/08/2022	07	HAE	18,3	0	17,7	0	96,0	0	9,0	0	190,0	0	1000,0	0	202,1	ERA5
1039500	01/08/2022	12	01/08/2022	08	HAE	19,7	0	18,4	0	92,0	0	14,0	0	200,0	0	1000,0	0	680,6	ERA5
1039501	01/08/2022	13	01/08/2022	09	HAE	22,1	0	18,9	0	81,0	0	15,0	0	190,0	0	999,0	0	1276,2	ERA5
1039502	01/08/2022	14	01/08/2022	10	HAE	24,1	0	18,8	0	72,0	0	13,0	0	190,0	0	999,0	0	1589,8	ERA5
1039503	01/08/2022	15	01/08/2022	11	HAE	26,5	0	18,9	0	62,0	0	16,0	0	180,0	0	998,0	0	2400,6	ERA5
1039504	01/08/2022	16	01/08/2022	12	HAE	27,9	0	18,0	0	54,0	0	16,0	0	210,0	0	998,0	0	2294,9	ERA5
1039505	01/08/2022	17	01/08/2022	13	HAE	28,2	0	16,6	0	49,0	0	23,0	0	200,0	0	997,0	0	2406,3	ERA5
1039506	01/08/2022	18	01/08/2022	14	HAE	28,5	0	17,0	0	49,0	0	19,0	0	180,0	0	996,0	0	2317,1	ERA5
1039507	01/08/2022	19	01/08/2022	15	HAE	28,4	0	18,1	0	53,0	0	20,0	0	200,0	0	995,0	0	2284,8	ERA5
1039508	01/08/2022	20	01/08/2022	16	HAE	27,0	0	17,3	0	55,0	0	24,0	0	190,0	0	995,0	0	1673,9	ERA5
1039509	01/08/2022	21	01/08/2022	17	HAE	27,5	0	17,2	0	53,0	0	26,0	0	200,0	0	994,0	0	1678,9	ERA5
1039510	01/08/2022	22	01/08/2022	18	HAE	27,0	0	17,8	0	57,0	0	19,0	0	200,0	0	994,0	0	1190,3	ERA5
1039511	01/08/2022	23	01/08/2022	19	HAE	25,5	0	17,6	0	61,0	0	14,0	0	190,0	0	993,0	0	739,5	ERA5
1039512	02/08/2022	00	01/08/2022	20	HAE	24,6	0	17,0	0	62,0	0	17,0	0	190,0	0	993,0	0	318,0	ERA5
1039513	02/08/2022	01	01/08/2022	21	HAE	24,1	0	16,7	0	63,0	0	17,0	0	200,0	0	993,0	0	19,2	ERA5
1039514	02/08/2022	02	01/08/2022	22	HAE	23,8	0	17,2	0	66,0	0	14,0	0	190,0	0	993,0	0	0,0	ERA5
1039515	02/08/2022	03	01/08/2022	23	HAE	23,6	0	17,1	0	66,0	0	15,0	0	190,0	0	992,0	0	0,0	ERA5
1039516	02/08/2022	04	02/08/2022	00	HAE	22,7	0	17,5	0	72,0	0	13,0	0	200,0	0	992,0	0	0,0	ERA5
1039517	02/08/2022	05	02/08/2022	01	HAE	22,6	0	17,6	0	73,0	0	13,0	0	210,0	0	992,0	0	0,0	ERA5
1039518	02/08/2022	06	02/08/2022	02	HAE	22,4	0	17,9	0	75,0	0	12,0	0	220,0	0	991,0	0	0,0	ERA5
1039519	02/08/2022	07	02/08/2022	03	HAE	21,8	0	18,4	0	80,0	0	8,0	0	200,0	0	991,0	0	0,0	ERA5
1039520	02/08/2022	08	02/08/2022	04	HAE	21,7	0	18,8	0	83,0	0	9,0	0	210,0	0	991,0	0	0,0	ERA5
1039521	02/08/2022	09	02/08/2022	05	HAE	21,2	0	18,8	0	86,0	0	13,0	0	220,0	0	991,0	0	0,0	ERA5
1039522	02/08/2022	10	02/08/2022	06	HAE	20,6	0	18,8	0	89,0	0	10,0	0	230,0	0	992,0	0	0,3	ERA5
1039523	02/08/2022	11	02/08/2022	07	HAE	20,9	0	19,2	0	90,0	0	9,0	0	230,0	0	992,0	0	93,2	ERA5
1039524	02/08/2022	12	02/08/2022	08	HAE	22,0	0	19,6	0	86,0	0	17,0	0	280,0	0	993,0	0	443,1	ERA5
1039525	02/08/2022	13	02/08/2022	09	HAE	23,7	0	19,8	0	78,0	0	16,0	0	300,0	0	993,0	0	688,1	ERA5
1039526	02/08/2022	14	02/08/2022	10	HAE	25,1	0	19,4	0	70,0	0	17,0	0	280,0	0	994,0	0	1393,0	ERA5
1039527	02/08/2022	15	02/08/2022	11	HAE	20,4	0	17,6	0	84,0	0	32,0	0	330,0	0	995,0	0	1364,7	ERA5
1039528	02/08/2022	16	02/08/2022	12	HAE	20,9	0	16,6	0	76,0	0	21,0	0	300,0	0	996,0	0	2160,7	ERA5
1039529	02/08/2022	17	02/08/2022	13	HAE	21,9	0	16,7	0	72,0	0	21,0	0	320,0	0	996,0	0	2344,1	ERA5
1039530	02/08/2022	18	02/08/2022	14	HAE	22,6	0	14,9	0	61,0	0	29,0	0	330,0	0	996,0	0	2485,3	ERA5
1039531	02/08/2022	19	02/08/2022	15	HAE	24,5	0	14,9	0	55,0	0	22,0	0	310,0	0	997,0	0	2873,3	ERA5
1039532	02/08/2022	20	02/08/2022	16	HAE	24,2	0	14,2	0	53,0	0	23,0	0	320,0	0	997,0	0	2527,9	ERA5
1039533	02/08/2022	21	02/08/2022	17	HAE	23,6	0	13,5	0	52,0	0	23,0	0	340,0	0	998,0	0	2188,5	ERA5
1039534	02/08/2022	22	02/08/2022	18	HAE	23,1	0	12,1	0	49,0	0	23,0	0	310,0	0	998,0	0	1605,7	ERA5
1039535	02/08/2022	23	02/08/2022	19	HAE	22,6	0	11,3	0	49,0	0	20,0	0	320,0	0	999,0	0	974,4	ERA5
1039536	03/08/2022	00	02/08/2022	20	HAE	20,9	0	11,6	0	55,0	0	23,0	0	10,0	0	999,0	0	378,3	ERA5
1039537	03/08/2022	01	02/08/2022	21	HAE	18,6	0	10,6	0	59,0	0	22,0	0	20,0	0	1001,0	0	21,8	ERA5
1039538	03/08/2022	02	02/08/2022	22	HAE	15,6	0	10,6	0	72,0	0	14,0	0	50,0	0	1001,0	0	0,0	ERA5
1039539	03/08/2022	03	02/08/2022	23	HAE	14,8	0	10,3	0	74,0	0	11,0	0	60,0	0	1001,0	0	0,0	ERA5
1039540	03/08/2022	04	03/08/2022	00	HAE	14,2	0	10,3	0	77,0	0	9,0	0	20,0	0	1001,0	0	0,0	ERA5
1039541	03/08/2022	05	03/08/2022	01	HAE	14,6	0	10,2	0	75,0	0	7,0	0	30,0	0	1002,0	0	0,0	ERA5
1039542	03/08/2022	06	03/08/2022	02	HAE	11,6	0	9,9	0	89,0	0	5,0	0	180,0	0	1002,0	0	-0,0	ERA5
1039543	03/08/2022	07	03/08/2022	03	HAE	10,5	0	8,8	0	89,0	0	5,0	0	190,0	0	1002,0	0	0,0	ERA5
1039544	03/08/2022	08	03/08/2022	04	HAE	10,0	0	9,0	0	94,0	0	2,0	0	0,0	0	1002,0	0	0,0	ERA5
1039545	03/08/2022	09	03/08/2022	05	HAE	10,2	0	9,2	0	93,0	0	7,0	0	210,0	0	1002,0	0	0,0	ERA5
1039546	03/08/2022	10	03/08/2022	06	HAE	10,3	0	10,0	0	98,0	0	3,0	0	0,0	0	1002,0	0	0,8	ERA5
1039547	03/08/2022	11	03/08/2022	07	HAE	12,9	0	11,9	0	94,0	0	1,0	0	0,0	0	1002,0	0	169,2	ERA5
1039548	03/08/2022	12	03/08/2022	08	HAE	15,4	0	12,1	0	80,0	0	6,0	0	170,0	0	1002,0	0	659,9	ERA5
1039549	03/08/2022	13	03/08/2022	09	HAE	17,0	0	12,4	0	74,0	0	9,0	0	160,0	0	1002,0	0	1390,7	ERA5
1039550	03/08/2022	14	03/08/2022	10	HAE	19,0	0	11,9	0	63,0	0	7,0	0	210,0	0	1002,0	0	2063,2	ERA5
1039551	03/08/2022	15	03/08/2022	11	HAE	20,8	0	12,5	0	59,0	0	7,0	0	190,0	0	1002,0	0	2535,5	ERA5
1039552	03/08/2022	16	03/08/2022	12	HAE	22,3	0	13,2	0	56,0	0	17,0	0	160,0	0	1001,0	0	2756,2	ERA5
1039553	03/08/2022	17	03/08/2022	13	HAE	23,9	0	14,5	0	55,0	0	15,0	0	190,0	0	1000,0	0	2624,2	ERA5
1039554	03/08/2022	18	03/08/2022	14	HAE	25,4	0	16,8	0	58,0	0	18,0	0	170,0	0	999,0	0	2382,6	ERA5
1039555	03/08/2022	19	03/08/2022	15	HAE	26,3	0	17,6	0	58,0	0	19,0	0	160,0	0	998,0	0	1455,5	ERA5
1039556	03/08/2022	20	03/08/2022	16	HAE	27,3	0	17,9	0	56,0	0	20,0	0	180,0	0	998,0	0	1301,9	ERA5
1039557	03/08/2022	21	03/08/2022	17	HAE	25,6	0	16,0	0	55,0	0	23,0	0	220,0	0	999,0	0	1579,4	ERA5
1039558	03/08/2022	22	03/08/2022	18	HAE	24,6	0	15,2	0	55,0	0	21,0	0	210,0	0	999,0	0	1260,8	ERA5
1039559	03/08/2022	23	03/08/2022	19	HAE	23,7	0	16,3	0	63,0	0	10,0	0	200,0	0	998,0	0	532,0	ERA5
1039560	04/08/2022	00	03/08/2022	20	HAE	22,9	0	17,1	0	70,0	0	10,0	0	170,0	0	998,0	0	202,4	ERA5
1039561	04/08/2022	01	03/08/2022	21	HAE	22,4	0	17,5	0	73,0	0	7,0	0	170,0	0	998,0	0	9,7	ERA5
1039562	04/08/2022	02	03/08/2022	22	HAE	22,3	0	17,6	0	74,0	0	13,0	0	180,0	0	998,0	0	0,0	ERA5
1039563	04/08/2022	03	03/08/2022	23	HAE	21,8	0	17,9	0	78,0	0	6,0	0	180,0	0	998,0	0	-0,0	ERA5
1039564	04/08/2022	04	04/08/2022	00	HAE	21,7	0	18,1	0	80,0	0	7,0	0	160,0	0	997,0	0	0,0	ERA5
1039565	04/08/2022	05	04/08/2022	01	HAE	21,4	0	18,0	0	81,0	0	8,0	0	240,0	0	998,0	0	0,0	ERA5
1039566	04/08/2022	06	04/08/2022	02	HAE	21,4	0	18,3	0	82,0	0	6,0	0	200,0	0	998,0	0	0,0	ERA5
1039567	04/08/2022	07	04/08/2022	03	HAE	21,5	0	18,4	0	83,0	0	10,0	0	200,0	0	998,0	0	0,0	ERA5
1039568	04/08/2022	08	04/08/2022	04	HAE	20,6	0	18,7	0	89,0	0	4,0	0	190,0	0	998,0	0	0,0	ERA5
1039569	04/08/2022	09	04/08/2022	05	HAE	20,3	0	18,9	0	92,0	0	10,0	0	180,0	0	998,0	0	0,0	ERA5
1039570	04/08/2022	10	04/08/2022	06	HAE	20,4	0	19,1	0	93,0	0	10,0	0	190,0	0	999,0	0	0,2	ERA5
1039571	04/08/2022	11	04/08/2022	07	HAE	20,6	0	19,4	0	93,0	0	10,0	0	200,0	0	999,0	0	59,5	ERA5
1039572	04/08/2022	12	04/08/2022	08	HAE	21,4	0	19,8	0	91,0	0	13,0	0	200,0	0	1000,0	0	192,6	ERA5
1039573	04/08/2022	13	04/08/2022	09	HAE	21,7	0	20,2	0	91,0	0	13,0	0	200,0	0	1000,0	0	350,3	ERA5
1039574	04/08/2022	14	04/08/2022	10	HAE	22,0	0	20,4	0	90,0	0	16,0	0	210,0	0	1000,0	0	740,2	ERA5
1039575	04/08/2022	15	04/08/2022	11	HAE	22,0	0	21,0	0	94,0	0	12,0	0	190,0	0	1000,0	0	1640,8	ERA5
1039576	04/08/2022	16	04/08/2022	12	HAE	21,9	0	21,1	0	95,0	0	13,0	0	210,0	0	1001,0	0	1577,6	ERA5
1039577	04/08/2022	17	04/08/2022	13	HAE	22,7	0	21,9	0	96,0	0	10,0	0	200,0	0	1001,0	0	1704,4	ERA5
1039578	04/08/2022	18	04/08/2022	14	HAE	24,7	0	22,7	0	88,0	0	11,0	0	180,0	0	1001,0	0	1398,7	ERA5
1039579	04/08/2022	19	04/08/2022	15	HAE	26,0	0	22,4	0	80,0	0	15,0	0	200,0	0	1001,0	0	1849,5	ERA5
1039580	04/08/2022	20	04/08/2022	16	HAE	27,3	0	22,3	0	74,0	0	17,0	0	220,0	0	1000,0	0	1587,3	ERA5
1039581	04/08/2022	21	04/08/2022	17	HAE	27,9	0	21,3	0	67,0	0	12,0	0	230,0	0	1001,0	0	1695,9	ERA5
1039582	04/08/2022	22	04/08/2022	18	HAE	27,6	0	22,1	0	72,0	0	14,0	0	210,0	0	1000,0	0	1137,6	ERA5
1039583	04/08/2022	23	04/08/2022	19	HAE	26,8	0	22,6	0	77,0	0	13,0	0	210,0	0	1001,0	0	649,9	ERA5
1039584	05/08/2022	00	04/08/2022	20	HAE	25,4	0	22,2	0	83,0	0	8,0	0	190,0	0	1001,0	0	247,7	ERA5
1039585	05/08/2022	01	04/08/2022	21	HAE	24,4	0	22,3	0	88,0	0	6,0	0	190,0	0	1002,0	0	10,7	ERA5
1039586	05/08/2022	02	04/08/2022	22	HAE	23,7	0	22,4	0	92,0	0	10,0	0	210,0	0	1002,0	0	0,0	ERA5
1039587	05/08/2022	03	04/08/2022	23	HAE	23,4	0	22,3	0	93,0	0	10,0	0	200,0	0	1002,0	0	0,0	ERA5
1039588	05/08/2022	04	05/08/2022	00	HAE	23,6	0	19,5	0	77,0	0	19,0	0	360,0	0	1003,0	0	0,0	ERA5
1039589	05/08/2022	05	05/08/2022	01	HAE	22,5	0	19,2	0	81,0	0	10,0	0	360,0	0	1003,0	0	0,0	ERA5
1039590	05/08/2022	06	05/08/2022	02	HAE	21,9	0	18,7	0	82,0	0	13,0	0	340,0	0	1004,0	0	0,0	ERA5
1039591	05/08/2022	07	05/08/2022	03	HAE	21,4	0	18,0	0	81,0	0	14,0	0	350,0	0	1004,0	0	0,0	ERA5
1039592	05/08/2022	08	05/08/2022	04	HAE	20,7	0	17,2	0	80,0	0	15,0	0	360,0	0	1004,0	0	0,0	ERA5
1039593	05/08/2022	09	05/08/2022	05	HAE	19,8	0	17,0	0	84,0	0	11,0	0	350,0	0	1005,0	0	0,0	ERA5
1039594	05/08/2022	10	05/08/2022	06	HAE	19,4	0	16,9	0	85,0	0	13,0	0	340,0	0	1005,0	0	0,2	ERA5
1039595	05/08/2022	11	05/08/2022	07	HAE	19,1	0	16,7	0	86,0	0	11,0	0	350,0	0	1006,0	0	162,1	ERA5
1039596	05/08/2022	12	05/08/2022	08	HAE	20,4	0	17,0	0	80,0	0	18,0	0	340,0	0	1007,0	0	687,6	ERA5
1039597	05/08/2022	13	05/08/2022	09	HAE	22,2	0	18,0	0	76,0	0	10,0	0	10,0	0	1007,0	0	1357,7	ERA5
1039598	05/08/2022	14	05/08/2022	10	HAE	23,5	0	18,3	0	72,0	0	13,0	0	340,0	0	1008,0	0	1936,9	ERA5
1039599	05/08/2022	15	05/08/2022	11	HAE	25,0	0	18,6	0	67,0	0	7,0	0	20,0	0	1008,0	0	2461,5	ERA5
1039600	05/08/2022	16	05/08/2022	12	HAE	25,3	0	17,3	0	61,0	0	8,0	0	40,0	0	1008,0	0	2787,8	ERA5
1039601	05/08/2022	17	05/08/2022	13	HAE	25,7	0	17,9	0	62,0	0	7,0	0	70,0	0	1008,0	0	3029,1	ERA5
1039602	05/08/2022	18	05/08/2022	14	HAE	27,4	0	18,1	0	56,0	0	7,0	0	70,0	0	1008,0	0	3116,7	ERA5
1039603	05/08/2022	19	05/08/2022	15	HAE	27,5	0	17,1	0	52,0	0	8,0	0	10,0	0	1007,0	0	2540,7	ERA5
1039604	05/08/2022	20	05/08/2022	16	HAE	27,8	0	16,8	0	51,0	0	8,0	0	60,0	0	1007,0	0	2124,3	ERA5
1039605	05/08/2022	21	05/08/2022	17	HAE	26,8	0	15,6	0	50,0	0	8,0	0	230,0	0	1007,0	0	1845,3	ERA5
1039606	05/08/2022	22	05/08/2022	18	HAE	28,1	0	14,2	0	42,0	0	10,0	0	260,0	0	1007,0	0	1376,2	ERA5
1039607	05/08/2022	23	05/08/2022	19	HAE	27,2	0	14,9	0	46,0	0	5,0	0	210,0	0	1007,0	0	904,8	ERA5
1039608	06/08/2022	00	05/08/2022	20	HAE	25,9	0	16,1	0	54,0	0	4,0	0	160,0	0	1007,0	0	334,4	ERA5
1039609	06/08/2022	01	05/08/2022	21	HAE	21,8	0	16,5	0	71,0	0	1,0	0	0,0	0	1008,0	0	14,0	ERA5
1039610	06/08/2022	02	05/08/2022	22	HAE	22,0	0	16,7	0	71,0	0	11,0	0	60,0	0	1008,0	0	0,0	ERA5
1039611	06/08/2022	03	05/08/2022	23	HAE	20,4	0	16,1	0	76,0	0	12,0	0	60,0	0	1008,0	0	-0,0	ERA5
1039612	06/08/2022	04	06/08/2022	00	HAE	18,8	0	15,9	0	83,0	0	10,0	0	50,0	0	1008,0	0	0,0	ERA5
1039613	06/08/2022	05	06/08/2022	01	HAE	17,7	0	15,6	0	87,0	0	7,0	0	100,0	0	1008,0	0	0,0	ERA5
1039614	06/08/2022	06	06/08/2022	02	HAE	17,9	0	15,8	0	87,0	0	12,0	0	40,0	0	1008,0	0	0,0	ERA5
1039615	06/08/2022	07	06/08/2022	03	HAE	17,3	0	15,7	0	90,0	0	14,0	0	50,0	0	1008,0	0	0,0	ERA5
1039616	06/08/2022	08	06/08/2022	04	HAE	17,4	0	16,0	0	91,0	0	10,0	0	70,0	0	1008,0	0	0,0	ERA5
1039617	06/08/2022	09	06/08/2022	05	HAE	16,3	0	15,6	0	96,0	0	6,0	0	80,0	0	1007,0	0	0,0	ERA5
1039618	06/08/2022	10	06/08/2022	06	HAE	16,5	0	15,7	0	95,0	0	10,0	0	40,0	0	1008,0	0	0,1	ERA5
1039619	06/08/2022	11	06/08/2022	07	HAE	17,4	0	16,3	0	93,0	0	8,0	0	60,0	0	1008,0	0	191,8	ERA5
1039620	06/08/2022	12	06/08/2022	08	HAE	19,3	0	17,5	0	89,0	0	8,0	0	80,0	0	1008,0	0	732,5	ERA5
1039621	06/08/2022	13	06/08/2022	09	HAE	21,9	0	18,9	0	83,0	0	7,0	0	80,0	0	1008,0	0	1361,4	ERA5
1039622	06/08/2022	14	06/08/2022	10	HAE	24,4	0	19,9	0	76,0	0	6,0	0	70,0	0	1008,0	0	1965,2	ERA5
1039623	06/08/2022	15	06/08/2022	11	HAE	26,5	0	21,3	0	73,0	0	8,0	0	140,0	0	1007,0	0	2467,5	ERA5
1039624	06/08/2022	16	06/08/2022	12	HAE	29,0	0	20,7	0	60,0	0	9,0	0	190,0	0	1007,0	0	2844,8	ERA5
1039625	06/08/2022	17	06/08/2022	13	HAE	29,8	0	20,8	0	58,0	0	17,0	0	160,0	0	1006,0	0	2758,4	ERA5
1039626	06/08/2022	18	06/08/2022	14	HAE	30,4	0	21,9	0	60,0	0	18,0	0	180,0	0	1005,0	0	2486,8	ERA5
1039627	06/08/2022	19	06/08/2022	15	HAE	31,6	0	22,4	0	57,0	0	24,0	0	200,0	0	1004,0	0	2234,3	ERA5
1039628	06/08/2022	20	06/08/2022	16	HAE	31,7	0	22,1	0	56,0	0	24,0	0	210,0	0	1004,0	0	2008,7	ERA5
1039629	06/08/2022	21	06/08/2022	17	HAE	31,6	0	20,8	0	52,0	0	17,0	0	200,0	0	1004,0	0	1624,4	ERA5
1039630	06/08/2022	22	06/08/2022	18	HAE	31,2	0	21,5	0	56,0	0	18,0	0	200,0	0	1003,0	0	1236,6	ERA5
1039631	06/08/2022	23	06/08/2022	19	HAE	29,4	0	21,6	0	62,0	0	16,0	0	190,0	0	1003,0	0	781,3	ERA5
1039632	07/08/2022	00	06/08/2022	20	HAE	27,9	0	21,8	0	69,0	0	14,0	0	200,0	0	1003,0	0	262,7	ERA5
1039633	07/08/2022	01	06/08/2022	21	HAE	26,6	0	21,5	0	73,0	0	15,0	0	200,0	0	1003,0	0	11,0	ERA5
1039634	07/08/2022	02	06/08/2022	22	HAE	25,6	0	21,6	0	78,0	0	13,0	0	190,0	0	1004,0	0	0,0	ERA5
1039635	07/08/2022	03	06/08/2022	23	HAE	24,9	0	21,6	0	81,0	0	10,0	0	200,0	0	1004,0	0	0,0	ERA5
1039636	07/08/2022	04	07/08/2022	00	HAE	24,4	0	21,5	0	84,0	0	10,0	0	190,0	0	1004,0	0	0,0	ERA5
1039637	07/08/2022	05	07/08/2022	01	HAE	24,0	0	21,4	0	85,0	0	9,0	0	210,0	0	1004,0	0	0,0	ERA5
1039638	07/08/2022	06	07/08/2022	02	HAE	23,9	0	21,2	0	85,0	0	13,0	0	220,0	0	1004,0	0	0,0	ERA5
1039639	07/08/2022	07	07/08/2022	03	HAE	23,4	0	21,2	0	87,0	0	14,0	0	220,0	0	1003,0	0	0,0	ERA5
1039640	07/08/2022	08	07/08/2022	04	HAE	23,2	0	21,2	0	89,0	0	16,0	0	220,0	0	1003,0	0	0,0	ERA5
1039641	07/08/2022	09	07/08/2022	05	HAE	22,6	0	21,2	0	91,0	0	10,0	0	220,0	0	1003,0	0	0,0	ERA5
1039642	07/08/2022	10	07/08/2022	06	HAE	22,0	0	21,0	0	94,0	0	9,0	0	230,0	0	1003,0	0	0,0	ERA5
1039643	07/08/2022	11	07/08/2022	07	HAE	22,8	0	21,5	0	93,0	0	10,0	0	200,0	0	1004,0	0	162,4	ERA5
1039644	07/08/2022	12	07/08/2022	08	HAE	24,8	0	22,2	0	85,0	0	12,0	0	220,0	0	1003,0	0	666,6	ERA5
1039645	07/08/2022	13	07/08/2022	09	HAE	26,2	0	22,7	0	81,0	0	14,0	0	230,0	0	1003,0	0	1297,8	ERA5
1039646	07/08/2022	14	07/08/2022	10	HAE	28,3	0	23,0	0	73,0	0	19,0	0	220,0	0	1003,0	0	1866,7	ERA5
1039647	07/08/2022	15	07/08/2022	11	HAE	29,6	0	23,3	0	69,0	0	16,0	0	230,0	0	1003,0	0	2227,9	ERA5
1039648	07/08/2022	16	07/08/2022	12	HAE	30,2	0	23,1	0	65,0	0	17,0	0	220,0	0	1002,0	0	2477,6	ERA5
1039649	07/08/2022	17	07/08/2022	13	HAE	30,4	0	22,3	0	61,0	0	26,0	0	220,0	0	1001,0	0	2546,6	ERA5
1039650	07/08/2022	18	07/08/2022	14	HAE	24,9	0	22,3	0	85,0	0	9,0	0	190,0	0	1001,0	0	2104,1	ERA5
1039651	07/08/2022	19	07/08/2022	15	HAE	29,3	0	22,9	0	68,0	0	13,0	0	210,0	0	1000,0	0	1725,4	ERA5
1039652	07/08/2022	20	07/08/2022	16	HAE	23,6	0	21,9	0	90,0	0	17,0	0	160,0	0	1000,0	0	1178,5	ERA5
1039653	07/08/2022	21	07/08/2022	17	HAE	25,3	0	23,6	0	90,0	0	17,0	0	350,0	0	999,0	0	570,7	ERA5
1039654	07/08/2022	22	07/08/2022	18	HAE	24,5	0	23,5	0	94,0	0	13,0	0	110,0	0	1001,0	0	753,6	ERA5
1039655	07/08/2022	23	07/08/2022	19	HAE	23,4	0	23,0	0	98,0	0	4,0	0	150,0	0	1001,0	0	247,4	ERA5
1039656	08/08/2022	00	07/08/2022	20	HAE	23,0	0	22,7	0	98,0	0	9,0	0	20,0	0	1001,0	0	64,4	ERA5
1039657	08/08/2022	01	07/08/2022	21	HAE	22,8	0	22,6	0	99,0	0	7,0	0	70,0	0	1002,0	0	2,0	ERA5
1039658	08/08/2022	02	07/08/2022	22	HAE	22,6	0	22,5	0	99,0	0	9,0	0	120,0	0	1001,0	0	0,0	ERA5
1039659	08/08/2022	03	07/08/2022	23	HAE	21,7	0	21,4	0	98,0	0	8,0	0	30,0	0	1001,0	0	0,0	ERA5
1039660	08/08/2022	04	08/08/2022	00	HAE	21,5	0	21,3	0	99,0	0	13,0	0	10,0	0	1001,0	0	0,0	ERA5
1039661	08/08/2022	05	08/08/2022	01	HAE	20,9	0	20,6	0	98,0	0	17,0	0	20,0	0	1001,0	0	0,0	ERA5
1039662	08/08/2022	06	08/08/2022	02	HAE	20,6	0	20,3	0	98,0	0	13,0	0	30,0	0	1001,0	0	0,0	ERA5
1039663	08/08/2022	07	08/08/2022	03	HAE	20,2	0	20,1	0	99,0	0	16,0	0	30,0	0	1000,0	0	0,0	ERA5
1039664	08/08/2022	08	08/08/2022	04	HAE	19,2	0	18,9	0	98,0	0	21,0	0	50,0	0	1000,0	0	0,0	ERA5
1039665	08/08/2022	09	08/08/2022	05	HAE	16,2	0	15,9	0	98,0	0	24,0	0	50,0	0	1000,0	0	0,0	ERA5
1039666	08/08/2022	10	08/08/2022	06	HAE	16,0	0	15,8	0	99,0	0	16,0	0	80,0	0	1000,0	0	0,0	ERA5
1039667	08/08/2022	11	08/08/2022	07	HAE	15,7	0	15,5	0	99,0	0	15,0	0	60,0	0	1000,0	0	22,6	ERA5
1039668	08/08/2022	12	08/08/2022	08	HAE	15,8	0	15,6	0	98,0	0	21,0	0	90,0	0	1000,0	0	74,7	ERA5
1039669	08/08/2022	13	08/08/2022	09	HAE	15,7	0	15,4	0	98,0	0	18,0	0	70,0	0	1000,0	0	175,5	ERA5
1039670	08/08/2022	14	08/08/2022	10	HAE	15,5	0	15,2	0	98,0	0	18,0	0	70,0	0	1000,0	0	358,6	ERA5
1039671	08/08/2022	15	08/08/2022	11	HAE	15,2	0	15,0	0	98,0	0	19,0	0	40,0	0	1000,0	0	391,3	ERA5
1039672	08/08/2022	16	08/08/2022	12	HAE	15,3	0	15,0	0	98,0	0	16,0	0	60,0	0	1000,0	0	519,3	ERA5
1039673	08/08/2022	17	08/08/2022	13	HAE	15,8	0	15,3	0	97,0	0	22,0	0	80,0	0	999,0	0	664,5	ERA5
1039674	08/08/2022	18	08/08/2022	14	HAE	16,3	0	15,7	0	96,0	0	18,0	0	80,0	0	998,0	0	675,0	ERA5
1039675	08/08/2022	19	08/08/2022	15	HAE	16,4	0	16,1	0	98,0	0	21,0	0	60,0	0	997,0	0	710,9	ERA5
1039676	08/08/2022	20	08/08/2022	16	HAE	16,8	0	16,4	0	98,0	0	16,0	0	80,0	0	996,0	0	1134,6	ERA5
1039677	08/08/2022	21	08/08/2022	17	HAE	16,3	0	16,1	0	99,0	0	18,0	0	90,0	0	996,0	0	666,8	ERA5
1039678	08/08/2022	22	08/08/2022	18	HAE	16,5	0	16,3	0	99,0	0	14,0	0	60,0	0	995,0	0	311,3	ERA5
1039679	08/08/2022	23	08/08/2022	19	HAE	16,5	0	16,4	0	100,0	0	13,0	0	60,0	0	994,0	0	130,2	ERA5
1039680	09/08/2022	00	08/08/2022	20	HAE	16,2	0	16,1	0	99,0	0	12,0	0	30,0	0	995,0	0	56,0	ERA5
1039681	09/08/2022	01	08/08/2022	21	HAE	15,5	0	15,2	0	98,0	0	19,0	0	40,0	0	995,0	0	1,6	ERA5
1039682	09/08/2022	02	08/08/2022	22	HAE	15,0	0	14,8	0	99,0	0	24,0	0	50,0	0	994,0	0	0,0	ERA5
1039683	09/08/2022	03	08/08/2022	23	HAE	15,1	0	14,9	0	99,0	0	13,0	0	80,0	0	995,0	0	0,0	ERA5
1039684	09/08/2022	04	09/08/2022	00	HAE	15,3	0	15,1	0	98,0	0	21,0	0	40,0	0	994,0	0	0,0	ERA5
1039685	09/08/2022	05	09/08/2022	01	HAE	15,3	0	15,0	0	97,0	0	19,0	0	40,0	0	995,0	0	0,0	ERA5
1039686	09/08/2022	06	09/08/2022	02	HAE	14,9	0	14,5	0	98,0	0	20,0	0	50,0	0	995,0	0	0,0	ERA5
1039687	09/08/2022	07	09/08/2022	03	HAE	14,5	0	14,2	0	98,0	0	17,0	0	50,0	0	996,0	0	0,0	ERA5
1039688	09/08/2022	08	09/08/2022	04	HAE	14,3	0	14,0	0	98,0	0	8,0	0	60,0	0	996,0	0	0,0	ERA5
1039689	09/08/2022	09	09/08/2022	05	HAE	14,3	0	14,1	0	99,0	0	3,0	0	0,0	0	997,0	0	0,0	ERA5
1039690	09/08/2022	10	09/08/2022	06	HAE	14,8	0	14,7	0	99,0	0	8,0	0	20,0	0	998,0	0	0,0	ERA5
1039691	09/08/2022	11	09/08/2022	07	HAE	15,1	0	15,0	0	99,0	0	9,0	0	50,0	0	999,0	0	33,2	ERA5
1039692	09/08/2022	12	09/08/2022	08	HAE	15,5	0	15,0	0	97,0	0	9,0	0	50,0	0	1000,0	0	118,8	ERA5
1039693	09/08/2022	13	09/08/2022	09	HAE	16,0	0	15,0	0	94,0	0	11,0	0	70,0	0	1000,0	0	334,9	ERA5
1039694	09/08/2022	14	09/08/2022	10	HAE	16,9	0	15,5	0	91,0	0	9,0	0	70,0	0	1001,0	0	411,6	ERA5
1039695	09/08/2022	15	09/08/2022	11	HAE	16,4	0	15,6	0	95,0	0	10,0	0	350,0	0	1002,0	0	600,3	ERA5
1039696	09/08/2022	16	09/08/2022	12	HAE	17,4	0	16,1	0	92,0	0	8,0	0	10,0	0	1002,0	0	859,4	ERA5
1039697	09/08/2022	17	09/08/2022	13	HAE	17,3	0	15,5	0	89,0	0	10,0	0	350,0	0	1002,0	0	826,2	ERA5
1039698	09/08/2022	18	09/08/2022	14	HAE	18,3	0	15,3	0	83,0	0	12,0	0	350,0	0	1003,0	0	924,5	ERA5
1039699	09/08/2022	19	09/08/2022	15	HAE	18,9	0	15,3	0	79,0	0	8,0	0	360,0	0	1003,0	0	722,3	ERA5
1039700	09/08/2022	20	09/08/2022	16	HAE	19,6	0	14,8	0	73,0	0	5,0	0	20,0	0	1003,0	0	612,5	ERA5
1039701	09/08/2022	21	09/08/2022	17	HAE	18,3	0	15,0	0	81,0	0	10,0	0	30,0	0	1003,0	0	503,9	ERA5
1039702	09/08/2022	22	09/08/2022	18	HAE	19,2	0	15,1	0	77,0	0	10,0	0	10,0	0	1003,0	0	363,6	ERA5
1039703	09/08/2022	23	09/08/2022	19	HAE	18,1	0	16,2	0	88,0	0	11,0	0	70,0	0	1003,0	0	125,3	ERA5
1039704	10/08/2022	00	09/08/2022	20	HAE	17,3	0	16,3	0	94,0	0	9,0	0	70,0	0	1004,0	0	48,0	ERA5
1039705	10/08/2022	01	09/08/2022	21	HAE	17,1	0	16,2	0	95,0	0	4,0	0	70,0	0	1004,0	0	1,4	ERA5
1039706	10/08/2022	02	09/08/2022	22	HAE	16,7	0	16,1	0	96,0	0	7,0	0	70,0	0	1004,0	0	0,0	ERA5
1039707	10/08/2022	03	09/08/2022	23	HAE	16,6	0	16,2	0	98,0	0	7,0	0	100,0	0	1004,0	0	-0,0	ERA5
1039708	10/08/2022	04	10/08/2022	00	HAE	16,6	0	16,3	0	98,0	0	6,0	0	90,0	0	1005,0	0	0,0	ERA5
1039709	10/08/2022	05	10/08/2022	01	HAE	16,4	0	16,2	0	98,0	0	7,0	0	140,0	0	1005,0	0	0,0	ERA5
1039710	10/08/2022	06	10/08/2022	02	HAE	16,4	0	16,1	0	98,0	0	4,0	0	170,0	0	1005,0	0	-0,0	ERA5
1039711	10/08/2022	07	10/08/2022	03	HAE	16,4	0	16,1	0	99,0	0	4,0	0	170,0	0	1005,0	0	0,0	ERA5
1039712	10/08/2022	08	10/08/2022	04	HAE	16,4	0	16,1	0	98,0	0	5,0	0	180,0	0	1005,0	0	0,0	ERA5
1039713	10/08/2022	09	10/08/2022	05	HAE	16,4	0	16,3	0	99,0	0	1,0	0	0,0	0	1005,0	0	0,0	ERA5
1039714	10/08/2022	10	10/08/2022	06	HAE	16,5	0	16,3	0	99,0	0	5,0	0	240,0	0	1005,0	0	0,0	ERA5
1039715	10/08/2022	11	10/08/2022	07	HAE	16,5	0	16,4	0	99,0	0	4,0	0	230,0	0	1005,0	0	110,3	ERA5
1039716	10/08/2022	12	10/08/2022	08	HAE	18,3	0	16,0	0	86,0	0	8,0	0	20,0	0	1006,0	0	572,4	ERA5
1039717	10/08/2022	13	10/08/2022	09	HAE	19,3	0	15,2	0	77,0	0	2,0	0	0,0	0	1006,0	0	1193,6	ERA5
1039718	10/08/2022	14	10/08/2022	10	HAE	20,5	0	15,1	0	71,0	0	9,0	0	220,0	0	1006,0	0	1898,8	ERA5
1039719	10/08/2022	15	10/08/2022	11	HAE	20,3	0	14,6	0	70,0	0	3,0	0	210,0	0	1005,0	0	2400,2	ERA5
1039720	10/08/2022	16	10/08/2022	12	HAE	22,4	0	15,7	0	65,0	0	11,0	0	160,0	0	1005,0	0	2599,2	ERA5
1039721	10/08/2022	17	10/08/2022	13	HAE	22,7	0	15,8	0	65,0	0	4,0	0	180,0	0	1005,0	0	2524,1	ERA5
1039722	10/08/2022	18	10/08/2022	14	HAE	24,2	0	16,4	0	61,0	0	15,0	0	200,0	0	1004,0	0	2420,8	ERA5
1039723	10/08/2022	19	10/08/2022	15	HAE	23,6	0	15,3	0	59,0	0	12,0	0	190,0	0	1004,0	0	2399,8	ERA5
1039724	10/08/2022	20	10/08/2022	16	HAE	24,4	0	16,2	0	60,0	0	14,0	0	210,0	0	1003,0	0	2299,8	ERA5
1039725	10/08/2022	21	10/08/2022	17	HAE	24,9	0	15,2	0	55,0	0	17,0	0	240,0	0	1002,0	0	1972,2	ERA5
1039726	10/08/2022	22	10/08/2022	18	HAE	24,8	0	16,1	0	58,0	0	9,0	0	200,0	0	1001,0	0	1524,4	ERA5
1039727	10/08/2022	23	10/08/2022	19	HAE	23,8	0	16,2	0	62,0	0	10,0	0	180,0	0	1001,0	0	863,9	ERA5
1039728	11/08/2022	00	10/08/2022	20	HAE	21,1	0	16,4	0	74,0	0	9,0	0	170,0	0	1001,0	0	280,5	ERA5
1039729	11/08/2022	01	10/08/2022	21	HAE	20,0	0	16,0	0	77,0	0	10,0	0	170,0	0	1001,0	0	5,3	ERA5
1039730	11/08/2022	02	10/08/2022	22	HAE	19,2	0	16,0	0	81,0	0	11,0	0	190,0	0	1001,0	0	0,0	ERA5
1039731	11/08/2022	03	10/08/2022	23	HAE	18,8	0	15,7	0	82,0	0	14,0	0	200,0	0	1001,0	0	0,0	ERA5
1039732	11/08/2022	04	11/08/2022	00	HAE	18,1	0	15,6	0	85,0	0	13,0	0	210,0	0	1000,0	0	0,0	ERA5
1039733	11/08/2022	05	11/08/2022	01	HAE	17,3	0	15,4	0	88,0	0	10,0	0	210,0	0	1000,0	0	0,0	ERA5
1039734	11/08/2022	06	11/08/2022	02	HAE	16,9	0	15,0	0	89,0	0	10,0	0	210,0	0	1000,0	0	0,0	ERA5
1039735	11/08/2022	07	11/08/2022	03	HAE	15,9	0	14,6	0	92,0	0	9,0	0	210,0	0	999,0	0	0,0	ERA5
1039736	11/08/2022	08	11/08/2022	04	HAE	15,8	0	14,9	0	94,0	0	13,0	0	220,0	0	999,0	0	0,0	ERA5
1039737	11/08/2022	09	11/08/2022	05	HAE	15,3	0	14,7	0	96,0	0	9,0	0	190,0	0	998,0	0	0,0	ERA5
1039738	11/08/2022	10	11/08/2022	06	HAE	15,6	0	14,9	0	96,0	0	8,0	0	220,0	0	998,0	0	0,0	ERA5
1039739	11/08/2022	11	11/08/2022	07	HAE	16,3	0	15,5	0	95,0	0	8,0	0	230,0	0	999,0	0	122,7	ERA5
1039740	11/08/2022	12	11/08/2022	08	HAE	18,5	0	16,7	0	89,0	0	8,0	0	270,0	0	999,0	0	596,6	ERA5
1039741	11/08/2022	13	11/08/2022	09	HAE	20,8	0	17,0	0	79,0	0	14,0	0	300,0	0	999,0	0	1062,4	ERA5
1039742	11/08/2022	14	11/08/2022	10	HAE	22,1	0	17,1	0	73,0	0	12,0	0	320,0	0	999,0	0	1066,5	ERA5
1039743	11/08/2022	15	11/08/2022	11	HAE	23,1	0	17,5	0	70,0	0	19,0	0	320,0	0	999,0	0	1389,2	ERA5
1039744	11/08/2022	16	11/08/2022	12	HAE	24,1	0	15,7	0	59,0	0	25,0	0	330,0	0	999,0	0	1966,7	ERA5
1039745	11/08/2022	17	11/08/2022	13	HAE	24,6	0	13,9	0	51,0	0	21,0	0	320,0	0	999,0	0	2657,3	ERA5
1039746	11/08/2022	18	11/08/2022	14	HAE	23,3	0	13,3	0	53,0	0	26,0	0	330,0	0	999,0	0	2576,7	ERA5
1039747	11/08/2022	19	11/08/2022	15	HAE	24,8	0	13,1	0	48,0	0	23,0	0	280,0	0	999,0	0	2263,0	ERA5
1039748	11/08/2022	20	11/08/2022	16	HAE	24,5	0	12,0	0	45,0	0	26,0	0	330,0	0	999,0	0	2168,6	ERA5
1039749	11/08/2022	21	11/08/2022	17	HAE	24,2	0	9,2	0	38,0	0	30,0	0	320,0	0	1000,0	0	1674,1	ERA5
1039750	11/08/2022	22	11/08/2022	18	HAE	23,8	0	10,2	0	42,0	0	19,0	0	330,0	0	1000,0	0	1420,4	ERA5
1039751	11/08/2022	23	11/08/2022	19	HAE	22,7	0	9,8	0	43,0	0	21,0	0	330,0	0	1001,0	0	775,8	ERA5
1039752	12/08/2022	00	11/08/2022	20	HAE	21,3	0	9,6	0	47,0	0	19,0	0	320,0	0	1001,0	0	254,4	ERA5
1039753	12/08/2022	01	11/08/2022	21	HAE	19,8	0	9,7	0	52,0	0	14,0	0	330,0	0	1002,0	0	4,0	ERA5
1039754	12/08/2022	02	11/08/2022	22	HAE	19,1	0	9,4	0	53,0	0	15,0	0	340,0	0	1003,0	0	0,0	ERA5
1039755	12/08/2022	03	11/08/2022	23	HAE	18,5	0	9,1	0	54,0	0	26,0	0	350,0	0	1003,0	0	0,0	ERA5
1039756	12/08/2022	04	12/08/2022	00	HAE	17,6	0	9,6	0	59,0	0	25,0	0	350,0	0	1004,0	0	0,0	ERA5
1039757	12/08/2022	05	12/08/2022	01	HAE	16,4	0	9,5	0	63,0	0	13,0	0	360,0	0	1004,0	0	0,0	ERA5
1039758	12/08/2022	06	12/08/2022	02	HAE	14,3	0	9,8	0	74,0	0	10,0	0	310,0	0	1005,0	0	0,0	ERA5
1039759	12/08/2022	07	12/08/2022	03	HAE	14,4	0	9,9	0	74,0	0	5,0	0	280,0	0	1004,0	0	0,0	ERA5
1039760	12/08/2022	08	12/08/2022	04	HAE	11,4	0	10,1	0	91,0	0	7,0	0	270,0	0	1004,0	0	0,0	ERA5
1039761	12/08/2022	09	12/08/2022	05	HAE	11,6	0	9,6	0	88,0	0	11,0	0	300,0	0	1005,0	0	0,0	ERA5
1039762	12/08/2022	10	12/08/2022	06	HAE	10,8	0	9,7	0	93,0	0	10,0	0	250,0	0	1005,0	0	0,0	ERA5
1039763	12/08/2022	11	12/08/2022	07	HAE	12,3	0	10,6	0	89,0	0	10,0	0	270,0	0	1005,0	0	159,1	ERA5
1039764	12/08/2022	12	12/08/2022	08	HAE	15,5	0	9,6	0	68,0	0	18,0	0	320,0	0	1006,0	0	717,4	ERA5
1039765	12/08/2022	13	12/08/2022	09	HAE	16,3	0	8,0	0	57,0	0	21,0	0	320,0	0	1006,0	0	1392,6	ERA5
1039766	12/08/2022	14	12/08/2022	10	HAE	17,4	0	8,0	0	53,0	0	21,0	0	330,0	0	1006,0	0	1999,7	ERA5
1039767	12/08/2022	15	12/08/2022	11	HAE	18,4	0	8,2	0	51,0	0	16,0	0	350,0	0	1006,0	0	2347,7	ERA5
1039768	12/08/2022	16	12/08/2022	12	HAE	19,6	0	10,6	0	56,0	0	21,0	0	320,0	0	1006,0	0	2637,6	ERA5
1039769	12/08/2022	17	12/08/2022	13	HAE	20,9	0	10,2	0	50,0	0	19,0	0	320,0	0	1006,0	0	2433,3	ERA5
1039770	12/08/2022	18	12/08/2022	14	HAE	21,2	0	9,4	0	46,0	0	24,0	0	300,0	0	1006,0	0	2211,4	ERA5
1039771	12/08/2022	19	12/08/2022	15	HAE	22,0	0	9,0	0	43,0	0	22,0	0	320,0	0	1005,0	0	2361,1	ERA5
1039772	12/08/2022	20	12/08/2022	16	HAE	21,6	0	9,7	0	46,0	0	17,0	0	330,0	0	1006,0	0	2042,7	ERA5
1039773	12/08/2022	21	12/08/2022	17	HAE	21,0	0	9,8	0	48,0	0	13,0	0	350,0	0	1006,0	0	1847,7	ERA5
1039774	12/08/2022	22	12/08/2022	18	HAE	22,1	0	10,2	0	46,0	0	12,0	0	360,0	0	1005,0	0	1316,9	ERA5
1039775	12/08/2022	23	12/08/2022	19	HAE	21,9	0	8,7	0	42,0	0	8,0	0	20,0	0	1006,0	0	858,6	ERA5
1039776	13/08/2022	00	12/08/2022	20	HAE	16,7	0	11,8	0	73,0	0	11,0	0	110,0	0	1006,0	0	265,7	ERA5
1039777	13/08/2022	01	12/08/2022	21	HAE	15,5	0	11,4	0	76,0	0	7,0	0	150,0	0	1006,0	0	3,1	ERA5
1039778	13/08/2022	02	12/08/2022	22	HAE	14,8	0	10,8	0	77,0	0	9,0	0	170,0	0	1007,0	0	0,0	ERA5
1039779	13/08/2022	03	12/08/2022	23	HAE	13,3	0	10,0	0	80,0	0	7,0	0	190,0	0	1007,0	0	0,0	ERA5
1039780	13/08/2022	04	13/08/2022	00	HAE	12,9	0	10,6	0	86,0	0	3,0	0	200,0	0	1007,0	0	0,0	ERA5
1039781	13/08/2022	05	13/08/2022	01	HAE	12,9	0	11,2	0	89,0	0	7,0	0	220,0	0	1007,0	0	0,0	ERA5
1039782	13/08/2022	06	13/08/2022	02	HAE	12,5	0	10,6	0	88,0	0	5,0	0	240,0	0	1007,0	0	0,0	ERA5
1039783	13/08/2022	07	13/08/2022	03	HAE	11,7	0	9,9	0	89,0	0	7,0	0	280,0	0	1006,0	0	0,0	ERA5
1039784	13/08/2022	08	13/08/2022	04	HAE	12,4	0	11,1	0	92,0	0	7,0	0	260,0	0	1007,0	0	0,0	ERA5
1039785	13/08/2022	09	13/08/2022	05	HAE	10,5	0	9,9	0	96,0	0	6,0	0	240,0	0	1007,0	0	0,0	ERA5
1039786	13/08/2022	10	13/08/2022	06	HAE	9,7	0	9,6	0	99,0	0	4,0	0	270,0	0	1007,0	0	0,0	ERA5
1039787	13/08/2022	11	13/08/2022	07	HAE	11,2	0	10,9	0	98,0	0	5,0	0	260,0	0	1008,0	0	150,8	ERA5
1039788	13/08/2022	12	13/08/2022	08	HAE	14,7	0	13,2	0	90,0	0	2,0	0	0,0	0	1008,0	0	699,8	ERA5
1039789	13/08/2022	13	13/08/2022	09	HAE	17,1	0	13,9	0	81,0	0	5,0	0	260,0	0	1008,0	0	1360,1	ERA5
1039790	13/08/2022	14	13/08/2022	10	HAE	19,8	0	13,3	0	66,0	0	5,0	0	340,0	0	1008,0	0	1987,7	ERA5
1039791	13/08/2022	15	13/08/2022	11	HAE	21,3	0	11,3	0	52,0	0	5,0	0	250,0	0	1008,0	0	2527,6	ERA5
1039792	13/08/2022	16	13/08/2022	12	HAE	23,8	0	9,5	0	40,0	0	13,0	0	270,0	0	1007,0	0	2924,5	ERA5
1039793	13/08/2022	17	13/08/2022	13	HAE	23,7	0	11,8	0	47,0	0	7,0	0	50,0	0	1007,0	0	3157,1	ERA5
1039794	13/08/2022	18	13/08/2022	14	HAE	22,9	0	10,0	0	44,0	0	12,0	0	300,0	0	1006,0	0	2508,5	ERA5
1039795	13/08/2022	19	13/08/2022	15	HAE	24,1	0	11,0	0	43,0	0	8,0	0	130,0	0	1006,0	0	2526,7	ERA5
1039796	13/08/2022	20	13/08/2022	16	HAE	24,0	0	8,8	0	38,0	0	3,0	0	140,0	0	1005,0	0	2145,8	ERA5
1039797	13/08/2022	21	13/08/2022	17	HAE	24,1	0	10,3	0	41,0	0	13,0	0	250,0	0	1005,0	0	1534,3	ERA5
1039798	13/08/2022	22	13/08/2022	18	HAE	24,3	0	9,2	0	38,0	0	4,0	0	240,0	0	1005,0	0	1113,2	ERA5
1039799	13/08/2022	23	13/08/2022	19	HAE	23,1	0	10,6	0	45,0	0	8,0	0	200,0	0	1004,0	0	623,9	ERA5
1039800	14/08/2022	00	13/08/2022	20	HAE	21,8	0	11,8	0	53,0	0	8,0	0	170,0	0	1005,0	0	257,2	ERA5
1039801	14/08/2022	01	13/08/2022	21	HAE	19,9	0	10,8	0	55,0	0	3,0	0	200,0	0	1005,0	0	2,0	ERA5
1039802	14/08/2022	02	13/08/2022	22	HAE	15,4	0	11,3	0	76,0	0	8,0	0	170,0	0	1005,0	0	-0,0	ERA5
1039803	14/08/2022	03	13/08/2022	23	HAE	18,2	0	11,2	0	63,0	0	7,0	0	210,0	0	1005,0	0	0,0	ERA5
1039804	14/08/2022	04	14/08/2022	00	HAE	16,7	0	11,3	0	70,0	0	7,0	0	190,0	0	1005,0	0	0,0	ERA5
1039805	14/08/2022	05	14/08/2022	01	HAE	16,4	0	11,2	0	71,0	0	8,0	0	210,0	0	1005,0	0	0,0	ERA5
1039806	14/08/2022	06	14/08/2022	02	HAE	14,8	0	11,3	0	79,0	0	5,0	0	220,0	0	1005,0	0	0,0	ERA5
1039807	14/08/2022	07	14/08/2022	03	HAE	14,3	0	11,6	0	83,0	0	4,0	0	290,0	0	1005,0	0	0,0	ERA5
1039808	14/08/2022	08	14/08/2022	04	HAE	12,5	0	10,5	0	88,0	0	1,0	0	0,0	0	1004,0	0	0,0	ERA5
1039809	14/08/2022	09	14/08/2022	05	HAE	12,3	0	10,4	0	88,0	0	2,0	0	0,0	0	1004,0	0	0,0	ERA5
1039810	14/08/2022	10	14/08/2022	06	HAE	10,6	0	10,2	0	98,0	0	1,0	0	0,0	0	1004,0	0	0,0	ERA5
1039811	14/08/2022	11	14/08/2022	07	HAE	12,9	0	12,3	0	96,0	0	1,0	0	0,0	0	1005,0	0	138,2	ERA5
1039812	14/08/2022	12	14/08/2022	08	HAE	15,7	0	13,3	0	86,0	0	4,0	0	190,0	0	1005,0	0	661,1	ERA5
1039813	14/08/2022	13	14/08/2022	09	HAE	18,5	0	14,7	0	78,0	0	5,0	0	210,0	0	1005,0	0	1218,4	ERA5
1039814	14/08/2022	14	14/08/2022	10	HAE	21,6	0	15,0	0	66,0	0	1,0	0	0,0	0	1005,0	0	1928,6	ERA5
1039815	14/08/2022	15	14/08/2022	11	HAE	23,6	0	11,1	0	45,0	0	7,0	0	240,0	0	1004,0	0	2341,9	ERA5
1039816	14/08/2022	16	14/08/2022	12	HAE	24,6	0	8,4	0	35,0	0	6,0	0	210,0	0	1004,0	0	2832,1	ERA5
1039817	14/08/2022	17	14/08/2022	13	HAE	24,6	0	9,6	0	38,0	0	7,0	0	160,0	0	1004,0	0	2954,3	ERA5
1039818	14/08/2022	18	14/08/2022	14	HAE	25,7	0	9,4	0	35,0	0	1,0	0	0,0	0	1004,0	0	2582,4	ERA5
1039819	14/08/2022	19	14/08/2022	15	HAE	25,8	0	11,0	0	39,0	0	4,0	0	270,0	0	1003,0	0	2000,8	ERA5
1039820	14/08/2022	20	14/08/2022	16	HAE	26,2	0	10,4	0	37,0	0	5,0	0	190,0	0	1003,0	0	1942,6	ERA5
1039821	14/08/2022	21	14/08/2022	17	HAE	25,5	0	10,9	0	39,0	0	12,0	0	210,0	0	1003,0	0	1400,1	ERA5
1039822	14/08/2022	22	14/08/2022	18	HAE	25,4	0	10,9	0	40,0	0	10,0	0	180,0	0	1003,0	0	1008,0	ERA5
1039823	14/08/2022	23	14/08/2022	19	HAE	23,7	0	12,7	0	49,0	0	8,0	0	170,0	0	1003,0	0	621,6	ERA5
1039824	15/08/2022	00	14/08/2022	20	HAE	21,4	0	11,6	0	53,0	0	8,0	0	170,0	0	1003,0	0	199,0	ERA5
1039825	15/08/2022	01	14/08/2022	21	HAE	18,9	0	10,3	0	57,0	0	9,0	0	170,0	0	1003,0	0	1,2	ERA5
1039826	15/08/2022	02	14/08/2022	22	HAE	16,4	0	11,0	0	70,0	0	5,0	0	160,0	0	1003,0	0	0,0	ERA5
1039827	15/08/2022	03	14/08/2022	23	HAE	17,2	0	10,1	0	63,0	0	6,0	0	200,0	0	1003,0	0	0,0	ERA5
1039828	15/08/2022	04	15/08/2022	00	HAE	16,7	0	12,0	0	74,0	0	5,0	0	300,0	0	1004,0	0	0,0	ERA5
1039829	15/08/2022	05	15/08/2022	01	HAE	16,9	0	10,7	0	67,0	0	6,0	0	330,0	0	1003,0	0	0,0	ERA5
1039830	15/08/2022	06	15/08/2022	02	HAE	16,0	0	11,2	0	73,0	0	3,0	0	10,0	0	1003,0	0	0,0	ERA5
1039831	15/08/2022	07	15/08/2022	03	HAE	14,4	0	11,4	0	82,0	0	5,0	0	50,0	0	1003,0	0	0,0	ERA5
1039832	15/08/2022	08	15/08/2022	04	HAE	12,6	0	11,4	0	92,0	0	10,0	0	160,0	0	1003,0	0	0,0	ERA5
1039833	15/08/2022	09	15/08/2022	05	HAE	11,6	0	10,2	0	91,0	0	3,0	0	0,0	0	1003,0	0	0,0	ERA5
1039834	15/08/2022	10	15/08/2022	06	HAE	12,9	0	11,4	0	91,0	0	3,0	0	250,0	0	1003,0	0	0,0	ERA5
1039835	15/08/2022	11	15/08/2022	07	HAE	14,4	0	11,9	0	85,0	0	4,0	0	330,0	0	1003,0	0	103,7	ERA5
1039836	15/08/2022	12	15/08/2022	08	HAE	18,0	0	13,4	0	74,0	0	5,0	0	360,0	0	1004,0	0	442,6	ERA5
1039837	15/08/2022	13	15/08/2022	09	HAE	20,2	0	14,8	0	71,0	0	7,0	0	360,0	0	1004,0	0	1054,6	ERA5
1039838	15/08/2022	14	15/08/2022	10	HAE	22,2	0	15,1	0	63,0	0	7,0	0	20,0	0	1004,0	0	1562,8	ERA5
1039839	15/08/2022	15	15/08/2022	11	HAE	23,9	0	13,5	0	52,0	0	5,0	0	330,0	0	1004,0	0	2344,2	ERA5
1039840	15/08/2022	16	15/08/2022	12	HAE	25,2	0	11,2	0	41,0	0	2,0	0	0,0	0	1004,0	0	2442,8	ERA5
1039841	15/08/2022	17	15/08/2022	13	HAE	26,6	0	13,4	0	43,0	0	9,0	0	80,0	0	1003,0	0	2439,8	ERA5
1039842	15/08/2022	18	15/08/2022	14	HAE	26,9	0	11,9	0	39,0	0	9,0	0	80,0	0	1003,0	0	2448,8	ERA5
1039843	15/08/2022	19	15/08/2022	15	HAE	26,2	0	12,0	0	41,0	0	5,0	0	150,0	0	1003,0	0	1540,4	ERA5
1039844	15/08/2022	20	15/08/2022	16	HAE	25,7	0	12,3	0	43,0	0	7,0	0	340,0	0	1003,0	0	1425,9	ERA5
1039845	15/08/2022	21	15/08/2022	17	HAE	26,2	0	11,7	0	40,0	0	4,0	0	50,0	0	1002,0	0	1664,0	ERA5
1039846	15/08/2022	22	15/08/2022	18	HAE	25,5	0	12,3	0	43,0	0	13,0	0	350,0	0	1003,0	0	934,5	ERA5
1039847	15/08/2022	23	15/08/2022	19	HAE	24,5	0	14,4	0	53,0	0	14,0	0	50,0	0	1003,0	0	703,6	ERA5
1039848	16/08/2022	00	15/08/2022	20	HAE	22,3	0	14,2	0	60,0	0	11,0	0	70,0	0	1003,0	0	200,3	ERA5
1039849	16/08/2022	01	15/08/2022	21	HAE	22,1	0	13,2	0	57,0	0	8,0	0	360,0	0	1004,0	0	0,7	ERA5
1039850	16/08/2022	02	15/08/2022	22	HAE	21,4	0	14,0	0	63,0	0	8,0	0	310,0	0	1004,0	0	0,0	ERA5
1039851	16/08/2022	03	15/08/2022	23	HAE	21,4	0	13,4	0	60,0	0	12,0	0	360,0	0	1004,0	0	0,0	ERA5
1039852	16/08/2022	04	16/08/2022	00	HAE	20,5	0	14,0	0	66,0	0	10,0	0	20,0	0	1004,0	0	0,0	ERA5
1039853	16/08/2022	05	16/08/2022	01	HAE	19,1	0	14,4	0	74,0	0	8,0	0	30,0	0	1004,0	0	0,0	ERA5
1039854	16/08/2022	06	16/08/2022	02	HAE	19,2	0	14,3	0	73,0	0	12,0	0	20,0	0	1004,0	0	0,0	ERA5
1039855	16/08/2022	07	16/08/2022	03	HAE	18,1	0	14,3	0	78,0	0	11,0	0	20,0	0	1004,0	0	0,0	ERA5
1039856	16/08/2022	08	16/08/2022	04	HAE	17,5	0	14,5	0	82,0	0	11,0	0	20,0	0	1004,0	0	0,0	ERA5
1039857	16/08/2022	09	16/08/2022	05	HAE	16,3	0	14,0	0	86,0	0	8,0	0	30,0	0	1005,0	0	0,0	ERA5
1039858	16/08/2022	10	16/08/2022	06	HAE	16,9	0	14,5	0	86,0	0	14,0	0	20,0	0	1005,0	0	0,0	ERA5
1039859	16/08/2022	11	16/08/2022	07	HAE	17,6	0	14,7	0	83,0	0	11,0	0	30,0	0	1006,0	0	106,6	ERA5
1039860	16/08/2022	12	16/08/2022	08	HAE	19,1	0	14,9	0	76,0	0	13,0	0	50,0	0	1006,0	0	612,5	ERA5
1039861	16/08/2022	13	16/08/2022	09	HAE	21,0	0	14,4	0	65,0	0	12,0	0	60,0	0	1006,0	0	1263,9	ERA5
1039862	16/08/2022	14	16/08/2022	10	HAE	22,2	0	14,5	0	61,0	0	10,0	0	60,0	0	1006,0	0	1747,0	ERA5
1039863	16/08/2022	15	16/08/2022	11	HAE	24,3	0	15,3	0	57,0	0	9,0	0	360,0	0	1006,0	0	1860,2	ERA5
1039864	16/08/2022	16	16/08/2022	12	HAE	26,0	0	15,6	0	52,0	0	12,0	0	30,0	0	1006,0	0	2522,7	ERA5
1039865	16/08/2022	17	16/08/2022	13	HAE	26,7	0	15,8	0	51,0	0	17,0	0	40,0	0	1006,0	0	2506,6	ERA5
1039866	16/08/2022	18	16/08/2022	14	HAE	26,7	0	15,2	0	49,0	0	19,0	0	60,0	0	1006,0	0	2448,4	ERA5
1039867	16/08/2022	19	16/08/2022	15	HAE	25,9	0	15,6	0	52,0	0	21,0	0	40,0	0	1005,0	0	2193,6	ERA5
1039868	16/08/2022	20	16/08/2022	16	HAE	26,5	0	13,8	0	45,0	0	17,0	0	60,0	0	1005,0	0	1724,2	ERA5
1039869	16/08/2022	21	16/08/2022	17	HAE	26,6	0	15,7	0	50,0	0	16,0	0	70,0	0	1005,0	0	1550,4	ERA5
1039870	16/08/2022	22	16/08/2022	18	HAE	26,1	0	15,8	0	53,0	0	13,0	0	60,0	0	1005,0	0	849,6	ERA5
1039871	16/08/2022	23	16/08/2022	19	HAE	25,4	0	16,2	0	56,0	0	16,0	0	80,0	0	1005,0	0	516,9	ERA5
1039872	17/08/2022	00	16/08/2022	20	HAE	23,3	0	16,1	0	64,0	0	5,0	0	60,0	0	1005,0	0	167,9	ERA5
1039873	17/08/2022	01	16/08/2022	21	HAE	22,1	0	16,2	0	69,0	0	12,0	0	60,0	0	1006,0	0	0,3	ERA5
1039874	17/08/2022	02	16/08/2022	22	HAE	20,7	0	15,4	0	71,0	0	12,0	0	70,0	0	1006,0	0	0,0	ERA5
1039875	17/08/2022	03	16/08/2022	23	HAE	19,0	0	15,0	0	78,0	0	14,0	0	40,0	0	1006,0	0	0,0	ERA5
1039876	17/08/2022	04	17/08/2022	00	HAE	18,1	0	14,7	0	80,0	0	14,0	0	50,0	0	1006,0	0	0,0	ERA5
1039877	17/08/2022	05	17/08/2022	01	HAE	18,8	0	14,7	0	77,0	0	14,0	0	30,0	0	1006,0	0	0,0	ERA5
1039878	17/08/2022	06	17/08/2022	02	HAE	17,5	0	14,6	0	83,0	0	15,0	0	40,0	0	1005,0	0	0,0	ERA5
1039879	17/08/2022	07	17/08/2022	03	HAE	17,6	0	14,3	0	81,0	0	16,0	0	50,0	0	1006,0	0	0,0	ERA5
1039880	17/08/2022	08	17/08/2022	04	HAE	17,3	0	14,4	0	83,0	0	16,0	0	40,0	0	1006,0	0	0,0	ERA5
1039881	17/08/2022	09	17/08/2022	05	HAE	18,4	0	14,0	0	75,0	0	18,0	0	30,0	0	1006,0	0	0,0	ERA5
1039882	17/08/2022	10	17/08/2022	06	HAE	17,7	0	13,8	0	78,0	0	14,0	0	30,0	0	1006,0	0	0,0	ERA5
1039883	17/08/2022	11	17/08/2022	07	HAE	18,0	0	13,9	0	77,0	0	14,0	0	20,0	0	1006,0	0	89,2	ERA5
1039884	17/08/2022	12	17/08/2022	08	HAE	18,8	0	13,9	0	73,0	0	12,0	0	30,0	0	1006,0	0	483,7	ERA5
1039885	17/08/2022	13	17/08/2022	09	HAE	20,9	0	13,9	0	64,0	0	18,0	0	50,0	0	1006,0	0	1083,1	ERA5
1039886	17/08/2022	14	17/08/2022	10	HAE	22,4	0	15,1	0	63,0	0	13,0	0	50,0	0	1006,0	0	1793,9	ERA5
1039887	17/08/2022	15	17/08/2022	11	HAE	23,7	0	16,2	0	63,0	0	8,0	0	30,0	0	1006,0	0	2268,1	ERA5
1039888	17/08/2022	16	17/08/2022	12	HAE	25,2	0	16,8	0	59,0	0	4,0	0	40,0	0	1005,0	0	2549,6	ERA5
1039889	17/08/2022	17	17/08/2022	13	HAE	25,6	0	14,6	0	50,0	0	6,0	0	70,0	0	1005,0	0	2727,3	ERA5
1039890	17/08/2022	18	17/08/2022	14	HAE	26,6	0	15,1	0	49,0	0	12,0	0	100,0	0	1004,0	0	2794,6	ERA5
1039891	17/08/2022	19	17/08/2022	15	HAE	26,9	0	14,9	0	47,0	0	9,0	0	60,0	0	1004,0	0	2259,1	ERA5
1039892	17/08/2022	20	17/08/2022	16	HAE	26,9	0	14,3	0	45,0	0	16,0	0	80,0	0	1003,0	0	2087,6	ERA5
1039893	17/08/2022	21	17/08/2022	17	HAE	23,3	0	14,0	0	55,0	0	37,0	0	50,0	0	1004,0	0	1539,2	ERA5
1039894	17/08/2022	22	17/08/2022	18	HAE	20,6	0	15,5	0	72,0	0	17,0	0	350,0	0	1004,0	0	755,6	ERA5
1039895	17/08/2022	23	17/08/2022	19	HAE	20,9	0	15,3	0	70,0	0	9,0	0	300,0	0	1003,0	0	473,4	ERA5
1039896	18/08/2022	00	17/08/2022	20	HAE	20,4	0	15,6	0	74,0	0	5,0	0	40,0	0	1003,0	0	138,3	ERA5
1039897	18/08/2022	01	17/08/2022	21	HAE	19,6	0	17,0	0	85,0	0	12,0	0	340,0	0	1003,0	0	0,1	ERA5
1039898	18/08/2022	02	17/08/2022	22	HAE	19,0	0	15,5	0	80,0	0	10,0	0	350,0	0	1002,0	0	0,0	ERA5
1039899	18/08/2022	03	17/08/2022	23	HAE	18,6	0	16,1	0	85,0	0	16,0	0	60,0	0	1002,0	0	-0,0	ERA5
1039900	18/08/2022	04	18/08/2022	00	HAE	18,0	0	16,6	0	91,0	0	20,0	0	20,0	0	1002,0	0	0,0	ERA5
1039901	18/08/2022	05	18/08/2022	01	HAE	17,7	0	16,9	0	95,0	0	6,0	0	310,0	0	1001,0	0	0,0	ERA5
1039902	18/08/2022	06	18/08/2022	02	HAE	17,2	0	16,7	0	97,0	0	4,0	0	130,0	0	1000,0	0	-0,0	ERA5
1039903	18/08/2022	07	18/08/2022	03	HAE	16,8	0	16,6	0	99,0	0	8,0	0	280,0	0	1000,0	0	0,0	ERA5
1039904	18/08/2022	08	18/08/2022	04	HAE	16,5	0	16,3	0	99,0	0	7,0	0	250,0	0	1000,0	0	0,0	ERA5
1039905	18/08/2022	09	18/08/2022	05	HAE	16,4	0	16,2	0	98,0	0	9,0	0	280,0	0	999,0	0	0,0	ERA5
1039906	18/08/2022	10	18/08/2022	06	HAE	17,0	0	16,3	0	95,0	0	10,0	0	290,0	0	999,0	0	0,0	ERA5
1039907	18/08/2022	11	18/08/2022	07	HAE	17,4	0	16,3	0	93,0	0	7,0	0	310,0	0	999,0	0	65,8	ERA5
1039908	18/08/2022	12	18/08/2022	08	HAE	18,4	0	17,1	0	92,0	0	10,0	0	290,0	0	999,0	0	442,5	ERA5
1039909	18/08/2022	13	18/08/2022	09	HAE	18,9	0	17,1	0	90,0	0	9,0	0	290,0	0	999,0	0	1041,9	ERA5
1039910	18/08/2022	14	18/08/2022	10	HAE	19,9	0	17,2	0	85,0	0	10,0	0	310,0	0	998,0	0	1470,1	ERA5
1039911	18/08/2022	15	18/08/2022	11	HAE	22,4	0	17,0	0	71,0	0	11,0	0	300,0	0	998,0	0	1860,2	ERA5
1039912	18/08/2022	16	18/08/2022	12	HAE	23,2	0	17,1	0	68,0	0	10,0	0	310,0	0	998,0	0	1775,6	ERA5
1039913	18/08/2022	17	18/08/2022	13	HAE	25,0	0	12,9	0	46,0	0	22,0	0	320,0	0	998,0	0	2531,3	ERA5
1039914	18/08/2022	18	18/08/2022	14	HAE	24,4	0	13,0	0	48,0	0	19,0	0	320,0	0	998,0	0	2300,6	ERA5
1039915	18/08/2022	19	18/08/2022	15	HAE	26,1	0	12,8	0	43,0	0	23,0	0	340,0	0	997,0	0	2323,7	ERA5
1039916	18/08/2022	20	18/08/2022	16	HAE	26,5	0	11,0	0	37,0	0	21,0	0	350,0	0	997,0	0	1978,5	ERA5
1039917	18/08/2022	21	18/08/2022	17	HAE	26,0	0	11,6	0	40,0	0	14,0	0	340,0	0	997,0	0	1591,6	ERA5
1039918	18/08/2022	22	18/08/2022	18	HAE	25,5	0	11,0	0	40,0	0	12,0	0	340,0	0	997,0	0	1026,6	ERA5
1039919	18/08/2022	23	18/08/2022	19	HAE	24,1	0	15,2	0	57,0	0	7,0	0	250,0	0	997,0	0	576,5	ERA5
1039920	19/08/2022	00	18/08/2022	20	HAE	22,5	0	13,3	0	56,0	0	9,0	0	250,0	0	998,0	0	175,4	ERA5
1039921	19/08/2022	01	18/08/2022	21	HAE	21,0	0	13,5	0	62,0	0	9,0	0	230,0	0	998,0	0	0,0	ERA5
1039922	19/08/2022	02	18/08/2022	22	HAE	18,9	0	13,7	0	71,0	0	13,0	0	260,0	0	998,0	0	0,0	ERA5
1039923	19/08/2022	03	18/08/2022	23	HAE	18,1	0	13,6	0	75,0	0	12,0	0	260,0	0	998,0	0	0,0	ERA5
1039924	19/08/2022	04	19/08/2022	00	HAE	17,3	0	14,0	0	81,0	0	10,0	0	260,0	0	998,0	0	0,0	ERA5
1039925	19/08/2022	05	19/08/2022	01	HAE	16,2	0	13,6	0	84,0	0	10,0	0	250,0	0	999,0	0	0,0	ERA5
1039926	19/08/2022	06	19/08/2022	02	HAE	15,3	0	13,2	0	87,0	0	10,0	0	250,0	0	999,0	0	0,0	ERA5
1039927	19/08/2022	07	19/08/2022	03	HAE	14,9	0	13,1	0	89,0	0	9,0	0	250,0	0	999,0	0	0,0	ERA5
1039928	19/08/2022	08	19/08/2022	04	HAE	14,2	0	12,9	0	92,0	0	8,0	0	250,0	0	999,0	0	0,0	ERA5
1039929	19/08/2022	09	19/08/2022	05	HAE	15,6	0	13,7	0	89,0	0	5,0	0	270,0	0	1000,0	0	0,0	ERA5
1039930	19/08/2022	10	19/08/2022	06	HAE	15,4	0	13,8	0	90,0	0	10,0	0	280,0	0	1000,0	0	0,0	ERA5
1039931	19/08/2022	11	19/08/2022	07	HAE	15,9	0	14,9	0	94,0	0	10,0	0	270,0	0	1001,0	0	95,1	ERA5
1039932	19/08/2022	12	19/08/2022	08	HAE	18,9	0	16,1	0	83,0	0	16,0	0	280,0	0	1002,0	0	505,6	ERA5
1039933	19/08/2022	13	19/08/2022	09	HAE	21,5	0	16,3	0	72,0	0	15,0	0	290,0	0	1002,0	0	971,5	ERA5
1039934	19/08/2022	14	19/08/2022	10	HAE	23,1	0	17,1	0	68,0	0	13,0	0	240,0	0	1002,0	0	1734,6	ERA5
1039935	19/08/2022	15	19/08/2022	11	HAE	25,3	0	18,7	0	67,0	0	10,0	0	250,0	0	1002,0	0	2316,8	ERA5
1039936	19/08/2022	16	19/08/2022	12	HAE	27,1	0	17,3	0	55,0	0	14,0	0	220,0	0	1002,0	0	2724,1	ERA5
1039937	19/08/2022	17	19/08/2022	13	HAE	27,9	0	16,8	0	50,0	0	13,0	0	230,0	0	1002,0	0	2947,0	ERA5
1039938	19/08/2022	18	19/08/2022	14	HAE	27,6	0	16,2	0	49,0	0	18,0	0	290,0	0	1002,0	0	2597,5	ERA5
1039939	19/08/2022	19	19/08/2022	15	HAE	28,7	0	14,5	0	41,0	0	12,0	0	250,0	0	1002,0	0	2521,1	ERA5
1039940	19/08/2022	20	19/08/2022	16	HAE	29,3	0	14,5	0	40,0	0	17,0	0	240,0	0	1002,0	0	2192,4	ERA5
1039941	19/08/2022	21	19/08/2022	17	HAE	29,2	0	13,8	0	38,0	0	13,0	0	210,0	0	1002,0	0	1758,8	ERA5
1039942	19/08/2022	22	19/08/2022	18	HAE	28,5	0	15,3	0	44,0	0	12,0	0	250,0	0	1002,0	0	1217,6	ERA5
1039943	19/08/2022	23	19/08/2022	19	HAE	27,2	0	13,7	0	43,0	0	11,0	0	240,0	0	1002,0	0	649,7	ERA5
1039944	20/08/2022	00	19/08/2022	20	HAE	24,7	0	17,0	0	62,0	0	13,0	0	200,0	0	1002,0	0	166,9	ERA5
1039945	20/08/2022	01	19/08/2022	21	HAE	23,7	0	16,2	0	62,0	0	14,0	0	180,0	0	1003,0	0	0,0	ERA5
1039946	20/08/2022	02	19/08/2022	22	HAE	21,9	0	15,8	0	68,0	0	10,0	0	200,0	0	1004,0	0	0,0	ERA5
1039947	20/08/2022	03	19/08/2022	23	HAE	20,9	0	15,6	0	72,0	0	8,0	0	210,0	0	1004,0	0	0,0	ERA5
1039948	20/08/2022	04	20/08/2022	00	HAE	19,4	0	15,7	0	79,0	0	13,0	0	210,0	0	1004,0	0	0,0	ERA5
1039949	20/08/2022	05	20/08/2022	01	HAE	19,3	0	16,0	0	81,0	0	12,0	0	190,0	0	1005,0	0	0,0	ERA5
1039950	20/08/2022	06	20/08/2022	02	HAE	18,8	0	16,0	0	83,0	0	10,0	0	200,0	0	1005,0	0	0,0	ERA5
1039951	20/08/2022	07	20/08/2022	03	HAE	18,5	0	15,9	0	85,0	0	8,0	0	200,0	0	1005,0	0	0,0	ERA5
1039952	20/08/2022	08	20/08/2022	04	HAE	18,0	0	15,9	0	88,0	0	9,0	0	190,0	0	1005,0	0	0,0	ERA5
1039953	20/08/2022	09	20/08/2022	05	HAE	17,4	0	15,8	0	90,0	0	10,0	0	200,0	0	1006,0	0	0,0	ERA5
1039954	20/08/2022	10	20/08/2022	06	HAE	17,3	0	16,3	0	94,0	0	8,0	0	190,0	0	1006,0	0	0,0	ERA5
1039955	20/08/2022	11	20/08/2022	07	HAE	18,0	0	17,1	0	94,0	0	9,0	0	190,0	0	1006,0	0	83,9	ERA5
1039956	20/08/2022	12	20/08/2022	08	HAE	20,2	0	18,1	0	88,0	0	7,0	0	190,0	0	1007,0	0	576,0	ERA5
1039957	20/08/2022	13	20/08/2022	09	HAE	22,7	0	18,6	0	77,0	0	4,0	0	190,0	0	1007,0	0	1219,6	ERA5
1039958	20/08/2022	14	20/08/2022	10	HAE	25,1	0	18,4	0	66,0	0	6,0	0	270,0	0	1007,0	0	1802,0	ERA5
1039959	20/08/2022	15	20/08/2022	11	HAE	26,8	0	18,1	0	59,0	0	5,0	0	220,0	0	1007,0	0	2352,8	ERA5
1039960	20/08/2022	16	20/08/2022	12	HAE	27,9	0	17,5	0	53,0	0	9,0	0	170,0	0	1007,0	0	2605,6	ERA5
1039961	20/08/2022	17	20/08/2022	13	HAE	27,6	0	17,9	0	55,0	0	10,0	0	210,0	0	1006,0	0	2797,9	ERA5
1039962	20/08/2022	18	20/08/2022	14	HAE	28,7	0	18,2	0	52,0	0	13,0	0	160,0	0	1006,0	0	2434,8	ERA5
1039963	20/08/2022	19	20/08/2022	15	HAE	29,4	0	14,9	0	41,0	0	4,0	0	200,0	0	1005,0	0	1979,8	ERA5
1039964	20/08/2022	20	20/08/2022	16	HAE	29,8	0	17,5	0	47,0	0	17,0	0	120,0	0	1005,0	0	1932,6	ERA5
1039965	20/08/2022	21	20/08/2022	17	HAE	29,5	0	16,9	0	46,0	0	15,0	0	120,0	0	1004,0	0	1587,5	ERA5
1039966	20/08/2022	22	20/08/2022	18	HAE	28,9	0	16,7	0	47,0	0	13,0	0	120,0	0	1004,0	0	1091,9	ERA5
1039967	20/08/2022	23	20/08/2022	19	HAE	26,1	0	17,8	0	60,0	0	13,0	0	110,0	0	1004,0	0	452,6	ERA5
1039968	21/08/2022	00	20/08/2022	20	HAE	24,1	0	17,8	0	67,0	0	10,0	0	110,0	0	1004,0	0	87,8	ERA5
1039969	21/08/2022	01	20/08/2022	21	HAE	22,5	0	17,4	0	72,0	0	10,0	0	110,0	0	1004,0	0	0,0	ERA5
1039970	21/08/2022	02	20/08/2022	22	HAE	22,1	0	17,5	0	75,0	0	14,0	0	120,0	0	1004,0	0	0,0	ERA5
1039971	21/08/2022	03	20/08/2022	23	HAE	22,2	0	16,8	0	71,0	0	8,0	0	110,0	0	1004,0	0	0,0	ERA5
1039972	21/08/2022	04	21/08/2022	00	HAE	19,9	0	16,3	0	80,0	0	9,0	0	130,0	0	1004,0	0	0,0	ERA5
1039973	21/08/2022	05	21/08/2022	01	HAE	20,7	0	16,4	0	76,0	0	4,0	0	330,0	0	1004,0	0	0,0	ERA5
1039974	21/08/2022	06	21/08/2022	02	HAE	20,3	0	16,9	0	81,0	0	8,0	0	150,0	0	1003,0	0	0,0	ERA5
1039975	21/08/2022	07	21/08/2022	03	HAE	18,4	0	16,1	0	86,0	0	4,0	0	110,0	0	1003,0	0	0,0	ERA5
1039976	21/08/2022	08	21/08/2022	04	HAE	19,2	0	16,8	0	86,0	0	1,0	0	0,0	0	1003,0	0	0,0	ERA5
1039977	21/08/2022	09	21/08/2022	05	HAE	19,1	0	17,5	0	90,0	0	12,0	0	160,0	0	1003,0	0	0,0	ERA5
1039978	21/08/2022	10	21/08/2022	06	HAE	19,4	0	18,4	0	94,0	0	9,0	0	270,0	0	1003,0	0	0,0	ERA5
1039979	21/08/2022	11	21/08/2022	07	HAE	19,5	0	18,3	0	93,0	0	12,0	0	160,0	0	1004,0	0	68,6	ERA5
1039980	21/08/2022	12	21/08/2022	08	HAE	20,1	0	19,1	0	94,0	0	0,0	0	0,0	0	1004,0	0	404,2	ERA5
1039981	21/08/2022	13	21/08/2022	09	HAE	22,2	0	19,3	0	83,0	0	4,0	0	200,0	0	1004,0	0	866,9	ERA5
1039982	21/08/2022	14	21/08/2022	10	HAE	24,6	0	19,4	0	72,0	0	11,0	0	200,0	0	1003,0	0	1458,1	ERA5
1039983	21/08/2022	15	21/08/2022	11	HAE	25,5	0	19,2	0	68,0	0	17,0	0	200,0	0	1003,0	0	1459,3	ERA5
1039984	21/08/2022	16	21/08/2022	12	HAE	24,8	0	19,5	0	72,0	0	17,0	0	170,0	0	1003,0	0	2118,1	ERA5
1039985	21/08/2022	17	21/08/2022	13	HAE	23,9	0	19,5	0	76,0	0	10,0	0	160,0	0	1003,0	0	2225,1	ERA5
1039986	21/08/2022	18	21/08/2022	14	HAE	22,2	0	20,1	0	88,0	0	11,0	0	190,0	0	1003,0	0	1085,7	ERA5
1039987	21/08/2022	19	21/08/2022	15	HAE	21,9	0	19,8	0	87,0	0	16,0	0	170,0	0	1002,0	0	896,0	ERA5
1039988	21/08/2022	20	21/08/2022	16	HAE	22,7	0	19,8	0	84,0	0	17,0	0	190,0	0	1001,0	0	594,2	ERA5
1039989	21/08/2022	21	21/08/2022	17	HAE	22,7	0	19,6	0	83,0	0	14,0	0	180,0	0	1001,0	0	496,4	ERA5
1039990	21/08/2022	22	21/08/2022	18	HAE	23,1	0	19,3	0	78,0	0	21,0	0	210,0	0	1001,0	0	731,9	ERA5
1039991	21/08/2022	23	21/08/2022	19	HAE	22,4	0	19,7	0	84,0	0	10,0	0	220,0	0	1001,0	0	427,5	ERA5
1039992	22/08/2022	00	21/08/2022	20	HAE	21,6	0	18,8	0	84,0	0	13,0	0	210,0	0	1001,0	0	99,7	ERA5
1039993	22/08/2022	01	21/08/2022	21	HAE	19,8	0	18,7	0	94,0	0	6,0	0	230,0	0	1001,0	0	0,0	ERA5
1039994	22/08/2022	02	21/08/2022	22	HAE	20,4	0	19,0	0	91,0	0	7,0	0	290,0	0	1001,0	0	0,0	ERA5
1039995	22/08/2022	03	21/08/2022	23	HAE	19,7	0	18,9	0	95,0	0	8,0	0	160,0	0	1001,0	0	0,0	ERA5
1039996	22/08/2022	04	22/08/2022	00	HAE	18,6	0	18,3	0	98,0	0	7,0	0	150,0	0	1001,0	0	0,0	ERA5
1039997	22/08/2022	05	22/08/2022	01	HAE	19,5	0	18,8	0	96,0	0	10,0	0	160,0	0	1001,0	0	0,0	ERA5
1039998	22/08/2022	06	22/08/2022	02	HAE	18,6	0	18,2	0	98,0	0	4,0	0	120,0	0	1001,0	0	0,0	ERA5
1039999	22/08/2022	07	22/08/2022	03	HAE	18,8	0	18,3	0	97,0	0	8,0	0	170,0	0	1001,0	0	0,0	ERA5
1040000	22/08/2022	08	22/08/2022	04	HAE	18,5	0	18,1	0	97,0	0	5,0	0	130,0	0	1000,0	0	0,0	ERA5
1040001	22/08/2022	09	22/08/2022	05	HAE	18,5	0	18,1	0	97,0	0	6,0	0	60,0	0	1000,0	0	0,0	ERA5
1040002	22/08/2022	10	22/08/2022	06	HAE	18,0	0	17,7	0	98,0	0	7,0	0	110,0	0	1000,0	0	0,0	ERA5
1040003	22/08/2022	11	22/08/2022	07	HAE	18,8	0	18,4	0	98,0	0	6,0	0	90,0	0	1001,0	0	36,8	ERA5
1040004	22/08/2022	12	22/08/2022	08	HAE	19,3	0	18,7	0	97,0	0	10,0	0	30,0	0	1001,0	0	283,4	ERA5
1040005	22/08/2022	13	22/08/2022	09	HAE	20,5	0	19,1	0	92,0	0	10,0	0	70,0	0	1001,0	0	552,0	ERA5
1040006	22/08/2022	14	22/08/2022	10	HAE	23,0	0	19,6	0	81,0	0	11,0	0	90,0	0	1000,0	0	923,8	ERA5
1040007	22/08/2022	15	22/08/2022	11	HAE	23,0	0	19,4	0	80,0	0	11,0	0	90,0	0	1000,0	0	1052,6	ERA5
1040008	22/08/2022	16	22/08/2022	12	HAE	23,8	0	19,5	0	76,0	0	15,0	0	80,0	0	1000,0	0	1546,4	ERA5
1040009	22/08/2022	17	22/08/2022	13	HAE	24,6	0	19,2	0	72,0	0	8,0	0	60,0	0	999,0	0	1632,0	ERA5
1040010	22/08/2022	18	22/08/2022	14	HAE	24,5	0	19,6	0	74,0	0	14,0	0	80,0	0	999,0	0	1235,4	ERA5
1040011	22/08/2022	19	22/08/2022	15	HAE	24,4	0	19,8	0	76,0	0	13,0	0	80,0	0	998,0	0	1208,9	ERA5
1040012	22/08/2022	20	22/08/2022	16	HAE	20,9	0	20,3	0	96,0	0	14,0	0	160,0	0	999,0	0	535,1	ERA5
1040013	22/08/2022	21	22/08/2022	17	HAE	21,4	0	20,7	0	96,0	0	10,0	0	130,0	0	998,0	0	285,3	ERA5
1040014	22/08/2022	22	22/08/2022	18	HAE	20,6	0	20,1	0	97,0	0	7,0	0	130,0	0	998,0	0	206,6	ERA5
1040015	22/08/2022	23	22/08/2022	19	HAE	20,7	0	20,0	0	95,0	0	4,0	0	70,0	0	998,0	0	177,0	ERA5
1040016	23/08/2022	00	22/08/2022	20	HAE	20,4	0	19,9	0	97,0	0	8,0	0	50,0	0	998,0	0	31,5	ERA5
1040017	23/08/2022	01	22/08/2022	21	HAE	20,3	0	20,0	0	98,0	0	9,0	0	60,0	0	998,0	0	0,0	ERA5
1040018	23/08/2022	02	22/08/2022	22	HAE	20,2	0	19,9	0	98,0	0	11,0	0	60,0	0	998,0	0	0,0	ERA5
1040019	23/08/2022	03	22/08/2022	23	HAE	19,8	0	19,6	0	98,0	0	10,0	0	40,0	0	998,0	0	0,0	ERA5
1040020	23/08/2022	04	23/08/2022	00	HAE	19,7	0	19,4	0	98,0	0	7,0	0	30,0	0	998,0	0	0,0	ERA5
1040021	23/08/2022	05	23/08/2022	01	HAE	19,6	0	19,2	0	98,0	0	10,0	0	30,0	0	997,0	0	0,0	ERA5
1040022	23/08/2022	06	23/08/2022	02	HAE	19,4	0	18,9	0	97,0	0	6,0	0	30,0	0	997,0	0	0,0	ERA5
1040023	23/08/2022	07	23/08/2022	03	HAE	19,1	0	18,5	0	96,0	0	10,0	0	10,0	0	997,0	0	0,0	ERA5
1040024	23/08/2022	08	23/08/2022	04	HAE	18,7	0	18,2	0	97,0	0	13,0	0	10,0	0	996,0	0	0,0	ERA5
1040025	23/08/2022	09	23/08/2022	05	HAE	18,7	0	18,1	0	96,0	0	13,0	0	340,0	0	996,0	0	0,0	ERA5
1040026	23/08/2022	10	23/08/2022	06	HAE	18,5	0	17,9	0	96,0	0	14,0	0	10,0	0	996,0	0	0,0	ERA5
1040027	23/08/2022	11	23/08/2022	07	HAE	18,6	0	18,0	0	96,0	0	10,0	0	20,0	0	996,0	0	27,1	ERA5
1040028	23/08/2022	12	23/08/2022	08	HAE	18,9	0	18,2	0	96,0	0	13,0	0	360,0	0	996,0	0	88,8	ERA5
1040029	23/08/2022	13	23/08/2022	09	HAE	19,5	0	18,6	0	95,0	0	13,0	0	20,0	0	996,0	0	270,1	ERA5
1040030	23/08/2022	14	23/08/2022	10	HAE	20,2	0	18,9	0	92,0	0	15,0	0	20,0	0	996,0	0	339,4	ERA5
1040031	23/08/2022	15	23/08/2022	11	HAE	20,9	0	19,7	0	93,0	0	11,0	0	30,0	0	996,0	0	704,0	ERA5
1040032	23/08/2022	16	23/08/2022	12	HAE	22,2	0	20,1	0	87,0	0	4,0	0	350,0	0	996,0	0	1123,0	ERA5
1040033	23/08/2022	17	23/08/2022	13	HAE	20,4	0	19,9	0	97,0	0	14,0	0	60,0	0	996,0	0	1450,8	ERA5
1040034	23/08/2022	18	23/08/2022	14	HAE	21,1	0	20,2	0	95,0	0	12,0	0	70,0	0	996,0	0	1145,6	ERA5
1040035	23/08/2022	19	23/08/2022	15	HAE	21,9	0	20,2	0	90,0	0	7,0	0	100,0	0	996,0	0	967,1	ERA5
1040036	23/08/2022	20	23/08/2022	16	HAE	21,0	0	19,5	0	91,0	0	7,0	0	50,0	0	996,0	0	992,4	ERA5
1040037	23/08/2022	21	23/08/2022	17	HAE	21,9	0	20,0	0	89,0	0	7,0	0	360,0	0	996,0	0	896,9	ERA5
1040038	23/08/2022	22	23/08/2022	18	HAE	22,5	0	18,6	0	78,0	0	8,0	0	350,0	0	996,0	0	746,6	ERA5
1040039	23/08/2022	23	23/08/2022	19	HAE	22,2	0	19,5	0	85,0	0	9,0	0	330,0	0	996,0	0	341,4	ERA5
1040040	24/08/2022	00	23/08/2022	20	HAE	21,8	0	19,6	0	87,0	0	6,0	0	320,0	0	997,0	0	75,8	ERA5
1040041	24/08/2022	01	23/08/2022	21	HAE	21,2	0	19,8	0	91,0	0	7,0	0	320,0	0	997,0	0	0,0	ERA5
1040042	24/08/2022	02	23/08/2022	22	HAE	21,1	0	19,1	0	89,0	0	7,0	0	360,0	0	998,0	0	0,0	ERA5
1040043	24/08/2022	03	23/08/2022	23	HAE	20,4	0	19,0	0	92,0	0	9,0	0	290,0	0	998,0	0	0,0	ERA5
1040044	24/08/2022	04	24/08/2022	00	HAE	20,3	0	18,8	0	91,0	0	9,0	0	300,0	0	998,0	0	0,0	ERA5
1040045	24/08/2022	05	24/08/2022	01	HAE	19,4	0	18,6	0	95,0	0	7,0	0	290,0	0	998,0	0	0,0	ERA5
1040046	24/08/2022	06	24/08/2022	02	HAE	18,8	0	18,4	0	98,0	0	6,0	0	320,0	0	998,0	0	0,0	ERA5
1040047	24/08/2022	07	24/08/2022	03	HAE	17,1	0	16,9	0	99,0	0	4,0	0	260,0	0	998,0	0	0,0	ERA5
1040048	24/08/2022	08	24/08/2022	04	HAE	16,4	0	16,4	0	100,0	0	3,0	0	0,0	0	998,0	0	0,0	ERA5
1040049	24/08/2022	09	24/08/2022	05	HAE	16,2	0	16,2	0	100,0	0	5,0	0	110,0	0	998,0	0	0,0	ERA5
1040050	24/08/2022	10	24/08/2022	06	HAE	16,2	0	16,2	0	100,0	0	5,0	0	230,0	0	999,0	0	0,0	ERA5
1040051	24/08/2022	11	24/08/2022	07	HAE	17,1	0	17,1	0	100,0	0	5,0	0	250,0	0	1000,0	0	39,4	ERA5
1040052	24/08/2022	12	24/08/2022	08	HAE	18,5	0	18,5	0	100,0	0	10,0	0	270,0	0	1000,0	0	279,8	ERA5
1040053	24/08/2022	13	24/08/2022	09	HAE	19,3	0	19,3	0	100,0	0	5,0	0	290,0	0	1000,0	0	694,3	ERA5
1040054	24/08/2022	14	24/08/2022	10	HAE	22,3	0	20,5	0	90,0	0	5,0	0	240,0	0	1000,0	0	1303,5	ERA5
1040055	24/08/2022	15	24/08/2022	11	HAE	23,7	0	20,5	0	82,0	0	9,0	0	230,0	0	1000,0	0	1663,7	ERA5
1040056	24/08/2022	16	24/08/2022	12	HAE	25,1	0	20,2	0	74,0	0	7,0	0	250,0	0	1001,0	0	2658,1	ERA5
1040057	24/08/2022	17	24/08/2022	13	HAE	26,4	0	18,9	0	63,0	0	8,0	0	290,0	0	1001,0	0	2861,1	ERA5
1040058	24/08/2022	18	24/08/2022	14	HAE	27,7	0	15,7	0	47,0	0	12,0	0	260,0	0	1000,0	0	2331,7	ERA5
1040059	24/08/2022	19	24/08/2022	15	HAE	28,4	0	16,9	0	49,0	0	11,0	0	250,0	0	1000,0	0	2434,1	ERA5
1040060	24/08/2022	20	24/08/2022	16	HAE	28,2	0	15,1	0	44,0	0	14,0	0	250,0	0	1000,0	0	1694,6	ERA5
1040061	24/08/2022	21	24/08/2022	17	HAE	28,0	0	16,1	0	48,0	0	13,0	0	260,0	0	1000,0	0	1304,5	ERA5
1040062	24/08/2022	22	24/08/2022	18	HAE	26,5	0	16,2	0	53,0	0	17,0	0	300,0	0	1000,0	0	943,1	ERA5
1040063	24/08/2022	23	24/08/2022	19	HAE	25,3	0	17,3	0	61,0	0	12,0	0	290,0	0	1000,0	0	504,1	ERA5
1040064	25/08/2022	00	24/08/2022	20	HAE	24,4	0	18,0	0	67,0	0	17,0	0	330,0	0	1000,0	0	94,4	ERA5
1040065	25/08/2022	01	24/08/2022	21	HAE	21,9	0	19,6	0	87,0	0	15,0	0	310,0	0	1001,0	0	0,0	ERA5
1040066	25/08/2022	02	24/08/2022	22	HAE	21,6	0	19,7	0	89,0	0	3,0	0	0,0	0	1002,0	0	0,0	ERA5
1040067	25/08/2022	03	24/08/2022	23	HAE	21,0	0	19,0	0	88,0	0	8,0	0	300,0	0	1002,0	0	0,0	ERA5
1040068	25/08/2022	04	25/08/2022	00	HAE	20,8	0	17,9	0	84,0	0	14,0	0	350,0	0	1003,0	0	0,0	ERA5
1040069	25/08/2022	05	25/08/2022	01	HAE	19,9	0	16,9	0	82,0	0	16,0	0	20,0	0	1003,0	0	0,0	ERA5
1040070	25/08/2022	06	25/08/2022	02	HAE	18,9	0	15,5	0	80,0	0	12,0	0	10,0	0	1004,0	0	0,0	ERA5
1040071	25/08/2022	07	25/08/2022	03	HAE	18,5	0	14,4	0	77,0	0	12,0	0	360,0	0	1004,0	0	0,0	ERA5
1040072	25/08/2022	08	25/08/2022	04	HAE	18,0	0	13,6	0	75,0	0	12,0	0	360,0	0	1004,0	0	0,0	ERA5
1040073	25/08/2022	09	25/08/2022	05	HAE	17,5	0	13,3	0	76,0	0	14,0	0	360,0	0	1004,0	0	0,0	ERA5
1040074	25/08/2022	10	25/08/2022	06	HAE	17,0	0	13,1	0	78,0	0	17,0	0	360,0	0	1004,0	0	0,0	ERA5
1040075	25/08/2022	11	25/08/2022	07	HAE	16,5	0	12,9	0	79,0	0	16,0	0	20,0	0	1005,0	0	52,0	ERA5
1040076	25/08/2022	12	25/08/2022	08	HAE	17,6	0	13,4	0	76,0	0	16,0	0	30,0	0	1005,0	0	362,8	ERA5
1040077	25/08/2022	13	25/08/2022	09	HAE	19,0	0	13,3	0	69,0	0	14,0	0	20,0	0	1006,0	0	1045,3	ERA5
1040078	25/08/2022	14	25/08/2022	10	HAE	20,5	0	13,9	0	66,0	0	11,0	0	40,0	0	1006,0	0	1732,0	ERA5
1040079	25/08/2022	15	25/08/2022	11	HAE	21,5	0	13,8	0	61,0	0	5,0	0	70,0	0	1006,0	0	2291,1	ERA5
1040080	25/08/2022	16	25/08/2022	12	HAE	22,2	0	13,5	0	57,0	0	5,0	0	40,0	0	1006,0	0	2602,2	ERA5
1040081	25/08/2022	17	25/08/2022	13	HAE	22,3	0	11,9	0	51,0	0	12,0	0	10,0	0	1006,0	0	2893,3	ERA5
1040082	25/08/2022	18	25/08/2022	14	HAE	23,6	0	12,7	0	50,0	0	12,0	0	20,0	0	1006,0	0	2810,9	ERA5
1040083	25/08/2022	19	25/08/2022	15	HAE	22,8	0	11,3	0	48,0	0	5,0	0	160,0	0	1005,0	0	2212,9	ERA5
1040084	25/08/2022	20	25/08/2022	16	HAE	22,6	0	11,9	0	50,0	0	11,0	0	90,0	0	1004,0	0	1882,6	ERA5
1040085	25/08/2022	21	25/08/2022	17	HAE	21,7	0	13,0	0	57,0	0	9,0	0	100,0	0	1004,0	0	1311,8	ERA5
1040086	25/08/2022	22	25/08/2022	18	HAE	21,2	0	14,6	0	65,0	0	6,0	0	120,0	0	1004,0	0	664,6	ERA5
1040087	25/08/2022	23	25/08/2022	19	HAE	20,2	0	13,6	0	66,0	0	8,0	0	100,0	0	1004,0	0	332,3	ERA5
1040088	26/08/2022	00	25/08/2022	20	HAE	19,5	0	14,3	0	72,0	0	5,0	0	90,0	0	1004,0	0	45,2	ERA5
1040089	26/08/2022	01	25/08/2022	21	HAE	19,5	0	14,4	0	72,0	0	6,0	0	60,0	0	1004,0	0	0,0	ERA5
1040090	26/08/2022	02	25/08/2022	22	HAE	19,2	0	13,6	0	70,0	0	13,0	0	50,0	0	1004,0	0	0,0	ERA5
1040091	26/08/2022	03	25/08/2022	23	HAE	17,9	0	13,9	0	77,0	0	11,0	0	70,0	0	1004,0	0	0,0	ERA5
1040092	26/08/2022	04	26/08/2022	00	HAE	17,8	0	13,7	0	77,0	0	15,0	0	70,0	0	1003,0	0	0,0	ERA5
1040093	26/08/2022	05	26/08/2022	01	HAE	17,3	0	13,8	0	80,0	0	14,0	0	100,0	0	1003,0	0	0,0	ERA5
1040094	26/08/2022	06	26/08/2022	02	HAE	17,4	0	13,4	0	77,0	0	13,0	0	70,0	0	1002,0	0	0,0	ERA5
1040095	26/08/2022	07	26/08/2022	03	HAE	16,4	0	13,8	0	85,0	0	8,0	0	70,0	0	1002,0	0	0,0	ERA5
1040096	26/08/2022	08	26/08/2022	04	HAE	16,3	0	14,1	0	87,0	0	12,0	0	40,0	0	1001,0	0	0,0	ERA5
1040097	26/08/2022	09	26/08/2022	05	HAE	16,0	0	14,0	0	88,0	0	14,0	0	50,0	0	1000,0	0	0,0	ERA5
1040098	26/08/2022	10	26/08/2022	06	HAE	16,1	0	13,7	0	85,0	0	16,0	0	60,0	0	1000,0	0	0,0	ERA5
1040099	26/08/2022	11	26/08/2022	07	HAE	15,5	0	14,3	0	93,0	0	18,0	0	40,0	0	999,0	0	25,2	ERA5
1040100	26/08/2022	12	26/08/2022	08	HAE	15,2	0	14,5	0	95,0	0	16,0	0	50,0	0	999,0	0	121,1	ERA5
1040101	26/08/2022	13	26/08/2022	09	HAE	15,6	0	14,8	0	95,0	0	16,0	0	100,0	0	998,0	0	257,6	ERA5
1040102	26/08/2022	14	26/08/2022	10	HAE	15,7	0	15,1	0	97,0	0	24,0	0	310,0	0	999,0	0	366,0	ERA5
1040103	26/08/2022	15	26/08/2022	11	HAE	16,4	0	15,7	0	95,0	0	19,0	0	20,0	0	999,0	0	490,4	ERA5
1040104	26/08/2022	16	26/08/2022	12	HAE	16,6	0	15,4	0	93,0	0	20,0	0	50,0	0	999,0	0	1440,4	ERA5
1040105	26/08/2022	17	26/08/2022	13	HAE	17,0	0	15,1	0	89,0	0	13,0	0	60,0	0	998,0	0	1859,2	ERA5
1040106	26/08/2022	18	26/08/2022	14	HAE	18,1	0	15,7	0	85,0	0	6,0	0	70,0	0	998,0	0	1854,1	ERA5
1040107	26/08/2022	19	26/08/2022	15	HAE	20,0	0	16,4	0	79,0	0	11,0	0	310,0	0	998,0	0	946,4	ERA5
1040108	26/08/2022	20	26/08/2022	16	HAE	20,0	0	16,1	0	78,0	0	19,0	0	310,0	0	998,0	0	1135,8	ERA5
1040109	26/08/2022	21	26/08/2022	17	HAE	19,7	0	16,3	0	80,0	0	15,0	0	350,0	0	999,0	0	1106,2	ERA5
1040110	26/08/2022	22	26/08/2022	18	HAE	19,1	0	16,1	0	82,0	0	14,0	0	350,0	0	999,0	0	693,9	ERA5
1040111	26/08/2022	23	26/08/2022	19	HAE	18,9	0	15,6	0	81,0	0	14,0	0	350,0	0	1000,0	0	368,0	ERA5
1040112	27/08/2022	00	26/08/2022	20	HAE	18,2	0	15,6	0	84,0	0	13,0	0	350,0	0	1000,0	0	77,5	ERA5
1040113	27/08/2022	01	26/08/2022	21	HAE	17,3	0	15,4	0	88,0	0	9,0	0	350,0	0	1001,0	0	0,0	ERA5
1040114	27/08/2022	02	26/08/2022	22	HAE	16,5	0	15,6	0	95,0	0	7,0	0	300,0	0	1001,0	0	0,0	ERA5
1040115	27/08/2022	03	26/08/2022	23	HAE	17,0	0	16,1	0	94,0	0	8,0	0	290,0	0	1002,0	0	0,0	ERA5
1040116	27/08/2022	04	27/08/2022	00	HAE	17,1	0	15,3	0	89,0	0	23,0	0	320,0	0	1002,0	0	0,0	ERA5
1040117	27/08/2022	05	27/08/2022	01	HAE	16,4	0	14,7	0	90,0	0	20,0	0	320,0	0	1003,0	0	0,0	ERA5
1040118	27/08/2022	06	27/08/2022	02	HAE	15,5	0	14,4	0	93,0	0	18,0	0	320,0	0	1003,0	0	0,0	ERA5
1040119	27/08/2022	07	27/08/2022	03	HAE	15,3	0	14,3	0	94,0	0	16,0	0	310,0	0	1003,0	0	0,0	ERA5
1040120	27/08/2022	08	27/08/2022	04	HAE	15,3	0	13,9	0	91,0	0	18,0	0	330,0	0	1003,0	0	0,0	ERA5
1040121	27/08/2022	09	27/08/2022	05	HAE	15,0	0	13,8	0	93,0	0	14,0	0	320,0	0	1003,0	0	0,0	ERA5
1040122	27/08/2022	10	27/08/2022	06	HAE	14,7	0	13,6	0	93,0	0	16,0	0	320,0	0	1004,0	0	0,0	ERA5
1040123	27/08/2022	11	27/08/2022	07	HAE	14,5	0	13,3	0	92,0	0	17,0	0	310,0	0	1005,0	0	50,7	ERA5
1040124	27/08/2022	12	27/08/2022	08	HAE	14,7	0	13,0	0	90,0	0	21,0	0	320,0	0	1006,0	0	415,7	ERA5
1040125	27/08/2022	13	27/08/2022	09	HAE	15,4	0	12,8	0	84,0	0	18,0	0	320,0	0	1006,0	0	851,1	ERA5
1040126	27/08/2022	14	27/08/2022	10	HAE	16,1	0	12,7	0	80,0	0	9,0	0	320,0	0	1007,0	0	1451,2	ERA5
1040127	27/08/2022	15	27/08/2022	11	HAE	17,5	0	12,9	0	74,0	0	8,0	0	320,0	0	1007,0	0	1983,7	ERA5
1040128	27/08/2022	16	27/08/2022	12	HAE	18,7	0	12,3	0	66,0	0	9,0	0	310,0	0	1007,0	0	1945,9	ERA5
1040129	27/08/2022	17	27/08/2022	13	HAE	19,4	0	11,9	0	61,0	0	10,0	0	280,0	0	1006,0	0	2431,4	ERA5
1040130	27/08/2022	18	27/08/2022	14	HAE	21,1	0	11,4	0	53,0	0	10,0	0	280,0	0	1006,0	0	2637,0	ERA5
1040131	27/08/2022	19	27/08/2022	15	HAE	21,4	0	10,1	0	48,0	0	7,0	0	250,0	0	1006,0	0	2369,2	ERA5
1040132	27/08/2022	20	27/08/2022	16	HAE	21,9	0	11,2	0	50,0	0	10,0	0	230,0	0	1006,0	0	2305,9	ERA5
1040133	27/08/2022	21	27/08/2022	17	HAE	22,1	0	11,3	0	50,0	0	10,0	0	320,0	0	1006,0	0	1720,5	ERA5
1040134	27/08/2022	22	27/08/2022	18	HAE	21,8	0	10,3	0	48,0	0	4,0	0	230,0	0	1006,0	0	1256,5	ERA5
1040135	27/08/2022	23	27/08/2022	19	HAE	19,8	0	12,2	0	61,0	0	9,0	0	240,0	0	1006,0	0	617,4	ERA5
1040136	28/08/2022	00	27/08/2022	20	HAE	18,6	0	10,3	0	58,0	0	9,0	0	290,0	0	1006,0	0	101,2	ERA5
1040137	28/08/2022	01	27/08/2022	21	HAE	17,3	0	10,3	0	63,0	0	4,0	0	240,0	0	1006,0	0	0,0	ERA5
1040138	28/08/2022	02	27/08/2022	22	HAE	14,3	0	10,9	0	80,0	0	4,0	0	220,0	0	1007,0	0	0,0	ERA5
1040139	28/08/2022	03	27/08/2022	23	HAE	12,6	0	10,9	0	89,0	0	4,0	0	170,0	0	1007,0	0	0,0	ERA5
1040140	28/08/2022	04	28/08/2022	00	HAE	11,7	0	10,1	0	90,0	0	4,0	0	140,0	0	1007,0	0	0,0	ERA5
1040141	28/08/2022	05	28/08/2022	01	HAE	11,9	0	10,3	0	90,0	0	4,0	0	170,0	0	1007,0	0	0,0	ERA5
1040142	28/08/2022	06	28/08/2022	02	HAE	13,0	0	9,9	0	81,0	0	3,0	0	140,0	0	1007,0	0	0,0	ERA5
1040143	28/08/2022	07	28/08/2022	03	HAE	13,4	0	10,5	0	83,0	0	1,0	0	0,0	0	1007,0	0	0,0	ERA5
1040144	28/08/2022	08	28/08/2022	04	HAE	12,3	0	10,5	0	89,0	0	1,0	0	0,0	0	1007,0	0	0,0	ERA5
1040145	28/08/2022	09	28/08/2022	05	HAE	11,6	0	10,6	0	93,0	0	13,0	0	40,0	0	1007,0	0	0,0	ERA5
1040146	28/08/2022	10	28/08/2022	06	HAE	11,3	0	10,7	0	96,0	0	13,0	0	40,0	0	1007,0	0	0,0	ERA5
1040147	28/08/2022	11	28/08/2022	07	HAE	11,9	0	11,3	0	97,0	0	8,0	0	60,0	0	1008,0	0	59,3	ERA5
1040148	28/08/2022	12	28/08/2022	08	HAE	14,1	0	13,0	0	93,0	0	9,0	0	80,0	0	1008,0	0	514,5	ERA5
1040149	28/08/2022	13	28/08/2022	09	HAE	16,8	0	13,8	0	82,0	0	5,0	0	90,0	0	1008,0	0	1162,1	ERA5
1040150	28/08/2022	14	28/08/2022	10	HAE	19,0	0	13,8	0	71,0	0	10,0	0	120,0	0	1008,0	0	1795,1	ERA5
1040151	28/08/2022	15	28/08/2022	11	HAE	21,4	0	14,6	0	65,0	0	12,0	0	100,0	0	1007,0	0	2321,9	ERA5
1040152	28/08/2022	16	28/08/2022	12	HAE	22,5	0	14,8	0	61,0	0	7,0	0	90,0	0	1007,0	0	2706,2	ERA5
1040153	28/08/2022	17	28/08/2022	13	HAE	24,1	0	14,3	0	54,0	0	8,0	0	100,0	0	1006,0	0	2895,4	ERA5
1040154	28/08/2022	18	28/08/2022	14	HAE	24,9	0	14,9	0	53,0	0	10,0	0	160,0	0	1006,0	0	2824,0	ERA5
1040155	28/08/2022	19	28/08/2022	15	HAE	25,1	0	15,2	0	54,0	0	10,0	0	140,0	0	1006,0	0	2720,2	ERA5
1040156	28/08/2022	20	28/08/2022	16	HAE	25,8	0	16,1	0	54,0	0	14,0	0	110,0	0	1005,0	0	2367,0	ERA5
1040157	28/08/2022	21	28/08/2022	17	HAE	26,0	0	16,6	0	55,0	0	8,0	0	130,0	0	1004,0	0	1842,6	ERA5
1040158	28/08/2022	22	28/08/2022	18	HAE	25,8	0	16,6	0	56,0	0	10,0	0	140,0	0	1004,0	0	1170,5	ERA5
1040159	28/08/2022	23	28/08/2022	19	HAE	23,8	0	17,4	0	67,0	0	10,0	0	110,0	0	1003,0	0	543,1	ERA5
1040160	29/08/2022	00	28/08/2022	20	HAE	19,8	0	16,5	0	81,0	0	11,0	0	120,0	0	1003,0	0	85,9	ERA5
1040161	29/08/2022	01	28/08/2022	21	HAE	19,5	0	16,7	0	83,0	0	9,0	0	120,0	0	1003,0	0	0,0	ERA5
1040162	29/08/2022	02	28/08/2022	22	HAE	18,7	0	16,2	0	85,0	0	13,0	0	130,0	0	1003,0	0	0,0	ERA5
1040163	29/08/2022	03	28/08/2022	23	HAE	19,3	0	17,0	0	86,0	0	11,0	0	130,0	0	1003,0	0	0,0	ERA5
1040164	29/08/2022	04	29/08/2022	00	HAE	19,5	0	17,4	0	88,0	0	10,0	0	150,0	0	1003,0	0	0,0	ERA5
1040165	29/08/2022	05	29/08/2022	01	HAE	18,9	0	17,3	0	90,0	0	11,0	0	140,0	0	1002,0	0	0,0	ERA5
1040166	29/08/2022	06	29/08/2022	02	HAE	19,6	0	17,7	0	89,0	0	5,0	0	80,0	0	1002,0	0	0,0	ERA5
1040167	29/08/2022	07	29/08/2022	03	HAE	19,3	0	17,6	0	89,0	0	7,0	0	110,0	0	1001,0	0	0,0	ERA5
1040168	29/08/2022	08	29/08/2022	04	HAE	17,7	0	16,6	0	93,0	0	6,0	0	150,0	0	1001,0	0	0,0	ERA5
1040169	29/08/2022	09	29/08/2022	05	HAE	17,5	0	16,5	0	94,0	0	4,0	0	90,0	0	1001,0	0	0,0	ERA5
1040170	29/08/2022	10	29/08/2022	06	HAE	17,7	0	17,2	0	97,0	0	5,0	0	150,0	0	1002,0	0	0,0	ERA5
1040171	29/08/2022	11	29/08/2022	07	HAE	17,6	0	17,3	0	98,0	0	3,0	0	190,0	0	1002,0	0	50,1	ERA5
1040172	29/08/2022	12	29/08/2022	08	HAE	19,7	0	18,6	0	94,0	0	7,0	0	190,0	0	1002,0	0	425,7	ERA5
1040173	29/08/2022	13	29/08/2022	09	HAE	23,1	0	20,4	0	85,0	0	14,0	0	200,0	0	1001,0	0	936,1	ERA5
1040174	29/08/2022	14	29/08/2022	10	HAE	23,8	0	20,8	0	83,0	0	17,0	0	190,0	0	1001,0	0	1440,1	ERA5
1040175	29/08/2022	15	29/08/2022	11	HAE	25,9	0	21,5	0	76,0	0	18,0	0	190,0	0	1000,0	0	1881,0	ERA5
1040176	29/08/2022	16	29/08/2022	12	HAE	28,5	0	21,8	0	67,0	0	25,0	0	180,0	0	1000,0	0	2284,2	ERA5
1040177	29/08/2022	17	29/08/2022	13	HAE	28,8	0	22,7	0	69,0	0	18,0	0	170,0	0	999,0	0	2232,0	ERA5
1040178	29/08/2022	18	29/08/2022	14	HAE	30,4	0	22,3	0	61,0	0	28,0	0	200,0	0	998,0	0	2654,6	ERA5
1040179	29/08/2022	19	29/08/2022	15	HAE	28,2	0	22,4	0	70,0	0	18,0	0	210,0	0	997,0	0	2269,6	ERA5
1040180	29/08/2022	20	29/08/2022	16	HAE	30,6	0	22,5	0	61,0	0	28,0	0	190,0	0	996,0	0	1933,0	ERA5
1040181	29/08/2022	21	29/08/2022	17	HAE	30,5	0	22,4	0	62,0	0	25,0	0	210,0	0	996,0	0	1720,9	ERA5
1040182	29/08/2022	22	29/08/2022	18	HAE	28,3	0	22,2	0	69,0	0	14,0	0	190,0	0	995,0	0	783,0	ERA5
1040183	29/08/2022	23	29/08/2022	19	HAE	22,7	0	22,0	0	96,0	0	13,0	0	210,0	0	996,0	0	252,6	ERA5
1040184	30/08/2022	00	29/08/2022	20	HAE	23,1	0	22,3	0	95,0	0	16,0	0	170,0	0	995,0	0	28,2	ERA5
1040185	30/08/2022	01	29/08/2022	21	HAE	22,9	0	22,2	0	96,0	0	16,0	0	170,0	0	996,0	0	0,0	ERA5
1040186	30/08/2022	02	29/08/2022	22	HAE	22,7	0	22,1	0	96,0	0	12,0	0	160,0	0	996,0	0	0,0	ERA5
1040187	30/08/2022	03	29/08/2022	23	HAE	22,4	0	22,0	0	97,0	0	17,0	0	180,0	0	996,0	0	0,0	ERA5
1040188	30/08/2022	04	30/08/2022	00	HAE	22,5	0	21,9	0	96,0	0	11,0	0	200,0	0	996,0	0	0,0	ERA5
1040189	30/08/2022	05	30/08/2022	01	HAE	22,2	0	21,7	0	97,0	0	15,0	0	180,0	0	995,0	0	0,0	ERA5
1040190	30/08/2022	06	30/08/2022	02	HAE	22,0	0	21,5	0	97,0	0	10,0	0	200,0	0	995,0	0	0,0	ERA5
1040191	30/08/2022	07	30/08/2022	03	HAE	21,3	0	21,1	0	98,0	0	8,0	0	190,0	0	994,0	0	0,0	ERA5
1040192	30/08/2022	08	30/08/2022	04	HAE	21,5	0	21,1	0	97,0	0	10,0	0	190,0	0	994,0	0	0,0	ERA5
1040193	30/08/2022	09	30/08/2022	05	HAE	21,8	0	20,8	0	94,0	0	18,0	0	200,0	0	994,0	0	0,0	ERA5
1040194	30/08/2022	10	30/08/2022	06	HAE	21,6	0	20,7	0	95,0	0	17,0	0	200,0	0	993,0	0	0,0	ERA5
1040195	30/08/2022	11	30/08/2022	07	HAE	21,5	0	20,8	0	96,0	0	15,0	0	200,0	0	994,0	0	11,3	ERA5
1040196	30/08/2022	12	30/08/2022	08	HAE	22,0	0	21,3	0	95,0	0	17,0	0	210,0	0	994,0	0	112,1	ERA5
1040197	30/08/2022	13	30/08/2022	09	HAE	22,9	0	21,3	0	91,0	0	19,0	0	220,0	0	994,0	0	298,5	ERA5
1040198	30/08/2022	14	30/08/2022	10	HAE	24,2	0	21,0	0	82,0	0	20,0	0	220,0	0	994,0	0	638,6	ERA5
1040199	30/08/2022	15	30/08/2022	11	HAE	24,9	0	20,8	0	78,0	0	17,0	0	230,0	0	994,0	0	1478,0	ERA5
1040200	30/08/2022	16	30/08/2022	12	HAE	25,3	0	21,1	0	77,0	0	21,0	0	220,0	0	994,0	0	2016,0	ERA5
1040201	30/08/2022	17	30/08/2022	13	HAE	24,9	0	20,3	0	75,0	0	21,0	0	230,0	0	993,0	0	1902,8	ERA5
1040202	30/08/2022	18	30/08/2022	14	HAE	23,9	0	20,3	0	80,0	0	20,0	0	240,0	0	993,0	0	1888,1	ERA5
1040203	30/08/2022	19	30/08/2022	15	HAE	22,9	0	19,9	0	83,0	0	16,0	0	240,0	0	993,0	0	1142,2	ERA5
1040204	30/08/2022	20	30/08/2022	16	HAE	20,4	0	18,3	0	87,0	0	24,0	0	240,0	0	993,0	0	482,3	ERA5
1040205	30/08/2022	21	30/08/2022	17	HAE	19,5	0	18,9	0	96,0	0	9,0	0	200,0	0	992,0	0	246,2	ERA5
1040206	30/08/2022	22	30/08/2022	18	HAE	19,1	0	18,3	0	95,0	0	5,0	0	200,0	0	991,0	0	136,9	ERA5
1040207	30/08/2022	23	30/08/2022	19	HAE	19,1	0	18,6	0	97,0	0	9,0	0	170,0	0	991,0	0	67,4	ERA5
1040208	31/08/2022	00	30/08/2022	20	HAE	18,7	0	18,4	0	98,0	0	7,0	0	210,0	0	991,0	0	9,4	ERA5
1040209	31/08/2022	01	30/08/2022	21	HAE	19,0	0	18,8	0	98,0	0	10,0	0	190,0	0	992,0	0	0,0	ERA5
1040210	31/08/2022	02	30/08/2022	22	HAE	19,1	0	18,9	0	99,0	0	12,0	0	170,0	0	991,0	0	0,0	ERA5
1040211	31/08/2022	03	30/08/2022	23	HAE	19,0	0	18,7	0	98,0	0	11,0	0	190,0	0	991,0	0	0,0	ERA5
1040212	31/08/2022	04	31/08/2022	00	HAE	18,9	0	18,6	0	98,0	0	11,0	0	210,0	0	991,0	0	0,0	ERA5
1040213	31/08/2022	05	31/08/2022	01	HAE	18,8	0	18,4	0	97,0	0	12,0	0	220,0	0	990,0	0	0,0	ERA5
1040214	31/08/2022	06	31/08/2022	02	HAE	18,5	0	17,7	0	95,0	0	15,0	0	240,0	0	990,0	0	0,0	ERA5
1040215	31/08/2022	07	31/08/2022	03	HAE	17,7	0	16,7	0	94,0	0	15,0	0	230,0	0	990,0	0	0,0	ERA5
1040216	31/08/2022	08	31/08/2022	04	HAE	16,9	0	15,8	0	93,0	0	14,0	0	240,0	0	990,0	0	0,0	ERA5
1040217	31/08/2022	09	31/08/2022	05	HAE	16,4	0	15,4	0	94,0	0	13,0	0	250,0	0	991,0	0	0,0	ERA5
1040218	31/08/2022	10	31/08/2022	06	HAE	15,4	0	14,4	0	94,0	0	16,0	0	240,0	0	991,0	0	0,0	ERA5
1040219	31/08/2022	11	31/08/2022	07	HAE	14,7	0	13,8	0	94,0	0	12,0	0	240,0	0	992,0	0	28,0	ERA5
1040220	31/08/2022	12	31/08/2022	08	HAE	15,8	0	14,2	0	90,0	0	18,0	0	250,0	0	992,0	0	289,6	ERA5
1040221	31/08/2022	13	31/08/2022	09	HAE	16,7	0	14,1	0	84,0	0	14,0	0	270,0	0	993,0	0	570,1	ERA5
1040222	31/08/2022	14	31/08/2022	10	HAE	18,4	0	12,3	0	67,0	0	23,0	0	280,0	0	993,0	0	1109,6	ERA5
1040223	31/08/2022	15	31/08/2022	11	HAE	19,8	0	12,3	0	62,0	0	20,0	0	270,0	0	993,0	0	1295,9	ERA5
1040224	31/08/2022	16	31/08/2022	12	HAE	20,6	0	12,5	0	60,0	0	23,0	0	230,0	0	993,0	0	2126,7	ERA5
1040225	31/08/2022	17	31/08/2022	13	HAE	21,4	0	14,1	0	63,0	0	24,0	0	220,0	0	992,0	0	1750,1	ERA5
1040226	31/08/2022	18	31/08/2022	14	HAE	22,3	0	13,4	0	57,0	0	21,0	0	210,0	0	991,0	0	1993,5	ERA5
1040227	31/08/2022	19	31/08/2022	15	HAE	19,9	0	15,7	0	76,0	0	13,0	0	200,0	0	991,0	0	1795,1	ERA5
1040228	31/08/2022	20	31/08/2022	16	HAE	20,6	4.lineaire	15,4	4.lineaire	71,5	4.lineaire	13,5	4.lineaire	195,0	4.lineaire	991,0	4.lineaire	1375,9	ERA5
1040229	31/08/2022	21	31/08/2022	17	HAE	21,3	0	15,1	0	67,0	0	14,0	0	190,0	0	991,0	0	1328,4	ERA5
1040230	31/08/2022	22	31/08/2022	18	HAE	16,5	0	14,5	0	88,0	0	16,0	0	230,0	0	991,0	0	975,0	ERA5
1040231	31/08/2022	23	31/08/2022	19	HAE	16,1	0	14,6	0	91,0	0	7,0	0	140,0	0	991,0	0	364,2	ERA5
1040232	01/09/2022	00	31/08/2022	20	HAE	15,8	0	14,6	0	93,0	0	10,0	0	300,0	0	992,0	0	43,1	ERA5
1040233	01/09/2022	01	31/08/2022	21	HAE	15,6	0	14,8	0	95,0	0	5,0	0	300,0	0	992,0	0	0,0	ERA5
1040234	01/09/2022	02	31/08/2022	22	HAE	14,4	0	14,2	0	98,0	0	6,0	0	240,0	0	992,0	0	0,0	ERA5
1040235	01/09/2022	03	31/08/2022	23	HAE	13,7	0	13,6	0	100,0	0	7,0	0	240,0	0	992,0	0	0,0	ERA5
1040236	01/09/2022	04	01/09/2022	00	HAE	15,3	0	14,8	0	97,0	0	16,0	0	330,0	0	993,0	0	0,0	ERA5
1040237	01/09/2022	05	01/09/2022	01	HAE	13,4	0	11,9	0	90,0	0	9,0	0	280,0	0	993,0	0	0,0	ERA5
1040238	01/09/2022	06	01/09/2022	02	HAE	13,1	0	12,4	0	95,0	0	11,0	0	260,0	0	994,0	0	0,0	ERA5
1040239	01/09/2022	07	01/09/2022	03	HAE	13,1	0	11,2	0	88,0	0	21,0	0	300,0	0	995,0	0	0,0	ERA5
1040240	01/09/2022	08	01/09/2022	04	HAE	12,3	0	10,8	0	90,0	0	14,0	0	290,0	0	996,0	0	0,0	ERA5
1040241	01/09/2022	09	01/09/2022	05	HAE	11,5	0	9,7	0	89,0	0	18,0	0	290,0	0	997,0	0	0,0	ERA5
1040242	01/09/2022	10	01/09/2022	06	HAE	10,9	0	8,4	0	85,0	0	24,0	0	280,0	0	998,0	0	0,0	ERA5
1040243	01/09/2022	11	01/09/2022	07	HAE	11,0	0	8,9	0	87,0	0	23,0	0	300,0	0	999,0	0	37,4	ERA5
1040244	01/09/2022	12	01/09/2022	08	HAE	10,4	0	7,9	0	84,0	0	23,0	0	290,0	0	1000,0	0	440,5	ERA5
1040245	01/09/2022	13	01/09/2022	09	HAE	11,8	0	7,2	0	73,0	0	31,0	0	300,0	0	1001,0	0	1070,3	ERA5
1040246	01/09/2022	14	01/09/2022	10	HAE	12,7	0	6,9	0	68,0	0	29,0	0	300,0	0	1001,0	0	1592,5	ERA5
1040247	01/09/2022	15	01/09/2022	11	HAE	13,3	0	7,0	0	66,0	0	20,0	0	290,0	0	1001,0	0	1937,6	ERA5
1040248	01/09/2022	16	01/09/2022	12	HAE	15,1	0	7,2	0	59,0	0	22,0	0	290,0	0	1002,0	0	2287,8	ERA5
1040249	01/09/2022	17	01/09/2022	13	HAE	16,4	0	7,4	0	55,0	0	25,0	0	290,0	0	1002,0	0	1897,8	ERA5
1040250	01/09/2022	18	01/09/2022	14	HAE	15,8	0	5,7	0	51,0	0	24,0	0	280,0	0	1002,0	0	1690,2	ERA5
1040251	01/09/2022	19	01/09/2022	15	HAE	16,1	0	8,2	0	59,0	0	17,0	0	300,0	0	1002,0	0	1261,2	ERA5
1040252	01/09/2022	20	01/09/2022	16	HAE	16,4	0	8,3	0	58,0	0	17,0	0	280,0	0	1003,0	0	979,3	ERA5
1040253	01/09/2022	21	01/09/2022	17	HAE	17,5	0	8,7	0	56,0	0	14,0	0	270,0	0	1003,0	0	834,8	ERA5
1040254	01/09/2022	22	01/09/2022	18	HAE	17,5	0	8,1	0	54,0	0	21,0	0	290,0	0	1003,0	0	756,3	ERA5
1040255	01/09/2022	23	01/09/2022	19	HAE	16,1	0	9,4	0	64,0	0	6,0	0	240,0	0	1003,0	0	424,3	ERA5
1040256	02/09/2022	00	01/09/2022	20	HAE	14,3	0	8,8	0	69,0	0	4,0	0	240,0	0	1003,0	0	59,3	ERA5
1040257	02/09/2022	01	01/09/2022	21	HAE	12,9	0	8,7	0	75,0	0	10,0	0	170,0	0	1004,0	0	0,0	ERA5
1040258	02/09/2022	02	01/09/2022	22	HAE	12,6	0	8,9	0	78,0	0	13,0	0	160,0	0	1004,0	0	0,0	ERA5
1040259	02/09/2022	03	01/09/2022	23	HAE	10,9	0	8,6	0	86,0	0	10,0	0	170,0	0	1005,0	0	0,0	ERA5
1040260	02/09/2022	04	02/09/2022	00	HAE	11,7	0	8,0	0	78,0	0	12,0	0	140,0	0	1005,0	0	0,0	ERA5
1040261	02/09/2022	05	02/09/2022	01	HAE	10,1	0	7,9	0	86,0	0	10,0	0	160,0	0	1005,0	0	0,0	ERA5
1040262	02/09/2022	06	02/09/2022	02	HAE	9,7	0	8,1	0	90,0	0	8,0	0	160,0	0	1005,0	0	0,0	ERA5
1040263	02/09/2022	07	02/09/2022	03	HAE	10,3	0	8,9	0	91,0	0	6,0	0	170,0	0	1006,0	0	0,0	ERA5
1040264	02/09/2022	08	02/09/2022	04	HAE	9,3	0	8,8	0	97,0	0	7,0	0	210,0	0	1006,0	0	0,0	ERA5
1040265	02/09/2022	09	02/09/2022	05	HAE	9,3	0	8,9	0	97,0	0	5,0	0	110,0	0	1006,0	0	0,0	ERA5
1040266	02/09/2022	10	02/09/2022	06	HAE	9,6	0	9,4	0	99,0	0	4,0	0	160,0	0	1007,0	0	0,0	ERA5
1040267	02/09/2022	11	02/09/2022	07	HAE	10,0	0	9,6	0	97,0	0	2,0	0	0,0	0	1008,0	0	37,5	ERA5
1040268	02/09/2022	12	02/09/2022	08	HAE	11,6	0	10,8	0	95,0	0	12,0	0	180,0	0	1009,0	0	439,4	ERA5
1040269	02/09/2022	13	02/09/2022	09	HAE	15,3	0	12,4	0	83,0	0	13,0	0	200,0	0	1009,0	0	965,9	ERA5
1040270	02/09/2022	14	02/09/2022	10	HAE	18,5	0	12,4	0	67,0	0	14,0	0	180,0	0	1009,0	0	1546,9	ERA5
1040271	02/09/2022	15	02/09/2022	11	HAE	20,2	0	16,1	0	77,0	0	10,0	0	170,0	0	1009,0	0	1949,8	ERA5
1040272	02/09/2022	16	02/09/2022	12	HAE	21,8	0	15,7	0	68,0	0	16,0	0	200,0	0	1009,0	0	2428,4	ERA5
1040273	02/09/2022	17	02/09/2022	13	HAE	23,6	0	16,0	0	62,0	0	22,0	0	170,0	0	1008,0	0	2757,3	ERA5
1040274	02/09/2022	18	02/09/2022	14	HAE	24,8	0	15,4	0	56,0	0	17,0	0	190,0	0	1008,0	0	2759,7	ERA5
1040275	02/09/2022	19	02/09/2022	15	HAE	25,1	0	14,5	0	51,0	0	22,0	0	190,0	0	1008,0	0	2616,7	ERA5
1040276	02/09/2022	20	02/09/2022	16	HAE	25,2	0	15,8	0	55,0	0	17,0	0	170,0	0	1008,0	0	2254,2	ERA5
1040277	02/09/2022	21	02/09/2022	17	HAE	25,0	0	15,5	0	55,0	0	17,0	0	190,0	0	1008,0	0	1747,2	ERA5
1040278	02/09/2022	22	02/09/2022	18	HAE	24,4	0	15,4	0	57,0	0	18,0	0	200,0	0	1008,0	0	1064,7	ERA5
1040279	02/09/2022	23	02/09/2022	19	HAE	22,5	0	15,0	0	62,0	0	16,0	0	210,0	0	1008,0	0	462,8	ERA5
1040280	03/09/2022	00	02/09/2022	20	HAE	20,6	0	14,7	0	68,0	0	10,0	0	200,0	0	1008,0	0	45,0	ERA5
1040281	03/09/2022	01	02/09/2022	21	HAE	19,6	0	14,6	0	72,0	0	8,0	0	190,0	0	1009,0	0	0,0	ERA5
1040282	03/09/2022	02	02/09/2022	22	HAE	18,5	0	14,3	0	76,0	0	7,0	0	170,0	0	1008,0	0	0,0	ERA5
1040283	03/09/2022	03	02/09/2022	23	HAE	18,1	0	14,2	0	77,0	0	8,0	0	170,0	0	1008,0	0	0,0	ERA5
1040284	03/09/2022	04	03/09/2022	00	HAE	17,2	0	13,8	0	80,0	0	5,0	0	160,0	0	1008,0	0	0,0	ERA5
1040285	03/09/2022	05	03/09/2022	01	HAE	16,4	0	13,5	0	83,0	0	6,0	0	160,0	0	1008,0	0	0,0	ERA5
1040286	03/09/2022	06	03/09/2022	02	HAE	15,7	0	13,3	0	86,0	0	8,0	0	160,0	0	1008,0	0	0,0	ERA5
1040287	03/09/2022	07	03/09/2022	03	HAE	16,9	0	13,9	0	83,0	0	5,0	0	120,0	0	1008,0	0	0,0	ERA5
1040288	03/09/2022	08	03/09/2022	04	HAE	14,3	0	13,2	0	93,0	0	7,0	0	130,0	0	1008,0	0	0,0	ERA5
1040289	03/09/2022	09	03/09/2022	05	HAE	13,5	0	11,9	0	90,0	0	10,0	0	130,0	0	1008,0	0	0,0	ERA5
1040290	03/09/2022	10	03/09/2022	06	HAE	14,1	0	12,4	0	89,0	0	10,0	0	150,0	0	1008,0	0	0,0	ERA5
1040291	03/09/2022	11	03/09/2022	07	HAE	14,7	0	12,7	0	87,0	0	10,0	0	150,0	0	1008,0	0	30,2	ERA5
1040292	03/09/2022	12	03/09/2022	08	HAE	15,8	0	13,5	0	86,0	0	5,0	0	130,0	0	1008,0	0	306,3	ERA5
1040293	03/09/2022	13	03/09/2022	09	HAE	18,1	0	14,9	0	81,0	0	7,0	0	170,0	0	1008,0	0	837,6	ERA5
1040294	03/09/2022	14	03/09/2022	10	HAE	20,1	0	14,5	0	70,0	0	11,0	0	190,0	0	1008,0	0	1588,9	ERA5
1040295	03/09/2022	15	03/09/2022	11	HAE	22,4	0	15,7	0	65,0	0	14,0	0	160,0	0	1008,0	0	2209,4	ERA5
1040296	03/09/2022	16	03/09/2022	12	HAE	24,4	0	16,5	0	61,0	0	14,0	0	180,0	0	1007,0	0	2602,3	ERA5
1040297	03/09/2022	17	03/09/2022	13	HAE	25,9	0	17,6	0	60,0	0	16,0	0	160,0	0	1006,0	0	2812,8	ERA5
1040298	03/09/2022	18	03/09/2022	14	HAE	27,1	0	18,8	0	60,0	0	14,0	0	170,0	0	1006,0	0	2787,0	ERA5
1040299	03/09/2022	19	03/09/2022	15	HAE	27,6	0	19,0	0	59,0	0	17,0	0	170,0	0	1005,0	0	1923,1	ERA5
1040300	03/09/2022	20	03/09/2022	16	HAE	27,4	0	19,4	0	61,0	0	13,0	0	200,0	0	1004,0	0	1362,6	ERA5
1040301	03/09/2022	21	03/09/2022	17	HAE	27,7	0	19,3	0	59,0	0	22,0	0	200,0	0	1004,0	0	1261,9	ERA5
1040302	03/09/2022	22	03/09/2022	18	HAE	26,9	0	19,5	0	63,0	0	20,0	0	210,0	0	1004,0	0	657,5	ERA5
1040303	03/09/2022	23	03/09/2022	19	HAE	25,4	0	19,5	0	69,0	0	18,0	0	200,0	0	1004,0	0	225,7	ERA5
1040304	04/09/2022	00	03/09/2022	20	HAE	24,0	0	18,8	0	72,0	0	16,0	0	200,0	0	1004,0	0	24,0	ERA5
1040305	04/09/2022	01	03/09/2022	21	HAE	19,5	0	18,8	0	95,0	0	16,0	0	290,0	0	1006,0	0	0,0	ERA5
1040306	04/09/2022	02	03/09/2022	22	HAE	19,4	0	19,0	0	98,0	0	7,0	0	260,0	0	1006,0	0	0,0	ERA5
1040307	04/09/2022	03	03/09/2022	23	HAE	19,9	0	19,3	0	97,0	0	22,0	0	330,0	0	1006,0	0	0,0	ERA5
1040308	04/09/2022	04	04/09/2022	00	HAE	18,1	0	17,4	0	95,0	0	22,0	0	330,0	0	1006,0	0	0,0	ERA5
1040309	04/09/2022	05	04/09/2022	01	HAE	17,2	0	16,1	0	93,0	0	19,0	0	330,0	0	1007,0	0	0,0	ERA5
1040310	04/09/2022	06	04/09/2022	02	HAE	16,1	0	14,8	0	92,0	0	23,0	0	340,0	0	1007,0	0	0,0	ERA5
1040311	04/09/2022	07	04/09/2022	03	HAE	14,5	0	13,4	0	93,0	0	18,0	0	340,0	0	1007,0	0	0,0	ERA5
1040312	04/09/2022	08	04/09/2022	04	HAE	13,4	0	11,7	0	90,0	0	23,0	0	350,0	0	1008,0	0	0,0	ERA5
1040313	04/09/2022	09	04/09/2022	05	HAE	12,8	0	10,9	0	88,0	0	16,0	0	350,0	0	1008,0	0	0,0	ERA5
1040314	04/09/2022	10	04/09/2022	06	HAE	12,8	0	10,5	0	86,0	0	18,0	0	360,0	0	1009,0	0	0,0	ERA5
1040315	04/09/2022	11	04/09/2022	07	HAE	12,6	0	10,0	0	84,0	0	19,0	0	10,0	0	1009,0	0	7,9	ERA5
1040316	04/09/2022	12	04/09/2022	08	HAE	12,8	0	9,7	0	81,0	0	20,0	0	360,0	0	1010,0	0	95,7	ERA5
1040317	04/09/2022	13	04/09/2022	09	HAE	13,0	0	9,7	0	80,0	0	23,0	0	360,0	0	1010,0	0	298,5	ERA5
1040318	04/09/2022	14	04/09/2022	10	HAE	12,8	0	9,8	0	82,0	0	18,0	0	360,0	0	1011,0	0	570,3	ERA5
1040319	04/09/2022	15	04/09/2022	11	HAE	13,1	0	10,2	0	82,0	0	16,0	0	350,0	0	1011,0	0	590,6	ERA5
1040320	04/09/2022	16	04/09/2022	12	HAE	14,0	0	10,3	0	78,0	0	16,0	0	20,0	0	1010,0	0	752,7	ERA5
1040321	04/09/2022	17	04/09/2022	13	HAE	15,4	0	9,8	0	69,0	0	9,0	0	30,0	0	1010,0	0	952,6	ERA5
1040322	04/09/2022	18	04/09/2022	14	HAE	16,7	0	10,6	0	67,0	0	7,0	0	360,0	0	1010,0	0	1218,7	ERA5
1040323	04/09/2022	19	04/09/2022	15	HAE	16,6	0	10,3	0	66,0	0	3,0	0	90,0	0	1009,0	0	1372,4	ERA5
1040324	04/09/2022	20	04/09/2022	16	HAE	17,8	0	10,8	0	64,0	0	7,0	0	50,0	0	1009,0	0	1501,0	ERA5
1040325	04/09/2022	21	04/09/2022	17	HAE	17,9	0	11,1	0	64,0	0	1,0	0	0,0	0	1008,0	0	1101,7	ERA5
1040326	04/09/2022	22	04/09/2022	18	HAE	17,5	0	12,6	0	73,0	0	6,0	0	160,0	0	1008,0	0	714,3	ERA5
1040327	04/09/2022	23	04/09/2022	19	HAE	15,5	0	12,9	0	84,0	0	8,0	0	150,0	0	1008,0	0	293,6	ERA5
1040328	05/09/2022	00	04/09/2022	20	HAE	13,7	0	12,3	0	91,0	0	5,0	0	150,0	0	1008,0	0	28,9	ERA5
1040329	05/09/2022	01	04/09/2022	21	HAE	13,5	0	12,4	0	93,0	0	4,0	0	130,0	0	1009,0	0	0,0	ERA5
1040330	05/09/2022	02	04/09/2022	22	HAE	12,4	0	12,2	0	98,0	0	4,0	0	110,0	0	1009,0	0	0,0	ERA5
1040331	05/09/2022	03	04/09/2022	23	HAE	13,5	0	12,3	0	92,0	0	4,0	0	50,0	0	1009,0	0	0,0	ERA5
1040332	05/09/2022	04	05/09/2022	00	HAE	11,8	0	11,1	0	96,0	0	7,0	0	80,0	0	1009,0	0	0,0	ERA5
1040333	05/09/2022	05	05/09/2022	01	HAE	11,2	0	10,7	0	97,0	0	14,0	0	40,0	0	1009,0	0	0,0	ERA5
1040334	05/09/2022	06	05/09/2022	02	HAE	11,8	0	10,5	0	92,0	0	14,0	0	60,0	0	1008,0	0	0,0	ERA5
1040335	05/09/2022	07	05/09/2022	03	HAE	10,8	0	9,6	0	92,0	0	14,0	0	60,0	0	1008,0	0	0,0	ERA5
1040336	05/09/2022	08	05/09/2022	04	HAE	10,0	0	9,3	0	95,0	0	10,0	0	60,0	0	1009,0	0	0,0	ERA5
1040337	05/09/2022	09	05/09/2022	05	HAE	10,0	0	9,3	0	95,0	0	11,0	0	50,0	0	1009,0	0	0,0	ERA5
1040338	05/09/2022	10	05/09/2022	06	HAE	10,0	0	9,6	0	97,0	0	13,0	0	40,0	0	1008,0	0	0,0	ERA5
1040339	05/09/2022	11	05/09/2022	07	HAE	10,4	0	9,4	0	93,0	0	12,0	0	40,0	0	1009,0	0	19,0	ERA5
1040340	05/09/2022	12	05/09/2022	08	HAE	11,2	0	9,4	0	89,0	0	16,0	0	40,0	0	1009,0	0	254,7	ERA5
1040341	05/09/2022	13	05/09/2022	09	HAE	13,2	0	10,4	0	83,0	0	22,0	0	40,0	0	1009,0	0	778,3	ERA5
1040342	05/09/2022	14	05/09/2022	10	HAE	13,8	0	10,6	0	81,0	0	20,0	0	60,0	0	1009,0	0	1336,0	ERA5
1040343	05/09/2022	15	05/09/2022	11	HAE	15,3	0	11,2	0	76,0	0	10,0	0	70,0	0	1009,0	0	1811,6	ERA5
1040344	05/09/2022	16	05/09/2022	12	HAE	17,8	0	12,3	0	70,0	0	15,0	0	80,0	0	1009,0	0	1905,3	ERA5
1040345	05/09/2022	17	05/09/2022	13	HAE	17,2	0	11,8	0	70,0	0	18,0	0	100,0	0	1008,0	0	1932,2	ERA5
1040346	05/09/2022	18	05/09/2022	14	HAE	19,0	0	13,3	0	69,0	0	13,0	0	70,0	0	1008,0	0	2211,9	ERA5
1040347	05/09/2022	19	05/09/2022	15	HAE	20,0	0	13,5	0	66,0	0	11,0	0	70,0	0	1008,0	0	1475,0	ERA5
1040348	05/09/2022	20	05/09/2022	16	HAE	20,8	0	13,1	0	61,0	0	13,0	0	70,0	0	1007,0	0	922,1	ERA5
1040349	05/09/2022	21	05/09/2022	17	HAE	20,6	0	12,3	0	58,0	0	14,0	0	70,0	0	1007,0	0	761,9	ERA5
1040350	05/09/2022	22	05/09/2022	18	HAE	19,8	0	13,9	0	68,0	0	14,0	0	110,0	0	1007,0	0	610,4	ERA5
1040351	05/09/2022	23	05/09/2022	19	HAE	17,2	0	14,1	0	82,0	0	8,0	0	140,0	0	1007,0	0	324,4	ERA5
1040352	06/09/2022	00	05/09/2022	20	HAE	15,5	0	13,4	0	87,0	0	8,0	0	100,0	0	1007,0	0	20,6	ERA5
1040353	06/09/2022	01	05/09/2022	21	HAE	14,5	0	12,9	0	90,0	0	8,0	0	80,0	0	1007,0	0	0,0	ERA5
1040354	06/09/2022	02	05/09/2022	22	HAE	14,3	0	13,1	0	93,0	0	8,0	0	50,0	0	1008,0	0	0,0	ERA5
1040355	06/09/2022	03	05/09/2022	23	HAE	13,5	0	12,3	0	93,0	0	13,0	0	40,0	0	1007,0	0	0,0	ERA5
1040356	06/09/2022	04	06/09/2022	00	HAE	13,3	0	11,9	0	91,0	0	15,0	0	40,0	0	1007,0	0	0,0	ERA5
1040357	06/09/2022	05	06/09/2022	01	HAE	12,7	0	11,2	0	90,0	0	14,0	0	50,0	0	1007,0	0	0,0	ERA5
1040358	06/09/2022	06	06/09/2022	02	HAE	12,2	0	10,7	0	90,0	0	13,0	0	40,0	0	1007,0	0	0,0	ERA5
1040359	06/09/2022	07	06/09/2022	03	HAE	12,9	0	11,2	0	89,0	0	18,0	0	20,0	0	1007,0	0	0,0	ERA5
1040360	06/09/2022	08	06/09/2022	04	HAE	12,3	0	10,7	0	90,0	0	16,0	0	30,0	0	1006,0	0	0,0	ERA5
1040361	06/09/2022	09	06/09/2022	05	HAE	12,2	0	10,5	0	89,0	0	16,0	0	30,0	0	1007,0	0	0,0	ERA5
1040362	06/09/2022	10	06/09/2022	06	HAE	11,8	0	10,2	0	90,0	0	16,0	0	20,0	0	1007,0	0	0,0	ERA5
1040363	06/09/2022	11	06/09/2022	07	HAE	11,8	0	10,0	0	89,0	0	15,0	0	40,0	0	1007,0	0	14,5	ERA5
1040364	06/09/2022	12	06/09/2022	08	HAE	12,6	0	10,6	0	88,0	0	19,0	0	50,0	0	1008,0	0	224,2	ERA5
1040365	06/09/2022	13	06/09/2022	09	HAE	14,2	0	11,5	0	84,0	0	19,0	0	60,0	0	1008,0	0	640,8	ERA5
1040366	06/09/2022	14	06/09/2022	10	HAE	15,4	0	11,8	0	79,0	0	26,0	0	50,0	0	1008,0	0	1179,5	ERA5
1040367	06/09/2022	15	06/09/2022	11	HAE	16,5	0	12,6	0	77,0	0	16,0	0	50,0	0	1008,0	0	1598,2	ERA5
1040368	06/09/2022	16	06/09/2022	12	HAE	18,0	0	13,2	0	73,0	0	21,0	0	60,0	0	1008,0	0	1586,3	ERA5
1040369	06/09/2022	17	06/09/2022	13	HAE	19,1	0	13,9	0	72,0	0	21,0	0	60,0	0	1007,0	0	1847,9	ERA5
1040370	06/09/2022	18	06/09/2022	14	HAE	20,4	0	14,4	0	68,0	0	14,0	0	90,0	0	1007,0	0	1659,2	ERA5
1040371	06/09/2022	19	06/09/2022	15	HAE	21,5	0	15,0	0	66,0	0	23,0	0	50,0	0	1006,0	0	1814,0	ERA5
1040372	06/09/2022	20	06/09/2022	16	HAE	21,4	0	14,9	0	66,0	0	20,0	0	70,0	0	1006,0	0	1628,1	ERA5
1040373	06/09/2022	21	06/09/2022	17	HAE	21,0	0	15,7	0	71,0	0	14,0	0	70,0	0	1006,0	0	865,8	ERA5
1040374	06/09/2022	22	06/09/2022	18	HAE	20,1	0	15,7	0	76,0	0	13,0	0	80,0	0	1006,0	0	509,8	ERA5
1040375	06/09/2022	23	06/09/2022	19	HAE	19,4	0	15,5	0	78,0	0	14,0	0	80,0	0	1006,0	0	203,9	ERA5
1040376	07/09/2022	00	06/09/2022	20	HAE	18,9	0	15,4	0	80,0	0	13,0	0	70,0	0	1006,0	0	16,7	ERA5
1040377	07/09/2022	01	06/09/2022	21	HAE	18,4	0	15,7	0	84,0	0	8,0	0	70,0	0	1007,0	0	0,0	ERA5
1040378	07/09/2022	02	06/09/2022	22	HAE	18,1	0	15,8	0	86,0	0	7,0	0	60,0	0	1007,0	0	0,0	ERA5
1040379	07/09/2022	03	06/09/2022	23	HAE	17,6	0	15,9	0	89,0	0	9,0	0	50,0	0	1007,0	0	0,0	ERA5
1040380	07/09/2022	04	07/09/2022	00	HAE	17,6	0	15,6	0	88,0	0	13,0	0	40,0	0	1006,0	0	0,0	ERA5
1040381	07/09/2022	05	07/09/2022	01	HAE	17,1	0	15,4	0	89,0	0	14,0	0	40,0	0	1006,0	0	0,0	ERA5
1040382	07/09/2022	06	07/09/2022	02	HAE	16,5	0	15,0	0	90,0	0	13,0	0	40,0	0	1006,0	0	0,0	ERA5
1040383	07/09/2022	07	07/09/2022	03	HAE	16,6	0	14,8	0	89,0	0	12,0	0	40,0	0	1006,0	0	0,0	ERA5
1040384	07/09/2022	08	07/09/2022	04	HAE	16,4	0	14,7	0	90,0	0	13,0	0	40,0	0	1005,0	0	0,0	ERA5
1040385	07/09/2022	09	07/09/2022	05	HAE	16,3	0	14,7	0	90,0	0	14,0	0	40,0	0	1005,0	0	0,0	ERA5
1040386	07/09/2022	10	07/09/2022	06	HAE	16,3	0	14,8	0	91,0	0	11,0	0	50,0	0	1005,0	0	0,0	ERA5
1040387	07/09/2022	11	07/09/2022	07	HAE	16,6	0	14,8	0	89,0	0	13,0	0	40,0	0	1006,0	0	14,6	ERA5
1040388	07/09/2022	12	07/09/2022	08	HAE	17,3	0	15,2	0	87,0	0	9,0	0	50,0	0	1006,0	0	217,6	ERA5
1040389	07/09/2022	13	07/09/2022	09	HAE	17,9	0	15,4	0	85,0	0	11,0	0	40,0	0	1005,0	0	589,6	ERA5
1040390	07/09/2022	14	07/09/2022	10	HAE	18,7	0	15,6	0	82,0	0	11,0	0	50,0	0	1006,0	0	1036,0	ERA5
1040391	07/09/2022	15	07/09/2022	11	HAE	21,1	0	16,5	0	75,0	0	3,0	0	40,0	0	1006,0	0	1454,4	ERA5
1040392	07/09/2022	16	07/09/2022	12	HAE	21,4	0	15,6	0	69,0	0	7,0	0	360,0	0	1005,0	0	1768,1	ERA5
1040393	07/09/2022	17	07/09/2022	13	HAE	21,9	0	15,8	0	68,0	0	4,0	0	80,0	0	1005,0	0	1968,7	ERA5
1040394	07/09/2022	18	07/09/2022	14	HAE	22,5	0	15,7	0	65,0	0	7,0	0	50,0	0	1004,0	0	2080,1	ERA5
1040395	07/09/2022	19	07/09/2022	15	HAE	22,9	0	16,7	0	67,0	0	5,0	0	30,0	0	1003,0	0	1326,4	ERA5
1040396	07/09/2022	20	07/09/2022	16	HAE	23,1	0	15,4	0	61,0	0	2,0	0	0,0	0	1003,0	0	1626,5	ERA5
1040397	07/09/2022	21	07/09/2022	17	HAE	23,2	0	16,4	0	65,0	0	13,0	0	240,0	0	1003,0	0	1065,9	ERA5
1040398	07/09/2022	22	07/09/2022	18	HAE	21,8	0	16,8	0	73,0	0	11,0	0	270,0	0	1002,0	0	863,2	ERA5
1040399	07/09/2022	23	07/09/2022	19	HAE	20,3	0	16,7	0	80,0	0	10,0	0	260,0	0	1002,0	0	382,2	ERA5
1040400	08/09/2022	00	07/09/2022	20	HAE	19,3	0	16,1	0	81,0	0	11,0	0	300,0	0	1002,0	0	23,8	ERA5
1040401	08/09/2022	01	07/09/2022	21	HAE	17,4	0	15,2	0	87,0	0	9,0	0	280,0	0	1003,0	0	0,0	ERA5
1040402	08/09/2022	02	07/09/2022	22	HAE	18,1	0	15,6	0	85,0	0	9,0	0	310,0	0	1002,0	0	0,0	ERA5
1040403	08/09/2022	03	07/09/2022	23	HAE	17,1	0	15,6	0	91,0	0	7,0	0	320,0	0	1002,0	0	0,0	ERA5
1040404	08/09/2022	04	08/09/2022	00	HAE	16,5	0	15,8	0	96,0	0	5,0	0	300,0	0	1002,0	0	0,0	ERA5
1040405	08/09/2022	05	08/09/2022	01	HAE	15,4	0	15,1	0	98,0	0	7,0	0	300,0	0	1002,0	0	0,0	ERA5
1040406	08/09/2022	06	08/09/2022	02	HAE	15,8	0	15,8	0	100,0	0	6,0	0	320,0	0	1002,0	0	0,0	ERA5
1040407	08/09/2022	07	08/09/2022	03	HAE	14,8	0	14,8	0	100,0	0	9,0	0	300,0	0	1002,0	0	0,0	ERA5
1040408	08/09/2022	08	08/09/2022	04	HAE	13,8	0	13,7	0	99,0	0	5,0	0	290,0	0	1001,0	0	0,0	ERA5
1040409	08/09/2022	09	08/09/2022	05	HAE	14,0	0	14,0	0	100,0	0	5,0	0	290,0	0	1002,0	0	0,0	ERA5
1040410	08/09/2022	10	08/09/2022	06	HAE	13,8	0	13,8	0	100,0	0	7,0	0	270,0	0	1001,0	0	0,0	ERA5
1040411	08/09/2022	11	08/09/2022	07	HAE	13,2	0	13,2	0	100,0	0	5,0	0	260,0	0	1002,0	0	20,0	ERA5
1040412	08/09/2022	12	08/09/2022	08	HAE	14,2	0	14,2	0	100,0	0	5,0	0	270,0	0	1002,0	0	395,4	ERA5
1040413	08/09/2022	13	08/09/2022	09	HAE	15,8	0	15,8	0	100,0	0	4,0	0	290,0	0	1002,0	0	1018,2	ERA5
1040414	08/09/2022	14	08/09/2022	10	HAE	18,9	0	17,0	0	89,0	0	4,0	0	250,0	0	1002,0	0	1642,3	ERA5
1040415	08/09/2022	15	08/09/2022	11	HAE	22,0	0	16,7	0	71,0	0	8,0	0	280,0	0	1002,0	0	2172,5	ERA5
1040416	08/09/2022	16	08/09/2022	12	HAE	23,5	0	16,3	0	63,0	0	9,0	0	240,0	0	1001,0	0	2554,3	ERA5
1040417	08/09/2022	17	08/09/2022	13	HAE	24,7	0	16,0	0	58,0	0	7,0	0	220,0	0	1001,0	0	2764,1	ERA5
1040418	08/09/2022	18	08/09/2022	14	HAE	25,2	0	13,9	0	49,0	0	3,0	0	200,0	0	1000,0	0	2767,3	ERA5
1040419	08/09/2022	19	08/09/2022	15	HAE	26,0	0	15,2	0	51,0	0	11,0	0	270,0	0	1000,0	0	2408,1	ERA5
1040420	08/09/2022	20	08/09/2022	16	HAE	26,7	0	15,4	0	49,0	0	4,0	0	330,0	0	999,0	0	2106,3	ERA5
1040421	08/09/2022	21	08/09/2022	17	HAE	26,2	0	14,9	0	49,0	0	7,0	0	320,0	0	999,0	0	1462,6	ERA5
1040422	08/09/2022	22	08/09/2022	18	HAE	25,4	0	14,2	0	49,0	0	6,0	0	250,0	0	999,0	0	1006,1	ERA5
1040423	08/09/2022	23	08/09/2022	19	HAE	23,4	0	13,8	0	54,0	0	5,0	0	240,0	0	999,0	0	403,2	ERA5
1040424	09/09/2022	00	08/09/2022	20	HAE	22,5	0	12,7	0	53,0	0	5,0	0	220,0	0	1000,0	0	21,2	ERA5
1040425	09/09/2022	01	08/09/2022	21	HAE	17,3	0	13,3	0	77,0	0	5,0	0	200,0	0	1000,0	0	0,0	ERA5
1040426	09/09/2022	02	08/09/2022	22	HAE	17,4	0	13,7	0	79,0	0	8,0	0	180,0	0	1000,0	0	0,0	ERA5
1040427	09/09/2022	03	08/09/2022	23	HAE	16,7	0	14,1	0	84,0	0	7,0	0	190,0	0	1000,0	0	0,0	ERA5
1040428	09/09/2022	04	09/09/2022	00	HAE	16,4	0	15,3	0	93,0	0	12,0	0	180,0	0	1000,0	0	0,0	ERA5
1040429	09/09/2022	05	09/09/2022	01	HAE	15,9	0	14,5	0	91,0	0	5,0	0	220,0	0	1001,0	0	0,0	ERA5
1040430	09/09/2022	06	09/09/2022	02	HAE	14,2	0	13,8	0	98,0	0	5,0	0	200,0	0	1001,0	0	0,0	ERA5
1040431	09/09/2022	07	09/09/2022	03	HAE	13,7	0	13,6	0	100,0	0	7,0	0	220,0	0	1002,0	0	0,0	ERA5
1040432	09/09/2022	08	09/09/2022	04	HAE	14,5	0	14,4	0	100,0	0	9,0	0	200,0	0	1002,0	0	0,0	ERA5
1040433	09/09/2022	09	09/09/2022	05	HAE	13,6	0	13,6	0	99,0	0	6,0	0	190,0	0	1002,0	0	0,0	ERA5
1040434	09/09/2022	10	09/09/2022	06	HAE	12,8	0	12,8	0	100,0	0	3,0	0	210,0	0	1003,0	0	0,0	ERA5
1040435	09/09/2022	11	09/09/2022	07	HAE	13,9	0	13,9	0	100,0	0	5,0	0	180,0	0	1003,0	0	17,9	ERA5
1040436	09/09/2022	12	09/09/2022	08	HAE	14,8	0	14,8	0	100,0	0	5,0	0	190,0	0	1003,0	0	373,2	ERA5
1040437	09/09/2022	13	09/09/2022	09	HAE	17,0	0	16,1	0	95,0	0	8,0	0	200,0	0	1004,0	0	977,9	ERA5
1040438	09/09/2022	14	09/09/2022	10	HAE	20,0	0	16,9	0	82,0	0	8,0	0	230,0	0	1004,0	0	1591,8	ERA5
1040439	09/09/2022	15	09/09/2022	11	HAE	22,6	0	17,0	0	70,0	0	9,0	0	210,0	0	1004,0	0	2123,1	ERA5
1040440	09/09/2022	16	09/09/2022	12	HAE	24,4	0	17,5	0	65,0	0	10,0	0	220,0	0	1004,0	0	2484,2	ERA5
1040441	09/09/2022	17	09/09/2022	13	HAE	24,9	0	16,2	0	58,0	0	7,0	0	240,0	0	1004,0	0	2676,1	ERA5
1040442	09/09/2022	18	09/09/2022	14	HAE	25,8	0	16,7	0	57,0	0	12,0	0	210,0	0	1004,0	0	2579,5	ERA5
1040443	09/09/2022	19	09/09/2022	15	HAE	26,2	0	16,5	0	55,0	0	11,0	0	200,0	0	1004,0	0	1883,2	ERA5
1040444	09/09/2022	20	09/09/2022	16	HAE	26,4	0	16,7	0	55,0	0	14,0	0	220,0	0	1003,0	0	1195,5	ERA5
1040445	09/09/2022	21	09/09/2022	17	HAE	25,8	0	16,4	0	56,0	0	14,0	0	190,0	0	1003,0	0	1152,9	ERA5
1040446	09/09/2022	22	09/09/2022	18	HAE	24,8	0	16,3	0	58,0	0	15,0	0	230,0	0	1004,0	0	824,5	ERA5
1040447	09/09/2022	23	09/09/2022	19	HAE	22,8	0	17,2	0	70,0	0	8,0	0	180,0	0	1004,0	0	351,9	ERA5
1040448	10/09/2022	00	09/09/2022	20	HAE	21,0	0	17,1	0	78,0	0	9,0	0	180,0	0	1004,0	0	17,2	ERA5
1040449	10/09/2022	01	09/09/2022	21	HAE	20,0	0	16,8	0	82,0	0	5,0	0	180,0	0	1005,0	0	0,0	ERA5
1040450	10/09/2022	02	09/09/2022	22	HAE	19,5	0	16,7	0	84,0	0	7,0	0	200,0	0	1005,0	0	0,0	ERA5
1040451	10/09/2022	03	09/09/2022	23	HAE	18,3	0	15,5	0	84,0	0	8,0	0	190,0	0	1006,0	0	0,0	ERA5
1040452	10/09/2022	04	10/09/2022	00	HAE	17,3	0	15,6	0	90,0	0	7,0	0	180,0	0	1006,0	0	0,0	ERA5
1040453	10/09/2022	05	10/09/2022	01	HAE	16,4	0	15,3	0	93,0	0	9,0	0	180,0	0	1006,0	0	0,0	ERA5
1040454	10/09/2022	06	10/09/2022	02	HAE	16,1	0	15,3	0	95,0	0	8,0	0	170,0	0	1006,0	0	0,0	ERA5
1040455	10/09/2022	07	10/09/2022	03	HAE	15,8	0	15,0	0	95,0	0	7,0	0	170,0	0	1007,0	0	0,0	ERA5
1040456	10/09/2022	08	10/09/2022	04	HAE	14,8	0	14,3	0	97,0	0	5,0	0	150,0	0	1007,0	0	0,0	ERA5
1040457	10/09/2022	09	10/09/2022	05	HAE	15,6	0	15,2	0	98,0	0	1,0	0	0,0	0	1007,0	0	0,0	ERA5
1040458	10/09/2022	10	10/09/2022	06	HAE	13,8	0	13,4	0	98,0	0	2,0	0	0,0	0	1007,0	0	0,0	ERA5
1040459	10/09/2022	11	10/09/2022	07	HAE	13,7	0	13,5	0	99,0	0	5,0	0	40,0	0	1008,0	0	15,3	ERA5
1040460	10/09/2022	12	10/09/2022	08	HAE	16,3	0	15,6	0	96,0	0	4,0	0	70,0	0	1008,0	0	339,1	ERA5
1040461	10/09/2022	13	10/09/2022	09	HAE	18,4	0	16,7	0	90,0	0	3,0	0	140,0	0	1008,0	0	863,5	ERA5
1040462	10/09/2022	14	10/09/2022	10	HAE	20,7	0	17,6	0	82,0	0	6,0	0	240,0	0	1009,0	0	1568,6	ERA5
1040463	10/09/2022	15	10/09/2022	11	HAE	22,9	0	18,1	0	74,0	0	5,0	0	200,0	0	1008,0	0	2112,4	ERA5
1040464	10/09/2022	16	10/09/2022	12	HAE	24,8	0	18,7	0	68,0	0	8,0	0	200,0	0	1008,0	0	2481,3	ERA5
1040465	10/09/2022	17	10/09/2022	13	HAE	26,1	0	19,1	0	65,0	0	13,0	0	150,0	0	1008,0	0	2687,0	ERA5
1040466	10/09/2022	18	10/09/2022	14	HAE	26,9	0	19,6	0	64,0	0	11,0	0	170,0	0	1008,0	0	2378,8	ERA5
1040467	10/09/2022	19	10/09/2022	15	HAE	28,6	0	19,5	0	57,0	0	14,0	0	140,0	0	1007,0	0	2012,3	ERA5
1040468	10/09/2022	20	10/09/2022	16	HAE	28,6	0	17,5	0	50,0	0	15,0	0	200,0	0	1007,0	0	1623,2	ERA5
1040469	10/09/2022	21	10/09/2022	17	HAE	27,4	0	17,7	0	55,0	0	17,0	0	180,0	0	1007,0	0	1356,3	ERA5
1040470	10/09/2022	22	10/09/2022	18	HAE	25,5	0	16,5	0	57,0	0	14,0	0	180,0	0	1007,0	0	878,7	ERA5
1040471	10/09/2022	23	10/09/2022	19	HAE	23,6	0	16,9	0	66,0	0	9,0	0	180,0	0	1007,0	0	347,7	ERA5
1040472	11/09/2022	00	10/09/2022	20	HAE	21,9	0	15,4	0	66,0	0	10,0	0	200,0	0	1007,0	0	13,8	ERA5
1040473	11/09/2022	01	10/09/2022	21	HAE	19,4	0	14,6	0	74,0	0	7,0	0	140,0	0	1007,0	0	0,0	ERA5
1040474	11/09/2022	02	10/09/2022	22	HAE	19,0	0	14,2	0	74,0	0	6,0	0	190,0	0	1007,0	0	0,0	ERA5
1040475	11/09/2022	03	10/09/2022	23	HAE	18,6	0	13,7	0	73,0	0	7,0	0	170,0	0	1007,0	0	0,0	ERA5
1040476	11/09/2022	04	11/09/2022	00	HAE	16,5	0	13,6	0	83,0	0	4,0	0	150,0	0	1007,0	0	0,0	ERA5
1040477	11/09/2022	05	11/09/2022	01	HAE	15,5	0	13,1	0	85,0	0	1,0	0	0,0	0	1007,0	0	0,0	ERA5
1040478	11/09/2022	06	11/09/2022	02	HAE	13,4	0	12,6	0	95,0	0	7,0	0	90,0	0	1007,0	0	0,0	ERA5
1040479	11/09/2022	07	11/09/2022	03	HAE	12,7	0	11,6	0	93,0	0	7,0	0	90,0	0	1007,0	0	0,0	ERA5
1040480	11/09/2022	08	11/09/2022	04	HAE	15,1	0	13,4	0	90,0	0	4,0	0	100,0	0	1006,0	0	0,0	ERA5
1040481	11/09/2022	09	11/09/2022	05	HAE	15,0	0	13,8	0	93,0	0	5,0	0	90,0	0	1006,0	0	0,0	ERA5
1040482	11/09/2022	10	11/09/2022	06	HAE	13,4	0	12,6	0	95,0	0	4,0	0	100,0	0	1006,0	0	0,0	ERA5
1040483	11/09/2022	11	11/09/2022	07	HAE	14,4	0	13,8	0	96,0	0	8,0	0	60,0	0	1006,0	0	12,0	ERA5
1040484	11/09/2022	12	11/09/2022	08	HAE	15,3	0	14,8	0	97,0	0	6,0	0	130,0	0	1006,0	0	251,1	ERA5
1040485	11/09/2022	13	11/09/2022	09	HAE	18,4	0	15,9	0	85,0	0	4,0	0	230,0	0	1006,0	0	595,3	ERA5
1040486	11/09/2022	14	11/09/2022	10	HAE	21,1	0	17,1	0	77,0	0	4,0	0	210,0	0	1006,0	0	1162,8	ERA5
1040487	11/09/2022	15	11/09/2022	11	HAE	23,1	0	17,7	0	71,0	0	3,0	0	250,0	0	1005,0	0	1892,8	ERA5
1040488	11/09/2022	16	11/09/2022	12	HAE	24,2	0	18,7	0	71,0	0	10,0	0	210,0	0	1005,0	0	2464,5	ERA5
1040489	11/09/2022	17	11/09/2022	13	HAE	24,9	0	17,2	0	62,0	0	12,0	0	180,0	0	1004,0	0	2643,7	ERA5
1040490	11/09/2022	18	11/09/2022	14	HAE	25,4	0	17,4	0	60,0	0	8,0	0	160,0	0	1004,0	0	2180,2	ERA5
1040491	11/09/2022	19	11/09/2022	15	HAE	25,2	0	17,0	0	60,0	0	14,0	0	160,0	0	1003,0	0	1168,2	ERA5
1040492	11/09/2022	20	11/09/2022	16	HAE	24,2	0	16,7	0	62,0	0	13,0	0	180,0	0	1003,0	0	905,7	ERA5
1040493	11/09/2022	21	11/09/2022	17	HAE	23,4	0	17,1	0	67,0	0	16,0	0	190,0	0	1002,0	0	499,0	ERA5
1040494	11/09/2022	22	11/09/2022	18	HAE	22,2	0	17,6	0	75,0	0	11,0	0	180,0	0	1002,0	0	263,2	ERA5
1040495	11/09/2022	23	11/09/2022	19	HAE	21,2	0	17,7	0	80,0	0	12,0	0	190,0	0	1002,0	0	72,6	ERA5
1040496	12/09/2022	00	11/09/2022	20	HAE	20,3	0	17,4	0	83,0	0	9,0	0	210,0	0	1002,0	0	2,6	ERA5
1040497	12/09/2022	01	11/09/2022	21	HAE	19,1	0	17,4	0	89,0	0	8,0	0	180,0	0	1002,0	0	0,0	ERA5
1040498	12/09/2022	02	11/09/2022	22	HAE	18,5	0	17,1	0	91,0	0	7,0	0	180,0	0	1002,0	0	0,0	ERA5
1040499	12/09/2022	03	11/09/2022	23	HAE	17,8	0	16,8	0	94,0	0	7,0	0	160,0	0	1001,0	0	0,0	ERA5
1040500	12/09/2022	04	12/09/2022	00	HAE	17,9	0	16,9	0	94,0	0	6,0	0	200,0	0	1001,0	0	0,0	ERA5
1040501	12/09/2022	05	12/09/2022	01	HAE	17,1	0	16,4	0	96,0	0	7,0	0	190,0	0	1001,0	0	0,0	ERA5
1040502	12/09/2022	06	12/09/2022	02	HAE	16,7	0	16,2	0	97,0	0	7,0	0	180,0	0	1000,0	0	0,0	ERA5
1040503	12/09/2022	07	12/09/2022	03	HAE	15,9	0	15,4	0	97,0	0	7,0	0	150,0	0	1000,0	0	0,0	ERA5
1040504	12/09/2022	08	12/09/2022	04	HAE	15,3	0	15,2	0	99,0	0	8,0	0	180,0	0	1000,0	0	0,0	ERA5
1040505	12/09/2022	09	12/09/2022	05	HAE	15,7	0	15,7	0	100,0	0	1,0	0	0,0	0	999,0	0	0,0	ERA5
1040506	12/09/2022	10	12/09/2022	06	HAE	14,4	0	14,4	0	100,0	0	4,0	0	70,0	0	999,0	0	0,0	ERA5
1040507	12/09/2022	11	12/09/2022	07	HAE	13,9	0	13,9	0	100,0	0	7,0	0	100,0	0	999,0	0	7,6	ERA5
1040508	12/09/2022	12	12/09/2022	08	HAE	15,8	0	15,8	0	100,0	0	7,0	0	110,0	0	999,0	0	193,4	ERA5
1040509	12/09/2022	13	12/09/2022	09	HAE	18,2	0	17,0	0	93,0	0	5,0	0	30,0	0	999,0	0	522,2	ERA5
1040510	12/09/2022	14	12/09/2022	10	HAE	20,8	0	17,3	0	80,0	0	8,0	0	40,0	0	998,0	0	1158,5	ERA5
1040511	12/09/2022	15	12/09/2022	11	HAE	21,3	0	17,1	0	77,0	0	7,0	0	20,0	0	998,0	0	1854,2	ERA5
1040512	12/09/2022	16	12/09/2022	12	HAE	23,1	0	16,5	0	66,0	0	11,0	0	70,0	0	998,0	0	2319,5	ERA5
1040513	12/09/2022	17	12/09/2022	13	HAE	23,1	0	16,7	0	67,0	0	3,0	0	60,0	0	997,0	0	2094,6	ERA5
1040514	12/09/2022	18	12/09/2022	14	HAE	24,1	0	15,9	0	60,0	0	6,0	0	200,0	0	997,0	0	1658,7	ERA5
1040515	12/09/2022	19	12/09/2022	15	HAE	24,1	0	17,0	0	64,0	0	11,0	0	60,0	0	996,0	0	1215,5	ERA5
1040516	12/09/2022	20	12/09/2022	16	HAE	23,8	0	17,3	0	67,0	0	9,0	0	120,0	0	996,0	0	1061,5	ERA5
1040517	12/09/2022	21	12/09/2022	17	HAE	23,6	0	17,1	0	67,0	0	8,0	0	90,0	0	995,0	0	794,8	ERA5
1040518	12/09/2022	22	12/09/2022	18	HAE	23,5	0	17,3	0	68,0	0	6,0	0	60,0	0	995,0	0	492,3	ERA5
1040519	12/09/2022	23	12/09/2022	19	HAE	23,2	0	17,2	0	69,0	0	4,0	0	50,0	0	995,0	0	156,5	ERA5
1040520	13/09/2022	00	12/09/2022	20	HAE	22,3	0	17,6	0	75,0	0	1,0	0	0,0	0	995,0	0	4,0	ERA5
1040521	13/09/2022	01	12/09/2022	21	HAE	20,4	0	18,5	0	89,0	0	4,0	0	180,0	0	996,0	0	0,0	ERA5
1040522	13/09/2022	02	12/09/2022	22	HAE	20,3	0	19,2	0	94,0	0	12,0	0	30,0	0	995,0	0	0,0	ERA5
1040523	13/09/2022	03	12/09/2022	23	HAE	20,2	0	19,1	0	93,0	0	7,0	0	20,0	0	995,0	0	0,0	ERA5
1040524	13/09/2022	04	13/09/2022	00	HAE	20,0	0	18,8	0	93,0	0	10,0	0	30,0	0	995,0	0	0,0	ERA5
1040525	13/09/2022	05	13/09/2022	01	HAE	19,7	0	18,4	0	92,0	0	10,0	0	10,0	0	994,0	0	0,0	ERA5
1040526	13/09/2022	06	13/09/2022	02	HAE	19,4	0	18,5	0	94,0	0	9,0	0	50,0	0	994,0	0	0,0	ERA5
1040527	13/09/2022	07	13/09/2022	03	HAE	18,8	0	18,1	0	96,0	0	5,0	0	360,0	0	994,0	0	0,0	ERA5
1040528	13/09/2022	08	13/09/2022	04	HAE	17,9	0	17,6	0	98,0	0	4,0	0	10,0	0	994,0	0	0,0	ERA5
1040529	13/09/2022	09	13/09/2022	05	HAE	18,1	0	17,7	0	98,0	0	9,0	0	20,0	0	993,0	0	0,0	ERA5
1040530	13/09/2022	10	13/09/2022	06	HAE	17,0	0	16,9	0	100,0	0	3,0	0	260,0	0	994,0	0	0,0	ERA5
1040531	13/09/2022	11	13/09/2022	07	HAE	15,8	0	15,8	0	100,0	0	3,0	0	0,0	0	993,0	0	8,1	ERA5
1040532	13/09/2022	12	13/09/2022	08	HAE	17,1	0	17,1	0	100,0	0	7,0	0	260,0	0	994,0	0	181,3	ERA5
1040533	13/09/2022	13	13/09/2022	09	HAE	19,2	0	19,0	0	99,0	0	13,0	0	270,0	0	994,0	0	554,1	ERA5
1040534	13/09/2022	14	13/09/2022	10	HAE	20,3	0	18,5	0	89,0	0	7,0	0	360,0	0	994,0	0	733,3	ERA5
1040535	13/09/2022	15	13/09/2022	11	HAE	21,2	0	17,9	0	81,0	0	4,0	0	290,0	0	994,0	0	992,4	ERA5
1040536	13/09/2022	16	13/09/2022	12	HAE	20,9	0	18,9	0	88,0	0	8,0	0	180,0	0	994,0	0	1024,9	ERA5
1040537	13/09/2022	17	13/09/2022	13	HAE	19,0	0	18,1	0	95,0	0	14,0	0	250,0	0	994,0	0	720,6	ERA5
1040538	13/09/2022	18	13/09/2022	14	HAE	18,0	0	16,0	0	88,0	0	13,0	0	240,0	0	994,0	0	911,5	ERA5
1040539	13/09/2022	19	13/09/2022	15	HAE	17,7	0	15,8	0	89,0	0	10,0	0	240,0	0	993,0	0	507,8	ERA5
1040540	13/09/2022	20	13/09/2022	16	HAE	18,2	0	16,4	0	89,0	0	5,0	0	240,0	0	993,0	0	586,8	ERA5
1040541	13/09/2022	21	13/09/2022	17	HAE	18,5	0	17,7	0	95,0	0	9,0	0	250,0	0	993,0	0	985,2	ERA5
1040542	13/09/2022	22	13/09/2022	18	HAE	18,4	0	17,0	0	92,0	0	19,0	0	270,0	0	993,0	0	511,3	ERA5
1040543	13/09/2022	23	13/09/2022	19	HAE	17,4	0	16,7	0	96,0	0	16,0	0	240,0	0	993,0	0	164,1	ERA5
1040544	14/09/2022	00	13/09/2022	20	HAE	17,2	0	16,2	0	94,0	0	14,0	0	340,0	0	992,0	0	3,8	ERA5
1040545	14/09/2022	01	13/09/2022	21	HAE	16,9	0	16,3	0	96,0	0	9,0	0	280,0	0	993,0	0	0,0	ERA5
1040546	14/09/2022	02	13/09/2022	22	HAE	16,3	0	16,0	0	98,0	0	8,0	0	180,0	0	993,0	0	0,0	ERA5
1040547	14/09/2022	03	13/09/2022	23	HAE	16,2	0	16,1	0	99,0	0	9,0	0	210,0	0	993,0	0	0,0	ERA5
1040548	14/09/2022	04	14/09/2022	00	HAE	16,1	0	16,0	0	99,0	0	9,0	0	240,0	0	993,0	0	0,0	ERA5
1040549	14/09/2022	05	14/09/2022	01	HAE	16,3	0	15,9	0	97,0	0	11,0	0	240,0	0	993,0	0	0,0	ERA5
1040550	14/09/2022	06	14/09/2022	02	HAE	16,4	0	16,1	0	98,0	0	14,0	0	250,0	0	993,0	0	0,0	ERA5
1040551	14/09/2022	07	14/09/2022	03	HAE	16,4	0	16,1	0	98,0	0	13,0	0	240,0	0	993,0	0	0,0	ERA5
1040552	14/09/2022	08	14/09/2022	04	HAE	16,4	0	16,2	0	99,0	0	16,0	0	250,0	0	993,0	0	0,0	ERA5
1040553	14/09/2022	09	14/09/2022	05	HAE	16,9	0	16,6	0	98,0	0	14,0	0	270,0	0	994,0	0	0,0	ERA5
1040554	14/09/2022	10	14/09/2022	06	HAE	17,1	0	16,6	0	97,0	0	22,0	0	280,0	0	994,0	0	0,0	ERA5
1040555	14/09/2022	11	14/09/2022	07	HAE	16,8	0	16,1	0	96,0	0	21,0	0	270,0	0	995,0	0	4,5	ERA5
1040556	14/09/2022	12	14/09/2022	08	HAE	17,1	0	16,2	0	94,0	0	20,0	0	280,0	0	996,0	0	245,5	ERA5
1040557	14/09/2022	13	14/09/2022	09	HAE	17,9	0	16,0	0	89,0	0	23,0	0	300,0	0	997,0	0	738,8	ERA5
1040558	14/09/2022	14	14/09/2022	10	HAE	18,8	0	15,0	0	78,0	0	25,0	0	300,0	0	998,0	0	1312,7	ERA5
1040559	14/09/2022	15	14/09/2022	11	HAE	19,9	0	16,1	0	78,0	0	18,0	0	310,0	0	999,0	0	1670,9	ERA5
1040560	14/09/2022	16	14/09/2022	12	HAE	20,3	0	15,1	0	72,0	0	23,0	0	290,0	0	999,0	0	2013,5	ERA5
1040561	14/09/2022	17	14/09/2022	13	HAE	20,0	0	16,0	0	77,0	0	29,0	0	290,0	0	999,0	0	1728,2	ERA5
1040562	14/09/2022	18	14/09/2022	14	HAE	18,1	0	14,5	0	79,0	0	31,0	0	300,0	0	1000,0	0	1481,4	ERA5
1040563	14/09/2022	19	14/09/2022	15	HAE	18,2	0	13,4	0	73,0	0	29,0	0	290,0	0	1000,0	0	1116,4	ERA5
1040564	14/09/2022	20	14/09/2022	16	HAE	17,6	0	11,7	0	68,0	0	32,0	0	320,0	0	1001,0	0	1733,6	ERA5
1040565	14/09/2022	21	14/09/2022	17	HAE	17,6	0	10,6	0	63,0	0	26,0	0	330,0	0	1001,0	0	1334,8	ERA5
1040566	14/09/2022	22	14/09/2022	18	HAE	16,0	0	9,5	0	65,0	0	31,0	0	330,0	0	1002,0	0	697,9	ERA5
1040567	14/09/2022	23	14/09/2022	19	HAE	14,9	0	8,6	0	65,0	0	28,0	0	330,0	0	1003,0	0	119,6	ERA5
1040568	15/09/2022	00	14/09/2022	20	HAE	13,1	0	7,4	0	68,0	0	23,0	0	320,0	0	1004,0	0	1,6	ERA5
1040569	15/09/2022	01	14/09/2022	21	HAE	11,5	0	6,7	0	72,0	0	17,0	0	320,0	0	1005,0	0	0,0	ERA5
1040570	15/09/2022	02	14/09/2022	22	HAE	10,0	0	7,0	0	81,0	0	13,0	0	310,0	0	1006,0	0	0,0	ERA5
1040571	15/09/2022	03	14/09/2022	23	HAE	10,0	0	7,0	0	82,0	0	15,0	0	300,0	0	1006,0	0	0,0	ERA5
1040572	15/09/2022	04	15/09/2022	00	HAE	8,2	0	6,7	0	91,0	0	9,0	0	280,0	0	1006,0	0	0,0	ERA5
1040573	15/09/2022	05	15/09/2022	01	HAE	7,0	0	6,4	0	96,0	0	7,0	0	300,0	0	1007,0	0	0,0	ERA5
1040574	15/09/2022	06	15/09/2022	02	HAE	8,6	0	6,4	0	86,0	0	14,0	0	310,0	0	1008,0	0	0,0	ERA5
1040575	15/09/2022	07	15/09/2022	03	HAE	7,6	0	5,9	0	89,0	0	15,0	0	310,0	0	1008,0	0	0,0	ERA5
1040576	15/09/2022	08	15/09/2022	04	HAE	7,9	0	5,3	0	83,0	0	17,0	0	310,0	0	1009,0	0	0,0	ERA5
1040577	15/09/2022	09	15/09/2022	05	HAE	7,7	0	4,7	0	81,0	0	17,0	0	310,0	0	1009,0	0	0,0	ERA5
1040578	15/09/2022	10	15/09/2022	06	HAE	6,7	0	4,3	0	85,0	0	11,0	0	310,0	0	1010,0	0	0,0	ERA5
1040579	15/09/2022	11	15/09/2022	07	HAE	7,4	0	4,9	0	84,0	0	17,0	0	330,0	0	1011,0	0	5,7	ERA5
1040580	15/09/2022	12	15/09/2022	08	HAE	8,3	0	5,4	0	82,0	0	16,0	0	320,0	0	1011,0	0	247,6	ERA5
1040581	15/09/2022	13	15/09/2022	09	HAE	9,4	0	4,5	0	71,0	0	25,0	0	320,0	0	1011,0	0	912,3	ERA5
1040582	15/09/2022	14	15/09/2022	10	HAE	10,6	0	4,7	0	67,0	0	20,0	0	310,0	0	1011,0	0	1574,6	ERA5
1040583	15/09/2022	15	15/09/2022	11	HAE	12,5	0	5,2	0	61,0	0	21,0	0	320,0	0	1012,0	0	2161,8	ERA5
1040584	15/09/2022	16	15/09/2022	12	HAE	13,2	0	5,9	0	61,0	0	12,0	0	300,0	0	1012,0	0	2566,1	ERA5
1040585	15/09/2022	17	15/09/2022	13	HAE	13,8	0	5,9	0	59,0	0	16,0	0	300,0	0	1011,0	0	2752,1	ERA5
1040586	15/09/2022	18	15/09/2022	14	HAE	14,6	0	4,6	0	51,0	0	10,0	0	280,0	0	1010,0	0	2747,5	ERA5
1040587	15/09/2022	19	15/09/2022	15	HAE	15,8	0	5,7	0	51,0	0	16,0	0	280,0	0	1010,0	0	2478,0	ERA5
1040588	15/09/2022	20	15/09/2022	16	HAE	16,1	0	6,2	0	51,0	0	22,0	0	280,0	0	1009,0	0	2110,7	ERA5
1040589	15/09/2022	21	15/09/2022	17	HAE	15,9	0	5,9	0	51,0	0	17,0	0	270,0	0	1009,0	0	1575,4	ERA5
1040590	15/09/2022	22	15/09/2022	18	HAE	14,8	0	6,3	0	56,0	0	14,0	0	260,0	0	1009,0	0	922,6	ERA5
1040591	15/09/2022	23	15/09/2022	19	HAE	11,8	0	6,7	0	71,0	0	12,0	0	250,0	0	1009,0	0	292,4	ERA5
1040592	16/09/2022	00	15/09/2022	20	HAE	10,6	0	6,0	0	73,0	0	12,0	0	270,0	0	1009,0	0	3,0	ERA5
1040593	16/09/2022	01	15/09/2022	21	HAE	10,7	0	6,5	0	75,0	0	8,0	0	270,0	0	1009,0	0	0,0	ERA5
1040594	16/09/2022	02	15/09/2022	22	HAE	11,2	0	7,3	0	76,0	0	3,0	0	250,0	0	1009,0	0	0,0	ERA5
1040595	16/09/2022	03	15/09/2022	23	HAE	10,7	0	7,1	0	78,0	0	7,0	0	180,0	0	1008,0	0	0,0	ERA5
1040596	16/09/2022	04	16/09/2022	00	HAE	10,5	0	7,8	0	83,0	0	5,0	0	220,0	0	1009,0	0	0,0	ERA5
1040597	16/09/2022	05	16/09/2022	01	HAE	10,6	0	8,2	0	85,0	0	4,0	0	250,0	0	1009,0	0	0,0	ERA5
1040598	16/09/2022	06	16/09/2022	02	HAE	10,7	0	8,0	0	83,0	0	4,0	0	230,0	0	1009,0	0	0,0	ERA5
1040599	16/09/2022	07	16/09/2022	03	HAE	10,8	0	8,4	0	85,0	0	5,0	0	260,0	0	1010,0	0	0,0	ERA5
1040600	16/09/2022	08	16/09/2022	04	HAE	11,1	0	9,3	0	89,0	0	4,0	0	310,0	0	1009,0	0	0,0	ERA5
1040601	16/09/2022	09	16/09/2022	05	HAE	11,4	0	7,8	0	78,0	0	13,0	0	330,0	0	1009,0	0	0,0	ERA5
1040602	16/09/2022	10	16/09/2022	06	HAE	10,9	0	8,8	0	87,0	0	7,0	0	310,0	0	1009,0	0	0,0	ERA5
1040603	16/09/2022	11	16/09/2022	07	HAE	10,9	0	8,8	0	86,0	0	8,0	0	300,0	0	1010,0	0	2,0	ERA5
1040604	16/09/2022	12	16/09/2022	08	HAE	11,8	0	8,2	0	78,0	0	9,0	0	300,0	0	1010,0	0	172,6	ERA5
1040605	16/09/2022	13	16/09/2022	09	HAE	13,7	0	7,2	0	64,0	0	14,0	0	340,0	0	1010,0	0	465,6	ERA5
1040606	16/09/2022	14	16/09/2022	10	HAE	14,2	0	5,5	0	55,0	0	16,0	0	320,0	0	1010,0	0	979,7	ERA5
1040607	16/09/2022	15	16/09/2022	11	HAE	15,0	0	6,4	0	56,0	0	14,0	0	330,0	0	1010,0	0	1417,2	ERA5
1040608	16/09/2022	16	16/09/2022	12	HAE	15,8	0	6,9	0	55,0	0	11,0	0	340,0	0	1010,0	0	1781,3	ERA5
1040609	16/09/2022	17	16/09/2022	13	HAE	16,3	0	7,7	0	56,0	0	7,0	0	30,0	0	1010,0	0	2175,9	ERA5
1040610	16/09/2022	18	16/09/2022	14	HAE	16,9	0	7,7	0	54,0	0	7,0	0	310,0	0	1010,0	0	2263,0	ERA5
1040611	16/09/2022	19	16/09/2022	15	HAE	17,8	0	6,8	0	48,0	0	11,0	0	280,0	0	1010,0	0	2094,4	ERA5
1040612	16/09/2022	20	16/09/2022	16	HAE	17,9	0	7,4	0	50,0	0	16,0	0	10,0	0	1009,0	0	1803,4	ERA5
1040613	16/09/2022	21	16/09/2022	17	HAE	17,3	0	7,0	0	50,0	0	16,0	0	330,0	0	1009,0	0	1393,8	ERA5
1040614	16/09/2022	22	16/09/2022	18	HAE	16,1	0	7,3	0	55,0	0	16,0	0	360,0	0	1010,0	0	818,4	ERA5
1040615	16/09/2022	23	16/09/2022	19	HAE	14,5	0	7,4	0	62,0	0	14,0	0	360,0	0	1010,0	0	272,8	ERA5
1040616	17/09/2022	00	16/09/2022	20	HAE	13,1	0	6,9	0	66,0	0	11,0	0	10,0	0	1010,0	0	1,9	ERA5
1040617	17/09/2022	01	16/09/2022	21	HAE	12,5	0	6,8	0	68,0	0	8,0	0	10,0	0	1011,0	0	0,0	ERA5
1040618	17/09/2022	02	16/09/2022	22	HAE	10,9	0	7,0	0	77,0	0	8,0	0	10,0	0	1011,0	0	0,0	ERA5
1040619	17/09/2022	03	16/09/2022	23	HAE	9,1	0	6,8	0	85,0	0	0,0	0	0,0	0	1011,0	0	0,0	ERA5
1040620	17/09/2022	04	17/09/2022	00	HAE	9,2	0	6,9	0	85,0	0	9,0	0	10,0	0	1011,0	0	0,0	ERA5
1040621	17/09/2022	05	17/09/2022	01	HAE	8,4	0	7,1	0	91,0	0	1,0	0	0,0	0	1011,0	0	0,0	ERA5
1040622	17/09/2022	06	17/09/2022	02	HAE	7,1	0	6,3	0	95,0	0	5,0	0	10,0	0	1011,0	0	0,0	ERA5
1040623	17/09/2022	07	17/09/2022	03	HAE	8,0	0	7,0	0	93,0	0	8,0	0	30,0	0	1011,0	0	0,0	ERA5
1040624	17/09/2022	08	17/09/2022	04	HAE	8,2	0	7,3	0	94,0	0	11,0	0	40,0	0	1011,0	0	0,0	ERA5
1040625	17/09/2022	09	17/09/2022	05	HAE	8,1	0	7,1	0	94,0	0	4,0	0	60,0	0	1012,0	0	0,0	ERA5
1040626	17/09/2022	10	17/09/2022	06	HAE	8,2	0	6,8	0	91,0	0	8,0	0	60,0	0	1012,0	0	0,0	ERA5
1040627	17/09/2022	11	17/09/2022	07	HAE	8,3	0	6,9	0	91,0	0	7,0	0	70,0	0	1012,0	0	4,1	ERA5
1040628	17/09/2022	12	17/09/2022	08	HAE	9,2	0	7,6	0	90,0	0	11,0	0	60,0	0	1012,0	0	201,4	ERA5
1040629	17/09/2022	13	17/09/2022	09	HAE	10,2	0	8,1	0	87,0	0	5,0	0	130,0	0	1012,0	0	580,7	ERA5
1040630	17/09/2022	14	17/09/2022	10	HAE	12,3	0	9,3	0	82,0	0	9,0	0	80,0	0	1011,0	0	806,6	ERA5
1040631	17/09/2022	15	17/09/2022	11	HAE	13,7	0	9,2	0	74,0	0	12,0	0	130,0	0	1011,0	0	1131,6	ERA5
1040632	17/09/2022	16	17/09/2022	12	HAE	15,5	0	9,7	0	68,0	0	9,0	0	150,0	0	1011,0	0	1439,1	ERA5
1040633	17/09/2022	17	17/09/2022	13	HAE	16,3	0	8,9	0	61,0	0	12,0	0	110,0	0	1010,0	0	1729,0	ERA5
1040634	17/09/2022	18	17/09/2022	14	HAE	16,8	0	9,5	0	62,0	0	9,0	0	100,0	0	1009,0	0	1633,9	ERA5
1040635	17/09/2022	19	17/09/2022	15	HAE	17,2	0	9,1	0	58,0	0	11,0	0	120,0	0	1008,0	0	1202,1	ERA5
1040636	17/09/2022	20	17/09/2022	16	HAE	18,7	0	9,4	0	54,0	0	10,0	0	130,0	0	1007,0	0	926,6	ERA5
1040637	17/09/2022	21	17/09/2022	17	HAE	18,8	0	10,0	0	56,0	0	11,0	0	160,0	0	1006,0	0	668,2	ERA5
1040638	17/09/2022	22	17/09/2022	18	HAE	18,8	0	10,9	0	60,0	0	7,0	0	140,0	0	1006,0	0	431,8	ERA5
1040639	17/09/2022	23	17/09/2022	19	HAE	14,7	0	11,5	0	81,0	0	9,0	0	130,0	0	1005,0	0	157,9	ERA5
1040640	18/09/2022	00	17/09/2022	20	HAE	14,5	0	11,3	0	81,0	0	8,0	0	100,0	0	1005,0	0	1,0	ERA5
1040641	18/09/2022	01	17/09/2022	21	HAE	13,9	0	11,1	0	83,0	0	10,0	0	130,0	0	1004,0	0	0,0	ERA5
1040642	18/09/2022	02	17/09/2022	22	HAE	15,0	0	11,4	0	79,0	0	8,0	0	100,0	0	1004,0	0	0,0	ERA5
1040643	18/09/2022	03	17/09/2022	23	HAE	14,1	0	11,8	0	86,0	0	13,0	0	140,0	0	1003,0	0	0,0	ERA5
1040644	18/09/2022	04	18/09/2022	00	HAE	14,3	0	12,2	0	87,0	0	9,0	0	110,0	0	1002,0	0	0,0	ERA5
1040645	18/09/2022	05	18/09/2022	01	HAE	13,8	0	11,9	0	89,0	0	6,0	0	130,0	0	1001,0	0	0,0	ERA5
1040646	18/09/2022	06	18/09/2022	02	HAE	13,6	0	12,1	0	91,0	0	4,0	0	100,0	0	1001,0	0	0,0	ERA5
1040647	18/09/2022	07	18/09/2022	03	HAE	13,8	0	13,1	0	95,0	0	4,0	0	220,0	0	1000,0	0	0,0	ERA5
1040648	18/09/2022	08	18/09/2022	04	HAE	13,8	0	13,4	0	98,0	0	6,0	0	220,0	0	1000,0	0	0,0	ERA5
1040649	18/09/2022	09	18/09/2022	05	HAE	14,5	0	14,3	0	99,0	0	8,0	0	260,0	0	1000,0	0	0,0	ERA5
1040650	18/09/2022	10	18/09/2022	06	HAE	15,2	0	15,1	0	99,0	0	9,0	0	220,0	0	999,0	0	0,0	ERA5
1040651	18/09/2022	11	18/09/2022	07	HAE	16,0	0	15,8	0	99,0	0	13,0	0	220,0	0	999,0	0	2,4	ERA5
1040652	18/09/2022	12	18/09/2022	08	HAE	17,3	0	16,9	0	97,0	0	10,0	0	230,0	0	999,0	0	166,7	ERA5
1040653	18/09/2022	13	18/09/2022	09	HAE	18,3	0	17,4	0	95,0	0	8,0	0	220,0	0	999,0	0	390,0	ERA5
1040654	18/09/2022	14	18/09/2022	10	HAE	20,4	0	17,8	0	85,0	0	16,0	0	220,0	0	1000,0	0	887,9	ERA5
1040655	18/09/2022	15	18/09/2022	11	HAE	18,6	0	17,9	0	96,0	0	15,0	0	220,0	0	1000,0	0	996,3	ERA5
1040656	18/09/2022	16	18/09/2022	12	HAE	18,7	0	18,4	0	98,0	0	8,0	0	200,0	0	999,0	0	491,4	ERA5
1040657	18/09/2022	17	18/09/2022	13	HAE	20,0	0	19,0	0	94,0	0	5,0	0	70,0	0	999,0	0	298,2	ERA5
1040658	18/09/2022	18	18/09/2022	14	HAE	15,0	0	14,3	0	96,0	0	26,0	0	90,0	0	999,0	0	206,0	ERA5
1040659	18/09/2022	19	18/09/2022	15	HAE	12,8	0	12,5	0	98,0	0	23,0	0	100,0	0	998,0	0	219,8	ERA5
1040660	18/09/2022	20	18/09/2022	16	HAE	12,3	0	12,1	0	98,0	0	26,0	0	60,0	0	999,0	0	300,1	ERA5
1040661	18/09/2022	21	18/09/2022	17	HAE	12,1	0	11,7	0	98,0	0	22,0	0	70,0	0	999,0	0	258,8	ERA5
1040662	18/09/2022	22	18/09/2022	18	HAE	11,8	0	11,4	0	97,0	0	20,0	0	60,0	0	999,0	0	184,6	ERA5
1040663	18/09/2022	23	18/09/2022	19	HAE	11,8	0	11,4	0	98,0	0	16,0	0	70,0	0	1000,0	0	31,4	ERA5
1040664	19/09/2022	00	18/09/2022	20	HAE	11,8	0	11,4	0	98,0	0	16,0	0	60,0	0	1000,0	0	0,1	ERA5
1040665	19/09/2022	01	18/09/2022	21	HAE	11,8	0	11,5	0	98,0	0	16,0	0	70,0	0	1001,0	0	0,0	ERA5
1040666	19/09/2022	02	18/09/2022	22	HAE	11,9	0	11,6	0	98,0	0	14,0	0	70,0	0	1001,0	0	0,0	ERA5
1040667	19/09/2022	03	18/09/2022	23	HAE	11,9	0	11,5	0	97,0	0	16,0	0	80,0	0	1001,0	0	0,0	ERA5
1040668	19/09/2022	04	19/09/2022	00	HAE	11,9	0	11,5	0	97,0	0	12,0	0	80,0	0	1001,0	0	0,0	ERA5
1040669	19/09/2022	05	19/09/2022	01	HAE	11,8	0	11,5	0	98,0	0	9,0	0	70,0	0	1000,0	0	0,0	ERA5
1040670	19/09/2022	06	19/09/2022	02	HAE	11,8	0	11,6	0	98,0	0	16,0	0	80,0	0	999,0	0	0,0	ERA5
1040671	19/09/2022	07	19/09/2022	03	HAE	11,9	0	11,6	0	98,0	0	17,0	0	70,0	0	999,0	0	0,0	ERA5
1040672	19/09/2022	08	19/09/2022	04	HAE	11,8	0	11,3	0	96,0	0	14,0	0	80,0	0	999,0	0	0,0	ERA5
1040673	19/09/2022	09	19/09/2022	05	HAE	11,7	0	11,2	0	96,0	0	15,0	0	70,0	0	999,0	0	0,0	ERA5
1040674	19/09/2022	10	19/09/2022	06	HAE	11,4	0	10,9	0	96,0	0	20,0	0	70,0	0	998,0	0	0,0	ERA5
1040675	19/09/2022	11	19/09/2022	07	HAE	10,9	0	10,2	0	95,0	0	15,0	0	80,0	0	998,0	0	0,5	ERA5
1040676	19/09/2022	12	19/09/2022	08	HAE	10,6	0	10,3	0	98,0	0	14,0	0	70,0	0	997,0	0	35,2	ERA5
1040677	19/09/2022	13	19/09/2022	09	HAE	10,7	0	10,4	0	98,0	0	16,0	0	80,0	0	997,0	0	122,3	ERA5
1040678	19/09/2022	14	19/09/2022	10	HAE	10,8	0	10,5	0	98,0	0	16,0	0	80,0	0	997,0	0	138,5	ERA5
1040679	19/09/2022	15	19/09/2022	11	HAE	11,2	0	10,6	0	96,0	0	23,0	0	70,0	0	996,0	0	221,8	ERA5
1040680	19/09/2022	16	19/09/2022	12	HAE	11,2	0	10,9	0	98,0	0	16,0	0	70,0	0	996,0	0	288,5	ERA5
1040681	19/09/2022	17	19/09/2022	13	HAE	11,3	0	11,2	0	99,0	0	15,0	0	90,0	0	996,0	0	597,2	ERA5
1040682	19/09/2022	18	19/09/2022	14	HAE	11,9	0	11,7	0	99,0	0	17,0	0	100,0	0	995,0	0	486,4	ERA5
1040683	19/09/2022	19	19/09/2022	15	HAE	12,3	0	12,2	0	99,0	0	4,0	0	70,0	0	995,0	0	336,7	ERA5
1040684	19/09/2022	20	19/09/2022	16	HAE	13,2	0	12,6	0	96,0	0	10,0	0	60,0	0	995,0	0	257,0	ERA5
1040685	19/09/2022	21	19/09/2022	17	HAE	12,8	0	12,1	0	96,0	0	16,0	0	60,0	0	994,0	0	169,7	ERA5
1040686	19/09/2022	22	19/09/2022	18	HAE	12,4	0	11,6	0	95,0	0	12,0	0	50,0	0	995,0	0	107,6	ERA5
1040687	19/09/2022	23	19/09/2022	19	HAE	11,9	0	11,3	0	96,0	0	11,0	0	70,0	0	996,0	0	49,2	ERA5
1040688	20/09/2022	00	19/09/2022	20	HAE	11,8	0	11,3	0	97,0	0	10,0	0	70,0	0	996,0	0	0,0	ERA5
1040689	20/09/2022	01	19/09/2022	21	HAE	11,8	0	11,3	0	97,0	0	4,0	0	90,0	0	996,0	0	0,0	ERA5
1040690	20/09/2022	02	19/09/2022	22	HAE	11,7	0	11,4	0	98,0	0	10,0	0	50,0	0	996,0	0	0,0	ERA5
1040691	20/09/2022	03	19/09/2022	23	HAE	11,5	0	11,3	0	99,0	0	9,0	0	50,0	0	996,0	0	0,0	ERA5
1040692	20/09/2022	04	20/09/2022	00	HAE	11,6	0	11,4	0	99,0	0	11,0	0	60,0	0	996,0	0	0,0	ERA5
1040693	20/09/2022	05	20/09/2022	01	HAE	11,6	0	11,5	0	100,0	0	7,0	0	100,0	0	996,0	0	0,0	ERA5
1040694	20/09/2022	06	20/09/2022	02	HAE	11,6	0	11,6	0	100,0	0	10,0	0	120,0	0	996,0	0	0,0	ERA5
1040695	20/09/2022	07	20/09/2022	03	HAE	11,7	0	11,7	0	100,0	0	5,0	0	70,0	0	996,0	0	0,0	ERA5
1040696	20/09/2022	08	20/09/2022	04	HAE	11,8	0	11,8	0	100,0	0	8,0	0	40,0	0	996,0	0	0,0	ERA5
1040697	20/09/2022	09	20/09/2022	05	HAE	11,9	0	11,9	0	100,0	0	8,0	0	50,0	0	997,0	0	0,0	ERA5
1040698	20/09/2022	10	20/09/2022	06	HAE	11,8	0	11,8	0	100,0	0	8,0	0	40,0	0	997,0	0	0,0	ERA5
1040699	20/09/2022	11	20/09/2022	07	HAE	11,7	0	11,6	0	99,0	0	6,0	0	60,0	0	998,0	0	0,2	ERA5
1040700	20/09/2022	12	20/09/2022	08	HAE	12,1	0	11,7	0	97,0	0	9,0	0	50,0	0	998,0	0	29,4	ERA5
1040701	20/09/2022	13	20/09/2022	09	HAE	11,9	0	11,7	0	99,0	0	9,0	0	120,0	0	998,0	0	82,3	ERA5
1040702	20/09/2022	14	20/09/2022	10	HAE	12,3	0	12,2	0	99,0	0	3,0	0	170,0	0	999,0	0	187,9	ERA5
1040703	20/09/2022	15	20/09/2022	11	HAE	12,9	0	12,4	0	96,0	0	6,0	0	210,0	0	999,0	0	289,5	ERA5
1040704	20/09/2022	16	20/09/2022	12	HAE	13,3	0	12,8	0	97,0	0	14,0	0	270,0	0	1000,0	0	279,3	ERA5
1040705	20/09/2022	17	20/09/2022	13	HAE	14,7	0	12,5	0	87,0	0	17,0	0	310,0	0	1000,0	0	387,5	ERA5
1040706	20/09/2022	18	20/09/2022	14	HAE	14,6	0	12,3	0	86,0	0	16,0	0	340,0	0	1000,0	0	501,9	ERA5
1040707	20/09/2022	19	20/09/2022	15	HAE	14,9	0	12,1	0	84,0	0	15,0	0	330,0	0	1000,0	0	560,6	ERA5
1040708	20/09/2022	20	20/09/2022	16	HAE	14,6	0	12,3	0	86,0	0	11,0	0	290,0	0	1000,0	0	290,1	ERA5
1040709	20/09/2022	21	20/09/2022	17	HAE	15,0	0	11,8	0	81,0	0	17,0	0	320,0	0	1001,0	0	247,4	ERA5
1040710	20/09/2022	22	20/09/2022	18	HAE	14,3	0	11,9	0	85,0	0	12,0	0	310,0	0	1001,0	0	150,9	ERA5
1040711	20/09/2022	23	20/09/2022	19	HAE	14,0	0	11,3	0	84,0	0	10,0	0	320,0	0	1001,0	0	41,3	ERA5
1040712	21/09/2022	00	20/09/2022	20	HAE	13,6	0	11,7	0	88,0	0	7,0	0	300,0	0	1002,0	0	0,0	ERA5
1040713	21/09/2022	01	20/09/2022	21	HAE	13,4	0	11,6	0	89,0	0	9,0	0	320,0	0	1002,0	0	0,0	ERA5
1040714	21/09/2022	02	20/09/2022	22	HAE	13,2	0	11,4	0	88,0	0	7,0	0	310,0	0	1002,0	0	0,0	ERA5
1040715	21/09/2022	03	20/09/2022	23	HAE	12,8	0	11,7	0	93,0	0	4,0	0	250,0	0	1002,0	0	0,0	ERA5
1040716	21/09/2022	04	21/09/2022	00	HAE	12,8	0	11,6	0	93,0	0	8,0	0	260,0	0	1002,0	0	0,0	ERA5
1040717	21/09/2022	05	21/09/2022	01	HAE	12,7	0	11,6	0	93,0	0	1,0	0	0,0	0	1002,0	0	0,0	ERA5
1040718	21/09/2022	06	21/09/2022	02	HAE	12,2	0	10,4	0	89,0	0	4,0	0	30,0	0	1001,0	0	0,0	ERA5
1040719	21/09/2022	07	21/09/2022	03	HAE	12,0	0	11,6	0	97,0	0	4,0	0	230,0	0	1001,0	0	0,0	ERA5
1040720	21/09/2022	08	21/09/2022	04	HAE	11,4	0	11,1	0	98,0	0	5,0	0	260,0	0	1000,0	0	0,0	ERA5
1040721	21/09/2022	09	21/09/2022	05	HAE	11,7	0	11,5	0	99,0	0	3,0	0	180,0	0	1001,0	0	0,0	ERA5
1040722	21/09/2022	10	21/09/2022	06	HAE	11,6	0	11,5	0	99,0	0	4,0	0	160,0	0	1001,0	0	0,0	ERA5
1040723	21/09/2022	11	21/09/2022	07	HAE	11,6	0	11,4	0	99,0	0	7,0	0	150,0	0	1000,0	0	1,2	ERA5
1040724	21/09/2022	12	21/09/2022	08	HAE	12,2	0	11,8	0	98,0	0	5,0	0	170,0	0	1001,0	0	235,2	ERA5
1040725	21/09/2022	13	21/09/2022	09	HAE	13,9	0	12,1	0	89,0	0	14,0	0	170,0	0	1000,0	0	698,0	ERA5
1040726	21/09/2022	14	21/09/2022	10	HAE	15,0	0	12,6	0	86,0	0	14,0	0	150,0	0	1000,0	0	1309,7	ERA5
1040727	21/09/2022	15	21/09/2022	11	HAE	15,5	0	13,0	0	85,0	0	16,0	0	140,0	0	998,0	0	1785,1	ERA5
1040728	21/09/2022	16	21/09/2022	12	HAE	17,1	0	13,8	0	81,0	0	18,0	0	150,0	0	997,0	0	2094,7	ERA5
1040729	21/09/2022	17	21/09/2022	13	HAE	19,6	0	15,5	0	77,0	0	13,0	0	160,0	0	995,0	0	2140,5	ERA5
1040730	21/09/2022	18	21/09/2022	14	HAE	20,8	0	15,6	0	72,0	0	18,0	0	160,0	0	993,0	0	2080,8	ERA5
1040731	21/09/2022	19	21/09/2022	15	HAE	21,7	0	15,9	0	69,0	0	19,0	0	190,0	0	994,0	0	1035,4	ERA5
1040732	21/09/2022	20	21/09/2022	16	HAE	19,9	0	17,1	0	84,0	0	10,0	0	150,0	0	992,0	0	1108,2	ERA5
1040733	21/09/2022	21	21/09/2022	17	HAE	19,6	0	17,8	0	89,0	0	17,0	0	160,0	0	990,0	0	958,4	ERA5
1040734	21/09/2022	22	21/09/2022	18	HAE	21,0	0	17,3	0	79,0	0	14,0	0	170,0	0	990,0	0	519,6	ERA5
1040735	21/09/2022	23	21/09/2022	19	HAE	19,3	0	17,1	0	87,0	0	10,0	0	170,0	0	989,0	0	182,4	ERA5
1040736	22/09/2022	00	21/09/2022	20	HAE	18,9	0	16,9	0	88,0	0	12,0	0	170,0	0	989,0	0	0,0	ERA5
1040737	22/09/2022	01	21/09/2022	21	HAE	19,4	0	17,4	0	88,0	0	14,0	0	180,0	0	988,0	0	0,0	ERA5
1040738	22/09/2022	02	21/09/2022	22	HAE	20,0	0	17,7	0	86,0	0	19,0	0	200,0	0	988,0	0	0,0	ERA5
1040739	22/09/2022	03	21/09/2022	23	HAE	19,7	0	18,1	0	90,0	0	18,0	0	220,0	0	987,0	0	0,0	ERA5
1040740	22/09/2022	04	22/09/2022	00	HAE	19,6	0	18,1	0	91,0	0	13,0	0	240,0	0	987,0	0	0,0	ERA5
1040741	22/09/2022	05	22/09/2022	01	HAE	19,0	0	17,5	0	90,0	0	19,0	0	260,0	0	988,0	0	0,0	ERA5
1040742	22/09/2022	06	22/09/2022	02	HAE	17,5	0	13,3	0	76,0	0	24,0	0	280,0	0	987,0	0	0,0	ERA5
1040743	22/09/2022	07	22/09/2022	03	HAE	15,9	0	12,2	0	79,0	0	22,0	0	270,0	0	987,0	0	0,0	ERA5
1040744	22/09/2022	08	22/09/2022	04	HAE	14,5	0	11,6	0	82,0	0	21,0	0	280,0	0	987,0	0	0,0	ERA5
1040745	22/09/2022	09	22/09/2022	05	HAE	13,6	0	10,5	0	82,0	0	17,0	0	280,0	0	988,0	0	0,0	ERA5
1040746	22/09/2022	10	22/09/2022	06	HAE	12,6	0	9,9	0	83,0	0	19,0	0	270,0	0	988,0	0	0,0	ERA5
1040747	22/09/2022	11	22/09/2022	07	HAE	11,3	0	9,6	0	89,0	0	14,0	0	250,0	0	988,0	0	0,7	ERA5
1040748	22/09/2022	12	22/09/2022	08	HAE	12,8	0	10,3	0	85,0	0	14,0	0	270,0	0	989,0	0	170,5	ERA5
1040749	22/09/2022	13	22/09/2022	09	HAE	14,0	0	10,3	0	78,0	0	28,0	0	290,0	0	989,0	0	581,6	ERA5
1040750	22/09/2022	14	22/09/2022	10	HAE	14,8	0	10,9	0	77,0	0	28,0	0	300,0	0	989,0	0	790,4	ERA5
1040751	22/09/2022	15	22/09/2022	11	HAE	14,3	0	9,8	0	74,0	0	28,0	0	330,0	0	990,0	0	1451,0	ERA5
1040752	22/09/2022	16	22/09/2022	12	HAE	14,9	0	8,9	0	67,0	0	28,0	0	310,0	0	990,0	0	1225,2	ERA5
1040753	22/09/2022	17	22/09/2022	13	HAE	13,4	0	6,8	0	64,0	0	32,0	0	330,0	0	991,0	0	1045,5	ERA5
1040754	22/09/2022	18	22/09/2022	14	HAE	15,1	0	7,4	0	60,0	0	37,0	0	320,0	0	991,0	0	1297,8	ERA5
1040755	22/09/2022	19	22/09/2022	15	HAE	14,7	0	6,4	0	57,0	0	33,0	0	330,0	0	991,0	0	1638,5	ERA5
1040756	22/09/2022	20	22/09/2022	16	HAE	13,9	0	6,1	0	59,0	0	28,0	0	340,0	0	992,0	0	1070,1	ERA5
1040757	22/09/2022	21	22/09/2022	17	HAE	13,0	0	4,5	0	56,0	0	30,0	0	330,0	0	993,0	0	872,6	ERA5
1040758	22/09/2022	22	22/09/2022	18	HAE	11,1	0	6,3	0	72,0	0	30,0	0	320,0	0	994,0	0	528,5	ERA5
1040759	22/09/2022	23	22/09/2022	19	HAE	10,5	0	4,7	0	67,0	0	30,0	0	320,0	0	995,0	0	103,7	ERA5
1040760	23/09/2022	00	22/09/2022	20	HAE	9,9	0	3,4	0	64,0	0	30,0	0	320,0	0	996,0	0	0,0	ERA5
1040761	23/09/2022	01	22/09/2022	21	HAE	9,1	0	3,4	0	68,0	0	33,0	0	310,0	0	997,0	0	0,0	ERA5
1040762	23/09/2022	02	22/09/2022	22	HAE	8,7	0	3,4	0	69,0	0	28,0	0	320,0	0	998,0	0	0,0	ERA5
1040763	23/09/2022	03	22/09/2022	23	HAE	8,3	0	2,9	0	69,0	0	28,0	0	310,0	0	999,0	0	0,0	ERA5
1040764	23/09/2022	04	23/09/2022	00	HAE	7,5	0	3,0	0	73,0	0	23,0	0	310,0	0	999,0	0	0,0	ERA5
1040765	23/09/2022	05	23/09/2022	01	HAE	7,2	0	2,6	0	72,0	0	25,0	0	310,0	0	1000,0	0	0,0	ERA5
1040766	23/09/2022	06	23/09/2022	02	HAE	6,6	0	2,1	0	73,0	0	32,0	0	310,0	0	1000,0	0	0,0	ERA5
1040767	23/09/2022	07	23/09/2022	03	HAE	6,2	0	1,8	0	73,0	0	18,0	0	310,0	0	1000,0	0	0,0	ERA5
1040768	23/09/2022	08	23/09/2022	04	HAE	5,8	0	1,1	0	72,0	0	21,0	0	300,0	0	1001,0	0	0,0	ERA5
1040769	23/09/2022	09	23/09/2022	05	HAE	4,8	0	0,1	0	72,0	0	19,0	0	300,0	0	1002,0	0	0,0	ERA5
1040770	23/09/2022	10	23/09/2022	06	HAE	4,4	0	-0,1	0	72,0	0	29,0	0	310,0	0	1002,0	0	0,0	ERA5
1040771	23/09/2022	11	23/09/2022	07	HAE	4,7	0	-0,4	0	70,0	0	28,0	0	320,0	0	1003,0	0	0,6	ERA5
1040772	23/09/2022	12	23/09/2022	08	HAE	5,4	0	0,5	0	71,0	0	19,0	0	310,0	0	1004,0	0	218,6	ERA5
1040773	23/09/2022	13	23/09/2022	09	HAE	6,0	0	0,4	0	67,0	0	31,0	0	310,0	0	1004,0	0	699,7	ERA5
1040774	23/09/2022	14	23/09/2022	10	HAE	6,6	0	0,5	0	65,0	0	27,0	0	330,0	0	1005,0	0	1064,2	ERA5
1040775	23/09/2022	15	23/09/2022	11	HAE	7,8	0	1,1	0	63,0	0	28,0	0	320,0	0	1005,0	0	900,5	ERA5
1040776	23/09/2022	16	23/09/2022	12	HAE	9,1	0	1,0	0	57,0	0	26,0	0	330,0	0	1005,0	0	1426,7	ERA5
1040777	23/09/2022	17	23/09/2022	13	HAE	10,9	0	0,9	0	50,0	0	27,0	0	340,0	0	1004,0	0	1596,2	ERA5
1040778	23/09/2022	18	23/09/2022	14	HAE	11,8	0	1,8	0	50,0	0	27,0	0	320,0	0	1004,0	0	2006,7	ERA5
1040779	23/09/2022	19	23/09/2022	15	HAE	12,4	0	2,4	0	50,0	0	26,0	0	290,0	0	1003,0	0	1895,6	ERA5
1040780	23/09/2022	20	23/09/2022	16	HAE	12,5	0	2,6	0	51,0	0	27,0	0	300,0	0	1003,0	0	1654,0	ERA5
1040781	23/09/2022	21	23/09/2022	17	HAE	12,8	0	2,3	0	49,0	0	21,0	0	320,0	0	1003,0	0	1203,0	ERA5
1040782	23/09/2022	22	23/09/2022	18	HAE	12,2	0	2,4	0	51,0	0	20,0	0	310,0	0	1004,0	0	654,9	ERA5
1040783	23/09/2022	23	23/09/2022	19	HAE	10,5	0	2,8	0	59,0	0	17,0	0	300,0	0	1004,0	0	160,1	ERA5
1040784	24/09/2022	00	23/09/2022	20	HAE	8,4	0	3,1	0	69,0	0	14,0	0	310,0	0	1004,0	0	0,0	ERA5
1040785	24/09/2022	01	23/09/2022	21	HAE	7,3	0	3,5	0	77,0	0	5,0	0	290,0	0	1004,0	0	0,0	ERA5
1040786	24/09/2022	02	23/09/2022	22	HAE	7,7	0	3,7	0	76,0	0	12,0	0	300,0	0	1004,0	0	0,0	ERA5
1040787	24/09/2022	03	23/09/2022	23	HAE	8,3	0	4,2	0	76,0	0	8,0	0	310,0	0	1004,0	0	0,0	ERA5
1040788	24/09/2022	04	24/09/2022	00	HAE	7,0	0	3,7	0	80,0	0	9,0	0	290,0	0	1004,0	0	0,0	ERA5
1040789	24/09/2022	05	24/09/2022	01	HAE	4,9	0	3,3	0	89,0	0	7,0	0	240,0	0	1004,0	0	0,0	ERA5
1040790	24/09/2022	06	24/09/2022	02	HAE	4,2	0	3,2	0	93,0	0	11,0	0	240,0	0	1004,0	0	0,0	ERA5
1040791	24/09/2022	07	24/09/2022	03	HAE	4,4	0	3,4	0	93,0	0	9,0	0	220,0	0	1003,0	0	0,0	ERA5
1040792	24/09/2022	08	24/09/2022	04	HAE	4,0	0	3,2	0	95,0	0	11,0	0	250,0	0	1003,0	0	0,0	ERA5
1040793	24/09/2022	09	24/09/2022	05	HAE	4,5	0	3,9	0	96,0	0	12,0	0	280,0	0	1003,0	0	0,0	ERA5
1040794	24/09/2022	10	24/09/2022	06	HAE	4,2	0	3,9	0	98,0	0	11,0	0	240,0	0	1003,0	0	0,0	ERA5
1040795	24/09/2022	11	24/09/2022	07	HAE	3,9	0	3,6	0	98,0	0	8,0	0	250,0	0	1003,0	0	0,3	ERA5
1040796	24/09/2022	12	24/09/2022	08	HAE	6,8	0	5,9	0	94,0	0	14,0	0	280,0	0	1003,0	0	235,5	ERA5
1040797	24/09/2022	13	24/09/2022	09	HAE	9,1	0	6,7	0	85,0	0	18,0	0	290,0	0	1003,0	0	829,9	ERA5
1040798	24/09/2022	14	24/09/2022	10	HAE	11,7	0	7,0	0	73,0	0	17,0	0	280,0	0	1003,0	0	1451,1	ERA5
1040799	24/09/2022	15	24/09/2022	11	HAE	13,3	0	7,7	0	69,0	0	15,0	0	280,0	0	1002,0	0	1980,6	ERA5
1040800	24/09/2022	16	24/09/2022	12	HAE	15,7	0	7,3	0	57,0	0	15,0	0	280,0	0	1002,0	0	2356,0	ERA5
1040801	24/09/2022	17	24/09/2022	13	HAE	16,8	0	7,4	0	53,0	0	21,0	0	290,0	0	1001,0	0	2542,7	ERA5
1040802	24/09/2022	18	24/09/2022	14	HAE	17,8	0	4,9	0	42,0	0	25,0	0	280,0	0	1000,0	0	2525,1	ERA5
1040803	24/09/2022	19	24/09/2022	15	HAE	18,1	0	6,2	0	45,0	0	20,0	0	300,0	0	999,0	0	2236,0	ERA5
1040804	24/09/2022	20	24/09/2022	16	HAE	18,6	0	6,7	0	46,0	0	21,0	0	280,0	0	999,0	0	1881,8	ERA5
1040805	24/09/2022	21	24/09/2022	17	HAE	18,2	0	7,0	0	48,0	0	15,0	0	300,0	0	998,0	0	1348,0	ERA5
1040806	24/09/2022	22	24/09/2022	18	HAE	17,2	0	6,7	0	50,0	0	16,0	0	300,0	0	997,0	0	685,2	ERA5
1040807	24/09/2022	23	24/09/2022	19	HAE	14,4	0	7,0	0	61,0	0	9,0	0	290,0	0	997,0	0	146,3	ERA5
1040808	25/09/2022	00	24/09/2022	20	HAE	13,8	0	7,1	0	64,0	0	8,0	0	240,0	0	997,0	0	0,0	ERA5
1040809	25/09/2022	01	24/09/2022	21	HAE	11,3	0	7,5	0	77,0	0	10,0	0	200,0	0	997,0	0	0,0	ERA5
1040810	25/09/2022	02	24/09/2022	22	HAE	10,9	0	7,3	0	79,0	0	11,0	0	180,0	0	996,0	0	0,0	ERA5
1040811	25/09/2022	03	24/09/2022	23	HAE	10,7	0	7,9	0	83,0	0	10,0	0	200,0	0	996,0	0	0,0	ERA5
1040812	25/09/2022	04	25/09/2022	00	HAE	10,6	0	8,4	0	86,0	0	8,0	0	190,0	0	996,0	0	0,0	ERA5
1040813	25/09/2022	05	25/09/2022	01	HAE	10,2	0	8,5	0	89,0	0	7,0	0	220,0	0	996,0	0	0,0	ERA5
1040814	25/09/2022	06	25/09/2022	02	HAE	10,7	0	9,0	0	90,0	0	9,0	0	190,0	0	995,0	0	0,0	ERA5
1040815	25/09/2022	07	25/09/2022	03	HAE	10,7	0	9,1	0	90,0	0	5,0	0	240,0	0	994,0	0	0,0	ERA5
1040816	25/09/2022	08	25/09/2022	04	HAE	9,9	0	8,9	0	94,0	0	8,0	0	230,0	0	994,0	0	0,0	ERA5
1040817	25/09/2022	09	25/09/2022	05	HAE	9,9	0	8,8	0	93,0	0	4,0	0	190,0	0	993,0	0	0,0	ERA5
1040818	25/09/2022	10	25/09/2022	06	HAE	9,7	0	9,1	0	96,0	0	2,0	0	0,0	0	993,0	0	0,0	ERA5
1040819	25/09/2022	11	25/09/2022	07	HAE	9,7	0	9,4	0	98,0	0	5,0	0	140,0	0	992,0	0	0,1	ERA5
1040820	25/09/2022	12	25/09/2022	08	HAE	10,1	0	9,6	0	96,0	0	10,0	0	160,0	0	992,0	0	197,2	ERA5
1040821	25/09/2022	13	25/09/2022	09	HAE	11,3	0	10,5	0	94,0	0	5,0	0	180,0	0	992,0	0	717,1	ERA5
1040822	25/09/2022	14	25/09/2022	10	HAE	13,6	0	10,2	0	80,0	0	4,0	0	160,0	0	991,0	0	1271,0	ERA5
1040823	25/09/2022	15	25/09/2022	11	HAE	15,4	0	10,1	0	70,0	0	5,0	0	170,0	0	991,0	0	1867,8	ERA5
1040824	25/09/2022	16	25/09/2022	12	HAE	16,3	0	8,7	0	60,0	0	3,0	0	190,0	0	990,0	0	2286,6	ERA5
1040825	25/09/2022	17	25/09/2022	13	HAE	16,6	0	9,2	0	62,0	0	9,0	0	140,0	0	989,0	0	2312,8	ERA5
1040826	25/09/2022	18	25/09/2022	14	HAE	16,5	0	9,6	0	64,0	0	10,0	0	120,0	0	988,0	0	1556,2	ERA5
1040827	25/09/2022	19	25/09/2022	15	HAE	16,5	0	10,0	0	65,0	0	13,0	0	120,0	0	987,0	0	646,7	ERA5
1040828	25/09/2022	20	25/09/2022	16	HAE	15,6	0	10,6	0	72,0	0	12,0	0	120,0	0	987,0	0	503,4	ERA5
1040829	25/09/2022	21	25/09/2022	17	HAE	14,7	0	10,9	0	78,0	0	10,0	0	120,0	0	987,0	0	343,6	ERA5
1040830	25/09/2022	22	25/09/2022	18	HAE	14,1	0	11,3	0	83,0	0	7,0	0	70,0	0	987,0	0	191,5	ERA5
1040831	25/09/2022	23	25/09/2022	19	HAE	13,5	0	11,4	0	87,0	0	8,0	0	90,0	0	987,0	0	41,5	ERA5
1040832	26/09/2022	00	25/09/2022	20	HAE	12,9	0	11,7	0	92,0	0	10,0	0	50,0	0	987,0	0	0,0	ERA5
1040833	26/09/2022	01	25/09/2022	21	HAE	12,7	0	11,6	0	93,0	0	9,0	0	60,0	0	987,0	0	0,0	ERA5
1040834	26/09/2022	02	25/09/2022	22	HAE	12,3	0	11,4	0	94,0	0	7,0	0	30,0	0	987,0	0	0,0	ERA5
1040835	26/09/2022	03	25/09/2022	23	HAE	12,4	0	11,4	0	93,0	0	7,0	0	20,0	0	987,0	0	0,0	ERA5
1040836	26/09/2022	04	26/09/2022	00	HAE	12,4	0	11,4	0	94,0	0	9,0	0	20,0	0	986,0	0	0,0	ERA5
1040837	26/09/2022	05	26/09/2022	01	HAE	12,2	0	11,4	0	95,0	0	9,0	0	40,0	0	986,0	0	0,0	ERA5
1040838	26/09/2022	06	26/09/2022	02	HAE	11,9	0	11,3	0	96,0	0	9,0	0	40,0	0	986,0	0	0,0	ERA5
1040839	26/09/2022	07	26/09/2022	03	HAE	11,4	0	10,9	0	97,0	0	5,0	0	130,0	0	986,0	0	0,0	ERA5
1040840	26/09/2022	08	26/09/2022	04	HAE	11,5	0	11,0	0	97,0	0	9,0	0	100,0	0	986,0	0	0,0	ERA5
1040841	26/09/2022	09	26/09/2022	05	HAE	11,2	0	10,9	0	98,0	0	2,0	0	0,0	0	986,0	0	0,0	ERA5
1040842	26/09/2022	10	26/09/2022	06	HAE	11,4	0	11,2	0	99,0	0	6,0	0	110,0	0	986,0	0	0,0	ERA5
1040843	26/09/2022	11	26/09/2022	07	HAE	11,5	0	11,2	0	99,0	0	14,0	0	100,0	0	986,0	0	0,0	ERA5
1040844	26/09/2022	12	26/09/2022	08	HAE	11,4	0	11,3	0	99,0	0	13,0	0	110,0	0	986,0	0	55,2	ERA5
1040845	26/09/2022	13	26/09/2022	09	HAE	12,0	0	11,9	0	99,0	0	13,0	0	120,0	0	986,0	0	110,7	ERA5
1040846	26/09/2022	14	26/09/2022	10	HAE	13,4	0	12,8	0	96,0	0	9,0	0	160,0	0	986,0	0	331,7	ERA5
1040847	26/09/2022	15	26/09/2022	11	HAE	16,2	0	12,5	0	78,0	0	17,0	0	190,0	0	986,0	0	783,5	ERA5
1040848	26/09/2022	16	26/09/2022	12	HAE	17,7	0	11,4	0	66,0	0	20,0	0	180,0	0	986,0	0	1566,7	ERA5
1040849	26/09/2022	17	26/09/2022	13	HAE	17,7	0	10,6	0	63,0	0	20,0	0	210,0	0	986,0	0	1749,1	ERA5
1040850	26/09/2022	18	26/09/2022	14	HAE	18,4	0	10,1	0	58,0	0	28,0	0	190,0	0	985,0	0	1362,5	ERA5
1040851	26/09/2022	19	26/09/2022	15	HAE	17,1	0	11,0	0	67,0	0	20,0	0	180,0	0	986,0	0	1579,8	ERA5
1040852	26/09/2022	20	26/09/2022	16	HAE	16,1	0	11,2	0	73,0	0	21,0	0	180,0	0	986,0	0	1340,7	ERA5
1040853	26/09/2022	21	26/09/2022	17	HAE	15,2	0	10,3	0	72,0	0	24,0	0	190,0	0	987,0	0	661,8	ERA5
1040854	26/09/2022	22	26/09/2022	18	HAE	14,8	0	10,8	0	77,0	0	18,0	0	190,0	0	987,0	0	275,9	ERA5
1040855	26/09/2022	23	26/09/2022	19	HAE	13,7	0	11,3	0	85,0	0	11,0	0	150,0	0	987,0	0	56,1	ERA5
1040856	27/09/2022	00	26/09/2022	20	HAE	12,5	0	9,9	0	84,0	0	14,0	0	170,0	0	987,0	0	0,0	ERA5
1040857	27/09/2022	01	26/09/2022	21	HAE	11,4	0	10,2	0	92,0	0	15,0	0	170,0	0	988,0	0	0,0	ERA5
1040858	27/09/2022	02	26/09/2022	22	HAE	10,5	0	9,8	0	95,0	0	11,0	0	160,0	0	988,0	0	0,0	ERA5
1040859	27/09/2022	03	26/09/2022	23	HAE	9,3	0	8,8	0	97,0	0	11,0	0	140,0	0	988,0	0	0,0	ERA5
1040860	27/09/2022	04	27/09/2022	00	HAE	9,5	0	9,1	0	97,0	0	9,0	0	140,0	0	988,0	0	0,0	ERA5
1040861	27/09/2022	05	27/09/2022	01	HAE	9,6	0	9,4	0	99,0	0	12,0	0	140,0	0	988,0	0	0,0	ERA5
1040862	27/09/2022	06	27/09/2022	02	HAE	10,4	0	10,2	0	99,0	0	9,0	0	130,0	0	988,0	0	0,0	ERA5
1040863	27/09/2022	07	27/09/2022	03	HAE	11,1	0	10,5	0	96,0	0	14,0	0	140,0	0	988,0	0	0,0	ERA5
1040864	27/09/2022	08	27/09/2022	04	HAE	11,0	0	10,4	0	96,0	0	13,0	0	130,0	0	987,0	0	0,0	ERA5
1040865	27/09/2022	09	27/09/2022	05	HAE	10,9	0	10,6	0	98,0	0	11,0	0	70,0	0	987,0	0	0,0	ERA5
1040866	27/09/2022	10	27/09/2022	06	HAE	10,8	0	10,7	0	99,0	0	8,0	0	40,0	0	988,0	0	0,0	ERA5
1040867	27/09/2022	11	27/09/2022	07	HAE	11,0	0	10,8	0	99,0	0	11,0	0	350,0	0	988,0	0	0,0	ERA5
1040868	27/09/2022	12	27/09/2022	08	HAE	11,2	0	11,0	0	98,0	0	8,0	0	320,0	0	989,0	0	35,5	ERA5
1040869	27/09/2022	13	27/09/2022	09	HAE	12,0	0	11,1	0	94,0	0	8,0	0	300,0	0	990,0	0	144,5	ERA5
1040870	27/09/2022	14	27/09/2022	10	HAE	12,7	0	10,1	0	84,0	0	10,0	0	310,0	0	991,0	0	485,6	ERA5
1040871	27/09/2022	15	27/09/2022	11	HAE	13,2	0	11,0	0	87,0	0	13,0	0	260,0	0	992,0	0	942,3	ERA5
1040872	27/09/2022	16	27/09/2022	12	HAE	13,7	0	11,1	0	84,0	0	10,0	0	240,0	0	992,0	0	1327,8	ERA5
1040873	27/09/2022	17	27/09/2022	13	HAE	13,9	0	10,7	0	81,0	0	11,0	0	280,0	0	993,0	0	1940,8	ERA5
1040874	27/09/2022	18	27/09/2022	14	HAE	14,1	0	10,4	0	78,0	0	11,0	0	240,0	0	993,0	0	1948,2	ERA5
1040875	27/09/2022	19	27/09/2022	15	HAE	14,6	0	10,6	0	77,0	0	8,0	0	230,0	0	993,0	0	1264,0	ERA5
1040876	27/09/2022	20	27/09/2022	16	HAE	15,3	0	10,9	0	75,0	0	10,0	0	240,0	0	993,0	0	1185,1	ERA5
1040877	27/09/2022	21	27/09/2022	17	HAE	15,6	0	11,1	0	75,0	0	9,0	0	230,0	0	994,0	0	685,2	ERA5
1040878	27/09/2022	22	27/09/2022	18	HAE	14,8	0	12,4	0	85,0	0	4,0	0	250,0	0	995,0	0	324,7	ERA5
1040879	27/09/2022	23	27/09/2022	19	HAE	14,2	0	12,1	0	87,0	0	9,0	0	270,0	0	995,0	0	57,9	ERA5
1040880	28/09/2022	00	27/09/2022	20	HAE	12,5	0	11,7	0	95,0	0	9,0	0	250,0	0	996,0	0	0,0	ERA5
1040881	28/09/2022	01	27/09/2022	21	HAE	12,7	0	11,9	0	95,0	0	7,0	0	300,0	0	996,0	0	0,0	ERA5
1040882	28/09/2022	02	27/09/2022	22	HAE	12,5	0	10,9	0	90,0	0	11,0	0	290,0	0	997,0	0	0,0	ERA5
1040883	28/09/2022	03	27/09/2022	23	HAE	10,7	0	10,5	0	98,0	0	8,0	0	260,0	0	997,0	0	0,0	ERA5
1040884	28/09/2022	04	28/09/2022	00	HAE	10,9	0	10,8	0	99,0	0	7,0	0	260,0	0	998,0	0	0,0	ERA5
1040885	28/09/2022	05	28/09/2022	01	HAE	10,9	0	10,8	0	100,0	0	6,0	0	280,0	0	998,0	0	0,0	ERA5
1040886	28/09/2022	06	28/09/2022	02	HAE	11,6	0	11,1	0	97,0	0	12,0	0	310,0	0	999,0	0	0,0	ERA5
1040887	28/09/2022	07	28/09/2022	03	HAE	12,1	0	11,3	0	95,0	0	14,0	0	310,0	0	1000,0	0	0,0	ERA5
1040888	28/09/2022	08	28/09/2022	04	HAE	12,2	0	11,1	0	93,0	0	21,0	0	320,0	0	1000,0	0	0,0	ERA5
1040889	28/09/2022	09	28/09/2022	05	HAE	11,9	0	10,3	0	90,0	0	25,0	0	320,0	0	1001,0	0	0,0	ERA5
1040890	28/09/2022	10	28/09/2022	06	HAE	11,6	0	9,6	0	88,0	0	25,0	0	320,0	0	1002,0	0	0,0	ERA5
1040891	28/09/2022	11	28/09/2022	07	HAE	11,3	0	9,2	0	86,0	0	23,0	0	320,0	0	1003,0	0	0,0	ERA5
1040892	28/09/2022	12	28/09/2022	08	HAE	11,3	0	8,7	0	84,0	0	27,0	0	320,0	0	1004,0	0	55,9	ERA5
1040893	28/09/2022	13	28/09/2022	09	HAE	12,5	0	8,5	0	76,0	0	25,0	0	340,0	0	1005,0	0	267,7	ERA5
1040894	28/09/2022	14	28/09/2022	10	HAE	12,1	0	7,8	0	75,0	0	26,0	0	330,0	0	1006,0	0	724,5	ERA5
1040895	28/09/2022	15	28/09/2022	11	HAE	12,5	0	8,3	0	75,0	0	22,0	0	310,0	0	1007,0	0	928,9	ERA5
1040896	28/09/2022	16	28/09/2022	12	HAE	12,8	0	8,1	0	73,0	0	25,0	0	310,0	0	1008,0	0	1293,1	ERA5
1040897	28/09/2022	17	28/09/2022	13	HAE	13,1	0	7,8	0	70,0	0	25,0	0	330,0	0	1008,0	0	985,9	ERA5
1040898	28/09/2022	18	28/09/2022	14	HAE	13,0	0	8,3	0	73,0	0	22,0	0	310,0	0	1009,0	0	865,9	ERA5
1040899	28/09/2022	19	28/09/2022	15	HAE	13,5	0	7,7	0	68,0	0	23,0	0	340,0	0	1009,0	0	1178,6	ERA5
1040900	28/09/2022	20	28/09/2022	16	HAE	14,0	0	7,6	0	65,0	0	22,0	0	320,0	0	1009,0	0	1068,5	ERA5
1040901	28/09/2022	21	28/09/2022	17	HAE	13,5	0	7,4	0	66,0	0	23,0	0	320,0	0	1010,0	0	744,1	ERA5
1040902	28/09/2022	22	28/09/2022	18	HAE	12,5	0	7,2	0	70,0	0	28,0	0	330,0	0	1011,0	0	373,8	ERA5
1040903	28/09/2022	23	28/09/2022	19	HAE	11,7	0	6,3	0	69,0	0	28,0	0	320,0	0	1011,0	0	57,0	ERA5
1040904	29/09/2022	00	28/09/2022	20	HAE	11,2	0	5,7	0	69,0	0	24,0	0	320,0	0	1012,0	0	0,0	ERA5
1040905	29/09/2022	01	28/09/2022	21	HAE	10,9	0	5,4	0	69,0	0	29,0	0	310,0	0	1013,0	0	0,0	ERA5
1040906	29/09/2022	02	28/09/2022	22	HAE	10,3	0	5,5	0	72,0	0	21,0	0	320,0	0	1014,0	0	0,0	ERA5
1040907	29/09/2022	03	28/09/2022	23	HAE	9,6	0	5,4	0	75,0	0	18,0	0	320,0	0	1014,0	0	0,0	ERA5
1040908	29/09/2022	04	29/09/2022	00	HAE	9,4	0	5,1	0	74,0	0	15,0	0	300,0	0	1015,0	0	0,0	ERA5
1040909	29/09/2022	05	29/09/2022	01	HAE	9,2	0	4,7	0	73,0	0	14,0	0	300,0	0	1015,0	0	0,0	ERA5
1040910	29/09/2022	06	29/09/2022	02	HAE	8,9	0	4,3	0	73,0	0	14,0	0	300,0	0	1016,0	0	0,0	ERA5
1040911	29/09/2022	07	29/09/2022	03	HAE	8,6	0	4,5	0	75,0	0	16,0	0	310,0	0	1016,0	0	0,0	ERA5
1040912	29/09/2022	08	29/09/2022	04	HAE	8,2	0	4,7	0	79,0	0	14,0	0	320,0	0	1016,0	0	0,0	ERA5
1040913	29/09/2022	09	29/09/2022	05	HAE	8,0	0	4,2	0	77,0	0	17,0	0	330,0	0	1016,0	0	0,0	ERA5
1040914	29/09/2022	10	29/09/2022	06	HAE	7,6	0	4,2	0	79,0	0	17,0	0	330,0	0	1017,0	0	0,0	ERA5
1040915	29/09/2022	11	29/09/2022	07	HAE	7,2	0	3,5	0	77,0	0	15,0	0	330,0	0	1017,0	0	0,0	ERA5
1040916	29/09/2022	12	29/09/2022	08	HAE	7,0	0	3,2	0	77,0	0	16,0	0	330,0	0	1018,0	0	90,0	ERA5
1040917	29/09/2022	13	29/09/2022	09	HAE	8,3	0	3,0	0	69,0	0	18,0	0	320,0	0	1018,0	0	370,9	ERA5
1040918	29/09/2022	14	29/09/2022	10	HAE	9,1	0	2,1	0	61,0	0	14,0	0	320,0	0	1019,0	0	657,1	ERA5
1040919	29/09/2022	15	29/09/2022	11	HAE	9,8	0	3,0	0	62,0	0	10,0	0	360,0	0	1019,0	0	1349,4	ERA5
1040920	29/09/2022	16	29/09/2022	12	HAE	10,3	0	3,0	0	60,0	0	11,0	0	310,0	0	1019,0	0	1687,4	ERA5
1040921	29/09/2022	17	29/09/2022	13	HAE	11,1	0	3,0	0	57,0	0	10,0	0	320,0	0	1018,0	0	2108,1	ERA5
1040922	29/09/2022	18	29/09/2022	14	HAE	12,0	0	3,5	0	56,0	0	7,0	0	290,0	0	1017,0	0	2345,5	ERA5
1040923	29/09/2022	19	29/09/2022	15	HAE	12,9	0	4,1	0	55,0	0	4,0	0	300,0	0	1017,0	0	2187,4	ERA5
1040924	29/09/2022	20	29/09/2022	16	HAE	13,4	0	2,7	0	48,0	0	10,0	0	290,0	0	1017,0	0	1777,7	ERA5
1040925	29/09/2022	21	29/09/2022	17	HAE	13,2	0	3,0	0	50,0	0	4,0	0	220,0	0	1016,0	0	1227,8	ERA5
1040926	29/09/2022	22	29/09/2022	18	HAE	12,2	0	3,8	0	56,0	0	10,0	0	250,0	0	1016,0	0	608,7	ERA5
1040927	29/09/2022	23	29/09/2022	19	HAE	9,8	0	4,1	0	68,0	0	9,0	0	270,0	0	1016,0	0	95,3	ERA5
1040928	30/09/2022	00	29/09/2022	20	HAE	8,6	0	3,7	0	71,0	0	7,0	0	260,0	0	1016,0	0	0,0	ERA5
1040929	30/09/2022	01	29/09/2022	21	HAE	7,1	0	4,0	0	81,0	0	4,0	0	240,0	0	1016,0	0	0,0	ERA5
1040930	30/09/2022	02	29/09/2022	22	HAE	5,6	0	3,7	0	87,0	0	5,0	0	220,0	0	1016,0	0	0,0	ERA5
1040931	30/09/2022	03	29/09/2022	23	HAE	5,7	0	3,7	0	87,0	0	4,0	0	200,0	0	1016,0	0	0,0	ERA5
1040932	30/09/2022	04	30/09/2022	00	HAE	4,4	0	3,9	0	97,0	0	7,0	0	200,0	0	1017,0	0	0,0	ERA5
1040933	30/09/2022	05	30/09/2022	01	HAE	4,0	0	3,4	0	96,0	0	3,0	0	210,0	0	1016,0	0	0,0	ERA5
1040934	30/09/2022	06	30/09/2022	02	HAE	5,1	0	4,2	0	94,0	0	1,0	0	0,0	0	1016,0	0	0,0	ERA5
1040935	30/09/2022	07	30/09/2022	03	HAE	4,2	0	3,2	0	94,0	0	4,0	0	50,0	0	1015,0	0	0,0	ERA5
1040936	30/09/2022	08	30/09/2022	04	HAE	3,3	0	2,8	0	97,0	0	4,0	0	120,0	0	1015,0	0	0,0	ERA5
1040937	30/09/2022	09	30/09/2022	05	HAE	3,7	0	2,9	0	95,0	0	3,0	0	0,0	0	1015,0	0	0,0	ERA5
1040938	30/09/2022	10	30/09/2022	06	HAE	2,2	0	1,8	0	97,0	0	3,0	0	140,0	0	1015,0	0	0,0	ERA5
1040939	30/09/2022	11	30/09/2022	07	HAE	3,3	0	2,5	0	94,0	0	4,0	0	300,0	0	1015,0	0	0,0	ERA5
1040940	30/09/2022	12	30/09/2022	08	HAE	4,2	0	3,9	0	98,0	0	1,0	0	0,0	0	1015,0	0	170,3	ERA5
1040941	30/09/2022	13	30/09/2022	09	HAE	8,0	0	5,5	0	84,0	0	3,0	0	0,0	0	1015,0	0	694,4	ERA5
1040942	30/09/2022	14	30/09/2022	10	HAE	10,7	0	6,4	0	75,0	0	3,0	0	160,0	0	1015,0	0	1293,0	ERA5
1040943	30/09/2022	15	30/09/2022	11	HAE	13,2	0	5,7	0	60,0	0	9,0	0	200,0	0	1015,0	0	1860,5	ERA5
1040944	30/09/2022	16	30/09/2022	12	HAE	14,4	0	4,5	0	51,0	0	4,0	0	240,0	0	1014,0	0	2224,7	ERA5
1040945	30/09/2022	17	30/09/2022	13	HAE	16,0	0	4,9	0	47,0	0	5,0	0	250,0	0	1014,0	0	2401,4	ERA5
1040946	30/09/2022	18	30/09/2022	14	HAE	16,5	0	4,3	0	44,0	0	1,0	0	0,0	0	1012,0	0	2377,2	ERA5
1040947	30/09/2022	19	30/09/2022	15	HAE	17,8	0	6,7	0	48,0	0	3,0	0	0,0	0	1011,0	0	2157,7	ERA5
1040948	30/09/2022	20	30/09/2022	16	HAE	18,3	0	4,3	0	39,0	0	12,0	0	270,0	0	1011,0	0	1755,1	ERA5
1040949	30/09/2022	21	30/09/2022	17	HAE	17,5	0	4,0	0	40,0	0	8,0	0	250,0	0	1010,0	0	1202,5	ERA5
1040950	30/09/2022	22	30/09/2022	18	HAE	16,4	0	7,1	0	54,0	0	2,0	0	0,0	0	1010,0	0	574,9	ERA5
1040951	30/09/2022	23	30/09/2022	19	HAE	13,4	0	5,2	0	57,0	0	1,0	0	0,0	0	1010,0	0	83,2	ERA5
1040952	01/10/2022	00	30/09/2022	20	HAE	10,8	0	5,4	0	69,0	0	1,0	0	0,0	0	1010,0	0	0,0	ERA5
1040953	01/10/2022	01	30/09/2022	21	HAE	9,9	0	5,8	0	75,0	0	8,0	0	200,0	0	1009,0	0	0,0	ERA5
1040954	01/10/2022	02	30/09/2022	22	HAE	9,3	0	6,0	0	80,0	0	8,0	0	200,0	0	1009,0	0	0,0	ERA5
1040955	01/10/2022	03	30/09/2022	23	HAE	10,7	0	6,2	0	74,0	0	8,0	0	220,0	0	1009,0	0	0,0	ERA5
1040956	01/10/2022	04	01/10/2022	00	HAE	9,1	0	6,7	0	85,0	0	3,0	0	190,0	0	1009,0	0	0,0	ERA5
1040957	01/10/2022	05	01/10/2022	01	HAE	8,8	0	7,2	0	89,0	0	8,0	0	200,0	0	1009,0	0	0,0	ERA5
1040958	01/10/2022	06	01/10/2022	02	HAE	7,9	0	7,1	0	95,0	0	6,0	0	200,0	0	1009,0	0	0,0	ERA5
1040959	01/10/2022	07	01/10/2022	03	HAE	8,0	0	6,9	0	93,0	0	6,0	0	320,0	0	1008,0	0	0,0	ERA5
1040960	01/10/2022	08	01/10/2022	04	HAE	6,2	0	5,9	0	98,0	0	5,0	0	310,0	0	1008,0	0	0,0	ERA5
1040961	01/10/2022	09	01/10/2022	05	HAE	6,9	0	6,4	0	97,0	0	0,0	0	0,0	0	1008,0	0	0,0	ERA5
1040962	01/10/2022	10	01/10/2022	06	HAE	6,7	0	6,5	0	99,0	0	4,0	0	270,0	0	1009,0	0	0,0	ERA5
1040963	01/10/2022	11	01/10/2022	07	HAE	7,2	0	6,9	0	98,0	0	9,0	0	310,0	0	1009,0	0	0,0	ERA5
1040964	01/10/2022	12	01/10/2022	08	HAE	6,2	0	6,2	0	99,0	0	5,0	0	270,0	0	1009,0	0	109,2	ERA5
1040965	01/10/2022	13	01/10/2022	09	HAE	9,4	0	8,6	0	95,0	0	7,0	0	310,0	0	1009,0	0	469,1	ERA5
1040966	01/10/2022	14	01/10/2022	10	HAE	11,6	0	8,4	0	81,0	0	8,0	0	340,0	0	1009,0	0	924,4	ERA5
1040967	01/10/2022	15	01/10/2022	11	HAE	13,6	0	8,6	0	71,0	0	8,0	0	320,0	0	1009,0	0	1351,3	ERA5
1040968	01/10/2022	16	01/10/2022	12	HAE	16,0	0	8,0	0	59,0	0	10,0	0	330,0	0	1009,0	0	1500,0	ERA5
1040969	01/10/2022	17	01/10/2022	13	HAE	17,6	0	8,7	0	56,0	0	8,0	0	330,0	0	1009,0	0	1559,3	ERA5
1040970	01/10/2022	18	01/10/2022	14	HAE	18,4	0	8,9	0	54,0	0	18,0	0	330,0	0	1008,0	0	1511,5	ERA5
1040971	01/10/2022	19	01/10/2022	15	HAE	17,8	0	8,8	0	55,0	0	21,0	0	340,0	0	1008,0	0	1319,9	ERA5
1040972	01/10/2022	20	01/10/2022	16	HAE	17,4	0	9,6	0	60,0	0	22,0	0	360,0	0	1008,0	0	1160,0	ERA5
1040973	01/10/2022	21	01/10/2022	17	HAE	16,4	0	9,7	0	64,0	0	21,0	0	350,0	0	1008,0	0	788,1	ERA5
1040974	01/10/2022	22	01/10/2022	18	HAE	15,0	0	9,4	0	69,0	0	27,0	0	340,0	0	1009,0	0	350,5	ERA5
1040975	01/10/2022	23	01/10/2022	19	HAE	13,0	0	8,4	0	74,0	0	25,0	0	10,0	0	1010,0	0	54,5	ERA5
1040976	02/10/2022	00	01/10/2022	20	HAE	12,1	0	7,8	0	75,0	0	20,0	0	360,0	0	1011,0	0	0,0	ERA5
1040977	02/10/2022	01	01/10/2022	21	HAE	12,1	0	7,0	0	70,0	0	25,0	0	10,0	0	1011,0	0	0,0	ERA5
1040978	02/10/2022	02	01/10/2022	22	HAE	11,8	0	5,8	0	66,0	0	25,0	0	20,0	0	1011,0	0	0,0	ERA5
1040979	02/10/2022	03	01/10/2022	23	HAE	10,3	0	2,8	0	59,0	0	30,0	0	30,0	0	1012,0	0	0,0	ERA5
1040980	02/10/2022	04	02/10/2022	00	HAE	8,9	0	1,7	0	60,0	0	27,0	0	20,0	0	1013,0	0	0,0	ERA5
1040981	02/10/2022	05	02/10/2022	01	HAE	7,5	0	1,4	0	65,0	0	19,0	0	30,0	0	1013,0	0	0,0	ERA5
1040982	02/10/2022	06	02/10/2022	02	HAE	6,6	0	1,0	0	68,0	0	22,0	0	20,0	0	1013,0	0	0,0	ERA5
1040983	02/10/2022	07	02/10/2022	03	HAE	5,6	0	0,8	0	71,0	0	22,0	0	20,0	0	1014,0	0	0,0	ERA5
1040984	02/10/2022	08	02/10/2022	04	HAE	5,0	0	0,5	0	73,0	0	21,0	0	20,0	0	1014,0	0	0,0	ERA5
1040985	02/10/2022	09	02/10/2022	05	HAE	4,2	0	0,1	0	74,0	0	21,0	0	30,0	0	1014,0	0	0,0	ERA5
1040986	02/10/2022	10	02/10/2022	06	HAE	3,7	0	-0,4	0	75,0	0	19,0	0	20,0	0	1015,0	0	0,0	ERA5
1040987	02/10/2022	11	02/10/2022	07	HAE	3,2	0	-0,7	0	75,0	0	19,0	0	20,0	0	1015,0	0	0,0	ERA5
1040988	02/10/2022	12	02/10/2022	08	HAE	4,0	0	-0,9	0	70,0	0	18,0	0	20,0	0	1016,0	0	172,6	ERA5
1040989	02/10/2022	13	02/10/2022	09	HAE	5,5	0	-0,9	0	63,0	0	19,0	0	40,0	0	1016,0	0	766,5	ERA5
1040990	02/10/2022	14	02/10/2022	10	HAE	7,9	0	-1,2	0	53,0	0	28,0	0	50,0	0	1017,0	0	1380,5	ERA5
1040991	02/10/2022	15	02/10/2022	11	HAE	9,2	0	-0,8	0	49,0	0	29,0	0	30,0	0	1017,0	0	1930,1	ERA5
1040992	02/10/2022	16	02/10/2022	12	HAE	10,4	0	-0,2	0	47,0	0	24,0	0	20,0	0	1017,0	0	2303,9	ERA5
1040993	02/10/2022	17	02/10/2022	13	HAE	11,1	0	-1,6	0	41,0	0	23,0	0	50,0	0	1016,0	0	2482,3	ERA5
1040994	02/10/2022	18	02/10/2022	14	HAE	12,6	0	-0,6	0	40,0	0	21,0	0	30,0	0	1016,0	0	2451,2	ERA5
1040995	02/10/2022	19	02/10/2022	15	HAE	13,1	0	-1,7	0	36,0	0	19,0	0	30,0	0	1015,0	0	2208,6	ERA5
1040996	02/10/2022	20	02/10/2022	16	HAE	13,2	0	-1,3	0	37,0	0	15,0	0	30,0	0	1015,0	0	1785,7	ERA5
1040997	02/10/2022	21	02/10/2022	17	HAE	13,0	0	-1,3	0	37,0	0	19,0	0	40,0	0	1014,0	0	1209,3	ERA5
1040998	02/10/2022	22	02/10/2022	18	HAE	11,4	0	-0,3	0	44,0	0	12,0	0	40,0	0	1015,0	0	582,3	ERA5
1040999	02/10/2022	23	02/10/2022	19	HAE	10,4	0	-1,6	0	43,0	0	9,0	0	50,0	0	1015,0	0	73,3	ERA5
1041000	03/10/2022	00	02/10/2022	20	HAE	9,2	0	0,1	0	53,0	0	11,0	0	350,0	0	1015,0	0	0,0	ERA5
1041001	03/10/2022	01	02/10/2022	21	HAE	8,0	0	0,4	0	59,0	0	12,0	0	360,0	0	1015,0	0	0,0	ERA5
1041002	03/10/2022	02	02/10/2022	22	HAE	6,5	0	0,7	0	66,0	0	11,0	0	10,0	0	1016,0	0	0,0	ERA5
1041003	03/10/2022	03	02/10/2022	23	HAE	5,3	0	0,6	0	71,0	0	7,0	0	30,0	0	1016,0	0	0,0	ERA5
1041004	03/10/2022	04	03/10/2022	00	HAE	2,5	0	-0,1	0	83,0	0	8,0	0	20,0	0	1015,0	0	0,0	ERA5
1041005	03/10/2022	05	03/10/2022	01	HAE	4,3	0	0,5	0	76,0	0	3,0	0	30,0	0	1016,0	0	0,0	ERA5
1041006	03/10/2022	06	03/10/2022	02	HAE	1,6	0	0,1	0	90,0	0	8,0	0	50,0	0	1015,0	0	0,0	ERA5
1041007	03/10/2022	07	03/10/2022	03	HAE	1,4	0	0,35	4.lineaire	90,0	0	7,0	0	40,0	0	1015,0	0	0,0	ERA5
1041008	03/10/2022	08	03/10/2022	04	HAE	2,5	0	0,6	0	87,0	0	14,0	0	10,0	0	1015,0	0	0,0	ERA5
1041009	03/10/2022	09	03/10/2022	05	HAE	2,0	0	-0,2	0	85,0	0	4,0	0	20,0	0	1015,0	0	0,0	ERA5
1041010	03/10/2022	10	03/10/2022	06	HAE	1,6	0	-0,1	0	88,0	0	12,0	0	20,0	0	1015,0	0	0,0	ERA5
1041011	03/10/2022	11	03/10/2022	07	HAE	2,3	0	0,2	0	86,0	0	3,0	0	330,0	0	1016,0	0	0,0	ERA5
1041012	03/10/2022	12	03/10/2022	08	HAE	3,0	0	0,8	0	85,0	0	9,0	0	10,0	0	1016,0	0	159,7	ERA5
1041013	03/10/2022	13	03/10/2022	09	HAE	5,8	0	1,7	0	75,0	0	7,0	0	20,0	0	1016,0	0	668,7	ERA5
1041014	03/10/2022	14	03/10/2022	10	HAE	8,3	0	2,0	0	64,0	0	8,0	0	10,0	0	1016,0	0	1310,2	ERA5
1041015	03/10/2022	15	03/10/2022	11	HAE	11,2	0	1,7	0	52,0	0	7,0	0	10,0	0	1016,0	0	1896,6	ERA5
1041016	03/10/2022	16	03/10/2022	12	HAE	11,8	0	-0,6	0	42,0	0	2,0	0	0,0	0	1016,0	0	2276,4	ERA5
1041017	03/10/2022	17	03/10/2022	13	HAE	12,8	0	0,4	0	43,0	0	4,0	0	170,0	0	1016,0	0	2454,8	ERA5
1041018	03/10/2022	18	03/10/2022	14	HAE	13,4	0	-0,2	0	39,0	0	4,0	0	230,0	0	1015,0	0	2422,4	ERA5
1041019	03/10/2022	19	03/10/2022	15	HAE	14,6	0	-0,1	0	36,0	0	6,0	0	300,0	0	1014,0	0	2181,1	ERA5
1041020	03/10/2022	20	03/10/2022	16	HAE	14,9	0	-1,0	0	33,0	0	10,0	0	340,0	0	1013,0	0	1757,8	ERA5
1041021	03/10/2022	21	03/10/2022	17	HAE	14,9	0	1,4	0	40,0	0	1,0	0	0,0	0	1013,0	0	1193,8	ERA5
1041022	03/10/2022	22	03/10/2022	18	HAE	13,2	0	2,1	0	47,0	0	6,0	0	90,0	0	1012,0	0	559,3	ERA5
1041023	03/10/2022	23	03/10/2022	19	HAE	12,5	0	-0,8	0	40,0	0	5,0	0	250,0	0	1012,0	0	63,7	ERA5
1041024	04/10/2022	00	03/10/2022	20	HAE	7,3	0	0,6	0	63,0	0	3,0	0	240,0	0	1012,0	0	0,0	ERA5
1041025	04/10/2022	01	03/10/2022	21	HAE	6,3	0	1,5	0	71,0	0	3,0	0	150,0	0	1012,0	0	0,0	ERA5
1041026	04/10/2022	02	03/10/2022	22	HAE	6,3	0	2,6	0	77,0	0	5,0	0	270,0	0	1012,0	0	0,0	ERA5
1041027	04/10/2022	03	03/10/2022	23	HAE	3,5	0	1,2	0	85,0	0	4,0	0	160,0	0	1012,0	0	0,0	ERA5
1041028	04/10/2022	04	04/10/2022	00	HAE	4,5	0	1,8	0	83,0	0	2,0	0	0,0	0	1012,0	0	0,0	ERA5
1041029	04/10/2022	05	04/10/2022	01	HAE	7,2	0	1,7	0	68,0	0	6,0	0	20,0	0	1011,0	0	0,0	ERA5
1041030	04/10/2022	06	04/10/2022	02	HAE	5,8	0	2,9	0	82,0	0	4,0	0	360,0	0	1011,0	0	0,0	ERA5
1041031	04/10/2022	07	04/10/2022	03	HAE	3,8	0	3,0	0	94,0	0	1,0	0	0,0	0	1011,0	0	0,0	ERA5
1041032	04/10/2022	08	04/10/2022	04	HAE	3,0	0	2,5	0	96,0	0	4,0	0	20,0	0	1010,0	0	0,0	ERA5
1041033	04/10/2022	09	04/10/2022	05	HAE	0,4	0	1,75	4.lineaire	97,0	0	1,0	0	0,0	0	1010,0	0	0,0	ERA5
1041034	04/10/2022	10	04/10/2022	06	HAE	1,1	0	1,0	0	99,0	0	3,0	0	150,0	0	1010,0	0	0,0	ERA5
1041035	04/10/2022	11	04/10/2022	07	HAE	1,4	0	1,4	0	100,0	0	1,0	0	0,0	0	1010,0	0	0,0	ERA5
1041036	04/10/2022	12	04/10/2022	08	HAE	3,4	0	2,4	0	93,0	0	7,0	0	360,0	0	1010,0	0	74,1	ERA5
1041037	04/10/2022	13	04/10/2022	09	HAE	6,7	0	3,8	0	81,0	0	7,0	0	340,0	0	1010,0	0	370,9	ERA5
1041038	04/10/2022	14	04/10/2022	10	HAE	9,2	0	3,9	0	70,0	0	1,0	0	0,0	0	1010,0	0	699,2	ERA5
1041039	04/10/2022	15	04/10/2022	11	HAE	12,1	0	5,0	0	62,0	0	4,0	0	250,0	0	1010,0	0	1361,6	ERA5
1041040	04/10/2022	16	04/10/2022	12	HAE	14,8	0	4,0	0	48,0	0	3,0	0	20,0	0	1009,0	0	1945,1	ERA5
1041041	04/10/2022	17	04/10/2022	13	HAE	16,0	0	3,9	0	44,0	0	2,0	0	0,0	0	1008,0	0	2199,9	ERA5
1041042	04/10/2022	18	04/10/2022	14	HAE	15,4	0	3,0	0	43,0	0	8,0	0	310,0	0	1008,0	0	2105,1	ERA5
1041043	04/10/2022	19	04/10/2022	15	HAE	17,2	0	2,9	0	38,0	0	5,0	0	360,0	0	1007,0	0	1934,5	ERA5
1041044	04/10/2022	20	04/10/2022	16	HAE	17,0	0	3,1	0	39,0	0	4,0	0	240,0	0	1007,0	0	1525,7	ERA5
1041045	04/10/2022	21	04/10/2022	17	HAE	16,9	0	3,5	0	40,0	0	3,0	0	0,0	0	1006,0	0	915,6	ERA5
1041046	04/10/2022	22	04/10/2022	18	HAE	16,0	0	3,3	0	42,0	0	4,0	0	170,0	0	1006,0	0	459,9	ERA5
1041047	04/10/2022	23	04/10/2022	19	HAE	12,3	0	3,8	0	56,0	0	4,0	0	200,0	0	1006,0	0	53,7	ERA5
1041048	05/10/2022	00	04/10/2022	20	HAE	10,7	0	4,0	0	63,0	0	3,0	0	0,0	0	1006,0	0	0,0	ERA5
1041049	05/10/2022	01	04/10/2022	21	HAE	8,0	0	3,8	0	75,0	0	4,0	0	140,0	0	1006,0	0	0,0	ERA5
1041050	05/10/2022	02	04/10/2022	22	HAE	9,2	0	3,6	0	68,0	0	4,0	0	230,0	0	1006,0	0	0,0	ERA5
1041051	05/10/2022	03	04/10/2022	23	HAE	7,6	0	3,4	0	75,0	0	2,0	0	0,0	0	1006,0	0	0,0	ERA5
1041052	05/10/2022	04	05/10/2022	00	HAE	7,0	0	4,0	0	81,0	0	5,0	0	300,0	0	1006,0	0	0,0	ERA5
1041053	05/10/2022	05	05/10/2022	01	HAE	3,9	0	2,3	0	89,0	0	5,0	0	130,0	0	1005,0	0	0,0	ERA5
1041054	05/10/2022	06	05/10/2022	02	HAE	5,2	0	3,7	0	90,0	0	3,0	0	240,0	0	1005,0	0	0,0	ERA5
1041055	05/10/2022	07	05/10/2022	03	HAE	4,8	0	3,3	0	90,0	0	1,0	0	0,0	0	1005,0	0	0,0	ERA5
1041056	05/10/2022	08	05/10/2022	04	HAE	3,4	0	2,4	0	94,0	0	3,0	0	140,0	0	1004,0	0	0,0	ERA5
1041057	05/10/2022	09	05/10/2022	05	HAE	4,1	0	2,8	0	91,0	0	6,0	0	70,0	0	1004,0	0	0,0	ERA5
1041058	05/10/2022	10	05/10/2022	06	HAE	5,2	0	3,8	0	91,0	0	7,0	0	40,0	0	1004,0	0	0,0	ERA5
1041059	05/10/2022	11	05/10/2022	07	HAE	1,9	0	1,5	0	97,0	0	7,0	0	160,0	0	1004,0	0	0,0	ERA5
1041060	05/10/2022	12	05/10/2022	08	HAE	5,1	0	4,9	0	99,0	0	4,0	0	120,0	0	1005,0	0	78,2	ERA5
1041061	05/10/2022	13	05/10/2022	09	HAE	9,5	0	6,7	0	83,0	0	3,0	0	0,0	0	1004,0	0	404,4	ERA5
1041062	05/10/2022	14	05/10/2022	10	HAE	12,3	0	7,5	0	72,0	0	0,0	0	0,0	0	1004,0	0	933,8	ERA5
1041063	05/10/2022	15	05/10/2022	11	HAE	15,3	0	5,2	0	51,0	0	3,0	0	220,0	0	1004,0	0	1547,6	ERA5
1041064	05/10/2022	16	05/10/2022	12	HAE	17,6	0	4,1	0	40,0	0	7,0	0	180,0	0	1004,0	0	2097,9	ERA5
1041065	05/10/2022	17	05/10/2022	13	HAE	18,9	0	3,0	0	35,0	0	7,0	0	250,0	0	1004,0	0	2261,7	ERA5
1041066	05/10/2022	18	05/10/2022	14	HAE	20,0	0	5,0	0	37,0	0	8,0	0	240,0	0	1003,0	0	2230,8	ERA5
1041067	05/10/2022	19	05/10/2022	15	HAE	21,0	0	5,1	0	35,0	0	3,0	0	0,0	0	1002,0	0	2011,8	ERA5
1041068	05/10/2022	20	05/10/2022	16	HAE	21,4	0	6,6	0	38,0	0	9,0	0	220,0	0	1001,0	0	1604,6	ERA5
1041069	05/10/2022	21	05/10/2022	17	HAE	21,4	0	8,7	0	43,0	0	8,0	0	230,0	0	1001,0	0	1065,9	ERA5
1041070	05/10/2022	22	05/10/2022	18	HAE	19,4	0	8,8	0	50,0	0	5,0	0	170,0	0	1001,0	0	473,6	ERA5
1041071	05/10/2022	23	05/10/2022	19	HAE	16,9	0	8,2	0	56,0	0	10,0	0	160,0	0	1001,0	0	44,9	ERA5
1041072	06/10/2022	00	05/10/2022	20	HAE	16,8	0	8,0	0	56,0	0	8,0	0	170,0	0	1001,0	0	0,0	ERA5
1041073	06/10/2022	01	05/10/2022	21	HAE	14,9	0	8,3	0	65,0	0	9,0	0	180,0	0	1001,0	0	0,0	ERA5
1041074	06/10/2022	02	05/10/2022	22	HAE	14,6	0	8,4	0	66,0	0	10,0	0	180,0	0	1001,0	0	0,0	ERA5
1041075	06/10/2022	03	05/10/2022	23	HAE	13,1	0	8,6	0	74,0	0	10,0	0	180,0	0	1001,0	0	0,0	ERA5
1041076	06/10/2022	04	06/10/2022	00	HAE	12,6	0	9,2	0	80,0	0	12,0	0	190,0	0	1000,0	0	0,0	ERA5
1041077	06/10/2022	05	06/10/2022	01	HAE	11,8	0	9,5	0	86,0	0	10,0	0	210,0	0	1000,0	0	0,0	ERA5
1041078	06/10/2022	06	06/10/2022	02	HAE	9,6	0	8,6	0	94,0	0	7,0	0	230,0	0	1000,0	0	0,0	ERA5
1041079	06/10/2022	07	06/10/2022	03	HAE	10,5	0	9,4	0	93,0	0	8,0	0	190,0	0	1000,0	0	0,0	ERA5
1041080	06/10/2022	08	06/10/2022	04	HAE	10,3	0	9,4	0	94,0	0	7,0	0	190,0	0	1000,0	0	0,0	ERA5
1041081	06/10/2022	09	06/10/2022	05	HAE	9,8	0	9,3	0	97,0	0	13,0	0	210,0	0	1000,0	0	0,0	ERA5
1041082	06/10/2022	10	06/10/2022	06	HAE	9,1	0	8,8	0	98,0	0	13,0	0	200,0	0	1000,0	0	0,0	ERA5
1041083	06/10/2022	11	06/10/2022	07	HAE	9,7	0	9,3	0	98,0	0	9,0	0	180,0	0	1000,0	0	0,0	ERA5
1041084	06/10/2022	12	06/10/2022	08	HAE	10,3	0	9,5	0	95,0	0	8,0	0	180,0	0	1000,0	0	98,1	ERA5
1041085	06/10/2022	13	06/10/2022	09	HAE	13,3	0	10,4	0	82,0	0	13,0	0	200,0	0	1000,0	0	504,2	ERA5
1041086	06/10/2022	14	06/10/2022	10	HAE	14,7	0	10,8	0	77,0	0	10,0	0	210,0	0	1000,0	0	973,3	ERA5
1041087	06/10/2022	15	06/10/2022	11	HAE	17,7	0	11,4	0	66,0	0	12,0	0	190,0	0	1000,0	0	1473,4	ERA5
1041088	06/10/2022	16	06/10/2022	12	HAE	20,0	0	10,7	0	55,0	0	12,0	0	190,0	0	999,0	0	2045,4	ERA5
1041089	06/10/2022	17	06/10/2022	13	HAE	22,2	0	9,8	0	45,0	0	18,0	0	220,0	0	999,0	0	2223,9	ERA5
1041090	06/10/2022	18	06/10/2022	14	HAE	21,0	0	9,9	0	49,0	0	15,0	0	230,0	0	998,0	0	1885,8	ERA5
1041091	06/10/2022	19	06/10/2022	15	HAE	20,5	0	9,6	0	49,0	0	16,0	0	220,0	0	998,0	0	1425,7	ERA5
1041092	06/10/2022	20	06/10/2022	16	HAE	20,3	0	8,1	0	45,0	0	22,0	0	220,0	0	998,0	0	1232,5	ERA5
1041093	06/10/2022	21	06/10/2022	17	HAE	19,2	0	9,3	0	52,0	0	10,0	0	200,0	0	998,0	0	923,7	ERA5
1041094	06/10/2022	22	06/10/2022	18	HAE	18,2	0	14,3	0	78,0	0	14,0	0	190,0	0	998,0	0	388,8	ERA5
1041095	06/10/2022	23	06/10/2022	19	HAE	17,3	0	14,3	0	82,0	0	15,0	0	190,0	0	998,0	0	31,5	ERA5
1041096	07/10/2022	00	06/10/2022	20	HAE	16,2	0	14,0	0	86,0	0	13,0	0	180,0	0	998,0	0	0,0	ERA5
1041097	07/10/2022	01	06/10/2022	21	HAE	16,0	0	13,3	0	84,0	0	14,0	0	190,0	0	998,0	0	0,0	ERA5
1041098	07/10/2022	02	06/10/2022	22	HAE	15,3	0	12,7	0	85,0	0	10,0	0	200,0	0	998,0	0	0,0	ERA5
1041099	07/10/2022	03	06/10/2022	23	HAE	14,8	0	12,6	0	87,0	0	10,0	0	180,0	0	998,0	0	0,0	ERA5
1041100	07/10/2022	04	07/10/2022	00	HAE	14,4	0	12,6	0	88,0	0	8,0	0	180,0	0	997,0	0	0,0	ERA5
1041101	07/10/2022	05	07/10/2022	01	HAE	14,1	0	12,4	0	90,0	0	9,0	0	170,0	0	997,0	0	0,0	ERA5
1041102	07/10/2022	06	07/10/2022	02	HAE	14,4	0	12,0	0	86,0	0	10,0	0	190,0	0	997,0	0	0,0	ERA5
1041103	07/10/2022	07	07/10/2022	03	HAE	14,1	0	11,5	0	84,0	0	8,0	0	200,0	0	996,0	0	0,0	ERA5
1041104	07/10/2022	08	07/10/2022	04	HAE	12,6	0	10,8	0	89,0	0	12,0	0	180,0	0	996,0	0	0,0	ERA5
1041105	07/10/2022	09	07/10/2022	05	HAE	12,6	0	11,1	0	91,0	0	12,0	0	200,0	0	996,0	0	0,0	ERA5
1041106	07/10/2022	10	07/10/2022	06	HAE	12,3	0	11,2	0	93,0	0	17,0	0	260,0	0	997,0	0	0,0	ERA5
1041107	07/10/2022	11	07/10/2022	07	HAE	10,8	0	10,1	0	95,0	0	16,0	0	250,0	0	997,0	0	0,0	ERA5
1041108	07/10/2022	12	07/10/2022	08	HAE	9,8	0	9,4	0	97,0	0	17,0	0	260,0	0	998,0	0	40,4	ERA5
1041109	07/10/2022	13	07/10/2022	09	HAE	9,3	0	8,9	0	97,0	0	28,0	0	280,0	0	998,0	0	120,3	ERA5
1041110	07/10/2022	14	07/10/2022	10	HAE	9,6	0	8,1	0	91,0	0	25,0	0	290,0	0	999,0	0	234,6	ERA5
1041111	07/10/2022	15	07/10/2022	11	HAE	9,2	0	7,1	0	87,0	0	28,0	0	290,0	0	1000,0	0	440,6	ERA5
1041112	07/10/2022	16	07/10/2022	12	HAE	9,2	0	6,6	0	84,0	0	31,0	0	280,0	0	1001,0	0	665,8	ERA5
1041113	07/10/2022	17	07/10/2022	13	HAE	9,7	0	5,0	0	72,0	0	32,0	0	280,0	0	1001,0	0	911,7	ERA5
1041114	07/10/2022	18	07/10/2022	14	HAE	8,5	0	3,9	0	73,0	0	31,0	0	300,0	0	1002,0	0	1164,5	ERA5
1041115	07/10/2022	19	07/10/2022	15	HAE	7,7	0	3,8	0	76,0	0	30,0	0	280,0	0	1002,0	0	669,1	ERA5
1041116	07/10/2022	20	07/10/2022	16	HAE	8,7	0	3,3	0	69,0	0	26,0	0	300,0	0	1002,0	0	692,4	ERA5
1041117	07/10/2022	21	07/10/2022	17	HAE	8,1	0	2,8	0	69,0	0	26,0	0	300,0	0	1003,0	0	324,8	ERA5
1041118	07/10/2022	22	07/10/2022	18	HAE	7,9	0	2,1	0	67,0	0	25,0	0	320,0	0	1004,0	0	124,9	ERA5
1041119	07/10/2022	23	07/10/2022	19	HAE	7,2	0	2,0	0	70,0	0	26,0	0	310,0	0	1005,0	0	10,8	ERA5
1041120	08/10/2022	00	07/10/2022	20	HAE	5,9	0	1,7	0	75,0	0	21,0	0	310,0	0	1006,0	0	0,0	ERA5
1041121	08/10/2022	01	07/10/2022	21	HAE	4,5	0	1,1	0	79,0	0	19,0	0	300,0	0	1006,0	0	0,0	ERA5
1041122	08/10/2022	02	07/10/2022	22	HAE	3,8	0	0,6	0	79,0	0	19,0	0	310,0	0	1007,0	0	0,0	ERA5
1041123	08/10/2022	03	07/10/2022	23	HAE	3,2	0	0,1	0	80,0	0	23,0	0	300,0	0	1007,0	0	0,0	ERA5
1041124	08/10/2022	04	08/10/2022	00	HAE	2,4	0	-0,5	0	81,0	0	20,0	0	310,0	0	1007,0	0	0,0	ERA5
1041125	08/10/2022	05	08/10/2022	01	HAE	1,6	0	-1,1	0	82,0	0	14,0	0	290,0	0	1007,0	0	0,0	ERA5
1041126	08/10/2022	06	08/10/2022	02	HAE	0,35	4.lineaire	-1,6	0	89,0	0	11,0	0	260,0	0	1007,0	0	0,0	ERA5
1041127	08/10/2022	07	08/10/2022	03	HAE	-0,9	0	-2,8	0	87,0	0	10,0	0	270,0	0	1007,0	0	0,0	ERA5
1041128	08/10/2022	08	08/10/2022	04	HAE	-1,8	0	-2,8	0	93,0	0	9,0	0	250,0	0	1007,0	0	0,0	ERA5
1041129	08/10/2022	09	08/10/2022	05	HAE	-1,5	0	-2,2	0	95,0	0	10,0	0	230,0	0	1008,0	0	0,0	ERA5
1041130	08/10/2022	10	08/10/2022	06	HAE	-1,3	0	-2,0	0	96,0	0	8,0	0	210,0	0	1007,0	0	0,0	ERA5
1041131	08/10/2022	11	08/10/2022	07	HAE	-1,8	0	-2,3	0	96,0	0	11,0	0	240,0	0	1007,0	0	0,0	ERA5
1041132	08/10/2022	12	08/10/2022	08	HAE	-0,8	0	-1,3	0	96,0	0	9,0	0	240,0	0	1008,0	0	94,3	ERA5
1041133	08/10/2022	13	08/10/2022	09	HAE	2,1	0	0,5	0	89,0	0	7,0	0	240,0	0	1008,0	0	597,1	ERA5
1041134	08/10/2022	14	08/10/2022	10	HAE	5,2	0	-0,3	0	68,0	0	16,0	0	250,0	0	1008,0	0	1158,4	ERA5
1041135	08/10/2022	15	08/10/2022	11	HAE	4,9	0	0,1	0	71,0	0	16,0	0	240,0	0	1008,0	0	1591,1	ERA5
1041136	08/10/2022	16	08/10/2022	12	HAE	4,8	0	-1,1	0	65,0	0	23,0	0	240,0	0	1008,0	0	1606,5	ERA5
1041137	08/10/2022	17	08/10/2022	13	HAE	6,2	0	-0,6	0	62,0	0	21,0	0	260,0	0	1007,0	0	1729,2	ERA5
1041138	08/10/2022	18	08/10/2022	14	HAE	7,4	0	-0,6	0	57,0	0	19,0	0	260,0	0	1006,0	0	1243,5	ERA5
1041139	08/10/2022	19	08/10/2022	15	HAE	9,3	0	-1,2	0	48,0	0	20,0	0	250,0	0	1005,0	0	847,9	ERA5
1041140	08/10/2022	20	08/10/2022	16	HAE	8,6	0	-1,0	0	51,0	0	17,0	0	220,0	0	1004,0	0	466,2	ERA5
1041141	08/10/2022	21	08/10/2022	17	HAE	8,5	0	-0,5	0	53,0	0	21,0	0	210,0	0	1003,0	0	234,6	ERA5
1041142	08/10/2022	22	08/10/2022	18	HAE	8,3	0	0,2	0	56,0	0	15,0	0	210,0	0	1003,0	0	131,5	ERA5
1041143	08/10/2022	23	08/10/2022	19	HAE	7,9	0	0,8	0	61,0	0	18,0	0	210,0	0	1003,0	0	12,4	ERA5
1041144	09/10/2022	00	08/10/2022	20	HAE	7,7	0	1,5	0	65,0	0	18,0	0	220,0	0	1003,0	0	0,0	ERA5
1041145	09/10/2022	01	08/10/2022	21	HAE	7,9	0	1,8	0	65,0	0	20,0	0	210,0	0	1002,0	0	0,0	ERA5
1041146	09/10/2022	02	08/10/2022	22	HAE	7,5	0	2,4	0	70,0	0	19,0	0	220,0	0	1002,0	0	0,0	ERA5
1041147	09/10/2022	03	08/10/2022	23	HAE	6,8	0	3,5	0	79,0	0	17,0	0	230,0	0	1002,0	0	0,0	ERA5
1041148	09/10/2022	04	09/10/2022	00	HAE	6,8	0	3,3	0	78,0	0	13,0	0	200,0	0	1002,0	0	0,0	ERA5
1041149	09/10/2022	05	09/10/2022	01	HAE	7,0	0	2,8	0	74,0	0	14,0	0	200,0	0	1001,0	0	0,0	ERA5
1041150	09/10/2022	06	09/10/2022	02	HAE	7,4	0	2,5	0	71,0	0	11,0	0	200,0	0	1000,0	0	0,0	ERA5
1041151	09/10/2022	07	09/10/2022	03	HAE	7,9	0	2,2	0	67,0	0	19,0	0	220,0	0	1000,0	0	0,0	ERA5
1041152	09/10/2022	08	09/10/2022	04	HAE	8,1	0	2,4	0	67,0	0	11,0	0	220,0	0	999,0	0	0,0	ERA5
1041153	09/10/2022	09	09/10/2022	05	HAE	8,3	0	2,5	0	67,0	0	15,0	0	230,0	0	999,0	0	0,0	ERA5
1041154	09/10/2022	10	09/10/2022	06	HAE	8,3	0	2,8	0	68,0	0	17,0	0	210,0	0	999,0	0	0,0	ERA5
1041155	09/10/2022	11	09/10/2022	07	HAE	8,5	0	2,9	0	68,0	0	19,0	0	220,0	0	999,0	0	0,0	ERA5
1041156	09/10/2022	12	09/10/2022	08	HAE	7,4	0	4,3	0	80,0	0	14,0	0	270,0	0	1000,0	0	45,5	ERA5
1041157	09/10/2022	13	09/10/2022	09	HAE	7,0	0	5,5	0	90,0	0	8,0	0	260,0	0	1000,0	0	254,2	ERA5
1041158	09/10/2022	14	09/10/2022	10	HAE	7,1	0	5,5	0	89,0	0	11,0	0	260,0	0	1001,0	0	359,3	ERA5
1041159	09/10/2022	15	09/10/2022	11	HAE	9,1	0	6,4	0	83,0	0	15,0	0	280,0	0	1001,0	0	708,1	ERA5
1041160	09/10/2022	16	09/10/2022	12	HAE	10,1	0	4,1	0	66,0	0	17,0	0	330,0	0	1002,0	0	1655,1	ERA5
1041161	09/10/2022	17	09/10/2022	13	HAE	11,2	0	1,3	0	50,0	0	28,0	0	270,0	0	1003,0	0	1992,9	ERA5
1041162	09/10/2022	18	09/10/2022	14	HAE	10,1	0	0,6	0	51,0	0	26,0	0	300,0	0	1003,0	0	2011,4	ERA5
1041163	09/10/2022	19	09/10/2022	15	HAE	10,7	0	0,2	0	48,0	0	27,0	0	290,0	0	1003,0	0	1779,8	ERA5
1041164	09/10/2022	20	09/10/2022	16	HAE	10,6	0	-1,1	0	44,0	0	28,0	0	300,0	0	1004,0	0	1433,4	ERA5
1041165	09/10/2022	21	09/10/2022	17	HAE	10,0	0	-0,9	0	47,0	0	21,0	0	320,0	0	1004,0	0	906,0	ERA5
1041166	09/10/2022	22	09/10/2022	18	HAE	8,5	0	-0,6	0	53,0	0	18,0	0	310,0	0	1004,0	0	405,2	ERA5
1041167	09/10/2022	23	09/10/2022	19	HAE	7,0	0	-0,9	0	57,0	0	10,0	0	340,0	0	1004,0	0	25,3	ERA5
1041168	10/10/2022	00	09/10/2022	20	HAE	5,7	0	-1,0	0	62,0	0	6,0	0	20,0	0	1005,0	0	0,0	ERA5
1041169	10/10/2022	01	09/10/2022	21	HAE	4,4	0	-0,7	0	69,0	0	9,0	0	20,0	0	1005,0	0	0,0	ERA5
1041170	10/10/2022	02	09/10/2022	22	HAE	3,3	0	-0,7	0	75,0	0	9,0	0	30,0	0	1006,0	0	0,0	ERA5
1041171	10/10/2022	03	09/10/2022	23	HAE	3,6	0	-0,2	0	76,0	0	6,0	0	60,0	0	1006,0	0	0,0	ERA5
1041172	10/10/2022	04	10/10/2022	00	HAE	2,9	0	-0,2	0	80,0	0	5,0	0	50,0	0	1006,0	0	0,0	ERA5
1041173	10/10/2022	05	10/10/2022	01	HAE	1,8	0	-0,3	0	86,0	0	1,0	0	0,0	0	1006,0	0	0,0	ERA5
1041174	10/10/2022	06	10/10/2022	02	HAE	2,9	0	-0,1	0	81,0	0	3,0	0	0,0	0	1006,0	0	0,0	ERA5
1041175	10/10/2022	07	10/10/2022	03	HAE	4,2	0	1,6	0	83,0	0	10,0	0	350,0	0	1007,0	0	0,0	ERA5
1041176	10/10/2022	08	10/10/2022	04	HAE	3,6	0	1,1	0	84,0	0	7,0	0	10,0	0	1007,0	0	0,0	ERA5
1041177	10/10/2022	09	10/10/2022	05	HAE	3,1	0	0,3	0	82,0	0	5,0	0	10,0	0	1007,0	0	0,0	ERA5
1041178	10/10/2022	10	10/10/2022	06	HAE	1,7	0	-0,7	0	84,0	0	6,0	0	10,0	0	1007,0	0	0,0	ERA5
1041179	10/10/2022	11	10/10/2022	07	HAE	2,8	0	0,6	0	86,0	0	13,0	0	360,0	0	1007,0	0	0,0	ERA5
1041180	10/10/2022	12	10/10/2022	08	HAE	4,0	0	1,8	0	86,0	0	6,0	0	360,0	0	1008,0	0	61,2	ERA5
1041181	10/10/2022	13	10/10/2022	09	HAE	5,1	0	0,9	0	74,0	0	13,0	0	350,0	0	1009,0	0	398,7	ERA5
1041182	10/10/2022	14	10/10/2022	10	HAE	6,2	0	-0,4	0	63,0	0	13,0	0	360,0	0	1010,0	0	827,6	ERA5
1041183	10/10/2022	15	10/10/2022	11	HAE	9,1	0	-1,6	0	47,0	0	9,0	0	360,0	0	1010,0	0	1398,9	ERA5
1041184	10/10/2022	16	10/10/2022	12	HAE	9,2	0	-2,5	0	44,0	0	10,0	0	300,0	0	1010,0	0	1876,8	ERA5
1041185	10/10/2022	17	10/10/2022	13	HAE	10,3	0	-2,5	0	40,0	0	14,0	0	310,0	0	1010,0	0	1722,9	ERA5
1041186	10/10/2022	18	10/10/2022	14	HAE	10,3	0	-2,5	0	41,0	0	9,0	0	290,0	0	1009,0	0	1232,9	ERA5
1041187	10/10/2022	19	10/10/2022	15	HAE	10,8	0	-2,2	0	40,0	0	15,0	0	290,0	0	1009,0	0	1351,1	ERA5
1041188	10/10/2022	20	10/10/2022	16	HAE	10,9	0	-1,6	0	42,0	0	18,0	0	310,0	0	1009,0	0	1133,2	ERA5
1041189	10/10/2022	21	10/10/2022	17	HAE	10,3	0	-2,0	0	42,0	0	10,0	0	300,0	0	1009,0	0	692,5	ERA5
1041190	10/10/2022	22	10/10/2022	18	HAE	8,6	0	-1,6	0	49,0	0	9,0	0	320,0	0	1009,0	0	362,3	ERA5
1041191	10/10/2022	23	10/10/2022	19	HAE	6,9	0	-1,7	0	54,0	0	3,0	0	0,0	0	1009,0	0	20,4	ERA5
1041192	11/10/2022	00	10/10/2022	20	HAE	2,1	0	-2,0	0	74,0	0	5,0	0	130,0	0	1009,0	0	0,0	ERA5
1041193	11/10/2022	01	10/10/2022	21	HAE	1,8	0	-1,7	0	78,0	0	8,0	0	110,0	0	1009,0	0	0,0	ERA5
1041194	11/10/2022	02	10/10/2022	22	HAE	4,3	0	-1,9	0	64,0	0	9,0	0	140,0	0	1010,0	0	0,0	ERA5
1041195	11/10/2022	03	10/10/2022	23	HAE	3,5	0	-1,6	0	69,0	0	10,0	0	160,0	0	1010,0	0	0,0	ERA5
1041196	11/10/2022	04	11/10/2022	00	HAE	2,4	0	-2,0	0	73,0	0	10,0	0	150,0	0	1009,0	0	0,0	ERA5
1041197	11/10/2022	05	11/10/2022	01	HAE	3,1	0	-1,4	0	73,0	0	11,0	0	170,0	0	1009,0	0	0,0	ERA5
1041198	11/10/2022	06	11/10/2022	02	HAE	2,8	0	-0,5	0	79,0	0	9,0	0	180,0	0	1009,0	0	0,0	ERA5
1041199	11/10/2022	07	11/10/2022	03	HAE	2,5	0	0,3	0	85,0	0	7,0	0	210,0	0	1009,0	0	0,0	ERA5
1041200	11/10/2022	08	11/10/2022	04	HAE	2,1	0	0,4	0	89,0	0	12,0	0	200,0	0	1009,0	0	0,0	ERA5
1041201	11/10/2022	09	11/10/2022	05	HAE	2,3	0	0,9	0	91,0	0	7,0	0	210,0	0	1010,0	0	0,0	ERA5
1041202	11/10/2022	10	11/10/2022	06	HAE	1,4	0	1,0	0	97,0	0	4,0	0	190,0	0	1010,0	0	0,0	ERA5
1041203	11/10/2022	11	11/10/2022	07	HAE	2,2	0	1,3	0	94,0	0	8,0	0	190,0	0	1010,0	0	0,0	ERA5
1041204	11/10/2022	12	11/10/2022	08	HAE	1,8	0	1,3	0	96,0	0	5,0	0	170,0	0	1010,0	0	75,3	ERA5
1041205	11/10/2022	13	11/10/2022	09	HAE	4,3	0	3,0	0	91,0	0	7,0	0	180,0	0	1010,0	0	513,7	ERA5
1041206	11/10/2022	14	11/10/2022	10	HAE	8,2	0	5,0	0	80,0	0	9,0	0	230,0	0	1010,0	0	1116,5	ERA5
1041207	11/10/2022	15	11/10/2022	11	HAE	10,6	0	5,9	0	73,0	0	7,0	0	260,0	0	1011,0	0	1606,7	ERA5
1041208	11/10/2022	16	11/10/2022	12	HAE	12,2	0	3,5	0	55,0	0	5,0	0	320,0	0	1010,0	0	2042,3	ERA5
1041209	11/10/2022	17	11/10/2022	13	HAE	14,1	0	2,7	0	46,0	0	8,0	0	230,0	0	1009,0	0	2150,8	ERA5
1041210	11/10/2022	18	11/10/2022	14	HAE	15,8	0	2,5	0	40,0	0	8,0	0	250,0	0	1009,0	0	2182,0	ERA5
1041211	11/10/2022	19	11/10/2022	15	HAE	16,9	0	3,2	0	40,0	0	17,0	0	210,0	0	1008,0	0	1950,2	ERA5
1041212	11/10/2022	20	11/10/2022	16	HAE	17,5	0	4,7	0	42,0	0	12,0	0	190,0	0	1007,0	0	1528,9	ERA5
1041213	11/10/2022	21	11/10/2022	17	HAE	17,3	0	5,5	0	45,0	0	14,0	0	180,0	0	1007,0	0	978,1	ERA5
1041214	11/10/2022	22	11/10/2022	18	HAE	15,5	0	5,8	0	52,0	0	10,0	0	180,0	0	1006,0	0	383,9	ERA5
1041215	11/10/2022	23	11/10/2022	19	HAE	13,4	0	5,8	0	60,0	0	10,0	0	190,0	0	1007,0	0	17,2	ERA5
1041216	12/10/2022	00	11/10/2022	20	HAE	11,8	0	6,6	0	70,0	0	8,0	0	160,0	0	1007,0	0	0,0	ERA5
1041217	12/10/2022	01	11/10/2022	21	HAE	12,0	0	6,3	0	68,0	0	11,0	0	180,0	0	1007,0	0	0,0	ERA5
1041218	12/10/2022	02	11/10/2022	22	HAE	10,5	0	5,9	0	73,0	0	9,0	0	180,0	0	1007,0	0	0,0	ERA5
1041219	12/10/2022	03	11/10/2022	23	HAE	9,7	0	6,5	0	80,0	0	8,0	0	180,0	0	1006,0	0	0,0	ERA5
1041220	12/10/2022	04	12/10/2022	00	HAE	9,0	0	6,5	0	84,0	0	5,0	0	150,0	0	1006,0	0	0,0	ERA5
1041221	12/10/2022	05	12/10/2022	01	HAE	7,9	0	6,3	0	90,0	0	5,0	0	170,0	0	1006,0	0	0,0	ERA5
1041222	12/10/2022	06	12/10/2022	02	HAE	5,9	0	4,6	0	91,0	0	3,0	0	140,0	0	1006,0	0	0,0	ERA5
1041223	12/10/2022	07	12/10/2022	03	HAE	5,6	0	4,8	0	95,0	0	3,0	0	180,0	0	1006,0	0	0,0	ERA5
1041224	12/10/2022	08	12/10/2022	04	HAE	7,3	0	6,8	0	97,0	0	2,0	0	0,0	0	1006,0	0	0,0	ERA5
1041225	12/10/2022	09	12/10/2022	05	HAE	4,9	0	4,5	0	97,0	0	3,0	0	130,0	0	1005,0	0	0,0	ERA5
1041226	12/10/2022	10	12/10/2022	06	HAE	4,8	0	4,3	0	97,0	0	5,0	0	110,0	0	1006,0	0	0,0	ERA5
1041227	12/10/2022	11	12/10/2022	07	HAE	8,0	0	7,8	0	98,0	0	8,0	0	170,0	0	1005,0	0	0,0	ERA5
1041228	12/10/2022	12	12/10/2022	08	HAE	8,4	0	7,4	0	93,0	0	8,0	0	160,0	0	1005,0	0	62,4	ERA5
1041229	12/10/2022	13	12/10/2022	09	HAE	11,1	0	8,6	0	84,0	0	7,0	0	160,0	0	1005,0	0	355,0	ERA5
1041230	12/10/2022	14	12/10/2022	10	HAE	13,7	0	8,8	0	72,0	0	12,0	0	190,0	0	1005,0	0	516,7	ERA5
1041231	12/10/2022	15	12/10/2022	11	HAE	15,4	0	8,6	0	64,0	0	19,0	0	200,0	0	1004,0	0	612,4	ERA5
1041232	12/10/2022	16	12/10/2022	12	HAE	15,5	0	9,9	0	69,0	0	8,0	0	170,0	0	1003,0	0	734,3	ERA5
1041233	12/10/2022	17	12/10/2022	13	HAE	17,0	0	9,3	0	60,0	0	9,0	0	140,0	0	1002,0	0	941,9	ERA5
1041234	12/10/2022	18	12/10/2022	14	HAE	18,4	0	8,3	0	51,0	0	16,0	0	180,0	0	1001,0	0	997,0	ERA5
1041235	12/10/2022	19	12/10/2022	15	HAE	18,6	0	8,9	0	53,0	0	15,0	0	150,0	0	1000,0	0	1501,0	ERA5
1041236	12/10/2022	20	12/10/2022	16	HAE	19,1	0	8,8	0	51,0	0	15,0	0	150,0	0	1000,0	0	978,2	ERA5
1041237	12/10/2022	21	12/10/2022	17	HAE	18,1	0	9,8	0	58,0	0	10,0	0	140,0	0	999,0	0	467,7	ERA5
1041238	12/10/2022	22	12/10/2022	18	HAE	18,0	0	8,7	0	54,0	0	7,0	0	180,0	0	999,0	0	171,6	ERA5
1041239	12/10/2022	23	12/10/2022	19	HAE	16,1	0	9,1	0	63,0	0	8,0	0	140,0	0	999,0	0	5,6	ERA5
1041240	13/10/2022	00	12/10/2022	20	HAE	15,7	0	8,6	0	62,0	0	12,0	0	130,0	0	998,0	0	0,0	ERA5
1041241	13/10/2022	01	12/10/2022	21	HAE	16,3	0	7,7	0	56,0	0	16,0	0	140,0	0	998,0	0	0,0	ERA5
1041242	13/10/2022	02	12/10/2022	22	HAE	15,7	0	7,3	0	57,0	0	17,0	0	140,0	0	998,0	0	0,0	ERA5
1041243	13/10/2022	03	12/10/2022	23	HAE	15,5	0	7,3	0	58,0	0	16,0	0	140,0	0	997,0	0	0,0	ERA5
1041244	13/10/2022	04	13/10/2022	00	HAE	15,0	0	7,1	0	59,0	0	16,0	0	140,0	0	996,0	0	0,0	ERA5
1041245	13/10/2022	05	13/10/2022	01	HAE	14,8	0	7,5	0	61,0	0	13,0	0	140,0	0	996,0	0	0,0	ERA5
1041246	13/10/2022	06	13/10/2022	02	HAE	12,1	0	7,7	0	74,0	0	13,0	0	110,0	0	995,0	0	0,0	ERA5
1041247	13/10/2022	07	13/10/2022	03	HAE	13,4	0	8,6	0	72,0	0	15,0	0	130,0	0	994,0	0	0,0	ERA5
1041248	13/10/2022	08	13/10/2022	04	HAE	13,6	0	8,7	0	72,0	0	13,0	0	120,0	0	993,0	0	0,0	ERA5
1041249	13/10/2022	09	13/10/2022	05	HAE	14,2	0	8,8	0	70,0	0	17,0	0	130,0	0	992,0	0	0,0	ERA5
1041250	13/10/2022	10	13/10/2022	06	HAE	14,3	0	9,4	0	72,0	0	17,0	0	120,0	0	992,0	0	0,0	ERA5
1041251	13/10/2022	11	13/10/2022	07	HAE	13,4	0	9,7	0	78,0	0	14,0	0	110,0	0	991,0	0	0,0	ERA5
1041252	13/10/2022	12	13/10/2022	08	HAE	13,9	0	10,8	0	81,0	0	14,0	0	120,0	0	991,0	0	9,8	ERA5
1041253	13/10/2022	13	13/10/2022	09	HAE	14,3	0	12,6	0	89,0	0	17,0	0	140,0	0	990,0	0	72,1	ERA5
1041254	13/10/2022	14	13/10/2022	10	HAE	14,6	0	13,4	0	93,0	0	21,0	0	140,0	0	989,0	0	159,8	ERA5
1041255	13/10/2022	15	13/10/2022	11	HAE	14,8	0	14,0	0	95,0	0	21,0	0	140,0	0	989,0	0	165,5	ERA5
1041256	13/10/2022	16	13/10/2022	12	HAE	15,6	0	14,5	0	93,0	0	23,0	0	140,0	0	988,0	0	218,4	ERA5
1041257	13/10/2022	17	13/10/2022	13	HAE	16,3	0	14,8	0	91,0	0	29,0	0	160,0	0	988,0	0	355,6	ERA5
1041258	13/10/2022	18	13/10/2022	14	HAE	16,4	0	14,7	0	89,0	0	31,0	0	160,0	0	987,0	0	625,3	ERA5
1041259	13/10/2022	19	13/10/2022	15	HAE	13,6	0	11,8	0	89,0	0	23,0	0	240,0	0	989,0	0	214,3	ERA5
1041260	13/10/2022	20	13/10/2022	16	HAE	13,2	0	11,7	0	91,0	0	16,0	0	200,0	0	991,0	0	220,6	ERA5
1041261	13/10/2022	21	13/10/2022	17	HAE	12,5	0	11,4	0	93,0	0	12,0	0	150,0	0	991,0	0	239,9	ERA5
1041262	13/10/2022	22	13/10/2022	18	HAE	12,1	0	11,5	0	96,0	0	6,0	0	170,0	0	992,0	0	61,2	ERA5
1041263	13/10/2022	23	13/10/2022	19	HAE	12,3	0	11,5	0	95,0	0	13,0	0	170,0	0	994,0	0	2,3	ERA5
1041264	14/10/2022	00	13/10/2022	20	HAE	11,8	0	10,9	0	94,0	0	12,0	0	190,0	0	994,0	0	0,0	ERA5
1041265	14/10/2022	01	13/10/2022	21	HAE	11,5	0	11,0	0	97,0	0	14,0	0	150,0	0	994,0	0	0,0	ERA5
1041266	14/10/2022	02	13/10/2022	22	HAE	11,0	0	10,7	0	97,0	0	12,0	0	160,0	0	995,0	0	0,0	ERA5
1041267	14/10/2022	03	13/10/2022	23	HAE	10,5	0	10,1	0	97,0	0	11,0	0	140,0	0	995,0	0	0,0	ERA5
1041268	14/10/2022	04	14/10/2022	00	HAE	10,5	0	10,2	0	98,0	0	12,0	0	130,0	0	995,0	0	0,0	ERA5
1041269	14/10/2022	05	14/10/2022	01	HAE	10,5	0	10,1	0	97,0	0	13,0	0	160,0	0	995,0	0	0,0	ERA5
1041270	14/10/2022	06	14/10/2022	02	HAE	9,4	0	8,1	0	91,0	0	11,0	0	140,0	0	995,0	0	0,0	ERA5
1041271	14/10/2022	07	14/10/2022	03	HAE	8,9	0	8,4	0	96,0	0	9,0	0	160,0	0	995,0	0	0,0	ERA5
1041272	14/10/2022	08	14/10/2022	04	HAE	8,8	0	8,3	0	96,0	0	9,0	0	160,0	0	996,0	0	0,0	ERA5
1041273	14/10/2022	09	14/10/2022	05	HAE	9,6	0	8,7	0	94,0	0	9,0	0	170,0	0	996,0	0	0,0	ERA5
1041274	14/10/2022	10	14/10/2022	06	HAE	7,4	0	7,2	0	99,0	0	8,0	0	140,0	0	996,0	0	0,0	ERA5
1041275	14/10/2022	11	14/10/2022	07	HAE	6,8	0	6,6	0	99,0	0	11,0	0	150,0	0	996,0	0	0,0	ERA5
1041276	14/10/2022	12	14/10/2022	08	HAE	7,1	0	6,7	0	97,0	0	8,0	0	150,0	0	997,0	0	71,9	ERA5
1041277	14/10/2022	13	14/10/2022	09	HAE	9,3	0	7,7	0	89,0	0	9,0	0	150,0	0	997,0	0	525,4	ERA5
1041278	14/10/2022	14	14/10/2022	10	HAE	11,7	0	7,7	0	76,0	0	12,0	0	170,0	0	998,0	0	1110,9	ERA5
1041279	14/10/2022	15	14/10/2022	11	HAE	13,2	0	7,5	0	69,0	0	15,0	0	180,0	0	998,0	0	1643,3	ERA5
1041280	14/10/2022	16	14/10/2022	12	HAE	14,5	0	6,6	0	59,0	0	19,0	0	160,0	0	998,0	0	2011,8	ERA5
1041281	14/10/2022	17	14/10/2022	13	HAE	15,7	0	5,1	0	49,0	0	18,0	0	180,0	0	998,0	0	2055,5	ERA5
1041282	14/10/2022	18	14/10/2022	14	HAE	16,6	0	2,8	0	40,0	0	24,0	0	210,0	0	998,0	0	1927,2	ERA5
1041283	14/10/2022	19	14/10/2022	15	HAE	15,5	0	4,1	0	46,0	0	19,0	0	190,0	0	998,0	0	1396,7	ERA5
1041284	14/10/2022	20	14/10/2022	16	HAE	16,4	0	2,6	0	39,0	0	19,0	0	210,0	0	998,0	0	973,0	ERA5
1041285	14/10/2022	21	14/10/2022	17	HAE	14,9	0	2,1	0	42,0	0	22,0	0	220,0	0	999,0	0	690,0	ERA5
1041286	14/10/2022	22	14/10/2022	18	HAE	11,1	0	5,2	0	67,0	0	16,0	0	290,0	0	1000,0	0	305,7	ERA5
1041287	14/10/2022	23	14/10/2022	19	HAE	10,0	0	4,7	0	69,0	0	4,0	0	350,0	0	1001,0	0	8,7	ERA5
1041288	15/10/2022	00	14/10/2022	20	HAE	6,8	0	2,6	0	75,0	0	8,0	0	70,0	0	1002,0	0	0,0	ERA5
1041289	15/10/2022	01	14/10/2022	21	HAE	6,2	0	3,9	0	85,0	0	7,0	0	80,0	0	1002,0	0	0,0	ERA5
1041290	15/10/2022	02	14/10/2022	22	HAE	5,0	0	3,0	0	87,0	0	7,0	0	80,0	0	1002,0	0	0,0	ERA5
1041291	15/10/2022	03	14/10/2022	23	HAE	3,8	0	2,1	0	89,0	0	12,0	0	100,0	0	1003,0	0	0,0	ERA5
1041292	15/10/2022	04	15/10/2022	00	HAE	4,1	0	2,8	0	91,0	0	13,0	0	110,0	0	1003,0	0	0,0	ERA5
1041293	15/10/2022	05	15/10/2022	01	HAE	4,1	0	3,0	0	93,0	0	14,0	0	110,0	0	1002,0	0	0,0	ERA5
1041294	15/10/2022	06	15/10/2022	02	HAE	4,9	0	3,1	0	89,0	0	13,0	0	100,0	0	1002,0	0	0,0	ERA5
1041295	15/10/2022	07	15/10/2022	03	HAE	4,3	0	3,0	0	91,0	0	13,0	0	90,0	0	1002,0	0	0,0	ERA5
1041296	15/10/2022	08	15/10/2022	04	HAE	2,5	0	2,0	0	96,0	0	14,0	0	50,0	0	1001,0	0	0,0	ERA5
1041297	15/10/2022	09	15/10/2022	05	HAE	4,4	0	3,0	0	91,0	0	14,0	0	60,0	0	1001,0	0	0,0	ERA5
1041298	15/10/2022	10	15/10/2022	06	HAE	4,5	0	3,0	0	90,0	0	16,0	0	70,0	0	1001,0	0	0,0	ERA5
1041299	15/10/2022	11	15/10/2022	07	HAE	4,5	0	2,6	0	88,0	0	15,0	0	90,0	0	1000,0	0	0,0	ERA5
1041300	15/10/2022	12	15/10/2022	08	HAE	5,1	0	2,6	0	84,0	0	14,0	0	90,0	0	1000,0	0	57,9	ERA5
1041301	15/10/2022	13	15/10/2022	09	HAE	8,4	0	3,5	0	71,0	0	18,0	0	120,0	0	999,0	0	498,1	ERA5
1041302	15/10/2022	14	15/10/2022	10	HAE	11,1	0	4,2	0	62,0	0	16,0	0	130,0	0	998,0	0	1028,5	ERA5
1041303	15/10/2022	15	15/10/2022	11	HAE	13,9	0	4,5	0	53,0	0	23,0	0	140,0	0	996,0	0	1406,0	ERA5
1041304	15/10/2022	16	15/10/2022	12	HAE	16,9	0	4,7	0	44,0	0	29,0	0	130,0	0	995,0	0	1379,6	ERA5
1041305	15/10/2022	17	15/10/2022	13	HAE	17,3	0	4,9	0	43,0	0	17,0	0	140,0	0	994,0	0	1501,6	ERA5
1041306	15/10/2022	18	15/10/2022	14	HAE	17,0	0	1,9	0	36,0	0	30,0	0	180,0	0	993,0	0	911,4	ERA5
1041307	15/10/2022	19	15/10/2022	15	HAE	13,6	0	5,2	0	56,0	0	7,0	0	220,0	0	994,0	0	710,7	ERA5
1041308	15/10/2022	20	15/10/2022	16	HAE	12,9	0	6,5	0	65,0	0	32,0	0	230,0	0	995,0	0	581,6	ERA5
1041309	15/10/2022	21	15/10/2022	17	HAE	12,3	0	4,0	0	56,0	0	27,0	0	240,0	0	996,0	0	370,3	ERA5
1041310	15/10/2022	22	15/10/2022	18	HAE	12,1	0	2,3	0	51,0	0	21,0	0	220,0	0	997,0	0	233,3	ERA5
1041311	15/10/2022	23	15/10/2022	19	HAE	10,6	0	0,9	0	51,0	0	14,0	0	220,0	0	998,0	0	5,6	ERA5
1041312	16/10/2022	00	15/10/2022	20	HAE	8,8	0	1,4	0	60,0	0	14,0	0	240,0	0	999,0	0	0,0	ERA5
1041313	16/10/2022	01	15/10/2022	21	HAE	8,8	0	0,7	0	57,0	0	15,0	0	230,0	0	999,0	0	0,0	ERA5
1041314	16/10/2022	02	15/10/2022	22	HAE	8,0	0	0,3	4.lineaire	57,0	0	16,0	0	220,0	0	1000,0	0	0,0	ERA5
1041315	16/10/2022	03	15/10/2022	23	HAE	6,3	0	-0,1	0	63,0	0	10,0	0	190,0	0	1001,0	0	0,0	ERA5
1041316	16/10/2022	04	16/10/2022	00	HAE	5,8	0	-0,7	0	63,0	0	14,0	0	180,0	0	1001,0	0	0,0	ERA5
1041317	16/10/2022	05	16/10/2022	01	HAE	4,8	0	-1,0	0	66,0	0	12,0	0	180,0	0	1001,0	0	0,0	ERA5
1041318	16/10/2022	06	16/10/2022	02	HAE	4,8	0	-0,9	0	66,0	0	10,0	0	200,0	0	1001,0	0	0,0	ERA5
1041319	16/10/2022	07	16/10/2022	03	HAE	4,2	0	-0,9	0	69,0	0	13,0	0	170,0	0	1001,0	0	0,0	ERA5
1041320	16/10/2022	08	16/10/2022	04	HAE	3,6	0	-1,0	0	72,0	0	8,0	0	190,0	0	1001,0	0	0,0	ERA5
1041321	16/10/2022	09	16/10/2022	05	HAE	3,6	0	-1,0	0	72,0	0	8,0	0	160,0	0	1001,0	0	0,0	ERA5
1041322	16/10/2022	10	16/10/2022	06	HAE	3,3	0	-0,8	0	74,0	0	7,0	0	170,0	0	1001,0	0	0,0	ERA5
1041323	16/10/2022	11	16/10/2022	07	HAE	3,5	0	-0,2	0	77,0	0	8,0	0	170,0	0	1000,0	0	0,0	ERA5
1041324	16/10/2022	12	16/10/2022	08	HAE	5,5	0	1,3	0	74,0	0	10,0	0	180,0	0	1000,0	0	54,8	ERA5
1041325	16/10/2022	13	16/10/2022	09	HAE	7,5	0	2,6	0	71,0	0	11,0	0	190,0	0	1000,0	0	506,1	ERA5
1041326	16/10/2022	14	16/10/2022	10	HAE	8,8	0	3,8	0	71,0	0	10,0	0	180,0	0	1000,0	0	1074,7	ERA5
1041327	16/10/2022	15	16/10/2022	11	HAE	10,3	0	5,0	0	70,0	0	12,0	0	200,0	0	1000,0	0	1478,8	ERA5
1041328	16/10/2022	16	16/10/2022	12	HAE	11,4	0	5,4	0	67,0	0	17,0	0	190,0	0	1000,0	0	1826,1	ERA5
1041329	16/10/2022	17	16/10/2022	13	HAE	12,2	0	5,1	0	61,0	0	13,0	0	190,0	0	999,0	0	1104,8	ERA5
1041330	16/10/2022	18	16/10/2022	14	HAE	12,7	0	4,6	0	58,0	0	13,0	0	180,0	0	999,0	0	643,6	ERA5
1041331	16/10/2022	19	16/10/2022	15	HAE	12,8	0	4,1	0	55,0	0	15,0	0	220,0	0	998,0	0	441,7	ERA5
1041332	16/10/2022	20	16/10/2022	16	HAE	12,8	0	4,2	0	56,0	0	14,0	0	180,0	0	998,0	0	465,1	ERA5
1041333	16/10/2022	21	16/10/2022	17	HAE	12,6	0	3,9	0	55,0	0	14,0	0	160,0	0	998,0	0	369,2	ERA5
1041334	16/10/2022	22	16/10/2022	18	HAE	11,7	0	4,1	0	59,0	0	6,0	0	170,0	0	997,0	0	189,2	ERA5
1041335	16/10/2022	23	16/10/2022	19	HAE	10,3	0	5,0	0	70,0	0	11,0	0	140,0	0	997,0	0	3,3	ERA5
1041336	17/10/2022	00	16/10/2022	20	HAE	10,2	0	5,1	0	70,0	0	9,0	0	150,0	0	997,0	0	0,0	ERA5
1041337	17/10/2022	01	16/10/2022	21	HAE	9,8	0	4,8	0	71,0	0	6,0	0	150,0	0	996,0	0	0,0	ERA5
1041338	17/10/2022	02	16/10/2022	22	HAE	8,6	0	5,0	0	78,0	0	9,0	0	130,0	0	996,0	0	0,0	ERA5
1041339	17/10/2022	03	16/10/2022	23	HAE	9,2	0	4,8	0	74,0	0	8,0	0	90,0	0	995,0	0	0,0	ERA5
1041340	17/10/2022	04	17/10/2022	00	HAE	8,5	0	5,2	0	79,0	0	9,0	0	110,0	0	995,0	0	0,0	ERA5
1041341	17/10/2022	05	17/10/2022	01	HAE	8,3	0	5,1	0	80,0	0	13,0	0	120,0	0	994,0	0	0,0	ERA5
1041342	17/10/2022	06	17/10/2022	02	HAE	9,0	0	5,0	0	76,0	0	14,0	0	100,0	0	993,0	0	0,0	ERA5
1041343	17/10/2022	07	17/10/2022	03	HAE	8,7	0	5,0	0	77,0	0	2,0	0	0,0	0	993,0	0	0,0	ERA5
1041344	17/10/2022	08	17/10/2022	04	HAE	8,1	0	5,1	0	81,0	0	10,0	0	40,0	0	992,0	0	0,0	ERA5
1041345	17/10/2022	09	17/10/2022	05	HAE	8,1	0	5,5	0	84,0	0	16,0	0	60,0	0	991,0	0	0,0	ERA5
1041346	17/10/2022	10	17/10/2022	06	HAE	7,8	0	5,5	0	85,0	0	5,0	0	110,0	0	991,0	0	0,0	ERA5
1041347	17/10/2022	11	17/10/2022	07	HAE	7,3	0	5,9	0	91,0	0	5,0	0	60,0	0	991,0	0	0,0	ERA5
1041348	17/10/2022	12	17/10/2022	08	HAE	7,0	0	6,3	0	96,0	0	5,0	0	60,0	0	991,0	0	28,0	ERA5
1041349	17/10/2022	13	17/10/2022	09	HAE	7,1	0	6,6	0	97,0	0	12,0	0	60,0	0	991,0	0	164,5	ERA5
1041350	17/10/2022	14	17/10/2022	10	HAE	7,2	0	6,6	0	96,0	0	13,0	0	90,0	0	990,0	0	255,2	ERA5
1041351	17/10/2022	15	17/10/2022	11	HAE	7,6	0	6,8	0	94,0	0	18,0	0	70,0	0	989,0	0	668,8	ERA5
1041352	17/10/2022	16	17/10/2022	12	HAE	7,8	0	7,1	0	95,0	0	13,0	0	70,0	0	989,0	0	908,4	ERA5
1041353	17/10/2022	17	17/10/2022	13	HAE	7,9	0	7,3	0	96,0	0	18,0	0	80,0	0	988,0	0	753,9	ERA5
1041354	17/10/2022	18	17/10/2022	14	HAE	8,5	0	7,9	0	96,0	0	13,0	0	90,0	0	988,0	0	544,6	ERA5
1041355	17/10/2022	19	17/10/2022	15	HAE	8,7	0	8,1	0	96,0	0	14,0	0	90,0	0	987,0	0	408,6	ERA5
1041356	17/10/2022	20	17/10/2022	16	HAE	8,9	0	8,2	0	96,0	0	10,0	0	110,0	0	987,0	0	290,8	ERA5
1041357	17/10/2022	21	17/10/2022	17	HAE	8,8	0	8,2	0	96,0	0	8,0	0	170,0	0	988,0	0	186,4	ERA5
1041358	17/10/2022	22	17/10/2022	18	HAE	7,8	0	7,2	0	96,0	0	3,0	0	160,0	0	988,0	0	88,1	ERA5
1041359	17/10/2022	23	17/10/2022	19	HAE	7,3	0	7,0	0	98,0	0	5,0	0	230,0	0	988,0	0	1,2	ERA5
1041360	18/10/2022	00	17/10/2022	20	HAE	6,9	0	6,8	0	99,0	0	6,0	0	150,0	0	988,0	0	0,0	ERA5
1041361	18/10/2022	01	17/10/2022	21	HAE	7,1	0	7,0	0	99,0	0	7,0	0	130,0	0	988,0	0	0,0	ERA5
1041362	18/10/2022	02	17/10/2022	22	HAE	7,0	0	6,5	0	97,0	0	9,0	0	170,0	0	989,0	0	0,0	ERA5
1041363	18/10/2022	03	17/10/2022	23	HAE	7,0	0	6,5	0	97,0	0	10,0	0	150,0	0	988,0	0	0,0	ERA5
1041364	18/10/2022	04	18/10/2022	00	HAE	6,7	0	6,3	0	97,0	0	9,0	0	170,0	0	988,0	0	0,0	ERA5
1041365	18/10/2022	05	18/10/2022	01	HAE	6,5	0	5,5	0	93,0	0	8,0	0	180,0	0	988,0	0	0,0	ERA5
1041366	18/10/2022	06	18/10/2022	02	HAE	6,2	0	4,7	0	90,0	0	9,0	0	190,0	0	988,0	0	0,0	ERA5
1041367	18/10/2022	07	18/10/2022	03	HAE	5,8	0	4,0	0	88,0	0	7,0	0	200,0	0	988,0	0	0,0	ERA5
1041368	18/10/2022	08	18/10/2022	04	HAE	5,1	0	3,8	0	91,0	0	9,0	0	130,0	0	987,0	0	0,0	ERA5
1041369	18/10/2022	09	18/10/2022	05	HAE	5,2	0	4,1	0	93,0	0	12,0	0	110,0	0	987,0	0	0,0	ERA5
1041370	18/10/2022	10	18/10/2022	06	HAE	4,9	0	4,1	0	94,0	0	8,0	0	100,0	0	987,0	0	0,0	ERA5
1041371	18/10/2022	11	18/10/2022	07	HAE	4,2	0	3,7	0	96,0	0	3,0	0	100,0	0	987,0	0	0,0	ERA5
1041372	18/10/2022	12	18/10/2022	08	HAE	3,8	0	3,2	0	96,0	0	6,0	0	100,0	0	988,0	0	52,4	ERA5
1041373	18/10/2022	13	18/10/2022	09	HAE	5,7	0	4,6	0	93,0	0	6,0	0	130,0	0	988,0	0	450,1	ERA5
1041374	18/10/2022	14	18/10/2022	10	HAE	7,8	0	2,3	0	68,0	0	12,0	0	190,0	0	988,0	0	1074,0	ERA5
1041375	18/10/2022	15	18/10/2022	11	HAE	8,6	0	0,4	0	56,0	0	13,0	0	190,0	0	988,0	0	1579,7	ERA5
1041376	18/10/2022	16	18/10/2022	12	HAE	9,6	0	0,6	0	53,0	0	12,0	0	120,0	0	988,0	0	1875,1	ERA5
1041377	18/10/2022	17	18/10/2022	13	HAE	9,6	0	0,2	0	52,0	0	20,0	0	160,0	0	988,0	0	1293,7	ERA5
1041378	18/10/2022	18	18/10/2022	14	HAE	9,7	0	0,6	0	53,0	0	13,0	0	160,0	0	988,0	0	1113,9	ERA5
1041379	18/10/2022	19	18/10/2022	15	HAE	8,9	0	1,7	0	61,0	0	13,0	0	200,0	0	988,0	0	862,6	ERA5
1041380	18/10/2022	20	18/10/2022	16	HAE	8,8	0	2,0	0	62,0	0	14,0	0	180,0	0	989,0	0	811,8	ERA5
1041381	18/10/2022	21	18/10/2022	17	HAE	8,3	0	2,5	0	66,0	0	12,0	0	170,0	0	989,0	0	570,1	ERA5
1041382	18/10/2022	22	18/10/2022	18	HAE	6,9	0	5,2	0	88,0	0	6,0	0	130,0	0	990,0	0	207,5	ERA5
1041383	18/10/2022	23	18/10/2022	19	HAE	4,6	0	3,4	0	92,0	0	9,0	0	160,0	0	990,0	0	2,0	ERA5
1041384	19/10/2022	00	18/10/2022	20	HAE	3,9	0	3,1	0	95,0	0	10,0	0	160,0	0	991,0	0	0,0	ERA5
1041385	19/10/2022	01	18/10/2022	21	HAE	3,9	0	3,1	0	94,0	0	8,0	0	160,0	0	991,0	0	0,0	ERA5
1041386	19/10/2022	02	18/10/2022	22	HAE	3,7	0	3,0	0	95,0	0	5,0	0	190,0	0	991,0	0	0,0	ERA5
1041387	19/10/2022	03	18/10/2022	23	HAE	2,2	0	1,6	0	96,0	0	7,0	0	150,0	0	991,0	0	0,0	ERA5
1041388	19/10/2022	04	19/10/2022	00	HAE	2,4	0	1,9	0	97,0	0	3,0	0	60,0	0	991,0	0	0,0	ERA5
1041389	19/10/2022	05	19/10/2022	01	HAE	1,9	0	1,7	0	99,0	0	5,0	0	80,0	0	992,0	0	0,0	ERA5
1041390	19/10/2022	06	19/10/2022	02	HAE	1,9	0	1,8	0	99,0	0	8,0	0	120,0	0	991,0	0	0,0	ERA5
1041391	19/10/2022	07	19/10/2022	03	HAE	2,5	0	2,4	0	99,0	0	8,0	0	170,0	0	991,0	0	0,0	ERA5
1041392	19/10/2022	08	19/10/2022	04	HAE	0,2	0	0,95	4.lineaire	99,0	0	8,0	0	70,0	0	991,0	0	0,0	ERA5
1041393	19/10/2022	09	19/10/2022	05	HAE	-0,5	0	-0,5	0	100,0	0	11,0	0	40,0	0	991,0	0	0,0	ERA5
1041394	19/10/2022	10	19/10/2022	06	HAE	-0,5	0	-0,5	0	100,0	0	9,0	0	70,0	0	991,0	0	0,0	ERA5
1041395	19/10/2022	11	19/10/2022	07	HAE	-1,0	0	-1,0	0	100,0	0	10,0	0	100,0	0	991,0	0	0,0	ERA5
1041396	19/10/2022	12	19/10/2022	08	HAE	-1,6	0	-1,6	0	100,0	0	5,0	0	70,0	0	992,0	0	39,2	ERA5
1041397	19/10/2022	13	19/10/2022	09	HAE	-0,3	0	-0,3	0	100,0	0	7,0	0	80,0	0	992,0	0	382,0	ERA5
1041398	19/10/2022	14	19/10/2022	10	HAE	4,6	0	3,7	0	94,0	0	8,0	0	160,0	0	992,0	0	834,8	ERA5
1041399	19/10/2022	15	19/10/2022	11	HAE	6,7	0	3,8	0	82,0	0	8,0	0	150,0	0	991,0	0	1371,1	ERA5
1041400	19/10/2022	16	19/10/2022	12	HAE	8,3	0	0,8	0	59,0	0	21,0	0	160,0	0	991,0	0	1667,3	ERA5
1041401	19/10/2022	17	19/10/2022	13	HAE	8,7	0	0,2	4.lineaire	54,0	0	24,0	0	160,0	0	991,0	0	1812,7	ERA5
1041402	19/10/2022	18	19/10/2022	14	HAE	8,7	0	-0,4	0	53,0	0	19,0	0	160,0	0	990,0	0	1427,2	ERA5
1041403	19/10/2022	19	19/10/2022	15	HAE	8,0	0	-1,0	0	53,0	0	20,0	0	170,0	0	990,0	0	1235,8	ERA5
1041404	19/10/2022	20	19/10/2022	16	HAE	7,3	0	0,4	0	62,0	0	23,0	0	170,0	0	991,0	0	842,2	ERA5
1041405	19/10/2022	21	19/10/2022	17	HAE	5,4	0	2,2	0	80,0	0	17,0	0	170,0	0	991,0	0	371,2	ERA5
1041406	19/10/2022	22	19/10/2022	18	HAE	4,7	0	3,2	0	90,0	0	10,0	0	160,0	0	991,0	0	128,9	ERA5
1041407	19/10/2022	23	19/10/2022	19	HAE	4,4	0	3,5	0	94,0	0	7,0	0	150,0	0	991,0	0	0,7	ERA5
1041408	20/10/2022	00	19/10/2022	20	HAE	4,3	0	3,5	0	95,0	0	10,0	0	150,0	0	991,0	0	0,0	ERA5
1041409	20/10/2022	01	19/10/2022	21	HAE	3,9	0	3,1	0	95,0	0	16,0	0	170,0	0	991,0	0	0,0	ERA5
1041410	20/10/2022	02	19/10/2022	22	HAE	3,7	0	2,7	0	93,0	0	17,0	0	170,0	0	990,0	0	0,0	ERA5
1041411	20/10/2022	03	19/10/2022	23	HAE	3,6	0	2,9	0	95,0	0	17,0	0	160,0	0	990,0	0	0,0	ERA5
1041412	20/10/2022	04	20/10/2022	00	HAE	4,0	0	3,2	0	95,0	0	17,0	0	160,0	0	990,0	0	0,0	ERA5
1041413	20/10/2022	05	20/10/2022	01	HAE	3,9	0	3,5	0	97,0	0	11,0	0	180,0	0	990,0	0	0,0	ERA5
1041414	20/10/2022	06	20/10/2022	02	HAE	4,3	0	3,8	0	96,0	0	14,0	0	190,0	0	990,0	0	0,0	ERA5
1041415	20/10/2022	07	20/10/2022	03	HAE	4,4	0	3,1	0	91,0	0	18,0	0	210,0	0	990,0	0	0,0	ERA5
1041416	20/10/2022	08	20/10/2022	04	HAE	3,7	0	2,3	0	91,0	0	18,0	0	220,0	0	990,0	0	0,0	ERA5
1041417	20/10/2022	09	20/10/2022	05	HAE	3,4	0	2,1	0	91,0	0	14,0	0	200,0	0	990,0	0	0,0	ERA5
1041418	20/10/2022	10	20/10/2022	06	HAE	3,2	0	1,7	0	90,0	0	20,0	0	190,0	0	991,0	0	0,0	ERA5
1041419	20/10/2022	11	20/10/2022	07	HAE	3,2	0	1,8	0	90,0	0	17,0	0	190,0	0	991,0	0	0,0	ERA5
1041420	20/10/2022	12	20/10/2022	08	HAE	3,2	0	2,0	0	92,0	0	11,0	0	180,0	0	991,0	0	26,1	ERA5
1041421	20/10/2022	13	20/10/2022	09	HAE	4,1	0	1,5	0	83,0	0	23,0	0	200,0	0	992,0	0	318,0	ERA5
1041422	20/10/2022	14	20/10/2022	10	HAE	4,8	0	1,6	0	79,0	0	18,0	0	210,0	0	993,0	0	620,6	ERA5
1041423	20/10/2022	15	20/10/2022	11	HAE	6,4	0	0,8	0	67,0	0	31,0	0	200,0	0	993,0	0	1084,9	ERA5
1041424	20/10/2022	16	20/10/2022	12	HAE	7,3	0	0,7	0	63,0	0	35,0	0	220,0	0	993,0	0	1433,0	ERA5
1041425	20/10/2022	17	20/10/2022	13	HAE	8,5	0	-1,1	0	51,0	0	43,0	0	230,0	0	993,0	0	1633,9	ERA5
1041426	20/10/2022	18	20/10/2022	14	HAE	7,9	0	1,4	0	63,0	0	23,0	0	210,0	0	993,0	0	1345,4	ERA5
1041427	20/10/2022	19	20/10/2022	15	HAE	7,4	0	-0,6	0	57,0	0	32,0	0	210,0	0	993,0	0	888,3	ERA5
1041428	20/10/2022	20	20/10/2022	16	HAE	6,9	0	1,1	0	66,0	0	23,0	0	200,0	0	994,0	0	445,6	ERA5
1041429	20/10/2022	21	20/10/2022	17	HAE	6,6	0	1,6	0	71,0	0	28,0	0	200,0	0	994,0	0	332,4	ERA5
1041430	20/10/2022	22	20/10/2022	18	HAE	5,8	0	1,4	0	73,0	0	26,0	0	210,0	0	995,0	0	103,9	ERA5
1041431	20/10/2022	23	20/10/2022	19	HAE	5,5	0	1,8	0	77,0	0	20,0	0	190,0	0	996,0	0	0,3	ERA5
1041432	21/10/2022	00	20/10/2022	20	HAE	5,1	0	2,4	0	83,0	0	20,0	0	180,0	0	997,0	0	0,0	ERA5
1041433	21/10/2022	01	20/10/2022	21	HAE	4,7	0	2,4	0	85,0	0	13,0	0	180,0	0	997,0	0	0,0	ERA5
1041434	21/10/2022	02	20/10/2022	22	HAE	5,3	0	1,3	0	76,0	0	23,0	0	220,0	0	998,0	0	0,0	ERA5
1041435	21/10/2022	03	20/10/2022	23	HAE	3,6	0	1,2	0	84,0	0	15,0	0	190,0	0	998,0	0	0,0	ERA5
1041436	21/10/2022	04	21/10/2022	00	HAE	3,2	0	1,0	0	85,0	0	12,0	0	220,0	0	999,0	0	0,0	ERA5
1041437	21/10/2022	05	21/10/2022	01	HAE	3,0	0	1,1	0	87,0	0	14,0	0	190,0	0	999,0	0	0,0	ERA5
1041438	21/10/2022	06	21/10/2022	02	HAE	2,8	0	1,1	0	89,0	0	15,0	0	200,0	0	999,0	0	0,0	ERA5
1041439	21/10/2022	07	21/10/2022	03	HAE	2,0	0	1,0	0	93,0	0	10,0	0	180,0	0	1000,0	0	0,0	ERA5
1041440	21/10/2022	08	21/10/2022	04	HAE	2,1	0	1,1	0	93,0	0	9,0	0	180,0	0	1000,0	0	0,0	ERA5
1041441	21/10/2022	09	21/10/2022	05	HAE	1,2	0	0,6	0	95,0	0	3,0	0	110,0	0	1000,0	0	0,0	ERA5
1041442	21/10/2022	10	21/10/2022	06	HAE	0,9	0	0,2	0	95,0	0	6,0	0	170,0	0	1001,0	0	0,0	ERA5
1041443	21/10/2022	11	21/10/2022	07	HAE	0,9	0	0,4	0	96,0	0	9,0	0	210,0	0	1001,0	0	0,0	ERA5
1041444	21/10/2022	12	21/10/2022	08	HAE	2,0	0	1,0	0	94,0	0	13,0	0	220,0	0	1002,0	0	35,7	ERA5
1041445	21/10/2022	13	21/10/2022	09	HAE	4,1	0	2,1	0	87,0	0	11,0	0	190,0	0	1002,0	0	413,6	ERA5
1041446	21/10/2022	14	21/10/2022	10	HAE	7,2	0	2,7	0	73,0	0	16,0	0	210,0	0	1002,0	0	983,0	ERA5
1041447	21/10/2022	15	21/10/2022	11	HAE	8,6	0	3,7	0	71,0	0	19,0	0	190,0	0	1002,0	0	1322,2	ERA5
1041448	21/10/2022	16	21/10/2022	12	HAE	9,9	0	3,6	0	65,0	0	21,0	0	190,0	0	1002,0	0	1808,0	ERA5
1041449	21/10/2022	17	21/10/2022	13	HAE	11,3	0	2,8	0	56,0	0	18,0	0	190,0	0	1001,0	0	2005,8	ERA5
1041450	21/10/2022	18	21/10/2022	14	HAE	13,4	0	1,7	0	45,0	0	25,0	0	180,0	0	1001,0	0	1970,6	ERA5
1041451	21/10/2022	19	21/10/2022	15	HAE	13,7	0	-1,0	0	36,0	0	23,0	0	180,0	0	1000,0	0	1700,2	ERA5
1041452	21/10/2022	20	21/10/2022	16	HAE	13,8	0	-1,9	0	34,0	0	20,0	0	190,0	0	1000,0	0	1163,7	ERA5
1041453	21/10/2022	21	21/10/2022	17	HAE	13,8	0	-1,1	0	36,0	0	19,0	0	200,0	0	999,0	0	648,8	ERA5
1041454	21/10/2022	22	21/10/2022	18	HAE	12,1	0	-0,8	0	41,0	0	13,0	0	170,0	0	999,0	0	166,4	ERA5
1041455	21/10/2022	23	21/10/2022	19	HAE	11,1	0	-0,9	0	43,0	0	14,0	0	160,0	0	999,0	0	0,2	ERA5
1041456	22/10/2022	00	21/10/2022	20	HAE	10,2	0	-0,6	0	47,0	0	15,0	0	170,0	0	999,0	0	0,0	ERA5
1041457	22/10/2022	01	21/10/2022	21	HAE	9,8	0	-0,4	0	49,0	0	16,0	0	170,0	0	999,0	0	0,0	ERA5
1041458	22/10/2022	02	21/10/2022	22	HAE	10,0	0	-0,5	0	48,0	0	20,0	0	180,0	0	1000,0	0	0,0	ERA5
1041459	22/10/2022	03	21/10/2022	23	HAE	11,1	0	-0,6	0	44,0	0	27,0	0	180,0	0	1000,0	0	0,0	ERA5
1041460	22/10/2022	04	22/10/2022	00	HAE	10,8	0	-0,4	0	46,0	0	21,0	0	190,0	0	1001,0	0	0,0	ERA5
1041461	22/10/2022	05	22/10/2022	01	HAE	10,0	0	-0,3	0	49,0	0	16,0	0	180,0	0	1001,0	0	0,0	ERA5
1041462	22/10/2022	06	22/10/2022	02	HAE	9,7	0	-0,1	0	50,0	0	14,0	0	190,0	0	1001,0	0	0,0	ERA5
1041463	22/10/2022	07	22/10/2022	03	HAE	8,8	0	0,3	0	55,0	0	14,0	0	170,0	0	1001,0	0	0,0	ERA5
1041464	22/10/2022	08	22/10/2022	04	HAE	8,9	0	0,4	0	55,0	0	17,0	0	180,0	0	1001,0	0	0,0	ERA5
1041465	22/10/2022	09	22/10/2022	05	HAE	8,6	0	0,7	0	58,0	0	14,0	0	170,0	0	1001,0	0	0,0	ERA5
1041466	22/10/2022	10	22/10/2022	06	HAE	8,0	0	0,7	0	60,0	0	10,0	0	180,0	0	1002,0	0	0,0	ERA5
1041467	22/10/2022	11	22/10/2022	07	HAE	8,4	0	1,1	0	60,0	0	15,0	0	190,0	0	1002,0	0	0,0	ERA5
1041468	22/10/2022	12	22/10/2022	08	HAE	8,9	0	1,5	0	60,0	0	13,0	0	180,0	0	1003,0	0	32,4	ERA5
1041469	22/10/2022	13	22/10/2022	09	HAE	10,8	0	2,3	0	56,0	0	16,0	0	190,0	0	1004,0	0	423,1	ERA5
1041470	22/10/2022	14	22/10/2022	10	HAE	13,4	0	3,5	0	51,0	0	22,0	0	210,0	0	1004,0	0	971,2	ERA5
1041471	22/10/2022	15	22/10/2022	11	HAE	15,9	0	5,2	0	49,0	0	24,0	0	230,0	0	1005,0	0	1447,7	ERA5
1041472	22/10/2022	16	22/10/2022	12	HAE	17,7	0	5,4	0	44,0	0	28,0	0	210,0	0	1005,0	0	1764,4	ERA5
1041473	22/10/2022	17	22/10/2022	13	HAE	18,9	0	5,8	0	42,0	0	23,0	0	200,0	0	1004,0	0	1951,5	ERA5
1041474	22/10/2022	18	22/10/2022	14	HAE	20,1	0	5,8	0	39,0	0	23,0	0	190,0	0	1004,0	0	1910,3	ERA5
1041475	22/10/2022	19	22/10/2022	15	HAE	20,6	0	6,0	0	38,0	0	21,0	0	200,0	0	1004,0	0	1675,4	ERA5
1041476	22/10/2022	20	22/10/2022	16	HAE	20,4	0	5,9	0	38,0	0	23,0	0	190,0	0	1004,0	0	1268,6	ERA5
1041477	22/10/2022	21	22/10/2022	17	HAE	19,4	0	4,8	0	38,0	0	18,0	0	200,0	0	1005,0	0	743,2	ERA5
1041478	22/10/2022	22	22/10/2022	18	HAE	16,6	0	4,9	0	45,0	0	11,0	0	180,0	0	1005,0	0	209,3	ERA5
1041479	22/10/2022	23	22/10/2022	19	HAE	14,8	0	4,2	0	49,0	0	9,0	0	150,0	0	1006,0	0	0,0	ERA5
1041480	23/10/2022	00	22/10/2022	20	HAE	13,4	0	3,9	0	52,0	0	4,0	0	170,0	0	1007,0	0	0,0	ERA5
1041481	23/10/2022	01	22/10/2022	21	HAE	15,3	0	4,0	0	47,0	0	13,0	0	180,0	0	1007,0	0	0,0	ERA5
1041482	23/10/2022	02	22/10/2022	22	HAE	12,4	0	3,5	0	54,0	0	12,0	0	150,0	0	1008,0	0	0,0	ERA5
1041483	23/10/2022	03	22/10/2022	23	HAE	12,0	0	3,8	0	57,0	0	9,0	0	160,0	0	1009,0	0	0,0	ERA5
1041484	23/10/2022	04	23/10/2022	00	HAE	10,8	0	3,6	0	61,0	0	9,0	0	140,0	0	1009,0	0	0,0	ERA5
1041485	23/10/2022	05	23/10/2022	01	HAE	11,0	0	3,5	0	60,0	0	10,0	0	160,0	0	1009,0	0	0,0	ERA5
1041486	23/10/2022	06	23/10/2022	02	HAE	10,4	0	3,5	0	62,0	0	9,0	0	170,0	0	1010,0	0	0,0	ERA5
1041487	23/10/2022	07	23/10/2022	03	HAE	10,2	0	3,3	0	62,0	0	6,0	0	180,0	0	1010,0	0	0,0	ERA5
1041488	23/10/2022	08	23/10/2022	04	HAE	7,8	0	3,1	0	72,0	0	5,0	0	140,0	0	1010,0	0	0,0	ERA5
1041489	23/10/2022	09	23/10/2022	05	HAE	8,1	0	3,3	0	72,0	0	8,0	0	150,0	0	1011,0	0	0,0	ERA5
1041490	23/10/2022	10	23/10/2022	06	HAE	5,2	0	2,3	0	82,0	0	6,0	0	60,0	0	1011,0	0	0,0	ERA5
1041491	23/10/2022	11	23/10/2022	07	HAE	4,7	0	1,6	0	80,0	0	7,0	0	70,0	0	1011,0	0	0,0	ERA5
1041492	23/10/2022	12	23/10/2022	08	HAE	4,7	0	2,8	0	87,0	0	7,0	0	70,0	0	1012,0	0	29,5	ERA5
1041493	23/10/2022	13	23/10/2022	09	HAE	9,6	0	5,1	0	74,0	0	5,0	0	80,0	0	1013,0	0	420,2	ERA5
1041494	23/10/2022	14	23/10/2022	10	HAE	13,2	0	5,3	0	59,0	0	7,0	0	180,0	0	1013,0	0	979,0	ERA5
1041495	23/10/2022	15	23/10/2022	11	HAE	15,3	0	5,6	0	52,0	0	7,0	0	200,0	0	1013,0	0	1469,1	ERA5
1041496	23/10/2022	16	23/10/2022	12	HAE	17,3	0	6,1	0	47,0	0	5,0	0	60,0	0	1013,0	0	1751,5	ERA5
1041497	23/10/2022	17	23/10/2022	13	HAE	19,4	0	5,6	0	40,0	0	7,0	0	120,0	0	1012,0	0	1930,2	ERA5
1041498	23/10/2022	18	23/10/2022	14	HAE	20,7	0	6,7	0	40,0	0	8,0	0	80,0	0	1011,0	0	1868,1	ERA5
1041499	23/10/2022	19	23/10/2022	15	HAE	21,1	0	6,0	0	37,0	0	13,0	0	100,0	0	1011,0	0	1537,7	ERA5
1041500	23/10/2022	20	23/10/2022	16	HAE	20,9	0	6,5	0	39,0	0	14,0	0	100,0	0	1011,0	0	1143,4	ERA5
1041501	23/10/2022	21	23/10/2022	17	HAE	18,7	0	7,1	0	47,0	0	11,0	0	110,0	0	1011,0	0	578,1	ERA5
1041502	23/10/2022	22	23/10/2022	18	HAE	16,7	0	5,9	0	49,0	0	9,0	0	80,0	0	1011,0	0	163,8	ERA5
1041503	23/10/2022	23	23/10/2022	19	HAE	14,7	0	5,8	0	55,0	0	12,0	0	80,0	0	1011,0	0	0,0	ERA5
1041504	24/10/2022	00	23/10/2022	20	HAE	13,2	0	5,7	0	60,0	0	12,0	0	80,0	0	1011,0	0	0,0	ERA5
1041505	24/10/2022	01	23/10/2022	21	HAE	12,5	0	5,5	0	62,0	0	8,0	0	60,0	0	1011,0	0	0,0	ERA5
1041506	24/10/2022	02	23/10/2022	22	HAE	10,7	0	5,6	0	71,0	0	10,0	0	50,0	0	1011,0	0	0,0	ERA5
1041507	24/10/2022	03	23/10/2022	23	HAE	9,5	0	5,1	0	74,0	0	12,0	0	40,0	0	1011,0	0	0,0	ERA5
1041508	24/10/2022	04	24/10/2022	00	HAE	7,5	0	4,0	0	78,0	0	10,0	0	50,0	0	1011,0	0	0,0	ERA5
1041509	24/10/2022	05	24/10/2022	01	HAE	8,2	0	4,6	0	78,0	0	9,0	0	60,0	0	1011,0	0	0,0	ERA5
1041510	24/10/2022	06	24/10/2022	02	HAE	6,8	0	4,6	0	86,0	0	12,0	0	40,0	0	1011,0	0	0,0	ERA5
1041511	24/10/2022	07	24/10/2022	03	HAE	7,3	0	4,5	0	83,0	0	7,0	0	60,0	0	1011,0	0	0,0	ERA5
1041512	24/10/2022	08	24/10/2022	04	HAE	6,5	0	4,7	0	88,0	0	10,0	0	70,0	0	1010,0	0	0,0	ERA5
1041513	24/10/2022	09	24/10/2022	05	HAE	6,2	0	4,8	0	90,0	0	6,0	0	70,0	0	1011,0	0	0,0	ERA5
1041514	24/10/2022	10	24/10/2022	06	HAE	6,7	0	4,7	0	87,0	0	8,0	0	40,0	0	1011,0	0	0,0	ERA5
1041515	24/10/2022	11	24/10/2022	07	HAE	5,9	0	4,2	0	89,0	0	9,0	0	40,0	0	1011,0	0	0,0	ERA5
1041516	24/10/2022	12	24/10/2022	08	HAE	6,1	0	4,6	0	90,0	0	8,0	0	60,0	0	1011,0	0	23,7	ERA5
1041517	24/10/2022	13	24/10/2022	09	HAE	10,1	0	7,0	0	81,0	0	7,0	0	30,0	0	1011,0	0	378,0	ERA5
1041518	24/10/2022	14	24/10/2022	10	HAE	11,3	0	7,4	0	77,0	0	8,0	0	30,0	0	1011,0	0	933,9	ERA5
1041519	24/10/2022	15	24/10/2022	11	HAE	14,8	0	6,8	0	59,0	0	8,0	0	90,0	0	1011,0	0	1408,9	ERA5
1041520	24/10/2022	16	24/10/2022	12	HAE	17,3	0	6,1	0	47,0	0	8,0	0	80,0	0	1010,0	0	1744,5	ERA5
1041521	24/10/2022	17	24/10/2022	13	HAE	18,8	0	4,7	0	39,0	0	8,0	0	80,0	0	1009,0	0	1921,0	ERA5
1041522	24/10/2022	18	24/10/2022	14	HAE	20,2	0	7,2	0	42,0	0	15,0	0	110,0	0	1008,0	0	1856,9	ERA5
1041523	24/10/2022	19	24/10/2022	15	HAE	20,9	0	7,3	0	41,0	0	3,0	0	0,0	0	1008,0	0	1642,0	ERA5
1041524	24/10/2022	20	24/10/2022	16	HAE	21,0	0	5,1	0	35,0	0	7,0	0	90,0	0	1008,0	0	1234,1	ERA5
1041525	24/10/2022	21	24/10/2022	17	HAE	20,2	0	6,8	0	41,0	0	8,0	0	90,0	0	1007,0	0	708,2	ERA5
1041526	24/10/2022	22	24/10/2022	18	HAE	17,4	0	6,8	0	49,0	0	10,0	0	70,0	0	1007,0	0	181,7	ERA5
1041527	24/10/2022	23	24/10/2022	19	HAE	15,5	0	9,9	0	69,0	0	12,0	0	60,0	0	1007,0	0	0,0	ERA5
1041528	25/10/2022	00	24/10/2022	20	HAE	14,8	0	11,8	0	82,0	0	11,0	0	50,0	0	1007,0	0	0,0	ERA5
1041529	25/10/2022	01	24/10/2022	21	HAE	13,8	0	11,3	0	85,0	0	10,0	0	60,0	0	1007,0	0	0,0	ERA5
1041530	25/10/2022	02	24/10/2022	22	HAE	13,4	0	11,1	0	86,0	0	12,0	0	70,0	0	1007,0	0	0,0	ERA5
1041531	25/10/2022	03	24/10/2022	23	HAE	13,0	0	10,8	0	86,0	0	14,0	0	80,0	0	1006,0	0	0,0	ERA5
1041532	25/10/2022	04	25/10/2022	00	HAE	12,2	0	10,1	0	87,0	0	10,0	0	70,0	0	1006,0	0	0,0	ERA5
1041533	25/10/2022	05	25/10/2022	01	HAE	11,0	0	9,8	0	92,0	0	8,0	0	50,0	0	1006,0	0	0,0	ERA5
1041534	25/10/2022	06	25/10/2022	02	HAE	10,5	0	9,2	0	91,0	0	13,0	0	40,0	0	1005,0	0	0,0	ERA5
1041535	25/10/2022	07	25/10/2022	03	HAE	10,8	0	9,7	0	93,0	0	8,0	0	70,0	0	1005,0	0	0,0	ERA5
1041536	25/10/2022	08	25/10/2022	04	HAE	10,6	0	9,9	0	95,0	0	10,0	0	90,0	0	1005,0	0	0,0	ERA5
1041537	25/10/2022	09	25/10/2022	05	HAE	10,3	0	10,0	0	97,0	0	10,0	0	80,0	0	1005,0	0	0,0	ERA5
1041538	25/10/2022	10	25/10/2022	06	HAE	9,6	0	9,4	0	98,0	0	7,0	0	70,0	0	1005,0	0	0,0	ERA5
1041539	25/10/2022	11	25/10/2022	07	HAE	11,3	0	10,9	0	98,0	0	9,0	0	80,0	0	1005,0	0	0,0	ERA5
1041540	25/10/2022	12	25/10/2022	08	HAE	11,6	0	11,1	0	97,0	0	9,0	0	110,0	0	1004,0	0	4,8	ERA5
1041541	25/10/2022	13	25/10/2022	09	HAE	12,6	0	12,2	0	98,0	0	8,0	0	90,0	0	1005,0	0	67,5	ERA5
1041542	25/10/2022	14	25/10/2022	10	HAE	13,9	0	13,7	0	99,0	0	14,0	0	120,0	0	1004,0	0	187,1	ERA5
1041543	25/10/2022	15	25/10/2022	11	HAE	15,3	0	14,4	0	94,0	0	7,0	0	110,0	0	1004,0	0	380,0	ERA5
1041544	25/10/2022	16	25/10/2022	12	HAE	17,0	0	14,5	0	85,0	0	10,0	0	120,0	0	1004,0	0	458,2	ERA5
1041545	25/10/2022	17	25/10/2022	13	HAE	18,1	0	14,9	0	81,0	0	9,0	0	140,0	0	1003,0	0	480,6	ERA5
1041546	25/10/2022	18	25/10/2022	14	HAE	19,8	0	15,7	0	77,0	0	9,0	0	150,0	0	1002,0	0	650,6	ERA5
1041547	25/10/2022	19	25/10/2022	15	HAE	19,6	0	15,5	0	77,0	0	8,0	0	160,0	0	1001,0	0	475,7	ERA5
1041548	25/10/2022	20	25/10/2022	16	HAE	20,1	0	15,8	0	76,0	0	8,0	0	150,0	0	1001,0	0	552,5	ERA5
1041549	25/10/2022	21	25/10/2022	17	HAE	19,8	0	16,0	0	78,0	0	8,0	0	150,0	0	1000,0	0	445,0	ERA5
1041550	25/10/2022	22	25/10/2022	18	HAE	17,4	0	14,9	0	85,0	0	10,0	0	100,0	0	1000,0	0	102,1	ERA5
1041551	25/10/2022	23	25/10/2022	19	HAE	16,6	0	14,5	0	87,0	0	10,0	0	70,0	0	1000,0	0	0,0	ERA5
1041552	26/10/2022	00	25/10/2022	20	HAE	16,4	0	15,0	0	91,0	0	7,0	0	70,0	0	1000,0	0	0,0	ERA5
1041553	26/10/2022	01	25/10/2022	21	HAE	15,0	0	14,1	0	95,0	0	9,0	0	100,0	0	999,0	0	0,0	ERA5
1041554	26/10/2022	02	25/10/2022	22	HAE	16,1	0	14,8	0	92,0	0	3,0	0	90,0	0	999,0	0	0,0	ERA5
1041555	26/10/2022	03	25/10/2022	23	HAE	16,4	0	14,6	0	89,0	0	12,0	0	110,0	0	999,0	0	0,0	ERA5
1041556	26/10/2022	04	26/10/2022	00	HAE	17,0	0	15,1	0	88,0	0	13,0	0	140,0	0	998,0	0	0,0	ERA5
1041557	26/10/2022	05	26/10/2022	01	HAE	17,4	0	15,7	0	90,0	0	15,0	0	160,0	0	998,0	0	0,0	ERA5
1041558	26/10/2022	06	26/10/2022	02	HAE	16,9	0	15,6	0	92,0	0	10,0	0	140,0	0	998,0	0	0,0	ERA5
1041559	26/10/2022	07	26/10/2022	03	HAE	14,4	0	13,8	0	96,0	0	12,0	0	110,0	0	997,0	0	0,0	ERA5
1041560	26/10/2022	08	26/10/2022	04	HAE	15,3	0	14,8	0	97,0	0	9,0	0	100,0	0	996,0	0	0,0	ERA5
1041561	26/10/2022	09	26/10/2022	05	HAE	13,3	0	13,1	0	98,0	0	8,0	0	70,0	0	996,0	0	0,0	ERA5
1041562	26/10/2022	10	26/10/2022	06	HAE	14,3	0	14,1	0	99,0	0	8,0	0	90,0	0	995,0	0	0,0	ERA5
1041563	26/10/2022	11	26/10/2022	07	HAE	14,2	0	13,7	0	97,0	0	12,0	0	90,0	0	995,0	0	0,0	ERA5
1041564	26/10/2022	12	26/10/2022	08	HAE	14,3	0	13,8	0	97,0	0	14,0	0	110,0	0	994,0	0	5,7	ERA5
1041565	26/10/2022	13	26/10/2022	09	HAE	16,9	0	15,2	0	89,0	0	17,0	0	110,0	0	994,0	0	99,8	ERA5
1041566	26/10/2022	14	26/10/2022	10	HAE	20,0	0	15,7	0	76,0	0	16,0	0	130,0	0	994,0	0	277,9	ERA5
1041567	26/10/2022	15	26/10/2022	11	HAE	20,1	0	15,6	0	75,0	0	19,0	0	150,0	0	993,0	0	293,6	ERA5
1041568	26/10/2022	16	26/10/2022	12	HAE	21,5	0	15,7	0	69,0	0	16,0	0	160,0	0	992,0	0	388,3	ERA5
1041569	26/10/2022	17	26/10/2022	13	HAE	23,4	0	15,5	0	61,0	0	19,0	0	180,0	0	991,0	0	585,3	ERA5
1041570	26/10/2022	18	26/10/2022	14	HAE	23,2	0	15,6	0	62,0	0	18,0	0	200,0	0	990,0	0	1110,9	ERA5
1041571	26/10/2022	19	26/10/2022	15	HAE	22,6	0	14,3	0	59,0	0	21,0	0	160,0	0	989,0	0	1213,5	ERA5
1041572	26/10/2022	20	26/10/2022	16	HAE	22,8	0	15,6	0	63,0	0	16,0	0	240,0	0	989,0	0	900,9	ERA5
1041573	26/10/2022	21	26/10/2022	17	HAE	20,0	0	11,4	0	57,0	0	19,0	0	230,0	0	989,0	0	565,4	ERA5
1041574	26/10/2022	22	26/10/2022	18	HAE	18,2	0	10,0	0	58,0	0	13,0	0	230,0	0	988,0	0	82,2	ERA5
1041575	26/10/2022	23	26/10/2022	19	HAE	17,2	0	10,0	0	62,0	0	10,0	0	220,0	0	989,0	0	0,0	ERA5
1041576	27/10/2022	00	26/10/2022	20	HAE	17,1	0	10,2	0	63,0	0	11,0	0	220,0	0	989,0	0	0,0	ERA5
1041577	27/10/2022	01	26/10/2022	21	HAE	16,2	0	10,2	0	67,0	0	15,0	0	200,0	0	990,0	0	0,0	ERA5
1041578	27/10/2022	02	26/10/2022	22	HAE	15,9	0	11,1	0	73,0	0	21,0	0	220,0	0	990,0	0	0,0	ERA5
1041579	27/10/2022	03	26/10/2022	23	HAE	15,2	0	11,8	0	80,0	0	16,0	0	230,0	0	991,0	0	0,0	ERA5
1041580	27/10/2022	04	27/10/2022	00	HAE	14,4	0	12,5	0	88,0	0	18,0	0	220,0	0	991,0	0	0,0	ERA5
1041581	27/10/2022	05	27/10/2022	01	HAE	13,0	0	9,7	0	80,0	0	48,0	0	300,0	0	993,0	0	0,0	ERA5
1041582	27/10/2022	06	27/10/2022	02	HAE	8,8	0	6,1	0	83,0	0	40,0	0	280,0	0	995,0	0	0,0	ERA5
1041583	27/10/2022	07	27/10/2022	03	HAE	8,2	0	4,6	0	78,0	0	43,0	0	300,0	0	998,0	0	0,0	ERA5
1041584	27/10/2022	08	27/10/2022	04	HAE	6,8	0	2,8	0	75,0	0	36,0	0	300,0	0	1000,0	0	0,0	ERA5
1041585	27/10/2022	09	27/10/2022	05	HAE	5,8	0	1,0	0	71,0	0	32,0	0	300,0	0	1002,0	0	0,0	ERA5
1041586	27/10/2022	10	27/10/2022	06	HAE	5,5	0	1,1	0	73,0	0	24,0	0	310,0	0	1004,0	0	0,0	ERA5
1041587	27/10/2022	11	27/10/2022	07	HAE	5,2	0	0,3	0	70,0	0	26,0	0	320,0	0	1006,0	0	0,0	ERA5
1041588	27/10/2022	12	27/10/2022	08	HAE	4,5	0	0,7	0	76,0	0	26,0	0	290,0	0	1007,0	0	8,1	ERA5
1041589	27/10/2022	13	27/10/2022	09	HAE	4,7	0	0,6	0	75,0	0	22,0	0	300,0	0	1009,0	0	185,9	ERA5
1041590	27/10/2022	14	27/10/2022	10	HAE	5,4	0	-0,15	4.lineaire	68,0	0	20,0	0	300,0	0	1010,0	0	651,6	ERA5
1041591	27/10/2022	15	27/10/2022	11	HAE	5,8	0	-0,9	0	62,0	0	25,0	0	300,0	0	1011,0	0	1078,6	ERA5
1041592	27/10/2022	16	27/10/2022	12	HAE	6,6	0	-1,0	0	58,0	0	20,0	0	280,0	0	1012,0	0	1512,3	ERA5
1041593	27/10/2022	17	27/10/2022	13	HAE	7,3	0	-1,2	0	55,0	0	23,0	0	320,0	0	1013,0	0	1788,8	ERA5
1041594	27/10/2022	18	27/10/2022	14	HAE	7,8	0	-0,9	0	54,0	0	23,0	0	270,0	0	1013,0	0	1886,2	ERA5
1041595	27/10/2022	19	27/10/2022	15	HAE	7,9	0	-1,7	0	51,0	0	22,0	0	290,0	0	1014,0	0	1654,9	ERA5
1041596	27/10/2022	20	27/10/2022	16	HAE	8,0	0	-1,6	0	51,0	0	18,0	0	300,0	0	1014,0	0	1231,5	ERA5
1041597	27/10/2022	21	27/10/2022	17	HAE	7,5	0	-1,7	0	52,0	0	16,0	0	300,0	0	1015,0	0	689,1	ERA5
1041598	27/10/2022	22	27/10/2022	18	HAE	5,1	0	-2,0	0	60,0	0	13,0	0	270,0	0	1016,0	0	158,1	ERA5
1041599	27/10/2022	23	27/10/2022	19	HAE	4,8	0	-2,2	0	60,0	0	8,0	0	300,0	0	1017,0	0	0,0	ERA5
1041600	28/10/2022	00	27/10/2022	20	HAE	2,4	0	-2,4	0	71,0	0	7,0	0	320,0	0	1017,0	0	0,0	ERA5
1041601	28/10/2022	01	27/10/2022	21	HAE	3,4	0	-2,5	0	65,0	0	10,0	0	10,0	0	1018,0	0	0,0	ERA5
1041602	28/10/2022	02	27/10/2022	22	HAE	2,8	0	-2,7	0	67,0	0	2,0	0	0,0	0	1019,0	0	0,0	ERA5
1041603	28/10/2022	03	27/10/2022	23	HAE	0,7	0	-2,9	0	77,0	0	5,0	0	80,0	0	1020,0	0	0,0	ERA5
1041604	28/10/2022	04	28/10/2022	00	HAE	0,1	0	-3,0	0	79,0	0	5,0	0	70,0	0	1020,0	0	0,0	ERA5
1041605	28/10/2022	05	28/10/2022	01	HAE	-0,3	0	-3,2	0	81,0	0	4,0	0	70,0	0	1020,0	0	0,0	ERA5
1041606	28/10/2022	06	28/10/2022	02	HAE	-1,4	0	-3,0	0	89,0	0	2,0	0	0,0	0	1021,0	0	0,0	ERA5
1041607	28/10/2022	07	28/10/2022	03	HAE	-1,4	0	-3,9	0	83,0	0	3,0	0	70,0	0	1021,0	0	0,0	ERA5
1041608	28/10/2022	08	28/10/2022	04	HAE	-1,7	0	-2,9	0	91,0	0	4,0	0	260,0	0	1021,0	0	0,0	ERA5
1041609	28/10/2022	09	28/10/2022	05	HAE	-1,8	0	-2,8	0	93,0	0	3,0	0	250,0	0	1022,0	0	0,0	ERA5
1041610	28/10/2022	10	28/10/2022	06	HAE	-2,2	0	-2,9	0	95,0	0	3,0	0	0,0	0	1022,0	0	0,0	ERA5
1041611	28/10/2022	11	28/10/2022	07	HAE	-1,3	0	-3,3	0	86,0	0	2,0	0	0,0	0	1022,0	0	0,0	ERA5
1041612	28/10/2022	12	28/10/2022	08	HAE	-2,5	0	-4,5	0	86,0	0	3,0	0	340,0	0	1023,0	0	14,8	ERA5
1041613	28/10/2022	13	28/10/2022	09	HAE	0,5	0	-0,7	0	91,0	0	5,0	0	50,0	0	1023,0	0	363,9	ERA5
1041614	28/10/2022	14	28/10/2022	10	HAE	3,2	0	0,4	0	82,0	0	8,0	0	60,0	0	1024,0	0	903,2	ERA5
1041615	28/10/2022	15	28/10/2022	11	HAE	4,4	0	-2,2	0	63,0	0	5,0	0	80,0	0	1024,0	0	1377,3	ERA5
1041616	28/10/2022	16	28/10/2022	12	HAE	6,5	0	-2,7	0	52,0	0	15,0	0	130,0	0	1023,0	0	1655,9	ERA5
1041617	28/10/2022	17	28/10/2022	13	HAE	7,5	0	-2,1	0	51,0	0	12,0	0	80,0	0	1023,0	0	1777,0	ERA5
1041618	28/10/2022	18	28/10/2022	14	HAE	8,0	0	-1,7	0	50,0	0	4,0	0	70,0	0	1022,0	0	1759,3	ERA5
1041619	28/10/2022	19	28/10/2022	15	HAE	8,0	0	-1,9	0	50,0	0	10,0	0	120,0	0	1021,0	0	1500,2	ERA5
1041620	28/10/2022	20	28/10/2022	16	HAE	8,7	0	-1,3	0	49,0	0	9,0	0	100,0	0	1020,0	0	1150,3	ERA5
1041621	28/10/2022	21	28/10/2022	17	HAE	7,7	0	-1,1	0	54,0	0	9,0	0	120,0	0	1020,0	0	654,8	ERA5
1041622	28/10/2022	22	28/10/2022	18	HAE	6,4	0	-1,6	0	56,0	0	8,0	0	100,0	0	1019,0	0	145,6	ERA5
1041623	28/10/2022	23	28/10/2022	19	HAE	4,8	0	-1,8	0	62,0	0	7,0	0	60,0	0	1019,0	0	0,0	ERA5
1041624	29/10/2022	00	28/10/2022	20	HAE	2,7	0	-2,7	0	68,0	0	7,0	0	70,0	0	1019,0	0	0,0	ERA5
1041625	29/10/2022	01	28/10/2022	21	HAE	3,8	0	-2,0	0	66,0	0	8,0	0	80,0	0	1019,0	0	0,0	ERA5
1041626	29/10/2022	02	28/10/2022	22	HAE	2,2	0	-2,6	0	71,0	0	6,0	0	60,0	0	1019,0	0	0,0	ERA5
1041627	29/10/2022	03	28/10/2022	23	HAE	0,7	0	-2,6	0	78,0	0	6,0	0	60,0	0	1019,0	0	0,0	ERA5
1041628	29/10/2022	04	29/10/2022	00	HAE	1,1	0	-3,0	0	74,0	0	8,0	0	90,0	0	1019,0	0	0,0	ERA5
1041629	29/10/2022	05	29/10/2022	01	HAE	0,8	0	-3,1	0	75,0	0	6,0	0	110,0	0	1018,0	0	0,0	ERA5
1041630	29/10/2022	06	29/10/2022	02	HAE	-1,2	0	-3,8	0	83,0	0	5,0	0	60,0	0	1018,0	0	0,0	ERA5
1041631	29/10/2022	07	29/10/2022	03	HAE	-2,4	0	-4,2	0	88,0	0	9,0	0	30,0	0	1018,0	0	0,0	ERA5
1041632	29/10/2022	08	29/10/2022	04	HAE	-1,6	0	-3,3	0	89,0	0	10,0	0	40,0	0	1017,0	0	0,0	ERA5
1041633	29/10/2022	09	29/10/2022	05	HAE	-0,9	0	-2,7	0	88,0	0	8,0	0	60,0	0	1017,0	0	0,0	ERA5
1041634	29/10/2022	10	29/10/2022	06	HAE	-0,9	0	-2,1	0	92,0	0	9,0	0	50,0	0	1017,0	0	0,0	ERA5
1041635	29/10/2022	11	29/10/2022	07	HAE	-1,6	0	-2,3	0	95,0	0	9,0	0	60,0	0	1017,0	0	0,0	ERA5
1041636	29/10/2022	12	29/10/2022	08	HAE	-2,2	0	-3,2	0	93,0	0	4,0	0	90,0	0	1018,0	0	10,0	ERA5
1041637	29/10/2022	13	29/10/2022	09	HAE	0,7	0	-0,4	0	93,0	0	5,0	0	140,0	0	1018,0	0	268,8	ERA5
1041638	29/10/2022	14	29/10/2022	10	HAE	3,9	0	0,9	0	81,0	0	4,0	0	160,0	0	1018,0	0	623,4	ERA5
1041639	29/10/2022	15	29/10/2022	11	HAE	7,4	0	2,0	0	68,0	0	8,0	0	220,0	0	1017,0	0	1079,7	ERA5
1041640	29/10/2022	16	29/10/2022	12	HAE	10,5	0	5,3	0	70,0	0	11,0	0	230,0	0	1017,0	0	1471,0	ERA5
1041641	29/10/2022	17	29/10/2022	13	HAE	12,1	0	4,7	0	60,0	0	10,0	0	250,0	0	1016,0	0	1875,7	ERA5
1041642	29/10/2022	18	29/10/2022	14	HAE	13,6	0	4,3	0	53,0	0	8,0	0	220,0	0	1015,0	0	1826,6	ERA5
1041643	29/10/2022	19	29/10/2022	15	HAE	15,0	0	3,0	0	44,0	0	14,0	0	240,0	0	1015,0	0	1604,3	ERA5
1041644	29/10/2022	20	29/10/2022	16	HAE	15,2	0	3,6	0	45,0	0	12,0	0	190,0	0	1014,0	0	1187,0	ERA5
1041645	29/10/2022	21	29/10/2022	17	HAE	15,0	0	3,1	0	44,0	0	16,0	0	200,0	0	1014,0	0	654,3	ERA5
1041646	29/10/2022	22	29/10/2022	18	HAE	12,9	0	3,0	0	51,0	0	9,0	0	180,0	0	1013,0	0	137,4	ERA5
1041647	29/10/2022	23	29/10/2022	19	HAE	11,1	0	2,1	0	54,0	0	11,0	0	190,0	0	1014,0	0	0,0	ERA5
1041648	30/10/2022	00	29/10/2022	20	HAE	9,4	0	1,4	0	57,0	0	12,0	0	190,0	0	1013,0	0	0,0	ERA5
1041649	30/10/2022	01	29/10/2022	21	HAE	7,8	0	1,6	0	65,0	0	10,0	0	210,0	0	1013,0	0	0,0	ERA5
1041650	30/10/2022	02	29/10/2022	22	HAE	6,6	0	1,5	0	70,0	0	13,0	0	200,0	0	1013,0	0	0,0	ERA5
1041651	30/10/2022	03	29/10/2022	23	HAE	6,2	0	2,2	0	76,0	0	10,0	0	210,0	0	1013,0	0	0,0	ERA5
1041652	30/10/2022	04	30/10/2022	00	HAE	5,6	0	2,8	0	82,0	0	5,0	0	290,0	0	1012,0	0	0,0	ERA5
1041653	30/10/2022	05	30/10/2022	01	HAE	4,8	0	2,5	0	85,0	0	12,0	0	190,0	0	1012,0	0	0,0	ERA5
1041654	30/10/2022	06	30/10/2022	02	HAE	4,0	0	2,4	0	89,0	0	8,0	0	190,0	0	1011,0	0	0,0	ERA5
1041655	30/10/2022	07	30/10/2022	03	HAE	4,1	0	1,9	0	86,0	0	11,0	0	190,0	0	1011,0	0	0,0	ERA5
1041656	30/10/2022	08	30/10/2022	04	HAE	2,0	0	0,6	0	91,0	0	7,0	0	200,0	0	1011,0	0	0,0	ERA5
1041657	30/10/2022	09	30/10/2022	05	HAE	1,6	0	0,6	0	93,0	0	8,0	0	190,0	0	1011,0	0	0,0	ERA5
1041658	30/10/2022	10	30/10/2022	06	HAE	1,0	0	-0,3	0	91,0	0	7,0	0	170,0	0	1011,0	0	0,0	ERA5
1041659	30/10/2022	11	30/10/2022	07	HAE	0,3	0	-0,4	0	95,0	0	7,0	0	160,0	0	1011,0	0	0,0	ERA5
1041660	30/10/2022	12	30/10/2022	08	HAE	0,1	0	-0,2	0	98,0	0	9,0	0	160,0	0	1010,0	0	9,9	ERA5
1041661	30/10/2022	13	30/10/2022	09	HAE	3,2	0	2,2	0	94,0	0	2,0	0	0,0	0	1010,0	0	266,3	ERA5
1041662	30/10/2022	14	30/10/2022	10	HAE	6,0	0	3,0	0	81,0	0	3,0	0	220,0	0	1010,0	0	695,4	ERA5
1041663	30/10/2022	15	30/10/2022	11	HAE	10,0	0	3,6	0	64,0	0	8,0	0	200,0	0	1009,0	0	1117,2	ERA5
1041664	30/10/2022	16	30/10/2022	12	HAE	12,7	0	4,2	0	56,0	0	8,0	0	170,0	0	1009,0	0	1562,6	ERA5
1041665	30/10/2022	17	30/10/2022	13	HAE	14,2	0	3,6	0	48,0	0	12,0	0	160,0	0	1008,0	0	1805,4	ERA5
1041666	30/10/2022	18	30/10/2022	14	HAE	15,6	0	3,4	0	44,0	0	8,0	0	170,0	0	1006,0	0	1735,4	ERA5
1041667	30/10/2022	19	30/10/2022	15	HAE	16,2	0	2,5	0	39,0	0	9,0	0	180,0	0	1006,0	0	1564,9	ERA5
1041668	30/10/2022	20	30/10/2022	16	HAE	17,1	0	1,5	0	35,0	0	10,0	0	200,0	0	1005,0	0	1165,2	ERA5
1041669	30/10/2022	21	30/10/2022	17	HAE	15,6	0	0,2	0	35,0	0	11,0	0	180,0	0	1004,0	0	583,9	ERA5
1041670	30/10/2022	22	30/10/2022	18	HAE	13,0	0	-0,8	0	38,0	0	9,0	0	160,0	0	1004,0	0	114,6	ERA5
1041671	30/10/2022	23	30/10/2022	19	HAE	11,9	0	-2,9	0	36,0	0	7,0	0	160,0	0	1004,0	0	0,0	ERA5
1041672	31/10/2022	00	30/10/2022	20	HAE	11,8	0	-3,7	0	34,0	0	10,0	0	200,0	0	1004,0	0	0,0	ERA5
1041673	31/10/2022	01	30/10/2022	21	HAE	9,3	0	-3,5	0	40,0	0	8,0	0	170,0	0	1003,0	0	0,0	ERA5
1041674	31/10/2022	02	30/10/2022	22	HAE	8,5	0	-3,7	0	42,0	0	6,0	0	140,0	0	1003,0	0	0,0	ERA5
1041675	31/10/2022	03	30/10/2022	23	HAE	6,7	0	-2,0	0	54,0	0	6,0	0	160,0	0	1003,0	0	0,0	ERA5
1041676	31/10/2022	04	31/10/2022	00	HAE	9,7	0	-3,6	0	39,0	0	4,0	0	200,0	0	1003,0	0	0,0	ERA5
1041677	31/10/2022	05	31/10/2022	01	HAE	8,0	0	-2,1	0	49,0	0	7,0	0	180,0	0	1002,0	0	0,0	ERA5
1041678	31/10/2022	06	31/10/2022	02	HAE	6,9	0	-1,7	0	54,0	0	7,0	0	170,0	0	1002,0	0	0,0	ERA5
1041679	31/10/2022	07	31/10/2022	03	HAE	7,2	0	-2,1	0	51,0	0	3,0	0	0,0	0	1002,0	0	0,0	ERA5
1041680	31/10/2022	08	31/10/2022	04	HAE	4,6	0	-0,9	0	67,0	0	7,0	0	160,0	0	1002,0	0	0,0	ERA5
1041681	31/10/2022	09	31/10/2022	05	HAE	5,6	0	-0,6	0	64,0	0	7,0	0	140,0	0	1001,0	0	0,0	ERA5
1041682	31/10/2022	10	31/10/2022	06	HAE	6,5	0	-0,3	0	61,0	0	14,0	0	170,0	0	1001,0	0	0,0	ERA5
1041683	31/10/2022	11	31/10/2022	07	HAE	6,7	0	-0,5	0	60,0	0	8,0	0	180,0	0	1001,0	0	0,0	ERA5
1041684	31/10/2022	12	31/10/2022	08	HAE	4,7	0	0,8	0	76,0	0	5,0	0	100,0	0	1001,0	0	7,4	ERA5
1041685	31/10/2022	13	31/10/2022	09	HAE	6,8	0	2,2	0	72,0	0	5,0	0	170,0	0	1001,0	0	210,0	ERA5
1041686	31/10/2022	14	31/10/2022	10	HAE	9,0	0	2,0	0	62,0	0	7,0	0	160,0	0	1001,0	0	595,0	ERA5
1041687	31/10/2022	15	31/10/2022	11	HAE	11,0	0	5,2	0	68,0	0	11,0	0	190,0	0	1001,0	0	832,4	ERA5
1041688	31/10/2022	16	31/10/2022	12	HAE	11,9	0	5,8	0	66,0	0	7,0	0	220,0	0	1001,0	0	1267,2	ERA5
1041689	31/10/2022	17	31/10/2022	13	HAE	13,3	0	6,5	0	63,0	0	9,0	0	210,0	0	1000,0	0	1160,5	ERA5
1041690	31/10/2022	18	31/10/2022	14	HAE	14,0	0	7,2	0	63,0	0	9,0	0	200,0	0	1000,0	0	1302,2	ERA5
1041691	31/10/2022	19	31/10/2022	15	HAE	14,2	0	7,4	0	63,0	0	4,0	0	110,0	0	999,0	0	1322,0	ERA5
1041692	31/10/2022	20	31/10/2022	16	HAE	14,2	0	6,8	0	61,0	0	9,0	0	160,0	0	999,0	0	629,1	ERA5
1041693	31/10/2022	21	31/10/2022	17	HAE	13,2	0	7,2	0	67,0	0	7,0	0	170,0	0	999,0	0	422,5	ERA5
1041694	31/10/2022	22	31/10/2022	18	HAE	12,1	0	7,1	0	71,0	0	3,0	0	120,0	0	999,0	0	75,0	ERA5
1041695	31/10/2022	23	31/10/2022	19	HAE	12,1	0	6,4	0	68,0	0	5,0	0	170,0	0	999,0	0	0,0	ERA5
1041696	01/11/2022	00	31/10/2022	20	HAE	12,1	0	6,3	0	68,0	0	3,0	0	170,0	0	999,0	0	0,0	ERA5
1041697	01/11/2022	01	31/10/2022	21	HAE	11,9	0	6,9	0	71,0	0	6,0	0	180,0	0	999,0	0	0,0	ERA5
1041698	01/11/2022	02	31/10/2022	22	HAE	10,6	0	8,3	0	86,0	0	5,0	0	210,0	0	999,0	0	0,0	ERA5
1041699	01/11/2022	03	31/10/2022	23	HAE	9,9	0	9,1	0	95,0	0	3,0	0	110,0	0	999,0	0	0,0	ERA5
1041700	01/11/2022	04	01/11/2022	00	HAE	9,8	0	9,4	0	97,0	0	5,0	0	60,0	0	999,0	0	0,0	ERA5
1041701	01/11/2022	05	01/11/2022	01	HAE	9,8	0	9,5	0	98,0	0	6,0	0	100,0	0	999,0	0	0,0	ERA5
1041702	01/11/2022	06	01/11/2022	02	HAE	9,8	0	9,4	0	98,0	0	5,0	0	30,0	0	999,0	0	0,0	ERA5
1041703	01/11/2022	07	01/11/2022	03	HAE	9,6	0	9,3	0	98,0	0	9,0	0	130,0	0	999,0	0	0,0	ERA5
1041704	01/11/2022	08	01/11/2022	04	HAE	9,5	0	9,3	0	98,0	0	3,0	0	90,0	0	999,0	0	0,0	ERA5
1041705	01/11/2022	09	01/11/2022	05	HAE	9,5	0	9,3	0	98,0	0	3,0	0	50,0	0	999,0	0	0,0	ERA5
1041706	01/11/2022	10	01/11/2022	06	HAE	9,6	0	9,3	0	98,0	0	1,0	0	0,0	0	1000,0	0	0,0	ERA5
1041707	01/11/2022	11	01/11/2022	07	HAE	9,9	0	9,6	0	98,0	0	3,0	0	330,0	0	1000,0	0	0,0	ERA5
1041708	01/11/2022	12	01/11/2022	08	HAE	10,0	0	9,6	0	97,0	0	6,0	0	300,0	0	1000,0	0	1,5	ERA5
1041709	01/11/2022	13	01/11/2022	09	HAE	10,6	0	10,2	0	97,0	0	6,0	0	300,0	0	1001,0	0	62,0	ERA5
1041710	01/11/2022	14	01/11/2022	10	HAE	11,5	0	10,6	0	94,0	0	9,0	0	320,0	0	1001,0	0	175,6	ERA5
1041711	01/11/2022	15	01/11/2022	11	HAE	12,0	0	10,6	0	91,0	0	5,0	0	320,0	0	1002,0	0	369,7	ERA5
1041712	01/11/2022	16	01/11/2022	12	HAE	12,8	0	10,3	0	85,0	0	8,0	0	290,0	0	1002,0	0	520,6	ERA5
1041713	01/11/2022	17	01/11/2022	13	HAE	15,2	0	10,4	0	73,0	0	13,0	0	270,0	0	1001,0	0	623,6	ERA5
1041714	01/11/2022	18	01/11/2022	14	HAE	15,2	0	10,7	0	74,0	0	16,0	0	300,0	0	1001,0	0	620,0	ERA5
1041715	01/11/2022	19	01/11/2022	15	HAE	15,1	0	10,5	0	74,0	0	14,0	0	280,0	0	1002,0	0	489,0	ERA5
1041716	01/11/2022	20	01/11/2022	16	HAE	15,7	0	10,1	0	69,0	0	14,0	0	290,0	0	1002,0	0	476,8	ERA5
1041717	01/11/2022	21	01/11/2022	17	HAE	15,2	0	10,1	0	71,0	0	10,0	0	280,0	0	1002,0	0	505,1	ERA5
1041718	01/11/2022	22	01/11/2022	18	HAE	12,0	0	8,8	0	81,0	0	11,0	0	260,0	0	1003,0	0	102,5	ERA5
1041719	01/11/2022	23	01/11/2022	19	HAE	10,2	0	7,7	0	84,0	0	13,0	0	250,0	0	1004,0	0	0,0	ERA5
1041720	02/11/2022	00	01/11/2022	20	HAE	10,6	0	8,3	0	86,0	0	13,0	0	240,0	0	1005,0	0	0,0	ERA5
1041721	02/11/2022	01	01/11/2022	21	HAE	11,2	0	9,2	0	87,0	0	9,0	0	240,0	0	1005,0	0	0,0	ERA5
1041722	02/11/2022	02	01/11/2022	22	HAE	8,1	0	7,1	0	94,0	0	13,0	0	250,0	0	1006,0	0	0,0	ERA5
1041723	02/11/2022	03	01/11/2022	23	HAE	7,2	0	6,5	0	95,0	0	13,0	0	260,0	0	1007,0	0	0,0	ERA5
1041724	02/11/2022	04	02/11/2022	00	HAE	8,3	0	7,9	0	97,0	0	5,0	0	240,0	0	1008,0	0	0,0	ERA5
1041725	02/11/2022	05	02/11/2022	01	HAE	8,0	0	6,6	0	91,0	0	10,0	0	290,0	0	1008,0	0	0,0	ERA5
1041726	02/11/2022	06	02/11/2022	02	HAE	6,8	0	5,6	0	92,0	0	12,0	0	300,0	0	1009,0	0	0,0	ERA5
1041727	02/11/2022	07	02/11/2022	03	HAE	7,8	0	6,0	0	88,0	0	13,0	0	290,0	0	1010,0	0	0,0	ERA5
1041728	02/11/2022	08	02/11/2022	04	HAE	6,4	0	5,3	0	93,0	0	11,0	0	290,0	0	1010,0	0	0,0	ERA5
1041729	02/11/2022	09	02/11/2022	05	HAE	4,8	0	3,8	0	93,0	0	8,0	0	290,0	0	1011,0	0	0,0	ERA5
1041730	02/11/2022	10	02/11/2022	06	HAE	4,4	0	3,7	0	95,0	0	11,0	0	290,0	0	1012,0	0	0,0	ERA5
1041731	02/11/2022	11	02/11/2022	07	HAE	5,0	0	4,0	0	93,0	0	11,0	0	280,0	0	1013,0	0	0,0	ERA5
1041732	02/11/2022	12	02/11/2022	08	HAE	4,2	0	3,6	0	96,0	0	13,0	0	310,0	0	1014,0	0	5,1	ERA5
1041733	02/11/2022	13	02/11/2022	09	HAE	6,4	0	5,4	0	94,0	0	4,0	0	290,0	0	1015,0	0	288,9	ERA5
1041734	02/11/2022	14	02/11/2022	10	HAE	10,3	0	4,8	0	69,0	0	10,0	0	340,0	0	1016,0	0	813,9	ERA5
1041735	02/11/2022	15	02/11/2022	11	HAE	12,0	0	2,9	0	54,0	0	6,0	0	360,0	0	1016,0	0	1286,5	ERA5
1041736	02/11/2022	16	02/11/2022	12	HAE	13,1	0	1,0	0	44,0	0	8,0	0	50,0	0	1016,0	0	1618,5	ERA5
1041737	02/11/2022	17	02/11/2022	13	HAE	14,2	0	0,9	0	40,0	0	8,0	0	360,0	0	1016,0	0	1766,2	ERA5
1041738	02/11/2022	18	02/11/2022	14	HAE	14,4	0	-0,5	0	36,0	0	9,0	0	320,0	0	1015,0	0	1727,2	ERA5
1041739	02/11/2022	19	02/11/2022	15	HAE	15,2	0	-0,5	0	34,0	0	5,0	0	30,0	0	1015,0	0	1501,8	ERA5
1041740	02/11/2022	20	02/11/2022	16	HAE	15,1	0	-1,2	0	32,0	0	4,0	0	220,0	0	1015,0	0	1094,0	ERA5
1041741	02/11/2022	21	02/11/2022	17	HAE	14,7	0	-2,0	0	32,0	0	2,0	0	0,0	0	1014,0	0	574,3	ERA5
1041742	02/11/2022	22	02/11/2022	18	HAE	12,1	0	-1,6	0	38,0	0	3,0	0	300,0	0	1014,0	0	98,8	ERA5
1041743	02/11/2022	23	02/11/2022	19	HAE	6,8	0	-1,45	4.lineaire	62,0	0	7,0	0	100,0	0	1015,0	0	0,0	ERA5
1041744	03/11/2022	00	02/11/2022	20	HAE	7,3	0	-1,3	0	54,0	0	8,0	0	110,0	0	1014,0	0	0,0	ERA5
1041745	03/11/2022	01	02/11/2022	21	HAE	7,6	0	-1,5	0	52,0	0	8,0	0	120,0	0	1014,0	0	0,0	ERA5
1041746	03/11/2022	02	02/11/2022	22	HAE	8,3	0	-3,9	0	42,0	0	8,0	0	140,0	0	1014,0	0	0,0	ERA5
1041747	03/11/2022	03	02/11/2022	23	HAE	7,7	0	-3,6	0	45,0	0	8,0	0	140,0	0	1014,0	0	0,0	ERA5
1041748	03/11/2022	04	03/11/2022	00	HAE	7,5	0	-3,0	0	47,0	0	6,0	0	150,0	0	1014,0	0	0,0	ERA5
1041749	03/11/2022	05	03/11/2022	01	HAE	5,2	0	-2,0	0	59,0	0	4,0	0	70,0	0	1014,0	0	0,0	ERA5
1041750	03/11/2022	06	03/11/2022	02	HAE	2,4	0	-1,5	0	75,0	0	10,0	0	40,0	0	1013,0	0	0,0	ERA5
1041751	03/11/2022	07	03/11/2022	03	HAE	2,6	0	-2,2	0	70,0	0	4,0	0	70,0	0	1013,0	0	0,0	ERA5
1041752	03/11/2022	08	03/11/2022	04	HAE	1,8	0	-2,2	0	75,0	0	13,0	0	40,0	0	1013,0	0	0,0	ERA5
1041753	03/11/2022	09	03/11/2022	05	HAE	1,0	0	-2,0	0	80,0	0	10,0	0	50,0	0	1013,0	0	0,0	ERA5
1041754	03/11/2022	10	03/11/2022	06	HAE	0,1	0	-2,1	0	85,0	0	11,0	0	50,0	0	1013,0	0	0,0	ERA5
1041755	03/11/2022	11	03/11/2022	07	HAE	1,0	0	-1,2	0	85,0	0	9,0	0	70,0	0	1013,0	0	0,0	ERA5
1041756	03/11/2022	12	03/11/2022	08	HAE	0,9	0	-1,0	0	87,0	0	5,0	0	70,0	0	1013,0	0	3,8	ERA5
1041757	03/11/2022	13	03/11/2022	09	HAE	3,2	0	1,4	0	88,0	0	7,0	0	70,0	0	1013,0	0	274,4	ERA5
1041758	03/11/2022	14	03/11/2022	10	HAE	6,8	0	4,0	0	83,0	0	5,0	0	150,0	0	1013,0	0	792,8	ERA5
1041759	03/11/2022	15	03/11/2022	11	HAE	9,4	0	5,8	0	78,0	0	7,0	0	150,0	0	1012,0	0	1257,2	ERA5
1041760	03/11/2022	16	03/11/2022	12	HAE	12,0	0	7,7	0	74,0	0	12,0	0	220,0	0	1012,0	0	1582,7	ERA5
1041761	03/11/2022	17	03/11/2022	13	HAE	14,5	0	8,6	0	67,0	0	12,0	0	180,0	0	1011,0	0	1731,5	ERA5
1041762	03/11/2022	18	03/11/2022	14	HAE	15,3	0	8,6	0	64,0	0	18,0	0	230,0	0	1010,0	0	1684,8	ERA5
1041763	03/11/2022	19	03/11/2022	15	HAE	16,4	0	9,1	0	62,0	0	17,0	0	230,0	0	1010,0	0	1457,1	ERA5
1041764	03/11/2022	20	03/11/2022	16	HAE	16,9	0	9,0	0	59,0	0	19,0	0	190,0	0	1009,0	0	1057,0	ERA5
1041765	03/11/2022	21	03/11/2022	17	HAE	16,5	0	9,3	0	62,0	0	16,0	0	210,0	0	1009,0	0	546,8	ERA5
1041766	03/11/2022	22	03/11/2022	18	HAE	14,7	0	8,3	0	65,0	0	13,0	0	210,0	0	1009,0	0	89,9	ERA5
1041767	03/11/2022	23	03/11/2022	19	HAE	12,9	0	9,1	0	78,0	0	15,0	0	180,0	0	1009,0	0	0,0	ERA5
1041768	04/11/2022	00	03/11/2022	20	HAE	11,5	0	9,0	0	84,0	0	16,0	0	190,0	0	1009,0	0	0,0	ERA5
1041769	04/11/2022	01	03/11/2022	21	HAE	10,2	0	8,6	0	90,0	0	11,0	0	190,0	0	1009,0	0	0,0	ERA5
1041770	04/11/2022	02	03/11/2022	22	HAE	8,9	0	7,8	0	92,0	0	8,0	0	190,0	0	1009,0	0	0,0	ERA5
1041771	04/11/2022	03	03/11/2022	23	HAE	8,3	0	7,6	0	95,0	0	10,0	0	190,0	0	1009,0	0	0,0	ERA5
1041772	04/11/2022	04	04/11/2022	00	HAE	7,4	0	6,6	0	95,0	0	10,0	0	170,0	0	1008,0	0	0,0	ERA5
1041773	04/11/2022	05	04/11/2022	01	HAE	7,0	0	6,7	0	98,0	0	9,0	0	170,0	0	1009,0	0	0,0	ERA5
1041774	04/11/2022	06	04/11/2022	02	HAE	7,5	0	6,6	0	94,0	0	10,0	0	160,0	0	1008,0	0	0,0	ERA5
1041775	04/11/2022	07	04/11/2022	03	HAE	6,7	0	6,2	0	97,0	0	12,0	0	180,0	0	1008,0	0	0,0	ERA5
1041776	04/11/2022	08	04/11/2022	04	HAE	6,6	0	6,2	0	98,0	0	10,0	0	170,0	0	1008,0	0	0,0	ERA5
1041777	04/11/2022	09	04/11/2022	05	HAE	6,8	0	6,4	0	97,0	0	12,0	0	170,0	0	1008,0	0	0,0	ERA5
1041778	04/11/2022	10	04/11/2022	06	HAE	7,0	0	6,5	0	97,0	0	13,0	0	190,0	0	1008,0	0	0,0	ERA5
1041779	04/11/2022	11	04/11/2022	07	HAE	5,9	0	5,6	0	98,0	0	4,0	0	180,0	0	1008,0	0	0,0	ERA5
1041780	04/11/2022	12	04/11/2022	08	HAE	6,0	0	6,0	0	100,0	0	9,0	0	170,0	0	1008,0	0	2,7	ERA5
1041781	04/11/2022	13	04/11/2022	09	HAE	8,4	0	7,5	0	94,0	0	6,0	0	200,0	0	1008,0	0	235,5	ERA5
1041782	04/11/2022	14	04/11/2022	10	HAE	11,1	0	7,6	0	79,0	0	13,0	0	190,0	0	1008,0	0	759,5	ERA5
1041783	04/11/2022	15	04/11/2022	11	HAE	14,1	0	7,7	0	65,0	0	19,0	0	200,0	0	1008,0	0	1215,1	ERA5
1041784	04/11/2022	16	04/11/2022	12	HAE	17,4	0	8,3	0	55,0	0	17,0	0	200,0	0	1007,0	0	1550,3	ERA5
1041785	04/11/2022	17	04/11/2022	13	HAE	19,4	0	9,0	0	51,0	0	27,0	0	220,0	0	1007,0	0	1695,1	ERA5
1041786	04/11/2022	18	04/11/2022	14	HAE	20,2	0	9,8	0	51,0	0	23,0	0	210,0	0	1006,0	0	1578,6	ERA5
1041787	04/11/2022	19	04/11/2022	15	HAE	20,0	0	10,0	0	52,0	0	26,0	0	190,0	0	1005,0	0	1113,5	ERA5
1041788	04/11/2022	20	04/11/2022	16	HAE	20,3	0	10,2	0	52,0	0	23,0	0	210,0	0	1005,0	0	863,2	ERA5
1041789	04/11/2022	21	04/11/2022	17	HAE	19,0	0	9,8	0	55,0	0	26,0	0	200,0	0	1005,0	0	481,1	ERA5
1041790	04/11/2022	22	04/11/2022	18	HAE	17,4	0	9,5	0	59,0	0	15,0	0	190,0	0	1004,0	0	77,8	ERA5
1041791	04/11/2022	23	04/11/2022	19	HAE	15,9	0	9,3	0	64,0	0	14,0	0	180,0	0	1004,0	0	0,0	ERA5
1041792	05/11/2022	00	04/11/2022	20	HAE	15,4	0	9,0	0	65,0	0	19,0	0	180,0	0	1004,0	0	0,0	ERA5
1041793	05/11/2022	01	04/11/2022	21	HAE	16,7	0	8,6	0	58,0	0	21,0	0	190,0	0	1003,0	0	0,0	ERA5
1041794	05/11/2022	02	04/11/2022	22	HAE	16,7	0	8,4	0	58,0	0	16,0	0	190,0	0	1003,0	0	0,0	ERA5
1041795	05/11/2022	03	04/11/2022	23	HAE	15,8	0	8,2	0	61,0	0	14,0	0	200,0	0	1003,0	0	0,0	ERA5
1041796	05/11/2022	04	05/11/2022	00	HAE	14,7	0	8,3	0	65,0	0	9,0	0	170,0	0	1004,0	0	0,0	ERA5
1041797	05/11/2022	05	05/11/2022	01	HAE	15,2	0	9,5	0	69,0	0	11,0	0	200,0	0	1003,0	0	0,0	ERA5
1041798	05/11/2022	06	05/11/2022	02	HAE	15,9	0	10,7	0	71,0	0	18,0	0	190,0	0	1003,0	0	0,0	ERA5
1041799	05/11/2022	07	05/11/2022	03	HAE	16,1	0	11,2	0	73,0	0	25,0	0	200,0	0	1003,0	0	0,0	ERA5
1041800	05/11/2022	08	05/11/2022	04	HAE	15,8	0	11,1	0	73,0	0	23,0	0	190,0	0	1002,0	0	0,0	ERA5
1041801	05/11/2022	09	05/11/2022	05	HAE	15,5	0	10,9	0	74,0	0	23,0	0	190,0	0	1002,0	0	0,0	ERA5
1041802	05/11/2022	10	05/11/2022	06	HAE	15,4	0	10,9	0	75,0	0	23,0	0	190,0	0	1002,0	0	0,0	ERA5
1041803	05/11/2022	11	05/11/2022	07	HAE	15,0	0	10,8	0	76,0	0	17,0	0	190,0	0	1002,0	0	0,0	ERA5
1041804	05/11/2022	12	05/11/2022	08	HAE	15,0	0	10,9	0	76,0	0	19,0	0	190,0	0	1002,0	0	1,9	ERA5
1041805	05/11/2022	13	05/11/2022	09	HAE	16,1	0	11,2	0	73,0	0	26,0	0	190,0	0	1002,0	0	211,1	ERA5
1041806	05/11/2022	14	05/11/2022	10	HAE	17,8	0	11,8	0	68,0	0	29,0	0	200,0	0	1002,0	0	716,8	ERA5
1041807	05/11/2022	15	05/11/2022	11	HAE	18,9	0	12,2	0	65,0	0	23,0	0	210,0	0	1002,0	0	1140,6	ERA5
1041808	05/11/2022	16	05/11/2022	12	HAE	21,8	0	13,1	0	57,0	0	26,0	0	210,0	0	1001,0	0	1288,2	ERA5
1041809	05/11/2022	17	05/11/2022	13	HAE	20,8	0	13,2	0	61,0	0	33,0	0	210,0	0	1001,0	0	1341,2	ERA5
1041810	05/11/2022	18	05/11/2022	14	HAE	22,0	0	13,8	0	59,0	0	27,0	0	200,0	0	1000,0	0	1300,7	ERA5
1041811	05/11/2022	19	05/11/2022	15	HAE	23,2	0	14,0	0	56,0	0	25,0	0	200,0	0	999,0	0	1278,3	ERA5
1041812	05/11/2022	20	05/11/2022	16	HAE	23,2	0	13,2	0	53,0	0	25,0	0	200,0	0	999,0	0	718,2	ERA5
1041813	05/11/2022	21	05/11/2022	17	HAE	22,6	0	14,2	0	59,0	0	28,0	0	190,0	0	999,0	0	325,3	ERA5
1041814	05/11/2022	22	05/11/2022	18	HAE	21,6	0	14,0	0	62,0	0	21,0	0	170,0	0	998,0	0	44,3	ERA5
1041815	05/11/2022	23	05/11/2022	19	HAE	20,9	0	14,1	0	65,0	0	18,0	0	160,0	0	998,0	0	0,0	ERA5
1041816	06/11/2022	00	05/11/2022	20	HAE	21,1	0	14,5	0	65,0	0	26,0	0	180,0	0	998,0	0	0,0	ERA5
1041817	06/11/2022	01	05/11/2022	21	HAE	21,0	0	14,6	0	66,0	0	25,0	0	180,0	0	997,0	0	0,0	ERA5
1041818	06/11/2022	02	05/11/2022	22	HAE	20,9	0	14,7	0	67,0	0	27,0	0	180,0	0	997,0	0	0,0	ERA5
1041819	06/11/2022	03	05/11/2022	23	HAE	20,9	4.constant	14,7	4.constant	67,0	4.constant	27,0	4.constant	180,0	4.constant	997,0	4.constant	0,0	ERA5
1041820	06/11/2022	04	06/11/2022	00	HAE	20,9	4.constant	14,7	4.constant	67,0	4.constant	27,0	4.constant	180,0	4.constant	997,0	4.constant	0,0	ERA5
1041821	06/11/2022	05	06/11/2022	01	HAE	20,9	4.constant	14,7	4.constant	67,0	4.constant	27,0	4.constant	180,0	4.constant	997,0	4.constant	0,0	ERA5
1041822	06/11/2022	06	06/11/2022	01	HNE	21,2	0	13,7	0	62,0	0	26,0	0	180,0	0	996,0	0	0,0	ERA5
1041823	06/11/2022	07	06/11/2022	02	HNE	21,4	0	13,7	0	61,0	0	27,0	0	180,0	0	996,0	0	0,0	ERA5
1041824	06/11/2022	08	06/11/2022	03	HNE	19,55	4.lineaire	14,8	4.lineaire	75,0	4.lineaire	30,5	4.lineaire	205,0	4.lineaire	997,0	4.lineaire	0,0	ERA5
1041825	06/11/2022	09	06/11/2022	04	HNE	17,7	0	15,9	0	89,0	0	34,0	0	230,0	0	998,0	0	0,0	ERA5
1041826	06/11/2022	10	06/11/2022	05	HNE	16,8	0	15,3	0	91,0	0	24,0	0	210,0	0	999,0	0	0,0	ERA5
1041827	06/11/2022	11	06/11/2022	06	HNE	16,6	0	14,9	0	90,0	0	17,0	0	200,0	0	999,0	0	0,0	ERA5
1041828	06/11/2022	12	06/11/2022	07	HNE	16,4	0	14,7	0	90,0	0	23,0	0	190,0	0	999,0	0	0,6	ERA5
1041829	06/11/2022	13	06/11/2022	08	HNE	16,0	0	12,7	0	81,0	0	18,0	0	200,0	0	1000,0	0	143,5	ERA5
1041830	06/11/2022	14	06/11/2022	09	HNE	16,4	0	12,6	0	78,0	0	14,0	0	200,0	0	1000,0	0	577,7	ERA5
1041831	06/11/2022	15	06/11/2022	10	HNE	17,9	4.lineaire	11,35	4.lineaire	66,0	4.lineaire	23,5	4.lineaire	215,0	4.lineaire	1000,5	4.lineaire	932,7	ERA5
1041832	06/11/2022	16	06/11/2022	11	HNE	19,4	0	10,1	0	54,0	0	33,0	0	230,0	0	1001,0	0	1072,5	ERA5
1041833	06/11/2022	17	06/11/2022	12	HNE	19,9	0	9,7	0	52,0	0	36,0	0	230,0	0	1000,0	0	1150,4	ERA5
1041834	06/11/2022	18	06/11/2022	13	HNE	19,6	0	8,8	0	49,0	0	34,0	0	220,0	0	1000,0	0	1224,0	ERA5
1041835	06/11/2022	19	06/11/2022	14	HNE	19,2	0	9,8	0	54,0	0	27,0	0	230,0	0	1000,0	0	1121,9	ERA5
1041836	06/11/2022	20	06/11/2022	15	HNE	18,4	0	9,1	0	54,0	0	29,0	0	230,0	0	1001,0	0	611,5	ERA5
1041837	06/11/2022	21	06/11/2022	16	HNE	17,6	0	9,3	0	58,0	0	17,0	0	230,0	0	1001,0	0	152,2	ERA5
1041838	06/11/2022	22	06/11/2022	17	HNE	16,9	0	9,6	0	62,0	0	18,0	0	220,0	0	1001,0	0	25,6	ERA5
1041839	06/11/2022	23	06/11/2022	18	HNE	15,9	0	9,2	0	64,0	0	12,0	0	220,0	0	1001,0	0	0,0	ERA5
1041840	07/11/2022	00	06/11/2022	19	HNE	14,8	0	9,3	0	69,0	0	10,0	0	220,0	0	1001,0	0	0,0	ERA5
1041841	07/11/2022	01	06/11/2022	20	HNE	14,6	0	9,1	0	70,0	0	13,0	0	200,0	0	1001,0	0	0,0	ERA5
1041842	07/11/2022	02	06/11/2022	21	HNE	14,1	0	9,5	0	74,0	0	15,0	0	200,0	0	1001,0	0	0,0	ERA5
1041843	07/11/2022	03	06/11/2022	22	HNE	13,3	0	9,3	0	77,0	0	11,0	0	200,0	0	1001,0	0	0,0	ERA5
1041844	07/11/2022	04	06/11/2022	23	HNE	13,3	0	9,5	0	77,0	0	13,0	0	200,0	0	1001,0	0	0,0	ERA5
1041845	07/11/2022	05	07/11/2022	00	HNE	13,2	0	8,4	0	72,0	0	15,0	0	220,0	0	1001,0	0	0,0	ERA5
1041846	07/11/2022	06	07/11/2022	01	HNE	13,1	0	6,8	0	65,0	0	17,0	0	220,0	0	1001,0	0	0,0	ERA5
1041847	07/11/2022	07	07/11/2022	02	HNE	11,9	0	6,7	0	70,0	0	18,0	0	210,0	0	1001,0	0	0,0	ERA5
1041848	07/11/2022	08	07/11/2022	03	HNE	12,0	0	6,0	0	67,0	0	19,0	0	200,0	0	1001,0	0	0,0	ERA5
1041849	07/11/2022	09	07/11/2022	04	HNE	11,0	0	6,3	0	72,0	0	18,0	0	220,0	0	1001,0	0	0,0	ERA5
1041850	07/11/2022	10	07/11/2022	05	HNE	10,6	0	6,2	0	74,0	0	18,0	0	220,0	0	1001,0	0	0,0	ERA5
1041851	07/11/2022	11	07/11/2022	06	HNE	10,5	0	6,1	0	74,0	0	21,0	0	220,0	0	1002,0	0	0,0	ERA5
1041852	07/11/2022	12	07/11/2022	07	HNE	10,2	0	5,4	0	72,0	0	25,0	0	220,0	0	1002,0	0	0,7	ERA5
1041853	07/11/2022	13	07/11/2022	08	HNE	11,1	0	4,3	0	63,0	0	27,0	0	230,0	0	1003,0	0	232,2	ERA5
1041854	07/11/2022	14	07/11/2022	09	HNE	12,4	0	2,8	0	52,0	0	32,0	0	240,0	0	1004,0	0	751,2	ERA5
1041855	07/11/2022	15	07/11/2022	10	HNE	12,3	0	2,5	0	51,0	0	27,0	0	270,0	0	1005,0	0	1218,9	ERA5
1041856	07/11/2022	16	07/11/2022	11	HNE	12,5	0	1,0	0	45,0	0	39,0	0	270,0	0	1005,0	0	1537,4	ERA5
1041857	07/11/2022	17	07/11/2022	12	HNE	12,2	0	-2,0	0	37,0	0	41,0	0	280,0	0	1006,0	0	1627,5	ERA5
1041858	07/11/2022	18	07/11/2022	13	HNE	12,8	0	-2,3	0	35,0	0	42,0	0	280,0	0	1007,0	0	1532,4	ERA5
1041859	07/11/2022	19	07/11/2022	14	HNE	12,8	0	-1,7	0	36,0	0	30,0	0	280,0	0	1008,0	0	1216,4	ERA5
1041860	07/11/2022	20	07/11/2022	15	HNE	11,1	0	-3,2	0	37,0	0	30,0	0	290,0	0	1009,0	0	610,0	ERA5
1041861	07/11/2022	21	07/11/2022	16	HNE	10,7	0	-4,2	0	35,0	0	35,0	0	280,0	0	1010,0	0	157,3	ERA5
1041862	07/11/2022	22	07/11/2022	17	HNE	10,2	0	-3,7	0	37,0	0	28,0	0	290,0	0	1011,0	0	31,6	ERA5
1041863	07/11/2022	23	07/11/2022	18	HNE	9,5	0	-3,2	0	40,0	0	27,0	0	290,0	0	1012,0	0	0,0	ERA5
1041864	08/11/2022	00	07/11/2022	19	HNE	8,2	0	-2,5	0	47,0	0	24,0	0	280,0	0	1013,0	0	0,0	ERA5
1041865	08/11/2022	01	07/11/2022	20	HNE	7,0	0	-2,2	0	52,0	0	16,0	0	270,0	0	1014,0	0	0,0	ERA5
1041866	08/11/2022	02	07/11/2022	21	HNE	7,0	0	-2,0	0	53,0	0	25,0	0	300,0	0	1015,0	0	0,0	ERA5
1041867	08/11/2022	03	07/11/2022	22	HNE	5,8	0	-2,0	0	57,0	0	16,0	0	270,0	0	1016,0	0	0,0	ERA5
1041868	08/11/2022	04	07/11/2022	23	HNE	5,3	0	-2,0	0	59,0	0	17,0	0	280,0	0	1016,0	0	0,0	ERA5
1041869	08/11/2022	05	08/11/2022	00	HNE	5,0	0	-1,4	0	63,0	0	18,0	0	270,0	0	1017,0	0	0,0	ERA5
1041870	08/11/2022	06	08/11/2022	01	HNE	3,6	0	-1,9	0	67,0	0	14,0	0	250,0	0	1017,0	0	0,0	ERA5
1041871	08/11/2022	07	08/11/2022	02	HNE	1,9	0	-1,9	0	76,0	0	9,0	0	260,0	0	1018,0	0	0,0	ERA5
1041872	08/11/2022	08	08/11/2022	03	HNE	4,0	0	-2,9	0	61,0	0	22,0	0	320,0	0	1019,0	0	0,0	ERA5
1041873	08/11/2022	09	08/11/2022	04	HNE	3,1	0	-4,4	0	58,0	0	22,0	0	340,0	0	1020,0	0	0,0	ERA5
1041874	08/11/2022	10	08/11/2022	05	HNE	2,0	0	-6,0	0	55,0	0	26,0	0	330,0	0	1022,0	0	0,0	ERA5
1041875	08/11/2022	11	08/11/2022	06	HNE	1,0	0	-6,5	0	57,0	0	23,0	0	330,0	0	1023,0	0	0,0	ERA5
1041876	08/11/2022	12	08/11/2022	07	HNE	0,4	0	-6,2	0	62,0	0	24,0	0	330,0	0	1024,0	0	0,4	ERA5
1041877	08/11/2022	13	08/11/2022	08	HNE	1,25	4.lineaire	-6,35	4.lineaire	57,5	4.lineaire	25,5	4.lineaire	335,0	4.lineaire	1025,0	4.lineaire	229,3	ERA5
1041878	08/11/2022	14	08/11/2022	09	HNE	2,1	0	-6,5	0	53,0	0	27,0	0	340,0	0	1026,0	0	752,2	ERA5
1041879	08/11/2022	15	08/11/2022	10	HNE	3,0	0	-7,1	0	47,0	0	22,0	0	320,0	0	1027,0	0	1231,5	ERA5
1041880	08/11/2022	16	08/11/2022	11	HNE	4,2	0	-6,8	0	45,0	0	20,0	0	340,0	0	1027,0	0	1568,6	ERA5
1041881	08/11/2022	17	08/11/2022	12	HNE	4,7	0	-6,7	0	43,0	0	16,0	0	310,0	0	1027,0	0	1721,7	ERA5
1041882	08/11/2022	18	08/11/2022	13	HNE	5,4	0	-7,2	0	40,0	0	22,0	0	310,0	0	1026,0	0	1675,3	ERA5
1041883	08/11/2022	19	08/11/2022	14	HNE	5,7	0	-7,1	0	39,0	0	21,0	0	330,0	0	1026,0	0	1428,8	ERA5
1041884	08/11/2022	20	08/11/2022	15	HNE	5,8	0	-7,1	0	39,0	0	23,0	0	330,0	0	1027,0	0	1018,3	ERA5
1041885	08/11/2022	21	08/11/2022	16	HNE	5,0	0	-7,1	0	41,0	0	17,0	0	330,0	0	1027,0	0	501,7	ERA5
1041886	08/11/2022	22	08/11/2022	17	HNE	3,9	0	-7,3	0	44,0	0	16,0	0	340,0	0	1026,0	0	63,2	ERA5
1041887	08/11/2022	23	08/11/2022	18	HNE	3,0	0	-7,0	0	48,0	0	14,0	0	340,0	0	1027,0	0	0,0	ERA5
1041888	09/11/2022	00	08/11/2022	19	HNE	2,8	0	-6,8	0	49,0	0	12,0	0	360,0	0	1027,0	0	0,0	ERA5
1041889	09/11/2022	01	08/11/2022	20	HNE	1,7	0	-6,6	0	54,0	0	12,0	0	10,0	0	1027,0	0	0,0	ERA5
1041890	09/11/2022	02	08/11/2022	21	HNE	1,3	0	-6,7	0	55,0	0	9,0	0	360,0	0	1027,0	0	0,0	ERA5
1041891	09/11/2022	03	08/11/2022	22	HNE	-0,3	0	-6,3	0	64,0	0	8,0	0	20,0	0	1027,0	0	0,0	ERA5
1041892	09/11/2022	04	08/11/2022	23	HNE	-0,5	0	-6,2	0	65,0	0	6,0	0	10,0	0	1026,0	0	0,0	ERA5
1041893	09/11/2022	05	09/11/2022	00	HNE	-2,3	0	-6,4	0	73,0	0	2,0	0	0,0	0	1027,0	0	0,0	ERA5
1041894	09/11/2022	06	09/11/2022	01	HNE	-2,5	0	-6,8	0	72,0	0	7,0	0	70,0	0	1026,0	0	0,0	ERA5
1041895	09/11/2022	07	09/11/2022	02	HNE	-2,2	0	-6,2	0	74,0	0	7,0	0	50,0	0	1026,0	0	0,0	ERA5
1041896	09/11/2022	08	09/11/2022	03	HNE	-3,2	0	-6,3	0	79,0	0	6,0	0	50,0	0	1025,0	0	0,0	ERA5
1041897	09/11/2022	09	09/11/2022	04	HNE	-4,4	0	-6,9	0	83,0	0	9,0	0	50,0	0	1025,0	0	0,0	ERA5
1041898	09/11/2022	10	09/11/2022	05	HNE	-4,3	0	-6,5	0	85,0	0	11,0	0	50,0	0	1025,0	0	0,0	ERA5
1041899	09/11/2022	11	09/11/2022	06	HNE	-4,9	0	-7,2	0	84,0	0	10,0	0	60,0	0	1024,0	0	0,0	ERA5
1041900	09/11/2022	12	09/11/2022	07	HNE	-3,4	0	-5,7	0	84,0	0	10,0	0	70,0	0	1024,0	0	0,1	ERA5
1041901	09/11/2022	13	09/11/2022	08	HNE	-1,8	0	-4,5	0	82,0	0	10,0	0	110,0	0	1024,0	0	209,1	ERA5
1041902	09/11/2022	14	09/11/2022	09	HNE	0,7	0	-3,5	0	73,0	0	16,0	0	120,0	0	1023,0	0	713,6	ERA5
1041903	09/11/2022	15	09/11/2022	10	HNE	3,2	0	-3,5	0	61,0	0	14,0	0	120,0	0	1022,0	0	1182,3	ERA5
1041904	09/11/2022	16	09/11/2022	11	HNE	4,9	0	-3,7	0	54,0	0	9,0	0	160,0	0	1021,0	0	1504,7	ERA5
1041905	09/11/2022	17	09/11/2022	12	HNE	6,9	0	-4,2	0	45,0	0	15,0	0	130,0	0	1020,0	0	1614,6	ERA5
1041906	09/11/2022	18	09/11/2022	13	HNE	8,0	0	-5,0	0	39,0	0	14,0	0	150,0	0	1018,0	0	1554,1	ERA5
1041907	09/11/2022	19	09/11/2022	14	HNE	9,4	0	-5,7	0	34,0	0	13,0	0	160,0	0	1016,0	0	1393,6	ERA5
1041908	09/11/2022	20	09/11/2022	15	HNE	10,2	0	-6,0	0	31,0	0	15,0	0	170,0	0	1015,0	0	990,1	ERA5
1041909	09/11/2022	21	09/11/2022	16	HNE	10,0	0	-7,7	0	28,0	0	14,0	0	160,0	0	1014,0	0	466,1	ERA5
1041910	09/11/2022	22	09/11/2022	17	HNE	6,7	0	-6,2	0	39,0	0	10,0	0	150,0	0	1013,0	0	54,3	ERA5
1041911	09/11/2022	23	09/11/2022	18	HNE	7,9	0	-6,5	0	36,0	0	11,0	0	160,0	0	1012,0	0	0,0	ERA5
1041912	10/11/2022	00	09/11/2022	19	HNE	7,8	0	-5,5	0	38,0	0	12,0	0	140,0	0	1012,0	0	0,0	ERA5
1041913	10/11/2022	01	09/11/2022	20	HNE	6,4	0	-4,8	0	45,0	0	10,0	0	120,0	0	1011,0	0	0,0	ERA5
1041914	10/11/2022	02	09/11/2022	21	HNE	6,0	0	-4,2	0	48,0	0	10,0	0	140,0	0	1010,0	0	0,0	ERA5
1041915	10/11/2022	03	09/11/2022	22	HNE	5,5	0	-4,0	0	50,0	0	5,0	0	180,0	0	1009,0	0	0,0	ERA5
1041916	10/11/2022	04	09/11/2022	23	HNE	6,7	0	-3,2	0	49,0	0	15,0	0	200,0	0	1009,0	0	0,0	ERA5
1041917	10/11/2022	05	10/11/2022	00	HNE	7,7	0	-2,6	0	48,0	0	18,0	0	200,0	0	1008,0	0	0,0	ERA5
1041918	10/11/2022	06	10/11/2022	01	HNE	9,4	0	-1,4	0	47,0	0	23,0	0	200,0	0	1008,0	0	0,0	ERA5
1041919	10/11/2022	07	10/11/2022	02	HNE	10,0	0	-0,2	0	49,0	0	26,0	0	210,0	0	1008,0	0	0,0	ERA5
1041920	10/11/2022	08	10/11/2022	03	HNE	10,3	0	0,6	0	51,0	0	19,0	0	230,0	0	1008,0	0	0,0	ERA5
1041921	10/11/2022	09	10/11/2022	04	HNE	10,0	0	0,5	0	52,0	0	27,0	0	200,0	0	1007,0	0	0,0	ERA5
1041922	10/11/2022	10	10/11/2022	05	HNE	9,5	0	0,5	0	53,0	0	15,0	0	220,0	0	1007,0	0	0,0	ERA5
1041923	10/11/2022	11	10/11/2022	06	HNE	8,7	0	0,8	0	57,0	0	10,0	0	200,0	0	1007,0	0	0,0	ERA5
1041924	10/11/2022	12	10/11/2022	07	HNE	9,5	0	1,1	0	56,0	0	14,0	0	200,0	0	1007,0	0	0,0	ERA5
1041925	10/11/2022	13	10/11/2022	08	HNE	10,6	0	1,8	0	54,0	0	16,0	0	210,0	0	1007,0	0	102,6	ERA5
1041926	10/11/2022	14	10/11/2022	09	HNE	11,4	0	2,7	0	55,0	0	14,0	0	210,0	0	1007,0	0	414,3	ERA5
1041927	10/11/2022	15	10/11/2022	10	HNE	13,1	0	2,7	0	49,0	0	22,0	0	210,0	0	1006,0	0	508,5	ERA5
1041928	10/11/2022	16	10/11/2022	11	HNE	15,7	0	2,6	0	41,0	0	27,0	0	210,0	0	1005,0	0	749,6	ERA5
1041929	10/11/2022	17	10/11/2022	12	HNE	15,8	0	2,2	0	40,0	0	25,0	0	210,0	0	1004,0	0	1212,3	ERA5
1041930	10/11/2022	18	10/11/2022	13	HNE	16,1	0	3,0	0	41,0	0	19,0	0	220,0	0	1003,0	0	1182,1	ERA5
1041931	10/11/2022	19	10/11/2022	14	HNE	16,0	0	2,6	0	40,0	0	27,0	0	210,0	0	1004,0	0	1219,2	ERA5
1041932	10/11/2022	20	10/11/2022	15	HNE	16,3	0	3,5	0	42,0	0	23,0	0	200,0	0	1003,0	0	781,4	ERA5
1041933	10/11/2022	21	10/11/2022	16	HNE	16,4	0	3,0	0	40,0	0	20,0	0	200,0	0	1003,0	0	283,5	ERA5
1041934	10/11/2022	22	10/11/2022	17	HNE	15,1	0	2,9	0	44,0	0	14,0	0	210,0	0	1003,0	0	31,7	ERA5
1041935	10/11/2022	23	10/11/2022	18	HNE	15,9	0	2,0	0	39,0	0	21,0	0	200,0	0	1003,0	0	0,0	ERA5
1041936	11/11/2022	00	10/11/2022	19	HNE	16,0	0	1,8	0	38,0	0	17,0	0	220,0	0	1003,0	0	0,0	ERA5
1041937	11/11/2022	01	10/11/2022	20	HNE	15,4	0	2,3	0	41,0	0	13,0	0	200,0	0	1002,0	0	0,0	ERA5
1041938	11/11/2022	02	10/11/2022	21	HNE	15,5	0	3,5	0	44,0	0	16,0	0	200,0	0	1002,0	0	0,0	ERA5
1041939	11/11/2022	03	10/11/2022	22	HNE	14,9	0	4,1	0	48,0	0	15,0	0	210,0	0	1002,0	0	0,0	ERA5
1041940	11/11/2022	04	10/11/2022	23	HNE	13,7	0	5,5	0	57,0	0	14,0	0	200,0	0	1002,0	0	0,0	ERA5
1041941	11/11/2022	05	11/11/2022	00	HNE	13,1	0	6,7	0	65,0	0	16,0	0	200,0	0	1002,0	0	0,0	ERA5
1041942	11/11/2022	06	11/11/2022	01	HNE	13,2	0	7,2	0	67,0	0	23,0	0	200,0	0	1002,0	0	0,0	ERA5
1041943	11/11/2022	07	11/11/2022	02	HNE	11,5	0	6,8	0	72,0	0	9,0	0	220,0	0	1002,0	0	0,0	ERA5
1041944	11/11/2022	08	11/11/2022	03	HNE	11,2	0	7,2	0	76,0	0	11,0	0	190,0	0	1002,0	0	0,0	ERA5
1041945	11/11/2022	09	11/11/2022	04	HNE	10,8	0	7,3	0	79,0	0	11,0	0	200,0	0	1001,0	0	0,0	ERA5
1041946	11/11/2022	10	11/11/2022	05	HNE	10,6	0	7,5	0	81,0	0	12,0	0	180,0	0	1001,0	0	0,0	ERA5
1041947	11/11/2022	11	11/11/2022	06	HNE	10,3	0	7,6	0	83,0	0	8,0	0	170,0	0	1001,0	0	0,0	ERA5
1041948	11/11/2022	12	11/11/2022	07	HNE	10,7	0	8,1	0	84,0	0	10,0	0	190,0	0	1001,0	0	0,0	ERA5
1041949	11/11/2022	13	11/11/2022	08	HNE	10,6	0	8,3	0	86,0	0	12,0	0	180,0	0	1001,0	0	122,9	ERA5
1041950	11/11/2022	14	11/11/2022	09	HNE	12,0	0	9,1	0	82,0	0	14,0	0	180,0	0	1000,0	0	406,8	ERA5
1041951	11/11/2022	15	11/11/2022	10	HNE	13,7	0	10,0	0	79,0	0	14,0	0	180,0	0	1000,0	0	639,4	ERA5
1041952	11/11/2022	16	11/11/2022	11	HNE	14,7	0	10,5	0	76,0	0	18,0	0	190,0	0	999,0	0	865,8	ERA5
1041953	11/11/2022	17	11/11/2022	12	HNE	16,1	0	11,3	0	73,0	0	19,0	0	190,0	0	998,0	0	909,5	ERA5
1041954	11/11/2022	18	11/11/2022	13	HNE	16,8	0	11,6	0	71,0	0	18,0	0	200,0	0	997,0	0	1000,5	ERA5
1041955	11/11/2022	19	11/11/2022	14	HNE	17,1	0	11,7	0	70,0	0	14,0	0	170,0	0	996,0	0	650,4	ERA5
1041956	11/11/2022	20	11/11/2022	15	HNE	16,8	0	11,9	0	73,0	0	12,0	0	170,0	0	995,0	0	349,5	ERA5
1041957	11/11/2022	21	11/11/2022	16	HNE	15,0	0	13,0	0	88,0	0	10,0	0	150,0	0	994,0	0	113,3	ERA5
1041958	11/11/2022	22	11/11/2022	17	HNE	13,9	0	13,3	0	96,0	0	13,0	0	110,0	0	993,0	0	11,5	ERA5
1041959	11/11/2022	23	11/11/2022	18	HNE	14,1	0	13,7	0	97,0	0	13,0	0	100,0	0	991,0	0	0,0	ERA5
1041960	12/11/2022	00	11/11/2022	19	HNE	14,0	0	13,8	0	98,0	0	14,0	0	90,0	0	990,0	0	0,0	ERA5
1041961	12/11/2022	01	11/11/2022	20	HNE	14,1	0	13,9	0	99,0	0	17,0	0	80,0	0	988,0	0	0,0	ERA5
1041962	12/11/2022	02	11/11/2022	21	HNE	14,3	0	14,1	0	99,0	0	18,0	0	80,0	0	986,0	0	0,0	ERA5
1041963	12/11/2022	03	11/11/2022	22	HNE	14,2	0	14,1	0	99,0	0	19,0	0	60,0	0	985,0	0	0,0	ERA5
1041964	12/11/2022	04	11/11/2022	23	HNE	13,8	0	13,7	0	99,0	0	10,0	0	50,0	0	984,0	0	0,0	ERA5
1041965	12/11/2022	05	12/11/2022	00	HNE	13,4	0	13,4	0	100,0	0	13,0	0	40,0	0	983,0	0	0,0	ERA5
1041966	12/11/2022	06	12/11/2022	01	HNE	13,4	0	13,4	0	100,0	0	9,0	0	30,0	0	983,0	0	0,0	ERA5
1041967	12/11/2022	07	12/11/2022	02	HNE	13,3	0	13,2	0	100,0	0	7,0	0	330,0	0	982,0	0	0,0	ERA5
1041968	12/11/2022	08	12/11/2022	03	HNE	13,2	0	13,2	0	100,0	0	12,0	0	310,0	0	982,0	0	0,0	ERA5
1041969	12/11/2022	09	12/11/2022	04	HNE	13,4	0	13,4	0	100,0	0	18,0	0	300,0	0	983,0	0	0,0	ERA5
1041970	12/11/2022	10	12/11/2022	05	HNE	13,5	0	13,4	0	100,0	0	20,0	0	310,0	0	983,0	0	0,0	ERA5
1041971	12/11/2022	11	12/11/2022	06	HNE	13,2	0	12,0	0	92,0	0	19,0	0	310,0	0	984,0	0	0,0	ERA5
1041972	12/11/2022	12	12/11/2022	07	HNE	12,6	0	12,1	0	96,0	0	22,0	0	280,0	0	985,0	0	0,0	ERA5
1041973	12/11/2022	13	12/11/2022	08	HNE	12,4	0	11,7	0	95,0	0	15,0	0	280,0	0	986,0	0	26,6	ERA5
1041974	12/11/2022	14	12/11/2022	09	HNE	12,0	0	10,6	0	91,0	0	22,0	0	270,0	0	987,0	0	131,5	ERA5
1041975	12/11/2022	15	12/11/2022	10	HNE	11,6	0	9,6	0	87,0	0	27,0	0	290,0	0	988,0	0	374,5	ERA5
1041976	12/11/2022	16	12/11/2022	11	HNE	10,5	0	7,8	0	83,0	0	31,0	0	300,0	0	988,0	0	307,3	ERA5
1041977	12/11/2022	17	12/11/2022	12	HNE	10,0	0	6,1	0	77,0	0	30,0	0	290,0	0	989,0	0	509,1	ERA5
1041978	12/11/2022	18	12/11/2022	13	HNE	9,0	0	3,8	0	70,0	0	32,0	0	290,0	0	989,0	0	478,4	ERA5
1041979	12/11/2022	19	12/11/2022	14	HNE	9,0	0	3,0	0	66,0	0	27,0	0	290,0	0	990,0	0	332,4	ERA5
1041980	12/11/2022	20	12/11/2022	15	HNE	8,3	0	2,9	0	69,0	0	25,0	0	300,0	0	991,0	0	325,3	ERA5
1041981	12/11/2022	21	12/11/2022	16	HNE	7,5	0	2,2	0	69,0	0	18,0	0	300,0	0	992,0	0	137,0	ERA5
1041982	12/11/2022	22	12/11/2022	17	HNE	7,3	0	1,4	0	66,0	0	19,0	0	300,0	0	993,0	0	14,9	ERA5
1041983	12/11/2022	23	12/11/2022	18	HNE	7,0	0	0,8	0	64,0	0	14,0	0	280,0	0	994,0	0	0,0	ERA5
1041984	13/11/2022	00	12/11/2022	19	HNE	6,7	0	1,1	0	67,0	0	11,0	0	310,0	0	994,0	0	0,0	ERA5
1041985	13/11/2022	01	12/11/2022	20	HNE	6,2	0	0,9	0	68,0	0	12,0	0	310,0	0	994,0	0	0,0	ERA5
1041986	13/11/2022	02	12/11/2022	21	HNE	6,0	0	1,1	0	71,0	0	8,0	0	280,0	0	994,0	0	0,0	ERA5
1041987	13/11/2022	03	12/11/2022	22	HNE	5,1	0	2,3	0	82,0	0	5,0	0	270,0	0	994,0	0	0,0	ERA5
1041988	13/11/2022	04	12/11/2022	23	HNE	4,5	0	2,2	0	85,0	0	8,0	0	260,0	0	995,0	0	0,0	ERA5
1041989	13/11/2022	05	13/11/2022	00	HNE	4,3	0	1,8	0	83,0	0	9,0	0	330,0	0	995,0	0	0,0	ERA5
1041990	13/11/2022	06	13/11/2022	01	HNE	3,4	0	1,4	0	86,0	0	13,0	0	330,0	0	996,0	0	0,0	ERA5
1041991	13/11/2022	07	13/11/2022	02	HNE	2,0	0	0,7	0	91,0	0	19,0	0	310,0	0	996,0	0	0,0	ERA5
1041992	13/11/2022	08	13/11/2022	03	HNE	2,0	0	0,2	0	88,0	0	9,0	0	300,0	0	997,0	0	0,0	ERA5
1041993	13/11/2022	09	13/11/2022	04	HNE	1,9	0	-0,3	0	86,0	0	15,0	0	290,0	0	997,0	0	0,0	ERA5
1041994	13/11/2022	10	13/11/2022	05	HNE	1,6	0	-1,0	0	83,0	0	18,0	0	310,0	0	997,0	0	0,0	ERA5
1041995	13/11/2022	11	13/11/2022	06	HNE	1,3	0	-1,3	0	83,0	0	16,0	0	310,0	0	998,0	0	0,0	ERA5
1041996	13/11/2022	12	13/11/2022	07	HNE	0,9	0	-2,8	0	76,0	0	17,0	0	310,0	0	999,0	0	0,0	ERA5
1041997	13/11/2022	13	13/11/2022	08	HNE	0,5	0	-4,0	0	72,0	0	18,0	0	290,0	0	1000,0	0	127,0	ERA5
1041998	13/11/2022	14	13/11/2022	09	HNE	0,3	0	-3,7	0	74,0	0	18,0	0	300,0	0	1000,0	0	504,8	ERA5
1041999	13/11/2022	15	13/11/2022	10	HNE	0,5	0	-3,5	0	74,0	0	17,0	0	290,0	0	1000,0	0	887,4	ERA5
1042000	13/11/2022	16	13/11/2022	11	HNE	0,5	0	-3,3	0	76,0	0	13,0	0	310,0	0	1000,0	0	991,2	ERA5
1042001	13/11/2022	17	13/11/2022	12	HNE	0,8	0	-5,5	0	63,0	0	22,0	0	280,0	0	1000,0	0	936,7	ERA5
1042002	13/11/2022	18	13/11/2022	13	HNE	1,2	0	-7,6	0	52,0	0	25,0	0	270,0	0	1000,0	0	807,6	ERA5
1042003	13/11/2022	19	13/11/2022	14	HNE	0,9	0	-6,7	0	57,0	0	26,0	0	290,0	0	1001,0	0	467,0	ERA5
1042004	13/11/2022	20	13/11/2022	15	HNE	0,3	0	-7,5	0	56,0	0	26,0	0	280,0	0	1001,0	0	357,3	ERA5
1042005	13/11/2022	21	13/11/2022	16	HNE	0,1	4.lineaire	-7,2	0	59,0	0	27,0	0	280,0	0	1002,0	0	142,9	ERA5
1042006	13/11/2022	22	13/11/2022	17	HNE	-0,1	0	-6,7	0	61,0	0	20,0	0	280,0	0	1003,0	0	19,4	ERA5
1042007	13/11/2022	23	13/11/2022	18	HNE	-0,3	0	-7,7	0	57,0	0	30,0	0	320,0	0	1003,0	0	0,0	ERA5
1042008	14/11/2022	00	13/11/2022	19	HNE	-0,9	0	-8,4	0	57,0	0	31,0	0	290,0	0	1004,0	0	0,0	ERA5
1042009	14/11/2022	01	13/11/2022	20	HNE	-1,2	0	-8,5	0	58,0	0	28,0	0	270,0	0	1004,0	0	0,0	ERA5
1042010	14/11/2022	02	13/11/2022	21	HNE	-1,4	0	-7,9	0	62,0	0	17,0	0	300,0	0	1005,0	0	0,0	ERA5
1042011	14/11/2022	03	13/11/2022	22	HNE	-1,3	0	-8,6	0	58,0	0	15,0	0	290,0	0	1005,0	0	0,0	ERA5
1042012	14/11/2022	04	13/11/2022	23	HNE	-1,5	0	-8,4	0	59,0	0	20,0	0	270,0	0	1005,0	0	0,0	ERA5
1042013	14/11/2022	05	14/11/2022	00	HNE	-1,7	0	-7,8	0	63,0	0	16,0	0	270,0	0	1006,0	0	0,0	ERA5
1042014	14/11/2022	06	14/11/2022	01	HNE	-1,8	0	-7,5	0	65,0	0	17,0	0	260,0	0	1006,0	0	0,0	ERA5
1042015	14/11/2022	07	14/11/2022	02	HNE	-1,6	0	-8,4	0	60,0	0	19,0	0	270,0	0	1007,0	0	0,0	ERA5
1042016	14/11/2022	08	14/11/2022	03	HNE	-1,6	0	-8,4	0	60,0	0	20,0	0	270,0	0	1007,0	0	0,0	ERA5
1042017	14/11/2022	09	14/11/2022	04	HNE	-1,9	0	-8,0	0	63,0	0	20,0	0	270,0	0	1008,0	0	0,0	ERA5
1042018	14/11/2022	10	14/11/2022	05	HNE	-2,2	0	-7,5	0	67,0	0	12,0	0	260,0	0	1009,0	0	0,0	ERA5
1042019	14/11/2022	11	14/11/2022	06	HNE	-2,0	0	-7,2	0	68,0	0	14,0	0	250,0	0	1009,0	0	0,0	ERA5
1042020	14/11/2022	12	14/11/2022	07	HNE	-2,0	0	-6,7	0	71,0	0	18,0	0	250,0	0	1010,0	0	0,0	ERA5
1042021	14/11/2022	13	14/11/2022	08	HNE	-1,8	0	-6,8	0	69,0	0	22,0	0	260,0	0	1011,0	0	160,7	ERA5
1042022	14/11/2022	14	14/11/2022	09	HNE	-0,8	0	-6,7	0	65,0	0	21,0	0	260,0	0	1012,0	0	639,4	ERA5
1042023	14/11/2022	15	14/11/2022	10	HNE	0,1	0	-8,0	0	55,0	0	23,0	0	300,0	0	1012,0	0	1093,7	ERA5
1042024	14/11/2022	16	14/11/2022	11	HNE	0,3	0	-7,3	0	57,0	0	24,0	0	310,0	0	1013,0	0	1120,5	ERA5
1042025	14/11/2022	17	14/11/2022	12	HNE	0,7	0	-7,7	0	54,0	0	18,0	0	280,0	0	1012,0	0	1074,6	ERA5
1042026	14/11/2022	18	14/11/2022	13	HNE	1,8	0	-7,5	0	50,0	0	19,0	0	290,0	0	1012,0	0	767,3	ERA5
1042027	14/11/2022	19	14/11/2022	14	HNE	2,2	0	-7,2	0	50,0	0	17,0	0	270,0	0	1013,0	0	610,7	ERA5
1042028	14/11/2022	20	14/11/2022	15	HNE	1,6	0	-8,4	0	48,0	0	22,0	0	280,0	0	1013,0	0	397,5	ERA5
1042029	14/11/2022	21	14/11/2022	16	HNE	0,6	0	-7,8	0	54,0	0	18,0	0	300,0	0	1014,0	0	158,1	ERA5
1042030	14/11/2022	22	14/11/2022	17	HNE	-0,4	0	-8,1	0	56,0	0	17,0	0	310,0	0	1014,0	0	18,3	ERA5
1042031	14/11/2022	23	14/11/2022	18	HNE	-1,4	0	-8,4	0	59,0	0	13,0	0	310,0	0	1015,0	0	0,0	ERA5
1042032	15/11/2022	00	14/11/2022	19	HNE	-2,6	0	-8,3	0	65,0	0	12,0	0	310,0	0	1015,0	0	0,0	ERA5
1042033	15/11/2022	01	14/11/2022	20	HNE	-2,6	0	-8,4	0	64,0	0	10,0	0	290,0	0	1016,0	0	0,0	ERA5
1042034	15/11/2022	02	14/11/2022	21	HNE	-2,2	0	-8,3	0	63,0	0	7,0	0	240,0	0	1016,0	0	0,0	ERA5
1042035	15/11/2022	03	14/11/2022	22	HNE	-2,9	0	-7,7	0	69,0	0	8,0	0	280,0	0	1016,0	0	0,0	ERA5
1042036	15/11/2022	04	14/11/2022	23	HNE	-2,9	0	-8,1	0	68,0	0	6,0	0	260,0	0	1016,0	0	0,0	ERA5
1042037	15/11/2022	05	15/11/2022	00	HNE	-4,6	0	-7,2	0	82,0	0	8,0	0	270,0	0	1017,0	0	0,0	ERA5
1042038	15/11/2022	06	15/11/2022	01	HNE	-4,9	0	-7,6	0	82,0	0	8,0	0	290,0	0	1018,0	0	0,0	ERA5
1042039	15/11/2022	07	15/11/2022	02	HNE	-5,2	0	-8,4	0	78,0	0	10,0	0	320,0	0	1018,0	0	0,0	ERA5
1042040	15/11/2022	08	15/11/2022	03	HNE	-3,7	0	-8,0	0	73,0	0	9,0	0	310,0	0	1018,0	0	0,0	ERA5
1042041	15/11/2022	09	15/11/2022	04	HNE	-3,9	0	-8,2	0	72,0	0	8,0	0	300,0	0	1019,0	0	0,0	ERA5
1042042	15/11/2022	10	15/11/2022	05	HNE	-4,3	0	-7,5	0	79,0	0	11,0	0	320,0	0	1019,0	0	0,0	ERA5
1042043	15/11/2022	11	15/11/2022	06	HNE	-4,2	0	-7,8	0	76,0	0	10,0	0	340,0	0	1019,0	0	0,0	ERA5
1042044	15/11/2022	12	15/11/2022	07	HNE	-4,7	0	-8,1	0	77,0	0	8,0	0	10,0	0	1019,0	0	0,0	ERA5
1042045	15/11/2022	13	15/11/2022	08	HNE	-3,2	0	-6,8	0	76,0	0	5,0	0	10,0	0	1020,0	0	147,6	ERA5
1042046	15/11/2022	14	15/11/2022	09	HNE	-1,6	0	-6,6	0	69,0	0	5,0	0	10,0	0	1020,0	0	622,9	ERA5
1042047	15/11/2022	15	15/11/2022	10	HNE	-0,8	0	-6,7	0	65,0	0	10,0	0	10,0	0	1019,0	0	995,2	ERA5
1042048	15/11/2022	16	15/11/2022	11	HNE	-0,3	0	-7,2	0	60,0	0	12,0	0	50,0	0	1019,0	0	1002,8	ERA5
1042049	15/11/2022	17	15/11/2022	12	HNE	-0,5	0	-7,1	0	61,0	0	1,0	0	0,0	0	1018,0	0	807,5	ERA5
1042050	15/11/2022	18	15/11/2022	13	HNE	-0,4	0	-7,9	0	57,0	0	10,0	0	50,0	0	1017,0	0	704,1	ERA5
1042051	15/11/2022	19	15/11/2022	14	HNE	-0,2	0	-7,3	0	59,0	0	9,0	0	110,0	0	1017,0	0	591,1	ERA5
1042052	15/11/2022	20	15/11/2022	15	HNE	-0,1	0	-7,3	0	58,0	0	9,0	0	80,0	0	1016,0	0	385,6	ERA5
1042053	15/11/2022	21	15/11/2022	16	HNE	-0,8	0	-7,0	0	63,0	0	12,0	0	70,0	0	1016,0	0	190,2	ERA5
1042054	15/11/2022	22	15/11/2022	17	HNE	-1,0	0	-6,5	0	66,0	0	9,0	0	60,0	0	1015,0	0	27,4	ERA5
1042055	15/11/2022	23	15/11/2022	18	HNE	-1,1	0	-6,4	0	67,0	0	14,0	0	70,0	0	1014,0	0	0,0	ERA5
1042056	16/11/2022	00	15/11/2022	19	HNE	-1,1	0	-6,6	0	66,0	0	13,0	0	60,0	0	1015,0	0	0,0	ERA5
1042057	16/11/2022	01	15/11/2022	20	HNE	-1,3	0	-6,8	0	67,0	0	14,0	0	50,0	0	1014,0	0	0,0	ERA5
1042058	16/11/2022	02	15/11/2022	21	HNE	-1,7	0	-6,6	0	69,0	0	14,0	0	50,0	0	1014,0	0	0,0	ERA5
1042059	16/11/2022	03	15/11/2022	22	HNE	-1,8	0	-6,3	0	71,0	0	16,0	0	50,0	0	1013,0	0	0,0	ERA5
1042060	16/11/2022	04	15/11/2022	23	HNE	-1,4	0	-6,2	0	70,0	0	22,0	0	60,0	0	1011,0	0	0,0	ERA5
1042061	16/11/2022	05	16/11/2022	00	HNE	-1,4	0	-5,6	0	73,0	0	19,0	0	60,0	0	1010,0	0	0,0	ERA5
1042062	16/11/2022	06	16/11/2022	01	HNE	-1,6	0	-4,9	0	78,0	0	20,0	0	80,0	0	1009,0	0	0,0	ERA5
1042063	16/11/2022	07	16/11/2022	02	HNE	-1,9	0	-4,5	0	82,0	0	20,0	0	80,0	0	1007,0	0	0,0	ERA5
1042064	16/11/2022	08	16/11/2022	03	HNE	-2,0	0	-4,2	0	84,0	0	20,0	0	60,0	0	1006,0	0	0,0	ERA5
1042065	16/11/2022	09	16/11/2022	04	HNE	-2,2	0	-4,0	0	88,0	0	18,0	0	50,0	0	1004,0	0	0,0	ERA5
1042066	16/11/2022	10	16/11/2022	05	HNE	-2,4	0	-3,8	0	90,0	0	22,0	0	50,0	0	1003,0	0	0,0	ERA5
1042067	16/11/2022	11	16/11/2022	06	HNE	-2,5	0	-3,3	0	95,0	0	21,0	0	50,0	0	1002,0	0	0,0	ERA5
1042068	16/11/2022	12	16/11/2022	07	HNE	-2,5	0	-3,2	0	95,0	0	17,0	0	50,0	0	1002,0	0	0,0	ERA5
1042069	16/11/2022	13	16/11/2022	08	HNE	-2,3	0	-2,9	0	96,0	0	19,0	0	40,0	0	1001,0	0	21,4	ERA5
1042070	16/11/2022	14	16/11/2022	09	HNE	-1,9	0	-2,6	0	95,0	0	13,0	0	30,0	0	1001,0	0	88,6	ERA5
1042071	16/11/2022	15	16/11/2022	10	HNE	-1,4	0	-2,3	0	94,0	0	13,0	0	20,0	0	1000,0	0	157,5	ERA5
1042072	16/11/2022	16	16/11/2022	11	HNE	-1,0	0	-1,9	0	93,0	0	10,0	0	360,0	0	999,0	0	265,0	ERA5
1042073	16/11/2022	17	16/11/2022	12	HNE	-0,7	0	-1,8	0	92,0	0	12,0	0	330,0	0	998,0	0	366,6	ERA5
1042074	16/11/2022	18	16/11/2022	13	HNE	-0,3	0	-2,0	0	89,0	0	11,0	0	330,0	0	997,0	0	234,6	ERA5
1042075	16/11/2022	19	16/11/2022	14	HNE	-0,2	4.lineaire	-2,1	0	86,0	0	10,0	0	310,0	0	997,0	0	555,2	ERA5
1042076	16/11/2022	20	16/11/2022	15	HNE	-0,1	0	-1,9	0	88,0	0	11,0	0	280,0	0	997,0	0	406,4	ERA5
1042077	16/11/2022	21	16/11/2022	16	HNE	-0,2	0	-2,1	0	87,0	0	12,0	0	270,0	0	997,0	0	159,2	ERA5
1042078	16/11/2022	22	16/11/2022	17	HNE	-0,3	0	-3,0	0	82,0	0	11,0	0	280,0	0	997,0	0	15,5	ERA5
1042079	16/11/2022	23	16/11/2022	18	HNE	-0,5	0	-3,6	0	80,0	0	16,0	0	290,0	0	997,0	0	0,0	ERA5
1042080	17/11/2022	00	16/11/2022	19	HNE	-0,7	0	-3,6	0	81,0	0	12,0	0	280,0	0	997,0	0	0,0	ERA5
1042081	17/11/2022	01	16/11/2022	20	HNE	-1,1	0	-3,1	0	87,0	0	13,0	0	260,0	0	997,0	0	0,0	ERA5
1042082	17/11/2022	02	16/11/2022	21	HNE	-1,7	0	-4,3	0	83,0	0	15,0	0	250,0	0	997,0	0	0,0	ERA5
1042083	17/11/2022	03	16/11/2022	22	HNE	-2,6	0	-4,3	0	88,0	0	13,0	0	250,0	0	997,0	0	0,0	ERA5
1042084	17/11/2022	04	16/11/2022	23	HNE	-2,2	0	-4,2	0	86,0	0	12,0	0	250,0	0	996,0	0	0,0	ERA5
1042085	17/11/2022	05	17/11/2022	00	HNE	-2,2	0	-4,5	0	85,0	0	12,0	0	250,0	0	996,0	0	0,0	ERA5
1042086	17/11/2022	06	17/11/2022	01	HNE	-2,1	0	-4,4	0	85,0	0	13,0	0	250,0	0	996,0	0	0,0	ERA5
1042087	17/11/2022	07	17/11/2022	02	HNE	-2,1	0	-4,5	0	84,0	0	11,0	0	260,0	0	996,0	0	0,0	ERA5
1042088	17/11/2022	08	17/11/2022	03	HNE	-2,4	0	-4,5	0	85,0	0	12,0	0	250,0	0	995,0	0	0,0	ERA5
1042089	17/11/2022	09	17/11/2022	04	HNE	-2,3	0	-4,4	0	86,0	0	13,0	0	240,0	0	995,0	0	0,0	ERA5
1042090	17/11/2022	10	17/11/2022	05	HNE	-2,5	0	-4,2	0	88,0	0	14,0	0	240,0	0	995,0	0	0,0	ERA5
1042091	17/11/2022	11	17/11/2022	06	HNE	-2,5	0	-4,5	0	86,0	0	14,0	0	260,0	0	995,0	0	0,0	ERA5
1042092	17/11/2022	12	17/11/2022	07	HNE	-3,7	0	-5,5	0	88,0	0	17,0	0	250,0	0	995,0	0	0,0	ERA5
1042093	17/11/2022	13	17/11/2022	08	HNE	-3,5	0	-5,3	0	88,0	0	16,0	0	270,0	0	995,0	0	90,4	ERA5
1042094	17/11/2022	14	17/11/2022	09	HNE	-3,0	0	-5,2	0	85,0	0	17,0	0	270,0	0	995,0	0	372,8	ERA5
1042095	17/11/2022	15	17/11/2022	10	HNE	-2,5	0	-5,8	0	78,0	0	18,0	0	280,0	0	995,0	0	691,6	ERA5
1042096	17/11/2022	16	17/11/2022	11	HNE	-2,3	0	-6,6	0	72,0	0	26,0	0	270,0	0	995,0	0	874,1	ERA5
1042097	17/11/2022	17	17/11/2022	12	HNE	-2,1	0	-7,9	0	64,0	0	29,0	0	260,0	0	995,0	0	898,9	ERA5
1042098	17/11/2022	18	17/11/2022	13	HNE	-2,7	0	-7,8	0	68,0	0	26,0	0	270,0	0	996,0	0	895,0	ERA5
1042099	17/11/2022	19	17/11/2022	14	HNE	-2,9	0	-6,6	0	76,0	0	22,0	0	280,0	0	996,0	0	694,0	ERA5
1042100	17/11/2022	20	17/11/2022	15	HNE	-3,4	0	-7,8	0	72,0	0	28,0	0	280,0	0	997,0	0	511,5	ERA5
1042101	17/11/2022	21	17/11/2022	16	HNE	-3,7	0	-9,8	0	63,0	0	32,0	0	270,0	0	998,0	0	243,6	ERA5
1042102	17/11/2022	22	17/11/2022	17	HNE	-4,3	0	-9,6	0	67,0	0	25,0	0	270,0	0	999,0	0	17,2	ERA5
1042103	17/11/2022	23	17/11/2022	18	HNE	-4,9	0	-9,7	0	69,0	0	18,0	0	280,0	0	999,0	0	0,0	ERA5
1042104	18/11/2022	00	17/11/2022	19	HNE	-6,9	0	-10,3	0	77,0	0	14,0	0	250,0	0	1000,0	0	0,0	ERA5
1042105	18/11/2022	01	17/11/2022	20	HNE	-7,2	0	-10,3	0	79,0	0	10,0	0	240,0	0	1000,0	0	0,0	ERA5
1042106	18/11/2022	02	17/11/2022	21	HNE	-6,8	0	-10,3	0	77,0	0	8,0	0	240,0	0	1001,0	0	0,0	ERA5
1042107	18/11/2022	03	17/11/2022	22	HNE	-7,7	0	-10,5	0	80,0	0	7,0	0	220,0	0	1000,0	0	0,0	ERA5
1042108	18/11/2022	04	17/11/2022	23	HNE	-8,5	0	-10,1	0	88,0	0	8,0	0	230,0	0	1000,0	0	0,0	ERA5
1042109	18/11/2022	05	18/11/2022	00	HNE	-9,2	0	-10,8	0	88,0	0	3,0	0	0,0	0	1000,0	0	0,0	ERA5
1042110	18/11/2022	06	18/11/2022	01	HNE	-10,5	0	-12,0	0	89,0	0	8,0	0	170,0	0	999,0	0	0,0	ERA5
1042111	18/11/2022	07	18/11/2022	02	HNE	-8,9	0	-10,9	0	86,0	0	4,0	0	140,0	0	999,0	0	0,0	ERA5
1042112	18/11/2022	08	18/11/2022	03	HNE	-7,5	0	-9,8	0	84,0	0	10,0	0	170,0	0	999,0	0	0,0	ERA5
1042113	18/11/2022	09	18/11/2022	04	HNE	-7,3	0	-8,5	0	91,0	0	5,0	0	180,0	0	998,0	0	0,0	ERA5
1042114	18/11/2022	10	18/11/2022	05	HNE	-6,8	0	-7,9	0	92,0	0	3,0	0	80,0	0	998,0	0	0,0	ERA5
1042115	18/11/2022	11	18/11/2022	06	HNE	-6,2	0	-7,1	0	94,0	0	5,0	0	40,0	0	998,0	0	0,0	ERA5
1042116	18/11/2022	12	18/11/2022	07	HNE	-6,2	0	-7,1	0	93,0	0	7,0	0	50,0	0	998,0	0	0,0	ERA5
1042117	18/11/2022	13	18/11/2022	08	HNE	-5,8	0	-6,8	0	93,0	0	6,0	0	90,0	0	998,0	0	60,0	ERA5
1042118	18/11/2022	14	18/11/2022	09	HNE	-5,8	0	-6,8	0	93,0	0	9,0	0	80,0	0	998,0	0	298,8	ERA5
1042119	18/11/2022	15	18/11/2022	10	HNE	-5,4	0	-6,6	0	92,0	0	9,0	0	40,0	0	998,0	0	743,2	ERA5
1042120	18/11/2022	16	18/11/2022	11	HNE	-5,3	0	-6,6	0	90,0	0	9,0	0	50,0	0	999,0	0	854,1	ERA5
1042121	18/11/2022	17	18/11/2022	12	HNE	-4,8	0	-6,3	0	90,0	0	4,0	0	40,0	0	999,0	0	923,6	ERA5
1042122	18/11/2022	18	18/11/2022	13	HNE	-4,4	0	-5,9	0	89,0	0	3,0	0	330,0	0	999,0	0	1101,3	ERA5
1042123	18/11/2022	19	18/11/2022	14	HNE	-3,9	0	-5,7	0	87,0	0	3,0	0	300,0	0	999,0	0	880,2	ERA5
1042124	18/11/2022	20	18/11/2022	15	HNE	-3,6	0	-5,8	0	85,0	0	4,0	0	280,0	0	999,0	0	564,4	ERA5
1042125	18/11/2022	21	18/11/2022	16	HNE	-3,7	0	-6,6	0	81,0	0	7,0	0	240,0	0	999,0	0	229,7	ERA5
1042126	18/11/2022	22	18/11/2022	17	HNE	-4,7	0	-6,7	0	86,0	0	4,0	0	230,0	0	999,0	0	23,7	ERA5
1042127	18/11/2022	23	18/11/2022	18	HNE	-4,8	0	-6,5	0	88,0	0	5,0	0	160,0	0	1000,0	0	0,0	ERA5
1042128	19/11/2022	00	18/11/2022	19	HNE	-5,2	0	-6,7	0	89,0	0	6,0	0	160,0	0	1000,0	0	0,0	ERA5
1042129	19/11/2022	01	18/11/2022	20	HNE	-5,1	0	-5,8	0	95,0	0	8,0	0	140,0	0	1000,0	0	0,0	ERA5
1042130	19/11/2022	02	18/11/2022	21	HNE	-5,6	0	-6,1	0	96,0	0	2,0	0	0,0	0	1001,0	0	0,0	ERA5
1042131	19/11/2022	03	18/11/2022	22	HNE	-4,9	0	-5,5	0	96,0	0	4,0	0	130,0	0	1001,0	0	0,0	ERA5
1042132	19/11/2022	04	18/11/2022	23	HNE	-5,2	0	-5,7	0	96,0	0	7,0	0	110,0	0	1001,0	0	0,0	ERA5
1042133	19/11/2022	05	19/11/2022	00	HNE	-5,8	0	-6,4	0	95,0	0	7,0	0	140,0	0	1001,0	0	0,0	ERA5
1042134	19/11/2022	06	19/11/2022	01	HNE	-5,7	0	-6,3	0	96,0	0	5,0	0	120,0	0	1001,0	0	0,0	ERA5
1042135	19/11/2022	07	19/11/2022	02	HNE	-6,3	0	-6,9	0	95,0	0	7,0	0	100,0	0	1001,0	0	0,0	ERA5
1042136	19/11/2022	08	19/11/2022	03	HNE	-6,6	0	-7,3	0	95,0	0	8,0	0	170,0	0	1001,0	0	0,0	ERA5
1042137	19/11/2022	09	19/11/2022	04	HNE	-7,0	0	-7,7	0	95,0	0	6,0	0	210,0	0	1002,0	0	0,0	ERA5
1042138	19/11/2022	10	19/11/2022	05	HNE	-6,1	0	-6,7	0	95,0	0	8,0	0	180,0	0	1002,0	0	0,0	ERA5
1042139	19/11/2022	11	19/11/2022	06	HNE	-6,3	0	-7,0	0	95,0	0	9,0	0	180,0	0	1002,0	0	0,0	ERA5
1042140	19/11/2022	12	19/11/2022	07	HNE	-6,4	0	-7,1	0	95,0	0	10,0	0	180,0	0	1002,0	0	0,0	ERA5
1042141	19/11/2022	13	19/11/2022	08	HNE	-6,2	0	-6,9	0	95,0	0	11,0	0	170,0	0	1002,0	0	84,6	ERA5
1042142	19/11/2022	14	19/11/2022	09	HNE	-3,8	0	-5,3	0	89,0	0	14,0	0	180,0	0	1002,0	0	492,7	ERA5
1042143	19/11/2022	15	19/11/2022	10	HNE	-2,2	0	-5,7	0	78,0	0	15,0	0	200,0	0	1002,0	0	1010,7	ERA5
1042144	19/11/2022	16	19/11/2022	11	HNE	-1,1	0	-5,7	0	71,0	0	19,0	0	200,0	0	1002,0	0	1314,5	ERA5
1042145	19/11/2022	17	19/11/2022	12	HNE	-0,3	0	-6,9	0	61,0	0	18,0	0	190,0	0	1001,0	0	1407,4	ERA5
1042146	19/11/2022	18	19/11/2022	13	HNE	-0,7	0	-6,9	0	63,0	0	15,0	0	220,0	0	1001,0	0	1092,6	ERA5
1042147	19/11/2022	19	19/11/2022	14	HNE	-0,8	0	-5,6	0	70,0	0	20,0	0	220,0	0	1000,0	0	831,1	ERA5
1042148	19/11/2022	20	19/11/2022	15	HNE	-1,9	0	-4,1	0	85,0	0	24,0	0	230,0	0	1000,0	0	506,9	ERA5
1042149	19/11/2022	21	19/11/2022	16	HNE	-2,0	0	-5,0	0	80,0	0	14,0	0	220,0	0	1000,0	0	231,8	ERA5
1042150	19/11/2022	22	19/11/2022	17	HNE	-2,1	0	-5,2	0	79,0	0	8,0	0	220,0	0	1000,0	0	13,4	ERA5
1042151	19/11/2022	23	19/11/2022	18	HNE	-2,2	0	-4,9	0	82,0	0	7,0	0	170,0	0	1000,0	0	0,0	ERA5
1042152	20/11/2022	00	19/11/2022	19	HNE	-2,8	0	-3,4	0	96,0	0	13,0	0	170,0	0	999,0	0	0,0	ERA5
1042153	20/11/2022	01	19/11/2022	20	HNE	-3,0	0	-4,1	0	92,0	0	17,0	0	170,0	0	999,0	0	0,0	ERA5
1042154	20/11/2022	02	19/11/2022	21	HNE	-3,2	0	-4,2	0	92,0	0	16,0	0	180,0	0	998,0	0	0,0	ERA5
1042155	20/11/2022	03	19/11/2022	22	HNE	-2,7	0	-5,2	0	83,0	0	18,0	0	210,0	0	998,0	0	0,0	ERA5
1042156	20/11/2022	04	19/11/2022	23	HNE	-2,7	0	-6,0	0	78,0	0	14,0	0	200,0	0	997,0	0	0,0	ERA5
1042157	20/11/2022	05	20/11/2022	00	HNE	-3,6	0	-4,3	0	95,0	0	6,0	0	160,0	0	996,0	0	0,0	ERA5
1042158	20/11/2022	06	20/11/2022	01	HNE	-3,5	0	-4,0	0	97,0	0	3,0	0	200,0	0	995,0	0	0,0	ERA5
1042159	20/11/2022	07	20/11/2022	02	HNE	-4,2	0	-4,6	0	97,0	0	9,0	0	170,0	0	994,0	0	0,0	ERA5
1042160	20/11/2022	08	20/11/2022	03	HNE	-4,6	0	-5,5	0	94,0	0	7,0	0	190,0	0	994,0	0	0,0	ERA5
1042161	20/11/2022	09	20/11/2022	04	HNE	-4,3	0	-5,8	0	90,0	0	17,0	0	210,0	0	994,0	0	0,0	ERA5
1042162	20/11/2022	10	20/11/2022	05	HNE	-5,3	0	-7,8	0	82,0	0	14,0	0	220,0	0	994,0	0	0,0	ERA5
1042163	20/11/2022	11	20/11/2022	06	HNE	-5,3	0	-8,2	0	80,0	0	19,0	0	230,0	0	994,0	0	0,0	ERA5
1042164	20/11/2022	12	20/11/2022	07	HNE	-5,3	0	-8,1	0	81,0	0	27,0	0	240,0	0	995,0	0	0,0	ERA5
1042165	20/11/2022	13	20/11/2022	08	HNE	-5,9	0	-8,6	0	82,0	0	20,0	0	240,0	0	996,0	0	86,3	ERA5
1042166	20/11/2022	14	20/11/2022	09	HNE	-4,8	0	-8,4	0	76,0	0	21,0	0	270,0	0	998,0	0	432,8	ERA5
1042167	20/11/2022	15	20/11/2022	10	HNE	-4,2	0	-9,1	0	69,0	0	27,0	0	260,0	0	998,0	0	920,6	ERA5
1042168	20/11/2022	16	20/11/2022	11	HNE	-3,7	0	-16,9	0	35,0	0	39,0	0	250,0	0	998,0	0	1327,8	ERA5
1042169	20/11/2022	17	20/11/2022	12	HNE	-4,6	0	-15,7	0	42,0	0	48,0	0	270,0	0	999,0	0	1531,7	ERA5
1042170	20/11/2022	18	20/11/2022	13	HNE	-5,0	0	-15,0	0	46,0	0	35,0	0	260,0	0	1000,0	0	1553,7	ERA5
1042171	20/11/2022	19	20/11/2022	14	HNE	-5,3	0	-15,2	0	46,0	0	37,0	0	280,0	0	1001,0	0	1244,3	ERA5
1042172	20/11/2022	20	20/11/2022	15	HNE	-5,9	0	-14,3	0	51,0	0	22,0	0	290,0	0	1002,0	0	879,9	ERA5
1042173	20/11/2022	21	20/11/2022	16	HNE	-6,5	0	-15,0	0	51,0	0	35,0	0	270,0	0	1003,0	0	364,4	ERA5
1042174	20/11/2022	22	20/11/2022	17	HNE	-7,4	0	-13,9	0	60,0	0	32,0	0	290,0	0	1005,0	0	22,6	ERA5
1042175	20/11/2022	23	20/11/2022	18	HNE	-8,1	0	-14,7	0	59,0	0	38,0	0	290,0	0	1006,0	0	0,0	ERA5
1042176	21/11/2022	00	20/11/2022	19	HNE	-8,4	0	-15,3	0	58,0	0	38,0	0	300,0	0	1008,0	0	0,0	ERA5
1042177	21/11/2022	01	20/11/2022	20	HNE	-9,3	0	-15,9	0	59,0	0	23,0	0	280,0	0	1008,0	0	0,0	ERA5
1042178	21/11/2022	02	20/11/2022	21	HNE	-11,4	0	-16,5	0	66,0	0	12,0	0	250,0	0	1009,0	0	0,0	ERA5
1042179	21/11/2022	03	20/11/2022	22	HNE	-12,0	0	-16,7	0	69,0	0	10,0	0	200,0	0	1010,0	0	0,0	ERA5
1042180	21/11/2022	04	20/11/2022	23	HNE	-11,7	0	-16,4	0	69,0	0	9,0	0	220,0	0	1010,0	0	0,0	ERA5
1042181	21/11/2022	05	21/11/2022	00	HNE	-11,9	0	-16,3	0	70,0	0	9,0	0	200,0	0	1011,0	0	0,0	ERA5
1042182	21/11/2022	06	21/11/2022	01	HNE	-12,4	0	-16,7	0	71,0	0	7,0	0	210,0	0	1011,0	0	0,0	ERA5
1042183	21/11/2022	07	21/11/2022	02	HNE	-10,1	0	-15,3	0	66,0	0	11,0	0	230,0	0	1011,0	0	0,0	ERA5
1042184	21/11/2022	08	21/11/2022	03	HNE	-9,5	0	-14,6	0	67,0	0	5,0	0	190,0	0	1011,0	0	0,0	ERA5
1042185	21/11/2022	09	21/11/2022	04	HNE	-9,8	0	-14,3	0	69,0	0	9,0	0	150,0	0	1010,0	0	0,0	ERA5
1042186	21/11/2022	10	21/11/2022	05	HNE	-9,1	0	-14,2	0	67,0	0	9,0	0	170,0	0	1010,0	0	0,0	ERA5
1042187	21/11/2022	11	21/11/2022	06	HNE	-9,2	0	-14,6	0	65,0	0	13,0	0	140,0	0	1009,0	0	0,0	ERA5
1042188	21/11/2022	12	21/11/2022	07	HNE	-8,1	0	-13,0	0	68,0	0	13,0	0	160,0	0	1008,0	0	0,0	ERA5
1042189	21/11/2022	13	21/11/2022	08	HNE	-6,7	0	-11,5	0	69,0	0	19,0	0	160,0	0	1008,0	0	78,8	ERA5
1042190	21/11/2022	14	21/11/2022	09	HNE	-5,5	0	-9,4	0	74,0	0	19,0	0	160,0	0	1007,0	0	356,6	ERA5
1042191	21/11/2022	15	21/11/2022	10	HNE	-4,0	0	-6,8	0	81,0	0	22,0	0	170,0	0	1005,0	0	536,9	ERA5
1042192	21/11/2022	16	21/11/2022	11	HNE	-2,8	0	-6,0	0	79,0	0	21,0	0	180,0	0	1004,0	0	471,8	ERA5
1042193	21/11/2022	17	21/11/2022	12	HNE	-1,2	0	-5,5	0	73,0	0	23,0	0	190,0	0	1002,0	0	427,8	ERA5
1042194	21/11/2022	18	21/11/2022	13	HNE	-0,8	0	-7,2	0	62,0	0	26,0	0	180,0	0	1000,0	0	439,5	ERA5
1042195	21/11/2022	19	21/11/2022	14	HNE	-0,5	0	-7,1	0	61,0	0	21,0	0	180,0	0	998,0	0	464,0	ERA5
1042196	21/11/2022	20	21/11/2022	15	HNE	2,2	0	-6,7	0	52,0	0	28,0	0	210,0	0	997,0	0	437,0	ERA5
1042197	21/11/2022	21	21/11/2022	16	HNE	2,8	0	-6,7	0	50,0	0	32,0	0	220,0	0	997,0	0	172,7	ERA5
1042198	21/11/2022	22	21/11/2022	17	HNE	2,9	0	-5,5	0	54,0	0	25,0	0	220,0	0	997,0	0	8,0	ERA5
1042199	21/11/2022	23	21/11/2022	18	HNE	3,0	0	-4,1	0	59,0	0	25,0	0	220,0	0	998,0	0	0,0	ERA5
1042200	22/11/2022	00	21/11/2022	19	HNE	3,4	0	-3,3	0	62,0	0	27,0	0	230,0	0	998,0	0	0,0	ERA5
1042201	22/11/2022	01	21/11/2022	20	HNE	3,1	0	-3,6	0	61,0	0	33,0	0	240,0	0	999,0	0	0,0	ERA5
1042202	22/11/2022	02	21/11/2022	21	HNE	2,4	0	-2,3	0	71,0	0	30,0	0	260,0	0	1001,0	0	0,0	ERA5
1042203	22/11/2022	03	21/11/2022	22	HNE	2,2	0	-2,4	0	72,0	0	24,0	0	250,0	0	1002,0	0	0,0	ERA5
1042204	22/11/2022	04	21/11/2022	23	HNE	0,2	0	-3,4	0	77,0	0	25,0	0	290,0	0	1005,0	0	0,0	ERA5
1042205	22/11/2022	05	22/11/2022	00	HNE	-1,3	0	-7,0	0	65,0	0	29,0	0	300,0	0	1007,0	0	0,0	ERA5
1042206	22/11/2022	06	22/11/2022	01	HNE	-2,1	0	-9,2	0	59,0	0	22,0	0	290,0	0	1009,0	0	0,0	ERA5
1042207	22/11/2022	07	22/11/2022	02	HNE	-3,0	0	-11,0	0	54,0	0	34,0	0	300,0	0	1010,0	0	0,0	ERA5
1042208	22/11/2022	08	22/11/2022	03	HNE	-4,1	0	-10,1	0	64,0	0	18,0	0	300,0	0	1011,0	0	0,0	ERA5
1042209	22/11/2022	09	22/11/2022	04	HNE	-4,8	0	-11,2	0	61,0	0	17,0	0	290,0	0	1012,0	0	0,0	ERA5
1042210	22/11/2022	10	22/11/2022	05	HNE	-5,7	0	-11,8	0	62,0	0	13,0	0	300,0	0	1012,0	0	0,0	ERA5
1042211	22/11/2022	11	22/11/2022	06	HNE	-7,6	0	-11,9	0	72,0	0	8,0	0	200,0	0	1013,0	0	0,0	ERA5
1042212	22/11/2022	12	22/11/2022	07	HNE	-7,5	0	-11,6	0	73,0	0	9,0	0	230,0	0	1013,0	0	0,0	ERA5
1042213	22/11/2022	13	22/11/2022	08	HNE	-7,7	0	-12,2	0	71,0	0	7,0	0	30,0	0	1013,0	0	99,4	ERA5
1042214	22/11/2022	14	22/11/2022	09	HNE	-4,8	0	-11,7	0	59,0	0	4,0	0	190,0	0	1013,0	0	557,3	ERA5
1042215	22/11/2022	15	22/11/2022	10	HNE	-3,9	0	-11,3	0	56,0	0	8,0	0	130,0	0	1013,0	0	1030,2	ERA5
1042216	22/11/2022	16	22/11/2022	11	HNE	-2,9	0	-11,2	0	53,0	0	8,0	0	180,0	0	1012,0	0	1370,2	ERA5
1042217	22/11/2022	17	22/11/2022	12	HNE	-2,4	0	-10,5	0	54,0	0	5,0	0	150,0	0	1011,0	0	1509,6	ERA5
1042218	22/11/2022	18	22/11/2022	13	HNE	-1,7	0	-10,2	0	52,0	0	13,0	0	200,0	0	1010,0	0	1341,9	ERA5
1042219	22/11/2022	19	22/11/2022	14	HNE	-1,3	0	-9,5	0	54,0	0	9,0	0	250,0	0	1010,0	0	991,3	ERA5
1042220	22/11/2022	20	22/11/2022	15	HNE	-1,3	0	-9,0	0	56,0	0	11,0	0	170,0	0	1008,0	0	487,4	ERA5
1042221	22/11/2022	21	22/11/2022	16	HNE	-1,1	0	-8,6	0	57,0	0	10,0	0	190,0	0	1008,0	0	187,2	ERA5
1042222	22/11/2022	22	22/11/2022	17	HNE	-1,4	0	-7,6	0	63,0	0	4,0	0	210,0	0	1008,0	0	8,4	ERA5
1042223	22/11/2022	23	22/11/2022	18	HNE	-1,7	0	-6,3	0	71,0	0	4,0	0	90,0	0	1007,0	0	0,0	ERA5
1042224	23/11/2022	00	22/11/2022	19	HNE	-1,9	0	-7,0	0	68,0	0	7,0	0	100,0	0	1007,0	0	0,0	ERA5
1042225	23/11/2022	01	22/11/2022	20	HNE	-1,9	0	-6,4	0	71,0	0	7,0	0	110,0	0	1006,0	0	0,0	ERA5
1042226	23/11/2022	02	22/11/2022	21	HNE	-2,0	0	-6,1	0	74,0	0	5,0	0	130,0	0	1006,0	0	0,0	ERA5
1042227	23/11/2022	03	22/11/2022	22	HNE	-2,5	0	-4,9	0	83,0	0	5,0	0	40,0	0	1005,0	0	0,0	ERA5
1042228	23/11/2022	04	22/11/2022	23	HNE	-2,5	0	-4,6	0	86,0	0	4,0	0	10,0	0	1005,0	0	0,0	ERA5
1042229	23/11/2022	05	23/11/2022	00	HNE	-2,4	0	-4,0	0	89,0	0	6,0	0	330,0	0	1005,0	0	0,0	ERA5
1042230	23/11/2022	06	23/11/2022	01	HNE	-2,7	0	-3,9	0	91,0	0	4,0	0	160,0	0	1005,0	0	0,0	ERA5
1042231	23/11/2022	07	23/11/2022	02	HNE	-2,9	0	-4,3	0	90,0	0	2,0	0	0,0	0	1005,0	0	0,0	ERA5
1042232	23/11/2022	08	23/11/2022	03	HNE	-3,0	0	-4,6	0	89,0	0	4,0	0	250,0	0	1005,0	0	0,0	ERA5
1042233	23/11/2022	09	23/11/2022	04	HNE	-3,1	0	-4,4	0	91,0	0	1,0	0	0,0	0	1006,0	0	0,0	ERA5
1042234	23/11/2022	10	23/11/2022	05	HNE	-2,8	0	-4,2	0	90,0	0	6,0	0	260,0	0	1006,0	0	0,0	ERA5
1042235	23/11/2022	11	23/11/2022	06	HNE	-2,2	0	-4,8	0	82,0	0	6,0	0	220,0	0	1007,0	0	0,0	ERA5
1042236	23/11/2022	12	23/11/2022	07	HNE	-2,0	0	-4,3	0	84,0	0	5,0	0	270,0	0	1008,0	0	0,0	ERA5
1042237	23/11/2022	13	23/11/2022	08	HNE	-1,5	0	-3,1	0	89,0	0	4,0	0	360,0	0	1009,0	0	43,0	ERA5
1042238	23/11/2022	14	23/11/2022	09	HNE	-0,6	0	-2,4	0	88,0	0	11,0	0	330,0	0	1009,0	0	296,3	ERA5
1042239	23/11/2022	15	23/11/2022	10	HNE	0,15	4.lineaire	-2,4	0	84,0	0	5,0	0	300,0	0	1010,0	0	749,9	ERA5
1042240	23/11/2022	16	23/11/2022	11	HNE	0,9	0	-3,5	0	72,0	0	2,0	0	0,0	0	1010,0	0	893,3	ERA5
1042241	23/11/2022	17	23/11/2022	12	HNE	1,2	0	-3,5	0	71,0	0	12,0	0	240,0	0	1010,0	0	977,0	ERA5
1042242	23/11/2022	18	23/11/2022	13	HNE	1,5	0	-3,3	0	71,0	0	7,0	0	320,0	0	1010,0	0	899,3	ERA5
1042243	23/11/2022	19	23/11/2022	14	HNE	1,9	0	-4,0	0	65,0	0	2,0	0	0,0	0	1010,0	0	593,3	ERA5
1042244	23/11/2022	20	23/11/2022	15	HNE	1,8	0	-4,7	0	62,0	0	12,0	0	290,0	0	1011,0	0	420,8	ERA5
1042245	23/11/2022	21	23/11/2022	16	HNE	1,5	0	-4,2	0	66,0	0	7,0	0	290,0	0	1011,0	0	162,0	ERA5
1042246	23/11/2022	22	23/11/2022	17	HNE	0,8	0	-4,2	0	69,0	0	7,0	0	300,0	0	1012,0	0	8,4	ERA5
1042247	23/11/2022	23	23/11/2022	18	HNE	-0,6	0	-4,8	0	74,0	0	8,0	0	50,0	0	1013,0	0	0,0	ERA5
1042248	24/11/2022	00	23/11/2022	19	HNE	-2,9	0	-5,5	0	82,0	0	6,0	0	90,0	0	1013,0	0	0,0	ERA5
1042249	24/11/2022	01	23/11/2022	20	HNE	-3,8	0	-6,1	0	84,0	0	6,0	0	100,0	0	1014,0	0	0,0	ERA5
1042250	24/11/2022	02	23/11/2022	21	HNE	-2,9	0	-5,1	0	85,0	0	7,0	0	120,0	0	1014,0	0	0,0	ERA5
1042251	24/11/2022	03	23/11/2022	22	HNE	-3,3	0	-4,8	0	90,0	0	8,0	0	110,0	0	1014,0	0	0,0	ERA5
1042252	24/11/2022	04	23/11/2022	23	HNE	-5,4	0	-6,8	0	90,0	0	8,0	0	90,0	0	1014,0	0	0,0	ERA5
1042253	24/11/2022	05	24/11/2022	00	HNE	-5,0	0	-5,7	0	96,0	0	8,0	0	70,0	0	1014,0	0	0,0	ERA5
1042254	24/11/2022	06	24/11/2022	01	HNE	-2,4	0	-3,9	0	89,0	0	9,0	0	70,0	0	1014,0	0	0,0	ERA5
1042255	24/11/2022	07	24/11/2022	02	HNE	-2,8	0	-4,4	0	89,0	0	12,0	0	60,0	0	1015,0	0	0,0	ERA5
1042256	24/11/2022	08	24/11/2022	03	HNE	-2,7	0	-5,1	0	84,0	0	10,0	0	90,0	0	1015,0	0	0,0	ERA5
1042257	24/11/2022	09	24/11/2022	04	HNE	-2,9	0	-4,8	0	87,0	0	13,0	0	70,0	0	1014,0	0	0,0	ERA5
1042258	24/11/2022	10	24/11/2022	05	HNE	-3,2	0	-4,8	0	89,0	0	10,0	0	90,0	0	1014,0	0	0,0	ERA5
1042259	24/11/2022	11	24/11/2022	06	HNE	-3,2	0	-4,5	0	90,0	0	10,0	0	100,0	0	1014,0	0	0,0	ERA5
1042260	24/11/2022	12	24/11/2022	07	HNE	-2,8	0	-4,1	0	91,0	0	6,0	0	110,0	0	1014,0	0	0,0	ERA5
1042261	24/11/2022	13	24/11/2022	08	HNE	-2,6	0	-4,0	0	90,0	0	5,0	0	60,0	0	1014,0	0	57,7	ERA5
1042262	24/11/2022	14	24/11/2022	09	HNE	-2,0	0	-3,5	0	90,0	0	8,0	0	80,0	0	1013,0	0	343,0	ERA5
1042263	24/11/2022	15	24/11/2022	10	HNE	-0,9	0	-3,3	0	84,0	0	10,0	0	80,0	0	1012,0	0	735,1	ERA5
1042264	24/11/2022	16	24/11/2022	11	HNE	0,2	0	-3,3	0	77,0	0	10,0	0	90,0	0	1011,0	0	1084,1	ERA5
1042265	24/11/2022	17	24/11/2022	12	HNE	1,4	0	-2,6	0	74,0	0	13,0	0	110,0	0	1010,0	0	1332,6	ERA5
1042266	24/11/2022	18	24/11/2022	13	HNE	2,5	0	-2,0	0	72,0	0	13,0	0	100,0	0	1009,0	0	1226,7	ERA5
1042267	24/11/2022	19	24/11/2022	14	HNE	2,4	0	-1,6	0	75,0	0	10,0	0	90,0	0	1009,0	0	951,0	ERA5
1042268	24/11/2022	20	24/11/2022	15	HNE	2,5	0	-1,3	0	76,0	0	10,0	0	90,0	0	1008,0	0	574,1	ERA5
1042269	24/11/2022	21	24/11/2022	16	HNE	2,3	0	-1,6	0	75,0	0	14,0	0	110,0	0	1007,0	0	224,7	ERA5
1042270	24/11/2022	22	24/11/2022	17	HNE	1,0	0	-2,3	0	79,0	0	11,0	0	100,0	0	1007,0	0	13,6	ERA5
1042271	24/11/2022	23	24/11/2022	18	HNE	-0,1	0	-2,6	0	83,0	0	10,0	0	90,0	0	1006,0	0	0,0	ERA5
1042272	25/11/2022	00	24/11/2022	19	HNE	-0,4	0	-2,9	0	83,0	0	16,0	0	60,0	0	1006,0	0	0,0	ERA5
1042273	25/11/2022	01	24/11/2022	20	HNE	-0,8	0	-3,1	0	84,0	0	12,0	0	60,0	0	1005,0	0	0,0	ERA5
1042274	25/11/2022	02	24/11/2022	21	HNE	-1,6	0	-3,6	0	86,0	0	11,0	0	70,0	0	1004,0	0	0,0	ERA5
1042275	25/11/2022	03	24/11/2022	22	HNE	-2,4	0	-3,9	0	89,0	0	13,0	0	70,0	0	1003,0	0	0,0	ERA5
1042276	25/11/2022	04	24/11/2022	23	HNE	-2,4	0	-3,4	0	92,0	0	9,0	0	90,0	0	1002,0	0	0,0	ERA5
1042277	25/11/2022	05	25/11/2022	00	HNE	-2,1	0	-3,1	0	93,0	0	8,0	0	60,0	0	1000,0	0	0,0	ERA5
1042278	25/11/2022	06	25/11/2022	01	HNE	-2,1	0	-3,0	0	94,0	0	11,0	0	50,0	0	1000,0	0	0,0	ERA5
1042279	25/11/2022	07	25/11/2022	02	HNE	-1,9	0	-2,8	0	93,0	0	9,0	0	60,0	0	998,0	0	0,0	ERA5
1042280	25/11/2022	08	25/11/2022	03	HNE	-2,1	0	-2,9	0	94,0	0	13,0	0	40,0	0	997,0	0	0,0	ERA5
1042281	25/11/2022	09	25/11/2022	04	HNE	-1,8	0	-2,6	0	94,0	0	16,0	0	50,0	0	996,0	0	0,0	ERA5
1042282	25/11/2022	10	25/11/2022	05	HNE	-1,0	0	-1,4	0	97,0	0	8,0	0	30,0	0	994,0	0	0,0	ERA5
1042283	25/11/2022	11	25/11/2022	06	HNE	-0,6	0	-0,9	0	98,0	0	8,0	0	70,0	0	993,0	0	0,0	ERA5
1042284	25/11/2022	12	25/11/2022	07	HNE	1,1	0	1,0	0	99,0	0	7,0	0	150,0	0	992,0	0	0,0	ERA5
1042285	25/11/2022	13	25/11/2022	08	HNE	3,1	0	2,7	0	97,0	0	13,0	0	220,0	0	991,0	0	6,2	ERA5
1042286	25/11/2022	14	25/11/2022	09	HNE	4,0	0	3,8	0	99,0	0	13,0	0	220,0	0	990,0	0	92,6	ERA5
1042287	25/11/2022	15	25/11/2022	10	HNE	4,4	0	3,8	0	96,0	0	18,0	0	240,0	0	990,0	0	187,6	ERA5
1042288	25/11/2022	16	25/11/2022	11	HNE	4,8	0	3,2	0	90,0	0	27,0	0	270,0	0	990,0	0	267,2	ERA5
1042289	25/11/2022	17	25/11/2022	12	HNE	4,1	0	1,8	0	85,0	0	32,0	0	290,0	0	991,0	0	541,9	ERA5
1042290	25/11/2022	18	25/11/2022	13	HNE	3,7	0	0,8	0	82,0	0	44,0	0	290,0	0	992,0	0	673,9	ERA5
1042291	25/11/2022	19	25/11/2022	14	HNE	3,9	0	0,9	0	81,0	0	29,0	0	300,0	0	993,0	0	732,6	ERA5
1042292	25/11/2022	20	25/11/2022	15	HNE	3,7	0	0,4	0	79,0	0	28,0	0	280,0	0	994,0	0	527,1	ERA5
1042293	25/11/2022	21	25/11/2022	16	HNE	3,4	0	0,2	0	79,0	0	25,0	0	280,0	0	995,0	0	295,3	ERA5
1042294	25/11/2022	22	25/11/2022	17	HNE	3,2	0	-0,5	0	76,0	0	28,0	0	290,0	0	996,0	0	13,9	ERA5
1042295	25/11/2022	23	25/11/2022	18	HNE	2,2	0	-0,4	0	83,0	0	19,0	0	280,0	0	997,0	0	0,0	ERA5
1042296	26/11/2022	00	25/11/2022	19	HNE	2,0	0	-0,7	0	83,0	0	22,0	0	280,0	0	998,0	0	0,0	ERA5
1042297	26/11/2022	01	25/11/2022	20	HNE	1,8	0	-0,9	0	82,0	0	14,0	0	300,0	0	999,0	0	0,0	ERA5
1042298	26/11/2022	02	25/11/2022	21	HNE	1,8	0	-0,9	0	82,0	0	22,0	0	280,0	0	999,0	0	0,0	ERA5
1042299	26/11/2022	03	25/11/2022	22	HNE	1,2	0	-1,6	0	82,0	0	20,0	0	320,0	0	999,0	0	0,0	ERA5
1042300	26/11/2022	04	25/11/2022	23	HNE	0,9	0	-2,5	0	78,0	0	12,0	0	250,0	0	1000,0	0	0,0	ERA5
1042301	26/11/2022	05	26/11/2022	00	HNE	1,0	0	-2,2	0	79,0	0	12,0	0	260,0	0	1000,0	0	0,0	ERA5
1042302	26/11/2022	06	26/11/2022	01	HNE	0,6	0	-2,2	0	82,0	0	9,0	0	250,0	0	1000,0	0	0,0	ERA5
1042303	26/11/2022	07	26/11/2022	02	HNE	0,7	0	-2,1	0	82,0	0	8,0	0	240,0	0	1000,0	0	0,0	ERA5
1042304	26/11/2022	08	26/11/2022	03	HNE	0,6	0	-2,0	0	83,0	0	6,0	0	170,0	0	1000,0	0	0,0	ERA5
1042305	26/11/2022	09	26/11/2022	04	HNE	0,6	0	-1,7	0	84,0	0	6,0	0	190,0	0	1000,0	0	0,0	ERA5
1042306	26/11/2022	10	26/11/2022	05	HNE	1,1	0	-0,9	0	86,0	0	10,0	0	230,0	0	1000,0	0	0,0	ERA5
1042307	26/11/2022	11	26/11/2022	06	HNE	1,3	0	-1,0	0	85,0	0	13,0	0	260,0	0	1000,0	0	0,0	ERA5
1042308	26/11/2022	12	26/11/2022	07	HNE	0,1	0	-1,2	0	91,0	0	11,0	0	250,0	0	1001,0	0	0,0	ERA5
1042309	26/11/2022	13	26/11/2022	08	HNE	1,25	4.lineaire	-1,7	0	88,0	0	9,0	0	200,0	0	1000,0	0	60,0	ERA5
1042310	26/11/2022	14	26/11/2022	09	HNE	2,4	0	-2,0	0	73,0	0	16,0	0	220,0	0	1000,0	0	462,1	ERA5
1042311	26/11/2022	15	26/11/2022	10	HNE	3,9	0	-1,1	0	70,0	0	23,0	0	210,0	0	999,0	0	896,0	ERA5
1042312	26/11/2022	16	26/11/2022	11	HNE	5,7	0	0,3	0	68,0	0	20,0	0	210,0	0	998,0	0	1224,3	ERA5
1042313	26/11/2022	17	26/11/2022	12	HNE	7,2	0	0,4	0	62,0	0	23,0	0	210,0	0	996,0	0	1380,8	ERA5
1042314	26/11/2022	18	26/11/2022	13	HNE	8,8	0	0,6	0	56,0	0	25,0	0	200,0	0	995,0	0	1347,8	ERA5
1042315	26/11/2022	19	26/11/2022	14	HNE	9,9	0	0,4	0	51,0	0	28,0	0	210,0	0	994,0	0	1130,5	ERA5
1042316	26/11/2022	20	26/11/2022	15	HNE	10,3	0	0,4	0	50,0	0	25,0	0	220,0	0	993,0	0	746,5	ERA5
1042317	26/11/2022	21	26/11/2022	16	HNE	8,9	0	0,6	0	56,0	0	33,0	0	220,0	0	993,0	0	298,2	ERA5
1042318	26/11/2022	22	26/11/2022	17	HNE	7,3	0	0,1	0	60,0	0	23,0	0	210,0	0	994,0	0	13,2	ERA5
1042319	26/11/2022	23	26/11/2022	18	HNE	6,1	0	0,55	4.lineaire	65,0	0	13,0	0	210,0	0	994,0	0	0,0	ERA5
1042320	27/11/2022	00	26/11/2022	19	HNE	6,4	0	1,0	0	68,0	0	18,0	0	220,0	0	994,0	0	0,0	ERA5
1042321	27/11/2022	01	26/11/2022	20	HNE	5,9	0	0,9	0	70,0	0	16,0	0	230,0	0	994,0	0	0,0	ERA5
1042322	27/11/2022	02	26/11/2022	21	HNE	4,9	0	0,2	0	71,0	0	9,0	0	200,0	0	994,0	0	0,0	ERA5
1042323	27/11/2022	03	26/11/2022	22	HNE	4,9	0	0,3	0	72,0	0	13,0	0	190,0	0	994,0	0	0,0	ERA5
1042324	27/11/2022	04	26/11/2022	23	HNE	4,4	0	0,3	0	75,0	0	12,0	0	200,0	0	994,0	0	0,0	ERA5
1042325	27/11/2022	05	27/11/2022	00	HNE	4,1	0	0,5	0	77,0	0	10,0	0	200,0	0	994,0	0	0,0	ERA5
1042326	27/11/2022	06	27/11/2022	01	HNE	4,1	0	0,3	0	76,0	0	9,0	0	200,0	0	994,0	0	0,0	ERA5
1042327	27/11/2022	07	27/11/2022	02	HNE	2,8	0	-0,3	0	80,0	0	10,0	0	210,0	0	994,0	0	0,0	ERA5
1042328	27/11/2022	08	27/11/2022	03	HNE	3,0	0	-0,2	0	79,0	0	13,0	0	210,0	0	994,0	0	0,0	ERA5
1042329	27/11/2022	09	27/11/2022	04	HNE	2,4	0	-0,7	0	80,0	0	13,0	0	210,0	0	993,0	0	0,0	ERA5
1042330	27/11/2022	10	27/11/2022	05	HNE	1,8	0	-1,5	0	79,0	0	12,0	0	210,0	0	993,0	0	0,0	ERA5
1042331	27/11/2022	11	27/11/2022	06	HNE	2,1	0	-1,7	0	76,0	0	8,0	0	200,0	0	993,0	0	0,0	ERA5
1042332	27/11/2022	12	27/11/2022	07	HNE	1,9	0	-1,2	0	80,0	0	8,0	0	200,0	0	993,0	0	0,0	ERA5
1042333	27/11/2022	13	27/11/2022	08	HNE	2,1	0	-0,6	0	82,0	0	8,0	0	210,0	0	992,0	0	41,5	ERA5
1042334	27/11/2022	14	27/11/2022	09	HNE	4,6	0	1,1	0	78,0	0	10,0	0	210,0	0	992,0	0	321,9	ERA5
1042335	27/11/2022	15	27/11/2022	10	HNE	6,2	0	1,4	0	71,0	0	14,0	0	220,0	0	992,0	0	762,5	ERA5
1042336	27/11/2022	16	27/11/2022	11	HNE	7,2	0	1,4	0	66,0	0	13,0	0	240,0	0	991,0	0	1047,8	ERA5
1042337	27/11/2022	17	27/11/2022	12	HNE	7,7	0	1,1	0	63,0	0	5,0	0	260,0	0	989,0	0	1102,0	ERA5
1042338	27/11/2022	18	27/11/2022	13	HNE	8,7	0	0,5	0	56,0	0	4,0	0	70,0	0	988,0	0	803,8	ERA5
1042339	27/11/2022	19	27/11/2022	14	HNE	8,8	0	1,2	0	59,0	0	5,0	0	10,0	0	987,0	0	642,3	ERA5
1042340	27/11/2022	20	27/11/2022	15	HNE	8,1	0	1,7	0	64,0	0	12,0	0	50,0	0	985,0	0	345,0	ERA5
1042341	27/11/2022	21	27/11/2022	16	HNE	7,1	0	1,4	0	67,0	0	15,0	0	50,0	0	984,0	0	115,8	ERA5
1042342	27/11/2022	22	27/11/2022	17	HNE	6,2	0	1,7	0	73,0	0	11,0	0	40,0	0	984,0	0	5,1	ERA5
1042343	27/11/2022	23	27/11/2022	18	HNE	5,0	0	3,3	0	89,0	0	11,0	0	100,0	0	983,0	0	0,0	ERA5
1042344	28/11/2022	00	27/11/2022	19	HNE	4,7	0	3,6	0	93,0	0	12,0	0	80,0	0	982,0	0	0,0	ERA5
1042345	28/11/2022	01	27/11/2022	20	HNE	4,1	0	3,5	0	96,0	0	12,0	0	40,0	0	981,0	0	0,0	ERA5
1042346	28/11/2022	02	27/11/2022	21	HNE	4,4	0	2,5	0	88,0	0	15,0	0	360,0	0	981,0	0	0,0	ERA5
1042347	28/11/2022	03	27/11/2022	22	HNE	3,9	0	2,5	0	90,0	0	9,0	0	10,0	0	981,0	0	0,0	ERA5
1042348	28/11/2022	04	27/11/2022	23	HNE	3,8	0	2,7	0	92,0	0	14,0	0	330,0	0	981,0	0	0,0	ERA5
1042349	28/11/2022	05	28/11/2022	00	HNE	3,5	0	2,7	0	95,0	0	15,0	0	330,0	0	982,0	0	0,0	ERA5
1042350	28/11/2022	06	28/11/2022	01	HNE	3,5	0	2,5	0	93,0	0	14,0	0	360,0	0	982,0	0	0,0	ERA5
1042351	28/11/2022	07	28/11/2022	02	HNE	3,0	0	2,1	0	94,0	0	19,0	0	310,0	0	983,0	0	0,0	ERA5
1042352	28/11/2022	08	28/11/2022	03	HNE	2,7	0	1,8	0	94,0	0	21,0	0	310,0	0	985,0	0	0,0	ERA5
1042353	28/11/2022	09	28/11/2022	04	HNE	2,2	0	1,1	0	92,0	0	24,0	0	320,0	0	986,0	0	0,0	ERA5
1042354	28/11/2022	10	28/11/2022	05	HNE	2,0	0	0,4	0	89,0	0	33,0	0	320,0	0	988,0	0	0,0	ERA5
1042355	28/11/2022	11	28/11/2022	06	HNE	1,3	0	-0,7	0	87,0	0	27,0	0	320,0	0	989,0	0	0,0	ERA5
1042356	28/11/2022	12	28/11/2022	07	HNE	1,0	0	-1,1	0	85,0	0	34,0	0	330,0	0	991,0	0	0,0	ERA5
1042357	28/11/2022	13	28/11/2022	08	HNE	0,5	0	-1,5	0	87,0	0	24,0	0	320,0	0	992,0	0	36,4	ERA5
1042358	28/11/2022	14	28/11/2022	09	HNE	0,6	0	-2,4	0	81,0	0	27,0	0	320,0	0	994,0	0	172,9	ERA5
1042359	28/11/2022	15	28/11/2022	10	HNE	0,6	0	-3,3	0	75,0	0	32,0	0	320,0	0	995,0	0	336,2	ERA5
1042360	28/11/2022	16	28/11/2022	11	HNE	0,9	0	-3,7	0	71,0	0	23,0	0	340,0	0	996,0	0	647,2	ERA5
1042361	28/11/2022	17	28/11/2022	12	HNE	1,1	0	-4,1	0	68,0	0	20,0	0	340,0	0	996,0	0	776,5	ERA5
1042362	28/11/2022	18	28/11/2022	13	HNE	0,9	0	-4,6	0	67,0	0	30,0	0	340,0	0	997,0	0	774,1	ERA5
1042363	28/11/2022	19	28/11/2022	14	HNE	1,0	0	-4,8	0	66,0	0	18,0	0	350,0	0	998,0	0	668,6	ERA5
1042364	28/11/2022	20	28/11/2022	15	HNE	0,8	0	-5,3	0	63,0	0	20,0	0	330,0	0	999,0	0	360,9	ERA5
1042365	28/11/2022	21	28/11/2022	16	HNE	0,3	0	-5,8	0	64,0	0	21,0	0	310,0	0	1000,0	0	162,3	ERA5
1042366	28/11/2022	22	28/11/2022	17	HNE	-0,2	0	-5,9	0	66,0	0	17,0	0	320,0	0	1002,0	0	6,3	ERA5
1042367	28/11/2022	23	28/11/2022	18	HNE	-0,7	0	-5,8	0	69,0	0	20,0	0	310,0	0	1003,0	0	0,0	ERA5
1042368	29/11/2022	00	28/11/2022	19	HNE	-0,8	0	-6,2	0	67,0	0	13,0	0	320,0	0	1003,0	0	0,0	ERA5
1042369	29/11/2022	01	28/11/2022	20	HNE	-1,1	0	-6,7	0	66,0	0	8,0	0	350,0	0	1004,0	0	0,0	ERA5
1042370	29/11/2022	02	28/11/2022	21	HNE	-1,1	0	-6,9	0	65,0	0	12,0	0	340,0	0	1005,0	0	0,0	ERA5
1042371	29/11/2022	03	28/11/2022	22	HNE	-1,3	0	-6,1	0	70,0	0	14,0	0	310,0	0	1005,0	0	0,0	ERA5
1042372	29/11/2022	04	28/11/2022	23	HNE	-1,6	0	-6,0	0	72,0	0	9,0	0	260,0	0	1005,0	0	0,0	ERA5
1042373	29/11/2022	05	29/11/2022	00	HNE	-1,8	0	-5,8	0	74,0	0	7,0	0	260,0	0	1006,0	0	0,0	ERA5
1042374	29/11/2022	06	29/11/2022	01	HNE	-1,8	0	-6,1	0	72,0	0	4,0	0	200,0	0	1006,0	0	0,0	ERA5
1042375	29/11/2022	07	29/11/2022	02	HNE	-1,9	0	-5,8	0	75,0	0	5,0	0	250,0	0	1008,0	0	0,0	ERA5
1042376	29/11/2022	08	29/11/2022	03	HNE	-1,8	0	-6,5	0	70,0	0	7,0	0	220,0	0	1008,0	0	0,0	ERA5
1042377	29/11/2022	09	29/11/2022	04	HNE	-2,0	0	-5,8	0	75,0	0	3,0	0	180,0	0	1008,0	0	0,0	ERA5
1042378	29/11/2022	10	29/11/2022	05	HNE	-1,7	0	-6,2	0	71,0	0	9,0	0	180,0	0	1009,0	0	0,0	ERA5
1042379	29/11/2022	11	29/11/2022	06	HNE	-1,9	0	-5,3	0	78,0	0	2,0	0	0,0	0	1009,0	0	0,0	ERA5
1042380	29/11/2022	12	29/11/2022	07	HNE	-1,6	0	-6,7	0	68,0	0	1,0	0	0,0	0	1009,0	0	0,0	ERA5
1042381	29/11/2022	13	29/11/2022	08	HNE	-1,7	0	-5,4	0	76,0	0	4,0	0	180,0	0	1010,0	0	46,3	ERA5
1042382	29/11/2022	14	29/11/2022	09	HNE	-1,3	0	-6,0	0	71,0	0	3,0	0	0,0	0	1011,0	0	413,8	ERA5
1042383	29/11/2022	15	29/11/2022	10	HNE	-1,1	0	-6,1	0	69,0	0	6,0	0	120,0	0	1011,0	0	704,8	ERA5
1042384	29/11/2022	16	29/11/2022	11	HNE	-0,4	0	-5,8	0	67,0	0	10,0	0	80,0	0	1010,0	0	892,7	ERA5
1042385	29/11/2022	17	29/11/2022	12	HNE	-0,3	0	-5,3	0	69,0	0	9,0	0	100,0	0	1010,0	0	879,0	ERA5
1042386	29/11/2022	18	29/11/2022	13	HNE	0,15	4.lineaire	-5,1	0	68,0	0	8,0	0	150,0	0	1010,0	0	781,3	ERA5
1042387	29/11/2022	19	29/11/2022	14	HNE	0,6	0	-5,3	0	65,0	0	3,0	0	180,0	0	1010,0	0	340,1	ERA5
1042388	29/11/2022	20	29/11/2022	15	HNE	0,8	0	-5,6	0	62,0	0	3,0	0	30,0	0	1010,0	0	284,2	ERA5
1042389	29/11/2022	21	29/11/2022	16	HNE	-0,6	0	-4,8	0	73,0	0	9,0	0	50,0	0	1010,0	0	152,6	ERA5
1042390	29/11/2022	22	29/11/2022	17	HNE	-1,2	0	-4,5	0	78,0	0	12,0	0	70,0	0	1010,0	0	6,3	ERA5
1042391	29/11/2022	23	29/11/2022	18	HNE	-1,4	0	-3,6	0	85,0	0	14,0	0	90,0	0	1009,0	0	0,0	ERA5
1042392	30/11/2022	00	29/11/2022	19	HNE	-1,5	0	-3,7	0	85,0	0	16,0	0	80,0	0	1009,0	0	0,0	ERA5
1042393	30/11/2022	01	29/11/2022	20	HNE	-1,8	0	-3,7	0	87,0	0	18,0	0	80,0	0	1008,0	0	0,0	ERA5
1042394	30/11/2022	02	29/11/2022	21	HNE	-1,7	0	-3,5	0	88,0	0	13,0	0	80,0	0	1008,0	0	0,0	ERA5
1042395	30/11/2022	03	29/11/2022	22	HNE	-1,9	0	-3,7	0	88,0	0	19,0	0	80,0	0	1007,0	0	0,0	ERA5
1042396	30/11/2022	04	29/11/2022	23	HNE	-2,2	0	-3,5	0	91,0	0	15,0	0	80,0	0	1006,0	0	0,0	ERA5
1042397	30/11/2022	05	30/11/2022	00	HNE	-1,5	0	-3,2	0	88,0	0	17,0	0	80,0	0	1005,0	0	0,0	ERA5
1042398	30/11/2022	06	30/11/2022	01	HNE	-0,8	0	-3,0	0	85,0	0	22,0	0	90,0	0	1003,0	0	0,0	ERA5
1042399	30/11/2022	07	30/11/2022	02	HNE	-0,7	0	-3,2	0	83,0	0	24,0	0	80,0	0	1001,0	0	0,0	ERA5
1042400	30/11/2022	08	30/11/2022	03	HNE	-0,8	0	-3,1	0	84,0	0	22,0	0	80,0	0	1000,0	0	0,0	ERA5
1042401	30/11/2022	09	30/11/2022	04	HNE	-0,7	0	-3,2	0	83,0	0	26,0	0	90,0	0	998,0	0	0,0	ERA5
1042402	30/11/2022	10	30/11/2022	05	HNE	-0,3	0	-3,0	0	82,0	0	25,0	0	90,0	0	997,0	0	0,0	ERA5
1042403	30/11/2022	11	30/11/2022	06	HNE	0,1	0	-2,6	0	82,0	0	21,0	0	90,0	0	996,0	0	0,0	ERA5
1042404	30/11/2022	12	30/11/2022	07	HNE	0,5	0	-2,3	0	82,0	0	23,0	0	90,0	0	995,0	0	0,0	ERA5
1042405	30/11/2022	13	30/11/2022	08	HNE	0,7	0	-1,4	0	86,0	0	22,0	0	100,0	0	993,0	0	24,5	ERA5
1042406	30/11/2022	14	30/11/2022	09	HNE	0,7	0	-0,1	0	95,0	0	23,0	0	90,0	0	991,0	0	67,6	ERA5
1042407	30/11/2022	15	30/11/2022	10	HNE	1,2	0	0,8	0	97,0	0	22,0	0	90,0	0	989,0	0	57,0	ERA5
1042408	30/11/2022	16	30/11/2022	11	HNE	1,8	0	1,6	0	98,0	0	19,0	0	80,0	0	987,0	0	80,2	ERA5
1042409	30/11/2022	17	30/11/2022	12	HNE	1,9	0	1,8	0	99,0	0	14,0	0	70,0	0	985,0	0	70,9	ERA5
1042410	30/11/2022	18	30/11/2022	13	HNE	3,0	0	2,9	0	99,0	0	13,0	0	100,0	0	982,0	0	54,0	ERA5
1042411	30/11/2022	19	30/11/2022	14	HNE	5,9	0	5,5	0	97,0	0	22,0	0	180,0	0	981,0	0	74,0	ERA5
1042412	30/11/2022	20	30/11/2022	15	HNE	6,9	0	6,1	0	95,0	0	27,0	0	180,0	0	980,0	0	36,4	ERA5
1042413	30/11/2022	21	30/11/2022	16	HNE	7,3	0	6,5	0	94,0	0	36,0	0	220,0	0	981,0	0	20,3	ERA5
1042414	30/11/2022	22	30/11/2022	17	HNE	4,2	0	2,1	0	86,0	0	37,0	0	250,0	0	985,0	0	1,2	ERA5
1042415	30/11/2022	23	30/11/2022	18	HNE	3,6	0	1,1	0	84,0	0	26,0	0	240,0	0	987,0	0	0,0	ERA5
1042416	01/12/2022	00	30/11/2022	19	HNE	2,8	0	-0,8	0	77,0	0	32,0	0	240,0	0	989,0	0	0,0	ERA5
1042417	01/12/2022	01	30/11/2022	20	HNE	1,6	0	-1,5	0	80,0	0	27,0	0	230,0	0	990,0	0	0,0	ERA5
1042418	01/12/2022	02	30/11/2022	21	HNE	0,9	0	-2,1	0	80,0	0	29,0	0	230,0	0	991,0	0	0,0	ERA5
1042419	01/12/2022	03	30/11/2022	22	HNE	0,4	0	-4,5	0	70,0	0	25,0	0	230,0	0	991,0	0	0,0	ERA5
1042420	01/12/2022	04	30/11/2022	23	HNE	-0,3	0	-4,4	0	74,0	0	20,0	0	230,0	0	992,0	0	0,0	ERA5
1042421	01/12/2022	05	01/12/2022	00	HNE	-0,6	0	-5,4	0	70,0	0	26,0	0	230,0	0	992,0	0	0,0	ERA5
1042422	01/12/2022	06	01/12/2022	01	HNE	-1,1	0	-5,9	0	70,0	0	25,0	0	240,0	0	992,0	0	0,0	ERA5
1042423	01/12/2022	07	01/12/2022	02	HNE	-1,2	0	-6,0	0	70,0	0	29,0	0	240,0	0	993,0	0	0,0	ERA5
1042424	01/12/2022	08	01/12/2022	03	HNE	-1,3	0	-5,6	0	73,0	0	24,0	0	220,0	0	993,0	0	0,0	ERA5
1042425	01/12/2022	09	01/12/2022	04	HNE	-0,8	0	-6,2	0	67,0	0	26,0	0	230,0	0	994,0	0	0,0	ERA5
1042426	01/12/2022	10	01/12/2022	05	HNE	-0,7	0	-5,9	0	68,0	0	25,0	0	240,0	0	995,0	0	0,0	ERA5
1042427	01/12/2022	11	01/12/2022	06	HNE	-1,2	0	-4,9	0	76,0	0	25,0	0	230,0	0	996,0	0	0,0	ERA5
1042428	01/12/2022	12	01/12/2022	07	HNE	-1,4	0	-3,9	0	83,0	0	22,0	0	230,0	0	996,0	0	0,0	ERA5
1042429	01/12/2022	13	01/12/2022	08	HNE	-1,0	0	-3,9	0	81,0	0	18,0	0	250,0	0	998,0	0	29,7	ERA5
1042430	01/12/2022	14	01/12/2022	09	HNE	-0,9	0	-5,2	0	73,0	0	39,0	0	270,0	0	1000,0	0	323,8	ERA5
1042431	01/12/2022	15	01/12/2022	10	HNE	-0,1	0	-7,4	0	58,0	0	39,0	0	270,0	0	1002,0	0	680,9	ERA5
1042432	01/12/2022	16	01/12/2022	11	HNE	0,8	0	-7,5	0	54,0	0	36,0	0	270,0	0	1003,0	0	959,2	ERA5
1042433	01/12/2022	17	01/12/2022	12	HNE	0,9	0	-7,0	0	55,0	0	35,0	0	280,0	0	1005,0	0	1072,5	ERA5
1042434	01/12/2022	18	01/12/2022	13	HNE	0,9	0	-7,2	0	55,0	0	34,0	0	270,0	0	1005,0	0	1197,0	ERA5
1042435	01/12/2022	19	01/12/2022	14	HNE	1,3	0	-8,0	0	50,0	0	37,0	0	290,0	0	1006,0	0	834,9	ERA5
1042436	01/12/2022	20	01/12/2022	15	HNE	1,1	0	-8,5	0	49,0	0	29,0	0	270,0	0	1008,0	0	458,1	ERA5
1042437	01/12/2022	21	01/12/2022	16	HNE	0,5	0	-8,0	0	53,0	0	19,0	0	270,0	0	1009,0	0	260,3	ERA5
1042438	01/12/2022	22	01/12/2022	17	HNE	-0,2	0	-8,2	0	55,0	0	19,0	0	280,0	0	1010,0	0	9,7	ERA5
1042439	01/12/2022	23	01/12/2022	18	HNE	-1,9	0	-8,5	0	61,0	0	12,0	0	270,0	0	1012,0	0	0,0	ERA5
1042440	02/12/2022	00	01/12/2022	19	HNE	-2,3	0	-7,7	0	67,0	0	9,0	0	270,0	0	1012,0	0	0,0	ERA5
1042441	02/12/2022	01	01/12/2022	20	HNE	-2,1	0	-7,2	0	68,0	0	7,0	0	240,0	0	1013,0	0	0,0	ERA5
1042442	02/12/2022	02	01/12/2022	21	HNE	-2,9	0	-7,6	0	71,0	0	9,0	0	250,0	0	1013,0	0	0,0	ERA5
1042443	02/12/2022	03	01/12/2022	22	HNE	-2,6	0	-7,5	0	69,0	0	5,0	0	250,0	0	1014,0	0	0,0	ERA5
1042444	02/12/2022	04	01/12/2022	23	HNE	-3,2	0	-7,4	0	73,0	0	8,0	0	200,0	0	1014,0	0	0,0	ERA5
1042445	02/12/2022	05	02/12/2022	00	HNE	-3,4	0	-7,2	0	75,0	0	7,0	0	230,0	0	1014,0	0	0,0	ERA5
1042446	02/12/2022	06	02/12/2022	01	HNE	-3,9	0	-7,1	0	79,0	0	8,0	0	200,0	0	1015,0	0	0,0	ERA5
1042447	02/12/2022	07	02/12/2022	02	HNE	-3,4	0	-6,5	0	79,0	0	6,0	0	180,0	0	1015,0	0	0,0	ERA5
1042448	02/12/2022	08	02/12/2022	03	HNE	-3,5	0	-6,0	0	83,0	0	5,0	0	170,0	0	1015,0	0	0,0	ERA5
1042449	02/12/2022	09	02/12/2022	04	HNE	-2,9	0	-5,0	0	85,0	0	7,0	0	170,0	0	1015,0	0	0,0	ERA5
1042450	02/12/2022	10	02/12/2022	05	HNE	-2,5	0	-4,2	0	88,0	0	6,0	0	200,0	0	1015,0	0	0,0	ERA5
1042451	02/12/2022	11	02/12/2022	06	HNE	-1,7	0	-3,6	0	87,0	0	7,0	0	200,0	0	1015,0	0	0,0	ERA5
1042452	02/12/2022	12	02/12/2022	07	HNE	-1,9	0	-3,8	0	87,0	0	9,0	0	190,0	0	1015,0	0	0,0	ERA5
1042453	02/12/2022	13	02/12/2022	08	HNE	-1,3	0	-3,9	0	82,0	0	8,0	0	190,0	0	1015,0	0	32,7	ERA5
1042454	02/12/2022	14	02/12/2022	09	HNE	-0,2	0	-3,6	0	78,0	0	16,0	0	180,0	0	1014,0	0	329,3	ERA5
1042455	02/12/2022	15	02/12/2022	10	HNE	1,2	0	-3,5	0	71,0	0	16,0	0	190,0	0	1014,0	0	766,5	ERA5
1042456	02/12/2022	16	02/12/2022	11	HNE	1,7	0	-3,4	0	69,0	0	16,0	0	190,0	0	1014,0	0	1073,0	ERA5
1042457	02/12/2022	17	02/12/2022	12	HNE	1,8	0	-2,8	0	72,0	0	18,0	0	170,0	0	1013,0	0	943,7	ERA5
1042458	02/12/2022	18	02/12/2022	13	HNE	2,1	0	-3,8	0	65,0	0	21,0	0	180,0	0	1012,0	0	581,0	ERA5
1042459	02/12/2022	19	02/12/2022	14	HNE	2,0	0	-4,5	0	62,0	0	16,0	0	170,0	0	1011,0	0	477,6	ERA5
1042460	02/12/2022	20	02/12/2022	15	HNE	1,7	0	-4,7	0	62,0	0	20,0	0	150,0	0	1010,0	0	254,3	ERA5
1042461	02/12/2022	21	02/12/2022	16	HNE	1,5	0	-4,4	0	65,0	0	13,0	0	130,0	0	1009,0	0	134,1	ERA5
1042462	02/12/2022	22	02/12/2022	17	HNE	1,4	0	-4,1	0	67,0	0	15,0	0	120,0	0	1009,0	0	4,7	ERA5
1042463	02/12/2022	23	02/12/2022	18	HNE	1,8	0	-4,3	0	64,0	0	17,0	0	130,0	0	1008,0	0	0,0	ERA5
1042464	03/12/2022	00	02/12/2022	19	HNE	2,2	0	-4,6	0	60,0	0	16,0	0	140,0	0	1008,0	0	0,0	ERA5
1042465	03/12/2022	01	02/12/2022	20	HNE	2,4	0	-4,6	0	60,0	0	17,0	0	130,0	0	1007,0	0	0,0	ERA5
1042466	03/12/2022	02	02/12/2022	21	HNE	2,6	0	-4,5	0	60,0	0	16,0	0	140,0	0	1005,0	0	0,0	ERA5
1042467	03/12/2022	03	02/12/2022	22	HNE	2,1	0	-2,4	0	72,0	0	14,0	0	140,0	0	1004,0	0	0,0	ERA5
1042468	03/12/2022	04	02/12/2022	23	HNE	2,2	0	-2,5	0	71,0	0	18,0	0	120,0	0	1002,0	0	0,0	ERA5
1042469	03/12/2022	05	03/12/2022	00	HNE	2,5	0	-2,8	0	68,0	0	9,0	0	150,0	0	1003,0	0	0,0	ERA5
1042470	03/12/2022	06	03/12/2022	01	HNE	2,7	0	-2,5	0	69,0	0	10,0	0	150,0	0	1002,0	0	0,0	ERA5
1042471	03/12/2022	07	03/12/2022	02	HNE	3,0	0	-2,8	0	66,0	0	14,0	0	140,0	0	1000,0	0	0,0	ERA5
1042472	03/12/2022	08	03/12/2022	03	HNE	3,0	0	-2,2	0	69,0	0	10,0	0	130,0	0	999,0	0	0,0	ERA5
1042473	03/12/2022	09	03/12/2022	04	HNE	4,5	0	-2,7	0	59,0	0	19,0	0	170,0	0	997,0	0	0,0	ERA5
1042474	03/12/2022	10	03/12/2022	05	HNE	4,7	0	-1,9	0	62,0	0	18,0	0	160,0	0	996,0	0	0,0	ERA5
1042475	03/12/2022	11	03/12/2022	06	HNE	5,1	0	-1,1	0	64,0	0	19,0	0	180,0	0	995,0	0	0,0	ERA5
1042476	03/12/2022	12	03/12/2022	07	HNE	5,4	0	-0,5	0	66,0	0	18,0	0	170,0	0	995,0	0	0,0	ERA5
1042477	03/12/2022	13	03/12/2022	08	HNE	6,6	0	1,4	0	69,0	0	27,0	0	190,0	0	994,0	0	3,6	ERA5
1042478	03/12/2022	14	03/12/2022	09	HNE	6,4	0	3,3	0	81,0	0	25,0	0	190,0	0	993,0	0	42,8	ERA5
1042479	03/12/2022	15	03/12/2022	10	HNE	6,8	0	3,6	0	80,0	0	27,0	0	190,0	0	992,0	0	96,9	ERA5
1042480	03/12/2022	16	03/12/2022	11	HNE	7,3	0	4,6	0	83,0	0	19,0	0	200,0	0	991,0	0	138,5	ERA5
1042481	03/12/2022	17	03/12/2022	12	HNE	8,0	0	5,8	0	86,0	0	28,0	0	180,0	0	988,0	0	179,7	ERA5
1042482	03/12/2022	18	03/12/2022	13	HNE	8,1	0	6,9	0	92,0	0	27,0	0	190,0	0	987,0	0	252,8	ERA5
1042483	03/12/2022	19	03/12/2022	14	HNE	8,6	0	7,5	0	93,0	0	36,0	0	210,0	0	987,0	0	131,3	ERA5
1042484	03/12/2022	20	03/12/2022	15	HNE	6,8	0	3,6	0	80,0	0	54,0	0	260,0	0	989,0	0	40,0	ERA5
1042485	03/12/2022	21	03/12/2022	16	HNE	5,0	0	1,3	0	77,0	0	39,0	0	260,0	0	993,0	0	158,2	ERA5
1042486	03/12/2022	22	03/12/2022	17	HNE	4,0	0	0,4	0	77,0	0	30,0	0	260,0	0	996,0	0	5,2	ERA5
1042487	03/12/2022	23	03/12/2022	18	HNE	3,7	0	-0,4	0	75,0	0	31,0	0	270,0	0	997,0	0	0,0	ERA5
1042488	04/12/2022	00	03/12/2022	19	HNE	3,5	0	-1,4	0	70,0	0	30,0	0	270,0	0	999,0	0	0,0	ERA5
1042489	04/12/2022	01	03/12/2022	20	HNE	1,5	0	-4,1	0	66,0	0	37,0	0	280,0	0	1001,0	0	0,0	ERA5
1042490	04/12/2022	02	03/12/2022	21	HNE	0,6	0	-5,7	0	63,0	0	36,0	0	270,0	0	1003,0	0	0,0	ERA5
1042491	04/12/2022	03	03/12/2022	22	HNE	-0,1	0	-6,5	0	62,0	0	36,0	0	300,0	0	1004,0	0	0,0	ERA5
1042492	04/12/2022	04	03/12/2022	23	HNE	-0,9	0	-8,1	0	58,0	0	40,0	0	280,0	0	1005,0	0	0,0	ERA5
1042493	04/12/2022	05	04/12/2022	00	HNE	-1,9	0	-8,5	0	61,0	0	28,0	0	290,0	0	1006,0	0	0,0	ERA5
1042494	04/12/2022	06	04/12/2022	01	HNE	-2,8	0	-9,4	0	61,0	0	22,0	0	280,0	0	1006,0	0	0,0	ERA5
1042495	04/12/2022	07	04/12/2022	02	HNE	-3,3	0	-9,1	0	65,0	0	22,0	0	310,0	0	1007,0	0	0,0	ERA5
1042496	04/12/2022	08	04/12/2022	03	HNE	-3,3	0	-10,0	0	60,0	0	23,0	0	280,0	0	1008,0	0	0,0	ERA5
1042497	04/12/2022	09	04/12/2022	04	HNE	-4,3	0	-10,3	0	63,0	0	22,0	0	280,0	0	1008,0	0	0,0	ERA5
1042498	04/12/2022	10	04/12/2022	05	HNE	-5,1	0	-10,4	0	67,0	0	20,0	0	270,0	0	1008,0	0	0,0	ERA5
1042499	04/12/2022	11	04/12/2022	06	HNE	-6,0	0	-11,2	0	67,0	0	13,0	0	280,0	0	1008,0	0	0,0	ERA5
1042500	04/12/2022	12	04/12/2022	07	HNE	-6,6	0	-10,7	0	73,0	0	9,0	0	260,0	0	1008,0	0	0,0	ERA5
1042501	04/12/2022	13	04/12/2022	08	HNE	-5,0	0	-10,3	0	67,0	0	4,0	0	290,0	0	1008,0	0	38,0	ERA5
1042502	04/12/2022	14	04/12/2022	09	HNE	-4,4	0	-9,5	0	68,0	0	3,0	0	200,0	0	1008,0	0	390,6	ERA5
1042503	04/12/2022	15	04/12/2022	10	HNE	-3,7	0	-10,4	0	60,0	0	3,0	0	120,0	0	1007,0	0	795,3	ERA5
1042504	04/12/2022	16	04/12/2022	11	HNE	-2,9	0	-9,7	0	60,0	0	8,0	0	150,0	0	1006,0	0	978,0	ERA5
1042505	04/12/2022	17	04/12/2022	12	HNE	-2,2	0	-8,3	0	63,0	0	10,0	0	150,0	0	1005,0	0	882,8	ERA5
1042506	04/12/2022	18	04/12/2022	13	HNE	-1,1	0	-6,9	0	65,0	0	15,0	0	140,0	0	1004,0	0	623,3	ERA5
1042507	04/12/2022	19	04/12/2022	14	HNE	0,4	0	-5,6	0	64,0	0	15,0	0	180,0	0	1003,0	0	460,2	ERA5
1042508	04/12/2022	20	04/12/2022	15	HNE	1,0	0	-7,3	0	54,0	0	20,0	0	200,0	0	1002,0	0	428,2	ERA5
1042509	04/12/2022	21	04/12/2022	16	HNE	0,6	0	-6,7	0	58,0	0	16,0	0	190,0	0	1002,0	0	185,4	ERA5
1042510	04/12/2022	22	04/12/2022	17	HNE	-1,0	0	-6,5	0	66,0	0	10,0	0	200,0	0	1002,0	0	7,8	ERA5
1042511	04/12/2022	23	04/12/2022	18	HNE	-0,5	0	-5,3	0	70,0	0	18,0	0	200,0	0	1002,0	0	0,0	ERA5
1042512	05/12/2022	00	04/12/2022	19	HNE	-1,0	0	-5,8	0	70,0	0	21,0	0	210,0	0	1002,0	0	0,0	ERA5
1042513	05/12/2022	01	04/12/2022	20	HNE	-0,8	0	-6,6	0	65,0	0	17,0	0	210,0	0	1002,0	0	0,0	ERA5
1042514	05/12/2022	02	04/12/2022	21	HNE	-1,5	0	-6,2	0	70,0	0	11,0	0	200,0	0	1002,0	0	0,0	ERA5
1042515	05/12/2022	03	04/12/2022	22	HNE	-1,2	0	-5,7	0	71,0	0	17,0	0	190,0	0	1001,0	0	0,0	ERA5
1042516	05/12/2022	04	04/12/2022	23	HNE	-0,8	0	-5,6	0	70,0	0	17,0	0	200,0	0	1001,0	0	0,0	ERA5
1042517	05/12/2022	05	05/12/2022	00	HNE	-0,6	0	-5,1	0	72,0	0	14,0	0	200,0	0	1001,0	0	0,0	ERA5
1042518	05/12/2022	06	05/12/2022	01	HNE	-0,3	0	-5,2	0	70,0	0	13,0	0	200,0	0	1001,0	0	0,0	ERA5
1042519	05/12/2022	07	05/12/2022	02	HNE	0,3	0	-4,0	0	73,0	0	16,0	0	190,0	0	1001,0	0	0,0	ERA5
1042520	05/12/2022	08	05/12/2022	03	HNE	0,4	0	-3,4	0	76,0	0	16,0	0	180,0	0	1001,0	0	0,0	ERA5
1042521	05/12/2022	09	05/12/2022	04	HNE	0,5	0	-3,5	0	74,0	0	18,0	0	190,0	0	1000,0	0	0,0	ERA5
1042522	05/12/2022	10	05/12/2022	05	HNE	0,9	0	-3,8	0	71,0	0	21,0	0	190,0	0	1000,0	0	0,0	ERA5
1042523	05/12/2022	11	05/12/2022	06	HNE	0,8	0	-3,8	0	72,0	0	20,0	0	200,0	0	1001,0	0	0,0	ERA5
1042524	05/12/2022	12	05/12/2022	07	HNE	0,4	0	-3,6	0	75,0	0	17,0	0	190,0	0	1001,0	0	0,0	ERA5
1042525	05/12/2022	13	05/12/2022	08	HNE	0,5	0	-3,2	0	76,0	0	15,0	0	190,0	0	1001,0	0	33,7	ERA5
1042526	05/12/2022	14	05/12/2022	09	HNE	0,8	0	-3,9	0	71,0	0	15,0	0	180,0	0	1002,0	0	386,7	ERA5
1042527	05/12/2022	15	05/12/2022	10	HNE	1,9	0	-3,7	0	66,0	0	19,0	0	180,0	0	1002,0	0	812,6	ERA5
1042528	05/12/2022	16	05/12/2022	11	HNE	3,0	0	-3,2	0	64,0	0	13,0	0	170,0	0	1002,0	0	1105,6	ERA5
1042529	05/12/2022	17	05/12/2022	12	HNE	3,5	0	-3,3	0	61,0	0	14,0	0	180,0	0	1001,0	0	1122,8	ERA5
1042530	05/12/2022	18	05/12/2022	13	HNE	5,5	0	-4,5	0	49,0	0	22,0	0	200,0	0	1001,0	0	803,4	ERA5
1042531	05/12/2022	19	05/12/2022	14	HNE	4,7	0	-4,6	0	51,0	0	20,0	0	210,0	0	1002,0	0	641,5	ERA5
1042532	05/12/2022	20	05/12/2022	15	HNE	4,2	0	-4,3	0	54,0	0	17,0	0	190,0	0	1002,0	0	414,9	ERA5
1042533	05/12/2022	21	05/12/2022	16	HNE	4,0	0	-4,7	0	53,0	0	19,0	0	190,0	0	1003,0	0	149,0	ERA5
1042534	05/12/2022	22	05/12/2022	17	HNE	4,0	0	-5,7	0	49,0	0	17,0	0	190,0	0	1003,0	0	5,5	ERA5
1042535	05/12/2022	23	05/12/2022	18	HNE	3,6	0	-6,5	0	47,0	0	12,0	0	190,0	0	1004,0	0	0,0	ERA5
1042536	06/12/2022	00	05/12/2022	19	HNE	3,4	0	-6,6	0	48,0	0	12,0	0	160,0	0	1004,0	0	0,0	ERA5
1042537	06/12/2022	01	05/12/2022	20	HNE	3,5	0	-7,4	0	45,0	0	9,0	0	170,0	0	1005,0	0	0,0	ERA5
1042538	06/12/2022	02	05/12/2022	21	HNE	4,0	0	-7,6	0	43,0	0	10,0	0	160,0	0	1005,0	0	0,0	ERA5
1042539	06/12/2022	03	05/12/2022	22	HNE	4,2	0	-7,5	0	42,0	0	13,0	0	170,0	0	1005,0	0	0,0	ERA5
1042540	06/12/2022	04	05/12/2022	23	HNE	4,4	0	-7,4	0	42,0	0	16,0	0	180,0	0	1005,0	0	0,0	ERA5
1042541	06/12/2022	05	06/12/2022	00	HNE	4,8	0	-7,1	0	42,0	0	16,0	0	180,0	0	1006,0	0	0,0	ERA5
1042542	06/12/2022	06	06/12/2022	01	HNE	4,4	0	-6,6	0	45,0	0	7,0	0	160,0	0	1006,0	0	0,0	ERA5
1042543	06/12/2022	07	06/12/2022	02	HNE	4,0	0	-6,0	0	48,0	0	11,0	0	150,0	0	1006,0	0	0,0	ERA5
1042544	06/12/2022	08	06/12/2022	03	HNE	4,4	0	-5,8	0	47,0	0	18,0	0	150,0	0	1006,0	0	0,0	ERA5
1042545	06/12/2022	09	06/12/2022	04	HNE	4,3	0	-5,8	0	48,0	0	15,0	0	160,0	0	1006,0	0	0,0	ERA5
1042546	06/12/2022	10	06/12/2022	05	HNE	3,3	0	-5,8	0	51,0	0	8,0	0	150,0	0	1007,0	0	0,0	ERA5
1042547	06/12/2022	11	06/12/2022	06	HNE	3,2	0	-5,3	0	54,0	0	8,0	0	140,0	0	1007,0	0	0,0	ERA5
1042548	06/12/2022	12	06/12/2022	07	HNE	3,5	0	-5,5	0	52,0	0	10,0	0	130,0	0	1008,0	0	0,0	ERA5
1042549	06/12/2022	13	06/12/2022	08	HNE	3,6	0	-5,5	0	51,0	0	9,0	0	130,0	0	1009,0	0	14,1	ERA5
1042550	06/12/2022	14	06/12/2022	09	HNE	3,2	0	-4,3	0	58,0	0	8,0	0	110,0	0	1009,0	0	161,0	ERA5
1042551	06/12/2022	15	06/12/2022	10	HNE	4,0	0	-3,9	0	56,0	0	7,0	0	50,0	0	1010,0	0	232,6	ERA5
1042552	06/12/2022	16	06/12/2022	11	HNE	4,5	0	-4,0	0	54,0	0	9,0	0	70,0	0	1010,0	0	165,1	ERA5
1042553	06/12/2022	17	06/12/2022	12	HNE	4,6	0	-3,2	0	57,0	0	11,0	0	50,0	0	1009,0	0	258,2	ERA5
1042554	06/12/2022	18	06/12/2022	13	HNE	4,2	0	1,1	0	81,0	0	8,0	0	170,0	0	1009,0	0	204,7	ERA5
1042555	06/12/2022	19	06/12/2022	14	HNE	3,6	0	2,0	0	89,0	0	9,0	0	120,0	0	1009,0	0	330,4	ERA5
1042556	06/12/2022	20	06/12/2022	15	HNE	3,1	0	2,3	0	95,0	0	9,0	0	80,0	0	1009,0	0	173,7	ERA5
1042557	06/12/2022	21	06/12/2022	16	HNE	2,7	0	2,3	0	97,0	0	16,0	0	90,0	0	1009,0	0	61,6	ERA5
1042558	06/12/2022	22	06/12/2022	17	HNE	2,4	0	2,1	0	98,0	0	14,0	0	80,0	0	1009,0	0	1,0	ERA5
1042559	06/12/2022	23	06/12/2022	18	HNE	2,4	0	2,2	0	99,0	0	11,0	0	60,0	0	1009,0	0	0,0	ERA5
1042560	07/12/2022	00	06/12/2022	19	HNE	1,8	0	1,8	0	99,0	0	13,0	0	40,0	0	1009,0	0	0,0	ERA5
1042561	07/12/2022	01	06/12/2022	20	HNE	1,8	0	1,8	0	100,0	0	12,0	0	60,0	0	1009,0	0	0,0	ERA5
1042562	07/12/2022	02	06/12/2022	21	HNE	1,7	0	1,7	0	100,0	0	13,0	0	30,0	0	1008,0	0	0,0	ERA5
1042563	07/12/2022	03	06/12/2022	22	HNE	2,0	0	2,0	0	100,0	0	14,0	0	40,0	0	1008,0	0	0,0	ERA5
1042564	07/12/2022	04	06/12/2022	23	HNE	2,1	0	2,1	0	100,0	0	11,0	0	50,0	0	1008,0	0	0,0	ERA5
1042565	07/12/2022	05	07/12/2022	00	HNE	2,2	0	2,2	0	100,0	0	12,0	0	30,0	0	1007,0	0	0,0	ERA5
1042566	07/12/2022	06	07/12/2022	01	HNE	2,7	0	2,7	0	100,0	0	13,0	0	20,0	0	1007,0	0	0,0	ERA5
1042567	07/12/2022	07	07/12/2022	02	HNE	2,8	0	2,8	0	100,0	0	12,0	0	50,0	0	1006,0	0	0,0	ERA5
1042568	07/12/2022	08	07/12/2022	03	HNE	3,1	0	3,1	0	100,0	0	8,0	0	50,0	0	1006,0	0	0,0	ERA5
1042569	07/12/2022	09	07/12/2022	04	HNE	3,2	0	3,2	0	100,0	0	7,0	0	60,0	0	1005,0	0	0,0	ERA5
1042570	07/12/2022	10	07/12/2022	05	HNE	3,5	0	3,5	0	100,0	0	5,0	0	40,0	0	1005,0	0	0,0	ERA5
1042571	07/12/2022	11	07/12/2022	06	HNE	3,6	0	3,6	0	100,0	0	5,0	0	300,0	0	1005,0	0	0,0	ERA5
1042572	07/12/2022	12	07/12/2022	07	HNE	3,6	0	3,6	0	100,0	0	13,0	0	300,0	0	1006,0	0	0,0	ERA5
1042573	07/12/2022	13	07/12/2022	08	HNE	3,5	0	3,5	0	100,0	0	14,0	0	300,0	0	1006,0	0	2,2	ERA5
1042574	07/12/2022	14	07/12/2022	09	HNE	3,6	0	3,6	0	100,0	0	13,0	0	320,0	0	1006,0	0	28,1	ERA5
1042575	07/12/2022	15	07/12/2022	10	HNE	4,1	0	4,1	0	100,0	0	9,0	0	310,0	0	1006,0	0	69,1	ERA5
1042576	07/12/2022	16	07/12/2022	11	HNE	4,1	0	4,0	0	99,0	0	11,0	0	330,0	0	1006,0	0	111,7	ERA5
1042577	07/12/2022	17	07/12/2022	12	HNE	4,2	0	4,0	0	99,0	0	11,0	0	300,0	0	1005,0	0	113,6	ERA5
1042578	07/12/2022	18	07/12/2022	13	HNE	4,0	0	4,0	0	99,0	0	8,0	0	240,0	0	1006,0	0	102,5	ERA5
1042579	07/12/2022	19	07/12/2022	14	HNE	4,2	0	4,1	0	99,0	0	10,0	0	300,0	0	1006,0	0	61,1	ERA5
1042580	07/12/2022	20	07/12/2022	15	HNE	4,3	0	4,2	0	99,0	0	13,0	0	280,0	0	1006,0	0	57,2	ERA5
1042581	07/12/2022	21	07/12/2022	16	HNE	4,3	0	4,1	0	99,0	0	10,0	0	310,0	0	1006,0	0	22,2	ERA5
1042582	07/12/2022	22	07/12/2022	17	HNE	4,1	0	3,8	0	98,0	0	14,0	0	310,0	0	1006,0	0	1,8	ERA5
1042583	07/12/2022	23	07/12/2022	18	HNE	4,1	0	3,7	0	97,0	0	8,0	0	280,0	0	1007,0	0	0,0	ERA5
1042584	08/12/2022	00	07/12/2022	19	HNE	4,0	0	3,4	0	96,0	0	13,0	0	320,0	0	1008,0	0	0,0	ERA5
1042585	08/12/2022	01	07/12/2022	20	HNE	3,8	0	2,7	0	93,0	0	17,0	0	320,0	0	1008,0	0	0,0	ERA5
1042586	08/12/2022	02	07/12/2022	21	HNE	3,4	0	2,4	0	93,0	0	13,0	0	300,0	0	1009,0	0	0,0	ERA5
1042587	08/12/2022	03	07/12/2022	22	HNE	3,4	0	2,7	0	96,0	0	9,0	0	280,0	0	1009,0	0	0,0	ERA5
1042588	08/12/2022	04	07/12/2022	23	HNE	3,1	0	2,3	0	94,0	0	13,0	0	290,0	0	1009,0	0	0,0	ERA5
1042589	08/12/2022	05	08/12/2022	00	HNE	2,8	0	2,2	0	96,0	0	11,0	0	300,0	0	1009,0	0	0,0	ERA5
1042590	08/12/2022	06	08/12/2022	01	HNE	2,9	0	2,3	0	96,0	0	11,0	0	300,0	0	1009,0	0	0,0	ERA5
1042591	08/12/2022	07	08/12/2022	02	HNE	2,5	0	1,9	0	96,0	0	7,0	0	280,0	0	1010,0	0	0,0	ERA5
1042592	08/12/2022	08	08/12/2022	03	HNE	2,6	0	1,9	0	95,0	0	13,0	0	290,0	0	1010,0	0	0,0	ERA5
1042593	08/12/2022	09	08/12/2022	04	HNE	2,2	0	1,8	0	97,0	0	10,0	0	280,0	0	1010,0	0	0,0	ERA5
1042594	08/12/2022	10	08/12/2022	05	HNE	1,7	0	1,3	0	98,0	0	6,0	0	290,0	0	1010,0	0	0,0	ERA5
1042595	08/12/2022	11	08/12/2022	06	HNE	1,4	0	0,1	0	91,0	0	15,0	0	340,0	0	1011,0	0	0,0	ERA5
1042596	08/12/2022	12	08/12/2022	07	HNE	0,2	0	-1,3	0	90,0	0	13,0	0	360,0	0	1012,0	0	0,0	ERA5
1042597	08/12/2022	13	08/12/2022	08	HNE	0,3	0	-1,1	0	91,0	0	16,0	0	330,0	0	1013,0	0	14,1	ERA5
1042598	08/12/2022	14	08/12/2022	09	HNE	0,3	0	-1,9	0	85,0	0	16,0	0	360,0	0	1013,0	0	206,9	ERA5
1042599	08/12/2022	15	08/12/2022	10	HNE	0,9	0	-1,8	0	82,0	0	13,0	0	350,0	0	1013,0	0	449,3	ERA5
1042600	08/12/2022	16	08/12/2022	11	HNE	1,3	0	-1,2	0	84,0	0	14,0	0	320,0	0	1013,0	0	682,8	ERA5
1042601	08/12/2022	17	08/12/2022	12	HNE	1,7	0	-1,8	0	78,0	0	16,0	0	320,0	0	1013,0	0	886,3	ERA5
1042602	08/12/2022	18	08/12/2022	13	HNE	2,5	0	-1,2	0	77,0	0	13,0	0	310,0	0	1013,0	0	1054,1	ERA5
1042603	08/12/2022	19	08/12/2022	14	HNE	2,2	0	-2,4	0	72,0	0	12,0	0	310,0	0	1013,0	0	996,8	ERA5
1042604	08/12/2022	20	08/12/2022	15	HNE	2,4	0	-2,5	0	70,0	0	9,0	0	320,0	0	1013,0	0	707,9	ERA5
1042605	08/12/2022	21	08/12/2022	16	HNE	1,2	0	-2,3	0	77,0	0	8,0	0	290,0	0	1014,0	0	276,7	ERA5
1042606	08/12/2022	22	08/12/2022	17	HNE	0,1	0	-3,0	0	79,0	0	16,0	0	340,0	0	1014,0	0	7,5	ERA5
1042607	08/12/2022	23	08/12/2022	18	HNE	-1,0	0	-3,9	0	81,0	0	14,0	0	340,0	0	1015,0	0	0,0	ERA5
1042608	09/12/2022	00	08/12/2022	19	HNE	-1,2	0	-4,1	0	81,0	0	18,0	0	340,0	0	1015,0	0	0,0	ERA5
1042609	09/12/2022	01	08/12/2022	20	HNE	-2,0	0	-4,3	0	84,0	0	17,0	0	320,0	0	1015,0	0	0,0	ERA5
1042610	09/12/2022	02	08/12/2022	21	HNE	-2,3	0	-4,8	0	83,0	0	16,0	0	330,0	0	1016,0	0	0,0	ERA5
1042611	09/12/2022	03	08/12/2022	22	HNE	-2,9	0	-5,1	0	84,0	0	12,0	0	340,0	0	1016,0	0	0,0	ERA5
1042612	09/12/2022	04	08/12/2022	23	HNE	-3,0	0	-5,7	0	82,0	0	14,0	0	360,0	0	1016,0	0	0,0	ERA5
1042613	09/12/2022	05	09/12/2022	00	HNE	-3,6	0	-5,8	0	85,0	0	14,0	0	10,0	0	1016,0	0	0,0	ERA5
1042614	09/12/2022	06	09/12/2022	01	HNE	-4,2	0	-6,2	0	86,0	0	11,0	0	10,0	0	1016,0	0	0,0	ERA5
1042615	09/12/2022	07	09/12/2022	02	HNE	-4,3	0	-6,0	0	88,0	0	11,0	0	360,0	0	1016,0	0	0,0	ERA5
1042616	09/12/2022	08	09/12/2022	03	HNE	-4,6	0	-6,2	0	89,0	0	11,0	0	360,0	0	1017,0	0	0,0	ERA5
1042617	09/12/2022	09	09/12/2022	04	HNE	-5,0	0	-7,0	0	86,0	0	10,0	0	350,0	0	1017,0	0	0,0	ERA5
1042618	09/12/2022	10	09/12/2022	05	HNE	-5,4	0	-6,7	0	90,0	0	14,0	0	330,0	0	1017,0	0	0,0	ERA5
1042619	09/12/2022	11	09/12/2022	06	HNE	-5,4	0	-6,9	0	89,0	0	12,0	0	350,0	0	1018,0	0	0,0	ERA5
1042620	09/12/2022	12	09/12/2022	07	HNE	-5,2	0	-7,4	0	85,0	0	17,0	0	350,0	0	1018,0	0	0,0	ERA5
1042621	09/12/2022	13	09/12/2022	08	HNE	-5,3	0	-7,5	0	84,0	0	12,0	0	350,0	0	1019,0	0	18,6	ERA5
1042622	09/12/2022	14	09/12/2022	09	HNE	-4,9	0	-8,0	0	79,0	0	21,0	0	340,0	0	1019,0	0	296,8	ERA5
1042623	09/12/2022	15	09/12/2022	10	HNE	-3,9	0	-7,9	0	74,0	0	21,0	0	360,0	0	1019,0	0	663,8	ERA5
1042624	09/12/2022	16	09/12/2022	11	HNE	-2,9	0	-7,3	0	71,0	0	11,0	0	350,0	0	1019,0	0	1069,7	ERA5
1042625	09/12/2022	17	09/12/2022	12	HNE	-2,3	0	-9,0	0	60,0	0	15,0	0	360,0	0	1019,0	0	1333,6	ERA5
1042626	09/12/2022	18	09/12/2022	13	HNE	-1,6	0	-9,7	0	54,0	0	9,0	0	340,0	0	1018,0	0	1316,8	ERA5
1042627	09/12/2022	19	09/12/2022	14	HNE	-1,2	0	-11,3	0	46,0	0	9,0	0	360,0	0	1018,0	0	1105,0	ERA5
1042628	09/12/2022	20	09/12/2022	15	HNE	-1,1	0	-11,9	0	44,0	0	16,0	0	360,0	0	1018,0	0	737,3	ERA5
1042629	09/12/2022	21	09/12/2022	16	HNE	-2,0	0	-12,6	0	45,0	0	15,0	0	350,0	0	1018,0	0	284,6	ERA5
1042630	09/12/2022	22	09/12/2022	17	HNE	-3,3	0	-10,6	0	57,0	0	17,0	0	350,0	0	1019,0	0	7,8	ERA5
1042631	09/12/2022	23	09/12/2022	18	HNE	-4,5	0	-10,4	0	63,0	0	17,0	0	360,0	0	1019,0	0	0,0	ERA5
1042632	10/12/2022	00	09/12/2022	19	HNE	-5,3	0	-10,5	0	67,0	0	26,0	0	10,0	0	1019,0	0	0,0	ERA5
1042633	10/12/2022	01	09/12/2022	20	HNE	-6,0	0	-10,7	0	70,0	0	21,0	0	10,0	0	1020,0	0	0,0	ERA5
1042634	10/12/2022	02	09/12/2022	21	HNE	-6,6	0	-11,1	0	70,0	0	17,0	0	10,0	0	1020,0	0	0,0	ERA5
1042635	10/12/2022	03	09/12/2022	22	HNE	-7,3	0	-11,6	0	71,0	0	16,0	0	30,0	0	1020,0	0	0,0	ERA5
1042636	10/12/2022	04	09/12/2022	23	HNE	-7,8	0	-12,8	0	68,0	0	20,0	0	40,0	0	1021,0	0	0,0	ERA5
1042637	10/12/2022	05	10/12/2022	00	HNE	-9,0	0	-12,9	0	73,0	0	16,0	0	40,0	0	1021,0	0	0,0	ERA5
1042638	10/12/2022	06	10/12/2022	01	HNE	-9,4	0	-13,1	0	75,0	0	17,0	0	40,0	0	1021,0	0	0,0	ERA5
1042639	10/12/2022	07	10/12/2022	02	HNE	-10,4	0	-13,4	0	79,0	0	13,0	0	50,0	0	1021,0	0	0,0	ERA5
1042640	10/12/2022	08	10/12/2022	03	HNE	-10,4	0	-13,8	0	76,0	0	17,0	0	50,0	0	1021,0	0	0,0	ERA5
1042641	10/12/2022	09	10/12/2022	04	HNE	-11,0	0	-13,8	0	80,0	0	13,0	0	40,0	0	1021,0	0	0,0	ERA5
1042642	10/12/2022	10	10/12/2022	05	HNE	-11,2	0	-13,8	0	82,0	0	12,0	0	30,0	0	1022,0	0	0,0	ERA5
1042643	10/12/2022	11	10/12/2022	06	HNE	-11,2	0	-13,8	0	81,0	0	18,0	0	40,0	0	1022,0	0	0,0	ERA5
1042644	10/12/2022	12	10/12/2022	07	HNE	-11,4	0	-13,8	0	83,0	0	17,0	0	40,0	0	1022,0	0	0,0	ERA5
1042645	10/12/2022	13	10/12/2022	08	HNE	-11,0	0	-13,7	0	81,0	0	13,0	0	30,0	0	1022,0	0	23,6	ERA5
1042646	10/12/2022	14	10/12/2022	09	HNE	-9,7	0	-14,4	0	69,0	0	23,0	0	60,0	0	1022,0	0	368,6	ERA5
1042647	10/12/2022	15	10/12/2022	10	HNE	-8,5	0	-13,9	0	65,0	0	20,0	0	70,0	0	1022,0	0	829,1	ERA5
1042648	10/12/2022	16	10/12/2022	11	HNE	-6,7	0	-14,0	0	56,0	0	26,0	0	70,0	0	1021,0	0	1179,0	ERA5
1042649	10/12/2022	17	10/12/2022	12	HNE	-6,2	0	-14,7	0	51,0	0	32,0	0	70,0	0	1019,0	0	1357,2	ERA5
1042650	10/12/2022	18	10/12/2022	13	HNE	-5,2	0	-13,8	0	51,0	0	25,0	0	60,0	0	1019,0	0	1342,1	ERA5
1042651	10/12/2022	19	10/12/2022	14	HNE	-5,3	0	-14,9	0	47,0	0	28,0	0	70,0	0	1018,0	0	1129,1	ERA5
1042652	10/12/2022	20	10/12/2022	15	HNE	-5,3	0	-14,7	0	48,0	0	27,0	0	70,0	0	1019,0	0	758,3	ERA5
1042653	10/12/2022	21	10/12/2022	16	HNE	-6,6	0	-13,5	0	58,0	0	14,0	0	90,0	0	1019,0	0	295,8	ERA5
1042654	10/12/2022	22	10/12/2022	17	HNE	-7,5	0	-13,1	0	65,0	0	16,0	0	80,0	0	1019,0	0	8,0	ERA5
1042655	10/12/2022	23	10/12/2022	18	HNE	-7,7	0	-12,6	0	69,0	0	21,0	0	90,0	0	1018,0	0	0,0	ERA5
1042656	11/12/2022	00	10/12/2022	19	HNE	-7,6	0	-12,5	0	68,0	0	18,0	0	80,0	0	1017,0	0	0,0	ERA5
1042657	11/12/2022	01	10/12/2022	20	HNE	-7,8	0	-12,5	0	70,0	0	22,0	0	70,0	0	1017,0	0	0,0	ERA5
1042658	11/12/2022	02	10/12/2022	21	HNE	-7,9	0	-12,3	0	71,0	0	24,0	0	70,0	0	1017,0	0	0,0	ERA5
1042659	11/12/2022	03	10/12/2022	22	HNE	-8,1	0	-11,9	0	74,0	0	25,0	0	70,0	0	1016,0	0	0,0	ERA5
1042660	11/12/2022	04	10/12/2022	23	HNE	-8,5	0	-11,9	0	77,0	0	18,0	0	60,0	0	1016,0	0	0,0	ERA5
1042661	11/12/2022	05	11/12/2022	00	HNE	-8,5	0	-11,7	0	77,0	0	22,0	0	60,0	0	1015,0	0	0,0	ERA5
1042662	11/12/2022	06	11/12/2022	01	HNE	-8,3	0	-11,7	0	77,0	0	19,0	0	80,0	0	1015,0	0	0,0	ERA5
1042663	11/12/2022	07	11/12/2022	02	HNE	-8,3	0	-11,8	0	77,0	0	26,0	0	90,0	0	1015,0	0	0,0	ERA5
1042664	11/12/2022	08	11/12/2022	03	HNE	-8,4	0	-11,7	0	77,0	0	25,0	0	70,0	0	1014,0	0	0,0	ERA5
1042665	11/12/2022	09	11/12/2022	04	HNE	-8,5	0	-11,7	0	78,0	0	19,0	0	70,0	0	1014,0	0	0,0	ERA5
1042666	11/12/2022	10	11/12/2022	05	HNE	-8,8	0	-12,0	0	78,0	0	27,0	0	70,0	0	1013,0	0	0,0	ERA5
1042667	11/12/2022	11	11/12/2022	06	HNE	-8,9	0	-12,1	0	78,0	0	19,0	0	70,0	0	1013,0	0	0,0	ERA5
1042668	11/12/2022	12	11/12/2022	07	HNE	-8,8	0	-12,2	0	77,0	0	19,0	0	70,0	0	1012,0	0	0,0	ERA5
1042669	11/12/2022	13	11/12/2022	08	HNE	-8,5	0	-12,2	0	75,0	0	23,0	0	80,0	0	1012,0	0	11,5	ERA5
1042670	11/12/2022	14	11/12/2022	09	HNE	-8,0	0	-11,8	0	74,0	0	23,0	0	70,0	0	1012,0	0	168,3	ERA5
1042671	11/12/2022	15	11/12/2022	10	HNE	-7,5	0	-11,5	0	73,0	0	20,0	0	60,0	0	1011,0	0	285,1	ERA5
1042672	11/12/2022	16	11/12/2022	11	HNE	-7,3	0	-9,4	0	85,0	0	19,0	0	60,0	0	1010,0	0	367,2	ERA5
1042673	11/12/2022	17	11/12/2022	12	HNE	-7,0	0	-8,6	0	89,0	0	19,0	0	60,0	0	1009,0	0	473,0	ERA5
1042674	11/12/2022	18	11/12/2022	13	HNE	-6,5	0	-8,1	0	89,0	0	22,0	0	50,0	0	1009,0	0	322,0	ERA5
1042675	11/12/2022	19	11/12/2022	14	HNE	-6,2	0	-7,8	0	89,0	0	23,0	0	60,0	0	1008,0	0	291,7	ERA5
1042676	11/12/2022	20	11/12/2022	15	HNE	-6,1	0	-7,8	0	88,0	0	23,0	0	50,0	0	1008,0	0	242,3	ERA5
1042677	11/12/2022	21	11/12/2022	16	HNE	-6,2	0	-7,8	0	89,0	0	20,0	0	60,0	0	1008,0	0	74,2	ERA5
1042678	11/12/2022	22	11/12/2022	17	HNE	-6,2	0	-7,9	0	87,0	0	21,0	0	60,0	0	1008,0	0	2,5	ERA5
1042679	11/12/2022	23	11/12/2022	18	HNE	-6,3	0	-8,1	0	87,0	0	21,0	0	60,0	0	1008,0	0	0,0	ERA5
1042680	12/12/2022	00	11/12/2022	19	HNE	-6,3	0	-7,7	0	90,0	0	14,0	0	60,0	0	1008,0	0	0,0	ERA5
1042681	12/12/2022	01	11/12/2022	20	HNE	-6,4	0	-7,8	0	90,0	0	14,0	0	50,0	0	1009,0	0	0,0	ERA5
1042682	12/12/2022	02	11/12/2022	21	HNE	-6,7	0	-8,0	0	91,0	0	13,0	0	40,0	0	1009,0	0	0,0	ERA5
1042683	12/12/2022	03	11/12/2022	22	HNE	-8,2	0	-9,1	0	93,0	0	8,0	0	50,0	0	1009,0	0	0,0	ERA5
1042684	12/12/2022	04	11/12/2022	23	HNE	-7,0	0	-8,0	0	93,0	0	10,0	0	50,0	0	1009,0	0	0,0	ERA5
1042685	12/12/2022	05	12/12/2022	00	HNE	-6,4	0	-7,8	0	90,0	0	11,0	0	40,0	0	1010,0	0	0,0	ERA5
1042686	12/12/2022	06	12/12/2022	01	HNE	-6,2	0	-7,9	0	88,0	0	5,0	0	50,0	0	1010,0	0	0,0	ERA5
1042687	12/12/2022	07	12/12/2022	02	HNE	-5,9	0	-7,5	0	89,0	0	5,0	0	50,0	0	1010,0	0	0,0	ERA5
1042688	12/12/2022	08	12/12/2022	03	HNE	-5,7	0	-7,2	0	89,0	0	5,0	0	30,0	0	1011,0	0	0,0	ERA5
1042689	12/12/2022	09	12/12/2022	04	HNE	-4,9	0	-7,6	0	81,0	0	9,0	0	20,0	0	1011,0	0	0,0	ERA5
1042690	12/12/2022	10	12/12/2022	05	HNE	-4,8	0	-7,7	0	80,0	0	13,0	0	30,0	0	1012,0	0	0,0	ERA5
1042691	12/12/2022	11	12/12/2022	06	HNE	-5,2	0	-8,0	0	81,0	0	9,0	0	50,0	0	1012,0	0	0,0	ERA5
1042692	12/12/2022	12	12/12/2022	07	HNE	-6,4	0	-8,9	0	82,0	0	11,0	0	50,0	0	1013,0	0	0,0	ERA5
1042693	12/12/2022	13	12/12/2022	08	HNE	-8,4	0	-10,6	0	84,0	0	10,0	0	60,0	0	1013,0	0	19,9	ERA5
1042694	12/12/2022	14	12/12/2022	09	HNE	-7,4	0	-10,8	0	77,0	0	12,0	0	30,0	0	1014,0	0	351,9	ERA5
1042695	12/12/2022	15	12/12/2022	10	HNE	-6,5	0	-10,7	0	72,0	0	13,0	0	350,0	0	1015,0	0	816,7	ERA5
1042696	12/12/2022	16	12/12/2022	11	HNE	-6,1	0	-11,2	0	67,0	0	13,0	0	40,0	0	1015,0	0	1173,3	ERA5
1042697	12/12/2022	17	12/12/2022	12	HNE	-5,4	0	-11,7	0	62,0	0	5,0	0	320,0	0	1015,0	0	1359,2	ERA5
1042698	12/12/2022	18	12/12/2022	13	HNE	-4,9	0	-12,1	0	57,0	0	10,0	0	300,0	0	1014,0	0	1348,3	ERA5
1042699	12/12/2022	19	12/12/2022	14	HNE	-4,4	0	-11,1	0	60,0	0	10,0	0	280,0	0	1014,0	0	1125,1	ERA5
1042700	12/12/2022	20	12/12/2022	15	HNE	-4,5	0	-11,3	0	59,0	0	12,0	0	300,0	0	1014,0	0	758,7	ERA5
1042701	12/12/2022	21	12/12/2022	16	HNE	-6,4	0	-12,5	0	62,0	0	10,0	0	250,0	0	1014,0	0	297,0	ERA5
1042702	12/12/2022	22	12/12/2022	17	HNE	-6,2	0	-12,3	0	62,0	0	8,0	0	310,0	0	1015,0	0	8,2	ERA5
1042703	12/12/2022	23	12/12/2022	18	HNE	-8,5	0	-14,6	0	62,0	0	15,0	0	320,0	0	1015,0	0	0,0	ERA5
1042704	13/12/2022	00	12/12/2022	19	HNE	-9,1	0	-14,9	0	63,0	0	13,0	0	320,0	0	1015,0	0	0,0	ERA5
1042705	13/12/2022	01	12/12/2022	20	HNE	-9,6	0	-15,5	0	62,0	0	13,0	0	330,0	0	1015,0	0	0,0	ERA5
1042706	13/12/2022	02	12/12/2022	21	HNE	-8,3	0	-14,8	0	60,0	0	16,0	0	330,0	0	1015,0	0	0,0	ERA5
1042707	13/12/2022	03	12/12/2022	22	HNE	-8,15	4.lineaire	-14,15	4.lineaire	62,5	4.lineaire	17,5	4.lineaire	330,0	4.lineaire	1015,0	4.lineaire	0,0	ERA5
1042708	13/12/2022	04	12/12/2022	23	HNE	-8,0	0	-13,5	0	65,0	0	19,0	0	330,0	0	1015,0	0	0,0	ERA5
1042709	13/12/2022	05	13/12/2022	00	HNE	-11,2	0	-14,5	0	77,0	0	7,0	0	270,0	0	1015,0	0	0,0	ERA5
1042710	13/12/2022	06	13/12/2022	01	HNE	-11,4	0	-14,4	0	79,0	0	10,0	0	270,0	0	1014,0	0	0,0	ERA5
1042711	13/12/2022	07	13/12/2022	02	HNE	-11,3	0	-13,7	0	82,0	0	12,0	0	300,0	0	1015,0	0	0,0	ERA5
1042712	13/12/2022	08	13/12/2022	03	HNE	-10,7	0	-12,7	0	85,0	0	14,0	0	290,0	0	1015,0	0	0,0	ERA5
1042713	13/12/2022	09	13/12/2022	04	HNE	-10,7	0	-12,6	0	86,0	0	9,0	0	270,0	0	1015,0	0	0,0	ERA5
1042714	13/12/2022	10	13/12/2022	05	HNE	-11,9	0	-13,3	0	89,0	0	14,0	0	310,0	0	1015,0	0	0,0	ERA5
1042715	13/12/2022	11	13/12/2022	06	HNE	-12,6	0	-14,0	0	90,0	0	16,0	0	310,0	0	1015,0	0	0,0	ERA5
1042716	13/12/2022	12	13/12/2022	07	HNE	-12,1	0	-13,3	0	91,0	0	7,0	0	280,0	0	1015,0	0	0,0	ERA5
1042717	13/12/2022	13	13/12/2022	08	HNE	-12,4	0	-13,6	0	91,0	0	10,0	0	260,0	0	1015,0	0	10,7	ERA5
1042718	13/12/2022	14	13/12/2022	09	HNE	-9,7	0	-11,5	0	87,0	0	14,0	0	280,0	0	1015,0	0	190,6	ERA5
1042719	13/12/2022	15	13/12/2022	10	HNE	-8,2	0	-11,0	0	80,0	0	14,0	0	270,0	0	1015,0	0	448,0	ERA5
1042720	13/12/2022	16	13/12/2022	11	HNE	-7,0	0	-10,4	0	76,0	0	22,0	0	290,0	0	1014,0	0	754,8	ERA5
1042721	13/12/2022	17	13/12/2022	12	HNE	-5,5	0	-9,8	0	72,0	0	12,0	0	280,0	0	1014,0	0	951,4	ERA5
1042722	13/12/2022	18	13/12/2022	13	HNE	-4,3	0	-8,8	0	71,0	0	18,0	0	260,0	0	1013,0	0	1187,1	ERA5
1042723	13/12/2022	19	13/12/2022	14	HNE	-3,3	0	-8,1	0	70,0	0	11,0	0	290,0	0	1012,0	0	1054,7	ERA5
1042724	13/12/2022	20	13/12/2022	15	HNE	-3,0	0	-7,6	0	70,0	0	17,0	0	280,0	0	1012,0	0	725,8	ERA5
1042725	13/12/2022	21	13/12/2022	16	HNE	-4,0	0	-8,1	0	73,0	0	16,0	0	270,0	0	1011,0	0	284,6	ERA5
1042726	13/12/2022	22	13/12/2022	17	HNE	-5,7	0	-8,8	0	79,0	0	16,0	0	260,0	0	1011,0	0	7,9	ERA5
1042727	13/12/2022	23	13/12/2022	18	HNE	-4,7	0	-8,2	0	77,0	0	23,0	0	280,0	0	1010,0	0	0,0	ERA5
1042728	14/12/2022	00	13/12/2022	19	HNE	-4,2	0	-7,5	0	78,0	0	25,0	0	290,0	0	1010,0	0	0,0	ERA5
1042729	14/12/2022	01	13/12/2022	20	HNE	-4,7	0	-7,3	0	82,0	0	22,0	0	300,0	0	1010,0	0	0,0	ERA5
1042730	14/12/2022	02	13/12/2022	21	HNE	-4,7	0	-8,3	0	76,0	0	18,0	0	350,0	0	1010,0	0	0,0	ERA5
1042731	14/12/2022	03	13/12/2022	22	HNE	-5,1	0	-8,9	0	75,0	0	17,0	0	320,0	0	1010,0	0	0,0	ERA5
1042732	14/12/2022	04	13/12/2022	23	HNE	-5,2	0	-10,2	0	68,0	0	26,0	0	340,0	0	1011,0	0	0,0	ERA5
1042733	14/12/2022	05	14/12/2022	00	HNE	-6,4	0	-11,0	0	70,0	0	27,0	0	330,0	0	1011,0	0	0,0	ERA5
1042734	14/12/2022	06	14/12/2022	01	HNE	-7,0	0	-11,3	0	72,0	0	22,0	0	330,0	0	1011,0	0	0,0	ERA5
1042735	14/12/2022	07	14/12/2022	02	HNE	-8,0	0	-11,5	0	76,0	0	24,0	0	320,0	0	1012,0	0	0,0	ERA5
1042736	14/12/2022	08	14/12/2022	03	HNE	-8,4	0	-11,9	0	76,0	0	27,0	0	320,0	0	1012,0	0	0,0	ERA5
1042737	14/12/2022	09	14/12/2022	04	HNE	-8,9	0	-12,6	0	75,0	0	19,0	0	310,0	0	1012,0	0	0,0	ERA5
1042738	14/12/2022	10	14/12/2022	05	HNE	-9,1	0	-12,8	0	75,0	0	24,0	0	320,0	0	1011,0	0	0,0	ERA5
1042739	14/12/2022	11	14/12/2022	06	HNE	-9,8	0	-13,5	0	75,0	0	13,0	0	310,0	0	1011,0	0	0,0	ERA5
1042740	14/12/2022	12	14/12/2022	07	HNE	-11,2	0	-14,1	0	80,0	0	10,0	0	300,0	0	1012,0	0	0,0	ERA5
1042741	14/12/2022	13	14/12/2022	08	HNE	-10,1	0	-13,3	0	77,0	0	9,0	0	290,0	0	1013,0	0	15,4	ERA5
1042742	14/12/2022	14	14/12/2022	09	HNE	-8,7	0	-12,3	0	75,0	0	16,0	0	280,0	0	1013,0	0	314,0	ERA5
1042743	14/12/2022	15	14/12/2022	10	HNE	-7,5	0	-11,9	0	71,0	0	21,0	0	310,0	0	1014,0	0	749,3	ERA5
1042744	14/12/2022	16	14/12/2022	11	HNE	-6,4	0	-11,3	0	68,0	0	17,0	0	310,0	0	1013,0	0	1098,9	ERA5
1042745	14/12/2022	17	14/12/2022	12	HNE	-4,5	0	-10,0	0	65,0	0	17,0	0	330,0	0	1012,0	0	1264,6	ERA5
1042746	14/12/2022	18	14/12/2022	13	HNE	-3,5	0	-9,4	0	64,0	0	13,0	0	310,0	0	1011,0	0	1269,0	ERA5
1042747	14/12/2022	19	14/12/2022	14	HNE	-2,9	0	-8,9	0	64,0	0	13,0	0	290,0	0	1011,0	0	1074,1	ERA5
1042748	14/12/2022	20	14/12/2022	15	HNE	-2,7	0	-8,6	0	64,0	0	8,0	0	300,0	0	1012,0	0	723,4	ERA5
1042749	14/12/2022	21	14/12/2022	16	HNE	-4,2	0	-9,1	0	69,0	0	9,0	0	270,0	0	1012,0	0	281,6	ERA5
1042750	14/12/2022	22	14/12/2022	17	HNE	-4,2	0	-9,0	0	69,0	0	12,0	0	330,0	0	1012,0	0	8,0	ERA5
1042751	14/12/2022	23	14/12/2022	18	HNE	-5,1	0	-9,8	0	70,0	0	13,0	0	330,0	0	1012,0	0	0,0	ERA5
1042752	15/12/2022	00	14/12/2022	19	HNE	-6,2	0	-10,3	0	73,0	0	10,0	0	330,0	0	1013,0	0	0,0	ERA5
1042753	15/12/2022	01	14/12/2022	20	HNE	-4,3	0	-8,7	0	71,0	0	15,0	0	350,0	0	1013,0	0	0,0	ERA5
1042754	15/12/2022	02	14/12/2022	21	HNE	-4,8	0	-9,1	0	72,0	0	10,0	0	350,0	0	1013,0	0	0,0	ERA5
1042755	15/12/2022	03	14/12/2022	22	HNE	-6,5	0	-10,0	0	77,0	0	10,0	0	20,0	0	1012,0	0	0,0	ERA5
1042756	15/12/2022	04	14/12/2022	23	HNE	-6,2	0	-9,3	0	79,0	0	11,0	0	20,0	0	1013,0	0	0,0	ERA5
1042757	15/12/2022	05	15/12/2022	00	HNE	-5,5	0	-8,1	0	82,0	0	9,0	0	210,0	0	1014,0	0	0,0	ERA5
1042758	15/12/2022	06	15/12/2022	01	HNE	-4,8	0	-7,2	0	83,0	0	4,0	0	50,0	0	1013,0	0	0,0	ERA5
1042759	15/12/2022	07	15/12/2022	02	HNE	-3,8	0	-6,3	0	83,0	0	7,0	0	20,0	0	1013,0	0	0,0	ERA5
1042760	15/12/2022	08	15/12/2022	03	HNE	-2,8	0	-5,7	0	81,0	0	13,0	0	60,0	0	1013,0	0	0,0	ERA5
1042761	15/12/2022	09	15/12/2022	04	HNE	-1,4	0	-4,6	0	79,0	0	18,0	0	70,0	0	1012,0	0	0,0	ERA5
1042762	15/12/2022	10	15/12/2022	05	HNE	0,1	0	-2,7	0	81,0	0	25,0	0	80,0	0	1012,0	0	0,0	ERA5
1042763	15/12/2022	11	15/12/2022	06	HNE	0,7	0	-2,2	0	81,0	0	27,0	0	90,0	0	1011,0	0	0,0	ERA5
1042764	15/12/2022	12	15/12/2022	07	HNE	1,0	0	-1,9	0	81,0	0	33,0	0	90,0	0	1011,0	0	0,0	ERA5
1042765	15/12/2022	13	15/12/2022	08	HNE	0,9	0	-1,9	0	81,0	0	36,0	0	80,0	0	1011,0	0	11,4	ERA5
1042766	15/12/2022	14	15/12/2022	09	HNE	1,2	0	-2,0	0	79,0	0	31,0	0	100,0	0	1011,0	0	167,4	ERA5
1042767	15/12/2022	15	15/12/2022	10	HNE	1,2	0	-1,9	0	80,0	0	35,0	0	90,0	0	1011,0	0	361,3	ERA5
1042768	15/12/2022	16	15/12/2022	11	HNE	1,1	0	-1,9	0	80,0	0	35,0	0	90,0	0	1009,0	0	644,3	ERA5
1042769	15/12/2022	17	15/12/2022	12	HNE	1,5	0	-1,7	0	79,0	0	30,0	0	90,0	0	1008,0	0	882,2	ERA5
1042770	15/12/2022	18	15/12/2022	13	HNE	1,8	0	-1,6	0	78,0	0	31,0	0	80,0	0	1007,0	0	792,6	ERA5
1042771	15/12/2022	19	15/12/2022	14	HNE	2,2	0	-1,4	0	77,0	0	32,0	0	80,0	0	1007,0	0	552,4	ERA5
1042772	15/12/2022	20	15/12/2022	15	HNE	2,3	0	-1,4	0	77,0	0	22,0	0	90,0	0	1007,0	0	366,6	ERA5
1042773	15/12/2022	21	15/12/2022	16	HNE	2,4	0	-1,5	0	75,0	0	27,0	0	80,0	0	1006,0	0	163,4	ERA5
1042774	15/12/2022	22	15/12/2022	17	HNE	2,5	0	-1,4	0	76,0	0	27,0	0	80,0	0	1006,0	0	5,2	ERA5
1042775	15/12/2022	23	15/12/2022	18	HNE	2,0	0	-1,2	0	79,0	0	29,0	0	70,0	0	1006,0	0	0,0	ERA5
1042776	16/12/2022	00	15/12/2022	19	HNE	1,9	0	-1,4	0	79,0	0	24,0	0	80,0	0	1006,0	0	0,0	ERA5
1042777	16/12/2022	01	15/12/2022	20	HNE	1,5	0	-1,6	0	80,0	0	21,0	0	80,0	0	1006,0	0	0,0	ERA5
1042778	16/12/2022	02	15/12/2022	21	HNE	1,4	0	-1,6	0	81,0	0	25,0	0	70,0	0	1005,0	0	0,0	ERA5
1042779	16/12/2022	03	15/12/2022	22	HNE	1,3	0	-1,6	0	81,0	0	24,0	0	70,0	0	1005,0	0	0,0	ERA5
1042780	16/12/2022	04	15/12/2022	23	HNE	1,3	0	-1,6	0	81,0	0	25,0	0	80,0	0	1004,0	0	0,0	ERA5
1042781	16/12/2022	05	16/12/2022	00	HNE	0,8	0	-1,2	0	86,0	0	16,0	0	100,0	0	1004,0	0	0,0	ERA5
1042782	16/12/2022	06	16/12/2022	01	HNE	0,566667	4.lineaire	-0,4	0	97,0	0	22,0	0	80,0	0	1004,0	0	0,0	ERA5
1042783	16/12/2022	07	16/12/2022	02	HNE	0,333333	4.lineaire	-0,4	0	97,0	0	32,0	0	80,0	0	1003,0	0	0,0	ERA5
1042784	16/12/2022	08	16/12/2022	03	HNE	0,1	0	-0,3	0	97,0	0	34,0	0	70,0	0	1002,0	0	0,0	ERA5
1042785	16/12/2022	09	16/12/2022	04	HNE	0,2	0	-0,3	0	97,0	0	32,0	0	80,0	0	1001,0	0	0,0	ERA5
1042786	16/12/2022	10	16/12/2022	05	HNE	0,2	0	-0,3	0	97,0	0	34,0	0	80,0	0	1001,0	0	0,0	ERA5
1042787	16/12/2022	11	16/12/2022	06	HNE	0,1	0	-0,5	0	96,0	0	31,0	0	70,0	0	1000,0	0	0,0	ERA5
1042788	16/12/2022	12	16/12/2022	07	HNE	-0,2	0	-0,8	0	96,0	0	28,0	0	80,0	0	1000,0	0	0,0	ERA5
1042789	16/12/2022	13	16/12/2022	08	HNE	-0,4	0	-1,1	0	96,0	0	31,0	0	80,0	0	1000,0	0	2,3	ERA5
1042790	16/12/2022	14	16/12/2022	09	HNE	-0,7	0	-1,3	0	95,0	0	33,0	0	80,0	0	1000,0	0	68,1	ERA5
1042791	16/12/2022	15	16/12/2022	10	HNE	-0,6	0	-1,4	0	94,0	0	31,0	0	80,0	0	999,0	0	169,8	ERA5
1042792	16/12/2022	16	16/12/2022	11	HNE	-0,6	0	-1,4	0	94,0	0	32,0	0	80,0	0	998,0	0	388,6	ERA5
1042793	16/12/2022	17	16/12/2022	12	HNE	-0,6	0	-1,6	0	93,0	0	28,0	0	70,0	0	997,0	0	342,6	ERA5
1042794	16/12/2022	18	16/12/2022	13	HNE	-0,7	0	-1,7	0	93,0	0	34,0	0	80,0	0	996,0	0	303,8	ERA5
1042795	16/12/2022	19	16/12/2022	14	HNE	-0,7	0	-1,6	0	94,0	0	26,0	0	70,0	0	996,0	0	299,7	ERA5
1042796	16/12/2022	20	16/12/2022	15	HNE	-0,8	0	-1,5	0	95,0	0	25,0	0	70,0	0	995,0	0	121,1	ERA5
1042797	16/12/2022	21	16/12/2022	16	HNE	-0,8	0	-1,4	0	96,0	0	23,0	0	70,0	0	995,0	0	39,9	ERA5
1042798	16/12/2022	22	16/12/2022	17	HNE	-0,7	0	-1,2	0	96,0	0	27,0	0	70,0	0	995,0	0	1,4	ERA5
1042799	16/12/2022	23	16/12/2022	18	HNE	-0,5	0	-1,0	0	96,0	0	20,0	0	70,0	0	995,0	0	0,0	ERA5
1042800	17/12/2022	00	16/12/2022	19	HNE	-0,2	0	-0,7	0	96,0	0	30,0	0	70,0	0	994,0	0	0,0	ERA5
1042801	17/12/2022	01	16/12/2022	20	HNE	-0,2	0	-0,8	0	95,0	0	23,0	0	80,0	0	993,0	0	0,0	ERA5
1042802	17/12/2022	02	16/12/2022	21	HNE	-0,3	0	-0,8	0	96,0	0	23,0	0	80,0	0	993,0	0	0,0	ERA5
1042803	17/12/2022	03	16/12/2022	22	HNE	-0,4	0	-0,9	0	96,0	0	21,0	0	80,0	0	992,0	0	0,0	ERA5
1042804	17/12/2022	04	16/12/2022	23	HNE	-0,4	0	-0,9	0	96,0	0	22,0	0	80,0	0	992,0	0	0,0	ERA5
1042805	17/12/2022	05	17/12/2022	00	HNE	-0,5	0	-0,9	0	97,0	0	21,0	0	90,0	0	992,0	0	0,0	ERA5
1042806	17/12/2022	06	17/12/2022	01	HNE	-0,5	0	-1,0	0	96,0	0	21,0	0	80,0	0	991,0	0	0,0	ERA5
1042807	17/12/2022	07	17/12/2022	02	HNE	-0,7	0	-1,1	0	97,0	0	13,0	0	80,0	0	991,0	0	0,0	ERA5
1042808	17/12/2022	08	17/12/2022	03	HNE	-0,9	0	-1,3	0	97,0	0	10,0	0	80,0	0	991,0	0	0,0	ERA5
1042809	17/12/2022	09	17/12/2022	04	HNE	-1,1	0	-1,4	0	97,0	0	10,0	0	50,0	0	991,0	0	0,0	ERA5
1042810	17/12/2022	10	17/12/2022	05	HNE	-1,2	0	-1,5	0	98,0	0	9,0	0	50,0	0	991,0	0	0,0	ERA5
1042811	17/12/2022	11	17/12/2022	06	HNE	-1,7	0	-1,9	0	98,0	0	9,0	0	40,0	0	991,0	0	0,0	ERA5
1042812	17/12/2022	12	17/12/2022	07	HNE	-2,0	0	-2,3	0	98,0	0	9,0	0	50,0	0	991,0	0	0,0	ERA5
1042813	17/12/2022	13	17/12/2022	08	HNE	-2,1	0	-2,3	0	99,0	0	9,0	0	50,0	0	991,0	0	5,7	ERA5
1042814	17/12/2022	14	17/12/2022	09	HNE	-1,4	0	-1,7	0	98,0	0	4,0	0	70,0	0	992,0	0	126,4	ERA5
1042815	17/12/2022	15	17/12/2022	10	HNE	-0,9	0	-1,5	0	96,0	0	3,0	0	100,0	0	992,0	0	270,5	ERA5
1042816	17/12/2022	16	17/12/2022	11	HNE	-0,6	0	-1,5	0	94,0	0	6,0	0	130,0	0	991,0	0	454,5	ERA5
1042817	17/12/2022	17	17/12/2022	12	HNE	-0,3	0	-1,2	0	93,0	0	3,0	0	0,0	0	991,0	0	447,7	ERA5
1042818	17/12/2022	18	17/12/2022	13	HNE	-0,1	0	-1,1	0	93,0	0	5,0	0	230,0	0	991,0	0	545,1	ERA5
1042819	17/12/2022	19	17/12/2022	14	HNE	0,05	4.lineaire	-1,0	0	93,0	0	5,0	0	190,0	0	991,0	0	550,8	ERA5
1042820	17/12/2022	20	17/12/2022	15	HNE	0,2	0	-1,0	0	92,0	0	3,0	0	0,0	0	991,0	0	336,0	ERA5
1042821	17/12/2022	21	17/12/2022	16	HNE	0,2	0	-1,2	0	90,0	0	11,0	0	220,0	0	991,0	0	155,7	ERA5
1042822	17/12/2022	22	17/12/2022	17	HNE	-0,05	4.lineaire	-1,3	0	91,0	0	9,0	0	220,0	0	992,0	0	5,9	ERA5
1042823	17/12/2022	23	17/12/2022	18	HNE	-0,3	0	-1,5	0	92,0	0	7,0	0	210,0	0	992,0	0	0,0	ERA5
1042824	18/12/2022	00	17/12/2022	19	HNE	-0,6	0	-1,8	0	92,0	0	9,0	0	210,0	0	992,0	0	0,0	ERA5
1042825	18/12/2022	01	17/12/2022	20	HNE	-0,4	0	-1,9	0	90,0	0	10,0	0	210,0	0	992,0	0	0,0	ERA5
1042826	18/12/2022	02	17/12/2022	21	HNE	-0,6	0	-2,2	0	89,0	0	7,0	0	210,0	0	992,0	0	0,0	ERA5
1042827	18/12/2022	03	17/12/2022	22	HNE	-0,7	0	-2,4	0	89,0	0	12,0	0	220,0	0	992,0	0	0,0	ERA5
1042828	18/12/2022	04	17/12/2022	23	HNE	-1,0	0	-2,4	0	90,0	0	9,0	0	220,0	0	992,0	0	0,0	ERA5
1042829	18/12/2022	05	18/12/2022	00	HNE	-1,2	0	-2,5	0	91,0	0	12,0	0	230,0	0	992,0	0	0,0	ERA5
1042830	18/12/2022	06	18/12/2022	01	HNE	-1,3	0	-2,8	0	90,0	0	11,0	0	230,0	0	993,0	0	0,0	ERA5
1042831	18/12/2022	07	18/12/2022	02	HNE	-1,6	0	-2,9	0	91,0	0	9,0	0	230,0	0	993,0	0	0,0	ERA5
1042832	18/12/2022	08	18/12/2022	03	HNE	-1,9	0	-3,3	0	91,0	0	11,0	0	240,0	0	994,0	0	0,0	ERA5
1042833	18/12/2022	09	18/12/2022	04	HNE	-3,1	0	-4,3	0	92,0	0	10,0	0	230,0	0	994,0	0	0,0	ERA5
1042834	18/12/2022	10	18/12/2022	05	HNE	-3,7	0	-4,7	0	92,0	0	9,0	0	210,0	0	994,0	0	0,0	ERA5
1042835	18/12/2022	11	18/12/2022	06	HNE	-4,9	0	-5,5	0	96,0	0	11,0	0	210,0	0	994,0	0	0,0	ERA5
1042836	18/12/2022	12	18/12/2022	07	HNE	-5,7	0	-6,2	0	97,0	0	12,0	0	220,0	0	994,0	0	0,0	ERA5
1042837	18/12/2022	13	18/12/2022	08	HNE	-5,9	0	-6,5	0	96,0	0	14,0	0	220,0	0	995,0	0	10,1	ERA5
1042838	18/12/2022	14	18/12/2022	09	HNE	-5,4	0	-6,4	0	93,0	0	12,0	0	210,0	0	995,0	0	263,2	ERA5
1042839	18/12/2022	15	18/12/2022	10	HNE	-4,7	0	-6,1	0	90,0	0	11,0	0	230,0	0	995,0	0	705,8	ERA5
1042840	18/12/2022	16	18/12/2022	11	HNE	-3,4	0	-5,5	0	85,0	0	13,0	0	220,0	0	996,0	0	1062,0	ERA5
1042841	18/12/2022	17	18/12/2022	12	HNE	-3,1	0	-5,3	0	84,0	0	15,0	0	230,0	0	995,0	0	1263,3	ERA5
1042842	18/12/2022	18	18/12/2022	13	HNE	-2,3	0	-5,3	0	80,0	0	10,0	0	230,0	0	995,0	0	1273,1	ERA5
1042843	18/12/2022	19	18/12/2022	14	HNE	-2,2	0	-4,9	0	82,0	0	8,0	0	250,0	0	996,0	0	911,1	ERA5
1042844	18/12/2022	20	18/12/2022	15	HNE	-1,8	0	-4,4	0	83,0	0	5,0	0	210,0	0	996,0	0	492,5	ERA5
1042845	18/12/2022	21	18/12/2022	16	HNE	-1,9	0	-4,5	0	83,0	0	2,0	0	0,0	0	997,0	0	173,8	ERA5
1042846	18/12/2022	22	18/12/2022	17	HNE	-1,8	0	-4,0	0	85,0	0	3,0	0	220,0	0	998,0	0	5,4	ERA5
1042847	18/12/2022	23	18/12/2022	18	HNE	-1,7	0	-3,9	0	85,0	0	3,0	0	0,0	0	998,0	0	0,0	ERA5
1042848	19/12/2022	00	18/12/2022	19	HNE	-3,4	0	-4,2	0	94,0	0	2,0	0	0,0	0	999,0	0	0,0	ERA5
1042849	19/12/2022	01	18/12/2022	20	HNE	-4,0	0	-4,4	0	97,0	0	7,0	0	200,0	0	999,0	0	0,0	ERA5
1042850	19/12/2022	02	18/12/2022	21	HNE	-4,1	0	-5,0	0	94,0	0	8,0	0	210,0	0	999,0	0	0,0	ERA5
1042851	19/12/2022	03	18/12/2022	22	HNE	-5,3	0	-5,8	0	96,0	0	7,0	0	210,0	0	999,0	0	0,0	ERA5
1042852	19/12/2022	04	18/12/2022	23	HNE	-6,0	0	-6,6	0	95,0	0	7,0	0	250,0	0	1000,0	0	0,0	ERA5
1042853	19/12/2022	05	19/12/2022	00	HNE	-6,4	0	-7,1	0	95,0	0	4,0	0	230,0	0	1000,0	0	0,0	ERA5
1042854	19/12/2022	06	19/12/2022	01	HNE	-7,9	0	-8,8	0	94,0	0	12,0	0	210,0	0	1000,0	0	0,0	ERA5
1042855	19/12/2022	07	19/12/2022	02	HNE	-7,2	0	-8,0	0	94,0	0	10,0	0	220,0	0	1001,0	0	0,0	ERA5
1042856	19/12/2022	08	19/12/2022	03	HNE	-8,7	0	-9,6	0	93,0	0	7,0	0	190,0	0	1001,0	0	0,0	ERA5
1042857	19/12/2022	09	19/12/2022	04	HNE	-6,9	0	-7,6	0	95,0	0	11,0	0	220,0	0	1002,0	0	0,0	ERA5
1042858	19/12/2022	10	19/12/2022	05	HNE	-5,8	0	-6,4	0	95,0	0	14,0	0	250,0	0	1002,0	0	0,0	ERA5
1042859	19/12/2022	11	19/12/2022	06	HNE	-5,9	0	-6,5	0	95,0	0	13,0	0	250,0	0	1003,0	0	0,0	ERA5
1042860	19/12/2022	12	19/12/2022	07	HNE	-6,6	0	-7,3	0	95,0	0	13,0	0	250,0	0	1003,0	0	0,0	ERA5
1042861	19/12/2022	13	19/12/2022	08	HNE	-6,8	0	-7,5	0	95,0	0	13,0	0	240,0	0	1004,0	0	7,9	ERA5
1042862	19/12/2022	14	19/12/2022	09	HNE	-5,8	0	-6,4	0	95,0	0	8,0	0	270,0	0	1005,0	0	187,7	ERA5
1042863	19/12/2022	15	19/12/2022	10	HNE	-3,9	0	-4,3	0	97,0	0	10,0	0	270,0	0	1006,0	0	465,2	ERA5
1042864	19/12/2022	16	19/12/2022	11	HNE	-3,0	0	-3,3	0	97,0	0	18,0	0	280,0	0	1006,0	0	749,6	ERA5
1042865	19/12/2022	17	19/12/2022	12	HNE	-2,6	0	-2,9	0	98,0	0	16,0	0	280,0	0	1006,0	0	1074,5	ERA5
1042866	19/12/2022	18	19/12/2022	13	HNE	-2,0	0	-2,7	0	94,0	0	10,0	0	290,0	0	1006,0	0	1090,2	ERA5
1042867	19/12/2022	19	19/12/2022	14	HNE	-1,5	0	-3,2	0	88,0	0	10,0	0	280,0	0	1007,0	0	706,2	ERA5
1042868	19/12/2022	20	19/12/2022	15	HNE	-1,2	0	-3,0	0	88,0	0	15,0	0	290,0	0	1008,0	0	460,1	ERA5
1042869	19/12/2022	21	19/12/2022	16	HNE	-1,0	0	-3,0	0	86,0	0	16,0	0	290,0	0	1009,0	0	233,3	ERA5
1042870	19/12/2022	22	19/12/2022	17	HNE	-1,2	0	-2,9	0	88,0	0	12,0	0	290,0	0	1010,0	0	8,5	ERA5
1042871	19/12/2022	23	19/12/2022	18	HNE	-1,9	0	-3,6	0	88,0	0	24,0	0	290,0	0	1010,0	0	0,0	ERA5
1042872	20/12/2022	00	19/12/2022	19	HNE	-3,0	0	-4,8	0	87,0	0	26,0	0	290,0	0	1011,0	0	0,0	ERA5
1042873	20/12/2022	01	19/12/2022	20	HNE	-4,1	0	-5,9	0	87,0	0	26,0	0	290,0	0	1012,0	0	0,0	ERA5
1042874	20/12/2022	02	19/12/2022	21	HNE	-4,5	0	-6,2	0	88,0	0	20,0	0	280,0	0	1013,0	0	0,0	ERA5
1042875	20/12/2022	03	19/12/2022	22	HNE	-4,4	0	-6,2	0	87,0	0	23,0	0	300,0	0	1013,0	0	0,0	ERA5
1042876	20/12/2022	04	19/12/2022	23	HNE	-5,5	0	-7,4	0	87,0	0	22,0	0	280,0	0	1014,0	0	0,0	ERA5
1042877	20/12/2022	05	20/12/2022	00	HNE	-5,9	0	-7,5	0	89,0	0	18,0	0	280,0	0	1014,0	0	0,0	ERA5
1042878	20/12/2022	06	20/12/2022	01	HNE	-7,4	0	-8,7	0	90,0	0	10,0	0	260,0	0	1015,0	0	0,0	ERA5
1042879	20/12/2022	07	20/12/2022	02	HNE	-7,4	0	-8,2	0	94,0	0	12,0	0	270,0	0	1015,0	0	0,0	ERA5
1042880	20/12/2022	08	20/12/2022	03	HNE	-7,0	0	-8,1	0	92,0	0	14,0	0	280,0	0	1015,0	0	0,0	ERA5
1042881	20/12/2022	09	20/12/2022	04	HNE	-7,6	0	-8,6	0	92,0	0	17,0	0	270,0	0	1015,0	0	0,0	ERA5
1042882	20/12/2022	10	20/12/2022	05	HNE	-7,9	0	-8,9	0	92,0	0	10,0	0	290,0	0	1016,0	0	0,0	ERA5
1042883	20/12/2022	11	20/12/2022	06	HNE	-7,4	0	-8,5	0	92,0	0	17,0	0	290,0	0	1016,0	0	0,0	ERA5
1042884	20/12/2022	12	20/12/2022	07	HNE	-8,0	0	-9,0	0	92,0	0	11,0	0	290,0	0	1017,0	0	0,0	ERA5
1042885	20/12/2022	13	20/12/2022	08	HNE	-8,7	0	-9,7	0	93,0	0	13,0	0	270,0	0	1017,0	0	6,2	ERA5
1042886	20/12/2022	14	20/12/2022	09	HNE	-8,8	0	-9,7	0	93,0	0	9,0	0	260,0	0	1018,0	0	172,5	ERA5
1042887	20/12/2022	15	20/12/2022	10	HNE	-6,7	0	-8,1	0	90,0	0	9,0	0	290,0	0	1017,0	0	441,8	ERA5
1042888	20/12/2022	16	20/12/2022	11	HNE	-6,5	0	-8,4	0	86,0	0	12,0	0	240,0	0	1017,0	0	647,8	ERA5
1042889	20/12/2022	17	20/12/2022	12	HNE	-5,6	0	-8,3	0	81,0	0	10,0	0	240,0	0	1017,0	0	786,1	ERA5
1042890	20/12/2022	18	20/12/2022	13	HNE	-5,1	0	-8,1	0	79,0	0	9,0	0	260,0	0	1017,0	0	638,5	ERA5
1042891	20/12/2022	19	20/12/2022	14	HNE	-4,7	0	-8,0	0	78,0	0	9,0	0	260,0	0	1016,0	0	596,4	ERA5
1042892	20/12/2022	20	20/12/2022	15	HNE	-4,9	0	-8,2	0	78,0	0	11,0	0	230,0	0	1016,0	0	408,7	ERA5
1042893	20/12/2022	21	20/12/2022	16	HNE	-5,7	0	-8,5	0	81,0	0	7,0	0	240,0	0	1017,0	0	164,6	ERA5
1042894	20/12/2022	22	20/12/2022	17	HNE	-6,9	0	-9,0	0	85,0	0	7,0	0	280,0	0	1017,0	0	6,5	ERA5
1042895	20/12/2022	23	20/12/2022	18	HNE	-5,5	0	-7,9	0	83,0	0	2,0	0	0,0	0	1017,0	0	0,0	ERA5
1042896	21/12/2022	00	20/12/2022	19	HNE	-5,5	0	-7,7	0	84,0	0	8,0	0	210,0	0	1017,0	0	0,0	ERA5
1042897	21/12/2022	01	20/12/2022	20	HNE	-5,3	0	-7,4	0	85,0	0	12,0	0	210,0	0	1017,0	0	0,0	ERA5
1042898	21/12/2022	02	20/12/2022	21	HNE	-5,3	0	-7,7	0	83,0	0	11,0	0	190,0	0	1016,0	0	0,0	ERA5
1042899	21/12/2022	03	20/12/2022	22	HNE	-5,5	0	-7,3	0	87,0	0	10,0	0	150,0	0	1016,0	0	0,0	ERA5
1042900	21/12/2022	04	20/12/2022	23	HNE	-5,5	0	-7,0	0	89,0	0	9,0	0	160,0	0	1016,0	0	0,0	ERA5
1042901	21/12/2022	05	21/12/2022	00	HNE	-5,5	0	-6,8	0	90,0	0	9,0	0	160,0	0	1015,0	0	0,0	ERA5
1042902	21/12/2022	06	21/12/2022	01	HNE	-5,4	0	-6,7	0	90,0	0	11,0	0	150,0	0	1015,0	0	0,0	ERA5
1042903	21/12/2022	07	21/12/2022	02	HNE	-5,3	0	-6,7	0	90,0	0	8,0	0	170,0	0	1015,0	0	0,0	ERA5
1042904	21/12/2022	08	21/12/2022	03	HNE	-5,2	0	-6,5	0	90,0	0	7,0	0	180,0	0	1015,0	0	0,0	ERA5
1042905	21/12/2022	09	21/12/2022	04	HNE	-5,0	0	-6,4	0	90,0	0	6,0	0	150,0	0	1014,0	0	0,0	ERA5
1042906	21/12/2022	10	21/12/2022	05	HNE	-4,6	0	-6,0	0	90,0	0	9,0	0	140,0	0	1014,0	0	0,0	ERA5
1042907	21/12/2022	11	21/12/2022	06	HNE	-4,0	0	-5,6	0	89,0	0	7,0	0	190,0	0	1014,0	0	0,0	ERA5
1042908	21/12/2022	12	21/12/2022	07	HNE	-3,9	0	-5,5	0	89,0	0	10,0	0	170,0	0	1014,0	0	0,0	ERA5
1042909	21/12/2022	13	21/12/2022	08	HNE	-4,6	0	-5,7	0	92,0	0	14,0	0	170,0	0	1013,0	0	7,5	ERA5
1042910	21/12/2022	14	21/12/2022	09	HNE	-3,5	0	-5,1	0	89,0	0	9,0	0	200,0	0	1014,0	0	256,4	ERA5
1042911	21/12/2022	15	21/12/2022	10	HNE	-2,3	0	-4,2	0	87,0	0	14,0	0	210,0	0	1014,0	0	666,8	ERA5
1042912	21/12/2022	16	21/12/2022	11	HNE	-1,3	0	-3,8	0	83,0	0	23,0	0	220,0	0	1014,0	0	1027,3	ERA5
1042913	21/12/2022	17	21/12/2022	12	HNE	-0,6	0	-4,7	0	74,0	0	23,0	0	240,0	0	1014,0	0	1005,6	ERA5
1042914	21/12/2022	18	21/12/2022	13	HNE	-0,6	0	-5,4	0	70,0	0	27,0	0	250,0	0	1014,0	0	851,7	ERA5
1042915	21/12/2022	19	21/12/2022	14	HNE	-3,5	0	-6,6	0	79,0	0	24,0	0	310,0	0	1015,0	0	598,3	ERA5
1042916	21/12/2022	20	21/12/2022	15	HNE	-3,7	0	-7,9	0	73,0	0	19,0	0	280,0	0	1015,0	0	418,8	ERA5
1042917	21/12/2022	21	21/12/2022	16	HNE	-4,3	0	-8,2	0	75,0	0	9,0	0	270,0	0	1016,0	0	230,8	ERA5
1042918	21/12/2022	22	21/12/2022	17	HNE	-4,8	0	-8,5	0	76,0	0	8,0	0	260,0	0	1017,0	0	8,6	ERA5
1042919	21/12/2022	23	21/12/2022	18	HNE	-5,2	0	-8,4	0	78,0	0	6,0	0	280,0	0	1017,0	0	0,0	ERA5
1042920	22/12/2022	00	21/12/2022	19	HNE	-7,1	0	-9,0	0	86,0	0	6,0	0	260,0	0	1017,0	0	0,0	ERA5
1042921	22/12/2022	01	21/12/2022	20	HNE	-8,1	0	-9,5	0	89,0	0	1,0	0	0,0	0	1017,0	0	0,0	ERA5
1042922	22/12/2022	02	21/12/2022	21	HNE	-7,3	0	-9,4	0	85,0	0	8,0	0	10,0	0	1018,0	0	0,0	ERA5
1042923	22/12/2022	03	21/12/2022	22	HNE	-8,1	0	-9,8	0	88,0	0	11,0	0	40,0	0	1018,0	0	0,0	ERA5
1042924	22/12/2022	04	21/12/2022	23	HNE	-8,8	0	-10,9	0	85,0	0	8,0	0	70,0	0	1018,0	0	0,0	ERA5
1042925	22/12/2022	05	22/12/2022	00	HNE	-8,9	0	-10,6	0	87,0	0	10,0	0	60,0	0	1018,0	0	0,0	ERA5
1042926	22/12/2022	06	22/12/2022	01	HNE	-10,1	0	-11,4	0	90,0	0	8,0	0	60,0	0	1018,0	0	0,0	ERA5
1042927	22/12/2022	07	22/12/2022	02	HNE	-11,2	0	-12,2	0	93,0	0	8,0	0	70,0	0	1018,0	0	0,0	ERA5
1042928	22/12/2022	08	22/12/2022	03	HNE	-11,1	0	-11,9	0	93,0	0	15,0	0	40,0	0	1018,0	0	0,0	ERA5
1042929	22/12/2022	09	22/12/2022	04	HNE	-11,7	0	-12,8	0	92,0	0	17,0	0	40,0	0	1017,0	0	0,0	ERA5
1042930	22/12/2022	10	22/12/2022	05	HNE	-11,1	0	-12,4	0	90,0	0	17,0	0	50,0	0	1017,0	0	0,0	ERA5
1042931	22/12/2022	11	22/12/2022	06	HNE	-9,9	0	-11,4	0	89,0	0	24,0	0	60,0	0	1016,0	0	0,0	ERA5
1042932	22/12/2022	12	22/12/2022	07	HNE	-9,6	0	-11,6	0	86,0	0	23,0	0	60,0	0	1015,0	0	0,0	ERA5
1042933	22/12/2022	13	22/12/2022	08	HNE	-9,1	0	-11,4	0	83,0	0	21,0	0	60,0	0	1015,0	0	5,9	ERA5
1042934	22/12/2022	14	22/12/2022	09	HNE	-8,6	0	-10,8	0	84,0	0	24,0	0	70,0	0	1015,0	0	149,3	ERA5
1042935	22/12/2022	15	22/12/2022	10	HNE	-7,5	0	-10,1	0	82,0	0	23,0	0	70,0	0	1014,0	0	388,7	ERA5
1042936	22/12/2022	16	22/12/2022	11	HNE	-5,8	0	-9,7	0	74,0	0	31,0	0	80,0	0	1014,0	0	617,4	ERA5
1042937	22/12/2022	17	22/12/2022	12	HNE	-5,4	0	-9,1	0	75,0	0	24,0	0	80,0	0	1013,0	0	706,0	ERA5
1042938	22/12/2022	18	22/12/2022	13	HNE	-4,6	0	-8,5	0	75,0	0	28,0	0	70,0	0	1011,0	0	888,2	ERA5
1042939	22/12/2022	19	22/12/2022	14	HNE	-4,5	0	-8,2	0	75,0	0	25,0	0	80,0	0	1010,0	0	983,5	ERA5
1042940	22/12/2022	20	22/12/2022	15	HNE	-4,6	0	-8,0	0	78,0	0	28,0	0	80,0	0	1009,0	0	512,9	ERA5
1042941	22/12/2022	21	22/12/2022	16	HNE	-4,7	0	-7,8	0	79,0	0	34,0	0	80,0	0	1009,0	0	169,4	ERA5
1042942	22/12/2022	22	22/12/2022	17	HNE	-5,0	0	-7,5	0	83,0	0	30,0	0	80,0	0	1008,0	0	6,7	ERA5
1042943	22/12/2022	23	22/12/2022	18	HNE	-4,9	0	-7,0	0	85,0	0	29,0	0	70,0	0	1007,0	0	0,0	ERA5
1042944	23/12/2022	00	22/12/2022	19	HNE	-4,5	0	-6,5	0	86,0	0	28,0	0	70,0	0	1006,0	0	0,0	ERA5
1042945	23/12/2022	01	22/12/2022	20	HNE	-4,2	0	-5,9	0	89,0	0	21,0	0	70,0	0	1005,0	0	0,0	ERA5
1042946	23/12/2022	02	22/12/2022	21	HNE	-3,8	0	-4,8	0	93,0	0	23,0	0	60,0	0	1003,0	0	0,0	ERA5
1042947	23/12/2022	03	22/12/2022	22	HNE	-3,2	0	-4,2	0	93,0	0	36,0	0	70,0	0	1001,0	0	0,0	ERA5
1042948	23/12/2022	04	22/12/2022	23	HNE	-2,5	0	-3,4	0	93,0	0	32,0	0	70,0	0	999,0	0	0,0	ERA5
1042949	23/12/2022	05	23/12/2022	00	HNE	-1,5	0	-2,1	0	95,0	0	37,0	0	70,0	0	996,0	0	0,0	ERA5
1042950	23/12/2022	06	23/12/2022	01	HNE	-1,3	0	-2,0	0	95,0	0	48,0	0	80,0	0	994,0	0	0,0	ERA5
1042951	23/12/2022	07	23/12/2022	02	HNE	-1,3	0	-2,1	0	94,0	0	47,0	0	80,0	0	990,0	0	0,0	ERA5
1042952	23/12/2022	08	23/12/2022	03	HNE	-0,4	0	-1,4	0	93,0	0	45,0	0	80,0	0	988,0	0	0,0	ERA5
1042953	23/12/2022	09	23/12/2022	04	HNE	-0,3	0	-1,0	0	95,0	0	53,0	0	70,0	0	984,0	0	0,0	ERA5
1042954	23/12/2022	10	23/12/2022	05	HNE	-0,05	4.lineaire	-0,6	0	96,0	0	46,0	0	60,0	0	981,0	0	0,0	ERA5
1042955	23/12/2022	11	23/12/2022	06	HNE	0,2	0	-0,4	0	96,0	0	52,0	0	90,0	0	976,0	0	0,0	ERA5
1042956	23/12/2022	12	23/12/2022	07	HNE	0,5	0	-0,2	0	95,0	0	55,0	0	90,0	0	974,0	0	0,0	ERA5
1042957	23/12/2022	13	23/12/2022	08	HNE	0,8	0	0,2	0	96,0	0	65,0	0	90,0	0	970,0	0	1,3	ERA5
1042958	23/12/2022	14	23/12/2022	09	HNE	1,0	0	0,5	0	97,0	0	52,0	0	80,0	0	968,0	0	40,5	ERA5
1042959	23/12/2022	15	23/12/2022	10	HNE	1,3	0	0,6	0	95,0	0	34,0	0	90,0	0	967,0	0	71,1	ERA5
1042960	23/12/2022	16	23/12/2022	11	HNE	1,8	0	1,2	0	96,0	0	32,0	0	80,0	0	966,0	0	118,1	ERA5
1042961	23/12/2022	17	23/12/2022	12	HNE	2,4	0	2,0	0	97,0	0	26,0	0	80,0	0	964,0	0	171,4	ERA5
1042962	23/12/2022	18	23/12/2022	13	HNE	1,6	0	1,3	0	98,0	0	16,0	0	70,0	0	962,0	0	289,2	ERA5
1042963	23/12/2022	19	23/12/2022	14	HNE	1,8	0	1,4	0	97,0	0	18,0	0	190,0	0	963,0	0	282,6	ERA5
1042964	23/12/2022	20	23/12/2022	15	HNE	-1,2	0	-2,9	0	89,0	0	34,0	0	190,0	0	963,0	0	183,0	ERA5
1042965	23/12/2022	21	23/12/2022	16	HNE	-3,7	0	-4,7	0	93,0	0	29,0	0	200,0	0	963,0	0	68,0	ERA5
1042966	23/12/2022	22	23/12/2022	17	HNE	-5,7	0	-7,1	0	90,0	0	39,0	0	210,0	0	964,0	0	3,7	ERA5
1042967	23/12/2022	23	23/12/2022	18	HNE	-7,2	0	-9,0	0	87,0	0	41,0	0	210,0	0	964,0	0	0,0	ERA5
1042968	24/12/2022	00	23/12/2022	19	HNE	-8,4	0	-11,3	0	80,0	0	45,0	0	220,0	0	965,0	0	0,0	ERA5
1042969	24/12/2022	01	23/12/2022	20	HNE	-9,5	0	-11,7	0	84,0	0	43,0	0	220,0	0	965,0	0	0,0	ERA5
1042970	24/12/2022	02	23/12/2022	21	HNE	-10,1	0	-12,6	0	82,0	0	46,0	0	220,0	0	966,0	0	0,0	ERA5
1042971	24/12/2022	03	23/12/2022	22	HNE	-10,4	0	-12,7	0	84,0	0	40,0	0	220,0	0	966,0	0	0,0	ERA5
1042972	24/12/2022	04	23/12/2022	23	HNE	-10,3	0	-12,7	0	83,0	0	39,0	0	210,0	0	967,0	0	0,0	ERA5
1042973	24/12/2022	05	24/12/2022	00	HNE	-10,3	0	-12,7	0	83,0	0	36,0	0	210,0	0	967,0	0	0,0	ERA5
1042974	24/12/2022	06	24/12/2022	01	HNE	-10,3	0	-12,7	0	83,0	0	37,0	0	220,0	0	968,0	0	0,0	ERA5
1042975	24/12/2022	07	24/12/2022	02	HNE	-10,4	0	-12,6	0	84,0	0	36,0	0	220,0	0	969,0	0	0,0	ERA5
1042976	24/12/2022	08	24/12/2022	03	HNE	-10,5	0	-12,8	0	84,0	0	41,0	0	210,0	0	970,0	0	0,0	ERA5
1042977	24/12/2022	09	24/12/2022	04	HNE	-10,5	0	-13,8	0	77,0	0	45,0	0	210,0	0	971,0	0	0,0	ERA5
1042978	24/12/2022	10	24/12/2022	05	HNE	-10,1	0	-14,0	0	73,0	0	44,0	0	210,0	0	971,0	0	0,0	ERA5
1042979	24/12/2022	11	24/12/2022	06	HNE	-10,1	0	-14,6	0	70,0	0	50,0	0	220,0	0	972,0	0	0,0	ERA5
1042980	24/12/2022	12	24/12/2022	07	HNE	-9,7	0	-14,0	0	71,0	0	39,0	0	210,0	0	973,0	0	0,0	ERA5
1042981	24/12/2022	13	24/12/2022	08	HNE	-9,4	0	-13,4	0	73,0	0	42,0	0	210,0	0	974,0	0	4,7	ERA5
1042982	24/12/2022	14	24/12/2022	09	HNE	-9,0	0	-13,6	0	69,0	0	44,0	0	210,0	0	975,0	0	181,2	ERA5
1042983	24/12/2022	15	24/12/2022	10	HNE	-8,8	0	-11,7	0	80,0	0	32,0	0	190,0	0	975,0	0	456,6	ERA5
1042984	24/12/2022	16	24/12/2022	11	HNE	-8,6	0	-11,1	0	82,0	0	37,0	0	190,0	0	976,0	0	581,0	ERA5
1042985	24/12/2022	17	24/12/2022	12	HNE	-9,2	0	-11,2	0	86,0	0	35,0	0	200,0	0	976,0	0	594,0	ERA5
1042986	24/12/2022	18	24/12/2022	13	HNE	-8,5	0	-11,1	0	81,0	0	32,0	0	200,0	0	976,0	0	603,8	ERA5
1042987	24/12/2022	19	24/12/2022	14	HNE	-8,3	0	-10,9	0	82,0	0	34,0	0	210,0	0	977,0	0	484,3	ERA5
1042988	24/12/2022	20	24/12/2022	15	HNE	-8,1	0	-10,5	0	83,0	0	35,0	0	200,0	0	977,0	0	324,0	ERA5
1042989	24/12/2022	21	24/12/2022	16	HNE	-7,8	0	-10,2	0	83,0	0	36,0	0	200,0	0	978,0	0	187,4	ERA5
1042990	24/12/2022	22	24/12/2022	17	HNE	-7,6	0	-10,2	0	82,0	0	41,0	0	200,0	0	978,0	0	9,3	ERA5
1042991	24/12/2022	23	24/12/2022	18	HNE	-7,4	0	-10,6	0	78,0	0	33,0	0	210,0	0	979,0	0	0,0	ERA5
1042992	25/12/2022	00	24/12/2022	19	HNE	-7,5	0	-11,9	0	71,0	0	43,0	0	220,0	0	979,0	0	0,0	ERA5
1042993	25/12/2022	01	24/12/2022	20	HNE	-7,5	0	-11,9	0	71,0	0	33,0	0	220,0	0	980,0	0	0,0	ERA5
1042994	25/12/2022	02	24/12/2022	21	HNE	-7,3	0	-12,0	0	69,0	0	46,0	0	220,0	0	980,0	0	0,0	ERA5
1042995	25/12/2022	03	24/12/2022	22	HNE	-7,5	0	-11,4	0	74,0	0	32,0	0	220,0	0	980,0	0	0,0	ERA5
1042996	25/12/2022	04	24/12/2022	23	HNE	-7,8	0	-11,2	0	76,0	0	36,0	0	210,0	0	981,0	0	0,0	ERA5
1042997	25/12/2022	05	25/12/2022	00	HNE	-7,7	0	-11,0	0	77,0	0	24,0	0	220,0	0	981,0	0	0,0	ERA5
1042998	25/12/2022	06	25/12/2022	01	HNE	-7,3	0	-11,7	0	71,0	0	34,0	0	220,0	0	981,0	0	0,0	ERA5
1042999	25/12/2022	07	25/12/2022	02	HNE	-7,6	0	-10,2	0	82,0	0	23,0	0	220,0	0	981,0	0	0,0	ERA5
1043000	25/12/2022	08	25/12/2022	03	HNE	-7,1	0	-11,5	0	71,0	0	35,0	0	210,0	0	981,0	0	0,0	ERA5
1043001	25/12/2022	09	25/12/2022	04	HNE	-7,2	0	-11,3	0	73,0	0	31,0	0	210,0	0	981,0	0	0,0	ERA5
1043002	25/12/2022	10	25/12/2022	05	HNE	-6,8	0	-11,9	0	67,0	0	34,0	0	220,0	0	982,0	0	0,0	ERA5
1043003	25/12/2022	11	25/12/2022	06	HNE	-7,2	0	-11,5	0	72,0	0	32,0	0	230,0	0	982,0	0	0,0	ERA5
1043004	25/12/2022	12	25/12/2022	07	HNE	-7,4	0	-11,5	0	73,0	0	27,0	0	220,0	0	983,0	0	0,0	ERA5
1043005	25/12/2022	13	25/12/2022	08	HNE	-7,3	0	-11,5	0	73,0	0	23,0	0	220,0	0	984,0	0	4,4	ERA5
1043006	25/12/2022	14	25/12/2022	09	HNE	-6,9	0	-11,2	0	71,0	0	26,0	0	230,0	0	984,0	0	176,6	ERA5
1043007	25/12/2022	15	25/12/2022	10	HNE	-6,2	0	-10,6	0	71,0	0	32,0	0	230,0	0	985,0	0	603,1	ERA5
1043008	25/12/2022	16	25/12/2022	11	HNE	-6,1	0	-9,6	0	76,0	0	26,0	0	240,0	0	986,0	0	798,7	ERA5
1043009	25/12/2022	17	25/12/2022	12	HNE	-5,9	0	-8,6	0	82,0	0	19,0	0	270,0	0	986,0	0	797,0	ERA5
1043010	25/12/2022	18	25/12/2022	13	HNE	-5,2	0	-11,2	0	63,0	0	28,0	0	260,0	0	986,0	0	951,0	ERA5
1043011	25/12/2022	19	25/12/2022	14	HNE	-5,1	0	-11,9	0	59,0	0	30,0	0	260,0	0	987,0	0	807,1	ERA5
1043012	25/12/2022	20	25/12/2022	15	HNE	-5,1	0	-11,5	0	61,0	0	25,0	0	260,0	0	988,0	0	519,3	ERA5
1043013	25/12/2022	21	25/12/2022	16	HNE	-4,8	0	-11,2	0	61,0	0	28,0	0	240,0	0	989,0	0	280,3	ERA5
1043014	25/12/2022	22	25/12/2022	17	HNE	-5,7	0	-9,6	0	74,0	0	19,0	0	240,0	0	990,0	0	14,2	ERA5
1043015	25/12/2022	23	25/12/2022	18	HNE	-5,5	0	-8,3	0	81,0	0	26,0	0	240,0	0	990,0	0	0,0	ERA5
1043016	26/12/2022	00	25/12/2022	19	HNE	-6,2	0	-8,9	0	82,0	0	16,0	0	240,0	0	991,0	0	0,0	ERA5
1043017	26/12/2022	01	25/12/2022	20	HNE	-5,6	0	-8,7	0	79,0	0	21,0	0	240,0	0	992,0	0	0,0	ERA5
1043018	26/12/2022	02	25/12/2022	21	HNE	-5,9	0	-8,0	0	85,0	0	19,0	0	250,0	0	992,0	0	0,0	ERA5
1043019	26/12/2022	03	25/12/2022	22	HNE	-6,2	0	-8,6	0	83,0	0	16,0	0	270,0	0	993,0	0	0,0	ERA5
1043020	26/12/2022	04	25/12/2022	23	HNE	-7,9	0	-11,2	0	77,0	0	21,0	0	290,0	0	995,0	0	0,0	ERA5
1043021	26/12/2022	05	26/12/2022	00	HNE	-8,5	0	-12,2	0	75,0	0	7,0	0	250,0	0	995,0	0	0,0	ERA5
1043022	26/12/2022	06	26/12/2022	01	HNE	-8,8	0	-12,4	0	75,0	0	13,0	0	270,0	0	996,0	0	0,0	ERA5
1043023	26/12/2022	07	26/12/2022	02	HNE	-8,7	0	-11,5	0	80,0	0	10,0	0	240,0	0	997,0	0	0,0	ERA5
1043024	26/12/2022	08	26/12/2022	03	HNE	-8,5	0	-11,7	0	78,0	0	9,0	0	250,0	0	998,0	0	0,0	ERA5
1043025	26/12/2022	09	26/12/2022	04	HNE	-8,8	0	-11,6	0	80,0	0	10,0	0	250,0	0	998,0	0	0,0	ERA5
1043026	26/12/2022	10	26/12/2022	05	HNE	-9,7	0	-11,8	0	84,0	0	5,0	0	230,0	0	999,0	0	0,0	ERA5
1043027	26/12/2022	11	26/12/2022	06	HNE	-8,8	0	-11,8	0	80,0	0	16,0	0	290,0	0	1000,0	0	0,0	ERA5
1043028	26/12/2022	12	26/12/2022	07	HNE	-9,5	0	-11,7	0	84,0	0	12,0	0	300,0	0	1001,0	0	0,0	ERA5
1043029	26/12/2022	13	26/12/2022	08	HNE	-9,9	0	-12,8	0	80,0	0	12,0	0	280,0	0	1002,0	0	6,5	ERA5
1043030	26/12/2022	14	26/12/2022	09	HNE	-9,7	0	-12,6	0	80,0	0	10,0	0	300,0	0	1002,0	0	270,7	ERA5
1043031	26/12/2022	15	26/12/2022	10	HNE	-9,3	0	-12,3	0	79,0	0	7,0	0	320,0	0	1003,0	0	695,7	ERA5
1043032	26/12/2022	16	26/12/2022	11	HNE	-8,8	0	-11,7	0	79,0	0	5,0	0	240,0	0	1003,0	0	930,7	ERA5
1043033	26/12/2022	17	26/12/2022	12	HNE	-8,1	0	-10,6	0	82,0	0	2,0	0	0,0	0	1003,0	0	887,9	ERA5
1043034	26/12/2022	18	26/12/2022	13	HNE	-4,9	0	-8,3	0	77,0	0	17,0	0	220,0	0	1002,0	0	1138,6	ERA5
1043035	26/12/2022	19	26/12/2022	14	HNE	-4,6	0	-8,9	0	72,0	0	16,0	0	220,0	0	1002,0	0	748,9	ERA5
1043036	26/12/2022	20	26/12/2022	15	HNE	-3,9	0	-9,1	0	67,0	0	14,0	0	240,0	0	1002,0	0	537,5	ERA5
1043037	26/12/2022	21	26/12/2022	16	HNE	-3,8	0	-9,3	0	66,0	0	12,0	0	220,0	0	1002,0	0	266,6	ERA5
1043038	26/12/2022	22	26/12/2022	17	HNE	-4,3	0	-9,4	0	68,0	0	15,0	0	220,0	0	1002,0	0	14,6	ERA5
1043039	26/12/2022	23	26/12/2022	18	HNE	-4,8	0	-9,6	0	69,0	0	17,0	0	220,0	0	1003,0	0	0,0	ERA5
1043040	27/12/2022	00	26/12/2022	19	HNE	-5,2	0	-9,8	0	71,0	0	18,0	0	210,0	0	1003,0	0	0,0	ERA5
1043041	27/12/2022	01	26/12/2022	20	HNE	-5,7	0	-10,2	0	70,0	0	20,0	0	210,0	0	1003,0	0	0,0	ERA5
1043042	27/12/2022	02	26/12/2022	21	HNE	-5,9	0	-10,3	0	71,0	0	14,0	0	220,0	0	1003,0	0	0,0	ERA5
1043043	27/12/2022	03	26/12/2022	22	HNE	-6,1	0	-10,3	0	72,0	0	18,0	0	230,0	0	1004,0	0	0,0	ERA5
1043044	27/12/2022	04	26/12/2022	23	HNE	-6,2	0	-10,3	0	73,0	0	14,0	0	230,0	0	1004,0	0	0,0	ERA5
1043045	27/12/2022	05	27/12/2022	00	HNE	-6,3	0	-10,2	0	74,0	0	14,0	0	230,0	0	1003,0	0	0,0	ERA5
1043046	27/12/2022	06	27/12/2022	01	HNE	-6,8	0	-8,7	0	87,0	0	16,0	0	240,0	0	1003,0	0	0,0	ERA5
1043047	27/12/2022	07	27/12/2022	02	HNE	-7,0	0	-8,4	0	89,0	0	11,0	0	220,0	0	1003,0	0	0,0	ERA5
1043048	27/12/2022	08	27/12/2022	03	HNE	-7,2	0	-8,7	0	89,0	0	17,0	0	290,0	0	1004,0	0	0,0	ERA5
1043049	27/12/2022	09	27/12/2022	04	HNE	-7,8	0	-9,7	0	87,0	0	18,0	0	280,0	0	1004,0	0	0,0	ERA5
1043050	27/12/2022	10	27/12/2022	05	HNE	-8,5	0	-11,1	0	82,0	0	20,0	0	300,0	0	1005,0	0	0,0	ERA5
1043051	27/12/2022	11	27/12/2022	06	HNE	-9,0	0	-12,1	0	79,0	0	26,0	0	300,0	0	1006,0	0	0,0	ERA5
1043052	27/12/2022	12	27/12/2022	07	HNE	-9,8	0	-12,1	0	84,0	0	19,0	0	280,0	0	1007,0	0	0,0	ERA5
1043053	27/12/2022	13	27/12/2022	08	HNE	-10,0	0	-11,5	0	88,0	0	9,0	0	260,0	0	1007,0	0	3,8	ERA5
1043054	27/12/2022	14	27/12/2022	09	HNE	-10,1	0	-12,5	0	83,0	0	11,0	0	240,0	0	1007,0	0	164,4	ERA5
1043055	27/12/2022	15	27/12/2022	10	HNE	-9,7	0	-12,2	0	83,0	0	7,0	0	260,0	0	1008,0	0	461,3	ERA5
1043056	27/12/2022	16	27/12/2022	11	HNE	-8,3	0	-11,0	0	81,0	0	9,0	0	230,0	0	1007,0	0	764,6	ERA5
1043057	27/12/2022	17	27/12/2022	12	HNE	-7,1	0	-10,1	0	79,0	0	5,0	0	220,0	0	1007,0	0	1051,6	ERA5
1043058	27/12/2022	18	27/12/2022	13	HNE	-5,7	0	-9,6	0	74,0	0	11,0	0	220,0	0	1007,0	0	1014,2	ERA5
1043059	27/12/2022	19	27/12/2022	14	HNE	-5,3	0	-9,3	0	74,0	0	4,0	0	240,0	0	1006,0	0	1076,4	ERA5
1043060	27/12/2022	20	27/12/2022	15	HNE	-4,5	0	-9,3	0	69,0	0	6,0	0	190,0	0	1006,0	0	694,8	ERA5
1043061	27/12/2022	21	27/12/2022	16	HNE	-4,1	0	-9,1	0	68,0	0	6,0	0	180,0	0	1007,0	0	266,8	ERA5
1043062	27/12/2022	22	27/12/2022	17	HNE	-4,2	0	-8,8	0	71,0	0	6,0	0	180,0	0	1007,0	0	12,6	ERA5
1043063	27/12/2022	23	27/12/2022	18	HNE	-4,6	0	-8,8	0	73,0	0	10,0	0	170,0	0	1007,0	0	0,0	ERA5
1043064	28/12/2022	00	27/12/2022	19	HNE	-4,4	0	-8,5	0	73,0	0	9,0	0	180,0	0	1007,0	0	0,0	ERA5
1043065	28/12/2022	01	27/12/2022	20	HNE	-4,7	0	-8,3	0	76,0	0	9,0	0	170,0	0	1007,0	0	0,0	ERA5
1043066	28/12/2022	02	27/12/2022	21	HNE	-4,8	0	-8,0	0	78,0	0	7,0	0	190,0	0	1007,0	0	0,0	ERA5
1043067	28/12/2022	03	27/12/2022	22	HNE	-5,4	0	-8,2	0	81,0	0	8,0	0	170,0	0	1007,0	0	0,0	ERA5
1043068	28/12/2022	04	27/12/2022	23	HNE	-5,2	0	-8,3	0	79,0	0	13,0	0	200,0	0	1007,0	0	0,0	ERA5
1043069	28/12/2022	05	28/12/2022	00	HNE	-4,7	0	-8,5	0	75,0	0	10,0	0	190,0	0	1007,0	0	0,0	ERA5
1043070	28/12/2022	06	28/12/2022	01	HNE	-5,0	0	-6,9	0	86,0	0	10,0	0	180,0	0	1007,0	0	0,0	ERA5
1043071	28/12/2022	07	28/12/2022	02	HNE	-5,3	0	-6,1	0	94,0	0	5,0	0	130,0	0	1006,0	0	0,0	ERA5
1043072	28/12/2022	08	28/12/2022	03	HNE	-4,8	0	-5,6	0	94,0	0	12,0	0	150,0	0	1006,0	0	0,0	ERA5
1043073	28/12/2022	09	28/12/2022	04	HNE	-4,3	0	-5,2	0	94,0	0	14,0	0	160,0	0	1006,0	0	0,0	ERA5
1043074	28/12/2022	10	28/12/2022	05	HNE	-4,2	0	-5,0	0	94,0	0	16,0	0	160,0	0	1005,0	0	0,0	ERA5
1043075	28/12/2022	11	28/12/2022	06	HNE	-4,1	0	-4,8	0	95,0	0	20,0	0	150,0	0	1005,0	0	0,0	ERA5
1043076	28/12/2022	12	28/12/2022	07	HNE	-3,9	0	-4,7	0	94,0	0	16,0	0	160,0	0	1005,0	0	0,0	ERA5
1043077	28/12/2022	13	28/12/2022	08	HNE	-3,7	0	-4,4	0	95,0	0	16,0	0	160,0	0	1004,0	0	1,2	ERA5
1043078	28/12/2022	14	28/12/2022	09	HNE	-3,2	0	-4,0	0	95,0	0	14,0	0	150,0	0	1004,0	0	41,8	ERA5
1043079	28/12/2022	15	28/12/2022	10	HNE	-2,6	0	-3,4	0	94,0	0	17,0	0	160,0	0	1004,0	0	118,6	ERA5
1043080	28/12/2022	16	28/12/2022	11	HNE	-1,8	0	-2,6	0	94,0	0	12,0	0	190,0	0	1004,0	0	244,8	ERA5
1043081	28/12/2022	17	28/12/2022	12	HNE	-1,0	0	-1,7	0	95,0	0	13,0	0	180,0	0	1004,0	0	329,2	ERA5
1043082	28/12/2022	18	28/12/2022	13	HNE	-0,6	0	-1,3	0	95,0	0	13,0	0	190,0	0	1004,0	0	420,9	ERA5
1043083	28/12/2022	19	28/12/2022	14	HNE	-0,2	0	-1,0	0	95,0	0	13,0	0	180,0	0	1004,0	0	313,5	ERA5
1043084	28/12/2022	20	28/12/2022	15	HNE	-0,05	4.lineaire	-0,6	0	96,0	0	10,0	0	200,0	0	1005,0	0	170,4	ERA5
1043085	28/12/2022	21	28/12/2022	16	HNE	0,1	0	-0,4	0	96,0	0	9,0	0	190,0	0	1005,0	0	93,4	ERA5
1043086	28/12/2022	22	28/12/2022	17	HNE	-0,1	0	-0,9	0	95,0	0	9,0	0	170,0	0	1005,0	0	6,1	ERA5
1043087	28/12/2022	23	28/12/2022	18	HNE	-0,45	4.lineaire	-0,8	0	94,0	0	7,0	0	170,0	0	1006,0	0	0,0	ERA5
1043088	29/12/2022	00	28/12/2022	19	HNE	-0,8	0	-1,5	0	95,0	0	8,0	0	150,0	0	1006,0	0	0,0	ERA5
1043089	29/12/2022	01	28/12/2022	20	HNE	-1,6	0	-2,2	0	96,0	0	8,0	0	140,0	0	1006,0	0	0,0	ERA5
1043090	29/12/2022	02	28/12/2022	21	HNE	-0,8	0	-1,7	0	94,0	0	9,0	0	140,0	0	1005,0	0	0,0	ERA5
1043091	29/12/2022	03	28/12/2022	22	HNE	-0,3	0	-2,0	0	88,0	0	5,0	0	160,0	0	1006,0	0	0,0	ERA5
1043092	29/12/2022	04	28/12/2022	23	HNE	-0,4	0	-2,5	0	86,0	0	10,0	0	150,0	0	1005,0	0	0,0	ERA5
1043093	29/12/2022	05	29/12/2022	00	HNE	-1,6	0	-2,8	0	91,0	0	8,0	0	100,0	0	1005,0	0	0,0	ERA5
1043094	29/12/2022	06	29/12/2022	01	HNE	-1,3	0	-3,2	0	87,0	0	10,0	0	150,0	0	1005,0	0	0,0	ERA5
1043095	29/12/2022	07	29/12/2022	02	HNE	-0,2	0	-2,9	0	82,0	0	9,0	0	160,0	0	1005,0	0	0,0	ERA5
1043096	29/12/2022	08	29/12/2022	03	HNE	-0,8	0	-3,0	0	84,0	0	9,0	0	150,0	0	1005,0	0	0,0	ERA5
1043097	29/12/2022	09	29/12/2022	04	HNE	-0,8	0	-3,3	0	83,0	0	9,0	0	150,0	0	1005,0	0	0,0	ERA5
1043098	29/12/2022	10	29/12/2022	05	HNE	-4,2	0	-5,0	0	94,0	0	10,0	0	90,0	0	1005,0	0	0,0	ERA5
1043099	29/12/2022	11	29/12/2022	06	HNE	-3,2	0	-4,0	0	95,0	0	10,0	0	70,0	0	1005,0	0	0,0	ERA5
1043100	29/12/2022	12	29/12/2022	07	HNE	-3,1	0	-4,2	0	92,0	0	13,0	0	50,0	0	1005,0	0	0,0	ERA5
1043101	29/12/2022	13	29/12/2022	08	HNE	-3,9	0	-5,0	0	92,0	0	8,0	0	100,0	0	1005,0	0	2,4	ERA5
1043102	29/12/2022	14	29/12/2022	09	HNE	-3,4	0	-4,4	0	92,0	0	9,0	0	80,0	0	1005,0	0	100,6	ERA5
1043103	29/12/2022	15	29/12/2022	10	HNE	-0,6	0	-3,0	0	84,0	0	7,0	0	90,0	0	1004,0	0	343,9	ERA5
1043104	29/12/2022	16	29/12/2022	11	HNE	4,0	0	-1,7	0	66,0	0	14,0	0	200,0	0	1004,0	0	1004,2	ERA5
1043105	29/12/2022	17	29/12/2022	12	HNE	4,4	0	-1,3	0	66,0	0	17,0	0	190,0	0	1003,0	0	1223,7	ERA5
1043106	29/12/2022	18	29/12/2022	13	HNE	6,0	0	-1,1	0	61,0	0	15,0	0	190,0	0	1003,0	0	1246,8	ERA5
1043107	29/12/2022	19	29/12/2022	14	HNE	6,9	0	-0,4	0	59,0	0	14,0	0	190,0	0	1003,0	0	1051,7	ERA5
1043108	29/12/2022	20	29/12/2022	15	HNE	6,9	0	-0,2	0	60,0	0	16,0	0	200,0	0	1003,0	0	731,3	ERA5
1043109	29/12/2022	21	29/12/2022	16	HNE	6,1	0	0,1	4.lineaire	65,0	0	11,0	0	190,0	0	1003,0	0	311,7	ERA5
1043110	29/12/2022	22	29/12/2022	17	HNE	5,7	0	0,4	0	69,0	0	12,0	0	190,0	0	1004,0	0	18,1	ERA5
1043111	29/12/2022	23	29/12/2022	18	HNE	5,9	0	1,0	0	71,0	0	19,0	0	190,0	0	1004,0	0	0,0	ERA5
1043112	30/12/2022	00	29/12/2022	19	HNE	5,6	0	1,9	0	77,0	0	18,0	0	200,0	0	1004,0	0	0,0	ERA5
1043113	30/12/2022	01	29/12/2022	20	HNE	5,7	0	3,4	0	85,0	0	17,0	0	200,0	0	1005,0	0	0,0	ERA5
1043114	30/12/2022	02	29/12/2022	21	HNE	6,1	0	3,8	0	85,0	0	26,0	0	190,0	0	1004,0	0	0,0	ERA5
1043115	30/12/2022	03	29/12/2022	22	HNE	5,8	0	4,3	0	90,0	0	15,0	0	200,0	0	1005,0	0	0,0	ERA5
1043116	30/12/2022	04	29/12/2022	23	HNE	5,5	0	4,4	0	93,0	0	8,0	0	200,0	0	1005,0	0	0,0	ERA5
1043117	30/12/2022	05	30/12/2022	00	HNE	5,8	0	5,1	0	96,0	0	13,0	0	210,0	0	1005,0	0	0,0	ERA5
1043118	30/12/2022	06	30/12/2022	01	HNE	5,7	0	5,3	0	97,0	0	10,0	0	210,0	0	1005,0	0	0,0	ERA5
1043119	30/12/2022	07	30/12/2022	02	HNE	5,8	0	5,6	0	98,0	0	14,0	0	200,0	0	1005,0	0	0,0	ERA5
1043120	30/12/2022	08	30/12/2022	03	HNE	5,8	0	5,6	0	99,0	0	14,0	0	200,0	0	1005,0	0	0,0	ERA5
1043121	30/12/2022	09	30/12/2022	04	HNE	6,2	0	5,8	0	98,0	0	16,0	0	190,0	0	1005,0	0	0,0	ERA5
1043122	30/12/2022	10	30/12/2022	05	HNE	6,1	0	5,2	0	94,0	0	3,0	0	220,0	0	1005,0	0	0,0	ERA5
1043123	30/12/2022	11	30/12/2022	06	HNE	6,5	0	4,9	0	89,0	0	18,0	0	210,0	0	1004,0	0	0,0	ERA5
1043124	30/12/2022	12	30/12/2022	07	HNE	6,4	0	4,6	0	89,0	0	14,0	0	200,0	0	1004,0	0	0,0	ERA5
1043125	30/12/2022	13	30/12/2022	08	HNE	6,2	0	4,8	0	91,0	0	10,0	0	180,0	0	1004,0	0	2,4	ERA5
1043126	30/12/2022	14	30/12/2022	09	HNE	6,7	0	5,1	0	89,0	0	15,0	0	160,0	0	1004,0	0	82,6	ERA5
1043127	30/12/2022	15	30/12/2022	10	HNE	7,2	0	5,1	0	87,0	0	13,0	0	170,0	0	1004,0	0	190,0	ERA5
1043128	30/12/2022	16	30/12/2022	11	HNE	7,2	0	5,0	0	86,0	0	13,0	0	170,0	0	1003,0	0	295,9	ERA5
1043129	30/12/2022	17	30/12/2022	12	HNE	7,5	0	4,6	0	82,0	0	7,0	0	190,0	0	1002,0	0	408,7	ERA5
1043130	30/12/2022	18	30/12/2022	13	HNE	9,2	0	5,7	0	78,0	0	11,0	0	200,0	0	1002,0	0	568,2	ERA5
1043131	30/12/2022	19	30/12/2022	14	HNE	9,5	0	6,2	0	80,0	0	16,0	0	190,0	0	1001,0	0	652,6	ERA5
1043132	30/12/2022	20	30/12/2022	15	HNE	8,4	0	6,0	0	85,0	0	9,0	0	230,0	0	1001,0	0	306,0	ERA5
1043133	30/12/2022	21	30/12/2022	16	HNE	8,2	0	6,1	0	87,0	0	17,0	0	200,0	0	1001,0	0	46,3	ERA5
1043134	30/12/2022	22	30/12/2022	17	HNE	7,9	0	6,2	0	89,0	0	18,0	0	190,0	0	1001,0	0	3,7	ERA5
1043135	30/12/2022	23	30/12/2022	18	HNE	7,7	0	6,6	0	93,0	0	19,0	0	200,0	0	1000,0	0	0,0	ERA5
1043136	31/12/2022	00	30/12/2022	19	HNE	7,4	0	6,5	0	94,0	0	17,0	0	200,0	0	1001,0	0	0,0	ERA5
1043137	31/12/2022	01	30/12/2022	20	HNE	7,7	0	6,8	0	94,0	0	21,0	0	200,0	0	1001,0	0	0,0	ERA5
1043138	31/12/2022	02	30/12/2022	21	HNE	7,9	0	7,4	0	97,0	0	20,0	0	220,0	0	1001,0	0	0,0	ERA5
1043139	31/12/2022	03	30/12/2022	22	HNE	7,3	0	7,2	0	99,0	0	13,0	0	220,0	0	1001,0	0	0,0	ERA5
1043140	31/12/2022	04	30/12/2022	23	HNE	7,2	0	7,2	0	99,0	0	9,0	0	190,0	0	1001,0	0	0,0	ERA5
1043141	31/12/2022	05	31/12/2022	00	HNE	6,9	0	6,9	0	100,0	0	7,0	0	200,0	0	1001,0	0	0,0	ERA5
1043142	31/12/2022	06	31/12/2022	01	HNE	6,9	0	6,9	0	100,0	0	11,0	0	190,0	0	1001,0	0	0,0	ERA5
1043143	31/12/2022	07	31/12/2022	02	HNE	6,8	0	6,8	0	100,0	0	9,0	0	180,0	0	1001,0	0	0,0	ERA5
1043144	31/12/2022	08	31/12/2022	03	HNE	6,4	0	6,4	0	100,0	0	11,0	0	180,0	0	1001,0	0	0,0	ERA5
1043145	31/12/2022	09	31/12/2022	04	HNE	6,6	0	6,6	0	100,0	0	10,0	0	190,0	0	1001,0	0	0,0	ERA5
1043146	31/12/2022	10	31/12/2022	05	HNE	6,2	0	6,2	0	100,0	0	8,0	0	190,0	0	1000,0	0	0,0	ERA5
1043147	31/12/2022	11	31/12/2022	06	HNE	6,4	0	6,4	0	100,0	0	10,0	0	190,0	0	1000,0	0	0,0	ERA5
1043148	31/12/2022	12	31/12/2022	07	HNE	6,2	0	6,2	0	100,0	0	8,0	0	190,0	0	1000,0	0	0,0	ERA5
1043149	31/12/2022	13	31/12/2022	08	HNE	4,2	0	4,2	0	100,0	0	5,0	0	160,0	0	999,0	0	0,5	ERA5
1043150	31/12/2022	14	31/12/2022	09	HNE	5,3	0	5,3	0	100,0	0	5,0	0	190,0	0	999,0	0	28,2	ERA5
1043151	31/12/2022	15	31/12/2022	10	HNE	4,9	0	4,9	0	100,0	0	10,0	0	140,0	0	999,0	0	91,7	ERA5
1043152	31/12/2022	16	31/12/2022	11	HNE	5,8	0	5,8	0	100,0	0	7,0	0	160,0	0	999,0	0	117,0	ERA5
1043153	31/12/2022	17	31/12/2022	12	HNE	6,7	0	6,7	0	100,0	0	7,0	0	190,0	0	998,0	0	132,0	ERA5
1043154	31/12/2022	18	31/12/2022	13	HNE	6,2	0	6,2	0	100,0	0	3,0	0	230,0	0	996,0	0	158,7	ERA5
1043155	31/12/2022	19	31/12/2022	14	HNE	5,0	0	5,0	0	100,0	0	12,0	0	100,0	0	995,0	0	170,3	ERA5
1043156	31/12/2022	20	31/12/2022	15	HNE	5,6	0	5,6	0	100,0	0	7,0	0	160,0	0	995,0	0	64,7	ERA5
1043157	31/12/2022	21	31/12/2022	16	HNE	4,8	0	4,8	0	100,0	0	8,0	0	90,0	0	994,0	0	16,1	ERA5
1043158	31/12/2022	22	31/12/2022	17	HNE	4,6	0	4,6	0	100,0	0	7,0	0	100,0	0	994,0	0	2,0	ERA5
1043159	31/12/2022	23	31/12/2022	18	HNE	4,1	0	4,1	0	100,0	0	8,0	0	90,0	0	993,0	0	0,0	ERA5
1043160	01/01/2023	00	31/12/2022	19	HNE	4,3	0	4,3	0	100,0	0	8,0	0	90,0	0	993,0	0	0,0	ERA5
1043161	01/01/2023	01	31/12/2022	20	HNE	4,6	0	4,6	0	100,0	0	6,0	0	80,0	0	992,0	0	0,0	ERA5
1043162	01/01/2023	02	31/12/2022	21	HNE	3,7	0	3,7	0	100,0	0	8,0	0	330,0	0	992,0	0	0,0	ERA5
1043163	01/01/2023	03	31/12/2022	22	HNE	3,0	0	3,0	0	100,0	0	12,0	0	330,0	0	992,0	0	0,0	ERA5
1043164	01/01/2023	04	31/12/2022	23	HNE	3,1	0	3,1	0	100,0	0	9,0	0	290,0	0	991,0	0	0,0	ERA5
1043165	01/01/2023	05	01/01/2023	00	HNE	3,0	0	3,0	0	100,0	0	11,0	0	280,0	0	991,0	0	0,0	ERA5
1043166	01/01/2023	06	01/01/2023	01	HNE	3,0	0	3,0	0	100,0	0	10,0	0	260,0	0	992,0	0	0,0	ERA5
1043167	01/01/2023	07	01/01/2023	02	HNE	3,0	0	3,0	0	100,0	0	21,0	0	300,0	0	992,0	0	0,0	ERA5
1043168	01/01/2023	08	01/01/2023	03	HNE	2,6	0	2,6	0	100,0	0	24,0	0	280,0	0	993,0	0	0,0	ERA5
1043169	01/01/2023	09	01/01/2023	04	HNE	2,4	0	2,4	0	100,0	0	23,0	0	280,0	0	993,0	0	0,0	ERA5
1043170	01/01/2023	10	01/01/2023	05	HNE	2,1	0	2,1	0	100,0	0	24,0	0	280,0	0	994,0	0	0,0	ERA5
1043171	01/01/2023	11	01/01/2023	06	HNE	2,0	0	2,0	0	100,0	0	18,0	0	280,0	0	995,0	0	0,0	ERA5
1043172	01/01/2023	12	01/01/2023	07	HNE	2,0	0	1,9	0	99,0	0	20,0	0	280,0	0	996,0	0	0,0	ERA5
1043173	01/01/2023	13	01/01/2023	08	HNE	1,9	0	1,7	0	99,0	0	21,0	0	280,0	0	997,0	0	2,1	ERA5
1043174	01/01/2023	14	01/01/2023	09	HNE	1,6	0	1,2	0	98,0	0	18,0	0	260,0	0	998,0	0	71,3	ERA5
1043175	01/01/2023	15	01/01/2023	10	HNE	1,8	0	1,4	0	97,0	0	17,0	0	290,0	0	998,0	0	234,6	ERA5
1043176	01/01/2023	16	01/01/2023	11	HNE	2,0	0	1,4	0	96,0	0	15,0	0	300,0	0	999,0	0	395,6	ERA5
1043177	01/01/2023	17	01/01/2023	12	HNE	2,4	0	1,2	0	92,0	0	20,0	0	290,0	0	998,0	0	480,0	ERA5
1043178	01/01/2023	18	01/01/2023	13	HNE	2,5	0	0,8	0	89,0	0	17,0	0	260,0	0	998,0	0	469,9	ERA5
1043179	01/01/2023	19	01/01/2023	14	HNE	2,3	0	0,7	0	89,0	0	14,0	0	260,0	0	999,0	0	449,4	ERA5
1043180	01/01/2023	20	01/01/2023	15	HNE	1,7	0	-0,05	4.lineaire	89,0	0	12,0	0	290,0	0	999,0	0	297,9	ERA5
1043181	01/01/2023	21	01/01/2023	16	HNE	1,9	0	-0,8	0	82,0	0	12,0	0	280,0	0	1000,0	0	178,5	ERA5
1043182	01/01/2023	22	01/01/2023	17	HNE	1,2	0	-0,7	0	87,0	0	8,0	0	270,0	0	1000,0	0	10,3	ERA5
1043183	01/01/2023	23	01/01/2023	18	HNE	1,1	0	-0,8	0	87,0	0	8,0	0	290,0	0	1000,0	0	0,0	ERA5
1043184	02/01/2023	00	01/01/2023	19	HNE	0,7	0	-0,8	0	90,0	0	5,0	0	220,0	0	1001,0	0	0,0	ERA5
1043185	02/01/2023	01	01/01/2023	20	HNE	0,5	0	-0,6	0	92,0	0	7,0	0	220,0	0	1001,0	0	0,0	ERA5
1043186	02/01/2023	02	01/01/2023	21	HNE	0,6	0	-0,5	0	92,0	0	7,0	0	210,0	0	1001,0	0	0,0	ERA5
1043187	02/01/2023	03	01/01/2023	22	HNE	0,6	0	-0,3	0	93,0	0	5,0	0	210,0	0	1001,0	0	0,0	ERA5
1043188	02/01/2023	04	01/01/2023	23	HNE	0,3	0	-0,4	0	95,0	0	6,0	0	170,0	0	1001,0	0	0,0	ERA5
1043189	02/01/2023	05	02/01/2023	00	HNE	0,2	0	-0,4	0	96,0	0	8,0	0	190,0	0	1001,0	0	0,0	ERA5
